80 160 320
80 80 80 80 80 80 80 80 80 80 80 80 80 80 80 80 80 80 80 80 80 80 80 80 80 80 80 80 80 80 80 80 80 80 80 80 80 80 80 80 80 80 80 80 80 80 80 80 80 80 80 80 80 80 80 80 80 80 80 80 80 80 80 80 80 80 80 80 80 80 80 80 80 80 80 80 80 80 80 80 
17 24 26 24 11 21 25 13 9 28 11 10 16 27 22 22 15 25 17 20 29 26 28 23 14 12 10 26 19 9 26 10 29 23 29 24 15 14 17 10 12 28 22 13 11 26 28 10 16 17 13 18 22 25 26 18 14 14 26 11 27 17 17 15 12 18 23 24 19 25 29 20 16 14 20 19 22 24 22 24 25 21 26 22 15 17 28 13 15 23 28 18 22 21 16 20 28 23 21 15 10 13 26 28 17 21 10 12 17 16 13 24 12 22 17 27 26 30 16 21 13 30 17 16 11 25 21 24 14 14 11 27 27 11 20 15 21 25 27 16 22 23 25 29 29 30 25 16 13 29 10 14 19 20 16 17 29 19 18 23 17 10 25 30 21 11 18 14 10 29 24 19 26 16 12 28 24 11 25 10 24 25 22 30 10 14 23 10 17 22 23 26 27 15 11 15 10 16 21 25 19 27 21 10 10 15 18 22 16 27 16 16 27 17 25 10 13 13 20 23 15 25 26 23 13 24 26 23 21 23 15 16 28 10 19 17 17 21 21 11 19 19 23 23 14 14 18 16 10 28 15 29 28 19 21 27 21 17 22 28 22 26 16 11 11 30 29 24 23 21 23 29 14 20 21 21 12 14 17 28 27 29 12 29 22 24 14 28 20 15 28 29 12 22 30 26 28 25 17 14 29 29 23 16 13 29 28 28 16 13 13 16 27 19 26 29 17 18 25 28 
484 470 526 511 474 321 153 486 279 389 379 450 350 503 420 353 451 379 74 252 217 262 209 76 351 277 229 390 398 329 261 632 354 348 387 472 283 433 176 654 238 383 305 413 381 113 518 181 203 260 500 369 566 510 171 398 373 317 402 269 181 334 349 317 106 632 580 302 297 341 410 375 440 458 53 571 385 158 250 297 369 474 111 684 198 415 313 606 418 583 438 323 620 282 402 362 174 300 555 300 281 412 517 469 346 510 618 291 115 471 514 274 355 61 12 172 50 282 469 430 404 216 156 386 494 391 484 379 395 304 334 474 527 55 369 407 274 465 56 297 391 237 214 582 105 146 571 224 207 391 480 70 373 397 185 526 387 356 388 99 
312 336 303 333 360 322 178 313 468 157 329 194 541 266 226 485 303 360 336 21 448 299 136 293 474 198 369 271 543 91 49 469 278 515 129 327 110 598 89 448 449 536 318 153 527 244 340 384 220 338 398 205 332 335 235 407 109 241 194 492 192 449 254 298 200 383 374 277 300 365 361 484 313 331 264 328 137 382 312 204 271 246 253 503 358 346 494 360 290 353 228 378 438 252 365 142 289 320 299 464 467 364 303 205 111 248 386 120 378 216 254 18 99 271 255 434 219 378 214 321 309 59 394 464 273 432 255 117 164 184 85 415 332 261 268 316 132 234 212 53 469 214 345 382 237 157 314 245 57 232 319 280 125 134 232 327 214 507 576 241 
449 318 349 238 354 612 514 245 803 316 429 143 787 301 223 693 289 630 666 344 738 610 461 630 793 488 615 493 749 262 365 315 387 746 260 495 318 813 426 459 724 861 615 239 851 536 454 722 462 552 387 280 328 243 566 527 231 514 358 771 455 767 362 452 504 292 415 566 473 520 441 797 509 327 578 295 284 720 630 482 359 143 545 299 693 412 827 293 496 105 359 682 260 547 620 340 622 496 39 795 721 443 371 173 246 186 357 313 707 236 197 324 239 607 584 765 552 697 237 531 537 397 731 630 144 573 320 222 203 340 259 452 421 597 355 375 337 146 536 296 770 525 592 195 533 494 31 563 390 277 270 589 218 205 561 409 412 725 814 579 
383 714 481 727 729 121 232 705 158 408 657 577 633 489 622 657 686 153 296 404 486 103 262 234 80 226 536 273 698 489 357 861 619 643 454 341 486 725 335 552 521 153 109 478 140 412 411 175 484 564 762 589 529 729 173 696 487 213 384 536 453 55 605 601 385 615 496 157 586 639 690 85 302 706 360 552 433 210 85 236 625 644 413 900 121 688 157 588 293 748 405 50 835 170 182 380 136 595 674 118 574 693 460 546 510 560 566 497 309 506 557 416 490 246 298 320 289 25 504 277 250 342 237 693 671 694 463 498 563 542 482 753 440 252 624 669 495 631 330 451 84 188 521 780 403 259 684 153 368 616 708 377 520 512 170 446 334 656 671 218 
274 349 211 308 382 400 311 297 597 113 397 89 677 161 216 608 311 421 486 166 596 398 253 438 581 276 502 291 666 124 162 435 344 646 48 311 195 725 239 356 593 650 402 35 639 389 291 522 345 458 422 236 221 312 359 491 52 303 161 637 324 555 316 389 348 249 289 354 400 462 423 584 315 350 415 205 76 524 418 270 326 182 398 449 487 400 620 230 299 264 176 470 390 334 414 131 416 423 173 586 605 426 223 54 125 100 272 198 528 86 108 144 82 417 405 584 369 485 85 334 336 202 539 570 211 526 164 55 137 259 107 462 267 408 322 363 224 170 363 133 558 314 477 323 382 295 183 352 208 254 313 430 96 45 353 258 211 633 710 382 
545 315 550 371 313 453 259 347 450 404 209 381 296 513 301 240 304 508 228 226 231 402 284 247 518 368 122 475 297 263 275 480 192 268 373 548 195 350 200 694 217 555 440 394 552 58 576 352 47 104 334 242 580 370 306 229 330 416 436 263 57 500 194 146 83 627 619 422 125 173 239 541 524 302 122 574 384 327 397 385 212 372 62 537 367 246 484 605 500 472 472 474 477 397 525 386 330 129 476 471 223 242 549 430 273 482 634 197 257 459 489 245 302 228 175 310 177 441 457 522 502 235 321 239 384 229 502 331 306 173 277 303 574 219 213 244 171 365 136 248 551 347 97 451 66 236 495 351 202 258 335 117 306 347 316 570 443 259 329 248 
315 644 406 652 661 61 165 631 213 327 596 496 616 411 546 625 614 116 281 328 473 21 185 210 162 144 500 203 670 412 278 787 555 620 372 278 414 704 265 489 503 233 44 396 221 367 346 192 428 519 695 516 455 654 111 643 407 136 304 525 395 136 539 544 334 540 428 82 531 588 630 165 239 636 322 476 351 221 22 155 559 565 369 823 132 625 223 513 226 668 328 60 759 89 144 299 101 542 593 184 551 633 387 464 432 479 495 425 305 425 477 338 410 214 261 330 243 69 423 217 189 266 248 652 592 646 386 418 484 474 403 692 371 217 557 604 424 552 283 374 148 108 482 702 357 192 602 76 295 543 635 341 441 431 103 376 257 628 655 174 
752 351 748 433 327 658 467 413 605 603 215 535 183 707 411 64 362 715 374 424 246 603 495 422 695 579 121 686 115 435 481 492 248 130 562 758 364 179 410 894 202 718 644 580 719 251 783 513 226 108 322 356 773 429 507 137 507 627 639 235 257 681 272 182 290 809 820 630 163 116 218 722 735 337 296 763 578 481 596 596 276 491 247 558 544 245 640 790 711 568 675 671 513 605 733 588 522 140 610 636 153 218 749 602 438 656 826 361 384 644 666 440 477 410 358 418 373 631 642 733 713 443 465 43 492 90 699 505 452 306 452 254 778 404 280 273 336 490 334 433 740 556 135 515 261 445 631 556 408 357 392 279 470 519 519 773 651 100 196 443 
411 214 373 211 239 445 287 190 569 242 230 147 524 326 106 444 179 484 400 113 464 419 256 375 589 322 349 388 503 49 172 346 177 488 184 435 43 563 183 521 452 647 441 195 639 261 435 478 191 295 279 83 390 213 346 322 119 365 289 499 180 565 149 219 231 417 450 401 232 292 259 601 427 210 305 374 207 468 431 327 162 148 270 384 462 238 597 399 405 257 317 499 319 375 488 240 397 254 241 571 455 262 381 208 44 263 441 38 440 255 273 106 88 352 320 498 292 494 254 437 429 174 475 401 169 356 324 114 72 89 67 305 419 341 158 204 64 139 269 73 589 336 325 268 258 261 260 364 148 109 196 315 76 126 346 412 323 472 555 335 
661 173 579 113 193 759 607 137 885 500 309 299 698 527 214 584 177 792 695 432 699 738 574 685 910 632 550 675 631 348 484 62 297 648 433 700 354 694 504 705 670 968 756 424 960 531 674 791 436 474 202 256 569 113 667 386 372 670 549 716 447 886 287 363 519 544 652 713 390 407 302 921 703 187 590 538 462 777 751 634 271 206 538 63 781 275 915 542 686 149 563 818 8 689 791 514 717 406 266 890 647 302 597 379 328 416 605 343 731 451 428 421 357 662 622 787 600 815 451 721 719 493 780 499 178 436 540 360 278 319 358 277 646 651 270 253 354 219 569 385 908 653 534 65 533 582 277 683 469 232 146 593 325 354 667 635 598 620 716 652 
132 701 247 679 728 179 322 664 445 267 700 470 821 280 577 805 665 136 503 390 688 235 287 430 353 203 678 101 857 443 324 811 649 814 335 80 482 900 374 271 710 426 196 345 411 536 146 432 563 675 767 572 291 683 304 771 398 157 219 740 530 332 626 663 493 377 230 174 659 723 732 336 64 698 512 324 306 459 260 185 643 561 542 829 372 718 446 353 83 642 212 239 770 191 106 255 328 676 538 407 751 735 223 402 459 387 311 492 534 335 379 387 419 425 459 566 428 294 334 51 68 348 486 809 590 788 257 410 499 556 427 787 183 424 640 688 504 548 459 415 287 235 656 703 526 339 540 252 385 597 676 533 449 414 289 193 170 816 859 376 
502 429 533 474 432 357 177 450 325 392 334 432 322 506 388 313 412 415 107 239 201 300 224 123 397 300 187 413 361 309 260 593 311 314 382 493 256 400 172 667 214 430 342 407 428 66 535 227 159 213 456 334 571 474 206 352 359 343 411 250 140 380 308 271 69 632 592 335 250 294 364 421 464 417 12 573 383 202 291 320 327 447 64 646 245 370 359 608 441 555 447 365 583 313 436 367 217 253 534 346 250 367 526 458 324 503 624 263 143 468 508 261 339 106 53 200 72 326 466 456 432 214 198 342 465 344 490 364 370 268 316 428 541 99 328 364 243 438 46 280 436 265 170 548 60 163 552 258 197 356 442 32 354 382 219 539 402 319 360 138 
189 428 143 392 460 332 281 380 553 33 462 175 704 102 297 647 391 345 474 184 607 339 218 417 522 215 533 210 705 182 148 521 409 679 48 225 246 761 235 291 611 593 337 50 581 406 208 487 381 499 500 308 169 396 319 551 117 233 76 653 355 496 381 445 361 223 219 287 452 516 491 521 230 428 419 165 26 495 362 205 394 268 415 535 445 470 572 199 215 347 91 405 476 271 336 61 374 473 247 536 631 494 149 111 191 119 223 252 515 67 118 166 145 398 397 568 359 428 65 250 254 194 513 620 296 582 94 126 217 317 164 535 188 390 390 434 274 256 363 173 491 260 508 409 398 272 253 300 215 329 396 437 170 125 309 180 129 669 739 356 
691 97 624 110 97 748 578 121 840 522 213 336 596 572 207 478 125 788 633 415 612 718 556 635 880 625 459 686 523 343 475 77 217 544 455 723 325 585 475 760 579 931 743 453 925 464 709 743 367 383 92 223 622 106 638 278 387 668 572 623 386 857 218 274 461 612 700 704 301 306 199 895 721 108 526 595 484 724 727 630 198 241 470 144 741 176 872 605 701 234 592 799 108 678 791 529 683 314 337 850 550 198 638 423 326 469 664 314 666 493 481 409 365 612 567 720 551 788 493 734 728 474 723 390 218 328 580 376 286 270 358 164 685 602 198 166 315 251 516 376 888 637 446 146 468 551 352 663 443 196 108 525 335 376 641 675 615 514 610 611 
312 317 290 306 343 350 215 287 505 148 325 156 564 248 199 502 282 385 372 48 478 331 169 330 509 224 390 284 560 61 75 441 272 536 105 333 103 616 126 436 476 572 347 126 563 271 338 422 236 352 382 187 314 308 271 409 73 265 191 520 211 484 246 301 230 358 363 304 306 371 355 517 324 313 297 306 119 419 346 227 261 212 280 472 396 337 531 337 302 317 222 410 408 280 387 140 326 327 261 500 491 358 292 171 80 217 368 111 414 190 224 26 61 308 291 470 255 412 188 334 325 97 432 474 239 437 240 79 131 178 50 405 326 298 257 305 130 199 246 31 500 245 365 350 265 194 276 278 93 212 296 312 89 97 268 320 220 525 598 279 
552 858 655 881 868 294 385 858 133 585 782 747 672 665 778 724 833 312 364 564 525 278 428 330 96 402 617 446 754 651 524 1012 751 695 628 507 638 768 488 715 568 24 285 652 36 519 578 226 605 662 898 739 703 882 326 804 657 390 561 569 578 122 742 722 504 790 664 334 703 747 814 108 469 848 457 728 608 257 256 413 762 808 517 1055 215 816 98 763 463 915 581 219 990 346 339 556 275 706 847 106 626 817 633 721 672 737 738 649 355 682 734 578 657 350 402 336 408 189 681 443 418 503 273 779 834 793 639 668 725 685 646 878 609 360 761 804 642 796 447 613 158 360 608 940 511 410 857 322 524 765 857 469 686 682 328 616 511 715 706 344 
325 567 398 580 583 122 85 558 229 294 515 440 547 393 475 548 538 181 221 258 409 66 120 148 220 118 422 216 596 345 216 714 475 547 326 299 339 632 188 501 435 283 107 352 273 287 358 171 346 438 616 442 445 582 30 561 350 139 283 461 314 196 460 462 253 525 434 107 450 506 549 232 262 559 246 461 310 189 64 137 480 501 290 753 122 544 249 498 243 607 312 140 688 93 203 264 54 460 541 215 480 551 382 420 365 443 490 350 252 391 442 271 349 145 187 288 164 125 389 246 218 196 213 572 527 565 369 360 418 396 338 611 377 146 478 524 348 488 203 306 225 67 404 635 276 113 552 31 221 468 560 266 378 375 22 380 245 554 586 99 
393 704 488 719 718 131 222 697 141 410 644 574 613 495 614 638 676 168 276 397 465 103 256 216 82 227 518 283 678 483 352 853 607 624 453 352 477 705 326 564 501 150 118 478 139 396 422 155 470 547 750 580 537 720 162 680 484 219 388 516 439 57 593 587 370 622 506 163 572 624 677 94 314 695 342 559 433 190 81 239 614 638 396 892 100 675 144 595 303 744 411 66 827 173 198 382 122 579 672 104 554 680 468 546 504 562 575 488 289 508 560 410 486 228 281 299 273 14 506 289 262 335 217 676 665 678 469 495 557 532 476 740 450 235 612 657 485 626 314 445 102 186 503 773 387 249 683 149 360 606 698 359 515 509 161 456 340 637 651 202 
391 539 453 563 550 196 81 540 212 334 471 451 472 441 462 478 514 255 146 254 333 137 143 72 245 179 354 286 524 342 230 694 436 474 353 369 321 558 174 566 360 294 180 380 288 224 425 129 296 376 581 420 498 564 54 507 363 209 332 385 266 225 425 414 197 574 496 183 398 451 504 265 334 529 176 510 342 134 124 199 445 499 226 738 105 503 240 547 314 607 366 199 673 166 279 304 51 406 555 214 406 507 439 445 362 476 546 331 179 428 477 272 355 69 115 220 100 163 426 320 292 197 153 508 523 506 419 372 415 366 340 568 440 71 444 488 323 487 141 305 272 130 337 625 215 99 568 105 210 446 538 195 381 388 69 442 303 482 511 29 
492 812 594 831 823 234 334 808 122 525 742 691 660 605 727 703 785 253 338 511 512 219 372 295 36 343 591 386 738 598 468 964 709 680 570 447 588 756 438 656 553 40 224 594 25 483 518 199 566 631 854 690 643 832 274 770 601 329 500 558 537 61 698 683 465 729 604 273 665 713 775 51 409 802 424 667 549 234 198 353 718 754 482 1005 174 775 95 703 403 860 521 158 940 287 280 497 225 670 789 79 610 777 572 662 619 677 678 599 337 623 674 525 602 312 365 327 367 131 621 383 358 449 255 753 780 762 579 612 672 639 592 839 549 321 717 761 594 741 407 560 104 303 580 888 475 360 800 265 472 716 809 437 631 625 275 556 450 697 696 300 
348 525 410 543 539 171 47 520 243 292 468 417 502 398 439 500 498 229 185 226 367 116 102 113 257 136 373 245 548 314 194 676 429 500 314 328 300 585 150 523 391 314 156 341 306 237 382 168 297 388 572 402 455 544 20 512 328 169 289 419 265 234 415 414 203 530 453 149 400 457 501 272 294 516 197 467 302 176 112 157 435 471 240 717 133 498 268 504 273 579 322 189 652 130 250 262 64 411 520 239 434 504 396 407 334 435 503 311 220 386 436 242 323 105 140 263 115 166 384 281 254 166 197 522 496 515 375 338 388 353 310 564 397 103 434 479 306 459 153 276 271 88 354 601 226 72 533 71 185 429 521 218 350 354 32 398 260 506 541 55 
397 708 492 723 722 135 226 701 138 415 647 579 614 499 618 640 680 171 277 401 466 108 261 218 77 232 520 287 680 487 357 857 610 625 458 356 481 706 330 567 502 146 122 482 134 399 426 154 473 550 754 584 541 724 166 683 489 223 392 517 442 53 597 590 373 626 510 168 575 627 680 90 317 699 345 563 438 190 86 243 617 643 399 896 101 678 140 599 307 748 415 68 831 177 201 386 125 582 677 101 555 683 472 551 508 567 579 492 289 513 564 414 490 230 283 299 276 19 511 293 265 339 216 678 669 680 473 499 561 535 481 743 454 237 616 661 488 630 317 449 100 190 505 778 389 253 687 153 364 610 702 361 520 513 165 460 344 638 652 205 
538 420 566 471 419 397 216 447 351 423 315 448 283 537 391 273 406 455 123 262 169 340 262 155 430 339 148 452 321 325 290 584 298 275 408 532 266 361 203 701 177 459 382 433 458 52 572 254 148 181 440 335 602 470 246 323 380 383 444 216 137 414 298 251 80 661 627 375 228 266 344 455 502 407 28 603 412 226 330 359 317 455 45 640 278 352 385 637 479 561 481 404 579 352 476 399 254 228 549 376 211 346 560 481 339 527 656 272 151 495 533 284 358 142 90 204 112 363 493 495 471 244 217 306 471 312 521 384 381 267 333 407 576 136 318 350 249 447 82 299 472 305 133 548 52 202 567 298 223 354 436 12 370 402 259 574 438 279 321 177 
664 516 699 579 507 490 333 555 362 558 392 581 184 672 512 233 510 548 153 399 38 429 387 224 469 456 154 570 260 459 426 678 391 201 545 651 397 277 338 831 74 477 473 570 481 179 697 282 258 226 520 452 737 577 345 365 517 495 576 90 260 460 399 330 217 797 757 477 303 314 414 499 619 502 154 739 548 246 412 477 415 581 170 739 328 430 396 773 597 683 613 477 682 458 573 533 334 292 680 400 131 415 692 618 472 665 790 401 142 632 670 421 494 224 192 162 227 426 630 608 582 380 224 304 594 336 656 520 511 384 469 471 705 225 417 439 377 574 211 435 528 415 160 660 183 324 699 398 360 468 541 136 504 538 360 704 565 220 222 273 
102 669 216 646 696 181 305 630 451 233 670 435 804 247 543 784 632 148 493 360 674 233 264 419 367 182 657 73 837 410 294 777 620 795 300 50 451 882 349 255 695 441 197 311 426 515 121 431 538 651 735 539 262 649 292 744 365 139 184 726 505 344 595 635 471 348 206 168 633 697 703 352 30 665 494 293 271 456 259 163 612 527 521 795 372 688 455 324 51 607 178 248 735 180 121 222 322 650 503 415 733 706 192 367 426 353 285 461 525 301 345 356 385 413 444 560 412 300 300 26 54 321 482 785 555 762 223 376 465 526 394 756 156 411 609 657 474 514 440 384 305 220 635 669 505 320 505 241 358 564 643 515 416 379 278 165 136 796 843 363 
143 570 225 556 595 139 195 538 393 165 561 361 693 232 450 670 535 147 392 253 567 165 150 320 337 72 544 42 723 313 187 690 512 683 225 123 345 769 235 319 585 411 148 243 397 402 176 351 424 536 634 439 273 558 194 631 279 46 130 618 390 311 489 523 357 358 252 100 520 584 594 331 92 565 383 295 198 371 192 51 506 445 408 714 297 581 404 331 69 537 148 215 652 95 140 142 235 537 444 365 621 597 206 309 330 312 314 356 427 256 307 251 295 311 336 468 302 250 255 89 74 208 395 671 474 649 206 291 375 419 298 650 195 307 503 551 367 432 328 282 296 118 521 589 391 208 451 150 245 465 548 404 326 299 180 199 77 683 731 260 
592 232 500 148 262 720 588 169 875 441 366 240 753 450 210 645 220 746 703 409 735 707 546 683 885 592 593 620 696 321 451 165 341 705 376 634 347 760 488 617 711 948 719 362 939 549 601 785 460 521 283 266 484 152 646 455 324 626 488 758 464 860 324 410 529 451 570 673 436 466 367 893 643 245 603 451 404 775 722 591 313 164 557 141 767 338 903 452 627 64 497 784 110 651 742 459 699 455 179 874 696 368 520 307 300 336 516 339 742 378 347 394 318 659 626 800 599 789 378 662 664 470 782 567 139 505 466 313 247 335 326 357 570 649 310 309 356 177 573 359 874 620 574 68 549 564 186 655 451 249 190 609 287 303 644 559 540 680 774 642 
95 576 21 531 609 346 378 522 607 153 617 306 845 71 444 796 539 333 581 332 736 379 317 515 544 272 678 194 853 337 282 651 564 823 202 147 400 907 366 137 745 619 358 194 605 544 86 562 531 649 649 461 64 535 397 706 270 260 124 784 502 520 536 600 498 152 64 313 606 670 646 535 177 577 546 96 180 578 406 253 548 402 552 655 509 624 618 127 178 458 87 422 602 309 312 171 444 627 343 579 771 648 8 221 345 185 100 407 620 149 174 316 299 501 513 667 475 462 149 204 225 326 600 773 428 736 62 277 365 473 319 688 50 495 544 588 429 391 488 328 492 323 653 533 535 379 339 360 354 481 540 566 321 272 384 38 145 816 881 453 
384 636 468 655 649 138 157 632 150 372 573 521 552 467 551 571 609 191 215 335 406 83 200 149 146 192 449 272 613 423 297 787 537 560 407 351 412 642 261 560 439 203 120 433 195 325 416 115 399 477 681 514 516 656 98 609 431 198 357 458 368 124 524 516 299 598 496 150 500 553 606 163 312 627 273 534 390 145 56 208 544 580 326 828 55 604 168 571 297 687 385 108 763 149 220 342 51 508 622 133 490 609 450 501 444 523 558 423 233 470 521 350 429 159 211 254 202 62 468 291 263 274 172 606 605 607 442 441 497 463 418 669 439 165 543 588 418 567 243 385 171 143 434 712 315 183 634 103 296 540 632 290 458 456 100 443 316 571 590 131 
779 397 780 479 373 670 482 459 598 634 261 575 140 740 455 18 408 728 371 455 223 614 515 425 694 599 125 707 71 472 508 537 292 86 596 782 401 134 434 925 177 712 656 615 714 266 810 509 256 139 368 399 806 475 519 182 544 645 668 203 285 682 316 225 308 846 850 645 205 161 264 722 757 383 303 797 611 475 604 616 321 535 261 604 545 291 632 826 733 613 704 678 559 621 747 618 528 182 653 631 122 264 780 640 476 694 860 398 375 679 703 472 514 414 364 404 383 635 677 754 733 469 457 76 537 134 731 542 492 346 488 299 807 409 325 318 372 533 347 467 743 572 145 561 276 463 673 569 436 400 437 284 509 557 531 802 677 54 150 451 
569 127 535 190 128 562 377 167 622 402 69 285 419 488 153 318 119 609 411 244 403 523 370 416 671 449 257 533 373 211 310 291 15 374 346 589 154 437 280 682 377 718 553 356 713 242 594 524 145 185 155 100 551 188 435 162 280 496 447 423 165 650 14 76 240 572 612 521 100 144 99 689 576 114 304 534 369 504 527 460 24 233 248 349 527 84 655 557 553 313 477 603 291 495 618 397 475 121 353 636 360 101 542 362 204 417 602 145 443 416 427 249 249 394 346 498 334 583 415 583 571 292 502 255 234 202 486 274 203 78 229 153 580 384 26 62 130 232 297 225 688 449 239 273 245 350 373 468 256 98 151 303 233 284 440 573 476 351 443 398 
427 203 392 208 227 453 288 186 567 259 213 164 507 345 106 426 170 493 392 119 449 424 261 371 591 330 332 401 484 67 182 342 159 470 202 450 35 545 184 539 437 648 447 214 641 248 452 475 175 277 266 72 408 209 348 303 137 375 305 483 166 568 132 200 220 436 468 408 212 273 241 604 441 198 295 393 225 463 434 337 145 158 257 382 461 222 596 418 419 265 334 505 317 383 498 255 398 235 256 570 438 244 398 227 63 282 460 26 431 274 292 116 107 347 313 489 286 497 273 450 441 179 469 382 176 337 343 133 86 70 85 289 437 337 141 188 49 149 261 86 594 342 308 269 246 262 275 369 150 99 189 304 95 145 349 429 337 454 537 333 
31 629 101 591 660 291 362 580 559 185 656 368 848 144 497 811 591 268 563 355 730 332 306 493 485 243 688 142 867 378 296 716 603 832 248 74 434 917 372 145 744 560 305 248 545 549 8 525 550 668 700 507 141 595 368 739 317 218 140 780 519 462 576 631 503 226 84 264 634 699 686 473 110 628 542 175 221 545 360 222 590 464 557 724 469 666 566 203 119 529 110 364 669 267 244 191 409 654 416 527 775 689 77 287 389 259 161 442 599 215 249 343 344 481 501 642 465 410 215 137 162 334 569 797 491 765 126 327 417 509 360 733 32 477 586 632 461 452 485 362 427 292 664 600 540 368 414 324 368 529 596 563 370 325 354 42 128 828 886 432 
177 693 140 639 727 436 502 633 705 285 744 416 976 186 560 928 655 408 705 464 865 479 443 636 627 387 810 289 986 464 414 750 690 956 330 214 530 1039 498 12 876 701 450 318 686 675 146 672 663 781 767 584 128 644 513 835 394 365 254 914 635 604 662 729 630 163 71 411 736 800 771 612 253 695 676 156 310 691 506 367 673 509 683 746 616 748 711 156 265 547 218 507 698 414 381 303 556 758 429 672 903 774 140 328 470 281 90 536 742 262 269 448 425 624 639 786 602 555 263 278 305 457 715 905 532 866 189 401 484 601 446 810 126 619 669 711 559 499 618 458 564 437 785 629 667 505 420 471 487 602 653 696 444 393 499 125 265 948 1013 574 
670 149 592 103 165 757 600 125 874 507 283 308 671 540 209 556 159 792 679 427 676 734 570 672 903 631 526 679 602 346 482 40 274 620 439 707 345 665 496 721 647 959 754 432 952 513 685 779 417 450 172 245 584 101 660 357 375 671 556 692 431 879 267 339 504 563 667 711 366 380 274 916 709 163 573 554 468 764 745 634 250 213 520 74 771 248 905 560 691 171 572 814 23 687 792 518 709 381 285 881 621 274 609 391 326 431 622 334 714 463 443 417 358 649 608 770 587 809 463 726 723 488 766 470 185 407 552 364 278 305 357 247 657 638 249 229 343 225 555 382 904 649 510 82 516 574 297 679 462 220 129 575 327 359 661 647 603 592 688 642 
501 204 417 123 240 620 489 131 777 345 321 142 694 366 129 593 177 647 613 310 660 606 446 588 785 492 526 523 648 222 350 216 284 649 279 542 255 712 390 545 641 848 619 266 839 466 513 689 382 458 272 189 408 128 547 418 224 526 393 688 381 760 262 352 441 388 491 573 376 416 331 793 548 214 516 377 307 681 622 491 256 65 474 219 668 301 804 384 531 44 404 684 165 551 643 361 600 397 111 775 631 333 435 217 202 255 445 247 653 290 267 294 217 565 534 711 505 688 290 566 567 370 688 524 45 466 379 213 149 256 226 338 484 554 252 266 268 77 482 260 774 520 505 96 465 466 127 554 354 179 156 524 187 203 544 474 444 626 718 545 
372 295 362 305 314 360 192 283 473 217 272 212 487 323 201 427 264 404 313 39 404 329 167 282 495 242 314 326 485 90 103 438 223 459 181 386 64 541 88 508 400 552 354 203 544 197 401 383 161 278 351 166 389 306 252 347 142 289 255 445 135 471 200 238 157 435 434 318 240 305 305 508 370 288 228 382 193 374 338 252 218 240 206 479 366 292 502 413 347 350 289 409 413 291 411 203 301 259 315 475 414 308 363 243 107 292 443 75 354 267 299 54 119 259 232 412 200 401 265 376 363 86 383 404 263 371 313 146 158 131 96 361 393 248 216 264 78 229 183 61 498 248 289 364 191 166 333 273 54 193 285 241 134 163 253 387 274 449 521 240 
511 786 607 810 795 249 316 787 70 527 710 682 611 614 708 658 761 278 294 495 463 221 361 258 65 344 548 401 690 583 458 941 679 632 566 468 567 706 418 679 505 49 236 591 50 447 539 156 533 591 825 667 656 811 258 732 592 338 506 508 505 81 669 649 432 741 624 282 630 675 741 94 430 775 386 678 548 188 196 356 690 740 445 985 142 744 43 714 421 847 530 176 919 291 306 498 205 634 782 34 562 744 587 660 603 679 694 578 289 625 677 510 590 277 329 276 335 133 623 405 378 434 207 710 765 722 588 602 657 613 578 805 568 287 689 731 570 727 374 545 146 299 538 870 439 340 794 260 454 693 786 397 618 617 261 574 459 650 646 272 
120 570 13 522 603 370 395 514 629 159 616 296 854 61 437 802 533 357 597 338 749 401 333 532 568 291 686 217 860 337 291 640 563 831 202 171 402 915 377 135 756 642 381 191 628 554 109 582 537 654 644 458 40 526 416 707 267 282 137 796 509 543 535 601 508 127 67 335 609 672 644 559 201 571 559 72 183 597 428 273 546 392 562 642 530 621 640 102 202 443 101 445 590 331 336 181 464 630 327 601 780 647 31 210 343 170 80 408 637 139 159 321 297 517 527 684 489 485 140 229 249 336 619 777 417 738 62 274 359 473 318 685 72 511 542 585 431 381 501 330 517 343 661 521 545 394 322 380 363 476 532 578 318 267 403 60 164 823 890 470 
748 475 767 550 457 602 428 528 492 621 339 602 73 733 504 110 478 660 277 447 103 542 472 341 598 550 107 663 129 487 489 628 356 71 595 743 417 153 405 906 57 607 586 618 611 227 780 410 264 176 461 444 800 547 452 284 554 594 648 80 281 588 373 287 273 850 832 583 261 245 352 627 713 461 238 796 604 375 528 570 384 581 219 693 453 375 526 828 690 672 685 598 642 562 683 600 450 242 692 530 1 353 763 654 495 706 853 418 272 682 713 467 526 336 293 291 321 549 680 706 682 445 354 196 588 243 720 555 524 381 500 399 783 334 387 394 391 576 293 472 654 515 130 633 236 413 712 505 417 453 509 217 529 571 466 780 646 90 110 380 
173 445 158 417 474 286 239 402 507 16 465 208 682 129 316 632 408 302 436 168 578 292 175 376 475 169 514 171 689 189 119 548 412 659 72 200 244 743 205 301 585 547 291 88 535 381 198 443 367 485 514 319 193 420 274 549 136 187 50 625 338 449 385 441 336 259 227 241 445 510 495 475 199 443 388 197 44 452 316 158 399 298 390 567 400 476 525 233 180 384 82 359 506 225 294 14 329 466 289 489 608 498 156 154 202 166 246 252 477 113 164 154 159 359 362 528 323 381 111 215 216 164 471 611 326 576 112 147 237 318 171 543 186 351 396 442 271 285 331 171 445 214 489 441 373 233 296 254 191 342 416 407 188 150 264 180 93 652 717 315 
56 662 126 624 693 301 386 613 571 219 689 400 877 173 530 841 625 272 586 387 756 346 333 515 491 265 718 158 897 412 327 748 636 861 281 79 468 947 402 131 772 565 315 281 550 578 25 541 582 699 734 540 160 628 389 772 351 236 173 807 551 468 609 664 533 240 86 278 667 732 719 476 118 662 569 195 255 563 373 244 623 496 586 755 484 700 576 219 132 559 144 371 700 284 245 224 427 686 445 537 804 722 103 318 423 288 169 476 622 246 277 376 378 505 527 662 491 420 246 142 170 365 588 829 523 798 157 360 450 542 394 766 53 501 619 665 494 485 512 395 429 313 694 632 569 394 443 343 399 562 629 590 404 358 374 65 158 858 914 454 
282 480 168 414 516 503 471 412 740 218 559 209 862 135 355 789 444 503 660 349 780 520 408 606 700 398 687 359 847 305 331 513 508 830 205 333 376 907 416 256 778 773 511 179 760 573 276 677 529 639 554 394 134 419 508 656 236 406 235 822 509 674 480 561 532 89 221 462 576 634 580 695 357 485 596 98 209 685 545 385 485 288 583 503 634 554 757 89 352 305 217 579 459 450 487 248 563 599 188 720 790 583 193 137 301 84 154 378 702 123 78 327 264 587 582 756 544 609 125 384 398 376 703 745 306 696 161 236 291 432 290 608 240 578 481 515 404 281 543 318 659 447 662 391 567 460 177 487 389 405 435 613 268 220 498 228 286 815 894 546 
605 194 519 113 222 719 578 135 862 449 329 246 718 468 190 608 185 748 682 399 705 702 539 666 878 591 561 626 658 312 446 128 307 669 382 646 330 722 476 642 680 938 717 370 930 525 616 770 433 487 242 242 506 116 636 416 325 627 497 726 440 853 292 376 507 479 591 672 402 429 329 887 652 207 580 475 411 759 716 591 279 160 532 116 755 300 890 477 635 84 508 780 72 649 745 464 689 421 202 863 662 329 538 321 292 355 541 321 720 393 366 386 315 643 606 777 581 782 393 670 670 461 763 528 132 466 482 313 239 310 320 316 587 632 276 272 336 173 554 350 871 616 542 30 525 553 212 648 440 222 154 585 283 305 635 576 547 643 738 628 
470 154 407 113 189 547 399 99 682 302 238 123 594 355 28 498 117 581 509 221 555 526 363 488 700 420 423 470 555 136 272 246 193 552 235 503 153 618 296 547 537 759 544 233 751 360 489 591 277 358 229 86 410 116 458 337 167 460 352 584 275 675 167 257 336 413 484 501 279 326 255 710 502 157 411 386 263 581 539 423 166 51 369 276 575 227 711 402 483 149 372 606 211 477 581 310 510 301 171 684 529 258 420 209 116 261 456 144 549 277 273 209 148 465 431 606 404 604 277 517 513 283 587 437 60 381 362 157 67 151 146 280 465 454 162 189 162 50 379 173 696 441 401 155 359 374 191 472 260 83 115 418 117 156 457 456 396 530 620 449 
255 514 315 517 534 141 79 496 317 205 482 359 578 306 410 560 483 187 277 193 450 116 52 207 297 44 433 157 612 274 139 652 436 569 239 239 283 656 143 429 469 365 135 265 354 291 289 256 327 433 570 384 361 519 87 541 269 88 196 501 293 272 417 436 249 439 358 99 428 490 515 303 207 507 268 375 222 269 134 65 436 426 297 686 210 506 337 412 185 530 228 195 622 72 199 175 140 442 457 301 507 518 301 333 294 354 408 294 314 303 353 201 272 196 219 358 186 201 301 199 176 133 291 569 454 552 283 280 346 349 265 575 302 192 434 481 297 413 214 237 285 30 412 565 281 94 468 67 167 411 501 289 302 293 76 303 165 571 616 146 
722 230 636 180 243 827 676 204 953 565 361 362 748 585 283 630 240 859 760 501 757 807 643 752 979 700 606 741 675 416 552 75 356 696 497 763 422 737 572 757 727 1036 824 487 1029 595 734 859 499 530 244 324 623 180 736 430 438 738 613 772 512 954 349 419 585 591 708 781 446 457 350 990 768 244 655 590 526 844 819 701 332 272 602 8 849 325 983 592 750 199 626 886 70 757 858 579 786 461 317 958 700 349 655 438 396 472 656 412 796 510 483 489 424 729 688 851 667 884 511 786 785 562 846 542 243 480 600 426 345 386 426 316 705 718 331 309 422 285 636 454 976 721 591 129 597 650 326 752 538 300 211 657 393 419 736 694 663 666 762 720 
425 191 375 173 221 483 331 154 615 255 236 117 559 325 66 472 154 519 447 154 506 460 296 423 633 357 384 414 530 72 207 308 184 520 190 454 90 592 229 520 492 692 479 195 684 305 446 525 230 325 261 72 385 175 391 332 121 398 304 539 223 608 156 238 277 402 452 437 254 310 260 644 449 189 352 366 217 516 473 360 163 101 314 341 508 236 644 387 429 210 328 540 277 412 520 258 442 277 201 617 491 263 385 192 53 247 435 83 487 250 258 143 95 400 368 545 340 537 249 462 456 216 523 421 121 371 327 112 33 112 85 298 427 389 159 199 106 92 316 107 630 375 361 222 303 306 220 405 193 90 164 361 68 119 390 418 343 502 587 382 
724 154 685 238 119 714 524 227 745 556 94 416 417 635 269 296 183 763 520 401 455 672 524 541 808 605 302 690 337 363 467 263 142 363 497 746 311 399 432 830 417 848 704 505 845 353 749 647 267 230 97 238 695 233 580 97 429 652 602 457 297 789 166 149 367 707 762 675 169 141 60 829 733 144 416 675 521 622 673 616 151 340 356 330 659 75 779 694 711 383 631 750 292 649 773 552 614 169 458 765 379 57 693 499 354 553 745 301 545 560 565 406 399 521 469 593 465 725 559 741 728 448 614 204 329 144 636 421 339 236 381 22 733 512 155 111 287 344 425 381 833 601 295 311 360 498 478 617 411 221 202 409 378 429 587 725 633 332 428 534 
715 112 666 190 75 726 542 183 778 544 120 387 476 615 240 356 147 773 558 402 507 688 534 572 834 612 353 690 398 352 468 202 152 423 482 740 310 460 444 809 471 878 718 487 874 388 737 680 296 279 41 222 673 185 599 156 413 658 592 513 322 813 169 184 396 677 743 685 207 194 92 852 731 106 452 650 508 657 692 621 150 304 392 269 687 84 811 667 709 334 619 767 233 659 781 544 637 213 418 795 436 90 676 473 340 526 720 299 585 538 537 404 385 551 501 635 493 747 537 740 729 455 651 265 289 204 618 404 317 238 370 39 719 541 152 104 290 310 454 376 853 613 344 257 394 514 437 632 419 201 158 447 360 409 605 710 627 392 488 559 
521 434 553 482 434 374 196 457 329 411 333 447 302 525 398 297 418 432 104 256 181 317 244 132 406 320 172 433 344 324 279 597 313 296 400 513 268 382 191 686 194 437 359 425 435 65 555 232 162 204 457 343 590 481 223 345 376 362 430 230 146 391 312 269 80 651 612 353 247 288 363 431 483 421 8 592 402 205 306 339 331 459 61 652 254 370 364 627 460 566 467 380 590 331 454 386 230 248 549 353 231 365 546 475 339 521 643 275 136 486 526 278 355 118 66 192 90 339 484 475 451 233 198 330 477 335 509 380 383 276 331 426 561 112 331 366 254 450 65 296 448 284 157 557 61 183 567 275 215 363 448 13 369 398 236 559 422 302 340 154 
467 766 565 786 777 205 289 763 96 488 696 649 623 572 682 662 739 233 296 466 474 181 330 250 30 305 548 358 698 554 426 918 663 640 530 424 543 718 392 635 514 73 193 555 63 438 495 159 520 586 808 645 613 787 229 725 559 296 466 522 491 37 652 637 419 699 580 241 620 667 729 61 386 756 379 636 511 194 158 317 672 710 437 960 128 729 81 672 377 817 488 132 895 251 262 460 180 625 748 49 570 731 544 623 575 640 650 554 297 586 638 481 559 267 320 293 321 92 584 360 334 405 217 709 736 717 547 570 628 593 548 793 524 276 671 715 548 698 361 516 107 263 536 843 430 315 759 224 427 671 763 393 588 584 231 530 418 657 659 254 
688 481 715 550 469 531 362 526 419 571 352 574 138 684 491 174 479 590 202 403 46 471 411 268 523 486 107 600 203 454 438 641 357 145 551 680 387 226 351 851 27 534 515 575 537 178 721 336 239 183 479 431 750 547 383 315 516 528 594 70 248 513 369 292 222 806 777 514 265 267 371 553 650 467 174 749 558 301 456 506 383 564 169 704 379 390 453 782 627 662 631 524 648 494 613 548 378 251 669 456 75 372 710 617 464 667 804 390 198 638 674 425 491 265 224 221 256 475 636 641 616 393 280 247 575 282 670 518 499 364 465 425 726 263 385 402 364 557 231 434 580 449 120 632 185 350 688 436 368 443 510 154 497 536 397 724 588 162 176 310 
385 350 285 277 386 559 474 279 762 260 447 118 787 237 237 700 317 573 638 314 726 561 418 597 744 437 612 435 757 241 324 369 401 749 209 432 304 820 394 397 716 814 562 186 802 520 390 685 456 554 422 288 265 282 524 546 194 460 299 762 443 718 374 462 485 233 352 513 481 533 464 746 447 357 557 231 231 685 582 430 375 160 529 360 652 435 784 232 436 161 298 630 315 495 562 286 580 503 45 750 718 466 306 117 227 123 296 302 680 174 133 292 210 575 557 737 522 649 176 470 478 360 698 644 172 590 257 187 195 341 233 483 356 565 370 397 328 158 511 269 717 477 588 248 516 457 34 516 360 292 303 570 196 169 517 345 354 730 816 543 
419 785 524 797 800 167 303 775 174 466 728 642 688 538 691 719 756 177 354 473 540 168 330 298 51 287 600 315 758 558 424 932 690 702 515 372 557 782 406 580 577 117 161 538 102 480 444 223 554 632 833 659 572 799 244 765 552 266 437 589 523 45 676 672 455 659 530 211 656 708 761 27 336 777 426 598 493 259 154 294 696 711 481 969 178 758 158 633 330 814 454 93 904 228 204 438 206 664 737 126 632 764 502 606 578 617 605 568 362 561 613 484 557 311 364 364 358 95 560 309 285 411 284 759 738 762 512 564 631 613 550 824 476 318 695 740 565 698 399 520 29 254 586 849 471 330 746 221 439 686 778 442 587 576 240 483 385 716 725 287 
348 345 254 280 381 514 430 278 717 216 431 86 757 204 223 675 311 529 597 273 691 515 373 554 699 392 582 392 733 204 280 385 382 721 164 394 271 794 351 376 683 769 518 141 757 484 355 640 424 527 419 268 240 285 479 529 152 415 256 729 410 673 354 440 447 222 324 468 457 512 450 701 407 351 518 209 186 641 536 385 357 153 493 382 607 423 739 216 394 183 258 586 333 450 519 241 535 480 68 705 688 453 274 73 193 89 277 270 639 135 100 251 170 532 516 696 481 603 136 429 436 317 655 623 172 571 221 146 168 315 194 475 324 523 353 384 296 147 471 229 673 432 558 264 479 413 69 471 318 275 300 532 160 128 472 312 311 704 788 499 
74 641 88 598 673 334 401 588 603 205 676 373 883 139 508 842 603 310 603 381 768 376 344 534 528 284 721 185 898 396 325 719 623 865 262 115 456 950 405 102 781 602 348 258 587 583 44 568 579 697 713 523 116 602 410 762 331 261 166 817 549 505 595 655 537 195 42 308 659 724 705 515 153 641 579 152 238 588 403 263 608 469 591 723 512 684 610 174 163 525 131 407 670 310 285 217 452 680 410 571 810 708 70 288 405 253 124 464 640 216 242 368 360 522 540 683 503 453 216 179 205 366 612 825 495 790 128 340 429 530 378 750 27 517 604 649 484 458 521 383 468 334 696 601 574 406 406 367 398 543 605 599 384 336 396 34 165 860 920 472 
417 236 340 175 272 533 411 170 700 258 325 55 669 288 115 579 201 559 550 234 618 522 364 518 702 406 496 435 636 148 267 293 278 629 191 456 198 699 316 474 604 767 533 180 757 416 431 615 342 435 310 166 336 179 467 423 138 439 306 651 334 677 251 340 385 330 415 487 359 410 342 709 461 241 459 309 220 610 539 404 252 44 425 304 591 314 726 321 444 124 319 598 246 464 555 273 521 382 89 696 602 345 356 138 129 183 378 193 591 210 195 216 134 495 469 649 438 606 210 479 479 292 619 521 69 467 298 126 83 222 148 365 404 485 248 276 217 37 419 184 688 436 473 178 413 389 109 471 280 169 192 470 107 116 463 393 356 610 697 471 
639 152 609 232 133 616 425 213 648 474 15 358 375 562 220 263 162 665 426 310 383 572 426 443 709 509 230 598 315 284 375 305 59 325 419 657 223 379 335 756 351 750 606 430 747 257 666 550 168 154 142 173 625 229 480 89 354 557 518 395 197 689 87 52 269 646 685 577 76 84 40 729 643 138 321 608 441 526 574 521 83 299 261 369 560 52 682 631 619 369 549 650 317 551 676 467 515 85 420 667 323 43 616 436 279 491 676 216 454 490 502 317 323 423 372 504 366 626 489 648 634 353 520 189 297 132 560 348 276 149 302 104 652 413 87 72 197 300 326 296 733 503 218 314 264 398 440 518 316 166 191 315 307 359 487 645 544 298 393 435 
511 465 549 510 467 348 180 486 293 411 368 462 322 525 424 327 449 407 71 266 190 289 234 97 371 304 205 417 371 340 281 629 346 321 405 499 290 406 195 679 211 400 332 431 399 100 544 196 195 240 491 370 589 510 199 381 387 344 426 241 176 356 344 305 105 653 605 330 283 324 398 397 467 453 36 593 405 169 277 324 363 481 96 682 219 405 327 628 445 589 462 349 619 309 429 384 200 285 566 317 254 400 541 485 356 528 641 297 108 490 532 288 369 85 40 165 74 306 488 457 432 235 163 364 500 371 507 393 403 304 346 461 552 81 363 399 278 472 68 310 415 264 190 584 94 171 583 251 223 391 478 47 385 411 212 552 413 329 360 127 
185 598 86 541 632 442 467 536 703 223 658 320 916 109 467 859 561 427 669 396 815 475 404 605 640 365 745 289 917 382 355 649 605 891 252 235 451 973 443 113 821 715 454 235 700 617 166 656 593 709 672 495 43 545 489 751 310 356 208 862 567 615 576 649 572 69 88 409 658 721 683 630 269 601 626 57 239 671 502 347 585 411 626 644 604 659 714 55 272 445 173 517 597 405 404 247 538 680 327 675 843 686 104 233 385 182 12 456 709 173 170 378 341 589 597 757 559 558 175 296 319 401 693 828 433 786 124 315 393 518 365 719 130 583 581 621 480 402 569 382 586 417 720 528 609 465 318 455 426 511 557 645 356 305 477 121 238 881 951 542 
119 696 235 673 723 188 326 657 456 259 697 461 825 268 570 807 660 147 509 387 693 243 288 436 366 204 680 98 860 437 321 804 646 817 327 68 478 903 374 258 715 439 205 337 423 538 133 441 563 675 763 567 278 676 309 769 392 160 211 745 529 344 622 661 494 364 216 181 658 722 729 349 57 693 515 311 298 468 269 186 639 553 544 821 382 714 457 340 78 633 202 250 762 196 119 249 335 675 528 418 754 732 210 392 453 376 298 488 540 325 368 383 412 431 464 574 432 304 324 49 71 346 494 810 582 787 245 403 492 552 421 783 170 429 636 684 501 541 461 411 300 239 658 695 528 342 529 258 384 591 670 536 443 406 295 180 163 819 863 381 
419 784 524 796 799 167 302 774 171 466 726 641 686 538 690 717 755 178 352 472 538 167 330 296 49 286 598 316 756 557 423 930 689 700 515 373 556 779 405 581 575 116 161 538 100 478 445 221 553 630 832 658 573 798 242 763 552 266 437 587 522 42 675 670 453 660 531 211 655 707 759 26 336 775 424 598 492 257 153 294 695 710 479 968 176 757 156 633 331 814 454 93 903 228 205 438 204 662 736 124 630 762 502 606 577 617 606 567 360 561 613 483 556 309 363 361 356 93 560 309 285 410 282 757 738 760 512 563 630 612 549 823 477 317 694 739 564 698 397 519 31 253 584 848 469 329 745 220 437 685 777 440 586 576 239 484 385 714 723 285 
259 438 155 378 473 459 414 374 688 165 508 161 803 109 309 732 401 465 601 289 720 472 351 548 653 348 628 322 790 247 272 487 457 771 145 308 319 849 356 273 718 726 466 119 713 514 261 622 470 582 512 343 137 383 454 605 177 360 190 762 449 627 428 507 472 130 222 416 520 580 531 651 327 442 536 106 152 628 496 336 435 248 523 485 580 505 706 118 318 286 179 534 436 402 450 195 509 543 168 670 731 534 177 80 244 25 175 321 643 67 18 267 206 528 522 697 485 561 69 352 363 316 646 690 270 643 131 178 240 377 232 563 227 520 431 467 347 240 483 259 617 395 603 367 507 403 163 435 329 356 395 553 212 163 444 215 244 758 836 489 
96 551 29 508 583 332 353 498 589 124 589 283 816 55 418 767 513 324 556 303 708 361 291 490 531 250 649 181 824 309 253 630 536 794 174 147 372 878 338 166 717 605 343 168 591 515 97 540 502 620 623 434 77 512 374 677 242 242 96 756 473 506 508 571 469 162 92 296 577 641 618 523 172 551 518 101 152 555 388 232 520 379 523 636 489 596 601 136 169 439 59 408 581 291 304 142 423 598 326 562 742 620 22 199 317 169 122 378 595 127 159 287 271 476 486 643 448 446 127 199 216 297 577 744 405 707 38 250 339 444 291 661 67 470 516 560 400 368 461 299 482 302 624 513 506 353 324 339 326 454 515 538 294 245 361 57 123 787 852 428 
102 689 134 646 721 347 434 636 617 252 723 421 922 186 557 884 652 315 634 426 803 394 379 563 534 313 762 206 940 444 368 766 670 906 310 126 503 991 445 88 818 608 362 306 593 623 68 589 623 740 762 571 155 650 437 809 379 284 210 853 592 512 643 701 577 224 68 326 705 770 752 519 165 689 616 191 286 611 421 292 656 517 630 770 532 732 622 207 180 572 177 416 717 332 288 262 476 725 456 582 849 755 118 336 453 299 149 510 670 264 287 413 408 553 574 711 538 466 264 188 216 408 636 869 543 836 176 388 477 577 426 797 74 549 652 697 531 506 558 430 470 361 738 648 613 441 451 391 441 591 654 636 432 384 423 82 202 901 959 502 
594 361 606 424 354 479 290 400 440 460 242 444 235 571 360 195 354 536 209 285 171 424 324 246 521 407 68 517 248 326 329 524 236 212 432 593 257 297 248 748 154 549 465 455 549 73 626 344 107 91 370 300 638 422 328 236 391 453 489 201 119 505 244 178 117 687 673 452 152 179 267 546 567 347 117 633 442 315 416 425 259 432 68 584 369 280 475 665 544 531 526 491 526 429 555 440 343 146 538 466 162 269 603 492 335 543 692 260 230 519 551 305 365 232 179 277 193 452 517 563 541 286 303 216 444 221 559 393 368 233 339 328 626 225 261 285 233 426 155 309 562 380 46 505 84 270 557 378 256 314 386 102 369 409 340 622 492 208 270 263 
645 252 633 328 236 579 385 306 573 489 117 414 278 590 293 177 256 633 344 312 281 529 401 373 647 486 128 587 233 316 372 407 134 231 445 655 245 296 311 779 248 680 567 461 679 185 674 476 122 52 243 236 655 325 433 101 388 534 528 292 156 629 155 65 211 689 706 545 42 44 136 670 635 237 245 644 462 449 526 501 163 373 185 471 495 155 608 671 611 456 562 603 419 520 648 477 459 20 491 597 222 137 635 481 317 536 709 241 367 525 545 326 357 356 302 413 306 570 523 636 618 339 439 131 376 102 583 385 330 185 333 193 666 347 166 171 216 371 265 315 680 470 117 411 193 360 511 478 303 239 287 234 349 399 443 661 545 209 300 377 
366 671 458 685 685 108 189 663 162 376 613 539 600 463 579 619 642 154 262 361 454 70 221 197 117 193 496 255 661 448 317 818 575 608 418 328 443 690 292 539 487 185 92 443 174 370 397 154 441 522 718 546 507 686 129 653 449 188 355 505 409 92 561 558 343 591 480 134 543 597 647 128 290 662 320 528 399 186 46 205 581 603 372 857 94 644 171 564 277 708 379 61 792 140 183 347 94 552 637 132 538 649 439 511 468 528 547 454 279 474 526 374 450 206 258 297 247 21 472 266 238 300 214 653 630 652 437 459 521 499 441 710 423 212 580 626 451 590 288 410 126 151 481 738 361 216 648 113 325 572 664 337 480 473 126 428 309 619 638 175 
343 333 342 341 353 322 157 319 443 196 309 227 499 307 236 447 302 366 297 27 406 291 129 259 459 204 329 291 504 112 71 475 260 475 171 354 102 558 56 486 407 518 315 196 510 201 373 355 184 302 390 204 373 342 217 380 148 251 229 449 154 435 238 272 158 425 411 279 271 335 342 471 336 326 222 370 178 350 301 214 257 268 210 514 335 329 471 402 313 377 265 372 448 253 373 178 268 289 332 443 426 345 341 245 132 290 427 113 339 258 296 49 131 236 216 396 181 364 256 340 326 47 360 431 292 401 295 154 185 169 112 398 368 226 254 302 117 256 171 75 461 210 304 396 194 132 348 235 20 231 322 238 153 172 217 363 243 467 534 211 
621 372 634 438 362 503 315 414 452 487 247 468 208 598 379 169 367 560 220 312 155 447 351 264 537 433 42 544 221 351 357 533 247 184 459 620 282 269 275 775 133 563 488 481 563 100 653 357 129 85 375 319 665 436 351 230 417 479 517 180 145 523 257 184 145 714 700 477 157 174 269 563 594 358 137 660 469 326 438 452 272 453 94 595 385 285 487 692 570 550 553 512 538 454 580 468 363 148 560 480 136 271 631 518 360 569 719 283 236 545 577 332 390 251 199 280 216 472 544 589 567 314 313 197 463 210 586 418 391 252 364 328 653 245 274 294 257 447 179 336 581 405 24 519 110 296 580 402 284 331 399 120 393 435 364 650 519 181 243 285 
711 107 662 186 71 724 540 178 777 541 119 383 479 611 236 359 143 770 557 400 508 686 531 571 832 609 355 687 401 349 465 199 150 425 478 737 307 463 442 806 472 877 716 483 872 387 734 679 295 280 37 219 669 181 597 158 409 656 589 514 321 811 167 183 395 673 740 683 208 195 92 851 728 102 451 646 505 656 690 618 148 300 392 266 686 83 810 663 706 330 615 765 229 657 778 541 636 214 414 794 438 90 673 469 337 522 716 296 585 534 533 401 381 550 500 636 492 746 534 737 726 452 651 268 285 207 615 400 313 235 366 42 715 540 150 102 287 306 453 373 851 611 345 253 393 513 432 630 417 197 154 446 356 406 603 707 624 395 491 558 
477 407 505 448 411 347 159 424 340 362 318 400 344 476 360 325 388 404 133 207 230 292 201 134 403 280 198 392 375 277 230 569 291 332 350 471 225 418 142 640 239 441 333 376 438 61 510 242 142 213 437 307 542 448 196 345 327 325 383 277 118 385 286 257 43 601 565 321 239 288 350 425 442 395 41 543 353 220 286 299 306 417 63 621 252 353 373 577 419 525 420 362 558 298 424 338 215 244 503 357 271 352 498 426 293 471 595 233 172 436 476 229 307 114 63 229 63 327 434 436 413 184 219 345 436 342 460 332 339 242 284 414 515 104 306 344 214 407 23 248 436 249 178 521 51 142 520 246 165 329 417 59 322 350 208 513 376 334 381 134 
865 541 881 622 518 717 545 602 589 735 404 702 48 846 591 127 551 776 386 559 197 657 590 454 701 668 210 781 87 591 604 682 433 67 706 860 520 52 521 1022 161 703 701 727 708 343 897 514 368 262 512 533 912 619 568 326 660 711 763 150 390 693 454 364 389 960 947 700 341 305 409 731 831 527 356 907 717 478 642 688 461 671 335 749 561 436 621 938 808 754 800 709 704 679 799 715 564 319 786 629 117 409 878 760 598 813 966 520 375 791 821 578 632 451 409 383 439 659 790 824 800 560 454 216 675 277 834 660 621 475 606 442 899 449 465 462 493 667 411 580 761 633 235 705 352 531 807 621 531 538 581 335 631 676 582 896 763 91 13 496 
511 593 575 631 597 292 197 607 161 453 501 551 401 562 538 436 573 348 71 350 253 231 261 64 254 300 324 404 472 434 340 754 477 415 467 486 398 494 268 687 290 272 274 494 272 233 544 67 326 370 622 488 620 631 174 513 467 326 454 303 304 243 472 438 229 694 618 291 416 456 531 282 450 581 169 631 459 36 209 320 492 586 229 805 112 537 196 668 431 696 487 265 741 280 375 423 137 418 656 190 345 533 561 556 453 591 668 407 76 545 593 370 455 87 123 100 146 211 543 433 405 301 36 487 608 500 540 475 504 426 436 595 561 97 492 530 392 575 175 399 311 249 315 701 226 208 671 219 304 512 601 178 477 492 188 563 425 431 438 122 
560 837 660 864 846 299 371 840 102 582 758 738 637 667 762 692 813 323 333 550 491 275 417 305 104 399 586 452 721 638 514 994 729 661 622 517 621 733 472 726 534 35 288 647 50 493 588 199 581 634 875 721 708 864 314 776 648 391 561 534 555 127 720 696 480 794 673 335 677 719 789 124 479 827 430 731 604 227 251 411 740 795 490 1038 195 793 67 767 470 903 583 225 973 346 351 553 260 679 838 85 592 792 639 715 659 734 745 632 323 680 732 566 646 326 376 301 385 187 678 453 427 490 242 749 820 764 642 658 712 665 634 853 617 336 740 781 623 783 423 600 177 355 578 924 485 395 850 315 508 746 839 440 674 673 317 624 513 681 671 324 
713 145 674 231 111 703 514 218 737 545 83 405 416 624 258 296 174 752 512 390 451 661 513 532 799 594 297 679 339 352 456 261 131 363 486 734 299 401 422 819 413 839 694 494 836 345 738 639 257 224 93 227 685 226 570 96 418 641 591 454 287 779 155 140 358 697 751 664 161 137 50 819 722 135 408 665 510 614 663 605 140 330 348 328 650 64 771 684 700 376 620 740 288 638 762 541 604 162 449 756 377 47 682 489 343 543 734 290 537 549 554 395 388 512 461 586 456 716 548 729 717 437 606 206 320 144 625 410 328 224 370 21 722 503 144 100 276 334 416 370 823 591 290 305 352 487 468 607 400 210 194 401 367 418 577 714 621 332 428 525 
621 650 685 699 648 394 305 674 193 560 541 644 352 671 613 416 635 448 120 444 208 336 369 167 313 410 327 513 439 524 443 814 527 379 570 596 478 448 364 797 253 306 377 597 312 281 654 143 377 389 668 559 729 698 284 534 564 436 563 249 363 311 528 477 294 803 728 399 452 479 568 345 559 637 221 740 564 112 312 431 546 669 274 869 202 579 224 777 540 778 597 357 807 389 477 531 245 448 749 237 312 570 672 657 541 694 778 486 81 650 697 465 548 186 201 24 235 298 648 541 512 401 85 484 689 511 649 570 590 492 527 630 672 195 547 579 467 659 251 491 384 360 326 773 278 312 765 328 398 580 665 219 568 588 298 673 536 401 386 229 
711 191 629 149 202 803 647 172 921 549 320 349 706 578 255 588 204 837 724 473 716 780 616 718 950 677 565 723 633 392 528 33 316 654 481 749 392 695 543 755 686 1006 800 473 999 558 724 826 461 489 202 292 619 148 707 388 419 716 598 730 476 926 311 378 549 593 702 757 406 415 308 962 752 204 618 588 510 810 792 679 293 255 564 34 818 283 951 591 734 198 613 860 47 733 837 561 756 420 315 927 658 307 647 429 372 466 654 381 759 501 478 464 403 695 653 814 634 855 501 769 767 535 811 500 226 438 590 407 323 351 403 274 696 685 292 268 389 267 601 428 950 696 550 115 560 621 326 725 509 266 175 619 371 402 708 685 646 624 720 688 
130 631 73 580 664 392 441 573 658 218 678 355 910 122 498 861 593 370 644 397 801 430 380 576 587 330 743 240 919 398 348 696 625 889 264 176 463 973 432 73 811 661 405 253 647 610 104 618 596 714 704 519 72 585 456 768 329 312 189 850 568 563 597 663 564 138 20 362 670 734 706 575 212 632 611 107 244 636 457 310 608 450 618 695 564 683 666 120 220 495 152 465 645 362 346 236 501 691 378 627 837 708 73 268 405 225 63 469 682 199 213 381 359 563 577 728 539 510 200 239 263 391 659 838 474 799 123 336 420 535 380 746 73 558 604 646 492 440 554 391 529 381 719 576 601 443 372 416 420 538 592 631 379 328 442 67 204 882 947 514 
5808 5640 6312 6132 5688 3852 1836 5832 3348 4668 4548 5400 4200 6036 5040 4236 5412 4548 888 3024 2604 3144 2508 912 4212 3324 2748 4680 4776 3948 3132 7584 4248 4176 4644 5664 3396 5196 2112 7848 2856 4596 3660 4956 4572 1356 6216 2172 2436 3120 6000 4428 6792 6120 2052 4776 4476 3804 4824 3228 2172 4008 4188 3804 1272 7584 6960 3624 3564 4092 4920 4500 5280 5496 636 6852 4620 1896 3000 3564 4428 5688 1332 8208 2376 4980 3756 7272 5016 6996 5256 3876 7440 3384 4824 4344 2088 3600 6660 3600 3372 4944 6204 5628 4152 6120 7416 3492 1380 5652 6168 3288 4260 732 144 2064 600 3384 5628 5160 4848 2592 1872 4632 5928 4692 5808 4548 4740 3648 4008 5688 6324 660 4428 4884 3288 5580 672 3564 4692 2844 2568 6984 1260 1752 6852 2688 2484 4692 5760 840 4476 4764 2220 6312 4644 4272 4656 1188 
4680 5040 4545 4995 5400 4830 2670 4695 7020 2355 4935 2910 8115 3990 3390 7275 4545 5400 5040 315 6720 4485 2040 4395 7110 2970 5535 4065 8145 1365 735 7035 4170 7725 1935 4905 1650 8970 1335 6720 6735 8040 4770 2295 7905 3660 5100 5760 3300 5070 5970 3075 4980 5025 3525 6105 1635 3615 2910 7380 2880 6735 3810 4470 3000 5745 5610 4155 4500 5475 5415 7260 4695 4965 3960 4920 2055 5730 4680 3060 4065 3690 3795 7545 5370 5190 7410 5400 4350 5295 3420 5670 6570 3780 5475 2130 4335 4800 4485 6960 7005 5460 4545 3075 1665 3720 5790 1800 5670 3240 3810 270 1485 4065 3825 6510 3285 5670 3210 4815 4635 885 5910 6960 4095 6480 3825 1755 2460 2760 1275 6225 4980 3915 4020 4740 1980 3510 3180 795 7035 3210 5175 5730 3555 2355 4710 3675 855 3480 4785 4200 1875 2010 3480 4905 3210 7605 8640 3615 
5388 3816 4188 2856 4248 7344 6168 2940 9636 3792 5148 1716 9444 3612 2676 8316 3468 7560 7992 4128 8856 7320 5532 7560 9516 5856 7380 5916 8988 3144 4380 3780 4644 8952 3120 5940 3816 9756 5112 5508 8688 10332 7380 2868 10212 6432 5448 8664 5544 6624 4644 3360 3936 2916 6792 6324 2772 6168 4296 9252 5460 9204 4344 5424 6048 3504 4980 6792 5676 6240 5292 9564 6108 3924 6936 3540 3408 8640 7560 5784 4308 1716 6540 3588 8316 4944 9924 3516 5952 1260 4308 8184 3120 6564 7440 4080 7464 5952 468 9540 8652 5316 4452 2076 2952 2232 4284 3756 8484 2832 2364 3888 2868 7284 7008 9180 6624 8364 2844 6372 6444 4764 8772 7560 1728 6876 3840 2664 2436 4080 3108 5424 5052 7164 4260 4500 4044 1752 6432 3552 9240 6300 7104 2340 6396 5928 372 6756 4680 3324 3240 7068 2616 2460 6732 4908 4944 8700 9768 6948 
4213 7854 5291 7997 8019 1331 2552 7755 1738 4488 7227 6347 6963 5379 6842 7227 7546 1683 3256 4444 5346 1133 2882 2574 880 2486 5896 3003 7678 5379 3927 9471 6809 7073 4994 3751 5346 7975 3685 6072 5731 1683 1199 5258 1540 4532 4521 1925 5324 6204 8382 6479 5819 8019 1903 7656 5357 2343 4224 5896 4983 605 6655 6611 4235 6765 5456 1727 6446 7029 7590 935 3322 7766 3960 6072 4763 2310 935 2596 6875 7084 4543 9900 1331 7568 1727 6468 3223 8228 4455 550 9185 1870 2002 4180 1496 6545 7414 1298 6314 7623 5060 6006 5610 6160 6226 5467 3399 5566 6127 4576 5390 2706 3278 3520 3179 275 5544 3047 2750 3762 2607 7623 7381 7634 5093 5478 6193 5962 5302 8283 4840 2772 6864 7359 5445 6941 3630 4961 924 2068 5731 8580 4433 2849 7524 1683 4048 6776 7788 4147 5720 5632 1870 4906 3674 7216 7381 2398 
2740 3490 2110 3080 3820 4000 3110 2970 5970 1130 3970 890 6770 1610 2160 6080 3110 4210 4860 1660 5960 3980 2530 4380 5810 2760 5020 2910 6660 1240 1620 4350 3440 6460 480 3110 1950 7250 2390 3560 5930 6500 4020 350 6390 3890 2910 5220 3450 4580 4220 2360 2210 3120 3590 4910 520 3030 1610 6370 3240 5550 3160 3890 3480 2490 2890 3540 4000 4620 4230 5840 3150 3500 4150 2050 760 5240 4180 2700 3260 1820 3980 4490 4870 4000 6200 2300 2990 2640 1760 4700 3900 3340 4140 1310 4160 4230 1730 5860 6050 4260 2230 540 1250 1000 2720 1980 5280 860 1080 1440 820 4170 4050 5840 3690 4850 850 3340 3360 2020 5390 5700 2110 5260 1640 550 1370 2590 1070 4620 2670 4080 3220 3630 2240 1700 3630 1330 5580 3140 4770 3230 3820 2950 1830 3520 2080 2540 3130 4300 960 450 3530 2580 2110 6330 7100 3820 
7085 4095 7150 4823 4069 5889 3367 4511 5850 5252 2717 4953 3848 6669 3913 3120 3952 6604 2964 2938 3003 5226 3692 3211 6734 4784 1586 6175 3861 3419 3575 6240 2496 3484 4849 7124 2535 4550 2600 9022 2821 7215 5720 5122 7176 754 7488 4576 611 1352 4342 3146 7540 4810 3978 2977 4290 5408 5668 3419 741 6500 2522 1898 1079 8151 8047 5486 1625 2249 3107 7033 6812 3926 1586 7462 4992 4251 5161 5005 2756 4836 806 6981 4771 3198 6292 7865 6500 6136 6136 6162 6201 5161 6825 5018 4290 1677 6188 6123 2899 3146 7137 5590 3549 6266 8242 2561 3341 5967 6357 3185 3926 2964 2275 4030 2301 5733 5941 6786 6526 3055 4173 3107 4992 2977 6526 4303 3978 2249 3601 3939 7462 2847 2769 3172 2223 4745 1768 3224 7163 4511 1261 5863 858 3068 6435 4563 2626 3354 4355 1521 3978 4511 4108 7410 5759 3367 4277 3224 
3780 7728 4872 7824 7932 732 1980 7572 2556 3924 7152 5952 7392 4932 6552 7500 7368 1392 3372 3936 5676 252 2220 2520 1944 1728 6000 2436 8040 4944 3336 9444 6660 7440 4464 3336 4968 8448 3180 5868 6036 2796 528 4752 2652 4404 4152 2304 5136 6228 8340 6192 5460 7848 1332 7716 4884 1632 3648 6300 4740 1632 6468 6528 4008 6480 5136 984 6372 7056 7560 1980 2868 7632 3864 5712 4212 2652 264 1860 6708 6780 4428 9876 1584 7500 2676 6156 2712 8016 3936 720 9108 1068 1728 3588 1212 6504 7116 2208 6612 7596 4644 5568 5184 5748 5940 5100 3660 5100 5724 4056 4920 2568 3132 3960 2916 828 5076 2604 2268 3192 2976 7824 7104 7752 4632 5016 5808 5688 4836 8304 4452 2604 6684 7248 5088 6624 3396 4488 1776 1296 5784 8424 4284 2304 7224 912 3540 6516 7620 4092 5292 5172 1236 4512 3084 7536 7860 2088 
10528 4914 10472 6062 4578 9212 6538 5782 8470 8442 3010 7490 2562 9898 5754 896 5068 10010 5236 5936 3444 8442 6930 5908 9730 8106 1694 9604 1610 6090 6734 6888 3472 1820 7868 10612 5096 2506 5740 12516 2828 10052 9016 8120 10066 3514 10962 7182 3164 1512 4508 4984 10822 6006 7098 1918 7098 8778 8946 3290 3598 9534 3808 2548 4060 11326 11480 8820 2282 1624 3052 10108 10290 4718 4144 10682 8092 6734 8344 8344 3864 6874 3458 7812 7616 3430 8960 11060 9954 7952 9450 9394 7182 8470 10262 8232 7308 1960 8540 8904 2142 3052 10486 8428 6132 9184 11564 5054 5376 9016 9324 6160 6678 5740 5012 5852 5222 8834 8988 10262 9982 6202 6510 602 6888 1260 9786 7070 6328 4284 6328 3556 10892 5656 3920 3822 4704 6860 4676 6062 10360 7784 1890 7210 3654 6230 8834 7784 5712 4998 5488 3906 6580 7266 7266 10822 9114 1400 2744 6202 
4110 2140 3730 2110 2390 4450 2870 1900 5690 2420 2300 1470 5240 3260 1060 4440 1790 4840 4000 1130 4640 4190 2560 3750 5890 3220 3490 3880 5030 490 1720 3460 1770 4880 1840 4350 430 5630 1830 5210 4520 6470 4410 1950 6390 2610 4350 4780 1910 2950 2790 830 3900 2130 3460 3220 1190 3650 2890 4990 1800 5650 1490 2190 2310 4170 4500 4010 2320 2920 2590 6010 4270 2100 3050 3740 2070 4680 4310 3270 1620 1480 2700 3840 4620 2380 5970 3990 4050 2570 3170 4990 3190 3750 4880 2400 3970 2540 2410 5710 4550 2620 3810 2080 440 2630 4410 380 4400 2550 2730 1060 880 3520 3200 4980 2920 4940 2540 4370 4290 1740 4750 4010 1690 3560 3240 1140 720 890 670 3050 4190 3410 1580 2040 640 1390 2690 730 5890 3360 3250 2680 2580 2610 2600 3640 1480 1090 1960 3150 760 1260 3460 4120 3230 4720 5550 3350 
9254 2422 8106 1582 2702 10626 8498 1918 12390 7000 4326 4186 9772 7378 2996 8176 2478 11088 9730 6048 9786 10332 8036 9590 12740 8848 7700 9450 8834 4872 6776 868 4158 9072 6062 9800 4956 9716 7056 9870 9380 13552 10584 5936 13440 7434 9436 11074 6104 6636 2828 3584 7966 1582 9338 5404 5208 9380 7686 10024 6258 12404 4018 5082 7266 7616 9128 9982 5460 5698 4228 12894 9842 2618 8260 7532 6468 10878 10514 8876 3794 2884 7532 882 10934 3850 12810 7588 9604 2086 7882 11452 112 9646 11074 7196 10038 5684 3724 12460 9058 4228 8358 5306 4592 5824 8470 4802 10234 6314 5992 5894 4998 9268 8708 11018 8400 11410 6314 10094 10066 6902 10920 6986 2492 6104 7560 5040 3892 4466 5012 3878 9044 9114 3780 3542 4956 3066 7966 5390 12712 9142 7476 910 7462 8148 3878 9562 6566 3248 2044 8302 4550 4956 9338 8890 8372 8680 10024 9128 
1584 8412 2964 8148 8736 2148 3864 7968 5340 3204 8400 5640 9852 3360 6924 9660 7980 1632 6036 4680 8256 2820 3444 5160 4236 2436 8136 1212 10284 5316 3888 9732 7788 9768 4020 960 5784 10800 4488 3252 8520 5112 2352 4140 4932 6432 1752 5184 6756 8100 9204 6864 3492 8196 3648 9252 4776 1884 2628 8880 6360 3984 7512 7956 5916 4524 2760 2088 7908 8676 8784 4032 768 8376 6144 3888 3672 5508 3120 2220 7716 6732 6504 9948 4464 8616 5352 4236 996 7704 2544 2868 9240 2292 1272 3060 3936 8112 6456 4884 9012 8820 2676 4824 5508 4644 3732 5904 6408 4020 4548 4644 5028 5100 5508 6792 5136 3528 4008 612 816 4176 5832 9708 7080 9456 3084 4920 5988 6672 5124 9444 2196 5088 7680 8256 6048 6576 5508 4980 3444 2820 7872 8436 6312 4068 6480 3024 4620 7164 8112 6396 5388 4968 3468 2316 2040 9792 10308 4512 
5020 4290 5330 4740 4320 3570 1770 4500 3250 3920 3340 4320 3220 5060 3880 3130 4120 4150 1070 2390 2010 3000 2240 1230 3970 3000 1870 4130 3610 3090 2600 5930 3110 3140 3820 4930 2560 4000 1720 6670 2140 4300 3420 4070 4280 660 5350 2270 1590 2130 4560 3340 5710 4740 2060 3520 3590 3430 4110 2500 1400 3800 3080 2710 690 6320 5920 3350 2500 2940 3640 4210 4640 4170 120 5730 3830 2020 2910 3200 3270 4470 640 6460 2450 3700 3590 6080 4410 5550 4470 3650 5830 3130 4360 3670 2170 2530 5340 3460 2500 3670 5260 4580 3240 5030 6240 2630 1430 4680 5080 2610 3390 1060 530 2000 720 3260 4660 4560 4320 2140 1980 3420 4650 3440 4900 3640 3700 2680 3160 4280 5410 990 3280 3640 2430 4380 460 2800 4360 2650 1700 5480 600 1630 5520 2580 1970 3560 4420 320 3540 3820 2190 5390 4020 3190 3600 1380 
2835 6420 2145 5880 6900 4980 4215 5700 8295 495 6930 2625 10560 1530 4455 9705 5865 5175 7110 2760 9105 5085 3270 6255 7830 3225 7995 3150 10575 2730 2220 7815 6135 10185 720 3375 3690 11415 3525 4365 9165 8895 5055 750 8715 6090 3120 7305 5715 7485 7500 4620 2535 5940 4785 8265 1755 3495 1140 9795 5325 7440 5715 6675 5415 3345 3285 4305 6780 7740 7365 7815 3450 6420 6285 2475 390 7425 5430 3075 5910 4020 6225 8025 6675 7050 8580 2985 3225 5205 1365 6075 7140 4065 5040 915 5610 7095 3705 8040 9465 7410 2235 1665 2865 1785 3345 3780 7725 1005 1770 2490 2175 5970 5955 8520 5385 6420 975 3750 3810 2910 7695 9300 4440 8730 1410 1890 3255 4755 2460 8025 2820 5850 5850 6510 4110 3840 5445 2595 7365 3900 7620 6135 5970 4080 3795 4500 3225 4935 5940 6555 2550 1875 4635 2700 1935 10035 11085 5340 
9674 1358 8736 1540 1358 10472 8092 1694 11760 7308 2982 4704 8344 8008 2898 6692 1750 11032 8862 5810 8568 10052 7784 8890 12320 8750 6426 9604 7322 4802 6650 1078 3038 7616 6370 10122 4550 8190 6650 10640 8106 13034 10402 6342 12950 6496 9926 10402 5138 5362 1288 3122 8708 1484 8932 3892 5418 9352 8008 8722 5404 11998 3052 3836 6454 8568 9800 9856 4214 4284 2786 12530 10094 1512 7364 8330 6776 10136 10178 8820 2772 3374 6580 2016 10374 2464 12208 8470 9814 3276 8288 11186 1512 9492 11074 7406 9562 4396 4718 11900 7700 2772 8932 5922 4564 6566 9296 4396 9324 6902 6734 5726 5110 8568 7938 10080 7714 11032 6902 10276 10192 6636 10122 5460 3052 4592 8120 5264 4004 3780 5012 2296 9590 8428 2772 2324 4410 3514 7224 5264 12432 8918 6244 2044 6552 7714 4928 9282 6202 2744 1512 7350 4690 5264 8974 9450 8610 7196 8540 8554 
3744 3804 3480 3672 4116 4200 2580 3444 6060 1776 3900 1872 6768 2976 2388 6024 3384 4620 4464 576 5736 3972 2028 3960 6108 2688 4680 3408 6720 732 900 5292 3264 6432 1260 3996 1236 7392 1512 5232 5712 6864 4164 1512 6756 3252 4056 5064 2832 4224 4584 2244 3768 3696 3252 4908 876 3180 2292 6240 2532 5808 2952 3612 2760 4296 4356 3648 3672 4452 4260 6204 3888 3756 3564 3672 1428 5028 4152 2724 3132 2544 3360 5664 4752 4044 6372 4044 3624 3804 2664 4920 4896 3360 4644 1680 3912 3924 3132 6000 5892 4296 3504 2052 960 2604 4416 1332 4968 2280 2688 312 732 3696 3492 5640 3060 4944 2256 4008 3900 1164 5184 5688 2868 5244 2880 948 1572 2136 600 4860 3912 3576 3084 3660 1560 2388 2952 372 6000 2940 4380 4200 3180 2328 3312 3336 1116 2544 3552 3744 1068 1164 3216 3840 2640 6300 7176 3348 
7728 12012 9170 12334 12152 4116 5390 12012 1862 8190 10948 10458 9408 9310 10892 10136 11662 4368 5096 7896 7350 3892 5992 4620 1344 5628 8638 6244 10556 9114 7336 14168 10514 9730 8792 7098 8932 10752 6832 10010 7952 336 3990 9128 504 7266 8092 3164 8470 9268 12572 10346 9842 12348 4564 11256 9198 5460 7854 7966 8092 1708 10388 10108 7056 11060 9296 4676 9842 10458 11396 1512 6566 11872 6398 10192 8512 3598 3584 5782 10668 11312 7238 14770 3010 11424 1372 10682 6482 12810 8134 3066 13860 4844 4746 7784 3850 9884 11858 1484 8764 11438 8862 10094 9408 10318 10332 9086 4970 9548 10276 8092 9198 4900 5628 4704 5712 2646 9534 6202 5852 7042 3822 10906 11676 11102 8946 9352 10150 9590 9044 12292 8526 5040 10654 11256 8988 11144 6258 8582 2212 5040 8512 13160 7154 5740 11998 4508 7336 10710 11998 6566 9604 9548 4592 8624 7154 10010 9884 4816 
4225 7371 5174 7540 7579 1586 1105 7254 2977 3822 6695 5720 7111 5109 6175 7124 6994 2353 2873 3354 5317 858 1560 1924 2860 1534 5486 2808 7748 4485 2808 9282 6175 7111 4238 3887 4407 8216 2444 6513 5655 3679 1391 4576 3549 3731 4654 2223 4498 5694 8008 5746 5785 7566 390 7293 4550 1807 3679 5993 4082 2548 5980 6006 3289 6825 5642 1391 5850 6578 7137 3016 3406 7267 3198 5993 4030 2457 832 1781 6240 6513 3770 9789 1586 7072 3237 6474 3159 7891 4056 1820 8944 1209 2639 3432 702 5980 7033 2795 6240 7163 4966 5460 4745 5759 6370 4550 3276 5083 5746 3523 4537 1885 2431 3744 2132 1625 5057 3198 2834 2548 2769 7436 6851 7345 4797 4680 5434 5148 4394 7943 4901 1898 6214 6812 4524 6344 2639 3978 2925 871 5252 8255 3588 1469 7176 403 2873 6084 7280 3458 4914 4875 286 4940 3185 7202 7618 1287 
4323 7744 5368 7909 7898 1441 2442 7667 1551 4510 7084 6314 6743 5445 6754 7018 7436 1848 3036 4367 5115 1133 2816 2376 902 2497 5698 3113 7458 5313 3872 9383 6677 6864 4983 3872 5247 7755 3586 6204 5511 1650 1298 5258 1529 4356 4642 1705 5170 6017 8250 6380 5907 7920 1782 7480 5324 2409 4268 5676 4829 627 6523 6457 4070 6842 5566 1793 6292 6864 7447 1034 3454 7645 3762 6149 4763 2090 891 2629 6754 7018 4356 9812 1100 7425 1584 6545 3333 8184 4521 726 9097 1903 2178 4202 1342 6369 7392 1144 6094 7480 5148 6006 5544 6182 6325 5368 3179 5588 6160 4510 5346 2508 3091 3289 3003 154 5566 3179 2882 3685 2387 7436 7315 7458 5159 5445 6127 5852 5236 8140 4950 2585 6732 7227 5335 6886 3454 4895 1122 2046 5533 8503 4257 2739 7513 1639 3960 6666 7678 3949 5665 5599 1771 5016 3740 7007 7161 2222 
4301 5929 4983 6193 6050 2156 891 5940 2332 3674 5181 4961 5192 4851 5082 5258 5654 2805 1606 2794 3663 1507 1573 792 2695 1969 3894 3146 5764 3762 2530 7634 4796 5214 3883 4059 3531 6138 1914 6226 3960 3234 1980 4180 3168 2464 4675 1419 3256 4136 6391 4620 5478 6204 594 5577 3993 2299 3652 4235 2926 2475 4675 4554 2167 6314 5456 2013 4378 4961 5544 2915 3674 5819 1936 5610 3762 1474 1364 2189 4895 5489 2486 8118 1155 5533 2640 6017 3454 6677 4026 2189 7403 1826 3069 3344 561 4466 6105 2354 4466 5577 4829 4895 3982 5236 6006 3641 1969 4708 5247 2992 3905 759 1265 2420 1100 1793 4686 3520 3212 2167 1683 5588 5753 5566 4609 4092 4565 4026 3740 6248 4840 781 4884 5368 3553 5357 1551 3355 2992 1430 3707 6875 2365 1089 6248 1155 2310 4906 5918 2145 4191 4268 759 4862 3333 5302 5621 319 
7380 12180 8910 12465 12345 3510 5010 12120 1830 7875 11130 10365 9900 9075 10905 10545 11775 3795 5070 7665 7680 3285 5580 4425 540 5145 8865 5790 11070 8970 7020 14460 10635 10200 8550 6705 8820 11340 6570 9840 8295 600 3360 8910 375 7245 7770 2985 8490 9465 12810 10350 9645 12480 4110 11550 9015 4935 7500 8370 8055 915 10470 10245 6975 10935 9060 4095 9975 10695 11625 765 6135 12030 6360 10005 8235 3510 2970 5295 10770 11310 7230 15075 2610 11625 1425 10545 6045 12900 7815 2370 14100 4305 4200 7455 3375 10050 11835 1185 9150 11655 8580 9930 9285 10155 10170 8985 5055 9345 10110 7875 9030 4680 5475 4905 5505 1965 9315 5745 5370 6735 3825 11295 11700 11430 8685 9180 10080 9585 8880 12585 8235 4815 10755 11415 8910 11115 6105 8400 1560 4545 8700 13320 7125 5400 12000 3975 7080 10740 12135 6555 9465 9375 4125 8340 6750 10455 10440 4500 
4176 6300 4920 6516 6468 2052 564 6240 2916 3504 5616 5004 6024 4776 5268 6000 5976 2748 2220 2712 4404 1392 1224 1356 3084 1632 4476 2940 6576 3768 2328 8112 5148 6000 3768 3936 3600 7020 1800 6276 4692 3768 1872 4092 3672 2844 4584 2016 3564 4656 6864 4824 5460 6528 240 6144 3936 2028 3468 5028 3180 2808 4980 4968 2436 6360 5436 1788 4800 5484 6012 3264 3528 6192 2364 5604 3624 2112 1344 1884 5220 5652 2880 8604 1596 5976 3216 6048 3276 6948 3864 2268 7824 1560 3000 3144 768 4932 6240 2868 5208 6048 4752 4884 4008 5220 6036 3732 2640 4632 5232 2904 3876 1260 1680 3156 1380 1992 4608 3372 3048 1992 2364 6264 5952 6180 4500 4056 4656 4236 3720 6768 4764 1236 5208 5748 3672 5508 1836 3312 3252 1056 4248 7212 2712 864 6396 852 2220 5148 6252 2616 4200 4248 384 4776 3120 6072 6492 660 
4764 8496 5904 8676 8664 1620 2712 8412 1656 4980 7764 6948 7368 5988 7416 7680 8160 2052 3324 4812 5592 1296 3132 2616 924 2784 6240 3444 8160 5844 4284 10284 7320 7500 5496 4272 5772 8472 3960 6804 6024 1752 1464 5784 1608 4788 5112 1848 5676 6600 9048 7008 6492 8688 1992 8196 5868 2676 4704 6204 5304 636 7164 7080 4476 7512 6120 2016 6900 7524 8160 1080 3804 8388 4140 6756 5256 2280 1032 2916 7404 7716 4788 10752 1212 8136 1680 7188 3684 8976 4980 816 9972 2124 2412 4632 1500 6984 8124 1212 6660 8196 5664 6612 6096 6804 6948 5904 3468 6156 6768 4968 5880 2760 3396 3588 3312 228 6132 3516 3180 4068 2592 8136 8028 8160 5676 5988 6732 6420 5772 8916 5448 2844 7392 7932 5856 7560 3804 5388 1200 2280 6060 9336 4668 3036 8244 1836 4368 7320 8424 4332 6240 6156 1980 5520 4128 7656 7824 2460 
8070 6300 8490 7065 6285 5955 3240 6705 5265 6345 4725 6720 4245 8055 5865 4095 6090 6825 1845 3930 2535 5100 3930 2325 6450 5085 2220 6780 4815 4875 4350 8760 4470 4125 6120 7980 3990 5415 3045 10515 2655 6885 5730 6495 6870 780 8580 3810 2220 2715 6600 5025 9030 7050 3690 4845 5700 5745 6660 3240 2055 6210 4470 3765 1200 9915 9405 5625 3420 3990 5160 6825 7530 6105 420 9045 6180 3390 4950 5385 4755 6825 675 9600 4170 5280 5775 9555 7185 8415 7215 6060 8685 5280 7140 5985 3810 3420 8235 5640 3165 5190 8400 7215 5085 7905 9840 4080 2265 7425 7995 4260 5370 2130 1350 3060 1680 5445 7395 7425 7065 3660 3255 4590 7065 4680 7815 5760 5715 4005 4995 6105 8640 2040 4770 5250 3735 6705 1230 4485 7080 4575 1995 8220 780 3030 8505 4470 3345 5310 6540 180 5550 6030 3885 8610 6570 4185 4815 2655 
7968 6192 8388 6948 6084 5880 3996 6660 4344 6696 4704 6972 2208 8064 6144 2796 6120 6576 1836 4788 456 5148 4644 2688 5628 5472 1848 6840 3120 5508 5112 8136 4692 2412 6540 7812 4764 3324 4056 9972 888 5724 5676 6840 5772 2148 8364 3384 3096 2712 6240 5424 8844 6924 4140 4380 6204 5940 6912 1080 3120 5520 4788 3960 2604 9564 9084 5724 3636 3768 4968 5988 7428 6024 1848 8868 6576 2952 4944 5724 4980 6972 2040 8868 3936 5160 4752 9276 7164 8196 7356 5724 8184 5496 6876 6396 4008 3504 8160 4800 1572 4980 8304 7416 5664 7980 9480 4812 1704 7584 8040 5052 5928 2688 2304 1944 2724 5112 7560 7296 6984 4560 2688 3648 7128 4032 7872 6240 6132 4608 5628 5652 8460 2700 5004 5268 4524 6888 2532 5220 6336 4980 1920 7920 2196 3888 8388 4776 4320 5616 6492 1632 6048 6456 4320 8448 6780 2640 2664 3276 
1428 9366 3024 9044 9744 2534 4270 8820 6314 3262 9380 6090 11256 3458 7602 10976 8848 2072 6902 5040 9436 3262 3696 5866 5138 2548 9198 1022 11718 5740 4116 10878 8680 11130 4200 700 6314 12348 4886 3570 9730 6174 2758 4354 5964 7210 1694 6034 7532 9114 10290 7546 3668 9086 4088 10416 5110 1946 2576 10164 7070 4816 8330 8890 6594 4872 2884 2352 8862 9758 9842 4928 420 9310 6916 4102 3794 6384 3626 2282 8568 7378 7294 11130 5208 9632 6370 4536 714 8498 2492 3472 10290 2520 1694 3108 4508 9100 7042 5810 10262 9884 2688 5138 5964 4942 3990 6454 7350 4214 4830 4984 5390 5782 6216 7840 5768 4200 4200 364 756 4494 6748 10990 7770 10668 3122 5264 6510 7364 5516 10584 2184 5754 8526 9198 6636 7196 6160 5376 4270 3080 8890 9366 7070 4480 7070 3374 5012 7896 9002 7210 5824 5306 3892 2310 1904 11144 11802 5082 
1430 5700 2250 5560 5950 1390 1950 5380 3930 1650 5610 3610 6930 2320 4500 6700 5350 1470 3920 2530 5670 1650 1500 3200 3370 720 5440 420 7230 3130 1870 6900 5120 6830 2250 1230 3450 7690 2350 3190 5850 4110 1480 2430 3970 4020 1760 3510 4240 5360 6340 4390 2730 5580 1940 6310 2790 460 1300 6180 3900 3110 4890 5230 3570 3580 2520 1000 5200 5840 5940 3310 920 5650 3830 2950 1980 3710 1920 510 5060 4450 4080 7140 2970 5810 4040 3310 690 5370 1480 2150 6520 950 1400 1420 2350 5370 4440 3650 6210 5970 2060 3090 3300 3120 3140 3560 4270 2560 3070 2510 2950 3110 3360 4680 3020 2500 2550 890 740 2080 3950 6710 4740 6490 2060 2910 3750 4190 2980 6500 1950 3070 5030 5510 3670 4320 3280 2820 2960 1180 5210 5890 3910 2080 4510 1500 2450 4650 5480 4040 3260 2990 1800 1990 770 6830 7310 2600 
6512 2552 5500 1628 2882 7920 6468 1859 9625 4851 4026 2640 8283 4950 2310 7095 2420 8206 7733 4499 8085 7777 6006 7513 9735 6512 6523 6820 7656 3531 4961 1815 3751 7755 4136 6974 3817 8360 5368 6787 7821 10428 7909 3982 10329 6039 6611 8635 5060 5731 3113 2926 5324 1672 7106 5005 3564 6886 5368 8338 5104 9460 3564 4510 5819 4961 6270 7403 4796 5126 4037 9823 7073 2695 6633 4961 4444 8525 7942 6501 3443 1804 6127 1551 8437 3718 9933 4972 6897 704 5467 8624 1210 7161 8162 5049 7689 5005 1969 9614 7656 4048 5720 3377 3300 3696 5676 3729 8162 4158 3817 4334 3498 7249 6886 8800 6589 8679 4158 7282 7304 5170 8602 6237 1529 5555 5126 3443 2717 3685 3586 3927 6270 7139 3410 3399 3916 1947 6303 3949 9614 6820 6314 748 6039 6204 2046 7205 4961 2739 2090 6699 3157 3333 7084 6149 5940 7480 8514 7062 
1330 8064 294 7434 8526 4844 5292 7308 8498 2142 8638 4284 11830 994 6216 11144 7546 4662 8134 4648 10304 5306 4438 7210 7616 3808 9492 2716 11942 4718 3948 9114 7896 11522 2828 2058 5600 12698 5124 1918 10430 8666 5012 2716 8470 7616 1204 7868 7434 9086 9086 6454 896 7490 5558 9884 3780 3640 1736 10976 7028 7280 7504 8400 6972 2128 896 4382 8484 9380 9044 7490 2478 8078 7644 1344 2520 8092 5684 3542 7672 5628 7728 9170 7126 8736 8652 1778 2492 6412 1218 5908 8428 4326 4368 2394 6216 8778 4802 8106 10794 9072 112 3094 4830 2590 1400 5698 8680 2086 2436 4424 4186 7014 7182 9338 6650 6468 2086 2856 3150 4564 8400 10822 5992 10304 868 3878 5110 6622 4466 9632 700 6930 7616 8232 6006 5474 6832 4592 6888 4522 9142 7462 7490 5306 4746 5040 4956 6734 7560 7924 4494 3808 5376 532 2030 11424 12334 6342 
4608 7632 5616 7860 7788 1656 1884 7584 1800 4464 6876 6252 6624 5604 6612 6852 7308 2292 2580 4020 4872 996 2400 1788 1752 2304 5388 3264 7356 5076 3564 9444 6444 6720 4884 4212 4944 7704 3132 6720 5268 2436 1440 5196 2340 3900 4992 1380 4788 5724 8172 6168 6192 7872 1176 7308 5172 2376 4284 5496 4416 1488 6288 6192 3588 7176 5952 1800 6000 6636 7272 1956 3744 7524 3276 6408 4680 1740 672 2496 6528 6960 3912 9936 660 7248 2016 6852 3564 8244 4620 1296 9156 1788 2640 4104 612 6096 7464 1596 5880 7308 5400 6012 5328 6276 6696 5076 2796 5640 6252 4200 5148 1908 2532 3048 2424 744 5616 3492 3156 3288 2064 7272 7260 7284 5304 5292 5964 5556 5016 8028 5268 1980 6516 7056 5016 6804 2916 4620 2052 1716 5208 8544 3780 2196 7608 1236 3552 6480 7584 3480 5496 5472 1200 5316 3792 6852 7080 1572 
9348 4764 9360 5748 4476 8040 5784 5508 7176 7608 3132 6900 1680 8880 5460 216 4896 8736 4452 5460 2676 7368 6180 5100 8328 7188 1500 8484 852 5664 6096 6444 3504 1032 7152 9384 4812 1608 5208 11100 2124 8544 7872 7380 8568 3192 9720 6108 3072 1668 4416 4788 9672 5700 6228 2184 6528 7740 8016 2436 3420 8184 3792 2700 3696 10152 10200 7740 2460 1932 3168 8664 9084 4596 3636 9564 7332 5700 7248 7392 3852 6420 3132 7248 6540 3492 7584 9912 8796 7356 8448 8136 6708 7452 8964 7416 6336 2184 7836 7572 1464 3168 9360 7680 5712 8328 10320 4776 4500 8148 8436 5664 6168 4968 4368 4848 4596 7620 8124 9048 8796 5628 5484 912 6444 1608 8772 6504 5904 4152 5856 3588 9684 4908 3900 3816 4464 6396 4164 5604 8916 6864 1740 6732 3312 5556 8076 6828 5232 4800 5244 3408 6108 6684 6372 9624 8124 648 1800 5412 
6828 1524 6420 2280 1536 6744 4524 2004 7464 4824 828 3420 5028 5856 1836 3816 1428 7308 4932 2928 4836 6276 4440 4992 8052 5388 3084 6396 4476 2532 3720 3492 180 4488 4152 7068 1848 5244 3360 8184 4524 8616 6636 4272 8556 2904 7128 6288 1740 2220 1860 1200 6612 2256 5220 1944 3360 5952 5364 5076 1980 7800 168 912 2880 6864 7344 6252 1200 1728 1188 8268 6912 1368 3648 6408 4428 6048 6324 5520 288 2796 2976 4188 6324 1008 7860 6684 6636 3756 5724 7236 3492 5940 7416 4764 5700 1452 4236 7632 4320 1212 6504 4344 2448 5004 7224 1740 5316 4992 5124 2988 2988 4728 4152 5976 4008 6996 4980 6996 6852 3504 6024 3060 2808 2424 5832 3288 2436 936 2748 1836 6960 4608 312 744 1560 2784 3564 2700 8256 5388 2868 3276 2940 4200 4476 5616 3072 1176 1812 3636 2796 3408 5280 6876 5712 4212 5316 4776 
4697 2233 4312 2288 2497 4983 3168 2046 6237 2849 2343 1804 5577 3795 1166 4686 1870 5423 4312 1309 4939 4664 2871 4081 6501 3630 3652 4411 5324 737 2002 3762 1749 5170 2222 4950 385 5995 2024 5929 4807 7128 4917 2354 7051 2728 4972 5225 1925 3047 2926 792 4488 2299 3828 3333 1507 4125 3355 5313 1826 6248 1452 2200 2420 4796 5148 4488 2332 3003 2651 6644 4851 2178 3245 4323 2475 5093 4774 3707 1595 1738 2827 4202 5071 2442 6556 4598 4609 2915 3674 5555 3487 4213 5478 2805 4378 2585 2816 6270 4818 2684 4378 2497 693 3102 5060 286 4741 3014 3212 1276 1177 3817 3443 5379 3146 5467 3003 4950 4851 1969 5159 4202 1936 3707 3773 1463 946 770 935 3179 4807 3707 1551 2068 539 1639 2871 946 6534 3762 3388 2959 2706 2882 3025 4059 1650 1089 2079 3344 1045 1595 3839 4719 3707 4994 5907 3663 
434 8806 1414 8274 9240 4074 5068 8120 7826 2590 9184 5152 11872 2016 6958 11354 8274 3752 7882 4970 10220 4648 4284 6902 6790 3402 9632 1988 12138 5292 4144 10024 8442 11648 3472 1036 6076 12838 5208 2030 10416 7840 4270 3472 7630 7686 112 7350 7700 9352 9800 7098 1974 8330 5152 10346 4438 3052 1960 10920 7266 6468 8064 8834 7042 3164 1176 3696 8876 9786 9604 6622 1540 8792 7588 2450 3094 7630 5040 3108 8260 6496 7798 10136 6566 9324 7924 2842 1666 7406 1540 5096 9366 3738 3416 2674 5726 9156 5824 7378 10850 9646 1078 4018 5446 3626 2254 6188 8386 3010 3486 4802 4816 6734 7014 8988 6510 5740 3010 1918 2268 4676 7966 11158 6874 10710 1764 4578 5838 7126 5040 10262 448 6678 8204 8848 6454 6328 6790 5068 5978 4088 9296 8400 7560 5152 5796 4536 5152 7406 8344 7882 5180 4550 4956 588 1792 11592 12404 6048 
1947 7623 1540 7029 7997 4796 5522 6963 7755 3135 8184 4576 10736 2046 6160 10208 7205 4488 7755 5104 9515 5269 4873 6996 6897 4257 8910 3179 10846 5104 4554 8250 7590 10516 3630 2354 5830 11429 5478 132 9636 7711 4950 3498 7546 7425 1606 7392 7293 8591 8437 6424 1408 7084 5643 9185 4334 4015 2794 10054 6985 6644 7282 8019 6930 1793 781 4521 8096 8800 8481 6732 2783 7645 7436 1716 3410 7601 5566 4037 7403 5599 7513 8206 6776 8228 7821 1716 2915 6017 2398 5577 7678 4554 4191 3333 6116 8338 4719 7392 9933 8514 1540 3608 5170 3091 990 5896 8162 2882 2959 4928 4675 6864 7029 8646 6622 6105 2893 3058 3355 5027 7865 9955 5852 9526 2079 4411 5324 6611 4906 8910 1386 6809 7359 7821 6149 5489 6798 5038 6204 4807 8635 6919 7337 5555 4620 5181 5357 6622 7183 7656 4884 4323 5489 1375 2915 10428 11143 6314 
9380 2086 8288 1442 2310 10598 8400 1750 12236 7098 3962 4312 9394 7560 2926 7784 2226 11088 9506 5978 9464 10276 7980 9408 12642 8834 7364 9506 8428 4844 6748 560 3836 8680 6146 9898 4830 9310 6944 10094 9058 13426 10556 6048 13328 7182 9590 10906 5838 6300 2408 3430 8176 1414 9240 4998 5250 9394 7784 9688 6034 12306 3738 4746 7056 7882 9338 9954 5124 5320 3836 12824 9926 2282 8022 7756 6552 10696 10430 8876 3500 2982 7280 1036 10794 3472 12670 7840 9674 2394 8008 11396 322 9618 11088 7252 9926 5334 3990 12334 8694 3836 8526 5474 4564 6034 8708 4676 9996 6482 6202 5838 5012 9086 8512 10780 8218 11326 6482 10164 10122 6832 10724 6580 2590 5698 7728 5096 3892 4270 4998 3458 9198 8932 3486 3206 4802 3150 7770 5348 12656 9086 7140 1148 7224 8036 4158 9506 6468 3080 1806 8050 4578 5026 9254 9058 8442 8288 9632 8988 
6513 2652 5421 1599 3120 8060 6357 1703 10101 4485 4173 1846 9022 4758 1677 7709 2301 8411 7969 4030 8580 7878 5798 7644 10205 6396 6838 6799 8424 2886 4550 2808 3692 8437 3627 7046 3315 9256 5070 7085 8333 11024 8047 3458 10907 6058 6669 8957 4966 5954 3536 2457 5304 1664 7111 5434 2912 6838 5109 8944 4953 9880 3406 4576 5733 5044 6383 7449 4888 5408 4303 10309 7124 2782 6708 4901 3991 8853 8086 6383 3328 845 6162 2847 8684 3913 10452 4992 6903 572 5252 8892 2145 7163 8359 4693 7800 5161 1443 10075 8203 4329 5655 2821 2626 3315 5785 3211 8489 3770 3471 3822 2821 7345 6942 9243 6565 8944 3770 7358 7371 4810 8944 6812 585 6058 4927 2769 1937 3328 2938 4394 6292 7202 3276 3458 3484 1001 6266 3380 10062 6760 6565 1248 6045 6058 1651 7202 4602 2327 2028 6812 2431 2639 7072 6162 5772 8138 9334 7085 
4092 3245 3982 3355 3454 3960 2112 3113 5203 2387 2992 2332 5357 3553 2211 4697 2904 4444 3443 429 4444 3619 1837 3102 5445 2662 3454 3586 5335 990 1133 4818 2453 5049 1991 4246 704 5951 968 5588 4400 6072 3894 2233 5984 2167 4411 4213 1771 3058 3861 1826 4279 3366 2772 3817 1562 3179 2805 4895 1485 5181 2200 2618 1727 4785 4774 3498 2640 3355 3355 5588 4070 3168 2508 4202 2123 4114 3718 2772 2398 2640 2266 5269 4026 3212 5522 4543 3817 3850 3179 4499 4543 3201 4521 2233 3311 2849 3465 5225 4554 3388 3993 2673 1177 3212 4873 825 3894 2937 3289 594 1309 2849 2552 4532 2200 4411 2915 4136 3993 946 4213 4444 2893 4081 3443 1606 1738 1441 1056 3971 4323 2728 2376 2904 858 2519 2013 671 5478 2728 3179 4004 2101 1826 3663 3003 594 2123 3135 2651 1474 1793 2783 4257 3014 4939 5731 2640 
5621 8646 6677 8910 8745 2739 3476 8657 770 5797 7810 7502 6721 6754 7788 7238 8371 3058 3234 5445 5093 2431 3971 2838 715 3784 6028 4411 7590 6413 5038 10351 7469 6952 6226 5148 6237 7766 4598 7469 5555 539 2596 6501 550 4917 5929 1716 5863 6501 9075 7337 7216 8921 2838 8052 6512 3718 5566 5588 5555 891 7359 7139 4752 8151 6864 3102 6930 7425 8151 1034 4730 8525 4246 7458 6028 2068 2156 3916 7590 8140 4895 10835 1562 8184 473 7854 4631 9317 5830 1936 10109 3201 3366 5478 2255 6974 8602 374 6182 8184 6457 7260 6633 7469 7634 6358 3179 6875 7447 5610 6490 3047 3619 3036 3685 1463 6853 4455 4158 4774 2277 7810 8415 7942 6468 6622 7227 6743 6358 8855 6248 3157 7579 8041 6270 7997 4114 5995 1606 3289 5918 9570 4829 3740 8734 2860 4994 7623 8646 4367 6798 6787 2871 6314 5049 7150 7106 2992 
1440 6840 156 6264 7236 4440 4740 6168 7548 1908 7392 3552 10248 732 5244 9624 6396 4284 7164 4056 8988 4812 3996 6384 6816 3492 8232 2604 10320 4044 3492 7680 6756 9972 2424 2052 4824 10980 4524 1620 9072 7704 4572 2292 7536 6648 1308 6984 6444 7848 7728 5496 480 6312 4992 8484 3204 3384 1644 9552 6108 6516 6420 7212 6096 1524 804 4020 7308 8064 7728 6708 2412 6852 6708 864 2196 7164 5136 3276 6552 4704 6744 7704 6360 7452 7680 1224 2424 5316 1212 5340 7080 3972 4032 2172 5568 7560 3924 7212 9360 7764 372 2520 4116 2040 960 4896 7644 1668 1908 3852 3564 6204 6324 8208 5868 5820 1680 2748 2988 4032 7428 9324 5004 8856 744 3288 4308 5676 3816 8220 864 6132 6504 7020 5172 4572 6012 3960 6204 4116 7932 6252 6540 4728 3864 4560 4356 5712 6384 6936 3816 3204 4836 720 1968 9876 10680 5640 
11220 7125 11505 8250 6855 9030 6420 7920 7380 9315 5085 9030 1095 10995 7560 1650 7170 9900 4155 6705 1545 8130 7080 5115 8970 8250 1605 9945 1935 7305 7335 9420 5340 1065 8925 11145 6255 2295 6075 13590 855 9105 8790 9270 9165 3405 11700 6150 3960 2640 6915 6660 12000 8205 6780 4260 8310 8910 9720 1200 4215 8820 5595 4305 4095 12750 12480 8745 3915 3675 5280 9405 10695 6915 3570 11940 9060 5625 7920 8550 5760 8715 3285 10395 6795 5625 7890 12420 10350 10080 10275 8970 9630 8430 10245 9000 6750 3630 10380 7950 15 5295 11445 9810 7425 10590 12795 6270 4080 10230 10695 7005 7890 5040 4395 4365 4815 8235 10200 10590 10230 6675 5310 2940 8820 3645 10800 8325 7860 5715 7500 5985 11745 5010 5805 5910 5865 8640 4395 7080 9810 7725 1950 9495 3540 6195 10680 7575 6255 6795 7635 3255 7935 8565 6990 11700 9690 1350 1650 5700 
1730 4450 1580 4170 4740 2860 2390 4020 5070 160 4650 2080 6820 1290 3160 6320 4080 3020 4360 1680 5780 2920 1750 3760 4750 1690 5140 1710 6890 1890 1190 5480 4120 6590 720 2000 2440 7430 2050 3010 5850 5470 2910 880 5350 3810 1980 4430 3670 4850 5140 3190 1930 4200 2740 5490 1360 1870 500 6250 3380 4490 3850 4410 3360 2590 2270 2410 4450 5100 4950 4750 1990 4430 3880 1970 440 4520 3160 1580 3990 2980 3900 5670 4000 4760 5250 2330 1800 3840 820 3590 5060 2250 2940 140 3290 4660 2890 4890 6080 4980 1560 1540 2020 1660 2460 2520 4770 1130 1640 1540 1590 3590 3620 5280 3230 3810 1110 2150 2160 1640 4710 6110 3260 5760 1120 1470 2370 3180 1710 5430 1860 3510 3960 4420 2710 2850 3310 1710 4450 2140 4890 4410 3730 2330 2960 2540 1910 3420 4160 4070 1880 1500 2640 1800 930 6520 7170 3150 
616 7282 1386 6864 7623 3311 4246 6743 6281 2409 7579 4400 9647 1903 5830 9251 6875 2992 6446 4257 8316 3806 3663 5665 5401 2915 7898 1738 9867 4532 3597 8228 6996 9471 3091 869 5148 10417 4422 1441 8492 6215 3465 3091 6050 6358 275 5951 6402 7689 8074 5940 1760 6908 4279 8492 3861 2596 1903 8877 6061 5148 6699 7304 5863 2640 946 3058 7337 8052 7909 5236 1298 7282 6259 2145 2805 6193 4103 2684 6853 5456 6446 8305 5324 7700 6336 2409 1452 6149 1584 4081 7700 3124 2695 2464 4697 7546 4895 5907 8844 7942 1133 3498 4653 3168 1859 5236 6842 2706 3047 4136 4158 5555 5797 7282 5401 4620 2706 1562 1870 4015 6468 9119 5753 8778 1727 3960 4950 5962 4334 8426 583 5511 6809 7315 5434 5335 5632 4345 4719 3443 7634 6952 6259 4334 4873 3773 4389 6182 6919 6490 4444 3938 4114 715 1738 9438 10054 4994 
3948 6720 2352 5796 7224 7042 6594 5768 10360 3052 7826 2926 12068 1890 4970 11046 6216 7042 9240 4886 10920 7280 5712 8484 9800 5572 9618 5026 11858 4270 4634 7182 7112 11620 2870 4662 5264 12698 5824 3584 10892 10822 7154 2506 10640 8022 3864 9478 7406 8946 7756 5516 1876 5866 7112 9184 3304 5684 3290 11508 7126 9436 6720 7854 7448 1246 3094 6468 8064 8876 8120 9730 4998 6790 8344 1372 2926 9590 7630 5390 6790 4032 8162 7042 8876 7756 10598 1246 4928 4270 3038 8106 6426 6300 6818 3472 7882 8386 2632 10080 11060 8162 2702 1918 4214 1176 2156 5292 9828 1722 1092 4578 3696 8218 8148 10584 7616 8526 1750 5376 5572 5264 9842 10430 4284 9744 2254 3304 4074 6048 4060 8512 3360 8092 6734 7210 5656 3934 7602 4452 9226 6258 9268 5474 7938 6440 2478 6818 5446 5670 6090 8582 3752 3080 6972 3192 4004 11410 12516 7644 
7260 2328 6228 1356 2664 8628 6936 1620 10344 5388 3948 2952 8616 5616 2280 7296 2220 8976 8184 4788 8460 8424 6468 7992 10536 7092 6732 7512 7896 3744 5352 1536 3684 8028 4584 7752 3960 8664 5712 7704 8160 11256 8604 4440 11160 6300 7392 9240 5196 5844 2904 2904 6072 1392 7632 4992 3900 7524 5964 8712 5280 10236 3504 4512 6084 5748 7092 8064 4824 5148 3948 10644 7824 2484 6960 5700 4932 9108 8592 7092 3348 1920 6384 1392 9060 3600 10680 5724 7620 1008 6096 9360 864 7788 8940 5568 8268 5052 2424 10356 7944 3948 6456 3852 3504 4260 6492 3852 8640 4716 4392 4632 3780 7716 7272 9324 6972 9384 4716 8040 8040 5532 9156 6336 1584 5592 5784 3756 2868 3720 3840 3792 7044 7584 3312 3264 4032 2076 6648 4200 10452 7392 6504 360 6300 6636 2544 7776 5280 2664 1848 7020 3396 3660 7620 6912 6564 7716 8856 7536 
4700 1540 4070 1130 1890 5470 3990 990 6820 3020 2380 1230 5940 3550 280 4980 1170 5810 5090 2210 5550 5260 3630 4880 7000 4200 4230 4700 5550 1360 2720 2460 1930 5520 2350 5030 1530 6180 2960 5470 5370 7590 5440 2330 7510 3600 4890 5910 2770 3580 2290 860 4100 1160 4580 3370 1670 4600 3520 5840 2750 6750 1670 2570 3360 4130 4840 5010 2790 3260 2550 7100 5020 1570 4110 3860 2630 5810 5390 4230 1660 510 3690 2760 5750 2270 7110 4020 4830 1490 3720 6060 2110 4770 5810 3100 5100 3010 1710 6840 5290 2580 4200 2090 1160 2610 4560 1440 5490 2770 2730 2090 1480 4650 4310 6060 4040 6040 2770 5170 5130 2830 5870 4370 600 3810 3620 1570 670 1510 1460 2800 4650 4540 1620 1890 1620 500 3790 1730 6960 4410 4010 1550 3590 3740 1910 4720 2600 830 1150 4180 1170 1560 4570 4560 3960 5300 6200 4490 
3570 7196 4410 7238 7476 1974 1106 6944 4438 2870 6748 5026 8092 4284 5740 7840 6762 2618 3878 2702 6300 1624 728 2898 4158 616 6062 2198 8568 3836 1946 9128 6104 7966 3346 3346 3962 9184 2002 6006 6566 5110 1890 3710 4956 4074 4046 3584 4578 6062 7980 5376 5054 7266 1218 7574 3766 1232 2744 7014 4102 3808 5838 6104 3486 6146 5012 1386 5992 6860 7210 4242 2898 7098 3752 5250 3108 3766 1876 910 6104 5964 4158 9604 2940 7084 4718 5768 2590 7420 3192 2730 8708 1008 2786 2450 1960 6188 6398 4214 7098 7252 4214 4662 4116 4956 5712 4116 4396 4242 4942 2814 3808 2744 3066 5012 2604 2814 4214 2786 2464 1862 4074 7966 6356 7728 3962 3920 4844 4886 3710 8050 4228 2688 6076 6734 4158 5782 2996 3318 3990 420 5768 7910 3934 1316 6552 938 2338 5754 7014 4046 4228 4102 1064 4242 2310 7994 8624 2044 
7220 2300 6360 1800 2430 8270 6760 2040 9530 5650 3610 3620 7480 5850 2830 6300 2400 8590 7600 5010 7570 8070 6430 7520 9790 7000 6060 7410 6750 4160 5520 750 3560 6960 4970 7630 4220 7370 5720 7570 7270 10360 8240 4870 10290 5950 7340 8590 4990 5300 2440 3240 6230 1800 7360 4300 4380 7380 6130 7720 5120 9540 3490 4190 5850 5910 7080 7810 4460 4570 3500 9900 7680 2440 6550 5900 5260 8440 8190 7010 3320 2720 6020 80 8490 3250 9830 5920 7500 1990 6260 8860 700 7570 8580 5790 7860 4610 3170 9580 7000 3490 6550 4380 3960 4720 6560 4120 7960 5100 4830 4890 4240 7290 6880 8510 6670 8840 5110 7860 7850 5620 8460 5420 2430 4800 6000 4260 3450 3860 4260 3160 7050 7180 3310 3090 4220 2850 6360 4540 9760 7210 5910 1290 5970 6500 3260 7520 5380 3000 2110 6570 3930 4190 7360 6940 6630 6660 7620 7200 
4250 1910 3750 1730 2210 4830 3310 1540 6150 2550 2360 1170 5590 3250 660 4720 1540 5190 4470 1540 5060 4600 2960 4230 6330 3570 3840 4140 5300 720 2070 3080 1840 5200 1900 4540 900 5920 2290 5200 4920 6920 4790 1950 6840 3050 4460 5250 2300 3250 2610 720 3850 1750 3910 3320 1210 3980 3040 5390 2230 6080 1560 2380 2770 4020 4520 4370 2540 3100 2600 6440 4490 1890 3520 3660 2170 5160 4730 3600 1630 1010 3140 3410 5080 2360 6440 3870 4290 2100 3280 5400 2770 4120 5200 2580 4420 2770 2010 6170 4910 2630 3850 1920 530 2470 4350 830 4870 2500 2580 1430 950 4000 3680 5450 3400 5370 2490 4620 4560 2160 5230 4210 1210 3710 3270 1120 330 1120 850 2980 4270 3890 1590 1990 1060 920 3160 1070 6300 3750 3610 2220 3030 3060 2200 4050 1930 900 1640 3610 680 1190 3900 4180 3430 5020 5870 3820 
10136 2156 9590 3332 1666 9996 7336 3178 10430 7784 1316 5824 5838 8890 3766 4144 2562 10682 7280 5614 6370 9408 7336 7574 11312 8470 4228 9660 4718 5082 6538 3682 1988 5082 6958 10444 4354 5586 6048 11620 5838 11872 9856 7070 11830 4942 10486 9058 3738 3220 1358 3332 9730 3262 8120 1358 6006 9128 8428 6398 4158 11046 2324 2086 5138 9898 10668 9450 2366 1974 840 11606 10262 2016 5824 9450 7294 8708 9422 8624 2114 4760 4984 4620 9226 1050 10906 9716 9954 5362 8834 10500 4088 9086 10822 7728 8596 2366 6412 10710 5306 798 9702 6986 4956 7742 10430 4214 7630 7840 7910 5684 5586 7294 6566 8302 6510 10150 7826 10374 10192 6272 8596 2856 4606 2016 8904 5894 4746 3304 5334 308 10262 7168 2170 1554 4018 4816 5950 5334 11662 8414 4130 4354 5040 6972 6692 8638 5754 3094 2828 5726 5292 6006 8218 10150 8862 4648 5992 7476 
10725 1680 9990 2850 1125 10890 8130 2745 11670 8160 1800 5805 7140 9225 3600 5340 2205 11595 8370 6030 7605 10320 8010 8580 12510 9180 5295 10350 5970 5280 7020 3030 2280 6345 7230 11100 4650 6900 6660 12135 7065 13170 10770 7305 13110 5820 11055 10200 4440 4185 615 3330 10095 2775 8985 2340 6195 9870 8880 7695 4830 12195 2535 2760 5940 10155 11145 10275 3105 2910 1380 12780 10965 1590 6780 9750 7620 9855 10380 9315 2250 4560 5880 4035 10305 1260 12165 10005 10635 5010 9285 11505 3495 9885 11715 8160 9555 3195 6270 11925 6540 1350 10140 7095 5100 7890 10800 4485 8775 8070 8055 6060 5775 8265 7515 9525 7395 11205 8055 11100 10935 6825 9765 3975 4335 3060 9270 6060 4755 3570 5550 585 10785 8115 2280 1560 4350 4650 6810 5640 12795 9195 5160 3855 5910 7710 6555 9480 6285 3015 2370 6705 5400 6135 9075 10650 9405 5880 7320 8385 
5210 4340 5530 4820 4340 3740 1960 4570 3290 4110 3330 4470 3020 5250 3980 2970 4180 4320 1040 2560 1810 3170 2440 1320 4060 3200 1720 4330 3440 3240 2790 5970 3130 2960 4000 5130 2680 3820 1910 6860 1940 4370 3590 4250 4350 650 5550 2320 1620 2040 4570 3430 5900 4810 2230 3450 3760 3620 4300 2300 1460 3910 3120 2690 800 6510 6120 3530 2470 2880 3630 4310 4830 4210 80 5920 4020 2050 3060 3390 3310 4590 610 6520 2540 3700 3640 6270 4600 5660 4670 3800 5900 3310 4540 3860 2300 2480 5490 3530 2310 3650 5460 4750 3390 5210 6430 2750 1360 4860 5260 2780 3550 1180 660 1920 900 3390 4840 4750 4510 2330 1980 3300 4770 3350 5090 3800 3830 2760 3310 4260 5610 1120 3310 3660 2540 4500 650 2960 4480 2840 1570 5570 610 1830 5670 2750 2150 3630 4480 130 3690 3980 2360 5590 4220 3020 3400 1540 
6071 9958 7345 10218 10101 2665 3757 9919 1248 6344 9048 8437 8099 7436 8866 8606 9607 3029 3848 6058 6162 2353 4290 3250 390 3965 7124 4654 9074 7202 5538 11934 8619 8320 6890 5512 7059 9334 5096 8255 6682 949 2509 7215 819 5694 6435 2067 6760 7618 10504 8385 7969 10231 2977 9425 7267 3848 6058 6786 6383 481 8476 8281 5447 9087 7540 3133 8060 8671 9477 793 5018 9828 4927 8268 6643 2522 2054 4121 8736 9230 5681 12480 1664 9477 1053 8736 4901 10621 6344 1716 11635 3263 3406 5980 2340 8125 9724 637 7410 9503 7072 8099 7475 8320 8450 7202 3861 7618 8294 6253 7267 3471 4160 3809 4173 1196 7592 4680 4342 5265 2821 9217 9568 9321 7111 7410 8164 7709 7124 10309 6812 3588 8723 9295 7124 9074 4693 6708 1391 3419 6968 10959 5590 4095 9867 2912 5551 8723 9919 5109 7644 7592 3003 6890 5434 8541 8567 3302 
6880 4810 7150 5500 4690 5310 3620 5260 4190 5710 3520 5740 1380 6840 4910 1740 4790 5900 2020 4030 460 4710 4110 2680 5230 4860 1070 6000 2030 4540 4380 6410 3570 1450 5510 6800 3870 2260 3510 8510 270 5340 5150 5750 5370 1780 7210 3360 2390 1830 4790 4310 7500 5470 3830 3150 5160 5280 5940 700 2480 5130 3690 2920 2220 8060 7770 5140 2650 2670 3710 5530 6500 4670 1740 7490 5580 3010 4560 5060 3830 5640 1690 7040 3790 3900 4530 7820 6270 6620 6310 5240 6480 4940 6130 5480 3780 2510 6690 4560 750 3720 7100 6170 4640 6670 8040 3900 1980 6380 6740 4250 4910 2650 2240 2210 2560 4750 6360 6410 6160 3930 2800 2470 5750 2820 6700 5180 4990 3640 4650 4250 7260 2630 3850 4020 3640 5570 2310 4340 5800 4490 1200 6320 1850 3500 6880 4360 3680 4430 5100 1540 4970 5360 3970 7240 5880 1620 1760 3100 
5005 4550 3705 3601 5018 7267 6162 3627 9906 3380 5811 1534 10231 3081 3081 9100 4121 7449 8294 4082 9438 7293 5434 7761 9672 5681 7956 5655 9841 3133 4212 4797 5213 9737 2717 5616 3952 10660 5122 5161 9308 10582 7306 2418 10426 6760 5070 8905 5928 7202 5486 3744 3445 3666 6812 7098 2522 5980 3887 9906 5759 9334 4862 6006 6305 3029 4576 6669 6253 6929 6032 9698 5811 4641 7241 3003 3003 8905 7566 5590 4875 2080 6877 4680 8476 5655 10192 3016 5668 2093 3874 8190 4095 6435 7306 3718 7540 6539 585 9750 9334 6058 3978 1521 2951 1599 3848 3926 8840 2262 1729 3796 2730 7475 7241 9581 6786 8437 2288 6110 6214 4680 9074 8372 2236 7670 3341 2431 2535 4433 3029 6279 4628 7345 4810 5161 4264 2054 6643 3497 9321 6201 7644 3224 6708 5941 442 6708 4680 3796 3939 7410 2548 2197 6721 4485 4602 9490 10608 7059 
5028 9420 6288 9564 9600 2004 3636 9300 2088 5592 8736 7704 8256 6456 8292 8628 9072 2124 4248 5676 6480 2016 3960 3576 612 3444 7200 3780 9096 6696 5088 11184 8280 8424 6180 4464 6684 9384 4872 6960 6924 1404 1932 6456 1224 5760 5328 2676 6648 7584 9996 7908 6864 9588 2928 9180 6624 3192 5244 7068 6276 540 8112 8064 5460 7908 6360 2532 7872 8496 9132 324 4032 9324 5112 7176 5916 3108 1848 3528 8352 8532 5772 11628 2136 9096 1896 7596 3960 9768 5448 1116 10848 2736 2448 5256 2472 7968 8844 1512 7584 9168 6024 7272 6936 7404 7260 6816 4344 6732 7356 5808 6684 3732 4368 4368 4296 1140 6720 3708 3420 4932 3408 9108 8856 9144 6144 6768 7572 7356 6600 9888 5712 3816 8340 8880 6780 8376 4788 6240 348 3048 7032 10188 5652 3960 8952 2652 5268 8232 9336 5304 7044 6912 2880 5796 4620 8592 8700 3444 
3828 3795 2794 3080 4191 5654 4730 3058 7887 2376 4741 946 8327 2244 2453 7425 3421 5819 6567 3003 7601 5665 4103 6094 7689 4312 6402 4312 8063 2244 3080 4235 4202 7931 1804 4334 2981 8734 3861 4136 7513 8459 5698 1551 8327 5324 3905 7040 4664 5797 4609 2948 2640 3135 5269 5819 1672 4565 2816 8019 4510 7403 3894 4840 4917 2442 3564 5148 5027 5632 4950 7711 4477 3861 5698 2299 2046 7051 5896 4235 3927 1683 5423 4202 6677 4653 8129 2376 4334 2013 2838 6446 3663 4950 5709 2651 5885 5280 748 7755 7568 4983 3014 803 2123 979 3047 2970 7029 1485 1100 2761 1870 5852 5676 7656 5291 6633 1496 4719 4796 3487 7205 6853 1892 6281 2431 1606 1848 3465 2134 5225 3564 5753 3883 4224 3256 1617 5181 2519 7403 4752 6138 2904 5269 4543 759 5181 3498 3025 3300 5852 1760 1408 5192 3432 3421 7744 8668 5489 
1036 8974 1232 8372 9422 4676 5614 8232 8442 2870 9464 5222 12362 1946 7112 11788 8442 4340 8442 5334 10752 5264 4816 7476 7392 3976 10094 2590 12572 5544 4550 10066 8722 12110 3668 1610 6384 13300 5670 1428 10934 8428 4872 3612 8218 8162 616 7952 8106 9758 9982 7322 1624 8428 5740 10668 4634 3654 2324 11438 7686 7070 8330 9170 7518 2730 588 4312 9226 10136 9870 7210 2142 8974 8106 2128 3332 8232 5642 3682 8512 6566 8274 10122 7168 9576 8540 2436 2282 7350 1834 5698 9380 4340 3990 3038 6328 9520 5740 7994 11340 9912 980 4032 5670 3542 1736 6496 8960 3024 3388 5152 5040 7308 7560 9562 7042 6342 3024 2506 2870 5124 8568 11550 6930 11060 1792 4760 6006 7420 5292 10500 378 7238 8456 9086 6776 6412 7294 5362 6552 4676 9744 8414 8036 5684 5684 5138 5572 7602 8470 8386 5376 4704 5544 476 2310 12040 12880 6608 
4587 2596 3740 1925 2992 5863 4521 1870 7700 2838 3575 605 7359 3168 1265 6369 2211 6149 6050 2574 6798 5742 4004 5698 7722 4466 5456 4785 6996 1628 2937 3223 3058 6919 2101 5016 2178 7689 3476 5214 6644 8437 5863 1980 8327 4576 4741 6765 3762 4785 3410 1826 3696 1969 5137 4653 1518 4829 3366 7161 3674 7447 2761 3740 4235 3630 4565 5357 3949 4510 3762 7799 5071 2651 5049 3399 2420 6710 5929 4444 2772 484 4675 3344 6501 3454 7986 3531 4884 1364 3509 6578 2706 5104 6105 3003 5731 4202 979 7656 6622 3795 3916 1518 1419 2013 4158 2123 6501 2310 2145 2376 1474 5445 5159 7139 4818 6666 2310 5269 5269 3212 6809 5731 759 5137 3278 1386 913 2442 1628 4015 4444 5335 2728 3036 2387 407 4609 2024 7568 4796 5203 1958 4543 4279 1199 5181 3080 1859 2112 5170 1177 1276 5093 4323 3916 6710 7667 5181 
7029 1672 6699 2552 1463 6776 4675 2343 7128 5214 165 3938 4125 6182 2420 2893 1782 7315 4686 3410 4213 6292 4686 4873 7799 5599 2530 6578 3465 3124 4125 3355 649 3575 4609 7227 2453 4169 3685 8316 3861 8250 6666 4730 8217 2827 7326 6050 1848 1694 1562 1903 6875 2519 5280 979 3894 6127 5698 4345 2167 7579 957 572 2959 7106 7535 6347 836 924 440 8019 7073 1518 3531 6688 4851 5786 6314 5731 913 3289 2871 4059 6160 572 7502 6941 6809 4059 6039 7150 3487 6061 7436 5137 5665 935 4620 7337 3553 473 6776 4796 3069 5401 7436 2376 4994 5390 5522 3487 3553 4653 4092 5544 4026 6886 5379 7128 6974 3883 5720 2079 3267 1452 6160 3828 3036 1639 3322 1144 7172 4543 957 792 2167 3300 3586 3256 8063 5533 2398 3454 2904 4378 4840 5698 3476 1826 2101 3465 3377 3949 5357 7095 5984 3278 4323 4785 
5621 5115 6039 5610 5137 3828 1980 5346 3223 4521 4048 5082 3542 5775 4664 3597 4939 4477 781 2926 2090 3179 2574 1067 4081 3344 2255 4587 4081 3740 3091 6919 3806 3531 4455 5489 3190 4466 2145 7469 2321 4400 3652 4741 4389 1100 5984 2156 2145 2640 5401 4070 6479 5610 2189 4191 4257 3784 4686 2651 1936 3916 3784 3355 1155 7183 6655 3630 3113 3564 4378 4367 5137 4983 396 6523 4455 1859 3047 3564 3993 5291 1056 7502 2409 4455 3597 6908 4895 6479 5082 3839 6809 3399 4719 4224 2200 3135 6226 3487 2794 4400 5951 5335 3916 5808 7051 3267 1188 5390 5852 3168 4059 935 440 1815 814 3366 5368 5027 4752 2585 1793 4004 5500 4081 5577 4323 4433 3344 3806 5071 6072 891 3993 4389 3058 5192 748 3410 4565 2904 2090 6424 1034 1881 6413 2761 2453 4301 5258 517 4235 4521 2332 6072 4543 3619 3960 1397 
2405 7774 1118 7033 8216 5746 6071 6968 9139 2899 8554 4160 11908 1417 6071 11167 7293 5551 8697 5148 10595 6175 5252 7865 8320 4745 9685 3757 11921 4966 4615 8437 7865 11583 3276 3055 5863 12649 5759 1469 10673 9295 5902 3055 9100 8021 2158 8528 7709 9217 8736 6435 559 7085 6357 9763 4030 4628 2704 11206 7371 7995 7488 8437 7436 897 1144 5317 8554 9373 8879 8190 3497 7813 8138 741 3107 8723 6526 4511 7605 5343 8138 8372 7852 8567 9282 715 3536 5785 2249 6721 7761 5265 5252 3211 6994 8840 4251 8775 10959 8918 1352 3029 5005 2366 156 5928 9217 2249 2210 4914 4433 7657 7761 9841 7267 7254 2275 3848 4147 5213 9009 10764 5629 10218 1612 4095 5109 6734 4745 9347 1690 7579 7553 8073 6240 5226 7397 4966 7618 5421 9360 6864 7917 6045 4134 5915 5538 6643 7241 8385 4628 3965 6201 1573 3094 11453 12363 7046 
1547 9048 3055 8749 9399 2444 4238 8541 5928 3367 9061 5993 10725 3484 7410 10491 8580 1911 6617 5031 9009 3159 3744 5668 4758 2652 8840 1274 11180 5681 4173 10452 8398 10621 4251 884 6214 11739 4862 3354 9295 5707 2665 4381 5499 6994 1729 5733 7319 8775 9919 7371 3614 8788 4017 9997 5096 2080 2743 9685 6877 4472 8086 8593 6422 4732 2808 2353 8554 9386 9477 4537 741 9009 6695 4043 3874 6084 3497 2418 8307 7189 7072 10673 4966 9282 5941 4420 1014 8229 2626 3250 9906 2548 1547 3237 4355 8775 6864 5434 9802 9516 2730 5096 5889 4888 3874 6344 7020 4225 4784 4979 5356 5603 6032 7462 5616 3952 4212 637 923 4498 6422 10530 7566 10231 3185 5239 6396 7176 5473 10179 2210 5577 8268 8892 6513 7033 5993 5343 3900 3107 8554 9035 6864 4446 6877 3354 4992 7683 8710 6968 5759 5278 3835 2340 2119 10647 11219 4953 
5447 10192 6812 10348 10387 2171 3926 10062 2223 6058 9438 8333 8918 6994 8970 9321 9815 2314 4576 6136 6994 2171 4290 3848 637 3718 7774 4108 9828 7241 5499 12090 8957 9100 6695 4849 7228 10127 5265 7553 7475 1508 2093 6994 1300 6214 5785 2873 7189 8190 10816 8554 7449 10374 3146 9919 7176 3458 5681 7631 6786 546 8775 8710 5889 8580 6903 2743 8515 9191 9867 338 4368 10075 5512 7774 6396 3341 1989 3822 9035 9230 6227 12584 2288 9841 2028 8229 4303 10582 5902 1209 11739 2964 2665 5694 2652 8606 9568 1612 8190 9906 6526 7878 7501 8021 7878 7371 4680 7293 7969 6279 7228 4017 4719 4693 4628 1209 7280 4017 3705 5330 3666 9841 9594 9880 6656 7319 8190 7956 7137 10699 6201 4121 9022 9607 7332 9074 5161 6747 403 3289 7592 11024 6097 4277 9685 2860 5681 8905 10101 5720 7618 7488 3107 6292 5005 9282 9399 3705 
3626 6132 2170 5292 6622 6426 5796 5236 9632 2310 7112 2254 11242 1526 4326 10248 5614 6510 8414 4046 10080 6608 4914 7672 9142 4872 8792 4508 11060 3458 3808 6818 6398 10794 2030 4312 4466 11886 4984 3822 10052 10164 6524 1666 9982 7196 3654 8708 6580 8148 7168 4802 1918 5362 6356 8470 2478 5040 2660 10668 6286 8778 5992 7098 6608 1820 3108 5824 7280 8120 7434 9114 4578 6188 7504 1484 2128 8792 6944 4704 6090 3472 7322 6790 8120 7070 9884 1652 4452 4004 2506 7476 6104 5628 6300 2730 7126 7602 2352 9380 10234 7476 2478 1120 3416 350 2450 4494 9002 938 252 3738 2884 7392 7308 9758 6790 7854 966 4928 5082 4424 9044 9660 3780 9002 1834 2492 3360 5278 3248 7882 3178 7280 6034 6538 4858 3360 6762 3626 8638 5530 8442 5138 7098 5642 2282 6090 4606 4984 5530 7742 2968 2282 6216 3010 3416 10612 11704 6846 
1056 6061 319 5588 6413 3652 3883 5478 6479 1364 6479 3113 8976 605 4598 8437 5643 3564 6116 3333 7788 3971 3201 5390 5841 2750 7139 1991 9064 3399 2783 6930 5896 8734 1914 1617 4092 9658 3718 1826 7887 6655 3773 1848 6501 5665 1067 5940 5522 6820 6853 4774 847 5632 4114 7447 2662 2662 1056 8316 5203 5566 5588 6281 5159 1782 1012 3256 6347 7051 6798 5753 1892 6061 5698 1111 1672 6105 4268 2552 5720 4169 5753 6996 5379 6556 6611 1496 1859 4829 649 4488 6391 3201 3344 1562 4653 6578 3586 6182 8162 6820 242 2189 3487 1859 1342 4158 6545 1397 1749 3157 2981 5236 5346 7073 4928 4906 1397 2189 2376 3267 6347 8184 4455 7777 418 2750 3729 4884 3201 7271 737 5170 5676 6160 4400 4048 5071 3289 5302 3322 6864 5643 5566 3883 3564 3729 3586 4994 5665 5918 3234 2695 3971 627 1353 8657 9372 4708 
1326 8957 1742 8398 9373 4511 5642 8268 8021 3276 9399 5473 11986 2418 7241 11492 8476 4095 8242 5538 10439 5122 4927 7319 6942 4069 9906 2678 12220 5772 4784 9958 8710 11778 4030 1638 6539 12883 5785 1144 10634 7904 4706 3978 7709 8099 884 7657 8099 9620 9906 7423 2015 8450 5681 10517 4927 3692 2730 11089 7696 6656 8359 9113 7501 2912 884 4238 9165 10010 9776 6747 2145 8957 8008 2483 3718 7943 5473 3796 8528 6721 8190 10010 6916 9516 8086 2691 2340 7436 2301 5408 9321 4316 3744 3406 6188 9425 5928 7566 11037 9815 1534 4368 5889 3887 1937 6630 8710 3432 3731 5369 5304 7189 7462 9243 6994 6058 3432 2444 2808 5304 8268 11297 7059 10868 2288 5044 6201 7501 5538 10361 962 7137 8476 9061 6903 6578 7254 5590 6110 4693 9594 8424 7969 5733 5863 5083 5733 7683 8502 8268 5616 4992 5499 1066 2626 11713 12467 6526 
6534 3971 6666 4664 3894 5269 3190 4400 4840 5060 2662 4884 2585 6281 3960 2145 3894 5896 2299 3135 1881 4664 3564 2706 5731 4477 748 5687 2728 3586 3619 5764 2596 2332 4752 6523 2827 3267 2728 8228 1694 6039 5115 5005 6039 803 6886 3784 1177 1001 4070 3300 7018 4642 3608 2596 4301 4983 5379 2211 1309 5555 2684 1958 1287 7557 7403 4972 1672 1969 2937 6006 6237 3817 1287 6963 4862 3465 4576 4675 2849 4752 748 6424 4059 3080 5225 7315 5984 5841 5786 5401 5786 4719 6105 4840 3773 1606 5918 5126 1782 2959 6633 5412 3685 5973 7612 2860 2530 5709 6061 3355 4015 2552 1969 3047 2123 4972 5687 6193 5951 3146 3333 2376 4884 2431 6149 4323 4048 2563 3729 3608 6886 2475 2871 3135 2563 4686 1705 3399 6182 4180 506 5555 924 2970 6127 4158 2816 3454 4246 1122 4059 4499 3740 6842 5412 2288 2970 2893 
7740 3024 7596 3936 2832 6948 4620 3672 6876 5868 1404 4968 3336 7080 3516 2124 3072 7596 4128 3744 3372 6348 4812 4476 7764 5832 1536 7044 2796 3792 4464 4884 1608 2772 5340 7860 2940 3552 3732 9348 2976 8160 6804 5532 8148 2220 8088 5712 1464 624 2916 2832 7860 3900 5196 1212 4656 6408 6336 3504 1872 7548 1860 780 2532 8268 8472 6540 504 528 1632 8040 7620 2844 2940 7728 5544 5388 6312 6012 1956 4476 2220 5652 5940 1860 7296 8052 7332 5472 6744 7236 5028 6240 7776 5724 5508 240 5892 7164 2664 1644 7620 5772 3804 6432 8508 2892 4404 6300 6540 3912 4284 4272 3624 4956 3672 6840 6276 7632 7416 4068 5268 1572 4512 1224 6996 4620 3960 2220 3996 2316 7992 4164 1992 2052 2592 4452 3180 3780 8160 5640 1404 4932 2316 4320 6132 5736 3636 2868 3444 2808 4188 4788 5316 7932 6540 2508 3600 4524 
5124 9394 6412 9590 9590 1512 2646 9282 2268 5264 8582 7546 8400 6482 8106 8666 8988 2156 3668 5054 6356 980 3094 2758 1638 2702 6944 3570 9254 6272 4438 11452 8050 8512 5852 4592 6202 9660 4088 7546 6818 2590 1288 6202 2436 5180 5558 2156 6174 7308 10052 7644 7098 9604 1806 9142 6286 2632 4970 7070 5726 1288 7854 7812 4802 8274 6720 1876 7602 8358 9058 1792 4060 9268 4480 7392 5586 2604 644 2870 8134 8442 5208 11998 1316 9016 2394 7896 3878 9912 5306 854 11088 1960 2562 4858 1316 7728 8918 1848 7532 9086 6146 7154 6552 7392 7658 6356 3906 6636 7364 5236 6300 2884 3612 4158 3458 294 6608 3724 3332 4200 2996 9142 8820 9128 6118 6426 7294 6986 6174 9940 5922 2968 8120 8764 6314 8260 4032 5740 1764 2114 6734 10332 5054 3024 9072 1582 4550 8008 9296 4718 6720 6622 1764 5992 4326 8666 8932 2450 
4459 4329 4446 4433 4589 4186 2041 4147 5759 2548 4017 2951 6487 3991 3068 5811 3926 4758 3861 351 5278 3783 1677 3367 5967 2652 4277 3783 6552 1456 923 6175 3380 6175 2223 4602 1326 7254 728 6318 5291 6734 4095 2548 6630 2613 4849 4615 2392 3926 5070 2652 4849 4446 2821 4940 1924 3263 2977 5837 2002 5655 3094 3536 2054 5525 5343 3627 3523 4355 4446 6123 4368 4238 2886 4810 2314 4550 3913 2782 3341 3484 2730 6682 4355 4277 6123 5226 4069 4901 3445 4836 5824 3289 4849 2314 3484 3757 4316 5759 5538 4485 4433 3185 1716 3770 5551 1469 4407 3354 3848 637 1703 3068 2808 5148 2353 4732 3328 4420 4238 611 4680 5603 3796 5213 3835 2002 2405 2197 1456 5174 4784 2938 3302 3926 1521 3328 2223 975 5993 2730 3952 5148 2522 1716 4524 3055 260 3003 4186 3094 1989 2236 2821 4719 3159 6071 6942 2743 
8073 4836 8242 5694 4706 6539 4095 5382 5876 6331 3211 6084 2704 7774 4927 2197 4771 7280 2860 4056 2015 5811 4563 3432 6981 5629 546 7072 2873 4563 4641 6929 3211 2392 5967 8060 3666 3497 3575 10075 1729 7319 6344 6253 7319 1300 8489 4641 1677 1105 4875 4147 8645 5668 4563 2990 5421 6227 6721 2340 1885 6799 3341 2392 1885 9282 9100 6201 2041 2262 3497 7319 7722 4654 1781 8580 6097 4238 5694 5876 3536 5889 1222 7735 5005 3705 6331 8996 7410 7150 7189 6656 6994 5902 7540 6084 4719 1924 7280 6240 1768 3523 8203 6734 4680 7397 9347 3679 3068 7085 7501 4316 5070 3263 2587 3640 2808 6136 7072 7657 7371 4082 4069 2561 6019 2730 7618 5434 5083 3276 4732 4264 8489 3185 3562 3822 3341 5811 2327 4368 7553 5265 312 6747 1430 3848 7540 5226 3692 4303 5187 1560 5109 5655 4732 8450 6747 2353 3159 3705 
9954 1498 9268 2604 994 10136 7560 2492 10878 7574 1666 5362 6706 8554 3304 5026 2002 10780 7798 5600 7112 9604 7434 7994 11648 8526 4970 9618 5614 4886 6510 2786 2100 5950 6692 10318 4298 6482 6188 11284 6608 12278 10024 6762 12208 5418 10276 9506 4130 3920 518 3066 9366 2534 8358 2212 5726 9184 8246 7196 4494 11354 2338 2562 5530 9422 10360 9562 2912 2730 1288 11914 10192 1428 6314 9044 7070 9184 9660 8652 2072 4200 5488 3724 9604 1162 11340 9282 9884 4620 8610 10710 3206 9198 10892 7574 8904 2996 5796 11116 6132 1260 9422 6566 4718 7308 10024 4144 8190 7476 7462 5614 5334 7700 7000 8904 6888 10444 7476 10318 10164 6328 9114 3752 3990 2898 8610 5600 4382 3290 5124 588 10010 7560 2100 1428 4018 4284 6342 5222 11914 8554 4830 3542 5502 7182 6048 8820 5838 2758 2156 6244 4984 5684 8442 9898 8736 5530 6874 7812 
6201 5291 6565 5824 5343 4511 2067 5512 4420 4706 4134 5200 4472 6188 4680 4225 5044 5252 1729 2691 2990 3796 2613 1742 5239 3640 2574 5096 4875 3601 2990 7397 3783 4316 4550 6123 2925 5434 1846 8320 3107 5733 4329 4888 5694 793 6630 3146 1846 2769 5681 3991 7046 5824 2548 4485 4251 4225 4979 3601 1534 5005 3718 3341 559 7813 7345 4173 3107 3744 4550 5525 5746 5135 533 7059 4589 2860 3718 3887 3978 5421 819 8073 3276 4589 4849 7501 5447 6825 5460 4706 7254 3874 5512 4394 2795 3172 6539 4641 3523 4576 6474 5538 3809 6123 7735 3029 2236 5668 6188 2977 3991 1482 819 2977 819 4251 5642 5668 5369 2392 2847 4485 5668 4446 5980 4316 4407 3146 3692 5382 6695 1352 3978 4472 2782 5291 299 3224 5668 3237 2314 6773 663 1846 6760 3198 2145 4277 5421 767 4186 4550 2704 6669 4888 4342 4953 1742 
10380 6492 10572 7464 6216 8604 6540 7224 7068 8820 4848 8424 576 10152 7092 1524 6612 9312 4632 6708 2364 7884 7080 5448 8412 8016 2520 9372 1044 7092 7248 8184 5196 804 8472 10320 6240 624 6252 12264 1932 8436 8412 8724 8496 4116 10764 6168 4416 3144 6144 6396 10944 7428 6816 3912 7920 8532 9156 1800 4680 8316 5448 4368 4668 11520 11364 8400 4092 3660 4908 8772 9972 6324 4272 10884 8604 5736 7704 8256 5532 8052 4020 8988 6732 5232 7452 11256 9696 9048 9600 8508 8448 8148 9588 8580 6768 3828 9432 7548 1404 4908 10536 9120 7176 9756 11592 6240 4500 9492 9852 6936 7584 5412 4908 4596 5268 7908 9480 9888 9600 6720 5448 2592 8100 3324 10008 7920 7452 5700 7272 5304 10788 5388 5580 5544 5916 8004 4932 6960 9132 7596 2820 8460 4224 6372 9684 7452 6372 6456 6972 4020 7572 8112 6984 10752 9156 1092 156 5952 
7665 8895 8625 9465 8955 4380 2955 9105 2415 6795 7515 8265 6015 8430 8070 6540 8595 5220 1065 5250 3795 3465 3915 960 3810 4500 4860 6060 7080 6510 5100 11310 7155 6225 7005 7290 5970 7410 4020 10305 4350 4080 4110 7410 4080 3495 8160 1005 4890 5550 9330 7320 9300 9465 2610 7695 7005 4890 6810 4545 4560 3645 7080 6570 3435 10410 9270 4365 6240 6840 7965 4230 6750 8715 2535 9465 6885 540 3135 4800 7380 8790 3435 12075 1680 8055 2940 10020 6465 10440 7305 3975 11115 4200 5625 6345 2055 6270 9840 2850 5175 7995 8415 8340 6795 8865 10020 6105 1140 8175 8895 5550 6825 1305 1845 1500 2190 3165 8145 6495 6075 4515 540 7305 9120 7500 8100 7125 7560 6390 6540 8925 8415 1455 7380 7950 5880 8625 2625 5985 4665 3735 4725 10515 3390 3120 10065 3285 4560 7680 9015 2670 7155 7380 2820 8445 6375 6465 6570 1830 
7280 10881 8580 11232 10998 3887 4823 10920 1326 7566 9854 9594 8281 8671 9906 8996 10569 4199 4329 7150 6383 3575 5421 3965 1352 5187 7618 5876 9373 8294 6682 12922 9477 8593 8086 6721 8073 9529 6136 9438 6942 455 3744 8411 650 6409 7644 2587 7553 8242 11375 9373 9204 11232 4082 10088 8424 5083 7293 6942 7215 1651 9360 9048 6240 10322 8749 4355 8801 9347 10257 1612 6227 10751 5590 9503 7852 2951 3263 5343 9620 10335 6370 13494 2535 10309 871 9971 6110 11739 7579 2925 12649 4498 4563 7189 3380 8827 10894 1105 7696 10296 8307 9295 8567 9542 9685 8216 4199 8840 9516 7358 8398 4238 4888 3913 5005 2431 8814 5889 5551 6370 3146 9737 10660 9932 8346 8554 9256 8645 8242 11089 8021 4368 9620 10153 8099 10179 5499 7800 2301 4615 7514 12012 6305 5135 11050 4095 6604 9698 10907 5720 8762 8749 4121 8112 6669 8853 8723 4212 
8556 1740 8088 2772 1332 8436 6168 2616 8844 6540 996 4860 4992 7488 3096 3552 2088 9024 6144 4680 5412 7932 6156 6384 9588 7128 3564 8148 4068 4224 5472 3132 1572 4356 5832 8808 3588 4812 5064 9828 4956 10068 8328 5928 10032 4140 8856 7668 3084 2688 1116 2724 8220 2712 6840 1152 5016 7692 7092 5448 3444 9348 1860 1680 4296 8364 9012 7968 1932 1644 600 9828 8664 1620 4896 7980 6120 7368 7956 7260 1680 3960 4176 3936 7800 768 9252 8208 8400 4512 7440 8880 3456 7656 9144 6492 7248 1944 5388 9072 4524 564 8184 5868 4116 6516 8808 3480 6444 6588 6648 4740 4656 6144 5532 7032 5472 8592 6576 8748 8604 5244 7272 2472 3840 1728 7500 4920 3936 2688 4440 252 8664 6036 1728 1200 3312 4008 4992 4440 9876 7092 3480 3660 4224 5844 5616 7284 4800 2520 2328 4812 4404 5016 6924 8568 7452 3984 5136 6300 
6210 6500 6850 6990 6480 3940 3050 6740 1930 5600 5410 6440 3520 6710 6130 4160 6350 4480 1200 4440 2080 3360 3690 1670 3130 4100 3270 5130 4390 5240 4430 8140 5270 3790 5700 5960 4780 4480 3640 7970 2530 3060 3770 5970 3120 2810 6540 1430 3770 3890 6680 5590 7290 6980 2840 5340 5640 4360 5630 2490 3630 3110 5280 4770 2940 8030 7280 3990 4520 4790 5680 3450 5590 6370 2210 7400 5640 1120 3120 4310 5460 6690 2740 8690 2020 5790 2240 7770 5400 7780 5970 3570 8070 3890 4770 5310 2450 4480 7490 2370 3120 5700 6720 6570 5410 6940 7780 4860 810 6500 6970 4650 5480 1860 2010 240 2350 2980 6480 5410 5120 4010 850 4840 6890 5110 6490 5700 5900 4920 5270 6300 6720 1950 5470 5790 4670 6590 2510 4910 3840 3600 3260 7730 2780 3120 7650 3280 3980 5800 6650 2190 5680 5880 2980 6730 5360 4010 3860 2290 
7110 1910 6290 1490 2020 8030 6470 1720 9210 5490 3200 3490 7060 5780 2550 5880 2040 8370 7240 4730 7160 7800 6160 7180 9500 6770 5650 7230 6330 3920 5280 330 3160 6540 4810 7490 3920 6950 5430 7550 6860 10060 8000 4730 9990 5580 7240 8260 4610 4890 2020 2920 6190 1480 7070 3880 4190 7160 5980 7300 4760 9260 3110 3780 5490 5930 7020 7570 4060 4150 3080 9620 7520 2040 6180 5880 5100 8100 7920 6790 2930 2550 5640 340 8180 2830 9510 5910 7340 1980 6130 8600 470 7330 8370 5610 7560 4200 3150 9270 6580 3070 6470 4290 3720 4660 6540 3810 7590 5010 4780 4640 4030 6950 6530 8140 6340 8550 5010 7690 7670 5350 8110 5000 2260 4380 5900 4070 3230 3510 4030 2740 6960 6850 2920 2680 3890 2670 6010 4280 9500 6960 5500 1150 5600 6210 3260 7250 5090 2660 1750 6190 3710 4020 7080 6850 6460 6240 7200 6880 
1560 7572 876 6960 7968 4704 5292 6876 7896 2616 8136 4260 10920 1464 5976 10332 7116 4440 7728 4764 9612 5160 4560 6912 7044 3960 8916 2880 11028 4776 4176 8352 7500 10668 3168 2112 5556 11676 5184 876 9732 7932 4860 3036 7764 7320 1248 7416 7152 8568 8448 6228 864 7020 5472 9216 3948 3744 2268 10200 6816 6756 7164 7956 6768 1656 240 4344 8040 8808 8472 6900 2544 7584 7332 1284 2928 7632 5484 3720 7296 5400 7416 8340 6768 8196 7992 1440 2640 5940 1824 5580 7740 4344 4152 2832 6012 8292 4536 7524 10044 8496 876 3216 4860 2700 756 5628 8184 2388 2556 4572 4308 6756 6924 8736 6468 6120 2400 2868 3156 4692 7908 10056 5688 9588 1476 4032 5040 6420 4560 8952 876 6696 7248 7752 5904 5280 6648 4692 6348 4572 8628 6912 7212 5316 4464 4992 5040 6456 7104 7572 4548 3936 5304 804 2448 10584 11364 6168 
765 307 552 614 682 690 537 188 706 564 500 727 811 94 687 267 54 542 683 514 698 492 664 456 643 430 779 477 560 779 560 131 387 515 529 81 294 181 556 487 143 529 251 790 645 139 444 889 663 583 370 663 591 216 99 703 565 466 349 544 195 685 257 541 510 116 340 501 461 184 599 564 772 364 453 412 362 539 556 480 770 323 193 747 253 201 151 622 462 601 313 605 271 14 328 298 754 457 746 485 604 138 606 215 562 72 182 728 751 706 736 445 507 868 373 128 811 279 308 650 447 751 502 383 400 398 786 469 193 786 553 483 426 747 415 422 700 106 345 633 542 618 629 66 766 5 658 416 416 528 447 425 623 579 464 264 335 448 501 617 719 655 572 819 597 673 204 67 447 701 816 451 619 232 613 456 786 689 575 648 673 54 714 193 519 281 555 539 520 479 843 159 642 684 208 334 722 27 374 272 317 241 627 363 758 477 546 427 157 445 586 660 339 497 478 298 598 824 119 198 290 488 542 302 495 360 592 569 545 397 310 556 470 704 137 393 454 102 811 404 604 619 895 386 512 558 201 479 290 671 607 357 181 217 476 612 514 581 311 108 191 218 470 213 586 572 425 667 706 451 425 488 666 443 338 476 282 359 582 461 615 252 273 536 229 414 598 143 187 142 347 449 538 451 307 411 558 477 308 339 528 732 568 775 279 412 449 559 401 292 589 59 714 325 108 781 146 320 634 577 
501 669 799 66 505 226 427 556 535 533 122 233 523 602 380 477 646 783 482 764 372 313 482 503 343 799 535 286 728 369 674 586 374 137 453 697 393 500 73 809 628 177 380 519 38 492 779 547 290 628 500 78 39 492 586 378 87 211 267 191 522 237 467 200 282 695 591 481 434 725 24 165 380 407 267 438 263 542 717 289 540 300 479 410 460 558 631 666 506 45 689 519 345 606 451 667 453 532 353 168 633 493 550 440 404 624 450 215 373 148 516 321 184 483 245 513 402 394 746 233 177 438 142 265 299 655 411 811 576 452 556 551 269 397 532 595 487 535 332 161 785 614 176 655 443 614 96 273 343 232 598 599 420 154 821 398 286 710 838 96 338 42 639 512 425 550 555 549 710 545 500 512 193 509 49 208 520 328 709 342 105 562 307 461 191 346 164 735 752 265 441 524 368 68 430 363 407 636 242 364 705 517 296 382 409 703 594 192 620 797 713 347 315 141 420 685 368 534 646 684 427 500 81 414 523 564 534 156 819 293 558 815 205 128 534 359 521 648 500 695 672 590 546 331 757 341 598 279 481 476 693 668 691 672 242 479 111 54 356 617 441 533 491 405 36 456 574 454 96 324 542 270 141 508 496 584 444 364 359 485 188 549 372 753 428 678 657 498 443 516 432 745 783 335 562 211 105 287 550 282 611 224 569 319 641 226 167 152 320 352 218 572 565 590 558 349 514 722 330 403 
787 404 647 547 714 669 566 264 741 613 439 641 832 43 695 155 170 636 710 608 704 498 693 506 649 536 806 381 643 775 634 35 406 443 564 175 310 230 509 589 245 505 242 813 593 164 546 904 657 647 424 617 530 265 189 710 523 385 302 459 256 667 147 455 414 231 418 544 495 168 546 483 771 392 446 449 297 591 638 384 799 292 232 754 293 277 254 688 512 553 413 647 229 118 369 395 768 514 743 412 667 72 654 124 586 181 192 644 751 632 764 345 426 873 332 49 809 184 417 635 406 763 465 306 397 485 789 573 276 796 606 542 338 752 474 494 726 161 345 605 636 676 604 109 777 110 587 407 427 516 517 498 645 499 570 173 300 539 605 578 716 595 639 836 622 714 279 99 538 738 831 504 533 118 565 378 809 688 653 653 631 99 706 220 436 261 474 626 611 474 844 47 652 628 130 237 731 142 324 197 419 302 625 383 764 565 608 382 78 550 664 665 257 459 508 399 611 845 86 308 183 536 481 329 547 430 638 488 643 307 381 652 390 633 199 290 508 88 827 497 674 673 908 289 604 568 100 383 176 699 679 450 293 323 387 646 469 518 222 57 197 284 517 191 534 605 493 691 654 459 485 394 631 495 392 541 174 258 594 507 530 138 192 626 138 503 666 63 193 193 383 545 632 462 380 371 487 476 377 306 594 647 623 762 373 382 400 531 305 212 574 60 753 404 8 773 196 425 638 599 
576 675 828 35 571 309 477 549 602 583 89 185 601 556 454 413 618 812 550 791 448 359 547 538 414 811 609 204 763 453 714 536 398 69 502 663 396 488 119 829 613 228 366 596 122 469 795 629 367 673 521 164 48 487 565 455 145 138 242 106 514 319 405 114 197 671 606 524 472 674 95 79 462 427 300 467 220 587 753 207 613 285 468 488 460 552 617 714 542 121 694 575 316 573 465 672 530 566 434 102 681 452 603 390 460 600 430 173 454 128 588 241 105 567 231 470 486 337 746 311 180 516 173 208 320 675 493 827 569 531 602 588 197 476 560 621 556 512 340 240 813 665 253 615 521 580 75 295 372 285 627 625 483 69 836 343 270 732 856 175 418 96 683 591 484 612 550 516 732 610 579 546 115 448 130 140 596 406 748 413 191 529 388 447 108 331 78 767 780 306 525 473 437 136 384 298 484 604 217 316 710 518 367 401 488 729 638 183 567 812 753 420 258 168 462 688 430 612 597 673 363 540 58 421 563 583 586 71 844 225 569 843 133 122 517 285 556 601 579 712 718 643 629 260 784 399 540 197 414 542 737 681 678 665 163 537 134 36 297 569 422 529 529 379 98 511 602 521 171 360 571 188 225 540 512 618 380 295 420 521 109 485 321 784 377 698 703 454 422 498 450 764 811 371 573 206 26 329 561 268 651 181 617 404 645 233 155 213 247 301 286 533 631 603 512 433 497 725 400 461 
483 687 808 93 495 203 426 579 523 533 156 246 503 634 364 513 675 791 471 773 354 317 472 510 330 814 518 321 733 344 678 620 387 174 454 727 414 524 93 822 653 182 407 500 4 520 792 522 273 628 512 46 75 515 612 361 97 247 297 225 545 215 502 234 316 723 606 484 439 759 47 198 356 421 277 447 297 543 722 325 524 327 504 389 481 580 656 665 512 51 707 515 375 636 467 685 434 539 330 204 633 526 546 475 401 652 477 225 351 155 502 357 220 456 274 546 375 430 765 216 202 419 160 300 314 668 388 824 598 430 557 556 305 375 542 605 474 563 351 144 793 612 160 687 422 645 110 289 354 234 606 609 411 185 835 433 314 721 851 83 316 41 641 490 418 541 577 579 721 534 478 519 219 544 45 245 501 310 712 328 75 592 285 486 226 372 197 742 760 272 414 558 356 40 463 400 389 665 272 397 723 538 284 397 387 712 596 220 654 811 716 332 351 160 425 703 360 513 679 707 463 504 117 433 527 578 531 189 828 330 575 823 241 131 560 396 528 681 478 708 673 587 521 368 766 338 633 314 517 465 694 683 715 694 278 473 134 90 391 650 468 554 496 434 60 453 584 442 61 332 551 306 116 515 510 591 480 401 353 491 215 584 406 761 463 690 657 531 470 542 447 757 791 343 579 238 140 294 566 310 615 235 569 291 660 249 196 152 356 387 210 603 554 606 591 322 540 740 318 398 
612 45 290 679 514 639 393 117 531 374 566 832 659 353 570 488 218 280 524 253 587 410 503 277 538 181 617 629 305 681 318 386 303 602 372 276 262 179 583 229 119 508 297 635 673 234 186 746 582 359 205 674 644 170 171 589 579 582 420 660 147 629 472 660 661 193 118 331 318 435 633 670 669 267 410 277 464 343 304 634 604 373 196 627 196 108 111 390 281 624 53 423 363 252 216 36 618 263 650 582 381 337 413 404 428 190 250 825 647 783 572 610 617 744 425 344 708 457 90 593 480 621 515 505 363 146 673 214 97 656 352 280 566 633 222 196 542 208 323 605 280 403 595 320 636 267 727 389 340 480 221 198 485 680 213 440 387 188 247 617 625 698 343 673 455 487 110 263 187 522 674 267 730 463 632 568 630 594 326 544 673 260 631 221 633 329 660 282 259 427 730 391 527 716 383 508 599 244 444 420 62 138 542 285 641 221 330 473 418 191 337 555 482 515 340 39 480 670 381 86 489 310 601 241 305 153 403 671 283 544 119 294 584 772 177 571 265 363 667 143 369 412 753 550 250 453 458 628 512 514 366 98 111 56 609 448 544 640 473 370 256 127 296 307 619 415 209 518 724 374 226 634 648 262 186 257 489 536 468 291 726 496 429 276 415 157 366 351 257 192 240 187 276 368 114 450 638 413 125 388 304 832 363 699 27 429 501 543 562 441 538 300 529 105 352 693 191 73 534 443 
442 194 340 516 353 445 213 153 375 233 411 680 489 397 384 456 317 324 356 300 399 216 336 125 348 317 453 520 296 491 268 416 112 454 200 386 115 153 408 331 234 322 191 467 494 217 298 572 388 267 43 490 477 118 239 402 399 453 288 524 137 435 438 527 548 328 109 169 136 515 458 527 480 76 222 88 344 209 287 525 442 238 149 442 90 143 232 310 131 446 214 273 262 318 31 194 439 132 459 441 287 325 275 363 245 282 196 670 458 619 408 512 481 562 280 343 519 393 278 399 316 440 339 391 182 178 486 330 160 475 224 161 455 446 96 137 374 229 158 414 325 294 403 398 455 335 562 208 148 288 154 142 305 534 339 378 251 236 359 432 433 524 263 500 276 341 139 291 236 370 498 122 588 447 453 439 462 403 294 354 486 297 438 164 499 209 518 290 293 237 544 391 339 537 336 430 414 330 305 341 230 93 349 99 455 240 227 316 457 315 303 365 386 341 156 213 292 501 439 256 437 157 440 84 165 86 260 526 352 441 79 352 454 605 195 488 126 427 492 215 299 291 579 460 294 261 480 517 479 345 309 186 275 232 489 283 373 476 393 417 195 118 138 232 445 244 125 345 542 181 108 520 458 113 16 167 444 458 278 129 583 491 355 301 368 201 289 341 199 193 49 267 322 174 83 294 484 220 71 249 218 678 241 506 172 264 344 356 467 359 345 338 382 109 374 501 189 248 342 260 
554 654 804 45 548 290 453 530 578 558 71 208 579 547 432 411 604 788 526 767 426 334 523 514 391 789 587 213 739 434 689 528 374 66 477 650 375 470 95 806 596 204 348 574 111 453 773 610 345 649 498 151 33 468 549 433 122 139 226 121 495 300 402 129 210 656 584 499 447 667 77 97 443 404 276 443 209 563 728 216 591 266 450 467 439 533 600 689 518 102 673 550 301 560 443 651 508 542 415 98 657 441 579 382 435 585 414 196 434 147 564 248 111 548 212 460 467 332 726 290 158 494 148 201 296 652 474 805 550 511 578 564 198 455 537 598 533 497 318 220 790 641 232 604 500 567 91 272 348 261 603 602 459 90 814 337 252 709 834 156 397 94 658 570 460 587 530 503 709 587 558 522 138 444 112 139 574 384 723 391 177 516 368 429 118 313 94 743 756 281 507 466 414 132 374 296 462 591 200 307 689 497 344 378 468 706 613 162 560 790 729 397 253 143 437 668 407 591 589 655 361 515 34 400 539 560 562 89 821 224 547 819 133 138 500 288 531 593 558 690 693 619 610 261 760 375 535 206 413 519 712 659 660 646 169 513 109 18 292 561 405 510 504 364 77 486 578 498 166 335 547 197 208 516 490 594 378 295 395 497 133 483 313 760 369 675 678 444 406 481 427 742 787 347 551 185 33 304 539 250 626 204 592 387 624 211 134 189 249 293 263 522 607 581 503 415 480 705 377 437 
492 225 59 786 391 638 344 354 392 256 690 957 532 617 506 725 488 43 412 40 525 433 393 240 495 175 480 810 49 622 105 647 375 737 313 546 405 399 670 124 388 567 477 508 746 467 136 619 558 176 255 731 746 370 433 524 655 742 577 811 367 624 707 814 838 461 204 273 310 705 718 811 604 348 475 305 634 230 55 815 465 528 406 547 366 341 380 178 238 701 225 303 549 518 320 235 519 210 595 727 191 580 275 634 380 459 463 945 584 888 443 802 768 643 567 592 637 674 269 593 594 528 603 681 452 133 595 145 342 560 225 195 745 559 212 153 426 457 443 636 45 223 621 590 543 534 831 476 401 518 145 149 411 817 164 658 541 82 149 673 577 783 154 552 385 342 339 519 83 378 558 230 871 708 704 727 502 552 84 501 720 519 597 429 786 499 802 18 20 477 645 641 474 787 608 715 520 513 594 625 229 327 522 375 562 53 180 599 682 156 93 508 674 607 327 240 437 540 649 351 714 250 714 374 228 207 278 809 86 731 246 76 742 870 420 776 221 632 551 126 153 248 628 748 34 434 718 807 749 406 136 172 376 323 779 347 641 747 678 635 465 338 254 511 706 337 171 422 783 418 201 810 682 234 274 159 719 744 433 259 866 747 638 11 642 115 161 595 469 429 329 99 44 407 245 577 762 455 252 538 150 953 222 661 250 543 625 598 756 644 559 561 374 217 610 643 426 236 498 390 
642 336 561 446 571 529 423 183 598 478 331 569 686 177 549 202 202 548 566 521 558 352 550 375 502 479 661 338 540 630 521 181 262 349 423 251 167 125 386 521 215 366 96 667 475 66 479 757 512 523 299 493 421 152 158 563 395 308 179 388 158 526 185 386 370 258 318 407 355 309 428 404 626 251 301 311 196 459 533 342 655 155 116 608 165 193 221 566 381 431 350 509 101 160 236 329 622 387 598 321 542 76 518 111 441 186 60 568 606 541 620 313 348 727 203 98 664 157 378 493 277 617 333 225 251 392 643 510 202 650 475 416 278 606 351 383 582 104 198 469 549 547 466 215 631 168 490 262 282 373 404 387 500 419 511 141 165 451 542 449 571 485 518 690 477 574 193 103 450 597 685 374 462 192 443 296 664 542 544 507 504 116 562 94 362 118 395 527 520 328 698 140 506 514 86 208 585 190 204 124 361 195 480 240 618 469 482 257 223 488 554 519 190 328 367 338 465 699 225 282 193 402 372 189 415 320 501 408 564 252 277 570 311 537 123 272 380 221 680 414 554 541 762 253 516 422 233 337 226 555 563 369 279 284 326 504 344 412 175 197 60 187 383 46 416 463 377 546 535 313 363 345 499 365 268 421 196 237 448 373 458 236 131 532 119 413 544 91 56 107 246 467 545 316 277 241 392 330 271 171 473 573 492 619 302 245 279 394 266 146 432 132 613 306 140 629 108 372 491 454 
365 625 717 203 378 92 322 538 406 427 210 364 386 643 245 553 657 701 354 685 236 227 355 419 213 741 399 402 637 235 579 635 318 249 352 716 370 490 117 741 618 113 386 383 114 502 715 411 155 524 437 80 170 474 586 243 92 316 302 319 505 101 539 327 405 697 536 386 349 773 122 296 244 354 209 367 325 441 626 406 405 315 471 273 435 536 620 559 421 96 645 405 375 625 404 625 316 449 216 272 527 533 437 497 293 630 457 344 236 272 383 431 302 349 271 555 268 464 708 97 199 301 140 345 258 591 275 746 555 315 454 463 370 260 459 522 356 543 307 26 703 504 42 687 306 637 228 235 282 144 519 525 296 287 759 463 306 639 771 42 201 159 539 375 307 426 532 571 639 417 363 430 329 578 88 309 383 192 613 211 62 583 170 458 312 355 293 649 670 194 308 577 239 143 480 447 271 652 283 421 661 488 167 334 272 625 495 224 674 736 616 214 390 146 331 643 247 397 690 664 505 408 186 382 431 504 422 288 740 388 510 734 311 248 531 459 439 688 363 632 569 478 411 427 678 231 661 395 562 348 591 612 677 647 356 360 145 182 429 661 448 508 404 425 121 345 500 325 128 252 466 388 29 427 442 499 522 456 242 399 324 623 432 669 487 611 553 541 451 515 381 677 701 261 514 233 231 212 502 300 517 353 465 190 601 225 213 79 418 416 101 603 437 539 601 217 513 679 201 288 
627 512 709 259 585 431 451 367 616 539 155 367 664 330 513 204 402 694 571 669 515 341 560 458 465 656 655 150 666 560 630 311 310 156 465 441 255 303 238 687 415 276 189 651 313 265 648 718 447 611 408 342 244 315 360 522 259 105 91 185 335 433 191 183 179 459 466 468 409 449 267 203 562 323 270 382 33 531 657 154 653 135 286 564 302 374 421 655 464 278 529 552 119 354 341 507 593 480 532 125 625 227 572 165 452 389 235 366 546 346 620 142 145 671 117 245 596 117 568 408 161 583 216 23 249 542 587 680 387 610 548 508 84 557 458 509 583 306 228 358 695 620 362 390 594 359 300 238 305 313 523 513 499 218 685 120 125 602 712 315 508 309 613 662 486 607 372 298 602 619 653 463 259 232 291 94 649 485 660 467 361 310 488 261 159 163 194 661 663 293 634 248 478 345 159 99 549 385 88 91 543 354 427 299 570 611 570 134 343 661 668 478 41 208 410 520 451 677 372 480 155 474 196 286 494 454 554 207 719 71 425 721 109 346 319 133 471 376 650 573 651 605 721 99 663 408 321 147 212 561 665 533 480 478 126 529 204 232 80 343 228 357 457 178 257 492 495 545 373 316 470 152 372 454 387 527 172 115 435 448 256 274 95 672 152 565 637 229 227 301 336 627 692 326 427 139 200 309 417 129 572 371 564 531 478 173 137 290 101 76 354 309 638 459 287 550 301 556 451 460 
56 647 594 593 156 304 285 652 149 302 575 750 9 867 159 851 814 581 144 581 160 345 165 392 206 696 61 768 498 174 436 876 436 623 300 883 532 639 492 662 733 402 599 34 502 688 658 78 239 365 470 462 558 607 735 153 463 679 591 701 632 291 834 708 778 828 551 338 363 996 511 681 157 457 408 412 639 334 488 773 77 571 627 117 567 643 731 369 388 485 663 250 634 807 495 653 78 407 178 639 351 771 271 770 258 780 651 728 156 656 100 788 675 114 559 793 158 764 732 294 514 90 469 677 449 559 126 679 659 76 331 395 722 130 446 484 127 714 497 366 583 318 352 884 84 823 616 446 413 358 465 485 197 674 697 756 571 573 689 431 189 546 387 18 223 199 638 768 574 163 31 401 719 862 478 668 40 199 462 204 435 777 221 630 689 586 677 524 560 382 139 832 194 522 745 769 124 823 585 709 677 592 247 460 118 540 369 539 918 681 457 194 709 478 344 670 230 7 914 747 812 359 564 519 365 516 274 674 625 730 554 611 675 630 685 801 404 905 28 594 393 293 87 767 574 274 925 762 868 155 414 605 769 719 722 221 499 569 740 888 645 617 373 652 507 256 466 154 494 382 443 757 390 407 498 427 826 787 247 379 714 910 724 549 767 568 382 785 649 678 474 613 584 378 559 532 615 372 551 564 401 737 326 237 642 500 545 402 763 715 327 812 168 564 834 203 674 693 220 244 
754 413 651 495 685 624 537 265 713 592 387 590 798 95 658 120 203 639 680 611 666 462 664 487 611 551 774 332 640 733 626 78 376 391 538 220 282 221 459 600 263 459 207 780 542 152 557 867 615 633 408 567 478 254 203 672 473 333 254 408 251 622 108 404 365 265 415 521 470 217 495 431 731 366 406 425 245 572 634 335 768 248 218 716 275 277 271 675 493 503 424 623 183 149 348 405 733 497 702 360 652 39 632 72 554 206 169 593 711 580 733 297 374 834 285 26 768 134 436 591 358 727 417 254 359 485 750 585 280 759 588 526 287 714 460 486 696 163 309 558 639 659 558 158 741 146 535 367 394 474 508 490 613 448 584 122 254 542 618 529 676 543 627 801 591 689 279 110 541 712 796 486 482 92 515 326 776 648 647 615 582 117 664 201 384 222 423 624 613 434 803 26 616 577 78 188 695 178 275 145 432 294 585 354 726 564 593 333 117 562 657 627 205 411 481 410 577 811 136 329 139 515 429 304 528 422 615 437 650 256 376 658 338 581 198 244 491 140 791 501 662 654 872 240 607 533 119 334 144 669 670 454 317 340 336 618 419 466 170 108 172 280 496 154 484 577 482 660 603 424 472 344 583 477 377 529 132 210 559 486 479 129 140 626 86 504 653 23 168 188 360 552 636 428 375 323 435 438 371 261 582 596 604 718 380 337 350 485 256 160 531 91 727 401 52 730 191 439 599 567 
530 568 727 132 508 297 397 442 539 499 17 287 561 469 409 350 518 711 490 690 407 277 483 443 364 705 561 201 667 435 620 453 298 66 418 567 289 382 93 724 508 165 260 552 166 366 690 604 331 585 419 195 105 380 462 414 117 111 138 147 407 302 339 152 212 570 501 435 380 593 119 140 440 325 211 370 130 499 656 206 562 179 362 453 353 446 512 627 447 131 588 498 215 476 361 565 489 470 411 72 595 361 524 308 386 498 326 278 427 234 533 224 112 549 124 381 470 265 639 283 79 477 99 138 221 571 468 722 463 499 515 494 161 444 461 520 499 410 235 223 713 582 230 523 485 484 179 198 276 218 528 525 419 143 730 267 164 629 752 171 389 169 593 555 415 542 443 419 629 546 545 451 198 380 144 102 551 370 653 365 214 432 364 341 128 225 132 669 680 223 509 392 383 201 297 240 443 506 113 231 603 411 320 298 457 628 547 77 488 706 659 373 187 91 373 581 367 573 513 567 301 449 56 315 471 479 506 137 743 178 464 742 107 226 412 249 460 515 543 608 628 562 605 217 683 329 468 194 357 481 647 575 573 558 155 465 68 96 227 484 317 423 436 277 109 433 502 462 227 270 472 190 229 444 408 522 318 246 353 428 193 422 240 684 296 594 614 365 319 393 347 660 710 281 467 99 90 244 455 162 558 285 531 398 538 130 48 166 209 221 239 440 566 497 425 421 392 619 350 389 
125 656 648 480 205 188 278 632 216 336 476 632 122 820 101 780 787 633 181 628 87 293 198 400 142 729 157 671 553 52 489 823 400 521 303 854 490 609 388 704 717 312 547 130 387 648 694 134 141 419 465 346 448 579 708 83 359 582 516 595 607 177 763 603 677 809 558 346 352 951 400 574 35 428 343 396 558 365 542 675 171 505 593 45 537 625 715 435 397 375 674 288 569 771 473 660 78 422 61 540 410 717 317 705 242 754 607 610 42 538 169 695 574 84 482 740 47 690 744 188 428 65 376 591 391 581 4 718 643 47 367 418 629 38 455 504 169 679 445 256 635 378 244 846 54 786 501 383 369 279 489 506 189 565 735 684 501 608 733 320 81 431 440 104 218 261 620 727 609 232 91 411 607 795 366 572 133 104 519 137 318 737 107 592 586 528 570 576 609 316 59 774 146 404 682 688 73 792 505 638 689 572 165 424 30 580 411 454 865 717 517 124 628 385 330 679 192 129 868 741 737 371 460 484 384 521 313 566 677 641 552 665 577 512 655 713 416 861 93 620 455 350 134 679 621 228 866 664 794 185 478 622 761 715 624 244 401 460 662 840 599 597 380 598 398 264 483 169 374 334 455 659 275 414 487 455 752 703 207 382 602 843 652 600 700 595 441 729 603 644 450 649 636 333 557 451 508 312 547 495 442 619 368 115 645 424 456 304 674 640 234 768 246 568 784 81 641 707 151 227 
504 639 776 68 501 239 413 522 531 519 85 244 529 564 382 442 609 760 479 740 376 296 477 482 342 770 537 259 707 383 655 549 348 107 438 660 361 465 51 783 593 162 345 524 72 456 751 559 295 611 473 106 27 459 550 383 75 179 230 171 488 249 431 179 258 659 563 463 414 688 29 148 392 380 244 414 226 525 696 263 542 264 445 417 427 524 597 651 485 51 658 508 308 569 422 636 458 510 364 135 618 456 538 403 393 588 414 228 383 168 516 292 157 497 209 476 416 358 714 239 143 444 116 228 272 629 423 783 542 460 540 531 237 404 508 571 485 499 300 169 761 601 181 618 449 577 111 246 319 219 575 575 414 140 793 361 250 684 811 105 346 76 622 519 416 542 521 512 684 540 508 491 186 472 62 175 524 334 689 342 131 525 317 426 166 310 145 713 728 245 456 487 365 106 392 328 412 599 205 326 674 485 295 354 417 679 577 156 583 769 694 348 279 113 402 653 361 540 608 650 392 481 46 383 504 537 521 140 794 260 529 791 173 152 498 327 500 610 507 668 656 578 559 298 733 331 562 252 446 472 676 639 657 638 214 469 80 36 319 579 405 500 471 368 26 444 550 450 132 302 518 244 158 485 468 563 409 331 351 464 181 513 334 731 391 652 641 461 407 480 404 718 759 314 533 176 83 268 520 247 592 237 554 336 610 194 130 143 287 315 215 534 561 561 521 364 479 691 329 393 
671 90 321 717 573 692 451 143 589 432 602 864 718 336 628 488 191 314 583 287 644 463 562 335 595 189 675 650 350 738 369 371 355 635 430 240 304 205 625 248 105 557 327 694 716 246 206 804 637 413 263 719 684 205 165 647 623 609 452 688 177 682 474 688 682 152 176 390 376 402 675 700 726 320 460 333 492 401 349 654 662 406 224 684 237 139 97 443 339 668 84 482 389 234 269 82 676 321 706 613 435 338 470 411 486 170 271 859 704 820 631 627 646 802 460 341 765 468 67 646 520 679 559 530 411 196 731 228 122 715 409 338 588 690 281 253 600 213 367 656 313 458 646 293 695 247 764 435 392 531 277 254 543 712 222 451 421 228 259 664 681 739 396 731 513 545 142 258 227 580 732 326 760 460 677 596 689 651 373 601 720 252 687 247 662 361 691 324 297 478 788 385 584 759 392 521 656 219 476 437 82 181 597 336 699 264 386 510 399 204 385 612 502 558 398 70 538 729 357 44 495 368 639 287 364 211 461 702 309 564 176 322 611 810 189 584 324 339 726 184 421 469 812 567 286 509 442 649 512 573 416 145 67 29 633 506 586 678 488 350 279 164 355 329 661 473 267 577 770 427 285 655 698 320 242 314 494 549 525 350 756 488 444 315 423 202 419 351 279 207 293 218 309 421 171 488 673 465 182 423 359 865 420 755 85 470 538 591 579 458 591 289 587 164 342 750 206 80 590 501 
282 312 290 589 180 409 115 347 193 35 509 764 327 600 276 646 512 275 195 266 295 224 174 78 264 363 281 663 202 392 141 619 213 560 85 581 290 356 469 338 420 359 373 303 535 420 328 416 327 91 162 514 548 321 436 294 449 583 433 639 337 394 628 644 686 513 219 58 115 717 513 634 375 207 283 145 492 7 190 668 268 391 352 321 291 335 415 133 71 493 326 87 435 519 216 318 299 77 365 558 102 525 75 554 149 478 395 749 354 686 238 665 600 426 412 544 410 574 395 365 415 306 408 540 280 221 369 352 348 340 24 58 601 332 120 147 212 432 296 414 277 97 398 598 321 536 631 298 222 305 127 147 181 635 369 560 399 242 367 458 346 575 102 344 154 149 331 494 243 184 347 81 690 642 495 568 297 321 176 269 500 500 365 365 617 379 626 218 247 275 423 591 242 574 526 602 293 528 442 518 340 291 292 228 336 214 58 427 660 351 178 277 549 414 120 334 206 338 642 420 621 51 525 263 37 186 65 630 317 595 232 308 581 666 397 653 78 629 340 258 136 88 424 621 258 208 681 658 668 187 156 267 444 391 624 122 448 551 566 620 392 315 69 421 502 106 129 198 565 223 113 659 459 89 194 90 630 627 203 79 684 688 533 242 556 232 120 541 397 396 206 283 276 212 236 409 577 252 231 394 81 758 41 430 311 370 450 386 625 533 336 541 191 233 577 412 392 356 267 159 
469 350 518 346 408 357 264 234 437 342 236 505 512 356 371 337 348 502 399 479 379 175 385 257 324 487 491 346 467 451 430 359 111 277 272 409 71 182 252 508 310 198 83 495 343 194 472 580 333 410 211 349 311 170 276 385 251 275 112 345 200 352 319 348 372 387 284 270 212 488 301 349 447 122 122 181 170 331 458 351 487 66 162 429 137 235 313 454 262 294 370 360 117 320 147 348 446 279 419 263 425 253 377 250 274 320 150 496 426 450 452 343 303 548 101 275 485 255 423 317 147 440 186 218 72 356 464 505 253 472 348 307 282 427 259 313 414 234 28 303 503 421 297 388 454 333 394 83 114 195 325 317 330 357 512 244 76 415 535 297 392 365 412 515 311 421 232 269 415 438 509 261 410 343 304 260 491 363 460 328 354 281 383 148 320 65 340 465 471 149 519 311 329 385 225 278 408 345 127 199 385 195 301 98 439 419 369 141 401 488 468 340 224 184 215 364 290 525 404 362 304 274 269 97 293 265 359 348 531 272 246 531 275 439 221 329 269 399 505 391 449 408 585 297 472 247 405 342 356 388 464 357 371 349 313 345 211 307 242 376 142 209 257 133 287 305 297 377 398 138 271 345 339 253 194 327 315 303 273 247 405 391 214 477 249 379 436 265 145 205 137 444 501 144 249 118 309 152 237 72 371 503 365 443 320 96 169 230 301 211 256 307 456 279 319 451 203 401 313 285 
98 504 447 589 23 333 169 523 8 156 543 760 139 757 160 768 688 434 44 433 176 267 48 254 185 547 90 726 351 254 289 770 330 595 172 758 425 520 474 513 602 368 501 114 511 575 510 227 247 218 337 478 550 485 610 172 448 638 520 675 507 317 750 682 742 696 410 202 241 882 506 661 234 343 338 289 575 188 341 731 76 490 510 173 449 513 598 226 249 481 518 105 548 687 373 509 133 265 237 603 204 669 123 680 157 654 542 741 219 670 49 739 643 250 491 690 258 685 586 303 464 146 433 618 364 412 215 530 528 172 183 250 671 189 306 339 45 596 404 372 436 171 355 766 158 704 622 370 316 313 318 339 112 658 548 675 493 424 541 432 230 556 240 158 121 52 509 654 426 21 164 262 708 773 478 625 108 219 316 187 455 662 260 517 659 495 655 377 413 316 258 733 159 541 654 700 153 701 520 628 532 464 231 352 186 392 220 485 813 533 312 185 641 440 226 526 164 148 803 609 733 220 543 406 223 375 127 655 478 674 417 464 635 646 564 741 263 792 157 446 248 146 235 707 426 203 826 720 786 50 271 459 632 580 682 89 469 558 667 778 537 489 236 554 499 130 321 72 521 294 302 718 409 269 367 280 746 721 178 244 703 820 644 402 680 420 236 684 542 559 355 464 437 287 422 473 597 299 415 487 252 750 178 309 501 436 499 380 706 638 308 700 39 423 728 281 556 548 197 148 
552 47 258 652 454 590 335 128 470 313 542 811 599 389 514 505 265 246 464 218 530 361 443 217 483 182 556 624 258 626 263 419 259 582 313 327 235 181 550 215 163 468 285 575 638 246 174 686 530 300 150 636 616 161 205 533 543 569 403 645 148 580 488 646 654 248 57 272 263 481 600 652 614 223 369 224 453 282 254 628 543 354 194 569 174 115 157 333 221 590 66 363 356 290 174 48 559 202 595 564 322 356 352 417 371 233 251 803 591 756 512 608 602 686 404 367 652 463 133 544 452 562 481 496 326 96 616 206 114 598 291 219 559 576 162 136 481 230 292 562 246 343 550 364 578 306 700 352 295 435 161 138 426 661 210 447 369 149 238 578 570 666 285 613 397 426 114 291 148 461 614 207 713 485 597 555 570 540 274 489 633 291 578 218 618 314 643 237 221 384 673 415 471 681 393 511 541 287 425 421 83 120 490 245 584 176 270 448 454 186 285 500 479 482 285 67 425 610 421 145 500 250 575 210 244 93 342 652 257 539 68 265 570 744 194 574 205 405 607 108 312 351 693 550 214 399 490 621 529 454 311 61 170 115 600 388 513 613 475 407 255 120 237 305 587 355 148 459 687 328 165 627 606 202 137 197 502 540 413 232 708 521 432 236 426 113 309 371 258 206 196 160 242 320 63 425 615 367 75 368 244 810 302 646 33 400 476 503 561 442 492 333 468 45 382 639 203 101 480 386 
489 207 389 489 405 457 260 114 429 293 379 647 535 336 419 393 269 375 405 349 432 234 386 186 379 345 502 470 354 520 330 354 122 418 251 338 71 95 390 369 199 317 133 514 480 155 332 616 410 331 107 481 453 61 190 436 385 409 243 483 88 448 375 485 499 290 146 226 183 458 440 489 511 91 221 135 295 271 346 475 493 193 87 478 26 109 198 374 193 431 227 330 206 263 51 205 480 196 487 402 350 262 334 300 287 235 132 639 489 593 458 459 440 599 241 280 550 332 283 412 289 479 322 341 171 221 521 364 128 515 287 224 405 481 159 195 422 172 130 417 376 357 408 342 495 279 537 196 158 294 214 200 348 498 371 317 207 282 395 425 461 505 326 544 321 397 105 231 282 425 542 185 550 384 439 395 509 430 355 384 481 238 462 100 457 157 480 346 344 241 578 327 374 523 273 372 452 278 263 282 242 59 372 100 491 292 291 284 395 347 364 396 331 322 200 222 328 548 380 236 375 216 412 48 227 136 319 489 398 388 105 401 410 581 140 432 189 368 536 253 363 353 622 405 343 291 417 467 416 394 372 216 251 217 442 335 351 450 335 357 131 81 197 170 426 295 186 391 531 194 171 471 458 175 77 230 382 400 312 188 545 427 295 354 305 244 353 278 135 135 71 307 372 191 108 261 451 229 97 206 282 646 303 528 178 237 312 352 413 301 355 278 438 139 312 527 131 259 371 302 
349 241 264 583 250 438 149 275 265 109 493 756 396 532 327 591 440 248 261 232 345 227 240 33 305 308 351 631 191 443 145 553 180 542 121 508 239 289 466 294 346 361 321 372 540 355 276 483 363 130 94 525 542 254 365 346 449 555 397 618 268 425 573 622 656 439 147 77 104 646 513 616 428 162 272 106 456 79 181 636 339 351 286 377 228 263 342 174 31 495 257 158 387 448 157 247 361 6 413 535 149 463 149 498 187 405 334 743 406 684 307 629 577 488 381 481 464 524 326 392 396 366 400 504 255 159 425 304 275 401 91 23 567 386 47 82 279 364 259 431 250 157 416 528 381 465 627 277 200 311 69 84 233 620 319 510 361 192 324 467 391 578 128 411 204 222 259 427 193 256 413 25 674 584 499 541 366 364 177 311 514 432 406 302 595 332 607 198 217 272 481 529 287 581 471 556 349 456 410 470 271 221 325 187 392 173 89 404 594 298 184 320 507 404 121 264 245 406 574 347 570 52 514 210 40 113 138 613 287 557 159 281 555 666 328 612 16 560 406 199 165 157 491 581 225 234 618 627 613 252 178 200 371 318 595 185 439 544 520 553 332 244 49 366 501 158 61 259 577 213 39 628 477 32 126 47 578 583 238 53 669 629 484 217 502 174 154 479 336 328 153 233 248 202 163 384 563 249 158 358 86 751 106 473 238 347 429 391 586 486 354 473 264 160 511 460 325 288 306 200 
600 155 109 818 498 711 423 307 503 355 713 983 643 550 598 684 410 107 516 87 617 490 496 304 580 50 593 806 174 715 223 584 408 756 394 459 409 364 709 31 315 615 467 619 792 426 13 731 638 290 283 784 780 344 369 617 698 748 582 822 331 698 668 824 836 371 194 351 371 621 759 828 699 375 518 350 633 325 180 811 578 532 377 645 354 296 306 301 304 745 145 405 538 448 334 164 622 277 686 741 308 534 381 598 461 385 435 973 677 922 552 791 779 749 579 542 733 647 163 665 619 630 640 678 483 127 693 29 290 663 324 273 741 655 258 196 532 405 460 697 106 340 684 512 645 462 865 509 440 573 204 193 503 836 45 630 546 82 56 725 665 825 268 661 475 453 296 461 81 490 666 293 888 661 751 734 613 638 209 586 776 459 681 402 796 495 818 144 106 526 747 589 561 835 575 695 617 437 602 605 140 303 599 401 660 112 283 619 614 30 218 595 662 642 391 159 520 652 575 263 682 326 743 381 308 218 380 827 91 722 233 105 749 908 372 757 285 557 659 87 275 361 740 734 91 508 655 804 708 509 260 123 285 240 781 446 675 778 659 566 439 304 323 489 746 427 219 522 836 466 252 809 743 293 288 236 684 723 513 324 883 694 616 123 608 105 281 548 442 386 351 41 102 456 230 596 786 506 241 545 251 981 326 748 189 566 646 649 744 626 622 499 489 199 551 733 384 139 580 474 
566 156 379 555 477 541 336 29 499 353 440 704 613 286 501 383 193 366 480 338 515 319 460 245 462 301 577 504 365 604 355 311 207 475 324 263 142 57 463 339 114 398 169 590 554 124 297 695 496 372 159 558 521 43 116 519 461 454 293 532 24 533 366 533 535 207 140 292 259 396 512 542 595 175 304 210 337 327 359 508 566 246 71 560 76 25 113 412 251 505 173 396 236 198 129 150 560 245 572 454 393 237 395 293 366 159 128 698 573 657 532 486 489 681 299 250 634 340 216 497 357 560 396 379 253 210 604 328 44 596 341 271 440 564 203 215 497 118 206 500 366 406 491 278 576 215 602 276 243 378 239 219 427 553 331 323 260 269 361 504 545 577 363 622 399 463 21 182 268 493 621 240 603 365 515 441 586 515 374 468 560 185 547 96 506 202 533 349 338 325 662 299 456 597 269 387 534 207 316 298 186 30 457 185 573 289 335 348 350 308 384 480 357 395 278 164 410 625 325 153 376 278 477 130 283 151 381 543 381 419 102 387 456 648 81 450 242 311 615 230 396 407 701 428 334 375 380 502 407 469 401 185 166 137 482 407 423 516 352 306 132 5 260 183 499 368 215 468 608 279 212 508 540 231 128 265 379 416 395 251 598 404 309 352 302 231 389 252 134 87 152 283 363 276 100 326 511 314 98 261 318 705 356 613 122 307 376 432 439 319 439 227 505 126 271 612 84 200 455 381 
132 531 543 441 135 180 154 505 161 228 407 609 168 701 26 676 661 527 109 519 43 174 115 277 34 610 163 598 451 141 387 707 275 457 181 729 368 484 330 591 590 231 430 155 359 526 577 231 94 321 339 325 403 453 582 44 302 508 415 537 481 164 659 544 610 682 433 225 225 832 357 520 126 301 233 269 463 254 439 603 166 396 469 85 412 498 588 345 275 332 549 188 460 648 346 535 98 301 112 470 316 601 220 596 116 628 486 589 104 518 139 616 508 206 383 624 164 588 619 149 340 91 298 502 276 461 129 603 516 124 259 300 548 88 331 384 111 556 327 219 529 287 203 724 105 663 471 272 247 184 370 386 73 515 619 581 395 491 620 281 92 404 340 167 99 188 494 605 492 173 160 288 563 688 327 496 154 71 420 34 301 615 116 469 522 414 515 470 501 207 186 660 19 388 572 593 59 667 409 534 565 446 80 299 97 466 304 364 749 600 419 31 533 307 204 554 65 181 749 614 636 250 402 360 266 396 211 513 570 556 425 560 504 494 530 626 294 741 157 501 362 259 236 592 512 104 754 591 692 106 385 499 633 588 552 140 331 412 564 722 479 470 257 482 351 147 362 83 367 213 332 588 255 290 360 338 650 611 80 258 558 736 549 494 592 476 347 614 483 520 323 533 529 211 430 357 454 198 420 389 333 598 264 177 519 324 372 237 589 539 162 648 193 442 666 159 517 582 48 102 
679 197 442 612 590 639 450 84 612 465 495 745 726 201 612 344 81 432 593 404 625 424 574 357 571 328 690 516 448 711 449 233 313 521 437 150 232 108 535 381 39 486 221 704 626 115 338 807 600 476 271 637 582 133 22 629 538 485 341 565 104 632 330 564 549 99 230 405 372 293 582 580 703 284 398 323 370 437 444 520 680 302 128 671 175 95 47 513 362 579 205 508 268 100 241 188 673 355 679 495 497 194 506 269 479 46 152 743 681 711 646 490 524 792 356 197 742 328 212 596 425 672 473 403 345 286 713 365 84 707 450 379 457 674 312 313 611 74 293 590 432 513 583 174 687 116 658 366 346 474 338 316 540 594 361 311 316 336 397 586 652 643 464 735 512 576 100 114 335 606 733 351 639 316 590 473 699 622 463 577 643 109 651 142 539 256 571 427 409 422 771 242 566 668 251 382 644 99 366 302 211 144 562 290 684 366 440 410 266 341 474 589 369 470 391 190 521 738 231 106 353 390 535 230 394 252 493 583 436 431 202 446 488 705 68 445 352 214 728 293 495 516 814 430 401 484 305 516 368 582 496 246 100 116 505 520 493 575 351 218 161 119 372 205 568 481 317 581 684 383 320 524 628 343 241 368 350 410 505 364 635 346 308 424 282 302 489 207 160 85 263 339 428 381 199 390 561 415 201 319 420 748 464 716 168 381 436 519 444 324 536 148 617 215 200 717 87 216 563 494 
134 702 677 530 231 238 325 685 235 371 531 677 109 877 154 838 841 663 210 660 143 350 230 444 198 767 158 726 581 95 518 881 454 576 347 909 546 663 442 739 769 370 604 127 435 704 731 84 199 447 514 393 499 633 762 138 414 638 574 649 661 228 822 657 732 862 604 390 401 1008 452 626 86 481 401 447 616 401 571 731 173 563 649 94 592 677 767 458 441 426 719 321 628 827 525 706 104 464 115 595 435 775 347 763 290 808 663 654 99 582 184 751 628 26 541 797 65 749 788 243 485 98 433 648 449 622 59 754 695 63 402 457 686 94 499 546 195 735 502 309 665 402 298 902 82 842 548 441 425 338 529 547 233 617 771 743 560 645 767 372 138 478 469 87 263 283 673 783 646 250 75 455 657 854 417 628 132 162 546 193 364 794 161 647 640 586 623 606 640 374 35 832 199 449 740 746 121 847 564 696 734 625 223 479 82 615 444 512 923 754 543 181 686 442 380 725 244 111 925 791 795 413 514 539 425 567 346 618 707 699 600 694 633 556 709 771 459 918 81 660 480 376 82 737 653 283 924 719 852 217 502 665 811 765 680 281 458 512 721 897 656 650 424 655 451 306 525 205 417 390 499 714 323 459 537 493 810 760 260 428 652 901 711 630 758 635 467 787 660 700 502 685 666 389 605 510 561 370 595 553 476 663 401 151 693 482 513 361 731 699 292 825 260 614 841 118 696 751 208 275 
511 433 606 270 463 346 328 304 494 417 155 421 550 363 401 295 389 591 451 567 405 220 439 340 353 572 537 261 555 461 515 356 191 191 342 443 156 244 194 595 371 182 123 535 285 234 559 610 345 491 299 300 239 242 327 412 202 187 33 257 269 345 279 259 285 437 371 346 288 493 239 262 461 208 150 264 90 410 545 266 534 41 224 455 216 307 375 535 345 239 451 429 95 351 235 429 480 364 432 175 505 253 449 223 330 366 192 414 443 372 501 262 214 568 13 275 497 207 501 314 84 472 141 136 126 444 483 591 324 501 427 391 197 450 346 401 464 277 112 280 592 498 279 408 483 361 317 116 182 204 412 406 379 271 598 200 28 503 622 256 406 299 495 549 365 484 305 295 503 497 542 345 323 312 250 172 533 380 546 356 311 308 391 204 232 87 253 553 559 175 534 299 364 325 203 213 437 380 39 153 466 274 319 183 463 507 451 66 396 574 554 367 154 135 287 445 332 563 410 429 254 354 193 184 374 353 431 262 619 192 332 619 187 364 276 255 354 408 538 479 532 482 613 222 561 289 388 256 310 440 548 443 435 420 225 407 152 232 182 381 183 285 338 149 226 369 385 426 344 194 358 258 307 338 283 413 268 234 316 328 318 359 168 566 217 467 519 262 184 257 225 532 589 203 335 48 226 189 323 24 456 420 443 442 401 60 92 206 224 157 256 324 516 366 321 456 256 482 339 338 
509 297 485 405 438 420 291 170 466 352 291 557 554 305 420 317 283 470 433 445 430 223 417 254 374 438 528 374 445 507 415 313 129 327 292 346 38 116 315 465 244 263 44 535 407 133 427 627 391 407 189 415 371 107 211 435 316 313 147 389 136 414 299 390 403 322 243 279 225 435 364 396 501 122 181 184 199 336 437 378 522 98 96 479 81 173 247 451 260 359 316 379 112 258 122 293 491 271 474 308 424 209 390 225 308 255 90 550 480 508 487 363 345 599 149 231 540 247 365 379 208 487 251 244 128 318 517 460 190 520 352 300 308 478 242 287 449 170 73 368 471 425 362 330 501 272 452 145 150 257 303 291 367 406 466 233 113 378 491 363 448 428 405 559 345 443 170 211 378 465 554 256 457 316 369 299 531 418 443 379 420 222 442 82 362 60 387 439 440 207 572 272 376 449 198 281 455 282 169 193 331 138 356 107 490 387 366 198 355 442 452 391 236 249 235 309 334 567 353 298 293 278 327 67 294 231 373 396 495 292 202 497 314 498 156 339 263 345 549 350 442 416 632 310 439 292 366 371 339 422 454 311 306 286 346 372 275 366 244 325 83 149 259 94 351 330 275 414 463 182 254 375 404 247 165 313 301 308 317 249 452 363 207 448 228 341 431 223 87 140 124 404 468 185 204 176 362 205 194 113 362 556 369 503 265 160 226 296 318 210 318 252 481 236 271 509 137 346 364 321 
654 810 957 114 667 370 591 684 695 697 224 77 671 675 535 516 747 941 643 921 525 476 643 663 502 945 688 277 889 506 836 652 528 196 617 789 531 623 231 961 747 340 500 670 176 601 928 684 445 791 653 212 154 622 698 532 251 247 376 177 649 383 510 183 255 803 739 644 595 786 187 150 520 558 425 595 349 705 877 277 695 420 604 558 595 688 752 830 666 209 830 683 448 701 599 807 604 692 496 223 797 575 714 508 568 731 564 54 517 18 674 319 206 615 366 592 535 450 881 387 314 588 297 327 450 807 552 961 705 597 720 712 297 544 689 751 646 645 474 316 942 779 332 737 591 706 69 425 499 396 755 755 582 133 970 459 405 863 989 254 485 130 802 657 588 712 685 644 863 706 645 672 115 554 210 254 671 481 871 500 238 657 452 582 197 466 158 894 909 426 572 590 527 151 506 403 560 732 351 438 845 653 456 532 555 859 757 318 679 946 875 504 375 293 582 824 531 681 714 808 468 662 190 556 685 715 698 144 975 328 704 972 242 44 651 373 681 720 646 845 836 754 682 356 913 505 646 271 512 637 856 815 812 800 251 642 259 154 411 687 556 665 652 511 197 620 731 614 183 483 699 260 284 667 645 744 483 392 522 645 115 585 441 912 494 830 820 576 556 632 582 897 940 495 707 341 155 449 695 404 773 63 733 449 780 367 290 316 341 421 380 658 726 737 632 482 631 861 490 567 
382 583 689 187 380 132 304 489 410 411 168 359 408 590 260 502 605 673 358 656 254 197 357 391 220 703 415 363 613 271 557 582 278 212 332 664 321 441 79 707 569 67 334 402 117 449 680 443 173 507 400 101 148 425 536 261 50 275 249 288 456 137 488 295 368 647 497 363 320 720 104 268 277 313 166 332 273 422 601 367 419 262 421 296 387 488 571 544 393 79 603 395 322 572 361 582 336 420 248 232 511 480 425 444 280 579 405 341 266 273 394 389 265 385 218 502 306 413 665 120 146 322 86 296 212 555 306 711 507 340 435 437 325 285 426 489 363 491 258 58 674 491 65 634 329 584 221 187 242 113 489 493 294 262 723 411 252 605 737 42 228 159 519 399 299 424 485 518 606 420 388 401 309 526 78 266 402 213 591 219 97 531 201 407 277 303 264 622 642 156 345 524 243 157 427 398 290 600 230 368 619 442 173 291 298 595 475 172 621 700 595 225 340 93 304 601 242 419 637 617 454 383 152 335 406 466 410 261 710 341 468 705 270 251 481 413 410 635 387 596 551 466 443 380 648 217 609 356 512 351 573 574 628 600 316 353 97 158 379 607 396 461 377 372 97 332 467 329 153 216 434 350 81 397 402 471 471 408 233 371 304 571 380 642 435 577 536 488 399 464 340 643 673 226 473 180 202 176 460 247 494 350 448 233 558 172 162 33 373 364 93 549 440 498 548 256 462 637 206 278 
74 651 618 543 172 252 278 643 174 314 531 698 55 847 124 820 802 604 152 602 119 319 173 394 172 711 99 725 522 120 459 853 418 578 297 871 512 625 445 681 726 362 575 68 451 670 674 85 193 388 467 410 509 594 723 113 417 636 557 654 621 240 803 662 734 820 554 338 356 977 462 634 103 442 378 403 603 345 511 730 114 541 612 70 553 634 724 397 390 436 668 263 605 791 484 656 52 412 125 595 375 747 289 741 246 768 631 676 104 603 123 747 631 80 524 770 105 731 737 246 475 54 427 638 422 568 71 696 651 25 345 403 681 81 449 492 137 699 473 316 606 342 303 868 41 807 565 417 391 322 474 493 186 626 714 724 540 588 709 381 139 495 409 36 215 223 630 750 589 189 23 403 669 833 428 625 73 153 487 168 383 760 170 613 643 560 630 546 582 351 91 806 165 469 717 733 87 810 549 677 682 582 207 442 68 557 386 501 895 697 483 157 673 436 335 674 207 61 894 744 779 361 518 502 371 517 288 626 648 691 552 635 632 578 672 762 407 886 25 605 419 316 90 728 595 249 899 719 835 160 442 612 765 717 679 226 456 521 706 867 624 608 374 628 459 255 472 151 440 359 447 714 339 408 492 438 793 750 224 378 665 881 692 571 737 580 407 760 628 663 462 629 607 356 557 496 568 343 548 533 418 685 343 182 643 465 505 358 724 682 284 793 199 565 812 148 659 699 185 231 
617 385 598 378 555 480 410 235 584 478 264 502 660 228 517 191 270 584 547 557 524 323 532 381 469 529 640 277 566 589 540 221 250 281 414 317 165 172 323 566 278 315 83 643 411 128 525 727 471 534 314 431 355 190 224 530 335 241 115 321 205 478 173 320 309 325 352 405 350 358 364 337 587 248 263 310 128 462 558 282 635 103 157 574 188 243 284 578 387 368 401 502 39 226 247 379 593 398 558 254 551 118 516 102 422 254 101 500 567 473 600 258 280 691 143 140 624 120 435 446 217 587 275 159 219 428 606 557 255 618 479 427 216 571 367 408 562 170 173 415 584 552 414 275 600 234 423 224 261 330 426 412 478 351 560 106 110 488 589 390 531 419 532 662 458 565 242 169 488 584 656 383 395 195 380 229 640 504 567 473 444 182 519 132 295 82 328 557 554 291 659 167 476 449 77 161 553 257 139 70 413 232 441 230 583 502 493 195 262 536 576 485 130 270 357 390 438 673 275 344 166 404 306 194 421 347 498 340 604 192 310 608 244 470 183 223 390 273 652 454 569 542 731 199 552 394 259 276 212 536 580 411 343 343 262 491 282 345 124 246 96 231 386 45 352 450 398 525 472 287 379 283 442 374 287 438 174 189 421 376 391 243 83 565 102 450 558 127 94 165 251 508 581 293 311 181 324 297 303 116 488 505 496 573 351 192 215 341 210 91 386 191 601 342 186 585 165 425 457 433 
759 266 510 647 672 703 529 167 694 547 532 767 806 144 687 319 3 502 674 474 700 496 655 439 646 383 771 522 525 784 530 182 387 550 518 68 300 178 582 442 103 546 270 784 673 155 400 886 670 558 354 687 622 209 80 704 588 505 378 585 183 697 308 582 555 65 311 488 452 214 627 603 776 360 464 403 397 520 522 526 761 347 194 747 249 178 111 595 445 627 270 591 301 51 320 257 751 438 751 522 579 183 589 261 558 36 199 767 755 742 727 491 546 868 400 176 816 325 259 662 472 749 524 422 410 363 788 423 166 785 533 462 469 749 395 394 691 113 356 650 502 596 645 99 765 57 692 429 419 540 419 397 619 618 417 310 360 409 454 639 724 685 546 815 591 658 182 102 408 688 812 434 659 284 638 495 779 694 542 651 696 90 721 201 559 303 594 503 481 489 846 210 642 713 251 381 721 25 403 313 273 225 633 363 759 441 523 454 205 399 553 663 381 520 470 255 597 818 162 151 339 473 573 303 477 334 576 607 502 440 285 513 509 739 132 440 435 144 807 365 576 599 892 432 472 559 251 523 341 663 577 319 131 173 518 602 540 613 355 156 208 200 455 240 614 562 400 661 732 455 403 532 685 425 323 451 332 406 581 447 656 304 315 498 276 377 571 190 205 144 341 407 497 454 281 436 593 484 284 364 503 771 547 785 241 433 478 577 447 334 601 109 700 296 160 788 147 274 637 572 
441 438 586 260 399 279 270 327 430 366 158 427 480 426 330 367 435 570 384 549 334 155 374 303 281 571 468 309 526 391 480 422 157 206 288 494 162 274 159 586 403 115 164 466 250 280 553 538 273 448 279 256 223 263 367 340 158 226 103 283 293 277 351 287 330 478 364 299 242 557 209 280 390 184 84 229 153 363 515 314 466 97 254 384 229 328 406 491 307 201 458 372 161 403 223 436 409 329 360 201 459 317 395 294 267 409 236 416 372 364 434 318 243 496 71 340 426 278 514 245 62 400 93 195 79 432 412 585 346 429 380 354 251 379 319 379 397 321 100 218 572 449 215 466 412 415 307 59 136 133 387 384 312 285 594 272 90 489 614 205 335 274 454 478 301 424 325 349 489 434 471 310 339 383 211 211 463 308 513 284 262 362 320 239 260 134 272 528 538 107 463 367 293 293 272 282 366 430 98 225 474 286 248 158 391 487 409 70 463 570 519 295 222 91 237 453 264 493 473 455 325 310 185 183 333 340 377 278 602 251 329 601 224 351 313 319 319 470 467 470 491 431 541 285 542 221 457 304 382 374 508 440 465 441 268 346 120 220 253 445 227 302 297 204 195 310 360 358 305 136 330 303 250 303 270 381 340 301 248 288 334 430 239 543 288 455 476 327 229 296 207 522 569 147 333 52 230 123 320 84 418 423 396 373 410 14 94 144 284 228 185 382 453 362 385 386 294 490 268 274 
146 735 690 594 249 302 364 729 245 394 595 739 105 931 205 898 888 677 233 676 197 403 254 478 252 790 157 790 594 158 532 936 503 640 383 957 597 711 506 757 812 432 659 129 498 755 752 29 261 461 552 456 563 680 809 192 478 701 634 713 707 292 881 721 796 906 638 423 442 1061 516 690 149 528 458 489 677 426 584 794 173 621 697 147 639 720 810 465 474 490 751 343 685 877 570 740 138 495 179 659 447 830 365 821 332 854 715 716 162 644 194 814 692 47 601 852 127 809 821 307 547 139 496 710 504 650 121 774 737 104 424 485 749 151 533 574 216 784 556 373 679 414 362 953 124 892 611 497 476 397 556 575 272 681 791 802 618 667 784 436 200 541 483 85 301 295 716 835 668 259 81 488 721 912 481 692 135 223 558 248 428 845 225 698 704 642 687 620 656 431 90 888 249 511 798 807 169 895 624 755 766 669 282 528 138 635 463 573 978 776 553 236 747 505 421 758 292 98 978 830 855 445 578 588 454 602 367 682 721 761 638 707 697 618 757 833 491 971 88 686 489 389 22 799 669 333 981 783 912 242 510 695 851 803 743 309 521 576 781 951 708 694 458 710 515 339 555 236 479 443 531 777 387 493 578 519 870 822 309 463 716 960 770 645 817 660 478 843 713 748 548 707 680 440 643 570 625 425 634 612 495 725 420 213 728 542 576 424 794 759 354 877 264 649 895 180 745 782 264 317 
424 291 439 412 351 366 203 204 378 267 307 577 469 389 341 402 347 423 347 401 352 148 330 176 298 420 442 428 386 436 348 399 42 352 205 415 53 170 305 435 288 226 129 450 393 210 402 545 323 330 131 392 373 143 269 357 298 356 194 424 174 357 384 427 454 376 213 195 139 517 355 425 428 41 129 102 252 254 376 433 435 147 154 400 102 200 288 374 182 344 311 292 188 332 72 290 409 197 403 341 345 296 305 311 222 315 172 566 406 515 400 425 381 522 180 317 467 327 371 321 212 406 237 300 81 281 440 434 219 440 271 225 364 401 177 233 363 239 56 325 425 344 316 407 420 347 458 107 70 202 243 237 282 432 443 314 158 339 463 335 376 422 331 475 258 356 196 290 339 377 471 180 485 403 352 341 446 346 378 303 390 299 374 152 399 132 416 384 392 149 498 360 296 436 284 355 376 352 208 271 327 151 286 20 412 340 289 213 441 419 386 315 304 238 148 308 252 482 435 328 374 196 336 46 214 189 287 424 453 353 179 453 356 502 216 408 188 427 466 319 368 332 550 377 394 212 453 424 423 335 382 289 342 309 394 284 269 372 319 409 166 172 178 182 342 243 216 328 443 107 189 426 367 172 119 245 384 381 236 168 480 450 286 397 313 304 356 311 170 204 57 371 422 106 183 191 380 139 170 154 290 574 288 439 265 160 241 261 382 286 263 333 393 211 357 441 201 344 289 235 
926 478 721 684 848 817 701 364 873 737 580 761 971 113 838 250 214 713 846 685 848 641 828 628 792 590 943 496 735 921 736 116 544 579 695 166 448 350 654 651 314 652 386 951 736 292 609 1045 803 759 543 761 670 385 275 853 668 516 449 585 368 814 252 580 526 253 517 671 627 25 689 611 917 526 592 579 439 712 731 497 935 439 357 897 419 377 322 798 634 697 481 775 376 189 496 468 910 632 889 547 780 219 778 261 723 243 329 768 896 762 900 455 556 1017 479 197 955 312 464 782 553 905 611 441 542 573 934 631 369 939 727 658 463 896 590 599 863 273 488 752 713 793 751 112 920 172 722 552 568 663 623 602 783 628 623 306 447 620 661 724 862 735 749 977 759 843 380 213 619 870 972 625 656 209 710 510 947 833 751 797 777 206 852 351 564 408 603 713 692 619 989 177 795 770 273 358 874 189 470 338 483 415 771 520 908 651 722 528 82 607 762 809 390 605 642 466 753 984 65 359 295 660 621 462 668 536 763 617 712 432 486 724 521 766 308 398 628 76 968 576 781 793 1050 407 683 710 121 499 261 835 783 530 337 383 511 779 614 657 352 93 335 393 641 336 678 738 601 829 797 601 600 510 778 616 511 652 280 372 736 632 654 191 330 709 273 587 775 210 331 310 513 618 709 603 483 517 623 621 484 453 705 770 742 909 452 530 545 678 423 349 721 168 883 501 151 919 314 483 782 737 
57 534 490 561 45 295 178 543 51 190 523 730 103 767 122 766 706 477 33 475 136 259 53 280 154 586 63 710 395 208 331 778 336 574 189 776 432 534 449 554 623 347 505 79 479 586 548 191 212 260 359 445 523 500 627 130 422 621 512 654 524 280 749 661 724 718 438 225 255 894 478 638 189 353 328 304 565 222 384 715 56 486 523 128 462 533 620 271 275 452 550 138 547 702 388 539 87 294 193 584 248 675 162 681 157 672 551 709 174 638 22 725 624 207 482 697 212 682 619 268 449 100 413 607 361 446 169 570 549 126 219 282 657 144 334 371 16 610 405 339 479 216 323 780 112 718 592 364 318 294 352 372 100 634 588 672 488 463 582 402 188 525 282 119 120 97 529 666 464 66 122 288 683 774 448 608 73 180 360 155 421 674 219 528 639 496 633 419 455 305 212 737 130 507 655 693 109 717 510 625 564 483 201 360 141 431 259 471 821 572 356 151 633 421 238 557 147 114 814 635 730 246 520 416 252 403 163 632 521 662 442 508 617 614 579 731 291 804 115 482 293 189 199 696 468 190 831 704 784 44 315 492 657 607 665 108 448 532 661 788 545 508 261 558 472 145 353 53 485 292 330 701 374 294 387 315 743 713 163 267 678 822 641 444 679 456 280 689 550 573 368 503 479 285 447 461 573 290 439 482 292 719 216 264 529 425 483 355 695 633 281 711 82 451 736 236 569 580 167 145 
607 229 65 873 506 745 452 380 507 370 771 1040 647 625 619 757 484 75 527 77 638 532 508 340 606 109 595 873 159 735 220 658 460 815 422 532 471 436 760 45 389 662 534 623 841 499 87 733 668 291 335 829 833 414 444 638 748 812 645 884 402 732 741 886 902 444 256 380 410 695 810 888 718 429 567 396 698 343 168 877 579 595 448 661 420 368 381 290 339 794 220 417 606 523 392 238 634 311 708 802 305 607 390 671 489 459 505 1030 697 976 558 859 841 758 640 616 751 718 234 700 676 643 692 744 537 182 709 67 363 675 338 301 807 673 302 238 542 479 519 738 73 338 724 586 658 537 919 562 490 616 239 234 524 895 80 701 609 124 46 771 689 876 269 667 497 457 368 536 124 493 673 329 949 735 799 797 617 664 195 612 820 533 708 472 859 560 879 132 96 572 760 663 585 883 647 765 634 511 665 674 215 371 630 455 676 134 294 677 689 90 202 620 730 695 428 234 547 654 649 337 754 356 799 442 335 274 392 887 34 790 297 51 812 960 445 827 321 631 666 150 265 363 742 803 85 541 730 870 782 521 246 192 359 314 846 461 728 833 729 640 509 374 357 559 797 449 260 536 881 512 293 874 784 332 345 263 756 793 542 360 943 769 686 107 680 159 275 622 512 458 406 95 72 502 295 654 844 551 305 607 264 1037 337 773 262 623 704 694 812 695 661 573 489 264 625 756 456 213 609 501 
596 32 277 675 498 627 377 121 514 357 562 829 643 366 556 495 233 267 508 239 572 398 487 260 524 175 600 631 289 667 301 398 292 599 356 292 256 182 576 220 133 499 296 619 666 239 177 729 569 341 191 665 639 169 182 574 571 581 418 659 149 617 480 659 662 210 101 315 304 450 626 668 655 257 401 263 464 325 287 635 587 370 197 612 191 111 125 373 265 617 46 406 364 265 206 25 602 246 636 580 363 345 395 411 413 204 253 822 632 778 555 612 616 728 422 353 693 462 97 581 475 605 508 506 355 129 658 206 102 641 334 263 567 618 206 179 525 216 317 595 267 385 584 335 621 280 722 380 329 469 203 180 469 678 207 445 385 173 239 609 611 692 325 657 439 470 112 273 172 505 657 251 729 472 625 567 614 581 309 530 664 271 618 222 632 327 658 266 245 417 715 400 512 709 388 512 583 258 441 423 59 133 529 276 626 205 312 468 431 184 320 541 484 508 326 37 466 654 395 104 495 293 597 234 288 136 386 668 272 546 105 281 583 767 184 575 249 377 651 128 351 394 737 554 236 439 469 629 520 498 348 83 129 74 610 431 538 635 477 383 258 125 280 309 613 399 192 502 717 363 209 635 639 246 174 240 496 540 454 275 724 506 433 261 421 141 349 359 260 198 229 174 263 356 100 446 634 402 112 385 286 829 345 686 10 423 497 534 565 445 527 312 512 89 363 679 196 74 520 428 
640 407 623 376 580 494 435 256 609 504 263 491 682 220 538 166 277 609 571 583 544 345 557 408 490 552 663 259 593 606 567 209 276 276 440 319 192 194 329 590 294 329 110 665 414 144 549 747 489 561 341 437 354 214 237 550 343 229 123 309 228 492 148 307 291 335 378 432 376 348 367 327 605 275 283 337 123 489 585 263 658 121 180 594 215 265 301 605 414 373 423 528 56 230 274 401 614 425 576 246 578 111 542 79 446 264 123 491 586 467 624 236 270 710 154 131 642 93 455 461 226 608 285 146 242 453 625 580 276 639 506 454 199 591 394 434 586 183 197 427 610 579 427 273 621 236 419 244 285 347 452 439 501 342 583 79 125 514 613 398 550 419 559 684 482 590 264 173 513 609 677 410 384 172 386 219 662 522 593 493 451 186 536 156 283 107 318 584 580 311 678 152 497 451 56 136 574 261 144 46 435 257 460 257 603 528 520 202 248 559 603 505 111 279 383 412 461 695 265 361 139 431 305 221 448 374 524 331 629 173 336 633 233 465 201 198 417 266 673 479 596 569 751 177 578 416 241 258 186 560 607 436 359 362 246 516 289 344 100 236 119 254 412 70 355 475 425 549 475 310 406 265 452 401 314 465 147 165 444 402 380 220 57 591 77 475 585 117 116 183 278 533 607 316 337 191 319 318 329 131 515 495 523 589 373 207 220 353 189 68 402 190 627 367 177 602 184 447 477 457 
611 216 75 866 510 744 451 367 511 372 763 1033 651 610 620 744 469 83 530 80 639 528 511 337 606 94 600 862 165 736 224 644 453 807 421 516 462 424 755 30 375 657 523 627 836 486 72 738 667 295 328 825 827 402 430 639 742 802 636 876 390 730 728 878 892 428 247 379 406 679 804 880 719 422 561 391 689 344 174 867 584 586 436 663 410 356 367 296 336 789 206 420 595 508 384 224 637 308 709 793 310 594 393 658 488 445 494 1023 699 970 562 848 833 762 631 602 753 706 218 698 668 646 686 734 530 174 711 51 350 678 340 300 797 675 297 234 545 466 511 735 81 343 720 571 660 522 913 556 484 612 236 230 525 887 65 689 600 118 33 766 690 870 273 671 498 461 356 522 118 497 677 326 940 722 794 788 621 664 202 612 816 519 708 461 850 550 871 137 100 567 763 650 586 878 635 753 636 496 656 663 200 360 629 448 678 132 297 669 674 75 209 620 719 689 426 220 547 659 635 322 742 354 792 433 334 266 395 879 46 779 287 63 803 954 432 816 318 616 670 140 271 367 747 792 87 539 716 860 769 524 253 181 344 299 836 463 722 826 717 626 498 363 354 547 791 450 256 538 877 507 289 864 781 328 337 262 744 782 541 357 935 755 674 112 668 151 280 609 500 446 399 85 79 497 285 647 836 546 296 598 265 1030 339 773 249 616 697 690 802 684 658 559 494 254 611 757 444 198 608 500 
247 398 451 423 184 249 58 363 214 165 354 599 291 566 168 562 520 435 174 421 182 63 160 157 131 492 267 526 369 274 311 575 135 406 85 588 231 342 303 483 447 192 300 272 365 388 462 367 178 259 202 344 382 311 440 185 281 440 313 487 339 236 544 493 544 540 301 118 92 695 345 477 263 160 134 130 369 174 357 531 261 283 329 227 270 356 446 297 157 324 417 157 342 508 204 401 231 186 242 409 264 471 184 476 50 486 350 582 241 517 227 536 451 348 285 493 302 478 485 203 266 229 247 413 157 340 270 491 374 264 188 196 469 230 205 265 189 416 200 245 436 246 229 585 244 524 463 163 113 136 258 268 105 477 505 468 286 380 512 287 217 406 272 297 86 206 351 468 381 217 293 168 530 568 325 426 269 187 345 137 330 477 226 330 467 290 470 381 405 117 328 533 123 403 450 493 200 527 314 421 433 303 138 160 240 362 228 284 618 484 348 148 434 253 70 420 76 304 614 473 526 141 363 219 163 265 167 473 475 469 288 468 437 497 389 535 176 605 288 381 304 224 372 501 413 47 627 520 580 163 325 372 492 449 484 128 286 387 460 587 344 328 140 353 335 93 242 152 395 87 210 519 290 168 221 233 539 514 62 137 525 616 437 403 474 358 288 485 348 380 181 420 435 80 293 270 417 96 282 280 248 591 201 294 383 232 301 217 501 431 167 511 236 308 534 286 376 451 127 60 
798 336 580 632 715 718 570 221 739 598 519 738 844 76 719 263 74 571 716 544 730 523 697 490 675 455 813 484 591 809 592 115 419 531 562 67 326 215 579 513 171 556 279 823 667 169 471 922 693 616 404 686 610 249 132 735 588 479 371 556 229 714 255 553 517 128 373 535 494 151 620 577 803 396 483 446 379 573 587 487 804 348 226 778 287 234 179 655 496 624 341 639 293 47 361 327 786 491 777 501 638 148 640 221 595 100 212 740 782 722 769 450 520 899 396 134 842 285 331 679 471 783 526 396 430 429 817 495 226 818 587 517 436 779 449 455 733 139 375 660 571 652 656 32 798 31 674 445 447 557 480 458 656 593 489 272 359 478 526 642 750 674 605 852 630 707 237 92 477 735 848 485 630 225 636 470 819 720 607 680 697 80 744 225 531 308 568 570 550 509 874 155 674 705 219 340 754 47 395 285 344 274 658 395 790 508 580 449 134 471 618 692 351 522 511 326 630 857 91 222 290 522 561 335 529 393 626 582 573 406 343 584 483 721 170 396 488 73 843 434 637 653 928 392 541 590 182 486 284 705 639 387 203 244 486 646 537 600 320 86 220 251 504 238 608 605 458 700 728 482 458 496 691 477 372 509 282 363 614 495 627 239 284 566 236 444 631 150 216 176 381 477 567 483 340 434 575 507 341 364 562 744 602 804 309 437 471 586 408 304 618 66 748 358 104 811 179 345 665 610 
413 216 157 691 310 541 247 308 316 168 598 863 456 575 415 662 461 141 329 128 433 335 309 142 401 230 406 727 87 531 66 601 282 646 217 525 324 341 574 200 361 469 401 431 649 410 193 544 462 110 171 633 650 309 395 433 558 655 492 721 313 527 644 724 753 446 153 176 212 677 621 720 514 259 379 211 550 138 77 732 391 444 345 459 295 295 354 136 140 603 224 218 472 481 238 224 435 113 504 637 132 523 194 569 284 428 399 850 493 792 365 721 679 561 479 538 548 603 286 496 501 443 508 598 359 110 507 215 301 476 137 97 662 470 121 76 344 408 355 538 142 159 523 558 458 498 735 383 306 420 56 72 319 724 232 588 456 107 229 575 484 686 91 474 292 267 292 472 109 304 478 132 779 650 607 640 425 458 85 407 622 474 502 365 697 419 711 89 111 380 560 587 380 690 542 641 431 482 508 551 234 268 425 285 474 76 96 507 639 216 95 414 596 512 228 237 342 465 612 340 646 152 620 293 131 140 193 717 181 650 188 174 654 774 371 699 123 596 471 135 114 177 553 670 120 337 670 723 685 322 113 161 366 310 693 259 546 651 604 594 399 284 156 441 609 244 84 335 685 321 110 725 584 137 195 61 652 668 337 161 774 691 565 109 575 110 113 539 403 376 243 147 141 310 189 486 669 358 192 453 64 858 139 568 228 451 533 500 677 570 461 517 304 168 562 551 373 247 403 295 
288 458 541 327 255 180 154 393 286 261 266 503 326 555 177 518 534 524 237 508 183 51 230 242 129 567 316 448 462 252 405 558 157 318 181 600 234 357 208 565 477 96 282 312 269 388 540 387 136 356 265 250 286 332 457 189 185 360 257 399 363 170 502 405 464 565 365 212 172 687 249 387 248 192 77 192 306 270 451 453 315 240 340 233 291 388 477 393 244 227 478 250 304 513 243 459 256 272 220 325 361 451 279 440 135 503 345 486 227 421 283 463 366 350 225 474 286 430 544 134 187 248 156 345 127 415 265 571 407 278 284 287 395 230 283 345 247 423 182 156 526 342 142 585 260 527 367 117 121 39 342 349 166 385 583 423 238 462 594 192 193 309 368 325 161 289 384 465 463 292 318 253 438 532 228 347 310 164 440 132 238 477 187 334 381 262 381 473 494 50 320 508 140 308 417 435 214 536 251 376 494 337 102 178 242 448 324 209 600 561 444 144 375 164 155 478 114 339 603 514 478 233 271 235 256 332 262 382 563 400 343 557 357 400 402 470 262 597 314 457 400 319 390 435 501 75 600 442 534 228 421 440 529 493 404 213 194 292 406 575 337 360 227 332 238 185 323 210 301 85 289 440 202 250 274 322 492 454 100 223 432 580 391 493 436 436 385 464 341 390 219 501 525 91 348 200 325 50 336 232 343 495 297 250 437 166 221 120 433 381 81 505 312 369 518 254 387 512 116 136 
202 550 591 366 210 110 188 502 237 282 339 533 230 673 80 630 649 575 185 564 76 154 188 307 44 643 235 532 503 134 440 675 265 387 218 715 350 471 258 630 587 167 400 222 283 505 612 277 26 378 354 249 328 444 571 83 230 442 366 466 474 95 613 473 542 677 453 261 244 805 282 448 130 297 195 280 409 303 491 537 239 355 455 124 403 496 586 407 306 256 569 249 420 630 346 552 158 334 102 402 377 569 282 555 152 617 463 513 110 442 215 553 439 234 333 592 168 540 637 74 281 146 233 444 245 491 149 640 515 169 312 339 486 116 357 415 187 539 299 142 577 350 126 703 154 644 395 234 231 129 406 418 134 442 655 534 351 529 660 205 75 328 396 224 151 260 492 583 529 249 214 318 489 645 252 432 222 46 474 42 226 594 74 451 453 379 443 519 547 167 202 625 71 312 532 540 111 652 356 488 585 444 16 288 129 508 356 306 717 634 475 45 479 242 222 571 94 242 721 619 587 285 330 348 305 417 270 441 617 496 438 608 438 417 517 568 325 715 212 532 421 323 280 533 556 105 717 525 644 180 444 524 636 596 486 202 263 338 513 693 455 468 288 450 277 197 393 157 291 195 361 521 180 318 370 378 602 555 98 287 484 693 502 542 550 509 406 581 459 505 322 569 576 197 443 302 382 167 431 345 382 522 319 142 533 274 311 166 529 490 91 623 269 460 636 139 502 603 35 141 
486 722 836 118 506 201 447 617 533 553 196 246 502 675 370 551 715 819 481 802 358 343 484 537 340 847 521 353 759 337 702 660 420 209 476 767 451 563 132 853 692 211 446 501 41 560 824 515 279 650 544 48 110 553 652 365 132 282 337 253 583 215 541 262 345 762 639 508 467 799 87 225 350 454 309 477 337 566 747 356 528 367 543 389 518 618 695 685 539 88 742 533 415 676 501 721 435 566 326 241 653 566 565 515 420 692 517 224 348 151 508 390 253 446 314 586 366 469 801 222 242 420 196 339 349 700 383 856 636 428 579 583 341 375 572 635 483 603 388 154 821 631 171 728 422 685 119 323 386 259 635 639 425 210 867 472 354 751 882 104 316 54 664 488 435 554 614 619 751 545 475 547 237 583 78 281 503 313 737 338 70 632 283 525 257 412 225 769 788 301 403 598 366 18 503 437 392 705 313 438 758 575 295 431 386 741 620 260 694 843 740 340 390 198 451 739 376 511 719 745 501 529 155 469 552 610 550 215 857 367 609 852 277 126 599 431 556 721 476 740 695 606 513 404 794 357 673 346 555 476 716 716 754 731 311 489 174 125 430 690 508 592 523 474 100 472 613 453 22 361 580 337 116 543 544 618 518 438 370 518 233 623 446 788 503 722 679 571 510 581 481 788 819 372 613 278 172 322 600 350 639 233 591 280 695 287 237 179 392 427 227 644 565 640 632 313 579 775 329 416 
470 541 685 158 449 246 340 425 479 444 71 328 502 487 350 388 519 669 430 648 348 220 424 395 304 673 501 260 620 380 571 475 255 123 363 572 263 369 64 688 497 106 250 492 155 364 655 546 273 532 379 171 120 361 456 355 76 170 144 205 390 250 375 211 272 566 466 382 329 615 110 194 385 285 158 324 160 446 609 265 502 171 348 395 329 427 500 573 398 109 560 440 222 481 326 538 429 423 355 132 541 377 467 334 327 496 321 316 371 262 473 281 172 493 118 398 416 299 616 227 46 418 39 181 177 534 412 688 445 440 462 445 215 386 417 478 439 407 203 173 670 527 178 536 426 490 205 152 228 158 484 482 359 195 697 298 158 590 716 132 332 173 541 496 355 483 424 425 590 486 486 403 249 413 121 159 491 312 604 305 184 437 309 330 187 216 187 624 637 166 455 416 323 196 319 283 383 510 122 257 576 387 261 259 399 586 496 65 513 673 610 314 226 31 320 555 307 514 532 552 340 397 85 285 421 442 450 190 702 229 432 700 166 248 403 301 412 532 484 572 576 506 548 267 641 270 498 253 397 421 595 542 560 540 214 406 22 118 265 503 312 402 386 278 96 376 459 402 214 217 427 250 188 397 372 475 357 294 293 378 243 458 268 640 324 557 561 383 314 386 309 623 668 229 435 82 136 189 423 154 508 324 477 347 512 96 48 109 261 252 181 451 507 464 444 368 384 593 290 330 
820 452 695 546 751 689 603 312 778 654 442 627 864 71 725 123 214 684 746 656 732 528 729 548 677 585 840 363 690 799 680 33 442 441 602 210 347 275 518 638 294 524 273 846 599 207 595 934 682 691 468 625 532 310 237 738 534 378 316 449 303 687 120 444 394 274 465 584 534 162 552 474 797 430 473 489 302 633 685 365 834 313 276 783 335 325 302 733 555 561 462 687 249 164 410 444 799 557 768 409 711 103 694 124 620 228 232 632 778 625 799 324 418 900 348 82 834 174 465 656 420 794 479 303 426 533 816 622 324 826 649 585 327 780 519 541 761 209 375 622 684 719 622 139 807 154 584 433 460 540 563 544 679 491 618 167 319 587 654 590 742 597 684 868 657 753 327 147 586 776 862 547 520 82 574 372 842 714 700 682 642 148 730 261 427 288 466 674 659 500 870 42 683 632 139 222 761 186 336 201 468 348 652 419 792 613 652 395 56 598 711 694 252 473 546 447 643 877 92 355 161 577 484 367 589 476 678 480 692 296 428 701 383 628 246 268 551 104 858 545 719 715 938 272 653 600 55 366 140 734 725 498 340 371 375 683 479 519 214 71 235 331 558 221 541 642 538 726 660 490 530 377 645 537 436 586 148 238 626 548 518 92 192 674 135 551 711 88 231 239 423 594 680 495 426 386 485 505 424 326 639 635 665 783 421 402 409 548 288 211 596 108 792 451 56 796 242 473 666 633 
573 677 829 30 569 305 476 551 599 582 91 184 598 560 451 418 621 812 548 791 445 358 545 538 411 813 607 209 764 449 714 540 398 74 501 666 398 491 117 830 616 227 368 593 117 472 796 626 364 673 522 159 44 489 568 452 143 143 245 110 517 315 410 119 202 675 607 523 472 678 92 84 459 428 300 468 224 587 753 212 611 287 471 485 462 555 620 713 542 117 696 574 319 577 467 674 527 566 431 106 681 456 602 394 459 603 433 172 451 125 585 246 110 563 233 474 482 341 748 308 181 513 172 212 321 676 490 829 572 528 602 588 202 473 561 622 554 515 341 237 814 665 250 619 518 583 72 296 372 284 628 626 481 73 837 348 273 733 858 172 414 91 682 588 483 610 552 520 733 608 576 546 117 453 126 145 593 403 747 411 187 533 385 450 113 333 83 768 781 305 521 478 434 131 388 303 481 608 220 320 711 520 365 401 485 730 637 185 571 813 753 417 263 167 461 690 429 609 601 676 368 540 58 423 563 584 585 75 845 229 571 843 137 119 519 290 556 606 576 713 717 642 625 265 784 397 544 202 419 540 737 682 681 667 168 536 133 33 302 573 425 532 529 382 95 509 602 519 166 360 571 193 221 541 513 619 385 300 418 521 112 490 325 784 381 699 702 458 425 501 451 765 812 371 574 207 31 328 562 271 651 180 616 400 646 234 156 211 251 305 283 537 629 604 517 429 500 727 398 459 
464 142 284 576 368 495 241 149 387 234 470 740 511 412 419 493 313 269 376 244 435 266 355 129 388 257 470 575 250 531 232 436 169 514 221 381 170 173 468 271 219 379 239 488 553 242 238 597 434 246 54 548 537 140 239 438 458 510 344 582 147 484 475 585 603 313 50 183 167 522 518 586 518 135 280 128 399 206 242 579 459 294 176 475 128 137 215 286 135 505 161 281 312 324 91 144 467 123 499 500 267 354 275 401 277 279 230 730 496 679 426 564 539 593 338 370 557 437 229 449 376 470 399 445 242 119 521 270 148 505 218 147 509 481 80 93 394 243 217 469 270 281 457 403 485 341 622 268 204 343 114 97 334 593 279 421 308 178 299 490 474 584 236 524 304 347 133 307 178 380 524 122 647 481 512 496 482 444 254 394 543 311 482 196 557 262 577 240 238 292 579 419 375 596 374 478 447 330 363 387 177 101 394 159 489 186 209 376 475 256 264 404 437 400 189 163 329 522 452 226 479 164 500 140 164 30 263 585 294 494 33 296 511 665 206 538 122 437 517 155 270 283 604 511 238 303 503 571 517 366 276 127 248 198 545 300 433 536 441 432 231 120 148 274 504 265 89 369 600 235 88 575 514 115 45 139 484 506 317 142 642 522 401 248 407 142 263 370 235 210 108 207 267 226 38 353 543 275 31 306 192 738 232 550 126 323 404 413 519 406 398 353 389 52 395 543 206 195 384 292 
307 673 734 287 345 36 331 603 369 427 309 432 318 732 201 650 734 718 319 706 186 265 327 444 187 777 343 499 647 151 585 726 372 346 361 796 438 562 216 769 686 190 467 320 191 581 748 329 120 523 479 148 260 541 661 191 191 414 395 412 572 50 636 421 500 770 579 401 377 863 213 388 165 407 272 405 421 447 635 503 352 402 543 208 500 600 687 552 444 190 693 394 465 706 458 674 255 472 142 370 522 622 427 591 295 705 537 410 164 337 336 529 398 261 363 645 180 561 759 83 293 239 234 443 325 625 197 777 619 243 457 481 468 192 490 551 317 620 378 90 720 495 90 772 239 719 302 305 335 197 544 554 278 377 791 559 394 667 799 138 136 233 541 303 297 399 596 654 667 383 290 455 414 674 179 408 322 142 619 182 120 666 103 533 407 439 386 663 689 250 219 669 213 204 572 545 216 732 377 516 709 550 153 391 202 648 501 319 766 770 620 180 488 241 356 693 239 328 779 727 602 426 283 445 446 544 415 379 759 486 558 751 409 311 605 558 463 776 292 666 566 467 327 526 698 241 755 492 660 316 589 653 742 707 453 347 244 274 527 750 528 572 426 510 215 342 529 294 173 300 496 485 82 454 489 519 619 554 241 424 409 719 528 685 582 644 551 632 531 591 434 707 719 306 563 326 324 262 551 388 526 419 465 96 653 312 310 163 517 512 136 688 402 584 691 127 588 727 180 286 
577 423 620 311 524 418 383 281 554 463 195 442 617 295 470 226 337 605 513 579 475 283 500 376 422 567 602 240 578 533 545 286 232 217 392 386 167 218 254 597 336 254 99 602 342 188 558 679 416 529 320 362 286 226 285 481 267 186 46 265 248 417 209 265 269 390 376 391 333 424 295 278 533 240 217 301 69 452 569 244 598 56 199 526 212 287 341 573 381 299 441 481 35 295 253 418 548 396 503 192 545 185 498 151 389 319 152 439 515 408 564 229 223 639 77 207 569 139 482 387 150 541 209 111 182 452 555 591 301 570 469 424 175 521 371 420 527 232 149 351 606 542 351 345 553 303 356 179 233 276 435 425 441 290 595 130 54 512 622 322 478 350 530 618 425 540 285 238 512 556 611 379 338 240 311 173 599 451 574 425 376 251 463 175 239 73 268 572 574 243 606 228 431 380 131 157 507 325 69 83 454 265 390 217 534 521 488 126 325 571 582 436 104 203 336 432 398 630 341 399 187 394 237 198 413 365 480 280 629 158 335 631 189 403 239 209 387 341 607 482 568 529 683 178 573 353 315 237 242 502 581 443 401 394 215 463 213 276 122 312 144 269 377 98 282 424 407 489 402 252 384 242 375 371 298 442 200 182 381 367 333 287 98 582 145 475 555 192 144 220 250 537 602 260 337 115 258 254 327 60 488 444 486 514 390 132 146 277 185 91 328 261 574 368 253 528 220 468 409 399 
608 137 376 597 517 590 380 22 538 388 481 742 655 271 547 390 158 365 522 337 562 367 502 281 509 280 618 532 374 652 373 300 255 514 365 226 189 84 508 325 68 446 206 633 599 134 282 738 544 398 196 605 564 86 88 565 507 488 331 567 56 581 374 567 564 162 153 331 302 370 557 579 642 223 352 254 371 360 370 536 607 285 103 606 124 23 66 435 287 551 151 433 268 174 175 130 605 277 619 492 419 240 430 305 411 124 152 737 619 699 573 511 525 727 340 249 681 357 181 545 401 605 442 410 301 214 650 312 6 641 373 302 469 610 234 235 539 112 253 548 365 435 539 251 621 191 644 324 291 426 260 238 471 590 312 341 300 268 344 551 593 621 386 666 442 500 28 172 267 532 665 275 639 368 560 475 628 562 388 515 607 172 595 126 541 240 569 356 340 373 708 297 502 642 283 408 579 177 355 321 161 76 505 233 619 294 362 390 335 289 399 527 384 441 322 138 456 667 305 106 390 315 519 178 318 174 417 580 374 446 124 382 491 690 78 472 276 289 659 226 418 438 745 452 333 422 371 531 414 511 419 179 118 94 514 447 467 558 374 289 159 52 297 210 543 410 239 511 654 327 243 537 588 267 167 290 391 437 441 290 635 403 330 355 316 232 412 255 160 93 199 276 361 324 121 369 551 363 124 302 343 743 387 661 104 352 418 480 464 343 487 214 542 138 263 660 92 172 503 426 
667 309 543 495 591 571 444 157 618 489 380 617 712 146 580 219 153 531 589 503 590 383 571 382 535 450 685 381 530 666 516 158 285 398 440 202 189 111 434 496 173 408 132 693 523 42 453 787 549 525 301 540 470 144 114 595 442 356 228 436 141 567 203 434 414 209 305 420 372 275 477 453 661 269 337 325 245 467 524 385 677 201 110 639 169 169 181 567 389 479 321 523 150 111 245 301 651 391 634 371 545 71 530 136 465 138 70 616 640 590 642 355 396 759 251 85 699 192 342 533 325 647 379 273 286 376 677 483 174 681 483 419 324 639 352 377 605 62 231 512 531 553 508 173 661 121 540 299 309 411 399 380 525 467 482 176 212 433 515 495 607 534 518 718 501 590 170 55 432 615 714 381 510 199 490 345 689 577 537 539 551 68 599 96 410 160 444 515 504 364 732 134 536 563 116 246 616 141 253 167 331 184 515 262 650 455 486 305 201 460 547 551 235 375 386 309 494 725 193 241 220 412 421 206 423 312 514 456 543 297 266 550 359 587 92 309 385 185 709 393 554 549 792 294 499 452 221 381 244 577 560 347 236 247 372 523 392 461 216 166 77 170 393 91 464 482 373 571 583 342 364 389 544 371 270 421 220 274 477 383 506 239 173 517 147 396 545 87 72 79 259 445 527 345 265 288 441 364 261 217 474 621 499 659 275 290 328 438 308 189 471 92 630 291 116 666 82 340 524 478 
63 555 491 607 69 336 216 574 50 208 570 774 94 806 164 810 739 478 74 478 176 304 89 306 200 596 42 757 395 237 333 818 376 621 222 809 472 570 496 560 653 394 546 71 524 624 558 180 255 263 389 488 569 535 661 170 468 668 558 701 558 321 792 708 771 748 462 254 290 931 524 685 217 391 374 339 611 239 385 762 26 531 560 159 498 564 650 266 301 498 570 157 590 737 423 561 112 317 227 631 248 715 172 724 199 705 590 754 206 683 26 772 671 213 528 737 234 726 638 312 496 128 460 653 405 463 193 578 579 144 234 301 704 175 358 390 61 646 448 384 480 215 368 816 135 754 637 409 360 341 369 390 145 680 596 716 533 473 587 447 226 569 285 115 162 98 560 703 475 61 124 314 729 817 493 655 65 221 359 201 464 711 258 566 686 538 679 421 458 351 227 779 177 551 698 738 146 751 556 670 583 515 247 399 169 440 269 518 860 581 354 196 679 468 275 578 194 101 852 661 774 272 567 454 275 427 178 678 522 708 469 508 664 658 614 777 315 841 117 497 290 191 189 743 472 236 872 750 828 85 311 510 684 633 712 139 495 578 707 827 585 540 288 599 518 179 373 99 528 335 354 748 418 321 418 331 787 759 210 295 724 864 685 446 723 471 279 730 589 609 404 513 481 329 474 507 619 336 467 527 301 763 227 296 553 471 530 402 741 678 328 749 65 475 776 265 605 599 213 188 
305 425 515 341 260 214 143 358 291 247 269 516 345 526 200 498 501 499 245 482 208 24 235 217 153 536 330 444 439 283 385 530 123 321 166 567 201 324 221 536 443 111 253 330 290 356 510 410 168 339 233 274 299 299 424 214 201 356 240 402 329 204 481 408 461 531 333 191 146 658 265 392 277 158 55 161 292 253 428 449 328 217 307 258 257 354 443 379 219 246 445 243 281 481 209 426 277 246 251 324 346 424 269 417 131 470 314 501 257 438 295 455 366 377 209 446 316 411 510 168 182 270 162 334 98 385 293 541 373 302 268 263 387 256 254 317 258 390 151 186 500 330 173 554 283 496 383 93 86 61 315 320 173 392 553 403 217 433 565 216 224 328 350 346 163 288 350 435 434 296 340 227 446 509 248 343 327 194 419 157 265 446 220 302 383 235 385 448 468 33 349 482 160 330 393 420 237 504 237 356 461 303 132 144 268 421 305 202 572 531 423 169 360 169 131 445 126 358 574 479 459 210 279 201 234 300 252 388 536 390 310 531 354 418 369 458 236 568 336 426 384 308 414 424 474 82 575 438 514 235 404 409 495 458 400 211 201 304 389 546 307 326 203 304 254 178 294 219 327 51 261 436 231 223 241 297 473 440 109 197 440 557 371 468 413 406 368 437 310 357 185 471 499 57 315 189 332 19 302 211 322 509 282 284 404 152 217 141 423 362 114 475 316 337 490 286 354 479 142 137 
591 130 125 795 489 693 408 281 495 344 689 959 635 526 584 658 387 121 506 97 603 470 486 287 565 51 585 780 178 701 221 559 386 731 380 437 384 338 686 57 290 594 441 610 770 401 18 723 621 285 261 762 757 318 345 603 676 723 557 797 305 681 642 799 811 349 170 336 353 600 736 803 685 353 496 330 608 313 182 785 570 507 351 633 329 270 282 300 288 723 120 395 513 424 310 138 611 260 672 716 305 508 373 572 446 361 409 949 663 899 544 765 754 738 554 516 721 621 145 647 595 618 617 653 460 106 681 51 264 652 314 260 716 643 239 179 522 380 436 677 120 335 664 489 633 438 842 486 419 552 189 176 490 811 61 604 521 71 81 704 650 802 264 653 461 446 270 436 70 483 657 276 864 636 729 709 604 623 211 570 756 434 665 376 771 469 794 148 112 505 735 564 546 813 549 669 605 414 577 579 117 277 582 378 648 106 275 594 590 39 221 580 636 619 374 135 504 644 552 241 656 310 719 356 294 195 371 802 112 697 208 125 724 884 346 731 269 534 650 65 274 355 732 708 99 491 631 778 683 499 261 98 264 217 755 434 652 755 633 542 413 278 306 463 723 414 201 510 815 445 234 783 723 276 264 223 658 697 496 307 859 669 590 131 582 86 279 523 416 360 327 33 116 435 205 572 762 485 217 520 243 957 318 732 163 543 622 627 718 600 603 474 483 174 526 719 358 117 565 459 
399 566 681 178 391 160 305 468 421 412 144 353 427 562 277 474 580 665 369 647 272 192 367 384 235 690 432 339 608 296 553 554 263 191 332 638 300 418 61 696 546 56 309 420 123 424 667 465 194 506 387 116 137 403 511 279 35 250 221 268 434 164 460 276 346 623 482 360 314 692 98 251 301 297 152 321 245 420 596 343 435 235 398 317 366 467 548 544 386 77 586 399 294 546 345 565 355 413 272 208 512 452 429 415 283 554 380 336 289 270 408 363 243 410 190 474 331 384 647 144 117 342 58 268 193 543 330 699 486 362 434 431 299 306 416 479 376 466 236 86 667 493 92 606 349 557 216 168 229 110 480 483 303 245 710 383 225 595 725 61 251 160 518 419 306 432 464 492 595 430 409 393 295 498 81 241 419 233 588 235 118 504 225 383 256 277 246 616 634 146 370 495 257 165 398 370 308 574 202 340 602 422 189 275 319 586 473 143 592 687 592 242 312 65 299 583 250 439 609 596 426 379 133 316 402 453 412 244 702 314 452 697 245 250 457 386 402 607 407 583 551 469 466 353 640 221 580 332 483 362 571 559 606 580 292 359 70 145 350 579 371 440 371 345 88 335 458 341 167 206 425 327 108 389 387 465 442 380 240 365 290 543 352 635 406 565 535 460 374 440 324 631 665 216 457 152 185 168 444 220 490 345 448 260 540 146 134 32 346 336 107 522 451 483 520 282 438 620 221 283 
313 573 655 254 317 80 258 496 346 363 234 422 338 625 191 554 625 639 293 624 185 168 294 358 154 684 346 430 574 206 515 621 268 281 288 687 330 453 148 682 578 84 359 333 173 472 658 375 104 460 382 144 216 433 552 192 120 341 293 357 464 79 539 365 437 662 481 323 288 757 170 337 211 303 164 309 326 377 562 434 351 296 434 227 393 493 579 494 359 145 593 341 360 598 354 573 267 387 181 299 462 516 372 489 229 596 428 402 198 332 327 454 333 319 260 539 242 464 658 53 195 253 139 354 217 533 239 688 512 272 389 400 389 216 400 463 297 511 269 40 641 440 25 664 260 610 284 196 231 91 459 466 233 331 701 461 289 579 711 94 160 218 475 330 242 364 489 546 580 356 319 369 377 575 140 331 333 144 550 152 126 558 135 424 346 331 333 586 609 144 281 565 178 206 469 455 221 623 278 416 609 444 107 286 229 564 432 222 661 678 552 157 396 147 270 592 183 350 673 621 508 346 221 338 368 448 358 330 678 403 458 672 336 309 497 475 378 670 318 574 504 414 376 441 616 166 654 423 565 287 526 557 635 602 383 297 160 227 433 644 419 465 342 402 165 280 440 265 192 198 406 417 85 367 389 437 524 467 178 338 372 621 429 607 481 553 489 526 423 482 331 618 640 206 463 225 271 158 450 283 453 412 400 176 551 206 219 64 435 415 37 581 377 485 585 195 479 627 141 224 
292 365 440 413 225 274 84 320 254 179 334 589 337 521 212 520 475 424 217 408 225 51 202 142 172 467 312 497 364 315 310 530 89 386 100 543 185 297 294 464 405 186 255 318 365 342 440 413 211 267 169 349 372 267 395 229 276 413 277 466 295 262 502 471 517 497 269 118 71 649 340 459 305 115 108 95 334 181 353 502 305 243 283 271 225 313 403 308 144 321 384 185 300 462 161 367 277 171 282 385 276 426 207 433 92 441 304 574 282 512 271 504 428 392 251 448 344 437 452 227 242 274 232 380 118 315 313 470 331 309 197 188 437 274 182 244 233 370 156 257 426 263 243 539 289 478 456 130 68 135 241 248 150 460 483 427 247 361 493 291 256 403 277 343 128 240 309 422 362 256 339 152 514 525 323 399 314 226 345 178 338 431 261 284 445 247 451 373 393 100 371 488 167 405 406 455 245 481 281 381 400 261 171 114 284 347 232 257 572 461 349 189 398 238 56 386 121 350 568 433 486 136 349 174 159 234 189 454 462 436 252 457 411 493 343 500 161 559 334 357 311 243 418 466 400 85 582 492 538 206 331 343 451 409 456 163 272 376 421 541 298 285 128 308 328 124 222 197 401 51 188 491 303 149 183 223 498 478 105 122 509 573 396 393 432 335 296 440 302 334 137 400 424 41 257 240 401 77 245 242 247 582 212 328 347 201 277 216 468 391 181 465 274 275 488 324 331 418 166 104 
872 538 780 538 809 715 662 394 837 721 446 595 914 154 770 89 301 768 802 741 776 577 786 618 722 672 894 329 772 835 758 116 501 434 664 290 409 353 530 724 381 553 329 897 603 284 682 980 718 765 541 634 530 386 324 782 549 364 343 426 383 716 99 420 358 359 547 650 597 199 557 454 835 493 516 554 314 702 766 330 889 352 351 826 407 407 389 808 625 570 548 751 288 252 479 530 847 629 805 402 784 172 761 152 676 315 301 604 816 606 855 288 402 941 376 157 871 174 552 687 442 840 501 301 474 615 856 708 408 871 719 658 308 822 593 619 817 291 427 645 769 790 647 218 853 241 571 476 515 577 641 623 732 471 705 176 355 671 741 606 780 594 759 916 712 815 409 232 670 837 910 618 493 61 583 362 894 753 780 725 653 234 764 333 407 337 447 756 743 543 908 108 730 632 177 204 806 272 358 220 554 426 692 479 835 695 725 415 107 685 790 737 251 494 607 534 693 927 158 443 139 646 485 432 659 555 744 461 777 278 508 786 370 613 328 231 623 175 906 630 795 784 983 246 737 649 56 334 91 790 802 583 427 458 351 743 494 517 211 147 303 412 626 277 548 702 615 780 663 541 604 345 663 608 510 662 122 210 676 616 491 18 207 757 156 634 786 156 299 320 490 679 765 547 507 411 476 551 503 361 715 605 735 813 507 434 425 574 262 222 629 196 853 533 143 829 323 560 709 688 
851 420 665 624 774 744 626 296 799 664 516 712 896 38 763 210 160 655 772 628 773 566 754 556 718 541 868 450 672 846 670 55 469 520 621 134 373 277 586 599 256 580 312 876 671 218 557 970 729 690 472 694 607 313 210 778 600 460 380 532 297 742 207 528 481 211 451 598 553 93 624 557 842 451 517 505 374 640 668 452 860 367 284 823 346 309 264 730 562 630 426 702 305 124 422 411 835 560 815 488 711 148 706 199 648 185 254 717 822 707 825 412 501 942 409 126 881 257 417 709 483 831 541 382 467 511 859 580 303 864 655 588 410 822 519 531 788 201 413 681 655 723 679 63 845 108 663 478 493 589 555 534 708 574 574 248 376 561 612 655 788 672 680 902 684 769 312 140 560 796 898 553 605 169 643 453 872 759 686 722 709 133 778 276 510 334 549 652 633 545 914 117 720 706 207 307 799 132 401 274 429 344 696 445 833 590 652 459 51 556 697 734 332 536 568 411 678 909 9 308 248 588 558 388 596 468 691 563 658 379 418 669 465 709 237 355 556 17 893 517 713 722 975 358 625 635 103 452 227 760 717 470 288 329 459 704 546 595 296 20 260 323 568 262 612 664 532 754 732 526 529 463 708 544 440 583 236 325 661 559 603 169 268 649 213 527 706 140 256 238 439 562 651 528 415 447 564 546 415 381 636 720 671 836 392 458 477 607 374 288 648 94 810 436 80 845 241 431 707 662 
595 82 321 634 500 604 371 71 519 364 521 785 643 322 545 446 197 311 508 283 561 376 487 261 511 225 602 583 325 654 329 353 267 556 352 261 218 133 540 269 97 469 250 619 630 190 226 728 551 361 182 632 600 123 138 564 536 535 374 613 101 594 430 614 614 185 114 315 294 414 589 623 643 232 371 249 418 334 322 587 590 326 149 603 151 62 90 397 266 581 96 412 316 223 181 74 597 252 622 535 383 296 405 361 405 165 204 779 620 737 557 563 570 722 379 305 682 412 135 558 436 599 472 459 323 164 648 256 52 635 345 273 519 608 209 197 525 168 281 567 311 402 557 296 615 239 682 348 304 443 222 199 463 634 256 395 341 215 289 576 596 654 348 655 434 478 63 226 214 511 655 253 684 424 590 521 614 566 342 516 632 225 601 174 587 283 614 305 287 390 706 353 501 673 339 462 575 220 397 374 107 94 511 248 617 243 329 428 387 234 353 528 436 472 316 84 454 654 354 94 445 295 556 200 294 142 394 624 318 497 98 327 537 727 134 525 253 337 648 172 377 409 735 505 280 424 424 581 470 497 377 125 116 69 563 432 500 595 427 340 209 80 279 260 576 396 205 500 683 339 216 587 609 246 158 256 446 491 441 273 679 458 384 302 372 179 373 311 211 148 205 220 307 333 93 405 592 377 101 342 306 786 358 668 48 385 456 503 516 396 503 267 519 98 317 664 147 120 505 420 
287 561 635 280 290 79 235 491 319 339 257 449 313 631 165 568 625 619 266 605 159 153 267 340 126 669 320 452 552 188 493 629 259 305 265 688 327 451 173 664 574 95 362 307 200 474 641 353 80 436 368 170 243 429 550 166 145 363 305 382 460 72 552 389 460 659 468 302 270 763 197 363 191 294 161 295 342 355 541 456 324 304 432 203 388 487 575 470 340 172 581 315 368 599 345 562 241 369 161 321 438 523 347 500 205 595 430 430 177 359 300 475 357 300 272 546 224 478 647 38 210 228 157 372 214 517 218 671 506 248 366 380 409 193 383 445 270 512 268 64 621 415 47 667 235 612 311 196 222 85 440 449 207 357 684 473 297 562 694 121 138 245 451 305 217 337 483 549 562 329 295 350 404 587 167 353 307 120 527 125 151 560 117 424 370 336 358 565 589 137 262 574 151 233 479 471 195 624 292 428 597 437 79 278 206 546 409 237 669 662 530 130 411 165 251 581 157 325 679 614 523 325 246 333 347 434 333 356 659 422 446 652 358 336 495 494 359 675 293 558 481 388 354 460 597 143 664 445 580 260 503 543 629 594 405 271 182 253 447 650 421 459 323 407 191 256 423 238 217 187 389 440 108 349 377 417 538 484 153 319 398 634 442 587 493 537 465 534 425 481 321 601 620 194 451 237 297 149 439 291 431 439 377 166 540 215 236 84 454 428 23 585 350 472 591 180 478 615 113 199 
270 618 677 302 296 21 273 554 322 371 301 460 288 695 155 627 690 661 270 648 142 211 276 387 133 720 305 496 590 137 528 692 319 344 304 753 391 515 211 712 637 156 427 286 210 539 691 312 67 467 423 171 269 492 615 148 183 408 366 417 523 8 612 425 500 723 523 344 320 827 221 395 146 354 225 349 399 390 578 500 312 367 497 174 451 550 638 497 387 196 638 339 431 664 405 620 219 415 117 365 466 587 372 561 238 660 495 438 137 366 293 522 397 252 333 610 172 537 705 28 268 204 211 426 279 568 176 720 569 216 400 423 458 161 434 494 270 576 333 77 662 440 67 732 207 677 325 261 283 149 487 497 224 386 734 533 360 610 742 141 102 255 484 276 241 348 546 614 610 334 264 398 429 648 187 399 287 97 563 129 145 625 71 488 408 400 392 605 632 201 212 637 160 233 542 527 176 689 351 489 654 499 96 340 173 591 444 295 733 713 564 129 468 219 299 639 183 298 743 676 581 368 282 396 389 489 360 387 702 473 504 694 403 341 559 545 406 740 264 609 511 413 312 512 641 183 726 489 638 266 533 597 691 655 449 292 229 281 505 714 486 521 369 472 219 285 471 243 208 247 439 483 100 397 435 461 597 538 184 366 424 694 502 628 554 587 495 597 490 545 381 650 662 253 509 297 329 210 497 354 469 447 408 103 599 278 291 137 505 487 88 650 354 529 656 123 543 672 125 229 
377 658 748 200 398 94 351 571 425 455 225 352 395 671 261 575 688 732 373 717 249 259 376 451 233 774 412 413 667 235 608 662 352 260 381 747 403 523 134 773 651 146 417 394 105 533 748 413 170 552 470 64 172 507 619 256 112 330 329 325 538 107 562 333 413 730 569 416 381 801 126 300 247 387 243 399 348 470 656 417 419 345 503 282 468 569 653 586 452 103 678 431 404 656 437 658 327 480 221 286 554 561 463 522 321 662 489 331 242 258 399 444 311 348 299 583 266 487 741 114 226 312 167 365 291 623 279 779 588 321 482 494 385 267 491 554 374 574 340 53 734 530 68 716 314 667 219 268 316 177 551 558 319 289 791 487 335 671 803 56 208 149 567 382 332 448 565 601 671 437 369 461 327 602 91 324 395 205 643 230 38 614 176 490 320 386 298 679 702 227 305 603 259 125 506 467 283 683 309 446 694 522 188 367 279 657 524 250 700 769 645 232 412 173 363 677 272 405 718 698 527 439 197 415 461 537 449 291 771 405 543 765 324 233 564 475 470 717 370 664 597 504 412 444 709 259 686 406 583 368 619 646 710 680 367 385 167 186 452 689 480 542 435 455 128 371 532 345 103 285 498 398 8 459 475 530 543 474 268 431 322 645 457 700 513 644 581 569 482 548 415 709 733 294 548 261 236 245 535 329 547 340 493 184 635 255 237 112 435 440 130 632 457 572 629 213 545 712 222 315 
630 153 136 832 527 734 449 306 533 383 725 994 673 539 625 680 396 137 545 119 643 511 525 328 605 20 623 811 206 741 255 574 424 766 420 442 419 365 724 46 304 633 472 648 809 424 24 761 662 321 300 802 794 348 361 644 715 756 590 831 332 721 664 832 841 354 207 376 393 605 774 837 726 391 535 370 640 353 212 815 608 540 379 673 361 295 296 332 329 761 139 434 543 437 347 160 650 301 712 750 339 529 411 596 487 373 436 985 704 936 582 794 788 778 588 536 761 646 143 688 632 658 656 684 498 146 721 24 287 691 353 300 746 683 280 219 561 400 472 718 135 371 704 497 673 451 879 524 458 592 230 217 530 846 23 630 555 110 55 743 691 841 299 691 502 484 295 454 109 520 695 317 898 655 767 742 642 663 241 611 796 450 706 404 805 501 828 175 137 544 775 582 587 852 573 696 645 424 611 606 130 307 623 415 688 142 313 630 603 1 250 620 666 657 414 152 545 682 562 248 680 351 756 391 334 234 410 837 114 727 243 131 757 922 369 759 309 543 689 105 307 391 770 736 122 531 645 809 704 538 292 132 270 228 787 474 690 792 660 554 441 306 347 491 761 454 242 550 854 485 275 814 763 317 302 263 681 724 537 348 893 687 617 155 606 126 313 543 443 383 365 69 132 475 240 607 798 525 252 554 281 993 356 773 187 579 658 667 747 628 643 489 520 209 542 759 381 125 605 500 
729 227 472 645 640 685 500 134 662 513 529 772 776 178 661 342 36 463 644 435 674 473 624 406 621 347 740 534 486 761 491 214 362 551 487 101 279 155 574 405 65 531 260 754 665 147 362 857 648 521 321 678 618 182 56 679 579 511 374 590 154 679 330 589 567 56 274 455 422 253 620 608 752 334 445 373 399 485 483 538 730 339 173 721 224 144 72 557 411 619 232 557 299 77 291 218 723 403 728 524 543 199 555 277 529 16 189 771 730 743 696 505 551 842 393 196 792 339 224 643 464 722 514 428 392 324 763 386 131 758 498 427 478 723 359 357 661 103 338 635 463 559 629 137 737 89 691 411 395 521 382 360 590 622 380 324 353 370 417 628 701 680 508 786 562 625 149 115 369 656 784 400 665 310 630 499 749 671 503 626 685 106 700 184 564 294 598 464 442 469 821 235 616 706 264 395 694 62 400 322 235 194 611 339 733 402 487 447 240 362 514 638 390 511 441 217 571 788 200 114 358 439 570 279 443 298 542 611 464 450 249 475 514 738 111 456 401 182 778 326 538 563 864 445 433 534 285 534 366 632 539 280 98 135 527 570 532 610 367 192 198 169 422 236 607 531 363 631 724 432 368 543 671 392 290 414 353 421 555 414 661 334 325 459 291 338 534 209 196 127 313 368 459 430 245 428 593 463 249 356 466 776 512 764 202 422 472 563 459 343 583 135 666 258 188 766 129 237 613 544 
487 662 789 80 492 213 414 551 521 521 125 247 509 602 366 482 644 772 468 754 357 301 468 492 329 790 521 296 717 356 662 588 365 145 441 696 387 495 65 800 623 165 377 505 32 489 770 533 276 615 490 68 50 487 582 364 76 218 265 203 516 223 471 211 293 692 582 469 422 727 16 177 366 398 256 427 265 530 705 299 526 296 475 396 453 552 627 653 495 32 681 506 343 604 443 660 438 521 339 175 621 494 536 443 391 621 447 229 359 161 502 330 194 470 243 514 388 398 739 219 172 424 134 269 290 646 398 802 570 438 544 540 276 383 522 585 473 532 325 147 774 601 161 655 429 613 109 264 333 220 587 589 406 166 812 401 283 700 829 82 324 52 627 498 411 536 549 547 700 531 486 501 206 513 35 215 505 314 697 328 94 560 293 457 201 342 176 724 741 253 427 526 353 70 431 369 393 634 241 365 697 511 282 373 395 692 582 189 622 788 701 333 319 133 409 677 354 520 647 678 432 488 86 407 511 555 521 169 808 300 550 804 212 141 530 367 510 649 486 686 660 577 533 338 746 328 602 289 486 462 681 659 686 666 251 465 105 65 360 618 438 527 480 403 29 443 564 440 93 313 531 280 128 497 487 573 449 371 345 473 201 553 374 742 431 668 645 499 440 512 424 735 772 324 554 207 116 276 542 279 599 238 557 306 634 220 165 139 327 355 204 571 551 582 559 335 510 714 316 390 
253 354 388 483 169 310 24 342 195 105 408 659 300 567 203 583 504 372 169 359 220 118 150 101 177 437 265 572 305 317 247 580 142 460 25 574 235 332 363 424 424 253 313 278 428 386 405 383 233 197 164 408 442 298 425 222 343 488 349 540 322 296 565 545 592 518 255 55 53 693 407 532 303 153 182 102 407 111 294 577 256 312 321 258 260 333 421 236 99 386 372 112 365 499 186 358 250 127 287 460 204 479 132 494 60 470 352 643 281 579 222 578 502 375 324 500 341 504 441 264 316 252 304 453 191 285 305 433 349 288 125 134 511 265 154 209 186 408 221 308 374 189 293 578 268 516 525 204 135 198 199 212 116 533 448 493 318 322 453 351 264 469 209 310 87 173 328 465 323 194 309 112 587 586 388 474 273 235 281 183 394 473 277 328 519 310 525 318 343 171 362 543 161 467 467 525 230 515 354 447 387 282 195 163 272 302 164 331 623 428 285 193 469 310 36 376 117 312 613 441 552 79 421 216 100 219 114 528 413 509 250 405 486 559 377 572 119 603 303 326 242 169 389 539 351 105 637 566 603 157 262 322 462 415 531 100 343 446 490 588 347 307 81 365 396 59 187 155 459 125 156 566 354 114 189 172 564 548 108 82 581 633 463 340 494 302 226 494 352 371 166 362 373 114 255 314 473 149 245 312 185 652 139 344 343 276 351 279 541 459 231 510 210 265 538 333 367 405 176 75 
817 476 716 519 751 674 604 331 779 660 418 595 861 106 718 87 246 705 745 677 725 524 729 556 671 611 839 330 708 789 695 69 442 414 605 245 349 289 497 662 320 510 272 843 576 220 619 928 671 702 478 604 507 323 262 731 515 349 301 418 319 673 85 413 361 307 483 589 537 192 529 444 787 433 465 493 280 641 702 331 833 303 287 776 344 343 328 744 562 540 486 691 238 194 417 467 794 567 758 382 721 109 700 105 619 257 238 601 768 596 798 291 389 892 333 93 824 147 493 643 403 788 462 277 420 552 808 647 344 820 657 595 296 772 529 555 760 228 372 606 705 728 606 175 801 186 556 425 458 530 577 559 677 461 644 142 307 608 679 571 732 572 696 863 656 756 345 169 607 778 857 555 489 46 553 344 840 705 716 675 621 173 718 270 397 282 436 692 679 492 860 44 677 608 125 191 755 218 318 180 493 362 643 420 785 631 662 377 85 623 726 686 226 455 548 472 639 874 127 384 128 584 459 372 597 491 684 450 714 265 444 723 354 600 264 234 560 139 853 566 732 722 932 240 673 595 59 333 104 734 739 519 369 398 344 685 460 494 186 106 241 348 565 219 519 644 551 724 637 487 541 344 627 546 446 598 114 205 622 555 487 63 170 693 114 571 723 92 236 256 428 616 701 492 443 370 458 498 439 314 651 603 673 770 444 389 390 533 256 188 584 136 794 469 83 784 259 499 659 631 
626 362 580 407 560 500 413 211 588 475 292 531 669 206 529 194 241 567 553 540 536 333 538 376 481 507 647 303 553 605 530 203 252 310 416 289 161 149 349 545 251 335 81 651 438 100 504 738 487 527 305 457 383 170 195 542 360 270 141 350 183 497 176 348 336 296 335 403 349 337 391 366 602 246 277 308 157 459 545 307 641 122 136 587 174 220 257 570 382 394 378 503 63 198 239 356 604 390 573 283 545 97 514 102 428 225 78 529 582 502 607 282 309 705 168 120 639 134 410 464 242 598 299 187 230 410 620 535 230 630 475 419 243 584 358 395 569 141 180 437 567 548 435 250 611 206 452 237 267 346 414 399 485 380 537 118 132 471 568 414 547 447 524 672 464 567 219 141 470 588 667 376 424 192 406 258 648 518 555 486 469 154 536 111 324 92 357 543 538 304 674 154 487 476 74 180 565 228 166 92 390 213 456 231 596 486 486 220 245 514 564 497 155 294 358 367 448 682 253 317 176 401 334 188 416 333 497 369 585 218 293 590 273 498 156 243 383 251 662 435 561 539 742 222 535 404 247 302 217 542 571 391 315 317 289 494 308 373 145 224 74 209 382 30 379 453 386 532 498 295 370 310 465 367 276 429 182 209 431 372 420 239 102 549 106 432 550 109 72 138 245 489 564 300 294 206 353 309 287 137 480 534 492 592 328 213 242 362 234 113 404 165 604 324 165 603 139 401 470 440 
377 246 184 675 275 513 219 326 280 133 585 848 420 592 382 670 484 168 294 159 401 314 274 125 370 266 370 722 101 498 54 617 272 635 188 549 324 354 556 235 384 450 404 395 628 423 229 508 433 77 172 611 634 320 415 400 539 648 488 711 328 499 652 715 747 472 174 150 193 698 603 709 481 253 363 199 546 105 89 727 355 441 356 425 303 313 378 108 122 584 256 183 473 501 239 254 400 98 471 628 99 535 158 577 254 450 408 835 460 774 329 719 670 526 473 551 514 607 319 469 489 408 492 594 348 142 473 250 321 441 102 75 658 437 119 91 309 424 350 514 170 124 498 579 423 518 718 370 292 398 67 89 287 712 267 592 452 144 263 553 452 667 60 438 260 231 310 488 145 268 443 117 767 659 587 633 389 427 84 376 599 491 472 374 687 419 700 113 141 362 525 599 348 669 550 643 398 504 501 554 267 282 397 278 440 111 60 497 656 252 92 383 595 496 207 268 312 429 631 369 651 128 606 294 105 155 158 706 211 647 204 201 647 756 387 699 108 616 436 170 90 141 517 669 152 310 684 718 693 287 95 193 394 339 687 225 530 636 605 612 408 300 135 446 591 212 91 300 663 304 107 720 560 124 200 48 658 670 308 142 762 702 568 135 582 145 85 551 412 391 240 183 170 293 207 476 656 339 207 448 28 843 103 536 256 440 522 479 675 571 436 534 268 190 576 518 387 281 373 265 
537 53 232 663 438 588 324 154 452 294 554 824 584 416 504 529 292 220 449 192 521 359 428 204 476 168 539 642 230 618 237 446 262 595 301 354 248 205 558 194 191 472 303 560 645 270 156 671 525 276 145 640 625 182 232 523 550 585 419 660 172 577 513 661 672 273 46 258 255 509 608 666 605 227 373 219 470 263 227 647 526 369 216 558 191 141 184 308 207 596 70 345 374 317 180 59 546 186 587 579 298 382 332 441 361 260 274 815 582 767 495 628 617 673 417 393 642 486 140 542 462 550 489 514 332 69 606 188 141 586 271 201 577 566 148 114 466 256 302 563 220 320 551 391 566 334 710 358 297 436 138 115 415 675 194 470 383 122 219 582 563 674 260 598 385 408 140 318 122 443 600 193 727 510 603 571 554 533 247 482 636 318 573 240 634 331 657 210 194 386 663 441 462 688 416 533 530 315 440 442 86 139 485 250 573 148 247 460 481 170 258 492 499 490 277 76 416 594 449 169 524 235 586 221 228 82 324 666 233 559 73 240 586 753 220 595 190 432 593 83 287 330 679 571 188 394 517 640 554 439 285 40 194 139 617 373 522 623 496 434 277 143 224 326 595 342 129 445 692 328 150 645 607 189 138 175 526 561 405 220 722 547 454 209 450 86 284 397 280 231 200 136 216 320 69 437 627 368 81 383 221 822 282 641 56 410 488 506 581 463 492 360 449 41 409 632 228 104 473 376 
585 163 393 559 497 556 356 15 519 374 444 706 632 267 520 369 173 380 500 353 533 335 480 265 480 308 597 499 382 621 374 292 223 477 344 242 153 49 470 349 97 410 169 610 562 110 307 714 512 392 180 568 526 49 95 537 470 453 294 532 19 548 352 532 531 188 157 313 278 376 519 543 612 193 317 230 335 348 376 503 587 248 67 579 88 21 98 432 271 514 179 416 233 178 148 157 580 266 589 455 413 221 416 281 386 138 120 700 590 661 552 480 489 700 302 233 652 330 216 511 363 579 405 376 265 225 622 337 35 615 361 292 436 582 223 234 517 99 216 512 381 427 504 257 595 195 606 288 258 391 258 238 446 554 339 313 263 283 370 514 562 583 383 642 418 484 21 163 282 514 640 260 603 350 523 440 605 532 392 486 571 165 563 91 505 203 533 366 353 339 680 282 474 604 258 379 552 186 318 290 191 50 473 201 592 305 355 353 330 316 403 498 352 403 297 168 428 645 305 143 365 299 481 143 304 170 402 544 393 414 121 400 455 652 62 442 263 291 634 243 416 428 720 421 348 393 361 497 393 489 420 197 154 131 480 427 430 520 344 286 126 26 280 177 506 388 235 488 617 295 233 504 552 252 148 285 367 408 413 272 599 388 300 367 291 245 409 237 127 70 170 296 377 292 119 331 514 329 118 264 338 707 376 629 129 315 380 444 432 312 453 208 525 143 253 628 68 203 473 401 
410 586 702 162 406 159 323 486 436 430 140 336 436 574 288 479 595 685 384 667 282 212 382 404 247 710 443 335 627 299 573 564 283 184 351 652 318 435 50 716 563 76 324 430 102 439 687 471 202 525 407 97 122 421 528 289 22 247 232 259 452 165 466 267 340 639 502 379 334 703 80 240 306 317 172 341 251 439 616 339 447 249 415 325 385 486 566 563 406 58 606 416 307 561 365 585 364 433 276 204 530 463 446 424 301 570 396 318 294 252 421 361 236 413 202 485 334 391 666 149 128 351 70 271 213 563 335 719 505 369 453 451 298 314 436 499 389 482 255 85 687 511 93 620 357 572 199 187 249 129 500 503 319 234 730 390 238 615 745 44 257 141 537 427 322 448 482 506 615 445 416 413 282 505 61 239 430 241 607 246 101 518 230 400 249 292 235 636 654 166 373 505 270 144 408 374 318 589 211 348 622 441 200 294 326 606 492 152 602 707 611 253 317 75 319 603 266 448 620 614 431 398 123 335 422 473 430 233 722 315 472 717 242 231 474 387 422 619 415 603 570 487 472 354 660 238 589 327 488 376 590 579 624 599 288 376 72 131 356 591 387 459 391 359 71 353 478 355 148 226 445 322 97 409 407 485 448 382 257 385 276 549 360 655 415 585 554 471 389 457 344 651 685 237 477 164 174 188 464 233 510 327 466 260 560 161 140 49 346 343 119 535 465 503 531 283 455 639 233 300 
606 584 763 165 580 377 460 445 611 558 78 276 639 426 487 286 495 748 562 724 485 341 555 491 441 725 637 124 710 515 668 405 342 60 479 537 311 383 170 751 501 242 262 629 229 353 714 683 410 639 456 264 155 388 449 492 196 35 139 101 412 382 276 103 139 552 527 490 433 543 186 112 520 364 272 416 98 555 700 128 638 188 364 532 368 451 507 682 496 203 602 562 200 449 392 579 567 517 490 29 651 323 586 259 453 481 318 274 507 250 607 144 58 629 144 341 550 206 647 363 139 555 176 77 269 600 548 746 466 578 572 542 81 523 501 558 572 395 268 302 749 641 310 486 564 454 204 250 327 291 568 562 491 125 753 212 174 660 777 249 469 219 645 633 484 610 449 392 660 617 624 498 172 319 216 22 628 449 700 442 287 405 444 341 75 229 102 709 716 288 589 343 459 257 255 171 521 480 118 187 616 424 398 337 536 664 600 121 436 729 707 451 128 167 429 594 439 651 467 565 235 501 111 341 523 510 568 114 776 102 487 776 32 250 405 171 506 471 622 634 681 622 684 140 718 400 410 117 289 553 698 598 567 560 79 532 148 141 167 439 310 432 487 263 179 498 541 535 288 328 513 115 306 490 440 567 252 173 425 478 167 357 191 722 246 624 667 325 310 386 382 688 746 339 490 140 104 308 479 175 607 279 588 477 551 178 104 245 130 171 318 405 637 521 383 501 385 631 426 458 
238 401 448 430 175 250 51 369 205 158 362 605 283 575 162 571 526 432 165 419 177 72 151 157 127 492 258 535 365 271 306 583 143 414 79 595 239 349 310 482 453 199 308 264 370 396 462 360 177 253 205 349 389 318 447 180 288 449 322 495 345 237 553 501 553 546 303 115 94 703 352 485 259 166 143 134 378 169 354 540 252 292 336 221 277 361 452 291 156 330 419 149 351 515 210 403 224 185 239 418 258 479 177 485 41 493 358 589 236 524 218 545 459 342 294 501 298 487 488 205 275 222 255 422 166 340 265 490 379 257 182 194 478 225 206 265 180 423 208 248 434 240 233 592 237 531 470 173 121 142 257 268 96 485 505 477 295 379 511 293 214 412 267 290 76 197 357 475 380 208 286 168 538 577 331 435 260 184 341 133 334 485 224 338 476 299 478 378 402 125 323 541 117 409 459 502 194 534 323 431 435 309 138 167 234 361 223 293 626 484 344 144 444 261 72 422 71 296 621 478 536 139 371 227 160 267 160 481 473 478 291 465 446 503 396 544 175 613 281 381 298 216 365 510 411 46 635 529 589 154 320 373 497 453 492 119 294 394 469 595 352 334 138 361 341 85 242 143 399 96 210 528 294 168 225 231 548 524 57 137 533 625 446 400 483 358 283 494 356 387 187 420 433 89 296 279 424 105 285 289 245 598 195 292 386 241 310 223 511 440 171 519 227 311 542 283 383 453 124 51 
719 845 1003 164 728 436 646 712 758 753 260 10 737 678 600 508 762 987 705 966 590 530 705 712 565 983 753 262 938 573 888 651 573 220 672 799 567 650 285 1002 770 396 528 736 239 622 968 751 509 845 696 277 206 653 718 596 307 254 403 176 678 449 505 179 234 820 779 696 646 782 244 157 587 601 474 642 367 759 927 261 760 450 631 624 628 717 776 885 716 268 864 741 469 713 639 841 669 741 562 242 852 584 771 512 626 749 587 17 583 85 737 303 214 682 398 598 602 451 912 451 354 654 346 338 495 849 619 1000 733 663 774 762 297 610 735 796 709 664 513 380 988 835 395 743 657 717 127 470 547 452 802 800 643 144 1008 461 435 906 1030 317 551 194 855 724 647 773 715 658 906 768 711 721 102 548 271 265 737 545 922 564 304 670 518 608 201 494 166 942 955 478 639 591 590 218 513 400 625 745 379 448 879 686 518 575 621 904 810 354 675 984 927 568 381 341 634 857 591 747 713 834 462 713 233 593 737 757 755 154 1019 327 742 1017 251 111 674 360 730 721 712 886 890 811 749 350 959 564 639 258 500 699 909 853 836 828 247 701 307 202 413 688 579 696 703 532 254 677 777 677 250 534 745 247 349 715 686 793 477 385 582 695 105 574 448 959 497 872 874 582 579 655 624 938 986 545 745 377 187 501 733 434 824 13 788 516 813 407 326 374 334 428 441 666 788 775 636 549 654 894 552 625 
458 155 160 684 356 560 271 255 365 210 585 853 503 522 447 618 403 144 372 122 465 342 351 152 428 188 455 700 125 564 124 549 270 631 242 466 295 294 570 173 302 471 367 478 650 363 154 591 485 169 147 638 644 263 340 466 557 633 468 703 264 546 601 705 728 386 100 199 220 620 619 704 548 242 376 205 524 178 119 705 440 419 300 496 256 241 296 197 152 603 164 262 439 426 211 164 475 124 535 620 190 476 242 527 309 371 356 842 526 786 412 692 660 603 459 490 584 565 227 513 489 482 502 571 348 50 544 181 246 516 181 123 635 506 110 47 388 357 335 548 146 216 534 502 497 442 730 373 299 425 52 43 353 710 196 549 431 70 202 580 513 685 151 520 324 317 239 420 71 354 523 141 764 604 608 618 472 486 136 434 629 422 529 321 678 388 695 112 113 381 598 539 409 692 501 606 468 425 485 515 175 221 447 268 511 61 148 492 586 176 147 442 564 505 240 176 367 512 557 280 606 173 610 264 157 97 238 702 176 621 139 174 633 770 319 666 133 541 516 81 175 231 599 638 115 356 619 697 642 364 172 101 305 250 670 298 539 644 569 541 357 235 170 402 606 277 69 374 690 321 102 700 594 142 164 86 611 634 360 172 759 644 529 120 534 55 173 492 361 327 221 110 143 310 140 470 657 360 145 429 117 849 187 596 168 437 519 503 646 535 472 464 356 114 510 581 324 189 428 322 
401 653 752 171 416 121 359 559 444 465 197 328 420 650 282 549 672 736 392 720 272 260 394 454 251 772 436 383 673 263 615 639 347 230 389 729 391 510 106 774 638 137 401 418 78 516 747 441 192 562 468 42 142 495 604 279 87 300 307 295 525 133 536 303 383 715 566 422 383 778 96 270 274 382 236 398 322 478 662 387 442 326 490 307 457 558 640 597 455 73 672 443 383 638 431 652 351 483 248 256 564 539 475 498 331 646 472 307 269 235 421 414 281 377 278 561 295 461 734 134 204 336 147 337 282 622 306 778 577 348 491 498 356 293 492 555 394 558 327 64 738 542 81 696 340 648 192 257 311 176 553 559 335 259 790 462 315 672 803 32 234 123 576 408 345 465 555 582 672 455 396 464 298 576 61 295 419 228 650 249 27 595 203 475 290 368 268 684 705 223 335 580 277 105 483 440 307 665 286 421 689 512 205 361 305 659 532 228 677 767 653 252 385 152 366 670 286 431 696 687 500 444 167 405 467 535 460 261 774 376 538 769 295 210 549 446 473 695 396 663 606 516 440 415 712 268 662 376 556 386 628 642 698 670 337 399 142 156 425 667 463 531 439 436 98 383 533 364 90 283 499 368 35 461 471 534 517 446 280 434 294 619 432 704 488 644 591 547 465 532 409 709 736 292 542 240 206 243 530 310 553 316 502 213 628 238 212 102 406 415 138 612 476 567 607 243 530 706 239 327 
525 230 25 817 425 673 378 367 425 291 720 988 565 627 541 742 494 9 446 22 560 466 427 273 530 157 513 835 77 656 138 658 404 766 348 549 430 416 702 99 394 599 500 541 779 483 120 651 593 209 283 764 777 389 443 559 687 769 604 838 383 659 725 841 864 462 223 308 343 710 750 840 639 377 507 336 659 265 86 840 497 554 425 582 387 354 386 208 271 733 227 337 572 526 347 239 553 243 630 755 223 595 308 652 414 465 482 976 618 919 476 826 796 677 594 606 671 694 263 628 623 562 635 706 482 148 629 122 354 594 259 229 770 594 242 181 460 470 471 670 10 256 655 596 577 542 862 507 432 551 176 177 446 846 141 678 567 90 120 706 612 815 187 585 420 375 353 530 91 411 591 263 900 724 737 754 535 587 113 536 753 530 632 448 813 523 831 50 22 510 679 655 508 820 627 737 555 519 621 646 228 346 557 404 596 74 215 627 692 137 120 543 698 638 360 242 472 572 656 352 733 284 745 400 262 231 312 838 51 755 265 42 769 902 434 798 254 639 584 133 183 281 660 771 25 469 729 832 766 440 164 180 377 326 805 382 672 777 700 644 485 354 287 531 737 372 200 456 816 450 232 836 716 266 299 192 737 765 468 292 895 761 659 25 660 128 192 610 488 444 357 92 10 439 265 605 792 488 272 565 185 984 257 696 258 572 654 631 780 666 593 572 406 234 621 677 441 232 533 425 
850 512 753 530 785 698 638 367 813 696 434 596 892 132 749 84 277 742 778 714 755 555 763 592 701 645 871 330 745 816 732 93 476 426 640 269 384 326 516 698 355 536 305 875 592 257 655 959 699 739 514 622 521 360 297 761 535 358 325 423 356 699 90 417 359 336 520 625 572 192 546 450 815 468 495 529 299 677 739 331 866 332 324 806 380 380 363 781 599 558 521 726 267 226 454 503 825 603 786 394 758 145 736 131 652 290 275 603 797 602 831 289 397 921 358 130 852 161 526 669 426 819 485 291 452 588 836 682 381 850 693 632 303 802 566 592 793 265 404 629 742 764 630 197 832 217 565 455 491 558 614 596 710 467 679 160 335 644 714 592 760 585 733 895 689 791 382 205 643 812 888 592 491 47 571 355 872 733 753 704 640 208 745 307 403 314 443 729 716 522 888 81 708 623 155 197 785 248 341 203 528 399 672 455 814 668 699 400 92 659 763 716 240 478 583 507 671 905 141 417 132 620 474 407 633 528 719 457 750 272 481 759 364 608 301 232 597 157 884 603 769 758 962 243 710 627 47 334 93 767 776 556 402 432 348 719 480 508 200 127 277 385 601 253 536 678 588 757 652 519 578 345 648 582 483 635 116 207 654 591 490 30 191 730 137 607 759 129 273 293 464 652 738 524 480 394 469 529 476 341 688 605 709 796 480 415 411 557 259 207 610 170 829 506 117 811 296 534 689 664 
706 217 462 626 618 662 477 112 639 492 509 755 753 182 638 337 53 452 621 424 651 449 601 384 597 342 717 520 471 737 475 217 339 533 465 122 256 132 552 398 53 508 238 731 644 127 355 834 625 502 299 656 597 159 33 655 557 494 354 574 131 655 324 572 553 78 256 433 399 268 599 590 729 310 422 350 381 465 468 524 707 318 150 697 200 123 61 539 390 597 223 536 280 80 267 208 700 382 704 506 524 190 534 267 506 19 167 753 707 724 673 493 533 818 372 190 768 328 222 619 442 699 492 411 368 310 739 380 111 734 478 406 463 700 339 339 638 83 315 612 452 540 605 150 714 95 671 388 372 497 364 342 567 604 376 312 332 358 412 605 677 659 490 762 539 603 127 106 357 634 760 378 648 307 608 482 726 647 488 602 662 99 676 161 548 272 581 450 430 446 797 232 593 685 252 383 671 74 380 307 227 171 587 315 710 388 467 426 246 356 499 614 375 489 418 208 547 765 209 113 349 418 550 255 422 279 520 593 455 436 229 466 497 718 88 445 380 192 755 314 521 543 840 432 422 510 288 520 360 610 522 268 101 129 511 548 510 589 354 198 176 146 400 217 585 509 344 608 702 408 347 529 649 370 268 395 346 410 531 392 644 333 312 446 280 325 516 201 175 104 290 359 448 406 226 407 574 439 229 335 447 758 492 740 189 400 452 540 446 328 559 134 645 240 187 742 106 231 589 521 
698 685 871 175 680 447 566 542 711 665 160 203 728 480 577 309 572 856 661 832 573 446 655 601 533 828 730 67 820 590 778 452 452 109 586 604 418 479 242 857 591 336 362 720 267 440 819 764 494 748 564 309 191 488 535 580 270 78 244 39 510 455 306 31 52 631 633 599 542 583 236 69 598 473 378 525 193 664 810 68 732 294 461 617 472 549 597 791 606 260 703 667 294 521 500 681 655 626 569 100 759 389 692 315 556 561 411 210 587 215 704 109 59 704 253 402 624 252 744 442 244 643 270 153 378 707 628 851 563 662 680 652 100 606 611 666 670 481 377 374 857 749 385 545 650 524 191 359 436 389 677 671 590 86 857 264 281 767 882 313 550 238 754 720 586 713 547 467 767 717 709 607 98 349 270 92 719 534 810 533 336 479 522 437 44 331 67 818 824 392 663 392 553 279 319 201 609 552 226 256 717 526 488 447 619 772 709 229 476 833 816 541 188 262 537 694 538 740 514 657 263 610 169 448 632 617 675 78 883 130 593 884 78 226 495 163 616 523 708 741 790 730 764 151 826 500 440 61 303 652 807 703 656 654 51 636 235 176 216 489 404 532 596 354 234 603 650 633 315 435 622 50 367 600 548 677 278 186 525 587 96 376 254 831 300 731 776 386 403 477 491 795 854 446 595 249 125 414 585 282 717 212 696 545 652 286 208 331 135 235 406 471 738 627 439 572 477 731 519 560 
704 329 568 515 628 604 481 181 655 525 402 630 749 109 616 201 139 556 626 528 626 419 608 418 571 467 722 385 559 701 548 122 322 416 477 179 226 142 460 516 182 440 166 730 549 75 473 823 584 559 336 568 493 177 121 631 470 368 252 447 170 600 187 445 419 200 334 456 409 239 502 467 696 306 372 362 263 503 553 389 714 230 144 676 205 194 190 601 424 505 340 560 174 90 281 321 688 425 669 387 579 51 566 128 502 133 107 630 676 608 679 356 409 796 278 57 735 190 354 566 352 683 408 285 321 402 713 502 196 717 518 454 331 675 386 408 642 79 267 544 556 588 541 140 698 96 559 334 346 445 431 412 562 482 500 174 241 459 534 524 642 557 552 755 538 627 196 34 458 652 750 416 522 176 517 358 726 613 568 575 579 46 634 132 422 192 458 543 530 399 768 105 573 587 114 245 652 121 277 176 348 215 550 299 686 482 520 331 164 479 578 588 243 404 422 327 531 762 156 249 210 448 444 242 459 343 550 471 566 303 295 574 372 606 115 307 420 149 746 418 586 585 828 295 524 488 187 386 225 614 592 371 240 258 381 560 419 483 218 129 113 199 429 121 489 519 405 608 609 379 397 395 574 407 304 454 207 272 514 419 519 211 178 544 141 421 578 64 109 107 296 468 552 381 294 316 459 400 291 246 507 635 534 693 296 321 353 469 310 196 505 57 666 320 80 701 110 356 560 515 
605 37 219 733 504 665 398 189 516 359 622 891 651 427 578 563 289 211 517 184 595 436 496 276 551 107 605 698 248 693 273 461 337 661 373 342 315 249 631 153 192 548 361 627 718 308 110 739 601 325 222 715 696 234 247 597 624 646 482 723 216 654 548 724 729 255 122 330 331 503 681 731 679 302 448 296 529 327 249 702 591 433 265 631 253 179 184 350 279 670 22 410 430 326 254 43 617 255 662 643 346 412 394 479 436 263 320 883 656 837 561 680 680 745 483 420 716 530 72 618 533 622 562 572 406 105 679 138 170 657 332 265 634 639 221 176 534 284 373 639 211 372 627 391 637 340 780 432 373 513 197 176 487 740 138 513 447 126 171 658 638 747 306 667 458 470 180 339 125 506 669 265 792 539 677 632 621 609 274 557 712 336 649 290 696 392 721 222 194 462 735 467 536 761 457 580 603 316 504 491 21 196 561 324 646 163 303 528 492 116 285 567 551 563 353 37 491 661 454 145 563 306 656 290 296 158 388 731 210 613 146 221 648 824 252 643 261 436 662 83 326 386 747 621 183 470 533 696 587 508 319 56 169 119 676 441 593 693 545 443 326 192 296 377 667 413 195 516 767 405 221 701 684 262 214 235 564 608 481 294 787 572 501 212 490 105 327 427 328 266 275 115 207 397 142 505 695 445 155 447 273 890 341 717 71 480 556 582 633 513 568 376 510 117 428 707 265 33 549 450 
667 780 938 104 672 389 585 649 701 691 195 74 688 625 547 462 704 922 649 901 538 467 648 648 510 918 702 221 874 529 824 601 508 157 610 743 502 587 223 937 708 335 464 685 190 561 903 707 457 782 631 231 145 589 657 545 247 198 340 124 615 401 458 129 199 760 714 633 582 734 187 99 542 536 410 577 306 696 863 222 707 386 568 575 564 653 713 822 652 212 799 681 408 656 574 777 619 676 516 181 790 528 710 459 566 689 525 66 537 65 684 263 157 641 333 544 559 399 848 400 289 604 282 280 430 784 574 935 669 616 711 698 246 561 670 731 654 603 448 327 923 773 342 689 608 660 76 406 482 391 737 735 585 83 943 409 371 841 965 263 502 146 792 676 588 715 651 600 841 711 664 657 59 501 216 207 686 495 858 509 259 612 471 545 146 430 108 878 890 415 598 539 535 177 458 351 574 687 315 391 814 622 463 510 573 839 747 289 627 919 863 514 326 277 571 792 533 699 663 771 415 650 168 528 673 692 694 94 954 277 677 953 193 84 612 318 666 670 664 821 827 750 706 303 894 504 593 216 457 642 846 788 774 764 198 642 243 139 360 636 517 632 639 471 194 617 712 621 212 470 681 205 302 651 621 729 430 339 523 631 59 531 393 894 444 807 812 527 517 593 559 873 921 481 680 312 122 438 668 370 761 72 726 474 749 342 261 315 287 373 384 610 732 710 583 506 592 830 497 566 
575 98 328 609 481 578 349 57 500 348 496 761 622 320 522 434 204 317 488 289 537 351 467 242 486 242 583 562 325 630 324 349 241 532 332 271 192 114 514 282 107 442 227 599 604 176 241 707 526 351 161 606 574 100 137 540 510 513 350 590 81 569 418 591 594 200 104 295 272 419 563 600 619 206 345 226 395 318 320 567 571 302 129 580 126 45 102 388 248 555 114 394 295 224 155 92 575 236 597 512 373 285 388 347 382 171 185 755 596 712 538 544 547 699 355 296 658 396 160 532 410 577 446 437 297 165 625 271 44 612 330 258 498 585 193 187 505 159 254 541 317 390 531 300 592 240 656 321 278 417 212 190 441 610 273 379 317 220 304 550 572 629 339 634 412 461 45 221 219 493 633 235 661 414 564 499 594 541 338 492 606 221 576 154 564 259 590 306 291 364 683 344 477 647 324 445 552 225 373 356 128 68 486 222 593 245 317 402 385 250 349 504 416 446 293 105 431 634 355 118 431 277 531 173 277 128 377 601 328 477 80 335 514 702 123 508 235 339 627 179 369 395 714 486 285 400 420 560 459 477 371 132 137 94 541 412 474 570 409 339 190 57 260 241 550 376 193 478 657 313 200 566 583 228 135 244 433 473 417 254 656 450 366 306 357 183 364 301 192 135 180 230 313 308 76 380 568 351 82 318 296 761 344 643 64 359 431 477 497 377 477 263 502 89 312 640 133 142 481 397 
694 119 350 719 597 706 472 145 614 457 604 862 741 313 648 471 166 343 606 317 664 479 585 359 614 214 699 642 380 757 398 349 368 634 453 211 311 204 631 275 89 567 327 718 722 238 233 827 654 442 283 727 687 209 150 666 630 605 451 685 180 696 458 684 674 124 202 413 396 374 680 698 746 334 471 352 488 426 379 646 687 407 224 705 245 144 82 472 363 674 114 507 385 212 283 111 698 346 725 611 464 323 497 397 507 148 267 858 723 821 655 617 643 823 462 324 785 456 89 660 524 700 565 525 421 226 751 255 125 736 436 364 581 711 305 280 624 201 375 667 343 486 658 267 716 224 766 445 405 544 305 281 564 710 247 440 422 258 285 673 699 744 425 755 535 571 147 240 257 606 755 350 757 442 683 592 713 669 403 619 729 234 704 246 658 362 688 354 327 491 808 367 604 765 380 510 677 195 476 428 111 191 614 349 719 294 414 513 375 231 414 631 494 564 418 100 557 753 332 22 481 392 641 297 389 236 487 700 338 556 197 350 608 812 182 573 348 313 748 214 450 496 835 557 316 527 420 641 495 596 445 175 39 33 628 530 591 681 478 326 275 171 378 323 666 496 293 600 777 441 309 648 708 344 261 341 479 538 544 373 753 468 435 344 410 232 448 335 275 200 308 247 339 436 192 492 673 478 202 424 387 864 447 771 111 475 541 601 570 450 604 268 613 188 321 767 200 108 608 522 
620 308 532 453 547 519 399 156 574 451 337 583 665 194 530 233 197 518 543 491 540 333 526 346 485 452 639 359 510 615 491 202 239 360 398 251 143 96 386 493 196 357 80 645 477 46 451 738 498 494 269 492 426 122 142 545 393 323 183 403 130 515 215 402 392 248 288 380 330 325 431 419 610 225 286 284 208 431 503 363 632 151 86 590 135 166 201 536 353 431 323 482 107 160 208 301 602 358 583 334 513 101 491 141 418 176 30 581 589 551 597 337 362 709 204 122 649 185 354 481 276 598 330 242 235 362 626 482 175 631 447 387 298 589 322 353 559 88 181 461 519 519 457 224 612 171 499 248 261 360 374 357 478 432 483 169 164 422 515 445 556 489 489 670 455 548 165 106 421 572 665 346 477 221 443 311 642 526 514 489 501 118 548 64 377 109 409 497 490 313 682 167 487 517 115 234 566 188 208 147 335 165 464 216 600 439 453 258 245 461 524 501 211 326 342 312 445 678 242 261 222 374 378 163 387 290 474 421 535 274 247 541 326 546 101 298 351 235 660 385 525 513 743 278 486 403 259 358 256 532 533 340 261 261 345 479 344 418 200 214 31 158 355 44 418 438 347 524 536 293 333 365 493 336 239 392 226 263 428 345 473 265 156 502 149 383 515 117 27 82 219 438 515 296 247 240 401 314 241 168 444 586 464 607 274 240 282 387 290 169 420 143 587 276 161 615 83 346 474 431 
459 132 229 623 359 522 249 191 374 217 521 790 505 458 429 547 348 213 371 189 446 296 350 126 403 219 461 630 195 544 182 484 211 565 224 414 225 225 512 223 250 419 296 481 595 294 194 593 454 207 86 587 584 193 279 448 501 565 399 635 196 510 530 638 658 339 40 181 183 562 562 638 530 179 321 155 454 185 188 635 448 349 229 482 184 178 244 244 130 548 148 267 368 365 143 137 468 108 513 553 229 407 255 455 286 315 285 780 507 727 417 620 593 596 391 421 567 493 217 476 425 473 444 501 287 69 529 225 185 508 194 123 565 490 72 43 388 291 269 503 214 248 490 443 488 382 670 313 244 377 68 46 338 645 237 477 362 125 252 529 490 628 195 520 308 330 175 355 125 365 522 116 699 534 554 550 476 461 201 409 581 357 501 250 610 317 629 184 182 330 586 470 387 638 429 534 454 368 417 444 162 152 415 205 497 130 175 427 522 214 211 419 493 446 205 154 343 516 495 241 535 157 548 195 149 26 246 637 240 550 70 241 565 712 253 594 112 480 515 110 226 256 600 567 183 323 552 627 571 361 228 96 265 211 600 294 479 583 497 478 286 167 147 330 549 265 52 368 639 270 72 630 549 113 95 102 540 562 333 144 694 575 457 192 462 92 220 423 290 259 156 158 211 260 72 404 593 310 75 360 152 787 206 569 130 373 454 452 575 463 429 400 371 55 444 559 256 180 401 301 
268 572 637 297 278 65 235 506 306 336 279 464 293 652 147 590 643 621 253 608 140 164 255 344 112 676 302 474 553 165 492 650 272 326 265 707 344 468 193 670 590 118 382 288 214 493 648 330 59 434 378 180 261 445 568 147 165 385 328 402 476 55 575 410 481 676 478 304 276 784 214 383 168 307 179 304 365 354 541 478 307 325 450 182 404 502 591 466 345 188 591 309 390 619 358 573 222 373 138 343 434 545 342 522 202 613 449 444 154 373 284 497 378 277 294 567 201 501 658 19 233 208 179 395 232 524 195 677 521 226 365 383 432 171 390 451 256 530 287 74 623 410 57 687 214 632 326 215 235 103 445 454 198 376 691 496 319 567 699 136 116 259 450 284 210 327 498 568 568 317 274 355 422 610 183 375 288 98 527 110 159 580 94 442 391 357 378 567 592 154 239 596 138 243 501 494 176 643 314 451 608 451 67 292 184 550 408 260 691 669 528 114 434 188 256 592 151 305 700 628 545 328 266 348 349 443 328 375 662 445 458 654 380 349 513 517 363 696 272 565 478 383 331 483 600 143 686 467 603 248 500 552 644 608 427 264 204 272 470 671 441 474 327 428 210 252 428 225 225 200 395 462 113 354 388 420 561 507 149 324 417 657 464 589 515 543 462 555 444 499 334 607 622 206 462 260 316 163 450 313 432 453 374 144 552 238 259 107 477 451 43 605 337 483 613 157 496 626 101 195 
717 606 811 267 682 497 553 457 713 642 199 321 752 364 600 191 464 796 667 771 600 439 657 563 553 751 747 60 770 634 735 335 415 169 567 492 359 394 291 786 494 357 288 741 345 346 746 800 527 716 512 382 268 410 436 607 317 96 195 147 427 502 188 141 93 525 567 572 514 465 304 175 639 428 368 487 136 635 761 63 746 240 379 648 402 465 501 760 569 323 623 654 216 412 445 600 680 585 609 140 730 279 675 202 551 458 323 328 625 328 715 37 127 748 218 290 670 138 656 482 245 669 291 89 351 643 666 777 477 694 652 613 39 639 563 612 678 383 333 423 797 724 430 431 679 413 295 339 408 401 627 617 595 193 781 152 230 703 809 370 587 328 718 748 584 707 464 360 703 718 739 568 216 231 336 100 739 566 765 554 406 371 563 354 130 265 169 765 766 389 709 276 569 367 210 84 635 443 188 155 635 451 512 404 652 713 675 221 358 757 773 564 92 283 513 612 545 765 397 562 145 579 229 390 599 557 657 183 819 33 525 823 102 336 403 52 576 406 736 672 756 708 802 33 765 503 322 61 187 657 770 631 558 563 73 629 268 253 106 372 318 452 562 267 298 593 599 640 401 418 575 72 427 559 490 632 160 68 529 552 214 260 149 775 187 666 742 274 316 385 441 726 794 428 527 232 207 406 517 234 677 330 669 598 572 269 213 364 17 133 434 360 737 558 324 621 386 647 539 558 
530 191 57 793 429 662 369 329 431 289 694 963 572 588 537 705 454 45 449 17 556 449 429 256 523 128 521 804 96 653 147 619 380 739 339 510 399 379 680 80 355 580 467 547 759 446 89 659 584 216 256 746 754 353 404 556 666 739 573 810 346 648 688 813 832 423 188 297 326 670 729 813 637 351 486 315 628 261 101 809 505 524 389 581 354 317 347 223 255 713 188 338 539 487 317 200 555 227 626 727 233 557 312 615 406 426 446 951 616 896 482 793 768 681 566 568 670 658 226 616 598 564 612 675 458 113 629 100 315 596 258 217 739 592 220 157 464 432 443 655 45 265 640 556 578 502 839 483 409 533 156 153 442 819 118 642 537 53 108 688 607 794 194 591 415 381 315 492 53 418 596 246 873 686 717 725 541 581 131 529 737 491 625 412 785 491 804 65 28 490 681 617 503 801 590 703 554 480 592 612 189 310 547 377 596 50 215 601 653 109 140 537 665 615 345 203 464 580 617 313 697 272 720 369 252 200 313 811 66 723 231 67 740 880 396 764 237 600 589 94 198 288 668 738 15 457 690 801 729 442 182 141 338 286 775 381 649 754 666 605 449 317 273 497 716 367 178 456 799 430 211 805 701 248 270 179 701 731 459 276 868 723 624 46 624 91 205 573 452 406 329 54 41 419 230 578 766 469 238 535 183 959 258 690 219 546 628 612 747 632 578 533 416 199 583 674 404 194 525 417 
27 583 548 539 102 259 214 580 109 244 512 703 65 794 95 779 742 535 82 532 102 272 103 326 139 640 61 704 453 155 389 802 362 562 231 811 458 567 433 611 663 337 526 49 452 615 604 144 183 318 401 415 502 534 662 95 405 614 520 641 560 245 762 648 715 757 486 271 292 922 456 623 135 384 336 340 569 275 442 709 69 499 554 77 494 571 660 330 322 430 599 193 561 734 423 587 30 343 145 575 307 697 219 697 185 708 577 682 124 610 61 722 613 150 488 719 155 692 668 240 446 45 404 608 375 498 112 626 588 67 274 333 655 93 380 422 67 641 424 313 537 274 298 811 54 749 566 374 339 290 404 424 124 617 644 684 499 518 639 377 146 497 340 71 151 155 567 695 519 124 71 335 663 789 424 603 47 146 418 138 389 704 179 557 627 513 618 477 512 310 154 758 123 477 672 699 67 751 515 637 613 520 183 386 87 487 316 471 845 627 415 130 639 413 272 605 156 78 841 678 740 293 505 445 302 449 218 616 579 662 486 566 610 584 613 733 339 832 64 535 352 247 151 698 525 200 852 697 796 90 374 543 700 651 658 156 436 513 669 814 571 545 306 578 451 187 403 84 451 309 378 693 343 340 427 368 754 717 173 311 658 837 652 502 694 510 339 711 575 605 401 558 537 304 491 463 557 299 482 492 348 691 273 214 576 429 479 340 695 643 265 739 137 497 761 183 601 630 153 170 
378 661 751 201 400 94 353 574 427 457 227 352 395 674 262 578 691 735 374 719 250 262 378 453 234 777 413 414 670 235 610 665 355 261 383 750 406 526 136 776 654 149 420 394 105 536 751 413 172 554 473 64 173 510 622 257 115 332 332 326 541 107 565 334 414 733 572 419 383 803 127 301 247 390 246 402 350 473 658 418 420 348 506 282 471 572 656 588 455 104 681 433 407 659 440 661 328 483 221 287 556 564 465 525 323 665 492 330 242 258 400 445 313 347 302 586 266 490 744 115 228 312 170 367 294 626 279 782 591 322 484 496 387 268 494 557 376 577 343 55 736 532 71 719 315 670 219 271 318 180 554 560 321 290 794 489 338 674 806 58 209 149 569 382 334 450 568 604 674 438 369 464 327 604 93 326 395 205 645 231 37 617 177 493 322 389 299 682 704 230 305 606 261 124 509 469 284 686 312 448 697 525 190 370 279 660 527 253 703 771 648 233 414 176 365 680 274 405 721 701 529 441 198 418 464 540 451 292 774 407 546 768 326 232 567 477 473 720 370 667 599 506 412 446 712 261 689 407 585 370 621 648 713 683 369 387 170 187 454 691 483 545 438 458 130 374 534 347 102 288 501 400 9 462 478 533 546 476 270 433 323 648 459 703 515 647 583 572 485 551 418 712 735 297 551 264 238 248 538 332 549 339 495 183 637 258 239 115 437 443 133 635 458 575 632 213 548 715 223 317 
783 383 627 561 707 674 560 246 733 602 452 660 828 31 694 179 145 616 705 588 703 496 687 495 648 514 801 402 625 776 618 48 401 459 556 151 305 217 519 568 223 509 241 808 604 153 525 901 658 633 412 627 543 252 167 708 531 402 311 478 241 671 170 474 435 206 401 534 487 163 557 500 772 385 447 440 310 580 620 405 793 297 221 753 282 259 231 674 501 563 391 638 236 93 359 374 765 501 744 428 654 79 643 141 580 157 186 663 751 648 758 367 443 872 340 58 810 204 394 638 414 761 472 322 397 466 789 551 257 794 595 529 357 751 461 479 721 145 343 611 616 664 609 88 775 85 603 408 424 518 502 482 640 517 547 192 306 520 583 586 717 608 625 833 617 705 262 81 519 731 828 492 552 142 576 394 804 688 637 652 640 80 708 210 454 263 492 607 592 474 844 71 650 641 144 258 729 117 334 212 397 287 626 377 763 546 595 391 87 527 647 664 274 466 501 377 608 841 79 284 206 525 494 321 535 414 628 506 622 326 365 632 407 649 182 312 496 76 824 477 659 661 906 310 585 566 119 404 200 693 664 430 269 300 406 639 478 531 240 51 192 269 506 192 545 598 478 686 665 456 472 414 639 483 380 527 197 280 591 497 549 162 208 607 156 484 651 74 187 179 374 525 612 459 363 378 503 476 362 311 580 666 611 765 352 388 410 537 326 228 577 38 745 386 19 775 182 402 637 594 
678 475 691 346 625 505 483 324 655 560 242 443 718 245 569 127 329 677 614 651 573 384 601 468 521 620 703 196 659 628 631 224 329 242 492 362 253 263 321 658 358 344 172 703 399 210 617 778 512 621 405 427 331 283 299 580 340 183 136 260 296 506 112 257 229 389 446 487 430 362 353 282 628 333 317 395 104 547 651 200 699 157 249 624 282 333 364 665 474 363 491 580 105 278 337 469 648 486 598 210 638 147 596 78 490 321 192 445 611 430 666 170 225 735 169 161 663 38 521 478 232 640 291 104 283 521 651 649 344 669 564 515 142 619 457 500 628 246 247 434 678 637 437 307 652 281 385 280 333 372 517 504 543 298 651 34 155 582 681 396 573 397 620 718 526 640 333 224 581 657 710 470 334 149 376 176 700 548 658 524 445 236 556 224 236 161 273 650 647 343 701 161 531 432 76 68 606 310 148 22 503 325 487 312 631 596 580 205 256 628 667 535 55 283 435 480 499 731 285 425 86 489 283 283 507 440 578 287 697 113 404 701 188 431 267 130 477 290 707 547 658 625 781 110 645 454 235 196 142 603 670 504 421 427 191 564 284 319 32 257 187 322 471 138 342 524 489 590 460 353 469 205 453 461 379 528 100 96 482 461 331 194 12 658 64 544 646 145 185 250 338 601 675 361 405 202 286 354 396 161 577 448 581 603 441 228 215 363 123 12 421 229 675 435 202 620 251 514 508 500 
519 453 627 252 475 344 343 323 506 433 136 401 558 370 407 292 403 611 462 588 411 231 451 359 359 592 546 243 575 463 534 361 209 171 357 455 176 262 181 616 388 181 140 544 271 249 579 615 348 509 319 289 222 261 343 417 192 167 29 237 288 343 276 239 266 452 391 363 305 500 225 241 464 228 161 283 76 427 565 248 544 59 242 461 236 326 392 553 364 226 472 444 104 364 256 449 487 383 434 154 522 260 465 225 342 381 207 394 447 354 511 245 194 571 8 282 499 202 521 314 75 478 133 121 141 464 487 612 343 506 444 409 180 455 366 421 474 292 132 276 612 515 276 418 490 373 299 129 199 209 432 426 390 250 619 197 44 524 642 247 409 283 513 556 377 498 324 307 524 510 548 364 302 311 238 152 542 384 566 362 301 320 392 221 211 105 232 573 579 185 536 303 371 311 206 204 444 393 22 152 486 294 324 202 468 527 469 52 400 595 573 373 144 127 304 465 342 571 417 448 248 371 175 205 393 373 447 241 639 177 352 640 167 345 293 242 373 416 545 499 550 499 618 208 581 299 390 238 305 451 566 464 453 439 206 420 140 215 175 388 199 304 356 162 212 383 405 436 331 208 377 239 300 357 303 432 263 223 326 346 298 357 165 586 217 488 537 268 200 274 245 553 610 218 355 39 207 199 344 42 474 400 460 441 421 65 76 202 209 152 257 334 529 386 328 456 273 502 346 350 
729 487 712 393 673 560 529 334 703 601 294 476 770 207 622 73 312 699 663 672 627 434 650 505 574 630 753 217 687 682 663 181 372 288 536 335 289 277 375 673 355 399 207 754 451 215 631 831 566 658 437 480 381 302 294 633 394 224 190 296 310 561 57 291 250 373 468 529 472 316 405 321 683 372 369 434 158 586 679 220 749 207 266 677 308 345 362 702 511 416 501 624 148 258 371 480 701 522 653 256 675 126 639 48 539 309 209 480 665 471 715 183 265 790 223 134 718 21 525 533 287 693 346 151 332 542 705 661 353 722 603 551 174 672 490 528 677 245 292 489 700 676 492 273 705 258 430 331 379 426 547 533 592 338 662 21 206 602 694 451 628 446 656 770 575 686 345 210 602 704 763 507 369 94 429 219 751 602 688 577 499 220 611 243 274 202 313 676 670 395 755 119 584 482 66 73 659 289 203 68 512 345 541 353 685 619 617 260 208 640 698 588 100 338 479 489 550 783 243 423 42 528 334 318 545 467 621 327 716 143 426 721 229 475 272 131 514 250 759 566 693 666 835 125 667 505 182 219 90 652 703 521 415 429 223 611 339 368 61 216 206 338 510 162 395 570 520 640 512 402 502 229 507 498 409 561 50 96 533 500 366 139 53 682 34 564 682 119 203 256 375 619 696 409 426 257 332 406 420 213 612 483 620 659 453 282 270 419 141 67 476 203 721 456 166 675 258 522 561 549 
874 490 734 588 804 741 656 355 831 705 488 660 918 92 779 148 238 724 799 696 786 582 782 599 731 617 894 394 734 853 727 60 495 484 655 218 400 323 567 673 327 576 327 900 646 257 630 988 735 740 517 673 577 358 275 792 584 418 368 485 349 740 151 479 424 293 510 636 586 127 599 511 851 482 526 541 349 684 729 395 888 367 325 837 385 368 335 781 605 609 497 739 302 194 461 481 853 607 822 451 760 156 746 173 674 258 283 667 831 664 853 353 457 954 400 134 888 216 494 709 471 848 530 347 480 574 870 655 365 880 699 635 364 834 567 587 815 253 429 673 724 769 674 147 861 181 625 487 514 594 610 590 733 529 650 212 372 628 687 640 795 642 732 922 710 805 370 189 627 829 916 597 555 108 622 413 896 768 745 735 691 188 783 312 464 342 504 716 700 554 923 96 737 678 191 258 815 210 386 249 502 395 705 472 846 654 701 445 32 631 756 747 295 523 599 482 697 931 83 385 194 628 529 420 639 522 730 518 729 333 473 739 423 668 290 296 601 101 912 585 767 766 992 306 693 653 20 398 159 788 772 538 367 403 410 736 529 564 256 79 288 377 609 274 589 695 585 779 706 544 578 409 695 588 485 634 179 271 680 599 553 91 239 715 183 592 759 142 283 286 475 632 720 548 472 437 527 559 470 378 687 669 715 836 460 454 459 600 322 258 649 146 844 495 100 849 289 506 720 687 
442 449 597 249 402 273 276 338 433 373 148 416 480 432 330 369 444 581 388 559 333 160 378 312 281 582 470 303 535 387 489 428 167 197 294 503 173 285 148 597 413 109 173 467 239 289 564 537 271 456 289 246 212 273 377 339 147 219 105 274 304 272 353 279 323 488 375 307 251 564 197 271 387 195 89 238 151 371 525 309 468 103 264 383 240 339 416 499 316 191 469 378 166 412 234 447 409 339 358 192 467 323 401 297 272 419 245 405 369 353 436 313 235 494 72 346 423 279 525 240 52 400 82 192 89 443 410 596 357 428 388 363 246 377 329 390 399 331 111 210 582 457 208 474 412 423 296 67 145 131 397 394 315 275 605 274 95 500 625 195 332 263 463 479 305 429 335 357 500 438 470 319 329 386 200 205 465 306 522 284 252 370 316 249 252 142 262 538 549 109 460 372 294 282 277 281 366 439 97 227 485 297 246 169 390 498 418 62 468 581 528 295 221 80 245 464 266 493 480 466 326 319 174 194 341 351 384 268 613 248 340 611 217 340 323 316 328 477 467 481 499 438 540 282 552 224 461 298 383 377 517 451 475 452 262 351 109 209 253 451 236 313 305 212 184 315 371 361 294 143 340 297 241 313 281 391 341 299 250 297 324 433 241 553 291 466 485 333 238 306 218 532 580 154 344 47 220 127 331 89 427 413 404 368 421 13 84 136 281 229 181 390 457 373 392 382 304 501 268 278 
273 334 279 624 171 430 144 382 177 38 547 799 316 638 285 688 546 264 191 260 304 259 171 118 280 370 267 704 186 400 122 658 255 599 116 615 332 395 504 338 452 393 414 292 566 459 332 405 346 58 200 544 582 359 472 303 483 623 474 678 374 415 669 683 726 544 247 98 156 753 547 672 382 249 321 187 533 35 174 709 253 433 391 325 331 370 447 95 111 526 347 80 477 555 256 340 297 111 375 597 63 566 54 595 172 512 435 783 362 719 226 706 640 423 453 584 414 616 413 388 454 306 445 581 320 236 372 353 382 338 18 86 642 337 153 168 206 470 338 441 266 55 425 635 320 572 665 338 263 337 144 167 192 673 371 602 441 247 366 488 358 608 75 335 169 129 366 532 248 166 339 119 727 684 527 608 286 335 155 285 528 538 380 405 657 421 664 207 240 312 423 631 256 604 568 644 298 563 483 560 359 328 313 270 339 214 43 467 699 355 155 291 591 450 159 356 226 325 680 448 663 93 561 305 77 216 55 668 308 636 264 297 621 699 434 695 115 667 332 269 103 50 413 663 252 234 721 699 709 184 125 285 472 418 665 125 484 587 608 659 433 351 111 463 536 123 154 199 594 262 145 700 486 128 232 107 672 669 226 121 722 729 575 231 598 243 87 582 437 434 247 287 267 250 268 449 614 289 264 436 75 792 1 442 336 410 489 418 667 575 364 579 168 261 616 422 430 374 285 180 
704 432 659 416 642 555 496 279 671 561 309 515 746 173 602 108 261 646 634 619 608 409 619 462 554 575 726 263 636 670 615 155 336 313 500 290 247 223 383 618 300 391 166 729 465 160 576 812 552 613 391 490 400 250 239 614 398 256 182 333 256 554 90 329 296 322 416 489 435 294 418 354 669 332 348 394 167 545 629 266 721 185 214 659 259 290 307 657 468 426 446 588 120 209 325 425 679 477 639 282 631 76 600 16 509 256 156 517 650 502 687 233 297 774 214 89 705 66 469 524 285 672 344 176 305 490 689 606 297 703 562 506 213 655 444 479 649 189 260 487 647 634 488 234 685 210 457 308 348 411 499 483 565 371 607 51 188 549 639 455 613 465 610 748 545 651 290 157 549 671 741 463 407 108 439 248 726 586 640 557 506 168 599 191 308 169 346 625 618 375 741 93 561 499 12 122 638 240 200 67 456 293 525 316 667 567 572 259 190 584 649 569 128 337 443 434 525 759 215 368 95 487 351 274 503 416 583 360 662 183 374 668 261 503 216 184 469 218 737 512 647 626 815 173 614 480 178 264 131 623 657 466 361 374 263 577 344 388 97 186 155 285 468 116 406 537 471 612 526 373 456 274 510 454 362 515 98 149 507 458 404 156 62 630 21 511 636 73 151 201 332 565 643 379 374 251 357 382 368 195 566 521 579 651 398 269 274 414 187 82 465 157 688 404 130 665 203 466 541 520 
736 483 711 405 679 570 535 331 708 605 305 488 777 195 630 66 303 698 670 670 635 441 656 508 582 626 760 228 687 692 664 169 376 301 541 324 292 275 386 670 349 409 210 761 463 212 628 840 575 660 439 492 393 301 288 642 405 236 199 308 308 571 48 303 260 365 467 533 477 303 417 333 692 376 377 438 170 590 679 230 756 214 265 686 308 342 356 704 514 428 497 629 153 249 373 476 708 524 662 268 678 118 643 41 545 301 207 492 674 483 722 193 277 799 233 124 727 33 519 543 297 701 356 163 339 541 714 658 349 731 607 553 186 681 492 529 684 239 297 500 698 680 502 262 713 248 442 338 385 435 548 533 599 350 658 31 214 601 691 462 637 458 658 778 581 691 342 202 600 709 771 509 380 83 441 231 759 611 689 585 510 212 620 242 286 207 325 676 669 403 765 108 591 494 63 84 667 279 213 77 507 344 550 358 694 618 619 271 196 636 699 597 112 349 484 485 557 790 231 417 43 532 346 320 548 467 625 339 714 155 425 720 242 487 268 140 516 238 767 563 695 670 843 136 666 513 171 230 85 659 705 518 409 423 235 616 350 380 73 205 205 336 513 164 407 576 520 647 524 408 504 240 518 500 410 563 48 106 540 503 378 129 62 681 30 562 684 110 202 253 378 616 695 415 425 267 344 413 419 221 614 495 624 669 450 291 281 429 151 78 485 194 727 455 155 685 254 517 569 556 
489 360 535 339 430 368 286 236 459 364 226 494 532 341 390 315 340 519 421 495 397 195 406 278 342 498 512 327 486 466 450 342 133 265 294 400 82 181 250 522 309 206 71 515 342 185 485 599 349 431 229 351 305 173 272 403 252 258 93 330 202 364 297 332 354 383 298 292 234 473 298 336 463 143 138 202 150 353 477 332 508 45 160 448 144 239 312 475 283 294 379 383 95 310 163 356 465 300 435 248 446 236 399 230 296 314 141 486 443 442 473 323 287 565 87 258 501 233 430 330 142 459 187 198 91 371 481 518 256 491 370 327 262 445 278 331 435 226 50 311 520 443 306 376 472 322 386 98 136 209 343 335 351 344 525 222 56 431 548 300 408 362 433 534 332 443 236 257 430 460 528 282 396 322 304 244 512 379 480 346 357 270 398 144 305 46 326 483 488 165 535 293 348 384 205 256 426 336 111 177 394 202 317 119 457 435 390 132 384 501 487 358 202 184 238 373 310 545 389 364 282 295 261 111 315 280 381 335 546 251 258 547 259 432 218 307 290 384 524 405 470 430 603 276 489 266 386 323 334 410 484 370 372 352 295 367 209 300 220 361 132 214 278 117 285 327 315 398 398 159 290 326 345 274 211 347 293 281 293 268 392 370 192 495 228 394 457 248 135 201 156 459 517 166 261 110 298 170 250 54 392 493 387 456 329 95 161 237 280 188 268 293 478 292 303 465 199 410 331 307 
550 429 616 290 499 387 361 291 530 445 173 429 590 325 441 254 360 601 488 576 446 257 475 362 393 571 575 243 570 503 534 316 215 200 372 411 161 229 226 598 352 223 107 575 315 208 561 650 386 515 313 334 262 233 304 452 237 180 19 256 258 386 238 257 271 412 376 373 315 454 268 266 503 227 189 286 67 436 561 248 572 38 210 497 214 297 357 559 367 271 447 460 59 320 246 424 520 384 473 178 529 215 479 182 365 340 169 424 485 389 539 238 213 609 47 236 539 166 492 356 120 512 179 114 158 450 525 593 312 541 453 412 178 492 362 414 501 252 132 320 602 525 320 373 524 329 336 153 212 246 427 418 416 277 599 159 30 510 624 292 448 325 517 590 401 518 294 263 510 532 582 366 326 270 283 166 572 421 564 396 346 276 432 187 230 74 256 566 570 215 576 259 403 354 162 177 478 350 44 112 461 269 361 203 504 517 474 97 355 575 572 408 121 173 317 439 371 603 371 413 214 378 214 192 398 361 461 267 627 167 335 628 181 382 255 225 374 370 579 483 554 511 654 192 570 327 346 240 270 477 569 444 417 407 213 441 185 254 144 342 160 277 361 119 255 402 399 463 375 228 374 243 345 358 293 431 228 200 354 352 322 317 127 577 175 473 541 222 161 237 240 537 599 236 337 85 240 227 327 35 476 430 469 483 396 102 119 246 196 117 297 288 551 369 283 497 236 476 380 375 
346 246 286 560 248 420 136 266 266 114 469 733 393 519 315 572 432 270 258 253 333 206 237 13 291 323 350 608 215 431 168 538 157 518 109 500 219 276 443 312 340 339 301 369 518 340 291 479 347 150 81 504 519 240 355 334 427 532 375 595 256 407 554 599 633 434 148 66 83 635 490 593 416 140 249 83 433 87 204 613 338 329 271 367 212 254 336 194 15 473 262 159 366 437 138 250 354 17 401 512 167 447 155 479 174 397 317 720 394 661 306 606 554 481 358 465 453 504 332 374 373 358 377 481 232 171 415 320 268 393 102 43 544 376 43 95 275 351 236 411 271 172 396 517 374 454 605 254 176 290 87 97 223 596 334 490 339 209 341 445 378 555 149 407 194 226 250 413 210 258 408 2 651 567 476 518 364 350 200 297 493 419 392 286 571 311 584 220 238 249 471 512 275 559 452 535 339 447 387 449 277 210 308 164 382 193 109 381 580 313 207 307 485 381 101 268 231 404 561 345 550 43 490 190 43 113 142 590 307 535 154 302 531 643 316 590 7 548 401 212 187 169 487 559 245 217 602 604 594 248 201 209 368 317 572 181 415 521 499 539 315 233 33 347 478 150 72 253 556 190 42 606 457 10 113 70 558 562 223 33 646 611 464 239 483 188 174 463 319 315 133 249 270 179 159 360 540 227 152 335 108 728 118 459 239 324 406 370 564 465 334 460 268 161 497 447 311 294 291 188 
305 293 335 518 212 367 84 293 234 101 433 692 352 533 264 568 458 319 218 304 282 157 197 40 239 376 313 582 258 379 205 549 132 483 62 527 212 291 399 365 372 292 294 329 471 351 345 437 294 170 108 455 477 256 379 283 382 503 352 561 277 354 549 566 605 467 195 29 36 654 445 557 365 128 208 66 411 88 247 587 302 309 284 318 222 282 369 213 39 427 310 133 354 458 145 297 308 68 349 479 182 452 140 476 122 423 322 678 343 617 269 584 522 434 331 472 403 494 380 321 337 311 335 458 200 224 366 373 298 347 105 82 520 326 92 148 235 368 215 359 321 178 345 537 327 474 561 219 142 241 140 151 175 559 388 481 317 262 394 396 326 509 176 364 145 201 278 428 263 229 365 51 614 566 430 488 324 297 239 245 443 435 339 294 539 298 549 267 288 204 423 517 223 511 449 521 290 470 361 438 326 234 255 147 333 245 131 348 591 367 244 255 467 340 50 315 179 364 577 385 541 32 450 187 55 158 124 553 358 513 192 352 501 598 335 572 58 565 358 265 212 166 444 540 296 163 609 577 589 207 230 260 406 357 544 143 374 479 485 553 319 258 22 344 434 106 125 209 506 148 94 578 406 52 137 117 551 546 169 20 608 612 453 287 478 241 198 467 323 331 131 303 319 136 197 329 501 182 188 313 142 686 122 406 283 291 371 322 544 452 282 474 242 205 507 395 327 343 238 136 
288 356 258 680 190 475 198 423 187 91 605 855 327 684 321 741 585 245 214 246 340 315 197 170 323 370 275 762 162 431 100 705 312 656 172 652 386 441 560 328 488 448 469 303 620 508 330 413 390 33 247 596 638 406 513 338 538 681 532 736 419 460 723 741 784 578 278 156 214 796 602 729 413 305 378 243 591 92 152 767 259 490 439 353 381 410 482 42 164 580 367 115 533 597 308 364 319 158 409 655 15 616 82 649 223 551 486 839 394 774 238 764 697 440 511 634 442 671 430 435 512 331 501 639 378 253 399 347 420 360 75 129 700 367 197 195 226 515 395 491 247 18 475 677 344 614 720 396 320 392 170 193 232 730 366 657 498 249 354 541 395 662 54 347 213 137 407 578 250 173 353 170 784 736 581 666 297 374 126 327 579 583 419 454 715 477 721 188 225 369 446 681 297 657 621 700 328 603 541 616 377 372 359 326 368 212 64 525 746 353 122 332 648 507 217 378 272 334 725 477 718 149 618 358 131 252 94 725 289 694 302 275 679 753 479 752 164 711 346 279 59 45 422 720 239 286 770 757 763 210 82 304 502 447 723 163 541 643 664 704 484 393 167 516 591 172 187 229 645 320 187 757 536 179 279 136 726 726 275 177 779 781 631 213 652 254 46 632 488 480 301 286 248 308 305 507 671 346 303 493 87 848 58 478 364 468 547 473 724 631 416 625 168 294 664 455 476 391 329 228 
335 275 346 498 246 370 108 259 270 139 408 671 383 495 284 530 423 330 249 312 300 148 229 51 253 370 346 551 276 396 229 511 98 457 93 493 174 255 381 366 341 278 256 360 458 313 342 466 302 201 81 444 458 220 345 302 366 473 318 534 242 358 512 538 575 435 177 68 32 617 429 531 383 90 187 28 377 124 266 556 336 275 246 340 185 250 338 245 56 412 293 171 318 422 108 278 334 79 364 452 216 414 179 438 142 389 284 658 360 599 301 551 494 459 300 433 421 457 362 323 312 336 315 425 171 218 386 372 266 372 141 102 487 346 84 147 267 331 181 354 331 214 341 501 351 438 543 193 115 231 145 150 200 535 385 443 284 263 396 386 340 494 205 393 171 238 246 391 264 265 393 59 589 528 416 458 355 310 262 259 435 398 350 256 511 262 523 282 298 189 444 479 240 499 411 485 312 435 329 401 309 200 262 111 354 251 161 321 553 363 268 270 433 319 54 296 194 395 540 358 504 66 429 149 85 141 162 528 367 480 167 362 472 582 299 537 69 528 386 259 242 203 473 506 305 171 571 546 551 238 258 248 378 331 514 176 354 459 449 516 280 225 48 306 417 137 124 238 497 129 91 548 400 54 105 132 513 510 182 38 584 574 416 300 440 238 228 429 285 294 93 302 330 118 172 300 478 167 162 279 167 666 158 418 261 263 345 310 510 416 279 437 279 185 469 409 291 327 250 157 
555 74 172 725 453 634 357 216 464 307 618 888 600 471 536 593 338 162 468 134 554 408 447 234 512 108 553 709 190 652 214 502 318 660 330 394 313 270 618 127 238 528 370 576 703 334 89 688 565 267 195 696 687 248 287 555 608 651 485 726 237 622 577 728 739 309 100 286 295 554 668 731 637 284 429 267 536 275 190 714 539 435 282 587 257 204 230 291 236 655 74 359 442 370 240 83 570 210 622 644 288 444 341 506 395 309 340 879 615 829 510 695 683 698 483 454 674 552 130 588 525 575 549 581 392 51 635 122 200 610 279 216 644 596 181 127 485 317 365 614 162 315 601 439 591 385 772 417 352 488 145 126 443 740 130 536 449 69 153 638 599 734 248 617 414 416 203 376 68 452 619 223 792 573 661 637 570 570 215 518 691 375 611 307 700 398 722 165 140 439 691 502 496 746 482 599 559 363 506 509 80 206 526 309 602 105 247 523 536 106 226 528 566 550 316 89 452 610 500 199 589 261 649 285 248 128 336 731 169 626 137 177 652 815 282 662 217 482 613 25 267 330 697 638 131 434 574 707 618 459 260 27 224 171 684 393 583 685 563 488 344 209 254 393 654 368 149 468 748 380 179 712 660 221 195 182 591 628 443 253 787 608 521 157 515 46 268 459 347 294 258 71 158 371 134 501 691 420 145 449 216 886 286 679 102 472 551 562 648 530 541 416 455 103 467 668 292 91 511 409 
702 430 657 416 640 554 494 277 669 560 309 515 744 173 600 110 260 644 632 617 606 407 617 460 552 573 725 264 634 668 613 155 334 313 498 289 245 221 382 617 298 390 164 727 464 158 575 810 551 611 389 489 399 248 238 612 398 256 181 333 254 553 92 329 297 321 414 487 433 295 417 355 667 330 346 392 167 543 627 267 720 183 212 657 257 288 306 655 467 425 444 586 119 208 323 423 677 475 638 282 629 75 598 18 507 255 154 518 648 502 685 234 298 772 213 89 704 68 468 523 284 670 343 176 304 488 688 605 296 701 560 504 213 653 442 477 647 188 258 486 645 632 486 234 683 209 457 307 346 410 497 481 563 371 605 52 187 547 637 454 612 465 608 746 543 649 289 156 547 669 740 461 407 110 438 248 724 585 638 556 505 167 598 189 309 167 346 623 616 373 740 94 560 499 10 123 637 239 200 66 454 291 523 314 666 565 570 258 191 583 647 568 128 336 441 432 523 757 215 366 97 485 351 272 501 414 581 360 660 184 372 666 261 503 215 185 467 219 736 510 645 624 814 174 612 479 179 265 133 621 655 465 359 372 263 576 343 387 98 187 153 283 466 114 406 535 469 610 525 372 454 274 509 452 360 513 100 150 506 456 404 158 62 628 23 509 634 72 149 199 330 563 641 377 372 250 357 381 366 193 564 521 577 650 396 268 273 413 188 82 463 157 686 402 130 664 201 464 540 518 
721 203 447 660 630 688 492 126 651 500 543 790 768 205 657 369 61 438 635 411 671 472 615 394 618 320 731 556 463 759 471 241 360 567 478 119 282 158 584 378 46 536 270 745 676 161 336 851 648 503 309 687 631 181 65 675 588 529 388 609 151 681 356 607 589 51 256 444 414 276 631 625 750 330 448 366 416 472 461 559 720 351 178 716 223 135 51 539 399 629 206 546 315 104 285 194 717 389 726 541 525 224 541 301 523 41 201 788 728 758 686 528 569 837 405 222 789 362 196 645 474 717 523 446 395 303 759 359 119 752 484 412 498 720 346 339 652 118 343 640 438 543 633 163 732 116 706 416 394 524 364 341 583 639 353 347 365 347 390 636 700 692 490 778 555 613 139 140 346 644 777 387 683 337 639 517 741 669 482 623 693 131 699 192 583 305 616 441 418 472 817 262 612 717 287 418 690 88 414 342 209 186 610 337 729 379 470 459 268 335 493 635 410 520 434 191 566 780 226 87 383 428 583 278 429 282 529 628 438 471 234 449 532 752 118 480 388 208 771 302 519 548 857 467 409 530 312 556 392 624 519 257 70 109 547 560 542 623 389 219 209 161 410 251 618 523 346 623 734 431 353 564 678 379 280 397 379 445 551 403 679 361 347 435 315 315 515 234 208 135 308 343 434 429 230 439 608 464 234 368 448 793 497 764 180 431 485 570 481 364 586 162 654 240 215 765 137 210 610 538 
696 176 420 654 604 672 468 104 625 473 538 789 743 228 635 383 87 411 610 383 649 452 589 367 597 296 706 561 435 738 443 263 340 564 453 148 266 145 575 353 19 522 262 721 667 160 310 827 629 475 284 676 624 163 65 653 577 529 384 610 132 664 370 608 593 74 227 419 390 304 622 625 729 309 432 342 414 444 432 564 695 344 165 694 204 111 23 510 373 619 180 519 312 126 263 166 693 362 706 539 497 235 514 311 499 61 195 787 707 754 661 534 568 815 398 236 768 371 175 628 466 693 512 448 379 274 738 335 94 729 456 384 502 698 318 311 627 119 328 626 411 515 618 189 709 139 701 401 375 507 336 313 559 638 330 355 358 319 366 624 679 684 462 754 531 586 115 152 318 618 753 360 683 353 629 517 716 649 454 602 681 145 680 182 583 297 615 413 390 455 796 279 590 708 294 426 667 114 409 346 183 163 590 318 707 351 442 451 291 311 465 614 414 509 410 165 544 755 252 66 394 401 577 260 403 254 502 627 412 476 206 423 533 747 109 488 361 234 747 274 491 521 833 474 381 509 334 560 407 599 490 229 56 83 549 535 533 617 395 242 204 138 384 249 609 498 318 599 724 412 326 568 664 353 255 369 391 453 529 377 679 380 352 407 324 287 487 247 203 128 286 316 407 409 202 431 605 446 207 361 420 792 470 746 151 420 478 556 488 368 569 181 628 212 234 745 129 185 590 514 
465 290 459 407 392 391 245 183 420 307 297 567 510 348 378 362 315 443 388 419 389 182 371 212 334 425 483 402 412 469 378 358 84 338 246 381 15 139 308 446 263 242 89 490 398 172 411 584 355 365 154 401 371 119 239 394 305 334 169 406 150 384 344 408 429 347 222 234 179 478 358 410 463 77 150 140 225 292 403 407 476 119 121 438 80 181 265 409 218 350 309 333 151 295 88 287 448 230 437 324 382 255 345 271 263 284 132 558 441 511 441 395 363 559 162 276 502 289 365 348 207 444 241 273 97 295 477 443 200 478 309 259 336 438 205 255 404 204 49 344 444 382 336 370 459 310 454 120 107 226 269 260 322 418 451 275 132 355 473 346 410 423 365 515 299 397 178 251 354 419 511 214 471 362 358 320 486 380 407 339 403 261 406 116 380 95 401 408 412 174 533 318 334 441 244 320 413 317 187 234 325 137 318 61 449 359 324 203 400 427 415 351 271 240 189 304 291 522 396 310 336 234 330 36 251 204 328 410 470 324 184 471 335 499 184 375 222 387 506 330 402 371 589 345 413 249 412 398 383 376 415 295 322 294 370 326 269 367 283 369 125 154 215 140 344 284 241 369 451 141 217 401 384 205 135 275 345 346 274 205 466 408 249 419 272 318 390 269 130 171 83 383 441 142 187 180 370 168 175 130 322 565 326 469 260 155 231 276 351 249 288 294 435 218 316 473 168 341 324 276 
354 274 198 676 253 503 210 350 256 116 590 850 397 616 366 688 509 183 273 177 385 313 253 131 357 291 346 732 107 481 48 639 280 640 180 575 339 376 557 256 410 449 420 372 626 444 253 484 421 49 189 607 635 341 440 384 538 656 498 717 350 489 670 721 757 499 200 145 194 723 602 714 464 264 366 207 557 92 96 737 331 453 376 407 321 337 405 83 126 583 284 162 488 525 255 282 379 107 455 635 71 555 136 595 244 476 427 836 443 774 306 730 677 505 482 572 496 623 347 460 494 388 493 605 354 170 454 273 346 420 84 80 668 419 136 117 288 447 360 507 185 97 492 604 403 542 719 375 297 396 92 114 271 717 290 609 463 169 284 550 437 666 34 415 246 207 334 511 170 244 420 125 771 679 585 641 366 413 82 363 593 514 458 394 694 433 706 125 158 362 505 620 334 666 568 657 380 529 511 569 294 304 386 288 422 134 40 504 679 275 86 369 608 498 206 295 300 405 655 396 668 126 609 309 103 178 137 711 226 659 228 215 655 755 410 713 117 640 413 197 67 115 493 682 170 302 706 728 711 266 77 221 421 366 696 207 532 637 620 635 426 323 137 464 591 198 114 281 658 306 124 729 553 133 218 65 676 684 298 145 766 722 584 150 600 172 59 571 431 413 254 207 185 294 231 483 659 339 231 459 15 844 82 522 283 446 528 477 688 586 430 557 243 216 599 502 410 308 361 253 
216 683 705 399 279 111 312 637 296 390 411 544 217 798 141 737 782 690 252 682 122 288 265 434 156 770 249 604 613 42 549 797 400 452 340 848 482 605 319 753 722 265 527 223 303 635 737 217 112 481 487 261 370 579 705 123 292 517 475 522 609 105 722 530 607 811 585 384 376 930 323 498 60 432 321 414 510 416 601 608 261 473 588 118 537 632 721 503 433 298 701 348 537 761 482 685 164 460 52 474 475 691 380 669 274 751 592 521 70 449 254 632 505 149 442 714 68 647 770 131 378 148 322 537 373 619 91 764 650 141 422 461 569 101 487 542 245 671 428 185 692 445 177 831 143 775 415 359 365 247 531 545 235 488 780 643 467 653 782 245 70 345 501 199 261 335 627 712 653 311 185 445 526 757 288 509 226 98 581 150 232 723 61 582 515 503 495 633 663 294 106 744 174 316 649 638 136 784 461 598 717 579 150 423 107 628 467 405 838 760 580 140 579 330 354 704 216 224 846 754 691 409 389 482 427 549 372 489 733 584 572 722 512 423 650 656 452 841 188 660 521 417 215 623 674 238 833 597 749 253 544 655 772 731 558 301 340 384 616 818 584 603 415 574 323 310 520 233 284 329 489 591 193 447 504 499 707 649 226 415 522 803 611 657 662 635 506 702 588 638 457 694 692 331 577 407 433 298 566 461 496 530 426 20 667 385 402 247 616 597 190 750 327 593 759 15 635 735 158 261 
614 611 788 143 592 375 476 474 623 576 76 248 645 452 493 305 524 772 574 749 491 357 567 513 448 752 645 118 733 515 690 430 365 40 496 564 338 411 167 777 530 250 290 636 216 381 741 686 414 659 480 253 139 416 478 498 194 33 166 75 440 381 297 77 127 580 553 510 453 567 175 83 522 387 288 438 126 574 723 123 647 215 392 537 395 479 535 702 518 195 630 578 229 476 417 607 573 539 492 12 670 350 603 285 467 509 347 245 510 223 617 146 32 630 169 367 550 229 675 364 154 561 183 103 290 626 550 773 495 582 591 564 91 527 525 582 583 424 292 301 773 659 310 512 569 482 179 270 347 302 592 586 503 96 780 237 201 686 804 243 471 200 665 639 497 624 477 420 685 629 628 520 143 340 207 32 635 454 722 449 277 433 446 369 50 257 74 733 741 303 589 368 467 239 281 190 527 508 144 213 644 452 404 361 540 689 620 140 460 755 729 458 152 175 448 622 451 657 492 594 255 521 100 367 544 535 585 86 801 117 514 801 27 224 433 181 529 497 627 661 702 640 687 154 743 412 432 111 307 565 719 625 595 588 71 547 151 124 190 464 339 460 508 292 169 514 565 546 272 346 536 106 300 512 465 590 272 188 437 499 139 377 217 747 271 650 688 351 339 415 406 714 771 357 516 161 81 324 505 202 629 250 607 475 579 198 119 249 142 197 323 433 649 548 409 500 414 659 434 472 
265 677 721 337 314 57 319 618 335 409 354 482 272 761 169 689 755 705 287 694 152 271 297 438 166 774 300 546 631 101 568 758 382 393 349 819 457 580 262 761 702 221 493 276 241 605 743 279 104 503 481 199 309 557 680 156 235 461 430 461 588 58 675 470 548 789 581 391 374 893 263 437 116 416 291 407 461 432 619 550 310 433 562 165 516 613 702 529 437 238 696 371 497 730 467 679 213 465 97 417 500 653 404 626 282 725 561 459 119 387 298 575 446 211 397 676 130 599 764 93 330 197 272 485 345 621 149 771 632 197 439 470 513 149 487 546 283 642 399 130 707 471 125 798 195 744 353 327 346 215 537 549 255 426 786 597 426 660 791 186 97 283 522 256 277 369 609 680 660 349 243 449 464 711 228 453 279 112 601 161 170 692 68 554 456 467 435 649 677 266 168 702 190 254 606 587 177 755 414 552 712 562 143 403 158 639 484 357 798 765 602 155 529 280 352 698 224 281 809 739 642 416 330 460 436 545 394 429 747 530 564 738 456 361 625 602 456 806 245 663 545 443 277 569 687 234 791 539 700 286 568 653 755 717 500 323 286 323 567 780 552 585 419 538 264 325 523 263 222 309 491 533 132 449 495 509 659 597 229 418 460 757 565 672 618 639 530 663 556 611 442 700 706 314 569 361 373 274 557 420 512 468 446 46 659 343 351 198 562 550 154 716 367 587 721 77 608 730 162 271 
741 387 626 503 670 620 522 240 697 573 393 604 785 88 647 146 179 614 665 586 656 450 648 467 601 525 760 350 616 726 603 82 361 401 521 202 265 197 461 574 237 455 194 766 546 128 531 856 608 611 387 569 484 231 177 661 474 345 254 422 227 618 133 418 383 242 391 503 453 217 499 444 722 348 397 407 251 552 610 353 754 243 196 706 254 252 245 654 474 505 398 605 180 126 329 379 721 477 694 370 631 23 613 87 540 181 150 606 702 590 719 317 386 824 284 1 760 151 410 585 357 716 416 264 349 460 741 560 254 749 568 505 302 704 439 463 681 137 297 556 614 639 554 145 730 124 545 358 381 467 486 467 599 460 558 137 251 517 592 530 667 549 605 789 576 671 254 84 516 695 784 466 496 118 518 337 763 639 624 605 583 92 657 180 398 212 435 600 588 425 795 48 605 582 86 206 684 155 276 154 406 270 576 338 716 540 572 333 125 536 634 617 217 410 465 384 564 798 134 303 161 496 435 286 508 399 597 449 624 271 352 632 350 591 173 264 471 134 779 476 640 634 861 258 582 521 136 351 169 654 647 429 292 314 351 602 420 473 185 105 154 256 477 142 487 561 460 645 607 411 450 361 582 457 356 507 156 230 547 467 493 153 150 602 102 479 631 16 149 164 341 526 610 415 351 322 445 428 347 256 560 610 584 713 354 333 352 482 273 170 525 70 710 377 45 724 167 413 589 553 
578 434 630 300 527 413 387 292 557 469 185 431 618 303 470 226 348 615 515 589 474 285 503 383 421 578 603 229 587 531 553 292 238 205 397 396 176 229 246 608 347 250 111 603 333 200 569 679 414 536 329 354 276 237 296 481 259 175 40 254 259 413 209 254 259 401 387 397 339 431 286 266 531 247 217 308 57 458 578 234 600 61 211 525 223 298 352 580 389 291 452 485 46 305 262 429 548 404 501 180 551 193 503 155 392 330 164 427 513 397 566 220 211 637 73 214 567 138 494 383 144 540 203 101 185 462 553 602 313 570 475 432 164 520 380 429 529 243 155 345 616 548 346 354 553 313 345 180 237 274 444 434 444 279 606 130 56 523 633 315 476 340 538 618 428 544 297 248 522 559 611 387 326 242 303 161 600 450 582 425 368 261 460 187 227 83 257 582 584 243 604 234 432 370 137 151 506 335 61 84 466 276 389 224 533 531 495 119 331 583 590 436 97 196 341 443 399 631 349 411 186 401 227 207 420 375 485 268 639 149 345 641 177 392 250 202 395 349 607 493 575 535 682 171 583 355 320 226 241 505 589 453 412 406 203 467 205 266 117 320 156 280 383 110 273 428 416 491 393 255 392 231 369 378 308 450 200 176 382 374 322 289 98 592 147 485 562 200 156 232 258 547 612 263 347 109 247 255 337 62 496 433 492 510 401 130 137 272 176 89 325 270 577 379 260 525 231 480 408 402 
549 504 680 210 512 348 385 371 543 480 94 350 585 390 432 285 438 664 497 641 434 270 487 410 385 645 577 195 627 477 586 376 260 120 402 487 229 309 161 669 433 193 186 572 244 288 632 636 364 558 372 268 185 311 384 440 179 115 62 183 337 350 271 186 216 491 445 411 353 516 197 189 479 281 199 334 56 475 617 200 576 108 290 483 288 375 437 602 414 204 523 487 136 396 309 501 513 434 449 101 571 281 510 232 382 420 250 344 464 308 545 203 140 588 61 302 512 196 571 324 78 503 133 85 188 518 505 665 392 528 492 460 136 475 418 474 508 332 184 275 666 562 279 443 513 404 255 172 246 233 485 479 425 199 672 195 94 577 695 235 425 249 563 581 415 539 373 339 577 548 572 416 250 310 217 100 571 403 617 387 285 352 405 268 158 152 180 626 633 219 551 315 400 280 219 183 468 426 37 155 538 345 346 254 488 581 519 52 412 647 624 397 124 125 350 516 375 597 435 494 237 421 136 258 442 427 492 189 693 139 405 693 114 302 336 209 424 436 570 552 600 545 639 175 634 333 395 189 294 487 617 516 498 487 155 461 124 175 161 406 241 354 406 198 185 425 458 470 305 251 430 190 292 408 357 484 254 196 359 396 245 354 166 639 222 541 586 287 242 317 299 606 663 262 408 63 159 237 397 94 525 350 508 447 473 101 54 207 172 148 272 360 568 439 347 467 316 553 371 388 
406 500 628 215 381 210 273 398 412 377 140 390 441 498 288 424 510 611 363 592 288 153 356 333 241 627 437 324 559 332 508 492 201 192 296 569 230 348 99 637 476 47 240 430 184 355 606 490 218 467 327 184 174 334 442 295 89 235 163 273 364 209 409 279 338 553 419 317 266 629 148 262 333 234 95 266 198 381 548 329 437 169 328 337 297 398 478 507 337 135 520 372 231 478 280 499 368 362 303 199 475 389 399 359 259 484 311 375 317 316 407 341 239 442 130 411 367 334 579 181 68 358 33 231 127 483 358 638 417 383 396 383 274 329 360 423 372 396 167 144 613 460 143 540 367 490 260 102 171 91 426 427 292 262 648 330 160 537 665 131 279 215 476 436 287 415 394 424 537 419 427 342 316 445 143 222 428 256 542 243 188 437 260 313 255 209 255 565 580 99 405 436 258 227 339 328 323 506 148 285 536 353 200 210 342 530 431 94 532 625 547 252 268 39 255 517 240 453 546 526 379 334 149 247 357 392 382 258 646 283 387 643 231 299 387 354 351 543 425 522 511 438 492 320 585 202 523 318 436 354 530 496 537 511 279 338 72 177 304 516 302 371 323 278 136 308 402 335 235 154 370 314 175 337 324 414 395 343 226 316 310 491 299 582 351 505 496 398 305 370 260 572 611 166 392 94 202 122 379 155 445 384 411 307 473 79 98 70 316 285 125 456 439 419 457 323 368 553 227 262 
524 423 603 284 474 364 337 291 504 422 168 431 564 344 416 280 372 587 462 563 420 231 450 342 367 564 550 260 554 478 516 338 194 201 349 425 149 231 211 589 356 199 108 549 302 217 552 625 361 494 297 318 254 230 311 427 220 190 25 263 257 363 263 265 286 421 365 351 293 475 256 270 478 209 163 266 84 414 544 265 547 27 211 471 207 295 360 538 348 256 442 436 77 333 232 419 494 365 448 182 508 234 456 206 340 350 176 424 459 385 513 258 220 584 29 257 514 192 490 332 102 486 159 132 134 439 499 584 312 516 431 392 195 466 345 399 475 261 112 298 588 503 297 390 498 343 331 127 189 220 411 403 390 280 591 185 13 499 615 274 422 315 497 564 375 493 293 277 498 507 556 347 331 295 268 176 546 396 546 370 329 290 408 190 237 73 261 551 556 189 550 281 378 342 185 202 452 362 43 138 457 264 335 184 479 504 454 83 377 567 554 382 145 154 294 435 345 577 391 416 240 357 207 179 378 348 438 270 614 187 325 616 191 377 260 248 355 390 553 472 535 488 628 215 557 301 370 256 295 452 550 436 421 407 226 416 169 247 170 362 167 273 341 131 243 377 383 438 361 203 357 258 325 339 279 413 254 225 328 331 326 343 152 563 200 462 521 243 168 242 224 526 586 212 328 66 238 201 317 13 457 431 448 459 391 77 108 224 218 143 273 305 526 359 303 473 241 472 354 349 
423 720 812 190 454 139 414 628 479 517 247 318 436 714 312 604 740 796 428 781 299 323 433 515 289 837 459 420 731 266 671 702 414 271 444 796 460 579 165 837 707 205 469 437 96 584 812 443 224 615 534 59 174 564 672 305 151 344 371 324 595 154 593 332 415 783 632 480 445 841 136 296 281 449 304 463 382 533 719 424 467 393 559 325 526 627 709 647 516 122 740 491 448 705 499 720 372 544 259 301 616 604 524 559 383 714 540 295 281 223 450 455 319 374 344 625 294 519 803 171 269 356 214 391 351 687 314 843 646 360 545 557 402 309 555 618 428 626 397 117 798 591 132 762 356 715 194 326 378 240 615 622 378 282 855 520 381 735 867 100 252 128 630 420 392 505 624 649 735 492 407 525 312 634 109 341 439 254 706 286 43 662 219 544 325 436 296 743 766 289 331 642 316 92 545 493 330 733 349 482 756 581 247 429 319 721 588 292 739 832 708 286 441 218 427 738 333 445 759 756 555 503 211 474 525 600 510 287 835 425 605 829 338 197 618 493 534 760 409 728 659 565 441 464 773 322 721 413 610 424 681 709 767 739 377 445 204 189 481 730 531 600 499 503 145 433 596 401 58 348 562 405 71 523 538 594 572 496 330 495 308 676 492 764 548 708 643 610 533 601 477 773 796 357 610 306 239 308 597 377 610 304 555 208 696 306 273 170 453 474 194 678 511 634 671 241 599 774 279 377 
802 364 609 608 722 708 575 239 747 610 496 709 847 39 718 227 108 599 721 571 728 521 703 501 673 487 818 452 615 804 613 77 420 506 569 102 325 223 560 544 200 544 270 827 647 168 502 923 687 633 417 668 588 258 152 733 572 451 352 527 241 704 219 523 485 165 394 544 501 139 600 549 799 400 476 453 355 585 611 455 809 333 231 777 293 252 208 673 508 605 370 649 275 67 369 355 787 505 772 475 654 123 651 191 599 129 207 712 778 696 774 417 492 898 379 105 838 253 364 671 454 784 511 369 424 454 815 526 246 818 600 532 406 777 463 474 738 146 370 647 599 667 644 40 798 52 650 438 446 549 499 477 659 565 521 241 343 504 558 626 745 653 623 854 634 716 255 88 503 743 850 498 601 188 617 442 823 716 629 677 681 79 738 226 503 296 541 595 576 503 871 119 674 685 191 308 753 80 375 259 374 288 654 396 788 533 596 431 100 502 640 690 322 506 516 355 630 860 64 255 256 533 539 338 541 411 637 554 602 376 361 613 455 696 182 362 501 50 845 460 656 666 928 360 568 589 145 454 247 710 659 414 237 274 456 652 519 577 290 51 215 267 514 225 588 612 476 704 708 480 473 464 677 489 384 526 246 329 614 505 598 201 256 592 205 469 650 121 211 183 387 506 595 482 358 418 550 503 359 349 579 715 615 797 335 424 452 573 376 276 609 46 757 378 68 805 187 377 663 613 
344 249 296 549 248 412 130 263 267 117 459 722 391 513 310 564 428 280 256 263 327 196 235 9 285 330 350 598 225 425 179 532 146 508 105 497 210 270 432 320 339 328 292 368 508 334 299 478 339 159 76 494 509 234 352 329 416 522 364 584 252 399 546 588 622 433 151 63 73 631 480 582 411 130 238 73 423 93 215 603 338 319 265 363 205 252 335 203 15 462 266 161 357 433 131 253 351 28 395 501 176 440 159 471 168 394 310 709 388 650 305 596 543 478 347 458 448 495 336 366 362 354 366 471 221 178 410 328 265 390 108 54 534 371 46 102 274 346 226 401 281 179 387 513 370 450 594 243 166 280 97 105 219 586 342 481 329 218 350 435 372 545 159 405 189 228 247 408 218 260 405 8 640 559 466 507 362 343 211 291 483 414 385 279 561 301 573 231 249 239 467 505 269 549 444 526 335 443 376 440 281 206 300 154 378 202 118 370 574 321 218 301 475 371 92 271 225 403 556 346 541 43 480 181 48 115 145 579 317 525 154 312 521 632 311 580 18 543 399 219 196 174 485 549 255 209 595 593 586 246 211 214 368 318 562 180 405 510 489 534 307 230 28 339 468 147 80 250 546 180 48 595 447 6 108 80 549 552 216 26 635 604 455 249 475 195 184 456 312 310 124 258 280 169 158 350 529 217 151 325 118 717 124 452 241 313 395 360 554 455 325 454 270 162 490 441 306 298 284 182 
413 584 701 160 408 163 324 483 438 431 136 334 439 570 291 475 592 685 386 667 285 212 384 403 250 708 446 331 627 303 573 560 282 180 351 649 316 432 47 715 561 76 321 433 103 436 686 475 205 525 406 99 120 419 525 292 19 243 228 256 449 169 462 263 336 636 501 379 333 699 79 237 309 316 171 341 247 440 616 335 449 246 412 328 383 483 563 563 406 58 604 418 303 557 363 583 367 433 280 200 531 460 448 420 302 567 392 317 298 251 423 357 233 417 198 481 338 387 664 153 124 354 67 267 211 562 339 718 502 373 454 451 294 317 435 499 392 478 252 89 686 512 97 616 361 568 197 185 248 130 500 503 321 231 729 386 235 614 744 48 260 140 537 431 324 450 480 502 614 447 420 413 279 501 61 234 433 245 607 249 104 515 234 397 245 288 232 635 653 165 377 501 272 145 404 369 321 585 207 344 620 439 203 293 330 605 492 148 598 705 611 256 313 72 319 601 268 451 616 611 427 398 120 333 422 472 431 230 721 311 471 717 238 230 471 382 422 615 419 602 570 488 475 350 659 240 584 324 484 379 591 578 622 596 284 378 67 128 352 587 383 457 391 355 70 354 477 357 150 225 444 318 101 409 405 485 444 378 258 384 274 545 355 654 411 584 555 467 386 454 342 650 684 236 475 160 171 187 462 229 510 326 467 264 558 158 136 50 342 339 122 532 468 501 527 288 452 637 236 302 
420 631 742 146 427 149 357 532 456 463 159 312 443 613 299 511 639 726 403 708 291 250 404 443 264 754 454 347 666 293 610 602 327 194 385 695 364 480 68 759 609 118 368 439 65 483 731 469 210 559 451 51 112 467 573 298 50 263 271 262 498 159 498 270 348 684 547 416 373 742 64 238 302 362 216 384 284 475 654 351 460 292 460 330 431 532 611 596 446 39 651 446 347 604 410 630 372 473 274 219 563 503 477 461 332 614 440 292 294 223 436 377 246 407 243 525 326 423 711 153 168 358 114 299 258 606 333 762 550 372 488 490 318 317 478 541 407 526 301 81 727 543 95 661 363 614 174 233 293 166 541 545 342 229 774 423 280 657 788 16 258 109 572 432 349 472 528 548 658 466 420 453 272 538 31 257 439 248 644 262 57 561 228 445 256 335 236 675 694 207 365 543 288 104 446 401 327 632 249 384 667 487 217 339 329 647 528 191 640 750 648 266 347 118 357 648 291 454 659 660 462 436 131 380 459 517 461 230 763 338 517 758 258 200 519 408 462 659 420 647 604 518 469 377 701 268 624 340 518 397 625 624 670 644 301 403 105 124 387 630 431 505 430 402 63 383 520 375 103 268 486 333 69 450 451 524 478 408 284 424 267 581 394 695 450 628 588 510 433 502 389 694 726 278 522 205 173 229 509 276 547 302 500 246 605 206 174 85 368 377 141 577 487 548 571 274 500 684 251 329 
416 450 587 255 377 251 254 346 408 353 162 426 453 454 303 395 460 571 362 550 306 136 352 298 254 579 443 327 523 362 475 451 157 213 274 520 178 296 146 592 424 87 190 440 234 305 560 510 245 439 282 237 216 281 390 313 140 240 131 292 312 248 379 297 345 501 372 289 234 586 196 286 361 188 66 226 178 353 512 332 442 126 276 356 245 346 426 481 302 185 470 356 190 429 231 449 382 326 332 211 449 346 380 323 248 433 261 413 343 358 410 338 254 468 98 368 397 306 528 216 68 373 77 218 80 437 383 592 365 402 369 348 270 351 319 381 373 346 115 191 572 437 187 493 385 441 301 55 131 104 386 385 290 289 602 300 119 493 620 183 306 262 446 452 280 405 342 376 493 413 444 306 343 412 194 227 438 280 508 257 240 388 291 262 271 161 278 526 539 84 434 396 267 277 301 308 339 456 124 253 486 302 219 163 363 489 401 85 491 578 514 268 248 78 226 466 240 466 502 474 353 302 182 196 325 346 362 283 604 273 339 602 238 343 335 342 315 499 440 476 482 417 513 308 543 198 486 321 409 352 500 448 484 459 284 327 111 215 280 473 252 319 290 232 182 292 361 335 287 124 329 320 225 300 276 378 368 326 224 282 338 459 268 543 316 460 468 356 255 319 213 527 570 135 343 72 232 103 330 113 412 421 385 344 423 39 103 117 306 256 156 410 433 371 414 357 317 503 241 254 
602 571 751 174 573 376 452 432 604 548 80 289 635 415 482 279 483 736 556 712 481 333 548 481 436 712 632 130 699 513 657 395 331 71 470 525 299 370 172 738 488 238 249 624 235 340 701 680 407 629 444 269 162 375 436 488 197 43 126 114 399 381 268 116 147 539 514 481 423 533 191 125 518 352 263 405 85 545 689 135 632 176 351 529 355 438 494 672 485 207 589 553 187 437 380 566 562 506 489 40 641 312 577 249 445 468 305 287 505 261 602 147 71 627 132 330 549 198 634 361 132 551 172 67 258 588 546 734 453 574 562 532 81 520 490 546 566 382 256 302 737 631 309 475 560 442 215 241 316 286 557 550 484 138 740 203 162 648 765 250 466 227 634 630 477 602 436 380 648 610 620 487 185 311 220 29 623 447 689 437 291 393 443 327 88 216 115 698 704 281 588 333 453 264 244 165 517 468 106 176 603 411 394 326 533 652 590 113 427 716 696 447 119 163 419 581 433 647 456 552 228 491 117 328 513 498 559 127 764 99 475 764 42 261 392 169 496 461 618 622 671 613 682 138 706 393 401 124 282 546 688 585 554 547 86 524 147 149 158 428 297 419 476 250 183 490 529 528 295 318 502 122 308 479 427 556 245 168 418 467 180 350 180 711 236 611 657 314 297 373 370 676 734 329 477 130 115 300 466 163 596 292 578 477 538 168 97 243 129 160 315 394 630 509 372 500 372 618 422 451 
309 314 383 466 227 329 80 287 253 144 380 640 356 510 248 530 448 367 226 350 263 108 207 85 214 411 323 532 309 358 258 523 88 431 77 517 178 275 347 406 370 242 258 334 421 328 383 437 262 221 118 406 425 241 369 266 330 452 304 509 266 317 512 514 555 464 217 73 16 635 394 504 346 95 155 47 362 137 298 538 314 264 264 305 202 279 368 264 87 376 333 164 313 442 129 316 303 114 326 427 233 422 179 439 109 414 295 626 323 565 279 535 470 425 282 443 384 452 401 282 285 303 283 410 149 259 351 413 296 339 154 133 470 310 125 187 243 350 170 314 369 225 300 521 319 458 509 167 91 193 184 190 169 507 426 440 271 303 436 348 301 459 228 365 142 228 274 407 304 251 363 95 561 531 379 437 330 271 292 220 396 415 310 270 487 257 496 317 336 153 408 487 203 462 413 476 278 458 312 396 349 227 222 107 319 290 183 297 565 404 297 231 422 288 21 335 157 368 555 392 500 84 398 158 107 181 161 501 405 465 204 399 450 547 320 526 104 545 357 300 264 210 443 493 343 131 580 527 550 215 282 288 412 366 493 158 322 427 441 530 290 252 73 309 382 117 164 211 458 96 131 528 360 91 138 166 511 501 144 66 556 578 411 336 440 278 250 437 294 314 108 342 367 84 209 277 449 130 198 266 194 634 170 378 299 240 319 272 496 409 238 452 266 224 481 370 310 367 211 124 
495 395 568 304 442 352 302 270 472 386 191 458 536 353 390 307 365 553 431 529 396 201 418 305 342 534 520 296 518 459 479 350 157 229 313 423 118 212 219 557 340 188 95 520 311 209 521 600 341 457 261 323 271 207 300 402 224 225 62 295 235 349 290 298 322 411 333 314 256 485 267 300 457 172 136 229 121 377 508 301 516 27 192 446 179 273 344 501 311 264 414 401 91 331 197 392 468 328 428 213 472 245 420 227 307 341 166 450 438 407 482 295 253 562 51 267 494 221 465 317 110 460 159 169 100 406 477 553 290 491 394 356 232 443 309 363 444 252 75 291 554 466 288 393 473 342 352 97 153 200 375 368 359 309 560 212 29 465 584 274 402 329 460 537 343 459 270 277 465 474 530 310 361 319 275 210 517 374 510 345 331 289 389 173 270 61 291 516 521 163 530 297 350 353 204 236 426 359 77 165 429 237 312 147 455 469 417 98 391 536 518 357 180 156 258 408 316 549 401 397 269 320 227 146 341 315 402 300 581 224 294 581 225 398 247 284 319 398 526 440 498 452 603 251 523 271 388 292 324 420 513 405 404 386 262 382 178 266 203 372 157 249 304 131 253 343 348 407 369 170 321 294 322 302 245 377 282 259 299 294 356 367 180 528 223 429 484 255 159 229 188 494 551 178 297 76 263 172 285 24 420 457 411 444 364 68 126 217 254 173 256 309 492 328 313 456 227 445 329 317 
658 127 189 822 556 743 466 275 564 410 712 981 703 495 645 643 350 188 572 167 663 516 552 343 621 33 654 787 251 761 294 531 422 751 439 393 405 337 719 99 263 633 451 678 806 392 68 791 675 357 302 801 785 324 322 664 711 736 572 813 305 731 628 814 818 305 203 395 404 556 769 821 746 388 534 375 619 379 256 791 639 523 353 695 343 266 254 373 345 757 109 462 519 393 341 132 676 319 731 733 377 492 441 562 504 329 408 973 724 926 612 768 770 804 573 498 782 615 94 697 622 682 650 661 493 159 743 75 256 716 381 322 723 704 291 236 589 364 462 722 187 407 709 450 698 406 870 519 458 595 251 234 551 831 65 599 538 141 103 743 708 835 336 720 522 515 267 415 140 552 724 332 882 617 764 722 672 680 284 627 797 410 721 378 787 482 812 221 184 546 798 543 605 849 541 666 667 378 594 578 96 287 636 411 710 178 344 618 558 53 294 637 640 651 426 119 561 712 516 202 647 370 745 380 355 236 438 821 168 701 233 184 738 914 335 730 326 497 717 119 348 426 799 709 170 544 602 785 667 564 335 127 222 185 765 499 682 782 632 509 414 281 363 465 755 475 258 574 853 487 288 791 767 330 298 286 646 695 552 362 877 647 588 202 573 145 352 506 416 351 361 106 183 479 229 595 785 527 242 538 312 980 386 789 160 569 646 667 720 600 649 448 553 202 501 777 350 85 620 518 
529 128 332 569 437 529 302 73 457 308 458 726 576 338 473 431 238 319 442 291 488 301 422 200 437 268 538 538 314 580 303 363 192 496 286 306 151 105 470 299 148 395 199 553 560 174 260 660 476 321 116 560 533 78 163 491 466 482 317 559 75 519 414 560 568 242 89 251 224 446 520 566 570 157 297 177 366 280 308 543 527 268 113 531 88 61 144 361 206 511 147 352 270 248 106 125 528 198 548 478 343 287 349 340 334 203 171 718 547 673 493 523 515 651 318 301 609 383 203 483 369 529 402 410 250 162 576 292 74 564 293 223 473 536 155 163 460 170 211 493 319 357 483 327 544 265 617 275 229 368 187 167 394 575 296 367 283 222 323 504 522 586 311 587 365 420 57 233 221 451 587 194 627 415 519 468 548 492 322 443 560 236 526 137 532 228 557 299 290 315 634 350 428 603 315 428 504 254 339 338 162 35 436 173 545 240 285 364 401 272 333 454 394 402 245 141 382 588 376 167 422 234 492 129 237 99 336 566 336 454 50 341 484 662 132 491 196 362 580 186 345 359 667 466 287 350 431 536 455 431 349 144 186 144 514 367 432 530 392 357 174 46 217 222 507 330 164 432 611 264 163 541 535 186 88 214 426 457 368 210 622 455 350 303 349 184 338 303 177 138 130 241 316 258 49 341 530 302 47 282 267 725 308 593 97 317 392 430 476 359 428 279 461 76 323 590 135 178 431 349 
155 514 535 424 145 175 139 483 174 222 386 594 192 677 48 651 638 519 121 510 62 149 123 262 21 597 185 576 444 156 381 682 251 437 167 706 344 460 311 580 568 210 405 179 345 501 564 256 88 317 320 313 385 430 559 65 284 486 390 517 458 159 634 524 588 660 415 211 206 807 341 500 144 279 208 249 439 245 433 580 186 371 445 108 389 476 566 344 260 316 532 186 435 624 324 517 123 286 126 448 314 576 219 571 101 605 461 574 121 504 158 593 487 229 358 599 182 564 601 139 317 116 277 478 251 446 150 591 494 149 253 288 525 110 315 369 126 532 302 206 521 286 189 700 130 639 456 247 222 161 357 371 69 496 606 556 371 479 609 266 103 390 335 192 90 195 472 581 480 185 185 273 545 663 312 474 177 76 415 26 291 591 121 445 502 389 495 462 492 182 208 635 7 376 547 569 84 644 385 509 547 424 65 275 120 456 297 341 725 587 415 32 509 285 184 536 44 205 724 593 611 236 382 336 253 379 208 494 562 532 406 552 482 480 507 603 279 717 181 486 359 259 261 568 502 80 729 569 667 115 382 483 612 568 530 138 311 394 540 697 454 448 242 457 334 138 347 93 357 189 317 566 245 275 340 326 626 587 58 243 540 711 524 486 568 462 344 589 459 497 301 520 521 187 411 333 435 173 400 364 325 584 259 186 500 300 350 217 565 514 144 623 205 424 642 172 493 565 31 87 
659 723 891 100 653 391 554 588 683 658 146 133 684 556 537 394 636 875 632 852 531 434 628 607 497 863 692 157 830 534 783 532 462 99 577 674 446 525 200 885 644 308 403 679 197 496 849 711 450 746 582 240 130 529 592 538 228 129 279 55 554 401 389 61 139 694 661 597 543 665 177 31 544 488 372 533 241 660 820 158 696 327 506 571 506 593 650 788 611 203 742 653 343 588 522 719 613 634 517 117 756 459 680 390 538 623 461 132 537 125 670 199 88 648 277 475 566 330 788 394 243 599 248 212 384 732 576 882 608 614 676 657 177 559 624 684 638 538 396 323 876 741 336 620 604 592 104 361 439 365 692 688 564 19 889 340 312 791 912 258 500 161 755 674 564 692 591 532 791 692 662 614 34 433 211 139 679 489 817 496 269 545 470 483 77 370 40 833 843 380 606 470 519 200 389 282 567 619 256 323 756 564 450 461 571 791 710 238 558 865 823 502 257 242 534 734 511 695 594 708 346 611 132 474 634 640 663 28 905 208 622 904 125 136 548 251 623 601 662 768 790 720 711 235 846 478 524 151 390 624 809 734 710 703 130 617 209 119 291 567 453 572 599 406 181 588 665 603 237 431 635 140 306 608 570 686 362 271 500 591 29 463 324 848 375 756 775 459 453 529 509 821 873 443 625 260 79 403 614 312 721 136 691 484 691 293 211 295 219 304 368 542 712 656 514 514 529 771 483 540 
255 388 444 425 190 258 57 353 220 162 354 601 300 558 178 555 510 428 181 413 192 62 166 149 141 483 275 524 363 285 305 567 126 406 81 578 222 333 305 474 437 194 292 281 369 379 453 376 188 255 192 349 384 301 430 196 284 438 308 487 329 245 537 492 543 530 291 112 82 686 348 478 274 150 131 119 364 170 351 529 269 277 319 237 261 346 436 294 149 327 407 158 335 498 194 390 241 177 253 408 261 463 184 469 56 476 341 585 251 521 234 533 450 358 281 485 313 472 475 212 265 239 248 409 151 330 281 482 363 274 184 189 466 240 196 256 196 406 192 251 429 245 236 576 254 514 466 159 105 139 250 259 113 478 496 462 280 372 504 292 228 410 268 307 92 209 341 458 372 222 303 160 531 561 329 424 277 197 340 147 336 468 236 321 467 283 470 374 397 116 338 525 133 408 443 488 210 517 310 415 423 293 148 150 250 354 223 282 609 475 343 159 430 254 61 409 87 313 605 463 520 134 365 210 157 255 166 473 467 465 277 461 436 500 379 531 168 596 298 372 300 223 382 497 406 57 619 518 573 170 321 362 482 438 482 131 287 389 455 578 335 318 132 345 338 95 233 160 400 82 201 517 297 159 210 226 533 510 72 129 526 609 431 396 467 349 285 477 339 370 170 412 428 74 282 267 418 95 271 275 243 594 197 304 372 229 300 220 498 425 174 502 241 298 525 296 367 441 137 67 
429 221 363 489 343 420 199 167 366 231 385 655 476 399 365 446 328 347 344 324 379 191 325 126 327 344 441 499 314 470 282 416 85 429 189 398 96 158 381 357 251 295 176 454 467 217 324 557 365 275 57 463 450 123 249 382 372 430 266 500 146 410 428 503 526 344 136 163 122 520 431 502 460 49 195 73 323 210 305 504 432 217 150 423 88 159 249 319 132 419 241 267 245 325 12 221 423 139 438 417 293 321 272 353 229 294 191 644 437 593 397 493 458 544 256 340 499 379 305 374 290 423 312 370 155 203 467 357 177 458 226 168 434 427 108 158 361 234 133 388 348 298 377 404 438 341 536 181 121 262 171 162 289 509 366 365 229 261 385 405 412 497 273 485 262 335 155 294 261 362 483 125 563 440 425 416 449 381 310 333 459 301 416 161 475 191 493 310 315 210 525 387 320 510 326 414 396 339 283 326 257 107 326 72 436 263 234 291 457 342 319 345 368 314 140 239 273 488 443 278 425 155 413 66 167 111 257 501 376 421 106 376 431 578 202 471 131 431 477 241 310 292 563 442 317 240 477 496 468 333 321 213 296 255 467 273 346 449 377 419 188 132 135 221 418 233 143 331 514 155 121 499 432 116 41 179 433 441 259 126 558 485 340 322 357 227 299 337 193 197 22 293 345 149 110 268 458 194 98 226 229 652 243 483 198 237 318 329 449 343 319 340 375 136 374 479 194 275 321 244 
737 615 823 284 701 517 571 465 732 660 219 330 772 360 620 182 465 809 686 783 620 458 676 579 572 760 766 64 784 654 750 330 431 188 585 490 373 403 311 796 499 377 300 761 364 352 756 820 547 732 526 401 286 420 440 627 337 115 212 160 436 522 180 154 95 527 579 589 530 456 323 189 659 444 386 503 153 652 775 66 766 255 388 668 413 474 506 776 584 342 631 672 228 413 459 609 700 601 629 159 746 279 692 202 569 460 332 337 645 341 734 28 144 768 236 289 690 138 663 502 264 689 311 107 369 654 686 787 485 714 669 628 59 659 577 626 697 388 349 443 810 741 450 427 699 413 311 357 425 421 641 630 614 207 790 153 246 715 819 389 607 345 734 768 603 726 473 362 715 736 759 583 226 222 355 120 759 586 779 574 425 373 584 363 145 278 184 778 778 408 729 271 588 385 212 82 655 443 206 162 643 461 532 420 672 726 691 241 350 767 788 584 102 303 531 621 564 785 391 567 137 595 249 404 615 570 674 197 831 51 537 834 120 350 409 36 591 401 756 683 771 726 822 31 777 522 313 68 175 676 785 641 562 569 88 648 288 272 110 367 326 461 578 276 317 611 613 659 419 436 589 79 447 575 504 647 151 60 549 568 224 248 154 787 187 677 758 274 324 392 455 737 806 446 538 251 224 425 529 250 693 339 686 618 581 288 233 384 20 140 454 359 756 570 321 641 392 655 558 577 
517 102 292 597 421 538 293 106 440 286 488 757 564 373 470 471 265 279 429 252 486 309 408 182 437 235 523 575 275 580 267 400 204 528 274 332 180 145 494 262 169 413 236 541 582 213 223 649 480 290 105 580 560 117 194 488 488 517 351 592 114 528 454 594 605 261 50 236 218 477 544 598 568 169 314 175 402 257 269 580 511 301 153 526 123 93 164 328 187 534 122 333 307 280 119 101 519 174 548 511 312 326 327 380 328 231 211 748 546 701 479 561 549 645 350 340 607 423 185 492 397 522 425 447 270 122 572 256 101 557 269 197 510 532 131 128 447 207 237 507 279 328 496 358 537 297 644 296 241 381 153 131 386 607 262 407 316 182 287 523 523 610 279 576 356 400 90 270 181 432 576 175 659 455 541 503 535 493 284 443 578 272 530 177 566 263 589 259 250 329 630 389 426 625 355 468 499 284 372 377 138 74 440 189 540 200 256 393 438 238 295 454 432 426 239 120 379 575 410 173 462 216 520 154 216 67 315 598 297 492 19 301 518 688 169 529 174 395 570 148 311 333 656 505 247 351 469 572 495 419 313 107 195 146 549 353 457 557 431 393 214 85 201 261 531 318 132 421 632 274 138 577 551 168 85 183 466 496 366 195 655 494 389 263 389 144 305 342 217 177 141 202 276 267 14 370 560 313 23 315 235 755 282 597 79 344 421 448 514 398 439 315 441 36 361 592 174 156 432 343 
438 320 476 378 371 353 225 220 399 297 272 542 482 378 347 376 351 460 364 437 357 149 348 211 301 452 458 392 423 435 384 385 66 316 230 416 52 176 276 470 301 205 109 463 365 205 436 554 319 364 167 366 341 156 275 362 271 319 158 387 187 347 358 390 417 385 246 225 167 508 326 389 429 76 113 135 216 286 413 397 452 112 158 406 117 218 302 408 216 316 340 318 158 330 106 318 418 233 402 304 379 280 333 287 238 321 163 532 407 482 417 389 345 526 144 302 468 298 398 311 178 414 207 264 60 316 444 468 237 447 303 260 327 405 214 269 379 239 20 307 461 376 299 403 428 344 426 83 78 189 280 274 296 396 477 285 122 375 497 311 375 391 366 486 275 380 214 284 375 399 481 215 449 379 324 304 460 345 414 306 367 294 370 151 362 103 380 421 428 137 500 341 303 408 261 323 382 352 172 241 356 172 284 52 417 376 323 178 427 453 422 318 270 207 173 336 261 495 426 346 345 228 302 66 247 224 316 388 489 318 211 489 319 469 220 374 223 418 477 353 403 363 559 343 430 219 435 388 396 353 418 322 359 330 357 306 238 338 287 398 156 190 211 161 312 265 253 343 417 109 225 390 347 207 154 281 356 348 244 201 444 427 256 434 287 340 390 294 160 207 94 406 458 112 214 155 345 133 202 118 325 539 320 433 292 126 205 239 347 254 251 325 416 244 344 437 204 373 291 251 
479 568 710 132 463 242 360 451 493 464 60 304 509 506 357 400 543 694 443 673 354 240 438 419 313 700 511 255 644 380 594 494 280 110 383 595 290 395 43 714 523 117 276 500 131 388 682 549 277 554 405 151 93 388 481 361 63 166 165 190 417 247 387 197 263 591 493 405 352 633 85 176 386 311 181 349 174 468 633 259 513 195 374 400 356 453 526 595 422 87 587 459 243 504 352 565 436 447 356 124 563 397 487 351 345 520 346 291 373 236 485 279 161 494 142 418 415 312 642 228 72 424 54 189 203 560 414 714 471 445 484 469 216 390 442 504 451 431 229 168 695 547 175 557 432 513 179 178 253 172 509 508 374 175 723 313 182 616 742 119 335 147 563 502 372 499 450 447 616 501 492 427 228 427 100 157 500 317 628 314 167 460 310 356 175 241 170 649 662 187 454 433 334 171 337 292 390 533 142 273 603 414 268 285 403 612 518 88 530 699 633 322 236 48 342 582 321 521 551 579 351 420 62 312 444 468 469 171 727 232 458 725 161 221 429 304 436 552 490 598 598 526 550 271 666 286 513 248 407 434 618 569 586 567 208 423 16 92 276 522 337 428 409 302 72 394 484 414 191 240 452 243 177 421 398 499 368 300 308 402 223 470 283 665 340 583 583 403 338 411 335 649 693 252 462 106 114 210 450 178 531 299 498 343 538 123 65 112 263 266 187 472 521 491 463 366 409 619 299 347 
535 658 802 40 533 268 443 538 563 549 85 214 560 565 413 433 617 786 511 766 407 325 508 509 374 792 569 238 735 411 684 547 373 90 468 666 380 479 81 806 606 192 358 555 86 465 774 588 326 641 498 126 8 475 561 414 106 163 238 144 503 278 423 153 234 669 585 492 442 686 54 120 421 403 271 440 226 555 724 241 573 276 459 447 445 541 610 680 512 80 678 539 315 575 445 656 489 538 393 121 648 458 568 401 424 598 425 200 413 143 548 272 136 526 221 477 445 352 732 270 161 475 142 222 295 652 452 806 558 490 570 559 222 435 534 596 517 509 321 199 787 631 212 621 480 583 86 270 345 249 601 600 445 110 815 357 262 708 835 134 376 72 651 550 447 574 538 518 708 572 538 518 155 466 89 162 555 365 718 373 153 531 347 439 142 322 118 740 754 274 484 485 397 109 393 319 443 605 212 325 693 503 327 378 447 704 606 169 580 792 723 379 273 138 430 673 392 571 608 664 383 509 43 403 532 560 551 111 820 247 550 817 158 130 510 312 527 611 538 691 685 608 588 285 758 362 556 230 436 503 705 661 670 654 194 500 104 6 313 579 416 517 499 376 57 475 576 482 142 330 544 222 185 512 491 590 400 318 382 492 150 505 332 757 389 675 670 462 417 492 428 742 785 341 554 191 57 297 542 259 620 208 584 363 629 213 142 174 273 313 246 538 592 583 521 392 491 710 360 424 
232 373 398 485 149 299 5 362 176 103 414 660 279 587 184 600 525 382 148 370 202 122 129 118 161 453 245 582 312 300 252 599 160 466 25 594 254 352 365 437 444 254 331 257 426 406 420 362 220 198 184 404 444 319 446 203 343 497 361 546 343 285 582 552 601 539 274 67 74 713 407 538 285 173 190 123 419 114 301 587 236 327 342 238 280 353 442 235 116 385 390 100 381 520 206 377 230 142 270 467 203 498 124 511 43 491 371 644 263 579 201 589 510 355 336 519 323 520 460 255 324 232 308 465 203 302 285 447 370 268 127 146 522 246 172 225 165 428 237 302 384 185 287 599 248 536 525 215 150 198 213 227 96 538 463 508 331 336 467 348 247 468 212 289 67 156 349 485 337 175 288 129 591 603 386 483 252 219 287 167 389 493 262 347 526 327 530 327 353 176 343 562 144 464 485 539 210 535 366 463 406 302 183 182 253 314 169 340 642 443 289 176 482 314 56 395 101 291 633 461 568 92 425 236 111 238 106 533 424 521 270 415 495 558 398 585 135 623 282 342 243 163 369 551 363 96 655 576 620 137 264 339 483 435 540 82 347 449 505 608 366 328 98 383 397 41 203 134 454 136 173 575 348 131 209 184 580 562 95 99 586 651 479 349 511 318 227 513 371 391 186 377 383 126 275 324 478 154 265 326 191 653 139 329 362 286 359 278 553 474 225 530 192 284 558 316 388 423 162 57 
553 460 643 259 508 374 373 323 538 461 143 397 591 347 441 259 389 628 495 604 444 264 483 383 393 601 580 218 595 496 557 335 234 169 387 439 189 261 202 628 383 212 139 577 289 239 591 648 381 535 338 310 233 265 335 451 216 150 15 225 289 375 244 226 245 442 404 391 332 474 242 234 497 250 194 307 45 454 586 224 577 65 242 494 244 328 388 579 388 247 478 474 87 348 272 455 521 406 467 146 549 237 494 195 374 370 200 392 480 358 544 217 182 604 40 258 532 169 524 346 102 512 161 92 171 479 520 623 344 540 471 433 154 488 386 440 507 282 153 305 629 543 306 398 523 356 305 160 227 242 452 444 422 245 629 165 52 539 654 272 442 297 538 590 409 529 326 291 538 542 582 388 295 279 259 136 575 417 588 395 324 304 424 219 199 105 225 592 597 218 569 276 405 327 179 170 477 378 17 120 492 300 357 225 501 544 495 76 373 605 595 406 111 154 332 470 375 604 392 445 215 397 184 219 418 389 476 235 655 147 364 656 151 352 287 211 396 393 579 512 575 527 651 177 598 332 360 214 272 484 590 474 449 438 185 451 162 224 141 363 192 308 381 149 229 414 424 469 350 238 398 217 327 380 320 455 230 190 359 372 290 326 133 604 187 502 562 243 192 268 265 566 626 248 367 70 208 232 356 55 498 398 488 472 427 98 93 233 179 119 289 313 561 398 304 488 267 507 379 383 
595 447 645 299 544 425 405 302 574 487 186 424 635 297 486 211 350 630 533 605 490 302 520 401 437 590 620 215 604 545 570 284 256 202 415 395 193 239 252 622 354 263 124 620 337 205 583 694 429 554 346 360 277 249 301 496 267 165 53 245 270 425 194 244 245 405 401 415 357 424 290 259 545 265 234 325 49 476 595 219 617 79 221 540 237 309 360 598 406 296 464 503 54 305 278 442 565 421 516 174 569 188 521 144 410 333 172 421 528 394 584 204 203 652 86 209 581 122 504 396 153 556 213 87 203 477 568 615 323 585 493 449 150 535 397 446 546 248 173 356 631 566 357 350 568 312 343 198 255 289 461 450 461 272 619 115 73 538 647 323 490 341 555 634 446 562 308 248 537 577 627 404 318 229 309 152 617 465 599 440 375 261 474 197 218 98 250 598 599 260 618 225 448 373 128 133 522 336 69 70 478 289 404 242 548 547 513 128 322 596 607 452 79 206 359 455 416 648 342 419 169 419 228 224 438 390 503 262 654 133 360 656 168 390 258 184 412 343 623 507 593 553 698 153 599 372 308 212 225 522 606 467 419 415 191 485 213 267 100 313 165 292 401 116 278 446 432 508 398 272 409 217 378 396 324 467 183 158 399 391 314 275 83 608 135 500 580 194 164 239 275 562 628 281 362 121 244 272 352 79 514 427 510 523 413 145 143 284 159 72 339 267 595 393 254 538 239 491 424 419 
478 132 289 577 383 504 255 135 402 249 471 740 525 399 431 483 298 275 390 249 448 275 369 144 399 254 485 570 259 542 244 423 174 513 235 366 167 161 471 272 205 385 233 502 557 230 237 610 444 260 66 553 539 129 225 450 462 508 341 580 134 493 465 583 599 298 48 197 179 508 521 585 530 139 285 138 395 220 252 575 473 291 165 488 121 122 200 299 149 509 152 296 305 310 93 134 481 138 511 498 281 343 290 391 290 264 220 731 508 681 440 559 538 606 336 358 569 429 219 458 377 483 402 441 245 121 534 269 133 519 233 162 505 494 94 104 408 230 218 476 276 295 465 389 499 327 624 271 210 350 127 108 347 593 278 413 305 182 299 495 486 587 250 538 317 362 119 294 182 395 538 137 646 470 516 493 497 456 265 405 549 297 493 186 555 257 576 248 244 299 592 407 388 600 365 470 460 316 361 380 168 88 404 162 502 193 223 376 462 254 275 416 431 403 201 153 341 537 438 212 470 178 501 138 178 40 278 584 298 489 19 301 508 667 193 531 137 423 531 155 284 298 618 504 243 314 491 567 507 380 289 123 234 184 542 314 435 537 434 419 221 106 162 266 508 279 102 382 605 242 103 571 521 129 51 153 475 499 329 156 641 511 393 255 398 145 276 359 225 197 112 209 272 234 25 353 544 282 16 303 205 738 247 561 114 325 404 419 513 399 406 340 404 46 383 554 194 186 395 305 
799 370 615 598 720 702 573 242 746 610 487 698 845 29 714 215 117 605 719 577 724 517 701 502 669 495 816 441 619 799 616 67 417 496 568 114 322 223 552 551 206 538 265 825 639 165 509 920 682 635 417 660 578 258 157 729 564 440 344 516 243 698 207 512 473 175 397 544 500 142 592 538 795 398 471 452 345 586 615 443 808 326 230 773 292 255 214 675 508 597 376 648 267 73 368 361 784 506 767 465 656 113 651 180 596 136 204 701 774 685 773 405 481 893 372 95 833 242 372 665 446 780 503 359 420 458 811 534 250 814 601 533 395 773 465 477 736 147 365 640 605 668 638 50 795 59 640 432 443 544 501 480 657 555 528 230 336 509 565 618 740 643 626 851 632 715 258 86 508 742 847 498 590 177 609 432 821 711 632 673 673 79 732 223 492 290 530 600 581 498 866 108 670 675 181 296 749 89 367 249 381 289 649 393 784 538 598 423 93 510 643 685 312 498 515 362 627 857 63 263 244 533 529 335 542 413 636 544 608 365 364 619 445 686 183 351 502 51 842 466 659 667 925 348 574 585 136 443 235 708 662 419 245 282 445 651 511 567 279 45 210 268 514 218 579 610 478 702 699 476 475 453 669 489 385 528 235 318 610 505 587 191 245 597 194 474 652 111 206 183 386 512 601 478 361 410 540 498 361 341 581 704 616 791 341 417 443 566 364 265 603 41 756 382 57 800 187 384 658 610 
664 258 497 539 583 592 437 112 607 470 423 667 710 160 585 270 113 486 583 458 596 390 564 362 541 398 679 435 490 677 482 184 285 445 430 174 193 83 470 446 118 433 157 690 561 42 403 788 562 497 278 574 512 119 59 601 476 406 268 486 105 586 255 485 468 162 265 404 362 279 515 503 671 263 353 313 293 446 485 439 671 235 92 645 154 125 125 538 368 515 270 509 193 87 230 250 652 367 645 419 518 119 512 190 461 90 85 665 649 636 636 409 446 766 288 127 710 247 288 551 360 650 411 324 300 333 684 432 125 684 461 394 377 645 326 342 599 9 245 537 486 529 532 164 664 103 585 317 314 429 366 346 522 516 430 231 248 388 464 526 618 574 489 718 497 576 127 55 387 604 714 359 560 246 526 395 685 588 501 546 583 60 613 91 460 190 493 474 460 379 741 176 540 601 171 301 620 110 294 221 279 151 526 261 656 413 459 342 223 409 511 559 289 408 378 257 496 723 202 186 274 394 464 201 402 278 497 506 495 350 229 504 410 631 46 364 362 190 709 347 523 528 794 349 454 456 253 435 294 571 528 300 181 192 425 513 428 503 270 181 94 132 375 130 502 473 341 567 620 349 336 443 572 350 245 391 273 329 480 366 557 281 227 474 202 351 515 134 92 43 248 397 482 350 227 324 487 376 225 252 444 671 477 675 226 320 367 465 362 243 490 101 617 251 144 680 47 287 532 476 
100 660 637 516 191 224 283 644 198 330 508 669 88 840 115 806 801 623 169 620 106 312 189 402 161 725 129 703 542 88 478 845 415 555 305 869 508 623 421 698 728 342 567 99 423 665 689 101 171 408 472 382 483 593 722 100 393 614 542 630 620 212 789 637 711 821 562 347 359 971 435 608 72 441 366 405 586 360 531 708 143 529 609 55 552 636 726 420 399 410 677 280 593 788 485 664 63 422 97 573 396 738 307 729 249 768 625 646 76 574 148 726 607 67 509 761 73 717 746 221 457 56 407 620 412 580 39 713 653 22 361 416 661 60 457 504 155 695 465 291 625 364 278 863 40 803 537 406 386 306 487 505 191 600 730 711 527 603 726 355 114 467 429 68 221 245 631 745 604 213 55 412 643 821 401 604 104 132 507 157 354 755 142 609 620 550 605 566 600 339 64 796 159 440 706 717 80 807 533 664 692 584 191 439 47 574 403 483 887 712 504 145 656 416 338 682 204 94 888 749 764 371 494 499 383 525 305 601 667 672 558 655 610 548 670 744 417 880 58 618 441 337 103 709 613 244 889 697 820 176 464 623 769 723 657 239 434 495 690 860 618 609 382 619 433 264 483 163 410 352 456 691 311 416 496 451 779 732 220 385 638 868 678 591 725 593 428 751 622 660 462 644 626 350 563 479 543 333 553 520 435 655 360 150 650 450 486 336 705 667 264 787 225 572 804 116 657 709 172 234 
95 686 628 611 194 320 323 690 185 340 600 765 48 904 188 884 852 615 183 616 187 380 204 431 237 733 96 794 532 182 471 911 473 647 338 921 568 677 514 698 772 430 635 72 519 725 695 43 262 400 509 478 578 644 772 180 486 705 622 723 670 308 867 731 803 866 590 376 401 1033 530 703 167 494 441 450 669 372 522 799 111 604 665 139 605 681 769 403 426 505 701 288 668 844 533 691 109 445 193 664 385 806 308 804 295 818 687 742 172 670 137 815 700 98 590 829 160 796 770 315 543 118 496 706 483 596 135 715 697 94 368 433 749 150 485 522 165 752 532 385 617 352 372 922 107 860 633 480 449 388 502 523 234 695 733 789 603 610 724 450 208 563 422 40 261 235 676 805 611 198 48 440 738 896 497 694 77 222 496 234 450 814 238 667 712 621 699 559 596 414 132 867 226 536 779 800 152 861 615 742 715 630 275 497 137 577 405 568 954 718 491 223 739 504 382 708 265 37 951 785 844 397 587 556 404 554 312 695 659 759 593 645 700 644 723 830 442 942 51 632 427 328 52 796 609 308 960 787 900 193 448 643 807 758 748 259 524 590 771 924 681 655 411 687 528 294 504 192 506 417 482 783 407 445 536 465 858 817 282 417 733 944 757 584 800 606 416 820 685 715 511 650 618 414 598 562 637 405 589 597 438 751 363 243 681 531 573 427 792 747 353 849 202 602 870 209 712 731 250 281 
392 205 288 554 296 441 172 215 315 164 457 724 439 470 351 531 381 272 304 251 368 216 283 57 323 299 398 583 231 465 195 491 141 504 150 450 183 227 440 298 290 342 263 415 520 293 272 525 374 191 32 510 514 191 305 370 427 511 349 578 206 429 513 581 609 384 107 111 103 585 489 578 452 115 246 76 406 137 221 588 386 301 224 406 166 204 286 234 63 473 223 209 332 387 98 209 396 57 434 494 211 401 206 438 209 346 272 712 429 657 353 578 536 523 336 419 490 466 293 395 360 399 372 454 219 148 453 303 217 435 151 85 518 413 22 82 321 302 212 423 273 219 410 467 415 404 600 243 169 298 89 86 263 583 316 451 312 197 328 451 410 555 187 452 234 276 200 365 197 308 452 50 637 523 478 496 410 381 224 329 502 370 421 240 553 277 569 230 240 252 510 467 309 563 411 501 378 396 364 413 239 160 334 142 421 190 151 365 532 293 232 339 454 375 125 228 264 450 512 298 511 91 481 152 94 70 193 576 305 506 106 303 511 640 266 558 53 499 446 189 224 218 532 528 244 242 555 579 554 293 234 176 320 270 549 228 409 514 464 491 271 183 75 307 476 193 62 297 562 192 34 581 469 43 64 93 519 528 253 70 632 567 427 244 443 168 213 417 275 266 99 234 271 182 110 343 529 232 103 309 143 720 167 489 195 309 391 375 534 430 349 411 318 117 449 479 262 257 321 223 
6885 2763 4968 5526 6138 6210 4833 1692 6354 5076 4500 6543 7299 846 6183 2403 486 4878 6147 4626 6282 4428 5976 4104 5787 3870 7011 4293 5040 7011 5040 1179 3483 4635 4761 729 2646 1629 5004 4383 1287 4761 2259 7110 5805 1251 3996 8001 5967 5247 3330 5967 5319 1944 891 6327 5085 4194 3141 4896 1755 6165 2313 4869 4590 1044 3060 4509 4149 1656 5391 5076 6948 3276 4077 3708 3258 4851 5004 4320 6930 2907 1737 6723 2277 1809 1359 5598 4158 5409 2817 5445 2439 126 2952 2682 6786 4113 6714 4365 5436 1242 5454 1935 5058 648 1638 6552 6759 6354 6624 4005 4563 7812 3357 1152 7299 2511 2772 5850 4023 6759 4518 3447 3600 3582 7074 4221 1737 7074 4977 4347 3834 6723 3735 3798 6300 954 3105 5697 4878 5562 5661 594 6894 45 5922 3744 3744 4752 4023 3825 5607 5211 4176 2376 3015 4032 4509 5553 6471 5895 5148 7371 5373 6057 1836 603 4023 6309 7344 4059 5571 2088 5517 4104 7074 6201 5175 5832 6057 486 6426 1737 4671 2529 4995 4851 4680 4311 7587 1431 5778 6156 1872 3006 6498 243 3366 2448 2853 2169 5643 3267 6822 4293 4914 3843 1413 4005 5274 5940 3051 4473 4302 2682 5382 7416 1071 1782 2610 4392 4878 2718 4455 3240 5328 5121 4905 3573 2790 5004 4230 6336 1233 3537 4086 918 7299 3636 5436 5571 8055 3474 4608 5022 1809 4311 2610 6039 5463 3213 1629 1953 4284 5508 4626 5229 2799 972 1719 1962 4230 1917 5274 5148 3825 6003 6354 4059 3825 4392 5994 3987 3042 4284 2538 3231 5238 4149 5535 2268 2457 4824 2061 3726 5382 1287 1683 1278 3123 4041 4842 4059 2763 3699 5022 4293 2772 3051 4752 6588 5112 6975 2511 3708 4041 5031 3609 2628 5301 531 6426 2925 972 7029 1314 2880 5706 5193 
3507 4683 5593 462 3535 1582 2989 3892 3745 3731 854 1631 3661 4214 2660 3339 4522 5481 3374 5348 2604 2191 3374 3521 2401 5593 3745 2002 5096 2583 4718 4102 2618 959 3171 4879 2751 3500 511 5663 4396 1239 2660 3633 266 3444 5453 3829 2030 4396 3500 546 273 3444 4102 2646 609 1477 1869 1337 3654 1659 3269 1400 1974 4865 4137 3367 3038 5075 168 1155 2660 2849 1869 3066 1841 3794 5019 2023 3780 2100 3353 2870 3220 3906 4417 4662 3542 315 4823 3633 2415 4242 3157 4669 3171 3724 2471 1176 4431 3451 3850 3080 2828 4368 3150 1505 2611 1036 3612 2247 1288 3381 1715 3591 2814 2758 5222 1631 1239 3066 994 1855 2093 4585 2877 5677 4032 3164 3892 3857 1883 2779 3724 4165 3409 3745 2324 1127 5495 4298 1232 4585 3101 4298 672 1911 2401 1624 4186 4193 2940 1078 5747 2786 2002 4970 5866 672 2366 294 4473 3584 2975 3850 3885 3843 4970 3815 3500 3584 1351 3563 343 1456 3640 2296 4963 2394 735 3934 2149 3227 1337 2422 1148 5145 5264 1855 3087 3668 2576 476 3010 2541 2849 4452 1694 2548 4935 3619 2072 2674 2863 4921 4158 1344 4340 5579 4991 2429 2205 987 2940 4795 2576 3738 4522 4788 2989 3500 567 2898 3661 3948 3738 1092 5733 2051 3906 5705 1435 896 3738 2513 3647 4536 3500 4865 4704 4130 3822 2317 5299 2387 4186 1953 3367 3332 4851 4676 4837 4704 1694 3353 777 378 2492 4319 3087 3731 3437 2835 252 3192 4018 3178 672 2268 3794 1890 987 3556 3472 4088 3108 2548 2513 3395 1316 3843 2604 5271 2996 4746 4599 3486 3101 3612 3024 5215 5481 2345 3934 1477 735 2009 3850 1974 4277 1568 3983 2233 4487 1582 1169 1064 2240 2464 1526 4004 3955 4130 3906 2443 3598 5054 2310 2821 
4722 2424 3882 3282 4284 4014 3396 1584 4446 3678 2634 3846 4992 258 4170 930 1020 3816 4260 3648 4224 2988 4158 3036 3894 3216 4836 2286 3858 4650 3804 210 2436 2658 3384 1050 1860 1380 3054 3534 1470 3030 1452 4878 3558 984 3276 5424 3942 3882 2544 3702 3180 1590 1134 4260 3138 2310 1812 2754 1536 4002 882 2730 2484 1386 2508 3264 2970 1008 3276 2898 4626 2352 2676 2694 1782 3546 3828 2304 4794 1752 1392 4524 1758 1662 1524 4128 3072 3318 2478 3882 1374 708 2214 2370 4608 3084 4458 2472 4002 432 3924 744 3516 1086 1152 3864 4506 3792 4584 2070 2556 5238 1992 294 4854 1104 2502 3810 2436 4578 2790 1836 2382 2910 4734 3438 1656 4776 3636 3252 2028 4512 2844 2964 4356 966 2070 3630 3816 4056 3624 654 4662 660 3522 2442 2562 3096 3102 2988 3870 2994 3420 1038 1800 3234 3630 3468 4296 3570 3834 5016 3732 4284 1674 594 3228 4428 4986 3024 3198 708 3390 2268 4854 4128 3918 3918 3786 594 4236 1320 2616 1566 2844 3756 3666 2844 5064 282 3912 3768 780 1422 4386 852 1944 1182 2514 1812 3750 2298 4584 3390 3648 2292 468 3300 3984 3990 1542 2754 3048 2394 3666 5070 516 1848 1098 3216 2886 1974 3282 2580 3828 2928 3858 1842 2286 3912 2340 3798 1194 1740 3048 528 4962 2982 4044 4038 5448 1734 3624 3408 600 2298 1056 4194 4074 2700 1758 1938 2322 3876 2814 3108 1332 342 1182 1704 3102 1146 3204 3630 2958 4146 3924 2754 2910 2364 3786 2970 2352 3246 1044 1548 3564 3042 3180 828 1152 3756 828 3018 3996 378 1158 1158 2298 3270 3792 2772 2280 2226 2922 2856 2262 1836 3564 3882 3738 4572 2238 2292 2400 3186 1830 1272 3444 360 4518 2424 48 4638 1176 2550 3828 3594 
5760 6750 8280 350 5710 3090 4770 5490 6020 5830 890 1850 6010 5560 4540 4130 6180 8120 5500 7910 4480 3590 5470 5380 4140 8110 6090 2040 7630 4530 7140 5360 3980 690 5020 6630 3960 4880 1190 8290 6130 2280 3660 5960 1220 4690 7950 6290 3670 6730 5210 1640 480 4870 5650 4550 1450 1380 2420 1060 5140 3190 4050 1140 1970 6710 6060 5240 4720 6740 950 790 4620 4270 3000 4670 2200 5870 7530 2070 6130 2850 4680 4880 4600 5520 6170 7140 5420 1210 6940 5750 3160 5730 4650 6720 5300 5660 4340 1020 6810 4520 6030 3900 4600 6000 4300 1730 4540 1280 5880 2410 1050 5670 2310 4700 4860 3370 7460 3110 1800 5160 1730 2080 3200 6750 4930 8270 5690 5310 6020 5880 1970 4760 5600 6210 5560 5120 3400 2400 8130 6650 2530 6150 5210 5800 750 2950 3720 2850 6270 6250 4830 690 8360 3430 2700 7320 8560 1750 4180 960 6830 5910 4840 6120 5500 5160 7320 6100 5790 5460 1150 4480 1300 1400 5960 4060 7480 4130 1910 5290 3880 4470 1080 3310 780 7670 7800 3060 5250 4730 4370 1360 3840 2980 4840 6040 2170 3160 7100 5180 3670 4010 4880 7290 6380 1830 5670 8120 7530 4200 2580 1680 4620 6880 4300 6120 5970 6730 3630 5400 580 4210 5630 5830 5860 710 8440 2250 5690 8430 1330 1220 5170 2850 5560 6010 5790 7120 7180 6430 6290 2600 7840 3990 5400 1970 4140 5420 7370 6810 6780 6650 1630 5370 1340 360 2970 5690 4220 5290 5290 3790 980 5110 6020 5210 1710 3600 5710 1880 2250 5400 5120 6180 3800 2950 4200 5210 1090 4850 3210 7840 3770 6980 7030 4540 4220 4980 4500 7640 8110 3710 5730 2060 260 3290 5610 2680 6510 1810 6170 4040 6450 2330 1550 2130 2470 3010 2860 5330 6310 6030 5120 4330 4970 7250 4000 4610 
3864 5496 6464 744 3960 1624 3408 4632 4184 4264 1248 1968 4024 5072 2912 4104 5400 6328 3768 6184 2832 2536 3776 4080 2640 6512 4144 2568 5864 2752 5424 4960 3096 1392 3632 5816 3312 4192 744 6576 5224 1456 3256 4000 32 4160 6336 4176 2184 5024 4096 368 600 4120 4896 2888 776 1976 2376 1800 4360 1720 4016 1872 2528 5784 4848 3872 3512 6072 376 1584 2848 3368 2216 3576 2376 4344 5776 2600 4192 2616 4032 3112 3848 4640 5248 5320 4096 408 5656 4120 3000 5088 3736 5480 3472 4312 2640 1632 5064 4208 4368 3800 3208 5216 3816 1800 2808 1240 4016 2856 1760 3648 2192 4368 3000 3440 6120 1728 1616 3352 1280 2400 2512 5344 3104 6592 4784 3440 4456 4448 2440 3000 4336 4840 3792 4504 2808 1152 6344 4896 1280 5496 3376 5160 880 2312 2832 1872 4848 4872 3288 1480 6680 3464 2512 5768 6808 664 2528 328 5128 3920 3344 4328 4616 4632 5768 4272 3824 4152 1752 4352 360 1960 4008 2480 5696 2624 600 4736 2280 3888 1808 2976 1576 5936 6080 2176 3312 4464 2848 320 3704 3200 3112 5320 2176 3176 5784 4304 2272 3176 3096 5696 4768 1760 5232 6488 5728 2656 2808 1280 3400 5624 2880 4104 5432 5656 3704 4032 936 3464 4216 4624 4248 1512 6624 2640 4600 6584 1928 1048 4480 3168 4224 5448 3824 5664 5384 4696 4168 2944 6128 2704 5064 2512 4136 3720 5552 5464 5720 5552 2224 3784 1072 720 3128 5200 3744 4432 3968 3472 480 3624 4672 3536 488 2656 4408 2448 928 4120 4080 4728 3840 3208 2824 3928 1720 4672 3248 6088 3704 5520 5256 4248 3760 4336 3576 6056 6328 2744 4632 1904 1120 2352 4528 2480 4920 1880 4552 2328 5280 1992 1568 1216 2848 3096 1680 4824 4432 4848 4728 2576 4320 5920 2544 3184 
3060 225 1450 3395 2570 3195 1965 585 2655 1870 2830 4160 3295 1765 2850 2440 1090 1400 2620 1265 2935 2050 2515 1385 2690 905 3085 3145 1525 3405 1590 1930 1515 3010 1860 1380 1310 895 2915 1145 595 2540 1485 3175 3365 1170 930 3730 2910 1795 1025 3370 3220 850 855 2945 2895 2910 2100 3300 735 3145 2360 3300 3305 965 590 1655 1590 2175 3165 3350 3345 1335 2050 1385 2320 1715 1520 3170 3020 1865 980 3135 980 540 555 1950 1405 3120 265 2115 1815 1260 1080 180 3090 1315 3250 2910 1905 1685 2065 2020 2140 950 1250 4125 3235 3915 2860 3050 3085 3720 2125 1720 3540 2285 450 2965 2400 3105 2575 2525 1815 730 3365 1070 485 3280 1760 1400 2830 3165 1110 980 2710 1040 1615 3025 1400 2015 2975 1600 3180 1335 3635 1945 1700 2400 1105 990 2425 3400 1065 2200 1935 940 1235 3085 3125 3490 1715 3365 2275 2435 550 1315 935 2610 3370 1335 3650 2315 3160 2840 3150 2970 1630 2720 3365 1300 3155 1105 3165 1645 3300 1410 1295 2135 3650 1955 2635 3580 1915 2540 2995 1220 2220 2100 310 690 2710 1425 3205 1105 1650 2365 2090 955 1685 2775 2410 2575 1700 195 2400 3350 1905 430 2445 1550 3005 1205 1525 765 2015 3355 1415 2720 595 1470 2920 3860 885 2855 1325 1815 3335 715 1845 2060 3765 2750 1250 2265 2290 3140 2560 2570 1830 490 555 280 3045 2240 2720 3200 2365 1850 1280 635 1480 1535 3095 2075 1045 2590 3620 1870 1130 3170 3240 1310 930 1285 2445 2680 2340 1455 3630 2480 2145 1380 2075 785 1830 1755 1285 960 1200 935 1380 1840 570 2250 3190 2065 625 1940 1520 4160 1815 3495 135 2145 2505 2715 2810 2205 2690 1500 2645 525 1760 3465 955 365 2670 2215 
3536 1552 2720 4128 2824 3560 1704 1224 3000 1864 3288 5440 3912 3176 3072 3648 2536 2592 2848 2400 3192 1728 2688 1000 2784 2536 3624 4160 2368 3928 2144 3328 896 3632 1600 3088 920 1224 3264 2648 1872 2576 1528 3736 3952 1736 2384 4576 3104 2136 344 3920 3816 944 1912 3216 3192 3624 2304 4192 1096 3480 3504 4216 4384 2624 872 1352 1088 4120 3664 4216 3840 608 1776 704 2752 1672 2296 4200 3536 1904 1192 3536 720 1144 1856 2480 1048 3568 1712 2184 2096 2544 248 1552 3512 1056 3672 3528 2296 2600 2200 2904 1960 2256 1568 5360 3664 4952 3264 4096 3848 4496 2240 2744 4152 3144 2224 3192 2528 3520 2712 3128 1456 1424 3888 2640 1280 3800 1792 1288 3640 3568 768 1096 2992 1832 1264 3312 2600 2352 3224 3184 3640 2680 4496 1664 1184 2304 1232 1136 2440 4272 2712 3024 2008 1888 2872 3456 3464 4192 2104 4000 2208 2728 1112 2328 1888 2960 3984 976 4704 3576 3624 3512 3696 3224 2352 2832 3888 2376 3504 1312 3992 1672 4144 2320 2344 1896 4352 3128 2712 4296 2688 3440 3312 2640 2440 2728 1840 744 2792 792 3640 1920 1816 2528 3656 2520 2424 2920 3088 2728 1248 1704 2336 4008 3512 2048 3496 1256 3520 672 1320 688 2080 4208 2816 3528 632 2816 3632 4840 1560 3904 1008 3416 3936 1720 2392 2328 4632 3680 2352 2088 3840 4136 3832 2760 2472 1488 2200 1856 3912 2264 2984 3808 3144 3336 1560 944 1104 1856 3560 1952 1000 2760 4336 1448 864 4160 3664 904 128 1336 3552 3664 2224 1032 4664 3928 2840 2408 2944 1608 2312 2728 1592 1544 392 2136 2576 1392 664 2352 3872 1760 568 1992 1744 5424 1928 4048 1376 2112 2752 2848 3736 2872 2760 2704 3056 872 2992 4008 1512 1984 2736 2080 
3878 4578 5628 315 3836 2030 3171 3710 4046 3906 497 1456 4053 3829 3024 2877 4228 5516 3682 5369 2982 2338 3661 3598 2737 5523 4109 1491 5173 3038 4823 3696 2618 462 3339 4550 2625 3290 665 5642 4172 1428 2436 4018 777 3171 5411 4270 2415 4543 3486 1057 231 3276 3843 3031 854 973 1582 847 3465 2100 2814 903 1470 4592 4088 3493 3129 4669 539 679 3101 2828 1932 3101 1463 3941 5096 1512 4137 1862 3150 3269 3073 3731 4200 4823 3626 714 4711 3850 2107 3920 3101 4557 3556 3794 2905 686 4599 3087 4053 2674 3045 4095 2898 1372 3038 1029 3948 1736 777 3836 1484 3220 3269 2324 5082 2030 1106 3458 1036 1407 2072 4564 3318 5635 3850 3577 4046 3948 1386 3185 3759 4186 3731 3479 2226 1540 5530 4487 1624 4228 3500 3969 637 1904 2436 1827 4221 4214 3213 630 5698 2359 1764 4963 5838 1092 2779 658 4606 3990 3220 4109 3710 3521 4963 4109 3906 3654 966 3108 784 973 4018 2688 5061 2737 1239 3612 2576 3003 826 2191 658 5201 5292 1967 3549 3262 2898 924 2618 2072 3234 4137 1400 2149 4823 3479 2408 2646 3276 4942 4291 1134 3920 5530 5103 2779 1771 1001 3059 4676 2849 4137 4123 4585 2527 3605 238 2800 3773 3920 3934 623 5747 1568 3829 5733 931 966 3500 2016 3717 4151 3906 4830 4851 4333 4270 1827 5320 2625 3745 1442 2891 3633 4984 4613 4620 4522 1183 3591 763 126 2044 3927 2835 3570 3528 2548 539 3402 4046 3486 1162 2345 3829 1379 1456 3612 3430 4158 2646 2065 2765 3479 931 3381 2191 5320 2583 4725 4746 3108 2842 3367 2989 5194 5509 2429 3857 1295 231 2128 3773 1750 4382 1428 4144 2709 4368 1477 938 1323 1743 2051 1841 3654 4249 4067 3521 2905 3360 4935 2639 3059 
2952 1350 354 4716 2346 3828 2064 2124 2352 1536 4140 5742 3192 3702 3036 4350 2928 258 2472 240 3150 2598 2358 1440 2970 1050 2880 4860 294 3732 630 3882 2250 4422 1878 3276 2430 2394 4020 744 2328 3402 2862 3048 4476 2802 816 3714 3348 1056 1530 4386 4476 2220 2598 3144 3930 4452 3462 4866 2202 3744 4242 4884 5028 2766 1224 1638 1860 4230 4308 4866 3624 2088 2850 1830 3804 1380 330 4890 2790 3168 2436 3282 2196 2046 2280 1068 1428 4206 1350 1818 3294 3108 1920 1410 3114 1260 3570 4362 1146 3480 1650 3804 2280 2754 2778 5670 3504 5328 2658 4812 4608 3858 3402 3552 3822 4044 1614 3558 3564 3168 3618 4086 2712 798 3570 870 2052 3360 1350 1170 4470 3354 1272 918 2556 2742 2658 3816 270 1338 3726 3540 3258 3204 4986 2856 2406 3108 870 894 2466 4902 984 3948 3246 492 894 4038 3462 4698 924 3312 2310 2052 2034 3114 498 2268 3348 1380 5226 4248 4224 4362 3012 3312 504 3006 4320 3114 3582 2574 4716 2994 4812 108 120 2862 3870 3846 2844 4722 3648 4290 3120 3078 3564 3750 1374 1962 3132 2250 3372 318 1080 3594 4092 936 558 3048 4044 3642 1962 1440 2622 3240 3894 2106 4284 1500 4284 2244 1368 1242 1668 4854 516 4386 1476 456 4452 5220 2520 4656 1326 3792 3306 756 918 1488 3768 4488 204 2604 4308 4842 4494 2436 816 1032 2256 1938 4674 2082 3846 4482 4068 3810 2790 2028 1524 3066 4236 2022 1026 2532 4698 2508 1206 4860 4092 1404 1644 954 4314 4464 2598 1554 5196 4482 3828 66 3852 690 966 3570 2814 2574 1974 594 264 2442 1470 3462 4572 2730 1512 3228 900 5718 1332 3966 1500 3258 3750 3588 4536 3864 3354 3366 2244 1302 3660 3858 2556 1416 2988 2340 
3210 1680 2805 2230 2855 2645 2115 915 2990 2390 1655 2845 3430 885 2745 1010 1010 2740 2830 2605 2790 1760 2750 1875 2510 2395 3305 1690 2700 3150 2605 905 1310 1745 2115 1255 835 625 1930 2605 1075 1830 480 3335 2375 330 2395 3785 2560 2615 1495 2465 2105 760 790 2815 1975 1540 895 1940 790 2630 925 1930 1850 1290 1590 2035 1775 1545 2140 2020 3130 1255 1505 1555 980 2295 2665 1710 3275 775 580 3040 825 965 1105 2830 1905 2155 1750 2545 505 800 1180 1645 3110 1935 2990 1605 2710 380 2590 555 2205 930 300 2840 3030 2705 3100 1565 1740 3635 1015 490 3320 785 1890 2465 1385 3085 1665 1125 1255 1960 3215 2550 1010 3250 2375 2080 1390 3030 1755 1915 2910 520 990 2345 2745 2735 2330 1075 3155 840 2450 1310 1410 1865 2020 1935 2500 2095 2555 705 825 2255 2710 2245 2855 2425 2590 3450 2385 2870 965 515 2250 2985 3425 1870 2310 960 2215 1480 3320 2710 2720 2535 2520 580 2810 470 1810 590 1975 2635 2600 1640 3490 700 2530 2570 430 1040 2925 950 1020 620 1805 975 2400 1200 3090 2345 2410 1285 1115 2440 2770 2595 950 1640 1835 1690 2325 3495 1125 1410 965 2010 1860 945 2075 1600 2505 2040 2820 1260 1385 2850 1555 2685 615 1360 1900 1105 3400 2070 2770 2705 3810 1265 2580 2110 1165 1685 1130 2775 2815 1845 1395 1420 1630 2520 1720 2060 875 985 300 935 1915 230 2080 2315 1885 2730 2675 1565 1815 1725 2495 1825 1340 2105 980 1185 2240 1865 2290 1180 655 2660 595 2065 2720 455 280 535 1230 2335 2725 1580 1385 1205 1960 1650 1355 855 2365 2865 2460 3095 1510 1225 1395 1970 1330 730 2160 660 3065 1530 700 3145 540 1860 2455 2270 
3650 6250 7170 2030 3780 920 3220 5380 4060 4270 2100 3640 3860 6430 2450 5530 6570 7010 3540 6850 2360 2270 3550 4190 2130 7410 3990 4020 6370 2350 5790 6350 3180 2490 3520 7160 3700 4900 1170 7410 6180 1130 3860 3830 1140 5020 7150 4110 1550 5240 4370 800 1700 4740 5860 2430 920 3160 3020 3190 5050 1010 5390 3270 4050 6970 5360 3860 3490 7730 1220 2960 2440 3540 2090 3670 3250 4410 6260 4060 4050 3150 4710 2730 4350 5360 6200 5590 4210 960 6450 4050 3750 6250 4040 6250 3160 4490 2160 2720 5270 5330 4370 4970 2930 6300 4570 3440 2360 2720 3830 4310 3020 3490 2710 5550 2680 4640 7080 970 1990 3010 1400 3450 2580 5910 2750 7460 5550 3150 4540 4630 3700 2600 4590 5220 3560 5430 3070 260 7030 5040 420 6870 3060 6370 2280 2350 2820 1440 5190 5250 2960 2870 7590 4630 3060 6390 7710 420 2010 1590 5390 3750 3070 4260 5320 5710 6390 4170 3630 4300 3290 5780 880 3090 3830 1920 6130 2110 620 5830 1700 4580 3120 3550 2930 6490 6700 1940 3080 5770 2390 1430 4800 4470 2710 6520 2830 4210 6610 4880 1670 3340 2720 6250 4950 2240 6740 7360 6160 2140 3900 1460 3310 6430 2470 3970 6900 6640 5050 4080 1860 3820 4310 5040 4220 2880 7400 3880 5100 7340 3110 2480 5310 4590 4390 6880 3630 6320 5690 4780 4110 4270 6780 2310 6610 3950 5620 3480 5910 6120 6770 6470 3560 3600 1450 1820 4290 6610 4480 5080 4040 4250 1210 3450 5000 3250 1280 2520 4660 3880 290 4270 4420 4990 5220 4560 2420 3990 3240 6230 4320 6690 4870 6110 5530 5410 4510 5150 3810 6770 7010 2610 5140 2330 2310 2120 5020 3000 5170 3530 4650 1900 6010 2250 2130 790 4180 4160 1010 6030 4370 5390 6010 2170 5130 6790 2010 2880 
4389 3584 4963 1813 4095 3017 3157 2569 4312 3773 1085 2569 4648 2310 3591 1428 2814 4858 3997 4683 3605 2387 3920 3206 3255 4592 4585 1050 4662 3920 4410 2177 2170 1092 3255 3087 1785 2121 1666 4809 2905 1932 1323 4557 2191 1855 4536 5026 3129 4277 2856 2394 1708 2205 2520 3654 1813 735 637 1295 2345 3031 1337 1281 1253 3213 3262 3276 2863 3143 1869 1421 3934 2261 1890 2674 231 3717 4599 1078 4571 945 2002 3948 2114 2618 2947 4585 3248 1946 3703 3864 833 2478 2387 3549 4151 3360 3724 875 4375 1589 4004 1155 3164 2723 1645 2562 3822 2422 4340 994 1015 4697 819 1715 4172 819 3976 2856 1127 4081 1512 161 1743 3794 4109 4760 2709 4270 3836 3556 588 3899 3206 3563 4081 2142 1596 2506 4865 4340 2534 2730 4158 2513 2100 1666 2135 2191 3661 3591 3493 1526 4795 840 875 4214 4984 2205 3556 2163 4291 4634 3402 4249 2604 2086 4214 4333 4571 3241 1813 1624 2037 658 4543 3395 4620 3269 2527 2170 3416 1827 1113 1141 1358 4627 4641 2051 4438 1736 3346 2415 1113 693 3843 2695 616 637 3801 2478 2989 2093 3990 4277 3990 938 2401 4627 4676 3346 287 1456 2870 3640 3157 4739 2604 3360 1085 3318 1372 2002 3458 3178 3878 1449 5033 497 2975 5047 763 2422 2233 931 3297 2632 4550 4011 4557 4235 5047 693 4641 2856 2247 1029 1484 3927 4655 3731 3360 3346 882 3703 1428 1624 560 2401 1596 2499 3199 1246 1799 3444 3465 3815 2611 2212 3290 1064 2604 3178 2709 3689 1204 805 3045 3136 1792 1918 665 4704 1064 3955 4459 1603 1589 2107 2352 4389 4844 2282 2989 973 1400 2163 2919 903 4004 2597 3948 3717 3346 1211 959 2030 707 532 2478 2163 4466 3213 2009 3850 2107 3892 3157 3220 
560 6470 5940 5930 1560 3040 2850 6520 1490 3020 5750 7500 90 8670 1590 8510 8140 5810 1440 5810 1600 3450 1650 3920 2060 6960 610 7680 4980 1740 4360 8760 4360 6230 3000 8830 5320 6390 4920 6620 7330 4020 5990 340 5020 6880 6580 780 2390 3650 4700 4620 5580 6070 7350 1530 4630 6790 5910 7010 6320 2910 8340 7080 7780 8280 5510 3380 3630 9960 5110 6810 1570 4570 4080 4120 6390 3340 4880 7730 770 5710 6270 1170 5670 6430 7310 3690 3880 4850 6630 2500 6340 8070 4950 6530 780 4070 1780 6390 3510 7710 2710 7700 2580 7800 6510 7280 1560 6560 1000 7880 6750 1140 5590 7930 1580 7640 7320 2940 5140 900 4690 6770 4490 5590 1260 6790 6590 760 3310 3950 7220 1300 4460 4840 1270 7140 4970 3660 5830 3180 3520 8840 840 8230 6160 4460 4130 3580 4650 4850 1970 6740 6970 7560 5710 5730 6890 4310 1890 5460 3870 180 2230 1990 6380 7680 5740 1630 310 4010 7190 8620 4780 6680 400 1990 4620 2040 4350 7770 2210 6300 6890 5860 6770 5240 5600 3820 1390 8320 1940 5220 7450 7690 1240 8230 5850 7090 6770 5920 2470 4600 1180 5400 3690 5390 9180 6810 4570 1940 7090 4780 3440 6700 2300 70 9140 7470 8120 3590 5640 5190 3650 5160 2740 6740 6250 7300 5540 6110 6750 6300 6850 8010 4040 9050 280 5940 3930 2930 870 7670 5740 2740 9250 7620 8680 1550 4140 6050 7690 7190 7220 2210 4990 5690 7400 8880 6450 6170 3730 6520 5070 2560 4660 1540 4940 3820 4430 7570 3900 4070 4980 4270 8260 7870 2470 3790 7140 9100 7240 5490 7670 5680 3820 7850 6490 6780 4740 6130 5840 3780 5590 5320 6150 3720 5510 5640 4010 7370 3260 2370 6420 5000 5450 4020 7630 7150 3270 8120 1680 5640 8340 2030 6740 6930 2200 2440 
5278 2891 4557 3465 4795 4368 3759 1855 4991 4144 2709 4130 5586 665 4606 840 1421 4473 4760 4277 4662 3234 4648 3409 4277 3857 5418 2324 4480 5131 4382 546 2632 2737 3766 1540 1974 1547 3213 4200 1841 3213 1449 5460 3794 1064 3899 6069 4305 4431 2856 3969 3346 1778 1421 4704 3311 2331 1778 2856 1757 4354 756 2828 2555 1855 2905 3647 3290 1519 3465 3017 5117 2562 2842 2975 1715 4004 4438 2345 5376 1736 1526 5012 1925 1939 1897 4725 3451 3521 2968 4361 1281 1043 2436 2835 5131 3479 4914 2520 4564 273 4424 504 3878 1442 1183 4151 4977 4060 5131 2079 2618 5838 1995 182 5376 938 3052 4137 2506 5089 2919 1778 2513 3395 5250 4095 1960 5313 4116 3682 2009 4998 3220 3402 4872 1141 2163 3906 4473 4613 3906 1106 5187 1022 3745 2569 2758 3318 3556 3430 4291 3136 4088 854 1778 3794 4326 3703 4732 3801 4389 5607 4137 4823 1953 770 3787 4984 5572 3402 3374 644 3605 2282 5432 4536 4529 4305 4074 819 4648 1407 2688 1554 2961 4368 4291 3038 5621 182 4312 4039 546 1316 4865 1246 1925 1015 3024 2058 4095 2478 5082 3948 4151 2331 819 3934 4599 4389 1435 2877 3367 2870 4039 5677 952 2303 973 3605 3003 2128 3696 2954 4305 3059 4550 1792 2632 4606 2366 4067 1386 1708 3437 980 5537 3507 4634 4578 6104 1680 4249 3731 833 2338 1008 4683 4690 3178 2219 2380 2352 4326 2933 3262 1190 756 1204 1960 3472 1078 3388 4039 3374 4620 4221 2968 3304 2408 4081 3339 2639 3703 924 1470 3913 3402 3353 903 980 4382 602 3528 4571 161 1176 1316 2520 3864 4452 2996 2625 2261 3045 3066 2597 1827 4074 4172 4228 5026 2660 2359 2450 3395 1792 1120 3717 637 5089 2807 364 5110 1337 3073 4193 3969 
4770 5112 6543 1188 4572 2673 3573 3978 4851 4491 153 2583 5049 4221 3681 3150 4662 6399 4410 6210 3663 2493 4347 3987 3276 6345 5049 1809 6003 3915 5580 4077 2682 594 3762 5103 2601 3438 837 6516 4572 1485 2340 4968 1494 3294 6210 5436 2979 5265 3771 1755 945 3420 4158 3726 1053 999 1242 1323 3663 2718 3051 1368 1908 5130 4509 3915 3420 5337 1071 1260 3960 2925 1899 3330 1170 4491 5904 1854 5058 1611 3258 4077 3177 4014 4608 5643 4023 1179 5292 4482 1935 4284 3249 5085 4401 4230 3699 648 5355 3249 4716 2772 3474 4482 2934 2502 3843 2106 4797 2016 1008 4941 1116 3429 4230 2385 5751 2547 711 4293 891 1242 1989 5139 4212 6498 4167 4491 4635 4446 1449 3996 4149 4680 4491 3690 2115 2007 6417 5238 2070 4707 4365 4356 1611 1782 2484 1962 4752 4725 3771 1287 6570 2403 1476 5661 6768 1539 3501 1521 5337 4995 3735 4878 3987 3771 5661 4914 4905 4059 1782 3420 1296 918 4959 3330 5877 3285 1926 3888 3276 3069 1152 2025 1188 6021 6120 2007 4581 3528 3447 1809 2673 2160 3987 4554 1017 2079 5427 3699 2880 2682 4113 5652 4923 693 4392 6354 5931 3357 1683 819 3357 5229 3303 5157 4617 5103 2709 4041 504 2835 4239 4311 4554 1233 6687 1602 4176 6678 963 2034 3708 2241 4140 4635 4887 5472 5652 5058 5445 1953 6147 2961 4212 1746 3213 4329 5823 5175 5157 5022 1395 4185 612 864 2043 4356 2853 3807 3924 2493 981 3897 4518 4158 2043 2430 4248 1710 2061 3996 3672 4698 2862 2214 3177 3852 1737 3798 2160 6156 2664 5346 5526 3285 2871 3537 3123 5940 6390 2529 4203 891 810 2196 4095 1458 5022 2565 4779 3582 4842 1170 432 1494 1881 1989 2151 3960 5094 4473 3825 3789 3528 5571 3150 3501 
1000 5248 5184 3840 1640 1504 2224 5056 1728 2688 3808 5056 976 6560 808 6240 6296 5064 1448 5024 696 2344 1584 3200 1136 5832 1256 5368 4424 416 3912 6584 3200 4168 2424 6832 3920 4872 3104 5632 5736 2496 4376 1040 3096 5184 5552 1072 1128 3352 3720 2768 3584 4632 5664 664 2872 4656 4128 4760 4856 1416 6104 4824 5416 6472 4464 2768 2816 7608 3200 4592 280 3424 2744 3168 4464 2920 4336 5400 1368 4040 4744 360 4296 5000 5720 3480 3176 3000 5392 2304 4552 6168 3784 5280 624 3376 488 4320 3280 5736 2536 5640 1936 6032 4856 4880 336 4304 1352 5560 4592 672 3856 5920 376 5520 5952 1504 3424 520 3008 4728 3128 4648 32 5744 5144 376 2936 3344 5032 304 3640 4032 1352 5432 3560 2048 5080 3024 1952 6768 432 6288 4008 3064 2952 2232 3912 4048 1512 4520 5880 5472 4008 4864 5864 2560 648 3448 3520 832 1744 2088 4960 5816 4872 1856 728 3288 4856 6360 2928 4576 1064 832 4152 1096 2544 5896 856 4736 4688 4224 4560 4608 4872 2528 472 6192 1168 3232 5456 5504 584 6336 4040 5104 5512 4576 1320 3392 240 4640 3288 3632 6920 5736 4136 992 5024 3080 2640 5432 1536 1032 6944 5928 5896 2968 3680 3872 3072 4168 2504 4528 5416 5128 4416 5320 4616 4096 5240 5704 3328 6888 744 4960 3640 2800 1072 5432 4968 1824 6928 5312 6352 1480 3824 4976 6088 5720 4992 1952 3208 3680 5296 6720 4792 4776 3040 4784 3184 2112 3864 1352 2992 2672 3640 5272 2200 3312 3896 3640 6016 5624 1656 3056 4816 6744 5216 4800 5600 4760 3528 5832 4824 5152 3600 5192 5088 2664 4456 3608 4064 2496 4376 3960 3536 4952 2944 920 5160 3392 3648 2432 5392 5120 1872 6144 1968 4544 6272 648 5128 5656 1208 1816 
2520 3195 3880 340 2505 1195 2065 2610 2655 2595 425 1220 2645 2820 1910 2210 3045 3800 2395 3700 1880 1480 2385 2410 1710 3850 2685 1295 3535 1915 3275 2745 1740 535 2190 3300 1805 2325 255 3915 2965 810 1725 2620 360 2280 3755 2795 1475 3055 2365 530 135 2295 2750 1915 375 895 1150 855 2440 1245 2155 895 1290 3295 2815 2315 2070 3440 145 740 1960 1900 1220 2070 1130 2625 3480 1315 2710 1320 2225 2085 2135 2620 2985 3255 2425 255 3290 2540 1540 2845 2110 3180 2290 2550 1820 675 3090 2280 2690 2015 1965 2940 2070 1140 1915 840 2580 1460 785 2485 1045 2380 2080 1790 3570 1195 715 2220 580 1140 1360 3145 2115 3915 2710 2300 2700 2655 1185 2020 2540 2855 2425 2495 1500 845 3805 3005 905 3090 2245 2885 555 1230 1595 1095 2875 2875 2070 700 3965 1805 1250 3420 4055 525 1730 380 3110 2595 2080 2710 2605 2560 3420 2700 2540 2455 930 2360 310 875 2620 1670 3445 1710 655 2625 1585 2130 830 1550 725 3565 3640 1225 2280 2435 1825 530 1960 1640 2060 2995 1025 1630 3370 2425 1475 1770 2085 3395 2885 780 2915 3845 3470 1740 1395 565 2010 3265 1805 2700 3040 3250 1960 2405 230 1915 2520 2685 2605 700 3970 1300 2645 3955 865 760 2490 1635 2500 3050 2535 3340 3280 2890 2795 1490 3665 1655 2810 1260 2230 2360 3380 3195 3285 3190 1070 2345 400 180 1595 2895 2025 2500 2355 1840 130 2220 2750 2250 660 1510 2590 1220 790 2425 2340 2815 2045 1655 1755 2320 905 2565 1670 3655 1955 3260 3205 2305 2035 2400 2020 3590 3795 1570 2665 880 415 1340 2600 1235 2960 1185 2770 1680 3050 970 650 715 1435 1575 1075 2670 2805 2805 2605 1820 2395 3455 1645 1965 
5368 720 2568 5736 4584 5536 3608 1144 4712 3456 4816 6912 5744 2688 5024 3904 1528 2512 4664 2296 5152 3704 4496 2680 4760 1512 5400 5200 2800 5904 2952 2968 2840 5080 3440 1920 2432 1640 5000 1984 840 4456 2616 5552 5728 1968 1648 6432 5096 3304 2104 5752 5472 1640 1320 5176 4984 4872 3616 5504 1416 5456 3792 5504 5456 1216 1408 3120 3008 3216 5400 5600 5808 2560 3680 2664 3936 3208 2792 5232 5296 3248 1792 5472 1896 1112 776 3544 2712 5344 672 3856 3112 1872 2152 656 5408 2568 5648 4904 3480 2704 3760 3288 3888 1360 2168 6872 5632 6560 5048 5016 5168 6416 3680 2728 6120 3744 536 5168 4160 5432 4472 4240 3288 1568 5848 1824 976 5720 3272 2704 4704 5520 2248 2024 4800 1704 2936 5248 2504 3664 5168 2344 5560 1976 6112 3480 3136 4248 2216 2032 4344 5696 1776 3608 3368 1824 2072 5312 5448 5912 3168 5848 4104 4360 1136 2064 1816 4640 5856 2608 6080 3680 5416 4768 5512 5208 2984 4808 5760 2016 5496 1976 5296 2888 5528 2592 2376 3824 6304 3080 4672 6072 3136 4168 5248 1752 3808 3496 656 1448 4776 2688 5592 2112 3088 4080 3192 1632 3080 4896 4016 4464 3184 560 4304 5832 2856 352 3960 2944 5112 2296 2912 1688 3688 5616 2472 4512 1408 2576 4888 6480 1512 4672 2592 2712 5808 1472 3368 3752 6496 4536 2288 4072 3536 5192 4096 4584 3328 1160 536 232 5064 4048 4688 5424 3904 2800 2232 1312 2840 2632 5288 3784 2136 4616 6160 3416 2280 5240 5584 2560 1936 2512 3952 4392 4200 2800 6048 3904 3552 2520 3384 1616 3352 2808 2232 1656 2344 1744 2472 3368 1368 3904 5384 3720 1456 3384 2872 6920 3360 6040 680 3760 4304 4728 4632 3664 4728 2312 4696 1312 2736 6000 1648 640 4720 4008 
1974 2184 2030 4123 1260 2863 805 2429 1351 245 3563 5348 2289 4200 1932 4522 3584 1925 1365 1862 2065 1568 1218 546 1848 2541 1967 4641 1414 2744 987 4333 1491 3920 595 4067 2030 2492 3283 2366 2940 2513 2611 2121 3745 2940 2296 2912 2289 637 1134 3598 3836 2247 3052 2058 3143 4081 3031 4473 2359 2758 4396 4508 4802 3591 1533 406 805 5019 3591 4438 2625 1449 1981 1015 3444 49 1330 4676 1876 2737 2464 2247 2037 2345 2905 931 497 3451 2282 609 3045 3633 1512 2226 2093 539 2555 3906 714 3675 525 3878 1043 3346 2765 5243 2478 4802 1666 4655 4200 2982 2884 3808 2870 4018 2765 2555 2905 2142 2856 3780 1960 1547 2583 2464 2436 2380 168 406 4207 2324 840 1029 1484 3024 2072 2898 1939 679 2786 4186 2247 3752 4417 2086 1554 2135 889 1029 1267 4445 2583 3920 2793 1694 2569 3206 2422 4025 714 2408 1078 1043 2317 3458 1701 1288 2429 567 4830 4494 3465 3976 2079 2247 1232 1883 3500 3500 2555 2555 4319 2653 4382 1526 1729 1925 2961 4137 1694 4018 3682 4214 2051 3696 3094 3626 2380 2037 2044 1596 2352 1498 406 2989 4620 2457 1246 1939 3843 2898 840 2338 1442 2366 4494 2940 4347 357 3675 1841 259 1302 455 4410 2219 4165 1624 2156 4067 4662 2779 4571 546 4403 2380 1806 952 616 2968 4347 1806 1456 4767 4606 4676 1309 1092 1869 3108 2737 4368 854 3136 3857 3962 4340 2744 2205 483 2947 3514 742 903 1386 3955 1561 791 4613 3213 623 1358 630 4410 4389 1421 553 4788 4816 3731 1694 3892 1624 840 3787 2779 2772 1442 1981 1932 1484 1652 2863 4039 1764 1617 2758 567 5306 287 3010 2177 2590 3150 2702 4375 3731 2352 3787 1337 1631 4039 2884 2744 2492 1869 1113 
3283 2450 3626 2422 2856 2499 1848 1638 3059 2394 1652 3535 3584 2492 2597 2359 2436 3514 2793 3353 2653 1225 2695 1799 2268 3409 3437 2422 3269 3157 3010 2513 777 1939 1904 2863 497 1274 1764 3556 2170 1386 581 3465 2401 1358 3304 4060 2331 2870 1477 2443 2177 1190 1932 2695 1757 1925 784 2415 1400 2464 2233 2436 2604 2709 1988 1890 1484 3416 2107 2443 3129 854 854 1267 1190 2317 3206 2457 3409 462 1134 3003 959 1645 2191 3178 1834 2058 2590 2520 819 2240 1029 2436 3122 1953 2933 1841 2975 1771 2639 1750 1918 2240 1050 3472 2982 3150 3164 2401 2121 3836 707 1925 3395 1785 2961 2219 1029 3080 1302 1526 504 2492 3248 3535 1771 3304 2436 2149 1974 2989 1813 2191 2898 1638 196 2121 3521 2947 2079 2716 3178 2331 2758 581 798 1365 2275 2219 2310 2499 3584 1708 532 2905 3745 2079 2744 2555 2884 3605 2177 2947 1624 1883 2905 3066 3563 1827 2870 2401 2128 1820 3437 2541 3220 2296 2478 1967 2681 1036 2240 455 2380 3255 3297 1043 3633 2177 2303 2695 1575 1946 2856 2415 889 1393 2695 1365 2107 686 3073 2933 2583 987 2807 3416 3276 2380 1568 1288 1505 2548 2030 3675 2828 2534 2128 1918 1883 679 2051 1855 2513 2436 3717 1904 1722 3717 1925 3073 1547 2303 1883 2793 3535 2737 3143 2856 4095 2079 3304 1729 2835 2394 2492 2716 3248 2499 2597 2443 2191 2415 1477 2149 1694 2632 994 1463 1799 931 2009 2135 2079 2639 2786 966 1897 2415 2373 1771 1358 2289 2205 2121 1911 1729 2835 2737 1498 3339 1743 2653 3052 1855 1015 1435 959 3108 3507 1008 1743 826 2163 1064 1659 504 2597 3521 2555 3101 2240 672 1183 1610 2107 1477 1792 2149 3192 1953 2233 3157 1421 2807 2191 1995 
980 5040 4470 5890 230 3330 1690 5230 80 1560 5430 7600 1390 7570 1600 7680 6880 4340 440 4330 1760 2670 480 2540 1850 5470 900 7260 3510 2540 2890 7700 3300 5950 1720 7580 4250 5200 4740 5130 6020 3680 5010 1140 5110 5750 5100 2270 2470 2180 3370 4780 5500 4850 6100 1720 4480 6380 5200 6750 5070 3170 7500 6820 7420 6960 4100 2020 2410 8820 5060 6610 2340 3430 3380 2890 5750 1880 3410 7310 760 4900 5100 1730 4490 5130 5980 2260 2490 4810 5180 1050 5480 6870 3730 5090 1330 2650 2370 6030 2040 6690 1230 6800 1570 6540 5420 7410 2190 6700 490 7390 6430 2500 4910 6900 2580 6850 5860 3030 4640 1460 4330 6180 3640 4120 2150 5300 5280 1720 1830 2500 6710 1890 3060 3390 450 5960 4040 3720 4360 1710 3550 7660 1580 7040 6220 3700 3160 3130 3180 3390 1120 6580 5480 6750 4930 4240 5410 4320 2300 5560 2400 1580 1210 520 5090 6540 4260 210 1640 2620 7080 7730 4780 6250 1080 2190 3160 1870 4550 6620 2600 5170 6590 4950 6550 3770 4130 3160 2580 7330 1590 5410 6540 7000 1530 7010 5200 6280 5320 4640 2310 3520 1860 3920 2200 4850 8130 5330 3120 1850 6410 4400 2260 5260 1640 1480 8030 6090 7330 2200 5430 4060 2230 3750 1270 6550 4780 6740 4170 4640 6350 6460 5640 7410 2630 7920 1570 4460 2480 1460 2350 7070 4260 2030 8260 7200 7860 500 2710 4590 6320 5800 6820 890 4690 5580 6670 7780 5370 4890 2360 5540 4990 1300 3210 720 5210 2940 3020 7180 4090 2690 3670 2800 7460 7210 1780 2440 7030 8200 6440 4020 6800 4200 2360 6840 5420 5590 3550 4640 4370 2870 4220 4730 5970 2990 4150 4870 2520 7500 1780 3090 5010 4360 4990 3800 7060 6380 3080 7000 390 4230 7280 2810 5560 5480 1970 1480 
5520 470 2580 6520 4540 5900 3350 1280 4700 3130 5420 8110 5990 3890 5140 5050 2650 2460 4640 2180 5300 3610 4430 2170 4830 1820 5560 6240 2580 6260 2630 4190 2590 5820 3130 3270 2350 1810 5500 2150 1630 4680 2850 5750 6380 2460 1740 6860 5300 3000 1500 6360 6160 1610 2050 5330 5430 5690 4030 6450 1480 5800 4880 6460 6540 2480 570 2720 2630 4810 6000 6520 6140 2230 3690 2240 4530 2820 2540 6280 5430 3540 1940 5690 1740 1150 1570 3330 2210 5900 660 3630 3560 2900 1740 480 5590 2020 5950 5640 3220 3560 3520 4170 3710 2330 2510 8030 5910 7560 5120 6080 6020 6860 4040 3670 6520 4630 1330 5440 4520 5620 4810 4960 3260 960 6160 2060 1140 5980 2910 2190 5590 5760 1620 1360 4810 2300 2920 5620 2460 3430 5500 3640 5780 3060 7000 3520 2950 4350 1610 1380 4260 6610 2100 4470 3690 1490 2380 5780 5700 6660 2850 6130 3970 4260 1140 2910 1480 4610 6140 2070 7130 4850 5970 5550 5700 5400 2740 4890 6330 2910 5780 2180 6180 3140 6430 2370 2210 3840 6730 4150 4710 6810 3930 5110 5410 2870 4250 4210 830 1200 4900 2450 5840 1760 2700 4480 4540 1860 2850 5000 4790 4820 2850 670 4250 6100 4210 1450 5000 2500 5750 2100 2440 930 3420 6520 2570 5390 680 2650 5700 7440 1940 5740 2050 4050 6070 1080 3120 3510 6930 5500 2140 3990 4900 6210 5290 4540 3110 610 1700 1150 6000 3880 5130 6130 4750 4070 2550 1200 2370 3050 5870 3550 1480 4590 6870 3280 1650 6270 6060 2020 1370 1970 5020 5400 4130 2320 7080 5210 4320 2360 4260 1130 3090 3710 2580 2060 1960 1600 2420 3200 630 4250 6150 3670 750 3680 2440 8100 3020 6460 330 4000 4760 5030 5610 4420 4920 3330 4680 450 3820 6390 2030 1010 4800 3860 
2934 1242 2334 2934 2430 2742 1560 684 2574 1758 2274 3882 3210 2016 2514 2358 1614 2250 2430 2094 2592 1404 2316 1116 2274 2070 3012 2820 2124 3120 1980 2124 732 2508 1506 2028 426 570 2340 2214 1194 1902 798 3084 2880 930 1992 3696 2460 1986 642 2886 2718 366 1140 2616 2310 2454 1458 2898 528 2688 2250 2910 2994 1740 876 1356 1098 2748 2640 2934 3066 546 1326 810 1770 1626 2076 2850 2958 1158 522 2868 156 654 1188 2244 1158 2586 1362 1980 1236 1578 306 1230 2880 1176 2922 2412 2100 1572 2004 1800 1722 1410 792 3834 2934 3558 2748 2754 2640 3594 1446 1680 3300 1992 1698 2472 1734 2874 1932 2046 1026 1326 3126 2184 768 3090 1722 1344 2430 2886 954 1170 2532 1032 780 2502 2256 2142 2448 2052 2970 1674 3222 1176 948 1764 1284 1200 2088 2988 2226 1902 1242 1692 2370 2550 2766 3030 1956 3264 1926 2382 630 1386 1692 2550 3252 1110 3300 2304 2634 2370 3054 2580 2130 2304 2886 1428 2772 600 2742 942 2880 2076 2064 1446 3468 1962 2244 3138 1638 2232 2712 1668 1578 1692 1452 354 2232 600 2946 1752 1746 1704 2370 2082 2184 2376 1986 1932 1200 1332 1968 3288 2280 1416 2250 1296 2472 288 1362 816 1914 2934 2388 2328 630 2406 2460 3486 840 2592 1134 2208 3216 1518 2178 2118 3732 2430 2058 1746 2502 2802 2496 2364 2232 1296 1506 1302 2652 2010 2106 2700 2010 2142 786 486 1182 1020 2556 1770 1116 2346 3186 1164 1026 2826 2748 1050 462 1380 2292 2400 1872 1128 3270 2562 1770 2124 1830 1464 2118 1668 810 810 426 1842 2232 1146 648 1566 2706 1374 582 1236 1692 3876 1818 3168 1068 1422 1872 2112 2478 1806 2130 1668 2628 834 1872 3162 786 1554 2226 1812 
2792 1928 2112 4664 2000 3504 1192 2200 2120 872 3944 6048 3168 4256 2616 4728 3520 1984 2088 1856 2760 1816 1920 264 2440 2464 2808 5048 1528 3544 1160 4424 1440 4336 968 4064 1912 2312 3728 2352 2768 2888 2568 2976 4320 2840 2208 3864 2904 1040 752 4200 4336 2032 2920 2768 3592 4440 3176 4944 2144 3400 4584 4976 5248 3512 1176 616 832 5168 4104 4928 3424 1296 2176 848 3648 632 1448 5088 2712 2808 2288 3016 1824 2104 2736 1392 248 3960 2056 1264 3096 3584 1256 1976 2888 48 3304 4280 1192 3704 1192 3984 1496 3240 2672 5944 3248 5472 2456 5032 4616 3904 3048 3848 3712 4192 2608 3136 3168 2928 3200 4032 2040 1272 3400 2432 2200 3208 728 184 4536 3088 376 656 2232 2912 2072 3448 2000 1256 3328 4224 3048 3720 5016 2216 1600 2488 552 672 1864 4960 2552 4080 2888 1536 2592 3736 3128 4624 1024 3288 1632 1776 2072 3416 1544 2048 3304 200 5392 4672 3992 4328 2928 2912 1416 2488 4112 3456 3248 2416 4760 2656 4856 1584 1736 2176 3848 4232 2296 4648 3768 4448 2792 3648 3280 3760 2168 1768 2600 1496 3136 1384 712 3232 4752 2384 1472 2560 4056 3232 968 2112 1960 3248 4592 2776 4560 416 4112 1680 320 904 1104 4904 2296 4456 1272 2248 4440 5328 2624 4896 128 4480 3248 1592 1320 1256 3928 4648 1800 1872 4944 5016 4904 2016 1424 1600 2968 2544 4760 1480 3512 4352 4160 4424 2656 1952 392 2928 4008 1264 488 2072 4616 1704 312 5024 3816 256 1008 376 4624 4664 1904 424 5352 5032 3872 1736 4016 1392 1232 3832 2688 2624 1224 1864 1984 1616 1304 3072 4504 1992 1264 2864 688 6008 848 3784 1904 2776 3432 3128 4688 3888 2832 3784 2112 1280 4088 3680 2600 2304 2448 1600 
4200 1085 763 5726 3486 4977 2961 2149 3521 2485 4991 6881 4501 3850 4186 4788 2870 749 3612 609 4319 3430 3472 2128 4060 350 4151 5642 1218 5005 1561 4088 2856 5292 2758 3213 2863 2548 4963 217 2205 4305 3269 4333 5544 2982 91 5117 4466 2030 1981 5488 5460 2408 2583 4319 4886 5236 4074 5754 2317 4886 4676 5768 5852 2597 1358 2457 2597 4347 5313 5796 4893 2625 3626 2450 4431 2275 1260 5677 4046 3724 2639 4515 2478 2072 2142 2107 2128 5215 1015 2835 3766 3136 2338 1148 4354 1939 4802 5187 2156 3738 2667 4186 3227 2695 3045 6811 4739 6454 3864 5537 5453 5243 4053 3794 5131 4529 1141 4655 4333 4410 4480 4746 3381 889 4851 203 2030 4641 2268 1911 5187 4585 1806 1372 3724 2835 3220 4879 742 2380 4788 3584 4515 3234 6055 3563 3080 4011 1428 1351 3521 5852 315 4410 3822 574 392 5075 4655 5775 1876 4627 3325 3171 2072 3227 567 3430 4662 2051 6216 4627 5257 5138 4291 4466 1463 4102 5432 3213 4767 2814 5572 3465 5726 1008 742 3682 5229 4123 3927 5845 4025 4865 4319 3059 4214 4235 980 2121 4193 2807 4620 784 1981 4333 4298 210 1526 4165 4634 4494 2737 1113 3640 4564 4025 1841 4774 2282 5201 2667 2156 1526 2660 5789 637 5054 1631 735 5243 6356 2604 5299 1995 3899 4613 609 1925 2527 5180 5138 637 3556 4585 5628 4956 3563 1820 861 1995 1680 5467 3122 4725 5446 4613 3962 3073 2128 2261 3423 5222 2989 1533 3654 5852 3262 1764 5663 5201 2051 2016 1652 4788 5061 3591 2268 6181 4858 4312 861 4256 735 1967 3836 3094 2702 2457 287 714 3192 1610 4172 5502 3542 1687 3815 1757 6867 2282 5236 1323 3962 4522 4543 5208 4382 4354 3493 3423 1393 3857 5131 2688 973 4060 3318 
3396 936 2274 3330 2862 3246 2016 174 2994 2118 2640 4224 3678 1716 3006 2298 1158 2196 2880 2028 3090 1914 2760 1470 2772 1806 3462 3024 2190 3624 2130 1866 1242 2850 1944 1578 852 342 2778 2034 684 2388 1014 3540 3324 744 1782 4170 2976 2232 954 3348 3126 258 696 3114 2766 2724 1758 3192 144 3198 2196 3198 3210 1242 840 1752 1554 2376 3072 3252 3570 1050 1824 1260 2022 1962 2154 3048 3396 1476 426 3360 456 150 678 2472 1506 3030 1038 2376 1416 1188 774 900 3360 1470 3432 2724 2358 1422 2370 1758 2196 954 768 4188 3438 3942 3192 2916 2934 4086 1794 1500 3804 2040 1296 2982 2142 3360 2376 2274 1518 1260 3624 1968 264 3576 2046 1626 2640 3384 1218 1290 2982 708 1236 3000 2196 2436 2946 1668 3456 1290 3612 1656 1458 2268 1434 1314 2562 3318 1986 1938 1560 1614 2166 3024 3270 3462 2178 3732 2394 2778 126 1092 1608 2958 3726 1440 3618 2190 3090 2646 3516 3090 2244 2808 3360 1110 3282 576 3036 1212 3198 2094 2028 1950 3972 1794 2736 3582 1614 2322 3204 1242 1896 1788 1116 180 2742 1110 3438 1734 2010 2088 2100 1848 2304 2880 2142 2370 1668 984 2460 3750 1950 918 2256 1668 2862 780 1698 906 2286 3258 2286 2514 612 2322 2736 3888 486 2700 1452 1866 3690 1380 2376 2442 4206 2568 2004 2250 2280 3012 2442 2814 2406 1110 996 822 2892 2442 2538 3096 2112 1836 792 30 1560 1098 2994 2208 1290 2808 3648 1674 1272 3048 3240 1386 768 1590 2274 2496 2370 1506 3588 2424 1854 2112 1812 1386 2334 1512 804 522 912 1698 2178 1656 600 1956 3066 1884 588 1566 1908 4230 2136 3678 732 1842 2256 2592 2634 1914 2634 1362 3030 756 1626 3672 504 1200 2730 2286 
660 2655 2715 2205 675 900 770 2525 805 1140 2035 3045 840 3505 130 3380 3305 2635 545 2595 215 870 575 1385 170 3050 815 2990 2255 705 1935 3535 1375 2285 905 3645 1840 2420 1650 2955 2950 1155 2150 775 1795 2630 2885 1155 470 1605 1695 1625 2015 2265 2910 220 1510 2540 2075 2685 2405 820 3295 2720 3050 3410 2165 1125 1125 4160 1785 2600 630 1505 1165 1345 2315 1270 2195 3015 830 1980 2345 425 2060 2490 2940 1725 1375 1660 2745 940 2300 3240 1730 2675 490 1505 560 2350 1580 3005 1100 2980 580 3140 2430 2945 520 2590 695 3080 2540 1030 1915 3120 820 2940 3095 745 1700 455 1490 2510 1380 2305 645 3015 2580 620 1295 1500 2740 440 1655 1920 555 2780 1635 1095 2645 1435 1015 3620 525 3315 2355 1360 1235 920 1850 1930 365 2575 3095 2905 1975 2455 3100 1405 460 2020 1700 835 495 940 2470 3025 2460 865 800 1440 2815 3440 1635 2480 770 355 2100 170 1505 3075 580 2345 2610 2070 2575 2350 2505 1035 930 3300 95 1940 2860 2965 295 3335 2045 2670 2825 2230 400 1495 485 2330 1520 1820 3745 3000 2095 155 2665 1535 1020 2770 325 905 3745 3070 3180 1250 2010 1800 1330 1980 1055 2565 2850 2780 2125 2800 2520 2470 2650 3130 1470 3705 785 2505 1810 1295 1180 2960 2560 520 3770 2955 3460 530 1925 2495 3165 2940 2760 700 1655 2060 2820 3610 2395 2350 1285 2410 1755 735 1810 415 1835 1065 1660 2940 1275 1450 1800 1690 3250 3055 400 1290 2790 3680 2745 2470 2960 2380 1735 3070 2415 2600 1615 2665 2645 1055 2150 1785 2270 990 2100 1945 1665 2990 1320 885 2595 1620 1860 1185 2945 2695 810 3240 965 2210 3330 795 2585 2910 240 510 
6111 1773 3978 5508 5310 5751 4050 756 5508 4185 4455 6705 6534 1809 5508 3096 729 3888 5337 3636 5625 3816 5166 3213 5139 2952 6210 4644 4032 6399 4041 2097 2817 4689 3933 1350 2088 972 4815 3429 351 4374 1989 6336 5634 1035 3042 7263 5400 4284 2439 5733 5238 1197 198 5661 4842 4365 3069 5085 936 5688 2970 5076 4941 891 2070 3645 3348 2637 5238 5220 6327 2556 3582 2907 3330 3933 3996 4680 6120 2718 1152 6039 1575 855 423 4617 3258 5211 1845 4572 2412 900 2169 1692 6057 3195 6111 4455 4473 1746 4554 2421 4311 414 1368 6687 6129 6399 5814 4410 4716 7128 3204 1773 6678 2952 1908 5364 3825 6048 4257 3627 3105 2574 6417 3285 756 6363 4050 3411 4113 6066 2808 2817 5499 666 2637 5310 3888 4617 5247 1566 6183 1044 5922 3294 3114 4266 3042 2844 4860 5346 3249 2799 2844 3024 3573 5274 5868 5787 4176 6615 4608 5184 900 1026 3015 5454 6597 3159 5751 2844 5310 4257 6291 5598 4167 5193 5787 981 5859 1278 4851 2304 5139 3843 3681 3798 6939 2178 5094 6012 2259 3438 5796 891 3294 2718 1899 1296 5058 2610 6156 3294 3960 3690 2394 3069 4266 5301 3321 4230 3519 1710 4689 6642 2079 954 3177 3510 4815 2070 3546 2268 4437 5247 3924 3879 1818 4014 4392 6345 612 4005 3168 1926 6552 2637 4455 4644 7326 3870 3609 4356 2745 4644 3312 5238 4464 2214 900 1044 4545 4680 4437 5175 3159 1962 1449 1071 3348 1845 5112 4329 2853 5229 6156 3447 2880 4716 5652 3087 2169 3312 3150 3690 4545 3276 5715 3114 2772 3816 2538 2718 4401 1863 1440 765 2367 3051 3852 3429 1791 3510 5049 3735 1809 2871 3780 6732 4176 6444 1512 3429 3924 4671 3996 2916 4824 1332 5553 1935 1800 6453 783 1944 5067 4446 
804 4212 4062 3180 1386 1428 1950 4110 1410 2226 3186 4062 654 5262 924 5028 5046 3978 1260 3960 858 2100 1380 2664 1188 4602 948 4356 3486 570 3108 5286 2724 3456 2082 5454 3276 3978 2652 4434 4614 2220 3624 762 2610 4224 4386 504 1194 2682 3084 2358 2994 3798 4572 828 2484 3828 3444 3894 3966 1368 4932 3942 4392 5172 3624 2340 2406 6048 2712 3756 516 2886 2406 2682 3696 2406 3426 4386 1038 3378 3894 564 3552 4062 4602 2748 2646 2556 4314 1926 3768 4962 3150 4236 624 2784 690 3570 2610 4650 2082 4578 1740 4848 3978 3924 594 3492 1104 4506 3768 156 3246 4782 390 4494 4728 1458 2910 588 2598 3888 2694 3732 354 4524 4170 378 2412 2742 4116 564 2994 3276 1170 4410 3012 1854 3990 2412 1788 5412 492 5052 3288 2646 2550 2028 3174 3282 1398 3702 4626 4458 3360 3870 4602 2232 828 2868 2814 522 1578 1698 4038 4698 3876 1500 450 2730 3942 5124 2502 3768 792 972 3276 1158 2184 4764 966 3882 3840 3516 3738 3636 3840 2244 210 4992 1194 2694 4440 4476 726 5082 3384 4176 4404 3750 1338 2874 492 3690 2664 3072 5538 4524 3258 1086 4116 2652 2280 4350 1464 666 5550 4746 4770 2478 3084 3234 2550 3402 2076 3708 4242 4194 3600 4164 3798 3336 4254 4626 2754 5508 486 3960 2880 2256 492 4422 3918 1698 5544 4314 5112 1302 3012 3990 4866 4590 4080 1686 2748 3072 4326 5382 3936 3900 2544 3930 2706 1836 3150 1230 2502 2340 2994 4284 1938 2754 3222 2958 4860 4560 1560 2568 3912 5406 4266 3780 4548 3810 2802 4722 3960 4200 3012 4110 3996 2334 3630 3060 3366 2220 3570 3318 2856 3978 2406 906 4158 2892 3078 2166 4386 4194 1752 4950 1560 3684 5046 708 4176 4506 1248 1650 
3066 2598 3636 1620 2778 2076 1968 1824 2964 2502 930 2526 3300 2178 2406 1770 2334 3546 2706 3402 2430 1320 2634 2040 2118 3432 3222 1566 3330 2766 3090 2136 1146 1146 2052 2658 936 1464 1164 3570 2226 1092 738 3210 1710 1404 3354 3660 2070 2946 1794 1800 1434 1452 1962 2472 1212 1122 198 1542 1614 2070 1674 1554 1710 2622 2226 2076 1728 2958 1434 1572 2766 1248 900 1584 540 2460 3270 1596 3204 246 1344 2730 1296 1842 2250 3210 2070 1434 2706 2574 570 2106 1410 2574 2880 2184 2592 1050 3030 1518 2694 1338 1980 2196 1152 2484 2658 2232 3006 1572 1284 3408 78 1650 2982 1242 3006 1884 504 2832 846 816 756 2664 2898 3546 1944 3006 2562 2346 1182 2700 2076 2406 2784 1662 672 1680 3552 2988 1674 2448 2898 2166 1902 696 1092 1224 2472 2436 2274 1626 3588 1200 168 3018 3732 1536 2436 1794 2970 3294 2190 2904 1830 1770 3018 2982 3252 2070 1938 1872 1500 1032 3198 2280 3276 2136 1866 1848 2346 1224 1392 522 1518 3318 3354 1050 3204 1794 2184 1950 1218 1278 2622 2280 234 918 2796 1644 1914 1098 2778 3042 2706 396 2376 3444 3324 2202 924 810 1722 2670 1992 3378 2460 2574 1524 2124 1158 1104 2244 2118 2586 1572 3714 1152 1992 3714 1122 2184 1656 1530 2124 2448 3228 2874 3192 2892 3678 1332 3366 1734 2328 1536 1860 2640 3288 2658 2610 2520 1350 2442 912 1392 1092 2286 1098 1710 2028 894 1356 2214 2310 2556 2064 1164 2148 1548 1842 2028 1698 2478 1608 1404 1896 1968 1908 2154 1008 3396 1302 2802 3114 1572 1104 1542 1350 3192 3534 1218 2010 288 1356 1134 1938 144 2736 2520 2658 2652 2406 360 552 1236 1344 942 1536 1944 3096 2196 1926 2736 1536 2892 2034 2028 
2545 1485 2425 2025 2190 2100 1455 850 2330 1760 1455 2785 2770 1525 2100 1585 1415 2350 2165 2225 2150 1115 2085 1270 1870 2190 2640 1870 2225 2535 2075 1565 645 1635 1460 1730 190 580 1575 2325 1220 1315 220 2675 2035 665 2135 3135 1955 2035 945 2075 1855 535 1055 2175 1580 1565 735 1945 680 2070 1495 1950 2015 1610 1215 1395 1125 2175 1820 1980 2505 610 905 920 995 1680 2185 1890 2610 490 480 2395 405 865 1235 2255 1300 1795 1580 1895 560 1290 610 1465 2455 1355 2370 1540 2120 1045 1950 1125 1540 1275 450 2750 2400 2540 2435 1815 1725 2995 745 1155 2700 1235 1825 1895 1040 2435 1255 1220 640 1590 2585 2300 950 2600 1760 1500 1540 2390 1210 1435 2245 850 365 1840 2355 2125 1810 1650 2505 1360 2260 725 750 1285 1515 1455 1835 2030 2330 1165 565 1890 2455 1815 2240 2140 2025 2795 1725 2215 850 1055 1890 2325 2770 1280 2285 1580 1845 1495 2655 2090 2215 1895 2100 1110 2210 410 1810 300 1935 2195 2200 1035 2860 1360 1880 2245 990 1405 2275 1410 845 965 1655 690 1780 535 2450 1935 1830 990 1775 2210 2260 1955 1180 1245 1175 1545 1670 2835 1765 1490 1465 1390 1635 335 1470 1155 1865 1980 2475 1460 1010 2485 1570 2490 780 1695 1315 1725 2745 1750 2210 2080 3160 1550 2195 1460 1830 1855 1695 2110 2270 1555 1530 1430 1730 1860 1375 1830 1220 1625 415 745 1295 470 1755 1650 1375 2070 2315 910 1270 1875 2020 1235 825 1565 1505 1540 1585 1245 2260 1815 1035 2240 1140 1705 2155 1115 435 700 620 2020 2340 925 1020 880 1810 1025 970 565 1810 2780 1845 2515 1325 800 1130 1480 1590 1050 1590 1260 2405 1180 1355 2545 685 1730 1820 1605 
5232 6480 7656 912 5336 2960 4728 5472 5560 5576 1792 616 5368 5400 4280 4128 5976 7528 5144 7368 4200 3808 5144 5304 4016 7560 5504 2216 7112 4048 6688 5216 4224 1568 4936 6312 4248 4984 1848 7688 5976 2720 4000 5360 1408 4808 7424 5472 3560 6328 5224 1696 1232 4976 5584 4256 2008 1976 3008 1416 5192 3064 4080 1464 2040 6424 5912 5152 4760 6288 1496 1200 4160 4464 3400 4760 2792 5640 7016 2216 5560 3360 4832 4464 4760 5504 6016 6640 5328 1672 6640 5464 3584 5608 4792 6456 4832 5536 3968 1784 6376 4600 5712 4064 4544 5848 4512 432 4136 144 5392 2552 1648 4920 2928 4736 4280 3600 7048 3096 2512 4704 2376 2616 3600 6456 4416 7688 5640 4776 5760 5696 2376 4352 5512 6008 5168 5160 3792 2528 7536 6232 2656 5896 4728 5648 552 3400 3992 3168 6040 6040 4656 1064 7760 3672 3240 6904 7912 2032 3880 1040 6416 5256 4704 5696 5480 5152 6904 5648 5160 5376 920 4432 1680 2032 5368 3848 6968 4000 1904 5256 3616 4656 1576 3728 1264 7152 7272 3408 4576 4720 4216 1208 4048 3224 4480 5856 2808 3504 6760 5224 3648 4256 4440 6872 6056 2544 5432 7568 7000 4032 3000 2344 4656 6592 4248 5448 5712 6464 3744 5296 1520 4448 5480 5720 5584 1152 7800 2624 5632 7776 1936 352 5208 2984 5448 5760 5168 6760 6688 6032 5456 2848 7304 4040 5168 2168 4096 5096 6848 6520 6496 6400 2008 5136 2072 1232 3288 5496 4448 5320 5216 4088 1576 4960 5848 4912 1464 3864 5592 2080 2272 5336 5160 5952 3864 3136 4176 5160 920 4680 3528 7296 3952 6640 6560 4608 4448 5056 4656 7176 7520 3960 5656 2728 1240 3592 5560 3232 6184 504 5864 3592 6240 2936 2320 2528 2728 3368 3040 5264 5808 5896 5056 3856 5048 6888 3920 4536 
2674 4081 4823 1309 2660 924 2128 3423 2870 2877 1176 2513 2856 4130 1820 3514 4235 4711 2506 4592 1778 1379 2499 2737 1540 4921 2905 2541 4291 1897 3899 4074 1946 1484 2324 4648 2247 3087 553 4949 3983 469 2338 2814 819 3143 4760 3101 1211 3549 2800 707 1036 2975 3752 1827 350 1925 1743 2016 3192 959 3416 2065 2576 4529 3479 2541 2240 5040 728 1876 1939 2191 1162 2324 1911 2954 4207 2569 2933 1834 2947 2072 2709 3416 3997 3808 2751 553 4221 2765 2254 4004 2527 4074 2352 2940 1736 1624 3577 3360 2975 3108 1960 4053 2835 2387 1862 1911 2758 2723 1855 2695 1526 3514 2142 2891 4655 840 1022 2254 602 2072 1484 3885 2142 4977 3549 2380 3045 3059 2275 1995 2982 3423 2541 3437 1806 406 4718 3437 455 4438 2303 4088 1547 1309 1694 791 3423 3451 2058 1834 5061 2877 1764 4235 5159 294 1596 1113 3633 2793 2093 2968 3395 3626 4242 2940 2716 2807 2163 3682 546 1862 2814 1491 4137 1533 679 3717 1407 2849 1939 2121 1848 4354 4494 1092 2415 3668 1701 1099 2989 2786 2030 4200 1610 2576 4333 3094 1211 2037 2086 4165 3325 1204 4347 4900 4165 1575 2380 651 2128 4207 1694 2933 4459 4319 3178 2681 1064 2345 2842 3262 2870 1827 4970 2387 3276 4935 1890 1757 3367 2891 2870 4445 2709 4172 3857 3262 3101 2660 4536 1519 4263 2492 3584 2457 4011 4018 4396 4200 2212 2471 679 1106 2653 4249 2772 3227 2639 2604 679 2324 3269 2303 1071 1512 3038 2450 567 2779 2814 3297 3297 2856 1631 2597 2128 3997 2660 4494 3045 4039 3752 3416 2793 3248 2380 4501 4711 1582 3311 1260 1414 1232 3220 1729 3458 2450 3136 1631 3906 1204 1134 231 2611 2548 651 3843 3080 3486 3836 1792 3234 4459 1442 1946 
444 3906 3708 3258 1032 1512 1668 3858 1044 1884 3186 4188 330 5082 744 4920 4812 3624 912 3612 714 1914 1038 2364 1032 4266 594 4350 3132 720 2754 5118 2508 3468 1782 5226 3072 3750 2670 4086 4356 2172 3450 408 2706 4020 4044 510 1158 2328 2802 2460 3054 3564 4338 678 2502 3816 3342 3924 3726 1440 4818 3972 4404 4920 3324 2028 2136 5862 2772 3804 618 2652 2268 2418 3618 2070 3066 4380 684 3246 3672 420 3318 3804 4344 2382 2340 2616 4008 1578 3630 4746 2904 3936 312 2472 750 3570 2250 4482 1734 4446 1476 4608 3786 4056 624 3618 738 4482 3786 480 3144 4620 630 4386 4422 1476 2850 324 2562 3828 2532 3408 426 4176 3906 150 2070 2418 4086 486 2694 2952 822 4194 2838 1896 3636 2052 1818 5208 246 4842 3390 2502 2346 1932 2844 2958 1116 3756 4284 4344 3240 3528 4254 2286 834 2970 2454 216 1290 1338 3780 4500 3534 1134 138 2418 4014 4998 2568 3750 438 918 2922 1008 2298 4560 1020 3678 3858 3360 3780 3276 3492 2106 546 4836 990 2814 4302 4398 522 4860 3294 4062 4092 3492 1242 2652 408 3342 2316 3006 5370 4182 2898 942 4038 2616 2010 4044 1242 366 5364 4464 4674 2166 3108 3012 2226 3102 1728 3756 3888 4146 3312 3810 3792 3468 4032 4572 2442 5316 150 3630 2514 1896 540 4368 3570 1494 5394 4314 5010 960 2652 3672 4590 4302 4074 1356 2736 3126 4236 5202 3744 3648 2244 3768 2754 1530 2832 906 2640 2154 2682 4284 2034 2448 2952 2628 4758 4500 1344 2268 3990 5286 4152 3426 4422 3480 2442 4560 3768 3978 2772 3774 3642 2136 3342 2976 3408 2058 3288 3198 2508 4110 2058 1092 3858 2790 3030 2148 4344 4092 1704 4758 1194 3390 4872 888 3954 4194 1110 1386 
4936 3080 4784 3024 4440 3840 3280 1880 4672 3824 2112 4016 5280 1824 4136 1528 2160 4672 4376 4456 4192 2584 4256 3048 3752 4232 5120 2216 4528 4712 4320 1768 2000 2248 3312 2536 1320 1376 2584 4528 2224 2520 664 5144 3288 1024 4200 5816 3768 4272 2512 3448 2840 1520 1792 4240 2680 1928 920 2568 1640 3824 1384 2560 2472 2600 2816 3240 2800 2864 2912 2696 4696 1984 2104 2480 1024 3696 4464 2256 5080 824 1256 4592 1504 1944 2272 4624 3096 2944 3208 4016 312 1808 1976 3032 4744 3184 4464 2032 4408 944 4128 816 3376 2032 808 4000 4536 3784 4800 2064 2240 5528 1144 1120 4992 960 3480 3568 1736 4696 2200 1272 1752 3424 4848 4456 2040 4944 3832 3416 1728 4568 2936 3264 4496 1360 1384 3320 4672 4416 3312 2200 4800 1872 3384 1792 2088 2640 3408 3296 3824 2808 4480 848 880 3904 4712 3120 4248 3352 4256 5296 3664 4520 1936 1352 3904 4672 5248 3064 3160 1560 3040 1832 5120 4032 4536 3784 3552 1456 4152 1056 2360 656 2624 4456 4432 2328 5272 1336 3808 3592 616 1288 4424 2056 1112 560 3304 1856 3528 1840 4664 4016 3944 1560 2096 4288 4608 3880 1040 2160 2856 3120 3504 5384 2200 2752 1328 3232 2448 1552 3368 2776 3984 2720 4832 1536 2480 4864 1952 3760 1464 1784 3120 2184 5216 3632 4552 4336 5848 1592 4416 3152 2072 2208 1696 4288 4640 3288 2744 2744 2096 3928 2256 2760 992 1968 768 1848 3088 360 2816 3600 3184 4200 3776 2296 3032 2264 3536 2992 2296 3504 1392 1512 3368 3008 3128 1944 664 4520 816 3600 4464 1016 752 1320 2008 4064 4648 2344 2488 1448 2592 2376 2424 928 3904 4040 3968 4584 2808 1536 1720 2728 1680 728 3088 1528 4808 2736 1488 4680 1320 3400 3656 3464 
6831 2394 4590 5823 6048 6327 4761 1503 6246 4923 4788 6903 7254 1296 6183 2871 27 4518 6066 4266 6300 4464 5895 3951 5814 3447 6939 4698 4725 7056 4770 1638 3483 4950 4662 612 2700 1602 5238 3978 927 4914 2430 7056 6057 1395 3600 7974 6030 5022 3186 6183 5598 1881 720 6336 5292 4545 3402 5265 1647 6273 2772 5238 4995 585 2799 4392 4068 1926 5643 5427 6984 3240 4176 3627 3573 4680 4698 4734 6849 3123 1746 6723 2241 1602 999 5355 4005 5643 2430 5319 2709 459 2880 2313 6759 3942 6759 4698 5211 1647 5301 2349 5022 324 1791 6903 6795 6678 6543 4419 4914 7812 3600 1584 7344 2925 2331 5958 4248 6741 4716 3798 3690 3267 7092 3807 1494 7065 4797 4158 4221 6741 3555 3546 6219 1017 3204 5850 4518 5364 5805 891 6885 513 6228 3861 3771 4860 3771 3573 5571 5562 3753 2790 3240 3681 4086 5751 6516 6165 4914 7335 5319 5922 1638 918 3672 6192 7308 3906 5931 2556 5742 4455 7011 6246 4878 5859 6264 810 6489 1809 5031 2727 5346 4527 4329 4401 7614 1890 5778 6417 2259 3429 6489 225 3627 2817 2457 2025 5697 3267 6831 3969 4707 4086 1845 3591 4977 5967 3429 4680 4230 2295 5373 7362 1458 1359 3051 4257 5157 2727 4293 3006 5184 5463 4518 3960 2565 4617 4581 6651 1188 3960 3915 1296 7263 3285 5184 5391 8028 3888 4248 5031 2259 4707 3069 5967 5193 2871 1179 1557 4662 5418 4860 5517 3195 1404 1872 1800 4095 2160 5526 5058 3600 5949 6588 4095 3627 4788 6165 3825 2907 4059 2988 3654 5229 4023 5904 2736 2835 4482 2484 3393 5139 1710 1845 1296 3069 3663 4473 4086 2529 3924 5337 4356 2556 3276 4527 6939 4923 7065 2169 3897 4302 5193 4023 3006 5409 981 6300 2664 1440 7092 1323 2466 5733 5148 
3528 3504 4688 2080 3192 2232 2160 2616 3440 2928 1264 3416 3840 3408 2640 2936 3480 4560 3072 4392 2672 1240 2992 2424 2248 4568 3744 2472 4208 3128 3840 3376 1256 1648 2304 3952 1296 2192 1272 4688 3224 920 1312 3728 2000 2240 4424 4304 2184 3584 2232 2048 1784 2104 2936 2720 1264 1808 824 2264 2344 2216 2808 2296 2640 3824 2912 2392 1936 4456 1672 2240 3120 1472 672 1832 1224 2904 4120 2512 3728 776 2032 3072 1832 2624 3248 3928 2456 1608 3664 2976 1288 3224 1784 3488 3272 2632 2880 1608 3672 2536 3160 2352 2136 3272 1888 3328 2976 2912 3472 2544 1944 3968 568 2720 3408 2224 4112 1960 496 3200 744 1560 632 3456 3296 4680 2768 3432 3040 2832 2008 3032 2552 3032 3176 2568 800 1744 4576 3592 1720 3728 3296 3320 2456 472 1088 1064 3096 3072 2496 2280 4752 2176 720 3912 4912 1640 2680 2192 3632 3824 2408 3392 2600 2792 3912 3472 3768 2480 2712 3064 1688 1688 3704 2464 4104 2272 2096 2896 2560 1912 2080 1072 2176 4224 4304 856 3704 2936 2344 2344 2176 2256 2928 3440 784 1800 3792 2288 1984 1264 3128 3896 3272 560 3704 4560 4152 2360 1776 728 1896 3624 2112 3944 3784 3640 2600 2480 1480 1464 2664 2720 3016 2224 4816 2008 2632 4808 1792 2808 2504 2552 2552 3760 3736 3760 3928 3448 4328 2280 4336 1768 3656 2432 3056 2992 4064 3520 3720 3528 2144 2768 960 1760 2024 3560 1816 2416 2376 1632 1560 2480 2880 2864 2440 1088 2640 2424 2000 2424 2160 3048 2720 2408 1984 2304 2672 3440 1912 4344 2304 3640 3808 2616 1832 2368 1656 4176 4552 1176 2664 416 1840 984 2560 672 3344 3384 3168 2984 3280 112 752 1152 2272 1824 1480 3056 3624 2896 3080 3088 2352 3920 2144 2192 
1022 5145 4830 4158 1743 2114 2548 5103 1715 2758 4165 5173 735 6517 1435 6286 6216 4739 1631 4732 1379 2821 1778 3346 1764 5530 1099 5530 4158 1106 3724 6552 3521 4480 2681 6699 4179 4977 3542 5299 5684 3024 4613 903 3486 5285 5264 203 1827 3227 3864 3192 3941 4760 5663 1344 3346 4907 4438 4991 4949 2044 6167 5047 5572 6342 4466 2961 3094 7427 3612 4830 1043 3696 3206 3423 4739 2982 4088 5558 1211 4347 4879 1029 4473 5040 5670 3255 3318 3430 5257 2401 4795 6139 3990 5180 966 3465 1253 4613 3129 5810 2555 5747 2324 5978 5005 5012 1134 4508 1358 5698 4844 329 4207 5964 889 5663 5747 2149 3829 973 3472 4970 3528 4550 847 5418 5159 728 2968 3395 5243 1057 3731 4018 1512 5488 3892 2611 4753 2898 2534 6671 868 6244 4277 3479 3332 2779 3892 4025 1904 4767 5537 5614 4326 4669 5488 3052 1400 3787 3381 595 2107 2065 5012 5845 4676 1813 567 3416 5047 6384 3367 4844 945 1561 3906 1736 2996 5915 1575 4886 4928 4494 4809 4340 4592 3017 630 6216 1743 3577 5586 5649 1183 6265 4368 5285 5362 4683 1974 3696 966 4445 3241 4011 6846 5432 3871 1652 5229 3535 2947 5306 2044 686 6846 5810 5985 3115 4046 4116 3178 4214 2569 4774 5047 5327 4466 4949 4879 4326 5299 5831 3437 6797 616 4802 3423 2723 154 5593 4683 2331 6867 5481 6384 1694 3570 4865 5957 5621 5201 2163 3647 4032 5467 6657 4956 4858 3206 4970 3605 2373 3885 1652 3353 3101 3717 5439 2709 3451 4046 3633 6090 5754 2163 3241 5012 6720 5390 4515 5719 4620 3346 5901 4991 5236 3836 4949 4760 3080 4501 3990 4375 2975 4438 4284 3465 5075 2940 1491 5096 3794 4032 2968 5558 5313 2478 6139 1848 4543 6265 1260 5215 5474 1848 2219 
4240 2910 4390 4120 3510 3660 2030 2040 3780 2670 3070 5770 4690 3890 3410 4020 3470 4230 3470 4010 3520 1480 3300 1760 2980 4200 4420 4280 3860 4360 3480 3990 420 3520 2050 4150 530 1700 3050 4350 2880 2260 1290 4500 3930 2100 4020 5450 3230 3300 1310 3920 3730 1430 2690 3570 2980 3560 1940 4240 1740 3570 3840 4270 4540 3760 2130 1950 1390 5170 3550 4250 4280 410 1290 1020 2520 2540 3760 4330 4350 1470 1540 4000 1020 2000 2880 3740 1820 3440 3110 2920 1880 3320 720 2900 4090 1970 4030 3410 3450 2960 3050 3110 2220 3150 1720 5660 4060 5150 4000 4250 3810 5220 1800 3170 4670 3270 3710 3210 2120 4060 2370 3000 810 2810 4400 4340 2190 4400 2710 2250 3640 4010 1770 2330 3630 2390 560 3250 4250 3440 3160 4070 4200 3470 4580 1070 700 2020 2430 2370 2820 4320 4430 3140 1580 3390 4630 3350 3760 4220 3310 4750 2580 3560 1960 2900 3390 3770 4710 1800 4850 4030 3520 3410 4460 3460 3780 3030 3900 2990 3740 1520 3990 1320 4160 3840 3920 1490 4980 3600 2960 4360 2840 3550 3760 3520 2080 2710 3270 1510 2860 200 4120 3400 2890 2130 4410 4190 3860 3150 3040 2380 1480 3080 2520 4820 4350 3280 3740 1960 3360 460 2140 1890 2870 4240 4530 3530 1790 4530 3560 5020 2160 4080 1880 4270 4660 3190 3680 3320 5500 3770 3940 2120 4530 4240 4230 3350 3820 2890 3420 3090 3940 2840 2690 3720 3190 4090 1660 1720 1780 1820 3420 2430 2160 3280 4430 1070 1890 4260 3670 1720 1190 2450 3840 3810 2360 1680 4800 4500 2860 3970 3130 3040 3560 3110 1700 2040 570 3710 4220 1060 1830 1910 3800 1390 1700 1540 2900 5740 2880 4390 2650 1600 2410 2610 3820 2860 2630 3330 3930 2110 3570 4410 2010 3440 2890 2350 
8334 4302 6489 6156 7632 7353 6309 3276 7857 6633 5220 6849 8739 1017 7542 2250 1926 6417 7614 6165 7632 5769 7452 5652 7128 5310 8487 4464 6615 8289 6624 1044 4896 5211 6255 1494 4032 3150 5886 5859 2826 5868 3474 8559 6624 2628 5481 9405 7227 6831 4887 6849 6030 3465 2475 7677 6012 4644 4041 5265 3312 7326 2268 5220 4734 2277 4653 6039 5643 225 6201 5499 8253 4734 5328 5211 3951 6408 6579 4473 8415 3951 3213 8073 3771 3393 2898 7182 5706 6273 4329 6975 3384 1701 4464 4212 8190 5688 8001 4923 7020 1971 7002 2349 6507 2187 2961 6912 8064 6858 8100 4095 5004 9153 4311 1773 8595 2808 4176 7038 4977 8145 5499 3969 4878 5157 8406 5679 3321 8451 6543 5922 4167 8064 5310 5391 7767 2457 4392 6768 6417 7137 6759 1008 8280 1548 6498 4968 5112 5967 5607 5418 7047 5652 5607 2754 4023 5580 5949 6516 7758 6615 6741 8793 6831 7587 3420 1917 5571 7830 8748 5625 5904 1881 6390 4590 8523 7497 6759 7173 6993 1854 7668 3159 5076 3672 5427 6417 6228 5571 8901 1593 7155 6930 2457 3222 7866 1701 4230 3042 4347 3735 6939 4680 8172 5859 6498 4752 738 5463 6858 7281 3510 5445 5778 4194 6777 8856 585 3231 2655 5940 5589 4158 6012 4824 6867 5553 6408 3888 4374 6516 4689 6894 2772 3582 5652 684 8712 5184 7029 7137 9450 3663 6147 6390 1089 4491 2349 7515 7047 4770 3033 3447 4599 7011 5526 5913 3168 837 3015 3537 5769 3024 6102 6642 5409 7461 7173 5409 5400 4590 7002 5544 4599 5868 2520 3348 6624 5688 5886 1719 2970 6381 2457 5283 6975 1890 2979 2790 4617 5562 6381 5427 4347 4653 5607 5589 4356 4077 6345 6930 6678 8181 4068 4770 4905 6102 3807 3141 6489 1512 7947 4509 1359 8271 2826 4347 7038 6633 
456 4272 3920 4488 360 2360 1424 4344 408 1520 4184 5840 824 6136 976 6128 5648 3816 264 3800 1088 2072 424 2240 1232 4688 504 5680 3160 1664 2648 6224 2688 4592 1512 6208 3456 4272 3592 4432 4984 2776 4040 632 3832 4688 4384 1528 1696 2080 2872 3560 4184 4000 5016 1040 3376 4968 4096 5232 4192 2240 5992 5288 5792 5744 3504 1800 2040 7152 3824 5104 1512 2824 2624 2432 4520 1776 3072 5720 448 3888 4184 1024 3696 4264 4960 2168 2200 3616 4400 1104 4376 5616 3104 4312 696 2352 1544 4672 1984 5400 1296 5448 1256 5376 4408 5672 1392 5104 176 5800 4992 1656 3856 5576 1696 5456 4952 2144 3592 800 3304 4856 2888 3568 1352 4560 4392 1008 1752 2256 5256 1152 2672 2968 128 4880 3240 2712 3832 1728 2584 6240 896 5744 4736 2912 2544 2352 2816 2976 800 5072 4704 5376 3904 3704 4656 3216 1504 4200 2256 952 960 776 4232 5328 3712 528 976 2304 5464 6192 3584 4864 584 1440 2880 1240 3368 5392 1752 4224 5112 3968 5064 3352 3640 2440 1696 5896 1040 4056 5240 5544 872 5736 4080 5000 4512 3864 1608 2880 1128 3448 2072 3768 6568 4576 2848 1208 5064 3368 1904 4456 1176 912 6512 5080 5840 1968 4160 3328 2016 3224 1304 5056 4168 5296 3536 4064 4936 4912 4632 5848 2328 6432 920 3856 2344 1512 1592 5568 3744 1520 6648 5632 6272 352 2520 3936 5256 4856 5320 864 3584 4256 5288 6304 4360 4064 2088 4464 3776 1160 2824 424 3880 2336 2640 5608 2992 2352 3096 2520 5944 5704 1304 2136 5424 6576 5128 3552 5432 3648 2240 5512 4400 4584 2944 4024 3832 2280 3576 3688 4584 2320 3512 3856 2336 5752 1728 2112 4232 3400 3864 2840 5560 5064 2248 5688 656 3608 5888 1888 4552 4640 1336 1160 
3642 1374 390 5238 3036 4470 2712 2280 3042 2220 4626 6240 3882 3750 3714 4542 2904 450 3162 462 3828 3192 3048 2040 3636 654 3570 5238 954 4410 1320 3948 2760 4890 2532 3192 2826 2616 4560 270 2334 3972 3204 3738 5046 2994 522 4398 4008 1746 2010 4974 4998 2484 2664 3828 4488 4872 3870 5304 2412 4392 4446 5316 5412 2664 1536 2280 2460 4170 4860 5328 4308 2574 3402 2376 4188 2058 1008 5262 3474 3570 2688 3966 2520 2208 2286 1740 2034 4764 1320 2502 3636 3138 2352 1428 3804 1866 4248 4812 1830 3642 2340 4026 2934 2754 3030 6180 4182 5856 3348 5154 5046 4548 3840 3696 4506 4308 1404 4200 4056 3858 4152 4464 3222 1092 4254 402 2178 4050 2028 1806 4842 4038 1812 1428 3252 2874 3114 4428 438 2028 4344 3516 3948 3222 5514 3372 2940 3696 1434 1404 3144 5370 480 4206 3654 744 276 4626 4134 5256 1614 4002 2982 2742 2208 3216 744 2958 4038 1974 5694 4410 4794 4782 3702 3984 1170 3672 4920 3198 4248 2832 5154 3360 5274 792 576 3432 4560 3978 3510 5298 3882 4590 3804 3066 3990 4044 1290 2226 3780 2730 4056 804 1764 4062 4134 540 1212 3720 4380 4170 2568 1404 3282 3924 3894 2022 4524 2136 4794 2652 2010 1644 2352 5322 204 4740 1782 306 4872 5760 2670 4962 1926 3786 3996 900 1590 2178 4452 4818 510 3246 4380 5220 4692 3126 1476 1152 2154 1884 5076 2766 4368 4998 4374 3840 3054 2244 2142 3354 4782 2694 1560 3216 5286 3072 1758 5244 4704 1992 2070 1578 4536 4758 3252 2160 5658 4614 4116 642 4080 954 1650 3732 3072 2748 2436 570 432 3012 1770 3924 5064 3306 1830 3642 1584 6222 2022 4638 1572 3738 4224 4164 4872 4170 3966 3438 2934 1584 3750 4536 2736 1278 3654 3006 
5960 320 2770 6750 4980 6270 3770 1210 5140 3570 5620 8290 6430 3660 5560 4950 2330 2670 5080 2390 5720 3980 4870 2600 5240 1750 6000 6310 2890 6670 3010 3980 2920 5990 3560 2920 2560 1820 5760 2200 1330 4990 2960 6190 6660 2390 1770 7290 5690 3410 1910 6650 6390 1690 1820 5740 5710 5810 4180 6590 1490 6170 4800 6590 6620 2100 1010 3150 3040 4500 6260 6680 6550 2570 4010 2630 4640 3250 2870 6350 5870 3700 1970 6120 1910 1110 1250 3730 2650 6170 460 4060 3640 2650 2060 250 6020 2460 6360 5800 3630 3450 3950 4110 4130 2040 2530 8220 6320 7780 5550 6120 6160 7280 4220 3530 6930 4620 970 5810 4750 6050 5080 5060 3550 1290 6580 2060 1020 6410 3340 2630 5670 6180 2060 1790 5250 2160 3170 5950 2670 3850 5840 3350 6210 2800 7220 3800 3290 4690 2030 1800 4690 6780 2070 4450 3850 1730 2390 6090 6110 6920 3250 6570 4390 4700 1120 2730 1720 5050 6570 2510 7290 4720 6250 5670 6140 5810 3090 5300 6640 2710 6180 2220 6320 3270 6580 2660 2450 4170 7150 4000 5120 7090 3880 5120 5830 2580 4410 4230 590 1330 5290 2760 6260 2050 3120 4680 4310 1840 3200 5410 4840 5080 3260 370 4660 6540 3950 1040 4950 2930 5970 2340 2880 1360 3860 6680 2720 5460 1050 2810 5830 7670 1840 5750 2490 3770 6510 1280 3510 3940 7370 5540 2360 4390 4690 6290 5200 4980 3480 830 1290 740 6100 4310 5380 6350 4770 3830 2580 1250 2800 3090 6130 3990 1920 5020 7170 3630 2090 6350 6390 2460 1740 2400 4960 5400 4540 2750 7240 5060 4330 2610 4210 1410 3490 3590 2600 1980 2290 1740 2630 3560 1000 4460 6340 4020 1120 3850 2860 8290 3450 6860 100 4230 4970 5340 5650 4450 5270 3120 5120 890 3630 6790 1960 740 5200 4280 
5760 3663 5607 3384 5220 4446 3915 2304 5481 4536 2367 4419 6138 1980 4842 1494 2493 5481 5139 5247 4896 3105 5013 3672 4410 4968 5967 2331 5337 5454 5103 1881 2484 2484 3960 2871 1728 1746 2961 5310 2646 2961 990 5985 3726 1296 4941 6723 4401 5049 3069 3933 3186 1926 2133 4950 3087 2061 1107 2781 2052 4428 1332 2763 2619 3015 3402 3888 3384 3132 3303 2943 5445 2475 2547 3033 1107 4401 5265 2367 5922 1089 1620 5346 1935 2385 2709 5445 3726 3357 3807 4752 504 2070 2466 3609 5526 3825 5184 2214 5202 999 4878 711 4014 2376 1107 4419 5274 4203 5616 2124 2430 6390 1386 1179 5778 837 4095 4149 2034 5472 2565 1314 2178 4077 5625 5220 2484 5751 4554 4086 1791 5319 3546 3906 5274 1647 1773 3843 5490 5211 3843 2457 5589 2124 3771 2196 2565 3123 4068 3951 4509 3078 5247 711 1125 4626 5517 3582 4950 3771 5031 6156 4338 5310 2376 1557 4617 5481 6093 3690 3456 1548 3474 1971 5958 4698 5337 4437 4059 1674 4824 1404 2547 963 2862 5256 5220 2799 6102 1368 4473 4059 504 1224 5166 2349 1296 414 3915 2313 4140 2313 5427 4752 4680 1818 2232 5031 5427 4545 999 2511 3447 3708 4149 6255 2385 3249 1251 3879 2745 1989 4032 3366 4716 2979 5661 1557 3024 5697 2097 4185 1809 1782 3753 2394 6057 4311 5364 5121 6759 1593 5202 3744 2169 2322 1674 5040 5463 3924 3231 3258 2214 4644 2601 3096 900 2124 1071 2286 3708 630 3195 4275 3825 4941 4275 2790 3654 2385 4068 3609 2826 4185 1323 1485 3996 3618 3420 1980 513 5319 693 4275 5265 1053 1044 1647 2502 4797 5463 2844 3033 1719 2871 2862 2961 1179 4635 4455 4707 5301 3357 1863 1980 3177 1701 612 3618 1710 5643 3303 1593 5418 1656 4023 4293 4113 
5499 1944 675 7794 4590 6696 4059 3303 4599 3348 6867 9297 5859 5490 5580 6696 4221 747 4770 720 5751 4752 4599 3033 5454 846 5400 7758 1485 6624 2016 5796 4077 7263 3789 4644 4158 3816 6795 270 3375 5913 4707 5643 7524 4374 648 6642 6003 2655 2952 7425 7443 3618 3870 5751 6678 7218 5724 7884 3510 6570 6552 7902 8028 3852 2223 3411 3654 6111 7236 7920 6471 3798 5049 3519 6201 3096 1566 7803 5256 5274 3924 5967 3690 3204 3303 2664 3024 7101 1854 3780 5355 4572 3456 2016 5733 2772 6381 7137 2790 5346 3537 5922 4392 4005 4446 9207 6291 8730 5058 7632 7497 6858 5679 5418 6777 6354 1962 6282 6012 5814 6174 6606 4770 1566 6399 459 3150 6102 3060 2700 7173 6075 2673 2106 4905 4194 4599 6615 729 3087 6480 5139 5940 4698 8217 5004 4356 5508 2124 2070 4725 7983 585 6201 5400 1062 297 6894 6210 7830 2457 6039 4482 4149 3204 4698 1062 4473 6093 2934 8460 6498 7146 7092 5589 5976 1818 5508 7344 4671 6372 4149 7650 4950 7839 1233 900 5103 6867 5850 5274 7902 5715 6777 5724 4464 5904 5967 1800 3240 5661 4032 6102 1188 2673 6021 6066 675 1881 5580 6471 6201 3834 1980 4923 5931 5715 2898 6678 3186 7128 3897 3006 2394 3555 7911 414 7011 2583 567 7227 8586 3888 7344 2862 5544 6030 1260 2439 3303 6723 7128 783 4851 6444 7740 6921 4716 2277 1629 3096 2691 7524 4167 6498 7434 6453 5634 4482 3267 3186 4923 7119 4050 2304 4842 7893 4563 2601 7776 7029 2952 3033 2358 6696 7038 4869 3213 8415 6795 6066 1008 6012 1359 2520 5481 4500 4014 3591 765 711 4473 2565 5823 7524 4914 2664 5382 2385 9270 3051 6957 2241 5544 6273 6210 7218 6156 5922 5031 4446 2286 5499 6813 3996 1782 5472 4500 
1235 1990 2255 2115 920 1245 290 1815 1070 825 1770 2995 1455 2830 840 2810 2600 2175 870 2105 910 315 800 785 655 2460 1335 2630 1845 1370 1555 2875 675 2030 425 2940 1155 1710 1515 2415 2235 960 1500 1360 1825 1940 2310 1835 890 1295 1010 1720 1910 1555 2200 925 1405 2200 1565 2435 1695 1180 2720 2465 2720 2700 1505 590 460 3475 1725 2385 1315 800 670 650 1845 870 1785 2655 1305 1415 1645 1135 1350 1780 2230 1485 785 1620 2085 785 1710 2540 1020 2005 1155 930 1210 2045 1320 2355 920 2380 250 2430 1750 2910 1205 2585 1135 2680 2255 1740 1425 2465 1510 2390 2425 1015 1330 1145 1235 2065 785 1700 1350 2455 1870 1320 940 980 2345 1150 1025 1325 945 2080 1000 1225 2180 1230 1145 2925 1220 2620 2315 815 565 680 1290 1340 525 2385 2525 2340 1430 1900 2560 1435 1085 2030 1360 1485 430 1030 1755 2340 1905 1085 1465 840 2650 2840 1625 2130 1345 935 1725 685 1650 2385 1130 1650 2335 1450 2350 1905 2025 585 1640 2665 615 2015 2250 2465 1000 2635 1570 2105 2165 1515 690 800 1200 1810 1140 1420 3090 2420 1740 740 2170 1265 350 2100 380 1520 3070 2365 2630 705 1815 1095 815 1325 835 2365 2375 2345 1440 2340 2185 2485 1945 2675 880 3025 1440 1905 1520 1120 1860 2505 2065 235 3135 2600 2900 815 1625 1860 2460 2245 2420 640 1430 1935 2300 2935 1720 1640 700 1765 1675 465 1210 760 1975 435 1050 2595 1450 840 1105 1165 2695 2570 310 685 2625 3080 2185 2015 2370 1790 1440 2425 1740 1900 905 2100 2175 400 1465 1350 2085 480 1410 1400 1240 2955 1005 1470 1915 1160 1505 1085 2505 2155 835 2555 1180 1540 2670 1430 1880 2255 635 300 
7182 3024 5220 5688 6435 6462 5130 1989 6651 5382 4671 6642 7596 684 6471 2367 666 5139 6444 4896 6570 4707 6273 4410 6075 4095 7317 4356 5319 7281 5328 1035 3771 4779 5058 603 2934 1935 5211 4617 1539 5004 2511 7407 6003 1521 4239 8298 6237 5544 3636 6174 5490 2241 1188 6615 5292 4311 3339 5004 2061 6426 2295 4977 4653 1152 3357 4815 4446 1359 5580 5193 7227 3564 4347 4014 3411 5157 5283 4383 7236 3132 2034 7002 2583 2106 1611 5895 4464 5616 3069 5751 2637 423 3249 2943 7074 4419 6993 4509 5742 1332 5760 1989 5355 900 1908 6660 7038 6498 6921 4050 4680 8091 3564 1206 7578 2565 2979 6111 4239 7047 4734 3564 3870 3861 7353 4455 2034 7362 5283 4653 3924 7011 4041 4095 6597 1251 3375 5940 5139 5868 5904 288 7182 279 6066 4005 4023 5013 4320 4122 5904 5337 4401 2448 3231 4302 4734 5778 6750 6066 5445 7668 5670 6363 2133 828 4293 6615 7632 4365 5670 2025 5724 4230 7371 6480 5463 6120 6273 720 6696 2025 4779 2772 5112 5130 4950 4581 7866 1395 6066 6345 1971 3060 6786 423 3555 2565 3096 2466 5922 3555 7110 4572 5220 4041 1206 4239 5562 6228 3159 4698 4599 2934 5670 7713 819 1998 2610 4698 5049 3015 4761 3537 5634 5238 5157 3654 3087 5256 4347 6489 1530 3564 4392 657 7587 3906 5733 5877 8352 3528 4869 5310 1638 4374 2556 6345 5751 3483 1827 2196 4374 5814 4833 5400 2880 774 1980 2259 4536 2142 5472 5445 4122 6300 6552 4338 4122 4464 6219 4293 3348 4581 2538 3267 5526 4455 5643 2151 2556 5094 2124 3996 5679 1350 1944 1584 3429 4293 5103 4347 3060 3906 5175 4563 3069 3276 5058 6696 5418 7236 2781 3933 4239 5274 3672 2736 5562 594 6732 3222 936 7299 1611 3105 5985 5490 
2065 1080 785 3455 1550 2705 1235 1540 1580 840 2990 4315 2280 2875 2075 3310 2305 705 1645 640 2165 1675 1545 710 2005 1150 2030 3635 435 2655 330 3005 1410 3230 1085 2625 1620 1705 2870 1000 1805 2345 2005 2155 3245 2050 965 2720 2310 550 855 3165 3250 1545 1975 2165 2790 3275 2460 3605 1565 2635 3220 3620 3765 2230 765 880 1060 3385 3105 3600 2570 1295 1895 1055 2750 690 385 3660 1955 2220 1725 2295 1475 1475 1770 680 700 3015 1120 1090 2360 2405 1190 1120 2175 565 2520 3185 660 2615 970 2845 1420 2140 1995 4250 2465 3960 1825 3605 3395 2805 2395 2690 2740 3015 1430 2480 2505 2215 2540 2990 1795 550 2535 1075 1505 2380 685 485 3310 2350 605 380 1720 2040 1775 2690 710 795 2615 2790 2290 2490 3675 1915 1530 2100 280 360 1595 3620 1160 2940 2280 535 1145 2875 2420 3430 455 2370 1460 1335 1460 2360 545 1520 2390 660 3895 3250 3035 3200 2125 2290 425 2035 3110 2370 2510 1825 3485 2095 3555 445 555 1900 2800 2935 1900 3450 2710 3205 2155 2410 2540 2755 1170 1340 2125 1425 2370 380 480 2535 3195 1080 475 2070 2980 2560 1140 1185 1710 2325 3060 1700 3230 760 3100 1465 655 700 965 3585 905 3250 940 870 3270 3870 1855 3495 615 2980 2355 675 570 885 2765 3350 600 1685 3350 3615 3425 1610 565 805 1830 1550 3465 1295 2730 3255 3020 2970 1995 1420 780 2205 3045 1220 420 1675 3425 1605 550 3625 2920 685 975 305 3260 3340 1685 805 3870 3455 2825 545 2875 550 565 2695 2015 1880 1215 735 705 1550 945 2430 3345 1790 960 2265 320 4290 695 2840 1140 2255 2665 2500 3385 2850 2305 2585 1520 840 2810 2755 1865 1235 2015 1475 
1728 2748 3246 1962 1530 1080 924 2358 1716 1566 1596 3018 1956 3330 1062 3108 3204 3144 1422 3048 1098 306 1380 1452 774 3402 1896 2688 2772 1512 2430 3348 942 1908 1086 3600 1404 2142 1248 3390 2862 576 1692 1872 1614 2328 3240 2322 816 2136 1590 1500 1716 1992 2742 1134 1110 2160 1542 2394 2178 1020 3012 2430 2784 3390 2190 1272 1032 4122 1494 2322 1488 1152 462 1152 1836 1620 2706 2718 1890 1440 2040 1398 1746 2328 2862 2358 1464 1362 2868 1500 1824 3078 1458 2754 1536 1632 1320 1950 2166 2706 1674 2640 810 3018 2070 2916 1362 2526 1698 2778 2196 2100 1350 2844 1716 2580 3264 804 1122 1488 936 2070 762 2490 1590 3426 2442 1668 1704 1722 2370 1380 1698 2070 1482 2538 1092 936 3156 2052 852 3510 1560 3162 2202 702 726 234 2052 2094 996 2310 3498 2538 1428 2772 3564 1152 1158 1854 2208 1950 966 1734 2304 2790 2778 1752 1908 1518 2628 3192 1368 2082 1860 984 2640 792 1428 2862 1122 2004 2286 1572 2286 2838 2964 300 1920 3048 840 1848 2502 2610 1284 3216 1506 2256 2964 2022 612 1068 1452 2688 1944 1254 3600 3366 2664 864 2250 984 930 2868 684 2034 3618 3084 2868 1398 1626 1410 1536 1992 1572 2292 3378 2400 2058 3342 2142 2400 2412 2820 1572 3582 1884 2742 2400 1914 2340 2610 3006 450 3600 2652 3204 1368 2526 2640 3174 2958 2424 1278 1164 1752 2436 3450 2022 2160 1362 1992 1428 1110 1938 1260 1806 510 1734 2640 1212 1500 1644 1932 2952 2724 600 1338 2592 3480 2346 2958 2616 2616 2310 2784 2046 2340 1314 3006 3150 546 2088 1200 1950 300 2016 1392 2058 2970 1782 1500 2622 996 1326 720 2598 2286 486 3030 1872 2214 3108 1524 2322 3072 696 816 
1616 4400 4728 2928 1680 880 1504 4016 1896 2256 2712 4264 1840 5384 640 5040 5192 4600 1480 4512 608 1232 1504 2456 352 5144 1880 4256 4024 1072 3520 5400 2120 3096 1744 5720 2800 3768 2064 5040 4696 1336 3200 1776 2264 4040 4896 2216 208 3024 2832 1992 2624 3552 4568 664 1840 3536 2928 3728 3792 760 4904 3784 4336 5416 3624 2088 1952 6440 2256 3584 1040 2376 1560 2240 3272 2424 3928 4296 1912 2840 3640 992 3224 3968 4688 3256 2448 2048 4552 1992 3360 5040 2768 4416 1264 2672 816 3216 3016 4552 2256 4440 1216 4936 3704 4104 880 3536 1720 4424 3512 1872 2664 4736 1344 4320 5096 592 2248 1168 1864 3552 1960 3928 1192 5120 4120 1352 2496 2712 3888 928 2856 3320 1496 4312 2392 1136 4616 2800 1008 5624 1232 5152 3160 1872 1848 1032 3248 3344 1072 3536 5240 4272 2808 4232 5280 1640 600 2624 3168 1792 1208 2080 3936 4664 4232 1992 1712 2544 3912 5160 2016 3456 1776 368 3792 336 1808 4752 592 3608 3624 3032 3544 4152 4376 1336 1616 5000 568 2496 4256 4320 888 5216 2848 3904 4680 3552 128 2304 1032 4064 2848 2448 5736 5072 3800 360 3832 1936 1776 4568 752 1936 5768 4952 4696 2280 2640 2784 2440 3336 2160 3528 4936 3968 3504 4864 3504 3336 4136 4544 2600 5720 1696 4256 3368 2584 2240 4264 4448 840 5736 4200 5152 1440 3552 4192 5088 4768 3888 1616 2104 2704 4104 5544 3640 3744 2304 3600 2216 1576 3144 1256 2328 1560 2888 4168 1440 2544 2960 3024 4816 4440 784 2296 3872 5544 4016 4336 4400 4072 3248 4648 3672 4040 2576 4552 4608 1576 3544 2416 3056 1336 3448 2760 3056 4176 2552 1136 4264 2192 2488 1328 4232 3920 728 4984 2152 3680 5088 1112 4016 4824 280 1128 
4374 6498 7524 1062 4554 1809 4023 5553 4797 4977 1764 2214 4518 6075 3330 4959 6435 7371 4329 7218 3222 3087 4356 4833 3060 7623 4689 3177 6831 3033 6318 5940 3780 1881 4284 6903 4059 5067 1188 7677 6228 1899 4014 4509 369 5040 7416 4635 2511 5850 4896 432 990 4977 5868 3285 1188 2538 3033 2277 5247 1935 4869 2358 3105 6858 5751 4572 4203 7191 783 2025 3150 4086 2781 4293 3033 5094 6723 3204 4752 3303 4887 3501 4662 5562 6255 6165 4851 792 6678 4797 3735 6084 4509 6489 3915 5094 2934 2169 5877 5094 5085 4635 3780 6228 4653 2016 3132 1359 4572 3510 2277 4014 2826 5274 3294 4221 7209 1998 2178 3780 1764 3051 3141 6300 3447 7704 5724 3852 5211 5247 3069 3375 5148 5715 4347 5427 3492 1386 7389 5679 1539 6552 3798 6165 1071 2907 3474 2331 5715 5751 3825 1890 7803 4248 3186 6759 7938 936 2844 486 5976 4392 3915 4986 5526 5571 6759 4905 4275 4923 2133 5247 702 2529 4527 2817 6633 3042 630 5688 2547 4725 2313 3708 2025 6921 7092 2709 3627 5382 3294 162 4527 3933 3528 6345 2817 3942 6822 5175 2655 3879 3474 6669 5580 2340 6246 7587 6660 3060 3510 1782 4059 6651 3384 4599 6471 6705 4509 4761 1395 4221 4968 5490 4950 1935 7713 3303 5481 7668 2493 1134 5391 3879 5004 6489 4284 6660 6255 5454 4617 3636 7146 3213 6057 3114 4995 4284 6444 6444 6786 6579 2799 4401 1566 1125 3870 6210 4572 5328 4707 4266 900 4248 5517 4077 198 3249 5220 3033 1044 4887 4896 5562 4662 3942 3330 4662 2097 5607 4014 7092 4527 6498 6111 5139 4590 5229 4329 7092 7371 3348 5517 2502 1548 2898 5400 3150 5751 2097 5319 2520 6255 2583 2133 1611 3528 3843 2043 5796 5085 5760 5688 2817 5211 6975 2961 3744 
3760 4328 5480 1264 3592 1968 2720 3400 3832 3552 568 2624 4016 3896 2800 3104 4152 5352 3440 5184 2784 1760 3392 3160 2432 5384 4008 2080 4960 3040 4568 3800 2040 984 2904 4576 2104 2952 512 5504 3976 848 2000 3936 1240 2912 5240 4368 2184 4256 3032 1368 960 2888 3648 2840 608 1360 1152 1640 3120 2000 3000 1688 2176 4528 3728 3056 2632 4920 880 1552 3080 2280 1264 2592 1280 3568 4872 2120 4016 1368 2784 3160 2632 3416 4000 4584 3184 872 4480 3520 1776 3848 2608 4304 3432 3384 2840 1056 4328 3016 3736 2672 2616 3968 2568 2528 2968 2096 3784 2248 1376 3944 944 3184 3328 2392 4928 1816 368 3344 312 1448 1416 4272 3296 5504 3560 3520 3696 3560 1720 3088 3336 3824 3512 3256 1624 1384 5360 4216 1424 4288 3408 3920 1640 1216 1824 1264 3872 3856 2872 1560 5576 2384 1264 4720 5728 1056 2656 1384 4328 3968 2840 3864 3392 3400 4720 3888 3888 3224 1992 3304 968 1272 3928 2496 4832 2440 1472 3496 2472 2640 1496 1728 1496 4992 5096 1328 3640 3328 2584 1568 2552 2264 3064 4080 976 2056 4608 3096 2088 2072 3192 4688 3968 520 4104 5384 4880 2512 1808 248 2560 4440 2456 4112 4256 4416 2720 3176 680 2280 3368 3536 3600 1520 5616 1832 3456 5600 1328 1984 3224 2408 3296 4256 3872 4576 4608 4048 4384 2136 5128 2160 3984 2024 3176 3368 4760 4336 4480 4320 1712 3248 176 944 2120 4024 2496 3216 3088 2224 768 3008 3672 3216 1712 1736 3416 2000 1504 3176 2976 3800 2856 2352 2344 3024 1944 3664 2144 5120 2592 4456 4488 3064 2512 3088 2472 4984 5344 1832 3480 656 1088 1512 3384 1232 4064 2592 3816 2776 4096 768 384 872 2088 2016 1448 3608 4056 3712 3552 2944 3072 4744 2320 2640 
7380 4068 6255 4914 6759 6201 5427 2808 7002 5886 3978 5643 7776 639 6525 1107 1926 6156 6714 5904 6588 4752 6561 4932 6093 5265 7560 3267 6210 7191 6120 297 3978 3969 5418 1890 3123 2475 4662 5742 2646 4716 2457 7614 5391 1863 5355 8406 6138 6219 4212 5625 4788 2790 2133 6642 4806 3402 2844 4041 2727 6183 1080 3996 3546 2466 4185 5256 4806 1458 4968 4266 7173 3870 4257 4401 2718 5697 6165 3285 7506 2817 2484 7047 3015 2925 2718 6597 4995 5049 4158 6183 2241 1476 3690 3996 7191 5013 6912 3681 6399 927 6246 1116 5580 2052 2088 5688 7002 5625 7191 2916 3762 8100 3132 738 7506 1566 4185 5904 3780 7146 4311 2727 3834 4797 7344 5598 2916 7434 5841 5265 2943 7020 4671 4869 6849 1881 3375 5598 6156 6471 5598 1251 7263 1386 5256 3897 4140 4860 5067 4896 6111 4419 5562 1503 2871 5283 5886 5310 6678 5373 6156 7812 5913 6777 2943 1323 5274 6984 7758 4923 4680 738 5166 3348 7578 6426 6300 6138 5778 1332 6570 2349 3843 2592 4194 6066 5931 4500 7830 378 6147 5688 1251 1998 6849 1674 3024 1809 4212 3132 5868 3771 7128 5517 5868 3555 504 5382 6399 6246 2268 4257 4914 4023 5787 7893 828 3195 1449 5193 4356 3303 5301 4284 6102 4320 6228 2664 3852 6309 3447 5652 2214 2412 4959 936 7722 4905 6471 6435 8442 2448 5877 5400 495 3294 1260 6606 6525 4482 3060 3339 3375 6147 4311 4671 1926 639 2115 2979 5022 1989 4869 5778 4842 6534 5940 4410 4770 3393 5805 4833 3924 5274 1332 2142 5634 4932 4662 828 1728 6066 1215 4959 6399 792 2079 2151 3807 5346 6120 4455 3834 3474 4365 4545 3816 2934 5751 5715 5985 7047 3789 3618 3681 4932 2592 1899 5364 972 7128 4059 504 7164 2178 4257 5994 5697 
3438 4062 4974 180 3414 1830 2856 3306 3594 3492 546 1104 3588 3360 2706 2508 3726 4872 3288 4746 2670 2148 3270 3228 2466 4878 3642 1254 4584 2694 4284 3240 2388 444 3006 3996 2388 2946 702 4980 3696 1362 2208 3558 702 2832 4776 3756 2184 4038 3132 954 264 2934 3408 2712 858 858 1470 660 3102 1890 2460 714 1212 4050 3642 3138 2832 4068 552 504 2754 2568 1800 2808 1344 3522 4518 1272 3666 1722 2826 2910 2772 3330 3720 4278 3252 702 4176 3444 1914 3462 2802 4044 3162 3396 2586 636 4086 2736 3612 2364 2754 3618 2598 1032 2706 750 3510 1476 660 3378 1398 2844 2892 2046 4488 1848 1086 3078 1032 1272 1926 4056 2940 4974 3432 3168 3612 3528 1212 2838 3366 3732 3324 3090 2046 1422 4884 3990 1500 3714 3108 3498 432 1776 2232 1704 3768 3756 2886 438 5022 2088 1638 4398 5148 1032 2484 546 4092 3528 2898 3660 3312 3120 4398 3648 3456 3276 702 2718 756 870 3558 2418 4482 2466 1122 3198 2310 2700 678 1998 498 4608 4686 1830 3126 2868 2604 786 2328 1818 2886 3648 1320 1920 4266 3120 2190 2406 2910 4380 3822 1110 3426 4878 4518 2502 1578 1002 2766 4140 2574 3654 3606 4056 2208 3240 348 2538 3378 3504 3510 450 5070 1374 3426 5058 822 714 3114 1740 3336 3636 3456 4278 4302 3852 3750 1590 4704 2382 3264 1212 2514 3240 4422 4092 4086 4002 1008 3216 798 198 1812 3438 2550 3192 3174 2292 570 3054 3612 3114 996 2160 3426 1158 1326 3246 3078 3714 2310 1800 2508 3126 672 2940 1950 4704 2286 4194 4212 2748 2550 3006 2706 4590 4872 2226 3444 1242 186 1968 3372 1626 3906 1080 3696 2400 3876 1404 936 1266 1506 1830 1698 3222 3774 3624 3102 2574 3000 4362 2388 2754 
3248 994 1988 4032 2576 3465 1687 1043 2709 1638 3290 5180 3577 2884 2933 3451 2191 1883 2632 1708 3045 1862 2485 903 2716 1799 3290 4025 1750 3717 1624 3052 1183 3598 1547 2667 1190 1211 3276 1897 1533 2653 1673 3416 3871 1694 1666 4179 3038 1722 378 3836 3759 980 1673 3066 3206 3570 2408 4074 1029 3388 3325 4095 4221 2191 350 1281 1169 3654 3626 4102 3626 945 1960 896 2793 1442 1694 4053 3213 2058 1232 3325 896 959 1505 2002 945 3535 1127 1967 2184 2268 637 1008 3269 861 3493 3500 1869 2478 1925 2807 1939 1953 1610 5110 3472 4753 2982 3948 3773 4151 2366 2590 3899 3059 1603 3143 2632 3290 2793 3115 1694 833 3647 1890 1036 3535 1526 1029 3563 3367 560 651 2758 1701 1519 3283 1890 1967 3199 2821 3395 2387 4354 1876 1428 2401 798 679 2338 4151 1953 2947 2156 1246 2093 3430 3318 4088 1652 3668 2128 2429 931 2149 1246 2660 3668 854 4529 3367 3584 3472 3374 3108 1778 2758 3801 2177 3374 1372 3899 1834 4039 1680 1666 2044 4053 2933 2625 4172 2618 3346 3129 2310 2541 2709 1239 707 2758 1113 3423 1302 1463 2632 3325 1792 1848 2828 3059 2800 1323 1141 2303 3654 3164 1582 3353 1148 3500 980 1148 210 1841 4095 2058 3458 231 2072 3577 4655 1442 3766 854 3059 3619 1085 1890 1981 4228 3577 1666 2121 3521 3997 3619 2562 1932 889 1736 1386 3815 2100 3031 3752 3087 3024 1617 840 1036 1918 3528 1855 623 2583 4200 1645 616 4025 3598 805 315 973 3388 3542 2219 994 4494 3654 2807 1736 2849 994 1841 2590 1645 1470 756 1449 1869 1582 266 2471 3801 1925 217 2142 1344 5166 1624 3850 882 2261 2828 2891 3633 2842 2786 2471 2723 364 2765 3801 1442 1365 2688 2044 
1842 4038 4404 1722 2070 216 1986 3618 2214 2562 1854 2592 1908 4392 1206 3900 4404 4308 1914 4236 1116 1590 1962 2664 1122 4662 2058 2994 3882 906 3510 4356 2232 2076 2166 4776 2628 3372 1296 4614 4116 1140 2802 1920 1146 3486 4488 1974 720 3138 2874 888 1560 3246 3966 1146 1146 2484 2370 2472 3432 300 3816 2526 3000 4620 3474 2406 2262 5178 1278 2328 990 2442 1632 2430 2526 2682 3810 3018 2112 2412 3258 1248 3000 3600 4122 3312 2664 1140 4158 2364 2790 4236 2748 4044 1530 2832 852 2220 3132 3732 2562 3546 1770 4230 3222 2460 984 2022 2016 3174 2388 1566 2178 3870 1080 3366 4554 498 1758 1434 1404 2658 1950 3750 1182 4662 3714 1458 2742 2886 2808 1152 2940 3306 1902 3720 2268 540 4320 2970 540 4632 1434 4314 1812 1830 2010 1182 3264 3324 1668 2262 4746 3354 2364 4002 4794 828 816 1398 3246 1818 1782 2394 3576 3924 4002 2298 1740 2730 2484 4044 1074 2448 1932 852 3714 1092 720 3996 618 3198 2442 2634 2316 3978 4134 1500 1314 4014 1278 1224 3432 3270 1296 4392 2262 3096 4254 3300 918 2346 1212 3888 3006 1914 4596 4620 3720 1080 2928 1446 2136 4158 1434 1968 4674 4362 3612 2556 1698 2670 2676 3264 2490 2274 4554 2916 3348 4506 2454 1866 3630 3348 2778 4656 1752 3996 3396 2802 1962 3156 4188 1446 4530 2952 3960 1896 3534 3918 4452 4242 2718 2082 1464 1644 3162 4500 3168 3432 2556 3060 1290 2052 3174 1764 1038 1800 2976 2910 492 2724 2934 3114 3714 3324 1446 2544 2454 4314 3168 4110 3492 3864 3306 3792 3186 3546 2604 4242 4314 1836 3378 1956 1944 1572 3306 2328 3156 2514 2790 576 3918 1872 1860 978 3102 3072 816 4128 2412 3504 4146 762 3528 4362 1080 1716 
5770 4230 6200 3110 5240 4180 3830 2810 5540 4630 1950 4420 6170 2950 4700 2260 3370 6050 5130 5790 4750 2830 5000 3760 4220 5670 6020 2400 5780 5330 5450 2860 2320 2170 3920 3860 1670 2180 2540 5970 3360 2540 990 6020 3420 1880 5580 6790 4160 5290 3200 3620 2860 2260 2850 4810 2670 1860 460 2650 2480 4170 2090 2650 2690 3900 3760 3910 3330 4240 2950 2780 5330 2400 2170 3010 690 4520 5690 2440 5980 560 1990 5260 2120 2870 3410 5730 3810 2990 4410 4810 350 2950 2530 4180 5480 3960 5030 1920 5450 1850 4980 1510 3890 3190 1520 4390 5150 4080 5640 2290 2230 6390 770 2070 5690 1390 4820 3870 1500 5410 2090 1110 1820 4520 5550 5910 3010 5700 4690 4240 1750 5210 3710 4200 5270 2320 1490 3510 6060 5420 3510 3450 5530 3030 3560 1790 2330 2760 4350 4250 4410 2900 5950 1300 540 5120 6220 3220 4780 3500 5300 6180 4250 5400 2850 2380 5120 5560 6110 3790 3380 2400 3110 1730 5990 4510 5740 4250 3760 2510 4630 1750 2390 730 2680 5720 5740 2430 6060 2280 4310 3800 1310 1570 5070 3250 690 830 4540 2650 3900 2170 5340 5210 4880 1260 3250 5710 5820 4360 1040 2030 3360 4320 3980 6300 3410 3990 1870 3940 2370 1980 4130 3650 4800 2800 6290 1580 3350 6310 1890 4030 2390 2090 3870 3410 6070 4820 5680 5290 6830 1780 5730 3530 3150 2370 2420 5020 5810 4430 4010 3940 2150 4630 2130 2760 1220 3120 1440 2690 3770 980 2820 4240 4070 4890 4020 2520 3840 2420 3750 3710 2980 4420 2000 1820 3810 3670 3330 2870 980 5820 1450 4750 5550 1920 1440 2200 2500 5370 6020 2600 3370 1150 2580 2540 3270 600 4880 4440 4860 5140 3900 1320 1460 2770 1850 910 3280 2610 5740 3680 2530 5280 2200 4680 4090 3990 
4864 1096 3008 4776 4136 4720 3040 176 4304 3104 3848 5936 5240 2168 4376 3120 1264 2920 4176 2696 4496 2936 4016 2248 4072 2240 4944 4256 2992 5216 2984 2400 2040 4112 2920 1808 1512 672 4064 2600 544 3568 1648 5064 4792 1072 2256 5904 4352 3184 1568 4840 4512 688 704 4520 4056 3904 2648 4536 448 4648 2992 4536 4512 1296 1224 2648 2416 2960 4456 4632 5136 1784 2816 2032 2968 2880 2960 4288 4856 2280 824 4848 992 184 528 3480 2296 4408 1208 3464 2144 1392 1400 1040 4840 2216 4952 3936 3352 1920 3440 2440 3288 992 1216 5896 4952 5592 4584 4088 4200 5816 2720 1992 5448 2856 1448 4360 3208 4840 3536 3280 2408 1712 5200 2496 48 5128 2984 2416 3752 4880 1872 1880 4312 896 2024 4384 2920 3480 4312 2008 4968 1528 5152 2592 2328 3408 2080 1904 3768 4720 2496 2728 2400 2144 2752 4408 4744 4968 3088 5328 3536 4000 224 1376 2136 4256 5320 2200 5112 2944 4480 3800 5024 4496 3104 4120 4856 1376 4760 1008 4328 1920 4552 2848 2720 2984 5664 2376 4016 5136 2264 3264 4632 1416 2840 2568 1288 608 4040 1864 4952 2352 2896 3120 2680 2312 3192 4216 3072 3528 2576 1104 3648 5336 2440 848 3120 2520 4152 1424 2544 1392 3336 4640 2992 3568 992 3056 3928 5520 624 3776 2208 2312 5272 1808 3344 3504 5960 3616 2664 3376 2968 4248 3312 4088 3352 1432 944 752 4112 3576 3736 4464 2992 2312 1272 416 2376 1680 4344 3280 1912 4088 5232 2616 1944 4296 4704 2136 1336 2320 3128 3496 3528 2320 5080 3224 2640 2840 2528 1856 3296 2040 1280 744 1592 2208 2888 2592 968 2952 4408 2904 992 2416 2744 5944 3096 5288 832 2816 3344 3840 3712 2744 3896 1712 4336 1104 2104 5280 736 1376 4024 3408 
3335 1545 2715 2475 2955 2855 2220 785 3090 2445 1900 3085 3560 730 2900 1095 765 2655 2945 2515 2950 1915 2855 1910 2675 2250 3425 1905 2650 3330 2580 790 1425 1990 2200 1010 945 555 2170 2480 865 2040 660 3465 2615 210 2265 3935 2745 2625 1505 2700 2350 720 570 2975 2210 1780 1140 2180 705 2835 1015 2170 2070 1045 1525 2100 1860 1375 2385 2265 3305 1345 1685 1625 1225 2335 2620 1925 3385 1005 550 3195 845 845 905 2835 1945 2395 1605 2615 750 555 1225 1505 3255 1955 3170 1855 2725 355 2650 680 2325 690 350 3080 3200 2950 3210 1775 1980 3795 1255 425 3495 960 1710 2665 1625 3235 1895 1365 1430 1880 3385 2415 870 3405 2415 2095 1620 3195 1760 1885 3025 310 1155 2560 2655 2765 2540 865 3305 605 2700 1495 1545 2055 1995 1900 2625 2335 2410 880 1060 2165 2575 2475 3035 2670 2590 3590 2505 2950 850 275 2160 3075 3570 1905 2550 995 2450 1725 3445 2885 2685 2695 2755 340 2995 480 2050 800 2220 2575 2520 1820 3660 670 2680 2815 580 1230 3080 705 1265 835 1655 920 2575 1310 3250 2275 2430 1525 1005 2300 2735 2755 1175 1875 1930 1545 2470 3625 965 1205 1100 2060 2105 1030 2115 1560 2570 2280 2715 1485 1330 2750 1795 2935 460 1545 1925 925 3545 1965 2770 2745 3960 1470 2495 2260 1105 1905 1220 2885 2800 1735 1180 1235 1860 2615 1960 2305 1080 830 385 850 1965 455 2320 2410 1865 2855 2915 1710 1820 1945 2720 1855 1350 2105 1100 1370 2385 1915 2530 1195 865 2585 735 1980 2725 435 360 395 1295 2225 2635 1725 1325 1440 2205 1820 1305 1085 2370 3105 2495 3295 1375 1450 1640 2190 1540 945 2355 460 3150 1455 580 3330 410 1700 2620 2390 
567 4995 4419 5463 621 3024 1944 5166 450 1872 5130 6966 846 7254 1476 7290 6651 4302 666 4302 1584 2736 801 2754 1800 5364 378 6813 3555 2133 2997 7362 3384 5589 1998 7281 4248 5130 4464 5040 5877 3546 4914 639 4716 5616 5022 1620 2295 2367 3501 4392 5121 4815 5949 1530 4212 6012 5022 6309 5022 2889 7128 6372 6939 6732 4158 2286 2610 8379 4716 6165 1953 3519 3366 3051 5499 2151 3465 6858 234 4779 5040 1431 4482 5076 5850 2394 2709 4482 5130 1413 5310 6633 3807 5049 1008 2853 2043 5679 2232 6435 1548 6516 1791 6345 5310 6786 1854 6147 234 6948 6039 1917 4752 6633 2106 6534 5742 2808 4464 1152 4140 5877 3645 4167 1737 5202 5211 1296 2106 2709 6336 1575 3222 3510 549 5814 4032 3456 4320 1935 3312 7344 1215 6786 5733 3681 3240 3069 3321 3510 1305 6120 5364 6444 4797 4257 5283 4023 2034 5121 2565 1035 1458 882 5040 6327 4275 549 1116 2826 6561 7353 4437 5895 585 1989 3231 1809 4176 6399 2322 5094 6174 4842 6111 3789 4122 3159 2043 7011 1593 4959 6282 6642 1314 6759 5004 6030 5247 4635 2223 3591 1521 3960 2421 4662 7740 5229 3186 1764 6111 4212 2475 5202 1746 909 7668 5949 6966 2448 5103 4086 2475 3843 1602 6102 4698 6372 4221 4572 5976 5922 5526 6993 2835 7569 1053 4473 2610 1719 1701 6687 4248 2124 7848 6750 7452 765 2799 4590 6156 5697 6408 1251 4455 5202 6363 7443 5265 4860 2592 5391 4662 1611 3357 891 4752 3015 3186 6732 3762 2889 3762 2979 7083 6831 1890 2655 6516 7776 6165 4014 6507 4239 2511 6570 5301 5481 3636 4617 4329 2961 4266 4563 5571 3024 4203 4743 2709 6867 2043 2664 4977 4239 4770 3618 6669 6102 2952 6741 585 4275 6984 2385 5445 5391 1917 1692 
2745 3825 4635 3069 2340 1926 1287 3222 2619 2223 2421 4644 3105 4734 1800 4482 4509 4491 2205 4338 1872 216 2115 1953 1377 4824 2970 3996 3951 2547 3465 4770 1107 2889 1494 5103 1809 2916 1989 4824 3987 999 2277 2970 2610 3204 4590 3690 1512 3051 2097 2466 2691 2691 3816 1926 1809 3204 2160 3618 2961 1836 4329 3672 4149 4779 2997 1719 1314 5922 2385 3528 2493 1422 495 1449 2628 2277 3852 4041 2952 1953 2763 2322 2313 3186 3987 3411 1971 2214 4005 2187 2529 4329 1881 3834 2493 2214 2259 2916 3114 3816 2421 3753 1179 4230 2826 4509 2313 3942 2655 4095 3294 3393 1881 4014 2844 3699 4590 1512 1638 2430 1458 3006 882 3465 2637 4869 3357 2718 2412 2367 3483 2304 2286 2853 2322 3510 1359 1674 4500 2970 1557 4986 2547 4464 3447 837 774 549 2835 2880 1557 3528 4977 3627 1953 3897 5085 1944 2016 2952 3150 3114 1467 2592 3150 3915 3906 2664 3060 2043 4014 4581 2232 3087 2943 1746 3771 1413 2385 4014 1980 2718 3447 2115 3465 4032 4212 297 3141 4338 1440 2970 3537 3780 2133 4536 2133 3204 4149 2727 1188 1296 2412 3789 2745 1818 5148 4779 3807 1521 3240 1521 1179 4005 1134 3222 5166 4311 4131 1890 2511 1809 2106 2700 2268 3492 4824 3510 2790 4779 3186 3762 3321 4122 2124 5112 3024 3834 3456 2772 3726 3816 4266 738 5175 3942 4626 2115 3636 3681 4455 4122 3600 1899 1809 2736 3501 4914 2763 2934 1827 2736 2286 1602 2646 1971 2943 459 2349 3924 2079 2007 2169 2673 4257 3960 981 1773 3960 5013 3339 4212 3717 3654 3312 3933 2790 3213 1665 4239 4491 513 2835 1701 2988 171 2718 1899 2898 4581 2538 2556 3636 1368 1953 1269 3807 3258 1026 4275 2844 3033 4410 2574 3186 4311 1278 1233 
5910 1300 1250 7950 4890 6930 4080 2810 4950 3440 6890 9590 6350 5260 5840 6580 3870 1210 5060 970 6030 4700 4860 2870 5650 510 5850 7800 1780 7010 2210 5590 3860 7310 3800 4370 3840 3380 6860 570 2900 5940 4410 6100 7700 4010 180 7230 6210 2850 2610 7620 7570 3180 3450 6030 6760 7230 5570 7970 3050 6810 6420 7990 8110 3490 1700 3360 3530 6000 7360 8030 6850 3530 4960 3300 6080 3130 1820 7850 5700 5070 3510 6330 3290 2700 2820 3000 2880 7230 1200 3950 5130 4240 3100 1380 6110 2600 6720 7160 3050 5080 3730 5720 4460 3610 4090 9490 6630 8990 5440 7650 7540 7380 5540 5160 7210 6210 1450 6470 5950 6180 6170 6530 4600 1060 6810 510 2640 6520 3140 2600 7160 6430 2390 1790 5220 3800 4360 6770 1200 3350 6640 4890 6330 4380 8420 4860 4190 5520 1890 1760 4900 8110 610 6040 5210 710 810 7040 6500 8020 2640 6530 4610 4460 2700 4360 700 4830 6570 2760 8640 6360 7290 7090 6040 6230 2110 5700 7560 4340 6650 3760 7710 4690 7940 1480 1120 5050 7350 5640 5460 8130 5490 6690 6050 4140 5770 5790 1170 2770 5820 3780 6480 1060 2750 5940 5900 390 2210 5800 6360 6190 3740 1350 5040 6440 5520 2410 6560 3100 7190 3560 2940 1950 3710 8020 1120 6970 2080 1250 7240 8840 3460 7310 2690 5340 6500 650 2740 3550 7320 7080 990 4910 6310 7780 6830 4990 2610 980 2640 2170 7550 4340 6520 7550 6330 5420 4130 2780 3060 4630 7230 4140 2010 5100 8150 4450 2340 7830 7230 2760 2640 2230 6580 6970 4960 3070 8590 6690 5900 1310 5820 860 2790 5230 4160 3600 3270 330 1160 4350 2050 5720 7620 4850 2170 5200 2430 9570 3180 7320 1630 5430 6220 6270 7180 6000 6030 4740 4830 1740 5260 7190 3580 1170 5650 4590 
3192 4528 5448 1424 3128 1280 2440 3744 3368 3296 1152 2824 3416 4496 2216 3792 4640 5320 2952 5176 2176 1536 2936 3072 1880 5520 3456 2712 4864 2368 4424 4432 2104 1528 2656 5104 2400 3344 488 5568 4368 448 2472 3360 984 3392 5336 3720 1552 4048 3096 928 1096 3224 4088 2232 280 2000 1768 2144 3472 1312 3680 2208 2768 4984 3856 2880 2512 5536 784 2008 2408 2376 1216 2568 1960 3360 4768 2744 3480 1880 3184 2536 2928 3736 4384 4352 3088 616 4688 3192 2352 4368 2760 4520 2840 3304 2176 1664 4096 3616 3432 3320 2264 4432 3040 2688 2312 2160 3264 2904 1944 3280 1520 3792 2648 3072 5176 1152 936 2736 464 2144 1544 4344 2640 5592 3888 2896 3472 3448 2392 2448 3328 3832 3008 3728 1888 688 5336 3944 736 4848 2792 4456 1728 1344 1832 880 3840 3864 2424 1960 5680 3064 1800 4760 5800 488 2008 1280 4144 3352 2448 3456 3712 3936 4760 3440 3272 3144 2360 3984 648 1928 3352 1864 4704 1880 944 4032 1800 3064 2048 2216 1968 4928 5072 1168 2960 3960 2056 1320 3184 2960 2464 4592 1616 2720 4816 3376 1512 2200 2552 4688 3784 1144 4736 5496 4736 1936 2496 520 2392 4664 2000 3512 4872 4768 3408 3032 1064 2528 3216 3624 3296 1952 5616 2512 3616 5576 1960 2000 3656 3088 3216 4856 3256 4664 4408 3752 3728 2824 5120 1768 4640 2656 3864 2896 4568 4472 4848 4640 2336 2872 560 1160 2800 4632 2968 3520 2968 2760 704 2680 3664 2728 1336 1648 3400 2616 864 3112 3096 3720 3536 3040 1920 2920 2320 4344 2816 5080 3248 4520 4280 3680 2992 3520 2592 5048 5320 1728 3656 1216 1480 1344 3552 1760 3920 2760 3584 2080 4320 1168 1072 256 2768 2688 856 4176 3608 3864 4160 2256 3504 4960 1768 2264 
1565 2865 3275 1270 1585 400 1290 2480 1730 1815 1170 2110 1690 3125 955 2770 3125 3195 1465 3120 925 840 1470 1790 770 3420 1730 2150 2870 1030 2575 3105 1340 1405 1440 3435 1650 2265 740 3410 2890 420 1795 1665 865 2360 3290 1875 520 2300 1910 720 1080 2165 2760 960 600 1705 1465 1785 2320 395 2695 1825 2185 3310 2405 1615 1440 3785 850 1685 1055 1515 820 1545 1630 1885 2810 2170 1755 1480 2170 1135 1965 2465 2895 2470 1795 725 2965 1705 1800 2990 1770 2865 1335 1935 905 1495 2310 2580 1860 2445 1145 2980 2140 2010 990 1660 1635 2270 1665 1595 1300 2695 1210 2320 3290 265 975 1265 695 1770 1085 2665 1195 3440 2560 1360 1945 2000 1945 1080 2000 2315 1485 2555 1345 200 3205 2200 125 3320 1300 3050 1420 980 1155 455 2295 2330 1165 1655 3505 2305 1445 2895 3555 470 800 1090 2375 1650 1210 1820 2445 2730 2900 1780 1595 1845 1885 2875 700 1655 1665 720 2750 760 630 2790 675 2120 1730 1655 1665 2930 3045 720 1405 2825 890 1030 2345 2275 1105 3115 1390 2080 3045 2220 535 1430 1145 2820 2160 1110 3305 3390 2760 785 1980 735 1350 2960 915 1750 3365 3105 2540 1730 1105 1690 1840 2240 1790 1650 3390 2015 2290 3360 1680 1545 2485 2375 1890 3350 1590 2870 2520 2070 1880 2205 3080 830 3270 2115 2825 1435 2630 2785 3175 3010 1915 1485 800 1135 2165 3220 2095 2325 1710 2010 825 1400 2200 1325 960 990 2030 2085 425 1835 1945 2185 2620 2335 890 1690 1860 3105 2145 3035 2405 2765 2445 2630 2115 2410 1655 3090 3200 1030 2315 1125 1355 790 2250 1415 2265 2060 2000 880 2755 1030 1095 320 2175 2075 185 2905 1885 2425 2925 975 2395 3135 705 1120 
1752 2190 2640 2478 1350 1644 504 1920 1524 1074 2004 3534 2022 3126 1272 3120 2850 2544 1302 2448 1350 306 1212 852 1032 2802 1872 2982 2184 1890 1860 3180 534 2316 600 3258 1110 1782 1764 2784 2430 1116 1530 1908 2190 2052 2640 2478 1266 1602 1014 2094 2232 1602 2370 1374 1656 2478 1662 2796 1770 1572 3012 2826 3102 2982 1614 708 426 3894 2040 2754 1830 690 648 570 2004 1086 2118 3012 1830 1458 1698 1626 1350 1878 2418 1848 864 1926 2304 1110 1800 2772 966 2202 1662 1026 1692 2310 1656 2556 1242 2598 552 2646 1824 3444 1692 3072 1626 3024 2568 2352 1506 2688 2064 2622 2712 1362 1452 1644 1392 2280 708 1890 1878 2820 1986 1854 1182 1128 2622 1644 1092 1464 1398 2220 936 1542 2556 1578 1458 3234 1734 2868 2736 780 408 810 1446 1488 900 2760 2898 2562 1482 2166 2958 1746 1536 2418 1662 2058 768 1440 1854 2532 2172 1536 2034 912 3084 3150 1938 2394 1884 1356 2070 1068 2028 2586 1566 1704 2670 1482 2706 2238 2358 600 2226 2928 1002 2430 2436 2730 1470 2886 1686 2286 2400 1566 1026 684 1704 2082 1392 1542 3432 2766 2094 1134 2388 1428 336 2316 726 2100 3408 2598 2916 816 2094 1044 954 1404 1134 2724 2772 2616 1512 2742 2466 2958 2058 3000 966 3354 2004 2142 1866 1458 2508 2796 2400 510 3492 2952 3228 1236 1986 2058 2706 2454 2736 978 1632 2256 2526 3246 1788 1710 768 1848 1968 744 1332 1182 2406 306 1128 2946 1818 894 1098 1338 2988 2868 630 732 3054 3438 2376 2358 2592 2010 1776 2640 1812 2004 822 2400 2544 246 1542 1440 2406 462 1470 1452 1482 3492 1272 1968 2082 1206 1662 1296 2808 2346 1086 2790 1644 1650 2928 1944 1986 2508 996 624 
7848 4842 7020 4842 7281 6435 5958 3546 7533 6489 4014 5355 8226 1386 6930 801 2709 6912 7218 6669 6984 5193 7074 5562 6498 6048 8046 2961 6948 7515 6822 1044 4509 3906 5976 2610 3681 3177 4770 6516 3429 4977 2961 8073 5427 2556 6138 8820 6462 6885 4869 5706 4770 3474 2916 7038 4941 3276 3087 3834 3447 6444 891 3780 3222 3231 4923 5850 5373 1791 5013 4086 7515 4437 4644 4986 2826 6318 6894 2970 8001 3168 3159 7434 3663 3663 3501 7272 5625 5130 4932 6759 2592 2268 4311 4770 7623 5661 7245 3618 7056 1548 6849 1368 6084 2835 2709 5436 7344 5454 7695 2592 3618 8469 3384 1413 7839 1566 4968 6183 3978 7560 4509 2709 4266 5535 7704 6372 3672 7839 6471 5922 2772 7398 5337 5571 7353 2619 3843 5805 6921 7110 5823 1962 7677 2169 5139 4284 4635 5193 5769 5607 6588 4239 6345 1584 3195 6039 6669 5454 7020 5346 6831 8244 6408 7335 3681 2088 6030 7533 8190 5562 4437 549 5247 3258 8046 6777 7020 6525 5877 2106 6876 2997 3663 3033 4023 6804 6687 4887 8172 972 6570 5688 1593 1836 7254 2448 3222 1980 4986 3834 6228 4311 7515 6255 6525 3735 963 6165 7110 6633 2259 4446 5463 4806 6237 8343 1422 3987 1251 5814 4365 3888 5931 4995 6696 4149 6993 2502 4572 7074 3330 5517 2952 2079 5607 1575 8154 5670 7155 7056 8847 2214 6633 5841 504 3006 819 7110 7218 5247 3843 4122 3159 6687 4446 4653 1899 1323 2727 3708 5634 2493 4932 6318 5535 7020 5967 4869 5436 3105 5967 5472 4590 5958 1098 1890 6084 5544 4419 162 1863 6813 1404 5706 7074 1404 2691 2880 4410 6111 6885 4923 4563 3699 4284 4959 4527 3249 6435 5445 6615 7317 4563 3906 3825 5166 2358 1998 5661 1764 7677 4797 1287 7461 2907 5040 6381 6192 
5106 2520 3990 3744 4644 4464 3756 1776 4794 3984 3096 4272 5376 228 4578 1260 960 3930 4632 3768 4638 3396 4524 3336 4308 3246 5208 2700 4032 5076 4020 330 2814 3120 3726 804 2238 1662 3516 3594 1536 3480 1872 5256 4026 1308 3342 5820 4374 4140 2832 4164 3642 1878 1260 4668 3600 2760 2280 3192 1782 4452 1242 3168 2886 1266 2706 3588 3318 558 3744 3342 5052 2706 3102 3030 2244 3840 4008 2712 5160 2202 1704 4938 2076 1854 1584 4380 3372 3780 2556 4212 1830 744 2532 2466 5010 3360 4890 2928 4266 888 4236 1194 3888 1110 1524 4302 4932 4242 4950 2472 3006 5652 2454 756 5286 1542 2502 4254 2898 4986 3246 2292 2802 3066 5154 3480 1818 5184 3930 3528 2460 4932 3114 3186 4728 1206 2478 4086 3930 4338 4074 378 5070 648 3978 2868 2958 3534 3330 3204 4248 3444 3444 1488 2256 3366 3672 3930 4728 4032 4080 5412 4104 4614 1872 840 3360 4776 5388 3318 3630 1014 3858 2718 5232 4554 4116 4332 4254 798 4668 1656 3060 2004 3294 3912 3798 3270 5484 702 4320 4236 1242 1842 4794 792 2406 1644 2574 2064 4176 2670 4998 3540 3912 2754 306 3336 4182 4404 1992 3216 3408 2466 4068 5454 54 1848 1488 3528 3348 2328 3576 2808 4146 3378 3948 2274 2508 4014 2790 4254 1422 2130 3336 102 5358 3102 4278 4332 5850 2148 3750 3810 618 2712 1362 4560 4302 2820 1728 1974 2754 4224 3276 3570 1776 120 1560 1938 3408 1572 3672 3984 3192 4524 4392 3156 3174 2778 4248 3264 2640 3498 1416 1950 3966 3354 3618 1014 1608 3894 1278 3162 4236 840 1536 1428 2634 3372 3906 3168 2490 2682 3384 3276 2490 2286 3816 4320 4026 5016 2352 2748 2862 3642 2244 1728 3888 564 4860 2616 480 5070 1446 2586 4242 3972 
5355 738 2889 5706 4500 5436 3339 639 4671 3276 4689 7065 5787 2898 4905 4014 1773 2799 4572 2547 5049 3384 4383 2349 4599 2025 5418 5247 2925 5886 2961 3177 2403 5004 3168 2349 1962 1197 4860 2421 873 4221 2250 5571 5670 1710 2034 6552 4959 3249 1638 5688 5400 1107 1242 5076 4824 4815 3366 5517 909 5346 3870 5526 5526 1665 1026 2835 2646 3726 5301 5607 5787 2088 3339 2241 3762 3006 2898 5283 5310 2934 1341 5427 1359 558 810 3573 2394 5229 864 3708 2844 2007 1629 666 5373 2268 5598 4815 3447 2664 3645 3249 3645 1485 1836 7011 5580 6633 5013 5067 5130 6498 3411 2745 6138 3708 1215 5022 3924 5391 4248 4131 2907 1476 5832 2304 468 5715 3105 2457 4671 5472 1881 1773 4725 1512 2529 5103 2799 3618 5013 2664 5535 2151 6138 3132 2736 3987 1998 1791 4167 5706 2304 3555 3069 1935 2601 5184 5364 5886 3132 5895 3906 4302 567 2034 1926 4599 5895 2277 6156 3816 5310 4689 5526 5094 3078 4644 5688 2025 5409 1566 5283 2547 5526 2745 2583 3510 6354 3177 4509 6057 3051 4158 5175 1980 3573 3366 963 846 4599 2232 5553 2187 2961 3852 3483 2106 3177 4752 3924 4248 2844 756 4086 5886 3186 846 4005 2655 5004 1800 2646 1278 3546 5616 2862 4473 882 2943 4833 6543 1206 4725 2277 3033 5832 1548 3393 3681 6615 4545 2520 3816 3816 5229 4230 4473 3393 1125 1044 621 5067 3888 4500 5355 3843 3060 1881 720 2511 2340 5184 3564 1845 4500 6147 3051 1944 5283 5481 2214 1422 2304 4014 4419 3969 2457 6111 4122 3456 2718 3348 1611 3357 2799 1899 1332 1845 1980 2763 2997 837 3645 5328 3393 909 3078 2754 7074 3222 6012 432 3465 4104 4527 4644 3564 4527 2403 4671 882 2853 5976 1323 1080 4545 3780 
2583 5049 5715 2520 2610 711 2115 4419 2871 3051 2313 4041 2817 5679 1485 5112 5625 5571 2394 5445 1431 1377 2403 3060 1134 6021 2880 4068 4968 1692 4437 5661 2331 2745 2385 6192 2943 4059 1557 5976 5166 855 3258 2763 1800 4266 5769 3177 720 3924 3312 1530 2187 3861 4950 1494 1305 3267 2745 3438 4140 648 4968 3501 4140 5931 4212 2718 2430 6867 1773 3267 1719 2646 1449 2655 3078 3195 4869 4104 2916 2736 3888 1827 3492 4383 5175 4230 3060 1548 5229 2835 3312 5391 3105 5058 2169 3321 1449 2889 3942 4707 3123 4500 1845 5355 3870 3870 1593 3231 2700 4275 3213 2700 2448 4914 2016 4302 5823 342 1890 2052 1413 3348 1926 4653 1962 6039 4554 2232 3294 3420 3681 1737 3447 4005 2430 4608 2412 576 5589 3735 423 6003 2115 5508 2799 1764 1998 765 3960 4041 1863 3213 6156 4257 2673 5058 6246 1089 1242 2205 4059 2745 1953 3033 4347 4941 5058 2961 2655 3150 3636 5283 1503 3177 2763 1080 4743 1125 1359 5040 1053 3816 3330 3024 3222 5085 5301 1233 2358 5166 1359 2097 4311 4239 1755 5616 2628 3852 5373 3933 711 2502 1854 4914 3681 2133 6021 5958 4770 1170 3699 1485 2259 5229 1413 2925 6111 5526 4707 2925 2214 2997 3123 3906 2997 3204 5931 3798 4014 5868 3222 3024 4455 4446 3231 6075 2637 5022 4329 3492 3186 4140 5373 1287 5976 4005 5220 2340 4527 4887 5661 5346 3645 2439 1638 2277 4023 5850 3789 4131 2907 3663 1719 2304 3807 2142 1953 1683 3501 3960 972 3141 3393 3753 4842 4356 1377 2871 3582 5706 3978 5283 4437 4833 4185 4806 3825 4329 2889 5409 5580 1746 4059 2133 2673 1341 3951 2619 3879 3951 3393 1494 4860 1935 2124 756 4086 3852 207 5265 3150 4248 5319 1620 4302 5535 1017 1791 
1890 4326 4739 2114 2072 147 1911 3878 2254 2597 2107 3220 2016 4865 1085 4389 4830 4627 1890 4536 994 1477 1932 2709 931 5040 2135 3472 4130 959 3696 4844 2233 2408 2128 5271 2737 3605 1477 4984 4459 1092 2989 2002 1470 3773 4837 2184 469 3269 2961 1197 1883 3444 4305 1036 1281 2856 2562 2919 3661 56 4284 2975 3500 5061 3661 2408 2240 5789 1547 2765 1022 2478 1575 2443 2793 2730 4046 3500 2184 2569 3479 1218 3157 3850 4466 3479 2709 1372 4466 2373 3017 4648 2835 4340 1533 2905 819 2555 3262 4109 2604 3927 1666 4620 3465 3066 959 2562 2051 3654 2779 1764 2331 4270 1204 3759 4935 196 1876 1428 1477 2982 1953 3976 1232 5040 3983 1512 2800 2961 3206 1127 3038 3458 1890 4032 2331 539 4634 3080 469 5124 1449 4739 2275 1827 1981 1043 3409 3479 1568 2702 5138 3731 2520 4270 5194 987 714 1785 3388 1932 1687 2436 3822 4298 4270 2338 1848 2786 3003 4536 1309 2793 2009 679 3941 903 1015 4375 497 3416 2856 2800 2744 4235 4424 1407 1484 4459 1120 1631 3794 3689 1232 4823 2457 3423 4578 3493 672 2380 1211 4137 3108 2065 5131 4991 3948 903 3276 1533 2093 4473 1281 2086 5201 4732 4067 2576 1974 2772 2723 3423 2520 2709 4914 3311 3528 4858 2821 2387 3913 3815 2842 5180 1848 4263 3577 2891 2184 3584 4487 1281 5082 3423 4466 1862 3731 4179 4837 4585 3143 2044 1603 1967 3535 4998 3402 3647 2583 3304 1533 1995 3297 1701 1456 1729 3073 3381 700 2779 3045 3227 4179 3766 1288 2562 2968 4858 3514 4396 3878 4109 3465 4179 3430 3815 2667 4550 4634 1771 3563 2079 2303 1470 3479 2478 3283 3129 2856 721 4193 1946 2037 959 3535 3409 616 4550 2478 3703 4592 861 3801 4704 875 1603 
2262 3948 4488 1200 2388 564 2106 3426 2550 2730 1350 2112 2370 4026 1566 3450 4128 4392 2238 4302 1494 1554 2256 2706 1398 4644 2472 2478 4002 1410 3648 3972 2112 1560 2286 4482 2418 3138 804 4638 3906 876 2502 2364 630 3198 4488 2478 1020 3312 2820 384 1032 3042 3714 1536 672 1980 1974 1950 3228 642 3372 1998 2478 4380 3414 2496 2286 4806 756 1800 1482 2322 1458 2394 2088 2820 3936 2502 2514 2070 3018 1692 2808 3414 3918 3516 2712 618 4068 2586 2424 3936 2622 3948 1962 2880 1326 1716 3324 3366 2778 3132 1926 3972 2934 1986 1452 1548 2394 2664 1866 2088 1794 3498 1596 2922 4446 684 1356 1872 1002 2190 1746 3738 1674 4674 3528 1926 2892 2964 2310 1602 2946 3324 2244 3444 2040 318 4404 3180 408 4296 1884 4002 1314 1608 1896 1062 3306 3348 1914 1734 4746 2922 2010 4026 4818 336 1248 894 3402 2292 1992 2688 3390 3606 4026 2622 2214 2766 1962 3612 546 1944 2370 1230 3858 1380 228 3684 1056 2940 1920 2316 1788 4074 4212 1362 1830 3618 1554 750 3036 2802 1698 4098 1854 2676 4164 3132 1128 2202 1674 3942 3144 1500 4200 4614 3870 1392 2472 1038 2178 4062 1632 2430 4308 4188 3162 2634 1182 2490 2766 3222 2694 1746 4626 2430 3258 4590 1944 1398 3384 2850 2820 4302 2220 3984 3582 3024 2472 2664 4254 1554 4116 2436 3498 2208 3714 3876 4260 4080 2202 2310 1002 1116 2712 4134 2880 3252 2610 2730 768 2226 3192 2070 618 1710 2988 2388 48 2754 2850 3180 3258 2844 1608 2586 1932 3870 2742 4200 3078 3864 3486 3414 2892 3288 2490 4254 4398 1764 3288 1566 1416 1470 3210 1974 3282 2040 2958 1104 3810 1530 1422 672 2610 2640 780 3792 2742 3432 3774 1278 3270 4272 1332 1890 
5670 1377 1224 7488 4743 6606 4041 2754 4797 3447 6525 8946 6057 4851 5625 6120 3564 1233 4905 1071 5787 4599 4725 2952 5445 180 5607 7299 1854 6669 2295 5166 3816 6894 3780 3978 3771 3285 6516 414 2736 5697 4248 5832 7281 3816 216 6849 5958 2889 2700 7218 7146 3132 3249 5796 6435 6804 5310 7479 2988 6489 5976 7488 7569 3186 1863 3384 3537 5445 6966 7533 6534 3519 4815 3330 5760 3177 1908 7335 5472 4860 3411 6057 3249 2655 2664 2988 2961 6849 1251 3906 4887 3933 3123 1440 5850 2709 6408 6750 3051 4761 3699 5364 4383 3357 3924 8865 6336 8424 5238 7146 7092 7002 5292 4824 6849 5814 1287 6192 5688 5922 5904 6156 4482 1314 6489 216 2583 6219 3177 2700 6714 6147 2520 1971 5049 3600 4248 6462 1215 3339 6336 4473 6057 4059 7911 4716 4122 5328 2070 1953 4770 7614 207 5670 4995 990 495 6687 6219 7569 2691 6219 4518 4356 2655 4086 981 4680 6255 2853 8082 5895 6903 6678 5778 5967 2169 5499 7164 4050 6354 3636 7245 4509 7452 1575 1233 4896 6975 5238 5283 7668 5157 6264 5805 3816 5499 5454 1170 2763 5607 3735 6192 1278 2817 5670 5427 9 2250 5580 5994 5913 3726 1368 4905 6138 5058 2232 6120 3159 6804 3519 3006 2106 3690 7533 1026 6543 2187 1179 6813 8298 3321 6831 2781 4887 6201 945 2763 3519 6930 6624 1098 4779 5805 7281 6336 4842 2628 1188 2430 2052 7083 4266 6210 7128 5940 4986 3969 2754 3123 4419 6849 4086 2178 4950 7686 4365 2475 7326 6867 2853 2718 2367 6129 6516 4833 3132 8037 6183 5553 1395 5454 1134 2817 4887 3987 3447 3285 621 1188 4275 2160 5463 7182 4725 2268 4986 2529 8937 3204 6957 1683 5211 5922 6003 6723 5652 5787 4401 4680 1881 4878 6831 3429 1125 5445 4500 
6561 2043 4248 5805 5760 6165 4500 1206 5958 4617 4761 6948 6984 1602 5949 3078 324 4167 5796 3915 6066 4257 5616 3654 5589 3123 6660 4806 4374 6849 4419 1926 3258 4959 4383 909 2511 1395 5166 3645 585 4779 2340 6786 5985 1323 3258 7713 5832 4689 2889 6102 5562 1638 504 6111 5211 4599 3366 5310 1386 6111 2970 5301 5103 504 2466 4095 3798 2277 5580 5472 6768 3006 4005 3357 3591 4365 4347 4842 6570 3051 1557 6489 2016 1296 648 5013 3699 5571 2088 5013 2691 693 2619 1962 6507 3627 6552 4716 4887 1791 4995 2493 4761 144 1701 6939 6570 6687 6264 4545 4959 7578 3537 1764 7128 3051 2016 5787 4176 6498 4626 3852 3528 2916 6867 3474 1179 6822 4482 3843 4302 6507 3231 3213 5949 927 3042 5715 4167 5031 5661 1233 6633 801 6219 3699 3555 4689 3438 3240 5310 5598 3420 2916 3177 3330 3753 5652 6309 6120 4572 7074 5058 5625 1341 1035 3321 5904 7056 3600 5985 2790 5670 4491 6741 6039 4527 5634 6165 954 6300 1656 5076 2646 5382 4176 3978 4221 7389 2115 5544 6354 2376 3555 6246 558 3600 2898 2115 1746 5499 3051 6597 3618 4383 4023 2160 3258 4626 5742 3510 4599 3969 1953 5139 7092 1800 1026 3222 3951 5130 2511 3987 2682 4878 5499 4176 4050 2241 4275 4626 6642 999 4104 3609 1638 7002 2934 4842 5067 7776 4005 3897 4806 2565 4806 3294 5688 4851 2520 882 1215 4743 5130 4788 5490 3303 1728 1782 1521 3798 2124 5463 4779 3267 5679 6516 3888 3312 4887 6039 3528 2610 3726 3177 3789 4995 3726 5949 3006 2925 4131 2619 3042 4806 1881 1764 1143 2817 3312 4131 3870 2205 3852 5337 4167 2241 3204 4194 6984 4608 6876 1818 3798 4248 5067 4131 3087 5247 1215 5994 2322 1692 6894 1161 2133 5517 4896 
3896 5296 6312 640 3936 1704 3312 4408 4168 4168 1000 1976 4072 4816 2928 3856 5152 6176 3744 6032 2856 2408 3744 3936 2632 6320 4168 2368 5736 2848 5296 4704 2920 1160 3528 5568 3096 3960 520 6400 4984 1320 3016 4040 256 3912 6160 4264 2208 4920 3920 544 400 3896 4656 2912 608 1744 2120 1624 4128 1784 3768 1688 2344 5536 4656 3752 3376 5816 128 1416 2928 3184 2048 3416 2120 4240 5640 2392 4208 2368 3800 3168 3624 4416 5016 5224 3960 256 5448 4048 2744 4832 3544 5280 3504 4168 2712 1400 4968 3952 4288 3544 3128 4968 3576 1832 2872 1288 4016 2640 1552 3760 1944 4112 3104 3184 5912 1752 1376 3392 1072 2152 2320 5168 3184 6416 4560 3504 4352 4320 2208 3064 4176 4680 3784 4256 2600 1176 6192 4808 1288 5240 3432 4904 872 2112 2664 1760 4696 4712 3248 1328 6496 3208 2264 5600 6632 656 2592 416 5016 3984 3288 4288 4392 4376 5600 4248 3888 4008 1648 4104 280 1720 4040 2512 5576 2624 752 4480 2344 3656 1608 2736 1408 5792 5928 2024 3416 4208 2824 560 3448 2952 3144 5072 1928 2920 5576 4088 2256 2984 3160 5536 4656 1512 4976 6304 5608 2664 2552 1064 3272 5416 2832 4160 5176 5424 3456 3904 688 3256 4088 4440 4168 1352 6464 2400 4400 6432 1696 1128 4240 2936 4080 5192 3888 5488 5280 4616 4264 2704 5968 2624 4816 2312 3888 3696 5448 5272 5488 5328 2008 3720 840 520 2880 4944 3504 4216 3840 3224 232 3544 4512 3520 744 2504 4248 2240 1024 3976 3896 4584 3592 2968 2760 3784 1608 4424 2992 5936 3448 5344 5160 3992 3520 4096 3392 5880 6176 2592 4432 1656 928 2208 4336 2232 4792 1904 4456 2448 5072 1760 1320 1112 2616 2840 1632 4568 4408 4656 4472 2680 4080 5712 2528 3120 
2024 2832 3104 3864 1352 2480 192 2736 1560 840 3264 5272 2400 4536 1624 4664 4032 2976 1352 2872 1760 944 1200 808 1416 3496 2120 4576 2440 2536 1976 4640 1136 3680 200 4592 1880 2656 2904 3392 3392 2024 2504 2224 3424 3088 3240 3064 1864 1576 1312 3264 3536 2384 3400 1776 2744 3904 2792 4320 2576 2368 4520 4360 4736 4144 2040 440 424 5544 3256 4256 2424 1224 1456 816 3256 888 2352 4616 2048 2496 2568 2064 2080 2664 3368 1888 792 3088 2976 896 2920 3992 1488 2864 2000 1016 2296 3680 1632 3832 1056 3952 480 3760 2816 5144 2248 4632 1776 4624 4016 3000 2592 4000 2728 4032 3528 2112 2528 2016 2432 3624 1528 2280 2440 3464 2792 2304 1000 1072 4088 2120 1232 1672 1488 3264 1768 2464 2992 1512 2344 4624 2144 4128 4200 1632 1080 1584 1592 1696 928 4264 3584 3944 2544 2576 3624 2808 2112 3752 1672 2480 696 1384 2624 3720 2584 1552 2472 896 4696 4688 3104 3792 2184 1880 2248 1464 3152 3784 2216 2624 4152 2480 4200 2544 2744 1368 2896 4344 1288 3736 3736 4200 1840 4120 2832 3576 3096 2256 1560 1304 2176 2416 1312 2648 4984 3424 2280 1544 3752 2480 288 3008 936 2496 4904 3528 4416 632 3368 1728 800 1752 912 4224 3304 4072 2000 3240 3888 4472 3016 4576 952 4824 2424 2608 1936 1352 3112 4312 2808 840 5096 4528 4824 1256 2096 2576 3696 3320 4248 800 2744 3568 3920 4704 2776 2456 648 2920 3168 472 1496 1240 3672 1000 1248 4528 2832 912 1512 1376 4512 4384 864 656 4648 5064 3704 2720 3952 2416 1808 3952 2816 2968 1328 2896 2984 912 2040 2512 3784 1192 1960 2496 1480 5216 1112 2752 2744 2208 2808 2232 4328 3672 1848 4080 1680 2120 4304 2664 2936 3240 1408 600 
4902 2856 4296 3114 4506 4044 3624 1986 4674 3960 2508 3570 5166 636 4308 522 1476 4230 4470 4062 4350 3144 4374 3336 4026 3666 5034 1980 4248 4734 4170 414 2652 2484 3630 1470 2094 1734 2982 3972 1920 3060 1632 5058 3456 1320 3714 5568 4026 4212 2868 3624 3042 1938 1572 4386 3090 2094 1806 2508 1914 4038 510 2478 2166 1842 2898 3534 3222 1152 3174 2664 4722 2598 2790 2958 1680 3846 4212 1986 4998 1818 1722 4656 2064 2058 1968 4464 3372 3240 2916 4146 1428 1164 2502 2802 4764 3402 4548 2292 4326 654 4200 630 3714 1542 1428 3606 4608 3576 4788 1746 2334 5352 1998 558 4944 882 2958 3858 2418 4728 2772 1662 2520 3312 4848 3882 2064 4920 3942 3570 1776 4632 3174 3330 4560 1368 2232 3636 4230 4368 3636 1050 4806 1116 3336 2550 2748 3180 3462 3354 4062 2766 3864 852 1842 3648 4074 3426 4392 3432 4176 5178 3936 4536 2070 1014 3642 4668 5142 3330 2934 276 3318 2064 5040 4230 4296 4050 3726 1038 4308 1620 2382 1692 2616 4152 4074 2952 5160 264 4062 3648 750 1146 4530 1308 1908 1080 2958 2172 3858 2520 4710 3786 3972 2262 510 3738 4356 4116 1356 2730 3288 2832 3834 5244 762 2304 768 3504 2754 2232 3582 2946 4104 2700 4284 1590 2664 4338 2124 3600 1584 1404 3360 834 5118 3396 4392 4332 5592 1440 4038 3570 354 1998 624 4404 4434 3114 2214 2388 2064 4110 2760 2964 1116 636 1446 2088 3390 1314 3114 3864 3306 4344 3822 2922 3246 2064 3762 3276 2676 3588 684 1230 3732 3330 2922 378 1020 4158 684 3426 4338 552 1416 1536 2568 3696 4206 2952 2658 2220 2748 2988 2634 1884 3906 3618 4038 4620 2664 2334 2340 3198 1536 1128 3504 816 4764 2814 498 4704 1554 2994 3954 3786 
5634 3258 5220 3663 5040 4500 3717 1899 5292 4275 2628 4779 6021 1854 4761 1746 2169 5103 4977 4860 4824 2997 4842 3384 4329 4563 5823 2727 4977 5445 4770 1827 2268 2790 3744 2601 1449 1341 3141 4905 2259 3015 729 5859 3942 900 4536 6642 4383 4743 2745 4113 3447 1530 1755 4878 3240 2430 1269 3150 1647 4473 1584 3132 3024 2664 3015 3627 3141 3033 3519 3294 5418 2214 2493 2772 1413 4131 4905 2763 5769 1098 1224 5283 1566 1980 2313 5130 3438 3546 3402 4527 567 1782 2151 3204 5436 3510 5157 2547 4905 873 4626 918 3852 2025 702 4761 5238 4518 5463 2538 2781 6345 1512 1080 5751 1206 3690 4176 2178 5382 2691 1683 2070 3690 5580 4815 2070 5670 4275 3771 2187 5256 3222 3555 5121 1269 1620 3933 5103 4932 3915 2250 5499 1854 4068 2133 2403 3114 3726 3591 4365 3420 4833 1062 1188 4239 5112 3726 4923 4023 4716 6048 4176 5103 1971 1269 4230 5292 6003 3384 3816 1728 3654 2322 5832 4662 4995 4374 4221 1386 4824 999 2916 828 3213 4887 4842 2736 6066 1386 4383 4284 666 1620 5085 2052 1494 828 3510 1917 4104 2079 5364 4374 4374 1980 2205 4626 5076 4473 1395 2646 3222 3303 4032 6138 2277 2853 1584 3609 3006 1692 3744 2997 4473 3321 5265 1962 2637 5310 2457 4482 1404 2187 3447 2259 5958 3915 5049 4851 6678 1998 4815 3636 2223 2718 1953 4878 5139 3519 2835 2853 2601 4446 2772 3357 1305 2016 666 1881 3438 270 3411 4077 3474 4788 4482 2655 3330 2790 4185 3303 2484 3861 1638 1881 3879 3348 3780 2151 918 4941 954 3888 4950 981 648 1242 2205 4401 5076 2700 2646 1854 3177 2781 2583 1233 4320 4806 4428 5328 2952 1917 2178 3258 2106 1017 3636 1485 5436 2916 1485 5427 1251 3609 4230 3960 
2639 1722 1288 4725 1925 3591 1533 2282 1960 931 4095 5936 2940 4144 2674 4690 3388 1176 2058 1113 2807 2198 1918 875 2590 1862 2590 5054 707 3486 378 4319 1904 4445 1316 3843 2268 2478 3892 1645 2688 3150 2828 2765 4396 2961 1603 3556 3031 539 1204 4277 4438 2240 2905 2800 3773 4536 3416 4977 2296 3493 4564 5005 5229 3304 1218 1050 1351 4886 4221 4963 3367 1771 2541 1393 3822 735 623 5089 2485 3087 2492 2975 2121 2191 2646 756 854 4088 1792 1281 3311 3507 1673 1778 2800 686 3297 4396 693 3745 1106 4039 1778 3150 2856 5845 3220 5418 2303 5033 4690 3682 3311 3857 3598 4249 2233 3283 3423 2856 3444 4158 2436 994 3311 1750 2247 3087 714 525 4606 3059 833 637 2163 2968 2450 3598 1190 868 3486 4053 2961 3626 5026 2590 2044 2786 469 623 2009 4984 1869 4144 3164 1008 1841 3871 3164 4669 420 3066 1820 1617 2170 3416 1015 1876 3101 819 5369 4613 4109 4431 2723 2989 588 2632 4193 3437 3304 2618 4809 2933 4900 791 987 2534 3675 4193 2436 4683 3850 4501 2786 3528 3507 3878 1869 1974 2779 1946 3080 777 420 3479 4592 1764 644 2681 4165 3472 1449 1876 2184 3003 4417 2583 4557 896 4242 2058 735 1085 1106 4942 1477 4529 1428 1407 4529 5292 2709 4893 756 4312 3052 1190 630 987 3619 4683 1064 2170 4788 5026 4851 2009 665 1351 2758 2373 4809 1575 3710 4452 4235 4284 2856 2100 945 3122 4137 1484 637 2100 4641 2128 749 5040 3920 868 1400 336 4606 4690 2156 994 5334 4914 3976 945 4074 1015 595 3857 2884 2737 1680 1281 1190 2051 1449 3332 4592 2373 1449 3136 196 5901 721 3752 1792 3080 3654 3353 4725 3997 3052 3738 1876 1330 4032 3626 2709 1967 2611 1855 
4833 477 2088 5967 3942 5292 2916 1386 4068 2646 4986 7416 5256 3744 4536 4761 2628 1980 4041 1728 4689 3231 3852 1836 4284 1512 4851 5778 2070 5562 2133 4014 2358 5355 2709 3186 2232 1845 5022 1746 1719 4248 2727 5040 5805 2430 1404 6039 4725 2484 1305 5760 5625 1638 2088 4707 4950 5265 3771 5940 1548 5193 4617 5949 6048 2457 414 2322 2295 4581 5472 5994 5445 2043 3357 1971 4230 2367 2043 5823 4734 3321 1944 5022 1719 1269 1656 2772 1863 5364 630 3105 3366 2853 1620 531 4914 1674 5283 5211 2682 3438 2988 3969 3249 2340 2466 7335 5238 6903 4455 5652 5553 6057 3753 3537 5778 4374 1260 4878 4158 4950 4401 4626 2988 621 5454 1692 1269 5274 2439 1809 5193 5094 1332 1026 4194 2304 2718 5067 1980 2880 4959 3519 5094 3006 6390 3222 2673 3924 1242 1035 3735 6075 1746 4230 3447 1098 1971 5238 5067 6066 2340 5382 3465 3672 1260 2862 1098 3987 5400 1737 6543 4590 5427 5139 4986 4797 2223 4338 5724 2862 5157 2160 5706 2979 5913 1890 1746 3474 5967 3969 4158 6192 3744 4797 4770 2835 3960 3978 774 1251 4365 2250 5157 1332 2223 4140 4329 1530 2322 4428 4491 4410 2493 684 3744 5346 4041 1521 4716 2115 5274 1989 2052 738 2916 5994 2097 5031 657 2160 5274 6777 1980 5355 1710 3888 5337 747 2583 2970 6111 5139 1692 3546 4653 5760 4986 3951 2565 360 1746 1251 5553 3357 4698 5607 4464 3906 2493 1287 2016 2934 5355 3078 1161 4005 6228 2952 1350 5805 5463 1701 1242 1575 4734 5049 3645 1980 6498 4923 4086 1881 4050 774 2556 3573 2520 2079 1800 1224 1944 2880 621 3933 5643 3312 729 3447 1989 7398 2538 5769 504 3690 4392 4554 5229 4167 4428 3240 4041 369 3681 5688 2052 936 4257 3384 
3510 978 2358 3354 2982 3336 2136 90 3114 2244 2664 4236 3792 1602 3120 2214 1038 2280 3000 2118 3198 2010 2880 1590 2880 1848 3582 2994 2292 3726 2244 1752 1338 2862 2064 1452 918 294 2820 2094 582 2460 1014 3660 3372 660 1842 4284 3072 2352 1080 3408 3156 294 570 3222 2820 2718 1764 3192 114 3288 2112 3192 3186 1128 942 1878 1668 2256 3114 3258 3672 1158 1902 1380 2010 2088 2256 3018 3522 1488 402 3474 528 126 588 2592 1626 3084 1074 2496 1398 1068 888 942 3480 1596 3534 2730 2478 1326 2496 1686 2316 828 720 4200 3540 3966 3312 2880 2934 4200 1812 1398 3912 1980 1296 3066 2178 3474 2430 2256 1590 1350 3732 2022 210 3690 2166 1752 2616 3492 1338 1404 3102 594 1296 3072 2286 2562 3024 1542 3570 1170 3636 1728 1548 2346 1548 1428 2676 3324 2034 1878 1578 1698 2220 3084 3372 3498 2298 3852 2508 2904 126 978 1692 3084 3840 1560 3618 2100 3138 2640 3630 3192 2352 2916 3426 990 3378 546 3030 1218 3198 2196 2118 2034 4080 1692 2844 3624 1548 2274 3312 1116 1908 1740 1146 300 2838 1206 3552 1830 2130 2118 1980 1896 2418 2988 2112 2418 1782 1008 2568 3870 1830 858 2190 1794 2886 858 1824 1020 2412 3264 2358 2484 726 2400 2730 3912 372 2652 1578 1746 3804 1458 2496 2568 4320 2526 2088 2358 2166 2982 2358 2934 2520 1182 924 786 2880 2562 2580 3120 2064 1716 756 156 1680 1062 3036 2328 1410 2928 3702 1770 1398 3024 3312 1512 888 1710 2202 2448 2478 1632 3594 2328 1800 2202 1746 1470 2454 1422 762 420 1020 1776 2262 1752 714 1986 3084 1974 708 1584 2028 4242 2256 3774 774 1890 2280 2664 2592 1872 2718 1248 3150 858 1518 3768 408 1218 2838 2406 
2460 3516 4212 972 2436 954 1938 2916 2616 2580 840 2016 2616 3444 1728 2874 3570 4110 2304 4002 1692 1272 2292 2424 1482 4260 2658 2010 3762 1794 3438 3384 1698 1104 2106 3912 1908 2610 300 4296 3378 456 1944 2580 612 2634 4122 2826 1212 3150 2442 582 732 2526 3168 1734 132 1482 1392 1554 2712 990 2796 1602 2040 3834 3012 2274 2004 4218 480 1440 1836 1902 1032 2046 1506 2634 3696 2034 2682 1494 2490 1950 2310 2916 3396 3378 2436 348 3636 2496 1842 3366 2190 3510 2184 2598 1656 1224 3180 2778 2676 2544 1806 3420 2376 1908 1764 1512 2526 2166 1416 2478 1212 2910 2004 2346 3996 894 768 2106 420 1626 1278 3378 2010 4314 3030 2214 2718 2706 1788 1884 2616 2994 2334 2892 1530 510 4122 3066 558 3720 2142 3432 1194 1122 1494 774 3000 3018 1914 1404 4380 2340 1428 3690 4470 264 1542 846 3222 2562 1932 2688 2892 3036 3690 2670 2496 2478 1692 3030 366 1434 2580 1446 3642 1476 606 3108 1380 2400 1494 1752 1410 3816 3924 996 2238 3030 1620 864 2448 2244 1908 3534 1266 2088 3732 2646 1200 1764 1956 3636 2952 912 3612 4242 3666 1518 1902 450 1914 3618 1596 2688 3720 3684 2586 2388 738 2010 2532 2838 2580 1398 4332 1890 2832 4302 1452 1386 2844 2322 2532 3714 2490 3618 3420 2922 2832 2124 3960 1428 3534 1962 2928 2256 3540 3474 3744 3594 1728 2256 432 786 2136 3546 2322 2754 2346 2154 426 2118 2868 2130 888 1356 2670 1932 582 2454 2442 2910 2688 2292 1542 2310 1656 3294 2160 3930 2490 3510 3324 2826 2334 2742 2064 3906 4110 1422 2862 984 1044 1128 2784 1398 3060 1962 2796 1560 3360 966 840 294 2076 2058 714 3210 2790 3018 3186 1698 2730 3834 1398 1800 
6060 5840 7630 1650 5800 3770 4600 4450 6110 5580 780 2760 6390 4260 4870 2860 4950 7480 5620 7240 4850 3410 5550 4910 4410 7250 6370 1240 7100 5150 6680 4050 3420 600 4790 5370 3110 3830 1700 7510 5010 2420 2620 6290 2290 3530 7140 6830 4100 6390 4560 2640 1550 3880 4490 4920 1960 350 1390 1010 4120 3820 2760 1030 1390 5520 5270 4900 4330 5430 1860 1120 5200 3640 2720 4160 980 5550 7000 1280 6380 1880 3640 5320 3680 4510 5070 6820 4960 2030 6020 5620 2000 4490 3920 5790 5670 5170 4900 290 6510 3230 5860 2590 4530 4810 3180 2740 5070 2500 6070 1440 580 6290 1440 3410 5500 2060 6470 3630 1390 5550 1760 770 2690 6000 5480 7460 4660 5780 5720 5420 810 5230 5010 5580 5720 3950 2680 3020 7490 6410 3100 4860 5640 4540 2040 2500 3270 2910 5680 5620 4910 1250 7530 2120 1740 6600 7770 2490 4690 2190 6450 6330 4840 6100 4490 3920 6600 6170 6240 4980 1720 3190 2160 220 6280 4490 7000 4420 2870 4050 4440 3410 750 2290 1020 7090 7160 2880 5890 3430 4590 2570 2550 1710 5210 4800 1180 1870 6160 4240 3980 3370 5360 6640 6000 1210 4360 7290 7070 4510 1280 1670 4290 5940 4390 6510 4670 5650 2350 5010 1110 3410 5230 5100 5680 1140 7760 1020 4870 7760 320 2500 4050 1710 5060 4710 6220 6340 6810 6220 6840 1400 7180 4000 4100 1170 2890 5530 6980 5980 5670 5600 790 5320 1480 1410 1670 4390 3100 4320 4870 2630 1790 4980 5410 5350 2880 3280 5130 1150 3060 4900 4400 5670 2520 1730 4250 4780 1670 3570 1910 7220 2460 6240 6670 3250 3100 3860 3820 6880 7460 3390 4900 1400 1040 3080 4790 1750 6070 2790 5880 4770 5510 1780 1040 2450 1300 1710 3180 4050 6370 5210 3830 5010 3850 6310 4260 4580 
2142 3609 4032 3870 1575 2250 459 3321 1845 1422 3258 5445 2547 5175 1458 5139 4734 3888 1485 3771 1593 648 1359 1413 1143 4428 2322 4815 3285 2439 2754 5247 1287 3726 711 5355 2151 3141 2790 4338 4077 1791 2772 2376 3330 3564 4158 3240 1593 2277 1845 3141 3501 2862 4023 1620 2592 4041 2898 4455 3105 2133 4977 4509 4977 4914 2727 1035 846 6327 3168 4365 2331 1494 1287 1206 3402 1521 3186 4860 2268 2628 3024 1989 2493 3249 4068 2619 1404 2970 3771 1341 3159 4635 1890 3627 2016 1665 2151 3762 2322 4311 1593 4365 369 4437 3222 5301 2124 4716 1962 4905 4131 3078 2646 4509 2682 4383 4392 1845 2475 1998 2295 3798 1494 3060 2385 4410 3411 2313 1638 1746 4302 2025 1854 2385 1620 3807 1872 2232 3906 2160 2097 5328 2133 4779 4230 1557 1089 1278 2313 2412 864 4365 4545 4293 2655 3411 4599 2637 1926 3708 2403 2610 684 1773 3213 4275 3420 1872 2574 1512 4842 5193 2979 3915 2340 1656 3069 1197 3006 4365 2016 3042 4284 2691 4302 3402 3618 1125 2907 4869 1053 3681 4131 4518 1746 4806 2907 3879 3915 2781 1242 1503 2106 3249 2007 2637 5634 4356 3096 1296 3996 2349 648 3798 639 2664 5589 4302 4824 1251 3339 2043 1440 2403 1440 4329 4257 4302 2619 4185 4014 4527 3564 4896 1575 5517 2529 3429 2682 1944 3285 4590 3699 414 5715 4761 5301 1386 2880 3357 4473 4077 4428 1071 2646 3546 4221 5355 3168 3006 1242 3249 3069 765 2178 1287 3591 864 1890 4752 2646 1512 2025 2079 4932 4716 513 1233 4797 5625 4014 3600 4347 3222 2547 4446 3204 3483 1683 3780 3897 801 2664 2511 3816 945 2565 2601 2205 5382 1755 2628 3474 2169 2790 2007 4599 3960 1539 4671 2043 2799 4878 2547 3447 4077 1116 459 
7190 8450 10030 1640 7280 4360 6460 7120 7580 7530 2600 100 7370 6780 6000 5080 7620 9870 7050 9660 5900 5300 7050 7120 5650 9830 7530 2620 9380 5730 8880 6510 5730 2200 6720 7990 5670 6500 2850 10020 7700 3960 5280 7360 2390 6220 9680 7510 5090 8450 6960 2770 2060 6530 7180 5960 3070 2540 4030 1760 6780 4490 5050 1790 2340 8200 7790 6960 6460 7820 2440 1570 5870 6010 4740 6420 3670 7590 9270 2610 7600 4500 6310 6240 6280 7170 7760 8850 7160 2680 8640 7410 4690 7130 6390 8410 6690 7410 5620 2420 8520 5840 7710 5120 6260 7490 5870 170 5830 850 7370 3030 2140 6820 3980 5980 6020 4510 9120 4510 3540 6540 3460 3380 4950 8490 6190 10000 7330 6630 7740 7620 2970 6100 7350 7960 7090 6640 5130 3800 9880 8350 3950 7430 6570 7170 1270 4700 5470 4520 8020 8000 6430 1440 10080 4610 4350 9060 10300 3170 5510 1940 8550 7240 6470 7730 7150 6580 9060 7680 7110 7210 1020 5480 2710 2650 7370 5450 9220 5640 3040 6700 5180 6080 2010 4940 1660 9420 9550 4780 6390 5910 5900 2180 5130 4000 6250 7450 3790 4480 8790 6860 5180 5750 6210 9040 8100 3540 6750 9840 9270 5680 3810 3410 6340 8570 5910 7470 7130 8340 4620 7130 2330 5930 7370 7570 7550 1540 10190 3270 7420 10170 2510 1110 6740 3600 7300 7210 7120 8860 8900 8110 7490 3500 9590 5640 6390 2580 5000 6990 9090 8530 8360 8280 2470 7010 3070 2020 4130 6880 5790 6960 7030 5320 2540 6770 7770 6770 2500 5340 7450 2470 3490 7150 6860 7930 4770 3850 5820 6950 1050 5740 4480 9590 4970 8720 8740 5820 5790 6550 6240 9380 9860 5450 7450 3770 1870 5010 7330 4340 8240 130 7880 5160 8130 4070 3260 3740 3340 4280 4410 6660 7880 7750 6360 5490 6540 8940 5520 6250 
3206 1085 1120 4788 2492 3920 1897 1785 2555 1470 4095 5971 3521 3654 3129 4326 2821 1008 2604 854 3255 2394 2457 1064 2996 1316 3185 4900 875 3948 868 3843 1890 4417 1694 3262 2065 2058 3990 1211 2114 3297 2569 3346 4550 2541 1078 4137 3395 1183 1029 4466 4508 1841 2380 3262 3899 4431 3276 4921 1848 3822 4207 4935 5096 2702 700 1393 1540 4340 4333 4928 3836 1694 2632 1435 3668 1246 833 4935 3080 2933 2100 3472 1792 1687 2072 1379 1064 4221 1148 1834 3073 2982 1477 1148 3325 868 3745 4340 1330 3332 1694 3689 2163 2597 2492 5894 3682 5502 2884 4844 4620 4221 3213 3430 4088 3955 1589 3591 3423 3374 3514 3997 2436 350 3808 1267 1722 3612 1267 861 4445 3542 770 329 2716 2499 2345 3836 1022 1512 3738 3514 3479 3094 5110 2611 2093 2975 364 301 2471 4970 1372 3843 3017 490 1414 4060 3591 4795 1057 3640 2268 2219 1673 2940 497 2478 3661 987 5348 4228 4256 4326 3304 3402 952 3038 4403 2954 3703 2247 4746 2716 4865 784 791 2667 4186 3773 2863 4844 3507 4242 3276 2975 3395 3605 1225 1547 3129 1876 3577 427 1036 3444 4102 1232 1029 3094 3948 3535 1680 1232 2569 3584 3899 1960 4242 1211 4270 1848 1099 679 1666 4914 1232 4347 973 1218 4431 5390 2233 4662 931 3787 3612 567 1225 1617 4193 4466 805 2492 4333 4879 4494 2548 1204 707 2135 1750 4690 2086 3773 4508 3983 3787 2499 1645 1190 2814 4242 1939 483 2618 4830 2247 714 4900 4158 994 1148 602 4277 4438 2520 1204 5313 4508 3703 840 3738 385 1211 3444 2527 2289 1547 770 1001 2170 980 3290 4599 2520 1015 3003 819 5943 1309 4172 1176 3059 3633 3521 4522 3745 3304 3248 2492 798 3570 4067 2268 1323 2996 2254 
2005 3265 3760 855 2080 605 1795 2795 2220 2325 985 1640 2100 3250 1410 2745 3360 3680 1960 3600 1360 1300 1970 2270 1255 3860 2180 1915 3365 1315 3075 3195 1735 1150 1945 3645 1955 2550 530 3870 3190 685 2005 2090 390 2580 3735 2205 960 2810 2340 210 710 2475 3020 1395 435 1500 1535 1475 2625 665 2680 1515 1915 3575 2830 2110 1915 3890 480 1350 1370 1910 1180 1990 1610 2390 3310 1935 2210 1630 2450 1535 2285 2790 3200 2985 2275 365 3360 2215 1915 3190 2155 3260 1755 2415 1240 1280 2820 2695 2375 2490 1655 3230 2360 1535 1345 1175 2105 2070 1405 1885 1390 2805 1475 2305 3670 670 1020 1680 735 1685 1410 3110 1530 3890 2885 1740 2455 2490 1780 1465 2460 2775 1970 2790 1635 320 3690 2710 405 3480 1700 3240 960 1285 1555 880 2765 2795 1675 1295 3950 2310 1575 3360 4015 160 1170 615 2880 2040 1725 2325 2775 2910 3360 2275 1980 2320 1490 2880 305 1475 2095 1140 3250 1245 135 2975 1015 2375 1450 1840 1340 3420 3525 1115 1675 2900 1385 525 2415 2200 1535 3325 1430 2105 3445 2560 1025 1805 1525 3295 2660 1140 3385 3835 3265 1260 1925 760 1830 3350 1430 2155 3480 3435 2500 2220 835 2025 2335 2675 2300 1305 3870 1880 2690 3845 1475 1050 2745 2230 2365 3475 1980 3315 3030 2580 2200 2075 3560 1340 3310 1880 2780 1930 3140 3210 3490 3350 1685 1995 710 780 2125 3335 2315 2655 2195 2180 490 1915 2665 1820 450 1415 2495 1840 175 2305 2355 2670 2585 2230 1400 2170 1470 3095 2160 3520 2440 3220 2955 2735 2325 2660 2045 3545 3680 1460 2710 1200 1030 1215 2650 1550 2765 1580 2510 1065 3140 1190 1060 510 2030 2075 690 3060 2380 2835 3035 1215 2650 3530 1195 1635 
4200 1840 200 6536 3400 5384 3024 2936 3400 2328 5760 7904 4520 5016 4328 5936 3952 72 3568 176 4480 3728 3416 2184 4240 1256 4104 6680 616 5248 1104 5264 3232 6128 2784 4392 3440 3328 5616 792 3152 4792 4000 4328 6232 3864 960 5208 4744 1672 2264 6112 6216 3112 3544 4472 5496 6152 4832 6704 3064 5272 5800 6728 6912 3696 1784 2464 2744 5680 6000 6720 5112 3016 4056 2688 5272 2120 688 6720 3976 4432 3400 4656 3096 2832 3088 1664 2168 5864 1816 2696 4576 4208 2776 1912 4424 1944 5040 6040 1784 4760 2464 5216 3312 3720 3856 7808 4944 7352 3808 6608 6368 5416 4752 4848 5368 5552 2104 5024 4984 4496 5080 5648 3856 1184 5032 976 2832 4752 2072 1832 6160 4752 1936 1448 3680 3760 3768 5360 80 2048 5240 4768 4616 4336 6896 4056 3456 4408 1408 1416 3568 6768 1128 5424 4536 720 960 5648 4896 6520 1496 4680 3360 3000 2824 4240 728 3288 4728 2104 7200 5792 5896 6032 4280 4696 904 4288 6024 4240 5056 3584 6504 4184 6648 400 176 4080 5432 5240 4064 6560 5016 5896 4440 4152 4968 5168 1824 2768 4456 3232 4768 592 1720 5016 5536 1096 960 4344 5584 5104 2880 1936 3776 4576 5248 2816 5864 2272 5960 3200 2096 1848 2496 6704 408 6040 2120 336 6152 7216 3472 6384 2032 5112 4672 1064 1464 2248 5280 6168 200 3752 5832 6656 6128 3520 1312 1440 3016 2608 6440 3056 5376 6216 5600 5152 3880 2832 2296 4248 5896 2976 1600 3648 6528 3600 1856 6688 5728 2128 2392 1536 5896 6120 3744 2336 7160 6088 5272 200 5280 1024 1536 4880 3904 3552 2856 736 80 3512 2120 4840 6336 3904 2176 4520 1480 7872 2056 5568 2064 4576 5232 5048 6240 5328 4744 4576 3248 1872 4968 5416 3528 1856 4264 3400 
7650 4608 6777 4770 7065 6282 5742 3303 7317 6264 3906 5364 8028 1188 6741 756 2493 6678 7002 6426 6795 4995 6867 5328 6309 5805 7839 2970 6705 7344 6588 837 4284 3834 5760 2421 3456 2934 4644 6282 3195 4824 2745 7875 5328 2313 5895 8631 6291 6651 4626 5598 4689 3240 2673 6849 4815 3222 2925 3807 3204 6291 810 3753 3231 3024 4680 5625 5148 1728 4914 4050 7335 4212 4455 4761 2691 6093 6651 2979 7794 2988 2916 7254 3420 3420 3267 7029 5391 5022 4689 6534 2403 2034 4086 4527 7425 5427 7074 3546 6822 1305 6624 1179 5868 2610 2475 5427 7173 5418 7479 2601 3573 8289 3222 1170 7668 1449 4734 6021 3834 7371 4365 2619 4068 5292 7524 6138 3429 7650 6237 5688 2727 7218 5094 5328 7137 2385 3636 5661 6678 6876 5670 1773 7488 1953 5085 4095 4419 5022 5526 5364 6390 4203 6111 1440 3015 5796 6426 5328 6840 5265 6597 8055 6201 7119 3438 1845 5787 7308 7992 5328 4419 423 5139 3195 7848 6597 6777 6336 5760 1872 6705 2763 3627 2826 3987 6561 6444 4698 7992 729 6372 5607 1395 1773 7065 2232 3069 1827 4752 3591 6048 4095 7326 6012 6291 3600 828 5931 6867 6444 2160 4302 5247 4563 6039 8145 1269 3753 1188 5580 4266 3663 5697 4752 6471 4113 6750 2448 4329 6831 3276 5472 2709 2088 5373 1413 7956 5427 6921 6822 8658 2187 6390 5643 423 3006 837 6903 6984 5004 3618 3888 3132 6471 4320 4572 1800 1143 2493 3465 5409 2277 4824 6102 5292 6813 5868 4671 5202 3105 5832 5238 4347 5715 1044 1863 5886 5319 4410 270 1719 6570 1233 5463 6831 1161 2457 2637 4176 5868 6642 4716 4320 3546 4221 4761 4284 3069 6192 5445 6381 7164 4320 3735 3699 5013 2331 1863 5490 1530 7461 4554 1053 7299 2664 4806 6201 5976 
4942 1519 3234 4382 4326 4634 3339 784 4473 3444 3563 5285 5271 1274 4466 2359 371 3164 4347 2968 4557 3143 4207 2688 4179 2394 5019 3640 3297 5159 3325 1519 2373 3731 3255 854 1792 924 3864 2786 371 3556 1666 5117 4508 889 2485 5838 4375 3514 2093 4592 4179 1113 231 4585 3899 3458 2478 4018 917 4585 2268 4004 3871 546 1792 3031 2793 1876 4193 4130 5103 2170 2954 2450 2667 3255 3276 3668 4949 2226 1050 4879 1400 861 427 3773 2730 4179 1561 3752 1960 560 1869 1456 4900 2674 4928 3542 3668 1330 3738 1869 3542 133 1169 5271 4949 5068 4711 3451 3731 5726 2604 1330 5376 2296 1554 4333 3094 4893 3444 2877 2576 2170 5173 2660 777 5138 3346 2842 3241 4900 2373 2373 4466 581 2205 4284 3164 3780 4235 1050 4998 665 4697 2716 2604 3479 2548 2394 3969 4228 2632 2184 2324 2506 2884 4235 4739 4613 3430 5334 3773 4221 889 742 2499 4438 5320 2646 4536 2149 4256 3374 5082 4529 3416 4214 4634 693 4732 1127 3836 1904 4067 3150 3010 3122 5579 1624 4151 4795 1764 2681 4697 518 2660 2149 1589 1197 4109 2205 4970 2716 3269 2982 1722 2492 3493 4298 2625 3423 2926 1456 3829 5355 1463 791 2443 2926 3850 1785 2954 1953 3640 4151 3185 3052 1603 3262 3479 5026 616 3115 2660 1344 5285 2198 3647 3801 5880 3024 2954 3570 2016 3640 2520 4270 3654 1876 707 903 3577 3836 3570 4123 2478 1386 1232 1022 2800 1519 4095 3563 2408 4256 4914 2856 2429 3703 4543 2590 1876 2765 2422 2870 3717 2744 4508 2331 2184 3122 1960 2275 3612 1407 1225 728 2030 2513 3136 2842 1582 2849 4018 3073 1603 2345 3129 5306 3444 5180 1323 2800 3164 3780 3122 2296 3913 938 4515 1680 1309 5194 742 1617 4123 3647 
4188 4110 5226 1050 4080 2682 3396 3252 4266 3990 960 1218 4368 2880 3462 1854 3432 5136 3966 4992 3438 2676 3930 3606 3198 4968 4380 402 4920 3540 4668 2712 2712 654 3516 3624 2508 2874 1452 5142 3546 2016 2172 4320 1602 2640 4914 4584 2964 4488 3384 1854 1146 2928 3210 3480 1620 468 1464 234 3060 2730 1836 186 312 3786 3798 3594 3252 3498 1416 414 3588 2838 2268 3150 1158 3984 4860 408 4392 1764 2766 3702 2832 3294 3582 4746 3636 1560 4218 4002 1764 3126 3000 4086 3930 3756 3414 600 4554 2334 4152 1890 3336 3366 2466 1260 3522 1290 4224 654 354 4224 1518 2412 3744 1512 4464 2652 1464 3858 1620 918 2268 4242 3768 5106 3378 3972 4080 3912 600 3636 3666 3996 4020 2886 2262 2244 5142 4494 2310 3270 3900 3144 1146 2154 2616 2334 4062 4026 3540 516 5142 1584 1686 4602 5292 1878 3300 1428 4524 4320 3516 4278 3282 2802 4602 4302 4254 3642 588 2094 1620 552 4314 3204 4860 3198 2016 2874 3132 2622 264 1986 402 4908 4944 2352 3978 2352 3318 1674 1914 1206 3654 3312 1356 1536 4302 3156 2928 2682 3714 4632 4254 1374 2856 4998 4896 3246 1128 1572 3222 4164 3228 4440 3084 3942 1578 3660 1014 2688 3792 3702 4050 468 5298 780 3558 5304 468 1356 2970 978 3696 3138 4248 4446 4740 4380 4584 906 4956 3000 2640 366 1818 3912 4842 4218 3936 3924 306 3816 1410 1056 1296 2934 2424 3192 3576 2124 1404 3618 3900 3798 1890 2610 3732 300 2202 3600 3288 4062 1668 1116 3150 3522 576 2256 1524 4986 1800 4386 4656 2316 2418 2862 2946 4770 5124 2676 3570 1494 750 2484 3510 1692 4302 1272 4176 3270 3912 1716 1248 1986 810 1410 2436 2826 4428 3762 2634 3432 2862 4386 3114 3360 
4224 1974 3408 3090 3768 3624 2886 1086 3930 3150 2412 3780 4494 654 3696 1206 834 3336 3756 3168 3756 2514 3648 2508 3426 2802 4332 2310 3354 4206 3288 732 1932 2496 2862 1074 1356 852 2760 3096 1092 2640 996 4380 3294 450 2838 4938 3504 3354 2016 3408 2958 1062 726 3786 2820 2208 1512 2682 1020 3600 1122 2670 2514 1200 2004 2736 2454 1434 3012 2802 4176 1836 2232 2172 1578 3018 3318 2334 4284 1380 864 4056 1230 1164 1140 3606 2544 3030 2040 3360 1044 540 1686 1926 4128 2550 4014 2322 3474 306 3396 768 3012 798 642 3780 4056 3648 4074 2136 2454 4776 1668 342 4410 1140 2124 3396 2112 4098 2448 1710 1926 2412 4278 3012 1176 4302 3108 2724 1986 4050 2316 2448 3852 474 1602 3264 3336 3528 3246 840 4188 576 3354 2004 2076 2670 2586 2472 3372 2892 3000 1044 1446 2754 3204 3144 3852 3342 3312 4530 3228 3762 1176 204 2748 3912 4500 2496 3132 1056 3102 2148 4356 3678 3408 3450 3474 276 3804 792 2532 1152 2748 3258 3180 2394 4608 630 3438 3522 684 1470 3912 726 1662 1056 2088 1290 3300 1794 4116 2892 3120 1986 984 2874 3468 3528 1458 2424 2532 1962 3186 4572 936 1494 1260 2688 2664 1452 2754 2058 3300 2826 3396 1818 1770 3444 2232 3636 690 1842 2520 894 4476 2508 3516 3510 4968 1770 3144 2928 1122 2316 1350 3684 3552 2226 1440 1548 2286 3360 2514 2898 1308 774 678 1194 2574 726 2934 3114 2430 3648 3654 2274 2382 2370 3444 2442 1824 2724 1242 1632 3084 2514 3114 1266 1068 3264 846 2526 3468 384 654 642 1776 2808 3312 2286 1764 1896 2754 2400 1746 1476 3042 3810 3204 4158 1776 1926 2118 2814 1860 1176 3030 342 3996 1920 480 4206 660 2136 3360 3090 
4840 296 1752 5864 4032 5320 3184 1512 4128 2872 4976 7128 5208 3416 4624 4504 2312 1688 4136 1472 4760 3488 3968 2208 4408 856 4840 5584 1984 5544 2184 3688 2696 5288 2984 2736 2520 1992 5048 1224 1536 4384 2888 5016 5744 2464 880 5912 4808 2600 1776 5720 5568 1872 1976 4776 4992 5168 3856 5784 1728 5232 4384 5792 5832 2040 976 2640 2648 4024 5448 5848 5432 2416 3584 2368 4232 2616 1992 5616 4728 3464 2120 5048 2024 1432 1472 2800 2232 5360 176 3280 3440 2608 2032 344 4936 2040 5296 5144 2768 3296 3152 3832 3488 2104 2560 7064 5248 6696 4488 5440 5440 5960 3864 3360 5728 4240 576 4944 4264 4976 4496 4576 3248 840 5432 1104 1360 5256 2656 2120 5072 5112 1768 1408 4272 2272 2984 5112 1688 2976 5016 3128 5096 2720 6240 3456 2984 4104 1576 1408 3896 5920 1104 4104 3576 1008 1368 5264 5104 5976 2448 5336 3664 3760 1440 2712 1000 4048 5352 2120 6336 4312 5416 5056 4968 4872 2192 4456 5696 2688 5192 2320 5568 3136 5768 1776 1552 3696 5880 3736 4288 6088 3656 4640 4824 2528 4032 3928 168 1568 4488 2592 5168 1304 2424 4224 3936 928 2280 4536 4408 4504 2824 296 3928 5288 3632 1160 4504 2448 5248 2320 2368 1264 3104 5848 1680 4904 1168 1768 5184 6592 2016 5144 2088 3488 5296 664 2608 3088 5976 4968 1464 3760 4264 5568 4696 4064 2552 448 1352 952 5408 3528 4744 5544 4360 3544 2608 1536 2368 3016 5336 3304 1560 4128 6136 3240 1768 5608 5472 2096 1712 1880 4512 4864 3848 2352 6296 4576 4008 1696 3920 840 2616 3416 2624 2128 2200 920 1656 3176 1136 4040 5560 3560 1240 3576 2184 7120 2728 5736 568 3840 4448 4656 5064 4104 4544 3008 4080 936 3424 5656 2120 264 4392 3600 
6670 7800 9380 1040 6720 3890 5850 6490 7010 6910 1950 740 6880 6250 5470 4620 7040 9220 6490 9010 5380 4670 6480 6480 5100 9180 7020 2210 8740 5290 8240 6010 5080 1570 6100 7430 5020 5870 2230 9370 7080 3350 4640 6850 1900 5610 9030 7070 4570 7820 6310 2310 1450 5890 6570 5450 2470 1980 3400 1240 6150 4010 4580 1290 1990 7600 7140 6330 5820 7340 1870 990 5420 5360 4100 5770 3060 6960 8630 2220 7070 3860 5680 5750 5640 6530 7130 8220 6520 2120 7990 6810 4080 6560 5740 7770 6190 6760 5160 1810 7900 5280 7100 4590 5660 6890 5250 660 5370 650 6840 2630 1570 6410 3330 5440 5590 3990 8480 4000 2890 6040 2820 2800 4300 7840 5740 9350 6690 6160 7110 6980 2460 5610 6700 7310 6540 6030 4480 3270 9230 7730 3420 6890 6080 6600 760 4060 4820 3910 7370 7350 5850 830 9430 4090 3710 8410 9650 2630 5020 1460 7920 6760 5880 7150 6510 6000 8410 7110 6640 6570 590 5010 2160 2070 6860 4950 8580 5090 2590 6120 4710 5450 1460 4300 1080 8780 8900 4150 5980 5390 5350 1770 4580 3510 5740 6870 3150 3910 8140 6220 4630 5100 5730 8390 7470 2890 6270 9190 8630 5140 3260 2770 5710 7920 5330 6990 6630 7710 4150 6500 1680 5280 6730 6920 6940 940 9540 2770 6770 9530 1930 840 6120 3180 6660 6700 6640 8210 8270 7500 7060 3030 8940 5040 5930 2160 4570 6420 8460 7880 7740 7640 1980 6420 2430 1390 3600 6360 5170 6320 6390 4710 1940 6170 7120 6210 2120 4700 6810 2050 3020 6510 6210 7290 4300 3390 5230 6310 590 5310 3930 8940 4440 8070 8120 5270 5170 5930 5590 8730 9210 4810 6800 3120 1220 4380 6680 3700 7610 720 7260 4740 7490 3420 2610 3150 2870 3730 3840 6100 7320 7100 5830 5060 5920 8300 4970 5660 
2875 490 1640 3045 2405 2890 1745 285 2500 1740 2480 3805 3110 1600 2610 2170 1020 1585 2440 1445 2685 1755 2335 1210 2430 1210 2915 2810 1625 3150 1620 1745 1205 2660 1660 1355 960 570 2570 1410 535 2210 1135 2995 3020 880 1205 3535 2630 1755 805 3030 2870 500 685 2700 2550 2565 1750 2950 405 2845 2090 2955 2970 1000 520 1475 1360 2095 2815 3000 3095 1030 1725 1130 1975 1590 1600 2835 2855 1510 645 2900 630 225 510 1940 1240 2775 570 1970 1475 1120 775 460 2875 1180 2985 2560 1865 1425 1940 1735 1910 855 925 3775 2980 3560 2690 2720 2735 3495 1775 1480 3290 1980 800 2660 2050 2885 2230 2185 1485 825 3125 1355 220 3060 1650 1290 2490 2925 965 935 2525 795 1270 2705 1585 1950 2655 1500 2960 1200 3280 1605 1390 2085 1060 950 2205 3050 1365 1895 1585 1100 1520 2750 2860 3145 1695 3170 2060 2305 225 1105 1095 2465 3165 1175 3305 2070 2820 2495 2970 2705 1690 2460 3030 1105 2880 770 2820 1295 2950 1530 1455 1820 3415 1720 2385 3235 1620 2225 2760 1125 1865 1780 640 340 2430 1110 2965 1225 1585 2010 1925 1250 1745 2520 2080 2230 1465 525 2155 3170 1775 590 2155 1385 2655 865 1385 640 1885 3005 1640 2385 400 1675 2570 3510 615 2540 1175 1695 3135 895 1845 1975 3570 2430 1425 2000 2100 2800 2295 2385 1855 660 685 470 2705 2060 2370 2850 2045 1695 950 285 1300 1205 2750 1880 965 2390 3285 1565 1000 2830 2915 1140 675 1220 2165 2365 2085 1270 3280 2250 1830 1530 1785 915 1820 1505 960 675 900 1150 1565 1540 380 1900 2840 1755 410 1590 1480 3805 1720 3215 320 1795 2155 2385 2485 1885 2385 1315 2510 445 1560 3200 665 710 2405 1985 
4164 714 2100 4314 3582 4236 2832 870 3684 2742 3624 5172 4446 1878 3888 2826 996 2058 3636 1902 3984 2874 3510 2154 3684 1284 4194 3852 2280 4542 2388 2094 2208 3804 2718 1266 1866 1224 3786 1650 534 3402 1962 4308 4332 1428 1398 4962 3924 2652 1698 4362 4122 1254 900 3996 3780 3630 2706 4110 1080 4176 2748 4104 4044 744 1212 2478 2376 2244 4080 4188 4476 2004 2826 2112 2928 2556 2274 3876 4122 2442 1344 4230 1470 864 492 2832 2178 4044 684 3042 2310 1272 1698 666 4188 2076 4350 3666 2784 1938 2982 2382 3042 888 1602 5148 4338 4926 3930 3702 3858 4938 2772 1944 4710 2736 534 3960 3144 4200 3390 3150 2526 1356 4506 1530 750 4416 2616 2184 3486 4266 1830 1680 3744 1206 2250 4002 2058 2916 3948 1602 4296 1344 4596 2670 2430 3264 1830 1686 3384 4260 1482 2640 2532 1548 1710 4038 4194 4464 2550 4530 3210 3426 882 1440 1542 3636 4530 2100 4542 2652 4098 3552 4278 4014 2418 3714 4374 1404 4224 1476 3948 2172 4128 2124 1962 2946 4848 2202 3624 4590 2280 3060 4062 1170 2856 2568 666 1146 3684 2094 4314 1764 2484 3078 2250 1386 2484 3786 2964 3384 2508 600 3342 4518 1992 132 2886 2352 3846 1782 2334 1416 2922 4200 2028 3336 1182 2100 3648 4872 1092 3438 2088 1878 4488 1284 2700 2976 5010 3342 1896 3162 2520 3846 2970 3576 2670 1050 234 198 3768 3180 3546 4086 2868 1956 1650 1026 2268 1938 3996 2976 1758 3600 4662 2646 1854 3888 4248 2064 1566 2046 2874 3228 3264 2238 4518 2808 2610 2064 2460 1392 2688 2010 1650 1200 1848 1482 2034 2616 1152 2952 4038 2868 1212 2544 2322 5184 2682 4626 666 2850 3246 3606 3420 2700 3624 1608 3678 1128 1926 4602 1200 648 3648 3132 
6200 3080 5320 4530 5470 5190 3990 1560 5740 4510 3370 5830 6650 1940 5300 2330 1970 5180 5430 4910 5400 3330 5260 3460 4850 4520 6390 3590 5100 6150 4910 2020 2390 3600 3980 2510 1430 960 3860 4930 1960 3570 800 6450 4770 460 4510 7380 4980 4940 2690 4920 4260 1220 1420 5450 3930 3230 1830 4030 1300 5150 2150 4020 3920 2480 2880 3800 3300 3250 4310 4190 6100 2250 2860 2840 2080 4310 5030 3630 6320 1510 860 5900 1350 1660 2010 5360 3530 4310 3230 4820 1070 1600 2080 3010 6020 3580 5830 3340 5130 1010 4910 1410 4180 1760 300 5810 5890 5510 5970 3370 3620 7090 2040 1220 6490 1850 3540 4810 2760 5980 3300 2420 2350 3620 6260 4820 1750 6310 4470 3870 2980 5890 3220 3530 5590 880 1810 4610 5190 5190 4570 2240 6120 1710 4990 2480 2610 3600 3740 3570 4780 4320 4830 1690 1640 4220 5150 4450 5560 4890 4890 6700 4550 5480 1650 1060 4210 5720 6650 3460 4770 2210 4430 3110 6420 5260 5140 4890 5010 1180 5480 640 3770 1090 4090 4970 4900 3130 6820 1670 4870 5170 1150 2340 5660 1880 2080 1470 3350 1650 4640 2160 6000 4390 4530 2580 2450 4610 5240 5010 2110 3260 3420 3120 4450 6780 2420 2610 2220 3740 3780 1630 3870 2900 4740 4210 5350 2740 2470 5410 3260 5460 1010 2980 3510 2350 6600 3850 5250 5130 7430 2780 4860 4030 2590 3580 2560 5320 5330 3400 2610 2610 3450 4790 3440 4180 2000 2140 310 1580 3550 440 4180 4380 3470 5240 5360 2930 3330 3650 4930 3360 2390 3920 2260 2630 4280 3450 4730 2650 1560 5020 1490 3830 5150 1170 270 820 2190 4380 5150 2960 2470 2400 4010 3140 2410 1680 4440 5860 4640 6070 2740 2400 2820 3870 2900 1690 4200 1430 5870 2760 1610 6150 830 3460 4740 4310 
3213 924 1603 4361 2513 3654 1743 1337 2618 1519 3647 5530 3535 3206 3003 3829 2436 1491 2597 1323 3122 2072 2450 882 2821 1533 3227 4410 1365 3808 1274 3388 1477 3955 1568 2898 1575 1575 3584 1561 1750 2933 2072 3367 4165 2058 1358 4151 3178 1449 602 4109 4088 1351 1953 3136 3507 3955 2793 4445 1372 3570 3710 4466 4606 2373 280 1267 1281 3934 3934 4466 3710 1253 2247 1085 3178 1295 1316 4445 3136 2443 1603 3374 1288 1246 1708 1708 910 3836 1036 1869 2576 2555 1001 959 3276 756 3591 3871 1603 2849 1785 3185 2002 2205 1995 5460 3549 5089 2919 4340 4151 4172 2737 2947 3969 3451 1519 3332 2975 3311 3108 3507 2009 483 3703 1575 1295 3556 1358 861 3955 3430 504 301 2716 2037 1883 3521 1498 1736 3430 3101 3416 2674 4690 2191 1708 2639 476 322 2366 4515 1659 3339 2534 875 1764 3703 3430 4396 1365 3640 2156 2310 1225 2485 875 2555 3654 812 4893 3738 3878 3850 3332 3227 1407 2863 4067 2499 3507 1750 4270 2219 4403 1288 1274 2310 4102 3290 2709 4466 3003 3738 3178 2576 2919 3108 1134 1064 2905 1435 3479 910 1225 2989 3654 1498 1477 2933 3451 3122 1435 1078 2401 3612 3465 1687 3745 1099 3836 1365 1043 182 1722 4459 1680 3850 490 1687 3955 4984 1771 4158 784 3360 3605 770 1582 1792 4200 3969 1281 2261 3864 4389 3997 2527 1596 672 1855 1477 4200 2058 3353 4081 3479 3346 2002 1169 1029 2310 3843 1855 364 2576 4473 1890 504 4410 3843 791 665 714 3780 3934 2331 1008 4858 4025 3199 1344 3234 644 1540 2961 2030 1813 1092 1106 1477 1820 504 2828 4151 2170 525 2520 1064 5509 1442 3983 910 2611 3178 3164 4025 3241 3003 2800 2597 385 3108 3913 1792 1260 2807 2107 
1340 2860 3185 1485 1390 325 1175 2530 1530 1680 1395 2320 1465 3260 735 2950 3215 3105 1265 3040 700 820 1275 1720 560 3380 1510 2370 2765 825 2460 3250 1360 1630 1325 3535 1720 2340 965 3350 2950 590 1910 1440 1070 2465 3240 1650 295 2170 1890 900 1305 2225 2840 735 825 1925 1640 2010 2380 275 2875 2050 2405 3380 2390 1520 1380 3920 1070 1915 840 1535 895 1520 1825 1770 2705 2390 1535 1625 2250 910 2020 2510 2955 2330 1725 940 2955 1545 1950 3095 1790 2865 1110 1865 690 1715 2170 2725 1710 2610 1010 3065 2245 2220 770 1865 1420 2485 1890 1385 1470 2835 1005 2505 3290 95 1165 1040 895 1975 1160 2620 975 3385 2605 1130 1825 1915 2160 855 1950 2255 1280 2650 1435 370 3115 2050 285 3435 1070 3160 1630 1075 1175 515 2225 2270 990 1880 3455 2480 1595 2835 3495 680 580 1295 2250 1420 1050 1635 2490 2840 2840 1585 1370 1775 2110 3050 915 1875 1440 490 2635 550 795 2900 470 2210 1955 1785 1890 2835 2960 770 1195 2980 690 1215 2505 2470 880 3215 1570 2255 3040 2255 335 1460 920 2750 2040 1300 3455 3345 2640 570 2170 940 1280 2960 755 1525 3500 3140 2725 1640 1330 1740 1745 2215 1640 1875 3310 2225 2290 3270 1900 1745 2565 2585 1815 3480 1360 2825 2390 1915 1655 2415 3000 715 3430 2335 3015 1240 2500 2760 3220 3040 2135 1320 1020 1360 2350 3355 2205 2370 1635 2140 1050 1260 2140 1125 1125 1000 1975 2310 565 1770 1940 2100 2805 2535 745 1620 2085 3285 2320 2945 2575 2715 2310 2775 2220 2495 1670 3035 3110 1030 2310 1300 1580 815 2250 1565 2160 2265 1870 720 2760 1190 1295 535 2385 2255 215 3025 1685 2415 3065 785 2480 3130 505 975 
5736 4848 6488 2136 5456 3976 4424 3656 5704 5136 1592 2568 6016 2912 4800 1528 3712 6368 5336 6168 4800 3512 5256 4504 4424 6008 5976 480 6160 5072 5880 2680 3320 1352 4536 3936 2872 3152 2328 6288 3952 2856 2304 5928 2760 2768 5968 6400 4216 5728 4096 3056 2144 3280 3488 4856 2536 768 1560 1176 3416 4016 1504 1128 744 4200 4536 4576 4112 3720 2432 1400 5112 3424 2944 3896 1088 5080 6088 504 5968 1920 3032 5184 3216 3720 4008 6080 4552 2584 4984 5232 1728 3296 3560 4800 5440 4680 4872 1120 5840 2232 5400 1616 4408 3664 2584 2624 5000 2624 5720 296 1016 5984 1744 2320 5360 1104 5248 3856 1960 5352 2328 712 2808 5144 5328 6216 3816 5552 5216 4904 312 5112 4504 4896 5424 3064 2664 3384 6376 5792 3440 3448 5432 3304 2360 2712 3264 3208 5016 4936 4760 1544 6248 1216 1840 5624 6472 2960 4696 2624 5744 5984 4672 5656 3712 2880 5624 5744 5912 4544 1728 1848 2688 800 5912 4528 6120 4432 3248 2968 4504 2832 1040 2120 1352 6120 6128 3112 5672 2208 4552 2936 1680 672 5080 3544 1504 1240 5080 3608 4096 3232 5216 5704 5400 1768 2864 6056 6184 4512 736 2264 4104 4896 4360 6120 3176 4496 1160 4632 1832 3120 4792 4456 5256 1464 6552 264 4200 6584 816 2688 3224 416 4608 3248 5888 5376 6048 5664 6416 264 6120 4024 2576 488 1496 5256 6160 5048 4464 4504 584 5032 2144 2024 848 2976 2544 3616 4496 2136 2384 4744 4792 5120 3208 3344 4600 576 3416 4472 3920 5056 1280 544 4232 4416 1712 2080 1192 6200 1496 5328 5936 2192 2528 3080 3528 5808 6352 3424 4216 1856 1656 3248 4136 1872 5416 2640 5352 4784 4576 2152 1704 2912 136 1064 3472 2880 5896 4464 2592 4968 3088 5176 4312 4464 
4770 1719 513 7137 3861 5958 3321 2961 3879 2601 6246 8667 5148 5292 4833 6345 4086 405 4041 153 5004 4041 3861 2304 4707 1152 4689 7236 864 5877 1323 5571 3420 6651 3051 4590 3591 3411 6120 720 3195 5220 4203 4923 6831 4014 801 5931 5256 1944 2304 6714 6786 3177 3636 5004 5994 6651 5157 7290 3114 5832 6192 7317 7488 3807 1692 2673 2934 6030 6561 7317 5733 3159 4374 2835 5652 2349 909 7281 4545 4716 3501 5229 3186 2853 3123 2007 2295 6417 1692 3042 4851 4383 2853 1800 4995 2043 5634 6543 2097 5013 2808 5535 3654 3834 4014 8559 5544 8064 4338 7137 6912 6129 5094 5112 6030 5922 2034 5544 5382 5076 5508 6075 4122 1017 5661 900 2835 5364 2322 1953 6651 5328 1980 1413 4176 3888 3987 5895 405 2385 5760 5004 5202 4518 7551 4347 3681 4797 1404 1377 3978 7371 1062 5778 4833 477 972 6192 5463 7146 1746 5319 3735 3429 2835 4428 477 3762 5364 2214 7857 6174 6453 6525 4869 5229 1179 4761 6633 4419 5625 3708 7065 4419 7236 585 252 4410 6129 5553 4527 7209 5310 6327 4986 4320 5328 5508 1701 2790 4923 3393 5364 450 1935 5409 5877 981 1260 4833 5985 5535 3105 1827 4176 5220 5553 2817 6273 2448 6480 3321 2268 1800 2817 7299 594 6507 2079 603 6660 7920 3564 6876 2133 5400 5301 846 1782 2592 6012 6642 135 4113 6210 7209 6561 3978 1638 1269 3042 2574 6975 3429 5841 6786 5994 5445 4041 2853 2457 4473 6444 3303 1602 4104 7191 3870 1899 7245 6309 2232 2430 1611 6309 6579 4131 2484 7812 6507 5616 414 5616 819 1845 5157 4068 3654 2961 486 369 3771 2070 5202 6894 4221 2142 4815 1647 8631 2322 6210 1971 4914 5652 5508 6723 5688 5202 4797 3744 1791 5247 6066 3636 1746 4725 3753 
216 4664 4384 4312 816 2072 1712 4640 872 1952 4096 5624 520 6352 760 6232 5936 4280 656 4256 816 2176 824 2608 1112 5120 488 5632 3624 1240 3112 6416 2896 4496 1848 6488 3664 4536 3464 4888 5304 2696 4208 392 3616 4920 4832 1152 1464 2544 3208 3320 4016 4272 5296 760 3240 4912 4160 5128 4480 1960 6096 5184 5720 6056 3888 2168 2336 7376 3648 4984 1080 3072 2688 2720 4552 2200 3536 5672 552 3992 4432 616 3952 4568 5280 2640 2576 3440 4792 1544 4488 5872 3384 4696 240 2744 1160 4600 2456 5576 1752 5576 1480 5664 4616 5456 992 4880 488 5776 4904 1200 3904 5752 1240 5536 5344 1920 3568 360 3232 4864 3000 3984 896 5008 4704 536 2192 2664 5240 744 3040 3376 536 5128 3392 2504 4296 2192 2384 6488 432 5992 4528 2992 2712 2320 3232 3392 992 4936 5152 5472 3992 4144 5112 3016 1168 3976 2720 568 1208 1240 4536 5560 4152 992 568 2680 5304 6312 3392 4824 376 1168 3344 1104 3112 5632 1432 4456 5016 4104 4944 3816 4096 2480 1232 6064 984 3816 5376 5592 536 6008 4120 5096 4904 4160 1464 3088 696 3896 2528 3768 6760 5016 3320 1040 5112 3304 2176 4840 1248 624 6728 5424 5920 2344 4040 3560 2416 3592 1744 4928 4632 5296 3888 4528 4880 4672 4904 5864 2712 6656 512 4280 2816 1976 1208 5584 4200 1600 6816 5576 6368 720 2992 4344 5600 5208 5264 1248 3488 4104 5352 6512 4568 4360 2448 4624 3608 1496 3224 672 3608 2472 3024 5544 2744 2720 3416 2944 6032 5736 1384 2488 5264 6696 5216 4016 5552 4080 2712 5688 4600 4840 3208 4464 4296 2432 3928 3704 4456 2392 3856 3936 2784 5528 2184 1712 4608 3432 3832 2720 5560 5144 2120 5912 1096 3976 6088 1464 4808 5040 1224 1360 
2646 4627 5257 1407 2800 658 2471 4018 2989 3199 1589 2464 2765 4718 1834 4046 4837 5145 2618 5033 1750 1834 2646 3171 1638 5439 2891 2898 4690 1645 4270 4655 2485 1827 2681 5250 2842 3682 952 5432 4578 1043 2940 2758 735 3752 5257 2891 1204 3878 3311 448 1211 3570 4354 1799 805 2324 2324 2282 3787 749 3955 2338 2898 5131 4004 2933 2681 5621 889 2107 1729 2730 1722 2814 2450 3311 4606 2926 2940 2436 3542 1974 3297 4004 4592 4116 3185 728 4767 3031 2849 4613 3080 4627 2296 3381 1547 2009 3892 3948 3255 3675 2261 4655 3444 2310 1694 1806 2800 3115 2191 2429 2114 4102 1862 3430 5208 805 1596 2184 1190 2569 2058 4382 1953 5474 4137 2254 3388 3472 2709 1876 3458 3899 2632 4039 2401 385 5152 3724 497 5033 2205 4690 1533 1897 2226 1260 3878 3920 2247 2030 5558 3423 2366 4718 5642 406 1463 1043 3983 2674 2338 3150 3976 4228 4718 3066 2583 3248 2289 4228 651 2282 2765 1435 4515 1617 259 4319 1239 3451 2254 2723 2093 4774 4928 1610 2135 4242 1827 868 3563 3283 1988 4802 2184 3136 4879 3675 1330 2590 1953 4620 3689 1771 4921 5397 4536 1631 2898 1232 2555 4760 1918 2835 5047 4907 3703 3087 1386 2926 3248 3780 3157 2044 5418 2849 3822 5376 2282 1624 3969 3339 3311 5040 2590 4669 4193 3542 2884 3122 4984 1827 4823 2849 4095 2590 4347 4536 4991 4781 2583 2709 1190 1309 3178 4837 3381 3815 3066 3206 910 2618 3738 2429 714 2016 3507 2800 63 3234 3346 3731 3822 3332 1890 3031 2261 4536 3213 4921 3605 4529 4081 4004 3395 3857 2926 4984 5145 2079 3857 1848 1666 1736 3766 2324 3843 2373 3465 1281 4459 1806 1673 805 3059 3101 931 4445 3206 4025 4424 1491 3836 5005 1561 2219 
6264 3064 5016 4488 5656 5392 4480 1968 5864 4816 3616 5280 6624 248 5552 1432 1160 4928 5640 4704 5624 3968 5496 3960 5184 4112 6408 3216 5000 6208 4944 384 3208 3672 4448 1208 2440 1736 4152 4544 1784 4072 1928 6464 4832 1224 4200 7208 5264 5064 3296 5016 4344 2016 1336 5664 4248 3216 2488 3824 1928 5368 1360 3792 3480 1648 3208 4272 3896 1304 4456 4000 6176 3080 3576 3520 2480 4640 4960 3240 6344 2376 1768 6024 2256 2072 1848 5392 4008 4504 3128 5104 1888 744 2872 2992 6120 4008 5952 3424 5232 632 5144 1128 4640 1256 1488 5304 6008 5184 6064 2936 3544 6976 2720 464 6480 1632 3152 5104 3312 6088 3776 2576 3176 3728 6312 4408 2056 6352 4760 4232 2856 6008 3688 3832 5768 1160 2744 4888 4928 5312 4872 704 6200 680 4824 3264 3392 4144 4016 3856 5120 4136 4376 1536 2448 4160 4664 4688 5736 4864 5000 6664 4936 5640 2096 648 4152 5848 6624 3936 4416 1136 4608 3152 6432 5504 5096 5216 5120 640 5664 1680 3632 2104 3936 4856 4736 3792 6752 568 5200 5128 1152 2064 5832 936 2672 1696 3176 2296 5008 3016 6104 4368 4760 3128 696 4216 5176 5312 2192 3728 4008 3016 4864 6728 632 2272 1648 4200 3952 2568 4280 3312 5024 4048 4976 2608 2920 5056 3256 5192 1456 2496 3968 608 6592 3816 5272 5288 7248 2480 4680 4528 952 3232 1600 5544 5312 3440 2152 2400 3248 5112 3824 4248 1920 408 1536 2152 4048 1536 4360 4784 3824 5488 5320 3648 3776 3312 5112 3864 3040 4216 1576 2240 4728 3976 4392 1296 1664 4856 1248 3872 5208 592 1496 1432 2992 4200 4896 3672 2904 3024 4024 3808 2896 2488 4640 5328 4888 6120 2816 3104 3280 4296 2608 1824 4616 304 5960 3088 152 6200 1456 3216 5096 4752 
6102 4275 6219 3114 5625 4545 4347 2916 5895 5040 2178 3987 6462 2205 5121 1143 2961 6093 5526 5859 5157 3456 5409 4212 4689 5580 6327 1764 5931 5652 5679 2016 2961 2178 4428 3258 2277 2367 2889 5922 3222 3096 1548 6327 3591 1890 5553 7002 4608 5589 3645 3843 2979 2547 2691 5220 3060 1647 1224 2340 2664 4554 1008 2313 2061 3501 4014 4383 3870 3258 3177 2538 5652 2997 2853 3555 936 4923 5859 1800 6291 1413 2241 5616 2538 2997 3276 5985 4266 3267 4419 5220 945 2502 3033 4221 5832 4374 5382 1890 5742 1323 5364 702 4410 2889 1728 4005 5499 3870 5994 1530 2025 6615 1521 1449 5967 342 4689 4302 2088 5760 2619 936 2547 4689 5859 5841 3096 6021 5076 4635 1278 5571 4113 4500 5652 2214 2223 3906 6102 5733 3933 2763 5868 2529 3465 2520 2997 3348 4653 4536 4887 2682 5859 306 1395 5238 6129 3564 5157 3573 5580 6462 4734 5760 2997 2016 5229 5913 6390 4230 3006 1341 3384 1584 6300 4932 5922 4716 4005 2124 5004 2016 2124 1449 2457 5850 5823 3087 6309 1449 4779 3888 684 612 5454 2790 1332 198 4527 2925 4383 2808 5679 5364 5220 1845 2304 5652 6003 4815 495 2547 3915 4320 4491 6579 2565 3825 774 4401 2547 2547 4563 3960 5202 2583 6273 1017 3636 6309 1692 3879 2403 1170 4293 2610 6363 4923 5922 5625 7029 990 5805 4086 2115 1764 1278 5427 6030 4536 3789 3843 1719 5076 2556 2871 288 2313 1683 2898 4239 1242 3078 4716 4401 5310 4140 3177 4221 1845 4077 4149 3411 4752 900 864 4338 4149 2979 1746 108 5922 576 4896 5814 1305 1665 2250 3042 5409 6075 3249 3645 1818 2574 3186 3564 1449 5193 4032 5229 5427 3969 2052 1935 3267 1107 108 3789 2061 6075 3915 1818 5580 2259 4626 4572 4500 
3114 2718 3762 1512 2850 2064 2058 1938 3036 2598 816 2406 3348 2220 2442 1752 2418 3666 2772 3528 2466 1386 2706 2154 2154 3552 3276 1458 3450 2778 3204 2166 1254 1026 2142 2730 1056 1572 1086 3696 2328 1086 840 3264 1626 1494 3474 3690 2088 3054 1914 1734 1332 1566 2058 2502 1152 1002 174 1422 1728 2058 1656 1434 1596 2712 2346 2178 1830 3000 1350 1446 2784 1368 966 1698 456 2562 3390 1488 3264 354 1452 2766 1416 1956 2352 3318 2184 1356 2832 2664 624 2184 1536 2694 2922 2298 2604 924 3132 1560 2790 1350 2052 2286 1242 2364 2682 2124 3066 1470 1164 3426 48 1692 2994 1212 3126 1884 450 2868 798 726 846 2784 2922 3672 2058 3036 2664 2454 1080 2730 2196 2526 2844 1752 792 1656 3672 3090 1656 2508 2940 2238 1794 774 1194 1254 2592 2556 2340 1500 3714 1182 264 3144 3852 1482 2454 1698 3078 3336 2262 2988 1944 1842 3144 3060 3288 2184 1812 1866 1428 912 3252 2304 3396 2172 1806 1920 2352 1326 1266 630 1392 3438 3474 1110 3216 1818 2226 1866 1236 1224 2664 2358 132 912 2916 1764 1944 1212 2808 3162 2814 312 2400 3570 3438 2238 864 762 1824 2790 2052 3426 2502 2688 1488 2226 1050 1230 2358 2238 2682 1446 3834 1062 2112 3840 1002 2070 1758 1452 2238 2496 3270 2994 3300 2994 3708 1248 3486 1794 2340 1428 1830 2706 3396 2784 2718 2634 1236 2520 840 1290 1050 2328 1194 1824 2136 972 1272 2298 2430 2616 1986 1248 2262 1434 1800 2142 1818 2592 1578 1338 1956 2076 1788 2142 990 3516 1302 2928 3222 1608 1200 1644 1470 3318 3660 1308 2130 234 1242 1194 2064 252 2844 2400 2760 2646 2526 390 456 1212 1254 912 1542 2004 3174 2316 1968 2736 1638 3012 2076 2100 
7290 4870 7120 3930 6730 5600 5290 3340 7030 6010 2940 4760 7700 2070 6220 730 3120 6990 6630 6720 6270 4340 6500 5050 5740 6300 7530 2170 6870 6820 6630 1810 3720 2880 5360 3350 2890 2770 3750 6730 3550 3990 2070 7540 4510 2150 6310 8310 5660 6580 4370 4800 3810 3020 2940 6330 3940 2240 1900 2960 3100 5610 570 2910 2500 3730 4680 5290 4720 3160 4050 3210 6830 3720 3690 4340 1580 5860 6790 2200 7490 2070 2660 6770 3080 3450 3620 7020 5110 4160 5010 6240 1480 2580 3710 4800 7010 5220 6530 2560 6750 1260 6390 480 5390 3090 2090 4800 6650 4710 7150 1830 2650 7900 2230 1340 7180 210 5250 5330 2870 6930 3460 1510 3320 5420 7050 6610 3530 7220 6030 5510 1740 6720 4900 5280 6770 2450 2920 4890 7000 6760 4920 2730 7050 2580 4300 3310 3790 4260 5470 5330 5920 3380 6620 210 2060 6020 6940 4510 6280 4460 6560 7700 5750 6860 3450 2100 6020 7040 7630 5070 3690 940 4290 2190 7510 6020 6880 5770 4990 2200 6110 2430 2740 2020 3130 6760 6700 3950 7550 1190 5840 4820 660 730 6590 2890 2030 680 5120 3450 5410 3530 6850 6190 6170 2600 2080 6400 6980 5880 1000 3380 4790 4890 5500 7830 2430 4230 420 5280 3340 3180 5450 4670 6210 3270 7160 1430 4260 7210 2290 4750 2720 1310 5140 2500 7590 5660 6930 6660 8350 1250 6670 5050 1820 2190 900 6520 7030 5210 4150 4290 2230 6110 3390 3680 610 2160 2060 3380 5100 1620 3950 5700 5200 6400 5120 4020 5020 2290 5070 4980 4090 5610 500 960 5330 5000 3660 1390 530 6820 340 5640 6820 1190 2030 2560 3750 6190 6960 4090 4260 2570 3320 4060 4200 2130 6120 4830 6200 6590 4530 2820 2700 4190 1410 670 4760 2030 7210 4560 1660 6750 2580 5220 5610 5490 
5244 2940 4404 3528 4824 4446 3936 2130 4986 4230 2928 3960 5508 552 4674 888 1428 4344 4794 4176 4716 3492 4692 3594 4386 3702 5364 2364 4404 5118 4362 360 2970 2904 3930 1308 2400 1938 3402 4038 1962 3456 1962 5400 3876 1542 3780 5928 4410 4440 3102 4038 3462 2148 1650 4752 3504 2508 2208 2910 2094 4440 906 2874 2544 1758 3060 3816 3516 762 3594 3066 5106 2892 3156 3246 2094 4104 4374 2370 5328 2202 1950 5022 2310 2208 2010 4686 3630 3654 2982 4434 1812 1164 2766 2886 5118 3642 4932 2706 4560 936 4476 1038 4044 1548 1698 4002 4986 3984 5118 2118 2742 5724 2400 804 5328 1296 2964 4254 2826 5088 3180 2082 2880 3444 5220 3930 2190 5280 4194 3810 2184 5004 3402 3522 4890 1518 2574 4038 4344 4614 4044 882 5166 1086 3750 2922 3084 3564 3660 3540 4398 3174 3900 1272 2232 3768 4122 3840 4770 3852 4392 5532 4260 4830 2220 1134 3762 4974 5496 3582 3330 648 3732 2478 5376 4608 4470 4410 4146 1128 4698 1872 2784 2052 3024 4296 4200 3324 5538 576 4422 4068 1146 1548 4890 1260 2316 1494 3012 2370 4230 2832 5076 3924 4206 2670 192 3786 4536 4482 1770 3138 3594 2892 4182 5586 498 2310 1164 3768 3174 2520 3834 3132 4380 3108 4374 1998 2838 4434 2538 4008 1740 1776 3606 606 5472 3510 4602 4596 5952 1836 4158 3918 120 2388 954 4728 4632 3228 2202 2418 2460 4416 3174 3384 1536 474 1728 2262 3654 1644 3534 4170 3510 4674 4236 3264 3468 2454 4170 3528 2910 3804 1074 1626 4080 3594 3318 546 1434 4290 1098 3552 4554 852 1698 1716 2850 3792 4320 3288 2832 2622 3162 3354 2820 2268 4122 4014 4290 5016 2760 2724 2754 3600 1932 1548 3894 876 5064 2970 600 5094 1734 3036 4320 4122 
3094 3143 4179 1743 2814 1911 1932 2366 3031 2611 1036 2912 3360 3024 2310 2583 3108 4067 2716 3913 2331 1120 2646 2184 1967 4074 3290 2121 3745 2709 3423 2996 1169 1379 2058 3521 1211 1995 1036 4179 2891 763 1211 3269 1673 2023 3948 3759 1897 3192 2023 1722 1484 1911 2639 2373 1029 1533 735 1918 2128 1904 2471 1953 2261 3416 2625 2149 1757 3948 1379 1897 2709 1365 623 1666 1057 2597 3675 2163 3276 721 1848 2681 1680 2373 2912 3493 2212 1337 3283 2646 1162 2884 1638 3129 2863 2373 2506 1344 3269 2261 2807 2079 1904 2933 1715 2835 2583 2471 3052 2191 1645 3458 504 2422 2961 1953 3675 1680 364 2800 574 1344 623 3101 2870 4172 2499 2996 2716 2541 1722 2639 2303 2730 2793 2317 777 1470 4074 3199 1456 3318 2884 2961 2072 469 1015 917 2779 2758 2205 1925 4235 1918 665 3500 4375 1365 2324 1841 3241 3353 2135 3003 2345 2499 3500 3066 3290 2233 2303 2702 1400 1435 3255 2142 3654 1988 1764 2590 2212 1743 1764 994 1834 3766 3843 763 3220 2604 2058 1974 1939 1967 2562 3073 679 1589 3395 2079 1722 1183 2730 3486 2926 434 3276 4067 3696 2065 1547 560 1715 3248 1862 3451 3360 3262 2282 2233 1218 1358 2387 2457 2688 1876 4291 1736 2380 4277 1519 2380 2261 2212 2296 3339 3269 3367 3493 3066 3780 1974 3864 1568 3227 2086 2681 2639 3619 3157 3325 3164 1834 2457 763 1463 1771 3157 1652 2191 2135 1484 1288 2205 2597 2527 2058 1001 2380 2079 1687 2191 1967 2737 2387 2093 1750 2079 2268 3031 1687 3871 2037 3262 3395 2331 1666 2142 1526 3724 4060 1078 2408 329 1540 889 2317 623 2989 2891 2828 2576 2947 91 588 952 1967 1603 1267 2730 3199 2611 2744 2674 2128 3507 1876 1946 
1638 2004 1674 3744 1026 2580 864 2292 1062 228 3282 4794 1896 3828 1710 4128 3276 1584 1146 1560 1824 1554 1026 708 1680 2220 1602 4224 1116 2400 732 3948 1530 3594 696 3690 1992 2370 3024 2028 2712 2358 2484 1752 3396 2754 1992 2430 2076 348 1200 3264 3492 2154 2832 1818 2898 3738 2844 4068 2244 2490 4014 4098 4356 3264 1482 588 936 4518 3282 4032 2292 1494 1926 1122 3198 210 1044 4254 1518 2598 2346 1950 1986 2220 2682 570 666 3156 2082 480 2862 3330 1536 2040 1782 666 2250 3582 378 3396 324 3570 1032 3072 2610 4698 2172 4314 1356 4236 3840 2538 2718 3504 2484 3696 2478 2328 2724 1836 2670 3486 1920 1416 2232 2118 2292 2028 108 516 3852 2022 918 1008 1236 2820 2028 2646 1596 330 2550 3810 1920 3432 3990 2028 1578 2022 864 1002 1152 4038 2226 3612 2646 1482 2196 2928 2148 3648 450 2010 1014 774 2196 3192 1488 996 2034 714 4362 4104 3162 3648 1716 2010 930 1710 3168 3228 2280 2430 3942 2526 3984 1242 1440 1872 2538 3786 1536 3624 3408 3864 1788 3378 2898 3360 2154 1968 1878 1620 2034 1284 258 2802 4194 2130 930 1746 3546 2700 954 2136 1356 1950 4080 2688 3978 558 3366 1830 462 1296 330 4008 1848 3816 1584 1782 3726 4194 2604 4170 690 4002 1992 1614 618 300 2478 3978 1512 1404 4326 4194 4254 1104 750 1710 2832 2508 3990 750 2904 3522 3648 3954 2598 2106 666 2778 3216 738 924 1194 3564 1572 870 4200 2916 768 1392 642 4032 4014 1356 726 4332 4374 3450 1386 3588 1458 522 3492 2622 2604 1482 1722 1602 1500 1608 2694 3684 1734 1584 2616 450 4752 6 2652 2016 2460 2934 2508 4002 3450 2184 3474 1008 1566 3696 2532 2580 2244 1710 1080 
5632 3456 5272 3328 5136 4440 3968 2232 5368 4488 2472 4120 5968 1384 4816 864 2088 5168 5072 4952 4864 3272 4952 3696 4432 4600 5808 2104 5088 5360 4920 1240 2688 2504 4000 2320 1976 1784 3064 4944 2400 3128 1328 5832 3720 1280 4608 6496 4416 4904 3128 3920 3200 2000 1912 4912 3184 2048 1456 2664 2048 4432 720 2632 2368 2576 3328 3912 3480 2352 3344 2832 5352 2656 2784 3152 1336 4360 5032 2128 5768 1480 1712 5272 2072 2320 2456 5256 3744 3408 3568 4704 960 1672 2600 3400 5432 3816 5112 2256 5048 608 4800 128 4072 2048 1248 4136 5200 4016 5496 1864 2376 6192 1712 712 5640 528 3752 4192 2280 5376 2752 1408 2440 3920 5512 4848 2376 5624 4496 4048 1704 5240 3552 3832 5192 1512 2080 3896 5176 5072 3904 1872 5480 1680 3656 2464 2784 3288 3992 3864 4520 2968 4856 408 1504 4392 5112 3640 4904 3720 4880 5984 4360 5208 2320 1256 4392 5368 5928 3704 3256 864 3512 1984 5808 4688 5120 4456 4048 1344 4792 1528 2464 1352 2768 5000 4944 3000 5928 744 4488 3992 96 976 5104 1920 1600 536 3648 2344 4200 2528 5336 4536 4576 2072 1520 4672 5192 4552 1024 2696 3544 3472 4200 6072 1720 2944 760 3896 2808 2192 4024 3328 4664 2880 5296 1464 2992 5344 2088 4024 1728 1472 3752 1744 5896 4096 5176 5008 6520 1384 4912 3840 1424 2112 1048 4984 5256 3728 2888 2992 2104 4616 2752 3104 776 1488 1240 2280 3744 928 3248 4296 3768 4896 4208 2984 3648 2192 4080 3632 2896 4120 784 1192 4056 3664 3232 1248 496 5040 168 4088 5088 584 1208 1608 2656 4520 5144 3032 2992 2008 2856 3056 2944 1560 4528 4168 4632 5208 3184 2152 2192 3312 1496 656 3720 1256 5504 3232 1040 5320 1624 3728 4328 4160 
4416 2898 4266 2430 4074 3420 3210 1986 4248 3630 1830 2928 4662 1170 3780 396 1818 4188 4020 4020 3810 2646 3936 3048 3492 3756 4560 1368 4122 4152 3984 1014 2256 1806 3246 1944 1752 1650 2316 4020 2094 2454 1260 4566 2778 1272 3768 5040 3450 3960 2634 2952 2358 1806 1728 3852 2430 1416 1194 1848 1848 3426 288 1818 1560 2190 2802 3198 2862 1818 2502 1998 4152 2256 2262 2628 1020 3540 4074 1380 4536 1284 1590 4116 1848 2052 2136 4224 3084 2568 2982 3774 918 1494 2238 2856 4248 3144 3972 1608 4068 708 3858 246 3270 1806 1242 2952 4044 2898 4332 1158 1662 4794 1398 744 4362 198 3114 3258 1782 4206 2136 978 2034 3246 4284 3948 2094 4386 3642 3318 1116 4086 2952 3174 4104 1434 1782 3000 4188 4080 3012 1572 4278 1488 2652 2028 2310 2610 3288 3198 3594 2100 3948 186 1284 3606 4146 2772 3822 2748 3948 4668 3486 4146 2052 1212 3600 4254 4626 3054 2280 498 2646 1386 4554 3666 4134 3510 3060 1272 3720 1452 1716 1242 1950 4056 4014 2418 4590 648 3546 2964 378 504 4002 1674 1278 462 3042 2064 3300 2148 4164 3708 3714 1626 1176 3816 4194 3582 672 2094 2904 2910 3342 4740 1386 2502 258 3192 2076 1920 3288 2802 3750 2034 4284 930 2550 4320 1452 2922 1608 840 3096 1428 4602 3378 4170 4020 5058 816 3996 3078 1026 1380 510 3954 4230 3108 2454 2538 1410 3696 2100 2280 438 1230 1230 2016 3078 984 2442 3456 3120 3882 3144 2448 3024 1440 3108 3000 2460 3378 288 636 3240 3018 2268 774 372 4086 180 3372 4104 660 1212 1518 2268 3696 4170 2490 2550 1602 2064 2478 2514 1326 3684 2970 3744 4014 2700 1746 1686 2574 906 468 2910 1164 4362 2730 930 4110 1524 3102 3414 3336 
4890 3600 5350 3390 4300 3680 2860 2360 4590 3640 2260 4940 5320 3410 3900 3150 3400 5190 4210 4950 3970 1950 4060 2780 3420 4980 5120 3270 4860 4660 4500 3420 1330 2650 2940 4000 820 1810 2500 5220 3090 2060 710 5150 3420 1850 4850 5990 3490 4310 2290 3510 3050 1730 2720 4030 2520 2580 930 3300 2020 3640 2970 3320 3540 3830 2980 2920 2340 4730 2980 3360 4630 1430 1380 2020 1500 3530 4770 3320 5080 450 1600 4480 1440 2390 3120 4750 2830 2940 3790 3830 950 3100 1630 3560 4650 3000 4350 2480 4460 2360 3990 2300 2960 3140 1410 4860 4430 4420 4730 3230 2870 5650 870 2580 5010 2330 4300 3300 1420 4590 1870 1980 910 3710 4810 5180 2560 4910 3700 3270 2620 4450 2780 3310 4350 2260 500 3110 5200 4430 3060 3760 4720 3220 3860 980 1360 2090 3430 3350 3510 3440 5250 2220 560 4310 5480 3000 4080 3620 4330 5340 3320 4430 2360 2570 4300 4600 5280 2820 3960 3220 3040 2440 5120 3790 4800 3460 3570 2700 3980 1440 3050 460 3260 4830 4880 1650 5350 2930 3480 3840 2050 2560 4260 3360 1110 1770 3940 2020 3170 1190 4570 4350 3900 1320 3840 5010 4870 3580 2020 1840 2380 3730 3100 5450 3890 3640 2820 2950 2610 1110 3150 2800 3810 3350 5460 2510 2580 5470 2590 4320 2180 3070 2900 3840 5240 4050 4700 4300 6030 2760 4890 2660 3860 3230 3340 4100 4840 3700 3720 3520 2950 3670 2090 3000 2200 3610 1320 2140 2780 1170 2850 3270 3150 3980 3980 1590 2900 3260 3450 2740 2110 3470 2930 2810 2930 2680 3920 3700 1920 4950 2280 3940 4570 2480 1350 2010 1560 4590 5170 1660 2610 1100 2980 1700 2500 540 3920 4930 3870 4560 3290 950 1610 2370 2800 1880 2680 2930 4780 2920 3030 4650 1990 4100 3310 3070 
5500 4290 6160 2900 4990 3870 3610 2910 5300 4450 1730 4290 5900 3250 4410 2540 3600 6010 4880 5760 4460 2570 4750 3620 3930 5710 5750 2430 5700 5030 5340 3160 2150 2000 3720 4110 1610 2290 2260 5980 3520 2230 1070 5750 3150 2080 5610 6500 3860 5150 3130 3340 2620 2330 3040 4520 2370 1800 190 2560 2580 3860 2380 2570 2710 4120 3760 3730 3150 4540 2680 2660 5030 2270 1890 2860 670 4360 5610 2480 5720 380 2100 4970 2140 2970 3570 5590 3670 2710 4470 4600 590 3200 2460 4240 5200 3840 4730 1780 5290 2150 4790 1820 3650 3400 1690 4240 4850 3890 5390 2380 2130 6090 470 2360 5390 1660 4920 3560 1200 5120 1790 1140 1580 4500 5250 5930 3120 5410 4530 4120 1780 4920 3620 4140 5010 2520 1320 3200 6020 5250 3200 3730 5240 3290 3360 1530 2120 2460 4270 4180 4160 2770 5990 1590 300 5100 6240 2920 4480 3250 5170 5900 4010 5180 2940 2630 5100 5320 5820 3660 3260 2700 2830 1660 5720 4210 5640 3960 3460 2760 4320 1870 2300 740 2560 5660 5700 2150 5760 2590 4030 3540 1620 1770 4780 3500 440 1120 4610 2690 3610 2030 5040 5170 4740 970 3550 5750 5720 4080 1210 1730 3170 4390 3710 6030 3710 4130 2140 3780 2140 1920 3980 3610 4610 2670 6270 1670 3350 6280 1810 3820 2550 2250 3740 3700 5790 4830 5540 5110 6540 1920 5700 3270 3460 2400 2700 4770 5690 4440 4170 4070 2130 4410 1850 2540 1440 3420 1600 2770 3610 1190 2550 4020 3990 4630 3750 2280 3740 2430 3450 3580 2930 4310 2280 2000 3540 3520 3220 3170 1270 5770 1750 4730 5410 2220 1610 2370 2400 5370 5990 2360 3370 850 2400 2270 3270 350 4760 4300 4690 4830 3960 1020 1190 2460 1960 1170 2970 2880 5510 3690 2830 4970 2360 4760 3800 3750 
1730 1230 1430 2800 1240 2100 680 1330 1330 570 2345 3665 1965 2595 1575 2860 2160 1350 1290 1265 1665 1030 1185 65 1455 1615 1750 3040 1075 2155 840 2690 785 2590 545 2500 1095 1380 2215 1560 1700 1695 1505 1845 2590 1700 1455 2395 1735 750 405 2520 2595 1200 1775 1670 2135 2660 1875 2975 1280 2035 2770 2995 3165 2170 740 330 415 3175 2450 2965 2080 700 1245 415 2165 435 1020 3065 1690 1645 1355 1835 1060 1270 1680 970 75 2365 1310 795 1830 2185 690 1250 1770 85 2005 2560 835 2235 775 2395 870 1985 1585 3600 1970 3305 1530 3030 2770 2405 1790 2325 2265 2520 1660 1870 1865 1790 1885 2405 1160 855 2075 1600 1340 1965 510 215 2720 1880 215 475 1375 1755 1180 2055 1355 860 1980 2585 1870 2270 3025 1270 880 1450 435 485 1115 2980 1670 2450 1695 1045 1705 2225 1890 2775 745 2035 970 1130 1250 2065 1050 1290 2040 10 3255 2835 2380 2590 1820 1750 1000 1485 2465 2095 1960 1430 2855 1555 2920 1100 1190 1245 2355 2560 1375 2795 2260 2675 1695 2235 1935 2245 1385 1050 1540 820 1910 965 545 1905 2900 1565 1035 1535 2425 1905 505 1340 1155 2020 2805 1725 2750 215 2450 950 215 565 710 2950 1535 2675 770 1510 2655 3215 1580 2950 35 2740 2005 1060 935 845 2435 2795 1225 1085 3010 3020 2970 1240 1005 1045 1840 1585 2860 905 2075 2605 2495 2695 1575 1165 165 1735 2390 750 360 1265 2780 950 210 3030 2285 50 565 350 2790 2810 1115 165 3230 3055 2320 1195 2415 940 870 2315 1595 1575 665 1245 1350 895 795 1800 2700 1135 760 1675 540 3640 590 2295 1195 1620 2030 1850 2820 2325 1670 2300 1340 805 2485 2235 1555 1470 1455 940 
2440 2344 2680 4144 1696 2936 672 2344 1872 808 3464 5536 2816 4264 2112 4544 3664 2552 1744 2432 2256 1256 1576 320 1912 3008 2504 4656 2064 3032 1640 4392 1056 3864 496 4216 1696 2328 3192 2920 2976 2336 2352 2632 3768 2808 2760 3496 2352 1360 864 3640 3816 2048 3032 2264 3056 4024 2816 4488 2216 2832 4392 4528 4840 3736 1560 232 288 5232 3560 4456 2920 1024 1664 528 3288 704 1976 4696 2416 2472 2272 2544 1776 2256 2952 1704 312 3416 2480 1064 2832 3664 1160 2376 2464 544 2792 3832 1456 3616 1120 3808 976 3384 2576 5424 2744 4936 2152 4672 4176 3472 2648 3776 3224 3952 3040 2568 2696 2488 2680 3664 1600 1792 2928 2984 2384 2776 840 656 4160 2608 736 1184 1880 2944 1720 2872 2568 1424 2760 4296 2616 3792 4488 1752 1136 1928 1120 1208 1400 4472 3104 3848 2536 2096 3152 3168 2608 4072 1408 2912 1160 1608 2224 3424 2104 1832 2920 408 4912 4528 3440 3904 2592 2376 1912 1960 3544 3480 2712 2352 4312 2384 4392 2136 2304 1632 3384 4136 1784 4088 3592 4168 2320 3760 2888 3504 2608 1872 2040 1176 2664 1960 1048 2784 4728 2936 1952 2040 3736 2720 400 2520 1432 2912 4616 3080 4328 256 3600 1496 440 1264 992 4424 2864 4104 1536 2816 4008 4784 2680 4576 464 4520 2864 2120 1696 1328 3552 4320 2368 1304 4872 4616 4712 1656 1840 2080 3248 2856 4352 1144 2992 3832 3880 4424 2552 2064 176 2752 3472 848 1000 1672 4048 1184 752 4624 3248 416 1096 936 4408 4368 1352 160 4864 4896 3624 2296 3824 1928 1584 3736 2584 2648 1048 2424 2552 1088 1576 2632 4008 1456 1504 2504 1136 5488 976 3248 2264 2328 2968 2576 4352 3616 2256 3792 1936 1640 4056 3160 2616 2744 1904 1088 
1440 1780 1290 3400 950 2375 990 2115 935 455 3025 4275 1635 3420 1605 3705 2925 1225 1070 1230 1700 1575 985 850 1615 1850 1375 3810 810 2155 500 3525 1560 3280 860 3260 1930 2205 2800 1640 2440 2240 2345 1515 3100 2540 1650 2065 1950 165 1235 2980 3190 2030 2565 1690 2690 3405 2660 3680 2095 2300 3615 3705 3920 2890 1390 780 1070 3980 3010 3645 2065 1525 1890 1215 2955 460 760 3835 1295 2450 2195 1765 1905 2050 2410 210 820 2900 1835 575 2665 2985 1540 1820 1595 790 2045 3275 75 3080 410 3245 1115 2755 2430 4195 1970 3870 1190 3820 3485 2200 2555 3170 2210 3355 2150 2175 2560 1655 2505 3195 1890 1265 1995 1735 2100 1800 375 645 3500 1835 985 975 1130 2575 1975 2455 1235 90 2375 3385 1720 3070 3600 1980 1600 1960 850 965 1160 3650 1830 3285 2490 1245 1770 2705 1975 3310 270 1735 1065 685 2035 2890 1250 865 1765 850 3920 3680 2905 3330 1485 1870 630 1635 2895 2915 2095 2270 3575 2385 3605 940 1125 1845 2230 3405 1485 3285 3105 3500 1640 3015 2705 3080 1885 1860 1795 1630 1840 1060 320 2625 3730 1765 610 1660 3240 2535 1085 1890 1360 1670 3625 2385 3590 745 3090 1790 655 1260 470 3625 1445 3470 1510 1375 3395 3765 2395 3760 820 3555 1730 1395 295 225 2110 3600 1195 1430 3850 3785 3815 1050 410 1520 2510 2235 3615 815 2705 3215 3320 3520 2420 1965 835 2580 2955 860 935 1145 3225 1600 935 3785 2680 895 1395 680 3630 3630 1375 885 3895 3905 3155 1065 3260 1270 230 3160 2440 2400 1505 1430 1240 1540 1525 2535 3355 1730 1515 2465 435 4240 290 2390 1820 2340 2735 2365 3620 3155 2080 3125 840 1470 3320 2275 2380 1955 1645 1140 
2345 1925 2422 3486 1722 2590 756 1813 1890 973 2856 4697 2681 3465 1988 3710 2961 2310 1743 2184 2100 1036 1603 357 1771 2590 2422 3857 1932 2772 1603 3577 686 3199 651 3451 1218 1785 2667 2562 2387 1946 1792 2520 3206 2191 2394 3262 2114 1407 567 3108 3206 1540 2415 2114 2562 3311 2226 3738 1694 2506 3584 3766 4025 3045 1239 476 224 4319 3003 3717 2681 630 1309 196 2639 868 1862 3892 2352 1925 1722 2380 1295 1750 2366 1715 392 2884 2051 1197 2226 2954 756 1946 2338 553 2548 3164 1512 2898 1253 3066 994 2723 1988 4606 2520 4193 2107 3857 3458 3213 2100 3031 2947 3199 2534 2261 2184 2352 2205 2975 1197 1526 2702 2604 1862 2604 987 714 3409 2422 588 1029 1869 2317 1267 2478 2317 1498 2387 3507 2457 3066 3801 1351 805 1617 1015 1050 1400 3745 2695 3101 1988 1841 2772 2702 2380 3458 1435 2751 1197 1666 1722 2737 1848 1855 2751 413 4123 3696 2912 3206 2485 2170 1834 1813 3045 2786 2450 1792 3577 1834 3661 1974 2086 1323 3108 3353 1680 3493 2877 3395 2184 3045 2303 2807 2163 1400 1834 777 2478 1757 1127 2247 3871 2541 1876 1890 3031 2233 378 2072 1358 2765 3780 2506 3528 462 3003 1043 595 987 1134 3696 2569 3360 1169 2534 3304 4074 2093 3759 483 3696 2702 1813 1694 1421 3311 3542 2135 1197 3997 3822 3857 1666 1806 1736 2646 2317 3598 1232 2478 3213 3143 3612 1960 1575 336 2142 2919 959 868 1666 3479 903 637 3836 2800 378 735 924 3591 3570 1274 266 4088 4018 2912 2100 3080 1666 1596 3003 1995 2058 651 2114 2310 826 1204 2100 3346 1169 1134 1953 1169 4662 1106 2926 1827 1841 2415 2170 3570 2912 1953 3059 1953 1295 3283 2863 2037 2289 1750 1099 
3330 444 1032 4350 2718 3804 2142 1296 2784 1842 3708 5328 3600 2826 3216 3558 2028 972 2808 804 3324 2448 2682 1404 3072 648 3318 4254 1140 3912 1284 3012 1908 3960 1980 2364 1878 1620 3708 762 1428 3168 2220 3456 4218 2004 534 4128 3390 1602 1170 4176 4122 1488 1722 3330 3648 3906 2910 4356 1422 3732 3462 4368 4434 1854 600 1716 1770 3324 4008 4386 3822 1704 2574 1602 3216 1650 1140 4284 3234 2610 1692 3522 1542 1224 1380 1746 1416 3930 444 2154 2652 2220 1440 498 3420 1260 3732 3864 1728 2664 2046 3036 2370 1854 2040 5274 3690 4974 3060 4170 4098 4188 2898 2724 4044 3312 780 3528 3150 3450 3294 3486 2352 306 3810 732 1200 3660 1674 1296 3864 3576 1086 762 2910 1902 2190 3684 972 1890 3606 2634 3546 2310 4632 2502 2112 2928 870 756 2658 4440 780 3216 2694 414 918 3828 3594 4404 1488 3702 2484 2496 1218 2256 408 2712 3714 1338 4752 3438 3966 3822 3420 3420 1290 3108 4146 2250 3666 1842 4200 2388 4332 990 840 2634 4146 3012 2976 4476 2892 3594 3354 2178 3036 3054 480 1236 3156 1854 3612 630 1482 3138 3216 636 1356 3168 3396 3300 1896 534 2712 3660 3000 1194 3534 1566 3894 1710 1488 768 2016 4386 1014 3756 822 1062 3912 4890 1692 3972 1302 2892 3678 150 1602 1980 4182 3828 786 2604 3444 4242 3708 2754 1560 162 1344 1026 4104 2358 3498 4110 3378 2928 2064 1254 1524 2358 3924 2208 894 2808 4488 2280 1074 4272 3960 1326 1170 1092 3546 3768 2658 1518 4722 3648 3126 942 3090 276 1608 2754 2082 1764 1548 426 948 2226 804 3006 4146 2520 870 2694 1296 5316 1716 4074 612 2832 3306 3372 3888 3180 3246 2496 2730 618 2802 4008 1752 546 3066 2454 
4914 3010 4599 2912 4480 3878 3458 1939 4683 3920 2163 3605 5208 1211 4200 770 1820 4508 4424 4319 4242 2849 4319 3220 3864 4011 5075 1848 4438 4676 4291 1085 2338 2191 3486 2023 1715 1547 2674 4319 2086 2730 1148 5089 3248 1106 4025 5670 3857 4277 2723 3423 2793 1736 1666 4284 2786 1792 1267 2331 1778 3871 644 2303 2079 2247 2898 3409 3031 2065 2919 2485 4669 2310 2422 2744 1169 3801 4389 1869 5040 1281 1484 4599 1799 2016 2142 4585 3269 2975 3108 4102 833 1456 2261 2961 4739 3325 4466 1974 4403 525 4186 126 3549 1785 1078 3626 4536 3514 4795 1638 2086 5404 1491 623 4928 476 3276 3661 1988 4690 2401 1232 2128 3416 4816 4235 2072 4907 3920 3528 1491 4571 3094 3339 4529 1316 1806 3402 4515 4424 3402 1638 4781 1463 3199 2149 2422 2870 3479 3367 3941 2597 4235 364 1309 3829 4459 3178 4284 3255 4256 5222 3801 4543 2023 1092 3829 4683 5180 3227 2849 770 3066 1736 5068 4095 4466 3892 3535 1169 4186 1323 2163 1169 2422 4361 4312 2611 5180 658 3920 3493 70 861 4459 1673 1400 462 3178 2037 3661 2198 4662 3955 3990 1806 1337 4081 4529 3976 896 2352 3087 3024 3661 5299 1505 2562 679 3395 2457 1904 3507 2898 4067 2520 4620 1288 2604 4662 1827 3521 1505 1295 3269 1533 5152 3570 4515 4368 5698 1218 4284 3353 1253 1855 931 4347 4585 3255 2513 2604 1841 4032 2401 2709 686 1309 1071 1981 3262 798 2842 3745 3283 4270 3675 2604 3178 1918 3563 3164 2520 3591 700 1050 3542 3192 2828 1106 434 4396 161 3563 4438 504 1043 1393 2310 3941 4487 2639 2604 1750 2499 2667 2562 1351 3948 3647 4039 4550 2772 1876 1911 2891 1316 574 3241 1099 4802 2814 910 4648 1407 3248 3780 3626 
3605 1015 2235 3300 3150 3440 2460 630 3255 2500 2715 3950 3840 1025 3285 1845 305 2190 3175 2055 3355 2360 3075 1970 3090 1600 3655 2780 2315 3795 2355 1205 1800 2835 2390 595 1410 790 2920 1890 230 2680 1350 3725 3380 805 1680 4255 3240 2515 1545 3435 3155 905 325 3375 2940 2645 1940 3045 755 3405 1780 3035 2945 255 1280 2220 2070 1380 3155 3125 3750 1650 2240 1830 2080 2360 2305 2795 3600 1755 890 3580 1115 675 255 2695 1995 3145 1030 2730 1575 520 1425 970 3585 1945 3630 2705 2625 1120 2705 1505 2615 205 1005 3940 3640 3790 3430 2640 2845 4185 2025 1110 3945 1810 980 3225 2370 3585 2615 2230 1975 1515 3795 1795 595 3760 2420 2060 2490 3600 1730 1695 3260 590 1715 3200 2190 2715 3165 815 3660 580 3530 2080 1970 2620 1820 1705 2915 3195 1765 1735 1825 1735 1950 3180 3500 3460 2450 3890 2775 3065 695 700 1730 3220 3885 1935 3415 1685 3195 2585 3705 3345 2410 3115 3465 655 3495 960 2915 1525 3080 2205 2090 2360 4085 1310 3060 3585 1435 2090 3450 440 2070 1710 1045 930 3050 1685 3645 1895 2350 2295 1340 1675 2465 3175 2050 2600 2170 955 2830 3900 1130 435 1915 2140 2915 1390 2145 1410 2645 3140 2190 2355 1170 2245 2660 3760 590 2400 1940 1040 3855 1510 2595 2740 4285 2335 2045 2650 1560 2780 1960 3120 2595 1285 350 545 2735 2800 2710 3115 1945 1095 1045 805 2050 1255 3090 2615 1730 3115 3670 2155 1765 2820 3390 1895 1400 1985 1895 2225 2755 2015 3395 1805 1735 2175 1575 1575 2575 1170 1040 675 1540 1715 2170 2145 1150 2195 3040 2320 1170 1840 2240 3965 2485 3820 900 2155 2425 2850 2405 1820 2930 810 3270 1200 1075 3825 685 1050 3050 2690 
5568 1408 3360 5232 4832 5376 3744 832 5000 3784 4304 6312 5944 1824 5080 3064 696 3288 4880 3064 5192 3616 4712 2936 4776 2368 5648 4488 3480 5904 3544 2104 2720 4512 3624 1184 2128 1160 4600 2824 152 4176 2096 5768 5336 1280 2480 6616 5032 3800 2272 5408 4992 1304 520 5224 4616 4232 3072 4880 1056 5312 2960 4864 4744 592 1816 3352 3120 2432 4976 5000 5832 2472 3456 2736 3312 3552 3456 4512 5560 2752 1320 5552 1632 888 184 4080 2984 4952 1440 4152 2496 1008 2104 1328 5544 2896 5648 4312 3976 1880 4112 2488 3992 488 1560 6296 5656 6032 5288 4272 4544 6520 3184 1888 6144 2968 1400 5024 3728 5544 4096 3584 3032 2192 5904 2680 752 5832 3648 3072 4016 5584 2544 2488 5016 952 2624 5008 3288 4120 4944 1512 5672 1112 5608 3208 3000 4056 2688 2504 4472 5104 2640 2840 2864 2552 2928 4992 5432 5472 3696 6032 4248 4688 920 1216 2544 4944 6024 2880 5464 2824 5032 4136 5728 5192 3632 4816 5448 1160 5440 1456 4664 2376 4920 3304 3120 3640 6368 2232 4720 5664 2352 3408 5336 912 3272 2768 1464 1304 4720 2544 5656 2808 3536 3608 2328 2488 3720 4912 3312 4072 3280 1320 4352 6040 2016 528 3152 3208 4616 2080 3224 2032 4016 5016 3296 3808 1648 3384 4264 5976 872 3904 2888 1872 5976 2192 3928 4168 6664 3792 3048 4072 2672 4480 3256 4792 3920 1832 448 664 4392 4280 4264 4936 3160 1936 1632 1104 3072 1992 4872 3984 2544 4792 5792 3296 2608 4544 5312 2824 2040 2952 3128 3624 4232 3016 5432 3040 2816 3256 2592 2296 3896 1976 1624 1024 2288 2528 3256 3272 1616 3448 4840 3568 1656 2888 3360 6336 3760 5968 1208 3360 3824 4448 3904 2944 4552 1448 5024 1696 1872 5960 1032 1480 4720 4112 
2325 1450 2295 2035 1960 1955 1225 915 2100 1535 1485 2835 2550 1740 1890 1810 1575 2215 1940 2095 1945 910 1855 1060 1670 2125 2415 2010 2060 2345 1890 1790 420 1690 1230 1905 75 695 1540 2230 1315 1210 445 2450 1990 860 2055 2920 1775 1825 770 2005 1855 595 1195 1970 1525 1670 845 2030 750 1920 1720 2040 2145 1735 1110 1170 895 2390 1790 2050 2315 385 750 700 1125 1460 2015 2035 2380 595 605 2190 400 905 1325 2045 1090 1750 1545 1665 755 1475 440 1435 2240 1150 2185 1620 1910 1275 1725 1355 1315 1420 660 2790 2205 2555 2205 1975 1815 2795 810 1380 2510 1445 1825 1740 1035 2220 1205 1365 485 1475 2385 2215 1000 2390 1545 1295 1680 2190 1025 1275 2020 1020 245 1720 2220 1910 1680 1850 2295 1550 2270 600 535 1130 1345 1300 1610 2090 2255 1375 660 1775 2365 1730 2050 2115 1825 2575 1495 1985 890 1255 1770 2095 2555 1070 2355 1810 1790 1600 2430 1900 2035 1695 2015 1305 2030 580 1900 475 2005 2040 2060 870 2665 1590 1670 2205 1220 1600 2065 1585 935 1170 1625 685 1590 305 2245 1795 1620 1015 2000 2135 2075 1755 1355 1200 945 1520 1455 2610 1980 1550 1680 1170 1650 180 1255 1020 1640 2050 2350 1620 920 2355 1675 2495 920 1875 1110 1935 2530 1650 2010 1855 2945 1725 2065 1245 2060 1990 1915 1880 2075 1475 1610 1470 1850 1630 1345 1835 1415 1845 625 770 1075 700 1720 1420 1205 1845 2255 705 1085 2005 1920 1025 675 1375 1725 1730 1370 1025 2330 2040 1245 2095 1360 1590 1950 1345 650 855 415 1915 2205 710 935 900 1850 840 875 650 1610 2825 1630 2345 1300 775 1155 1380 1755 1245 1440 1470 2175 1090 1580 2365 840 1705 1620 1380 
2478 1918 1386 4732 1771 3521 1470 2450 1792 812 4130 5950 2779 4312 2562 4816 3563 1281 1911 1239 2695 2191 1771 917 2499 2037 2422 5124 749 3367 336 4473 1960 4480 1260 4025 2373 2632 3899 1792 2870 3143 2940 2604 4382 3108 1771 3388 2947 343 1323 4249 4445 2387 3080 2688 3766 4592 3486 5019 2450 3423 4690 5047 5299 3493 1400 1015 1358 5061 4214 4998 3248 1848 2562 1449 3899 644 672 5159 2317 3171 2632 2849 2247 2359 2835 581 882 4081 1988 1134 3416 3675 1785 1974 2653 749 3185 4445 497 3885 952 4165 1708 3332 2989 5852 3101 5418 2142 5110 4739 3535 3374 4004 3472 4361 2429 3220 3458 2716 3451 4235 2478 1190 3178 1911 2422 2940 588 560 4676 2933 952 819 2016 3129 2520 3549 1295 679 3444 4228 2821 3794 5033 2625 2079 2772 644 798 1897 5019 2030 4263 3241 1183 1988 3850 3059 4662 238 2905 1722 1449 2338 3577 1190 1708 2940 875 5397 4753 4095 4487 2562 2891 574 2541 4151 3598 3206 2758 4858 3031 4942 875 1106 2534 3535 4340 2338 4662 3976 4599 2660 3703 3577 3983 2058 2128 2702 2016 2954 938 280 3528 4753 1925 602 2583 4256 3486 1442 2065 2100 2835 4585 2772 4676 882 4263 2163 721 1246 959 4977 1582 4613 1596 1505 4585 5285 2870 4991 819 4480 2891 1379 469 805 3451 4774 1190 2114 4942 5096 4977 1862 539 1547 2947 2562 4872 1449 3724 4459 4340 4445 2982 2261 959 3248 4137 1386 798 1967 4606 2142 868 5103 3871 931 1526 455 4732 4788 2086 1015 5362 5054 4088 1050 4200 1204 413 3997 3017 2891 1778 1449 1295 2058 1617 3381 4613 2373 1617 3213 105 5908 574 3654 1981 3122 3696 3339 4816 4102 3010 3899 1701 1512 4193 3514 2870 2156 2527 1771 
1512 4781 4935 2793 1953 777 2184 4459 2072 2730 2877 3808 1519 5586 987 5159 5474 4830 1764 4774 854 2016 1855 3038 1092 5390 1743 4228 4291 294 3843 5579 2800 3164 2380 5936 3374 4235 2233 5271 5054 1855 3689 1561 2121 4445 5159 1519 784 3367 3409 1827 2590 4053 4935 861 2044 3619 3325 3654 4263 735 5054 3710 4249 5677 4095 2688 2632 6510 2261 3486 420 3024 2247 2898 3570 2912 4207 4256 1827 3311 4116 826 3759 4424 5047 3521 3031 2086 4907 2436 3759 5327 3374 4795 1148 3220 364 3318 3325 4837 2660 4683 1918 5257 4144 3647 490 3143 1778 4424 3535 1043 3094 4998 476 4529 5390 917 2646 1036 2254 3759 2611 4333 637 5348 4550 987 2954 3227 3983 707 3409 3794 1715 4697 2996 1295 4844 3115 1239 5817 1001 5425 2905 2513 2555 1729 3717 3815 1645 3416 5460 4501 3269 4571 5474 1715 490 2415 3507 1393 1827 2345 4389 4984 4571 2177 1295 3115 3682 5299 2016 3563 1582 686 4067 1050 1624 5061 427 4074 3605 3521 3465 4431 4641 2058 742 5208 1218 2212 4543 4466 952 5488 3227 4186 5019 4053 1050 2961 749 4396 3269 2835 5866 5320 4060 980 4053 2310 2478 4928 1512 1568 5922 5278 4837 2863 2723 3374 2989 3843 2604 3423 5131 4088 4004 5054 3584 2961 4550 4592 3164 5887 1316 4620 3647 2919 1505 4361 4718 1666 5831 4179 5243 1771 3808 4585 5404 5117 3906 2107 2380 2688 4312 5726 4088 4221 2905 4018 2261 2170 3640 1631 1988 2303 3423 4137 1351 3129 3528 3493 4949 4543 1582 2905 3654 5621 4277 4599 4634 4445 3542 4914 4116 4466 3199 4858 4844 2317 4039 2849 3031 2086 3962 3227 3472 3710 2982 140 4669 2695 2814 1729 4312 4179 1330 5250 2289 4151 5313 105 4445 5145 1106 1827 
4298 4277 5516 1001 4144 2625 3332 3318 4361 4032 532 1736 4515 3164 3451 2135 3668 5404 4018 5243 3437 2499 3969 3591 3136 5264 4515 826 5131 3605 4830 3010 2555 280 3472 3948 2366 2877 1169 5439 3710 1750 2030 4452 1512 2667 5187 4802 2898 4613 3360 1771 973 2912 3346 3486 1358 231 1162 525 3080 2667 2079 539 889 4060 3871 3570 3171 3969 1225 581 3654 2709 2016 3066 882 4018 5061 861 4529 1505 2744 3759 2765 3353 3745 4914 3626 1365 4410 4046 1603 3332 2919 4249 4011 3773 3444 84 4690 2450 4221 1995 3269 3563 2429 1715 3570 1561 4319 1022 224 4410 1183 2569 3850 1603 4725 2548 1078 3927 1281 721 2030 4382 3850 5411 3465 4074 4137 3948 637 3689 3675 4074 4081 2968 2044 2107 5411 4613 2170 3584 3983 3374 1253 1890 2429 2114 4144 4102 3521 672 5460 1659 1407 4802 5628 1701 3297 1400 4655 4473 3479 4368 3339 2940 4795 4403 4396 3640 1001 2380 1449 224 4445 3178 5054 3143 1939 3031 3122 2583 350 1799 518 5131 5187 2121 4123 2576 3269 1673 1967 1330 3689 3556 1008 1491 4508 3164 2828 2527 3780 4823 4340 980 3220 5285 5103 3206 1064 1225 3136 4354 3157 4599 3444 4158 1785 3647 700 2569 3808 3745 4095 602 5607 819 3598 5607 189 1568 3031 1267 3703 3479 4389 4627 4914 4480 4809 1078 5201 2884 3024 777 2149 3955 5033 4375 4165 4116 497 3829 1057 868 1330 3248 2373 3220 3556 2044 1183 3598 3955 3822 1904 2422 3752 742 2100 3584 3255 4130 1904 1316 3059 3493 973 2639 1519 5229 1897 4550 4816 2457 2373 2905 2842 4998 5397 2499 3612 1127 567 2268 3535 1414 4403 1750 4249 3325 4053 1386 833 1743 994 1379 2261 3031 4543 3836 2863 3500 2898 4613 3038 3304 
2385 6093 6489 3033 2826 513 2871 5562 3015 3681 3186 4338 2448 6849 1521 6201 6795 6345 2583 6246 1368 2439 2673 3942 1494 6966 2700 4914 5679 909 5112 6822 3438 3537 3141 7371 4113 5220 2358 6849 6318 1989 4437 2484 2169 5445 6687 2511 936 4527 4329 1791 2781 5013 6120 1404 2115 4149 3870 4149 5292 522 6075 4230 4932 7101 5229 3519 3366 8037 2367 3933 1044 3744 2619 3663 4149 3888 5571 4950 2790 3897 5058 1485 4644 5517 6318 4761 3933 2142 6264 3339 4473 6570 4203 6111 1917 4185 873 3753 4500 5877 3636 5634 2538 6525 5049 4131 1071 3483 2682 5175 4014 1899 3573 6084 1170 5391 6876 837 2970 1773 2448 4365 3105 5589 1341 6939 5688 1773 3951 4230 4617 1341 4383 4914 2547 5778 3591 1170 6363 4239 1125 7182 1755 6696 3177 2943 3114 1935 4833 4941 2295 3834 7074 5373 3834 5940 7119 1674 873 2547 4698 2304 2493 3321 5481 6120 5940 3141 2187 4041 4176 6399 2052 4077 2511 1008 5409 1449 1530 6228 612 4986 4104 4203 3915 5841 6093 2394 1512 6318 1710 2286 5454 5283 1593 6795 3726 4968 6408 5058 1287 3627 1422 5751 4356 3213 7182 6885 5418 1395 4761 2520 3168 6282 2016 2529 7281 6651 5778 3744 2970 4140 3924 4905 3546 3861 6723 4770 5076 6642 4104 3249 5625 5418 4104 7254 2205 5967 4905 3987 2493 5121 6183 2106 7119 4851 6300 2574 5112 5877 6795 6453 4500 2907 2574 2907 5103 7020 4968 5265 3771 4842 2376 2925 4707 2367 1998 2781 4419 4797 1188 4041 4455 4581 5931 5373 2061 3762 4140 6813 5085 6048 5562 5751 4770 5967 5004 5499 3978 6300 6354 2826 5121 3249 3357 2466 5013 3780 4608 4212 4014 414 5931 3087 3159 1782 5058 4950 1386 6444 3303 5283 6489 693 5472 6570 1458 2439 
6669 3483 5634 4527 6030 5580 4698 2160 6273 5157 3537 5436 7065 792 5823 1314 1611 5526 5985 5274 5904 4050 5832 4203 5409 4725 6840 3150 5544 6534 5427 738 3249 3609 4689 1818 2385 1773 4149 5166 2133 4095 1746 6894 4914 1152 4779 7704 5472 5499 3483 5121 4356 2079 1593 5949 4266 3105 2286 3798 2043 5562 1197 3762 3447 2178 3519 4527 4077 1953 4491 3996 6498 3132 3573 3663 2259 4968 5490 3177 6786 2187 1764 6354 2286 2268 2205 5886 4266 4545 3582 5445 1620 1134 2961 3411 6489 4293 6246 3330 5679 207 5517 783 4860 1629 1350 5454 6318 5310 6471 2853 3474 7416 2556 9 6840 1359 3690 5265 3213 6444 3744 2376 3141 4140 6669 5040 2286 6741 5112 4545 2718 6336 3951 4167 6129 1233 2673 5004 5526 5751 4986 1305 6570 1116 4905 3222 3429 4203 4374 4203 5391 4140 5022 1233 2259 4653 5328 4770 6003 4941 5445 7101 5184 6039 2286 756 4644 6255 7056 4194 4464 1062 4662 3033 6867 5751 5616 5445 5247 828 5913 1620 3582 1908 3915 5400 5292 3825 7155 432 5445 5238 774 1854 6156 1395 2484 1386 3654 2430 5184 3042 6444 4860 5148 2997 1125 4824 5706 5553 1953 3690 4185 3456 5076 7182 1206 2727 1449 4464 3915 2574 4572 3591 5373 4041 5616 2439 3168 5688 3150 5319 1557 2376 4239 1206 7011 4284 5760 5706 7749 2322 5238 4689 1224 3159 1521 5886 5823 3861 2628 2826 3159 5418 3780 4257 1665 945 1386 2304 4293 1278 4383 5049 4140 5805 5463 3699 4050 3249 5238 4113 3204 4563 1404 2070 4923 4203 4437 1377 1350 5418 918 4311 5679 144 1341 1476 3069 4734 5490 3735 3159 2898 4005 3852 3123 2304 5040 5490 5256 6417 3186 2997 3168 4338 2457 1530 4725 630 6390 3393 405 6516 1503 3717 5301 4977 
3468 2604 3780 1800 3162 2478 2322 1752 3342 2814 1110 2586 3708 1818 2820 1356 2088 3690 3090 3534 2844 1710 3018 2298 2526 3468 3618 1374 3522 3186 3318 1752 1428 1230 2382 2376 1056 1374 1476 3648 2082 1500 666 3618 1998 1200 3414 4074 2484 3216 1974 2124 1656 1422 1776 2886 1554 1050 240 1524 1554 2478 1254 1524 1554 2406 2322 2382 2034 2586 1716 1596 3186 1482 1302 1848 342 2748 3468 1404 3600 366 1266 3150 1338 1788 2112 3480 2334 1746 2712 2910 276 1830 1572 2574 3288 2424 3006 1080 3306 1158 3018 930 2352 1980 984 2562 3078 2382 3396 1320 1266 3822 438 1284 3402 828 2964 2298 864 3240 1218 606 1110 2772 3318 3612 1878 3420 2850 2592 984 3120 2280 2574 3174 1458 930 2070 3696 3288 2076 2124 3318 1878 2070 1080 1422 1644 2664 2604 2664 1674 3636 780 336 3138 3798 1890 2856 2040 3228 3708 2568 3264 1782 1488 3132 3354 3666 2322 1956 1452 1818 966 3600 2700 3492 2550 2208 1566 2760 1122 1362 498 1542 3492 3504 1458 3624 1404 2592 2220 822 906 3036 2010 366 504 2796 1656 2334 1344 3198 3186 2970 714 1986 3498 3540 2616 582 1176 2046 2658 2394 3786 2094 2466 1116 2406 1362 1242 2520 2250 2910 1608 3834 894 2070 3846 1062 2352 1500 1212 2370 2094 3642 2958 3450 3210 4092 1026 3498 2130 1920 1356 1446 3030 3534 2718 2472 2436 1218 2802 1230 1596 702 1920 936 1680 2298 660 1638 2568 2496 2946 2358 1530 2352 1386 2214 2268 1848 2700 1200 1056 2292 2244 1932 1734 588 3552 882 2910 3372 1200 936 1392 1548 3282 3672 1578 2082 654 1482 1530 2022 372 2976 2598 2952 3060 2406 780 822 1632 1056 534 1950 1620 3462 2274 1560 3150 1386 2880 2448 2412 
3843 3528 4760 1470 3584 2436 2695 2597 3801 3360 658 2450 4095 2730 3024 1995 3066 4648 3479 4487 3038 1890 3409 2870 2695 4515 4039 1365 4389 3339 4102 2632 1820 840 2814 3409 1603 2163 1127 4683 3031 1351 1302 4004 1708 2016 4424 4452 2548 3906 2604 1876 1295 2177 2688 3080 1253 805 434 1281 2359 2450 1897 1302 1512 3437 3115 2877 2471 3612 1379 1323 3353 1967 1393 2338 392 3325 4319 1400 4032 756 2030 3381 2016 2625 3059 4214 2898 1428 3661 3409 952 2772 2163 3507 3591 3038 3143 707 3997 1967 3570 1624 2674 2940 1750 2408 3248 2156 3815 1421 980 4116 427 2114 3584 1372 3997 2268 546 3521 931 595 1316 3626 3535 4655 2744 3696 3444 3220 952 3325 2926 3318 3556 2324 1288 1925 4662 3934 1953 3101 3591 2828 1785 1204 1722 1631 3395 3353 2975 1393 4704 1365 658 4039 4865 1645 2975 1743 3941 4067 2905 3773 2611 2373 4039 3836 4004 2912 1750 2170 1519 700 3997 2821 4319 2709 1995 2464 2835 1876 1106 1064 1260 4382 4431 1533 3857 2205 2800 1960 1533 1281 3276 2982 259 1085 3766 2415 2422 1778 3416 4067 3633 364 2884 4529 4368 2779 868 875 2450 3612 2625 4179 3045 3458 1659 2947 952 1806 3094 2989 3444 1323 4851 973 2835 4851 798 2114 2352 1463 2968 3052 3990 3864 4200 3815 4473 1225 4438 2331 2765 1323 2058 3409 4319 3612 3486 3409 1085 3227 868 1225 1127 2842 1687 2478 2842 1386 1295 2975 3206 3290 2135 1757 3010 1330 2044 2856 2499 3388 1778 1372 2513 2772 1715 2478 1162 4473 1554 3787 4102 2009 1694 2219 2093 4242 4641 1834 2856 441 1113 1659 2779 658 3675 2450 3556 3129 3311 707 378 1449 1204 1036 1904 2520 3976 3073 2429 3269 2212 3871 2597 2716 
2436 3000 3768 1290 2286 1260 1638 2388 2472 2262 840 2340 2646 2988 1728 2544 3060 3666 2178 3552 1728 918 2136 1998 1446 3762 2622 1944 3354 1992 3048 2952 1206 1152 1776 3414 1380 2088 594 3822 2856 282 1440 2580 1104 2130 3636 2940 1308 2802 1962 1104 1044 2004 2652 1770 534 1410 978 1638 2184 1254 2454 1674 2028 3318 2514 1902 1596 3774 888 1572 1998 1404 570 1596 1188 2286 3288 1974 2622 1014 1968 2022 1782 2388 2868 3042 2022 810 3120 2232 1386 2868 1680 2994 2208 2172 1818 1194 2850 2334 2394 2154 1554 2904 1866 2250 1902 1896 2442 2046 1434 2652 780 2466 2202 2004 3474 1086 408 2148 198 1386 762 2898 2148 3828 2502 2298 2376 2298 1644 1974 2160 2538 2232 2376 1002 864 3678 2760 858 3240 2202 2940 1560 612 1026 546 2556 2562 1752 1572 3888 1980 960 3222 3990 786 1674 1290 2856 2616 1722 2490 2364 2544 3222 2514 2562 2052 1896 2670 858 1332 2568 1536 3252 1458 1128 2622 1560 1878 1530 1254 1530 3390 3480 594 2430 2616 1548 1362 2034 1968 1938 3036 888 1710 3216 2118 1200 1260 2052 3180 2586 564 3192 3750 3282 1512 1608 234 1530 3102 1440 2718 3276 3156 2274 2004 894 1482 2142 2352 2292 1548 3876 1698 2322 3858 1386 1794 2322 2124 2106 3258 2550 3132 3066 2628 2952 1920 3510 1212 3138 1908 2616 2124 3180 2976 3222 3066 1674 2028 432 1062 1824 3096 1812 2226 1938 1668 816 1848 2412 2010 1410 924 2220 1884 1050 2022 1944 2484 2370 2058 1356 1896 1860 2946 1794 3492 2106 3030 2976 2388 1830 2220 1560 3432 3666 996 2352 564 1212 732 2274 930 2670 2304 2466 1842 2838 474 588 420 1896 1710 750 2736 2634 2514 2742 1938 2208 3318 1362 1572 
4192 3384 4824 2272 3792 2912 2696 2328 4032 3376 1344 3448 4512 2752 3328 2240 2976 4696 3696 4504 3360 1848 3600 2736 2936 4512 4400 2080 4432 3824 4128 2704 1552 1608 2792 3400 1192 1848 1688 4712 2848 1592 864 4392 2416 1736 4416 5000 2888 3952 2376 2544 2032 1840 2488 3416 1760 1520 200 2104 2056 2904 2104 2120 2288 3368 2920 2808 2344 3800 2048 2160 3824 1672 1304 2128 672 3312 4352 2120 4376 216 1688 3768 1656 2360 2880 4304 2784 2048 3536 3488 616 2664 1856 3352 3952 2920 3584 1456 4064 1872 3648 1648 2720 2800 1408 3392 3672 3080 4104 2064 1760 4672 232 2056 4112 1536 3920 2656 816 3888 1272 1056 1072 3512 3992 4672 2496 4128 3448 3136 1560 3728 2760 3192 3800 2088 896 2384 4704 4024 2376 3120 3984 2744 2648 1016 1512 1760 3288 3224 3120 2240 4728 1480 104 3992 4920 2192 3376 2520 3976 4512 3000 3944 2344 2216 3984 4056 4448 2776 2648 2360 2144 1408 4368 3168 4368 2960 2632 2320 3264 1520 1896 584 2088 4408 4448 1512 4400 2248 3024 2736 1480 1616 3616 2896 344 1104 3656 2112 2680 1472 3832 4032 3632 664 3016 4536 4432 3056 1160 1232 2352 3480 2760 4616 3128 3328 1920 2856 1656 1432 3024 2784 3504 2160 4912 1496 2600 4928 1528 3016 2080 1984 2840 3120 4424 3776 4280 3904 5024 1720 4456 2408 2960 2048 2360 3616 4400 3488 3368 3256 1808 3328 1352 1976 1360 2896 1336 2184 2728 1048 1944 3016 3064 3504 2888 1624 2856 2064 2600 2712 2232 3304 2032 1800 2624 2648 2608 2744 1216 4504 1600 3696 4168 1944 1344 1936 1792 4208 4688 1696 2624 528 1904 1608 2536 104 3656 3448 3584 3672 3128 616 864 1792 1744 1144 2184 2440 4208 2872 2424 3784 1928 3776 2832 2792 
3807 6480 7308 1710 4086 1251 3726 5652 4311 4653 2223 2862 3924 6426 2808 5436 6660 7164 3852 7029 2691 2907 3897 4635 2601 7533 4131 3780 6579 2394 6039 6318 3726 2439 3996 7164 4140 5211 1485 7533 6363 1845 4221 3933 864 5256 7308 3987 2016 5535 4806 531 1566 5076 6048 2745 1359 3096 3339 2916 5355 1386 5337 2988 3735 7047 5688 4320 4005 7569 1224 2664 2529 4041 2736 4167 3438 4797 6471 3816 4203 3537 5031 2925 4734 5643 6381 5823 4644 1098 6660 4419 4032 6345 4491 6480 3348 4896 2331 2709 5544 5436 4716 5031 3447 6426 4860 2655 2529 2007 4050 4095 2871 3366 3096 5625 2646 4671 7227 1539 2421 3204 1926 3519 3159 6183 2826 7587 5814 3240 4905 5013 3618 2781 4995 5562 3852 5634 3573 1053 7182 5319 1188 6858 3204 6435 1746 2934 3402 2160 5535 5598 3402 2538 7695 4680 3429 6615 7803 900 2268 1152 5670 3780 3528 4545 5616 5841 6615 4428 3663 4725 2808 5706 981 3069 3951 2286 6354 2574 387 5958 1971 4896 2925 3924 2664 6687 6894 2601 2979 5778 2844 828 4905 4437 2970 6597 3141 4338 6804 5229 2223 3861 2871 6489 5292 2628 6651 7488 6372 2574 3969 1962 3843 6642 2997 4005 6831 6804 4995 4527 1899 4266 4725 5400 4590 2583 7515 3825 5445 7461 3042 1773 5562 4437 4806 6840 3681 6552 5931 5085 3969 4176 6957 2898 6489 3717 5490 3816 6129 6381 6903 6651 3393 4005 1836 1701 4329 6570 4779 5400 4491 4527 1305 3897 5364 3609 522 3132 5058 3645 639 4707 4842 5346 5148 4464 2970 4455 2772 6084 4428 6876 4932 6372 5787 5490 4797 5409 4293 6957 7164 3213 5490 2754 2151 2772 5373 3393 5490 2736 4995 1872 6264 2754 2457 1530 4077 4266 1746 6102 4599 5706 6039 2169 5391 6966 2511 3393 
6416 2912 4872 4864 5776 5664 4600 1912 5976 4880 3968 5672 6776 312 5744 1816 864 4792 5768 4568 5824 4168 5624 4008 5384 3896 6544 3616 4920 6432 4904 616 3360 4048 4552 816 2600 1784 4480 4352 1600 4352 2160 6616 5176 1344 4016 7384 5496 5064 3336 5344 4704 2064 1216 5864 4576 3608 2816 4216 1928 5632 1752 4184 3880 1320 3152 4352 4008 1112 4800 4392 6392 3200 3808 3624 2840 4680 4888 3640 6472 2664 1848 6216 2344 2016 1664 5384 4064 4840 2960 5192 2200 536 2952 2840 6296 4040 6176 3800 5232 984 5208 1528 4792 1032 1656 5696 6224 5568 6192 3336 3936 7184 3032 840 6704 2024 2912 5368 3632 6272 4088 2952 3392 3632 6520 4208 1968 6544 4800 4256 3248 6216 3704 3792 5904 1168 2960 5176 4792 5336 5152 320 6384 416 5200 3504 3568 4392 3992 3816 5272 4520 4168 1928 2744 4032 4464 5008 5960 5224 4984 6832 5072 5728 2040 704 4024 5944 6800 3984 4808 1504 4936 3536 6584 5728 5032 5416 5448 632 5904 1808 4024 2368 4328 4760 4608 4024 6968 952 5392 5480 1528 2464 6024 640 3000 2072 2992 2304 5232 3168 6304 4264 4768 3448 800 4016 5120 5520 2576 4048 4128 2840 5040 6880 512 2040 2048 4264 4312 2704 4328 3288 5096 4432 4816 3008 2888 4904 3640 5568 1456 2896 4008 400 6760 3680 5248 5328 7424 2880 4544 4712 1160 3632 1976 5680 5272 3312 1896 2192 3648 5216 4152 4616 2320 408 1720 2136 4112 1800 4704 4896 3808 5632 5664 3840 3784 3712 5416 3912 3072 4208 1968 2632 4912 4040 4784 1608 2048 4736 1640 3752 5200 968 1688 1464 3096 4048 4760 3856 2864 3344 4400 4024 2872 2792 4632 5720 4920 6376 2680 3392 3616 4584 3008 2208 4872 368 6056 3024 544 6440 1496 3016 5304 4904 
3096 2241 2664 4941 2232 3708 1170 2367 2403 1053 4131 6498 3519 4617 2790 5076 3852 2520 2304 2367 2943 1764 2115 81 2565 2970 3150 5382 2025 3825 1611 4788 1314 4572 945 4473 1890 2430 3888 2880 3051 2952 2628 3312 4572 3006 2691 4302 3051 1431 684 4446 4581 2106 3168 2961 3744 4698 3276 5256 2268 3591 4914 5292 5598 3897 1359 567 657 5679 4320 5238 3699 1170 2142 657 3807 837 1935 5427 3042 2871 2385 3267 1845 2268 3015 1827 135 4158 2394 1449 3213 3897 1179 2277 3159 252 3555 4509 1584 3960 1431 4239 1512 3546 2790 6381 3492 5850 2745 5364 4887 4302 3123 4122 4032 4455 3024 3294 3258 3186 3294 4239 1989 1602 3690 2952 2385 3510 972 486 4806 3339 414 918 2466 3114 2034 3609 2529 1611 3483 4617 3330 4050 5346 2187 1494 2520 873 945 1971 5274 3078 4329 2961 1962 3150 3915 3348 4905 1431 3645 1701 2052 2223 3672 1962 2340 3645 72 5760 5031 4194 4563 3258 3087 1899 2619 4347 3726 3465 2511 5049 2709 5157 2079 2241 2151 4203 4545 2421 4941 3996 4734 3015 3987 3384 3960 2529 1854 2700 1386 3402 1818 1062 3330 5166 2889 1962 2709 4275 3339 828 2439 2025 3627 5004 3114 4869 387 4320 1629 432 1035 1305 5211 2853 4725 1386 2808 4689 5688 2799 5220 162 4887 3591 1971 1764 1566 4365 4941 2295 1881 5355 5337 5274 2214 1899 1926 3312 2862 5058 1620 3645 4590 4401 4806 2763 2070 252 3051 4212 1323 720 2250 4914 1620 432 5355 4023 54 972 720 4941 4968 1944 234 5715 5436 4095 2241 4275 1755 1656 4104 2808 2790 1116 2322 2520 1521 1422 3150 4761 1953 1359 2925 1062 6453 1116 4068 2169 2817 3555 3240 4986 4095 2925 4086 2430 1458 4410 3969 2754 2682 2556 1638 
3717 5256 6309 1440 3672 1467 2916 4347 3942 3879 1224 3006 3951 5130 2619 4275 5328 6165 3474 6003 2565 1908 3456 3627 2250 6372 4014 2979 5643 2727 5157 5040 2538 1620 3159 5841 2844 3888 423 6435 5049 684 2889 3897 927 3924 6174 4275 1845 4725 3654 891 1080 3771 4725 2628 171 2187 2052 2304 4041 1521 4158 2367 3024 5724 4509 3411 2997 6291 711 2133 2781 2844 1539 3069 2223 3960 5544 3015 4041 2214 3708 2952 3447 4347 5067 5067 3654 522 5436 3762 2727 5013 3267 5247 3303 3897 2520 1800 4779 4140 4032 3780 2718 5103 3528 2853 2682 2259 3807 3213 2097 3753 1782 4329 3042 3483 5976 1377 1116 3186 603 2403 1899 5058 3051 6462 4518 3357 4086 4059 2646 2853 3915 4491 3528 4302 2268 801 6174 4608 873 5544 3249 5112 1773 1665 2232 1170 4500 4527 2889 2079 6561 3474 2115 5526 6696 432 2340 1260 4833 3879 2916 4050 4320 4518 5526 4023 3780 3717 2511 4509 549 2106 3897 2205 5463 2241 936 4635 2106 3573 2205 2592 2088 5715 5877 1485 3393 4509 2448 1305 3636 3321 2889 5265 1863 3096 5580 3951 1827 2637 2970 5445 4428 1332 5382 6345 5499 2304 2817 648 2871 5409 2412 4059 5544 5499 3843 3582 1080 2997 3798 4248 3879 2070 6489 2799 4239 6453 2142 2070 4239 3438 3798 5535 3771 5418 5130 4392 4275 3150 5931 2160 5256 2916 4356 3411 5319 5202 5598 5364 2556 3402 603 1152 3168 5283 3447 4113 3519 3195 630 3186 4293 3213 1350 2025 3996 2862 909 3681 3645 4365 3996 3402 2322 3456 2466 4905 3195 5886 3699 5256 4995 4203 3474 4086 3078 5850 6156 2124 4275 1440 1539 1683 4158 2061 4590 2934 4203 2376 5022 1422 1224 450 3078 3051 1098 4788 4212 4509 4743 2592 4068 5733 2124 2718 
2100 3155 3710 730 2135 745 1785 2660 2280 2315 795 1560 2215 3065 1495 2555 3195 3630 2015 3540 1455 1250 2020 2215 1320 3770 2270 1735 3330 1465 3050 3010 1635 970 1925 3475 1820 2400 340 3795 3045 590 1840 2195 325 2415 3655 2345 1050 2795 2255 255 560 2335 2865 1490 250 1315 1355 1310 2490 795 2490 1350 1740 3420 2735 2080 1865 3710 320 1190 1510 1810 1080 1920 1420 2375 3270 1755 2300 1460 2300 1650 2155 2660 3055 2980 2230 195 3255 2230 1735 3020 2050 3150 1860 2365 1370 1095 2815 2515 2385 2305 1660 3070 2200 1460 1470 1115 2180 1885 1230 2035 1215 2625 1630 2115 3555 765 840 1790 570 1495 1290 3030 1665 3810 2750 1860 2440 2450 1590 1585 2390 2705 2035 2630 1505 405 3635 2715 475 3305 1815 3070 870 1165 1465 830 2705 2725 1710 1145 3870 2115 1400 3285 3940 80 1290 545 2860 2160 1745 2360 2640 2740 3290 2330 2100 2265 1360 2690 155 1285 2195 1240 3220 1310 285 2805 1140 2225 1280 1675 1180 3375 3470 1035 1825 2715 1440 520 2230 2005 1635 3160 1245 1920 3335 2435 1085 1695 1645 3235 2640 955 3200 3750 3240 1330 1735 590 1785 3240 1455 2270 3295 3300 2310 2180 655 1900 2295 2585 2305 1150 3815 1690 2585 3790 1290 1000 2595 2040 2310 3295 2100 3235 3020 2590 2345 1885 3505 1340 3120 1700 2590 1985 3125 3120 3350 3220 1505 2015 525 620 1935 3150 2155 2525 2150 2010 315 1915 2600 1875 515 1340 2430 1665 345 2250 2255 2620 2390 2040 1420 2120 1335 2905 1970 3475 2250 3140 2940 2550 2165 2510 1945 3470 3630 1390 2610 1025 865 1145 2545 1380 2735 1510 2500 1230 3025 1030 870 425 1840 1885 705 2885 2435 2740 2855 1370 2500 3420 1255 1645 
2080 2250 2935 1275 1885 1255 1270 1730 2040 1765 810 2130 2265 2270 1515 1975 2300 2855 1810 2750 1530 680 1760 1490 1270 2895 2215 1635 2615 1810 2375 2255 785 1065 1370 2600 890 1480 730 2960 2120 435 950 2200 1170 1525 2800 2550 1225 2195 1410 1185 1080 1405 1950 1565 700 1200 655 1460 1560 1240 1895 1485 1725 2505 1860 1445 1170 2930 980 1430 1805 940 330 1130 890 1765 2560 1660 2210 630 1380 1780 1225 1730 2130 2405 1510 925 2350 1780 950 2145 1155 2245 1910 1630 1660 1055 2245 1730 1900 1615 1240 2165 1305 2065 1715 1790 2050 1690 1270 2340 490 1840 1985 1530 2640 1080 340 1865 385 1090 400 2185 1915 2960 1825 2010 1845 1740 1350 1755 1595 1905 1865 1730 575 955 2860 2185 935 2465 1925 2205 1505 275 655 520 1930 1925 1450 1445 3010 1500 595 2465 3100 915 1530 1310 2230 2260 1400 2025 1710 1880 2465 2065 2220 1530 1715 2060 970 1135 2190 1400 2540 1285 1200 1940 1455 1310 1355 805 1390 2630 2695 420 2170 1980 1335 1385 1505 1540 1695 2280 620 1265 2430 1510 1095 815 1815 2445 2005 425 2455 2890 2570 1340 1240 390 1130 2330 1200 2330 2510 2370 1765 1510 910 980 1625 1730 1810 1415 3020 1365 1695 3010 1190 1715 1675 1710 1575 2495 2200 2380 2410 2085 2565 1540 2715 990 2430 1605 2045 1760 2500 2240 2420 2295 1420 1635 555 1075 1400 2365 1260 1595 1450 1160 910 1460 1805 1675 1435 620 1645 1600 1125 1500 1380 1890 1840 1630 1120 1410 1690 2295 1340 2715 1580 2300 2340 1780 1275 1595 1065 2635 2850 675 1715 360 1160 515 1650 565 2060 2105 1925 1720 2115 195 515 585 1530 1280 780 2050 2165 1855 2070 1785 1585 2515 1205 1270 
4816 4568 6008 1392 4584 3008 3616 3456 4832 4384 640 2312 5080 3320 3856 2232 3864 5888 4448 5696 3848 2664 4384 3848 3488 5696 5056 1040 5592 4104 5256 3160 2648 568 3760 4200 2392 2960 1376 5904 3904 1904 1992 4992 1880 2720 5608 5440 3256 5032 3552 2152 1296 3000 3488 3904 1576 344 1008 912 3192 3048 2144 928 1176 4312 4112 3848 3384 4264 1528 1000 4144 2816 2104 3240 680 4360 5512 1080 5056 1408 2808 4232 2840 3504 3952 5376 3880 1656 4712 4424 1496 3496 3040 4528 4496 4048 3912 320 5128 2496 4616 1992 3560 3744 2440 2296 4040 2088 4816 1176 568 5016 1056 2640 4392 1584 5072 2888 1056 4408 1376 536 2064 4704 4368 5872 3624 4592 4496 4256 648 4160 3920 4368 4528 3056 2048 2416 5896 5048 2472 3800 4480 3536 1720 1928 2528 2288 4456 4400 3872 1104 5920 1624 1296 5184 6120 2000 3728 1816 5072 5040 3816 4816 3488 3040 5184 4880 4960 3896 1480 2488 1760 232 4984 3576 5512 3496 2328 3144 3544 2616 704 1728 920 5584 5632 2248 4704 2664 3624 2112 1952 1320 4136 3744 848 1408 4824 3288 3152 2608 4264 5216 4720 904 3416 5728 5568 3576 952 1304 3352 4648 3464 5176 3648 4416 1824 3928 936 2624 4104 3984 4472 1016 6112 792 3800 6112 336 2088 3136 1352 3968 3688 4944 4976 5368 4904 5456 1104 5648 3144 3208 992 2256 4368 5504 4680 4432 4376 688 4192 1176 1192 1264 3424 2376 3352 3808 2000 1464 3920 4232 4224 2360 2544 4016 976 2464 3832 3416 4448 1960 1344 3344 3736 1440 2800 1440 5688 1888 4888 5256 2512 2376 2984 2960 5408 5872 2632 3816 1040 920 2400 3728 1304 4768 2336 4624 3816 4304 1344 776 1944 1032 1280 2520 3152 5040 4072 2976 4000 2976 4944 3376 3608 
2781 2826 3447 4194 2043 2961 720 2583 2277 1296 3420 5760 3204 4590 2232 4770 4032 3303 2034 3150 2367 972 1863 765 1926 3699 2907 4788 2781 3222 2322 4707 792 3879 693 4653 1602 2475 3123 3654 3330 2178 2322 3006 3789 2952 3447 3933 2358 1989 1062 3654 3825 2169 3321 2394 2970 4068 2736 4581 2394 2853 4608 4626 4995 4176 1953 657 144 5715 3546 4536 3114 855 1395 423 3258 1233 2682 4842 2826 2376 2376 2745 1818 2511 3312 2376 783 3384 2997 1476 2817 3978 1161 2844 2727 1026 2934 3843 2097 3798 1611 3951 981 3726 2655 5634 2907 5085 2511 4815 4230 3825 2538 3987 3456 4068 3609 2538 2565 2727 2547 3690 1341 2331 3159 3717 2664 3051 1386 1197 4230 2790 1125 1683 2187 3150 1530 2826 3321 2025 2700 4689 2871 4122 4581 1503 819 1737 1656 1710 1521 4563 3834 3960 2439 2727 3924 3132 2709 4131 2052 3285 1278 2052 2466 3663 2736 2259 3267 855 5049 4779 3411 3933 2970 2439 2628 1980 3564 3735 2790 2430 4383 2313 4464 2853 3024 1377 3672 4383 1827 4158 3717 4284 2502 4122 2808 3564 3141 2043 1998 963 2871 2610 1647 2673 5085 3636 2673 2079 3798 2592 189 3015 1413 3312 4995 3528 4500 756 3582 1422 963 1629 1449 4509 3645 4185 1836 3591 4050 4923 2880 4734 936 4905 3213 2700 2376 1890 3987 4437 3087 1179 5220 4743 4950 1935 2538 2592 3708 3294 4437 1422 2898 3843 3969 4770 2610 2268 657 2781 3438 1053 1476 1899 4122 864 1179 4752 3240 819 1242 1494 4599 4509 1296 594 5004 5202 3699 3024 3960 2502 2250 3933 2646 2826 972 3078 3303 756 1881 2493 4041 1170 1782 2394 1746 5706 1530 3402 2691 2160 2871 2448 4464 3681 2142 4068 2394 2016 4329 3330 2790 3303 1899 1116 
4455 3555 5112 2736 3978 3168 2718 2430 4248 3474 1719 4122 4824 3177 3510 2763 3285 4977 3879 4761 3564 1809 3762 2745 3078 4806 4680 2664 4662 4131 4311 3150 1413 2061 2817 3807 1062 1908 1971 5013 3060 1692 855 4680 2799 1881 4689 5400 3069 4113 2349 2907 2439 1863 2700 3618 2016 2025 558 2655 2115 3141 2610 2682 2898 3699 2997 2826 2304 4365 2403 2700 4113 1548 1224 2061 1089 3393 4572 2709 4644 243 1728 4014 1611 2457 3096 4509 2799 2376 3726 3609 819 2979 1773 3528 4212 2952 3852 1917 4248 2205 3780 2043 2763 3069 1494 4050 3942 3663 4338 2655 2277 5058 459 2403 4446 1989 4185 2853 990 4140 1431 1521 900 3654 4293 4977 2610 4419 3546 3204 2088 3987 2781 3267 3996 2268 675 2619 4986 4194 2592 3537 4257 3078 3168 873 1377 1800 3375 3312 3231 2781 5040 1908 261 4185 5256 2466 3618 2961 4140 4833 3087 4131 2430 2493 4185 4266 4770 2790 3249 2871 2475 1890 4653 3366 4590 3105 2979 2601 3501 1557 2430 549 2619 4644 4689 1467 4770 2673 3150 3177 1836 2124 3834 3231 693 1485 3861 2133 2808 1323 4095 4221 3753 882 3519 4824 4662 3213 1620 1404 2322 3672 2844 4941 3609 3573 2421 2880 2043 1314 3069 2835 3618 2700 5229 2016 2646 5229 2025 3582 2223 2556 2871 3582 4734 3960 4482 4068 5427 2259 4707 2439 3492 2628 2916 3780 4617 3645 3636 3474 2358 3438 1602 2394 1827 3348 1413 2241 2736 1179 2277 3087 3132 3663 3321 1530 2889 2646 2898 2718 2205 3393 2538 2331 2691 2646 3204 3303 1620 4752 2007 3861 4356 2295 1431 2061 1692 4446 4959 1602 2673 684 2367 1548 2565 216 3780 4113 3699 3996 3276 612 1134 1953 2286 1557 2304 2781 4428 2952 2817 4104 2043 4005 2961 2853 
5922 1143 1701 7398 5004 6687 4194 2475 5076 3690 6408 8829 6327 4455 5805 5787 3150 1692 5148 1503 5967 4644 4968 3087 5589 297 5886 7083 2259 6849 2646 4779 3798 6759 3951 3537 3645 3033 6471 891 2367 5697 4059 6102 7254 3528 612 7119 6075 3213 2718 7209 7065 2916 2898 5976 6399 6624 5148 7317 2745 6579 5652 7326 7362 2745 1827 3555 3636 5004 6921 7389 6714 3492 4806 3375 5571 3411 2304 7119 5751 4707 3177 6255 3087 2394 2286 3357 3105 6813 981 4158 4671 3537 3069 1188 6084 2871 6579 6597 3393 4428 3969 5058 4536 2961 3672 8757 6516 8334 5508 6912 6930 7236 5157 4482 7038 5535 846 6273 5598 6138 5850 5949 4437 1431 6687 675 2304 6444 3429 2898 6507 6336 2619 2124 5301 3276 4158 6498 1683 3663 6381 4050 6282 3654 7830 4671 4122 5355 2259 2106 4959 7479 585 5391 4842 1269 927 6687 6372 7515 3024 6480 4698 4635 2403 3735 1260 4968 6516 2988 7938 5553 6876 6498 6048 6120 2556 5643 7173 3690 6489 3402 7083 4338 7308 1989 1656 4914 7182 4887 5445 7641 4869 5994 6003 3402 5346 5202 864 2583 5724 3699 6390 1602 3096 5562 5022 477 2646 5733 5760 5859 3834 1071 5049 6408 4644 1818 5823 3330 6705 3420 3195 2124 3942 7389 1512 6309 2097 1656 6642 8226 3015 6570 2934 4473 6453 1071 3132 3834 7191 6381 1530 4896 5418 7065 6003 5076 3015 1143 1998 1665 6885 4491 6138 7038 5688 4581 3726 2529 3267 4185 6795 4275 2322 5166 7677 4383 2592 7119 6903 2970 2682 2574 5814 6255 4968 3258 7893 5823 5292 1818 5157 1305 3168 4554 3744 3159 3249 954 1647 4311 2061 5355 7065 4743 2178 4842 2808 8820 3474 7101 1440 5121 5814 6003 6480 5400 5841 4032 4977 1818 4509 6993 3150 765 5580 4662 
3174 768 1992 3414 2622 3174 1812 438 2742 1848 2748 4356 3456 2028 2838 2586 1428 1914 2652 1746 2928 1806 2532 1200 2622 1608 3228 3228 1884 3480 1818 2178 1152 2976 1716 1836 906 630 2820 1794 888 2370 1194 3318 3360 1044 1560 3960 2856 1926 696 3360 3198 468 978 2946 2796 2892 1902 3354 450 3114 2484 3360 3408 1452 534 1506 1344 2676 3120 3396 3420 942 1782 1062 2196 1680 1848 3258 3162 1608 678 3186 528 366 864 2166 1236 3066 882 2112 1620 1488 636 750 3168 1188 3288 2868 2058 1722 2094 2040 2004 1218 1026 4308 3282 4038 2958 3138 3090 3906 1908 1806 3654 2298 1218 2898 2214 3174 2412 2460 1500 972 3456 1752 444 3384 1758 1338 2838 3216 930 978 2760 1020 1266 2958 1914 2142 2898 1962 3264 1590 3702 1650 1374 2208 1122 1002 2364 3450 1776 2202 1698 1332 1938 3024 3132 3516 1866 3522 2190 2520 342 1398 1326 2706 3522 1164 3762 2490 3114 2808 3288 2952 1932 2658 3360 1416 3156 822 3192 1368 3342 1794 1740 1890 3804 2100 2568 3618 1890 2568 3024 1524 2034 2028 972 210 2616 1038 3270 1440 1710 2184 2406 1632 1998 2724 2364 2412 1470 846 2292 3528 2256 1002 2532 1404 2952 774 1422 594 2016 3396 2016 2724 300 2046 2904 3972 792 2946 1176 2172 3480 1116 2070 2154 4002 2796 1722 2100 2586 3216 2730 2586 2094 864 1116 864 3084 2202 2592 3180 2352 2142 1044 276 1302 1332 3042 1980 984 2592 3666 1584 978 3246 3210 1116 528 1284 2556 2742 2208 1260 3732 2730 2100 1818 2094 1104 2028 1818 1062 828 780 1446 1896 1548 294 2046 3180 1812 282 1692 1602 4350 1848 3558 582 1902 2352 2580 2856 2154 2568 1674 2766 456 1938 3540 810 1068 2586 2094 
1085 3598 3745 2968 1015 1225 973 3381 1218 1554 2702 4158 1344 4739 336 4557 4466 3633 847 3570 434 1043 861 1834 147 4179 1295 4032 3108 1092 2667 4774 1757 3059 1169 4942 2408 3220 2177 4060 3976 1470 2835 1253 2415 3507 3948 1792 616 2219 2240 2191 2695 3010 3913 455 1988 3402 2730 3619 3206 1113 4438 3668 4116 4620 2905 1477 1442 5649 2387 3500 1008 1953 1456 1743 3073 1715 3031 4060 1302 2597 3115 756 2723 3332 3962 2408 1820 2212 3724 1302 3045 4368 2268 3619 861 2002 882 3136 2198 4032 1533 3997 707 4235 3227 4018 847 3528 1106 4151 3409 1603 2506 4193 1274 3948 4207 973 2219 812 1939 3346 1757 3122 1050 4137 3458 1043 1771 2016 3675 770 2205 2583 882 3724 2114 1442 3647 2002 1323 4900 910 4473 3192 1729 1554 1127 2499 2597 483 3472 4242 3892 2597 3353 4263 1862 721 2730 2345 1344 630 1365 3304 4067 3360 1295 1295 1911 3815 4641 2184 3318 1239 532 2905 182 2037 4137 847 3115 3514 2723 3465 3234 3444 1274 1456 4445 49 2632 3829 3983 588 4508 2695 3563 3829 2968 455 1925 840 3192 2079 2387 5075 4109 2905 224 3563 1995 1288 3752 308 1435 5068 4151 4277 1652 2674 2352 1771 2653 1456 3458 3934 3724 2842 3864 3374 3360 3549 4221 1953 5019 1267 3402 2513 1813 1827 3976 3514 560 5103 3983 4669 805 2674 3381 4284 3976 3710 966 2177 2758 3780 4879 3178 3136 1694 3199 2338 966 2429 651 2499 1323 2219 3962 1715 1925 2380 2282 4382 4109 406 1701 3780 4977 3668 3402 3976 3234 2408 4123 3213 3479 2107 3640 3647 1309 2877 2331 3045 1211 2800 2548 2275 4088 1813 1302 3500 2100 2450 1519 3955 3598 1008 4361 1435 2968 4494 1204 3451 3955 217 609 
4613 5061 6237 700 4571 2737 3878 4116 4781 4606 1022 931 4788 3892 3759 2758 4452 6125 4424 5964 3717 3038 4396 4249 3479 6041 4844 1099 5810 3738 5481 3724 3234 693 4039 4718 3122 3675 1400 6195 4508 2156 2821 4753 1379 3472 5943 4977 3150 5222 4074 1680 910 3703 4144 3766 1596 903 1953 385 3878 2807 2723 427 973 4858 4627 4179 3801 4655 1239 217 3808 3416 2604 3731 1687 4620 5740 1106 4872 2289 3542 3997 3542 4151 4550 5516 4277 1421 5194 4571 2401 4116 3654 5033 4291 4438 3619 819 5292 3213 4760 2730 3766 4361 3227 924 3759 875 4690 1393 616 4536 1939 3325 3962 2310 5516 2758 1701 4193 1736 1484 2688 5124 4032 6174 4256 4298 4732 4599 1239 3913 4368 4788 4466 3766 2772 2261 6132 5187 2352 4340 4228 4144 728 2527 3073 2555 4844 4816 3948 133 6223 2380 2184 5537 6384 1806 3500 1127 5285 4718 3948 4844 4137 3724 5537 4844 4634 4298 238 3031 1477 973 4753 3423 5719 3472 1883 3815 3290 3381 539 2590 280 5831 5901 2660 4242 3290 3633 1400 2723 1974 3969 4333 1792 2261 5292 3948 3150 3227 3997 5537 4970 1666 3906 6055 5761 3514 1799 1694 3738 5138 3577 4865 4158 4956 2422 4277 924 3318 4438 4480 4641 196 6335 1456 4354 6328 875 952 3836 1757 4361 4207 4634 5376 5530 5040 4977 1645 5922 3346 3668 1057 2730 4368 5663 5138 4970 4921 910 4319 1463 833 2037 3969 3171 4004 4193 2842 1267 4116 4655 4221 1659 3017 4445 980 2142 4256 3990 4802 2534 1897 3500 4137 203 3241 2268 5936 2625 5292 5425 3213 3171 3703 3563 5747 6111 3101 4375 1820 553 2821 4298 2184 5047 952 4837 3388 4837 2051 1477 2065 1533 2128 2576 3794 4984 4592 3598 3598 3703 5397 3381 3780 
2295 3492 3996 3825 1710 2322 513 3177 1980 1458 3186 5409 2700 5022 1602 4995 4590 3852 1629 3717 1728 558 1494 1341 1269 4347 2475 4716 3267 2565 2745 5103 1134 3654 729 5202 1998 2997 2745 4266 3933 1746 2628 2529 3321 3411 4077 3384 1692 2295 1728 3141 3456 2709 3870 1764 2556 3942 2772 4383 2961 2205 4833 4428 4887 4770 2619 1008 738 6174 3132 4302 2466 1350 1179 1071 3276 1530 3159 4761 2421 2493 2871 2133 2349 3114 3924 2646 1341 2943 3663 1422 3015 4482 1746 3510 2169 1593 2277 3672 2349 4167 1656 4221 504 4284 3069 5265 2259 4689 2106 4797 4050 3222 2529 4365 2817 4248 4275 1908 2385 2151 2232 3681 1359 2970 2529 4338 3267 2466 1656 1701 4194 2160 1764 2304 1764 3654 1728 2259 3861 2205 2124 5184 2286 4626 4194 1431 945 1251 2250 2331 1017 4302 4464 4158 2520 3348 4536 2628 2052 3690 2412 2763 828 1881 3069 4122 3348 1998 2727 1440 4779 5049 2961 3816 2493 1773 3060 1323 3024 4212 2124 2889 4203 2547 4230 3366 3573 1044 3042 4725 1197 3672 3987 4392 1890 4653 2790 3735 3807 2637 1332 1350 2250 3186 2007 2538 5481 4275 3087 1431 3870 2286 549 3681 783 2817 5445 4167 4680 1206 3285 1890 1413 2295 1494 4257 4203 4185 2493 4149 3924 4500 3411 4779 1512 5364 2682 3348 2700 2007 3438 4473 3654 513 5571 4662 5157 1530 2889 3258 4338 3942 4338 1179 2583 3501 4095 5202 3015 2862 1188 3105 3042 855 2097 1440 3600 738 1809 4653 2673 1431 1890 2034 4797 4590 648 1161 4734 5481 3879 3564 4203 3141 2565 4293 3051 3330 1530 3708 3852 666 2538 2403 3762 855 2439 2475 2187 5346 1773 2736 3348 2061 2700 1980 4482 3825 1566 4518 2169 2682 4725 2664 3303 3969 1233 603 
2574 1326 2178 2934 2058 2520 1194 1002 2196 1386 2310 3930 2856 2394 2190 2676 1968 2082 2064 1944 2274 1146 1950 756 1962 2064 2646 2994 1884 2820 1692 2496 510 2574 1134 2388 576 948 2286 2142 1506 1770 1056 2724 2802 1302 1944 3342 2190 1650 342 2778 2700 738 1494 2292 2232 2580 1596 3000 876 2460 2568 3018 3156 2064 816 978 732 3120 2586 3012 2760 294 1170 438 1938 1260 1830 3024 2592 1302 900 2538 528 954 1494 1914 792 2514 1446 1602 1470 1950 72 1326 2538 834 2628 2502 1758 1926 1632 2118 1374 1764 1146 3864 2622 3558 2382 2958 2748 3264 1536 2040 2994 2274 1830 2244 1740 2538 1872 2220 930 1218 2802 2142 1062 2748 1356 1008 2604 2562 648 948 2166 1404 798 2328 2088 1788 2262 2424 2628 2046 3216 1086 726 1572 1026 972 1734 3054 2196 2190 1374 1566 2310 2430 2472 2982 1638 2910 1572 2010 930 1764 1566 2172 2898 750 3378 2640 2550 2496 2694 2286 1860 1998 2754 1806 2496 966 2850 1146 2958 1860 1890 1260 3150 2322 1920 3060 1956 2484 2376 2034 1698 1956 1542 642 1956 432 2616 1578 1404 1746 2742 2052 1914 2070 2208 1884 840 1434 1638 2928 2658 1668 2550 930 2478 396 1002 666 1542 3006 2256 2526 636 2256 2586 3468 1212 2826 786 2586 2862 1446 1860 1752 3378 2652 1902 1440 2862 2976 2808 1998 1926 1278 1776 1530 2802 1638 2076 2694 2262 2514 1128 792 810 1326 2508 1398 858 1986 3084 930 726 2994 2592 696 246 1074 2598 2646 1554 756 3348 2910 2040 1932 2142 1362 1794 2022 1158 1182 132 1758 2070 894 660 1608 2748 1164 588 1356 1374 3912 1458 2898 1188 1422 1908 1974 2694 2058 1914 2040 2250 816 2244 2874 1164 1650 1926 1464 
6633 5535 7407 2556 6309 4653 5139 4185 6588 5940 1971 2970 6948 3240 5580 1638 4185 7281 6174 7047 5580 4122 6084 5211 5148 6840 6894 576 7056 5886 6750 2970 3879 1692 5265 4410 3357 3627 2799 7164 4491 3393 2700 6849 3276 3168 6804 7380 4923 6588 4734 3609 2574 3780 3960 5643 3033 1035 1908 1440 3924 4698 1620 1386 855 4743 5211 5301 4770 4104 2907 1701 5931 3996 3474 4527 1377 5868 6975 594 6894 2295 3492 6012 3717 4266 4554 6984 5256 3078 5679 6048 2052 3717 4131 5481 6300 5409 5661 1431 6714 2511 6228 1818 5121 4140 2988 3033 5805 3069 6606 252 1296 6912 2124 2601 6210 1242 5967 4518 2376 6201 2799 963 3321 5886 6174 7083 4365 6426 6021 5652 531 5931 5193 5634 6273 3492 3141 3987 7290 6669 4050 3843 6291 3717 2799 3213 3825 3789 5769 5670 5526 1863 7110 1377 2214 6435 7371 3501 5463 3105 6606 6912 5427 6534 4257 3258 6435 6624 6831 5247 2034 1998 3195 1080 6831 5274 7011 5166 3825 3357 5256 3267 1305 2502 1656 7002 7002 3672 6561 2439 5292 3465 1908 738 5895 3987 1854 1458 5787 4149 4788 3780 6048 6534 6219 2169 3150 6903 7092 5256 918 2727 4779 5589 5076 7065 3519 5103 1233 5355 2241 3636 5535 5130 6066 1773 7479 459 4833 7506 1080 3150 3681 324 5319 3609 6804 6147 6939 6534 7398 279 6993 4698 2817 612 1575 6084 7065 5769 5058 5121 792 5832 2592 2448 990 3303 2934 4149 5202 2484 2853 5499 5517 5931 3771 3924 5301 711 4023 5175 4536 5823 1359 540 4941 5112 2016 2232 1386 7083 1683 6093 6822 2466 2916 3528 4095 6633 7254 4014 4842 2259 2016 3825 4761 2250 6237 3051 6174 5562 5229 2592 2097 3456 180 1260 4086 3231 6804 5130 2889 5769 3528 5895 5022 5193 
3619 714 2044 4179 2947 3766 2051 742 3080 2002 3416 5299 3948 2611 3290 3297 1855 1953 3003 1764 3402 2163 2856 1274 3059 1645 3661 4025 1925 4060 1869 2800 1428 3696 1918 2324 1260 1015 3458 1834 1183 2891 1652 3787 4074 1491 1561 4543 3360 2030 735 4060 3920 819 1358 3416 3416 3619 2457 4144 798 3696 3178 4158 4235 1827 350 1652 1526 3339 3808 4186 3976 1183 2198 1225 2814 1799 1883 4060 3577 2107 1071 3682 861 651 1148 2296 1309 3738 854 2331 2149 1960 833 707 3633 1218 3836 3577 2184 2282 2289 2660 2296 1617 1477 5236 3822 4907 3353 3927 3843 4515 2450 2380 4249 2961 1295 3444 2779 3654 2975 3129 1890 854 4004 1792 707 3899 1883 1379 3570 3724 917 896 3129 1449 1659 3549 1953 2296 3472 2506 3759 2079 4508 2072 1687 2667 1071 917 2702 4249 1834 2849 2212 1274 2009 3661 3661 4270 1953 4032 2492 2800 630 1890 1267 3024 4032 1225 4613 3185 3787 3521 3745 3451 1988 3101 4046 1904 3710 1239 3962 1841 4123 1813 1750 2303 4410 2723 2982 4375 2485 3276 3493 1988 2604 2639 966 518 3080 1323 3780 1400 1792 2751 3066 1666 2065 3178 3024 2982 1673 840 2653 4025 2870 1211 3234 1512 3640 1078 1512 469 2205 4186 2079 3444 133 2107 3626 4816 1183 3703 1218 2765 3990 1036 2177 2331 4592 3535 1729 2457 3283 4004 3465 2933 2191 749 1365 1022 3843 2471 3199 3899 3017 2751 1498 595 1407 1827 3717 2226 924 2947 4424 1918 966 4039 3857 1176 595 1281 3262 3472 2562 1365 4585 3458 2723 1841 2723 1008 2135 2394 1519 1239 987 1414 1932 1869 98 2590 3920 2191 161 2205 1645 5285 1974 4179 553 2408 2947 3136 3598 2786 3073 2205 3087 252 2527 4144 1218 1092 3024 2401 
3066 2240 3332 2646 2597 2471 1575 1540 2793 2079 1904 3794 3374 2646 2429 2632 2457 3220 2548 3059 2499 1043 2436 1477 2107 3164 3206 2744 2961 3045 2688 2695 462 2212 1610 2912 364 1232 1932 3290 2107 1435 763 3241 2555 1435 3052 3878 2233 2548 1169 2562 2387 1092 1925 2534 1897 2233 1106 2709 1309 2429 2506 2730 2919 2695 1722 1575 1169 3556 2282 2723 3003 532 791 945 1512 2002 2891 2779 3164 784 1106 2842 819 1526 2114 2856 1512 2212 2380 2226 1106 2310 742 2226 2926 1631 2814 2128 2653 1960 2331 2009 1666 2247 1141 3724 2849 3374 2919 2723 2415 3682 1008 2114 3276 2086 2786 2177 1246 2898 1449 1848 420 2212 3108 3276 1659 3129 2121 1820 2289 2835 1498 1883 2653 1673 140 2149 3227 2632 2093 2821 2996 2408 2982 581 546 1323 1960 1918 2072 2772 3339 1995 854 2625 3479 2177 2625 2737 2562 3402 1925 2660 1498 1988 2625 2793 3367 1505 3143 2653 2268 2128 3220 2415 2898 2142 2569 2058 2590 1057 2534 721 2660 2947 2996 959 3500 2387 2121 2856 1827 2261 2674 2464 1204 1687 2492 1204 1988 364 2919 2632 2261 1246 2989 3171 2954 2226 1890 1449 1211 2352 1827 3465 2982 2422 2415 1596 2114 462 1729 1568 2212 2716 3423 2226 1477 3423 2233 3283 1540 2618 1561 2926 3339 2471 2821 2541 3913 2401 3010 1533 3045 2716 2772 2471 2926 2254 2513 2310 2499 2142 1666 2366 2009 2786 1092 1330 1477 1127 2184 1855 1771 2401 2919 763 1575 2730 2429 1449 1078 1967 2492 2436 1708 1407 3108 2989 1792 3038 2009 2380 2730 2058 1120 1449 658 2842 3206 784 1498 1085 2415 931 1414 826 2275 3773 2240 3031 2044 882 1435 1673 2429 1778 1757 2275 2912 1708 2408 3059 1428 2611 2037 1757 
4790 5680 7100 1320 4630 2420 3600 4510 4930 4640 600 3040 5090 5060 3570 4000 5430 6940 4430 6730 3540 2400 4380 4190 3130 7000 5110 2550 6440 3800 5940 4940 2800 1100 3830 5950 2900 3950 430 7140 5230 1170 2760 5000 1310 3880 6820 5490 2770 5540 4050 1510 930 3880 4810 3610 630 1660 1650 1900 4170 2470 3870 1970 2630 5910 4930 4050 3520 6330 850 1760 3860 3110 1810 3490 1740 4680 6330 2590 5130 1950 3740 4000 3560 4530 5260 5950 4220 870 5870 4590 2430 5040 3520 5650 4360 4470 3560 1240 5630 3970 4870 3510 3450 5200 3460 2910 3730 2360 4850 2790 1610 4940 1420 4180 4150 3120 6420 2280 720 4240 540 1890 2030 5600 4140 7140 4710 4450 4840 4690 2160 3900 4420 5040 4510 4310 2290 1680 6950 5470 1750 5570 4320 5130 1790 1780 2530 1720 5090 5080 3740 1750 7230 3130 1820 6160 7420 1190 3350 1470 5630 5020 3720 4990 4500 4470 6160 5010 4920 4270 2280 4270 1000 1570 5000 3170 6280 3140 1670 4600 3100 3560 1750 2410 1700 6490 6620 1870 4540 4330 3340 1710 3370 2920 3900 5330 1420 2730 6030 4140 2680 2850 4030 6120 5180 880 5300 6990 6330 3220 2360 480 3420 5820 3210 5210 5510 5790 3510 4200 620 3120 4440 4680 4690 1710 7270 2320 4580 7250 1610 2210 4290 3040 4360 5520 4900 5980 5980 5260 5500 2710 6660 2860 5130 2480 4070 4340 6180 5690 5860 5670 2080 4230 160 920 2760 5220 3370 4280 4090 3020 720 3940 4840 4140 1910 2400 4520 2430 1770 4210 3980 4990 3680 3000 3080 4020 2230 4700 2830 6650 3400 5830 5830 4030 3380 4110 3350 6490 6930 2520 4620 1060 1140 2100 4500 1780 5310 2990 4980 3430 5380 1230 650 1120 2630 2660 1870 4720 5210 4910 4630 3660 4090 6190 2990 3470 
5350 6580 8020 400 5330 2680 4430 5380 5630 5490 850 2140 5600 5650 4130 4330 6170 7860 5110 7660 4070 3250 5080 5090 3740 7920 5690 2380 7350 4110 6840 5470 3730 900 4680 6660 3800 4790 810 8060 6060 1920 3580 5550 860 4650 7740 5880 3260 6410 4980 1260 80 4750 5610 4140 1060 1630 2380 1440 5030 2780 4230 1530 2340 6690 5850 4920 4420 6860 540 1200 4210 4030 2710 4400 2260 5550 7240 2410 5730 2760 4590 4470 4450 5410 6100 6800 5120 800 6780 5390 3150 5750 4450 6560 4890 5380 3930 1210 6480 4580 5680 4010 4240 5980 4250 2000 4130 1430 5480 2720 1360 5260 2210 4770 4450 3520 7320 2700 1610 4750 1420 2220 2950 6520 4520 8060 5580 4900 5700 5590 2220 4350 5340 5960 5170 5090 3210 1990 7870 6310 2120 6210 4800 5830 860 2700 3450 2490 6010 6000 4450 1100 8150 3570 2620 7080 8350 1340 3760 720 6510 5500 4470 5740 5380 5180 7080 5720 5380 5180 1550 4660 890 1620 5550 3650 7180 3730 1530 5310 3470 4390 1420 3220 1180 7400 7540 2740 4840 4850 3970 1090 3930 3190 4430 6050 2120 3250 6930 5030 3270 3780 4470 7040 6060 1690 5800 7920 7230 3790 2730 1380 4300 6730 3920 5710 6080 6640 3830 5090 430 4030 5320 5600 5510 1110 8200 2470 5500 8170 1580 1300 5100 3120 5270 6110 5380 6910 6850 6080 5880 2850 7580 3620 5560 2300 4360 5030 7050 6610 6700 6540 1940 5000 1040 60 3130 5790 4160 5170 4990 3760 570 4750 5760 4820 1420 3300 5440 2220 1850 5120 4910 5900 4000 3180 3820 4920 1500 5050 3320 7570 3890 6750 6700 4620 4170 4920 4280 7420 7850 3410 5540 1910 570 2970 5420 2590 6200 2080 5840 3630 6290 2130 1420 1740 2730 3130 2460 5380 5920 5830 5210 3920 4910 7100 3600 4240 
1856 2984 3184 3880 1192 2392 40 2896 1408 824 3312 5280 2232 4696 1472 4800 4200 3056 1184 2960 1616 976 1032 944 1288 3624 1960 4656 2496 2400 2016 4792 1280 3728 200 4752 2032 2816 2920 3496 3552 2032 2648 2056 3408 3248 3360 2896 1760 1584 1472 3232 3552 2552 3568 1624 2744 3976 2888 4368 2744 2280 4656 4416 4808 4312 2192 536 592 5704 3256 4304 2280 1384 1520 984 3352 912 2408 4696 1888 2616 2736 1904 2240 2824 3536 1880 928 3080 3120 800 3048 4160 1648 3016 1840 1136 2160 3736 1624 3984 992 4088 344 3928 2968 5152 2104 4632 1608 4712 4080 2840 2688 4152 2584 4160 3680 2040 2592 1856 2464 3720 1624 2416 2280 3576 2960 2144 1016 1168 4176 1968 1376 1800 1320 3424 1896 2416 3072 1480 2296 4792 1984 4288 4200 1720 1200 1584 1704 1816 768 4304 3704 4064 2648 2688 3736 2784 1976 3744 1696 2312 536 1248 2792 3880 2696 1400 2304 1032 4728 4824 3088 3864 2016 1752 2296 1336 3112 3944 2096 2776 4208 2616 4240 2616 2824 1408 2744 4496 1152 3712 3880 4312 1680 4280 2928 3704 3248 2416 1464 1456 2024 2512 1352 2720 5136 3544 2312 1408 3856 2512 448 3160 808 2328 5064 3688 4544 736 3400 1888 888 1904 848 4264 3392 4168 2160 3320 3960 4464 3184 4680 1080 4984 2256 2736 1944 1304 2952 4408 2904 768 5240 4608 4960 1096 2112 2712 3864 3480 4320 656 2776 3592 4040 4864 2928 2624 784 3064 3176 328 1624 1072 3632 1088 1384 4600 2784 1048 1672 1472 4640 4496 760 792 4688 5208 3832 2792 4088 2544 1816 4104 2968 3128 1488 3016 3064 1008 2200 2592 3824 1232 2120 2608 1528 5224 1112 2632 2896 2288 2872 2224 4424 3792 1800 4240 1536 2272 4464 2528 3104 3384 1296 456 
3318 2760 3858 1554 3048 2244 2238 1938 3228 2766 858 2382 3546 2082 2646 1554 2334 3768 2970 3624 2664 1584 2898 2298 2358 3606 3480 1308 3570 2976 3342 2010 1404 1014 2322 2634 1134 1566 1212 3768 2298 1272 834 3462 1734 1434 3546 3888 2286 3210 2028 1860 1398 1590 2010 2706 1296 900 90 1350 1734 2250 1464 1356 1470 2652 2424 2346 1992 2844 1452 1404 2982 1500 1164 1842 270 2724 3516 1344 3462 390 1452 2964 1464 1968 2328 3474 2328 1482 2868 2844 522 2088 1632 2730 3126 2436 2802 876 3294 1422 2964 1170 2244 2220 1200 2352 2880 2148 3264 1302 1092 3624 240 1548 3192 1014 3144 2076 612 3072 966 552 1026 2874 3120 3738 2064 3240 2826 2598 924 2928 2316 2640 3042 1692 918 1830 3774 3258 1836 2388 3138 2136 1830 960 1362 1452 2712 2664 2532 1470 3774 990 312 3234 3924 1632 2652 1782 3228 3540 2454 3174 1956 1746 3228 3252 3492 2328 1770 1674 1554 816 3450 2502 3528 2370 1944 1824 2544 1314 1194 630 1350 3552 3582 1308 3414 1656 2430 1962 1074 1020 2862 2268 102 720 2952 1800 2142 1350 3006 3264 2970 456 2238 3630 3570 2436 666 924 1992 2820 2250 3624 2352 2670 1290 2382 1104 1314 2508 2334 2856 1410 3930 882 2184 3936 906 2112 1722 1266 2376 2358 3474 3072 3450 3162 3906 1062 3588 1992 2160 1284 1632 2904 3540 2844 2694 2628 1110 2706 972 1344 846 2178 1152 1848 2286 894 1374 2484 2544 2814 2100 1428 2388 1302 1962 2280 1920 2730 1380 1140 2154 2232 1740 1956 798 3624 1122 3012 3372 1458 1152 1608 1590 3396 3756 1488 2202 420 1248 1392 2136 330 2988 2388 2928 2832 2562 588 558 1398 1074 714 1734 1878 3366 2388 1824 2928 1602 3042 2274 2298 
5355 4023 5805 2691 4896 3825 3645 2718 5166 4383 1674 3816 5715 2673 4374 1899 3150 5670 4797 5445 4410 2718 4680 3609 3933 5310 5580 1935 5436 4905 5130 2556 2304 1818 3735 3555 1737 2151 2268 5598 3186 2367 1116 5580 3033 1845 5247 6246 3861 4986 3114 3240 2493 2241 2709 4464 2403 1485 477 2205 2430 3825 1746 2196 2205 3645 3609 3735 3213 3816 2610 2331 4905 2385 2106 2925 441 4284 5355 1971 5553 711 1989 4860 2133 2781 3240 5382 3654 2664 4176 4527 486 2745 2502 3978 5085 3789 4644 1566 5121 1692 4689 1296 3690 2997 1548 3789 4752 3546 5256 1836 1827 5868 774 1881 5229 1098 4536 3564 1377 5004 1917 783 1827 4293 5112 5535 2907 5265 4437 4041 1350 4815 3573 4014 4914 2232 1557 3204 5679 5094 3213 3150 5112 2808 3087 1782 2295 2601 4149 4050 4149 2448 5571 1035 657 4842 5823 2907 4410 3069 4995 5706 4014 5058 2772 2232 4833 5193 5643 3636 2862 2061 2781 1368 5553 4185 5391 3960 3375 2349 4266 1773 1962 882 2250 5382 5391 2340 5562 2025 4032 3357 1152 1197 4698 3024 621 630 4302 2601 3636 2178 4932 4923 4617 1152 2898 5364 5463 4068 711 1854 3231 4095 3744 5832 3078 3771 1521 3771 2052 2016 3942 3510 4527 2358 5886 1197 3240 5904 1512 3510 2322 1656 3708 3087 5607 4563 5337 4977 6282 1377 5391 3348 2772 1908 2025 4698 5454 4203 3771 3735 1719 4365 1917 2403 900 2817 1485 2628 3609 1044 2502 4014 3888 4572 3582 2448 3681 1953 3402 3564 2916 4203 1647 1422 3591 3519 2826 2475 747 5472 1215 4500 5220 1746 1476 2151 2475 5058 5652 2529 3258 1089 2196 2448 3168 711 4626 3843 4590 4707 3717 1305 1287 2556 1431 648 3051 2403 5355 3537 2286 4842 2151 4419 3816 3771 
2868 792 1734 3462 2298 3024 1530 810 2412 1494 2826 4440 3150 2394 2586 2898 1788 1650 2340 1494 2688 1650 2214 864 2394 1524 2910 3420 1554 3252 1464 2538 1044 3078 1410 2196 1002 966 2826 1632 1230 2310 1398 3012 3342 1380 1422 3660 2664 1560 396 3318 3234 774 1350 2700 2772 3048 2046 3480 804 2958 2790 3498 3594 1788 288 1182 1074 3048 3126 3510 3180 834 1710 828 2370 1320 1512 3450 2838 1746 990 2928 726 732 1200 1794 894 3054 912 1776 1830 1860 558 804 2886 828 3066 2988 1686 2058 1740 2346 1740 1584 1320 4386 3048 4086 2640 3354 3228 3636 2016 2148 3414 2574 1314 2748 2262 2898 2412 2646 1470 726 3204 1614 798 3114 1398 972 3030 2964 564 624 2448 1380 1308 2856 1656 1770 2790 2334 2994 1962 3744 1626 1260 2100 762 648 2082 3558 1668 2478 1830 1092 1794 2970 2916 3522 1500 3228 1902 2172 714 1764 1092 2370 3228 822 3876 2820 3096 2958 2982 2736 1590 2430 3294 1782 2958 1116 3330 1542 3456 1488 1464 1794 3552 2442 2328 3600 2190 2820 2760 1896 2166 2280 1008 528 2424 972 3012 1158 1338 2256 2772 1524 1650 2496 2586 2418 1206 918 2046 3222 2628 1272 2820 1068 3006 828 1068 240 1668 3504 1788 2934 114 1806 3048 4002 1158 3186 822 2538 3186 930 1704 1788 3708 3024 1458 1884 2946 3402 3042 2280 1734 738 1404 1104 3252 1884 2610 3222 2604 2514 1326 636 972 1596 3048 1674 612 2292 3630 1452 618 3426 3126 774 306 918 2850 2994 1974 936 3846 3066 2358 1530 2388 870 1656 2154 1350 1182 672 1254 1632 1404 150 2118 3264 1692 96 1818 1230 4428 1482 3366 684 1950 2424 2514 3078 2394 2436 2040 2424 276 2298 3324 1164 1116 2370 1830 
7191 3330 5535 5382 6480 6318 5157 2178 6714 5490 4383 6282 7605 261 6426 1935 1053 5445 6471 5193 6516 4653 6309 4518 6021 4455 7344 3969 5571 7191 5544 603 3753 4464 5112 1026 2898 2007 4968 4959 1854 4842 2385 7425 5751 1485 4581 8280 6138 5715 3753 5940 5202 2322 1413 6561 5076 3960 3096 4644 2187 6282 1863 4608 4257 1575 3573 4896 4500 1278 5328 4842 7155 3582 4239 4068 3105 5274 5535 3987 7272 2934 2070 6957 2628 2295 1926 6075 4572 5373 3384 5832 2403 657 3312 3249 7056 4554 6903 4185 5904 1017 5859 1620 5364 1224 1836 6309 6966 6165 6957 3645 4329 8037 3348 855 7497 2178 3348 5985 4014 7020 4527 3231 3780 4122 7299 4806 2250 7326 5409 4797 3555 6957 4185 4293 6624 1323 3285 5760 5445 6012 5742 450 7155 531 5760 3888 3987 4896 4509 4320 5913 4995 4752 2070 3024 4581 5085 5562 6660 5787 5634 7659 5688 6435 2322 774 4572 6678 7623 4482 5310 1593 5481 3888 7389 6399 5688 6057 6057 711 6588 2007 4428 2610 4770 5400 5229 4482 7794 972 6030 6075 1629 2664 6741 801 3303 2241 3429 2601 5841 3537 7056 4842 5382 3807 837 4590 5787 6165 2808 4482 4635 3258 5643 7713 567 2367 2196 4797 4761 3015 4878 3717 5724 4896 5472 3285 3276 5571 4005 6174 1647 3159 4518 459 7578 4194 5931 6003 8325 3132 5166 5265 1224 3987 2115 6372 5958 3771 2205 2538 4005 5859 4599 5103 2511 405 1890 2412 4626 1962 5211 5490 4302 6318 6291 4284 4275 4077 6021 4401 3465 4752 2115 2862 5490 4545 5283 1719 2205 5373 1746 4266 5868 999 1854 1647 3474 4608 5409 4302 3249 3690 4860 4482 3249 3069 5229 6336 5544 7119 3069 3753 3987 5094 3276 2385 5427 369 6804 3438 513 7200 1683 3456 5922 5490 
3320 1290 2485 2695 2915 2960 2185 560 3035 2350 2115 3335 3550 800 2925 1350 565 2430 2915 2290 2980 1950 2820 1810 2705 1990 3395 2175 2450 3385 2410 920 1425 2225 2150 870 965 415 2350 2230 590 2165 785 3450 2805 210 2015 3940 2810 2485 1390 2870 2560 595 295 3005 2380 2030 1340 2430 525 2930 1275 2425 2340 810 1325 2020 1810 1395 2575 2515 3355 1315 1765 1565 1465 2230 2425 2195 3355 1175 460 3225 770 625 625 2690 1840 2575 1350 2545 965 435 1150 1250 3260 1835 3225 2095 2590 595 2560 950 2305 450 425 3325 3245 3180 3180 2045 2230 3830 1440 635 3550 1235 1440 2755 1800 3250 2055 1620 1500 1665 3420 2160 625 3420 2305 1970 1885 3225 1630 1710 2995 45 1225 2685 2430 2645 2660 820 3320 515 2925 1585 1570 2145 1830 1730 2610 2580 2150 1155 1240 1940 2320 2630 3090 2870 2445 3590 2485 2880 635 275 1935 3020 3570 1795 2800 1230 2630 1975 3425 2940 2505 2730 2915 300 3065 455 2300 950 2465 2370 2300 1895 3705 880 2700 3005 855 1505 3100 550 1470 1105 1395 755 2630 1305 3280 2065 2295 1710 1115 2045 2555 2795 1445 2040 1890 1285 2480 3615 1010 930 1370 1970 2320 1005 2010 1390 2485 2530 2475 1750 1145 2520 2050 3155 230 1820 1810 950 3545 1735 2615 2640 3970 1745 2270 2280 1265 2175 1470 2855 2640 1500 905 960 2125 2565 2140 2515 1350 905 470 660 1875 650 2510 2365 1705 2835 3100 1745 1680 2215 2860 1750 1225 1955 1365 1645 2400 1830 2785 1405 1135 2370 1010 1755 2575 670 460 215 1240 1985 2410 1750 1135 1620 2435 1880 1125 1260 2220 3355 2385 3375 1130 1600 1835 2325 1810 1215 2450 505 3085 1255 720 3400 235 1435 2660 2380 
700 4620 4459 3612 1337 1568 1981 4508 1386 2310 3556 4683 616 5880 805 5642 5607 4361 1183 4340 742 2184 1323 2814 1127 5075 903 4921 3794 616 3346 5915 2905 3885 2135 6083 3556 4361 2947 4886 5096 2394 3969 693 2961 4655 4823 707 1197 2856 3304 2674 3381 4151 5054 700 2751 4298 3794 4410 4340 1484 5523 4459 4977 5747 3934 2429 2513 6797 3045 4256 504 3087 2562 2835 4102 2520 3717 4956 1001 3703 4263 385 3864 4452 5082 2940 2793 2870 4739 1960 4151 5516 3395 4648 441 2954 679 4011 2772 5166 2149 5103 1743 5376 4375 4522 532 4018 1036 5082 4249 469 3563 5327 511 5019 5222 1547 3199 392 2849 4340 2884 4060 273 4991 4571 154 2527 2912 4627 420 3199 3528 1085 4865 3255 2037 4375 2548 1946 6041 280 5621 3759 2842 2702 2142 3409 3535 1337 4200 5110 4977 3689 4221 5082 2485 798 3269 3003 476 1547 1715 4417 5215 4228 1491 385 2884 4501 5747 2807 4228 728 924 3549 1099 2478 5285 994 4263 4340 3850 4235 3962 4200 2373 448 5572 1113 3080 4942 5019 560 5649 3731 4648 4844 4088 1337 3073 329 4018 2821 3381 6209 4984 3528 1015 4592 2912 2366 4774 1428 658 6216 5243 5348 2597 3458 3493 2681 3675 2135 4207 4669 4704 3906 4585 4270 3836 4690 5208 2919 6160 406 4326 3087 2359 721 4963 4291 1708 6223 4879 5740 1232 3248 4361 5383 5061 4599 1673 3038 3465 4830 6020 4326 4263 2674 4333 3031 1848 3381 1141 2870 2464 3192 4837 2177 2912 3472 3157 5453 5124 1540 2695 4466 6076 4746 4137 5075 4151 2996 5257 4354 4620 3234 4508 4382 2450 3941 3353 3801 2331 3871 3640 3045 4585 2520 1050 4550 3150 3402 2352 4935 4669 1848 5509 1575 4004 5628 812 4599 4963 1204 1638 
950 6860 6280 6110 1940 3200 3230 6900 1850 3400 6000 7650 480 9040 1880 8840 8520 6150 1830 6160 1870 3800 2040 4310 2370 7330 960 7940 5320 1820 4710 9110 4730 6470 3380 9210 5680 6770 5140 6980 7720 4300 6350 720 5190 7250 6950 430 2620 4000 5090 4780 5780 6440 7720 1800 4860 7050 6220 7230 6700 3080 8670 7310 8030 8660 5900 3760 4010 10330 5300 7030 1670 4940 4410 4500 6690 3720 5220 7990 1110 6040 6650 1390 6050 6810 7690 4030 4260 5050 7010 2880 6680 8440 5330 6910 1090 4450 1930 6640 3850 8060 3080 8040 2950 8180 6870 7420 1720 6700 1370 8150 7000 980 5900 8290 1600 7960 7700 3150 5430 1180 4960 7060 4830 5960 1350 7150 6970 940 3680 4330 7490 1500 4850 5220 1650 7520 5320 3850 6170 3520 3720 9220 1070 8600 6330 4800 4490 3880 5020 5230 2340 6950 7330 7890 6030 6100 7240 4500 2080 5630 4220 400 2610 2350 6760 8050 6110 1980 480 4400 7380 8960 4970 6940 770 2220 4960 2340 4500 8140 2380 6670 7120 6210 6990 5590 5960 4140 1320 8670 2260 5360 7790 8000 1520 8610 6150 7420 7150 6300 2750 4970 1370 5770 4050 5680 9540 7180 4910 2230 7390 5040 3820 7080 2650 370 9510 7850 8440 3970 5870 5560 4040 5540 3120 6950 6590 7590 5930 6450 7000 6440 7230 8300 4420 9420 510 6320 4270 3280 520 7960 6090 3080 9600 7870 9000 1930 4480 6430 8070 7580 7480 2590 5240 5900 7710 9240 6810 6550 4110 6870 5280 2940 5040 1920 5060 4170 4820 7830 4070 4450 5360 4650 8580 8170 2820 4170 7330 9440 7570 5840 8000 6060 4160 8200 6850 7150 5110 6500 6180 4140 5980 5620 6370 4050 5890 5970 4380 7510 3630 2430 6810 5310 5730 4270 7920 7470 3530 8490 2020 6020 8700 2090 7120 7310 2500 2810 
1960 1025 1440 2770 1480 2205 860 1075 1575 820 2285 3620 2195 2350 1755 2655 1905 1360 1520 1255 1840 1080 1415 285 1615 1495 1990 2915 1155 2325 975 2455 705 2520 750 2250 915 1135 2200 1490 1450 1710 1315 2075 2600 1465 1360 2625 1870 955 160 2550 2570 955 1525 1850 2135 2555 1745 2890 1030 2145 2565 2905 3045 1920 535 555 515 2925 2445 2890 2260 575 1230 380 2030 685 1105 2940 1930 1505 1120 2030 830 1020 1430 1170 315 2365 1115 1045 1660 1935 490 1045 1980 285 2170 2470 1055 2005 1030 2190 1045 1730 1360 3560 2145 3285 1765 2890 2680 2615 1680 2095 2450 2330 1465 1975 1800 1995 1860 2270 1095 740 2265 1515 1085 2175 755 425 2590 2065 110 410 1605 1510 1060 2115 1365 1095 2050 2335 2075 2020 3000 1215 845 1490 445 430 1315 2915 1580 2255 1560 985 1640 2255 2050 2775 935 2260 1170 1380 1000 1825 985 1540 2260 250 3185 2615 2390 2480 2050 1905 1120 1645 2510 1850 2105 1200 2765 1385 2845 1150 1200 1260 2550 2335 1545 2815 2055 2505 1890 1980 1820 2065 1195 800 1670 710 2105 950 755 1825 2660 1465 1160 1695 2270 1875 625 1140 1320 2250 2560 1490 2555 455 2405 760 470 350 965 2880 1525 2530 530 1515 2555 3200 1330 2790 265 2495 2230 945 1120 1090 2660 2640 1220 1210 2775 2895 2770 1465 1170 880 1600 1350 2745 1140 2045 2570 2320 2455 1355 915 375 1535 2380 965 310 1485 2810 960 170 2905 2345 215 320 465 2595 2640 1265 350 3160 2835 2135 1220 2215 840 1065 2085 1375 1330 495 1170 1355 910 550 1715 2645 1160 515 1545 715 3600 835 2445 975 1545 1955 1875 2670 2150 1745 2055 1590 585 2245 2395 1310 1285 1605 1115 
