70 140 280
80 80 80 80 80 80 80 80 80 80 80 80 80 80 80 80 80 80 80 80 80 80 80 80 80 80 80 80 80 80 80 80 80 80 80 80 80 80 80 80 80 80 80 80 80 80 80 80 80 80 80 80 80 80 80 80 80 80 80 80 80 80 80 80 80 80 80 80 80 80 
31 20 31 15 15 16 14 17 26 11 29 28 12 14 12 19 29 19 14 31 15 19 16 31 24 24 17 29 25 18 22 28 13 28 25 12 17 26 28 12 29 22 12 13 29 20 27 20 27 24 21 13 30 16 30 29 13 15 21 14 25 25 17 25 30 24 22 13 18 31 30 26 19 13 16 15 18 15 22 31 23 15 20 18 19 16 15 17 21 17 16 28 29 12 24 26 15 23 15 28 11 17 12 28 22 18 21 15 18 21 15 12 29 27 29 12 29 24 23 12 19 27 20 18 29 22 30 18 27 30 18 14 30 14 19 22 21 22 30 25 23 22 10 25 29 29 22 14 13 13 21 14 26 19 27 21 20 14 24 10 30 11 18 23 15 16 23 19 30 21 26 15 11 23 17 28 11 29 17 21 12 12 11 30 15 14 21 14 14 25 28 10 18 13 29 26 22 13 19 23 15 23 10 27 20 23 12 14 27 26 28 10 13 20 10 22 29 27 13 22 28 29 19 10 16 13 13 10 21 15 12 28 19 17 30 17 21 20 26 28 20 20 14 22 12 23 13 15 16 18 14 29 11 25 23 20 20 10 17 24 16 20 16 19 17 27 21 21 23 25 10 13 18 11 15 20 10 14 17 10 
107 253 118 237 462 483 350 214 503 309 94 466 387 194 453 317 425 105 441 227 212 261 328 305 178 104 410 256 104 656 394 342 191 195 265 378 337 328 267 374 449 460 461 326 456 282 332 498 640 542 144 547 199 352 112 203 333 548 382 685 387 216 336 42 507 116 660 132 209 437 166 238 343 325 450 38 170 338 338 544 142 220 353 274 540 164 318 161 195 63 225 448 350 400 450 487 82 269 241 661 225 604 460 282 470 614 379 389 343 652 274 607 395 443 310 227 540 367 107 311 153 204 587 566 178 500 296 334 352 325 226 267 385 307 349 345 316 411 391 184 
504 445 694 698 114 617 488 565 102 592 484 555 191 441 495 705 338 683 228 600 455 785 435 778 687 597 588 415 635 79 368 257 394 573 389 440 244 376 804 552 589 120 617 256 581 584 322 294 63 68 651 494 590 918 612 775 301 94 439 112 384 792 456 589 184 649 101 461 727 233 421 372 234 279 588 613 422 374 267 363 606 783 227 304 124 729 258 425 507 525 770 655 668 232 200 414 526 642 462 87 799 72 406 461 454 140 327 498 459 83 847 125 255 625 874 763 285 376 640 561 617 614 159 49 697 332 327 253 426 251 691 427 619 579 658 528 265 169 308 407 
314 383 421 530 289 281 123 200 356 523 258 606 213 324 186 587 446 404 164 232 356 574 65 607 346 275 230 59 318 440 81 281 154 213 340 100 238 390 581 543 246 299 272 241 244 207 345 189 430 317 316 626 230 657 287 467 324 400 102 460 447 512 88 300 417 329 425 278 383 382 257 287 211 285 246 337 265 397 121 551 422 531 188 171 286 418 209 255 388 250 539 648 292 144 186 541 318 525 97 441 494 369 516 418 552 351 398 149 94 427 535 349 353 629 618 424 504 425 415 507 274 467 316 392 358 187 308 258 71 210 333 379 588 514 585 509 232 224 87 259 
411 510 232 271 800 748 657 496 831 444 434 623 730 484 758 345 691 249 789 485 481 164 653 235 352 383 679 593 342 994 730 665 540 474 551 698 671 597 135 533 722 795 722 658 732 549 627 841 978 886 360 743 466 5 375 209 638 873 703 1025 639 142 654 353 815 335 1003 453 336 740 493 549 683 644 723 318 493 606 687 795 321 131 696 617 887 253 657 489 434 410 152 537 569 748 798 717 388 363 567 1001 186 948 694 518 682 962 659 692 660 993 175 954 699 553 41 302 817 627 275 470 404 343 936 897 338 839 603 663 677 664 405 529 495 452 426 523 649 754 735 508 
118 130 232 132 456 653 504 395 472 117 179 283 404 129 601 159 309 237 505 414 111 228 467 211 365 296 582 384 293 645 509 309 275 378 179 516 330 216 252 188 617 447 633 317 622 463 253 586 628 553 334 382 386 384 304 338 269 508 520 678 257 304 481 234 441 303 663 151 390 366 178 197 353 287 618 214 172 225 398 414 71 261 377 309 571 319 328 179 59 223 229 256 538 459 503 341 126 95 389 654 349 613 316 135 312 644 278 542 489 649 395 634 327 251 341 399 435 245 138 122 345 47 627 540 363 600 239 315 487 335 417 150 193 115 163 164 311 427 484 183 
159 191 206 70 517 680 537 414 534 133 215 314 463 188 636 118 367 216 559 428 173 168 504 150 360 304 607 423 292 707 554 371 321 395 242 554 391 277 194 219 644 508 658 377 650 482 316 637 690 614 333 424 400 328 309 308 332 571 558 740 314 263 516 241 502 299 725 198 380 428 231 257 412 348 645 213 225 285 452 468 58 211 435 364 630 298 387 230 121 246 175 263 550 513 559 392 156 70 422 716 315 674 368 193 358 704 339 575 524 711 358 693 389 265 285 381 493 303 115 152 352 17 685 602 355 648 301 376 526 394 416 211 204 137 154 202 371 487 533 238 
508 478 683 717 142 533 417 517 175 632 477 621 185 459 410 737 405 670 156 550 480 794 369 798 652 568 512 367 609 129 293 286 374 528 420 366 258 423 810 604 507 158 536 271 499 525 364 201 124 45 618 574 545 915 582 754 340 186 363 142 444 782 388 570 267 622 106 464 691 298 425 391 235 308 506 599 428 422 231 448 617 781 216 294 33 707 261 428 530 508 774 711 604 178 132 489 527 672 412 127 780 53 477 500 525 57 383 422 390 111 826 45 309 683 872 730 373 431 642 603 580 636 60 145 663 239 358 275 356 254 648 462 669 619 699 577 276 161 239 414 
263 122 456 366 297 709 546 506 280 220 294 187 287 177 619 342 65 455 421 536 161 470 493 436 544 453 647 417 471 455 493 171 307 498 112 533 216 46 496 168 672 281 695 206 672 563 89 518 438 396 506 196 512 629 467 561 115 303 535 489 16 541 514 407 219 484 485 246 578 151 227 159 250 156 672 407 218 37 339 174 310 504 282 261 435 531 237 233 196 360 474 272 653 380 406 119 290 287 447 466 577 446 91 109 119 497 56 579 521 465 625 483 130 244 585 599 191 8 370 188 497 285 493 344 547 546 124 192 504 239 581 105 236 208 282 146 211 303 442 212 
177 322 152 316 475 406 285 135 524 392 139 544 395 256 388 400 481 133 422 144 280 324 274 378 113 21 333 215 48 662 350 374 192 114 322 321 359 387 323 453 374 476 383 350 381 202 381 464 649 543 74 618 116 384 33 195 377 571 325 689 450 237 277 43 543 62 661 186 150 477 211 285 357 360 374 78 218 397 329 601 225 264 359 284 532 146 335 205 272 74 281 531 266 385 435 552 156 353 187 667 221 604 524 354 539 604 433 322 283 656 266 599 436 525 346 180 589 428 182 393 70 288 574 582 118 460 342 362 299 342 149 333 468 389 433 423 339 417 360 228 
167 267 278 379 330 376 220 158 384 389 108 500 249 200 315 440 384 262 279 190 232 422 181 454 248 156 308 100 196 515 234 247 52 154 241 231 222 304 430 424 339 333 358 217 342 212 278 333 502 396 210 546 170 515 172 341 266 431 235 542 367 374 195 159 414 209 513 138 287 356 132 191 215 239 339 192 141 313 182 502 271 385 213 143 385 293 196 127 252 101 389 521 302 240 290 469 167 380 106 520 366 456 441 303 468 458 333 258 203 508 413 452 317 507 474 323 475 344 263 377 180 319 429 438 257 337 236 231 202 202 261 270 459 381 446 390 205 271 226 142 
371 454 221 204 760 763 658 500 786 374 403 551 694 436 761 270 632 240 765 495 429 97 647 159 369 381 692 580 343 954 718 620 513 478 499 694 630 541 71 463 734 754 738 617 743 559 575 824 937 850 370 673 473 76 375 234 588 826 699 985 579 155 650 340 763 339 966 415 361 688 454 503 645 598 735 302 453 549 659 731 270 109 662 584 856 268 620 451 380 390 105 462 590 722 771 652 351 294 559 961 216 912 629 458 614 931 603 694 657 954 223 922 648 478 55 334 758 568 236 402 410 281 907 853 357 826 555 620 671 627 427 474 422 383 352 455 609 719 717 467 
477 470 638 693 165 452 340 449 220 626 438 638 170 440 330 723 428 623 85 482 465 762 294 774 591 511 432 302 553 209 214 286 329 462 412 287 247 428 776 610 427 183 455 261 418 452 369 122 205 104 559 607 479 873 525 701 343 244 285 221 459 735 312 521 312 565 183 433 629 326 396 375 218 306 426 552 400 429 182 490 589 740 191 262 49 652 242 398 513 460 737 719 528 121 71 519 493 658 345 207 727 133 504 496 550 101 398 343 313 191 772 100 326 692 831 669 419 444 606 600 519 615 68 211 603 160 353 269 279 236 582 456 671 614 694 580 262 151 164 387 
337 374 475 558 212 343 196 280 281 525 289 583 144 325 232 604 402 459 85 313 355 614 141 637 420 341 301 131 383 357 96 235 176 291 324 156 189 363 624 531 310 224 337 196 305 290 311 142 347 234 387 587 308 712 355 532 286 323 156 377 413 570 163 356 350 396 343 296 458 325 266 274 157 245 309 390 273 368 62 498 450 582 128 146 205 483 164 265 396 298 584 639 374 62 104 499 347 539 175 358 559 287 476 407 516 272 358 214 167 344 603 269 303 617 671 498 444 392 455 504 347 487 239 312 431 156 279 212 136 163 412 366 583 514 590 498 190 150 42 263 
522 389 659 479 600 1028 866 801 562 321 574 156 609 458 944 395 336 668 745 826 428 579 815 505 797 720 963 736 723 713 820 496 620 788 419 857 542 367 608 245 991 583 1012 533 992 864 417 842 697 691 764 164 799 739 731 763 442 564 859 745 315 713 835 662 473 734 753 527 823 439 524 473 576 483 991 646 515 361 666 300 499 654 607 588 739 750 564 529 426 635 609 202 949 705 727 246 542 391 760 725 769 729 260 353 215 790 373 900 842 730 810 775 440 190 705 831 378 335 566 310 769 441 794 610 795 871 451 518 828 566 846 386 251 319 316 275 538 621 770 514 
184 314 21 190 564 554 438 285 601 318 195 494 491 268 541 284 495 31 547 286 276 173 424 236 185 164 482 357 132 758 495 437 298 263 340 472 437 397 171 397 523 561 530 425 531 349 413 602 743 647 169 592 261 245 161 127 419 645 476 788 451 114 428 116 597 134 764 222 197 524 260 325 445 417 524 79 262 407 445 610 140 115 457 378 646 111 420 256 242 168 129 449 397 506 556 545 158 255 336 764 141 709 518 334 519 720 455 475 435 756 189 713 482 451 204 195 617 434 73 330 201 198 694 665 177 603 383 432 448 427 245 331 390 319 338 375 415 515 495 276 
318 378 435 536 267 298 143 222 334 522 263 598 192 321 197 590 432 418 141 255 353 584 86 614 366 292 250 77 335 417 78 265 156 235 333 113 221 380 591 538 263 277 290 226 260 231 333 174 407 293 335 613 251 672 305 484 311 378 114 436 435 527 108 314 397 346 402 280 403 364 256 280 193 271 263 350 264 387 101 535 428 544 169 160 263 435 193 254 388 261 550 643 315 121 163 527 324 527 118 418 511 346 503 413 540 328 384 166 113 403 553 326 337 624 632 444 486 413 425 504 294 471 294 369 378 175 297 242 87 194 355 373 585 512 585 504 217 202 68 257 
371 517 243 449 648 382 339 195 705 566 336 731 566 453 424 544 678 228 559 164 475 410 361 487 86 178 321 343 161 825 449 564 372 182 520 392 543 585 395 637 362 652 357 537 374 211 578 572 813 702 123 812 165 386 163 179 572 751 396 848 647 259 351 225 733 149 816 384 62 671 408 482 535 553 363 236 415 595 486 799 388 321 531 464 679 155 517 402 461 271 360 703 195 532 579 749 346 512 299 828 197 759 721 547 734 746 630 363 354 815 209 744 630 701 366 79 784 626 326 573 141 451 711 757 87 556 538 550 383 523 62 529 641 566 595 610 525 586 482 425 
491 349 648 485 525 976 813 761 483 315 537 133 540 418 887 410 266 654 676 789 390 589 760 522 773 690 913 684 698 631 759 430 571 751 370 801 477 311 619 229 939 508 962 469 939 822 355 774 615 613 738 84 763 753 702 753 379 484 802 663 253 711 781 635 393 710 672 490 802 364 481 422 510 420 939 624 472 304 603 218 486 656 541 529 663 735 500 486 398 601 614 225 910 638 657 171 514 393 712 643 762 649 190 316 149 712 307 847 788 649 806 697 369 203 716 814 296 275 553 296 738 433 717 530 772 804 392 453 772 502 818 343 257 310 328 252 475 550 706 469 
298 243 493 491 97 552 395 416 124 395 285 399 77 233 445 503 196 484 213 451 248 576 338 571 512 417 502 283 451 287 310 50 215 418 185 366 44 189 596 371 517 88 544 53 514 454 130 311 271 197 474 380 435 712 433 581 104 168 366 320 220 591 360 398 149 465 304 256 551 111 217 164 61 73 517 417 216 190 154 284 398 578 86 125 226 539 72 221 300 335 562 480 546 176 195 292 321 438 326 295 604 255 272 264 316 293 159 420 366 290 653 281 92 453 668 584 232 204 434 367 446 407 284 188 520 342 122 46 341 67 528 226 434 383 463 342 64 90 251 201 
44 102 241 224 368 565 410 320 393 198 92 325 308 46 504 262 276 238 403 344 60 303 369 305 328 242 495 286 253 561 407 227 174 306 118 418 239 178 322 240 529 361 546 226 532 385 192 483 545 462 291 397 317 442 254 343 200 434 422 593 236 333 385 189 378 266 575 52 360 304 75 110 258 205 529 187 69 188 296 394 124 308 280 208 475 311 232 76 62 153 289 332 468 357 402 336 70 198 296 569 361 523 308 132 319 549 233 448 393 563 410 539 262 319 397 379 396 217 165 188 289 146 530 460 329 497 164 228 389 239 370 115 269 191 257 208 219 332 381 82 
187 203 367 403 212 462 300 286 258 354 157 420 138 156 373 438 266 356 224 320 185 474 246 484 375 280 403 172 315 405 253 116 80 285 155 287 92 203 489 361 426 211 449 85 425 332 162 309 390 294 336 442 302 595 296 449 144 304 289 435 261 466 267 264 282 329 411 143 414 225 106 103 92 110 426 287 110 210 118 379 299 460 105 28 299 405 69 107 228 200 452 469 424 178 223 358 206 373 207 411 473 356 332 237 366 374 216 332 274 402 521 365 188 448 552 447 346 239 321 333 310 326 352 317 383 327 122 99 257 76 392 196 412 343 420 328 73 162 213 97 
412 282 551 378 527 923 762 692 498 213 464 51 524 350 844 300 262 558 658 716 319 481 713 412 686 610 857 632 613 661 723 408 516 679 317 757 453 271 511 135 886 510 907 442 888 756 325 755 644 622 653 138 689 644 620 655 351 508 759 694 228 608 732 551 416 623 698 418 713 369 417 370 486 392 887 536 408 266 573 265 390 551 518 490 666 640 472 422 315 524 507 115 840 617 643 189 432 287 655 673 662 667 192 246 145 723 289 798 740 676 704 709 361 92 608 721 335 245 457 200 658 333 723 553 685 782 355 429 727 475 736 281 149 210 218 164 446 539 676 408 
108 60 279 203 387 634 478 389 401 133 162 258 339 69 569 216 243 280 448 413 42 299 435 281 388 307 564 352 313 575 467 240 236 375 108 483 264 148 322 171 597 377 615 250 600 455 182 534 558 486 353 339 385 452 318 385 198 437 486 608 194 361 451 250 369 325 594 120 418 295 132 131 289 217 597 241 124 156 343 354 130 325 315 252 506 358 265 135 16 220 297 263 537 402 444 287 129 150 364 584 399 545 260 76 263 579 209 515 459 579 447 567 256 250 408 433 368 179 190 119 354 118 563 469 388 550 169 247 453 271 434 80 201 124 196 139 246 362 435 132 
445 456 596 665 187 397 282 395 251 611 402 640 165 418 275 701 437 580 39 427 445 728 237 746 540 463 375 250 505 266 157 282 291 409 400 229 239 423 740 603 371 205 399 251 362 395 366 77 260 153 508 620 425 832 476 654 339 282 227 278 462 691 254 477 339 517 240 402 577 340 368 357 207 300 370 510 373 426 147 511 559 701 176 235 104 605 227 368 491 418 700 712 471 85 46 531 459 636 292 264 680 190 513 485 558 157 401 285 255 248 724 157 333 687 791 618 444 444 570 587 467 589 121 254 552 114 344 262 222 222 528 444 661 600 679 571 250 152 108 361 
358 212 541 419 364 812 650 610 330 251 395 130 372 276 720 372 99 542 508 640 254 526 596 478 642 553 752 521 568 492 591 262 412 602 215 634 308 151 555 170 776 346 799 300 775 668 188 606 475 457 605 92 615 690 566 647 211 339 636 525 89 619 617 504 247 581 529 346 675 203 330 264 341 252 776 500 322 142 434 114 385 574 373 363 503 620 332 336 278 460 539 245 758 470 490 29 384 330 552 504 661 499 24 186 24 557 138 682 624 507 708 543 202 214 649 693 172 112 450 221 598 347 559 385 644 636 227 285 606 333 682 199 234 241 297 169 307 384 538 316 
278 363 151 126 667 700 584 432 693 298 313 479 602 343 687 210 543 171 675 431 336 33 568 117 318 311 628 498 277 861 636 526 424 410 407 617 537 450 25 386 669 660 676 524 678 495 483 738 844 757 310 596 407 150 307 203 495 733 621 892 491 128 574 261 671 276 873 322 318 596 361 410 553 505 670 223 360 459 569 646 177 60 570 492 764 222 527 358 288 305 18 402 537 632 681 569 259 218 480 868 195 819 545 369 533 839 512 622 580 861 222 830 556 414 108 301 669 479 145 323 346 194 816 760 307 742 462 527 592 534 378 383 354 305 287 375 516 626 631 374 
369 227 562 461 308 785 624 600 268 300 397 196 326 282 687 423 59 562 461 632 267 567 568 525 648 556 728 498 575 427 554 224 395 594 213 603 270 148 594 227 749 290 774 264 748 654 165 559 410 397 610 133 609 728 570 667 182 275 605 460 90 646 590 512 183 589 465 350 683 147 326 255 302 219 749 513 319 138 397 69 413 607 332 334 446 637 296 333 301 462 574 310 745 426 441 47 396 376 533 439 683 436 44 211 89 497 110 654 597 442 731 482 156 278 686 704 108 109 475 269 598 383 501 321 651 591 207 248 576 297 683 211 293 289 352 218 273 335 498 311 
255 375 292 442 411 281 146 53 472 484 196 608 329 306 249 517 495 273 315 88 337 462 136 510 193 133 209 99 174 582 219 351 159 61 352 181 320 415 463 528 246 417 261 317 252 100 389 339 570 459 165 658 78 521 142 320 375 518 186 604 478 374 137 177 513 183 572 238 229 460 240 302 306 346 247 215 249 424 244 612 340 404 296 239 435 271 292 235 350 152 421 620 191 288 335 580 246 462 56 584 347 515 553 410 579 502 444 184 143 571 386 500 423 608 485 271 581 455 312 476 122 398 469 519 205 329 346 332 161 296 181 379 557 478 536 494 305 347 241 252 
473 493 613 694 232 368 268 396 294 648 427 682 208 452 246 734 481 597 74 425 480 753 230 774 545 473 353 257 516 294 144 324 314 411 438 213 280 465 763 643 345 249 373 292 336 388 407 35 290 190 516 664 427 850 486 665 381 324 210 303 505 707 244 493 383 527 264 431 582 385 398 394 247 341 344 527 404 468 178 555 586 720 216 268 135 616 265 398 524 436 723 752 458 120 89 576 485 669 295 291 692 217 557 523 602 173 444 265 244 274 734 177 377 728 809 623 488 487 594 624 473 620 135 294 558 74 384 303 211 261 529 482 700 637 715 611 290 196 112 393 
477 336 633 470 520 965 802 748 479 300 524 118 532 405 876 395 258 639 668 776 377 574 750 507 759 677 902 673 684 630 749 422 559 738 358 790 468 300 604 214 928 502 951 460 928 810 346 766 614 609 724 81 750 738 688 738 369 481 792 662 243 696 770 621 390 696 670 476 787 359 468 410 501 411 928 610 459 293 594 217 471 641 533 519 658 720 491 474 384 587 599 211 897 630 650 165 500 378 700 642 748 646 182 302 139 708 298 836 778 647 791 693 362 188 701 799 295 265 539 282 724 418 713 528 758 796 382 445 761 493 804 330 242 295 313 237 466 543 697 457 
271 148 472 405 238 673 511 487 222 272 291 243 232 185 578 391 54 469 368 519 178 506 456 479 542 449 615 385 471 398 448 119 281 482 112 493 165 61 530 227 637 222 661 157 636 540 51 465 380 337 504 233 497 660 463 574 69 247 495 432 64 562 478 409 167 485 427 246 578 95 218 144 199 109 637 414 211 54 291 173 337 531 230 222 376 540 189 224 223 355 505 332 631 328 351 147 299 333 419 408 592 387 122 148 162 437 4 542 484 407 641 424 71 303 616 603 164 51 392 240 489 322 434 287 546 494 93 142 465 190 574 128 294 259 336 203 164 246 395 201 
297 218 499 475 129 599 440 449 129 365 295 353 128 222 494 477 145 491 264 483 232 566 383 553 534 438 547 323 469 305 360 48 243 448 163 414 80 151 587 332 564 115 590 80 561 492 95 362 287 230 495 329 465 709 454 592 73 167 414 338 174 595 406 412 120 483 328 259 572 64 222 157 107 64 564 427 219 150 202 234 388 575 135 159 267 551 110 227 283 351 556 439 584 228 245 241 323 415 364 314 613 284 222 233 266 330 112 467 412 311 663 317 42 411 665 602 187 160 432 334 471 390 325 197 540 393 103 65 388 107 555 199 397 352 432 305 92 139 302 205 
214 323 72 142 603 619 502 350 635 294 240 476 534 289 605 238 506 92 600 351 290 108 486 175 244 229 547 417 197 797 555 468 349 328 359 535 474 410 107 380 588 598 595 461 596 414 434 660 781 690 232 584 326 200 226 153 443 676 539 828 458 102 492 179 621 197 807 256 251 547 296 353 486 447 589 141 296 419 495 616 134 65 501 422 693 157 461 292 247 225 64 417 461 557 607 545 191 222 398 804 156 752 519 336 515 768 470 539 498 796 197 760 505 423 156 241 631 443 78 313 266 176 743 700 235 662 408 466 510 468 305 342 362 299 303 362 452 558 552 311 
174 138 374 369 219 538 375 347 246 293 170 345 166 110 449 389 195 366 281 379 131 452 322 450 414 319 477 246 346 412 327 79 140 342 83 363 91 127 471 290 501 211 524 77 501 398 89 372 395 314 375 367 358 588 334 467 77 288 365 444 186 471 343 288 244 361 426 135 452 176 97 42 115 61 501 302 94 134 182 313 274 454 143 94 333 427 92 102 181 228 438 399 490 235 273 284 199 324 278 419 488 375 258 168 290 405 145 408 350 413 538 394 134 376 544 480 289 163 310 269 355 286 389 311 420 394 48 78 333 98 440 127 345 282 361 257 72 188 283 80 
443 548 471 634 477 93 71 189 546 670 383 780 406 482 93 708 636 451 323 194 514 647 129 700 329 310 37 199 345 604 183 474 314 211 515 110 432 572 645 706 56 489 78 435 60 131 533 288 597 485 320 813 215 685 314 472 513 588 112 617 632 539 106 364 611 349 578 420 354 576 413 462 406 476 57 401 422 579 315 744 532 580 383 361 442 427 403 409 534 343 603 804 154 323 351 729 436 653 176 602 498 528 703 584 736 490 587 53 100 586 527 493 547 789 654 394 699 609 502 660 278 589 452 574 343 259 493 451 128 405 285 548 741 663 725 673 424 414 242 421 
232 128 434 388 219 623 460 436 219 273 245 277 198 147 529 386 106 430 330 468 149 483 406 465 495 400 564 333 425 396 401 81 229 431 78 444 124 62 506 244 586 206 610 114 586 488 3 427 378 320 456 282 446 632 415 534 23 253 446 430 104 527 427 363 185 439 420 201 532 110 171 97 158 64 586 372 165 63 247 224 309 501 190 172 353 497 144 177 198 308 478 353 580 288 316 197 259 324 367 405 553 375 171 141 208 419 55 492 434 402 602 406 70 326 588 557 207 83 359 243 440 303 411 287 500 454 42 101 415 147 525 109 307 260 340 215 119 215 350 154 
486 563 557 696 412 156 121 284 480 702 427 785 355 503 36 760 615 538 241 300 536 725 138 769 437 397 155 220 437 507 117 447 333 305 520 88 401 567 727 724 136 427 163 408 125 243 519 179 503 397 420 798 315 784 404 576 496 518 84 516 622 636 129 441 558 444 476 454 466 538 436 467 370 455 135 479 445 574 275 711 589 669 341 347 346 528 375 433 566 405 685 828 281 258 269 711 486 699 224 504 603 430 687 599 726 384 569 90 122 487 636 389 516 809 749 508 656 600 572 687 375 639 346 496 450 144 484 424 117 375 400 559 768 694 763 690 400 356 176 439 
370 236 568 482 265 757 597 585 223 329 391 240 288 283 655 453 53 566 422 617 272 587 540 551 643 549 703 474 571 381 521 195 377 580 211 573 238 150 613 262 722 247 747 234 720 635 150 519 365 352 604 177 595 746 563 671 161 229 574 415 105 656 563 509 137 585 419 346 679 105 318 245 268 193 722 513 312 141 364 76 426 621 297 308 401 638 266 324 312 456 591 351 727 388 401 93 397 401 511 393 689 391 87 226 134 451 97 625 569 397 738 437 122 320 702 703 75 116 485 297 589 402 456 275 647 552 191 218 547 265 674 218 330 318 386 249 244 295 464 302 
363 226 560 469 278 763 602 584 239 314 387 222 299 276 662 437 45 558 433 616 263 574 545 536 638 545 707 477 566 399 529 200 378 579 205 580 245 142 600 245 727 261 752 240 725 636 148 531 382 367 600 162 594 734 559 663 162 246 581 432 92 646 568 503 154 580 436 340 674 118 315 242 276 197 727 507 308 132 371 75 415 610 306 312 416 631 272 321 301 452 579 333 728 398 413 76 390 387 514 411 680 407 69 214 116 467 93 631 574 414 729 453 130 302 690 697 90 105 475 281 586 389 471 292 642 563 190 223 552 272 671 208 312 302 369 233 249 307 472 298 
398 508 208 284 784 707 622 459 819 456 416 637 712 476 721 365 691 222 764 447 476 181 620 259 312 351 639 564 308 979 699 653 517 438 545 664 656 595 151 544 681 780 681 644 692 510 621 813 963 867 323 753 429 50 341 169 630 861 669 1009 641 111 620 326 808 300 985 439 293 734 479 538 666 633 683 293 479 604 664 798 317 122 678 599 866 215 641 474 432 385 156 557 526 724 775 723 374 376 535 985 144 930 698 518 689 940 656 655 625 976 130 933 692 571 57 259 816 627 264 480 368 348 913 884 298 809 594 650 644 648 363 527 512 463 444 532 635 736 707 494 
347 491 177 380 673 473 411 253 723 515 327 689 592 434 504 476 665 168 605 230 450 326 424 406 100 186 409 390 150 858 510 571 390 235 505 461 557 568 308 593 451 674 448 549 462 288 570 632 845 737 133 781 221 290 170 89 569 769 465 884 627 168 418 208 739 136 854 370 65 672 401 475 555 556 452 203 407 578 521 784 336 234 556 483 721 86 534 396 426 268 276 647 288 574 622 726 320 452 350 862 103 797 698 517 705 791 619 440 422 850 113 788 630 649 271 23 779 607 269 526 172 395 759 780 88 620 533 560 447 540 131 506 588 516 535 568 537 614 534 419 
486 405 685 664 128 674 535 591 68 542 476 486 208 414 555 660 272 676 286 626 422 757 479 742 700 606 639 446 641 134 423 232 402 596 352 492 235 327 779 493 644 120 672 245 638 619 279 365 118 144 662 415 613 900 622 773 263 24 491 168 323 782 501 589 110 655 174 446 739 174 407 347 237 252 643 609 406 323 298 281 580 766 242 309 203 730 257 412 473 526 747 592 707 278 258 338 511 600 492 146 796 157 334 415 381 226 271 550 505 151 845 211 207 561 855 773 203 319 622 510 632 579 243 37 708 403 295 236 474 251 711 386 561 529 606 472 255 193 360 391 
414 514 233 277 802 745 656 494 834 449 436 629 732 487 757 351 695 249 790 483 485 170 652 241 350 383 677 593 341 997 729 668 541 473 555 697 673 601 140 538 719 797 720 661 730 547 631 842 981 888 359 748 464 10 374 207 641 876 702 1027 644 141 653 353 819 334 1005 456 333 744 495 552 685 647 720 319 495 610 688 799 324 134 698 619 889 251 659 492 438 411 157 543 566 749 799 722 390 369 566 1003 183 950 699 522 687 963 663 690 659 995 171 956 703 559 45 299 822 631 277 475 403 348 937 900 336 839 606 666 677 666 402 533 501 457 432 528 652 756 735 510 
359 282 558 539 83 609 456 486 65 427 351 400 122 286 498 541 183 550 246 521 296 630 399 618 582 487 563 349 520 241 361 104 286 488 227 423 115 211 651 388 576 65 603 122 571 522 158 341 223 177 544 358 505 772 503 649 138 103 423 275 223 655 421 466 83 535 266 319 621 78 281 220 127 125 575 484 279 209 212 244 452 638 145 195 221 607 142 285 348 403 620 493 613 218 223 271 384 479 394 250 671 225 257 296 305 278 164 479 427 248 720 264 90 464 727 653 180 213 494 396 517 454 277 133 590 376 168 111 399 137 599 263 455 414 493 363 134 121 300 264 
269 310 415 490 214 370 211 251 278 458 222 526 134 258 272 535 357 400 142 285 289 548 154 569 376 291 318 104 332 386 146 192 110 258 262 187 149 307 559 469 335 222 361 152 333 277 259 210 373 263 341 539 275 651 305 479 237 324 188 410 361 512 176 298 331 345 379 227 416 293 198 210 123 197 335 329 205 313 47 462 382 519 103 86 247 431 120 197 328 237 519 576 367 101 152 453 280 471 150 388 505 322 428 344 466 320 310 238 182 376 550 314 264 555 609 454 415 339 389 438 305 418 290 321 387 224 223 169 159 121 377 303 518 448 523 435 143 149 108 195 
295 176 497 435 216 675 514 499 195 301 311 263 220 209 576 421 54 493 356 532 205 535 457 509 561 466 619 389 491 370 444 113 291 495 137 492 159 90 559 253 639 200 664 153 637 549 67 453 353 314 522 239 510 688 481 598 75 219 494 404 86 588 480 429 137 505 400 267 598 67 237 163 191 109 639 437 231 84 286 161 365 559 222 224 355 562 185 243 251 374 533 356 641 318 337 150 322 363 426 381 616 362 130 178 174 415 30 543 486 380 666 401 50 327 644 623 141 78 418 269 505 351 413 259 566 484 107 137 465 186 590 156 321 289 365 231 162 231 388 220 
233 197 427 433 156 521 360 360 190 353 218 386 102 174 423 453 206 418 225 395 195 515 303 514 448 353 465 238 385 350 293 43 155 360 140 338 27 166 533 342 485 150 510 14 483 404 111 320 334 250 409 389 376 648 369 515 87 235 340 382 213 525 326 332 207 400 363 191 487 151 151 106 54 46 485 351 151 170 137 312 336 513 84 72 269 472 35 155 245 269 499 452 496 181 215 302 256 388 277 358 537 311 278 225 317 341 159 389 332 351 587 330 116 427 603 519 273 193 370 327 384 351 326 254 455 345 84 24 311 38 467 184 401 342 421 311 10 124 241 136 
475 418 665 670 85 599 467 539 81 566 455 534 163 412 479 678 317 654 210 574 427 756 413 750 660 569 568 390 607 108 349 228 366 546 361 421 214 351 775 528 570 91 599 227 564 560 296 282 92 60 623 478 564 889 584 746 274 85 419 140 362 763 434 560 169 621 127 432 699 211 392 343 205 251 570 584 393 349 241 350 577 754 199 275 118 701 229 396 479 496 741 632 645 210 181 396 497 615 437 116 770 88 387 434 435 150 303 478 437 110 818 135 230 603 845 736 273 352 611 535 589 586 162 47 669 321 299 224 405 222 665 400 595 553 632 503 236 141 288 378 
230 212 285 93 552 761 615 497 559 85 290 261 507 235 713 48 363 297 615 512 210 197 579 141 444 388 688 497 376 735 623 404 389 479 269 629 431 286 227 172 725 541 740 417 731 565 336 698 717 651 418 382 484 362 394 382 356 590 633 769 307 327 593 325 513 384 757 265 462 441 291 299 457 381 726 298 284 292 509 449 143 267 483 418 674 377 433 292 162 327 223 187 635 568 611 366 234 18 500 744 386 710 346 199 326 746 346 653 600 741 425 734 407 196 324 461 487 302 198 116 436 81 731 626 438 713 332 413 600 439 500 230 135 95 73 168 414 530 597 294 
414 546 372 563 571 197 187 133 636 639 360 777 491 477 251 650 673 353 443 108 506 552 230 618 206 230 139 254 250 724 311 528 337 145 528 242 494 592 543 692 178 579 172 492 190 81 567 430 714 601 213 834 136 560 226 346 553 681 246 742 655 421 212 293 685 247 705 406 219 636 415 480 475 523 180 323 423 601 401 790 475 473 461 414 566 307 464 409 511 301 504 778 16 429 468 758 398 603 209 724 369 651 730 581 755 624 622 198 211 709 389 625 600 769 534 255 758 633 429 636 183 538 587 676 219 406 525 508 245 468 150 552 714 634 683 660 480 506 360 427 
497 506 644 716 221 405 307 433 279 662 453 686 212 470 283 753 480 628 91 463 496 779 268 797 581 507 392 292 550 260 183 329 341 448 450 252 287 471 790 651 382 239 410 300 373 427 413 70 258 164 551 661 464 881 520 699 387 304 249 267 507 739 283 524 370 562 227 453 618 380 419 408 256 347 381 558 424 474 198 547 610 750 226 286 106 650 277 420 542 466 750 761 497 137 95 573 510 687 332 256 726 184 556 535 601 135 446 304 283 239 769 140 376 736 839 659 477 490 620 637 509 641 97 271 593 106 393 310 250 272 566 494 711 650 729 620 300 196 147 412 
243 188 441 434 154 550 389 388 177 343 234 363 115 176 451 447 178 432 245 422 192 519 332 514 471 375 495 267 406 345 320 15 180 386 130 367 39 145 539 325 514 145 539 29 512 432 88 341 328 252 432 361 403 657 391 532 62 220 368 377 188 538 355 350 183 420 361 202 509 123 163 107 72 21 514 367 162 148 163 283 341 522 104 101 277 490 61 168 243 288 506 434 525 203 232 274 267 383 306 353 554 311 251 212 291 347 132 418 361 347 603 335 87 409 612 540 245 169 379 315 408 350 335 243 477 368 69 16 339 62 492 173 386 331 411 295 36 134 266 147 
187 310 245 378 391 349 206 102 446 416 129 543 309 241 308 450 441 227 324 132 271 406 183 449 188 102 277 117 144 573 254 310 115 94 293 233 286 357 409 461 313 394 329 280 318 164 336 366 560 452 152 598 109 480 116 293 326 493 237 599 420 335 191 124 477 156 569 172 227 418 178 245 277 301 314 162 187 366 236 560 275 356 274 206 437 244 259 173 282 86 367 552 250 290 339 523 178 394 96 577 319 512 496 346 519 508 391 245 198 565 363 504 379 541 441 264 536 398 252 409 118 331 477 500 198 363 294 294 207 264 198 316 489 410 468 428 268 330 261 191 
369 499 166 320 737 603 529 367 780 481 371 663 661 454 626 413 681 172 696 350 462 238 534 322 214 271 537 487 228 930 617 618 459 347 526 575 613 584 213 567 579 736 578 603 590 412 599 735 915 813 233 770 335 160 258 79 604 824 580 958 636 85 531 263 781 217 931 404 189 709 441 509 618 600 581 238 444 593 602 796 317 148 625 547 805 128 594 436 426 326 195 600 420 660 710 728 342 407 453 935 53 875 701 517 700 878 641 561 536 925 20 872 666 608 149 151 804 619 252 500 277 363 848 842 200 728 567 611 558 601 259 517 547 486 485 549 592 684 632 458 
377 499 373 549 498 175 115 97 564 605 319 732 420 430 194 629 614 353 368 93 461 552 155 610 224 216 104 184 247 649 238 463 278 117 476 171 427 538 547 652 146 507 151 426 155 29 508 358 640 527 218 781 117 581 217 368 492 609 175 667 600 437 138 275 616 249 631 362 248 571 365 425 406 460 147 310 374 546 328 729 453 481 390 348 492 323 397 360 472 268 506 743 81 355 393 702 365 578 142 649 393 577 675 535 702 550 563 133 138 635 421 550 536 731 551 289 693 577 415 599 178 513 513 603 238 336 466 442 171 400 180 503 679 600 654 619 414 433 286 376 
188 169 382 392 200 511 348 330 235 324 173 376 140 135 420 417 218 373 250 364 159 472 294 473 409 313 451 221 344 395 296 76 122 328 115 333 71 157 489 322 474 195 498 59 473 379 113 340 379 292 370 393 344 603 329 471 95 279 335 426 213 480 315 289 245 358 406 146 447 183 106 70 89 65 474 306 106 163 150 332 293 468 114 63 307 429 64 110 207 226 455 431 471 204 243 310 211 352 255 402 493 354 284 200 318 380 168 380 322 395 543 370 143 408 559 478 301 191 325 300 347 311 363 299 415 362 74 66 304 70 431 158 377 313 391 289 50 163 251 91 
325 261 522 513 80 572 417 444 95 411 313 403 88 257 463 521 192 512 220 479 270 601 360 593 541 446 524 308 480 264 327 72 244 446 204 386 73 200 621 381 538 67 565 82 534 480 142 318 247 181 503 374 463 739 462 610 118 139 386 297 224 619 383 427 123 494 283 284 580 96 244 188 86 94 538 446 243 199 174 270 423 604 106 153 217 568 100 249 322 364 588 489 572 188 200 286 349 458 352 272 633 237 268 279 314 280 162 441 388 268 682 267 90 461 695 613 212 210 461 382 475 429 275 161 549 350 142 73 361 95 557 243 446 399 479 354 93 93 266 229 
305 352 233 92 679 776 650 505 696 249 352 421 622 350 753 138 520 252 711 509 335 60 627 27 404 384 703 552 356 870 688 533 464 484 404 677 551 435 85 336 743 670 752 538 751 571 477 782 853 775 392 545 483 207 383 297 494 732 681 902 465 222 636 328 662 357 886 348 408 588 384 419 572 511 744 291 381 442 603 612 192 154 593 519 788 313 546 383 283 360 109 330 621 665 713 530 292 170 541 878 289 835 509 348 490 862 497 688 643 873 315 852 550 346 175 393 646 457 193 279 424 177 843 764 394 789 463 538 651 553 465 371 291 259 220 332 531 646 675 394 
155 301 101 263 495 461 339 191 540 352 134 512 418 240 443 349 471 83 459 197 259 269 325 323 132 71 388 261 58 687 398 382 216 169 311 373 373 374 269 419 429 494 438 363 436 257 376 508 672 570 100 595 170 337 74 166 376 585 377 715 434 194 330 20 548 69 688 176 162 480 208 281 375 365 430 23 213 384 361 590 178 212 382 304 564 122 352 203 242 83 227 490 316 420 470 535 129 306 238 692 190 632 507 329 517 637 425 377 336 682 238 631 437 486 298 181 585 414 129 356 116 242 609 600 131 507 340 372 350 359 183 314 427 350 388 391 352 441 402 226 
85 225 181 275 400 456 311 198 443 312 40 451 324 158 412 344 382 169 379 220 183 315 282 349 211 119 384 204 140 593 340 284 128 183 223 332 276 288 324 364 420 398 435 266 425 265 284 439 577 478 172 520 192 415 133 262 281 488 336 621 350 280 292 80 452 154 596 87 247 384 114 188 280 268 421 99 120 298 275 502 169 282 289 210 476 219 256 108 182 27 283 450 344 337 387 453 72 288 198 598 285 540 425 257 441 551 334 350 300 589 334 543 341 440 373 273 492 329 156 307 164 224 524 504 215 444 245 275 305 263 247 235 386 307 362 332 255 348 332 131 
460 524 553 676 352 214 137 293 420 668 404 741 298 468 92 734 563 534 181 315 500 714 127 751 448 396 203 197 438 447 69 396 301 312 478 84 350 521 719 684 191 367 219 357 182 265 471 121 442 336 426 748 325 785 406 583 447 457 80 457 573 638 128 433 500 446 418 425 480 482 403 426 317 406 190 471 411 527 223 656 568 664 287 301 286 534 325 401 534 390 676 790 318 200 209 660 464 672 214 444 610 371 637 559 677 326 519 120 123 428 646 331 463 770 748 523 599 552 557 651 382 614 288 435 462 90 437 373 102 324 418 518 732 659 731 650 350 298 121 404 
178 324 108 284 507 445 329 175 554 376 153 537 428 262 432 372 492 88 463 178 282 283 319 341 107 54 372 259 33 697 394 398 226 153 332 365 387 396 281 444 413 507 421 377 421 240 396 508 683 579 75 618 152 339 53 156 395 599 370 724 457 193 321 34 566 44 697 197 138 498 227 301 388 382 414 46 232 406 367 612 202 220 393 316 571 109 365 221 266 96 239 515 295 425 475 558 152 330 232 702 181 641 530 353 541 643 446 366 327 691 228 638 455 511 302 160 605 436 150 380 95 265 614 613 107 504 359 388 343 372 158 337 452 374 412 415 366 451 403 244 
321 258 518 510 83 570 415 441 99 408 309 401 87 253 462 518 191 509 220 476 267 598 358 589 538 443 523 306 477 267 326 68 241 443 201 384 70 197 618 379 536 70 563 78 533 478 139 318 250 184 499 374 460 735 459 607 115 143 384 300 222 616 381 423 126 491 286 280 577 97 241 185 83 91 536 442 240 197 172 271 419 601 104 150 219 564 97 245 319 360 585 486 569 187 200 285 345 455 349 276 629 239 268 277 313 283 161 439 386 271 678 270 88 459 691 609 214 208 457 379 472 426 277 165 545 350 139 69 360 92 554 240 443 396 476 351 90 94 265 225 
334 419 189 172 723 735 627 470 750 345 367 524 657 399 729 246 597 209 728 467 393 65 614 138 344 350 664 546 314 917 684 583 477 448 463 662 593 506 36 433 706 717 710 581 715 531 539 789 901 813 342 643 444 100 345 215 552 789 666 949 545 135 618 307 727 311 929 378 339 652 417 466 608 561 707 269 416 514 623 698 233 79 625 547 819 245 583 414 344 355 68 439 566 685 735 620 314 264 526 924 200 875 597 423 583 894 568 663 624 917 215 885 612 454 63 315 724 534 199 372 382 247 870 816 333 791 518 584 638 590 403 438 396 353 327 424 572 682 682 430 
232 378 123 320 549 429 330 168 599 426 205 589 470 316 431 412 545 104 492 161 336 302 329 369 56 65 358 280 26 737 411 447 267 146 386 373 433 450 295 496 400 550 404 424 409 225 449 529 723 617 36 672 139 332 52 127 446 645 377 763 511 185 328 87 615 12 735 250 84 549 279 353 431 432 401 94 285 460 402 666 248 227 434 359 605 78 410 273 319 144 255 563 265 457 507 612 206 374 246 741 154 678 584 407 595 676 499 364 333 730 196 671 506 561 299 107 657 490 190 431 77 312 645 657 54 522 410 435 354 416 113 391 501 424 458 468 413 492 426 296 
112 249 91 191 491 529 398 259 528 280 123 446 420 198 501 275 427 86 482 269 209 214 376 257 202 144 456 303 131 686 440 363 230 239 270 425 363 329 221 351 496 488 507 352 502 327 342 542 670 575 173 536 242 314 148 191 346 571 430 716 386 187 384 81 524 140 693 148 226 452 187 252 373 344 496 52 188 339 377 544 103 180 386 307 576 161 348 182 181 110 180 417 390 439 489 482 85 231 289 692 209 637 455 272 461 651 385 436 391 683 258 643 409 415 271 237 547 367 59 286 191 167 626 592 199 546 310 358 400 355 256 265 355 279 313 325 342 444 435 203 
325 468 154 357 656 478 408 247 705 491 306 665 576 412 503 453 643 144 594 227 428 305 417 385 92 170 412 379 132 843 502 552 373 228 483 456 539 546 289 569 454 657 452 530 465 287 549 623 829 723 120 758 215 279 155 70 548 751 461 869 604 150 412 188 720 118 840 349 64 652 381 454 538 536 455 181 386 556 507 762 312 214 540 466 708 62 516 375 403 249 256 623 295 561 610 703 298 428 340 847 89 783 675 494 682 779 597 438 417 836 109 775 609 625 257 29 758 585 246 503 162 372 747 763 79 613 512 541 441 523 133 483 564 492 511 545 519 598 524 398 
319 173 504 389 344 776 613 571 316 226 355 137 345 236 685 349 80 505 481 601 214 496 560 452 603 514 715 484 529 485 558 232 374 563 176 599 278 113 524 153 739 327 762 269 739 629 154 578 467 440 565 129 576 659 527 610 178 331 601 518 52 583 581 465 240 542 519 307 636 187 291 226 311 219 739 461 282 104 403 138 349 541 343 328 483 582 300 296 241 421 506 241 719 441 464 62 345 303 514 496 624 485 36 149 52 541 109 646 588 498 671 527 178 211 617 654 181 74 414 195 558 314 540 375 605 607 191 254 571 302 642 160 220 215 278 144 275 358 506 277 
427 441 575 647 186 385 266 375 252 596 383 629 155 401 264 684 429 560 22 407 429 709 219 727 519 442 361 230 485 280 141 271 271 389 385 214 227 411 720 590 358 203 386 239 351 377 354 79 273 163 488 613 405 812 456 633 328 286 212 294 452 671 237 456 338 497 256 384 557 335 350 342 194 287 357 489 355 415 129 507 540 681 162 218 118 584 213 350 474 397 681 699 453 68 39 524 440 619 272 278 660 204 505 470 549 176 392 271 238 262 704 175 325 675 770 598 441 434 551 572 447 571 141 261 531 113 331 250 205 208 508 429 647 585 663 558 237 145 89 343 
568 497 762 755 183 686 561 639 150 637 551 582 263 500 563 754 369 751 299 674 512 845 508 833 760 670 660 490 707 46 439 316 466 647 443 512 309 422 865 589 659 185 687 321 651 658 372 357 36 137 724 506 664 983 685 845 353 118 510 75 420 860 529 660 207 721 94 526 800 270 486 432 303 338 658 683 486 418 342 370 666 848 299 374 186 800 327 491 563 595 832 688 742 306 272 433 591 693 536 58 869 108 429 509 476 175 367 570 532 69 917 163 300 658 938 836 292 416 704 606 690 670 205 82 770 395 383 316 499 320 766 478 658 625 702 568 331 242 381 471 
1498 3542 1652 3318 6468 6762 4900 2996 7042 4326 1316 6524 5418 2716 6342 4438 5950 1470 6174 3178 2968 3654 4592 4270 2492 1456 5740 3584 1456 9184 5516 4788 2674 2730 3710 5292 4718 4592 3738 5236 6286 6440 6454 4564 6384 3948 4648 6972 8960 7588 2016 7658 2786 4928 1568 2842 4662 7672 5348 9590 5418 3024 4704 588 7098 1624 9240 1848 2926 6118 2324 3332 4802 4550 6300 532 2380 4732 4732 7616 1988 3080 4942 3836 7560 2296 4452 2254 2730 882 3150 6272 4900 5600 6300 6818 1148 3766 3374 9254 3150 8456 6440 3948 6580 8596 5306 5446 4802 9128 3836 8498 5530 6202 4340 3178 7560 5138 1498 4354 2142 2856 8218 7924 2492 7000 4144 4676 4928 4550 3164 3738 5390 4298 4886 4830 4424 5754 5474 2576 
5544 4895 7634 7678 1254 6787 5368 6215 1122 6512 5324 6105 2101 4851 5445 7755 3718 7513 2508 6600 5005 8635 4785 8558 7557 6567 6468 4565 6985 869 4048 2827 4334 6303 4279 4840 2684 4136 8844 6072 6479 1320 6787 2816 6391 6424 3542 3234 693 748 7161 5434 6490 10098 6732 8525 3311 1034 4829 1232 4224 8712 5016 6479 2024 7139 1111 5071 7997 2563 4631 4092 2574 3069 6468 6743 4642 4114 2937 3993 6666 8613 2497 3344 1364 8019 2838 4675 5577 5775 8470 7205 7348 2552 2200 4554 5786 7062 5082 957 8789 792 4466 5071 4994 1540 3597 5478 5049 913 9317 1375 2805 6875 9614 8393 3135 4136 7040 6171 6787 6754 1749 539 7667 3652 3597 2783 4686 2761 7601 4697 6809 6369 7238 5808 2915 1859 3388 4477 
4396 5362 5894 7420 4046 3934 1722 2800 4984 7322 3612 8484 2982 4536 2604 8218 6244 5656 2296 3248 4984 8036 910 8498 4844 3850 3220 826 4452 6160 1134 3934 2156 2982 4760 1400 3332 5460 8134 7602 3444 4186 3808 3374 3416 2898 4830 2646 6020 4438 4424 8764 3220 9198 4018 6538 4536 5600 1428 6440 6258 7168 1232 4200 5838 4606 5950 3892 5362 5348 3598 4018 2954 3990 3444 4718 3710 5558 1694 7714 5908 7434 2632 2394 4004 5852 2926 3570 5432 3500 7546 9072 4088 2016 2604 7574 4452 7350 1358 6174 6916 5166 7224 5852 7728 4914 5572 2086 1316 5978 7490 4886 4942 8806 8652 5936 7056 5950 5810 7098 3836 6538 4424 5488 5012 2618 4312 3612 994 2940 4662 5306 8232 7196 8190 7126 3248 3136 1218 3626 
6165 7650 3480 4065 12000 11220 9855 7440 12465 6660 6510 9345 10950 7260 11370 5175 10365 3735 11835 7275 7215 2460 9795 3525 5280 5745 10185 8895 5130 14910 10950 9975 8100 7110 8265 10470 10065 8955 2025 7995 10830 11925 10830 9870 10980 8235 9405 12615 14670 13290 5400 11145 6990 75 5625 3135 9570 13095 10545 15375 9585 2130 9810 5295 12225 5025 15045 6795 5040 11100 7395 8235 10245 9660 10845 4770 7395 9090 10305 11925 4815 1965 10440 9255 13305 3795 9855 7335 6510 6150 2280 8055 8535 11220 11970 10755 5820 5445 8505 15015 2790 14220 10410 7770 10230 14430 9885 10380 9900 14895 2625 14310 10485 8295 615 4530 12255 9405 4125 7050 6060 5145 14040 13455 5070 12585 9045 9945 10155 9960 6075 7935 7425 6780 6390 7845 9735 11310 11025 7620 
1298 1430 2552 1452 5016 7183 5544 4345 5192 1287 1969 3113 4444 1419 6611 1749 3399 2607 5555 4554 1221 2508 5137 2321 4015 3256 6402 4224 3223 7095 5599 3399 3025 4158 1969 5676 3630 2376 2772 2068 6787 4917 6963 3487 6842 5093 2783 6446 6908 6083 3674 4202 4246 4224 3344 3718 2959 5588 5720 7458 2827 3344 5291 2574 4851 3333 7293 1661 4290 4026 1958 2167 3883 3157 6798 2354 1892 2475 4378 4554 781 2871 4147 3399 6281 3509 3608 1969 649 2453 2519 2816 5918 5049 5533 3751 1386 1045 4279 7194 3839 6743 3476 1485 3432 7084 3058 5962 5379 7139 4345 6974 3597 2761 3751 4389 4785 2695 1518 1342 3795 517 6897 5940 3993 6600 2629 3465 5357 3685 4587 1650 2123 1265 1793 1804 3421 4697 5324 2013 
2385 2865 3090 1050 7755 10200 8055 6210 8010 1995 3225 4710 6945 2820 9540 1770 5505 3240 8385 6420 2595 2520 7560 2250 5400 4560 9105 6345 4380 10605 8310 5565 4815 5925 3630 8310 5865 4155 2910 3285 9660 7620 9870 5655 9750 7230 4740 9555 10350 9210 4995 6360 6000 4920 4635 4620 4980 8565 8370 11100 4710 3945 7740 3615 7530 4485 10875 2970 5700 6420 3465 3855 6180 5220 9675 3195 3375 4275 6780 7020 870 3165 6525 5460 9450 4470 5805 3450 1815 3690 2625 3945 8250 7695 8385 5880 2340 1050 6330 10740 4725 10110 5520 2895 5370 10560 5085 8625 7860 10665 5370 10395 5835 3975 4275 5715 7395 4545 1725 2280 5280 255 10275 9030 5325 9720 4515 5640 7890 5910 6240 3165 3060 2055 2310 3030 5565 7305 7995 3570 
5588 5258 7513 7887 1562 5863 4587 5687 1925 6952 5247 6831 2035 5049 4510 8107 4455 7370 1716 6050 5280 8734 4059 8778 7172 6248 5632 4037 6699 1419 3223 3146 4114 5808 4620 4026 2838 4653 8910 6644 5577 1738 5896 2981 5489 5775 4004 2211 1364 495 6798 6314 5995 10065 6402 8294 3740 2046 3993 1562 4884 8602 4268 6270 2937 6842 1166 5104 7601 3278 4675 4301 2585 3388 5566 6589 4708 4642 2541 4928 6787 8591 2376 3234 363 7777 2871 4708 5830 5588 8514 7821 6644 1958 1452 5379 5797 7392 4532 1397 8580 583 5247 5500 5775 627 4213 4642 4290 1221 9086 495 3399 7513 9592 8030 4103 4741 7062 6633 6380 6996 660 1595 7293 2629 3938 3025 3916 2794 7128 5082 7359 6809 7689 6347 3036 1771 2629 4554 
3419 1586 5928 4758 3861 9217 7098 6578 3640 2860 3822 2431 3731 2301 8047 4446 845 5915 5473 6968 2093 6110 6409 5668 7072 5889 8411 5421 6123 5915 6409 2223 3991 6474 1456 6929 2808 598 6448 2184 8736 3653 9035 2678 8736 7319 1157 6734 5694 5148 6578 2548 6656 8177 6071 7293 1495 3939 6955 6357 208 7033 6682 5291 2847 6292 6305 3198 7514 1963 2951 2067 3250 2028 8736 5291 2834 481 4407 2262 4030 6552 3666 3393 5655 6903 3081 3029 2548 4680 6162 3536 8489 4940 5278 1547 3770 3731 5811 6058 7501 5798 1183 1417 1547 6461 728 7527 6773 6045 8125 6279 1690 3172 7605 7787 2483 104 4810 2444 6461 3705 6409 4472 7111 7098 1612 2496 6552 3107 7553 1365 3068 2704 3666 1898 2743 3939 5746 2756 
2478 4508 2128 4424 6650 5684 3990 1890 7336 5488 1946 7616 5530 3584 5432 5600 6734 1862 5908 2016 3920 4536 3836 5292 1582 294 4662 3010 672 9268 4900 5236 2688 1596 4508 4494 5026 5418 4522 6342 5236 6664 5362 4900 5334 2828 5334 6496 9086 7602 1036 8652 1624 5376 462 2730 5278 7994 4550 9646 6300 3318 3878 602 7602 868 9254 2604 2100 6678 2954 3990 4998 5040 5236 1092 3052 5558 4606 8414 3150 3696 5026 3976 7448 2044 4690 2870 3808 1036 3934 7434 3724 5390 6090 7728 2184 4942 2618 9338 3094 8456 7336 4956 7546 8456 6062 4508 3962 9184 3724 8386 6104 7350 4844 2520 8246 5992 2548 5502 980 4032 8036 8148 1652 6440 4788 5068 4186 4788 2086 4662 6552 5446 6062 5922 4746 5838 5040 3192 
2171 3471 3614 4927 4290 4888 2860 2054 4992 5057 1404 6500 3237 2600 4095 5720 4992 3406 3627 2470 3016 5486 2353 5902 3224 2028 4004 1300 2548 6695 3042 3211 676 2002 3133 3003 2886 3952 5590 5512 4407 4329 4654 2821 4446 2756 3614 4329 6526 5148 2730 7098 2210 6695 2236 4433 3458 5603 3055 7046 4771 4862 2535 2067 5382 2717 6669 1794 3731 4628 1716 2483 2795 3107 4407 2496 1833 4069 2366 6526 3523 5005 2769 1859 5005 3809 2548 1651 3276 1313 5057 6773 3926 3120 3770 6097 2171 4940 1378 6760 4758 5928 5733 3939 6084 5954 4329 3354 2639 6604 5369 5876 4121 6591 6162 4199 6175 4472 3419 4901 2340 4147 5577 5694 3341 4381 3068 3003 2626 2626 3393 3510 5967 4953 5798 5070 2665 3523 2938 1846 
5194 6356 3094 2856 10640 10682 9212 7000 11004 5236 5642 7714 9716 6104 10654 3780 8848 3360 10710 6930 6006 1358 9058 2226 5166 5334 9688 8120 4802 13356 10052 8680 7182 6692 6986 9716 8820 7574 994 6482 10276 10556 10332 8638 10402 7826 8050 11536 13118 11900 5180 9422 6622 1064 5250 3276 8232 11564 9786 13790 8106 2170 9100 4760 10682 4746 13524 5810 5054 9632 6356 7042 9030 8372 10290 4228 6342 7686 9226 10234 3780 1526 9268 8176 11984 3752 8680 6314 5320 5460 1470 6468 8260 10108 10794 9128 4914 4116 7826 13454 3024 12768 8806 6412 8596 13034 8442 9716 9198 13356 3122 12908 9072 6692 770 4676 10612 7952 3304 5628 5740 3934 12698 11942 4998 11564 7770 8680 9394 8778 5978 6636 5908 5362 4928 6370 8526 10066 10038 6538 
5247 5170 7018 7623 1815 4972 3740 4939 2420 6886 4818 7018 1870 4840 3630 7953 4708 6853 935 5302 5115 8382 3234 8514 6501 5621 4752 3322 6083 2299 2354 3146 3619 5082 4532 3157 2717 4708 8536 6710 4697 2013 5005 2871 4598 4972 4059 1342 2255 1144 6149 6677 5269 9603 5775 7711 3773 2684 3135 2431 5049 8085 3432 5731 3432 6215 2013 4763 6919 3586 4356 4125 2398 3366 4686 6072 4400 4719 2002 5390 6479 8140 2101 2882 539 7172 2662 4378 5643 5060 8107 7909 5808 1331 781 5709 5423 7238 3795 2277 7997 1463 5544 5456 6050 1111 4378 3773 3443 2101 8492 1100 3586 7612 9141 7359 4609 4884 6666 6600 5709 6765 748 2321 6633 1760 3883 2959 3069 2596 6402 5016 7381 6754 7634 6380 2882 1661 1804 4257 
4381 4862 6175 7254 2756 4459 2548 3640 3653 6825 3757 7579 1872 4225 3016 7852 5226 5967 1105 4069 4615 7982 1833 8281 5460 4433 3913 1703 4979 4641 1248 3055 2288 3783 4212 2028 2457 4719 8112 6903 4030 2912 4381 2548 3965 3770 4043 1846 4511 3042 5031 7631 4004 9256 4615 6916 3718 4199 2028 4901 5369 7410 2119 4628 4550 5148 4459 3848 5954 4225 3458 3562 2041 3185 4017 5070 3549 4784 806 6474 5850 7566 1664 1898 2665 6279 2132 3445 5148 3874 7592 8307 4862 806 1352 6487 4511 7007 2275 4654 7267 3731 6188 5291 6708 3536 4654 2782 2171 4472 7839 3497 3939 8021 8723 6474 5772 5096 5915 6552 4511 6331 3107 4056 5603 2028 3627 2756 1768 2119 5356 4758 7579 6682 7670 6474 2470 1950 546 3419 
7830 5835 9885 7185 9000 15420 12990 12015 8430 4815 8610 2340 9135 6870 14160 5925 5040 10020 11175 12390 6420 8685 12225 7575 11955 10800 14445 11040 10845 10695 12300 7440 9300 11820 6285 12855 8130 5505 9120 3675 14865 8745 15180 7995 14880 12960 6255 12630 10455 10365 11460 2460 11985 11085 10965 11445 6630 8460 12885 11175 4725 10695 12525 9930 7095 11010 11295 7905 12345 6585 7860 7095 8640 7245 14865 9690 7725 5415 9990 4500 7485 9810 9105 8820 11085 11250 8460 7935 6390 9525 9135 3030 14235 10575 10905 3690 8130 5865 11400 10875 11535 10935 3900 5295 3225 11850 5595 13500 12630 10950 12150 11625 6600 2850 10575 12465 5670 5025 8490 4650 11535 6615 11910 9150 11925 13065 6765 7770 12420 8490 12690 5790 3765 4785 4740 4125 8070 9315 11550 7710 
2760 4710 315 2850 8460 8310 6570 4275 9015 4770 2925 7410 7365 4020 8115 4260 7425 465 8205 4290 4140 2595 6360 3540 2775 2460 7230 5355 1980 11370 7425 6555 4470 3945 5100 7080 6555 5955 2565 5955 7845 8415 7950 6375 7965 5235 6195 9030 11145 9705 2535 8880 3915 3675 2415 1905 6285 9675 7140 11820 6765 1710 6420 1740 8955 2010 11460 3330 2955 7860 3900 4875 6675 6255 7860 1185 3930 6105 6675 9150 2100 1725 6855 5670 9690 1665 6300 3840 3630 2520 1935 6735 5955 7590 8340 8175 2370 3825 5040 11460 2115 10635 7770 5010 7785 10800 6825 7125 6525 11340 2835 10695 7230 6765 3060 2925 9255 6510 1095 4950 3015 2970 10410 9975 2655 9045 5745 6480 6720 6405 3675 4965 5850 4785 5070 5625 6225 7725 7425 4140 
4770 5670 6525 8040 4005 4470 2145 3330 5010 7830 3945 8970 2880 4815 2955 8850 6480 6270 2115 3825 5295 8760 1290 9210 5490 4380 3750 1155 5025 6255 1170 3975 2340 3525 4995 1695 3315 5700 8865 8070 3945 4155 4350 3390 3900 3465 4995 2610 6105 4395 5025 9195 3765 10080 4575 7260 4665 5670 1710 6540 6525 7905 1620 4710 5955 5190 6030 4200 6045 5460 3840 4200 2895 4065 3945 5250 3960 5805 1515 8025 6420 8160 2535 2400 3945 6525 2895 3810 5820 3915 8250 9645 4725 1815 2445 7905 4860 7905 1770 6270 7665 5190 7545 6195 8100 4920 5760 2490 1695 6045 8295 4890 5055 9360 9480 6660 7290 6195 6375 7560 4410 7065 4410 5535 5670 2625 4455 3630 1305 2910 5325 5595 8775 7680 8775 7560 3255 3030 1020 3855 
4452 6204 2916 5388 7776 4584 4068 2340 8460 6792 4032 8772 6792 5436 5088 6528 8136 2736 6708 1968 5700 4920 4332 5844 1032 2136 3852 4116 1932 9900 5388 6768 4464 2184 6240 4704 6516 7020 4740 7644 4344 7824 4284 6444 4488 2532 6936 6864 9756 8424 1476 9744 1980 4632 1956 2148 6864 9012 4752 10176 7764 3108 4212 2700 8796 1788 9792 4608 744 8052 4896 5784 6420 6636 4356 2832 4980 7140 5832 9588 4656 3852 6372 5568 8148 1860 6204 4824 5532 3252 4320 8436 2340 6384 6948 8988 4152 6144 3588 9936 2364 9108 8652 6564 8808 8952 7560 4356 4248 9780 2508 8928 7560 8412 4392 948 9408 7512 3912 6876 1692 5412 8532 9084 1044 6672 6456 6600 4596 6276 744 6348 7692 6792 7140 7320 6300 7032 5784 5100 
6874 4886 9072 6790 7350 13664 11382 10654 6762 4410 7518 1862 7560 5852 12418 5740 3724 9156 9464 11046 5460 8246 10640 7308 10822 9660 12782 9576 9772 8834 10626 6020 7994 10514 5180 11214 6678 4354 8666 3206 13146 7112 13468 6566 13146 11508 4970 10836 8610 8582 10332 1176 10682 10542 9828 10542 5306 6776 11228 9282 3542 9954 10934 8890 5502 9940 9408 6860 11228 5096 6734 5908 7140 5880 13146 8736 6608 4256 8442 3052 6804 9184 7574 7406 9282 10290 7000 6804 5572 8414 8596 3150 12740 8932 9198 2394 7196 5502 9968 9002 10668 9086 2660 4424 2086 9968 4298 11858 11032 9086 11284 9758 5166 2842 10024 11396 4144 3850 7742 4144 10332 6062 10038 7420 10808 11256 5488 6342 10808 7028 11452 4802 3598 4340 4592 3528 6650 7700 9884 6566 
3874 3159 6409 6383 1261 7176 5135 5408 1612 5135 3705 5187 1001 3029 5785 6539 2548 6292 2769 5863 3224 7488 4394 7423 6656 5421 6526 3679 5863 3731 4030 650 2795 5434 2405 4758 572 2457 7748 4823 6721 1144 7072 689 6682 5902 1690 4043 3523 2561 6162 4940 5655 9256 5629 7553 1352 2184 4758 4160 2860 7683 4680 5174 1937 6045 3952 3328 7163 1443 2821 2132 793 949 6721 5421 2808 2470 2002 3692 5174 7514 1118 1625 2938 7007 936 2873 3900 4355 7306 6240 7098 2288 2535 3796 4173 5694 4238 3835 7852 3315 3536 3432 4108 3809 2067 5460 4758 3770 8489 3653 1196 5889 8684 7592 3016 2652 5642 4771 5798 5291 3692 2444 6760 4446 1586 598 4433 871 6864 2938 5642 4979 6019 4446 832 1170 3263 2613 
616 1428 3374 3136 5152 7910 5740 4480 5502 2772 1288 4550 4312 644 7056 3668 3864 3332 5642 4816 840 4242 5166 4270 4592 3388 6930 4004 3542 7854 5698 3178 2436 4284 1652 5852 3346 2492 4508 3360 7406 5054 7644 3164 7448 5390 2688 6762 7630 6468 4074 5558 4438 6188 3556 4802 2800 6076 5908 8302 3304 4662 5390 2646 5292 3724 8050 728 5040 4256 1050 1540 3612 2870 7406 2618 966 2632 4144 5516 1736 4312 3920 2912 6650 4354 3248 1064 868 2142 4046 4648 6552 4998 5628 4704 980 2772 4144 7966 5054 7322 4312 1848 4466 7686 3262 6272 5502 7882 5740 7546 3668 4466 5558 5306 5544 3038 2310 2632 4046 2044 7420 6440 4606 6958 2296 3192 5446 3346 5180 1610 3766 2674 3598 2912 3066 4648 5334 1148 
2057 2233 4037 4433 2332 5082 3300 3146 2838 3894 1727 4620 1518 1716 4103 4818 2926 3916 2464 3520 2035 5214 2706 5324 4125 3080 4433 1892 3465 4455 2783 1276 880 3135 1705 3157 1012 2233 5379 3971 4686 2321 4939 935 4675 3652 1782 3399 4290 3234 3696 4862 3322 6545 3256 4939 1584 3344 3179 4785 2871 5126 2937 2904 3102 3619 4521 1573 4554 2475 1166 1133 1012 1210 4686 3157 1210 2310 1298 4169 3289 5060 1155 308 3289 4455 759 1177 2508 2200 4972 5159 4664 1958 2453 3938 2266 4103 2277 4521 5203 3916 3652 2607 4026 4114 2376 3652 3014 4422 5731 4015 2068 4928 6072 4917 3806 2629 3531 3663 3410 3586 3872 3487 4213 3597 1342 1089 2827 836 4312 2156 4532 3773 4620 3608 803 1782 2343 1067 
4944 3384 6612 4536 6324 11076 9144 8304 5976 2556 5568 612 6288 4200 10128 3600 3144 6696 7896 8592 3828 5772 8556 4944 8232 7320 10284 7584 7356 7932 8676 4896 6192 8148 3804 9084 5436 3252 6132 1620 10632 6120 10884 5304 10656 9072 3900 9060 7728 7464 7836 1656 8268 7728 7440 7860 4212 6096 9108 8328 2736 7296 8784 6612 4992 7476 8376 5016 8556 4428 5004 4440 5832 4704 10644 6432 4896 3192 6876 3180 4680 6612 6216 5880 7992 7680 5664 5064 3780 6288 6084 1380 10080 7404 7716 2268 5184 3444 7860 8076 7944 8004 2304 2952 1740 8676 3468 9576 8880 8112 8448 8508 4332 1104 7296 8652 4020 2940 5484 2400 7896 3996 8676 6636 8220 9384 4260 5148 8724 5700 8832 3372 1788 2520 2616 1968 5352 6468 8112 4896 
1080 600 2790 2030 3870 6340 4780 3890 4010 1330 1620 2580 3390 690 5690 2160 2430 2800 4480 4130 420 2990 4350 2810 3880 3070 5640 3520 3130 5750 4670 2400 2360 3750 1080 4830 2640 1480 3220 1710 5970 3770 6150 2500 6000 4550 1820 5340 5580 4860 3530 3390 3850 4520 3180 3850 1980 4370 4860 6080 1940 3610 4510 2500 3690 3250 5940 1200 4180 2950 1320 1310 2890 2170 5970 2410 1240 1560 3430 3540 1300 3250 3150 2520 5060 3580 2650 1350 160 2200 2970 2630 5370 4020 4440 2870 1290 1500 3640 5840 3990 5450 2600 760 2630 5790 2090 5150 4590 5790 4470 5670 2560 2500 4080 4330 3680 1790 1900 1190 3540 1180 5630 4690 3880 5500 1690 2470 4530 2710 4340 800 2010 1240 1960 1390 2460 3620 4350 1320 
5340 5472 7152 7980 2244 4764 3384 4740 3012 7332 4824 7680 1980 5016 3300 8412 5244 6960 468 5124 5340 8736 2844 8952 6480 5556 4500 3000 6060 3192 1884 3384 3492 4908 4800 2748 2868 5076 8880 7236 4452 2460 4788 3012 4344 4740 4392 924 3120 1836 6096 7440 5100 9984 5712 7848 4068 3384 2724 3336 5544 8292 3048 5724 4068 6204 2880 4824 6924 4080 4416 4284 2484 3600 4440 6120 4476 5112 1764 6132 6708 8412 2112 2820 1248 7260 2724 4416 5892 5016 8400 8544 5652 1020 552 6372 5508 7632 3504 3168 8160 2280 6156 5820 6696 1884 4812 3420 3060 2976 8688 1884 3996 8244 9492 7416 5328 5328 6840 7044 5604 7068 1452 3048 6624 1368 4128 3144 2664 2664 6336 5328 7932 7200 8148 6852 3000 1824 1296 4332 
4296 2544 6492 5028 4368 9744 7800 7320 3960 3012 4740 1560 4464 3312 8640 4464 1188 6504 6096 7680 3048 6312 7152 5736 7704 6636 9024 6252 6816 5904 7092 3144 4944 7224 2580 7608 3696 1812 6660 2040 9312 4152 9588 3600 9300 8016 2256 7272 5700 5484 7260 1104 7380 8280 6792 7764 2532 4068 7632 6300 1068 7428 7404 6048 2964 6972 6348 4152 8100 2436 3960 3168 4092 3024 9312 6000 3864 1704 5208 1368 4620 6888 4476 4356 6036 7440 3984 4032 3336 5520 6468 2940 9096 5640 5880 348 4608 3960 6624 6048 7932 5988 288 2232 288 6684 1656 8184 7488 6084 8496 6516 2424 2568 7788 8316 2064 1344 5400 2652 7176 4164 6708 4620 7728 7632 2724 3420 7272 3996 8184 2388 2808 2892 3564 2028 3684 4608 6456 3792 
3892 5082 2114 1764 9338 9800 8176 6048 9702 4172 4382 6706 8428 4802 9618 2940 7602 2394 9450 6034 4704 462 7952 1638 4452 4354 8792 6972 3878 12054 8904 7364 5936 5740 5698 8638 7518 6300 350 5404 9366 9240 9464 7336 9492 6930 6762 10332 11816 10598 4340 8344 5698 2100 4298 2842 6930 10262 8694 12488 6874 1792 8036 3654 9394 3864 12222 4508 4452 8344 5054 5740 7742 7070 9380 3122 5040 6426 7966 9044 2478 840 7980 6888 10696 3108 7378 5012 4032 4270 252 5628 7518 8848 9534 7966 3626 3052 6720 12152 2730 11466 7630 5166 7462 11746 7168 8708 8120 12054 3108 11620 7784 5796 1512 4214 9366 6706 2030 4522 4844 2716 11424 10640 4298 10388 6468 7378 8288 7476 5292 5362 4956 4270 4018 5250 7224 8764 8834 5236 
4797 2951 7306 5993 4004 10205 8112 7800 3484 3900 5161 2548 4238 3666 8931 5499 767 7306 5993 8216 3471 7371 7384 6825 8424 7228 9464 6474 7475 5551 7202 2912 5135 7722 2769 7839 3510 1924 7722 2951 9737 3770 10062 3432 9724 8502 2145 7267 5330 5161 7930 1729 7917 9464 7410 8671 2366 3575 7865 5980 1170 8398 7670 6656 2379 7657 6045 4550 8879 1911 4238 3315 3926 2847 9737 6669 4147 1794 5161 897 5369 7891 4316 4342 5798 8281 3848 4329 3913 6006 7462 4030 9685 5538 5733 611 5148 4888 6929 5707 8879 5668 572 2743 1157 6461 1430 8502 7761 5746 9503 6266 2028 3614 8918 9152 1404 1417 6175 3497 7774 4979 6513 4173 8463 7683 2691 3224 7488 3861 8879 2743 3809 3757 4576 2834 3549 4355 6474 4043 
3060 4500 3504 5304 4932 3372 1752 636 5664 5808 2352 7296 3948 3672 2988 6204 5940 3276 3780 1056 4044 5544 1632 6120 2316 1596 2508 1188 2088 6984 2628 4212 1908 732 4224 2172 3840 4980 5556 6336 2952 5004 3132 3804 3024 1200 4668 4068 6840 5508 1980 7896 936 6252 1704 3840 4500 6216 2232 7248 5736 4488 1644 2124 6156 2196 6864 2856 2748 5520 2880 3624 3672 4152 2964 2580 2988 5088 2928 7344 4080 4848 3552 2868 5220 3252 3504 2820 4200 1824 5052 7440 2292 3456 4020 6960 2952 5544 672 7008 4164 6180 6636 4920 6948 6024 5328 2208 1716 6852 4632 6000 5076 7296 5820 3252 6972 5460 3744 5712 1464 4776 5628 6228 2460 3948 4152 3984 1932 3552 2172 4548 6684 5736 6432 5928 3660 4164 2892 3024 
4730 4930 6130 6940 2320 3680 2680 3960 2940 6480 4270 6820 2080 4520 2460 7340 4810 5970 740 4250 4800 7530 2300 7740 5450 4730 3530 2570 5160 2940 1440 3240 3140 4110 4380 2130 2800 4650 7630 6430 3450 2490 3730 2920 3360 3880 4070 350 2900 1900 5160 6640 4270 8500 4860 6650 3810 3240 2100 3030 5050 7070 2440 4930 3830 5270 2640 4310 5820 3850 3980 3940 2470 3410 3440 5270 4040 4680 1780 5550 5860 7200 2160 2680 1350 6160 2650 3980 5240 4360 7230 7520 4580 1200 890 5760 4850 6690 2950 2910 6920 2170 5570 5230 6020 1730 4440 2650 2440 2740 7340 1770 3770 7280 8090 6230 4880 4870 5940 6240 4730 6200 1350 2940 5580 740 3840 3030 2110 2610 5290 4820 7000 6370 7150 6110 2900 1960 1120 3930 
5247 3696 6963 5170 5720 10615 8822 8228 5269 3300 5764 1298 5852 4455 9636 4345 2838 7029 7348 8536 4147 6314 8250 5577 8349 7447 9922 7403 7524 6930 8239 4642 6149 8118 3938 8690 5148 3300 6644 2354 10208 5522 10461 5060 10208 8910 3806 8426 6754 6699 7964 891 8250 8118 7568 8118 4059 5291 8712 7282 2673 7656 8470 6831 4290 7656 7370 5236 8657 3949 5148 4510 5511 4521 10208 6710 5049 3223 6534 2387 5181 7051 5863 5709 7238 7920 5401 5214 4224 6457 6589 2321 9867 6930 7150 1815 5500 4158 7700 7062 8228 7106 2002 3322 1529 7788 3278 9196 8558 7117 8701 7623 3982 2068 7711 8789 3245 2915 5929 3102 7964 4598 7843 5808 8338 8756 4202 4895 8371 5423 8844 3630 2662 3245 3443 2607 5126 5973 7667 5027 
2981 1628 5192 4455 2618 7403 5621 5357 2442 2992 3201 2673 2552 2035 6358 4301 594 5159 4048 5709 1958 5566 5016 5269 5962 4939 6765 4235 5181 4378 4928 1309 3091 5302 1232 5423 1815 671 5830 2497 7007 2442 7271 1727 6996 5940 561 5115 4180 3707 5544 2563 5467 7260 5093 6314 759 2717 5445 4752 704 6182 5258 4499 1837 5335 4697 2706 6358 1045 2398 1584 2189 1199 7007 4554 2321 594 3201 1903 3707 5841 2530 2442 4136 5940 2079 2464 2453 3905 5555 3652 6941 3608 3861 1617 3289 3663 4609 4488 6512 4257 1342 1628 1782 4807 44 5962 5324 4477 7051 4664 781 3333 6776 6633 1804 561 4312 2640 5379 3542 4774 3157 6006 5434 1023 1562 5115 2090 6314 1408 3234 2849 3696 2233 1804 2706 4345 2211 
3267 2398 5489 5225 1419 6589 4840 4939 1419 4015 3245 3883 1408 2442 5434 5247 1595 5401 2904 5313 2552 6226 4213 6083 5874 4818 6017 3553 5159 3355 3960 528 2673 4928 1793 4554 880 1661 6457 3652 6204 1265 6490 880 6171 5412 1045 3982 3157 2530 5445 3619 5115 7799 4994 6512 803 1837 4554 3718 1914 6545 4466 4532 1320 5313 3608 2849 6292 704 2442 1727 1177 704 6204 4697 2409 1650 2222 2574 4268 6325 1485 1749 2937 6061 1210 2497 3113 3861 6116 4829 6424 2508 2695 2651 3553 4565 4004 3454 6743 3124 2442 2563 2926 3630 1232 5137 4532 3421 7293 3487 462 4521 7315 6622 2057 1760 4752 3674 5181 4290 3575 2167 5940 4323 1133 715 4268 1177 6105 2189 4367 3872 4752 3355 1012 1529 3322 2255 
2782 4199 936 1846 7839 8047 6526 4550 8255 3822 3120 6188 6942 3757 7865 3094 6578 1196 7800 4563 3770 1404 6318 2275 3172 2977 7111 5421 2561 10361 7215 6084 4537 4264 4667 6955 6162 5330 1391 4940 7644 7774 7735 5993 7748 5382 5642 8580 10153 8970 3016 7592 4238 2600 2938 1989 5759 8788 7007 10764 5954 1326 6396 2327 8073 2561 10491 3328 3263 7111 3848 4589 6318 5811 7657 1833 3848 5447 6435 8008 1742 845 6513 5486 9009 2041 5993 3796 3211 2925 832 5421 5993 7241 7891 7085 2483 2886 5174 10452 2028 9776 6747 4368 6695 9984 6110 7007 6474 10348 2561 9880 6565 5499 2028 3133 8203 5759 1014 4069 3458 2288 9659 9100 3055 8606 5304 6058 6630 6084 3965 4446 4706 3887 3939 4706 5876 7254 7176 4043 
2436 1932 5236 5166 3066 7532 5250 4858 3444 4102 2380 4830 2324 1540 6286 5446 2730 5124 3934 5306 1834 6328 4508 6300 5796 4466 6678 3444 4844 5768 4578 1106 1960 4788 1162 5082 1274 1778 6594 4060 7014 2954 7336 1078 7014 5572 1246 5208 5530 4396 5250 5138 5012 8232 4676 6538 1078 4032 5110 6216 2604 6594 4802 4032 3416 5054 5964 1890 6328 2464 1358 588 1610 854 7014 4228 1316 1876 2548 4382 3836 6356 2002 1316 4662 5978 1288 1428 2534 3192 6132 5586 6860 3290 3822 3976 2786 4536 3892 5866 6832 5250 3612 2352 4060 5670 2030 5712 4900 5782 7532 5516 1876 5264 7616 6720 4046 2282 4340 3766 4970 4004 5446 4354 5880 5516 672 1092 4662 1372 6160 1778 4830 3948 5054 3598 1008 2632 3962 1120 
5316 6576 5652 7608 5724 1116 852 2268 6552 8040 4596 9360 4872 5784 1116 8496 7632 5412 3876 2328 6168 7764 1548 8400 3948 3720 444 2388 4140 7248 2196 5688 3768 2532 6180 1320 5184 6864 7740 8472 672 5868 936 5220 720 1572 6396 3456 7164 5820 3840 9756 2580 8220 3768 5664 6156 7056 1344 7404 7584 6468 1272 4368 7332 4188 6936 5040 4248 6912 4956 5544 4872 5712 684 4812 5064 6948 3780 8928 6384 6960 4596 4332 5304 5124 4836 4908 6408 4116 7236 9648 1848 3876 4212 8748 5232 7836 2112 7224 5976 6336 8436 7008 8832 5880 7044 636 1200 7032 6324 5916 6564 9468 7848 4728 8388 7308 6024 7920 3336 7068 5424 6888 4116 3108 5916 5412 1536 4860 3420 6576 8892 7956 8700 8076 5088 4968 2904 5052 
3248 1792 6076 5432 3066 8722 6440 6104 3066 3822 3430 3878 2772 2058 7406 5404 1484 6020 4620 6552 2086 6762 5684 6510 6930 5600 7896 4662 5950 5544 5614 1134 3206 6034 1092 6216 1736 868 7084 3416 8204 2884 8540 1596 8204 6832 42 5978 5292 4480 6384 3948 6244 8848 5810 7476 322 3542 6244 6020 1456 7378 5978 5082 2590 6146 5880 2814 7448 1540 2394 1358 2212 896 8204 5208 2310 882 3458 3136 4326 7014 2660 2408 4942 6958 2016 2478 2772 4312 6692 4942 8120 4032 4424 2758 3626 4536 5138 5670 7742 5250 2394 1974 2912 5866 770 6888 6076 5628 8428 5684 980 4564 8232 7798 2898 1162 5026 3402 6160 4242 5754 4018 7000 6356 588 1414 5810 2058 7350 1526 4298 3640 4760 3010 1666 3010 4900 2156 
6318 7319 7241 9048 5356 2028 1573 3692 6240 9126 5551 10205 4615 6539 468 9880 7995 6994 3133 3900 6968 9425 1794 9997 5681 5161 2015 2860 5681 6591 1521 5811 4329 3965 6760 1144 5213 7371 9451 9412 1768 5551 2119 5304 1625 3159 6747 2327 6539 5161 5460 10374 4095 10192 5252 7488 6448 6734 1092 6708 8086 8268 1677 5733 7254 5772 6188 5902 6058 6994 5668 6071 4810 5915 1755 6227 5785 7462 3575 9243 7657 8697 4433 4511 4498 6864 4875 5629 7358 5265 8905 10764 3653 3354 3497 9243 6318 9087 2912 6552 7839 5590 8931 7787 9438 4992 7397 1170 1586 6331 8268 5057 6708 10517 9737 6604 8528 7800 7436 8931 4875 8307 4498 6448 5850 1872 6292 5512 1521 4875 5200 7267 9984 9022 9919 8970 5200 4628 2288 5707 
3700 2360 5680 4820 2650 7570 5970 5850 2230 3290 3910 2400 2880 2830 6550 4530 530 5660 4220 6170 2720 5870 5400 5510 6430 5490 7030 4740 5710 3810 5210 1950 3770 5800 2110 5730 2380 1500 6130 2620 7220 2470 7470 2340 7200 6350 1500 5190 3650 3520 6040 1770 5950 7460 5630 6710 1610 2290 5740 4150 1050 6560 5630 5090 1370 5850 4190 3460 6790 1050 3180 2450 2680 1930 7220 5130 3120 1410 3640 760 4260 6210 2970 3080 4010 6380 2660 3240 3120 4560 5910 3510 7270 3880 4010 930 3970 4010 5110 3930 6890 3910 870 2260 1340 4510 970 6250 5690 3970 7380 4370 1220 3200 7020 7030 750 1160 4850 2970 5890 4020 4560 2750 6470 5520 1910 2180 5470 2650 6740 2180 3300 3180 3860 2490 2440 2950 4640 3020 
4356 2712 6720 5628 3336 9156 7224 7008 2868 3768 4644 2664 3588 3312 7944 5244 540 6696 5196 7392 3156 6888 6540 6432 7656 6540 8484 5724 6792 4788 6348 2400 4536 6948 2460 6960 2940 1704 7200 2940 8724 3132 9024 2880 8700 7632 1776 6372 4584 4404 7200 1944 7128 8808 6708 7956 1944 2952 6972 5184 1104 7752 6816 6036 1848 6960 5232 4080 8088 1416 3780 2904 3312 2364 8724 6084 3696 1584 4452 900 4980 7320 3672 3744 4992 7572 3264 3852 3612 5424 6948 3996 8736 4776 4956 912 4680 4644 6168 4932 8160 4884 828 2568 1392 5604 1116 7572 6888 4968 8748 5436 1560 3624 8280 8364 1080 1260 5700 3372 7032 4668 5652 3504 7704 6756 2280 2676 6624 3264 8052 2496 3744 3624 4428 2796 2988 3684 5664 3576 
5174 6604 2704 3692 10192 9191 8086 5967 10647 5928 5408 8281 9256 6188 9373 4745 8983 2886 9932 5811 6188 2353 8060 3367 4056 4563 8307 7332 4004 12727 9087 8489 6721 5694 7085 8632 8528 7735 1963 7072 8853 10140 8853 8372 8996 6630 8073 10569 12519 11271 4199 9789 5577 650 4433 2197 8190 11193 8697 13117 8333 1443 8060 4238 10504 3900 12805 5707 3809 9542 6227 6994 8658 8229 8879 3809 6227 7852 8632 10374 4121 1586 8814 7787 11258 2795 8333 6162 5616 5005 2028 7241 6838 9412 10075 9399 4862 4888 6955 12805 1872 12090 9074 6734 8957 12220 8528 8515 8125 12688 1690 12129 8996 7423 741 3367 10608 8151 3432 6240 4784 4524 11869 11492 3874 10517 7722 8450 8372 8424 4719 6851 6656 6019 5772 6916 8255 9568 9191 6422 
3817 5401 1947 4180 7403 5203 4521 2783 7953 5665 3597 7579 6512 4774 5544 5236 7315 1848 6655 2530 4950 3586 4664 4466 1100 2046 4499 4290 1650 9438 5610 6281 4290 2585 5555 5071 6127 6248 3388 6523 4961 7414 4928 6039 5082 3168 6270 6952 9295 8107 1463 8591 2431 3190 1870 979 6259 8459 5115 9724 6897 1848 4598 2288 8129 1496 9394 4070 715 7392 4411 5225 6105 6116 4972 2233 4477 6358 5731 8624 3696 2574 6116 5313 7931 946 5874 4356 4686 2948 3036 7117 3168 6314 6842 7986 3520 4972 3850 9482 1133 8767 7678 5687 7755 8701 6809 4840 4642 9350 1243 8668 6930 7139 2981 253 8569 6677 2959 5786 1892 4345 8349 8580 968 6820 5863 6160 4917 5940 1441 5566 6468 5676 5885 6248 5907 6754 5874 4609 
7290 6075 10275 9960 1920 10110 8025 8865 1020 8130 7140 7290 3120 6210 8325 9900 4080 10140 4290 9390 6330 11355 7185 11130 10500 9090 9585 6690 9615 2010 6345 3480 6030 8940 5280 7380 3525 4905 11685 7395 9660 1800 10080 3675 9570 9285 4185 5475 1770 2160 9930 6225 9195 13500 9330 11595 3945 360 7365 2520 4845 11730 7515 8835 1650 9825 2610 6690 11085 2610 6105 5205 3555 3780 9645 9135 6090 4845 4470 4215 8700 11490 3630 4635 3045 10950 3855 6180 7095 7890 11205 8880 10605 4170 3870 5070 7665 9000 7380 2190 11940 2355 5010 6225 5715 3390 4065 8250 7575 2265 12675 3165 3105 8415 12825 11595 3045 4785 9330 7650 9480 8685 3645 555 10620 6045 4425 3540 7110 3765 10665 5790 8415 7935 9090 7080 3825 2895 5400 5865 
5382 6682 3029 3601 10426 9685 8528 6422 10842 5837 5668 8177 9516 6331 9841 4563 9035 3237 10270 6279 6305 2210 8476 3133 4550 4979 8801 7709 4433 12961 9477 8684 7033 6149 7215 9061 8749 7813 1820 6994 9347 10361 9360 8593 9490 7111 8203 10946 12753 11544 4667 9724 6032 130 4862 2691 8333 11388 9126 13351 8372 1833 8489 4589 10647 4342 13065 5928 4329 9672 6435 7176 8905 8411 9360 4147 6435 7930 8944 10387 4212 1742 9074 8047 11557 3263 8567 6396 5694 5343 2041 7059 7358 9737 10387 9386 5070 4797 7358 13039 2379 12350 9087 6786 8931 12519 8619 8970 8567 12935 2223 12428 9139 7267 585 3887 10686 8203 3601 6175 5239 4524 12181 11700 4368 10907 7878 8658 8801 8658 5226 6929 6513 5941 5616 6864 8476 9828 9555 6630 
5026 3948 7812 7546 1162 8526 6384 6804 910 5978 4914 5600 1708 4004 6972 7574 2562 7700 3444 7294 4144 8820 5586 8652 8148 6818 7882 4886 7280 3374 5054 1456 4004 6832 3178 5922 1610 2954 9114 5432 8064 910 8442 1708 7994 7308 2212 4774 3122 2478 7616 5012 7070 10808 7042 9086 1932 1442 5922 3850 3122 9170 5894 6524 1162 7490 3724 4466 8694 1092 3934 3080 1778 1750 8050 6776 3906 2926 2968 3416 6328 8932 2030 2730 3094 8498 1988 3990 4872 5642 8680 6902 8582 3052 3122 3794 5376 6706 5516 3500 9394 3150 3598 4144 4270 3892 2296 6706 5978 3472 10080 3696 1260 6496 10178 9142 2520 2982 6916 5544 7238 6356 3878 1862 8260 5264 2352 1554 5586 1918 8386 3682 6370 5796 6902 5082 1876 1694 4200 3696 
3228 3720 4980 5880 2568 4440 2532 3012 3336 5496 2664 6312 1608 3096 3264 6420 4284 4800 1704 3420 3468 6576 1848 6828 4512 3492 3816 1248 3984 4632 1752 2304 1320 3096 3144 2244 1788 3684 6708 5628 4020 2664 4332 1824 3996 3324 3108 2520 4476 3156 4092 6468 3300 7812 3660 5748 2844 3888 2256 4920 4332 6144 2112 3576 3972 4140 4548 2724 4992 3516 2376 2520 1476 2364 4020 3948 2460 3756 564 5544 4584 6228 1236 1032 2964 5172 1440 2364 3936 2844 6228 6912 4404 1212 1824 5436 3360 5652 1800 4656 6060 3864 5136 4128 5592 3840 3720 2856 2184 4512 6600 3768 3168 6660 7308 5448 4980 4068 4668 5256 3660 5016 3480 3852 4644 2688 2676 2028 1908 1452 4524 3636 6216 5376 6276 5220 1716 1788 1296 2340 
3245 1936 5467 4785 2376 7425 5654 5489 2145 3311 3421 2893 2420 2299 6336 4631 594 5423 3916 5852 2255 5885 5027 5599 6171 5126 6809 4279 5401 4070 4884 1243 3201 5445 1507 5412 1749 990 6149 2783 7029 2200 7304 1683 7007 6039 737 4983 3883 3454 5742 2629 5610 7568 5291 6578 825 2409 5434 4444 946 6468 5280 4719 1507 5555 4400 2937 6578 737 2607 1793 2101 1199 7029 4807 2541 924 3146 1771 4015 6149 2442 2464 3905 6182 2035 2673 2761 4114 5863 3916 7051 3498 3707 1650 3542 3993 4686 4191 6776 3982 1430 1958 1914 4565 330 5973 5346 4180 7326 4411 550 3597 7084 6853 1551 858 4598 2959 5555 3861 4543 2849 6226 5324 1177 1507 5115 2046 6490 1716 3531 3179 4015 2541 1782 2541 4268 2420 
3495 2955 6405 6495 2340 7815 5400 5400 2850 5295 3270 5790 1530 2610 6345 6795 3090 6270 3375 5925 2925 7725 4545 7710 6720 5295 6975 3570 5775 5250 4395 645 2325 5400 2100 5070 405 2490 7995 5130 7275 2250 7650 210 7245 6060 1665 4800 5010 3750 6135 5835 5640 9720 5535 7725 1305 3525 5100 5730 3195 7875 4890 4980 3105 6000 5445 2865 7305 2265 2265 1590 810 690 7275 5265 2265 2550 2055 4680 5040 7695 1260 1080 4035 7080 525 2325 3675 4035 7485 6780 7440 2715 3225 4530 3840 5820 4155 5370 8055 4665 4170 3375 4755 5115 2385 5835 4980 5265 8805 4950 1740 6405 9045 7785 4095 2895 5550 4905 5760 5265 4890 3810 6825 5175 1260 360 4665 570 7005 2760 6015 5130 6315 4665 150 1860 3615 2040 
5225 4598 7315 7370 935 6589 5137 5929 891 6226 5005 5874 1793 4532 5269 7458 3487 7194 2310 6314 4697 8316 4543 8250 7260 6259 6248 4290 6677 1188 3839 2508 4026 6006 3971 4631 2354 3861 8525 5808 6270 1001 6589 2497 6204 6160 3256 3102 1012 660 6853 5258 6204 9779 6424 8206 3014 935 4609 1540 3982 8393 4774 6160 1859 6831 1397 4752 7689 2321 4312 3773 2255 2761 6270 6424 4323 3839 2651 3850 6347 8294 2189 3025 1298 7711 2519 4356 5269 5456 8151 6952 7095 2310 1991 4356 5467 6765 4807 1276 8470 968 4257 4774 4785 1650 3333 5258 4807 1210 8998 1485 2530 6633 9295 8096 3003 3872 6721 5885 6479 6446 1782 517 7359 3531 3289 2464 4455 2442 7315 4400 6545 6083 6952 5533 2596 1551 3168 4158 
3450 3180 4275 1395 8280 11415 9225 7455 8385 1275 4350 3915 7605 3525 10695 720 5445 4455 9225 7680 3150 2955 8685 2115 6660 5820 10320 7455 5640 11025 9345 6060 5835 7185 4035 9435 6465 4290 3405 2580 10875 8115 11100 6255 10965 8475 5040 10470 10755 9765 6270 5730 7260 5430 5910 5730 5340 8850 9495 11535 4605 4905 8895 4875 7695 5760 11355 3975 6930 6615 4365 4485 6855 5715 10890 4470 4260 4380 7635 6735 2145 4005 7245 6270 10110 5655 6495 4380 2430 4905 3345 2805 9525 8520 9165 5490 3510 270 7500 11160 5790 10650 5190 2985 4890 11190 5190 9795 9000 11115 6375 11010 6105 2940 4860 6915 7305 4530 2970 1740 6540 1215 10965 9390 6570 10695 4980 6195 9000 6585 7500 3450 2025 1425 1095 2520 6210 7950 8955 4410 
5796 7644 5208 7882 7994 2758 2618 1862 8904 8946 5040 10878 6874 6678 3514 9100 9422 4942 6202 1512 7084 7728 3220 8652 2884 3220 1946 3556 3500 10136 4354 7392 4718 2030 7392 3388 6916 8288 7602 9688 2492 8106 2408 6888 2660 1134 7938 6020 9996 8414 2982 11676 1904 7840 3164 4844 7742 9534 3444 10388 9170 5894 2968 4102 9590 3458 9870 5684 3066 8904 5810 6720 6650 7322 2520 4522 5922 8414 5614 11060 6650 6622 6454 5796 7924 4298 6496 5726 7154 4214 7056 10892 224 6006 6552 10612 5572 8442 2926 10136 5166 9114 10220 8134 10570 8736 8708 2772 2954 9926 5446 8750 8400 10766 7476 3570 10612 8862 6006 8904 2562 7532 8218 9464 3066 5684 7350 7112 3430 6552 2100 7728 9996 8876 9562 9240 6720 7084 5040 5978 
7455 7590 9660 10740 3315 6075 4605 6495 4185 9930 6795 10290 3180 7050 4245 11295 7200 9420 1365 6945 7440 11685 4020 11955 8715 7605 5880 4380 8250 3900 2745 4935 5115 6720 6750 3780 4305 7065 11850 9765 5730 3585 6150 4500 5595 6405 6195 1050 3870 2460 8265 9915 6960 13215 7800 10485 5805 4560 3735 4005 7605 11085 4245 7860 5550 8430 3405 6795 9270 5700 6285 6120 3840 5205 5715 8370 6360 7110 2970 8205 9150 11250 3390 4290 1590 9750 4155 6300 8130 6990 11250 11415 7455 2055 1425 8595 7650 10305 4980 3840 10890 2760 8340 8025 9015 2025 6690 4560 4245 3585 11535 2100 5640 11040 12585 9885 7155 7350 9300 9555 7635 9615 1455 4065 8895 1590 5895 4650 3750 4080 8490 7410 10665 9750 10935 9300 4500 2940 2205 6180 
2430 1880 4410 4340 1540 5500 3890 3880 1770 3430 2340 3630 1150 1760 4510 4470 1780 4320 2450 4220 1920 5190 3320 5140 4710 3750 4950 2670 4060 3450 3200 150 1800 3860 1300 3670 390 1450 5390 3250 5140 1450 5390 290 5120 4320 880 3410 3280 2520 4320 3610 4030 6570 3910 5320 620 2200 3680 3770 1880 5380 3550 3500 1830 4200 3610 2020 5090 1230 1630 1070 720 210 5140 3670 1620 1480 1630 2830 3410 5220 1040 1010 2770 4900 610 1680 2430 2880 5060 4340 5250 2030 2320 2740 2670 3830 3060 3530 5540 3110 2510 2120 2910 3470 1320 4180 3610 3470 6030 3350 870 4090 6120 5400 2450 1690 3790 3150 4080 3500 3350 2430 4770 3680 690 160 3390 620 4920 1730 3860 3310 4110 2950 360 1340 2660 1470 
2805 4650 3675 5670 5865 5235 3090 1530 6690 6240 1935 8145 4635 3615 4620 6750 6615 3405 4860 1980 4065 6090 2745 6735 2820 1530 4155 1755 2160 8595 3810 4650 1725 1410 4395 3495 4290 5355 6135 6915 4695 5910 4935 4200 4770 2460 5040 5490 8400 6780 2280 8970 1635 7200 1740 4395 4890 7395 3555 8985 6300 5025 2865 1860 7155 2340 8535 2580 3405 6270 2670 3675 4155 4515 4710 2430 2805 5490 3540 8400 4125 5340 4110 3090 6555 3660 3885 2595 4230 1290 5505 8280 3750 4350 5085 7845 2670 5910 1440 8655 4785 7680 7440 5190 7785 7620 5865 3675 2970 8475 5445 7560 5685 8115 6615 3960 8040 5970 3780 6135 1770 4965 7155 7500 2970 5445 4410 4410 3105 3960 2970 4740 7335 6150 7020 6420 4020 4950 3915 2865 
4059 5489 1826 3520 8107 6633 5819 4037 8580 5291 4081 7293 7271 4994 6886 4543 7491 1892 7656 3850 5082 2618 5874 3542 2354 2981 5907 5357 2508 10230 6787 6798 5049 3817 5786 6325 6743 6424 2343 6237 6369 8096 6358 6633 6490 4532 6589 8085 10065 8943 2563 8470 3685 1760 2838 869 6644 9064 6380 10538 6996 935 5841 2893 8591 2387 10241 4444 2079 7799 4851 5599 6798 6600 6391 2618 4884 6523 6622 8756 3487 1628 6875 6017 8855 1408 6534 4796 4686 3586 2145 6600 4620 7260 7810 8008 3762 4477 4983 10285 583 9625 7711 5687 7700 9658 7051 6171 5896 10175 220 9592 7326 6688 1639 1661 8844 6809 2772 5500 3047 3993 9328 9262 2200 8008 6237 6721 6138 6611 2849 5687 6017 5346 5335 6039 6512 7524 6952 5038 
4524 5988 4476 6588 5976 2100 1380 1164 6768 7260 3828 8784 5040 5160 2328 7548 7368 4236 4416 1116 5532 6624 1860 7320 2688 2592 1248 2208 2964 7788 2856 5556 3336 1404 5712 2052 5124 6456 6564 7824 1752 6084 1812 5112 1860 348 6096 4296 7680 6324 2616 9372 1404 6972 2604 4416 5904 7308 2100 8004 7200 5244 1656 3300 7392 2988 7572 4344 2976 6852 4380 5100 4872 5520 1764 3720 4488 6552 3936 8748 5436 5772 4680 4176 5904 3876 4764 4320 5664 3216 6072 8916 972 4260 4716 8424 4380 6936 1704 7788 4716 6924 8100 6420 8424 6600 6756 1596 1656 7620 5052 6600 6432 8772 6612 3468 8316 6924 4980 7188 2136 6156 6156 7236 2856 4032 5592 5304 2052 4800 2160 6036 8148 7200 7848 7428 4968 5196 3432 4512 
2444 2197 4966 5096 2600 6643 4524 4290 3055 4212 2249 4888 1820 1755 5460 5421 2834 4849 3250 4732 2067 6136 3822 6149 5317 4069 5863 2873 4472 5135 3848 988 1586 4264 1495 4329 923 2041 6357 4186 6162 2535 6474 767 6149 4927 1469 4420 4927 3796 4810 5109 4472 7839 4277 6123 1235 3627 4355 5538 2769 6240 4095 3757 3185 4654 5278 1898 5811 2379 1378 910 1157 845 6162 3978 1378 2119 1950 4316 3809 6084 1482 819 3991 5577 832 1430 2691 2938 5915 5603 6123 2652 3159 4030 2743 4576 3315 5226 6409 4602 3692 2600 4134 4940 2184 4940 4186 5135 7059 4810 1859 5304 7267 6214 3913 2483 4225 3900 4511 4043 4719 3887 5395 4706 962 858 3952 910 5603 2054 4901 4069 5083 3757 650 2119 3263 1183 
3575 2871 5742 5643 880 6292 4587 4884 1045 4521 3443 4433 968 2827 5093 5731 2112 5632 2420 5269 2970 6611 3960 6523 5951 4906 5764 3388 5280 2904 3597 792 2684 4906 2244 4246 803 2200 6831 4191 5918 737 6215 902 5874 5280 1562 3498 2717 1991 5533 4114 5093 8129 5082 6710 1298 1529 4246 3267 2464 6809 4213 4697 1353 5434 3113 3124 6380 1056 2684 2068 946 1034 5918 4906 2673 2189 1914 2970 4653 6644 1166 1683 2387 6248 1100 2739 3542 4004 6468 5379 6292 2068 2200 3146 3839 5038 3872 2992 6963 2607 2948 3069 3454 3080 1782 4851 4268 2948 7502 2937 990 5071 7645 6743 2332 2310 5071 4202 5225 4719 3025 1771 6039 3850 1562 803 3971 1045 6127 2673 4906 4389 5269 3894 1023 1023 2926 2519 
3660 4224 2796 1104 8148 9312 7800 6060 8352 2988 4224 5052 7464 4200 9036 1656 6240 3024 8532 6108 4020 720 7524 324 4848 4608 8436 6624 4272 10440 8256 6396 5568 5808 4848 8124 6612 5220 1020 4032 8916 8040 9024 6456 9012 6852 5724 9384 10236 9300 4704 6540 5796 2484 4596 3564 5928 8784 8172 10824 5580 2664 7632 3936 7944 4284 10632 4176 4896 7056 4608 5028 6864 6132 8928 3492 4572 5304 7236 7344 2304 1848 7116 6228 9456 3756 6552 4596 3396 4320 1308 3960 7452 7980 8556 6360 3504 2040 6492 10536 3468 10020 6108 4176 5880 10344 5964 8256 7716 10476 3780 10224 6600 4152 2100 4716 7752 5484 2316 3348 5088 2124 10116 9168 4728 9468 5556 6456 7812 6636 5580 4452 3492 3108 2640 3984 6372 7752 8100 4728 
2325 4515 1515 3945 7425 6915 5085 2865 8100 5280 2010 7680 6270 3600 6645 5235 7065 1245 6885 2955 3885 4035 4875 4845 1980 1065 5820 3915 870 10305 5970 5730 3240 2535 4665 5595 5595 5610 4035 6285 6435 7410 6570 5445 6540 3855 5640 7620 10080 8550 1500 8925 2550 5055 1110 2490 5640 8775 5655 10725 6510 2910 4950 300 8220 1035 10320 2640 2430 7200 3120 4215 5625 5475 6450 345 3195 5760 5415 8850 2670 3180 5730 4560 8460 1830 5280 3045 3630 1245 3405 7350 4740 6300 7050 8025 1935 4590 3570 10380 2850 9480 7605 4935 7755 9555 6375 5655 5040 10230 3570 9465 6555 7290 4470 2715 8775 6210 1935 5340 1740 3630 9135 9000 1965 7605 5100 5580 5250 5385 2745 4710 6405 5250 5820 5865 5280 6615 6030 3390 
1190 3150 2534 3850 5600 6384 4354 2772 6202 4368 560 6314 4536 2212 5768 4816 5348 2366 5306 3080 2562 4410 3948 4886 2954 1666 5376 2856 1960 8302 4760 3976 1792 2562 3122 4648 3864 4032 4536 5096 5880 5572 6090 3724 5950 3710 3976 6146 8078 6692 2408 7280 2688 5810 1862 3668 3934 6832 4704 8694 4900 3920 4088 1120 6328 2156 8344 1218 3458 5376 1596 2632 3920 3752 5894 1386 1680 4172 3850 7028 2366 3948 4046 2940 6664 3066 3584 1512 2548 378 3962 6300 4816 4718 5418 6342 1008 4032 2772 8372 3990 7560 5950 3598 6174 7714 4676 4900 4200 8246 4676 7602 4774 6160 5222 3822 6888 4606 2184 4298 2296 3136 7336 7056 3010 6216 3430 3850 4270 3682 3458 3290 5404 4298 5068 4648 3570 4872 4648 1834 
6900 7860 8295 10140 5280 3210 2055 4395 6300 10020 6060 11115 4470 7020 1380 11010 8445 8010 2715 4725 7500 10710 1905 11265 6720 5940 3045 2955 6570 6705 1035 5940 4515 4680 7170 1260 5250 7815 10785 10260 2865 5505 3285 5355 2730 3975 7065 1815 6630 5040 6390 11220 4875 11775 6090 8745 6705 6855 1200 6855 8595 9570 1920 6495 7500 6690 6270 6375 7200 7230 6045 6390 4755 6090 2850 7065 6165 7905 3345 9840 8520 9960 4305 4515 4290 8010 4875 6015 8010 5850 10140 11850 4770 3000 3135 9900 6960 10080 3210 6660 9150 5565 9555 8385 10155 4890 7785 1800 1845 6420 9690 4965 6945 11550 11220 7845 8985 8280 8355 9765 5730 9210 4320 6525 6930 1350 6555 5595 1530 4860 6270 7770 10980 9885 10965 9750 5250 4470 1815 6060 
1780 3240 1080 2840 5070 4450 3290 1750 5540 3760 1530 5370 4280 2620 4320 3720 4920 880 4630 1780 2820 2830 3190 3410 1070 540 3720 2590 330 6970 3940 3980 2260 1530 3320 3650 3870 3960 2810 4440 4130 5070 4210 3770 4210 2400 3960 5080 6830 5790 750 6180 1520 3390 530 1560 3950 5990 3700 7240 4570 1930 3210 340 5660 440 6970 1970 1380 4980 2270 3010 3880 3820 4140 460 2320 4060 3670 6120 2020 2200 3930 3160 5710 1090 3650 2210 2660 960 2390 5150 2950 4250 4750 5580 1520 3300 2320 7020 1810 6410 5300 3530 5410 6430 4460 3660 3270 6910 2280 6380 4550 5110 3020 1600 6050 4360 1500 3800 950 2650 6140 6130 1070 5040 3590 3880 3430 3720 1580 3370 4520 3740 4120 4150 3660 4510 4030 2440 
4494 3612 7252 7140 1162 7980 5810 6174 1386 5712 4326 5614 1218 3542 6468 7252 2674 7126 3080 6664 3738 8372 5012 8246 7532 6202 7322 4284 6678 3738 4564 952 3374 6202 2814 5376 980 2758 8652 5306 7504 980 7882 1092 7462 6692 1946 4452 3500 2576 6986 5236 6440 10290 6426 8498 1610 2002 5376 4200 3108 8624 5334 5922 1764 6874 4004 3920 8078 1358 3374 2590 1162 1274 7504 6188 3360 2758 2408 3794 5866 8414 1456 2100 3066 7896 1358 3430 4466 5040 8190 6804 7966 2618 2800 3990 4830 6370 4886 3864 8806 3346 3752 3878 4382 3962 2254 6146 5404 3794 9492 3780 1232 6426 9674 8526 2996 2912 6398 5306 6608 5964 3878 2310 7630 4900 1946 966 5040 1288 7756 3360 6202 5544 6664 4914 1260 1316 3710 3150 
4676 5866 2646 2408 10122 10290 8778 6580 10500 4830 5138 7336 9198 5586 10206 3444 8358 2926 10192 6538 5502 910 8596 1932 4816 4900 9296 7644 4396 12838 9576 8162 6678 6272 6482 9268 8302 7084 504 6062 9884 10038 9940 8134 10010 7434 7546 11046 12614 11382 4788 9002 6216 1400 4830 3010 7728 11046 9324 13286 7630 1890 8652 4298 10178 4354 13006 5292 4746 9128 5838 6524 8512 7854 9898 3766 5824 7196 8722 9772 3262 1106 8750 7658 11466 3430 8162 5796 4816 4970 952 6146 7924 9590 10290 8680 4396 3696 7364 12936 2800 12250 8358 5922 8162 12516 7952 9282 8736 12838 3010 12390 8568 6356 882 4410 10136 7476 2786 5208 5348 3458 12180 11424 4662 11074 7252 8176 8932 8260 5642 6132 5544 4942 4578 5936 8008 9548 9548 6020 
3480 5670 1845 4800 8235 6435 4950 2520 8985 6390 3075 8835 7050 4740 6465 6180 8175 1560 7380 2415 5040 4530 4935 5535 840 975 5370 4200 390 11055 6165 6705 4005 2190 5790 5595 6495 6750 4425 7440 6000 8250 6060 6360 6135 3375 6735 7935 10845 9255 540 10080 2085 4980 780 1905 6690 9675 5655 11445 7665 2775 4920 1305 9225 180 11025 3750 1260 8235 4185 5295 6465 6480 6015 1410 4275 6900 6030 9990 3720 3405 6510 5385 9075 1170 6150 4095 4785 2160 3825 8445 3975 6855 7605 9180 3090 5610 3690 11115 2310 10170 8760 6105 8925 10140 7485 5460 4995 10950 2940 10065 7590 8415 4485 1605 9855 7350 2850 6465 1155 4680 9675 9855 810 7830 6150 6525 5310 6240 1695 5865 7515 6360 6870 7020 6195 7380 6390 4440 
1344 2988 1092 2292 5892 6348 4776 3108 6336 3360 1476 5352 5040 2376 6012 3300 5124 1032 5784 3228 2508 2568 4512 3084 2424 1728 5472 3636 1572 8232 5280 4356 2760 2868 3240 5100 4356 3948 2652 4212 5952 5856 6084 4224 6024 3924 4104 6504 8040 6900 2076 6432 2904 3768 1776 2292 4152 6852 5160 8592 4632 2244 4608 972 6288 1680 8316 1776 2712 5424 2244 3024 4476 4128 5952 624 2256 4068 4524 6528 1236 2160 4632 3684 6912 1932 4176 2184 2172 1320 2160 5004 4680 5268 5868 5784 1020 2772 3468 8304 2508 7644 5460 3264 5532 7812 4620 5232 4692 8196 3096 7716 4908 4980 3252 2844 6564 4404 708 3432 2292 2004 7512 7104 2388 6552 3720 4296 4800 4260 3072 3180 4260 3348 3756 3900 4104 5328 5220 2436 
4875 7020 2310 5355 9840 7170 6120 3705 10575 7365 4590 9975 8640 6180 7545 6795 9645 2160 8910 3405 6420 4575 6255 5775 1380 2550 6180 5685 1980 12645 7530 8280 5595 3420 7245 6840 8085 8190 4335 8535 6810 9855 6780 7950 6975 4305 8235 9345 12435 10845 1800 11370 3225 4185 2325 1050 8220 11265 6915 13035 9060 2250 6180 2820 10800 1770 12600 5235 960 9780 5715 6810 8070 8040 6825 2715 5790 8340 7605 11430 4680 3210 8100 6990 10620 930 7740 5625 6045 3735 3840 9345 4425 8415 9150 10545 4470 6420 5100 12705 1335 11745 10125 7410 10230 11685 8955 6570 6255 12540 1635 11625 9135 9375 3855 435 11370 8775 3690 7545 2430 5580 11205 11445 1185 9195 7680 8115 6615 7845 1995 7245 8460 7380 7665 8175 7785 8970 7860 5970 
4147 2249 6552 5057 4472 10088 7969 7423 4108 2938 4615 1781 4485 3068 8905 4537 1040 6565 6253 7813 2782 6448 7280 5876 7839 6682 9295 6292 6877 6305 7254 3016 4862 7319 2288 7787 3614 1469 6812 1989 9607 4251 9906 3497 9607 8177 2002 7514 6071 5720 7345 1677 7488 8567 6851 7930 2314 4303 7813 6734 676 7579 7553 6045 3120 7046 6747 3991 8268 2431 3783 2938 4043 2847 9607 5993 3666 1352 5239 1794 4537 7033 4459 4264 6279 7566 3900 3848 3133 5473 6578 3133 9347 5733 6032 806 4485 3939 6682 6448 8112 6305 468 1937 676 7033 1417 8398 7644 6474 8723 6851 2314 2743 8021 8502 2353 962 5382 2535 7254 4082 7020 4875 7865 7891 2483 3302 7423 3926 8346 2080 2860 2795 3614 1872 3575 4654 6578 3601 
4697 4851 6325 7117 2046 4235 2926 4125 2772 6556 4213 6919 1705 4411 2904 7524 4719 6160 242 4477 4719 7799 2409 7997 5709 4862 3971 2530 5335 3080 1551 2981 2981 4279 4235 2354 2497 4521 7920 6490 3938 2233 4246 2629 3861 4147 3894 869 3003 1793 5368 6743 4455 8932 5016 6963 3608 3146 2332 3234 4972 7381 2607 5016 3718 5467 2816 4224 6127 3685 3850 3762 2134 3157 3927 5379 3905 4565 1419 5577 5940 7491 1782 2398 1298 6424 2343 3850 5214 4367 7491 7689 4983 748 429 5764 4840 6809 2992 3058 7260 2244 5555 5170 6039 1936 4312 2981 2618 2882 7744 1925 3575 7425 8470 6578 4851 4774 6061 6292 4917 6281 1551 2871 5841 1243 3641 2750 2255 2288 5588 4719 7117 6435 7293 6138 2607 1595 979 3773 
5680 4970 7620 7550 1830 6860 5610 6390 1500 6370 5510 5820 2630 5000 5630 7540 3690 7510 2990 6740 5120 8450 5080 8330 7600 6700 6600 4900 7070 460 4390 3160 4660 6470 4430 5120 3090 4220 8650 5890 6590 1850 6870 3210 6510 6580 3720 3570 360 1370 7240 5060 6640 9830 6850 8450 3530 1180 5100 750 4200 8600 5290 6600 2070 7210 940 5260 8000 2700 4860 4320 3030 3380 6580 6830 4860 4180 3420 3700 6660 8480 2990 3740 1860 8000 3270 4910 5630 5950 8320 6880 7420 3060 2720 4330 5910 6930 5360 580 8690 1080 4290 5090 4760 1750 3670 5700 5320 690 9170 1630 3000 6580 9380 8360 2920 4160 7040 6060 6900 6700 2050 820 7700 3950 3830 3160 4990 3200 7660 4780 6580 6250 7020 5680 3310 2420 3810 4710 
329 369 88 307 543 467 510 474 298 255 423 405 147 373 482 387 273 590 421 126 440 410 361 450 355 419 413 357 490 348 135 278 255 381 226 423 419 261 128 412 392 259 222 368 323 174 338 214 196 249 337 433 369 253 41 282 449 343 465 298 44 374 348 307 328 44 483 197 465 406 246 440 176 25 410 248 292 411 587 236 239 426 466 189 357 341 344 248 165 190 338 282 344 333 340 224 590 274 506 329 538 361 369 389 80 185 274 615 132 224 323 117 386 373 211 154 417 408 451 222 337 487 112 421 453 418 222 161 186 346 115 365 370 406 185 418 329 180 334 362 88 333 381 473 400 549 70 185 427 154 79 306 272 410 127 251 113 365 614 180 192 569 512 99 267 207 354 549 463 136 387 331 404 161 138 450 241 169 397 210 451 420 348 199 242 39 356 185 101 326 417 373 417 116 197 146 371 260 389 290 209 547 458 328 425 455 427 368 226 502 588 290 324 198 514 415 108 164 337 398 376 444 217 263 346 127 461 225 322 202 208 67 264 184 77 420 422 448 130 395 349 169 257 269 159 315 358 358 221 347 272 201 244 136 77 554 417 106 528 427 466 100 392 245 292 145 241 393 527 394 270 501 140 578 386 490 372 152 442 155 
440 515 76 454 486 566 446 572 152 150 289 482 293 364 434 371 419 711 445 223 535 473 468 584 474 282 280 404 455 227 118 391 147 257 368 485 458 175 273 539 498 323 226 285 461 169 468 138 338 277 280 381 422 122 187 161 561 212 323 274 188 440 495 427 441 185 522 249 596 428 314 509 106 135 268 395 428 289 535 95 265 362 442 292 454 480 249 289 242 204 321 174 215 220 392 121 527 415 372 455 508 284 324 259 194 318 412 555 129 356 177 253 495 294 198 131 448 262 478 210 457 587 208 286 506 445 228 153 221 210 110 267 440 536 141 304 370 192 336 463 220 450 503 594 254 485 152 214 516 291 163 226 402 553 166 394 60 475 574 282 85 690 466 176 408 211 451 527 333 23 491 477 408 219 193 482 363 152 252 322 548 451 475 63 374 163 222 294 234 193 378 452 271 90 202 24 338 185 253 195 232 659 370 237 303 413 396 460 145 628 703 306 431 101 505 536 113 308 434 332 241 298 239 406 232 118 465 348 356 105 350 214 118 321 142 438 528 301 79 256 414 179 318 275 155 172 434 401 329 226 201 344 99 87 84 511 534 249 526 465 324 199 245 131 346 289 379 412 505 524 303 488 267 513 242 400 227 41 322 269 
142 249 290 175 731 502 702 510 481 386 567 487 102 542 668 561 174 563 560 125 485 509 396 399 365 616 558 482 669 550 256 323 390 514 66 522 544 463 149 387 425 384 255 568 129 366 317 416 59 409 531 622 486 451 167 484 457 489 624 328 159 475 204 111 138 158 603 351 423 549 168 527 379 203 571 149 94 539 771 429 403 619 639 87 412 284 547 213 306 232 516 485 544 458 462 427 780 89 645 127 712 561 558 589 140 18 81 803 244 236 504 190 195 573 400 352 552 589 586 273 346 520 135 566 559 557 400 251 204 500 316 466 465 373 385 621 465 363 501 186 200 354 375 457 581 741 256 213 259 50 258 399 69 315 201 87 314 394 792 91 344 545 696 271 222 389 185 717 600 331 423 214 563 321 181 580 49 364 568 65 272 554 334 394 39 173 555 72 102 525 601 229 587 263 380 325 554 362 538 493 381 544 658 530 552 639 606 432 345 469 574 272 144 340 674 408 239 78 397 593 527 629 387 95 549 249 615 265 465 344 58 150 442 28 268 566 235 627 333 550 232 233 185 273 353 481 449 489 75 549 473 177 432 339 250 735 419 101 683 553 624 252 573 447 420 156 50 541 697 364 423 666 219 768 553 691 543 323 645 250 
229 455 268 381 739 661 701 669 365 227 398 617 259 588 683 600 374 753 641 113 639 626 553 593 533 520 390 577 697 484 142 471 233 340 272 639 639 432 283 572 584 478 59 544 318 382 498 390 254 469 530 631 588 377 222 420 629 327 464 122 208 590 410 235 233 202 704 418 615 626 68 654 352 199 417 346 282 358 786 343 459 616 677 118 557 477 509 29 384 59 550 435 467 282 559 380 782 292 466 274 748 541 569 508 154 204 278 810 130 394 383 303 274 552 419 352 638 460 672 84 514 681 120 398 671 639 437 109 39 344 313 275 585 561 377 561 550 394 551 231 289 517 551 640 453 740 290 46 268 203 300 210 242 519 101 294 280 554 820 115 217 733 714 319 406 421 215 762 422 272 580 419 623 382 82 671 196 372 427 147 305 641 512 320 230 183 468 133 179 442 621 198 444 170 410 238 577 184 376 454 427 724 630 497 370 658 635 572 185 659 758 74 213 204 730 586 150 250 539 586 366 504 435 301 491 142 680 411 543 206 259 231 325 218 294 640 296 495 308 392 156 81 63 67 366 343 572 579 144 482 455 346 335 317 196 758 593 211 746 648 465 318 446 391 512 299 254 614 740 551 491 716 335 769 408 661 404 226 576 360 
715 638 320 610 153 474 123 475 350 469 519 356 490 105 95 86 561 660 213 514 441 319 431 606 470 298 512 246 116 212 452 401 463 522 577 322 254 170 444 545 445 263 563 96 677 215 506 201 550 194 59 43 267 263 415 226 512 475 504 614 426 307 649 689 713 429 293 245 602 198 629 355 236 402 465 550 655 552 198 299 194 49 117 579 395 553 136 617 289 538 85 195 241 515 253 226 201 627 585 704 171 85 21 252 469 560 634 225 461 440 362 401 771 85 179 238 228 391 238 549 465 490 499 515 315 216 181 489 548 457 277 572 318 555 210 196 221 216 125 751 382 447 503 565 388 162 324 543 816 529 321 551 646 638 487 595 307 443 234 569 417 640 126 307 510 190 743 196 563 321 438 610 146 265 509 252 623 220 425 599 840 230 500 296 615 428 266 574 486 260 44 761 437 421 198 364 43 516 487 165 203 588 127 132 562 73 70 382 479 611 636 643 712 434 191 521 438 515 382 45 479 388 199 606 190 449 182 408 202 437 562 429 360 554 314 194 809 414 279 474 733 512 637 613 229 408 327 233 610 214 139 475 321 270 391 171 506 477 219 255 504 329 382 229 246 448 605 184 175 544 198 170 384 189 435 150 416 381 229 358 
663 367 566 413 629 81 635 78 765 783 928 196 465 449 578 470 385 116 353 607 114 235 175 195 187 806 919 307 543 708 671 257 781 899 490 234 308 602 438 170 144 334 745 627 535 499 232 581 490 406 560 571 285 678 513 672 92 854 950 825 525 246 420 624 656 531 303 403 168 363 708 202 575 560 897 405 545 931 636 690 415 599 501 622 188 276 646 740 400 713 473 647 726 859 303 622 674 510 1011 606 542 613 538 759 573 540 529 676 668 326 789 424 698 621 493 529 336 858 343 751 207 63 603 925 255 349 458 695 698 850 535 897 237 189 544 731 336 472 430 712 448 204 174 106 851 657 493 702 785 527 482 842 572 303 652 483 582 170 613 620 716 102 583 466 327 468 719 521 973 620 150 376 416 425 653 326 591 516 869 612 780 334 214 657 555 558 751 607 542 728 532 774 888 650 472 656 509 796 892 627 439 42 680 630 945 551 512 187 760 131 84 795 674 726 467 142 644 479 208 596 880 876 435 484 690 663 415 313 356 731 492 495 746 524 501 373 734 893 570 891 781 697 724 783 505 806 232 320 624 709 579 377 710 565 608 589 129 509 449 310 951 447 843 644 328 421 526 374 514 193 385 478 396 670 867 701 849 668 766 381 
568 324 407 342 507 84 505 90 603 625 766 74 341 309 450 332 300 254 235 472 54 118 47 214 97 646 758 166 421 548 519 116 624 738 388 126 192 441 305 154 39 172 602 474 458 336 157 419 380 246 407 433 148 515 368 511 103 693 787 681 381 108 365 529 562 387 220 241 202 238 583 110 412 410 734 311 458 771 524 527 254 456 379 499 28 218 489 607 239 569 325 486 565 701 156 459 556 422 849 520 434 460 391 600 432 424 438 563 518 201 626 281 611 469 331 367 217 696 238 605 108 105 465 763 164 230 296 546 558 688 373 741 95 170 381 576 188 309 283 616 301 91 119 156 689 533 336 560 690 405 324 688 475 286 507 389 422 56 512 495 558 234 461 308 232 306 619 419 812 459 33 316 287 264 511 223 484 353 707 495 693 217 141 495 452 411 590 485 408 567 395 667 725 497 310 497 365 642 730 468 277 188 535 473 785 420 379 26 605 203 235 660 575 569 364 121 493 360 48 450 718 714 273 394 531 512 304 176 207 574 385 354 584 410 343 252 650 731 409 729 666 551 598 644 343 644 82 180 507 549 419 260 547 403 453 477 103 377 354 198 788 291 681 482 170 291 426 244 407 163 227 369 251 549 705 559 686 510 611 230 
407 182 336 183 593 220 579 228 555 538 700 225 194 384 530 408 138 308 350 338 205 259 117 172 83 636 691 266 513 544 415 69 538 662 228 271 318 434 170 128 144 202 478 502 296 313 55 398 223 270 442 499 260 482 253 492 178 622 735 559 263 232 211 368 401 269 363 230 183 346 438 266 377 306 679 149 295 693 620 482 273 513 473 352 141 88 503 469 199 447 381 475 553 616 248 432 644 259 784 358 539 490 443 595 306 271 276 658 410 59 580 166 449 501 327 331 336 660 365 487 64 238 334 698 311 345 301 435 430 622 319 647 219 124 356 592 268 291 347 455 195 73 100 191 652 613 261 434 529 256 250 587 314 173 389 227 358 113 622 349 474 287 549 242 70 302 459 533 743 394 142 164 381 230 386 353 327 326 660 343 531 337 64 445 293 297 574 337 273 547 465 510 679 399 301 420 425 542 665 465 276 272 580 485 707 498 458 164 509 219 309 525 415 481 481 135 389 209 133 497 653 687 277 231 532 407 417 66 279 486 226 232 528 256 272 363 487 698 355 668 514 433 454 515 312 585 201 278 355 545 423 107 498 353 360 576 142 240 479 326 736 215 644 456 227 152 265 344 517 111 266 480 145 635 653 609 636 430 624 145 
750 695 343 663 142 543 99 544 327 461 487 425 534 173 107 154 614 729 280 542 510 388 498 672 535 247 482 315 147 176 464 464 455 497 621 391 322 172 490 611 513 327 574 64 723 251 569 214 593 254 87 67 336 251 450 208 580 452 464 617 461 376 703 726 748 463 358 299 668 266 652 424 253 430 430 602 698 525 193 289 252 30 165 608 462 613 107 634 341 551 151 181 206 498 321 227 179 672 547 744 199 63 85 205 499 599 678 208 474 497 334 448 806 54 220 266 296 350 303 557 529 559 526 483 382 284 231 500 565 432 305 556 387 620 235 139 289 259 194 783 426 512 569 632 348 137 361 559 845 567 359 543 686 699 505 641 326 510 241 599 417 709 137 348 567 237 774 229 530 332 506 665 213 314 530 318 660 253 388 631 871 298 564 295 655 458 227 605 520 229 99 787 398 434 243 371 112 513 458 155 255 657 58 113 535 106 125 450 477 678 705 654 745 434 239 588 454 558 449 28 451 341 252 653 155 463 243 466 270 436 606 467 344 594 349 261 843 368 299 443 754 526 658 623 264 385 395 302 642 178 150 528 309 291 410 182 574 516 269 322 464 373 343 223 312 496 647 252 211 609 262 217 435 166 401 84 383 386 169 410 
398 568 211 497 632 692 590 699 203 54 231 620 345 520 584 526 476 818 599 214 664 617 588 674 583 360 222 552 607 342 95 506 60 176 394 629 609 322 345 639 619 464 116 426 465 322 564 292 368 428 432 531 569 242 257 287 677 156 293 128 249 583 534 398 401 243 674 392 691 582 240 651 262 204 245 448 428 200 682 204 416 509 597 264 581 561 386 194 375 118 477 310 320 119 538 266 670 428 306 435 662 427 477 356 218 329 419 699 102 450 217 344 445 436 353 285 601 290 632 91 565 713 206 230 654 598 382 87 147 172 256 137 581 632 297 419 520 343 491 404 316 562 609 700 282 628 273 137 439 312 285 78 393 621 138 419 207 593 724 256 74 797 616 303 486 365 388 682 261 178 613 530 564 358 157 635 346 306 255 297 477 604 575 196 372 214 316 274 262 293 532 368 271 112 355 132 493 32 205 335 382 775 504 377 213 565 550 590 14 729 816 184 384 56 661 643 121 349 561 478 195 334 390 429 355 104 621 454 507 54 377 280 166 338 269 593 469 323 232 221 321 107 235 151 307 173 572 550 299 341 352 420 188 241 155 662 645 291 682 617 294 318 276 267 491 364 389 567 660 620 453 644 369 656 235 532 231 115 427 382 
347 332 115 278 521 406 492 413 337 311 473 347 128 338 459 355 237 533 373 168 380 354 301 397 297 442 464 305 461 362 195 218 311 435 215 367 368 264 92 356 332 205 280 363 316 157 283 218 186 207 322 412 315 278 53 300 389 394 511 357 67 318 320 320 345 72 431 151 411 360 289 382 184 85 456 216 289 465 562 268 199 409 433 220 296 292 346 298 112 247 308 293 363 389 287 239 570 265 557 335 506 354 347 408 121 191 270 593 192 169 362 65 403 366 190 148 369 445 403 281 278 427 156 471 398 371 191 221 241 396 118 423 313 351 181 426 280 153 297 386 32 274 323 415 437 531 50 241 455 159 49 365 277 366 184 236 139 306 585 213 246 512 487 61 220 179 380 514 515 172 327 295 364 116 193 400 255 157 439 235 475 371 292 230 246 90 379 212 121 349 392 407 459 174 170 193 345 319 438 295 174 488 452 328 480 430 398 308 284 446 529 345 345 253 475 357 168 150 277 384 426 478 180 248 357 187 419 167 275 258 198 60 305 185 64 375 442 484 146 443 389 227 302 325 144 360 300 308 247 362 268 157 280 149 133 526 358 108 487 376 512 47 429 262 240 105 238 348 493 339 225 464 82 558 430 484 415 202 454 95 
580 731 309 663 593 796 548 802 130 129 56 706 505 543 560 540 636 944 641 390 765 692 701 815 707 245 47 617 594 278 259 624 125 45 565 702 664 320 494 772 730 547 294 392 643 383 700 315 538 490 425 511 637 222 404 254 794 26 111 274 400 660 702 580 583 395 724 474 828 623 421 729 306 348 67 610 607 72 643 195 479 480 596 444 685 708 348 372 473 300 497 286 249 79 608 275 619 604 139 616 649 399 473 265 384 503 596 651 271 587 119 481 627 404 401 348 648 141 674 269 691 817 379 54 717 642 436 266 329 24 338 126 663 768 342 340 582 409 525 584 450 683 737 827 137 580 385 319 614 483 396 160 573 777 313 591 291 708 694 436 176 923 590 409 634 422 568 675 100 254 723 692 591 448 336 682 527 365 94 478 654 651 708 220 551 368 231 454 429 224 524 543 102 259 414 223 497 170 23 316 447 892 445 348 82 550 548 689 172 861 937 349 566 176 669 770 279 514 665 452 13 182 454 602 299 267 644 581 565 171 548 431 131 511 375 630 649 162 303 40 494 288 415 319 373 73 658 611 480 276 354 568 172 308 290 636 767 453 695 670 112 432 134 260 566 512 565 607 654 756 516 649 499 606 72 467 81 215 334 502 
644 556 265 529 226 406 202 409 345 442 519 291 413 68 163 70 479 590 172 450 373 258 355 527 391 331 512 180 167 235 403 320 437 513 499 264 204 154 366 467 371 183 514 140 599 150 425 167 473 112 73 120 203 252 345 224 439 465 516 572 357 240 568 616 641 360 257 164 524 155 568 297 193 339 471 469 578 545 266 282 112 130 145 512 320 471 164 561 208 486 22 193 260 497 183 202 277 549 593 629 215 126 60 283 404 487 557 298 410 359 362 323 699 133 113 180 183 408 203 503 385 424 435 516 265 174 104 440 494 451 218 552 250 476 160 245 150 144 59 681 306 367 425 490 403 240 255 489 749 455 250 523 571 556 431 517 257 366 291 503 383 570 191 234 428 117 675 230 566 278 364 528 116 186 451 214 551 160 434 530 770 186 420 269 540 363 285 506 415 271 95 697 449 372 126 324 49 484 485 165 125 520 201 151 557 133 103 309 444 536 568 592 642 400 205 444 386 438 305 116 476 414 120 527 214 399 170 326 130 403 485 356 346 479 246 158 738 436 229 476 672 461 577 564 166 401 256 169 541 237 121 394 305 220 337 231 431 404 227 208 517 253 396 214 168 369 528 138 208 464 118 188 305 265 440 228 420 341 279 277 
407 450 11 391 481 500 445 507 217 209 358 422 233 334 424 344 354 642 402 193 471 417 401 514 405 332 348 352 438 262 129 323 207 323 313 429 409 182 207 470 431 264 239 293 410 128 399 137 283 229 272 372 368 166 128 196 494 280 392 302 131 382 433 388 406 130 474 192 526 385 301 451 97 85 337 331 378 355 528 151 218 360 420 261 389 412 265 288 177 211 293 198 257 284 338 140 526 362 441 413 490 288 311 302 153 270 361 552 136 287 242 185 463 300 163 94 403 326 435 230 388 522 177 355 453 401 186 166 219 279 58 325 382 467 118 334 320 145 300 436 152 382 435 525 318 484 83 215 495 240 94 277 357 486 157 338 26 408 561 251 141 621 455 109 340 170 425 505 401 52 425 412 373 159 180 437 322 115 319 287 523 406 406 113 327 115 269 260 185 239 363 436 339 99 159 80 319 232 322 210 184 592 382 250 369 400 377 396 193 559 636 317 400 153 477 468 111 251 369 330 310 360 192 350 262 125 431 279 308 158 295 153 186 270 74 397 498 365 50 325 404 186 308 289 112 241 374 350 296 261 200 277 161 59 62 499 466 193 495 417 393 130 309 159 291 223 328 371 483 455 254 462 198 513 311 414 295 93 357 200 
669 409 495 437 507 63 514 59 677 714 846 88 444 331 456 352 397 238 232 574 58 117 145 267 187 702 837 195 421 604 615 219 712 822 490 114 187 503 408 217 119 245 701 516 555 411 247 488 482 308 449 452 172 586 467 575 133 776 861 779 481 138 455 631 663 487 181 319 246 243 686 81 488 507 809 411 557 855 513 603 319 481 379 602 130 305 538 709 328 669 360 548 625 788 195 529 552 521 927 619 420 502 423 655 533 527 539 553 614 304 699 383 711 508 398 445 214 763 221 704 202 66 566 843 132 228 362 643 659 769 457 831 132 237 454 621 227 384 317 718 400 189 196 184 757 535 428 661 792 508 416 780 577 359 606 489 507 149 491 598 647 222 461 398 331 374 721 399 892 544 120 407 296 347 611 204 587 428 779 598 794 213 229 573 554 510 650 588 510 630 413 770 797 591 381 584 393 735 810 525 347 163 563 524 869 430 392 114 697 226 207 761 677 659 345 180 589 463 147 481 798 777 341 493 585 607 293 279 247 664 487 455 663 513 433 252 749 796 491 806 770 650 701 745 420 723 134 206 610 605 477 363 624 485 547 467 159 480 327 189 862 385 749 550 229 394 527 254 392 234 285 355 351 547 779 583 760 599 655 328 
317 549 294 475 746 734 705 742 326 172 322 679 344 617 694 626 465 837 683 196 709 683 626 681 612 483 314 627 714 464 153 543 179 262 366 696 687 434 361 656 658 531 53 542 414 411 581 398 347 509 541 642 641 362 287 406 708 260 391 27 274 648 506 328 322 268 752 465 702 667 155 714 364 249 351 438 378 276 795 325 498 622 700 214 627 565 503 100 437 85 575 427 443 207 611 379 786 388 383 367 767 542 584 479 225 298 374 814 148 473 339 375 356 552 446 376 683 407 716 53 592 755 197 322 725 682 470 117 102 280 342 188 644 646 395 542 597 428 583 311 354 593 632 723 400 743 337 97 332 293 348 127 338 612 148 389 298 629 834 210 191 818 726 368 492 453 293 785 340 279 653 513 656 429 145 716 292 397 368 243 373 686 595 311 326 243 439 228 260 416 638 261 382 184 442 236 597 117 305 451 465 804 623 494 286 673 655 640 138 744 841 65 300 174 759 668 174 339 608 591 297 451 473 397 476 158 714 486 587 173 353 303 289 311 337 680 373 437 326 324 211 104 144 37 395 291 632 627 240 463 462 429 310 335 223 772 673 293 778 695 392 373 394 384 563 379 350 653 763 635 533 743 404 772 347 652 346 220 550 425 
624 674 231 620 377 645 332 650 92 241 253 540 464 340 343 334 580 814 446 407 612 517 566 711 586 101 247 439 377 63 292 501 234 261 544 525 475 126 434 659 591 392 386 175 640 232 596 146 514 321 214 294 461 65 359 53 660 216 242 410 362 491 662 610 624 361 530 327 718 428 491 556 164 313 199 558 608 289 427 89 311 263 382 475 541 621 131 459 344 373 296 82 37 265 434 109 406 592 321 638 432 182 261 76 377 499 591 437 305 493 98 404 678 187 233 210 456 135 478 365 572 665 392 249 534 448 268 322 394 196 227 323 497 660 187 137 404 258 330 645 372 560 619 702 129 365 294 386 695 470 301 320 584 702 346 569 206 575 477 465 216 793 373 303 555 258 632 459 297 184 584 637 389 314 373 487 546 217 161 505 729 459 598 121 555 342 39 478 414 10 310 628 175 269 255 198 288 297 222 109 287 752 232 133 299 333 335 539 268 742 799 463 614 232 456 647 294 482 522 235 215 150 291 581 82 294 438 475 385 232 526 384 118 500 280 432 710 167 195 208 587 350 493 430 230 149 497 430 512 62 155 497 96 194 267 418 640 424 484 480 242 332 122 85 400 447 558 412 439 648 344 436 407 393 169 257 150 207 145 398 
158 233 286 159 719 482 691 490 482 394 574 468 85 528 657 548 156 544 544 133 466 490 376 380 345 614 565 465 656 546 262 304 397 522 50 504 527 457 133 367 405 368 268 560 127 356 297 410 39 395 522 611 469 449 160 480 437 495 629 343 153 457 190 125 153 154 585 337 404 533 187 508 373 200 576 130 94 547 759 429 389 609 625 104 393 265 540 230 292 243 503 480 541 467 445 423 769 82 653 136 698 553 546 586 141 18 78 791 250 216 506 175 210 565 390 345 535 591 569 286 326 500 142 573 541 540 388 259 217 505 309 477 447 353 377 616 449 352 487 203 187 334 355 437 583 730 247 225 277 43 248 410 78 298 209 73 310 374 779 106 349 526 684 260 202 377 203 703 608 329 403 198 548 308 190 563 67 356 572 85 288 537 314 393 47 171 552 88 100 522 589 249 591 266 369 326 542 372 545 487 368 525 650 524 561 627 593 412 353 449 554 289 161 346 659 388 243 60 378 583 533 630 374 83 544 254 599 246 450 350 39 141 444 14 260 550 250 630 328 556 252 243 203 288 344 485 430 472 95 546 465 157 433 334 251 722 399 93 667 536 630 239 575 443 404 138 45 525 682 345 408 651 202 757 558 682 547 325 641 234 
699 546 369 537 245 314 246 314 480 566 654 197 456 71 189 87 487 501 39 529 283 155 296 474 343 462 647 100 159 369 509 294 562 646 535 155 82 289 408 413 302 176 617 263 628 252 391 295 513 156 201 183 114 386 416 360 363 598 652 682 430 154 571 666 695 434 122 211 464 26 651 188 315 426 607 485 614 678 262 414 166 213 116 583 257 447 295 653 252 587 114 328 394 627 116 334 293 581 728 672 176 249 164 415 482 539 593 302 514 361 497 366 752 253 221 289 55 543 68 609 343 328 516 651 142 43 193 545 589 584 321 680 167 426 278 367 97 234 84 741 361 324 373 418 539 271 335 586 813 510 326 645 616 528 527 547 367 308 258 575 504 483 199 307 424 210 738 169 701 396 295 525 27 246 543 80 605 268 570 594 829 57 381 397 587 445 420 574 482 407 144 769 585 479 220 442 132 604 620 300 198 427 296 284 690 161 123 238 564 465 474 692 700 520 119 382 488 481 250 218 610 548 190 556 347 504 57 325 92 524 523 419 479 529 331 22 792 571 342 611 751 562 662 666 268 535 182 86 607 370 256 412 438 333 439 216 365 463 125 82 652 315 532 348 141 405 569 19 152 417 136 116 339 287 576 314 556 459 401 307 
398 150 364 162 627 227 614 235 584 560 726 249 201 418 565 442 122 293 381 349 218 285 133 145 89 669 716 298 547 577 434 102 560 686 222 297 347 468 185 111 156 237 491 537 279 347 37 431 221 306 477 534 290 513 272 524 177 647 762 572 281 260 185 359 391 287 390 265 160 378 442 288 409 327 707 137 283 717 654 512 308 548 507 356 164 53 537 477 233 460 416 508 586 639 280 464 679 247 809 345 572 525 478 628 321 271 265 692 428 82 609 188 437 536 361 363 366 690 395 501 73 243 347 723 336 376 336 452 442 648 349 668 247 102 389 626 301 325 381 447 219 89 94 179 682 648 289 447 520 261 279 606 305 138 404 216 386 127 655 354 497 273 584 272 59 336 452 565 768 421 156 136 414 264 400 383 323 358 688 344 519 367 54 474 287 316 606 341 284 579 500 506 708 420 335 446 460 561 691 499 311 265 615 519 731 533 492 187 530 200 298 534 407 503 512 128 408 213 159 532 679 718 312 219 566 426 449 99 313 508 223 249 555 256 301 394 475 728 385 695 512 448 458 525 345 612 229 310 355 578 457 114 527 383 382 609 139 251 509 355 763 244 673 488 261 167 258 377 549 91 301 512 171 670 681 644 665 455 658 175 
408 473 42 412 496 533 458 539 194 176 327 454 252 358 441 367 377 674 431 191 503 449 434 544 437 319 318 383 458 257 106 354 174 292 328 461 440 190 231 500 464 296 217 301 421 154 428 147 298 258 288 388 400 155 145 191 526 249 364 276 146 415 453 392 408 144 504 223 556 414 291 483 109 95 309 353 389 323 543 134 247 373 441 260 421 439 270 272 210 192 316 198 248 251 369 141 539 375 411 419 510 298 328 293 157 280 373 566 115 316 219 212 464 309 188 118 432 304 464 206 420 554 175 325 484 430 214 143 204 249 87 293 414 497 137 332 350 174 326 433 179 413 465 556 296 497 114 198 490 251 126 245 364 512 144 353 40 440 579 250 109 653 472 141 366 197 422 527 370 35 457 435 399 191 169 466 327 139 294 288 520 435 436 98 336 123 258 261 195 228 381 428 313 75 187 48 339 201 292 214 213 624 389 256 338 418 397 428 161 590 667 297 400 121 501 499 93 267 401 343 280 339 221 365 260 103 457 309 338 125 310 172 160 281 106 425 497 343 67 296 393 166 296 268 139 213 406 381 296 257 211 302 140 77 50 517 497 208 520 447 365 162 287 156 322 247 339 399 505 485 284 485 227 526 284 421 269 60 353 231 
136 419 352 346 824 677 789 685 472 334 502 650 267 659 766 674 353 743 699 159 659 667 570 577 542 626 494 628 776 585 243 492 340 443 244 680 691 525 305 567 600 527 164 636 255 459 496 480 238 532 616 715 636 479 272 520 635 433 569 205 258 631 367 155 142 254 753 477 602 686 43 690 441 270 524 328 223 458 870 446 524 704 752 110 581 464 605 87 438 166 625 532 570 386 609 475 870 245 566 195 824 632 652 612 207 187 227 896 230 408 490 337 172 644 496 433 694 568 728 189 522 695 174 502 715 696 508 214 140 451 394 372 624 552 462 662 605 466 620 127 332 529 553 637 560 829 356 150 161 203 363 309 183 489 191 259 369 569 900 115 324 725 796 382 401 493 110 835 523 367 597 387 689 442 166 725 145 451 535 115 197 696 513 420 185 246 573 123 209 545 702 93 551 268 483 338 656 288 481 549 495 724 724 591 469 740 713 599 292 648 754 127 119 311 799 587 245 249 565 675 472 612 502 263 591 241 745 432 601 313 238 272 432 203 363 701 191 602 395 498 63 186 44 147 444 451 609 632 103 584 544 351 440 403 285 839 598 235 813 700 570 373 554 489 563 317 214 675 814 544 551 787 369 857 515 756 511 328 678 398 
562 347 361 354 456 136 452 141 550 580 716 61 326 254 397 278 308 312 190 446 103 88 83 261 130 589 707 113 371 491 481 107 578 690 384 101 152 385 284 200 93 117 569 416 463 283 184 364 371 189 350 378 99 461 336 455 160 644 734 646 350 64 381 525 556 356 193 188 253 190 561 101 360 373 682 314 458 723 475 475 198 400 329 479 44 243 432 581 193 537 268 430 509 655 101 405 506 422 798 520 388 403 334 543 403 411 438 515 480 193 573 255 608 411 275 315 173 641 199 571 134 156 437 713 140 185 240 510 528 638 325 697 50 213 327 519 131 256 226 609 269 114 160 212 634 480 294 529 684 389 282 646 471 319 474 388 374 95 468 474 513 292 410 264 240 250 610 376 762 411 85 333 236 214 480 186 474 300 653 479 690 174 171 443 446 378 533 466 384 511 340 655 671 456 255 450 309 600 680 411 222 245 478 416 736 367 326 30 562 258 293 631 567 524 322 171 455 347 39 393 668 659 217 395 474 473 259 161 150 529 378 326 533 398 299 206 648 676 359 677 650 517 575 613 290 593 32 127 492 492 362 253 495 353 413 429 155 355 315 159 735 250 626 427 112 272 421 194 362 204 169 324 223 498 652 502 633 465 553 197 
220 494 349 420 818 729 780 737 428 279 434 691 320 669 763 681 422 809 721 185 708 702 620 646 597 585 427 655 778 556 218 540 286 374 314 715 718 510 350 630 651 556 114 621 338 463 557 469 303 549 610 711 666 450 298 494 693 371 504 128 284 666 445 240 226 278 782 498 669 706 79 728 432 279 463 396 304 387 866 415 539 696 758 164 628 530 586 52 463 131 631 510 537 319 637 457 861 322 494 279 829 619 650 577 229 251 305 889 208 459 443 376 252 630 500 433 718 516 752 136 578 748 195 435 748 719 518 183 119 392 394 298 660 617 458 634 629 475 632 205 364 582 612 699 509 819 370 124 220 258 379 239 264 563 182 332 360 621 900 165 284 790 794 399 463 502 187 843 451 350 647 461 703 461 162 750 222 453 478 182 262 720 573 395 261 262 537 179 247 511 702 149 493 248 491 314 658 227 417 531 508 785 706 574 397 739 716 644 241 714 817 48 203 269 811 647 229 307 610 665 409 560 516 338 565 219 760 480 623 269 305 305 390 266 375 720 265 547 388 436 98 157 62 76 447 399 646 658 173 555 534 407 404 397 276 839 656 278 827 727 505 397 502 466 590 366 289 694 821 608 571 797 408 848 458 737 456 300 646 434 
268 86 365 31 719 363 700 371 582 523 700 381 139 513 655 536 18 395 496 275 354 414 269 229 225 694 690 413 645 612 389 219 524 652 105 426 468 508 159 227 292 332 417 596 142 390 167 465 120 386 544 618 409 529 243 550 307 619 747 495 245 385 71 229 261 249 517 333 255 490 340 421 434 298 692 35 149 680 752 518 384 625 607 258 297 120 587 384 290 390 501 542 614 599 393 489 771 115 781 210 677 586 556 658 264 170 134 788 380 143 607 192 302 598 415 394 484 692 515 432 209 377 278 698 465 492 400 396 366 626 368 617 373 210 425 672 408 376 473 317 222 224 224 296 684 736 300 373 388 174 295 552 177 144 345 90 389 263 760 260 468 378 678 297 85 395 324 674 737 419 292 48 519 317 332 504 204 397 681 237 385 485 186 479 165 276 630 242 219 601 588 381 701 385 390 430 544 510 667 540 376 385 682 569 694 624 585 319 485 301 409 443 279 469 624 254 366 133 288 604 655 727 379 89 605 381 561 180 416 474 115 216 548 156 314 507 340 732 398 676 395 385 357 441 383 598 355 423 247 612 506 103 528 400 356 709 269 191 625 477 748 268 676 512 364 146 135 487 657 204 389 621 198 760 670 713 656 434 701 221 
293 173 274 125 630 341 609 349 494 449 621 329 75 427 566 449 80 418 422 223 324 355 234 263 204 600 612 340 558 517 318 163 450 577 114 368 400 413 71 237 264 250 367 501 202 295 163 370 103 296 450 527 340 436 160 456 299 541 665 447 166 323 166 255 287 171 454 242 283 414 317 370 339 217 609 63 191 607 665 427 294 532 523 231 252 148 492 351 197 336 411 447 520 527 320 395 682 156 704 251 594 491 465 564 198 150 170 700 311 75 519 97 339 503 320 299 411 604 444 378 185 359 222 619 407 418 307 332 317 546 274 551 312 226 330 577 330 281 386 340 128 193 218 305 596 646 206 322 415 135 200 488 202 211 282 122 298 233 677 229 390 399 591 202 73 301 343 594 661 330 261 136 438 223 275 436 208 301 595 222 421 413 179 389 177 200 537 216 159 507 499 391 615 308 295 345 453 444 588 445 283 390 587 474 621 535 498 272 415 325 424 408 299 393 546 253 293 87 238 511 575 637 287 130 510 310 483 109 335 398 109 135 462 135 220 431 379 643 305 594 393 326 333 399 288 514 295 349 234 517 411 16 438 306 275 624 262 126 550 408 665 173 587 419 284 54 152 408 575 216 302 541 103 671 585 619 571 351 606 128 
593 306 499 347 605 56 606 61 703 714 863 163 392 412 550 435 315 147 329 534 78 207 106 149 114 752 854 269 519 654 600 186 712 831 419 210 284 547 365 107 77 277 672 581 468 438 161 522 418 352 514 536 248 618 441 615 20 787 887 752 452 208 357 554 587 459 294 342 126 335 635 182 513 489 833 334 476 863 617 627 360 561 476 549 127 210 596 666 335 640 431 591 671 791 261 562 653 441 946 537 525 567 497 706 500 467 460 657 596 253 727 352 630 576 436 467 311 798 325 679 134 58 529 860 240 324 401 623 625 784 469 828 196 127 483 683 293 412 389 643 377 132 103 64 791 632 425 629 715 454 413 771 501 248 580 412 516 99 600 547 647 127 559 399 256 410 648 507 907 553 85 311 386 362 580 309 520 455 807 540 712 310 143 593 484 485 695 534 469 671 498 703 826 580 413 588 470 725 826 574 381 84 641 580 878 521 481 133 689 108 130 722 603 656 452 73 573 406 146 556 815 819 378 414 638 591 395 240 313 661 420 423 682 452 433 348 667 834 505 826 709 625 651 710 443 741 187 282 551 655 525 304 647 501 538 570 58 436 438 288 888 378 783 585 277 348 455 343 498 128 334 460 324 647 804 664 786 600 718 311 
502 331 279 321 443 214 430 219 473 498 636 139 260 233 380 257 271 375 207 368 183 149 127 290 155 524 627 124 363 428 398 83 496 609 329 162 184 319 215 231 152 55 488 367 417 208 187 292 311 131 302 351 124 387 257 385 221 563 658 564 271 114 354 467 497 277 241 112 290 201 486 175 283 291 604 270 407 641 470 398 136 367 323 407 103 237 375 503 110 455 233 362 442 572 104 332 494 372 719 467 390 354 298 479 325 346 386 508 397 146 497 180 552 363 207 237 196 568 228 489 147 235 359 633 198 203 174 427 448 558 243 614 106 238 253 464 119 181 197 548 190 130 189 264 561 463 211 449 622 321 198 563 414 321 392 338 292 137 473 401 430 354 399 181 208 181 547 385 682 330 145 309 232 134 400 220 411 224 577 411 632 197 182 365 387 297 466 395 309 441 316 588 596 373 183 368 277 517 600 347 152 314 438 358 655 348 308 107 479 307 361 552 506 441 335 212 372 284 84 354 588 588 149 346 412 390 271 109 129 446 320 248 454 334 216 218 592 604 279 599 579 435 500 533 213 514 93 134 423 428 300 200 418 273 329 425 203 282 336 193 659 168 553 355 77 206 365 197 368 227 120 332 148 485 575 466 557 382 498 119 
252 160 291 98 669 376 646 385 508 449 626 371 65 467 605 489 65 440 465 208 362 398 272 279 239 622 616 383 599 542 316 205 451 579 73 411 443 441 88 262 301 292 352 534 159 326 191 396 67 336 485 564 383 456 168 480 331 545 673 431 170 366 140 214 246 175 497 280 302 457 289 412 364 224 618 39 148 607 705 444 332 569 564 204 292 163 521 327 235 323 450 472 543 526 363 419 720 113 707 209 635 524 501 588 192 117 127 739 307 117 533 125 297 536 353 326 454 618 487 365 220 394 210 624 449 461 343 325 301 551 298 546 355 249 358 605 372 314 426 300 152 229 248 332 610 684 230 307 374 111 225 481 160 211 274 79 316 270 718 203 394 422 630 230 95 336 303 635 664 345 299 122 479 259 263 479 170 331 607 190 379 456 208 406 136 202 558 188 148 529 537 353 626 311 329 355 492 439 593 473 319 419 621 504 621 574 537 313 413 346 449 385 259 395 588 282 293 64 279 546 581 653 324 87 536 308 526 151 377 400 70 142 473 102 244 473 337 657 326 601 358 316 306 380 317 523 337 392 201 542 441 58 453 329 282 664 293 118 592 451 674 202 601 442 327 77 110 451 616 240 343 582 139 709 595 652 582 359 633 167 
910 814 512 793 42 591 77 590 498 637 648 478 682 250 106 226 743 777 312 708 563 434 578 756 623 392 644 380 123 342 639 566 631 665 768 431 357 348 635 695 584 433 749 241 868 409 668 387 742 376 248 150 397 427 609 383 644 621 615 793 621 436 831 883 908 624 362 431 747 306 822 461 425 596 588 735 847 691 36 465 378 161 165 773 538 721 282 807 476 726 261 358 371 670 395 403 12 818 700 897 123 240 215 359 663 754 826 32 649 619 502 592 966 230 374 431 330 503 318 733 622 603 693 644 407 317 373 675 738 600 471 729 449 707 402 283 368 410 288 946 575 603 654 699 502 40 519 732 1011 722 515 719 840 804 678 785 497 590 93 764 593 760 84 501 687 384 938 152 688 507 577 789 258 455 701 335 818 415 546 793 1035 331 659 471 809 622 389 768 680 397 173 955 553 609 392 547 219 689 621 331 394 702 175 289 699 137 176 521 653 746 747 829 907 611 199 665 627 707 530 191 616 484 388 796 323 637 246 584 355 613 753 623 518 747 508 293 1004 513 470 605 925 700 829 798 424 555 464 367 805 344 323 660 484 461 582 74 647 671 223 353 615 522 500 399 406 638 797 300 151 697 372 185 572 16 562 158 545 562 300 544 
638 435 389 440 385 174 386 175 552 605 724 57 397 197 329 218 393 361 109 504 143 19 166 340 216 567 715 59 299 469 520 191 602 705 463 29 67 371 353 280 165 136 617 379 546 290 271 361 447 182 312 319 36 459 390 444 223 657 734 691 404 25 468 602 633 410 107 207 328 115 623 58 366 419 683 397 539 737 399 479 193 346 256 545 127 331 402 637 230 585 223 415 491 675 64 402 433 504 803 600 308 365 287 520 459 484 518 439 521 274 573 317 687 372 272 326 92 632 113 615 221 189 493 720 60 104 236 552 580 648 346 722 37 295 330 484 93 264 180 685 325 201 242 278 627 411 331 580 759 459 320 677 549 405 522 469 396 177 387 539 538 343 339 300 325 250 685 293 770 431 159 420 166 241 532 99 548 308 651 549 768 91 257 452 522 429 516 533 446 497 280 726 668 492 258 474 257 632 688 392 225 288 428 388 751 301 261 105 593 325 335 684 643 552 238 247 495 421 126 345 677 645 218 476 450 513 178 239 113 556 455 384 541 471 333 128 727 665 376 683 716 563 637 664 301 600 55 70 561 471 343 332 501 369 449 352 228 420 230 73 734 295 619 422 108 343 500 123 282 287 156 243 286 427 653 449 634 490 519 256 
584 557 176 515 297 481 260 485 230 327 404 374 376 185 242 186 469 655 284 375 448 350 408 566 434 244 397 271 262 146 304 352 322 396 463 358 310 41 334 509 431 230 415 115 564 94 453 53 434 156 89 190 293 135 286 114 500 348 406 466 296 324 557 561 582 297 367 174 568 266 486 389 89 263 358 453 537 428 344 165 147 175 252 442 380 488 102 471 204 390 139 85 163 380 267 85 341 514 479 581 316 107 132 198 332 435 518 368 313 363 248 295 640 119 76 101 292 302 317 401 423 501 359 400 367 285 106 341 402 334 139 436 330 514 69 189 237 112 167 616 269 409 468 546 296 299 198 396 678 403 198 409 523 572 341 484 161 419 382 432 271 634 274 191 431 101 607 336 451 173 424 524 233 173 365 325 494 90 323 465 705 295 453 153 492 291 188 439 355 167 186 620 339 273 101 216 148 372 370 65 129 590 204 84 440 221 205 376 333 588 638 495 579 288 319 493 291 398 362 145 360 315 131 496 131 302 287 337 217 292 446 304 229 431 185 272 677 334 134 361 589 365 493 465 103 284 331 263 475 147 21 382 188 125 245 319 484 352 343 315 406 218 289 97 234 343 486 249 314 501 177 300 288 328 327 237 308 233 221 269 
450 363 161 328 429 330 405 336 361 381 520 251 212 233 365 252 280 483 261 280 300 250 236 375 250 428 511 194 362 336 286 166 378 492 297 262 256 226 165 322 265 97 384 301 396 105 260 190 272 99 247 323 207 279 165 285 331 446 545 457 179 214 368 420 447 185 321 41 381 247 402 282 173 186 490 268 376 524 466 285 94 328 330 331 219 292 297 409 8 352 210 266 346 455 177 226 480 347 603 429 403 290 260 386 233 291 355 500 287 168 385 121 505 301 121 126 257 460 291 381 236 352 268 517 291 259 103 318 348 442 127 497 212 324 149 385 168 83 192 492 110 225 283 368 452 443 97 348 562 260 86 447 372 376 289 314 175 245 484 324 313 462 391 66 236 98 487 408 565 212 258 332 255 22 301 288 357 118 465 343 580 259 262 251 342 199 367 322 231 340 297 518 484 260 95 251 251 402 484 257 79 427 385 279 538 335 299 224 363 407 473 453 450 325 366 312 261 238 199 307 472 484 83 324 324 279 308 142 163 330 283 167 339 282 100 263 544 497 162 483 501 330 414 431 105 399 203 196 355 336 216 193 304 158 216 427 307 212 376 265 545 64 444 250 129 166 328 237 387 312 114 357 101 468 462 415 444 265 417 76 
385 170 326 165 602 242 587 250 546 523 688 245 173 393 538 416 119 325 364 318 227 277 138 183 105 632 679 280 523 541 399 84 523 649 206 290 334 432 151 145 166 210 459 504 275 310 69 394 201 275 445 506 275 475 236 487 199 609 724 540 246 249 195 346 379 252 381 232 197 359 416 285 371 290 669 127 274 679 630 474 276 518 484 330 162 86 502 449 197 428 387 471 549 602 261 426 653 238 772 336 551 492 448 591 288 249 255 668 393 45 571 151 427 503 326 325 350 652 381 468 86 260 315 686 329 360 303 417 411 610 312 632 237 138 352 591 280 289 355 434 182 95 120 210 644 621 250 415 508 235 241 571 292 171 370 205 348 135 634 328 460 305 559 234 51 302 437 546 730 383 164 149 393 228 367 370 304 322 650 321 510 352 82 436 271 280 569 315 253 541 473 488 670 384 300 408 431 525 653 463 278 292 583 485 694 507 467 184 493 235 328 505 393 466 494 155 373 187 152 501 641 680 279 210 530 390 430 64 290 471 204 214 517 234 263 376 466 690 347 657 492 415 432 495 308 574 219 292 333 541 422 85 489 346 345 586 162 220 493 342 725 206 635 451 238 133 243 357 529 126 272 492 133 644 643 613 626 417 623 138 
477 516 71 460 429 530 390 536 160 203 320 439 304 307 377 313 421 684 391 260 499 427 438 567 449 261 311 355 397 190 171 364 198 296 385 438 407 120 274 518 466 281 282 232 482 118 450 80 355 227 223 324 374 95 199 124 532 249 343 332 203 395 502 459 477 202 470 207 576 374 362 464 49 157 289 399 451 329 478 87 216 306 384 329 420 470 199 341 209 258 263 128 184 267 344 70 471 434 402 485 450 229 266 230 224 342 433 499 181 342 185 246 533 240 143 82 395 265 425 267 434 551 245 317 457 391 176 208 272 242 76 317 397 517 85 263 321 144 280 503 214 424 480 568 257 429 137 266 560 313 146 282 429 547 214 409 46 446 516 319 141 663 408 153 401 160 492 469 366 39 459 479 352 182 239 429 394 100 265 357 590 398 455 50 399 186 198 329 257 168 320 498 285 141 151 82 280 241 284 144 183 629 319 186 342 355 338 423 202 605 674 362 469 157 447 512 162 322 400 275 272 295 190 421 191 170 409 329 305 161 367 224 138 342 124 383 567 303 39 282 463 233 367 331 107 197 392 351 365 189 144 340 103 43 121 454 507 266 469 414 344 180 249 87 301 288 400 358 447 505 253 430 254 458 261 350 243 99 285 249 
608 377 408 391 458 105 458 108 591 627 759 18 374 265 402 288 347 291 182 496 73 62 101 269 152 621 750 122 372 523 530 151 625 735 429 70 139 420 333 210 94 158 619 440 504 324 211 402 418 224 373 389 101 500 386 491 150 688 775 696 400 61 416 570 602 406 164 232 255 188 611 57 401 423 723 355 501 768 472 516 234 415 329 528 67 272 460 631 241 587 287 464 542 701 117 444 506 465 840 563 381 427 352 574 453 459 481 512 529 239 613 305 653 434 313 358 164 678 183 620 161 123 487 756 108 177 277 559 578 682 370 744 50 226 367 545 150 297 244 655 319 143 175 205 672 484 342 579 730 437 330 694 516 341 524 432 420 111 459 524 560 272 412 312 279 289 657 365 805 457 89 367 238 260 530 168 521 342 693 528 735 164 195 486 492 428 567 515 434 546 350 703 711 505 294 497 324 648 723 443 261 219 495 444 781 373 333 44 610 252 267 681 614 572 310 175 504 395 76 411 711 694 255 437 505 522 250 208 170 577 424 376 576 445 347 201 692 712 404 720 699 567 625 664 333 636 48 135 540 524 394 298 537 397 461 425 156 404 299 144 776 300 664 465 145 321 466 195 354 219 201 316 273 500 693 517 674 512 579 247 
587 535 192 498 282 438 250 442 275 365 450 329 367 144 223 148 451 614 239 385 405 304 369 531 398 286 442 225 236 188 328 318 360 440 454 312 264 87 323 474 391 190 440 130 556 86 421 90 427 114 79 173 247 181 287 160 460 391 452 496 298 279 539 562 585 300 322 142 533 221 501 343 116 273 404 437 531 472 327 208 107 167 220 449 339 460 132 490 178 413 99 131 207 422 222 128 330 505 525 578 288 118 109 239 340 434 511 355 336 338 294 282 643 130 53 109 246 348 271 428 388 457 369 446 321 239 71 365 422 378 148 476 285 479 84 221 191 92 122 622 259 373 432 507 343 290 196 417 687 402 194 445 520 545 359 474 182 380 359 440 306 593 254 182 407 72 614 305 496 202 383 503 190 150 381 279 496 91 369 470 711 249 419 192 489 299 232 445 357 213 160 632 386 297 77 247 117 406 415 108 96 548 214 114 484 198 175 334 367 551 596 519 583 322 282 456 313 391 322 141 405 360 96 486 171 325 246 310 171 326 439 302 273 428 185 227 681 380 154 407 604 387 509 490 100 329 287 216 481 189 59 364 231 145 264 297 446 350 304 269 453 206 335 143 191 329 481 204 283 467 134 265 269 317 373 245 354 264 254 247 
528 581 134 525 417 585 375 590 101 188 270 489 367 327 371 328 486 744 422 310 553 472 497 630 511 198 262 397 397 140 202 426 182 256 447 482 443 111 339 581 524 332 305 211 542 166 514 95 417 270 221 318 417 34 262 75 591 207 285 342 265 442 566 513 528 263 504 261 639 404 401 510 89 215 232 464 510 288 467 25 259 294 392 379 476 535 171 373 269 287 281 94 127 238 388 57 454 495 350 541 452 212 268 172 279 401 493 484 214 407 124 312 583 221 181 135 428 200 455 286 496 606 295 267 497 422 217 235 306 196 139 294 445 581 123 217 362 193 306 551 280 485 542 629 193 412 203 298 603 372 211 271 486 613 254 472 109 505 511 369 142 723 403 217 466 203 538 475 317 86 517 544 374 240 280 462 448 148 205 408 636 431 518 24 457 244 136 381 316 107 323 538 224 177 196 106 289 237 234 120 229 687 290 162 301 354 344 477 201 667 733 384 519 159 461 573 200 385 456 264 224 229 235 484 146 203 430 392 344 161 429 287 89 402 189 411 615 239 104 229 500 263 404 352 159 147 442 390 416 139 143 405 48 105 170 449 568 327 485 449 286 245 184 52 348 354 460 388 453 568 296 442 319 441 203 320 184 118 234 313 
109 405 372 333 843 676 809 684 500 364 532 654 268 674 784 689 344 734 710 175 658 672 569 567 539 653 524 636 793 610 269 493 369 473 235 686 700 546 309 560 599 536 194 658 236 476 491 502 233 545 636 734 644 504 285 544 631 463 599 234 271 637 351 133 115 267 761 489 593 697 70 694 462 287 553 321 205 488 888 472 537 724 768 117 583 456 627 117 448 194 641 555 595 416 617 498 890 230 596 171 840 654 670 638 222 185 212 915 256 407 518 343 142 665 513 452 704 597 738 219 520 694 191 532 721 707 524 241 168 481 412 401 629 545 481 687 615 482 634 97 341 528 549 630 589 848 371 177 134 204 378 339 167 476 215 248 390 568 917 125 351 716 814 396 396 509 80 850 553 390 596 375 702 455 189 734 134 469 564 113 169 706 509 445 173 262 599 128 218 571 719 71 580 292 499 363 673 318 511 572 509 718 746 613 499 757 729 602 322 639 746 155 91 339 813 582 269 248 567 695 501 640 517 251 615 266 757 434 612 341 231 282 460 200 379 712 161 631 416 528 58 213 73 176 461 480 614 641 101 609 565 350 466 424 307 856 594 241 825 708 600 385 582 512 572 320 203 686 829 537 563 802 375 877 545 778 540 353 703 405 
486 638 233 569 592 725 548 731 132 34 149 642 412 508 550 510 543 865 598 293 695 633 626 729 628 285 140 562 578 285 163 546 29 102 470 644 614 292 405 689 656 483 204 384 547 325 616 273 442 434 403 498 581 199 314 240 718 70 206 199 309 600 608 485 489 304 677 409 744 580 329 669 254 258 157 517 510 132 642 162 423 471 574 348 613 620 341 282 401 206 462 269 259 60 551 239 625 508 230 520 633 388 450 289 289 407 499 655 175 502 140 395 534 396 350 288 602 204 631 179 610 746 283 148 664 597 383 169 235 84 270 112 601 684 291 358 528 350 484 492 364 604 656 747 197 583 307 225 527 387 318 98 476 686 217 495 220 632 689 340 86 844 581 333 545 367 476 657 186 183 649 599 554 380 239 636 431 308 167 382 566 605 625 171 454 275 249 357 334 232 504 456 182 167 359 144 471 85 119 298 390 816 453 336 147 535 526 619 77 779 859 267 472 82 643 689 185 419 593 441 108 248 397 506 301 171 610 499 513 77 452 340 105 415 298 588 558 235 238 133 408 193 324 235 313 89 594 558 384 283 325 479 140 245 201 628 689 360 667 621 207 354 191 232 506 423 468 564 635 672 461 624 415 611 147 479 144 131 361 423 
636 347 529 389 603 47 607 46 729 746 891 165 432 418 550 440 357 140 326 573 80 205 138 183 154 770 882 275 517 672 635 221 745 862 461 206 281 567 404 148 107 298 710 593 510 462 203 545 459 370 526 541 253 641 477 636 62 817 913 790 489 214 399 597 629 496 281 367 158 335 676 175 538 524 860 376 519 894 612 653 379 568 474 590 151 252 611 706 363 678 440 611 690 822 270 585 649 483 974 580 519 580 506 724 538 508 502 652 632 292 752 389 672 587 457 492 308 822 319 716 174 34 568 888 231 321 422 659 664 813 498 861 204 167 507 697 303 435 397 685 412 170 145 94 815 630 457 667 758 495 445 805 544 287 617 455 545 134 591 587 679 123 557 429 298 431 691 498 936 583 113 353 387 388 618 302 562 479 833 581 754 307 185 620 526 522 715 575 508 692 502 745 851 614 436 619 477 759 855 592 403 66 648 596 908 522 483 151 723 130 114 761 646 689 444 115 608 447 171 564 843 840 398 457 655 627 390 277 323 694 462 460 709 493 464 346 709 857 533 854 751 662 692 749 468 769 198 288 593 673 543 345 673 528 571 565 100 475 427 284 914 410 807 608 293 387 497 344 491 169 350 454 360 644 830 670 812 632 732 344 
711 642 312 612 160 487 126 488 334 455 502 370 489 120 105 102 563 672 229 508 454 333 441 615 479 280 496 259 131 195 442 408 449 506 576 336 269 156 444 555 456 271 553 78 677 210 513 190 549 199 48 52 281 248 411 210 524 459 486 602 422 320 652 686 709 424 310 247 612 214 622 370 226 396 447 552 654 535 207 284 198 44 134 573 405 559 119 608 290 528 95 179 224 500 265 212 206 627 568 702 186 67 28 234 463 557 633 231 451 444 345 401 767 67 176 231 244 373 255 538 473 503 493 498 330 232 181 479 540 441 270 557 330 563 202 179 232 214 137 746 381 455 512 576 370 165 320 534 811 526 318 538 644 644 478 595 298 453 245 564 404 653 137 305 514 189 738 212 546 310 449 613 163 265 501 269 620 215 407 594 835 246 508 283 613 422 248 569 481 243 61 755 419 411 197 353 57 503 470 149 205 601 114 115 546 87 87 393 466 622 648 633 708 422 208 531 429 513 392 30 462 370 201 606 173 440 200 412 213 425 561 425 345 551 309 211 805 396 271 457 725 503 629 603 224 392 339 246 605 197 127 477 306 262 382 183 517 474 237 271 486 327 365 214 255 448 603 199 191 552 206 187 385 193 417 140 398 369 212 359 
638 341 549 388 631 75 635 74 751 765 912 193 441 446 578 468 360 112 354 585 107 233 156 171 165 796 903 303 545 698 651 238 763 882 465 234 309 592 416 145 127 322 723 620 509 485 207 569 465 396 553 569 281 665 492 661 68 838 936 803 504 242 395 599 631 510 309 390 144 363 685 203 561 540 882 380 520 914 640 676 404 595 502 599 174 251 638 717 384 691 468 636 715 842 297 609 677 485 995 580 547 607 533 750 551 516 504 680 648 304 775 403 672 615 481 515 336 845 347 730 184 62 580 909 259 350 446 674 676 834 519 879 231 163 530 724 330 459 425 687 428 183 150 81 839 659 476 680 759 503 464 822 547 278 631 458 566 150 619 597 698 95 585 449 303 456 694 526 957 603 133 351 415 410 631 330 567 502 855 588 754 335 190 642 530 537 740 584 519 717 530 749 874 631 460 638 505 776 876 617 427 39 676 622 928 550 511 176 741 110 86 773 649 707 472 117 625 455 193 592 864 865 423 459 681 643 418 292 350 712 467 474 731 500 484 374 709 881 555 876 757 676 701 761 491 791 224 316 600 699 569 354 695 550 589 593 105 487 455 312 936 429 831 632 319 399 501 373 519 167 376 482 376 672 853 698 835 651 758 362 
575 528 179 490 295 441 262 445 265 352 440 334 357 157 237 161 443 616 249 372 408 311 370 530 397 283 432 232 250 185 314 316 347 429 444 319 273 80 314 473 392 191 426 136 546 74 418 78 416 116 90 186 254 171 275 153 462 380 444 482 286 284 531 550 573 288 332 138 532 231 487 349 102 259 395 429 521 461 340 197 108 179 234 437 341 456 133 476 173 399 112 125 203 409 227 117 343 495 516 567 302 126 123 237 327 422 501 367 322 333 284 273 631 138 44 95 256 341 282 414 387 461 356 436 329 250 69 351 408 368 135 463 290 478 70 223 197 84 133 609 249 372 431 507 335 302 184 403 674 390 182 432 509 540 346 465 168 380 373 427 292 595 267 171 401 67 602 319 486 188 385 496 202 143 368 290 484 78 361 457 698 259 417 180 478 286 228 432 345 207 174 619 378 283 70 233 131 393 404 104 93 551 222 116 473 211 189 336 353 551 599 505 571 309 296 456 299 381 323 152 394 355 94 476 169 311 259 305 178 312 428 290 261 417 173 238 669 374 140 397 591 373 495 476 88 318 291 224 468 186 56 356 220 131 251 311 446 339 318 278 444 196 328 133 195 321 470 215 297 465 138 279 262 330 364 254 345 250 256 240 
645 358 532 400 595 43 600 40 729 749 892 159 439 412 543 434 367 148 318 580 77 198 143 196 162 768 883 270 509 670 639 226 747 864 470 199 273 565 410 160 111 297 715 589 521 462 213 544 468 369 522 534 248 641 482 635 73 819 913 795 495 209 410 606 639 501 271 367 171 327 683 167 538 529 860 385 529 896 603 653 378 562 466 598 152 262 608 713 365 683 436 609 688 825 266 585 641 493 975 590 510 576 501 721 544 517 512 643 636 299 752 394 682 583 456 493 301 821 310 721 181 25 574 889 222 314 420 664 670 814 499 864 199 179 507 694 299 435 393 695 417 176 155 106 814 623 459 673 768 502 447 809 553 299 622 464 547 139 581 595 682 132 549 432 307 430 700 489 938 585 117 364 380 390 623 293 571 479 832 589 765 299 194 621 535 527 713 583 514 691 496 754 851 618 435 621 472 763 856 590 402 73 643 593 910 515 476 150 727 142 120 768 655 692 435 126 612 455 172 559 844 839 397 466 652 631 382 283 319 697 471 466 710 502 467 338 719 856 534 855 759 667 699 755 469 770 194 283 601 671 541 353 674 529 575 556 110 482 418 276 914 413 806 607 290 394 506 338 482 181 347 445 365 636 831 664 812 634 728 348 
462 196 398 221 608 164 599 172 614 604 764 201 261 401 547 425 185 240 348 406 157 241 80 118 30 686 754 269 525 592 483 94 604 727 286 251 310 482 238 64 97 228 547 539 341 363 31 449 284 303 475 522 257 537 321 543 113 686 796 627 331 222 239 423 455 337 346 273 123 348 503 238 431 373 741 201 346 758 631 540 308 540 483 417 118 91 545 536 250 515 406 524 603 682 253 485 659 310 847 408 545 526 471 643 375 334 329 670 478 127 639 233 500 536 371 384 332 717 358 555 26 179 403 761 290 343 342 503 499 685 377 715 208 66 407 634 279 339 367 511 261 45 32 123 709 631 322 503 584 322 311 655 369 161 457 280 418 71 626 415 539 219 563 301 123 345 516 534 807 455 98 191 390 280 454 344 387 377 719 407 583 332 13 503 351 365 625 402 341 599 486 570 738 466 345 484 449 609 728 511 318 204 612 527 773 516 475 140 576 153 241 593 471 547 480 67 456 274 120 527 716 742 317 283 578 474 417 126 294 552 287 300 588 319 333 364 538 754 413 730 576 502 519 583 364 646 191 282 418 592 467 173 557 411 426 585 75 308 474 318 797 275 701 509 245 221 322 350 520 54 293 482 210 651 713 639 696 494 667 205 
552 572 141 522 363 544 322 548 149 246 323 443 369 269 314 269 480 709 366 336 511 423 461 605 480 201 315 346 339 118 243 395 241 313 453 432 389 52 336 553 487 290 351 159 552 127 490 43 423 222 163 261 367 55 268 56 555 264 330 394 274 395 564 534 552 274 449 222 612 348 437 461 60 231 280 460 522 344 412 81 212 239 333 405 437 516 124 414 238 330 223 52 119 297 339 5 402 503 400 558 394 159 210 164 299 415 504 431 254 388 169 303 608 169 132 105 373 233 399 335 466 564 321 319 445 367 169 279 346 251 126 353 399 554 81 188 311 153 249 579 272 454 513 596 227 360 194 339 636 384 199 329 502 597 289 477 118 470 454 395 195 688 346 200 452 157 568 416 369 113 480 537 317 208 315 406 468 111 248 432 666 376 492 73 472 260 138 405 330 110 264 574 265 214 152 148 230 294 288 69 185 649 244 112 357 296 285 436 256 637 696 431 545 213 402 541 236 390 418 208 277 254 190 489 116 243 371 369 293 215 436 291 145 414 180 355 643 269 100 280 538 305 441 400 124 201 397 339 441 118 84 395 104 95 197 392 535 336 426 395 331 229 219 20 301 348 471 332 395 542 247 383 304 389 249 275 230 163 212 293 
750 558 454 562 299 269 313 267 577 658 752 169 507 168 256 180 514 451 64 598 245 125 287 456 337 558 744 127 216 466 592 312 654 742 578 117 65 386 460 398 282 227 697 357 665 340 394 391 560 236 298 265 124 483 483 458 330 694 750 766 497 147 591 715 746 503 33 282 441 82 720 140 408 502 705 517 656 774 301 510 247 299 177 646 249 454 391 727 317 666 211 426 492 721 147 430 342 621 826 716 208 345 258 511 551 593 635 341 596 392 595 421 801 348 312 378 62 641 30 692 343 278 586 748 82 64 280 627 665 681 407 773 160 414 371 461 150 320 180 795 422 324 362 386 637 329 411 664 868 565 400 736 663 528 604 586 455 298 278 639 594 435 255 380 447 297 794 186 798 485 277 543 120 318 618 29 658 357 668 654 880 59 380 491 635 517 518 635 545 505 229 831 683 563 307 531 227 693 717 398 281 376 381 381 787 235 203 226 653 431 419 769 753 610 132 363 570 531 249 309 707 645 273 594 444 587 88 356 158 614 569 482 575 581 409 75 841 669 431 709 817 643 732 746 355 631 178 122 666 468 354 449 534 422 522 255 343 522 115 56 750 383 630 445 191 453 614 98 179 406 211 144 391 338 674 395 654 548 493 360 
894 802 495 780 29 585 59 584 480 620 631 471 667 238 92 214 730 771 305 692 556 427 569 747 613 376 627 372 115 325 622 555 613 648 753 424 350 330 621 686 576 421 732 223 853 393 657 370 727 362 231 135 388 409 594 366 637 604 599 776 605 428 818 868 892 608 359 417 738 299 805 456 408 579 572 722 832 674 46 447 365 144 158 757 530 710 265 790 462 708 247 340 354 653 385 386 23 804 684 882 122 222 199 342 647 739 811 49 631 607 485 577 950 213 358 415 323 487 313 716 612 597 676 627 402 310 358 658 721 583 454 711 441 698 386 267 358 394 276 930 560 593 645 692 486 23 503 715 994 707 500 702 824 793 661 771 480 581 104 748 576 754 75 486 675 368 922 153 672 490 569 776 249 441 684 330 802 398 530 777 1019 324 649 454 793 606 372 752 664 380 160 939 537 591 377 529 205 672 605 314 379 696 158 272 683 124 164 512 636 739 742 812 891 593 197 656 610 692 521 174 599 468 374 782 306 620 241 572 344 596 739 607 501 732 492 286 988 497 453 588 909 683 812 781 408 538 455 358 789 327 306 647 467 444 565 75 639 656 223 347 599 506 483 382 395 623 782 292 150 688 359 182 558 13 545 142 528 545 284 530 
799 690 415 671 83 475 87 475 448 570 613 359 566 126 31 103 622 662 195 605 445 316 455 634 500 378 607 258 17 303 550 442 564 620 651 315 241 270 519 572 463 309 662 185 750 304 544 301 626 256 160 66 276 363 501 324 525 573 593 714 513 316 708 771 797 516 258 313 625 187 723 347 335 494 557 614 730 649 112 399 260 100 49 667 416 597 229 713 358 635 143 294 332 615 272 326 134 700 676 783 72 178 115 336 559 641 709 148 559 497 458 475 855 173 267 331 213 479 208 648 498 488 590 609 296 200 260 587 645 555 371 672 329 584 306 269 245 300 166 837 460 479 531 580 477 109 411 640 904 610 406 652 725 680 583 667 404 467 136 659 518 644 39 390 564 273 831 99 657 421 456 666 137 339 604 225 706 313 516 685 926 215 535 397 694 518 355 661 571 354 62 852 527 519 282 464 107 617 582 264 279 588 169 229 659 27 54 399 579 627 634 741 797 535 113 543 535 591 407 125 575 471 273 677 281 547 137 461 231 538 637 511 460 634 402 175 893 498 377 569 826 610 731 712 320 506 342 244 697 305 240 539 421 367 487 75 526 560 143 238 593 408 472 329 283 520 681 180 81 574 250 92 454 126 528 175 509 481 296 424 
272 121 327 69 683 352 663 360 546 490 666 359 106 478 619 500 25 404 466 249 341 389 253 240 214 655 657 383 610 573 358 194 492 620 97 402 440 469 121 228 279 298 393 558 161 352 161 426 101 349 506 581 381 491 207 512 302 586 712 472 210 359 110 234 266 215 491 296 264 459 326 399 395 263 657 13 159 648 717 480 347 587 573 241 277 125 548 366 252 365 464 503 575 568 363 450 735 123 748 222 644 547 519 619 233 153 140 752 349 112 570 153 313 559 376 355 454 655 486 407 196 369 251 664 441 462 362 367 342 592 329 588 347 213 386 633 376 337 438 322 183 208 219 298 647 700 261 348 395 151 256 523 180 169 316 91 351 248 726 241 434 386 643 258 67 357 327 642 705 381 278 83 486 279 305 476 199 358 645 225 396 456 179 442 162 243 592 226 190 562 552 381 665 351 351 394 507 480 633 501 338 386 643 530 662 588 550 299 454 309 414 425 282 436 593 251 334 105 266 566 621 689 342 95 566 349 529 149 383 441 101 181 512 138 275 476 351 694 359 641 390 357 342 421 344 562 329 393 235 573 467 65 490 361 321 675 264 160 595 449 713 229 639 474 331 107 133 455 624 205 354 589 159 724 634 674 620 398 662 183 
693 810 366 748 528 824 483 829 145 243 117 723 587 523 507 515 714 987 631 491 792 701 739 872 754 157 117 623 546 229 359 669 238 164 657 710 660 310 568 824 766 570 414 346 743 405 756 323 628 502 395 463 645 226 482 237 833 149 66 401 481 674 788 690 696 477 715 501 882 613 538 740 330 427 62 690 707 174 576 218 492 429 557 552 717 773 305 492 512 415 480 267 200 207 618 282 546 700 151 724 599 356 440 193 476 600 694 577 372 647 120 547 743 357 413 377 641 50 662 389 739 845 478 113 718 632 449 374 443 128 381 251 679 823 360 266 588 432 515 702 514 728 785 872 55 510 441 433 736 576 450 287 676 848 417 683 343 748 631 543 269 966 534 458 702 437 686 629 145 309 759 772 572 483 442 672 632 389 45 585 776 644 761 255 651 452 175 559 519 186 485 665 27 351 432 296 469 292 111 293 465 928 375 312 175 504 512 717 286 910 975 474 680 276 632 816 374 600 698 405 115 67 470 694 251 365 620 634 569 273 639 508 177 605 428 616 768 39 345 89 617 400 534 443 400 132 678 614 589 227 340 639 202 347 370 577 811 539 661 665 66 485 62 261 581 584 662 597 610 810 526 611 558 534 62 391 70 293 249 555 
377 153 338 151 619 247 604 256 559 533 699 257 174 410 556 434 106 320 380 321 235 291 147 172 109 647 690 297 540 557 406 99 533 659 200 303 349 448 157 139 173 227 463 521 264 326 64 409 197 292 462 523 290 490 244 502 201 620 736 544 253 264 180 339 371 259 395 249 188 376 416 298 386 299 681 118 265 689 648 487 294 535 501 330 173 70 519 450 214 433 405 487 564 611 278 441 671 229 783 327 568 509 466 607 293 246 246 685 400 57 584 161 418 520 342 340 366 665 396 473 91 264 319 697 343 376 320 424 415 622 326 640 251 130 368 607 297 306 372 426 193 103 119 206 658 639 263 419 500 235 254 578 285 154 376 197 361 143 651 328 470 300 576 248 39 319 431 562 741 396 172 133 410 244 372 385 300 337 663 319 501 367 79 449 265 288 584 314 256 556 490 483 683 393 316 419 449 533 664 479 295 291 601 501 703 524 484 196 502 228 325 507 386 476 510 154 381 186 165 518 652 694 296 201 546 398 447 81 307 481 200 221 530 231 276 393 457 704 360 669 488 420 432 498 323 586 233 308 330 557 439 87 502 360 355 603 163 223 509 357 737 219 649 466 255 139 237 374 546 119 290 509 146 661 655 630 639 428 639 153 
95 399 493 340 957 718 925 726 635 500 666 718 338 775 895 793 369 742 797 294 706 743 618 576 579 787 658 719 900 739 402 552 505 606 274 756 781 669 386 583 644 621 329 780 220 588 524 623 286 643 752 847 722 634 388 673 664 598 734 362 376 709 342 132 101 374 839 585 604 786 205 758 584 404 689 353 207 621 999 604 636 840 871 226 639 476 752 252 541 330 746 682 727 550 699 624 1005 243 728 147 944 774 782 770 335 254 225 1029 389 464 654 427 56 786 624 568 789 733 823 354 562 734 309 666 794 794 629 376 303 617 529 532 699 565 599 816 702 589 735 52 433 574 581 651 725 964 479 313 35 283 483 472 186 472 346 274 513 614 1024 235 487 727 924 499 432 616 61 951 685 518 643 380 799 553 319 816 187 583 700 204 36 791 542 575 211 376 731 229 318 703 829 88 716 424 607 495 782 453 646 696 612 740 869 737 631 867 836 660 458 651 761 282 93 475 910 611 399 314 626 812 637 776 619 270 743 399 851 496 702 477 279 378 595 265 489 802 35 767 537 663 139 348 209 308 573 616 682 726 193 739 685 404 599 545 433 965 626 331 919 790 735 483 718 640 657 392 236 777 930 560 658 901 455 992 681 901 676 486 834 487 
284 159 287 109 645 345 624 353 507 458 632 338 79 442 581 464 65 415 435 227 330 366 240 257 208 614 623 353 573 532 327 172 460 587 105 378 412 428 83 235 269 264 371 517 189 310 162 385 98 311 466 542 352 450 171 471 301 552 676 451 176 334 151 246 278 181 466 257 278 427 316 379 354 228 621 48 179 616 680 441 309 548 537 230 259 141 507 352 213 341 426 462 534 536 333 410 697 144 715 241 608 507 480 579 205 146 159 715 319 85 532 112 329 518 336 314 424 617 457 383 189 363 227 630 417 431 322 339 321 557 288 559 323 223 345 592 343 296 401 333 142 197 219 304 609 661 221 327 407 135 215 495 192 200 289 110 312 238 691 229 400 396 606 217 69 316 335 608 671 343 267 122 452 239 281 448 202 317 608 219 411 426 179 402 169 210 551 215 164 522 514 385 628 318 311 357 469 452 599 460 298 390 603 489 630 550 513 280 424 322 423 409 291 403 560 253 302 87 247 526 586 650 302 117 525 318 497 120 349 408 102 145 474 131 235 444 369 656 319 606 389 332 333 403 303 526 305 362 231 532 426 28 452 321 286 638 263 132 563 421 677 188 600 433 298 67 143 422 589 214 317 555 118 686 597 634 583 363 621 144 
129 190 391 126 810 505 785 513 587 491 672 515 171 612 747 633 156 530 614 230 496 544 409 363 367 720 663 532 743 650 362 350 495 618 84 557 592 559 217 368 434 441 350 660 22 454 310 512 111 479 618 703 532 554 263 585 450 594 729 418 257 513 134 91 121 258 645 422 391 606 243 556 476 305 677 143 14 642 848 534 475 704 709 181 433 261 642 296 377 331 592 584 646 561 512 527 861 35 748 67 781 652 639 691 246 121 27 881 350 264 610 260 159 664 485 445 603 695 637 371 351 520 242 671 596 610 480 355 302 606 411 566 502 351 478 720 521 446 571 177 279 364 368 437 687 823 347 312 247 148 346 499 54 263 306 70 415 404 863 187 451 515 773 356 222 471 186 783 703 435 433 166 627 397 285 628 100 455 675 149 242 605 329 498 69 277 658 169 205 628 679 247 694 369 463 431 632 464 644 590 458 526 750 625 654 716 681 455 450 438 547 352 143 447 736 397 346 147 423 680 632 735 464 62 648 355 674 300 525 450 99 242 548 118 360 622 196 734 432 656 271 335 258 360 442 588 484 541 152 650 565 207 538 437 356 808 412 196 741 600 730 332 679 547 476 215 60 599 764 345 489 730 281 849 660 782 650 429 745 312 
561 566 148 518 341 523 301 528 174 271 348 420 369 242 291 243 475 691 340 346 490 400 443 592 464 212 341 322 315 122 261 380 266 339 454 408 364 30 333 538 468 269 370 142 554 111 477 25 425 200 139 238 343 80 271 69 537 290 353 416 278 372 560 541 560 278 423 204 597 322 451 438 58 238 304 456 525 371 390 107 190 218 307 415 418 506 111 431 224 348 197 52 129 323 316 28 382 505 425 564 369 139 185 171 307 419 507 411 271 378 193 298 617 150 111 96 348 254 373 355 451 543 331 345 420 341 147 297 362 277 124 379 376 540 67 185 287 136 223 589 268 439 497 579 248 340 191 356 648 388 195 353 507 588 304 477 127 453 431 405 218 670 323 193 443 136 579 391 395 129 461 531 290 194 329 381 475 98 271 441 677 351 478 97 477 267 151 414 336 125 239 587 288 231 132 168 204 318 313 56 165 630 229 96 383 272 260 416 280 620 677 450 554 236 376 525 251 390 399 187 303 272 169 489 115 260 345 357 268 239 437 292 172 417 177 329 652 289 104 306 553 322 456 420 111 227 376 314 450 122 59 389 131 98 209 369 518 339 400 370 354 222 240 42 279 344 474 306 369 528 224 357 296 369 273 261 254 184 212 282 
792 742 382 709 128 584 83 585 344 486 495 466 579 213 115 192 661 770 315 582 552 428 543 717 581 244 491 356 160 188 499 510 480 511 666 430 359 208 536 656 557 373 607 96 768 296 615 252 638 301 133 94 378 277 494 233 624 468 466 646 504 417 749 769 791 505 390 346 713 302 690 463 292 471 437 648 743 538 177 315 299 63 187 649 506 660 133 670 387 586 196 209 218 517 364 260 153 718 550 788 205 101 130 208 540 643 723 184 510 544 349 494 848 89 265 309 332 353 336 590 575 600 566 491 419 319 277 535 601 447 347 575 429 665 277 133 332 305 237 824 471 557 614 676 352 113 405 595 885 611 404 568 730 745 543 687 364 554 231 640 446 751 137 393 613 283 815 238 537 368 549 712 249 361 567 352 703 296 395 673 912 334 610 325 699 499 236 647 563 243 132 826 403 470 289 404 155 539 469 186 302 698 26 143 546 126 156 494 505 722 746 687 787 463 257 632 490 603 493 74 463 338 299 698 170 498 271 513 313 465 651 511 366 638 392 296 885 366 339 452 792 561 695 656 308 401 438 343 683 190 190 574 333 331 448 178 618 560 287 359 466 418 349 253 357 542 692 290 223 654 308 236 481 140 409 38 392 419 156 456 
612 381 411 396 456 106 456 108 593 630 761 15 378 264 400 287 352 292 180 500 73 59 105 272 156 622 753 121 370 524 533 155 628 737 433 67 136 421 338 213 98 160 623 441 508 326 215 404 422 225 373 388 100 502 390 492 152 691 777 700 404 60 420 575 606 410 160 234 258 186 615 53 403 427 725 360 506 770 469 518 235 414 327 533 71 276 460 635 244 590 287 465 543 703 117 445 504 470 842 568 378 427 352 575 457 463 486 509 533 243 615 309 657 434 315 360 162 680 180 624 165 123 491 758 104 175 278 563 582 684 373 747 51 229 369 545 150 299 244 660 323 147 178 207 674 482 346 583 734 442 334 697 521 345 527 436 423 115 456 528 563 273 410 315 283 290 662 362 807 459 93 372 237 263 534 165 526 344 695 532 740 161 199 488 496 432 568 519 438 547 349 707 713 508 296 500 324 652 725 444 263 220 495 445 784 371 331 48 613 254 268 685 618 575 307 179 508 399 81 411 713 695 257 442 506 526 248 212 170 580 428 380 578 449 350 199 697 714 406 722 703 571 629 667 335 638 49 135 545 525 395 303 539 400 465 422 159 409 296 141 777 303 666 467 146 325 471 193 351 222 202 313 277 498 695 517 676 514 579 251 
940 836 544 818 72 603 110 602 532 671 681 491 710 273 133 250 768 787 325 740 575 447 595 773 641 424 677 398 142 376 672 587 665 699 796 443 369 381 663 712 600 456 783 275 895 440 688 420 770 402 280 181 413 461 640 417 658 655 647 827 652 452 855 913 938 654 369 458 762 322 854 473 458 628 621 761 875 725 36 499 405 194 183 804 556 742 316 840 503 759 288 392 405 704 414 437 35 846 732 926 129 274 246 392 695 784 854 5 682 644 536 620 996 264 404 463 343 535 329 767 641 614 725 677 417 330 401 709 771 634 503 763 465 725 434 316 389 439 313 976 603 622 672 713 535 74 549 765 1042 752 545 753 868 824 710 812 530 607 75 795 627 771 107 531 711 413 969 153 721 540 593 812 276 483 733 346 847 446 579 824 1065 344 678 505 838 654 423 799 711 431 201 987 586 642 422 580 248 723 655 365 422 712 208 324 733 163 200 537 688 760 756 863 937 645 205 681 660 735 548 225 650 516 416 823 357 670 258 608 376 647 781 652 553 776 539 307 1034 545 503 638 958 733 862 832 455 589 480 384 835 378 356 686 518 494 615 83 663 701 226 365 647 550 532 433 428 665 826 317 157 715 397 194 600 47 595 190 578 596 332 570 
575 643 196 586 424 644 380 649 49 186 223 544 427 364 385 361 548 806 466 359 611 525 558 694 573 146 216 448 417 117 239 488 180 220 505 535 491 142 401 644 585 390 331 217 598 224 577 145 475 324 246 334 470 46 321 76 652 173 228 354 323 497 627 563 575 321 549 320 702 448 438 564 149 272 178 526 565 250 474 43 314 306 417 426 536 598 174 404 331 318 319 107 93 216 441 103 456 552 298 592 472 223 294 131 332 456 549 486 252 471 67 375 629 229 234 196 474 137 498 310 558 664 344 219 547 467 271 268 341 156 203 274 501 644 180 192 413 251 349 594 343 548 605 691 130 414 266 332 642 428 274 266 539 676 295 530 171 567 522 416 161 785 416 280 529 258 581 498 269 143 577 606 413 302 322 506 499 208 146 457 677 477 582 81 511 300 91 430 371 66 346 575 164 218 252 149 318 242 189 137 286 747 283 171 261 373 369 536 212 730 793 407 564 176 490 635 243 443 517 276 179 166 291 542 132 242 465 456 395 177 487 347 64 458 253 453 659 175 168 179 533 296 439 375 219 106 499 441 464 115 175 468 42 169 221 462 630 385 516 496 228 308 121 84 403 416 516 431 477 631 349 470 383 442 147 310 127 155 201 377 
53 270 384 202 830 572 801 580 560 448 627 571 196 640 767 659 225 608 655 197 560 596 471 440 433 702 618 575 768 641 327 404 453 571 126 609 636 559 244 442 498 479 294 665 95 464 379 512 141 507 630 721 577 540 264 575 520 551 688 355 255 563 214 14 46 254 693 449 467 644 176 611 473 294 638 207 68 592 870 515 501 718 737 134 492 335 642 230 404 280 615 578 633 513 555 520 879 100 700 38 810 658 656 678 227 117 81 901 314 317 582 287 99 670 498 449 645 666 679 317 415 588 212 626 647 651 499 312 250 565 412 511 553 425 482 714 560 461 599 102 298 427 437 511 658 840 354 260 175 149 356 445 39 342 269 128 406 467 891 143 417 591 795 370 286 487 109 815 655 420 496 244 660 419 244 672 57 462 641 101 179 647 398 481 66 264 642 127 196 612 700 168 659 340 479 407 653 414 601 588 480 600 755 626 604 738 704 513 405 514 623 283 64 410 771 468 315 171 479 691 590 707 486 126 642 321 711 350 561 413 132 249 520 125 366 661 139 703 427 615 191 289 189 295 451 554 536 582 97 641 569 257 515 434 336 833 482 200 779 645 689 350 650 539 515 248 89 636 794 419 520 763 314 867 624 787 616 402 736 345 
563 337 379 348 476 115 473 120 571 598 736 60 330 275 418 299 303 289 207 455 83 97 65 242 115 611 727 134 391 514 495 106 596 709 384 108 167 407 291 181 71 138 582 439 460 304 172 385 373 211 373 400 117 483 348 477 138 663 755 659 361 79 374 526 558 367 202 209 232 209 569 101 380 387 702 311 457 741 494 495 220 423 348 486 26 232 454 590 211 549 291 452 531 673 122 426 526 421 818 519 406 426 357 565 414 415 437 534 494 194 594 264 609 434 297 335 190 662 214 584 121 135 447 733 147 202 262 524 539 658 343 714 65 195 348 542 154 277 249 611 280 102 142 190 656 501 310 541 686 394 298 662 472 305 486 387 392 77 485 481 530 269 430 280 235 272 613 393 781 430 64 325 255 233 492 199 477 321 674 485 691 190 157 464 447 391 555 473 393 533 362 659 692 472 276 468 331 616 699 433 243 222 501 438 755 388 347 8 579 236 270 642 570 542 338 150 469 351 32 415 688 681 239 393 497 488 276 164 172 546 380 336 553 401 316 224 648 697 378 697 656 530 584 625 311 613 50 148 497 515 385 254 516 373 428 447 134 363 330 174 756 266 648 449 135 278 422 213 380 186 192 342 232 518 673 525 654 482 576 209 
262 223 228 162 625 393 599 401 444 389 564 368 18 429 561 449 128 480 440 161 374 388 285 326 261 559 554 361 558 481 257 207 390 518 101 401 423 382 31 299 316 264 304 479 201 271 224 337 75 295 434 518 365 393 105 418 357 483 609 384 107 354 203 228 257 112 482 237 345 430 261 408 303 160 554 103 180 547 663 380 290 519 526 176 296 210 464 291 192 273 407 412 481 467 341 357 675 151 646 234 598 469 454 526 136 105 159 696 249 123 469 75 313 482 301 267 431 554 465 315 241 412 159 562 438 437 294 269 254 489 237 489 345 289 299 545 345 262 388 307 95 246 277 367 546 637 169 259 380 82 166 425 177 270 219 120 253 285 680 172 332 461 588 173 136 285 306 601 602 281 312 185 446 211 213 459 170 274 543 172 392 433 239 342 148 140 496 162 96 466 493 348 562 249 278 291 447 382 530 414 273 450 567 446 561 531 496 315 354 387 485 347 265 334 557 313 233 43 280 495 518 589 278 131 476 248 496 147 346 338 86 78 409 92 183 446 353 593 264 538 343 263 276 338 261 459 329 368 185 481 385 72 389 267 218 624 320 63 564 432 610 148 537 380 300 34 131 422 581 278 306 549 99 664 532 599 518 296 573 131 
739 725 326 684 220 612 175 614 255 402 403 497 542 253 198 237 638 795 363 524 579 463 555 722 588 155 399 386 239 99 428 510 395 420 629 467 402 151 502 664 574 378 533 66 729 263 613 198 600 301 133 160 408 196 448 152 643 377 375 566 456 446 725 720 739 456 444 334 722 347 625 500 236 416 345 622 702 446 269 234 296 123 257 593 523 652 68 600 370 514 220 136 127 427 389 193 244 680 459 742 290 79 159 116 485 597 683 275 440 530 258 464 795 72 241 265 377 261 389 514 579 630 508 399 463 366 264 463 532 356 299 486 455 670 232 46 356 279 263 767 437 563 622 692 260 205 363 525 825 566 365 482 685 737 477 651 305 567 323 583 367 775 225 359 598 264 757 321 445 301 567 692 297 340 503 403 653 258 303 619 854 380 611 251 654 446 144 592 514 153 189 762 311 401 267 332 190 456 376 122 288 725 69 85 454 199 216 513 424 737 773 612 732 384 332 644 423 565 507 107 371 249 288 663 83 429 333 502 336 385 612 468 279 594 350 345 830 277 283 360 725 490 629 580 272 311 461 374 628 101 147 551 250 276 385 267 632 515 361 404 375 387 257 180 370 511 650 332 304 658 315 310 456 231 317 94 300 345 77 436 
245 149 305 85 683 381 660 389 521 460 637 379 76 480 619 502 56 438 477 215 367 407 278 276 242 636 627 394 612 556 326 213 461 589 66 420 453 455 102 262 306 305 358 548 147 340 192 410 67 349 499 578 394 470 181 494 333 556 684 437 182 375 126 207 239 186 507 293 299 468 291 420 378 236 629 29 138 617 718 457 346 583 577 206 299 160 536 331 249 330 463 486 557 537 374 433 734 103 718 199 648 538 515 602 201 118 118 753 317 126 546 139 289 550 368 340 466 631 498 372 224 398 217 635 459 473 357 334 307 563 312 555 364 247 372 619 384 328 440 294 167 234 250 331 623 698 244 314 368 116 240 490 153 203 283 68 330 275 731 206 405 420 643 244 97 350 298 648 674 358 304 111 492 273 271 490 167 345 619 190 371 467 210 419 131 213 572 190 157 542 551 350 639 322 344 367 505 448 604 487 333 419 635 518 631 588 551 320 423 344 448 389 253 406 600 283 303 71 287 560 592 666 338 76 550 318 538 161 389 411 67 154 486 103 258 485 328 670 340 613 357 324 307 385 331 535 347 403 201 556 456 69 466 343 294 677 295 128 604 462 685 216 614 456 339 91 104 463 629 239 356 595 153 723 607 667 594 371 647 180 
917 804 527 787 62 564 107 563 531 665 685 453 684 242 112 220 738 748 288 720 537 408 558 736 605 433 681 362 110 377 659 554 659 700 769 404 331 371 637 675 562 424 770 269 867 419 653 407 744 373 265 164 376 455 618 413 620 655 655 818 630 415 824 889 914 633 330 431 725 285 837 434 443 608 627 731 848 727 13 493 378 183 149 784 519 708 312 824 476 745 261 385 406 702 378 427 58 818 740 901 90 266 226 398 675 759 827 44 668 612 537 593 972 258 383 445 305 543 290 755 606 575 705 682 378 293 377 695 756 635 484 761 428 689 417 323 354 417 283 954 578 586 635 675 542 80 527 751 1021 728 523 748 843 790 694 785 514 570 45 775 619 732 82 507 679 390 947 113 727 527 556 780 241 457 717 307 824 427 585 802 1043 306 643 496 812 634 426 778 688 431 177 968 593 628 399 569 224 716 658 358 396 673 214 317 736 139 172 500 679 722 717 850 914 636 165 644 645 709 512 214 652 526 391 795 357 656 220 576 343 639 755 629 549 752 518 270 1011 554 487 642 940 719 844 819 435 588 444 349 814 379 343 656 513 478 599 46 626 677 186 327 655 526 539 425 395 638 799 281 118 679 367 155 572 64 599 200 582 585 342 542 
370 380 67 324 499 441 468 448 288 269 427 372 169 328 439 343 285 575 378 171 413 374 339 444 339 396 418 317 446 319 163 258 268 390 253 386 378 225 138 401 369 221 260 329 353 131 329 178 224 205 295 390 331 231 71 255 429 348 463 333 81 338 366 346 368 83 443 156 457 363 291 405 142 64 408 263 325 421 543 220 196 384 421 232 330 340 308 290 128 228 294 251 318 347 301 195 547 304 511 366 494 322 325 363 124 220 306 572 163 216 313 113 426 334 167 113 376 397 410 257 321 462 156 424 415 376 178 194 227 349 77 383 335 397 146 386 289 135 290 404 80 315 367 458 389 507 27 225 470 189 38 329 308 415 166 277 91 344 570 223 203 554 468 58 268 163 397 505 470 123 363 343 361 119 180 409 280 127 391 252 494 379 337 182 277 84 333 227 140 303 373 417 411 138 153 147 327 283 392 256 165 528 419 292 435 411 383 339 246 490 570 331 366 212 470 400 138 189 310 356 379 429 173 289 315 156 417 210 280 217 236 91 257 217 33 377 464 436 101 395 393 206 301 308 116 312 325 318 263 319 233 205 232 104 95 510 400 138 484 387 464 67 380 217 253 153 273 350 483 385 228 457 128 535 382 451 367 157 412 134 
256 68 399 9 759 387 739 395 615 548 727 413 169 552 695 575 57 403 534 294 382 448 299 236 253 729 718 450 684 649 415 255 550 678 115 460 505 546 195 243 320 371 434 635 121 429 193 502 137 425 584 657 445 564 275 587 328 647 776 509 275 420 33 218 249 279 552 373 263 528 347 453 471 329 722 71 137 705 791 552 424 665 646 269 329 138 625 394 330 408 540 579 650 624 431 526 810 107 808 194 716 625 596 695 289 183 126 827 404 182 640 229 285 637 454 431 521 725 552 450 238 401 300 725 499 529 440 418 383 654 405 639 408 225 463 710 446 415 512 304 259 254 247 311 717 776 337 390 374 194 332 573 171 138 367 94 424 292 799 272 496 387 718 335 120 434 313 713 763 452 321 39 558 357 352 541 205 435 712 245 366 522 211 513 166 305 666 254 244 636 628 373 732 412 429 461 583 532 695 578 415 399 721 608 719 663 625 352 510 310 420 453 269 496 662 274 393 158 322 644 683 760 419 87 642 406 599 219 454 501 130 248 580 171 351 545 320 764 433 704 392 405 364 454 421 628 389 461 252 649 545 143 561 436 386 748 291 218 663 513 777 306 708 549 402 183 137 525 695 221 428 659 237 800 700 752 687 464 739 261 
665 664 253 619 272 581 228 584 196 334 359 470 473 245 236 235 574 759 355 450 548 441 514 674 542 146 354 362 270 52 354 461 328 367 559 447 389 81 435 617 536 335 459 68 659 201 562 127 529 259 115 187 384 125 376 81 605 322 343 495 384 419 661 646 665 384 439 282 677 338 550 479 164 343 304 557 630 396 322 163 252 156 277 518 484 597 24 525 312 440 204 61 80 368 361 118 304 610 424 669 325 76 159 99 411 525 612 335 365 471 205 398 721 80 185 197 367 230 385 441 531 600 434 355 450 358 214 388 458 302 228 426 426 622 164 82 329 220 244 693 370 517 576 652 227 263 294 450 750 494 297 416 612 681 402 582 231 525 371 508 295 738 266 293 538 210 682 353 403 226 528 630 294 282 428 397 580 193 264 545 780 370 561 177 582 372 105 518 441 100 205 687 276 326 211 258 188 387 329 50 237 692 136 33 406 227 231 478 353 695 740 539 658 312 352 601 348 495 467 128 322 231 239 594 30 354 339 446 309 314 542 397 215 523 281 339 756 255 209 315 651 415 554 507 207 254 430 351 554 54 88 488 181 203 310 312 590 444 380 393 343 321 221 105 335 445 579 322 333 610 278 331 394 291 274 165 256 271 112 376 
410 403 59 352 460 432 428 438 274 277 424 354 202 291 399 305 310 576 346 209 402 352 333 453 339 369 415 290 407 288 186 255 275 391 288 364 350 189 166 406 363 198 289 291 389 91 336 143 259 172 256 350 305 207 110 226 426 347 454 359 120 317 394 385 408 122 415 128 463 331 328 385 110 99 399 290 361 424 503 202 162 344 383 272 320 354 272 325 109 258 256 218 289 352 275 165 508 339 507 404 455 284 286 334 163 259 342 532 189 227 299 133 466 296 128 75 345 380 378 284 323 453 194 421 390 345 140 220 260 345 44 394 315 404 108 352 260 97 254 444 102 315 369 459 372 467 24 258 510 227 31 344 346 432 198 310 77 340 531 263 210 555 429 41 286 124 437 467 468 114 357 367 325 93 215 379 319 87 379 292 533 348 342 164 315 123 306 267 180 277 334 456 398 158 114 148 288 298 388 221 130 524 381 255 438 372 344 327 259 494 568 363 406 221 433 402 163 224 300 317 376 410 138 322 282 180 382 215 249 226 271 128 247 255 10 344 503 419 75 389 431 235 338 338 77 305 306 290 303 288 196 226 217 76 115 471 399 176 449 358 455 66 364 188 227 178 310 317 445 391 196 420 139 495 372 413 355 162 379 136 
469 477 60 426 412 476 376 482 212 250 374 386 274 269 355 278 384 632 345 258 445 375 385 518 398 296 365 304 370 214 195 313 246 349 359 386 358 120 240 468 413 227 306 228 459 68 402 73 330 177 203 303 323 135 176 152 479 302 396 365 184 343 468 448 468 184 422 154 526 328 370 412 36 147 342 364 430 382 458 137 165 291 352 326 366 424 204 357 156 279 227 145 215 318 293 91 457 410 456 470 422 222 242 260 216 325 412 484 203 296 236 207 526 234 99 31 348 313 378 295 383 497 243 370 406 345 128 232 288 296 30 366 344 468 49 280 270 92 238 500 176 373 429 516 306 416 98 283 562 294 103 326 413 504 226 383 49 393 492 316 185 611 386 106 357 111 491 438 419 76 406 441 310 129 249 382 381 52 317 350 589 351 406 102 382 176 233 323 242 203 294 504 336 164 102 122 251 284 337 150 132 576 318 187 395 331 308 369 244 554 621 385 464 200 411 460 179 295 346 262 326 340 139 395 209 192 368 280 256 204 342 197 191 322 84 339 562 351 22 336 473 254 377 356 55 251 339 300 360 214 133 300 155 13 131 430 455 244 431 365 397 135 297 114 248 252 379 313 416 455 203 396 210 444 313 350 295 139 306 201 
597 526 214 494 271 410 243 413 309 396 483 299 370 113 209 120 445 589 205 401 377 272 346 512 378 315 476 193 216 217 353 300 391 473 457 280 230 120 325 454 366 168 464 144 558 100 405 122 430 91 83 162 216 214 297 193 435 425 485 522 309 249 534 570 595 312 288 130 512 187 518 311 145 289 438 433 535 505 313 241 86 163 195 463 315 447 155 511 172 436 69 163 238 454 191 161 320 508 559 585 266 131 97 268 354 441 515 343 360 328 327 282 653 142 63 130 213 381 238 453 369 429 386 480 288 206 62 390 443 412 168 508 256 460 110 243 159 97 89 634 262 353 411 483 375 281 207 439 700 409 203 476 527 532 381 476 206 357 340 454 335 568 238 188 398 71 627 280 530 229 359 496 158 146 401 246 505 110 403 482 723 216 402 224 496 314 263 457 368 245 143 648 419 322 79 275 97 436 448 139 86 521 222 139 518 181 153 307 396 528 569 542 594 352 254 434 336 395 298 141 438 392 83 487 199 349 215 298 140 355 442 310 306 435 197 194 691 412 179 440 622 411 527 514 115 362 259 184 493 218 90 359 265 170 287 279 423 358 275 235 486 209 368 176 164 329 485 171 258 448 107 238 266 308 407 251 387 292 277 241 
564 546 154 502 320 485 282 489 216 306 390 380 359 203 265 206 457 656 299 354 452 359 408 561 431 244 382 281 285 148 281 348 301 379 446 367 322 38 319 506 432 232 392 133 547 83 447 31 417 160 112 213 302 121 267 106 501 331 395 444 276 331 543 542 562 277 382 170 565 281 464 397 66 242 346 439 519 411 367 147 150 197 273 421 381 480 115 448 196 368 158 81 162 361 275 67 364 497 466 562 339 127 154 200 311 416 500 391 290 354 235 281 620 139 73 82 306 294 332 378 419 505 338 386 378 300 108 318 379 318 119 416 336 509 49 200 246 104 182 595 254 406 465 545 288 322 180 374 657 385 182 388 504 563 319 468 138 418 404 411 249 635 297 176 420 99 586 358 436 150 424 512 251 165 342 339 475 75 312 444 684 309 448 133 473 270 185 418 335 162 209 598 329 251 97 194 170 350 355 69 128 592 224 97 424 243 227 378 311 587 640 472 558 266 339 492 269 382 363 168 344 310 131 479 136 279 306 330 227 270 429 286 212 413 167 288 656 328 111 347 567 342 470 442 89 268 336 273 454 149 38 370 171 103 223 342 483 334 363 328 395 204 280 83 239 328 468 265 336 497 184 321 276 350 315 256 295 210 230 258 
637 348 530 390 602 47 606 45 729 746 891 164 433 417 549 439 359 141 325 574 80 204 139 185 155 770 882 274 516 672 635 221 745 862 462 205 280 566 404 149 107 298 710 593 511 462 204 545 460 370 526 540 253 641 478 636 63 817 913 790 490 213 400 598 630 496 280 367 159 334 677 174 538 525 860 377 520 894 611 653 379 567 473 591 151 253 611 707 363 678 440 611 690 823 269 585 648 485 974 581 518 579 505 724 538 509 503 651 632 293 752 389 673 587 457 492 307 821 318 716 175 33 569 888 230 320 421 660 664 813 498 861 203 169 507 697 302 435 397 686 413 171 146 95 815 629 457 667 759 495 445 806 545 288 617 456 545 135 590 588 679 124 556 429 299 431 692 497 936 583 114 354 386 389 618 301 563 479 832 582 755 306 186 620 527 522 715 576 509 692 501 746 851 614 435 619 477 760 855 592 403 67 648 595 908 521 482 151 724 131 114 762 647 689 443 116 609 448 171 564 843 840 398 458 655 627 389 278 323 694 463 461 709 494 465 345 710 857 533 854 752 662 693 750 468 769 197 288 594 673 543 346 673 528 572 564 101 476 426 283 914 410 807 608 292 388 498 344 490 171 350 453 361 643 831 669 812 632 731 345 
228 237 231 169 650 431 622 439 440 372 550 406 20 458 587 477 144 513 474 130 412 426 323 355 297 563 540 396 586 489 238 245 374 501 83 439 459 395 63 332 353 298 274 496 183 289 258 348 53 324 454 542 401 397 103 424 393 469 599 354 100 391 208 195 224 103 518 266 376 463 224 446 313 153 544 117 156 529 689 380 318 541 555 138 335 239 478 256 221 245 433 421 486 448 377 365 700 133 631 205 627 487 477 532 113 68 137 721 229 161 464 104 280 499 321 281 466 550 500 287 278 449 131 548 475 471 319 246 224 477 247 467 382 321 314 556 379 283 417 271 117 283 313 400 542 661 182 229 344 44 182 402 148 291 195 107 256 322 708 135 319 493 614 192 166 308 270 632 587 280 350 198 478 237 185 494 134 290 536 134 358 468 273 343 117 128 500 124 69 470 519 310 555 235 300 284 472 360 518 426 298 485 585 461 543 557 523 353 335 419 519 313 229 319 589 347 216 20 319 516 506 587 304 119 486 230 529 185 379 323 65 78 404 57 196 480 320 589 270 527 305 236 239 305 278 451 366 403 147 489 400 107 387 275 209 651 356 41 597 468 600 170 533 386 334 72 106 455 612 311 337 580 133 688 523 617 510 287 582 164 
410 410 50 358 461 441 428 447 265 268 415 363 206 295 401 308 316 585 353 207 411 360 342 461 348 363 405 297 409 282 179 265 266 382 292 372 357 186 172 415 372 206 283 289 392 93 345 139 262 178 255 351 313 199 111 220 435 338 445 352 121 325 400 387 408 123 422 135 472 337 326 393 104 96 390 296 364 414 505 193 168 344 386 271 329 363 269 321 118 253 258 213 283 343 282 159 508 343 498 406 458 282 287 328 162 261 345 533 182 236 290 140 466 294 130 73 352 372 385 277 332 462 192 412 397 351 144 213 255 336 38 385 323 413 105 347 267 101 258 444 109 324 378 468 364 468 30 252 509 229 39 335 348 440 193 315 68 349 533 262 201 564 430 50 294 128 436 470 459 105 366 374 330 101 211 385 320 87 370 292 533 355 351 156 318 121 299 266 180 270 336 455 389 150 118 139 290 290 379 217 135 533 379 252 428 374 346 336 251 503 577 358 406 212 437 411 156 228 309 316 367 402 143 327 277 173 387 224 256 217 275 131 238 257 17 350 504 410 68 380 429 229 335 333 77 296 315 297 303 282 193 234 208 69 108 473 408 178 453 365 446 74 355 182 235 184 313 323 448 400 202 424 147 496 363 411 346 153 374 145 
537 591 144 535 414 592 372 598 93 190 265 495 377 329 369 330 496 753 426 320 560 478 505 640 519 188 257 402 397 132 210 434 184 252 457 488 448 111 349 590 532 339 311 207 552 173 523 99 427 276 221 317 423 26 272 69 599 204 278 346 275 449 577 523 537 273 508 268 648 408 409 516 96 225 225 474 520 284 464 20 265 292 392 388 484 544 166 380 277 294 284 90 118 237 394 59 451 505 344 550 452 209 268 163 288 411 503 481 222 417 116 322 592 218 186 143 433 191 459 292 505 613 304 261 502 426 223 242 314 191 148 293 452 590 130 210 367 200 310 559 290 494 551 638 184 409 212 306 611 382 221 272 496 622 262 482 119 513 509 378 146 731 401 226 476 209 547 475 311 96 525 554 377 248 289 466 458 156 197 418 644 436 528 33 467 254 127 390 325 97 322 546 216 185 203 114 290 240 229 117 236 695 285 159 297 353 344 485 205 676 741 390 528 163 462 582 208 395 464 261 218 220 242 494 140 211 432 402 350 165 439 297 85 412 199 415 624 229 114 223 507 270 411 358 166 142 449 396 425 131 144 415 44 114 179 447 576 337 486 454 278 255 175 50 354 364 470 391 453 577 302 443 329 437 195 314 177 125 226 323 
597 475 263 455 297 317 282 320 398 468 572 204 357 90 233 112 405 499 128 422 284 177 263 436 300 410 564 98 221 312 403 232 464 557 439 185 141 214 309 376 279 95 510 229 536 149 336 207 416 49 163 202 121 304 309 287 347 509 578 576 323 154 492 566 594 327 204 105 433 111 544 216 219 318 529 398 519 589 328 327 58 219 186 477 228 385 247 545 149 479 85 258 333 532 96 248 348 488 649 574 258 216 150 363 375 438 498 364 407 281 418 266 651 224 122 186 130 475 161 503 295 335 409 568 195 127 89 438 481 498 216 583 161 385 182 333 64 129 50 639 257 277 333 398 469 316 227 479 709 408 219 544 518 470 419 454 264 274 340 469 403 479 255 199 348 106 634 261 618 294 271 450 108 139 435 164 504 166 495 490 727 133 330 304 488 337 359 468 377 340 168 664 512 373 116 340 128 502 536 234 91 430 293 232 602 202 162 217 462 444 478 584 598 418 219 352 382 383 213 208 525 487 83 464 293 398 163 245 44 423 427 314 391 428 223 123 691 507 239 529 644 455 555 559 164 449 166 90 502 314 186 324 350 231 332 286 339 359 231 148 578 209 462 266 76 308 472 97 241 374 34 209 242 339 498 319 478 357 367 211 
732 794 350 740 395 751 350 755 162 314 247 642 583 418 379 406 700 925 528 518 718 614 678 828 700 27 245 535 421 125 395 617 307 280 663 621 563 231 554 775 701 500 477 229 757 347 713 262 633 426 288 340 558 184 478 168 770 248 202 485 481 591 782 722 734 479 612 440 834 512 591 653 284 430 186 679 724 299 442 201 418 304 437 585 650 741 195 553 461 468 378 187 107 307 533 228 410 710 287 751 471 241 328 75 491 615 708 441 408 613 147 524 786 239 343 329 541 98 558 453 688 770 503 243 624 531 376 420 493 224 347 362 598 777 303 135 501 372 418 750 492 675 734 815 100 375 414 484 795 587 421 379 698 821 452 688 325 688 498 575 310 904 405 423 675 369 736 502 281 301 694 758 466 430 479 570 659 334 146 616 831 544 715 238 671 459 85 588 530 114 367 726 147 376 367 308 358 370 229 204 397 861 243 207 304 380 394 646 349 856 908 548 722 323 512 761 401 601 632 284 228 71 401 700 144 399 507 593 481 322 645 503 202 617 400 512 816 100 316 208 682 448 591 515 347 196 601 524 622 123 253 617 199 314 380 446 753 543 541 566 202 452 102 204 504 568 675 496 485 765 447 490 528 398 166 255 155 313 113 517 
251 390 173 318 646 559 610 566 325 225 406 509 172 484 587 498 300 662 534 37 535 518 450 509 435 470 397 468 598 416 94 367 228 354 214 531 531 348 185 481 482 369 123 459 290 282 405 303 189 362 437 536 480 312 114 350 531 327 462 203 100 482 355 240 251 94 595 310 528 519 136 546 264 93 409 272 254 379 691 284 353 525 576 102 452 393 429 135 276 91 448 359 405 298 451 301 691 250 484 271 648 455 473 449 49 150 242 717 82 296 347 199 305 466 319 255 530 432 564 132 416 579 26 405 562 531 333 91 77 338 215 312 477 471 283 492 442 290 447 273 181 417 456 546 424 650 183 80 330 133 192 246 222 447 40 240 191 453 722 92 184 642 618 212 319 318 262 660 439 194 477 352 517 274 31 563 179 273 408 133 359 533 419 253 198 75 412 106 87 383 524 270 427 106 307 175 478 205 376 374 322 627 548 415 393 561 535 466 185 569 665 181 241 179 626 491 81 172 434 496 365 473 330 250 420 88 574 309 435 183 198 127 286 158 188 533 338 470 217 388 240 80 145 163 266 321 464 471 140 415 366 254 282 225 109 661 496 119 641 539 463 210 416 316 403 203 211 507 638 460 383 613 230 678 393 580 383 169 511 253 
57 331 360 259 821 612 790 620 516 395 570 599 212 641 760 659 274 662 667 162 597 620 507 495 474 664 562 590 765 611 281 435 400 513 166 633 653 537 258 491 536 491 233 646 162 453 424 490 169 509 617 712 596 507 253 544 565 497 634 289 241 586 277 63 60 239 713 452 521 655 109 639 451 271 586 251 131 532 864 479 502 705 737 93 524 385 620 165 409 223 612 551 600 455 571 493 870 156 640 103 810 640 647 644 201 126 138 894 268 347 537 296 110 652 489 433 660 619 694 257 455 629 178 570 670 664 495 262 194 513 394 449 577 475 465 686 572 454 601 82 300 464 482 561 612 829 344 204 151 152 348 384 93 402 223 176 381 505 889 103 370 645 789 364 329 481 76 818 596 388 534 302 666 419 197 688 65 448 591 69 171 662 442 448 101 242 606 95 183 578 694 118 609 299 472 369 647 356 546 564 477 649 736 604 544 732 701 544 352 568 676 215 46 361 777 514 274 190 509 677 536 662 484 178 614 277 719 377 571 363 165 244 476 139 354 671 144 656 404 562 129 236 122 229 438 505 560 597 58 610 551 288 476 411 303 830 527 198 787 662 635 349 604 510 528 266 131 646 797 468 525 767 327 857 573 768 566 362 706 358 
610 521 238 493 262 385 238 388 341 426 515 272 378 85 198 96 444 566 173 419 352 244 327 497 361 342 508 164 199 245 378 288 421 505 464 251 199 151 331 438 345 151 488 162 563 121 393 154 438 78 96 156 187 246 312 224 414 457 517 549 324 222 532 582 607 328 256 128 495 155 538 282 175 309 470 434 543 537 301 273 77 164 174 479 294 437 179 533 173 460 46 194 267 485 164 193 312 514 591 594 246 149 95 295 372 452 522 333 385 324 359 288 665 158 85 154 181 411 206 479 354 404 404 511 257 174 70 415 466 444 191 539 229 445 139 265 131 112 57 648 271 337 395 464 406 275 223 462 716 421 217 506 536 523 403 481 233 338 323 471 365 546 225 200 393 84 642 258 562 258 338 493 128 151 423 214 517 134 434 496 737 184 388 255 505 332 293 473 382 275 130 665 450 347 94 304 84 465 480 169 90 498 232 164 549 168 135 285 425 509 546 566 608 381 227 416 360 403 278 148 470 421 84 492 226 374 185 291 111 385 449 322 338 444 214 162 704 442 206 472 641 435 548 539 137 394 234 154 508 246 121 359 296 196 311 264 403 370 247 204 517 219 399 208 142 334 493 139 236 434 87 212 269 301 439 260 419 321 299 241 
531 455 172 421 340 370 314 375 320 378 491 269 300 157 277 172 373 541 219 342 337 252 293 451 319 358 482 178 278 261 313 238 374 472 386 262 230 152 253 394 317 117 420 211 486 59 340 130 360 50 154 232 198 229 233 221 386 424 503 486 246 222 461 502 528 250 294 61 454 202 462 290 133 234 452 361 465 505 380 246 39 235 251 401 266 379 212 460 99 391 125 196 276 445 168 172 390 437 571 515 324 199 169 313 295 373 444 411 318 258 342 210 586 210 41 96 220 407 252 413 308 390 327 487 279 218 10 349 394 415 125 494 225 399 97 301 143 38 119 569 192 294 353 431 400 352 145 391 637 341 139 454 457 464 332 404 173 304 402 392 313 520 304 122 327 17 563 333 537 204 309 424 191 74 349 254 437 76 421 417 658 223 339 219 426 255 300 394 303 277 209 587 439 282 25 249 162 411 455 180 15 477 292 194 518 247 215 263 371 473 525 496 529 328 299 378 292 325 248 214 444 425 16 415 246 308 248 229 128 332 371 243 308 365 138 213 625 442 149 450 564 366 472 470 73 367 223 173 429 262 134 286 268 140 243 343 369 291 314 237 504 139 393 193 127 257 415 187 312 387 76 286 194 378 422 323 403 266 334 169 
799 667 432 654 129 429 143 428 489 602 658 316 560 115 89 99 604 615 150 614 401 272 419 597 466 430 652 223 46 350 570 416 597 661 643 269 195 304 512 536 424 290 682 233 739 316 514 328 619 249 195 116 237 401 505 364 482 613 642 739 518 276 689 769 796 522 204 307 587 146 733 299 358 504 604 599 723 691 139 435 255 152 23 673 380 570 275 728 352 654 149 333 380 652 239 358 174 691 724 777 55 223 147 387 567 639 701 179 578 478 501 469 853 221 280 348 168 528 157 670 467 441 599 654 245 155 265 608 661 596 385 708 289 549 326 323 217 307 156 839 458 447 496 538 525 158 417 657 908 609 411 684 721 651 598 657 424 431 138 664 546 598 84 393 543 280 834 62 702 444 417 645 103 337 618 174 705 327 563 688 927 169 504 428 690 527 404 666 574 399 94 859 575 539 290 489 127 647 626 303 279 540 227 271 701 77 71 361 608 585 585 760 798 564 55 505 554 586 373 173 618 523 272 667 328 567 85 442 206 567 630 513 498 631 410 131 893 549 396 613 836 629 743 732 332 546 304 210 700 352 271 525 458 387 505 92 487 560 85 191 642 407 520 365 259 511 675 142 40 540 237 34 445 169 574 234 555 506 352 414 
167 164 356 91 764 460 740 468 560 476 656 466 128 565 701 586 111 495 565 215 449 495 361 328 321 687 647 483 696 615 343 301 479 604 42 508 542 520 172 328 387 392 347 619 61 411 266 474 72 432 575 658 483 522 228 550 406 577 711 420 224 464 114 128 160 226 596 375 354 556 253 507 438 275 657 95 50 629 801 504 428 660 662 178 385 221 603 302 330 324 545 547 612 549 463 491 815 14 735 113 733 610 594 657 221 100 33 835 332 215 584 214 204 622 442 405 554 670 587 366 304 476 224 655 547 561 435 341 297 587 373 558 453 311 438 682 472 403 524 216 236 317 324 397 662 778 307 305 288 121 305 491 76 234 291 21 381 357 816 183 430 478 726 314 175 426 223 734 690 404 386 133 579 351 272 578 109 413 652 151 287 556 284 467 70 247 625 164 177 595 633 280 671 346 419 404 586 453 626 551 413 486 708 585 643 670 634 407 435 401 510 360 178 427 688 354 325 106 374 636 615 708 418 13 611 336 625 250 476 431 60 204 522 92 320 573 243 709 396 637 297 324 269 363 401 566 435 492 158 614 524 158 509 400 328 761 369 162 692 551 711 289 653 512 427 168 43 550 715 305 441 682 234 804 638 740 627 404 708 264 
572 508 189 473 296 409 267 413 296 375 470 302 347 135 234 144 425 585 221 375 376 278 340 502 368 315 462 200 242 217 328 289 370 457 434 287 242 113 302 444 361 161 439 158 535 74 392 106 407 85 101 187 222 202 272 185 431 409 475 498 284 252 514 545 570 287 302 114 503 203 493 317 124 263 426 412 512 489 338 226 77 186 220 437 310 432 161 485 152 411 94 157 235 436 195 146 345 485 547 560 291 146 122 268 329 417 491 368 335 311 316 260 628 157 37 105 227 374 254 428 358 429 360 466 298 221 43 365 418 397 142 488 258 450 88 250 165 72 107 608 239 343 402 477 368 306 181 414 675 385 177 455 502 517 355 453 182 350 366 428 314 564 264 163 380 47 601 305 516 207 354 477 179 125 375 261 480 84 393 456 697 230 390 206 471 288 260 432 343 239 168 622 410 297 55 253 122 414 434 136 68 519 239 144 502 206 179 304 374 521 567 517 569 330 278 426 311 372 292 162 424 387 67 464 200 324 236 282 146 334 419 285 290 410 172 211 666 406 155 427 596 386 502 489 90 348 259 192 468 218 88 339 249 146 262 305 416 334 298 248 476 185 360 164 162 307 461 187 283 438 105 262 245 333 396 270 376 270 284 221 
405 397 63 346 463 428 432 434 280 281 429 351 196 293 403 307 304 571 346 207 398 349 329 447 334 376 420 289 410 294 187 251 279 396 282 362 349 195 160 400 359 196 289 296 383 95 331 149 253 173 260 354 304 213 105 232 422 352 460 360 116 314 388 381 404 118 414 127 458 331 326 382 116 98 405 284 356 428 507 208 162 348 385 269 316 349 278 324 106 258 258 224 295 356 273 171 512 333 512 399 458 288 289 340 160 254 336 536 190 221 305 127 462 300 131 80 345 386 378 285 318 449 192 426 388 345 142 221 260 350 50 397 312 398 113 358 259 99 255 440 96 310 364 454 378 471 18 257 506 222 25 346 341 426 197 305 82 335 534 260 213 550 432 36 280 127 433 469 473 119 352 361 326 91 214 378 314 92 384 288 529 348 337 170 310 120 312 263 175 283 337 454 404 159 117 152 291 301 393 226 131 520 386 260 442 375 346 323 262 489 563 363 402 224 435 396 164 218 296 321 381 416 139 317 288 181 383 210 249 229 266 123 252 250 4 344 499 425 81 395 429 235 336 338 81 310 303 289 299 294 201 220 222 82 116 474 394 171 450 357 461 60 370 194 225 172 305 318 447 386 196 422 133 499 378 418 361 166 385 130 
365 460 83 395 547 555 510 562 218 158 327 484 235 406 492 416 364 686 474 148 527 483 452 547 450 356 318 421 508 302 57 370 158 284 302 495 480 241 223 508 483 329 167 352 391 200 434 199 273 300 339 440 436 197 133 236 542 247 373 230 129 448 435 352 365 124 545 259 562 457 241 516 161 76 318 339 357 314 595 170 289 425 491 216 444 438 320 221 239 140 365 247 291 236 406 190 591 346 410 381 560 350 379 335 123 248 342 618 64 321 241 214 420 361 235 166 474 327 506 157 432 576 133 325 521 472 259 93 152 252 131 270 446 503 188 379 390 217 373 387 184 427 476 568 319 549 137 146 441 222 149 215 329 505 93 328 90 457 630 206 96 665 524 167 364 242 375 577 367 82 477 422 445 224 119 508 289 187 310 246 473 477 444 138 302 98 297 219 165 268 432 378 329 27 232 62 389 169 294 264 255 640 440 306 328 469 447 453 132 598 682 246 355 101 549 511 41 246 424 395 281 366 263 340 307 53 503 320 379 106 284 159 179 251 133 469 452 365 118 301 343 115 246 218 184 224 436 420 253 301 263 297 170 127 19 568 511 185 568 488 374 181 310 204 358 241 309 443 554 491 325 534 235 578 297 471 284 61 397 246 
320 267 181 215 561 370 535 377 402 367 535 327 79 366 497 386 173 480 383 179 346 342 261 338 248 507 525 307 495 425 243 178 367 493 165 355 370 323 32 301 293 207 311 416 265 208 226 278 139 232 370 454 313 343 80 363 344 455 575 391 91 307 257 288 316 97 431 174 353 372 294 366 247 134 519 153 244 524 599 334 227 455 463 214 265 229 403 314 129 279 343 355 426 446 287 302 611 215 618 296 536 407 390 471 140 160 223 632 237 112 427 13 373 419 237 207 376 511 410 317 229 390 172 532 390 380 230 263 266 458 181 475 299 294 240 486 288 198 325 362 35 229 271 363 503 573 113 269 435 131 108 415 239 301 219 183 205 264 617 208 305 460 524 112 156 221 360 540 576 237 288 230 385 147 219 405 226 212 504 219 449 378 237 295 209 125 443 202 117 414 429 396 524 227 214 256 383 369 500 355 209 441 504 385 538 467 432 280 337 391 480 366 321 310 496 306 216 104 246 431 488 543 214 195 418 234 437 120 287 315 150 61 370 150 127 388 412 550 211 505 386 263 308 352 199 424 284 313 232 425 323 92 346 213 190 560 310 89 505 379 576 85 494 325 244 41 194 363 519 282 245 488 44 600 495 536 479 263 515 74 
99 369 340 296 809 634 775 642 482 354 528 612 225 636 749 652 305 694 669 141 616 630 527 529 497 633 519 595 756 584 248 451 359 469 195 644 658 516 267 520 557 495 189 627 207 441 450 471 192 506 602 699 602 479 246 518 590 456 593 242 233 595 317 110 103 229 720 450 554 657 63 652 431 253 545 281 174 488 853 449 498 690 730 78 541 416 598 118 408 182 604 527 572 412 576 470 856 195 596 150 803 622 635 615 186 143 177 881 234 365 502 302 145 634 478 418 663 583 698 213 478 652 157 527 679 666 487 224 153 472 379 404 587 505 448 661 574 445 596 107 301 486 507 589 575 815 334 163 161 162 340 339 134 439 191 210 359 526 880 86 334 677 779 358 354 472 93 812 552 363 554 338 663 416 164 693 95 435 552 71 191 665 467 420 135 227 577 87 178 548 684 108 569 269 463 340 637 313 505 542 471 677 716 584 499 722 693 559 311 600 706 168 84 324 774 541 244 206 525 662 495 626 478 213 588 244 718 392 572 326 190 241 442 158 343 672 173 618 384 521 100 197 75 183 426 467 571 600 59 583 533 308 445 392 278 820 552 200 786 667 594 346 568 485 531 278 165 646 791 497 524 763 333 843 534 748 528 331 679 363 
507 705 335 634 694 824 650 831 226 116 138 746 483 617 655 619 614 956 707 347 795 739 722 813 720 363 133 670 685 382 234 641 118 82 528 751 723 401 485 777 753 588 221 488 592 433 702 383 504 542 510 604 688 305 396 345 813 108 211 175 388 706 669 515 512 382 786 514 830 689 345 775 363 342 184 586 555 85 745 270 531 576 682 388 713 700 444 291 503 238 572 374 354 54 658 348 725 559 191 553 740 493 558 377 356 461 548 756 241 589 225 482 548 500 459 396 711 262 740 198 702 845 341 140 771 707 492 223 267 132 375 5 706 771 400 451 636 457 593 504 454 698 746 838 257 684 404 257 523 447 416 70 518 760 274 553 324 728 793 382 183 935 686 433 625 476 486 764 148 289 747 667 664 483 290 745 471 416 214 421 565 714 713 281 501 353 340 400 400 328 612 452 222 249 467 246 580 109 134 404 497 911 551 441 94 641 634 720 139 867 953 255 491 172 752 781 260 486 693 546 131 303 505 563 401 243 720 591 621 167 512 420 208 472 398 698 566 282 344 156 401 237 335 229 420 171 698 666 420 381 434 559 247 352 290 733 782 430 776 729 212 450 254 340 612 503 520 673 743 759 568 733 506 712 193 575 201 232 448 517 
488 180 485 234 691 185 685 191 703 685 849 263 321 486 631 510 214 175 423 469 195 307 151 27 109 778 839 349 606 684 559 186 685 810 324 315 382 574 309 34 150 318 613 630 354 455 92 541 330 394 566 609 333 628 397 635 115 770 883 693 405 295 235 449 480 411 406 365 36 425 555 294 522 451 828 238 368 841 710 629 399 628 564 469 191 103 637 593 341 583 494 616 695 763 335 576 741 335 932 427 622 617 559 735 444 382 354 750 553 206 728 312 518 627 463 475 406 807 428 624 116 191 468 846 351 418 434 576 563 771 467 792 282 25 499 726 363 431 455 536 343 133 76 80 799 715 409 568 607 377 399 730 399 117 528 311 506 139 701 469 621 157 645 389 173 438 544 608 891 542 155 194 471 372 522 412 425 468 808 454 599 406 87 593 386 440 717 454 405 690 572 603 827 545 438 569 537 686 813 604 410 167 702 619 855 600 559 210 654 80 188 651 500 627 553 69 533 329 199 617 801 833 409 310 671 550 492 213 380 632 329 374 676 367 421 440 553 845 503 817 616 571 571 645 455 733 266 362 464 685 559 237 646 500 507 664 90 373 544 388 884 363 791 600 333 291 356 429 596 38 383 558 293 733 801 728 785 578 759 293 
658 520 322 506 256 318 249 320 439 521 613 201 417 51 195 75 456 505 75 485 286 164 285 463 328 431 606 91 174 335 463 271 516 603 497 167 104 249 369 401 295 142 570 236 593 206 372 252 475 111 171 176 112 345 372 321 360 555 614 636 385 152 541 627 655 390 158 167 456 57 606 201 270 381 567 452 577 635 281 371 120 201 134 539 247 425 263 608 210 540 80 290 360 582 102 291 307 545 689 633 203 222 141 383 437 499 556 319 468 330 457 326 712 228 175 243 83 507 108 563 326 334 471 610 165 76 146 499 543 542 274 635 164 413 233 342 72 188 42 700 318 307 360 414 502 279 290 540 771 469 281 599 577 508 481 511 321 297 286 532 458 486 211 262 396 163 696 202 660 350 288 497 46 202 497 115 565 222 531 552 788 86 363 353 547 400 385 531 439 370 137 726 547 432 174 396 111 558 579 263 152 433 282 251 648 164 123 231 518 460 480 646 659 474 157 374 442 442 236 199 569 514 144 520 314 458 100 294 59 478 485 376 436 489 285 65 751 536 296 570 707 516 617 620 221 493 175 78 564 337 217 378 395 287 393 236 358 421 168 108 614 271 495 306 111 367 531 40 183 403 94 149 300 298 536 304 517 413 376 269 
709 566 365 554 218 341 218 342 464 557 638 225 467 51 161 61 505 529 66 533 311 183 321 500 367 439 631 124 133 347 506 315 552 632 548 183 110 273 419 438 328 191 615 239 643 248 414 283 525 160 179 155 141 371 421 343 390 584 633 678 434 181 589 677 705 439 146 217 490 54 654 216 306 428 589 501 627 664 238 400 169 186 90 589 282 469 272 654 261 585 96 311 374 615 139 320 267 595 711 684 155 226 139 393 486 549 606 277 512 379 481 376 762 229 214 283 83 524 91 606 367 356 519 635 169 70 190 542 589 570 317 669 194 451 270 343 116 232 76 750 368 347 398 445 519 244 337 586 821 519 329 637 628 551 526 561 362 333 238 581 496 511 172 310 443 206 746 152 684 388 321 544 3 251 544 104 615 262 552 602 838 85 404 385 598 448 400 580 489 388 116 776 566 475 217 434 108 596 604 282 198 455 269 263 676 133 94 264 556 492 502 691 709 512 107 408 486 493 274 192 595 527 191 570 326 501 54 342 107 516 536 426 465 539 332 47 802 550 336 595 756 561 665 665 264 520 207 110 614 349 240 427 424 326 437 192 391 471 120 110 634 321 513 333 159 417 581 45 134 441 144 99 350 260 559 286 539 451 376 319 
659 746 298 687 450 739 405 744 85 229 174 636 527 435 424 427 650 905 542 448 707 614 657 797 674 91 170 535 462 142 320 590 222 199 603 622 572 222 503 746 683 486 395 260 694 323 680 239 573 416 307 378 557 144 421 149 751 164 149 400 422 587 728 651 661 419 626 418 805 524 513 652 250 369 115 627 660 221 499 145 406 345 471 513 634 701 218 472 432 389 391 179 113 222 530 199 471 648 231 682 515 269 352 114 426 551 645 503 333 574 65 478 711 271 327 297 552 38 573 371 660 760 434 170 630 544 363 342 415 140 306 277 592 746 277 190 500 349 426 674 445 649 707 792 33 434 369 406 716 524 378 294 631 779 378 628 274 666 553 503 232 884 452 384 632 352 659 544 215 243 676 708 484 402 405 583 590 307 73 545 753 555 684 183 605 396 89 518 467 98 399 646 82 305 348 241 381 285 150 205 381 845 298 224 228 419 425 632 266 831 892 465 648 243 546 736 329 543 615 319 147 64 385 640 164 325 532 559 481 242 585 447 125 554 356 528 740 73 271 132 601 370 511 432 319 111 592 526 550 140 252 571 135 272 316 496 730 483 574 576 149 412 27 176 495 518 612 508 525 734 440 525 486 459 88 317 73 243 180 480 
305 345 115 282 565 461 533 468 324 272 443 406 122 390 504 406 249 577 432 110 435 414 354 434 344 446 434 365 510 375 145 271 272 400 199 427 427 287 107 398 385 265 221 393 295 196 323 240 169 263 360 455 376 280 17 310 439 363 488 299 17 378 323 282 303 18 491 209 450 418 231 442 202 39 433 224 265 429 608 263 254 449 484 168 352 323 371 238 172 189 357 309 371 350 347 252 613 247 526 303 557 386 391 416 62 158 247 637 140 210 348 104 361 398 232 178 428 434 462 224 325 481 97 441 458 429 240 167 181 368 140 378 373 391 210 445 339 199 351 339 80 324 368 460 426 572 88 181 405 127 94 318 246 389 126 224 140 357 634 159 212 557 533 112 248 226 332 567 483 163 380 307 419 173 133 460 215 192 421 187 428 430 334 226 215 30 384 162 75 354 438 354 441 131 216 170 391 272 410 317 226 537 483 354 443 476 446 365 240 488 577 285 301 215 530 403 119 137 333 421 398 470 233 236 373 137 475 215 333 220 181 43 288 156 97 432 398 473 157 417 332 170 243 265 182 338 360 367 198 375 297 181 270 163 97 574 406 79 543 436 489 106 417 272 299 125 214 406 545 379 283 518 131 600 410 515 396 174 470 151 
319 515 228 442 683 678 643 685 279 135 307 618 300 551 631 560 427 788 618 155 652 621 570 637 559 436 298 563 650 408 88 487 141 249 335 633 623 372 311 607 602 468 35 481 396 346 532 334 312 444 477 578 577 304 231 348 655 235 372 86 219 585 476 323 323 213 688 401 656 602 160 652 300 188 325 399 360 269 731 267 433 559 635 193 569 521 443 113 375 42 510 367 389 192 547 317 723 364 378 360 703 480 519 428 175 267 352 752 84 421 295 319 366 490 380 311 618 370 651 13 540 698 152 306 661 617 404 53 71 252 276 192 582 598 330 486 533 362 518 324 296 539 581 672 363 681 273 62 358 256 284 125 322 574 92 359 233 574 770 186 135 768 662 304 447 387 307 720 333 214 597 478 591 365 99 651 275 332 336 225 396 621 545 251 305 186 387 205 215 362 573 287 352 118 377 173 532 92 284 390 400 752 563 433 282 609 590 581 93 697 790 111 305 120 694 616 110 299 549 529 274 414 408 369 418 93 648 431 522 120 320 249 240 279 273 614 389 403 260 300 241 47 155 79 330 253 571 563 225 407 398 382 256 270 158 708 621 247 713 631 373 312 356 323 499 329 325 588 698 587 468 678 348 710 316 593 312 157 497 367 
476 286 297 280 489 196 477 203 502 513 660 148 238 280 426 304 231 342 247 360 169 171 96 246 113 562 651 164 408 466 405 36 512 629 299 184 219 356 197 189 125 101 488 411 382 241 141 326 285 175 347 397 159 419 253 421 190 585 686 566 267 139 312 439 470 273 270 147 248 242 474 188 314 295 631 233 375 661 516 426 179 413 368 392 86 191 417 495 133 455 280 399 479 589 144 365 540 339 743 436 435 398 344 518 319 324 354 554 403 110 526 169 523 408 245 267 234 600 265 491 103 217 352 657 222 243 214 431 445 582 267 628 128 194 286 506 163 215 244 523 186 88 147 228 593 510 224 447 597 301 212 574 386 274 393 305 313 104 517 387 446 321 445 196 166 219 524 429 705 351 119 266 276 161 397 255 387 256 606 392 605 235 136 392 359 297 502 379 298 477 363 567 625 382 220 386 324 528 624 386 191 287 484 399 675 395 354 99 491 269 332 547 481 456 377 174 379 260 66 400 612 622 189 312 452 397 313 75 175 461 292 241 480 310 231 259 563 637 303 624 562 437 489 531 244 539 110 175 404 467 340 168 445 299 339 471 166 268 376 227 686 177 584 388 123 185 336 240 412 182 166 375 137 531 603 512 585 399 539 115 
916 816 520 796 48 589 86 588 509 648 659 476 687 252 110 229 747 774 310 716 561 432 578 756 623 404 655 380 123 353 648 568 641 676 773 429 355 357 640 695 583 435 758 251 872 416 669 396 747 380 256 157 396 437 616 394 642 633 627 803 628 435 834 889 914 630 358 435 746 305 830 459 433 603 600 739 852 703 26 475 383 170 165 780 538 722 293 815 481 734 265 368 383 681 395 413 20 823 712 903 117 249 222 371 671 760 831 24 657 622 514 597 972 240 380 439 328 515 315 743 623 600 700 655 404 315 378 684 747 612 478 740 449 707 410 295 369 416 291 952 580 603 654 698 514 51 525 741 1018 728 522 729 845 805 686 790 506 590 81 771 603 757 86 507 690 390 945 145 700 516 577 791 258 460 709 332 824 422 558 800 1041 329 660 481 814 630 401 775 687 408 178 963 565 617 398 556 225 699 633 341 399 699 187 300 711 141 179 520 663 745 744 838 913 621 194 664 636 712 530 200 628 496 393 800 334 646 244 587 356 623 759 629 529 753 515 291 1010 525 478 616 933 709 837 808 431 566 463 367 811 355 331 664 495 469 590 70 647 677 217 351 627 527 512 409 408 642 802 300 146 698 375 181 577 28 573 170 556 572 312 548 
110 210 409 149 835 531 809 539 601 500 680 542 195 638 771 658 182 552 641 241 522 571 435 385 393 736 671 559 768 669 373 376 504 625 109 584 618 580 241 392 460 467 353 682 30 476 336 533 135 505 641 727 559 572 283 603 475 603 739 418 276 540 153 76 103 277 672 447 413 632 240 583 496 323 687 170 30 648 873 550 500 728 735 186 460 286 663 294 402 336 617 603 664 568 539 546 885 62 755 44 807 674 663 709 260 136 50 906 360 291 624 285 135 686 508 467 630 709 663 375 377 546 253 679 623 637 504 363 307 615 432 570 529 375 499 739 547 470 597 156 303 390 393 460 701 847 369 316 224 166 369 503 56 283 316 96 433 430 889 193 462 536 798 379 248 494 167 809 710 452 459 189 653 421 293 655 103 477 687 153 217 632 355 515 81 293 675 175 222 645 703 230 705 382 487 445 657 470 653 610 483 549 772 646 660 741 706 482 458 460 570 348 126 457 762 422 358 170 449 703 641 749 488 89 668 366 701 327 551 460 123 263 562 137 382 649 171 747 451 666 257 342 255 359 464 600 511 567 153 669 587 234 553 457 371 834 437 215 768 627 740 356 693 566 502 240 81 626 789 370 515 756 307 873 671 804 661 443 764 337 
861 747 476 730 51 515 86 514 495 624 656 402 628 185 64 163 681 700 236 667 487 358 505 683 551 410 651 308 53 345 610 498 618 666 712 355 281 326 580 621 510 367 721 231 811 366 598 359 687 317 217 117 323 415 563 374 569 620 630 771 575 362 767 833 859 578 286 374 672 231 784 385 394 555 598 674 792 694 54 452 321 143 93 729 465 652 275 774 420 695 205 345 375 665 323 382 89 762 714 845 49 226 175 371 621 704 771 93 618 555 503 537 917 219 329 393 254 517 241 707 551 526 652 652 330 241 322 647 705 601 432 723 375 635 367 299 298 362 226 899 522 531 581 624 515 82 473 700 967 672 468 706 787 734 643 728 464 516 76 721 574 683 32 452 622 335 893 81 698 479 503 724 186 401 665 258 768 374 557 748 988 255 588 452 756 580 396 723 633 398 123 914 566 579 344 522 169 673 627 316 341 625 192 277 704 85 116 447 635 671 670 801 859 591 123 591 595 653 458 172 620 504 335 738 324 607 170 520 286 594 699 574 510 696 464 217 956 532 437 612 888 670 792 771 382 553 390 294 759 347 296 599 473 427 548 13 573 622 149 277 630 470 511 383 338 581 743 227 76 625 310 108 515 86 570 187 552 538 323 485 
634 717 270 659 443 714 398 719 60 212 181 612 499 416 413 410 622 879 522 422 681 590 631 769 647 101 176 512 450 130 295 562 205 197 575 599 550 200 475 718 657 460 374 247 667 296 652 213 545 392 290 366 534 117 393 127 725 157 166 383 394 563 700 625 636 392 606 392 777 504 490 629 222 342 124 599 633 222 492 117 382 334 457 487 608 673 204 451 405 367 372 157 100 213 507 173 467 621 245 656 504 255 336 112 399 524 618 499 309 546 44 450 687 259 302 270 531 63 554 351 633 734 408 177 608 523 338 319 392 135 278 270 568 719 251 188 477 323 406 650 417 622 679 765 56 428 341 383 693 497 350 281 605 751 353 601 246 640 545 478 209 858 443 356 604 327 636 532 224 215 650 680 465 375 380 563 564 280 85 519 730 535 657 155 578 369 79 492 440 80 384 624 99 279 322 214 364 268 153 185 355 819 293 208 230 406 410 607 247 804 866 445 623 221 531 709 304 515 588 307 147 92 360 612 151 300 514 531 458 219 557 419 100 527 328 508 716 100 243 137 580 347 489 413 292 97 567 504 525 128 230 543 107 244 289 488 703 455 559 555 166 384 48 150 471 490 585 488 512 706 416 510 458 455 95 314 77 217 182 452 
453 545 112 482 501 602 460 608 126 117 253 517 322 392 452 397 449 747 476 238 571 508 505 619 510 268 244 438 476 225 118 427 113 220 393 519 491 191 304 575 534 358 217 297 483 201 503 160 364 310 300 399 456 119 216 163 598 176 290 256 215 475 523 442 454 212 554 284 631 459 317 544 134 162 234 425 449 252 551 85 299 378 466 305 491 514 258 286 278 200 347 182 208 185 426 134 540 438 337 472 530 297 345 250 215 340 434 569 131 391 149 286 507 307 228 164 480 235 510 198 493 623 224 250 540 476 260 149 221 175 145 233 476 571 170 303 404 225 365 472 254 486 539 630 227 498 188 213 521 313 199 197 421 586 173 419 96 512 592 295 57 726 484 212 441 244 459 550 296 59 528 507 437 255 200 514 380 184 221 336 555 483 511 66 394 187 212 309 256 184 400 455 240 96 235 30 362 158 217 206 265 696 378 248 266 433 419 496 119 664 740 296 442 75 531 572 121 335 470 347 205 274 273 431 234 120 494 384 389 78 375 243 88 343 178 468 537 274 113 221 414 177 319 264 188 139 470 434 342 224 220 376 80 120 106 530 570 274 553 498 290 235 219 138 381 321 401 443 528 559 336 513 302 527 210 408 196 33 317 305 
627 732 287 670 490 748 445 753 66 187 133 649 510 461 461 455 636 909 565 420 716 629 661 793 675 138 128 552 498 178 289 590 181 152 582 638 592 242 490 745 689 495 356 294 669 329 677 249 552 429 336 414 573 151 404 169 756 116 123 356 404 601 711 621 629 400 649 425 803 547 477 668 253 350 77 612 635 175 540 140 418 381 504 483 640 694 251 434 433 353 416 201 148 175 546 208 515 625 199 654 552 303 383 158 401 526 621 546 302 568 41 468 678 307 339 299 574 49 597 332 660 769 407 129 649 567 375 308 380 92 302 230 605 744 285 234 517 356 449 639 435 650 707 794 42 476 361 370 679 501 371 248 605 769 347 607 264 670 593 473 199 888 491 379 623 363 624 580 176 230 681 694 510 405 373 606 562 312 41 515 716 577 682 176 579 376 127 489 444 127 432 608 59 278 357 219 410 242 105 229 390 851 340 255 183 454 457 641 227 832 897 423 615 208 578 738 302 524 621 355 101 93 396 619 199 295 560 555 498 206 564 431 100 531 349 552 705 87 266 89 562 335 474 391 323 68 604 544 520 176 273 560 123 269 294 536 733 463 606 597 124 406 35 187 508 506 588 531 560 731 454 557 479 502 47 361 29 218 226 476 
873 733 505 723 121 474 156 472 549 669 714 366 634 190 120 173 674 656 204 688 448 322 477 653 526 474 708 285 84 403 643 481 663 721 715 316 245 370 586 593 478 360 754 286 811 390 577 397 692 323 259 167 296 464 579 425 532 674 692 809 592 332 758 843 870 596 237 381 640 205 808 344 429 578 658 670 795 750 103 499 329 199 95 747 437 634 330 802 425 727 223 394 433 715 303 425 148 764 776 851 29 279 212 434 641 714 774 140 650 548 559 543 927 274 353 421 221 578 201 742 528 483 674 710 287 210 339 680 734 656 459 772 346 607 398 364 284 381 230 913 532 508 554 588 576 152 492 730 983 683 485 751 794 713 672 729 496 489 74 739 615 640 95 468 612 354 908 19 757 515 472 712 172 412 692 217 779 401 616 763 1002 221 565 495 764 601 455 740 649 454 158 934 627 612 364 560 197 715 683 365 354 581 259 330 760 128 139 417 677 634 624 833 872 633 74 560 626 659 433 226 676 568 347 739 381 639 135 511 276 636 703 587 560 704 484 189 967 596 469 669 911 701 817 804 406 607 362 272 775 405 338 596 522 459 578 64 541 634 91 240 692 482 572 429 327 584 748 206 35 598 310 71 518 149 628 256 610 577 390 487 
588 625 186 572 367 597 323 601 110 237 283 494 418 304 326 300 531 764 407 371 564 472 516 661 535 148 276 394 356 78 264 451 231 281 500 481 433 83 386 608 541 343 366 159 597 182 545 96 470 273 184 274 416 29 314 16 610 234 282 399 319 445 614 573 588 318 491 277 667 389 463 511 114 271 235 511 566 312 417 66 263 247 356 440 492 571 117 434 294 348 259 46 69 275 388 59 401 549 356 599 411 163 232 114 337 457 549 431 276 443 125 355 643 171 184 160 415 181 439 346 522 617 355 279 491 408 220 297 368 217 178 333 450 610 137 155 359 208 290 612 324 510 568 651 174 359 245 360 665 428 252 319 544 652 315 524 161 525 464 430 199 743 357 253 506 209 600 437 329 144 534 589 353 263 342 448 507 167 199 468 697 419 548 86 514 301 84 441 372 55 285 600 216 238 205 168 257 290 249 76 238 703 232 112 323 312 308 490 256 692 750 445 579 216 428 597 262 437 473 217 240 199 242 536 85 265 405 424 340 218 482 338 120 458 231 394 676 215 148 239 562 324 465 412 180 167 449 386 476 77 115 448 84 145 230 403 590 381 454 438 283 283 167 34 352 399 516 372 416 597 297 408 358 388 204 261 184 179 173 347 
603 348 444 372 515 50 516 55 636 663 801 73 379 323 460 346 332 233 239 511 17 117 78 220 122 674 793 180 429 576 558 154 661 774 423 121 194 470 343 165 55 203 641 497 489 369 183 450 416 274 429 447 159 548 407 541 94 729 821 719 419 119 392 564 596 426 210 274 204 245 621 96 446 449 768 344 491 807 528 561 283 473 386 537 67 243 514 646 276 608 344 515 594 738 173 491 563 455 883 553 436 483 410 627 471 461 472 568 556 238 659 320 645 491 361 401 221 727 237 644 137 70 503 798 154 234 326 585 597 724 409 779 108 183 413 600 206 342 301 651 339 123 136 149 720 541 374 599 725 443 362 726 510 303 546 423 458 83 512 533 595 214 469 345 265 336 655 419 847 495 54 343 296 299 550 220 520 386 739 532 727 220 165 529 488 450 619 523 447 596 408 704 758 535 341 533 382 680 765 495 308 162 553 499 821 431 391 58 642 196 210 698 610 606 364 128 532 398 86 468 753 744 303 427 558 550 306 214 226 611 421 393 619 447 380 258 683 762 444 763 704 590 636 683 376 679 101 193 545 577 447 297 581 438 491 481 107 416 351 199 821 329 713 513 196 329 461 253 409 178 253 371 289 557 738 575 719 547 635 268 
569 339 387 352 479 108 476 113 578 606 743 56 337 279 421 303 308 284 208 462 75 95 65 240 116 618 734 137 393 520 503 112 603 716 390 106 167 414 298 180 68 145 589 445 464 311 174 392 379 218 378 403 119 490 355 484 133 671 762 667 368 80 377 531 563 375 200 216 230 210 576 96 388 395 710 316 462 749 496 502 227 427 350 493 28 234 460 598 218 556 295 458 537 680 126 433 528 426 825 524 407 431 361 572 421 422 442 536 502 200 601 271 614 439 304 342 191 669 214 591 123 128 454 740 145 203 269 531 547 665 351 722 67 194 355 547 158 284 253 617 288 104 142 186 663 504 318 548 691 401 305 670 477 306 494 393 400 76 486 488 538 263 433 288 239 279 619 393 789 437 61 328 258 241 499 199 483 328 681 491 696 191 159 471 453 398 562 479 400 539 365 665 700 479 283 476 335 624 707 439 250 216 505 444 763 391 350 5 586 233 264 649 575 549 338 148 477 358 38 420 695 687 246 398 503 495 277 171 177 554 386 343 560 408 323 225 653 704 386 705 662 538 591 632 318 620 53 151 504 521 391 260 523 380 436 449 131 370 330 174 763 273 655 455 141 285 428 215 381 186 198 343 239 521 680 529 661 490 582 216 
908 803 514 784 42 573 86 572 510 647 663 460 677 239 101 216 735 758 294 709 545 416 563 741 609 409 659 366 109 355 643 554 640 679 762 413 339 354 630 680 568 422 754 250 862 408 655 391 737 368 250 150 381 436 608 393 627 634 632 801 620 420 822 880 905 622 342 425 731 290 824 443 428 596 604 727 842 705 11 474 372 166 150 773 523 709 292 810 470 730 255 367 385 682 381 410 36 812 717 893 101 247 214 375 663 751 821 35 653 610 516 587 963 239 372 432 312 520 299 739 608 584 693 659 387 299 369 680 742 614 472 740 433 693 404 300 355 407 279 944 570 589 639 682 519 56 517 736 1010 719 513 729 836 791 680 779 500 575 69 764 601 741 74 498 677 381 937 128 704 512 561 779 244 450 703 316 815 415 562 792 1033 313 645 479 805 622 404 767 678 410 168 956 570 613 390 553 215 698 636 339 389 683 191 298 714 130 167 505 662 729 727 834 905 618 177 649 631 702 516 197 630 502 383 790 336 641 228 575 343 621 748 620 529 744 507 276 1002 531 473 620 927 704 831 804 423 567 448 352 803 357 327 652 494 464 585 53 631 669 201 335 632 518 516 407 395 632 793 285 129 683 363 164 566 40 577 176 560 569 318 537 
122 223 459 174 883 560 857 568 648 543 723 579 243 684 819 705 215 566 684 287 553 610 468 401 424 785 714 601 815 719 418 415 547 667 157 622 660 629 289 415 492 512 391 732 59 525 365 582 183 552 690 776 600 621 333 653 501 646 783 452 326 580 166 99 115 326 712 494 430 676 272 619 545 372 732 208 79 688 920 599 547 777 781 228 495 311 713 327 449 376 664 653 713 610 581 595 933 107 796 59 853 723 712 758 308 186 99 954 405 331 671 332 124 735 557 516 673 756 705 414 409 574 300 722 662 680 552 407 347 660 481 609 568 397 549 789 591 519 643 159 351 424 420 481 748 895 418 357 216 216 418 542 102 295 361 141 483 462 935 236 508 552 845 428 283 543 174 854 751 501 492 209 698 469 337 696 145 526 732 194 199 674 384 563 129 342 724 219 271 694 751 237 751 429 535 493 705 511 696 660 531 569 821 696 701 789 753 518 501 476 586 379 140 502 807 447 405 219 486 752 685 796 536 131 717 412 745 368 596 505 171 312 609 186 431 693 153 794 501 710 272 384 285 392 514 645 550 610 193 718 636 276 601 506 419 881 464 265 811 669 784 405 740 616 546 287 130 670 835 393 561 801 353 922 716 853 707 490 813 384 
866 731 495 720 108 477 142 476 535 656 699 369 627 182 106 165 670 661 205 679 451 324 478 654 526 460 694 284 70 388 632 479 650 707 710 319 247 357 579 594 480 356 743 272 806 380 576 385 686 316 246 153 296 450 571 411 535 660 677 798 584 333 754 836 863 588 242 374 642 205 798 347 418 569 643 666 790 736 93 486 322 185 86 739 438 632 316 792 419 716 213 381 418 702 301 412 137 758 761 845 15 265 200 419 632 707 769 132 639 544 545 536 920 260 343 410 222 564 204 731 527 488 664 695 291 210 330 669 724 642 449 759 346 608 387 349 281 372 223 906 525 508 555 591 561 138 483 720 975 676 477 738 788 713 661 724 485 489 73 730 603 645 80 459 608 345 900 26 743 504 473 710 168 404 682 220 772 390 602 755 994 222 565 483 758 592 441 732 641 440 145 925 612 601 355 548 186 703 669 351 346 586 244 316 746 114 128 418 665 637 629 822 865 620 78 561 616 653 433 212 662 553 339 734 367 628 136 507 272 623 697 579 547 698 475 189 960 581 458 655 901 691 808 793 396 593 363 271 767 390 325 592 508 448 567 51 543 626 98 242 678 474 557 416 324 579 742 204 32 599 304 70 512 137 614 242 595 565 375 481 
623 623 211 577 295 554 253 558 183 308 354 445 431 236 252 230 533 728 343 408 520 419 482 638 507 170 347 340 282 72 316 425 302 355 516 426 373 40 393 583 505 304 424 89 616 161 525 84 487 229 111 200 362 98 333 59 574 308 346 464 341 395 619 604 623 341 427 247 642 325 510 458 121 300 302 515 588 385 346 136 221 174 283 477 454 558 50 487 274 403 192 28 91 349 337 78 332 567 424 627 337 91 159 124 369 482 569 362 328 432 196 356 679 99 149 154 353 237 374 406 496 573 392 350 432 344 180 352 420 290 186 407 401 586 123 124 306 182 227 651 328 482 541 619 232 290 252 412 709 451 255 390 570 641 362 539 189 492 391 467 264 708 283 251 498 174 641 363 399 187 497 589 285 243 388 384 537 152 264 503 739 356 525 142 539 330 117 476 398 101 211 647 279 288 174 221 185 359 321 8 203 664 171 40 396 238 235 449 323 662 711 504 616 281 355 567 310 452 436 143 313 245 205 551 58 316 335 408 286 283 499 355 194 480 238 328 714 267 167 310 612 378 515 472 166 241 403 330 512 73 56 447 156 161 270 330 558 401 382 377 346 280 226 69 307 403 537 309 342 574 250 335 353 319 272 202 252 236 153 336 
518 703 318 632 664 809 620 815 196 100 115 728 479 592 626 593 610 945 683 348 779 719 708 805 708 332 108 648 657 352 228 628 101 55 528 730 700 374 477 767 739 569 230 459 597 412 693 358 503 521 483 575 667 277 388 316 800 76 186 193 381 686 669 524 522 375 763 495 821 665 356 755 340 333 155 583 560 68 715 243 509 547 655 394 697 693 415 303 486 243 546 346 324 26 637 321 694 562 177 561 712 464 531 346 353 463 551 725 237 579 194 472 561 470 436 375 688 231 717 206 690 830 341 116 750 683 470 222 273 100 356 36 687 761 377 420 614 436 569 517 443 686 735 827 226 654 389 263 540 447 401 81 523 756 273 554 306 714 764 386 167 924 657 417 618 454 500 736 132 269 733 665 639 465 291 722 476 394 184 426 581 691 703 256 505 346 309 405 397 297 584 469 193 239 445 229 553 109 106 376 476 898 520 412 80 613 607 704 131 857 941 272 503 158 725 769 253 484 677 517 101 273 483 564 370 237 694 579 599 153 512 412 180 472 382 674 581 252 324 127 418 239 348 245 399 140 680 644 427 350 407 552 220 331 278 703 770 426 749 707 187 436 223 313 592 496 522 649 715 750 547 706 494 681 162 544 170 215 417 504 
61 378 449 314 913 686 880 694 593 460 629 681 299 732 852 750 339 719 756 249 673 705 584 552 547 744 621 679 856 695 359 516 466 570 239 718 741 625 345 556 612 580 290 735 198 544 494 579 249 600 707 803 683 590 345 629 634 560 696 329 333 671 321 100 68 330 800 543 580 745 165 722 540 360 650 321 180 585 956 560 593 796 828 181 604 449 708 214 499 289 703 638 683 513 659 580 960 214 693 124 901 730 739 726 291 213 195 985 346 428 612 386 52 742 580 524 748 692 783 316 529 702 265 629 756 753 586 334 262 577 485 498 662 539 555 772 661 546 692 12 391 540 552 625 684 920 435 271 62 241 440 436 153 451 303 242 469 581 980 191 444 704 881 456 400 573 17 909 649 474 610 355 756 510 276 776 147 539 660 160 81 751 512 531 175 332 688 185 274 660 785 70 676 380 563 451 739 415 608 652 569 714 825 693 596 823 793 625 418 627 736 249 53 433 868 582 356 275 590 768 598 735 576 240 699 355 809 459 660 435 243 335 552 225 445 761 64 727 493 625 114 307 170 272 529 575 645 685 149 695 641 368 556 500 388 921 596 289 877 750 697 440 677 596 617 352 202 736 888 533 616 858 415 948 641 857 636 442 790 446 
228 91 421 47 796 428 775 436 633 557 737 456 188 591 732 613 96 434 575 297 423 490 341 269 294 753 727 491 722 675 423 297 559 686 117 502 546 575 221 281 362 410 431 667 88 460 234 530 145 462 617 693 487 587 294 612 367 657 789 504 293 462 34 191 220 296 594 408 297 569 336 495 497 346 735 103 112 712 829 572 460 699 685 263 371 178 655 386 364 408 577 605 675 631 471 551 847 90 816 162 755 657 631 720 299 183 107 865 412 222 657 259 251 669 486 459 562 743 593 450 280 441 305 735 541 570 474 423 381 666 430 642 450 263 492 738 486 447 550 274 286 296 288 347 735 812 363 389 341 200 359 575 150 165 373 92 446 334 838 267 508 420 756 364 161 468 285 753 771 472 362 75 598 390 355 582 191 464 728 235 331 563 252 534 152 320 690 248 254 660 665 347 747 424 462 477 620 536 706 607 450 435 754 637 725 701 662 394 517 344 454 443 242 507 703 313 403 172 364 678 694 779 454 81 669 415 639 259 494 511 134 268 596 173 377 586 285 782 458 716 370 408 351 447 451 642 431 502 241 675 575 178 580 461 402 787 331 232 704 555 790 336 726 574 442 211 127 565 735 259 466 699 270 837 715 785 702 479 766 295 
749 778 347 730 316 702 272 706 203 359 319 590 578 354 303 340 687 881 466 532 669 559 637 796 664 58 316 480 345 90 418 583 352 347 661 564 503 197 544 740 658 458 511 163 759 318 683 237 631 382 227 267 503 186 476 153 728 310 280 530 481 539 772 735 749 480 548 404 799 449 618 597 268 434 259 668 728 368 363 215 374 230 364 600 607 716 138 585 432 499 318 160 93 366 481 213 332 711 365 761 395 176 262 49 500 620 711 363 431 589 195 510 804 172 306 308 479 171 493 490 653 721 517 315 564 468 336 448 521 286 334 423 547 744 278 60 449 340 359 771 480 639 698 775 171 296 402 512 822 590 407 432 706 799 473 685 323 648 420 591 341 861 328 405 655 332 758 426 356 306 651 743 401 401 500 506 669 308 217 630 855 482 683 245 677 463 89 602 535 116 296 755 221 395 332 324 293 415 298 166 359 815 165 153 375 306 323 600 389 818 862 587 740 356 439 723 420 598 590 213 295 149 361 697 99 421 439 566 428 356 644 499 238 620 388 448 836 178 307 278 714 476 619 554 322 249 551 469 638 90 210 601 222 304 391 368 713 543 468 505 280 434 170 191 457 556 678 434 410 732 400 417 508 320 235 177 221 334 35 493 
560 622 175 565 416 621 373 626 67 189 242 522 407 347 375 345 527 783 447 344 589 504 535 671 550 161 234 427 405 118 228 465 182 235 486 513 471 125 380 621 562 367 324 209 580 202 555 123 456 303 232 323 448 26 301 65 629 187 250 353 304 475 607 547 561 302 530 297 679 429 427 542 126 253 199 505 547 266 467 25 292 296 404 412 513 576 166 395 308 309 301 94 99 226 420 82 450 533 319 576 460 213 280 140 315 438 531 480 241 448 88 353 615 220 212 173 454 160 479 304 535 642 329 238 526 447 249 258 331 172 180 283 479 621 157 195 392 229 330 581 321 525 582 668 153 408 244 322 631 410 252 270 522 654 282 511 150 544 513 402 155 762 406 258 507 236 568 485 288 124 555 585 395 279 309 487 483 185 168 442 665 457 559 61 494 281 102 414 353 74 333 565 186 205 230 134 303 242 207 124 263 724 280 161 278 361 356 514 210 707 771 402 550 171 475 612 230 424 494 266 197 188 269 523 130 230 449 433 374 172 468 327 71 440 230 435 646 198 145 199 524 286 429 369 196 122 477 420 449 116 158 446 36 146 204 453 607 366 500 476 250 286 144 65 381 395 498 412 464 608 328 455 360 437 168 308 149 143 207 354 
195 330 216 256 679 531 646 539 390 292 473 495 124 504 619 520 243 618 540 31 510 509 422 460 400 530 464 469 625 471 162 342 296 421 149 522 532 393 152 438 453 368 171 502 222 311 363 347 126 375 473 569 477 369 115 404 496 394 529 250 101 473 291 179 195 98 594 319 481 527 126 533 308 127 477 215 186 445 723 344 367 562 599 53 430 343 476 151 279 144 472 409 462 365 450 351 727 183 551 207 672 497 505 507 57 83 175 751 150 262 413 180 252 508 347 290 535 498 569 186 381 550 42 472 557 538 355 157 120 406 251 375 466 426 321 545 446 314 465 226 173 385 417 506 490 686 203 127 290 71 209 309 156 390 107 174 238 423 749 44 251 599 648 226 272 341 217 681 506 249 449 292 532 285 88 566 114 305 475 75 315 537 378 310 130 98 471 48 50 441 553 239 494 171 331 236 506 270 444 421 340 590 592 461 459 591 561 447 251 525 624 207 189 246 643 452 147 117 413 534 433 538 347 184 472 155 587 282 442 250 134 113 351 93 212 542 287 536 261 456 221 141 141 200 296 388 452 473 85 470 407 212 344 268 164 689 460 80 655 541 530 215 482 369 404 168 144 516 660 416 393 632 212 714 460 624 450 232 566 240 
420 574 193 505 601 680 559 687 171 35 215 605 349 495 554 500 480 812 576 226 652 600 578 672 576 328 206 533 578 310 98 497 38 165 403 611 588 292 345 634 609 447 144 395 479 299 560 264 377 407 402 501 550 210 255 255 668 137 273 160 248 565 542 418 423 243 652 374 688 559 266 634 236 200 223 453 443 192 651 172 395 479 569 281 569 561 354 222 360 141 450 278 288 112 520 236 639 441 294 453 633 396 448 324 224 340 432 668 108 446 186 339 469 405 329 262 579 261 609 120 558 702 216 214 634 576 359 102 169 150 236 144 565 629 272 387 500 321 467 429 310 554 603 694 254 597 260 160 466 321 272 95 409 624 150 429 186 584 694 273 46 791 586 289 486 342 413 654 250 154 603 535 539 342 172 613 364 282 229 315 504 582 570 166 387 214 283 290 269 261 503 396 246 106 333 108 465 54 187 305 361 767 472 346 206 536 522 577 17 725 809 215 407 30 634 637 121 355 549 448 175 305 369 440 322 106 596 447 486 26 386 280 134 348 254 569 495 296 209 200 350 127 262 183 285 144 557 530 317 308 323 419 156 217 146 632 638 296 656 595 274 306 247 237 473 363 402 543 632 617 433 617 362 625 210 500 205 92 395 373 
315 134 318 104 648 310 629 318 540 497 669 314 122 441 584 464 54 373 424 270 297 345 208 215 171 640 660 341 573 555 367 150 498 626 137 357 397 449 118 194 235 260 414 532 206 329 122 407 136 315 477 548 338 478 209 496 262 589 712 494 215 315 140 277 309 220 447 264 236 418 357 355 379 265 656 57 204 655 680 471 314 556 535 272 232 99 525 394 223 384 430 484 559 576 321 435 700 168 752 266 605 521 487 603 247 186 185 716 360 71 565 138 357 532 350 336 412 648 444 425 153 327 269 667 397 420 333 380 364 593 314 600 303 181 366 612 336 312 402 364 171 164 179 263 640 666 248 369 438 177 241 536 223 164 331 135 342 205 688 271 438 354 607 239 27 329 369 602 709 375 234 101 447 252 323 433 238 337 642 259 440 413 139 433 202 249 577 256 207 548 517 421 661 357 325 392 474 492 635 481 308 350 616 507 669 553 514 254 464 279 381 452 324 442 552 213 342 129 221 536 623 680 311 140 546 359 488 108 343 446 138 183 508 171 261 435 396 687 347 642 427 374 374 445 323 561 285 351 270 555 444 45 483 348 323 637 224 174 553 406 712 210 632 459 291 101 174 414 584 172 318 549 136 690 632 646 617 399 642 155 
285 453 186 381 654 614 617 622 290 170 350 558 235 508 599 520 363 723 568 95 589 563 507 572 494 442 341 508 614 400 58 424 174 296 275 576 570 347 246 542 538 412 69 459 345 302 467 306 251 394 446 547 522 294 167 336 590 273 410 146 155 527 417 282 288 148 634 347 591 552 141 593 268 129 359 336 308 320 702 261 384 532 596 145 506 456 424 114 318 37 469 350 385 239 492 295 698 308 426 317 666 456 486 427 110 209 298 725 46 356 310 255 336 467 338 270 566 391 600 71 475 635 89 349 606 566 359 34 45 287 233 250 523 533 294 478 480 316 473 299 234 475 516 607 383 656 218 39 345 195 229 183 273 510 27 300 196 510 737 136 142 703 630 249 382 342 284 681 381 187 533 416 545 311 37 600 227 290 363 178 379 569 480 236 252 123 388 154 150 360 539 278 381 85 332 154 495 144 323 369 351 687 545 412 333 575 553 519 128 631 725 142 273 132 651 551 65 235 487 502 312 434 359 310 407 57 603 367 471 135 259 184 250 219 220 566 365 427 224 337 239 17 143 117 286 276 512 509 181 399 370 317 255 233 113 675 556 182 669 578 411 253 376 306 444 264 269 539 659 522 417 637 284 685 346 576 338 143 493 305 
846 698 488 690 148 435 176 434 546 660 715 329 606 166 131 154 641 618 168 666 410 284 440 615 489 483 709 250 88 406 627 447 655 718 686 278 208 362 557 555 441 328 738 288 781 371 541 386 664 296 253 169 260 459 555 422 494 671 697 796 569 295 724 815 843 573 199 354 602 170 787 306 416 558 660 638 766 748 138 493 304 204 81 724 401 598 331 783 398 710 204 391 435 710 268 417 181 734 779 822 47 279 205 440 619 687 745 176 634 515 558 515 900 276 335 403 184 583 163 727 492 445 652 711 248 173 317 664 716 654 441 767 309 570 383 374 251 360 205 888 506 472 517 550 580 179 469 712 958 657 462 742 766 677 653 699 481 452 112 716 604 602 113 444 578 333 883 19 759 502 435 679 142 387 672 179 753 383 619 738 976 184 529 486 736 580 459 716 624 455 152 911 631 596 343 547 185 705 683 361 330 543 273 328 759 129 129 380 666 596 586 816 846 621 36 522 610 631 397 228 675 576 323 709 384 623 99 478 244 625 674 562 556 677 463 153 940 603 453 670 889 685 797 788 387 604 326 237 750 408 330 565 516 444 560 94 503 608 54 202 697 457 576 423 295 555 720 172 24 562 282 39 489 181 630 274 611 564 401 458 
815 747 410 718 82 567 37 568 388 527 541 450 595 199 76 175 669 754 292 608 536 409 534 711 575 290 537 342 120 233 532 508 520 556 682 410 337 240 550 650 546 370 641 131 783 315 612 282 655 303 149 75 362 316 515 272 611 512 512 684 526 402 758 790 813 528 362 353 705 281 719 443 320 496 483 658 760 583 131 354 303 62 153 674 496 661 172 701 396 619 191 247 262 560 352 294 112 733 597 807 162 131 130 254 565 662 739 142 542 549 393 508 871 121 281 332 309 399 309 625 570 582 593 537 395 296 287 568 633 491 371 618 414 660 301 180 321 320 229 848 487 552 608 665 398 70 424 627 911 630 422 608 749 745 573 701 393 546 185 665 484 736 93 410 618 296 840 195 583 400 539 718 227 372 597 326 724 317 441 697 937 311 606 362 718 524 281 671 585 287 113 854 449 502 303 439 147 579 514 222 311 681 71 179 592 95 131 482 543 711 728 722 811 501 219 623 522 619 485 88 508 384 307 712 213 531 241 516 304 503 667 530 408 657 413 272 908 413 367 498 822 594 725 690 328 445 425 328 707 235 218 583 373 358 478 132 608 579 249 336 512 434 395 289 351 555 709 270 181 649 306 199 492 99 455 69 437 454 202 466 
255 89 367 23 729 377 709 385 584 520 699 394 139 524 665 546 30 407 509 270 368 427 283 240 239 697 689 425 656 617 387 232 523 650 96 439 481 514 163 240 306 343 411 604 129 397 181 470 113 396 553 627 422 532 244 555 320 618 747 488 245 398 65 216 248 249 530 342 266 502 331 435 439 299 692 39 136 678 763 520 394 634 618 250 310 133 594 376 299 385 511 547 618 597 405 494 781 102 780 197 688 593 566 663 261 163 121 798 377 155 609 197 289 605 423 399 496 694 528 427 223 391 274 697 479 504 409 392 360 625 373 614 386 223 431 678 420 383 484 304 227 238 238 309 686 746 305 367 375 169 300 548 165 152 341 79 392 277 771 252 467 390 689 303 98 403 311 686 735 421 306 52 531 325 327 517 193 403 682 228 371 498 200 482 154 276 634 235 216 604 598 369 702 383 398 430 553 506 666 546 385 398 690 576 691 634 596 333 483 313 421 435 266 468 636 267 364 130 302 613 654 729 388 77 610 379 573 192 427 472 107 218 549 149 319 519 326 733 402 675 384 380 348 434 389 598 368 436 237 617 513 112 529 404 356 720 283 190 638 490 748 274 677 517 375 151 124 498 668 217 400 633 205 770 670 721 657 434 707 230 
748 541 470 550 337 238 351 235 605 680 779 146 506 201 295 215 503 416 91 605 216 107 267 430 317 592 772 133 254 499 608 301 676 768 573 96 72 415 460 373 258 232 710 392 657 360 376 416 557 253 331 303 123 511 490 487 302 719 780 781 505 136 577 712 743 510 7 294 414 109 726 113 430 513 734 508 650 800 338 536 264 336 215 650 230 436 425 736 325 678 243 456 524 744 151 456 379 615 855 711 245 379 293 545 559 592 629 378 611 385 623 423 797 383 334 398 83 672 62 706 325 245 594 776 57 90 301 642 676 707 424 795 147 390 393 496 162 338 208 794 427 306 340 356 667 367 422 675 868 566 412 755 659 507 616 580 474 277 313 643 615 401 293 392 436 317 794 221 826 506 254 529 154 330 629 50 657 377 698 656 878 80 361 515 632 526 550 639 550 536 266 833 713 579 327 551 262 712 744 429 298 341 419 414 813 273 241 207 672 401 384 780 752 629 168 337 585 530 234 345 734 678 290 587 477 602 127 350 173 634 565 487 601 580 422 107 837 701 451 737 822 656 739 758 374 658 166 132 668 500 383 443 560 442 537 292 317 525 149 64 780 391 661 472 198 452 610 126 216 384 227 182 392 376 703 433 683 567 529 362 
525 532 113 483 368 504 329 509 183 259 354 406 333 250 314 253 440 668 340 312 472 388 420 563 438 243 346 313 334 157 233 354 254 339 418 398 360 63 297 511 446 251 343 174 518 86 448 18 388 186 160 262 333 93 234 98 514 290 367 394 242 359 525 505 525 242 421 181 570 322 419 426 22 202 315 421 489 371 416 109 176 245 323 380 397 475 146 401 196 319 205 87 161 317 304 38 411 468 434 528 388 170 204 204 272 383 470 438 242 347 205 263 582 181 97 63 345 274 373 329 425 525 296 351 413 340 133 269 332 280 87 370 362 512 41 221 278 112 225 555 233 413 471 555 267 369 155 326 615 352 160 339 471 556 272 441 93 429 454 370 200 647 346 159 410 119 545 408 401 101 439 496 295 166 297 379 439 70 285 405 643 349 450 87 440 232 180 378 300 152 258 555 303 202 113 144 219 301 318 92 146 609 263 131 384 293 276 397 262 595 655 423 519 217 388 500 221 354 378 214 308 296 152 453 151 231 352 327 260 221 401 256 172 381 141 330 617 310 69 313 522 294 425 393 82 231 360 306 415 157 83 355 132 62 177 392 493 302 410 366 367 188 259 62 264 309 438 306 386 500 212 370 263 397 285 295 266 161 248 251 
581 542 179 502 293 458 258 462 252 343 426 350 366 166 236 169 456 632 262 375 425 327 386 546 413 266 418 248 252 168 312 332 338 416 454 335 287 64 324 489 409 208 423 124 555 83 434 68 425 133 85 184 270 157 281 137 478 368 429 477 291 301 543 557 579 293 346 154 548 244 489 365 97 263 381 440 530 448 339 184 125 174 238 441 358 470 118 476 187 397 121 108 186 399 244 104 339 505 502 575 305 115 123 220 331 429 510 365 320 347 270 284 637 127 58 98 270 325 295 410 403 478 359 422 344 263 85 349 407 355 137 453 307 493 69 207 213 96 146 614 259 388 447 524 320 298 191 402 678 398 190 424 517 555 346 474 166 397 374 431 285 612 267 181 415 82 606 324 472 183 401 509 213 157 368 303 490 83 346 462 703 273 433 170 486 290 211 437 351 190 176 622 362 281 84 228 135 386 391 88 108 568 212 100 460 212 192 353 346 567 615 503 576 302 303 472 297 390 340 146 381 338 110 486 153 309 269 320 194 305 438 298 249 425 179 251 674 358 138 383 592 372 496 473 95 305 308 239 473 169 40 368 208 129 250 311 462 346 326 292 429 207 312 119 211 331 479 228 301 481 154 285 274 326 350 244 330 244 240 253 
587 369 378 377 445 129 443 133 562 598 729 37 350 247 388 271 332 312 174 469 96 65 98 274 148 594 721 104 360 496 500 131 595 705 409 77 134 392 308 213 101 129 591 417 487 295 204 374 396 196 350 371 86 472 358 463 164 659 746 667 372 47 404 550 581 378 170 202 263 177 585 76 372 394 694 338 483 738 462 487 205 396 317 503 59 264 434 604 211 558 265 437 515 671 95 415 494 447 811 544 373 403 331 548 426 436 462 502 500 218 584 278 633 411 284 328 157 650 181 592 153 149 460 726 117 169 248 530 550 652 340 714 33 228 338 521 128 268 223 634 291 134 175 218 644 471 313 551 708 413 301 664 496 338 495 413 390 110 453 498 530 292 399 282 264 260 635 360 775 427 94 356 225 230 502 166 499 312 664 504 715 157 190 456 470 400 540 490 407 518 333 679 682 475 265 467 304 619 693 417 232 242 475 419 751 358 317 38 580 265 290 653 592 542 305 182 475 372 60 390 682 666 227 419 479 493 243 185 147 547 403 349 546 422 317 191 673 684 374 690 674 538 599 635 303 606 21 118 516 498 368 278 508 368 432 415 164 379 297 140 747 270 636 437 117 297 446 182 347 219 174 309 246 487 664 498 645 482 555 220 
579 514 195 479 289 410 260 414 298 380 472 302 354 130 227 138 431 587 217 382 377 278 342 506 372 313 465 199 235 215 334 293 375 461 441 286 240 113 309 448 364 163 445 153 542 81 396 109 414 87 95 180 221 204 279 186 433 412 477 504 291 252 520 553 577 294 299 119 507 199 500 316 129 270 428 419 519 493 331 229 80 179 214 444 312 437 158 492 158 417 87 157 234 440 195 149 338 492 549 567 285 141 115 267 336 424 498 361 341 316 318 266 635 152 44 111 224 374 251 435 362 430 367 469 296 218 48 371 424 400 149 493 258 454 93 247 164 79 102 615 246 347 406 480 368 299 188 420 682 392 184 460 509 522 362 460 188 353 359 435 319 566 257 170 385 54 608 299 519 212 356 483 174 131 382 257 487 91 394 463 705 227 394 210 478 295 259 439 350 239 161 629 411 303 62 258 115 419 437 135 73 521 234 141 505 199 172 306 379 524 569 523 576 335 272 429 317 378 295 156 427 387 72 471 198 331 231 287 145 339 425 292 293 417 179 207 673 407 161 430 603 392 508 495 97 351 260 191 475 216 87 345 252 152 268 298 419 341 292 245 477 192 361 166 163 313 468 183 277 442 106 256 252 326 398 264 378 275 281 227 
323 51 402 70 721 319 705 327 623 573 748 352 189 513 658 536 60 336 483 331 315 389 235 169 186 725 739 399 643 640 441 202 574 702 165 400 451 533 199 173 254 329 475 614 191 413 126 492 179 392 558 624 393 563 288 581 258 668 793 553 292 364 82 285 316 296 494 344 196 479 401 391 464 344 737 87 204 731 751 555 392 634 604 318 267 68 609 444 305 447 505 569 644 651 381 520 773 171 830 263 671 602 565 688 317 230 190 788 432 146 648 223 354 614 433 421 469 732 498 489 174 332 334 746 440 478 414 450 424 673 399 671 351 155 451 696 400 395 474 372 255 191 179 241 724 740 333 430 443 232 325 606 235 87 399 150 426 227 754 319 516 320 679 324 77 411 380 665 787 458 255 34 513 334 388 486 264 421 724 298 436 470 144 517 225 325 662 302 273 633 592 439 744 433 407 473 549 564 715 565 389 330 696 591 745 626 586 291 537 243 352 503 336 518 614 204 417 188 263 616 703 764 391 147 631 432 550 179 410 523 175 261 590 216 346 496 390 771 432 722 455 440 417 500 407 642 333 411 307 640 528 129 567 433 402 706 221 243 612 459 793 295 715 544 358 182 195 477 649 151 391 612 220 763 714 726 699 479 726 238 
460 526 81 467 468 565 427 571 140 159 286 478 307 351 417 356 431 714 435 242 534 468 470 590 477 264 277 397 438 207 137 393 155 258 384 479 450 156 284 544 499 319 245 266 477 160 474 122 354 269 263 364 416 102 201 142 563 212 316 291 202 435 508 446 460 200 513 245 601 417 334 504 93 151 261 407 444 290 516 78 258 344 427 311 454 488 230 309 241 224 307 154 195 225 385 101 508 431 369 473 492 265 308 240 212 335 428 537 149 363 165 262 515 275 187 123 438 249 468 228 461 586 227 283 499 435 219 173 241 208 107 274 436 542 129 284 363 185 324 483 229 453 508 597 241 466 157 234 536 307 168 238 419 563 186 409 60 477 556 301 97 693 448 179 417 203 470 512 331 24 492 489 396 217 213 473 381 143 242 340 568 442 480 43 391 179 203 313 250 174 362 472 262 110 194 42 323 198 250 175 224 661 350 218 304 396 380 458 158 632 705 325 451 113 491 540 133 323 434 313 238 284 232 421 212 138 453 353 348 117 366 227 109 337 146 427 547 289 73 251 434 199 338 294 148 166 430 393 348 206 184 354 84 80 102 494 537 264 513 456 317 204 233 111 341 300 395 402 490 529 295 474 274 495 235 381 218 58 302 274 
458 643 274 572 659 762 616 769 200 59 170 686 421 568 616 571 551 892 653 287 733 681 660 749 657 351 162 612 643 354 171 578 64 111 467 692 667 357 421 713 691 528 170 452 535 377 639 334 442 486 467 564 630 265 332 308 749 108 238 143 324 647 608 462 462 318 731 455 766 636 296 715 310 278 198 524 498 130 709 228 474 538 637 332 651 637 409 245 442 182 523 335 328 54 600 302 693 500 238 500 698 455 514 357 293 402 490 723 178 525 206 419 502 463 405 340 657 261 687 145 638 783 280 170 714 653 437 161 211 130 316 63 646 707 347 427 579 400 542 459 390 635 683 775 255 651 342 201 485 386 354 31 462 697 213 493 266 665 755 325 124 871 648 371 562 420 442 721 193 232 684 605 613 423 229 691 415 360 219 365 525 660 649 232 443 289 317 343 338 300 569 413 231 185 411 188 534 48 152 364 440 848 521 403 142 600 590 659 75 804 889 218 443 111 705 717 196 424 631 508 144 305 448 503 370 179 670 527 565 106 451 356 173 411 336 645 523 289 287 171 363 177 289 189 364 152 638 609 365 352 389 495 207 296 227 694 719 367 728 674 239 388 251 297 554 439 461 620 699 695 512 686 442 679 197 547 199 172 429 454 
404 567 201 497 620 685 578 691 192 48 227 612 343 509 572 515 474 813 588 215 656 608 581 670 578 349 218 542 595 330 92 499 53 174 394 620 599 310 342 634 612 455 125 414 467 311 559 279 368 417 419 519 559 230 253 274 671 150 288 140 245 573 534 403 407 239 663 383 686 571 248 642 250 199 239 447 431 199 669 192 406 497 585 267 573 558 373 203 366 124 465 297 308 119 529 254 657 430 304 439 650 415 465 344 216 330 421 687 100 446 206 339 452 424 342 274 590 280 621 100 559 706 206 226 644 587 371 89 153 166 246 142 572 627 285 407 510 332 480 411 311 556 603 695 273 615 265 143 447 312 277 86 396 619 139 420 196 586 712 259 61 792 604 295 483 354 395 670 259 167 606 529 552 349 159 624 350 295 247 301 486 593 570 184 375 210 304 277 261 281 519 377 263 106 344 121 481 41 200 323 372 769 491 365 213 553 538 582 5 724 810 195 390 44 649 638 117 348 553 466 189 324 380 430 342 100 610 448 497 41 377 277 154 338 260 582 477 314 221 215 330 111 244 162 296 163 564 540 303 328 340 416 176 230 148 650 639 289 671 606 289 310 266 255 482 360 390 556 648 616 443 632 363 644 228 520 223 104 415 375 
392 599 276 526 699 748 656 755 256 100 240 681 382 588 651 595 510 866 666 239 721 680 642 717 634 412 232 617 675 403 146 560 107 180 418 692 675 389 389 686 674 527 106 492 478 389 610 360 396 493 499 598 633 306 305 351 729 178 309 73 295 645 560 400 397 289 739 456 736 649 230 713 330 256 269 482 441 195 748 268 482 576 665 275 638 602 451 176 436 125 545 375 380 124 603 333 735 447 303 438 730 494 545 413 255 351 435 765 149 498 266 394 435 502 420 352 667 329 699 84 615 769 235 240 718 665 449 123 153 200 322 111 643 677 365 479 585 409 559 390 368 614 658 750 322 693 333 144 414 340 345 46 403 657 171 443 274 647 791 268 141 846 683 364 528 432 373 750 259 246 668 561 631 421 182 701 356 373 288 306 455 670 622 263 387 261 373 287 297 352 599 343 301 171 422 200 561 44 223 402 448 827 567 443 206 633 618 648 80 775 866 147 377 124 729 693 173 381 618 545 215 373 456 452 417 154 689 505 573 121 403 326 223 362 330 660 454 358 299 242 293 129 221 118 374 216 634 615 305 402 419 462 251 308 214 729 696 328 750 682 310 376 317 334 555 408 408 634 728 666 519 712 421 722 267 595 268 182 485 437 
471 610 199 542 568 691 525 697 121 36 176 608 384 477 524 480 514 832 565 271 661 599 592 697 595 278 167 529 551 267 140 513 29 134 444 610 581 264 374 656 622 449 197 360 525 292 583 243 417 401 375 472 548 174 284 217 684 96 227 206 279 566 581 468 473 274 644 375 711 547 318 635 221 227 175 488 489 165 618 136 390 446 545 330 579 589 318 275 367 194 432 244 243 94 517 209 603 484 259 502 606 363 422 276 263 384 477 633 152 470 134 363 521 371 317 255 569 208 599 173 577 712 260 174 631 565 350 152 221 104 236 143 567 652 258 342 495 316 452 481 332 571 623 714 201 561 273 211 519 362 285 118 456 656 196 470 186 599 663 321 55 810 556 300 515 334 465 629 216 149 616 571 523 346 220 604 411 274 177 363 557 573 592 141 433 246 236 338 308 215 477 449 195 138 325 110 442 92 144 272 356 783 432 312 179 508 498 586 68 746 826 267 458 55 613 656 158 392 559 416 132 252 364 482 281 147 579 466 480 51 427 310 86 390 265 556 547 243 204 154 403 177 315 234 279 92 560 525 367 265 296 448 116 211 170 602 656 332 637 588 228 320 194 205 472 392 445 532 607 640 427 595 383 589 160 460 153 98 348 389 
566 516 173 478 304 432 272 436 271 352 444 325 346 157 244 164 431 605 246 364 399 303 359 518 386 293 437 225 256 196 310 305 347 432 434 312 268 89 303 461 382 181 421 148 535 65 407 80 406 107 100 194 247 176 265 161 451 384 450 479 276 276 519 540 564 279 328 127 520 228 480 342 101 252 401 417 510 464 348 200 98 188 237 428 331 444 145 470 161 394 113 134 212 411 220 121 351 485 522 557 307 137 130 247 319 412 490 376 317 321 290 261 622 149 32 88 252 349 279 410 375 451 349 441 323 246 57 347 402 372 128 464 282 466 66 234 190 72 131 601 238 360 419 497 343 311 175 398 666 380 172 432 499 528 340 454 163 370 379 419 291 585 274 161 389 55 593 323 491 185 374 484 202 131 361 286 474 70 368 448 690 255 406 181 468 278 237 423 336 215 180 611 384 279 58 231 136 392 409 115 81 541 234 128 477 218 194 326 352 540 588 500 562 308 298 445 294 370 313 162 399 363 82 465 180 306 259 293 171 311 418 280 265 407 164 236 659 382 136 402 583 368 488 471 79 322 282 217 459 196 67 344 224 126 245 317 435 329 319 273 451 185 335 139 185 309 459 212 301 454 129 281 250 339 370 265 351 248 267 228 
668 575 288 550 203 412 181 414 360 461 533 296 436 55 140 51 500 597 165 474 380 261 367 541 405 335 526 185 142 242 426 336 456 529 522 265 201 169 389 481 381 199 537 138 622 174 441 186 496 132 74 99 207 267 369 237 449 481 527 594 381 246 588 640 665 385 249 186 537 148 593 298 214 363 483 491 601 560 242 299 133 114 121 536 331 488 168 585 231 510 20 205 268 515 190 220 254 572 605 652 191 124 46 288 428 510 580 274 433 378 375 346 723 130 137 204 178 417 195 526 400 429 459 529 262 168 128 463 517 466 242 571 256 490 182 244 157 168 62 705 330 382 438 501 413 218 279 513 773 479 274 543 595 573 455 539 279 378 266 527 404 578 167 258 447 141 699 207 579 300 374 548 104 210 475 206 575 184 446 554 795 181 435 288 564 387 293 530 440 281 72 721 460 395 151 346 25 504 500 176 148 527 189 157 572 110 79 318 465 547 574 616 666 421 184 456 409 462 317 104 490 421 143 550 220 423 154 345 138 424 508 380 363 503 270 149 762 444 252 489 696 484 601 587 190 416 264 172 565 243 135 416 322 242 361 206 442 428 208 204 527 277 407 230 181 392 552 133 185 479 134 167 327 243 453 214 433 363 278 299 
644 469 355 465 327 236 326 237 502 567 675 118 400 134 270 156 416 423 63 491 204 81 213 391 261 508 667 21 242 411 492 218 563 660 473 85 44 317 353 330 219 119 594 317 563 248 311 311 455 139 251 257 32 408 376 390 281 612 681 665 391 72 497 610 640 396 109 178 381 60 613 118 321 397 633 416 552 692 345 430 150 284 199 539 174 368 342 621 211 562 161 360 434 633 41 352 376 518 753 611 257 304 224 461 445 486 531 384 495 292 522 314 695 310 224 285 50 578 83 590 262 252 480 672 92 58 190 526 561 601 309 683 85 343 284 423 46 224 119 689 315 242 290 336 572 353 307 559 762 458 296 641 558 447 500 483 359 225 338 532 501 404 281 276 351 205 687 247 722 392 212 450 107 214 513 77 552 265 599 546 774 52 299 407 529 411 459 528 438 442 218 723 615 463 214 437 195 598 640 335 184 350 365 329 705 241 200 155 558 383 397 665 647 515 194 300 469 425 167 282 629 588 176 491 391 486 130 255 60 520 464 375 494 474 306 76 735 609 337 633 710 540 625 642 261 552 99 16 559 413 287 346 453 329 421 298 282 415 192 52 682 276 565 370 84 347 509 64 232 334 113 195 284 369 602 386 582 453 457 253 
425 420 54 369 446 439 413 445 261 273 414 357 219 281 386 294 326 586 341 222 408 352 342 466 350 353 405 288 395 271 189 266 270 384 305 364 347 172 183 418 371 199 295 275 406 78 349 126 276 167 240 336 304 191 126 209 435 339 443 362 136 318 411 401 423 138 412 127 475 325 340 387 93 110 388 307 378 416 490 188 156 329 372 286 327 369 255 335 115 265 244 201 272 346 274 148 493 356 497 420 444 267 272 317 176 275 359 518 193 241 286 150 481 279 115 59 341 366 374 288 334 460 207 411 389 340 130 224 268 336 27 390 317 416 91 335 257 87 245 459 119 325 380 469 358 453 41 265 523 243 46 342 363 448 206 328 67 349 519 277 205 565 416 52 301 114 451 456 459 105 364 384 317 94 224 375 335 72 366 307 548 344 355 151 332 136 290 281 195 260 321 469 385 160 104 142 275 297 378 204 123 533 364 238 430 359 331 333 257 505 577 370 421 217 424 412 167 241 307 301 366 395 131 340 265 183 374 228 246 222 288 145 235 271 27 338 518 404 61 379 443 241 349 345 63 294 309 287 318 271 179 243 204 60 118 458 409 192 440 355 443 79 350 171 226 195 327 311 434 404 192 410 154 481 360 397 343 157 362 148 
3290 3690 880 3070 5430 4670 5100 4740 2980 2550 4230 4050 1470 3730 4820 3870 2730 5900 4210 1260 4400 4100 3610 4500 3550 4190 4130 3570 4900 3480 1350 2780 2550 3810 2260 4230 4190 2610 1280 4120 3920 2590 2220 3680 3230 1740 3380 2140 1960 2490 3370 4330 3690 2530 410 2820 4490 3430 4650 2980 440 3740 3480 3070 3280 440 4830 1970 4650 4060 2460 4400 1760 250 4100 2480 2920 4110 5870 2360 2390 4260 4660 1890 3570 3410 3440 2480 1650 1900 3380 2820 3440 3330 3400 2240 5900 2740 5060 3290 5380 3610 3690 3890 800 1850 2740 6150 1320 2240 3230 1170 3860 3730 2110 1540 4170 4080 4510 2220 3370 4870 1120 4210 4530 4180 2220 1610 1860 3460 1150 3650 3700 4060 1850 4180 3290 1800 3340 3620 880 3330 3810 4730 4000 5490 700 1850 4270 1540 790 3060 2720 4100 1270 2510 1130 3650 6140 1800 1920 5690 5120 990 2670 2070 3540 5490 4630 1360 3870 3310 4040 1610 1380 4500 2410 1690 3970 2100 4510 4200 3480 1990 2420 390 3560 1850 1010 3260 4170 3730 4170 1160 1970 1460 3710 2600 3890 2900 2090 5470 4580 3280 4250 4550 4270 3680 2260 5020 5880 2900 3240 1980 5140 4150 1080 1640 3370 3980 3760 4440 2170 2630 3460 1270 4610 2250 3220 2020 2080 670 2640 1840 770 4200 4220 4480 1300 3950 3490 1690 2570 2690 1590 3150 3580 3580 2210 3470 2720 2010 2440 1360 770 5540 4170 1060 5280 4270 4660 1000 3920 2450 2920 1450 2410 3930 5270 3940 2700 5010 1400 5780 3860 4900 3720 1520 4420 1550 
3520 4120 608 3632 3888 4528 3568 4576 1216 1200 2312 3856 2344 2912 3472 2968 3352 5688 3560 1784 4280 3784 3744 4672 3792 2256 2240 3232 3640 1816 944 3128 1176 2056 2944 3880 3664 1400 2184 4312 3984 2584 1808 2280 3688 1352 3744 1104 2704 2216 2240 3048 3376 976 1496 1288 4488 1696 2584 2192 1504 3520 3960 3416 3528 1480 4176 1992 4768 3424 2512 4072 848 1080 2144 3160 3424 2312 4280 760 2120 2896 3536 2336 3632 3840 1992 2312 1936 1632 2568 1392 1720 1760 3136 968 4216 3320 2976 3640 4064 2272 2592 2072 1552 2544 3296 4440 1032 2848 1416 2024 3960 2352 1584 1048 3584 2096 3824 1680 3656 4696 1664 2288 4048 3560 1824 1224 1768 1680 880 2136 3520 4288 1128 2432 2960 1536 2688 3704 1760 3600 4024 4752 2032 3880 1216 1712 4128 2328 1304 1808 3216 4424 1328 3152 480 3800 4592 2256 680 5520 3728 1408 3264 1688 3608 4216 2664 184 3928 3816 3264 1752 1544 3856 2904 1216 2016 2576 4384 3608 3800 504 2992 1304 1776 2352 1872 1544 3024 3616 2168 720 1616 192 2704 1480 2024 1560 1856 5272 2960 1896 2424 3304 3168 3680 1160 5024 5624 2448 3448 808 4040 4288 904 2464 3472 2656 1928 2384 1912 3248 1856 944 3720 2784 2848 840 2800 1712 944 2568 1136 3504 4224 2408 632 2048 3312 1432 2544 2200 1240 1376 3472 3208 2632 1808 1608 2752 792 696 672 4088 4272 1992 4208 3720 2592 1592 1960 1048 2768 2312 3032 3296 4040 4192 2424 3904 2136 4104 1936 3200 1816 328 2576 2152 
994 1743 2030 1225 5117 3514 4914 3570 3367 2702 3969 3409 714 3794 4676 3927 1218 3941 3920 875 3395 3563 2772 2793 2555 4312 3906 3374 4683 3850 1792 2261 2730 3598 462 3654 3808 3241 1043 2709 2975 2688 1785 3976 903 2562 2219 2912 413 2863 3717 4354 3402 3157 1169 3388 3199 3423 4368 2296 1113 3325 1428 777 966 1106 4221 2457 2961 3843 1176 3689 2653 1421 3997 1043 658 3773 5397 3003 2821 4333 4473 609 2884 1988 3829 1491 2142 1624 3612 3395 3808 3206 3234 2989 5460 623 4515 889 4984 3927 3906 4123 980 126 567 5621 1708 1652 3528 1330 1365 4011 2800 2464 3864 4123 4102 1911 2422 3640 945 3962 3913 3899 2800 1757 1428 3500 2212 3262 3255 2611 2695 4347 3255 2541 3507 1302 1400 2478 2625 3199 4067 5187 1792 1491 1813 350 1806 2793 483 2205 1407 609 2198 2758 5544 637 2408 3815 4872 1897 1554 2723 1295 5019 4200 2317 2961 1498 3941 2247 1267 4060 343 2548 3976 455 1904 3878 2338 2758 273 1211 3885 504 714 3675 4207 1603 4109 1841 2660 2275 3878 2534 3766 3451 2667 3808 4606 3710 3864 4473 4242 3024 2415 3283 4018 1904 1008 2380 4718 2856 1673 546 2779 4151 3689 4403 2709 665 3843 1743 4305 1855 3255 2408 406 1050 3094 196 1876 3962 1645 4389 2331 3850 1624 1631 1295 1911 2471 3367 3143 3423 525 3843 3311 1239 3024 2373 1750 5145 2933 707 4781 3871 4368 1764 4011 3129 2940 1092 350 3787 4879 2548 2961 4662 1533 5376 3871 4837 3801 2261 4515 1750 
1603 3185 1876 2667 5173 4627 4907 4683 2555 1589 2786 4319 1813 4116 4781 4200 2618 5271 4487 791 4473 4382 3871 4151 3731 3640 2730 4039 4879 3388 994 3297 1631 2380 1904 4473 4473 3024 1981 4004 4088 3346 413 3808 2226 2674 3486 2730 1778 3283 3710 4417 4116 2639 1554 2940 4403 2289 3248 854 1456 4130 2870 1645 1631 1414 4928 2926 4305 4382 476 4578 2464 1393 2919 2422 1974 2506 5502 2401 3213 4312 4739 826 3899 3339 3563 203 2688 413 3850 3045 3269 1974 3913 2660 5474 2044 3262 1918 5236 3787 3983 3556 1078 1428 1946 5670 910 2758 2681 2121 1918 3864 2933 2464 4466 3220 4704 588 3598 4767 840 2786 4697 4473 3059 763 273 2408 2191 1925 4095 3927 2639 3927 3850 2758 3857 1617 2023 3619 3857 4480 3171 5180 2030 322 1876 1421 2100 1470 1694 3633 707 2058 1960 3878 5740 805 1519 5131 4998 2233 2842 2947 1505 5334 2954 1904 4060 2933 4361 2674 574 4697 1372 2604 2989 1029 2135 4487 3584 2240 1610 1281 3276 931 1253 3094 4347 1386 3108 1190 2870 1666 4039 1288 2632 3178 2989 5068 4410 3479 2590 4606 4445 4004 1295 4613 5306 518 1491 1428 5110 4102 1050 1750 3773 4102 2562 3528 3045 2107 3437 994 4760 2877 3801 1442 1813 1617 2275 1526 2058 4480 2072 3465 2156 2744 1092 567 441 469 2562 2401 4004 4053 1008 3374 3185 2422 2345 2219 1372 5306 4151 1477 5222 4536 3255 2226 3122 2737 3584 2093 1778 4298 5180 3857 3437 5012 2345 5383 2856 4627 2828 1582 4032 2520 
5720 5104 2560 4880 1224 3792 984 3800 2800 3752 4152 2848 3920 840 760 688 4488 5280 1704 4112 3528 2552 3448 4848 3760 2384 4096 1968 928 1696 3616 3208 3704 4176 4616 2576 2032 1360 3552 4360 3560 2104 4504 768 5416 1720 4048 1608 4400 1552 472 344 2136 2104 3320 1808 4096 3800 4032 4912 3408 2456 5192 5512 5704 3432 2344 1960 4816 1584 5032 2840 1888 3216 3720 4400 5240 4416 1584 2392 1552 392 936 4632 3160 4424 1088 4936 2312 4304 680 1560 1928 4120 2024 1808 1608 5016 4680 5632 1368 680 168 2016 3752 4480 5072 1800 3688 3520 2896 3208 6168 680 1432 1904 1824 3128 1904 4392 3720 3920 3992 4120 2520 1728 1448 3912 4384 3656 2216 4576 2544 4440 1680 1568 1768 1728 1000 6008 3056 3576 4024 4520 3104 1296 2592 4344 6528 4232 2568 4408 5168 5104 3896 4760 2456 3544 1872 4552 3336 5120 1008 2456 4080 1520 5944 1568 4504 2568 3504 4880 1168 2120 4072 2016 4984 1760 3400 4792 6720 1840 4000 2368 4920 3424 2128 4592 3888 2080 352 6088 3496 3368 1584 2912 344 4128 3896 1320 1624 4704 1016 1056 4496 584 560 3056 3832 4888 5088 5144 5696 3472 1528 4168 3504 4120 3056 360 3832 3104 1592 4848 1520 3592 1456 3264 1616 3496 4496 3432 2880 4432 2512 1552 6472 3312 2232 3792 5864 4096 5096 4904 1832 3264 2616 1864 4880 1712 1112 3800 2568 2160 3128 1368 4048 3816 1752 2040 4032 2632 3056 1832 1968 3584 4840 1472 1400 4352 1584 1360 3072 1512 3480 1200 3328 3048 1832 2864 
3315 1835 2830 2065 3145 405 3175 390 3825 3915 4640 980 2325 2245 2890 2350 1925 580 1765 3035 570 1175 875 975 935 4030 4595 1535 2715 3540 3355 1285 3905 4495 2450 1170 1540 3010 2190 850 720 1670 3725 3135 2675 2495 1160 2905 2450 2030 2800 2855 1425 3390 2565 3360 460 4270 4750 4125 2625 1230 2100 3120 3280 2655 1515 2015 840 1815 3540 1010 2875 2800 4485 2025 2725 4655 3180 3450 2075 2995 2505 3110 940 1380 3230 3700 2000 3565 2365 3235 3630 4295 1515 3110 3370 2550 5055 3030 2710 3065 2690 3795 2865 2700 2645 3380 3340 1630 3945 2120 3490 3105 2465 2645 1680 4290 1715 3755 1035 315 3015 4625 1275 1745 2290 3475 3490 4250 2675 4485 1185 945 2720 3655 1680 2360 2150 3560 2240 1020 870 530 4255 3285 2465 3510 3925 2635 2410 4210 2860 1515 3260 2415 2910 850 3065 3100 3580 510 2915 2330 1635 2340 3595 2605 4865 3100 750 1880 2080 2125 3265 1630 2955 2580 4345 3060 3900 1670 1070 3285 2775 2790 3755 3035 2710 3640 2660 3870 4440 3250 2360 3280 2545 3980 4460 3135 2195 210 3400 3150 4725 2755 2560 935 3800 655 420 3975 3370 3630 2335 710 3220 2395 1040 2980 4400 4380 2175 2420 3450 3315 2075 1565 1780 3655 2460 2475 3730 2620 2505 1865 3670 4465 2850 4455 3905 3485 3620 3915 2525 4030 1160 1600 3120 3545 2895 1885 3550 2825 3040 2945 645 2545 2245 1550 4755 2235 4215 3220 1640 2105 2630 1870 2570 965 1925 2390 1980 3350 4335 3505 4245 3340 3830 1905 
2840 1620 2035 1710 2535 420 2525 450 3015 3125 3830 370 1705 1545 2250 1660 1500 1270 1175 2360 270 590 235 1070 485 3230 3790 830 2105 2740 2595 580 3120 3690 1940 630 960 2205 1525 770 195 860 3010 2370 2290 1680 785 2095 1900 1230 2035 2165 740 2575 1840 2555 515 3465 3935 3405 1905 540 1825 2645 2810 1935 1100 1205 1010 1190 2915 550 2060 2050 3670 1555 2290 3855 2620 2635 1270 2280 1895 2495 140 1090 2445 3035 1195 2845 1625 2430 2825 3505 780 2295 2780 2110 4245 2600 2170 2300 1955 3000 2160 2120 2190 2815 2590 1005 3130 1405 3055 2345 1655 1835 1085 3480 1190 3025 540 525 2325 3815 820 1150 1480 2730 2790 3440 1865 3705 475 850 1905 2880 940 1545 1415 3080 1505 455 595 780 3445 2665 1680 2800 3450 2025 1620 3440 2375 1430 2535 1945 2110 280 2560 2475 2790 1170 2305 1540 1160 1530 3095 2095 4060 2295 165 1580 1435 1320 2555 1115 2420 1765 3535 2475 3465 1085 705 2475 2260 2055 2950 2425 2040 2835 1975 3335 3625 2485 1550 2485 1825 3210 3650 2340 1385 940 2675 2365 3925 2100 1895 130 3025 1015 1175 3300 2875 2845 1820 605 2465 1800 240 2250 3590 3570 1365 1970 2655 2560 1520 880 1035 2870 1925 1770 2920 2050 1715 1260 3250 3655 2045 3645 3330 2755 2990 3220 1715 3220 410 900 2535 2745 2095 1300 2735 2015 2265 2385 515 1885 1770 990 3940 1455 3405 2410 850 1455 2130 1220 2035 815 1135 1845 1255 2745 3525 2795 3430 2550 3055 1150 
3663 1638 3024 1647 5337 1980 5211 2052 4995 4842 6300 2025 1746 3456 4770 3672 1242 2772 3150 3042 1845 2331 1053 1548 747 5724 6219 2394 4617 4896 3735 621 4842 5958 2052 2439 2862 3906 1530 1152 1296 1818 4302 4518 2664 2817 495 3582 2007 2430 3978 4491 2340 4338 2277 4428 1602 5598 6615 5031 2367 2088 1899 3312 3609 2421 3267 2070 1647 3114 3942 2394 3393 2754 6111 1341 2655 6237 5580 4338 2457 4617 4257 3168 1269 792 4527 4221 1791 4023 3429 4275 4977 5544 2232 3888 5796 2331 7056 3222 4851 4410 3987 5355 2754 2439 2484 5922 3690 531 5220 1494 4041 4509 2943 2979 3024 5940 3285 4383 576 2142 3006 6282 2799 3105 2709 3915 3870 5598 2871 5823 1971 1116 3204 5328 2412 2619 3123 4095 1755 657 900 1719 5868 5517 2349 3906 4761 2304 2250 5283 2826 1557 3501 2043 3222 1017 5598 3141 4266 2583 4941 2178 630 2718 4131 4797 6687 3546 1278 1476 3429 2070 3474 3177 2943 2934 5940 3087 4779 3033 576 4005 2637 2673 5166 3033 2457 4923 4185 4590 6111 3591 2709 3780 3825 4878 5985 4185 2484 2448 5220 4365 6363 4482 4122 1476 4581 1971 2781 4725 3735 4329 4329 1215 3501 1881 1197 4473 5877 6183 2493 2079 4788 3663 3753 594 2511 4374 2034 2088 4752 2304 2448 3267 4383 6282 3195 6012 4626 3897 4086 4635 2808 5265 1809 2502 3195 4905 3807 963 4482 3177 3240 5184 1278 2160 4311 2934 6624 1935 5796 4104 2043 1368 2385 3096 4653 999 2394 4320 1305 5715 5877 5481 5724 3870 5616 1305 
3750 3475 1715 3315 710 2715 495 2720 1635 2305 2435 2125 2670 865 535 770 3070 3645 1400 2710 2550 1940 2490 3360 2675 1235 2410 1575 735 880 2320 2320 2275 2485 3105 1955 1610 860 2450 3055 2565 1635 2870 320 3615 1255 2845 1070 2965 1270 435 335 1680 1255 2250 1040 2900 2260 2320 3085 2305 1880 3515 3630 3740 2315 1790 1495 3340 1330 3260 2120 1265 2150 2150 3010 3490 2625 965 1445 1260 150 825 3040 2310 3065 535 3170 1705 2755 755 905 1030 2490 1605 1135 895 3360 2735 3720 995 315 425 1025 2495 2995 3390 1040 2370 2485 1670 2240 4030 270 1100 1330 1480 1750 1515 2785 2645 2795 2630 2415 1910 1420 1155 2500 2825 2160 1525 2780 1935 3100 1175 695 1445 1295 970 3915 2130 2560 2845 3160 1740 685 1805 2795 4225 2835 1795 2715 3430 3495 2525 3205 1630 2550 1205 2995 2085 3545 685 1740 2835 1185 3870 1145 2650 1660 2530 3325 1065 1570 2650 1590 3300 1265 1940 3155 4355 1490 2820 1475 3275 2290 1135 3025 2600 1145 495 3935 1990 2170 1215 1855 560 2565 2290 775 1275 3285 290 565 2675 530 625 2250 2385 3390 3525 3270 3725 2170 1195 2940 2270 2790 2245 140 2255 1705 1260 3265 775 2315 1215 2330 1350 2180 3030 2335 1720 2970 1745 1305 4215 1840 1495 2215 3770 2630 3290 3115 1320 1925 1975 1510 3210 890 750 2640 1545 1455 2050 910 2870 2580 1345 1610 2320 1865 1715 1115 1560 2480 3235 1260 1055 3045 1310 1085 2175 830 2005 420 1915 1930 845 2050 
2786 3976 1477 3479 4424 4844 4130 4893 1421 378 1617 4340 2415 3640 4088 3682 3332 5726 4193 1498 4648 4319 4116 4718 4081 2520 1554 3864 4249 2394 665 3542 420 1232 2758 4403 4263 2254 2415 4473 4333 3248 812 2982 3255 2254 3948 2044 2576 2996 3024 3717 3983 1694 1799 2009 4739 1092 2051 896 1743 4081 3738 2786 2807 1701 4718 2744 4837 4074 1680 4557 1834 1428 1715 3136 2996 1400 4774 1428 2912 3563 4179 1848 4067 3927 2702 1358 2625 826 3339 2170 2240 833 3766 1862 4690 2996 2142 3045 4634 2989 3339 2492 1526 2303 2933 4893 714 3150 1519 2408 3115 3052 2471 1995 4207 2030 4424 637 3955 4991 1442 1610 4578 4186 2674 609 1029 1204 1792 959 4067 4424 2079 2933 3640 2401 3437 2828 2212 3934 4263 4900 1974 4396 1911 959 3073 2184 1995 546 2751 4347 966 2933 1449 4151 5068 1792 518 5579 4312 2121 3402 2555 2716 4774 1827 1246 4291 3710 3948 2506 1099 4445 2422 2142 1785 2079 3339 4228 4025 1372 2604 1498 2212 1918 1834 2051 3724 2576 1897 784 2485 924 3451 224 1435 2345 2674 5425 3528 2639 1491 3955 3850 4130 98 5103 5712 1288 2688 392 4627 4501 847 2443 3927 3346 1365 2338 2730 3003 2485 728 4347 3178 3549 378 2639 1960 1162 2366 1883 4151 3283 2261 1624 1547 2247 749 1645 1057 2149 1211 4004 3850 2093 2387 2464 2940 1316 1687 1085 4634 4515 2037 4774 4319 2058 2226 1932 1869 3437 2548 2723 3969 4620 4340 3171 4508 2583 4592 1645 3724 1617 805 2989 2674 
2082 1992 690 1668 3126 2436 2952 2478 2022 1866 2838 2082 768 2028 2754 2130 1422 3198 2238 1008 2280 2124 1806 2382 1782 2652 2784 1830 2766 2172 1170 1308 1866 2610 1290 2202 2208 1584 552 2136 1992 1230 1680 2178 1896 942 1698 1308 1116 1242 1932 2472 1890 1668 318 1800 2334 2364 3066 2142 402 1908 1920 1920 2070 432 2586 906 2466 2160 1734 2292 1104 510 2736 1296 1734 2790 3372 1608 1194 2454 2598 1320 1776 1752 2076 1788 672 1482 1848 1758 2178 2334 1722 1434 3420 1590 3342 2010 3036 2124 2082 2448 726 1146 1620 3558 1152 1014 2172 390 2418 2196 1140 888 2214 2670 2418 1686 1668 2562 936 2826 2388 2226 1146 1326 1446 2376 708 2538 1878 2106 1086 2556 1680 918 1782 2316 192 1644 1938 2490 2622 3186 300 1446 2730 954 294 2190 1662 2196 1104 1416 834 1836 3510 1278 1476 3072 2922 366 1320 1074 2280 3084 3090 1032 1962 1770 2184 696 1158 2400 1530 942 2634 1410 2850 2226 1752 1380 1476 540 2274 1272 726 2094 2352 2442 2754 1044 1020 1158 2070 1914 2628 1770 1044 2928 2712 1968 2880 2580 2388 1848 1704 2676 3174 2070 2070 1518 2850 2142 1008 900 1662 2304 2556 2868 1080 1488 2142 1122 2514 1002 1650 1548 1188 360 1830 1110 384 2250 2652 2904 876 2658 2334 1362 1812 1950 864 2160 1800 1848 1482 2172 1608 942 1680 894 798 3156 2148 648 2922 2256 3072 282 2574 1572 1440 630 1428 2088 2958 2034 1350 2784 492 3348 2580 2904 2490 1212 2724 570 
4640 5848 2472 5304 4744 6368 4384 6416 1040 1032 448 5648 4040 4344 4480 4320 5088 7552 5128 3120 6120 5536 5608 6520 5656 1960 376 4936 4752 2224 2072 4992 1000 360 4520 5616 5312 2560 3952 6176 5840 4376 2352 3136 5144 3064 5600 2520 4304 3920 3400 4088 5096 1776 3232 2032 6352 208 888 2192 3200 5280 5616 4640 4664 3160 5792 3792 6624 4984 3368 5832 2448 2784 536 4880 4856 576 5144 1560 3832 3840 4768 3552 5480 5664 2784 2976 3784 2400 3976 2288 1992 632 4864 2200 4952 4832 1112 4928 5192 3192 3784 2120 3072 4024 4768 5208 2168 4696 952 3848 5016 3232 3208 2784 5184 1128 5392 2152 5528 6536 3032 432 5736 5136 3488 2128 2632 192 2704 1008 5304 6144 2736 2720 4656 3272 4200 4672 3600 5464 5896 6616 1096 4640 3080 2552 4912 3864 3168 1280 4584 6216 2504 4728 2328 5664 5552 3488 1408 7384 4720 3272 5072 3376 4544 5400 800 2032 5784 5536 4728 3584 2688 5456 4216 2920 752 3824 5232 5208 5664 1760 4408 2944 1848 3632 3432 1792 4192 4344 816 2072 3312 1784 3976 1360 184 2528 3576 7136 3560 2784 656 4400 4384 5512 1376 6888 7496 2792 4528 1408 5352 6160 2232 4112 5320 3616 104 1456 3632 4816 2392 2136 5152 4648 4520 1368 4384 3448 1048 4088 3000 5040 5192 1296 2424 320 3952 2304 3320 2552 2984 584 5264 4888 3840 2208 2832 4544 1376 2464 2320 5088 6136 3624 5560 5360 896 3456 1072 2080 4528 4096 4520 4856 5232 6048 4128 5192 3992 4848 576 3736 648 1720 2672 4016 
6440 5560 2650 5290 2260 4060 2020 4090 3450 4420 5190 2910 4130 680 1630 700 4790 5900 1720 4500 3730 2580 3550 5270 3910 3310 5120 1800 1670 2350 4030 3200 4370 5130 4990 2640 2040 1540 3660 4670 3710 1830 5140 1400 5990 1500 4250 1670 4730 1120 730 1200 2030 2520 3450 2240 4390 4650 5160 5720 3570 2400 5680 6160 6410 3600 2570 1640 5240 1550 5680 2970 1930 3390 4710 4690 5780 5450 2660 2820 1120 1300 1450 5120 3200 4710 1640 5610 2080 4860 220 1930 2600 4970 1830 2020 2770 5490 5930 6290 2150 1260 600 2830 4040 4870 5570 2980 4100 3590 3620 3230 6990 1330 1130 1800 1830 4080 2030 5030 3850 4240 4350 5160 2650 1740 1040 4400 4940 4510 2180 5520 2500 4760 1600 2450 1500 1440 590 6810 3060 3670 4250 4900 4030 2400 2550 4890 7490 4550 2500 5230 5710 5560 4310 5170 2570 3660 2910 5030 3830 5700 1910 2340 4280 1170 6750 2300 5660 2780 3640 5280 1160 1860 4510 2140 5510 1600 4340 5300 7700 1860 4200 2690 5400 3630 2850 5060 4150 2710 950 6970 4490 3720 1260 3240 490 4840 4850 1650 1250 5200 2010 1510 5570 1330 1030 3090 4440 5360 5680 5920 6420 4000 2050 4440 3860 4380 3050 1160 4760 4140 1200 5270 2140 3990 1700 3260 1300 4030 4850 3560 3460 4790 2460 1580 7380 4360 2290 4760 6720 4610 5770 5640 1660 4010 2560 1690 5410 2370 1210 3940 3050 2200 3370 2310 4310 4040 2270 2080 5170 2530 3960 2140 1680 3690 5280 1380 2080 4640 1180 1880 3050 2650 4400 2280 4200 3410 2790 2770 
3256 3600 88 3128 3848 4000 3560 4056 1736 1672 2864 3376 1864 2672 3392 2752 2832 5136 3216 1544 3768 3336 3208 4112 3240 2656 2784 2816 3504 2096 1032 2584 1656 2584 2504 3432 3272 1456 1656 3760 3448 2112 1912 2344 3280 1024 3192 1096 2264 1832 2176 2976 2944 1328 1024 1568 3952 2240 3136 2416 1048 3056 3464 3104 3248 1040 3792 1536 4208 3080 2408 3608 776 680 2696 2648 3024 2840 4224 1208 1744 2880 3360 2088 3112 3296 2120 2304 1416 1688 2344 1584 2056 2272 2704 1120 4208 2896 3528 3304 3920 2304 2488 2416 1224 2160 2888 4416 1088 2296 1936 1480 3704 2400 1304 752 3224 2608 3480 1840 3104 4176 1416 2840 3624 3208 1488 1328 1752 2232 464 2600 3056 3736 944 2672 2560 1160 2400 3488 1216 3056 3480 4200 2544 3872 664 1720 3960 1920 752 2216 2856 3888 1256 2704 208 3264 4488 2008 1128 4968 3640 872 2720 1360 3400 4040 3208 416 3400 3296 2984 1272 1440 3496 2576 920 2552 2296 4184 3248 3248 904 2616 920 2152 2080 1480 1912 2904 3488 2712 792 1272 640 2552 1856 2576 1680 1472 4736 3056 2000 2952 3200 3016 3168 1544 4472 5088 2536 3200 1224 3816 3744 888 2008 2952 2640 2480 2880 1536 2800 2096 1000 3448 2232 2464 1264 2360 1224 1488 2160 592 3176 3984 2920 400 2600 3232 1488 2464 2312 896 1928 2992 2800 2368 2088 1600 2216 1288 472 496 3992 3728 1544 3960 3336 3144 1040 2472 1272 2328 1784 2624 2968 3864 3640 2032 3696 1584 4104 2488 3312 2360 744 2856 1600 
4014 2454 2970 2622 3042 378 3084 354 4062 4284 5076 528 2664 1986 2736 2112 2382 1428 1392 3444 348 702 870 1602 1122 4212 5022 1170 2526 3624 3690 1314 4272 4932 2940 684 1122 3018 2448 1302 714 1470 4206 3096 3330 2466 1482 2928 2892 1848 2694 2712 1032 3516 2802 3450 798 4656 5166 4674 2886 828 2730 3786 3978 2922 1086 1914 1476 1458 4116 486 2928 3042 4854 2466 3342 5130 3078 3618 1914 2886 2274 3612 780 1830 3228 4254 1968 4014 2160 3288 3750 4728 1170 3174 3312 3126 5562 3714 2520 3012 2538 3930 3198 3162 3234 3318 3684 1824 4194 2298 4266 3048 2388 2670 1284 4578 1326 4224 1212 396 3396 5058 792 1368 2172 3858 3954 4614 2742 4986 792 1422 2724 3726 1362 2304 1902 4308 2400 1134 1176 1104 4542 3210 2568 3966 4752 3048 2496 4680 3462 2154 3636 2934 3042 894 2946 3588 3882 1332 2766 2388 1986 2244 4326 2394 5352 3264 720 2442 1776 2082 3666 1224 3522 2568 4674 3588 4764 1278 1374 3438 3324 3060 3900 3528 3060 3780 2478 4620 4782 3546 2286 3504 2358 4410 4860 3150 2082 978 3378 3144 5214 2580 2352 684 4182 1356 1242 4566 4062 3954 2070 1080 3534 2778 882 2886 4788 4662 2046 2958 3510 3642 1758 1674 1482 3984 2922 2730 3978 3078 2598 1512 4494 4776 2946 4836 4620 3900 4206 4470 2520 4338 804 1236 3660 3630 2862 2178 3744 2910 3282 2802 954 2880 1962 1134 5172 2310 4494 3300 1374 2364 3162 1524 2352 1404 1710 2130 2106 3282 4674 3498 4560 3594 3930 1968 
2853 4941 2646 4275 6714 6606 6345 6678 2934 1548 2898 6111 3096 5553 6246 5634 4185 7533 6147 1764 6381 6147 5634 6129 5508 4347 2826 5643 6426 4176 1377 4887 1611 2358 3294 6264 6183 3906 3249 5904 5922 4779 477 4878 3726 3699 5229 3582 3123 4581 4869 5778 5769 3258 2583 3654 6372 2340 3519 243 2466 5832 4554 2952 2898 2412 6768 4185 6318 6003 1395 6426 3276 2241 3159 3942 3402 2484 7155 2925 4482 5598 6300 1926 5643 5085 4527 900 3933 765 5175 3843 3987 1863 5499 3411 7074 3492 3447 3303 6903 4878 5256 4311 2025 2682 3366 7326 1332 4257 3051 3375 3204 4968 4014 3384 6147 3663 6444 477 5328 6795 1773 2898 6525 6138 4230 1053 918 2520 3078 1692 5796 5814 3555 4878 5373 3852 5247 2799 3186 5337 5688 6507 3600 6687 3033 873 2988 2637 3132 1143 3042 5508 1332 3501 2682 5661 7506 1890 1719 7362 6534 3312 4428 4077 2637 7065 3060 2511 5877 4617 5904 3861 1305 6444 2628 3573 3312 2187 3357 6174 5355 2799 2934 2187 3951 2052 2340 3744 5742 2349 3438 1656 3978 2124 5373 1053 2745 4059 4185 7236 5607 4446 2574 6057 5895 5760 1242 6696 7569 585 2700 1566 6831 6012 1566 3051 5472 5319 2673 4059 4257 3573 4284 1422 6426 4374 5283 1557 3177 2727 2601 2799 3033 6120 3357 3933 2934 2916 1899 936 1296 333 3555 2619 5688 5643 2160 4167 4158 3861 2790 3015 2007 6948 6057 2637 7002 6255 3528 3357 3546 3456 5067 3411 3150 5877 6867 5715 4797 6687 3636 6948 3123 5868 3114 1980 4950 3825 
6240 6740 2310 6200 3770 6450 3320 6500 920 2410 2530 5400 4640 3400 3430 3340 5800 8140 4460 4070 6120 5170 5660 7110 5860 1010 2470 4390 3770 630 2920 5010 2340 2610 5440 5250 4750 1260 4340 6590 5910 3920 3860 1750 6400 2320 5960 1460 5140 3210 2140 2940 4610 650 3590 530 6600 2160 2420 4100 3620 4910 6620 6100 6240 3610 5300 3270 7180 4280 4910 5560 1640 3130 1990 5580 6080 2890 4270 890 3110 2630 3820 4750 5410 6210 1310 4590 3440 3730 2960 820 370 2650 4340 1090 4060 5920 3210 6380 4320 1820 2610 760 3770 4990 5910 4370 3050 4930 980 4040 6780 1870 2330 2100 4560 1350 4780 3650 5720 6650 3920 2490 5340 4480 2680 3220 3940 1960 2270 3230 4970 6600 1870 1370 4040 2580 3300 6450 3720 5600 6190 7020 1290 3650 2940 3860 6950 4700 3010 3200 5840 7020 3460 5690 2060 5750 4770 4650 2160 7930 3730 3030 5550 2580 6320 4590 2970 1840 5840 6370 3890 3140 3730 4870 5460 2170 1610 5050 7290 4590 5980 1210 5550 3420 390 4780 4140 100 3100 6280 1750 2690 2550 1980 2880 2970 2220 1090 2870 7520 2320 1330 2990 3330 3350 5390 2680 7420 7990 4630 6140 2320 4560 6470 2940 4820 5220 2350 2150 1500 2910 5810 820 2940 4380 4750 3850 2320 5260 3840 1180 5000 2800 4320 7100 1670 1950 2080 5870 3500 4930 4300 2300 1490 4970 4300 5120 620 1550 4970 960 1940 2670 4180 6400 4240 4840 4800 2420 3320 1220 850 4000 4470 5580 4120 4390 6480 3440 4360 4070 3930 1690 2570 1500 2070 1450 3980 
948 1398 1716 954 4314 2892 4146 2940 2892 2364 3444 2808 510 3168 3942 3288 936 3264 3264 798 2796 2940 2256 2280 2070 3684 3390 2790 3936 3276 1572 1824 2382 3132 300 3024 3162 2742 798 2202 2430 2208 1608 3360 762 2136 1782 2460 234 2370 3132 3666 2814 2694 960 2880 2622 2970 3774 2058 918 2742 1140 750 918 924 3510 2022 2424 3198 1122 3048 2238 1200 3456 780 564 3282 4554 2574 2334 3654 3750 624 2358 1590 3240 1380 1752 1458 3018 2880 3246 2802 2670 2538 4614 492 3918 816 4188 3318 3276 3516 846 108 468 4746 1500 1296 3036 1050 1260 3390 2340 2070 3210 3546 3414 1716 1956 3000 852 3438 3246 3240 2328 1554 1302 3030 1854 2862 2682 2118 2262 3696 2694 2112 2922 1218 1122 2004 2130 2622 3498 4380 1482 1350 1662 258 1488 2460 468 1788 1254 438 1860 2244 4674 636 2094 3156 4104 1560 1212 2262 1218 4218 3648 1974 2418 1188 3288 1848 1140 3378 402 2136 3432 510 1728 3222 1884 2358 282 1026 3312 528 600 3132 3534 1494 3546 1596 2214 1956 3252 2232 3270 2922 2208 3150 3900 3144 3366 3762 3558 2472 2118 2694 3324 1734 966 2076 3954 2328 1458 360 2268 3498 3198 3780 2244 498 3264 1524 3594 1476 2700 2100 234 846 2664 84 1560 3300 1500 3780 1968 3336 1512 1458 1218 1728 2064 2910 2580 2832 570 3276 2790 942 2598 2004 1506 4332 2394 558 4002 3216 3780 1434 3450 2658 2424 828 270 3150 4092 2070 2448 3906 1212 4542 3348 4092 3282 1950 3846 1404 
4893 3822 2583 3759 1715 2198 1722 2198 3360 3962 4578 1379 3192 497 1323 609 3409 3507 273 3703 1981 1085 2072 3318 2401 3234 4529 700 1113 2583 3563 2058 3934 4522 3745 1085 574 2023 2856 2891 2114 1232 4319 1841 4396 1764 2737 2065 3591 1092 1407 1281 798 2702 2912 2520 2541 4186 4564 4774 3010 1078 3997 4662 4865 3038 854 1477 3248 182 4557 1316 2205 2982 4249 3395 4298 4746 1834 2898 1162 1491 812 4081 1799 3129 2065 4571 1764 4109 798 2296 2758 4389 812 2338 2051 4067 5096 4704 1232 1743 1148 2905 3374 3773 4151 2114 3598 2527 3479 2562 5264 1771 1547 2023 385 3801 476 4263 2401 2296 3612 4557 994 301 1351 3815 4123 4088 2247 4760 1169 2982 1946 2569 679 1638 588 5187 2527 2268 2611 2926 3773 1897 2345 4102 5691 3570 2282 4515 4312 3696 3689 3829 2569 2156 1806 4025 3528 3381 1393 2149 2968 1470 5166 1183 4907 2772 2065 3675 189 1722 3801 560 4235 1876 3990 4158 5803 399 2667 2779 4109 3115 2940 4018 3374 2849 1008 5383 4095 3353 1540 3094 924 4228 4340 2100 1386 2989 2072 1988 4830 1127 861 1666 3948 3255 3318 4844 4900 3640 833 2674 3416 3367 1750 1526 4270 3836 1330 3892 2429 3528 399 2275 644 3668 3661 2933 3353 3703 2317 154 5544 3997 2394 4277 5257 3934 4634 4662 1876 3745 1274 602 4249 2590 1792 2884 3066 2331 3073 1512 2555 3241 875 574 4564 2205 3724 2436 987 2835 3983 133 1064 2919 952 812 2373 2009 4032 2198 3892 3213 2807 2149 
3582 1350 3276 1458 5643 2043 5526 2115 5256 5040 6534 2241 1809 3762 5085 3978 1098 2637 3429 3141 1962 2565 1197 1305 801 6021 6444 2682 4923 5193 3906 918 5040 6174 1998 2673 3123 4212 1665 999 1404 2133 4419 4833 2511 3123 333 3879 1989 2754 4293 4806 2610 4617 2448 4716 1593 5823 6858 5148 2529 2340 1665 3231 3519 2583 3510 2385 1440 3402 3978 2592 3681 2943 6363 1233 2547 6453 5886 4608 2772 4932 4563 3204 1476 477 4833 4293 2097 4140 3744 4572 5274 5751 2520 4176 6111 2223 7281 3105 5148 4725 4302 5652 2889 2439 2385 6228 3852 738 5481 1692 3933 4824 3249 3267 3294 6210 3555 4509 657 2187 3123 6507 3024 3384 3024 4068 3978 5832 3141 6012 2223 918 3501 5634 2709 2925 3429 4023 1971 801 846 1611 6138 5832 2601 4023 4680 2349 2511 5454 2745 1242 3636 1944 3474 1143 5895 3186 4473 2457 5256 2448 531 3024 4068 5085 6912 3789 1404 1224 3726 2376 3600 3447 2907 3222 6192 3096 4671 3303 486 4266 2583 2844 5454 3069 2556 5211 4500 4554 6372 3780 3015 4014 4140 5049 6219 4491 2799 2385 5535 4671 6579 4797 4428 1683 4770 1800 2682 4806 3663 4527 4608 1152 3672 1917 1431 4788 6111 6462 2808 1971 5094 3834 4041 891 2817 4572 2007 2241 4995 2304 2709 3546 4275 6552 3465 6255 4608 4032 4122 4725 3105 5508 2061 2790 3195 5202 4113 1026 4743 3447 3438 5481 1251 2259 4581 3195 6867 2196 6057 4392 2349 1503 2322 3393 4941 819 2709 4608 1539 6030 6129 5796 5985 4095 5922 1575 
3264 3784 336 3296 3968 4264 3664 4312 1552 1408 2616 3632 2016 2864 3528 2936 3016 5392 3448 1528 4024 3592 3472 4352 3496 2552 2544 3064 3664 2056 848 2832 1392 2336 2624 3688 3520 1520 1848 4000 3712 2368 1736 2408 3368 1232 3424 1176 2384 2064 2304 3104 3200 1240 1160 1528 4208 1992 2912 2208 1168 3320 3624 3136 3264 1152 4032 1784 4448 3312 2328 3864 872 760 2472 2824 3112 2584 4344 1072 1976 2984 3528 2080 3368 3512 2160 2176 1680 1536 2528 1584 1984 2008 2952 1128 4312 3000 3288 3352 4080 2384 2624 2344 1256 2240 2984 4528 920 2528 1752 1696 3712 2472 1504 944 3456 2432 3712 1648 3360 4432 1400 2600 3872 3440 1712 1144 1632 1992 696 2344 3312 3976 1096 2656 2800 1392 2608 3464 1432 3304 3720 4448 2368 3976 912 1584 3920 2008 1008 1960 2912 4096 1152 2824 320 3520 4632 2000 872 5224 3776 1128 2928 1576 3376 4216 2960 280 3656 3480 3192 1528 1352 3728 2616 1112 2352 2304 4160 3480 3488 784 2688 984 2064 2088 1560 1824 3048 3424 2504 600 1496 384 2712 1608 2336 1712 1704 4992 3112 2048 2704 3344 3176 3424 1288 4720 5336 2376 3200 968 4008 3992 744 2136 3208 2744 2240 2712 1768 2920 2080 824 3656 2472 2704 1000 2480 1376 1280 2248 848 3400 3976 2744 536 2368 3144 1328 2368 2144 1112 1704 3248 3048 2368 2056 1688 2416 1120 616 400 4136 3976 1664 4160 3576 2920 1296 2296 1248 2576 1976 2712 3192 4040 3880 2272 3880 1816 4208 2272 3368 2152 480 2824 1848 
1360 4190 3520 3460 8240 6770 7890 6850 4720 3340 5020 6500 2670 6590 7660 6740 3530 7430 6990 1590 6590 6670 5700 5770 5420 6260 4940 6280 7760 5850 2430 4920 3400 4430 2440 6800 6910 5250 3050 5670 6000 5270 1640 6360 2550 4590 4960 4800 2380 5320 6160 7150 6360 4790 2720 5200 6350 4330 5690 2050 2580 6310 3670 1550 1420 2540 7530 4770 6020 6860 430 6900 4410 2700 5240 3280 2230 4580 8700 4460 5240 7040 7520 1100 5810 4640 6050 870 4380 1660 6250 5320 5700 3860 6090 4750 8700 2450 5660 1950 8240 6320 6520 6120 2070 1870 2270 8960 2300 4080 4900 3370 1720 6440 4960 4330 6940 5680 7280 1890 5220 6950 1740 5020 7150 6960 5080 2140 1400 4510 3940 3720 6240 5520 4620 6620 6050 4660 6200 1270 3320 5290 5530 6370 5600 8290 3560 1500 1610 2030 3630 3090 1830 4890 1910 2590 3690 5690 9000 1150 3240 7250 7960 3820 4010 4930 1100 8350 5230 3670 5970 3870 6890 4420 1660 7250 1450 4510 5350 1150 1970 6960 5130 4200 1850 2460 5730 1230 2090 5450 7020 930 5510 2680 4830 3380 6560 2880 4810 5490 4950 7240 7240 5910 4690 7400 7130 5990 2920 6480 7540 1270 1190 3110 7990 5870 2450 2490 5650 6750 4720 6120 5020 2630 5910 2410 7450 4320 6010 3130 2380 2720 4320 2030 3630 7010 1910 6020 3950 4980 630 1860 440 1470 4440 4510 6090 6320 1030 5840 5440 3510 4400 4030 2850 8390 5980 2350 8130 7000 5700 3730 5540 4890 5630 3170 2140 6750 8140 5440 5510 7870 3690 8570 5150 7560 5110 3280 6780 3980 
3934 2429 2527 2478 3192 952 3164 987 3850 4060 5012 427 2282 1778 2779 1946 2156 2184 1330 3122 721 616 581 1827 910 4123 4949 791 2597 3437 3367 749 4046 4830 2688 707 1064 2695 1988 1400 651 819 3983 2912 3241 1981 1288 2548 2597 1323 2450 2646 693 3227 2352 3185 1120 4508 5138 4522 2450 448 2667 3675 3892 2492 1351 1316 1771 1330 3927 707 2520 2611 4774 2198 3206 5061 3325 3325 1386 2800 2303 3353 308 1701 3024 4067 1351 3759 1876 3010 3563 4585 707 2835 3542 2954 5586 3640 2716 2821 2338 3801 2821 2877 3066 3605 3360 1351 4011 1785 4256 2877 1925 2205 1211 4487 1393 3997 938 1092 3059 4991 980 1295 1680 3570 3696 4466 2275 4879 350 1491 2289 3633 917 1792 1582 4263 1883 798 1120 1484 4438 3360 2058 3703 4788 2723 1974 4522 3297 2233 3318 2716 2618 665 3276 3318 3591 2044 2870 1848 1680 1750 4270 2632 5334 2877 595 2331 1652 1498 3360 1302 3318 2100 4571 3353 4830 1218 1197 3101 3122 2646 3731 3262 2688 3577 2380 4585 4697 3192 1785 3150 2163 4200 4760 2877 1554 1715 3346 2912 5152 2569 2282 210 3934 1806 2051 4417 3969 3668 2254 1197 3185 2429 273 2751 4676 4613 1519 2765 3318 3311 1813 1127 1050 3703 2646 2282 3731 2786 2093 1442 4536 4732 2513 4739 4550 3619 4025 4291 2030 4151 224 889 3444 3444 2534 1771 3465 2471 2891 3003 1085 2485 2205 1113 5145 1750 4382 2989 784 1904 2947 1358 2534 1428 1183 2268 1561 3486 4564 3514 4431 3255 3871 1379 
1100 2470 1745 2100 4090 3645 3900 3685 2140 1395 2170 3455 1600 3345 3815 3405 2110 4045 3605 925 3540 3510 3100 3230 2985 2925 2135 3275 3890 2780 1090 2700 1430 1870 1570 3575 3590 2550 1750 3150 3255 2780 570 3105 1690 2315 2785 2345 1515 2745 3050 3555 3330 2250 1490 2470 3465 1855 2520 640 1420 3330 2225 1200 1130 1390 3910 2490 3345 3530 395 3640 2160 1395 2315 1980 1520 1935 4330 2075 2695 3480 3790 820 3140 2650 2930 260 2315 655 3155 2550 2685 1595 3185 2285 4305 1610 2470 1395 4145 3095 3250 2885 1145 1255 1525 4445 1040 2295 2215 1880 1260 3150 2500 2165 3590 2580 3760 680 2890 3740 975 2175 3740 3595 2590 915 595 1960 1970 1490 3300 3085 2290 3170 3145 2375 3160 1025 1820 2910 3060 3495 2545 4095 1850 620 1100 1290 1895 1195 1320 2815 910 1660 1800 3105 4500 825 1420 3950 3970 1995 2315 2510 935 4215 2255 1750 3235 2305 3515 2305 810 3750 1110 2265 2390 910 1310 3600 2865 1975 1305 1310 2685 895 1235 2555 3510 745 2465 1240 2455 1570 3290 1135 2085 2655 2540 3925 3530 2870 1985 3695 3580 3220 1205 3570 4085 240 1015 1345 4055 3235 1145 1535 3050 3325 2045 2800 2580 1690 2825 1095 3800 2400 3115 1345 1525 1525 1950 1330 1875 3600 1325 2735 1940 2180 490 785 310 380 2235 1995 3230 3290 865 2775 2670 2035 2020 1985 1380 4195 3280 1390 4135 3635 2525 1985 2510 2330 2950 1830 1445 3470 4105 3040 2855 3985 2040 4240 2290 3685 2280 1500 3230 2170 
2680 860 3650 310 7190 3630 7000 3710 5820 5230 7000 3810 1390 5130 6550 5360 180 3950 4960 2750 3540 4140 2690 2290 2250 6940 6900 4130 6450 6120 3890 2190 5240 6520 1050 4260 4680 5080 1590 2270 2920 3320 4170 5960 1420 3900 1670 4650 1200 3860 5440 6180 4090 5290 2430 5500 3070 6190 7470 4950 2450 3850 710 2290 2610 2490 5170 3330 2550 4900 3400 4210 4340 2980 6920 350 1490 6800 7520 5180 3840 6250 6070 2580 2970 1200 5870 3840 2900 3900 5010 5420 6140 5990 3930 4890 7710 1150 7810 2100 6770 5860 5560 6580 2640 1700 1340 7880 3800 1430 6070 1920 3020 5980 4150 3940 4840 6920 5150 4320 2090 3770 2780 6980 4650 4920 4000 3960 3660 6260 3680 6170 3730 2100 4250 6720 4080 3760 4730 3170 2220 2240 2240 2960 6840 7360 3000 3730 3880 1740 2950 5520 1770 1440 3450 900 3890 2630 7600 2600 4680 3780 6780 2970 850 3950 3240 6740 7370 4190 2920 480 5190 3170 3320 5040 2040 3970 6810 2370 3850 4850 1860 4790 1650 2760 6300 2420 2190 6010 5880 3810 7010 3850 3900 4300 5440 5100 6670 5400 3760 3850 6820 5690 6940 6240 5850 3190 4850 3010 4090 4430 2790 4690 6240 2540 3660 1330 2880 6040 6550 7270 3790 890 6050 3810 5610 1800 4160 4740 1150 2160 5480 1560 3140 5070 3400 7320 3980 6760 3950 3850 3570 4410 3830 5980 3550 4230 2470 6120 5060 1030 5280 4000 3560 7090 2690 1910 6250 4770 7480 2680 6760 5120 3640 1460 1350 4870 6570 2040 3890 6210 1980 7600 6700 7130 6560 4340 7010 2210 
2637 1557 2466 1125 5670 3069 5481 3141 4446 4041 5589 2961 675 3843 5094 4041 720 3762 3798 2007 2916 3195 2106 2367 1836 5400 5508 3060 5022 4653 2862 1467 4050 5193 1026 3312 3600 3717 639 2133 2376 2250 3303 4509 1818 2655 1467 3330 927 2664 4050 4743 3060 3924 1440 4104 2691 4869 5985 4023 1494 2907 1494 2295 2583 1539 4086 2178 2547 3726 2853 3330 3051 1953 5481 567 1719 5463 5985 3843 2646 4788 4707 2079 2268 1332 4428 3159 1773 3024 3699 4023 4680 4743 2880 3555 6138 1404 6336 2259 5346 4419 4185 5076 1782 1350 1530 6300 2799 675 4671 873 3051 4527 2880 2691 3699 5436 3996 3402 1665 3231 1998 5571 3663 3762 2763 2988 2853 4914 2466 4959 2808 2034 2970 5193 2970 2529 3474 3060 1152 1737 1962 2745 5364 5814 1854 2898 3735 1215 1800 4392 1818 1899 2538 1098 2682 2097 6093 2061 3510 3591 5319 1818 657 2709 3087 5346 5949 2970 2349 1224 3942 2007 2475 3924 1872 2709 5355 1998 3789 3717 1611 3501 1593 1800 4833 1944 1431 4563 4491 3519 5535 2772 2655 3105 4077 3996 5292 4005 2547 3510 5283 4266 5589 4815 4482 2448 3735 2925 3816 3672 2691 3537 4914 2277 2637 783 2142 4599 5175 5733 2583 1170 4590 2790 4347 981 3015 3582 981 1215 4158 1215 1980 3879 3411 5787 2745 5346 3537 2934 2997 3591 2592 4626 2655 3141 2106 4653 3699 144 3942 2754 2475 5616 2358 1134 4950 3672 5985 1557 5283 3771 2556 486 1368 3672 5175 1944 2718 4869 927 6039 5265 5571 5139 3159 5454 1152 
5930 3060 4990 3470 6050 560 6060 610 7030 7140 8630 1630 3920 4120 5500 4350 3150 1470 3290 5340 780 2070 1060 1490 1140 7520 8540 2690 5190 6540 6000 1860 7120 8310 4190 2100 2840 5470 3650 1070 770 2770 6720 5810 4680 4380 1610 5220 4180 3520 5140 5360 2480 6180 4410 6150 200 7870 8870 7520 4520 2080 3570 5540 5870 4590 2940 3420 1260 3350 6350 1820 5130 4890 8330 3340 4760 8630 6170 6270 3600 5610 4760 5490 1270 2100 5960 6660 3350 6400 4310 5910 6710 7910 2610 5620 6530 4410 9460 5370 5250 5670 4970 7060 5000 4670 4600 6570 5960 2530 7270 3520 6300 5760 4360 4670 3110 7980 3250 6790 1340 580 5290 8600 2400 3240 4010 6230 6250 7840 4690 8280 1960 1270 4830 6830 2930 4120 3890 6430 3770 1320 1030 640 7910 6320 4250 6290 7150 4540 4130 7710 5010 2480 5800 4120 5160 990 6000 5470 6470 1270 5590 3990 2560 4100 6480 5070 9070 5530 850 3110 3860 3620 5800 3090 5200 4550 8070 5400 7120 3100 1430 5930 4840 4850 6950 5340 4690 6710 4980 7030 8260 5800 4130 5880 4700 7250 8260 5740 3810 840 6410 5800 8780 5210 4810 1330 6890 1080 1300 7220 6030 6560 4520 730 5730 4060 1460 5560 8150 8190 3780 4140 6380 5910 3950 2400 3130 6610 4200 4230 6820 4520 4330 3480 6670 8340 5050 8260 7090 6250 6510 7100 4430 7410 1870 2820 5510 6550 5250 3040 6470 5010 5380 5700 580 4360 4380 2880 8880 3780 7830 5850 2770 3480 4550 3430 4980 1280 3340 4600 3240 6470 8040 6640 7860 6000 7180 3110 
4518 2979 2511 2889 3987 1926 3870 1971 4257 4482 5724 1251 2340 2097 3420 2313 2439 3375 1863 3312 1647 1341 1143 2610 1395 4716 5643 1116 3267 3852 3582 747 4464 5481 2961 1458 1656 2871 1935 2079 1368 495 4392 3303 3753 1872 1683 2628 2799 1179 2718 3159 1116 3483 2313 3465 1989 5067 5922 5076 2439 1026 3186 4203 4473 2493 2169 1008 2610 1809 4374 1575 2547 2619 5436 2430 3663 5769 4230 3582 1224 3303 2907 3663 927 2133 3375 4527 990 4095 2097 3258 3978 5148 936 2988 4446 3348 6471 4203 3510 3186 2682 4311 2925 3114 3474 4572 3573 1314 4473 1620 4968 3267 1863 2133 1764 5112 2052 4401 1323 2115 3231 5697 1782 1827 1566 3843 4032 5022 2187 5526 954 2142 2277 4176 1071 1629 1773 4932 1710 1170 1701 2376 5049 4167 1899 4041 5598 2889 1782 5067 3726 2889 3528 3042 2628 1233 4257 3609 3870 3186 3591 1629 1872 1629 4923 3465 6138 2970 1305 2781 2088 1206 3600 1980 3699 2016 5193 3699 5688 1773 1638 3285 3483 2673 4194 3555 2781 3969 2844 5292 5364 3357 1647 3312 2493 4653 5400 3123 1368 2826 3942 3222 5895 3132 2772 963 4311 2763 3249 4968 4554 3969 3015 1908 3348 2556 756 3186 5292 5292 1341 3114 3708 3510 2439 981 1161 4014 2880 2232 4086 3006 1944 1962 5328 5436 2511 5391 5211 3915 4500 4797 1917 4626 837 1206 3807 3852 2700 1800 3762 2457 2961 3825 1827 2538 3024 1737 5931 1512 4977 3195 693 1854 3285 1773 3312 2043 1080 2988 1332 4365 5175 4194 5013 3438 4482 1071 
2016 1280 2328 784 5352 3008 5168 3080 4064 3592 5008 2968 520 3736 4840 3912 520 3520 3720 1664 2896 3184 2176 2232 1912 4976 4928 3064 4792 4336 2528 1640 3608 4632 584 3288 3544 3528 704 2096 2408 2336 2816 4272 1272 2608 1528 3168 536 2688 3880 4512 3064 3648 1344 3840 2648 4360 5384 3448 1360 2928 1120 1712 1968 1400 3976 2240 2416 3656 2312 3296 2912 1792 4944 312 1184 4856 5640 3552 2656 4552 4512 1632 2336 1304 4168 2616 1880 2584 3600 3776 4344 4208 2904 3352 5760 904 5656 1672 5080 4192 4008 4704 1536 936 1016 5912 2456 936 4264 1000 2376 4288 2824 2608 3632 4944 3896 2920 1760 3152 1680 4992 3592 3688 2744 2600 2408 4408 2384 4368 2840 1992 2864 4840 2976 2512 3408 2400 1216 1832 1984 2656 4880 5472 1840 2456 2992 888 1800 3848 1280 1688 2192 632 2528 2160 5744 1624 3152 3376 5040 1840 760 2688 2424 5080 5312 2760 2392 976 3832 2072 2104 3832 1360 2648 4856 1520 3032 3648 1664 3248 1088 1616 4464 1504 1184 4232 4296 2824 5008 2488 2632 2840 3936 3512 4744 3784 2552 3352 4968 4032 4968 4592 4296 2504 3304 2768 3592 3080 2072 3160 4704 2256 2344 512 2232 4368 4648 5224 2592 696 4288 2464 4208 1208 3016 3200 560 1136 3784 816 1952 3784 2696 5256 2608 4808 2864 2528 2448 3040 2536 4184 2696 3136 1608 4336 3528 464 3624 2632 2256 5312 2344 944 4736 3608 5392 1616 4808 3536 2616 616 880 3608 4928 1920 2744 4656 1112 5672 4760 5216 4656 2872 5064 1336 
4550 4070 2560 3965 210 2955 385 2950 2490 3185 3240 2390 3410 1250 530 1130 3715 3885 1560 3540 2815 2170 2890 3780 3115 1960 3220 1900 615 1710 3195 2830 3155 3325 3840 2155 1785 1740 3175 3475 2920 2165 3745 1205 4340 2045 3340 1935 3710 1880 1240 750 1985 2135 3045 1915 3220 3105 3075 3965 3105 2180 4155 4415 4540 3120 1810 2155 3735 1530 4110 2305 2125 2980 2940 3675 4235 3455 180 2325 1890 805 825 3865 2690 3605 1410 4035 2380 3630 1305 1790 1855 3350 1975 2015 60 4090 3500 4485 615 1200 1075 1795 3315 3770 4130 160 3245 3095 2510 2960 4830 1150 1870 2155 1650 2515 1590 3665 3110 3015 3465 3220 2035 1585 1865 3375 3690 3000 2355 3645 2245 3535 2010 1415 1840 2050 1440 4730 2875 3015 3270 3495 2510 200 2595 3660 5055 3610 2575 3595 4200 4020 3390 3925 2485 2950 465 3820 2965 3800 420 2505 3435 1920 4690 760 3440 2535 2885 3945 1290 2275 3505 1675 4090 2075 2730 3965 5175 1655 3295 2355 4045 3110 1945 3840 3400 1985 865 4775 2765 3045 1960 2735 1095 3445 3105 1655 1970 3510 875 1445 3495 685 880 2605 3265 3730 3735 4145 4535 3055 995 3325 3135 3535 2650 955 3080 2420 1940 3980 1615 3185 1230 2920 1775 3065 3765 3115 2590 3735 2540 1465 5020 2565 2350 3025 4625 3500 4145 3990 2120 2775 2320 1835 4025 1720 1615 3300 2420 2305 2910 370 3235 3355 1115 1765 3075 2610 2500 1995 2030 3190 3985 1500 755 3485 1860 925 2860 80 2810 790 2725 2810 1500 2720 
6380 4350 3890 4400 3850 1740 3860 1750 5520 6050 7240 570 3970 1970 3290 2180 3930 3610 1090 5040 1430 190 1660 3400 2160 5670 7150 590 2990 4690 5200 1910 6020 7050 4630 290 670 3710 3530 2800 1650 1360 6170 3790 5460 2900 2710 3610 4470 1820 3120 3190 360 4590 3900 4440 2230 6570 7340 6910 4040 250 4680 6020 6330 4100 1070 2070 3280 1150 6230 580 3660 4190 6830 3970 5390 7370 3990 4790 1930 3460 2560 5450 1270 3310 4020 6370 2300 5850 2230 4150 4910 6750 640 4020 4330 5040 8030 6000 3080 3650 2870 5200 4590 4840 5180 4390 5210 2740 5730 3170 6870 3720 2720 3260 920 6320 1130 6150 2210 1890 4930 7200 600 1040 2360 5520 5800 6480 3460 7220 370 2950 3300 4840 930 2640 1800 6850 3250 2010 2420 2780 6270 4110 3310 5800 7590 4590 3200 6770 5490 4050 5220 4690 3960 1770 3870 5390 5380 3430 3390 3000 3250 2500 6850 2930 7700 4310 1590 4200 1660 2410 5320 990 5480 3080 6510 5490 7680 910 2570 4520 5220 4290 5160 5330 4460 4970 2800 7260 6680 4920 2580 4740 2570 6320 6880 3920 2250 2880 4280 3880 7510 3010 2610 1050 5930 3250 3350 6840 6430 5520 2380 2470 4950 4210 1260 3450 6770 6450 2180 4760 4500 5130 1780 2390 1130 5560 4550 3840 5410 4710 3330 1280 7270 6650 3760 6830 7160 5630 6370 6640 3010 6000 550 700 5610 4710 3430 3320 5010 3690 4490 3520 2280 4200 2300 730 7340 2950 6190 4220 1080 3430 5000 1230 2820 2870 1560 2430 2860 4270 6530 4490 6340 4900 5190 2560 
5840 5570 1760 5150 2970 4810 2600 4850 2300 3270 4040 3740 3760 1850 2420 1860 4690 6550 2840 3750 4480 3500 4080 5660 4340 2440 3970 2710 2620 1460 3040 3520 3220 3960 4630 3580 3100 410 3340 5090 4310 2300 4150 1150 5640 940 4530 530 4340 1560 890 1900 2930 1350 2860 1140 5000 3480 4060 4660 2960 3240 5570 5610 5820 2970 3670 1740 5680 2660 4860 3890 890 2630 3580 4530 5370 4280 3440 1650 1470 1750 2520 4420 3800 4880 1020 4710 2040 3900 1390 850 1630 3800 2670 850 3410 5140 4790 5810 3160 1070 1320 1980 3320 4350 5180 3680 3130 3630 2480 2950 6400 1190 760 1010 2920 3020 3170 4010 4230 5010 3590 4000 3670 2850 1060 3410 4020 3340 1390 4360 3300 5140 690 1890 2370 1120 1670 6160 2690 4090 4680 5460 2960 2990 1980 3960 6780 4030 1980 4090 5230 5720 3410 4840 1610 4190 3820 4320 2710 6340 2740 1910 4310 1010 6070 3360 4510 1730 4240 5240 2330 1730 3650 3250 4940 900 3230 4650 7050 2950 4530 1530 4920 2910 1880 4390 3550 1670 1860 6200 3390 2730 1010 2160 1480 3720 3700 650 1290 5900 2040 840 4400 2210 2050 3760 3330 5880 6380 4950 5790 2880 3190 4930 2910 3980 3620 1450 3600 3150 1310 4960 1310 3020 2870 3370 2170 2920 4460 3040 2290 4310 1850 2720 6770 3340 1340 3610 5890 3650 4930 4650 1030 2840 3310 2630 4750 1470 210 3820 1880 1250 2450 3190 4840 3520 3430 3150 4060 2180 2890 970 2340 3430 4860 2490 3140 5010 1770 3000 2880 3280 3270 2370 3080 2330 2210 2690 
4500 3630 1610 3280 4290 3300 4050 3360 3610 3810 5200 2510 2120 2330 3650 2520 2800 4830 2610 2800 3000 2500 2360 3750 2500 4280 5110 1940 3620 3360 2860 1660 3780 4920 2970 2620 2560 2260 1650 3220 2650 970 3840 3010 3960 1050 2600 1900 2720 990 2470 3230 2070 2790 1650 2850 3310 4460 5450 4570 1790 2140 3680 4200 4470 1850 3210 410 3810 2470 4020 2820 1730 1860 4900 2680 3760 5240 4660 2850 940 3280 3300 3310 2190 2920 2970 4090 80 3520 2100 2660 3460 4550 1770 2260 4800 3470 6030 4290 4030 2900 2600 3860 2330 2910 3550 5000 2870 1680 3850 1210 5050 3010 1210 1260 2570 4600 2910 3810 2360 3520 2680 5170 2910 2590 1030 3180 3480 4420 1270 4970 2120 3240 1490 3850 1680 830 1920 4920 1100 2250 2830 3680 4520 4430 970 3480 5620 2600 860 4470 3720 3760 2890 3140 1750 2450 4840 3240 3130 4620 3910 660 2360 980 4870 4080 5650 2120 2580 3320 2550 220 3010 2880 3570 1180 4650 3430 5800 2590 2620 2510 3420 1990 3670 3220 2310 3400 2970 5180 4840 2600 950 2510 2510 4020 4840 2570 790 4270 3850 2790 5380 3350 2990 2240 3630 4070 4730 4530 4500 3250 3660 3120 2610 2380 1990 3070 4720 4840 830 3240 3240 2790 3080 1420 1630 3300 2830 1670 3390 2820 1000 2630 5440 4970 1620 4830 5010 3300 4140 4310 1050 3990 2030 1960 3550 3360 2160 1930 3040 1580 2160 4270 3070 2120 3760 2650 5450 640 4440 2500 1290 1660 3280 2370 3870 3120 1140 3570 1010 4680 4620 4150 4440 2650 4170 760 
3080 1360 2608 1320 4816 1936 4696 2000 4368 4184 5504 1960 1384 3144 4304 3328 952 2600 2912 2544 1816 2216 1104 1464 840 5056 5432 2240 4184 4328 3192 672 4184 5192 1648 2320 2672 3456 1208 1160 1328 1680 3672 4032 2200 2480 552 3152 1608 2200 3560 4048 2200 3800 1888 3896 1592 4872 5792 4320 1968 1992 1560 2768 3032 2016 3048 1856 1576 2872 3328 2280 2968 2320 5352 1016 2192 5432 5040 3792 2208 4144 3872 2640 1296 688 4016 3592 1576 3424 3096 3768 4392 4816 2088 3408 5224 1904 6176 2688 4408 3936 3584 4728 2304 1992 2040 5344 3144 360 4568 1208 3416 4024 2608 2600 2800 5216 3048 3744 688 2080 2520 5488 2632 2880 2424 3336 3288 4880 2496 5056 1896 1104 2816 4728 2240 2312 2840 3472 1456 760 960 1680 5152 4968 2000 3320 4064 1880 1928 4568 2336 1368 2960 1640 2784 1080 5072 2624 3680 2440 4472 1872 408 2416 3496 4368 5840 3064 1312 1192 3144 1824 2936 2960 2432 2576 5200 2568 4080 2816 656 3488 2168 2240 4552 2520 2024 4328 3784 3904 5360 3072 2400 3264 3448 4200 5224 3704 2224 2336 4664 3880 5552 4056 3736 1472 3944 1880 2624 4040 3144 3728 3952 1240 2984 1496 1216 4008 5128 5440 2232 1680 4240 3120 3440 512 2320 3768 1632 1712 4136 1872 2104 3008 3728 5520 2776 5256 3936 3320 3456 3960 2464 4592 1752 2336 2664 4328 3376 680 3912 2768 2760 4688 1296 1760 3944 2736 5800 1648 5080 3608 1904 1064 1944 2856 4232 1008 2176 3936 1064 5152 5144 4904 5008 3336 4984 1104 
3339 3612 497 3220 3003 3710 2730 3752 1120 1421 2240 3073 2128 2149 2639 2191 2947 4788 2737 1820 3493 2989 3066 3969 3143 1827 2177 2485 2779 1330 1197 2548 1386 2072 2695 3066 2849 840 1918 3626 3262 1967 1974 1624 3374 826 3150 560 2485 1589 1561 2268 2618 665 1393 868 3724 1743 2401 2324 1421 2765 3514 3213 3339 1414 3290 1449 4032 2618 2534 3248 343 1099 2023 2793 3157 2303 3346 609 1512 2142 2688 2303 2940 3290 1393 2387 1463 1806 1841 896 1288 1869 2408 490 3297 3038 2814 3395 3150 1603 1862 1610 1568 2394 3031 3493 1267 2394 1295 1722 3731 1680 1001 574 2765 1855 2975 1869 3038 3857 1715 2219 3199 2737 1232 1456 1904 1694 532 2219 2779 3619 595 1841 2247 1008 1960 3521 1498 2968 3360 3976 1799 3003 959 1862 3920 2191 1022 1974 3003 3829 1498 2863 322 3122 3612 2233 987 4641 2856 1071 2807 1120 3444 3283 2562 273 3213 3353 2464 1274 1673 3003 2758 700 1855 2499 4130 2786 3185 350 2793 1302 1386 2303 1799 1176 2240 3486 1995 987 1057 574 1960 1687 1988 1008 1281 4403 2233 1302 2394 2485 2366 2961 1414 4235 4718 2534 3283 1099 3129 3584 1134 2254 2800 1925 1904 2065 1330 2947 1337 1190 2863 2303 2135 1127 2569 1568 966 2394 868 2681 3969 2121 273 1974 3241 1631 2569 2317 749 1379 2744 2457 2555 1323 1008 2380 721 301 847 3178 3549 1862 3283 2898 2408 1260 1743 609 2107 2016 2800 2506 3129 3535 1771 3010 1778 3206 1827 2450 1701 693 1995 1743 
5472 3393 3672 3519 4122 945 4122 972 5319 5643 6831 162 3366 2385 3618 2592 3123 2619 1638 4464 657 558 909 2421 1368 5589 6750 1098 3348 4707 4770 1359 5625 6615 3861 630 1251 3780 2997 1890 846 1422 5571 3960 4536 2916 1899 3618 3762 2016 3357 3501 909 4500 3474 4419 1350 6192 6975 6264 3600 549 3744 5130 5418 3654 1476 2088 2295 1692 5499 513 3609 3807 6507 3195 4509 6912 4248 4644 2106 3735 2961 4752 603 2448 4140 5679 2169 5283 2583 4176 4878 6309 1053 3996 4554 4185 7560 5067 3429 3843 3168 5166 4077 4131 4329 4608 4761 2151 5517 2745 5877 3906 2817 3222 1476 6102 1647 5580 1449 1107 4383 6804 972 1593 2493 5031 5202 6138 3330 6696 450 2034 3303 4905 1350 2673 2196 5895 2871 1287 1575 1845 6048 4356 3078 5211 6570 3933 2970 6246 4644 3069 4716 3888 3780 999 4131 4716 5040 2448 3708 2808 2511 2601 5913 3285 7245 4113 801 3303 2142 2340 4770 1512 4689 3078 6237 4752 6615 1476 1755 4374 4428 3852 5103 4635 3906 4914 3150 6327 6399 4545 2646 4473 2916 5832 6507 3987 2349 1971 4455 3996 7029 3357 2997 396 5490 2268 2403 6129 5526 5148 2790 1575 4536 3555 684 3699 6399 6246 2295 3933 4545 4698 2250 1872 1530 5193 3816 3384 5184 4005 3123 1809 6228 6408 3636 6480 6291 5103 5625 5976 2997 5724 432 1215 4860 4716 3546 2682 4833 3573 4149 3825 1404 3636 2691 1296 6984 2700 5976 4185 1305 2889 4194 1755 3186 1971 1809 2844 2457 4500 6237 4653 6066 4608 5211 2223 
3522 3210 1152 2988 1692 2628 1500 2652 1650 2190 2700 1974 2202 864 1338 888 2706 3684 1434 2310 2430 1824 2214 3186 2388 1716 2652 1350 1416 1128 1968 1908 2160 2640 2724 1872 1584 522 1938 2844 2346 1140 2640 780 3336 516 2526 540 2562 684 474 1038 1482 1086 1722 960 2760 2346 2712 2976 1788 1674 3234 3372 3510 1800 1932 852 3198 1326 3006 2058 696 1638 2424 2622 3186 2832 1962 1248 642 1002 1320 2694 2034 2760 792 2940 1068 2478 594 786 1242 2532 1332 768 1980 3030 3150 3468 1728 708 654 1434 2040 2604 3066 2130 2016 2028 1764 1692 3858 780 318 654 1476 2088 1626 2568 2328 2742 2214 2676 1926 1434 426 2190 2532 2268 888 2856 1710 2874 504 1326 1146 552 732 3732 1554 2238 2592 3042 2058 1740 1176 2502 4122 2412 1164 2670 3120 3270 2154 2844 1092 2280 2154 2640 1836 3558 1524 1092 2442 432 3684 1830 2976 1212 2298 3018 1140 900 2286 1674 2976 546 2214 2820 4266 1494 2514 1152 2934 1794 1392 2670 2142 1278 960 3792 2316 1782 462 1482 702 2436 2490 648 576 3288 1284 684 2904 1188 1050 2004 2202 3306 3576 3114 3498 1932 1692 2736 1878 2346 1932 846 2430 2160 576 2916 1026 1950 1476 1860 1026 1956 2634 1812 1638 2568 1110 1362 4086 2280 924 2442 3624 2322 3054 2940 600 1974 1722 1296 2886 1134 354 2184 1386 870 1584 1782 2676 2100 1824 1614 2718 1236 2010 858 1146 1974 2886 1224 1698 2802 804 1590 1614 1902 2238 1470 2124 1584 1524 1482 
4752 5229 1206 4725 3753 5265 3375 5310 909 1692 2430 4401 3303 2943 3339 2952 4374 6696 3798 2790 4977 4248 4473 5670 4599 1782 2358 3573 3573 1260 1818 3834 1638 2304 4023 4338 3987 999 3051 5229 4716 2988 2745 1899 4878 1494 4626 855 3753 2430 1989 2862 3753 306 2358 675 5319 1863 2565 3078 2385 3978 5094 4617 4752 2367 4536 2349 5751 3636 3609 4590 801 1935 2088 4176 4590 2592 4203 225 2331 2646 3528 3411 4284 4815 1539 3357 2421 2583 2529 846 1143 2142 3492 513 4086 4455 3150 4869 4068 1908 2412 1548 2511 3609 4437 4356 1926 3663 1116 2808 5247 1989 1629 1215 3852 1800 4095 2574 4464 5454 2655 2403 4473 3798 1953 2115 2754 1764 1251 2646 4005 5229 1107 1953 3258 1737 2754 4959 2520 4365 4878 5661 1737 3708 1827 2682 5427 3348 1899 2439 4374 5517 2286 4248 981 4545 4599 3321 1278 6507 3627 1953 4194 1827 4842 4275 2853 774 4653 4896 3366 2160 2520 4158 4032 1332 1845 3672 5724 3879 4662 216 4113 2196 1224 3429 2844 963 2907 4842 2016 1593 1764 954 2601 2133 2106 1080 2061 6183 2610 1458 2709 3186 3096 4293 1809 6003 6597 3456 4671 1431 4149 5157 1800 3465 4104 2376 2016 2061 2115 4356 1314 1827 3870 3528 3096 1449 3861 2583 801 3618 1701 3699 5535 2151 936 2061 4500 2367 3636 3168 1431 1323 3978 3510 3744 1251 1287 3645 432 945 1530 4041 5112 2943 4365 4041 2574 2205 1656 468 3132 3186 4140 3492 4077 5112 2664 3978 2871 3969 1827 2880 1656 1062 2106 2817 
1090 4050 3720 3330 8430 6760 8090 6840 5000 3640 5320 6540 2680 6740 7840 6890 3440 7340 7100 1750 6580 6720 5690 5670 5390 6530 5240 6360 7930 6100 2690 4930 3690 4730 2350 6860 7000 5460 3090 5600 5990 5360 1940 6580 2360 4760 4910 5020 2330 5450 6360 7340 6440 5040 2850 5440 6310 4630 5990 2340 2710 6370 3510 1330 1150 2670 7610 4890 5930 6970 700 6940 4620 2870 5530 3210 2050 4880 8880 4720 5370 7240 7680 1170 5830 4560 6270 1170 4480 1940 6410 5550 5950 4160 6170 4980 8900 2300 5960 1710 8400 6540 6700 6380 2220 1850 2120 9150 2560 4070 5180 3430 1420 6650 5130 4520 7040 5970 7380 2190 5200 6940 1910 5320 7210 7070 5240 2410 1680 4810 4120 4010 6290 5450 4810 6870 6150 4820 6340 970 3410 5280 5490 6300 5890 8480 3710 1770 1340 2040 3780 3390 1670 4760 2150 2480 3900 5680 9170 1250 3510 7160 8140 3960 3960 5090 800 8500 5530 3900 5960 3750 7020 4550 1890 7340 1340 4690 5640 1130 1690 7060 5090 4450 1730 2620 5990 1280 2180 5710 7190 710 5800 2920 4990 3630 6730 3180 5110 5720 5090 7180 7460 6130 4990 7570 7290 6020 3220 6390 7460 1550 910 3390 8130 5820 2690 2480 5670 6950 5010 6400 5170 2510 6150 2660 7570 4340 6120 3410 2310 2820 4600 2000 3790 7120 1610 6310 4160 5280 580 2130 730 1760 4610 4800 6140 6410 1010 6090 5650 3500 4660 4240 3070 8560 5940 2410 8250 7080 6000 3850 5820 5120 5720 3200 2030 6860 8290 5370 5630 8020 3750 8770 5450 7780 5400 3530 7030 4050 
2430 3190 1165 2845 2960 3625 2740 3655 660 170 745 3210 2060 2540 2750 2550 2715 4325 2990 1465 3475 3165 3130 3645 3140 1425 700 2810 2890 1425 815 2730 145 510 2350 3220 3070 1460 2025 3445 3280 2415 1020 1920 2735 1625 3080 1365 2210 2170 2015 2490 2905 995 1570 1200 3590 350 1030 995 1545 3000 3040 2425 2445 1520 3385 2045 3720 2900 1645 3345 1270 1290 785 2585 2550 660 3210 810 2115 2355 2870 1740 3065 3100 1705 1410 2005 1030 2310 1345 1295 300 2755 1195 3125 2540 1150 2600 3165 1940 2250 1445 1445 2035 2495 3275 875 2510 700 1975 2670 1980 1750 1440 3010 1020 3155 895 3050 3730 1415 740 3320 2985 1915 845 1175 420 1350 560 3005 3420 1455 1790 2640 1750 2420 2460 1820 3020 3280 3735 985 2915 1535 1125 2635 1935 1590 490 2380 3430 1085 2475 1100 3160 3445 1700 430 4220 2905 1665 2725 1835 2380 3285 930 915 3245 2995 2770 1900 1195 3180 2155 1540 835 1910 2830 3025 3125 855 2270 1375 1245 1785 1670 1160 2520 2280 910 835 1795 720 2355 425 595 1490 1950 4080 2265 1680 735 2675 2630 3095 385 3895 4295 1335 2360 410 3215 3445 925 2095 2965 2205 540 1240 1985 2530 1505 855 3050 2495 2565 385 2260 1700 525 2075 1490 2940 2790 1175 1190 665 2040 965 1620 1175 1565 445 2970 2790 1920 1415 1625 2395 700 1225 1005 3140 3445 1800 3335 3105 1035 1770 955 1160 2530 2115 2340 2820 3175 3360 2305 3120 2075 3055 735 2395 720 655 1805 2115 
4452 2429 3703 2723 4221 329 4249 322 5103 5222 6237 1155 3024 2926 3850 3080 2499 980 2282 4011 560 1435 966 1281 1078 5390 6174 1925 3619 4704 4445 1547 5215 6034 3227 1442 1967 3969 2828 1036 749 2086 4970 4151 3570 3234 1421 3815 3213 2590 3682 3787 1771 4487 3339 4452 434 5719 6391 5530 3423 1498 2793 4179 4403 3472 1967 2569 1106 2345 4732 1225 3766 3668 6020 2632 3633 6258 4284 4571 2653 3976 3318 4130 1057 1764 4277 4942 2541 4746 3080 4277 4830 5754 1890 4095 4543 3381 6818 4060 3633 4060 3542 5068 3766 3556 3514 4564 4424 2044 5264 2723 4704 4109 3199 3444 2156 5754 2233 5012 1218 238 3976 6216 1617 2247 2954 4613 4648 5691 3486 6027 1428 1169 3549 4879 2121 3045 2779 4795 2884 1190 1015 658 5705 4410 3199 4669 5306 3465 3115 5635 3808 2009 4319 3185 3815 938 4137 4109 4753 861 3899 3003 2086 3017 4837 3486 6552 4081 791 2471 2709 2716 4326 2114 3934 3353 5831 4067 5278 2149 1295 4340 3682 3654 5005 4025 3556 4844 3514 5215 5957 4298 3052 4333 3339 5313 5985 4144 2821 462 4536 4172 6356 3654 3381 1057 5061 910 798 5327 4522 4823 3108 805 4256 3129 1197 3948 5901 5880 2786 3199 4585 4389 2730 1939 2261 4858 3234 3220 4963 3451 3248 2422 4963 5999 3731 5978 5257 4634 4844 5243 3276 5383 1386 2016 4151 4711 3801 2415 4711 3696 3997 3955 700 3325 2989 1988 6398 2870 5649 4256 2051 2709 3479 2408 3437 1183 2450 3178 2520 4508 5810 4690 5684 4424 5124 2408 
6399 5778 2808 5508 1440 4383 1134 4392 3006 4095 4518 3330 4401 1080 945 918 5067 6048 2061 4572 4086 2997 3969 5535 4311 2520 4464 2331 1179 1755 3978 3672 4041 4554 5184 3024 2421 1404 3996 4995 4104 2439 4977 702 6093 1890 4617 1710 4941 1791 432 468 2529 2232 3699 1890 4716 4131 4374 5418 3798 2880 5868 6174 6381 3816 2790 2223 5508 1926 5598 3330 2034 3564 4023 4968 5886 4815 1863 2556 1782 396 1206 5157 3645 5031 1071 5472 2610 4752 855 1611 2016 4500 2385 1908 1854 5643 5112 6318 1674 603 252 2106 4167 5013 5697 2079 4059 3996 3105 3609 6903 603 1584 2079 2196 3357 2295 4842 4257 4527 4437 4482 2970 2088 1629 4311 4860 3969 2430 5013 2970 5067 1818 1611 2088 1926 1233 6714 3429 4095 4608 5184 3330 1485 2880 4806 7299 4734 2862 4842 5796 5796 4302 5355 2682 4077 2205 5076 3636 5877 1233 2745 4626 1701 6642 1908 4914 2790 4041 5517 1467 2385 4509 2421 5580 1935 3663 5346 7515 2214 4572 2547 5517 3798 2232 5121 4329 2187 549 6795 3771 3699 1773 3177 513 4527 4230 1341 1845 5409 1026 1035 4914 783 783 3537 4194 5598 5832 5697 6372 3798 1872 4779 3861 4617 3528 270 4158 3330 1809 5454 1557 3960 1800 3708 1917 3825 5049 3825 3105 4959 2781 1899 7245 3564 2439 4113 6525 4527 5661 5427 2016 3528 3051 2214 5445 1773 1143 4293 2754 2358 3438 1647 4653 4266 2133 2439 4374 2943 3285 1926 2295 4032 5427 1791 1719 4968 1854 1683 3465 1737 3753 1260 3582 3321 1908 3231 
5104 2728 4392 3104 5048 600 5080 592 6008 6120 7296 1544 3528 3568 4624 3744 2880 896 2832 4680 856 1864 1248 1368 1320 6368 7224 2424 4360 5584 5208 1904 6104 7056 3720 1872 2472 4736 3328 1160 1016 2576 5784 4960 4072 3880 1656 4552 3720 3168 4424 4552 2248 5320 3936 5288 544 6704 7488 6424 4032 1936 3160 4792 5048 4080 2472 3120 1152 2904 5480 1624 4488 4320 7056 3040 4160 7312 5120 5408 3232 4760 4016 4792 1392 2008 5104 5736 3072 5528 3744 5088 5720 6736 2376 4872 5416 3880 7960 4640 4376 4856 4264 6000 4408 4128 4032 5440 5184 2432 6200 3224 5376 4920 3848 4120 2688 6760 2776 5840 1472 496 4640 7272 2072 2800 3568 5392 5408 6672 4152 7032 1848 1304 4240 5792 2640 3672 3400 5496 3424 1464 1200 648 6712 5272 3808 5440 6072 4024 3712 6576 4376 2224 5048 3664 4528 1200 4952 4776 5584 760 4680 3592 2424 3648 5552 4208 7656 4824 1064 2808 3320 3280 5048 2640 4536 4016 6840 4704 6032 2680 1520 5136 4240 4296 5920 4672 4152 5736 4240 5992 6992 5048 3680 5104 4040 6208 7008 4936 3416 312 5408 4976 7424 4400 4088 1408 5928 880 688 6184 5192 5656 3776 936 5000 3640 1544 4736 6912 6920 3384 3672 5448 5144 3344 2336 2800 5696 3736 3792 5848 4000 3872 2992 5672 7048 4440 7008 6056 5408 5608 6088 3928 6328 1792 2528 4800 5592 4552 2832 5560 4400 4712 4744 840 3896 3640 2496 7488 3432 6648 5056 2552 3192 4008 2984 4152 1336 3008 3856 3008 5376 6824 5584 6680 5208 6064 2896 
3450 3168 1074 2940 1770 2646 1572 2670 1590 2112 2640 2004 2142 942 1422 966 2658 3696 1494 2232 2448 1866 2220 3180 2382 1698 2592 1392 1500 1110 1884 1896 2082 2574 2664 1914 1638 480 1884 2838 2352 1146 2556 816 3276 444 2508 468 2496 696 540 1116 1524 1026 1650 918 2772 2280 2664 2892 1716 1704 3186 3300 3438 1728 1992 828 3192 1386 2922 2094 612 1554 2370 2574 3126 2766 2040 1182 648 1074 1404 2622 2046 2736 798 2856 1038 2394 672 750 1218 2454 1362 702 2058 2970 3096 3402 1812 756 738 1422 1962 2532 3006 2202 1932 1998 1704 1638 3786 828 264 570 1536 2046 1692 2484 2322 2766 2136 2616 1974 1500 414 2106 2448 2208 810 2778 1740 2868 420 1338 1182 504 798 3654 1494 2232 2586 3042 2010 1812 1104 2418 4044 2340 1092 2592 3054 3240 2076 2790 1008 2280 2238 2562 1752 3570 1602 1026 2406 402 3612 1914 2916 1128 2310 2976 1212 858 2208 1740 2904 468 2166 2742 4188 1554 2502 1080 2868 1716 1368 2592 2070 1242 1044 3714 2268 1698 420 1398 786 2358 2424 624 558 3306 1332 696 2838 1266 1134 2016 2118 3306 3594 3030 3426 1854 1776 2736 1794 2286 1938 912 2364 2130 564 2856 1014 1866 1554 1830 1068 1872 2568 1740 1566 2502 1038 1428 4014 2244 840 2382 3546 2238 2970 2856 528 1908 1746 1344 2808 1116 336 2136 1320 786 1506 1866 2676 2034 1908 1668 2664 1176 1968 798 1170 1926 2820 1290 1782 2790 828 1674 1572 1980 2184 1524 2070 1500 1536 1440 
3870 2148 3192 2400 3570 258 3600 240 4374 4494 5352 954 2634 2472 3258 2604 2202 888 1908 3480 462 1188 858 1176 972 4608 5298 1620 3054 4020 3834 1356 4482 5184 2820 1194 1638 3390 2460 960 666 1782 4290 3534 3126 2772 1278 3264 2808 2214 3132 3204 1488 3846 2892 3810 438 4914 5478 4770 2970 1254 2460 3636 3834 3006 1626 2202 1026 1962 4098 1002 3228 3174 5160 2310 3174 5376 3618 3918 2268 3372 2796 3588 912 1572 3648 4278 2190 4098 2616 3654 4128 4950 1596 3510 3846 2958 5850 3540 3060 3456 3006 4326 3264 3102 3072 3858 3816 1794 4512 2364 4092 3498 2736 2958 1806 4926 1860 4326 1086 150 3444 5334 1332 1884 2520 3984 4020 4884 2994 5184 1194 1074 3042 4164 1794 2610 2358 4170 2502 1056 930 636 4884 3738 2754 4038 4608 3012 2682 4854 3318 1794 3732 2784 3282 834 3486 3570 4092 792 3294 2592 1842 2580 4200 2934 5628 3510 702 2184 2280 2340 3738 1758 3426 2874 4992 3534 4590 1794 1164 3726 3210 3162 4278 3498 3084 4146 2976 4524 5106 3708 2610 3726 2832 4578 5136 3540 2412 438 3858 3558 5460 3090 2856 900 4362 852 720 4608 3930 4152 2610 756 3672 2730 1032 3354 5064 5034 2382 2796 3912 3786 2292 1698 1914 4182 2826 2796 4260 3012 2802 2028 4314 5136 3204 5130 4554 4002 4194 4530 2814 4620 1164 1698 3606 4026 3246 2118 4044 3174 3450 3336 660 2892 2508 1656 5484 2478 4836 3642 1740 2364 3036 2028 2892 1086 2082 2670 2190 3816 4986 3984 4872 3804 4368 2088 
3696 1568 3184 1768 4864 1312 4792 1376 4912 4832 6112 1608 2088 3208 4376 3400 1480 1920 2784 3248 1256 1928 640 944 240 5488 6032 2152 4200 4736 3864 752 4832 5816 2288 2008 2480 3856 1904 512 776 1824 4376 4312 2728 2904 248 3592 2272 2424 3800 4176 2056 4296 2568 4344 904 5488 6368 5016 2648 1776 1912 3384 3640 2696 2768 2184 984 2784 4024 1904 3448 2984 5928 1608 2768 6064 5048 4320 2464 4320 3864 3336 944 728 4360 4288 2000 4120 3248 4192 4824 5456 2024 3880 5272 2480 6776 3264 4360 4208 3768 5144 3000 2672 2632 5360 3824 1016 5112 1864 4000 4288 2968 3072 2656 5736 2864 4440 208 1432 3224 6088 2320 2744 2736 4024 3992 5480 3016 5720 1664 528 3256 5072 2232 2712 2936 4088 2088 360 256 984 5672 5048 2576 4024 4672 2576 2488 5240 2952 1288 3656 2240 3344 568 5008 3320 4312 1752 4504 2408 984 2760 4128 4272 6456 3640 784 1528 3120 2240 3632 2752 3096 3016 5752 3256 4664 2656 104 4024 2808 2920 5000 3216 2728 4792 3888 4560 5904 3728 2760 3872 3592 4872 5824 4088 2544 1632 4896 4216 6184 4128 3800 1120 4608 1224 1928 4744 3768 4376 3840 536 3648 2192 960 4216 5728 5936 2536 2264 4624 3792 3336 1008 2352 4416 2296 2400 4704 2552 2664 2912 4304 6032 3304 5840 4608 4016 4152 4664 2912 5168 1528 2256 3344 4736 3736 1384 4456 3288 3408 4680 600 2464 3792 2544 6376 2200 5608 4072 1960 1768 2576 2800 4160 432 2344 3856 1680 5208 5704 5112 5568 3952 5336 1640 
2760 2860 705 2610 1815 2720 1610 2740 745 1230 1615 2215 1845 1345 1570 1345 2400 3545 1830 1680 2555 2115 2305 3025 2400 1005 1575 1730 1695 590 1215 1975 1205 1565 2265 2160 1945 260 1680 2765 2435 1450 1755 795 2760 635 2450 215 2115 1110 815 1305 1835 275 1340 280 2775 1320 1650 1970 1370 1975 2820 2670 2760 1370 2245 1110 3060 1740 2185 2305 300 1155 1400 2300 2610 1720 2060 405 1060 1195 1665 2025 2185 2580 620 2070 1190 1650 1115 260 595 1485 1695 25 2010 2515 2000 2790 1970 795 1050 820 1495 2075 2520 2155 1270 1940 845 1515 3040 845 660 525 1865 1165 1995 1675 2330 2820 1605 1595 2225 1835 845 1395 1730 1255 630 1765 1995 2770 405 940 1555 765 1245 2895 1360 2270 2565 2980 1135 1800 970 1695 3180 1920 995 1645 2510 2985 1445 2385 590 2350 2270 1975 975 3440 1730 1000 2260 785 2840 2080 1845 565 2400 2685 1585 1040 1575 2030 2340 555 1240 2160 3330 1880 2460 365 2360 1300 690 2025 1650 550 1320 2870 1325 1070 760 740 1150 1470 1440 345 925 3245 1220 560 1785 1480 1425 2180 1280 3185 3480 2155 2725 1065 2010 2705 1180 1950 2090 1040 1385 1270 950 2445 580 1215 1855 1845 1465 1075 2180 1455 725 2070 900 1775 3215 1345 500 1400 2690 1525 2205 2000 620 1005 1985 1695 2205 590 420 1975 520 475 985 1960 2675 1680 2130 1975 1655 1145 1095 100 1505 1740 2355 1660 1975 2710 1235 1915 1520 1945 1245 1375 1150 815 1060 1465 
5250 3906 3178 3934 2093 1883 2191 1869 4039 4606 5264 1183 3549 1176 1792 1260 3598 3157 448 4186 1715 875 2009 3192 2359 3906 5208 889 1512 3262 4144 2184 4578 5194 4046 819 455 2702 3220 2786 1974 1589 4879 2499 4655 2380 2758 2737 3920 1652 2086 1855 868 3381 3381 3206 2310 4858 5250 5362 3479 1029 4137 5005 5222 3521 231 1974 3087 574 5040 980 2856 3514 4935 3619 4592 5418 2107 3570 1729 2093 1239 4522 1743 3178 2737 5089 2219 4662 1477 2982 3444 5047 1029 3010 2394 4347 5782 5012 1456 2415 1806 3577 3857 4151 4445 2387 4172 2744 4165 2947 5607 2436 2184 2646 434 4487 210 4844 2401 1946 4102 5236 574 448 1960 4389 4655 4767 2849 5411 1120 2898 2597 3227 1050 2240 1260 5565 2954 2268 2534 2702 4459 2303 2877 4648 6076 3955 2800 5152 4641 3696 4228 4102 3185 2086 1946 4473 4158 3045 1785 2660 3129 2079 5558 1302 5586 3395 1939 3801 840 2226 4326 203 4606 2499 4676 4578 6160 413 2660 3437 4445 3619 3626 4445 3815 3535 1603 5817 4781 3941 2149 3717 1589 4851 5019 2786 1967 2632 2667 2667 5509 1645 1421 1582 4571 3017 2933 5383 5271 4270 924 2541 3990 3717 1743 2163 4949 4515 1911 4158 3108 4109 616 2492 1106 4298 3983 3374 4025 4067 2863 525 5887 4683 3017 4963 5719 4501 5124 5222 2485 4417 1246 854 4662 3276 2478 3143 3738 2954 3654 1785 2401 3654 805 392 5250 2681 4410 3115 1337 3171 4298 686 1253 2842 1477 1008 2737 2366 4718 2765 4578 3836 3451 2520 
4470 4010 2475 3900 145 2925 295 2920 2400 3100 3155 2355 3335 1190 460 1070 3650 3855 1525 3460 2780 2135 2845 3735 3065 1880 3135 1860 575 1625 3110 2775 3065 3240 3765 2120 1750 1650 3105 3430 2880 2105 3660 1115 4265 1965 3285 1850 3635 1810 1155 675 1940 2045 2970 1830 3185 3020 2995 3880 3025 2140 4090 4340 4460 3040 1795 2085 3690 1495 4025 2280 2040 2895 2860 3610 4160 3370 230 2235 1825 720 790 3785 2650 3550 1325 3950 2310 3540 1235 1700 1770 3265 1925 1930 115 4020 3420 4410 610 1110 995 1710 3235 3695 4055 245 3155 3035 2425 2885 4750 1065 1790 2075 1615 2435 1565 3580 3060 2985 3380 3135 2010 1550 1790 3290 3605 2915 2270 3555 2205 3490 1930 1335 1790 1970 1380 4650 2800 2965 3225 3460 2430 115 2515 3575 4970 3535 2500 3510 4120 3965 3305 3855 2400 2905 520 3740 2880 3770 375 2430 3375 1840 4610 765 3360 2450 2845 3880 1245 2205 3420 1650 4010 1990 2650 3885 5095 1620 3245 2270 3965 3030 1860 3760 3320 1900 800 4695 2685 2955 1885 2645 1025 3360 3025 1570 1895 3480 790 1360 3415 620 820 2560 3180 3695 3710 4060 4455 2965 985 3280 3050 3460 2605 870 2995 2340 1870 3910 1530 3100 1205 2860 1720 2980 3695 3035 2505 3660 2460 1430 4940 2485 2265 2940 4545 3415 4060 3905 2040 2690 2275 1790 3945 1635 1530 3235 2335 2220 2825 375 3195 3280 1115 1735 2995 2530 2415 1910 1975 3115 3910 1460 750 3440 1795 910 2790 65 2725 710 2640 2725 1420 2650 
6392 5520 3320 5368 664 3800 696 3800 3584 4560 4904 2872 4528 1008 248 824 4976 5296 1560 4840 3560 2528 3640 5072 4000 3024 4856 2064 136 2424 4400 3536 4512 4960 5208 2520 1928 2160 4152 4576 3704 2472 5296 1480 6000 2432 4352 2408 5008 2048 1280 528 2208 2904 4008 2592 4200 4584 4744 5712 4104 2528 5664 6168 6376 4128 2064 2504 5000 1496 5784 2776 2680 3952 4456 4912 5840 5192 896 3192 2080 800 392 5336 3328 4776 1832 5704 2864 5080 1144 2352 2656 4920 2176 2608 1072 5600 5408 6264 576 1424 920 2688 4472 5128 5672 1184 4472 3976 3664 3800 6840 1384 2136 2648 1704 3832 1664 5184 3984 3904 4720 4872 2368 1600 2080 4696 5160 4440 2968 5376 2632 4672 2448 2152 1960 2400 1328 6696 3680 3832 4248 4640 3816 872 3288 5120 7232 4880 3248 5216 5800 5440 4664 5336 3232 3736 1088 5272 4144 5152 312 3120 4512 2184 6648 792 5256 3368 3648 5328 1096 2712 4832 1800 5648 2504 4128 5480 7408 1720 4280 3176 5552 4144 2840 5288 4568 2832 496 6816 4216 4152 2256 3712 856 4936 4656 2112 2232 4704 1352 1832 5272 216 432 3192 4632 5016 5072 5928 6376 4280 904 4344 4280 4728 3256 1000 4600 3768 2184 5416 2248 4376 1096 3688 1848 4304 5096 4088 3680 5072 3216 1400 7144 3984 3016 4552 6608 4880 5848 5696 2560 4048 2736 1952 5576 2440 1920 4312 3368 2936 3896 600 4208 4480 1144 1904 4744 3264 3776 2632 2264 4160 5448 1440 648 4592 2000 736 3632 1008 4224 1400 4072 3848 2368 3392 
2448 1089 2943 621 6147 3168 5967 3240 4914 4410 5994 3231 954 4302 5571 4500 225 3636 4194 2241 3069 3501 2277 2160 1926 5895 5913 3447 5490 5157 3222 1746 4428 5580 873 3618 3960 4221 1089 2052 2511 2682 3537 5022 1449 3168 1449 3834 909 3141 4554 5229 3429 4419 1863 4608 2718 5274 6408 4248 1890 3231 990 2106 2394 1935 4419 2664 2376 4131 2934 3591 3555 2367 5913 117 1431 5832 6453 4320 3123 5283 5157 2169 2493 1125 4932 3294 2268 3285 4176 4527 5175 5112 3267 4050 6615 1107 6732 1998 5796 4923 4671 5571 2097 1377 1260 6768 3141 1008 5130 1377 2817 5031 3384 3195 4086 5895 4374 3663 1764 3321 2259 5976 3969 4158 3258 3303 3078 5328 2961 5292 3123 1917 3474 5697 3384 3033 3942 2898 1647 1872 1971 2682 5823 6300 2349 3132 3555 1359 2304 4707 1620 1521 2844 819 3159 2232 6534 2169 3906 3474 5787 2322 603 3213 2943 5778 6345 3429 2502 747 4374 2511 2745 4284 1791 3222 5805 2025 3564 4104 1611 3978 1458 2187 5328 2034 1710 5058 4968 3429 5985 3159 3159 3546 4563 4320 5697 4509 3042 3474 5787 4770 5958 5292 4950 2691 4086 2781 3726 3825 2538 3924 5337 2259 3006 945 2394 5094 5589 6201 3078 855 5094 3141 4761 1341 3447 3969 909 1629 4608 1242 2475 4284 3159 6246 3231 5769 3510 3213 3078 3789 3096 5058 2961 3537 2115 5157 4203 585 4410 3249 2889 6075 2376 1440 5355 4041 6417 2061 5751 4266 2979 963 1197 4095 5616 1845 3186 5301 1431 6516 5706 6066 5580 3582 5958 1647 
4158 4860 2196 4488 3168 4944 2898 4974 870 1458 702 4338 3522 3138 3042 3090 4284 5922 3786 2946 4752 4206 4434 5232 4524 942 702 3738 3276 1374 2154 4014 1428 984 3942 4260 3960 1860 3408 4944 4596 3420 2484 2076 4458 2430 4536 1938 3768 3012 2370 2778 3870 1356 2892 1422 4998 894 396 2406 2886 4044 4728 4140 4176 2862 4290 3006 5292 3678 3228 4440 1980 2562 372 4140 4242 1044 3456 1308 2952 2574 3342 3312 4302 4638 1830 2952 3072 2490 2880 1602 1200 1242 3708 1692 3276 4200 906 4344 3594 2136 2640 1158 2856 3600 4164 3462 2232 3882 720 3282 4458 2142 2478 2262 3846 300 3972 2334 4434 5070 2868 678 4308 3792 2694 2244 2658 768 2286 1506 4074 4938 2160 1596 3528 2592 3090 4212 3084 4368 4710 5232 330 3060 2646 2598 4416 3456 2700 1722 4056 5088 2502 4098 2058 4488 3786 3258 1614 5796 3204 2748 4212 2622 4116 3774 870 1854 4554 4632 3432 2898 2652 4032 3792 2334 270 3510 4656 3864 4566 1530 3906 2712 1050 3354 3114 1116 2910 3990 162 2106 2592 1776 2814 1752 666 1758 2790 5568 2250 1872 1050 3024 3072 4302 1716 5460 5850 2844 4080 1656 3792 4896 2244 3600 4188 2430 690 402 2820 4164 1506 2190 3720 3804 3414 1638 3834 3048 1062 3630 2568 3696 4608 234 2070 534 3702 2400 3204 2658 2400 792 4068 3684 3534 1362 2040 3834 1212 2082 2220 3462 4866 3234 3966 3990 396 2910 372 1566 3486 3504 3972 3582 3660 4860 3156 3666 3348 3204 372 2346 420 1758 1494 3330 
3770 1530 3380 1510 6190 2470 6040 2560 5590 5330 6990 2570 1740 4100 5560 4340 1060 3200 3800 3210 2350 2910 1470 1720 1090 6470 6900 2970 5400 5570 4060 990 5330 6590 2000 3030 3490 4480 1570 1390 1730 2270 4630 5210 2640 3260 640 4090 1970 2920 4620 5230 2900 4900 2440 5020 2010 6200 7360 5440 2530 2640 1800 3390 3710 2590 3950 2490 1880 3760 4160 2980 3860 2990 6810 1180 2650 6890 6480 4870 2940 5350 5010 3300 1730 700 5190 4500 2140 4330 4050 4870 5640 6110 2780 4410 6710 2290 7830 3270 5680 5090 4660 6070 2930 2460 2460 6850 4000 570 5840 1610 4180 5200 3420 3400 3660 6650 3960 4730 910 2640 3190 6970 3430 3760 3200 4240 4150 6220 3260 6400 2510 1300 3680 6070 2970 3060 3720 4260 1930 1030 1190 2060 6580 6390 2630 4190 5000 2350 2540 5780 2850 1540 3760 1970 3610 1430 6510 3280 4700 3000 5760 2480 390 3190 4310 5620 7410 3960 1720 1330 4100 2440 3720 3850 3000 3370 6630 3190 5010 3670 790 4490 2650 2880 5840 3140 2560 5560 4900 4830 6830 3930 3160 4190 4490 5330 6640 4790 2950 2910 6010 5010 7030 5240 4840 1960 5020 2280 3250 5070 3860 4760 5100 1540 3810 1860 1650 5180 6520 6940 2960 2010 5460 3980 4470 810 3070 4810 2000 2210 5300 2310 2760 3930 4570 7040 3600 6690 4880 4200 4320 4980 3230 5860 2330 3080 3300 5570 4390 870 5020 3600 3550 6030 1630 2230 5090 3570 7370 2190 6490 4660 2550 1390 2370 3740 5460 1190 2900 5090 1460 6610 6550 6300 6390 4280 6390 1530 
855 3591 4437 3060 8613 6462 8325 6534 5715 4500 5994 6462 3042 6975 8055 7137 3321 6678 7173 2646 6354 6687 5562 5184 5211 7083 5922 6471 8100 6651 3618 4968 4545 5454 2466 6804 7029 6021 3474 5247 5796 5589 2961 7020 1980 5292 4716 5607 2574 5787 6768 7623 6498 5706 3492 6057 5976 5382 6606 3258 3384 6381 3078 1188 909 3366 7551 5265 5436 7074 1845 6822 5256 3636 6201 3177 1863 5589 8991 5436 5724 7560 7839 2034 5751 4284 6768 2268 4869 2970 6714 6138 6543 4950 6291 5616 9045 2187 6552 1323 8496 6966 7038 6930 3015 2286 2025 9261 3501 4176 5886 3843 504 7074 5616 5112 7101 6597 7407 3186 5058 6606 2781 5994 7146 7146 5661 3384 2727 5553 4761 4788 6291 5085 5391 7344 6318 5301 6615 468 3897 5166 5229 5859 6525 8676 4311 2817 315 2547 4347 4248 1674 4248 3114 2466 4617 5526 9216 2115 4383 6543 8316 4491 3888 5544 549 8559 6165 4662 5787 3420 7191 4977 2871 7344 1683 5247 6300 1836 324 7119 4878 5175 1899 3384 6579 2061 2862 6327 7461 792 6444 3816 5463 4455 7038 4077 5814 6264 5508 6660 7821 6633 5679 7803 7524 5940 4122 5859 6849 2538 837 4275 8190 5499 3591 2826 5634 7308 5733 6984 5571 2430 6687 3591 7659 4464 6318 4293 2511 3402 5355 2385 4401 7218 315 6903 4833 5967 1251 3132 1881 2772 5157 5544 6138 6534 1737 6651 6165 3636 5391 4905 3897 8685 5634 2979 8271 7110 6615 4347 6462 5760 5913 3528 2124 6993 8370 5040 5922 8109 4095 8928 6129 8109 6084 4374 7506 4383 
2272 1272 2296 872 5160 2760 4992 2824 4056 3664 5056 2704 632 3536 4648 3712 520 3320 3480 1816 2640 2928 1920 2056 1664 4912 4984 2824 4584 4256 2616 1376 3680 4696 840 3024 3296 3424 664 1880 2152 2112 2968 4136 1512 2480 1296 3080 784 2488 3728 4336 2816 3600 1368 3768 2408 4416 5408 3608 1408 2672 1208 1968 2224 1448 3728 2056 2224 3416 2528 3032 2832 1824 4968 384 1432 4928 5440 3528 2472 4384 4296 1840 2072 1128 4056 2816 1704 2728 3408 3696 4272 4288 2664 3280 5576 1152 5720 1928 4864 4056 3840 4632 1640 1168 1272 5720 2552 680 4256 896 2632 4144 2688 2512 3392 4936 3656 3064 1512 2904 1816 5040 3336 3448 2576 2712 2568 4456 2304 4472 2584 1784 2760 4736 2744 2368 3208 2664 1136 1576 1752 2432 4872 5288 1768 2616 3256 1080 1720 3960 1536 1600 2312 880 2496 1904 5528 1832 3200 3168 4848 1736 552 2528 2680 4864 5368 2744 2136 976 3616 1912 2248 3584 1616 2536 4864 1752 3288 3408 1432 3216 1352 1680 4408 1720 1312 4176 4112 3080 5024 2544 2488 2856 3752 3616 4792 3680 2384 3120 4824 3912 5040 4400 4104 2240 3392 2576 3384 3272 2328 3224 4480 2024 2416 696 1976 4208 4688 5200 2416 936 4200 2544 3976 960 2792 3264 816 1160 3792 1048 1880 3552 2952 5248 2552 4848 3112 2656 2664 3224 2424 4208 2440 2896 1848 4256 3408 224 3616 2568 2288 5104 2104 1056 4504 3368 5416 1504 4800 3464 2384 536 1144 3376 4712 1712 2536 4440 944 5488 4776 5072 4664 2904 4968 1152 
1290 1900 3910 1260 8100 5050 7850 5130 5870 4910 6720 5150 1710 6120 7470 6330 1560 5300 6140 2300 4960 5440 4090 3630 3670 7200 6630 5320 7430 6500 3620 3500 4950 6180 840 5570 5920 5590 2170 3680 4340 4410 3500 6600 220 4540 3100 5120 1110 4790 6180 7030 5320 5540 2630 5850 4500 5940 7290 4180 2570 5130 1340 910 1210 2580 6450 4220 3910 6060 2430 5560 4760 3050 6770 1430 140 6420 8480 5340 4750 7040 7090 1810 4330 2610 6420 2960 3770 3310 5920 5840 6460 5610 5120 5270 8610 350 7480 670 7810 6520 6390 6910 2460 1210 270 8810 3500 2640 6100 2600 1590 6640 4850 4450 6030 6950 6370 3710 3510 5200 2420 6710 5960 6100 4800 3550 3020 6060 4110 5660 5020 3510 4780 7200 5210 4460 5710 1770 2790 3640 3680 4370 6870 8230 3470 3120 2470 1480 3460 4990 540 2630 3060 700 4150 4040 8630 1870 4510 5150 7730 3560 2220 4710 1860 7830 7030 4350 4330 1660 6270 3970 2850 6280 1000 4550 6750 1490 2420 6050 3290 4980 690 2770 6580 1690 2050 6280 6790 2470 6940 3690 4630 4310 6320 4640 6440 5900 4580 5260 7500 6250 6540 7160 6810 4550 4500 4380 5470 3520 1430 4470 7360 3970 3460 1470 4230 6800 6320 7350 4640 620 6480 3550 6740 3000 5250 4500 990 2420 5480 1180 3600 6220 1960 7340 4320 6560 2710 3350 2580 3600 4420 5880 4840 5410 1520 6500 5650 2070 5380 4370 3560 8080 4120 1960 7410 6000 7300 3320 6790 5470 4760 2150 600 5990 7640 3450 4890 7300 2810 8490 6600 7820 6500 4290 7450 3120 
3927 3962 1036 3626 2387 3661 2107 3696 1218 1897 2436 2940 2583 1694 2037 1701 3325 4837 2380 2422 3430 2800 3101 4144 3248 1484 2387 2254 2205 854 1827 2660 1862 2373 3178 2856 2548 210 2331 3766 3276 1883 2590 994 3878 777 3339 175 2975 1400 973 1666 2401 560 1897 483 3759 2030 2471 2912 1946 2604 3920 3787 3920 1946 2961 1428 4179 2254 3157 3066 406 1666 2128 3192 3675 2597 2730 749 1330 1526 2149 2905 2926 3542 777 3017 1568 2436 1379 364 903 2261 2212 196 2674 3535 2975 3948 2583 973 1295 1197 2149 2933 3549 2877 1897 2646 1351 2086 4319 1050 777 672 2436 1778 2611 2485 3157 3801 2317 2415 2940 2387 1029 2079 2534 1939 868 2653 2632 3780 469 1295 2009 952 1561 4123 1876 3073 3479 4053 1736 2380 1337 2492 4536 2716 1365 2471 3549 4116 2128 3339 889 3171 3017 2835 1526 4690 2261 1351 3101 952 4053 2737 2765 903 3227 3717 2030 1358 2303 2667 3325 686 1897 3087 4739 2457 3346 679 3339 1869 1057 2898 2352 875 1673 4109 2016 1617 924 1176 1428 2226 2191 392 1155 4410 1603 672 2681 1904 1820 2912 1960 4340 4739 3150 3878 1652 2632 3675 1757 2730 2793 1309 2121 1904 1183 3423 805 1820 2415 2499 1876 1673 3059 2044 1204 2919 1239 2303 4564 2023 728 2142 3871 2254 3192 2940 777 1589 2632 2198 3150 854 413 2723 917 686 1463 2583 3626 2373 2800 2590 2478 1554 1680 294 1953 2408 3318 2142 2583 3696 1568 2499 2072 2583 1911 1827 1778 1288 1484 1974 
6336 5936 3056 5672 1024 4672 664 4680 2752 3888 3960 3728 4632 1704 920 1536 5288 6160 2520 4656 4416 3424 4344 5736 4648 1952 3928 2848 1280 1504 3992 4080 3840 4088 5328 3440 2872 1664 4288 5248 4456 2984 4856 768 6144 2368 4920 2016 5104 2408 1064 752 3024 2216 3952 1864 4992 3744 3728 5168 4032 3336 5992 6152 6328 4040 3120 2768 5704 2416 5520 3704 2336 3768 3496 5184 5944 4304 1416 2520 2392 504 1496 5192 4048 5280 1064 5360 3096 4688 1568 1672 1744 4136 2912 2080 1224 5744 4400 6304 1640 808 1040 1664 4320 5144 5784 1472 4080 4352 2792 3952 6784 712 2120 2472 2656 2824 2688 4720 4600 4800 4528 3928 3352 2552 2216 4280 4808 3576 2776 4600 3432 5320 2216 1064 2656 2440 1896 6592 3768 4456 4912 5408 2816 904 3240 4760 7080 4888 3232 4544 5840 5960 4344 5496 2912 4432 1848 5120 3568 6008 1096 3144 4904 2264 6520 1904 4296 2944 4392 5696 1992 2888 4536 2816 5624 2368 3160 5384 7296 2672 4880 2600 5592 3992 1888 5176 4504 1944 1056 6608 3224 3760 2312 3232 1240 4312 3752 1488 2416 5584 208 1144 4368 1008 1248 3952 4040 5776 5968 5496 6296 3704 2056 5056 3920 4824 3944 592 3704 2704 2392 5584 1360 3984 2168 4104 2504 3720 5208 4088 2928 5104 3136 2368 7080 2928 2712 3616 6336 4488 5560 5248 2464 3208 3504 2744 5464 1520 1520 4592 2664 2648 3584 1424 4944 4480 2296 2872 3728 3344 2792 2024 2856 4336 5536 2320 1784 5232 2464 1888 3848 1120 3272 304 3136 3352 1248 3648 
4896 3048 3288 3168 3648 848 3648 864 4744 5040 6088 120 3024 2112 3200 2296 2816 2336 1440 4000 584 472 840 2176 1248 4976 6024 968 2960 4192 4264 1240 5024 5896 3464 536 1088 3368 2704 1704 784 1280 4984 3528 4064 2608 1720 3232 3376 1800 2984 3104 800 4016 3120 3936 1216 5528 6216 5600 3232 480 3360 4600 4848 3280 1280 1872 2064 1488 4920 424 3224 3416 5800 2880 4048 6160 3752 4144 1880 3312 2616 4264 568 2208 3680 5080 1952 4720 2296 3720 4344 5624 936 3560 4032 3760 6736 4544 3024 3416 2816 4600 3656 3704 3888 4072 4264 1944 4920 2472 5256 3472 2520 2880 1296 5440 1440 4992 1320 984 3928 6064 832 1400 2224 4504 4656 5472 2984 5976 408 1832 2952 4360 1200 2392 1952 5280 2584 1176 1424 1656 5392 3856 2768 4664 5872 3536 2672 5576 4168 2760 4216 3488 3384 920 3648 4224 4504 2184 3280 2520 2264 2320 5296 2896 6456 3672 744 2976 1896 2104 4272 1320 4208 2752 5560 4256 5920 1288 1592 3904 3968 3456 4544 4152 3504 4376 2792 5656 5704 4064 2368 4000 2592 5216 5800 3552 2104 1760 3960 3560 6272 2968 2648 384 4904 2032 2144 5480 4944 4600 2456 1432 4064 3192 648 3288 5704 5560 2056 3536 4048 4208 1984 1696 1360 4640 3424 3040 4624 3592 2800 1592 5576 5712 3248 5776 5624 4568 5032 5336 2680 5104 392 1080 4360 4200 3160 2424 4312 3200 3720 3376 1272 3272 2368 1128 6216 2424 5328 3736 1168 2600 3768 1544 2808 1776 1616 2504 2216 3984 5560 4136 5408 4112 4632 2008 
6580 5852 3808 5726 504 4221 770 4214 3724 4697 4767 3437 4970 1911 931 1750 5376 5509 2275 5180 4025 3129 4165 5411 4487 2968 4739 2786 994 2632 4704 4109 4655 4893 5572 3101 2583 2667 4641 4984 4200 3192 5481 1925 6265 3080 4816 2940 5390 2814 1960 1267 2891 3227 4480 2919 4606 4585 4529 5789 4564 3164 5985 6391 6566 4578 2583 3206 5334 2254 5978 3311 3206 4396 4347 5327 6125 5075 252 3493 2835 1358 1281 5628 3892 5194 2212 5880 3521 5313 2016 2744 2835 4928 2898 3059 245 5922 5124 6482 903 1918 1722 2744 4865 5488 5978 35 4774 4508 3752 4340 6972 1848 2828 3241 2401 3745 2303 5369 4487 4298 5075 4739 2919 2310 2807 4963 5397 4438 3521 5341 3255 5075 3038 2212 2723 3073 2191 6832 4221 4354 4704 4991 3745 518 3843 5355 7294 5264 3815 5271 6076 5768 4970 5684 3710 4249 525 5565 4389 5397 749 3717 4977 2891 6783 1071 5047 3780 4151 5684 1932 3381 5131 2422 5929 3122 4053 5768 7455 2408 4746 3535 5866 4578 2961 5593 4977 3017 1407 6909 4102 4494 2954 4060 1736 5061 4585 2555 2954 4984 1456 2268 5131 1141 1400 3759 4816 5320 5292 6041 6559 4515 1435 4767 4620 5145 3836 1575 4550 3612 2912 5761 2499 4690 1806 4256 2632 4529 5467 4564 3871 5432 3773 2149 7238 3815 3521 4466 6706 5131 6034 5824 3185 4123 3360 2688 5845 2646 2492 4802 3626 3458 4305 581 4641 4907 1582 2555 4529 3850 3724 3031 2996 4655 5782 2219 1099 5005 2779 1358 4200 329 4165 1330 4046 4172 2324 3990 
2875 3215 980 2930 2120 3220 1900 3245 245 930 1115 2720 2135 1820 1925 1805 2740 4030 2330 1795 3055 2625 2790 3470 2865 730 1080 2240 2085 585 1195 2440 900 1100 2525 2675 2455 710 2005 3220 2925 1950 1655 1085 2990 1120 2885 725 2375 1620 1230 1670 2350 230 1605 380 3260 865 1140 1770 1615 2485 3135 2815 2875 1605 2745 1600 3510 2240 2190 2820 745 1360 890 2630 2825 1250 2370 215 1570 1530 2085 2130 2680 2990 870 2020 1655 1590 1595 535 465 1080 2205 515 2280 2760 1490 2960 2360 1115 1470 655 1660 2280 2745 2430 1260 2355 335 1875 3145 1145 1170 980 2370 685 2490 1550 2790 3320 1720 1095 2735 2335 1355 1340 1705 780 1015 1370 2505 3220 900 960 2065 1255 1745 2970 1715 2740 3025 3455 650 2070 1330 1660 3210 2140 1370 1330 2695 3380 1475 2650 855 2835 2610 2080 805 3925 2080 1400 2645 1290 2905 2490 1345 715 2885 3030 2065 1510 1610 2530 2495 1040 730 2285 3385 2385 2910 405 2555 1500 455 2150 1855 330 1730 2875 820 1090 1260 745 1590 1210 945 685 1430 3735 1415 855 1305 1865 1845 2680 1060 3650 3965 2035 2820 880 2450 3175 1215 2215 2585 1380 895 830 1455 2710 660 1210 2325 2280 1975 885 2435 1735 320 2290 1265 2265 3295 875 840 895 2665 1480 2195 1875 1095 530 2495 2205 2320 575 875 2340 210 845 1105 2310 3150 1925 2580 2480 1140 1540 605 420 2015 2080 2580 2155 2385 3155 1745 2350 1915 2210 735 1550 635 775 1005 1885 
530 2700 3840 2020 8300 5720 8010 5800 5600 4480 6270 5710 1960 6400 7670 6590 2250 6080 6550 1970 5600 5960 4710 4400 4330 7020 6180 5750 7680 6410 3270 4040 4530 5710 1260 6090 6360 5590 2440 4420 4980 4790 2940 6650 950 4640 3790 5120 1410 5070 6300 7210 5770 5400 2640 5750 5200 5510 6880 3550 2550 5630 2140 140 460 2540 6930 4490 4670 6440 1760 6110 4730 2940 6380 2070 680 5920 8700 5150 5010 7180 7370 1340 4920 3350 6420 2300 4040 2800 6150 5780 6330 5130 5550 5200 8790 1000 7000 380 8100 6580 6560 6780 2270 1170 810 9010 3140 3170 5820 2870 990 6700 4980 4490 6450 6660 6790 3170 4150 5880 2120 6260 6470 6510 4990 3120 2500 5650 4120 5110 5530 4250 4820 7140 5600 4610 5990 1020 2980 4270 4370 5110 6580 8400 3540 2600 1750 1490 3560 4450 390 3420 2690 1280 4060 4670 8910 1430 4170 5910 7950 3700 2860 4870 1090 8150 6550 4200 4960 2440 6600 4190 2440 6720 570 4620 6410 1010 1790 6470 3980 4810 660 2640 6420 1270 1960 6120 7000 1680 6590 3400 4790 4070 6530 4140 6010 5880 4800 6000 7550 6260 6040 7380 7040 5130 4050 5140 6230 2830 640 4100 7710 4680 3150 1710 4790 6910 5900 7070 4860 1260 6420 3210 7110 3500 5610 4130 1320 2490 5200 1250 3660 6610 1390 7030 4270 6150 1910 2890 1890 2950 4510 5540 5360 5820 970 6410 5690 2570 5150 4340 3360 8330 4820 2000 7790 6450 6890 3500 6500 5390 5150 2480 890 6360 7940 4190 5200 7630 3140 8670 6240 7870 6160 4020 7360 3450 
5067 3033 3411 3132 4284 1035 4257 1080 5139 5382 6624 540 2970 2475 3762 2691 2727 2601 1863 4095 747 873 585 2178 1035 5499 6543 1206 3519 4626 4455 954 5364 6381 3456 972 1503 3663 2619 1629 639 1242 5238 3951 4140 2736 1548 3465 3357 1899 3357 3600 1053 4347 3132 4293 1242 5967 6795 5931 3249 711 3366 4734 5022 3303 1818 1881 2088 1881 5121 909 3420 3483 6318 2799 4113 6669 4446 4455 1980 3807 3132 4374 234 2088 4086 5310 1899 4941 2619 4068 4779 6057 1098 3834 4734 3789 7362 4671 3654 3834 3213 5085 3726 3735 3933 4806 4446 1746 5346 2376 5481 3906 2673 3015 1710 5958 1926 5256 1089 1215 4023 6597 1323 1818 2358 4716 4851 5922 3087 6426 585 1755 3132 4878 1386 2493 2241 5499 2520 918 1278 1710 5904 4509 2790 4869 6174 3546 2682 5958 4248 2745 4374 3483 3528 693 4365 4329 4770 2421 3870 2520 2115 2448 5517 3537 7029 3870 576 2925 2295 2097 4428 1791 4293 2889 6066 4365 6219 1710 1413 4176 4023 3519 4995 4257 3537 4797 3258 5931 6228 4248 2484 4212 2979 5544 6291 3897 2187 1998 4509 3942 6795 3492 3123 72 5211 2124 2430 5778 5130 4878 3042 1350 4221 3159 288 3735 6192 6129 2151 3537 4473 4392 2484 1476 1548 4914 3420 3024 4977 3609 2844 2016 5832 6273 3402 6273 5904 4770 5256 5625 2799 5517 450 1332 4473 4635 3465 2286 4644 3357 3852 4023 1206 3267 2970 1566 6804 2394 5832 4041 1215 2502 3798 1917 3420 1674 1728 3078 2088 4662 6057 4725 5886 4338 5184 1881 
2358 2007 2052 1458 5625 3537 5391 3609 3996 3501 5076 3312 162 3861 5049 4041 1152 4320 3960 1449 3366 3492 2565 2934 2349 5031 4986 3249 5022 4329 2313 1863 3510 4662 909 3609 3807 3438 279 2691 2844 2376 2736 4311 1809 2439 2016 3033 675 2655 3906 4662 3285 3537 945 3762 3213 4347 5481 3456 963 3186 1827 2052 2313 1008 4338 2133 3105 3870 2349 3672 2727 1440 4986 927 1620 4923 5967 3420 2610 4671 4734 1584 2664 1890 4176 2619 1728 2457 3663 3708 4329 4203 3069 3213 6075 1359 5814 2106 5382 4221 4086 4734 1224 945 1431 6264 2241 1107 4221 675 2817 4338 2709 2403 3879 4986 4185 2835 2169 3708 1431 5058 3942 3933 2646 2421 2286 4401 2133 4401 3105 2601 2691 4905 3105 2358 3492 2763 855 2214 2493 3303 4914 5733 1521 2331 3420 738 1494 3825 1593 2430 1971 1080 2277 2565 6120 1548 2988 4149 5292 1557 1224 2565 2754 5409 5418 2529 2808 1665 4014 1899 1917 4131 1530 2466 4887 1548 3528 3897 2151 3078 1332 1260 4464 1458 864 4194 4437 3132 5058 2241 2502 2619 4023 3438 4770 3726 2457 4050 5103 4014 5049 4779 4464 2835 3186 3483 4365 3123 2385 3006 5013 2817 2097 387 2520 4455 4662 5301 2502 1179 4284 2232 4464 1323 3114 3042 774 702 3681 828 1647 4014 3177 5337 2376 4842 3087 2367 2484 3042 2349 4131 2961 3312 1665 4329 3465 648 3501 2403 1962 5616 2880 567 5076 3888 5490 1332 4833 3420 2700 306 1179 3798 5229 2502 2754 4941 891 5976 4788 5391 4662 2664 5157 1179 
5912 5800 2608 5472 1760 4896 1400 4912 2040 3216 3224 3976 4336 2024 1584 1896 5104 6360 2904 4192 4632 3704 4440 5776 4704 1240 3192 3088 1912 792 3424 4080 3160 3360 5032 3736 3216 1208 4016 5312 4592 3024 4264 528 5832 2104 4904 1584 4800 2408 1064 1280 3264 1568 3584 1216 5144 3016 3000 4528 3648 3568 5800 5760 5912 3648 3552 2672 5776 2776 5000 4000 1888 3328 2760 4976 5616 3568 2152 1872 2368 984 2056 4744 4184 5216 544 4800 2960 4112 1760 1088 1016 3416 3112 1544 1952 5440 3672 5936 2320 632 1272 928 3880 4776 5464 2200 3520 4240 2064 3712 6360 576 1928 2120 3016 2088 3112 4112 4632 5040 4064 3192 3704 2928 2112 3704 4256 2848 2392 3888 3640 5360 1856 368 2848 2232 2104 6136 3496 4504 4976 5536 2080 1640 2904 4200 6600 4528 2920 3856 5480 5896 3816 5208 2440 4536 2584 4664 2936 6200 1800 2872 4784 2112 6056 2568 3560 2408 4536 5536 2376 2720 4024 3224 5224 2064 2424 4952 6832 3040 4888 2008 5232 3568 1152 4736 4112 1224 1512 6096 2488 3208 2136 2656 1520 3648 3008 976 2304 5800 552 680 3632 1592 1728 4104 3392 5896 6184 4896 5856 3072 2656 5152 3384 4520 4056 856 2968 1992 2304 5304 664 3432 2664 4016 2688 3080 4896 3744 2232 4752 2800 2760 6640 2216 2264 2880 5800 3920 5032 4640 2176 2488 3688 2992 5024 808 1176 4408 2000 2208 3080 2136 5056 4120 2888 3232 3000 3096 2056 1440 2960 4088 5200 2656 2432 5264 2520 2480 3648 1848 2536 752 2400 2760 616 3488 
1225 745 1525 425 3415 1905 3300 1945 2605 2300 3185 1895 380 2400 3095 2510 280 2190 2385 1075 1835 2035 1390 1380 1210 3180 3135 1970 3060 2780 1630 1065 2305 2945 330 2100 2265 2275 510 1310 1530 1525 1790 2740 735 1700 960 2050 335 1745 2495 2890 1970 2350 905 2470 1665 2780 3420 2185 910 1875 630 1035 1195 930 2535 1465 1495 2340 1455 2100 1890 1180 3145 145 690 3085 3590 2285 1730 2915 2885 1030 1495 800 2680 1655 1245 1650 2315 2430 2785 2685 1870 2165 3670 515 3590 995 3240 2690 2575 3010 1005 590 590 3765 1585 630 2730 695 1445 2750 1840 1700 2330 3155 2490 1860 1120 1990 1085 3175 2295 2365 1785 1670 1535 2815 1560 2775 1820 1235 1860 3095 1920 1640 2200 1470 835 1170 1250 1655 3115 3490 1220 1570 1840 580 1200 2450 765 1015 1415 340 1650 1375 3655 1030 2025 2100 3215 1220 485 1750 1490 3240 3370 1790 1520 555 2460 1365 1355 2450 835 1725 3095 950 1855 2335 1050 2095 655 1065 2860 950 785 2710 2755 1750 3195 1610 1720 1835 2525 2240 3020 2435 1665 2095 3175 2590 3155 2940 2755 1600 2115 1720 2240 1945 1265 2030 3000 1415 1515 355 1435 2800 2960 3330 1690 380 2750 1590 2690 805 1945 2055 335 770 2430 515 1290 2425 1640 3350 1700 3065 1785 1620 1535 1925 1655 2675 1735 2015 1005 2780 2280 345 2330 1715 1470 3385 1475 640 3020 2310 3425 1080 3070 2280 1695 455 520 2315 3145 1195 1780 2975 765 3615 3035 3335 2970 1855 3235 900 
6419 5628 3689 5509 434 3948 749 3941 3717 4655 4795 3171 4788 1694 784 1540 5166 5236 2016 5040 3759 2856 3906 5152 4235 3031 4767 2534 770 2639 4613 3878 4613 4900 5383 2828 2317 2597 4459 4725 3934 2968 5390 1883 6069 2933 4571 2849 5208 2611 1855 1148 2632 3185 4326 2891 4340 4585 4585 5726 4410 2905 5768 6223 6398 4431 2310 3017 5075 1995 5859 3038 3101 4256 4389 5117 5936 5089 91 3451 2646 1281 1043 5488 3633 4956 2184 5768 3332 5215 1827 2695 2842 4914 2646 2989 406 5726 5180 6307 630 1862 1582 2786 4725 5313 5789 308 4676 4284 3759 4151 6804 1806 2681 3115 2135 3801 2030 5285 4242 4025 4935 4774 2646 2051 2639 4865 5292 4445 3388 5327 2996 4823 2919 2261 2478 2919 1981 6678 4046 4102 4445 4725 3794 560 3689 5257 7147 5096 3661 5236 5901 5530 4858 5495 3598 3990 315 5425 4333 5124 574 3549 4753 2730 6629 791 5089 3689 3892 5460 1687 3199 5019 2149 5768 2989 4095 5614 7301 2142 4501 3472 5684 4438 2982 5446 4816 3017 1239 6776 4151 4396 2793 3983 1568 5012 4606 2506 2772 4711 1498 2219 5152 973 1204 3500 4753 5054 5019 5950 6398 4452 1155 4508 4515 4963 3584 1498 4564 3682 2737 5565 2499 4592 1540 4032 2401 4473 5285 4403 3843 5264 3626 1890 7077 3878 3409 4494 6580 5033 5908 5733 3045 4116 3108 2443 5698 2653 2401 4592 3591 3346 4193 322 4382 4739 1302 2289 4585 3682 3773 2975 2765 4466 5593 1967 826 4753 2569 1085 4004 448 4193 1400 4074 4095 2394 3794 
1850 1900 335 1620 2495 2205 2340 2240 1440 1345 2135 1860 845 1640 2195 1715 1425 2875 1890 855 2065 1870 1695 2220 1695 1980 2090 1585 2230 1595 815 1290 1340 1950 1265 1930 1890 1125 690 2005 1845 1105 1300 1645 1765 655 1645 890 1120 1025 1475 1950 1655 1155 355 1275 2145 1740 2315 1665 405 1690 1830 1730 1840 415 2215 780 2285 1815 1455 2025 710 320 2040 1315 1625 2105 2715 1100 980 1920 2105 1160 1650 1700 1540 1450 640 1140 1470 1255 1590 1735 1505 975 2735 1520 2555 1830 2470 1610 1625 1815 620 1100 1530 2860 815 1080 1565 565 2130 1670 835 565 1880 1985 2050 1285 1605 2310 780 2120 2075 1880 890 970 1135 1745 385 1915 1675 1985 730 1930 1445 675 1450 2020 400 1575 1835 2290 1945 2535 135 1125 2350 945 190 1645 1540 2075 830 1385 455 1720 2850 1115 1015 2770 2340 290 1340 815 1985 2525 2350 615 1815 1715 1805 595 900 2045 1400 635 1955 1260 2470 1895 1685 910 1385 420 1665 1135 700 1515 1865 2085 2055 690 765 735 1635 1415 1960 1280 825 2640 2095 1460 2175 2055 1915 1695 1230 2450 2850 1655 1830 1060 2350 2000 690 945 1550 1780 1895 2145 865 1445 1575 780 2085 1050 1400 1085 1180 455 1285 1085 165 1885 2320 2180 505 1975 1965 1030 1505 1540 580 1560 1625 1590 1315 1595 1165 1025 1160 520 475 2550 2000 690 2420 1935 2320 335 1900 1085 1265 765 1365 1750 2415 1925 1140 2285 640 2675 1910 2255 1835 785 2060 670 
1792 476 2793 63 5313 2709 5173 2765 4305 3836 5089 2891 1183 3864 4865 4025 399 2821 3738 2058 2674 3136 2093 1652 1771 5103 5026 3150 4788 4543 2905 1785 3850 4746 805 3220 3535 3822 1365 1701 2240 2597 3038 4445 847 3003 1351 3514 959 2975 4088 4599 3115 3948 1925 4109 2296 4529 5432 3563 1925 2940 231 1526 1743 1953 3864 2611 1841 3696 2429 3171 3297 2303 5054 497 959 4935 5537 3864 2968 4655 4522 1883 2303 966 4375 2758 2310 2856 3780 4053 4550 4368 3017 3682 5670 749 5656 1358 5012 4375 4172 4865 2023 1281 882 5789 2828 1274 4480 1603 1995 4459 3178 3017 3647 5075 3864 3150 1666 2807 2100 5075 3493 3703 3080 2926 2681 4578 2835 4473 2856 1575 3241 4970 3122 2905 3584 2128 1813 1778 1729 2177 5019 5432 2359 2730 2618 1358 2324 4011 1197 966 2569 658 2968 2044 5593 1904 3472 2709 5026 2345 840 3038 2191 4991 5341 3164 2247 273 3906 2499 2464 3787 1435 3045 4984 1715 2562 3654 1477 3591 1162 2135 4662 1778 1708 4452 4396 2611 5124 2884 3003 3227 4081 3724 4865 4046 2905 2793 5047 4256 5033 4641 4375 2464 3570 2170 2940 3171 1883 3472 4634 1918 2751 1106 2254 4508 4781 5320 2933 609 4494 2842 4193 1533 3178 3507 910 1736 4060 1197 2457 3815 2240 5348 3031 4928 2744 2835 2548 3178 2947 4396 2723 3227 1764 4543 3815 1001 3927 3052 2702 5236 2037 1526 4641 3591 5439 2142 4956 3843 2814 1281 959 3675 4865 1547 2996 4613 1659 5600 4900 5264 4809 3248 5173 1827 
4655 4648 1771 4333 1904 4067 1596 4088 1372 2338 2513 3290 3311 1715 1652 1645 4018 5313 2485 3150 3836 3087 3598 4718 3794 1022 2478 2534 1890 364 2478 3227 2296 2569 3913 3129 2723 567 3045 4319 3752 2345 3213 476 4613 1407 3934 889 3703 1813 805 1309 2688 875 2632 567 4235 2254 2401 3465 2688 2933 4627 4522 4655 2688 3073 1974 4739 2366 3850 3353 1148 2401 2128 3899 4410 2772 2254 1141 1764 1092 1939 3626 3388 4179 168 3675 2184 3080 1428 427 560 2576 2527 826 2128 4270 2968 4683 2275 532 1113 693 2877 3675 4284 2345 2555 3297 1435 2786 5047 560 1295 1379 2569 1610 2695 3087 3717 4200 3038 2485 3150 2506 1498 2716 3206 2114 1596 2982 2982 4354 1148 574 2303 1540 1708 4851 2590 3619 4032 4564 1589 1841 2058 3150 5250 3458 2079 2912 4284 4767 2814 4074 1617 3675 2597 3556 2065 5166 1862 2051 3766 1470 4774 2471 2821 1582 3696 4410 2058 1974 2996 2779 4060 1351 1848 3815 5460 2590 3927 1239 4074 2604 735 3626 3087 700 1435 4809 1932 2282 1477 1806 1316 2709 2303 350 1659 4844 952 231 2842 1589 1617 3346 2471 4865 5180 3773 4606 2184 2464 4207 2436 3465 3269 896 2254 1617 1673 4158 210 2478 2373 3122 2163 2198 3794 2779 1505 3661 1967 2373 5292 1785 1463 2205 4557 2905 3878 3549 1449 1778 3010 2457 3878 378 616 3416 1267 1421 2170 2184 4130 3108 2660 2751 2401 2247 1547 735 2345 3115 4053 2254 2331 4270 1946 2317 2758 2037 1918 1155 1792 1897 784 2632 
4100 4030 590 3520 4600 4320 4280 4380 2740 2770 4240 3540 2020 2910 3990 3050 3100 5760 3460 2090 4020 3520 3330 4530 3390 3690 4150 2900 4070 2880 1860 2550 2750 3910 2880 3640 3500 1890 1660 4060 3630 1980 2890 2910 3890 910 3360 1430 2590 1720 2560 3500 3050 2070 1100 2260 4260 3470 4540 3590 1200 3170 3940 3850 4080 1220 4150 1280 4630 3310 3280 3850 1100 990 3990 2900 3610 4240 5030 2020 1620 3440 3830 2720 3200 3540 2720 3250 1090 2580 2560 2180 2890 3520 2750 1650 5080 3390 5070 4040 4550 2840 2860 3340 1630 2590 3420 5320 1890 2270 2990 1330 4660 2960 1280 750 3450 3800 3780 2840 3230 4530 1940 4210 3900 3450 1400 2200 2600 3450 440 3940 3150 4040 1080 3520 2600 970 2540 4440 1020 3150 3690 4590 3720 4670 240 2580 5100 2270 310 3440 3460 4320 1980 3100 770 3400 5310 2630 2100 5550 4290 410 2860 1240 4370 4670 4680 1140 3570 3670 3250 930 2150 3790 3190 870 3790 2920 5330 3480 3420 1640 3150 1230 3060 2670 1800 2770 3340 4560 3980 1580 1140 1480 2880 2980 3880 2210 1300 5240 3810 2550 4380 3720 3440 3270 2590 4940 5680 3630 4060 2210 4330 4020 1630 2240 3000 3170 3760 4100 1380 3220 2820 1800 3820 2150 2490 2260 2710 1280 2470 2550 100 3440 5030 4190 750 3890 4310 2350 3380 3380 770 3050 3060 2900 3030 2880 1960 2260 2170 760 1150 4710 3990 1760 4490 3580 4550 660 3640 1880 2270 1780 3100 3170 4450 3910 1960 4200 1390 4950 3720 4130 3550 1620 3790 1360 
3283 3339 420 2982 2884 3332 2632 3374 1484 1750 2618 2702 1918 1883 2485 1946 2688 4424 2415 1806 3115 2625 2695 3626 2786 2072 2555 2128 2590 1498 1365 2191 1722 2443 2513 2702 2506 840 1680 3276 2891 1589 2142 1596 3213 476 2814 511 2310 1239 1421 2121 2261 945 1232 1064 3353 2114 2772 2555 1288 2401 3276 3136 3276 1288 2954 1078 3682 2296 2590 2884 252 1029 2394 2548 3010 2674 3206 959 1155 2037 2464 2282 2562 2968 1428 2499 1092 1953 1589 1015 1505 2226 2051 637 3199 2870 3192 3290 2954 1554 1694 1820 1512 2275 2884 3388 1421 2072 1652 1449 3682 1638 693 217 2436 2191 2646 2065 2681 3479 1701 2590 2842 2415 896 1624 2016 2072 210 2562 2408 3276 343 1960 1890 644 1666 3500 1232 2611 3003 3612 2142 2912 686 1981 3934 2058 721 2282 2891 3528 1582 2681 343 2751 3444 2212 1295 4277 2702 742 2499 777 3437 3066 2933 532 2842 3087 2170 903 1743 2674 2667 364 2219 2450 4123 2457 2842 714 2674 1232 1631 2261 1694 1421 2058 3528 2352 1148 714 854 1757 1988 2359 1050 924 4032 2226 1309 2765 2317 2156 2583 1708 3878 4347 2695 3248 1400 2877 3220 1253 2065 2422 1834 2282 2380 973 2765 1463 1344 2576 1960 1792 1428 2394 1379 1337 2254 588 2373 3934 2457 154 2352 3311 1778 2639 2492 385 1757 2373 2100 2520 1498 931 2100 1085 91 917 3010 3185 1708 3017 2555 2779 945 2079 798 1736 1764 2653 2191 2912 3185 1421 2772 1470 3108 2191 2450 2065 973 2142 1407 
3582 3156 1284 2964 1626 2460 1458 2478 1854 2376 2898 1794 2220 678 1254 720 2670 3534 1230 2406 2262 1632 2076 3072 2268 1890 2856 1158 1296 1302 2118 1800 2346 2838 2742 1680 1380 720 1950 2724 2196 1008 2784 864 3348 600 2430 732 2580 546 498 972 1296 1284 1782 1158 2610 2550 2910 3132 1854 1494 3204 3420 3570 1872 1728 780 3072 1122 3108 1866 870 1734 2628 2598 3210 3030 1878 1446 516 978 1170 2778 1890 2682 930 3066 1032 2616 414 978 1428 2724 1146 966 1920 3048 3354 3510 1596 786 582 1608 2124 2646 3090 2058 2160 1968 1962 1692 3918 852 378 780 1278 2286 1428 2718 2214 2574 2316 2880 1728 1236 372 2340 2658 2472 1008 3048 1536 2760 660 1458 954 582 534 3804 1572 2118 2466 2898 2250 1686 1242 2634 4200 2454 1218 2856 3162 3192 2286 2856 1236 2142 2040 2724 2010 3408 1428 1128 2388 426 3762 1680 3180 1374 2154 2976 948 876 2406 1476 3030 660 2418 2892 4338 1296 2412 1344 2976 1884 1578 2742 2208 1470 858 3888 2514 1932 474 1650 582 2616 2688 834 516 3126 1332 834 3108 1086 918 1842 2376 3168 3414 3252 3564 2112 1524 2604 2016 2370 1788 846 2628 2352 498 2922 1194 2094 1290 1788 840 2130 2652 1860 1836 2610 1182 1164 4146 2472 1074 2640 3732 2466 3162 3084 690 2172 1554 1104 2958 1308 540 2154 1590 1020 1722 1674 2538 2148 1650 1410 2916 1254 2208 1056 984 1974 2910 1026 1548 2688 642 1428 1596 1848 2442 1506 2322 1752 1662 1446 
4512 4368 1232 4016 2560 3880 2256 3912 1728 2448 3120 3040 2872 1624 2120 1648 3656 5248 2392 2832 3616 2872 3264 4488 3448 1952 3056 2248 2280 1184 2248 2784 2408 3032 3568 2936 2576 304 2552 4048 3456 1856 3136 1064 4376 664 3576 248 3336 1280 896 1704 2416 968 2136 848 4008 2648 3160 3552 2208 2648 4344 4336 4496 2216 3056 1360 4520 2248 3712 3176 528 1936 2768 3512 4152 3288 2936 1176 1200 1576 2184 3368 3048 3840 920 3584 1568 2944 1264 648 1296 2888 2200 536 2912 3976 3728 4496 2712 1016 1232 1600 2488 3328 4000 3128 2320 2832 1880 2248 4960 1112 584 656 2448 2352 2656 3024 3352 4040 2704 3088 3024 2400 864 2544 3032 2544 952 3328 2688 4072 392 1600 1968 832 1456 4760 2032 3248 3720 4360 2304 2576 1440 2992 5256 3080 1456 3104 4032 4504 2552 3744 1104 3344 3232 3288 1992 5080 2376 1408 3360 792 4688 2864 3488 1200 3392 4096 2008 1320 2736 2712 3800 600 2496 3552 5472 2472 3584 1064 3784 2160 1480 3344 2680 1296 1672 4784 2632 2008 776 1552 1360 2800 2840 552 1024 4736 1792 776 3392 1944 1816 3024 2488 4696 5120 3776 4464 2128 2712 3936 2152 3056 2904 1344 2752 2480 1048 3832 1088 2232 2448 2640 1816 2160 3432 2288 1696 3304 1336 2304 5248 2624 888 2776 4536 2736 3760 3536 712 2144 2688 2184 3632 1192 304 2960 1368 824 1784 2736 3864 2672 2904 2624 3160 1632 2240 664 1912 2624 3744 2120 2688 3976 1472 2568 2208 2800 2520 2048 2360 1680 1840 2064 
5733 3132 4770 3510 5418 423 5454 405 6561 6714 8019 1476 3897 3753 4941 3951 3231 1269 2925 5166 720 1836 1251 1665 1395 6930 7938 2466 4644 6048 5715 1989 6705 7758 4158 1845 2520 5094 3636 1341 963 2682 6390 5337 4599 4158 1836 4905 4140 3330 4734 4860 2277 5769 4302 5724 567 7353 8217 7110 4410 1917 3600 5382 5670 4464 2520 3303 1431 3006 6093 1566 4842 4725 7740 3393 4680 8046 5499 5877 3411 5103 4257 5319 1359 2277 5499 6363 3267 6102 3960 5499 6210 7407 2421 5265 5832 4365 8766 5229 4662 5211 4545 6516 4842 4581 4527 5859 5688 2637 6768 3501 6057 5283 4113 4428 2763 7389 2862 6444 1575 297 5121 7992 2070 2880 3789 5940 5976 7317 4482 7749 1827 1521 4563 6273 2718 3915 3573 6174 3717 1539 1314 855 7335 5661 4113 6003 6831 4455 4005 7254 4905 2592 5553 4104 4905 1215 5310 5292 6111 1116 5004 3861 2691 3879 6228 4473 8424 5247 1026 3186 3474 3501 5562 2709 5067 4311 7488 5238 6795 2754 1674 5580 4743 4698 6435 5184 4581 6228 4509 6714 7659 5526 3915 5571 4293 6840 7695 5328 3627 603 5832 5355 8172 4689 4338 1359 6516 1179 1026 6858 5823 6201 3987 1044 5481 4032 1539 5076 7587 7560 3582 4122 5895 5643 3501 2502 2907 6246 4167 4149 6381 4446 4185 3105 6390 7713 4797 7686 6768 5958 6237 6750 4212 6921 1773 2592 5346 6057 4887 3114 6057 4752 5148 5076 909 4284 3834 2547 8226 3690 7263 5472 2628 3492 4482 3096 4410 1539 3150 4077 3249 5787 7479 6021 7308 5688 6579 3105 
1140 1185 1155 845 3250 2155 3110 2195 2200 1860 2750 2030 100 2290 2935 2385 720 2565 2370 650 2060 2130 1615 1775 1485 2815 2700 1980 2930 2445 1190 1225 1870 2505 415 2195 2295 1975 315 1660 1765 1490 1370 2480 915 1445 1290 1740 265 1620 2270 2710 2005 1985 515 2120 1965 2345 2995 1770 500 1955 1040 975 1120 515 2590 1330 1880 2315 1120 2230 1565 765 2720 585 780 2645 3445 1900 1590 2705 2775 690 1675 1195 2390 1280 1105 1225 2165 2105 2430 2240 1885 1825 3500 665 3155 1025 3135 2435 2385 2660 565 340 685 3605 1145 805 2320 520 1400 2495 1605 1405 2330 2750 2500 1435 1390 2245 655 2740 2375 2355 1595 1230 1120 2385 1235 2335 1910 1605 1570 2780 1895 1415 2085 1355 585 1415 1565 2000 2710 3305 910 1145 1720 220 910 2010 740 1455 975 535 1280 1610 3540 675 1595 2465 3070 960 830 1540 1350 3160 2935 1400 1750 990 2390 1185 925 2470 670 1450 2680 670 1790 2340 1365 1715 585 640 2500 620 345 2350 2595 1550 2775 1175 1500 1420 2360 1800 2590 2130 1490 2425 2925 2305 2715 2785 2615 1765 1675 2095 2595 1565 1145 1595 2945 1735 1080 100 1595 2580 2530 2935 1520 595 2430 1150 2645 925 1895 1615 325 390 2020 285 980 2400 1600 2945 1350 2635 1525 1180 1195 1525 1390 2255 1830 2015 735 2445 2000 535 1935 1375 1045 3255 1780 205 2985 2340 3000 850 2665 1930 1670 360 530 2275 3060 1555 1685 2900 665 3440 2615 3085 2550 1435 2910 820 
3280 3280 400 2864 3688 3528 3424 3576 2120 2144 3320 2904 1648 2360 3208 2464 2528 4680 2824 1656 3288 2880 2736 3688 2784 2904 3240 2376 3272 2256 1432 2120 2128 3056 2336 2976 2856 1488 1376 3320 2976 1648 2264 2312 3136 744 2760 1112 2096 1424 2040 2808 2504 1592 888 1760 3480 2704 3560 2816 968 2600 3200 3096 3264 984 3376 1080 3776 2696 2608 3144 832 768 3120 2368 2912 3312 4040 1544 1344 2752 3088 2168 2632 2904 2152 2568 944 2024 2064 1704 2264 2744 2256 1272 4064 2744 3984 3248 3664 2256 2296 2624 1296 2088 2760 4264 1456 1888 2320 1120 3728 2352 1040 584 2816 2976 3080 2216 2656 3696 1536 3296 3176 2808 1152 1704 2040 2688 304 3080 2584 3304 840 2776 2136 808 2064 3552 872 2592 3024 3744 2912 3744 240 2016 4072 1832 312 2680 2784 3520 1544 2520 544 2792 4264 2096 1608 4512 3440 400 2352 1024 3488 3760 3672 840 2928 2992 2640 808 1688 3080 2560 696 2960 2336 4264 2840 2808 1248 2544 968 2392 2128 1440 2160 2688 3640 3112 1200 944 1112 2320 2320 3032 1736 1080 4264 3032 2016 3424 2992 2768 2688 2008 4024 4616 2864 3248 1696 3496 3288 1248 1824 2472 2528 2936 3216 1144 2616 2216 1384 3096 1792 2048 1736 2200 1048 1904 2056 136 2800 4032 3280 544 3040 3432 1832 2680 2664 616 2368 2520 2376 2424 2256 1544 1872 1664 552 864 3784 3264 1424 3624 2920 3568 592 2840 1456 1880 1472 2504 2584 3584 3200 1616 3392 1176 3968 2904 3288 2768 1224 2992 1160 
4296 4728 1152 4280 3312 4736 2976 4784 744 1520 2120 3960 3016 2632 2952 2640 3968 6024 3408 2560 4480 3824 4040 5120 4152 1504 2056 3216 3176 1056 1680 3472 1472 2016 3656 3904 3584 888 2792 4720 4256 2712 2488 1656 4416 1384 4184 792 3416 2208 1768 2536 3384 208 2176 552 4792 1632 2224 2768 2200 3592 4616 4184 4296 2184 4064 2144 5184 3264 3272 4128 768 1800 1800 3792 4160 2272 3712 160 2120 2336 3136 3104 3872 4352 1328 3040 2216 2352 2272 720 944 1896 3152 472 3608 4040 2752 4400 3616 1672 2144 1304 2304 3288 4024 3848 1776 3336 928 2576 4736 1744 1488 1144 3464 1528 3672 2336 4040 4904 2432 2088 4016 3408 1784 1936 2512 1528 1184 2344 3616 4720 1040 1680 2936 1600 2480 4472 2320 3952 4408 5104 1472 3272 1696 2448 4888 3056 1768 2176 3968 4976 2096 3856 952 4104 4072 3024 1168 5848 3208 1808 3808 1672 4376 3800 2488 768 4200 4432 3016 1984 2312 3728 3664 1248 1576 3344 5152 3488 4224 264 3736 2032 1016 3120 2600 776 2576 4368 1728 1480 1624 912 2320 1920 1832 936 1888 5560 2280 1272 2376 2824 2752 3880 1640 5408 5928 3120 4224 1304 3696 4656 1664 3160 3712 2088 1744 1760 1936 3952 1120 1688 3456 3216 2800 1320 3512 2376 680 3296 1592 3320 4992 1832 912 1784 4056 2160 3288 2864 1328 1136 3592 3168 3400 1048 1152 3320 352 912 1432 3576 4608 2696 3888 3632 2224 2040 1400 400 2832 2912 3760 3128 3624 4616 2416 3544 2632 3496 1560 2512 1416 1000 1808 2584 
5970 4750 2630 4550 2970 3170 2820 3200 3980 4680 5720 2040 3570 900 2330 1120 4050 4990 1280 4220 2840 1770 2630 4360 3000 4100 5640 980 2210 3120 4030 2320 4640 5570 4390 1850 1410 2140 3090 3760 2790 950 5100 2290 5360 1490 3360 2070 4160 490 1630 2020 1210 3040 3090 2870 3470 5090 5780 5760 3230 1540 4920 5660 5940 3270 2040 1050 4330 1110 5440 2160 2190 3180 5290 3980 5190 5890 3280 3270 580 2190 1860 4770 2280 3850 2470 5450 1490 4790 850 2580 3330 5320 960 2480 3480 4880 6490 5740 2580 2160 1500 3630 3750 4380 4980 3640 4070 2810 4180 2660 6510 2240 1220 1860 1300 4750 1610 5030 2950 3350 4090 5680 1950 1270 890 4380 4810 4980 2160 5830 1610 3850 1820 3330 640 1290 500 6390 2570 2770 3330 3980 4690 3160 2270 4790 7090 4080 2190 5440 5180 4700 4190 4540 2640 2740 3400 4690 4030 4790 2550 1990 3480 1060 6340 2610 6180 2940 2710 4500 1080 1390 4350 1640 5040 1660 4950 4900 7270 1330 3300 3040 4880 3370 3590 4680 3770 3400 1680 6640 5120 3730 1160 3400 1280 5020 5360 2340 910 4300 2930 2320 6020 2020 1620 2170 4620 4440 4780 5840 5980 4180 2190 3520 3820 3830 2130 2080 5250 4870 830 4640 2930 3980 1630 2450 440 4230 4270 3140 3910 4280 2230 1230 6910 5070 2390 5290 6440 4550 5550 5590 1640 4490 1660 900 5020 3140 1860 3240 3500 2310 3320 2860 3390 3590 2310 1480 5780 2090 4620 2660 760 3080 4720 970 2410 3740 340 2090 2420 3390 4980 3190 4780 3570 3670 2110 
5124 5558 2450 5180 2765 5257 2450 5285 1134 2198 1729 4494 4081 2926 2653 2842 4900 6475 3696 3626 5026 4298 4746 5796 4900 189 1715 3745 2947 875 2765 4319 2149 1960 4641 4347 3941 1617 3878 5425 4907 3500 3339 1603 5299 2429 4991 1834 4431 2982 2016 2380 3906 1288 3346 1176 5390 1736 1414 3395 3367 4137 5474 5054 5138 3353 4284 3080 5838 3584 4137 4571 1988 3010 1302 4753 5068 2093 3094 1407 2926 2128 3059 4095 4550 5187 1365 3871 3227 3276 2646 1309 749 2149 3731 1596 2870 4970 2009 5257 3297 1687 2296 525 3437 4305 4956 3087 2856 4291 1029 3668 5502 1673 2401 2303 3787 686 3906 3171 4816 5390 3521 1701 4368 3717 2632 2940 3451 1568 2429 2534 4186 5439 2121 945 3507 2604 2926 5250 3444 4725 5138 5705 700 2625 2898 3388 5565 4109 2947 2653 4886 5747 3164 4816 2275 4816 3486 4025 2170 6328 2835 2961 4725 2583 5152 3514 1967 2107 4858 5306 3262 3010 3353 3990 4613 2338 1022 4312 5817 3808 5005 1666 4697 3213 595 4116 3710 798 2569 5082 1029 2632 2569 2156 2506 2590 1603 1428 2779 6027 1701 1449 2128 2660 2758 4522 2443 5992 6356 3836 5054 2261 3584 5327 2807 4207 4424 1988 1596 497 2807 4900 1008 2793 3549 4151 3367 2254 4515 3521 1414 4319 2800 3584 5712 700 2212 1456 4774 3136 4137 3605 2429 1372 4207 3668 4354 861 1771 4319 1393 2198 2660 3122 5271 3801 3787 3962 1414 3164 714 1428 3528 3976 4725 3472 3395 5355 3129 3430 3696 2786 1162 1785 1085 2191 791 3619 
2008 3120 1384 2544 5168 4472 4880 4528 2600 1800 3248 4072 1376 3872 4696 3984 2400 5296 4272 296 4280 4144 3600 4072 3480 3760 3176 3744 4784 3328 752 2936 1824 2832 1712 4248 4248 2784 1480 3848 3856 2952 984 3672 2320 2256 3240 2424 1512 2896 3496 4288 3840 2496 912 2800 4248 2616 3696 1624 800 3856 2840 1920 2008 752 4760 2480 4224 4152 1088 4368 2112 744 3272 2176 2032 3032 5528 2272 2824 4200 4608 816 3616 3144 3432 1080 2208 728 3584 2872 3240 2384 3608 2408 5528 2000 3872 2168 5184 3640 3784 3592 392 1200 1936 5736 656 2368 2776 1592 2440 3728 2552 2040 4240 3456 4512 1056 3328 4632 208 3240 4496 4248 2664 728 616 2704 1720 2496 3816 3768 2264 3936 3536 2320 3576 2184 1448 3336 3648 4368 3392 5200 1464 640 2640 1064 1536 1968 1776 3576 320 1920 1528 3624 5776 736 1472 5136 4944 1696 2552 2544 2096 5280 3512 1552 3816 2816 4136 2192 248 4504 1432 2184 3264 1064 2872 4264 3352 2024 1584 600 3296 848 696 3064 4192 2160 3416 848 2456 1400 3824 1640 3008 2992 2576 5016 4384 3320 3144 4488 4280 3728 1480 4552 5320 1448 1928 1432 5008 3928 648 1376 3472 3968 2920 3784 2640 2000 3360 704 4592 2472 3480 1464 1584 1016 2288 1264 1504 4264 2704 3760 1736 3104 1920 640 1160 1304 2128 2568 3712 3768 1120 3320 2928 2032 2256 1800 872 5288 3968 952 5128 4312 3704 1680 3328 2528 3224 1624 1688 4056 5104 3680 3064 4904 1840 5424 3144 4640 3064 1352 4088 2024 
285 1655 1800 1295 4105 3060 3950 3100 2580 1975 2850 2995 1060 3205 3800 3295 1370 3310 3335 810 2985 3100 2535 2475 2370 3320 2810 2950 3825 3055 1405 2175 2000 2565 830 3165 3265 2685 1290 2455 2680 2455 1165 3230 810 2265 2120 2450 845 2545 3085 3560 2980 2535 1265 2720 2825 2485 3170 1445 1205 2930 1385 315 300 1195 3565 2260 2605 3275 545 3195 2255 1355 2930 1255 655 2660 4320 2395 2510 3525 3685 465 2620 1925 3100 825 2045 1115 3060 2755 3000 2275 2855 2465 4350 780 3200 515 4050 3200 3235 3220 1005 630 690 4470 1340 1735 2685 1480 550 3260 2445 2165 3300 3095 3470 1285 2275 3145 890 2850 3350 3320 2475 1310 970 2565 1970 2245 2885 2375 2325 3430 2860 2270 3005 410 1500 2320 2410 2805 3060 4145 1720 1020 755 760 1740 1920 465 2010 1115 880 1905 2525 4445 515 1850 3225 3945 1820 1645 2405 380 4090 2980 1940 2670 1510 3330 2095 985 3440 325 2240 2955 345 855 3310 2210 2240 505 1210 3030 475 915 2890 3470 590 3045 1495 2360 1845 3235 1780 2730 2820 2385 3245 3680 3020 2720 3660 3505 2720 1760 2840 3380 1075 230 1805 3885 2570 1370 950 2545 3385 2680 3310 2420 890 3070 1385 3595 1885 2855 1815 825 1220 2380 695 1770 3355 720 3280 2020 2810 645 1180 610 1145 2190 2525 2800 2985 290 3050 2755 1440 2380 2055 1515 4150 2635 990 3935 3310 3175 1745 3020 2550 2640 1330 655 3230 3985 2340 2625 3835 1635 4285 2865 3840 2830 1810 3530 1790 
3050 2605 1190 2465 1310 1925 1190 1940 1705 2130 2575 1360 1890 425 990 480 2220 2830 865 2095 1760 1220 1635 2485 1805 1710 2540 820 995 1225 1890 1440 2105 2525 2320 1255 995 755 1655 2190 1725 755 2440 810 2815 605 1965 770 2190 390 480 780 935 1230 1560 1120 2070 2285 2585 2745 1620 1110 2660 2910 3035 1640 1280 640 2475 775 2690 1410 875 1545 2350 2170 2715 2685 1505 1365 385 820 870 2395 1470 2185 895 2665 865 2300 230 970 1335 2425 820 965 1560 2570 2955 2970 1230 745 475 1475 1860 2260 2610 1665 1925 1620 1795 1440 3325 790 425 770 905 2055 1030 2395 1770 2020 2020 2555 1285 870 350 2075 2330 2220 955 2695 1145 2225 695 1325 655 560 285 3240 1355 1685 1975 2320 2030 1375 1115 2310 3580 2105 1085 2530 2680 2615 2015 2405 1165 1690 1615 2355 1825 2730 1125 1000 1965 420 3210 1290 2810 1290 1690 2465 640 755 2115 1070 2585 670 2170 2480 3685 920 1940 1275 2525 1660 1465 2365 1910 1375 650 3325 2250 1735 470 1520 420 2325 2400 845 450 2490 1160 820 2745 840 675 1425 2125 2545 2730 2830 3040 1905 1135 2080 1800 2015 1390 740 2350 2105 420 2460 1130 1870 925 1455 555 1925 2245 1610 1690 2220 1070 810 3520 2210 1030 2360 3205 2175 2740 2695 685 1970 1170 770 2540 1230 605 1795 1480 980 1555 1320 2015 1850 1235 1020 2585 1095 1995 1040 710 1670 2465 695 1180 2170 435 1060 1345 1505 2195 1300 2095 1605 1495 1205 
2655 2275 860 2105 1700 1850 1570 1875 1600 1890 2455 1345 1500 785 1385 860 1865 2705 1095 1710 1685 1260 1465 2255 1595 1790 2410 890 1390 1305 1565 1190 1870 2360 1930 1310 1150 760 1265 1970 1585 585 2100 1055 2430 295 1700 650 1800 250 770 1160 990 1145 1165 1105 1930 2120 2515 2430 1230 1110 2305 2510 2640 1250 1470 305 2270 1010 2310 1450 665 1170 2260 1805 2325 2525 1900 1230 195 1175 1255 2005 1330 1895 1060 2300 495 1955 625 980 1380 2225 840 860 1950 2185 2855 2575 1620 995 845 1565 1475 1865 2220 2055 1590 1290 1710 1050 2930 1050 205 480 1100 2035 1260 2065 1540 1950 1635 2435 1395 1090 50 1745 1970 2075 625 2470 1125 1995 485 1505 715 190 595 2845 960 1470 1765 2155 2000 1760 725 1955 3185 1705 695 2270 2285 2320 1660 2020 865 1520 2010 1960 1565 2600 1520 610 1635 85 2815 1665 2685 1020 1545 2120 955 370 1745 1270 2185 380 2105 2085 3290 1115 1695 1095 2130 1275 1500 1970 1515 1385 1045 2935 2195 1410 125 1245 810 2055 2275 900 75 2385 1460 970 2590 1235 1075 1315 1855 2365 2625 2480 2645 1640 1495 1890 1460 1625 1240 1070 2220 2125 80 2075 1230 1540 1240 1145 640 1660 1855 1215 1540 1825 690 1065 3125 2210 745 2250 2820 1830 2360 2350 365 1835 1115 865 2145 1310 670 1430 1340 700 1215 1715 1845 1455 1570 1185 2520 695 1965 965 635 1285 2075 935 1560 1935 380 1430 970 1890 2110 1615 2015 1330 1670 845 
5593 4669 3024 4578 903 3003 1001 2996 3423 4214 4606 2212 3920 805 623 693 4228 4305 1050 4298 2807 1904 2933 4179 3262 3010 4564 1561 322 2450 3990 2912 4179 4627 4501 1883 1365 2128 3584 3752 2968 2030 4774 1631 5173 2212 3598 2296 4333 1743 1365 812 1659 2807 3535 2548 3374 4291 4494 5173 3626 1932 4823 5383 5572 3654 1428 2149 4109 1022 5131 2093 2506 3528 4228 4193 5061 4837 973 3045 1785 1064 161 4711 2660 3990 1925 5096 2464 4578 1043 2331 2660 4564 1673 2506 1218 4837 5068 5439 385 1561 1029 2709 3969 4473 4907 1253 4046 3346 3507 3283 5971 1547 1960 2436 1176 3696 1099 4690 3269 3087 4193 4578 1715 1085 1855 4256 4627 4172 2695 4956 2023 3843 2282 2261 1519 2149 1092 5873 3206 3129 3472 3766 3675 1106 2919 4599 6356 4263 2877 4788 5047 4557 4186 4599 2968 3017 966 4648 3822 4186 588 2751 3801 1960 5838 434 4914 3108 2919 4515 721 2359 4326 1218 4935 2289 3941 4816 6489 1183 3528 2996 4830 3689 2828 4662 4018 2793 658 6013 4025 3773 2030 3423 889 4529 4382 2121 1953 3780 1589 1897 4907 539 497 2527 4256 4095 4095 5320 5586 3948 385 3535 3878 4102 2611 1211 4326 3661 1904 4669 2296 3969 595 3094 1442 3969 4410 3591 3486 4417 2870 917 6251 3843 2772 4291 5852 4403 5201 5124 2324 3822 2128 1470 4900 2464 1897 3675 3206 2709 3535 644 3409 3920 595 1337 4494 2849 3640 2555 1813 3577 4725 994 280 3780 1659 238 3115 1183 4018 1638 3885 3542 2464 2898 
1002 984 2136 546 4584 2760 4440 2808 3360 2856 3936 2796 768 3390 4206 3516 666 2970 3390 1290 2694 2970 2166 1968 1926 4122 3882 2898 4176 3690 2058 1806 2874 3624 252 3048 3252 3120 1032 1968 2322 2352 2082 3714 366 2466 1596 2844 432 2592 3450 3948 2898 3132 1368 3300 2436 3462 4266 2520 1344 2784 684 768 960 1356 3576 2250 2124 3336 1518 3042 2628 1650 3942 570 300 3774 4806 3024 2568 3960 3972 1068 2310 1326 3618 1812 1980 1944 3270 3282 3672 3294 2778 2946 4890 84 4410 678 4398 3660 3564 3942 1326 600 198 5010 1992 1290 3504 1284 1224 3732 2652 2430 3324 4020 3522 2196 1824 2856 1344 3930 3282 3366 2610 2046 1782 3522 2238 3348 2718 1866 2628 4092 2832 2418 3144 1296 1416 1902 1944 2382 3972 4668 1842 1830 1728 726 1830 2946 456 1404 1746 126 2286 2142 4896 1098 2580 2868 4356 1884 1050 2556 1338 4404 4140 2424 2316 798 3474 2106 1632 3468 654 2478 3912 906 1722 3336 1704 2802 420 1482 3750 984 1062 3570 3798 1680 4026 2076 2514 2424 3516 2718 3756 3306 2478 2916 4248 3510 3858 4020 3804 2442 2610 2406 3060 2160 1068 2562 4128 2124 1950 636 2244 3816 3690 4248 2508 78 3666 2016 3750 1500 2856 2586 360 1224 3132 552 1920 3438 1458 4254 2376 3822 1782 1944 1614 2178 2406 3396 2610 2952 948 3684 3144 948 3054 2400 1968 4566 2214 972 4152 3306 4266 1734 3918 3072 2562 1008 258 3300 4290 1830 2646 4092 1404 4824 3828 4440 3762 2424 4248 1584 
3432 3048 1134 2838 1776 2454 1602 2478 1776 2250 2820 1812 2082 810 1404 864 2550 3510 1326 2250 2256 1668 2040 3012 2208 1890 2772 1200 1452 1302 1968 1734 2220 2742 2604 1722 1452 678 1812 2664 2166 966 2634 948 3210 444 2352 636 2442 510 606 1122 1332 1212 1632 1110 2586 2454 2850 2988 1704 1512 3084 3270 3420 1722 1812 684 3018 1218 2958 1902 744 1578 2556 2472 3072 2934 2028 1356 462 1116 1320 2622 1860 2592 966 2910 912 2466 564 942 1410 2616 1170 876 2070 2910 3282 3360 1746 876 732 1608 1974 2502 2946 2208 2010 1866 1896 1560 3768 942 222 630 1362 2244 1524 2568 2148 2574 2160 2796 1788 1326 258 2190 2508 2382 852 2928 1548 2700 528 1500 990 432 642 3648 1434 2058 2412 2862 2208 1836 1086 2484 4050 2310 1062 2730 3012 3102 2130 2718 1092 2100 2196 2568 1884 3384 1584 978 2280 282 3606 1830 3096 1242 2124 2862 1074 750 2250 1566 2880 504 2358 2736 4182 1380 2340 1236 2826 1728 1560 2592 2058 1434 1008 3732 2460 1782 330 1518 732 2484 2604 816 408 3114 1434 864 3012 1236 1074 1824 2244 3126 3402 3102 3414 1980 1668 2556 1866 2232 1752 972 2544 2322 402 2784 1200 1944 1416 1692 876 2004 2514 1710 1740 2460 1032 1266 3996 2436 930 2562 3576 2316 3012 2934 540 2088 1554 1152 2808 1308 528 2034 1494 876 1572 1830 2496 2004 1788 1488 2856 1110 2160 984 972 1842 2766 1122 1698 2628 630 1572 1470 1998 2376 1620 2256 1620 1704 1326 
4050 3970 630 3460 4630 4280 4320 4340 2800 2810 4290 3510 1960 2930 4030 3070 3040 5710 3460 2070 3980 3490 3290 4470 3340 3760 4200 2890 4100 2940 1870 2510 2790 3960 2820 3620 3490 1950 1600 4000 3590 1960 2890 2960 3830 950 3310 1490 2530 1730 2600 3540 3040 2130 1050 2320 4220 3520 4600 3600 1160 3140 3880 3810 4040 1180 4140 1270 4580 3310 3260 3820 1160 980 4050 2840 3560 4280 5070 2080 1620 3480 3850 2690 3160 3490 2780 3240 1060 2580 2580 2240 2950 3560 2730 1710 5120 3330 5120 3990 4580 2880 2890 3400 1600 2540 3360 5360 1900 2210 3050 1270 4620 3000 1310 800 3450 3860 3780 2850 3180 4490 1920 4260 3880 3450 1420 2210 2600 3500 500 3970 3120 3980 1130 3580 2590 990 2550 4400 960 3100 3640 4540 3780 4710 180 2570 5060 2220 250 3460 3410 4260 1970 3050 820 3350 5340 2600 2130 5500 4320 360 2800 1270 4330 4690 4730 1190 3520 3610 3260 910 2140 3780 3140 920 3840 2880 5290 3480 3370 1700 3100 1200 3120 2630 1750 2830 3370 4540 4040 1590 1170 1520 2910 3010 3930 2260 1310 5200 3860 2600 4420 3750 3460 3230 2620 4890 5630 3630 4020 2240 4350 3960 1640 2180 2960 3210 3810 4160 1390 3170 2880 1810 3830 2100 2490 2290 2660 1230 2520 2500 40 3440 4990 4250 810 3950 4290 2350 3360 3380 810 3100 3030 2890 2990 2940 2010 2200 2220 820 1160 4740 3940 1710 4500 3570 4610 600 3700 1940 2250 1720 3050 3180 4470 3860 1960 4220 1330 4990 3780 4180 3610 1660 3850 1300 
2920 3680 664 3160 4376 4440 4080 4496 1744 1264 2616 3872 1880 3248 3936 3328 2912 5488 3792 1184 4216 3864 3616 4376 3600 2848 2544 3368 4064 2416 456 2960 1264 2272 2416 3960 3840 1928 1784 4064 3864 2632 1336 2816 3128 1600 3472 1592 2184 2400 2712 3520 3488 1576 1064 1888 4336 1976 2984 1840 1032 3584 3480 2816 2920 992 4360 2072 4496 3656 1928 4128 1288 608 2544 2712 2856 2512 4760 1360 2312 3400 3928 1728 3552 3504 2560 1768 1912 1120 2920 1976 2328 1888 3248 1520 4728 2768 3280 3048 4480 2800 3032 2680 984 1984 2736 4944 512 2568 1928 1712 3360 2888 1880 1328 3792 2616 4048 1256 3456 4608 1064 2600 4168 3776 2072 744 1216 2016 1048 2160 3568 4024 1504 3032 3120 1736 2984 3096 1472 3416 3808 4544 2552 4392 1096 1168 3528 1776 1192 1720 2632 4040 744 2624 720 3656 5040 1648 768 5320 4192 1336 2912 1936 3000 4616 2936 656 3816 3376 3560 1792 952 4064 2312 1496 2480 1968 3784 3816 3552 1104 2416 784 2376 1752 1320 2144 3456 3024 2632 216 1856 496 3112 1352 2352 2112 2040 5120 3520 2448 2624 3752 3576 3624 1056 4784 5456 1968 2840 808 4392 4088 328 1968 3392 3160 2248 2928 2104 2720 2456 424 4024 2560 3032 848 2272 1272 1432 2008 1064 3752 3616 2920 944 2408 2744 920 1968 1744 1472 1792 3488 3360 2024 2408 2104 2376 1360 1016 152 4544 4088 1480 4544 3904 2992 1448 2480 1632 2864 1928 2472 3544 4432 3928 2600 4272 1880 4624 2376 3768 2272 488 3176 1968 
1600 1335 905 1075 2805 1850 2675 1885 2010 1835 2675 1635 395 1830 2485 1930 865 2400 1915 895 1730 1710 1305 1690 1240 2535 2625 1535 2475 2125 1215 890 1835 2465 825 1775 1850 1615 160 1505 1465 1035 1555 2080 1325 1040 1130 1390 695 1160 1850 2270 1565 1715 400 1815 1720 2275 2875 1955 455 1535 1285 1440 1580 485 2155 870 1765 1860 1470 1830 1235 670 2595 765 1220 2620 2995 1670 1135 2275 2315 1070 1325 1145 2015 1570 645 1395 1715 1775 2130 2230 1435 1510 3055 1075 3090 1480 2680 2035 1950 2355 700 800 1115 3160 1185 560 2135 65 1865 2095 1185 1035 1880 2555 2050 1585 1145 1950 860 2660 1950 1900 1150 1315 1330 2290 905 2375 1495 1470 1200 2430 1440 990 1625 1810 175 1145 1355 1815 2515 2865 565 1345 2175 655 540 2075 1195 1505 1095 915 1025 1320 3085 1040 1525 2300 2620 560 780 1105 1800 2700 2880 1185 1440 1150 1925 735 1095 2025 1130 1060 2520 1095 2245 1890 1185 1475 1045 625 2215 1010 585 2070 2145 1980 2620 1135 1070 1280 1915 1845 2500 1775 1045 2205 2520 1925 2690 2335 2160 1400 1685 1955 2400 1830 1605 1550 2480 1530 1080 520 1230 2155 2440 2715 1070 975 2090 1170 2185 600 1435 1575 750 305 1850 750 635 1940 2060 2750 1055 2525 1930 1315 1540 1760 995 2120 1420 1565 1160 2125 1615 460 1730 1065 950 2800 1550 445 2525 1895 2880 425 2470 1625 1220 205 970 1815 2595 1410 1225 2440 220 3000 2475 2680 2395 1315 2575 370 
693 2583 2380 2072 5663 4438 5425 4494 3374 2478 3696 4284 1575 4452 5243 4564 2135 4858 4683 987 4312 4410 3689 3703 3479 4431 3633 4165 5292 4088 1736 3157 2513 3283 1365 4508 4606 3612 1869 3640 3899 3465 1323 4389 1449 3087 3150 3297 1344 3542 4214 4893 4214 3353 1722 3626 4130 3192 4151 1694 1631 4165 2219 770 721 1603 5040 3150 3878 4599 441 4564 3017 1771 3815 1967 1218 3416 5971 3143 3486 4830 5110 546 3787 2912 4186 826 2856 1274 4228 3689 4004 2884 4032 3290 5992 1365 4172 1050 5621 4354 4445 4305 1302 1001 1239 6167 1638 2555 3514 2114 1015 4438 3346 2926 4641 4081 4886 1491 3346 4564 1099 3689 4753 4662 3409 1568 1071 3304 2653 2828 4109 3535 3136 4627 4018 3115 4172 749 2107 3402 3549 4123 4025 5705 2338 1141 1127 1134 2380 2373 938 3073 1337 1470 2513 3682 6160 602 2338 4739 5453 2506 2478 3304 651 5684 3864 2541 3878 2366 4641 2912 1148 4851 665 3045 3864 497 1337 4655 3269 2940 945 1589 4039 609 1246 3836 4788 756 3983 1883 3241 2380 4459 2191 3535 3794 3297 4739 5012 4088 3493 5054 4851 3913 2177 4200 4942 1176 588 2268 5418 3787 1708 1442 3675 4634 3465 4382 3346 1491 4116 1708 5026 2744 4004 2282 1330 1687 3094 1106 2401 4704 1211 4326 2688 3647 700 1379 525 1281 2982 3269 3997 4200 413 4081 3731 2156 3115 2744 1946 5740 3864 1400 5502 4669 4158 2422 3976 3395 3717 1946 1155 4522 5537 3479 3668 5341 2331 5901 3738 5236 3696 2317 4753 2541 
3042 4230 2010 3804 4164 4944 3900 4986 1356 696 828 4476 2898 3702 3930 3714 3684 5736 4242 2082 4770 4434 4332 4878 4320 2178 798 4020 4110 2292 1404 3846 708 492 3168 4506 4338 2406 2910 4662 4518 3528 1326 2928 3552 2598 4212 2298 3024 3252 3060 3624 4128 1830 2376 2070 4878 648 1266 1050 2328 4236 4014 3090 3072 2292 4716 3084 4980 4134 2070 4650 2178 2052 1104 3516 3330 510 4470 1620 3186 3456 4092 2328 4278 4200 2664 1746 3018 1428 3432 2244 2124 324 3948 2088 4350 3354 1146 3318 4440 2958 3348 2262 2136 2766 3288 4536 1446 3534 1350 2892 3288 3000 2754 2376 4266 1572 4440 1188 4212 5070 2046 840 4626 4242 2952 1338 1602 792 2250 30 4236 4626 2400 2706 3816 2742 3558 3024 2724 4188 4476 5028 1542 4104 2424 1542 3138 2682 2496 420 3108 4560 1644 3318 1944 4368 4758 2292 1098 5610 4116 2598 3750 2856 2916 4584 888 1734 4482 4002 3984 2898 1740 4470 2826 2496 1284 2526 3390 4284 4278 1686 3006 2118 2040 2400 2400 1968 3672 2712 1332 1494 2802 1476 3480 654 804 2424 2982 5466 3306 2646 564 3846 3804 4320 834 5202 5718 1530 2946 1032 4512 4686 1560 2916 4158 3276 786 1818 3030 3378 2406 1458 4320 3546 3726 1002 3072 2520 1248 2832 2388 4188 3396 1692 2064 936 2406 1422 2010 1374 2520 1026 4188 3996 2520 2286 2604 3354 1482 2112 1740 4398 4692 2580 4656 4374 1272 2700 1524 2040 3672 3018 3120 4038 4458 4554 3408 4398 3036 4272 1158 3450 1206 1392 2688 3102 
2440 900 2425 1170 3455 925 3425 955 3515 3425 4245 1315 1605 2430 3155 2550 1070 875 2115 2345 975 1535 755 135 545 3890 4195 1745 3030 3420 2795 930 3425 4050 1620 1575 1910 2870 1545 170 750 1590 3065 3150 1770 2275 460 2705 1650 1970 2830 3045 1665 3140 1985 3175 575 3850 4415 3465 2025 1475 1175 2245 2400 2055 2030 1825 180 2125 2775 1470 2610 2255 4140 1190 1840 4205 3550 3145 1995 3140 2820 2345 955 515 3185 2965 1705 2915 2470 3080 3475 3815 1675 2880 3705 1675 4660 2135 3110 3085 2795 3675 2220 1910 1770 3750 2765 1030 3640 1560 2590 3135 2315 2375 2030 4035 2140 3120 580 955 2340 4230 1755 2090 2170 2880 2815 3855 2335 3960 1410 125 2495 3630 1815 2155 2275 2680 1715 665 380 400 3995 3575 2045 2840 3035 1885 1995 3650 1995 585 2640 1555 2530 695 3505 2345 3105 785 3225 1945 865 2190 2720 3040 4455 2710 775 970 2355 1860 2610 2060 2125 2340 4040 2270 2995 2030 435 2965 1930 2200 3585 2270 2025 3450 2860 3015 4135 2725 2190 2845 2685 3430 4065 3020 2050 835 3510 3095 4275 3000 2795 1050 3270 400 940 3255 2500 3135 2765 345 2665 1645 995 3085 4005 4165 2045 1550 3355 2750 2460 1065 1900 3160 1645 1870 3380 1835 2105 2200 2765 4225 2515 4085 3080 2855 2855 3225 2275 3665 1330 1810 2320 3425 2795 1185 3230 2500 2535 3320 450 1865 2720 1940 4420 1815 3955 3000 1665 1455 1780 2145 2980 190 1915 2790 1465 3665 4005 3640 3925 2890 3795 1465 
5922 4680 2898 4554 2304 2862 2241 2880 3951 4689 5517 1809 3753 459 1755 675 4104 4545 675 4365 2574 1476 2565 4167 2952 3879 5454 819 1566 3015 4167 2439 4644 5427 4473 1503 936 2241 3321 3609 2655 1278 5130 2124 5337 1854 3348 2268 4275 999 1539 1584 1008 3105 3348 2889 3240 4995 5526 5724 3465 1368 4869 5643 5895 3510 1422 1503 4104 513 5454 1809 2430 3429 5103 4068 5193 5715 2529 3339 1080 1809 1206 4851 2223 3825 2367 5472 1890 4860 720 2610 3240 5238 918 2619 2763 4905 6201 5697 1827 1998 1269 3447 3933 4491 5004 2871 4212 2970 4113 2934 6408 2052 1575 2187 747 4563 972 5067 2934 3006 4239 5490 1485 684 1314 4491 4887 4878 2466 5715 1476 3717 2097 3078 648 1692 378 6300 2862 2763 3240 3726 4518 2511 2610 4860 6939 4221 2529 5391 5193 4572 4329 4599 2889 2673 2574 4788 4122 4374 1899 2358 3564 1467 6264 1818 5940 3150 2592 4473 414 1818 4473 1035 5085 1998 4779 4968 7092 774 3267 3177 4923 3600 3465 4779 3951 3330 1233 6534 4923 3888 1566 3564 999 5022 5211 2367 1368 3897 2538 2259 5832 1476 1107 2079 4662 4140 4320 5814 5931 4266 1413 3366 3978 3978 2124 1791 5121 4626 1296 4680 2826 4122 900 2646 531 4302 4365 3384 3924 4401 2565 585 6759 4824 2664 5130 6363 4644 5553 5580 1989 4437 1575 702 5076 3033 1953 3402 3555 2583 3537 2124 3222 3789 1512 972 5526 2439 4455 2754 999 3303 4779 360 1647 3627 846 1341 2700 2682 4824 2736 4653 3717 3384 2421 
5672 4528 2920 4432 1744 2728 1744 2736 3712 4456 5104 1800 3736 408 1288 488 4040 4232 528 4264 2488 1464 2568 4000 2936 3512 5048 992 1064 2776 4048 2520 4416 5056 4384 1464 880 2184 3352 3504 2624 1528 4920 1912 5144 1984 3312 2264 4200 1280 1432 1240 1128 2968 3368 2744 3120 4672 5064 5424 3472 1448 4712 5416 5640 3512 1168 1736 3920 432 5232 1728 2448 3424 4712 4008 5016 5312 1904 3200 1352 1488 720 4712 2256 3752 2176 5232 2088 4680 768 2488 2992 4920 1112 2560 2136 4760 5688 5472 1240 1808 1112 3144 3888 4392 4848 2216 4096 3032 3848 3008 6096 1832 1712 2264 664 4192 728 4848 2936 2848 4152 5080 1352 560 1520 4336 4712 4560 2536 5352 1552 3608 2160 2744 928 1856 608 6000 2944 2776 3184 3560 4152 1952 2696 4688 6568 4152 2632 5096 5024 4408 4208 4488 2896 2664 1904 4648 3968 4088 1376 2480 3544 1648 5968 1216 5472 3104 2568 4352 24 2008 4352 832 4920 2096 4416 4816 6704 680 3232 3080 4784 3584 3200 4640 3912 3104 928 6208 4528 3800 1736 3472 864 4768 4832 2256 1584 3640 2152 2104 5408 1064 752 2112 4448 3936 4016 5528 5672 4096 856 3264 3888 3944 2192 1536 4760 4216 1528 4560 2608 4008 432 2736 856 4128 4288 3408 3720 4312 2656 376 6416 4400 2688 4760 6048 4488 5320 5320 2112 4160 1656 880 4912 2792 1920 3416 3392 2608 3496 1536 3128 3768 960 880 5072 2568 4104 2664 1272 3336 4648 360 1072 3528 1152 792 2800 2080 4472 2288 4312 3608 3008 2552 
3954 4476 1788 4122 2700 4434 2430 4464 510 1374 1044 3816 3162 2610 2544 2562 3900 5430 3252 2688 4242 3684 3942 4782 4044 546 1020 3210 2772 852 1920 3540 1332 1194 3618 3732 3432 1332 3018 4476 4098 2916 2370 1560 4164 1938 4080 1434 3438 2496 1842 2268 3342 864 2526 894 4506 984 894 2400 2532 3522 4368 3906 3966 2514 3756 2508 4830 3144 3078 3912 1500 2214 690 3762 3960 1326 2994 870 2436 2070 2826 3078 3804 4206 1308 2832 2592 2334 2346 1074 678 1332 3180 1194 2826 3888 1386 4092 3090 1614 2112 684 2556 3306 3870 3018 1998 3444 390 2868 4266 1626 1962 1782 3312 228 3438 2226 3960 4560 2604 1020 3780 3264 2178 2052 2490 840 1836 1662 3552 4476 1662 1140 3000 2094 2556 4044 2670 3894 4242 4752 198 2604 2214 2436 4296 3144 2268 1764 3786 4674 2268 3768 1644 3996 3318 3018 1392 5304 2712 2304 3792 2112 3954 3264 1290 1458 4056 4248 2904 2412 2430 3498 3540 1842 438 3270 4518 3330 4104 1098 3630 2376 534 3108 2802 588 2394 3876 492 1830 2088 1446 2286 1710 900 1230 2286 5070 1788 1344 1368 2514 2550 3792 1596 4986 5352 2790 3888 1458 3276 4416 1974 3258 3690 1914 882 384 2310 3840 984 1950 3192 3354 2886 1452 3510 2682 750 3324 2136 3168 4440 438 1626 792 3606 2220 3066 2592 1914 666 3552 3156 3300 840 1512 3426 810 1632 1896 2976 4380 2898 3444 3456 894 2472 162 1056 2970 3108 3672 3048 3150 4404 2640 3150 2916 2754 528 1902 438 1458 1080 2880 
2440 2760 920 2256 4520 3688 4264 3744 2592 2176 3544 3248 976 3120 4032 3248 1992 4616 3456 880 3480 3312 2832 3472 2752 3568 3472 2920 4080 3000 1160 2168 2176 3200 1592 3416 3416 2296 856 3184 3080 2120 1768 3144 2360 1568 2584 1920 1352 2104 2880 3640 3008 2240 136 2480 3512 2904 3904 2392 136 3024 2584 2256 2424 144 3928 1672 3600 3344 1848 3536 1616 312 3464 1792 2120 3432 4864 2104 2032 3592 3872 1344 2816 2584 2968 1904 1376 1512 2856 2472 2968 2800 2776 2016 4904 1976 4208 2424 4456 3088 3128 3328 496 1264 1976 5096 1120 1680 2784 832 2888 3184 1856 1424 3424 3472 3696 1792 2600 3848 776 3528 3664 3432 1920 1336 1448 2944 1120 3024 2984 3128 1680 3560 2712 1592 2808 2712 640 2592 2944 3680 3408 4576 704 1448 3240 1016 752 2544 1968 3112 1008 1792 1120 2856 5072 1272 1696 4456 4264 896 1984 1808 2656 4536 3864 1304 3040 2456 3352 1384 1064 3680 1720 1536 3368 1496 3424 3440 2672 1808 1720 240 3072 1296 600 2832 3504 2832 3528 1048 1728 1360 3128 2176 3280 2536 1808 4296 3864 2832 3544 3808 3568 2920 1920 3904 4616 2280 2408 1720 4240 3224 952 1096 2664 3368 3184 3760 1864 1888 2984 1096 3800 1720 2664 1760 1448 344 2304 1248 776 3456 3184 3784 1256 3336 2656 1360 1944 2120 1456 2704 2880 2936 1584 3000 2376 1448 2160 1304 776 4592 3248 632 4344 3488 3912 848 3336 2176 2392 1000 1712 3248 4360 3032 2264 4144 1048 4800 3280 4120 3168 1392 3760 1208 
2233 3605 1596 3094 4781 4746 4501 4795 1953 945 2149 4326 2100 3857 4417 3920 2989 5516 4326 1085 4564 4347 3990 4459 3913 3052 2086 3941 4550 2856 616 3409 987 1743 2345 4431 4361 2604 2177 4249 4214 3276 245 3367 2772 2422 3724 2338 2184 3108 3339 4046 4039 2128 1617 2436 4585 1645 2604 602 1533 4095 3332 2261 2261 1491 4816 2807 4592 4214 1120 4564 2100 1316 2275 2793 2520 1883 5117 1869 3031 3913 4445 1351 3983 3647 3101 791 2625 294 3570 2569 2723 1344 3829 2219 5061 2548 2646 2520 4921 3360 3633 2996 1225 1869 2464 5264 588 2947 2065 2233 2562 3430 2660 2177 4326 2590 4557 91 3780 4886 1064 2142 4627 4319 2828 371 497 1764 1932 1344 4074 4186 2310 3402 3731 2534 3626 2268 2072 3773 4067 4704 2541 4767 1911 434 2506 1792 1988 875 2254 4018 644 2513 1631 4018 5390 1302 945 5376 4634 2128 3129 2709 2149 5040 2331 1498 4179 3346 4137 2555 693 4557 1925 2324 2352 1575 2772 4347 3815 1757 2135 1302 2709 1435 1505 2534 4011 2009 2464 826 2639 1211 3724 644 1988 2730 2800 5264 3941 3031 1974 4263 4130 4067 651 4879 5530 777 2135 840 4858 4312 770 2093 3843 3703 1918 2898 2856 2583 2926 651 4536 3017 3654 840 2240 1743 1680 1953 1911 4298 2723 2821 1820 2100 1687 329 1085 553 2310 1771 3997 3941 1575 2849 2786 2674 1792 1890 1106 4956 4347 1729 4991 4417 2611 2184 2492 2261 3493 2303 2275 4116 4886 4109 3276 4746 2436 4970 2212 4151 2184 1099 3479 2569 
3808 2288 2376 2240 3912 1568 3816 1624 4016 4104 5280 1184 1904 2240 3408 2432 1848 2736 1976 2880 1352 1368 768 1968 904 4496 5208 1312 3264 3728 3240 288 4096 5032 2392 1472 1752 2848 1576 1512 1000 808 3904 3288 3056 1928 1128 2608 2280 1400 2776 3176 1272 3352 2024 3368 1520 4680 5488 4528 2136 1112 2496 3512 3760 2184 2160 1176 1984 1936 3792 1504 2512 2360 5048 1864 3000 5288 4128 3408 1432 3304 2944 3136 688 1528 3336 3960 1064 3640 2240 3192 3832 4712 1152 2920 4320 2712 5944 3488 3480 3184 2752 4144 2552 2592 2832 4432 3224 880 4208 1352 4184 3264 1960 2136 1872 4800 2120 3928 824 1736 2816 5256 1776 1944 1712 3448 3560 4656 2136 5024 1024 1552 2288 4048 1304 1720 1952 4184 1488 704 1176 1824 4744 4080 1792 3576 4776 2408 1696 4592 3088 2192 3144 2440 2504 832 4136 3096 3568 2568 3560 1568 1328 1752 4192 3432 5640 2808 952 2128 2208 1288 3176 2040 3096 2048 4848 3136 4840 1880 1088 3136 2872 2376 4016 3032 2384 3816 2904 4536 5000 3056 1760 3088 2592 4224 4992 3088 1528 2296 3872 3192 5400 3160 2832 792 3928 2152 2656 4376 3848 3648 3016 1392 3032 2080 528 3200 4896 4976 1512 2496 3616 3176 2504 600 1400 3688 2336 1928 3840 2480 1848 2072 4504 5096 2424 4992 4496 3496 3912 4248 1952 4312 880 1400 3232 3736 2720 1344 3560 2392 2712 3768 1328 2144 3008 1816 5488 1416 4672 3104 984 1480 2688 1920 3296 1456 1328 3000 1096 4248 4824 4096 4680 3192 4312 920 
9160 8160 5200 7960 480 5890 860 5880 5090 6480 6590 4760 6870 2520 1100 2290 7470 7740 3100 7160 5610 4320 5780 7560 6230 4040 6550 3800 1230 3530 6480 5680 6410 6760 7730 4290 3550 3570 6400 6950 5830 4350 7580 2510 8720 4160 6690 3960 7470 3800 2560 1570 3960 4370 6160 3940 6420 6330 6270 8030 6280 4350 8340 8890 9140 6300 3580 4350 7460 3050 8300 4590 4330 6030 6000 7390 8520 7030 260 4750 3830 1700 1650 7800 5380 7220 2930 8150 4810 7340 2650 3680 3830 6810 3950 4130 200 8230 7120 9030 1170 2490 2220 3710 6710 7600 8310 240 6570 6220 5140 5970 9720 2400 3800 4390 3280 5150 3150 7430 6230 6000 7000 6550 4040 3150 3780 6840 7470 6120 4780 7400 4490 7070 4100 2950 3690 4160 2910 9520 5800 6030 6540 6980 5140 510 5250 7410 10180 7280 5220 7290 8450 8050 6860 7900 5060 5900 810 7710 6030 7570 860 5070 6900 3900 9450 1450 7000 5160 5770 7910 2580 4600 7090 3320 8240 4220 5580 8000 10410 3290 6600 4810 8140 6300 4010 7750 6870 4080 1780 9630 5650 6170 3980 5560 2250 6990 6330 3410 3990 6990 1870 3000 7110 1410 1790 5200 6630 7450 7440 8380 9130 6210 1940 6640 6360 7120 5300 2000 6280 4960 3930 8000 3340 6460 2440 5870 3560 6230 7590 6290 5290 7530 5150 2910 10100 5250 4780 6160 9330 7090 8370 8080 4310 5660 4630 3670 8110 3550 3310 6640 4950 4690 5900 700 6470 6770 2170 3510 6270 5270 5120 4090 4080 6420 8020 3000 1460 6980 3750 1810 5770 280 5730 1700 5560 5720 3120 5480 
550 1050 2045 745 4175 2655 4045 2695 3005 2500 3400 2710 975 3190 3855 3290 910 2760 3205 1205 2610 2855 2175 1925 1965 3680 3355 2795 3840 3345 1865 1880 2520 3125 545 2920 3090 2900 1205 1960 2300 2335 1765 3410 150 2380 1680 2665 675 2525 3205 3635 2795 2860 1415 3015 2375 3015 3695 2090 1380 2700 765 380 515 1385 3360 2235 2065 3160 1200 2915 2480 1615 3435 850 150 3240 4365 2750 2500 3640 3675 930 2300 1430 3315 1470 2010 1680 3085 3015 3320 2840 2695 2730 4425 310 3775 220 4035 3370 3315 3545 1300 680 250 4530 1800 1455 3120 1425 675 3430 2540 2335 3150 3545 3315 1875 1885 2730 1265 3395 3115 3185 2520 1815 1535 3075 2160 2850 2645 1875 2495 3695 2735 2350 2985 780 1515 1950 1965 2300 3505 4235 1845 1580 1120 830 1845 2515 280 1415 1580 480 2165 2150 4445 965 2310 2680 3990 1895 1240 2470 835 4045 3550 2260 2295 945 3265 2105 1465 3275 515 2385 3435 765 1085 3160 1775 2575 405 1465 3375 875 1110 3225 3515 1150 3525 1910 2435 2225 3285 2350 3265 3050 2415 2745 3860 3230 3300 3705 3530 2410 2290 2300 2850 1740 630 2285 3810 2110 1790 850 2245 3515 3205 3745 2440 445 3340 1830 3505 1635 2755 2300 615 1315 2810 685 1910 3245 855 3735 2255 3330 1285 1710 1275 1795 2320 3000 2555 2835 765 3345 2935 1170 2765 2285 1855 4170 2185 1075 3840 3135 3700 1780 3465 2830 2510 1200 405 3130 3945 1850 2575 3780 1535 4365 3355 4020 3305 2215 3820 1685 
7749 6723 4284 6570 459 4635 774 4626 4455 5616 5904 3618 5652 1665 576 1467 6129 6300 2124 6003 4383 3222 4545 6147 4959 3690 5859 2772 477 3105 5490 4482 5562 5994 6408 3195 2529 2934 5220 5589 4590 3303 6489 2079 7299 3294 5382 3231 6183 2853 1953 1053 2907 3735 5067 3366 5121 5580 5670 6939 5175 3258 6903 7497 7731 5202 2574 3366 6048 2079 7056 3465 3546 4995 5382 6066 7128 6246 486 4068 2889 1287 837 6561 4185 5868 2475 6966 3780 6255 1845 3105 3375 5985 2907 3438 801 6858 6426 7605 441 2034 1575 3339 5589 6336 6939 837 5562 4995 4527 4833 8253 1971 2961 3537 2286 4653 2169 6363 4959 4734 5868 5868 2970 2169 2898 5823 6345 5409 3888 6507 3375 5715 3303 2691 2682 3258 2034 8091 4698 4779 5229 5616 4635 738 4257 6300 8703 6048 4212 6354 7083 6606 5787 6552 4176 4644 684 6489 5166 6147 288 4068 5598 3015 8037 729 6282 4311 4527 6516 1674 3609 5985 2322 6912 3366 5013 6732 8892 2295 5292 4068 6804 5220 3564 6507 5697 3582 1107 8226 5094 5211 3096 4698 1521 6057 5643 2844 3069 5625 1728 2493 6336 765 1044 4023 5715 6039 6030 7209 7731 5319 1107 5319 5355 5877 4122 1548 5580 4536 3015 6642 2916 5463 1530 4680 2574 5346 6291 5166 4590 6264 4176 1953 8604 4788 3933 5508 7992 6030 7128 6939 3438 4977 3510 2646 6831 3123 2664 5391 4257 3843 4932 117 5157 5598 1341 2493 5670 4230 4599 3447 3042 5229 6687 2043 684 5625 2790 972 4635 774 5130 1683 4968 4842 2907 4365 
5706 6453 2430 5931 3987 6426 3582 6471 540 1908 1629 5508 4491 3744 3717 3690 5598 7911 4698 3798 6129 5310 5679 6921 5823 909 1584 4608 4050 1170 2655 5058 1845 1773 5175 5391 4950 1800 4275 6462 5913 4140 3366 2223 6003 2664 5868 1917 4905 3528 2610 3294 4806 1053 3537 1143 6525 1413 1494 3447 3546 5067 6300 5625 5724 3528 5454 3528 6993 4536 4410 5661 1998 3078 1116 5391 5697 1998 4428 1053 3438 3006 4113 4383 5472 6057 1836 4059 3645 3303 3348 1413 900 1917 4563 1557 4203 5589 2205 5904 4536 2295 3024 1008 3591 4716 5562 4491 2781 4914 396 4050 6183 2331 2718 2430 4779 567 4986 3159 5697 6606 3672 1593 5472 4707 3042 2871 3528 1215 2502 2430 5112 6471 2259 1692 4293 2907 3654 5850 3753 5598 6111 6885 504 3852 3069 3447 6237 4473 3150 2529 5445 6759 3177 5409 2214 5760 4905 4302 1881 7722 3987 3204 5436 2943 5724 4788 2016 1935 5850 6120 4185 3375 3420 5067 5076 2520 765 4671 6570 4815 5913 1395 5202 3321 711 4428 3960 720 3456 5616 891 2511 2898 1926 3276 2412 1377 1665 3195 7371 2637 1872 2070 3654 3690 5463 2223 7236 7794 4005 5607 1989 4779 6381 2736 4635 5292 2763 1323 828 3240 5508 1359 2700 4626 4779 4122 1971 5013 3771 900 4743 2952 4572 6444 900 2187 1233 5220 3123 4401 3717 2628 873 5103 4536 4725 1152 2070 4887 963 2196 2601 4392 6327 4095 5031 4995 1494 3456 432 1350 4239 4410 5265 4392 4608 6354 3744 4590 4122 4095 855 2826 693 1953 1638 4068 
4530 5450 1120 4820 5010 6020 4600 6080 1260 1170 2530 5170 3220 3920 4520 3970 4490 7470 4760 2380 5710 5080 5050 6190 5100 2680 2440 4380 4760 2250 1180 4270 1130 2200 3930 5190 4910 1910 3040 5750 5340 3580 2170 2970 4830 2010 5030 1600 3640 3100 3000 3990 4560 1190 2160 1630 5980 1760 2900 2560 2150 4750 5230 4420 4540 2120 5540 2840 6310 4590 3170 5440 1340 1620 2340 4250 4490 2520 5510 850 2990 3780 4660 3050 4910 5140 2580 2860 2780 2000 3470 1820 2080 1850 4260 1340 5400 4380 3370 4720 5300 2970 3450 2500 2150 3400 4340 5690 1310 3910 1490 2860 5070 3070 2280 1640 4800 2350 5100 1980 4930 6230 2240 2500 5400 4760 2600 1490 2210 1750 1450 2330 4760 5710 1700 3030 4040 2250 3650 4720 2540 4860 5390 6300 2270 4980 1880 2130 5210 3130 1990 1970 4210 5860 1730 4190 960 5120 5920 2950 570 7260 4840 2120 4410 2440 4590 5500 2960 590 5280 5070 4370 2550 2000 5140 3800 1840 2210 3360 5550 4830 5110 660 3940 1870 2120 3090 2560 1840 4000 4550 2400 960 2350 300 3620 1580 2170 2060 2650 6960 3780 2480 2660 4330 4190 4960 1190 6640 7400 2960 4420 750 5310 5720 1210 3350 4700 3470 2050 2740 2730 4310 2340 1200 4940 3840 3890 780 3750 2430 880 3430 1780 4680 5370 2740 1130 2210 4140 1770 3190 2640 1880 1390 4700 4340 3420 2240 2200 3760 800 1200 1060 5300 5700 2740 5530 4980 2900 2350 2190 1380 3810 3210 4010 4430 5280 5590 3360 5130 3020 5270 2100 4080 1960 330 3170 3050 
5643 6588 2583 6030 4410 6732 4005 6777 594 1683 1197 5841 4590 4149 4149 4095 5724 8181 5085 3780 6444 5661 5949 7137 6075 1242 1152 4968 4482 1602 2601 5310 1629 1368 5238 5742 5328 2178 4410 6705 6201 4455 3204 2646 6021 2961 6093 2241 4968 3861 3024 3726 5157 1359 3636 1521 6804 1044 1107 3204 3636 5409 6399 5589 5661 3600 5841 3825 7227 4923 4293 6012 2277 3150 693 5508 5715 1575 4860 1260 3762 3429 4536 4347 5760 6246 2259 3906 3897 3177 3744 1809 1332 1575 4914 1872 4635 5625 1791 5886 4968 2727 3447 1422 3609 4734 5589 4914 2718 5112 369 4212 6102 2763 3051 2691 5166 441 5373 2988 5940 6921 3663 1161 5841 5103 3375 2772 3420 828 2718 2070 5445 6696 2565 2106 4653 3204 4041 5751 3915 5850 6363 7146 378 4284 3249 3330 6111 4509 3339 2232 5445 6921 3123 5463 2376 6030 5337 4257 1791 7992 4419 3411 5607 3267 5616 5220 1584 2070 6129 6246 4590 3645 3357 5454 5058 2808 369 4635 6444 5193 6138 1584 5211 3384 1143 4401 3996 1143 3888 5472 531 2502 3213 1971 3690 2178 945 2061 3510 7659 3060 2295 1647 4086 4113 5769 2043 7488 8073 3807 5535 1872 5202 6642 2718 4716 5589 3195 909 837 3564 5571 1791 2655 5040 4995 4482 1854 5076 3879 900 4779 3141 4968 6345 783 2394 801 5058 3015 4266 3519 2907 612 5436 4896 4680 1584 2457 5040 1107 2421 2646 4824 6597 4167 5454 5373 1116 3654 315 1683 4572 4554 5292 4779 5040 6579 4086 5013 4311 4518 423 3249 261 1962 2034 4284 
6111 5131 3535 5061 847 3318 1092 3304 3843 4683 4998 2562 4438 1330 840 1211 4718 4592 1428 4816 3136 2254 3339 4571 3682 3318 4956 1995 588 2821 4501 3367 4641 5047 5005 2212 1715 2590 4102 4151 3346 2520 5278 2002 5677 2730 4039 2779 4844 2261 1813 1169 2072 3248 4053 2975 3724 4718 4844 5663 4144 2324 5306 5901 6090 4172 1659 2667 4480 1435 5656 2408 3003 4046 4606 4690 5565 5250 721 3493 2303 1393 665 5229 3059 4438 2310 5614 2975 5089 1561 2758 3031 5005 2121 2975 1036 5348 5432 5957 203 1953 1484 3038 4487 4998 5418 980 4550 3836 3913 3801 6489 1918 2471 2947 1547 4046 1407 5194 3696 3381 4718 4970 2009 1470 2373 4760 5138 4592 3213 5404 2422 4249 2786 2548 1988 2667 1610 6391 3724 3556 3878 4116 4032 1064 3444 5110 6881 4781 3395 5257 5558 4991 4704 5103 3472 3423 518 5173 4305 4480 665 3276 4284 2478 6356 133 5299 3605 3304 4984 1204 2884 4844 1519 5453 2807 4312 5341 7014 1547 3955 3465 5348 4207 3185 5180 4543 3178 1106 6538 4389 4284 2548 3920 1379 5005 4781 2555 2478 4067 1813 2310 5320 896 973 2919 4739 4438 4368 5831 6104 4431 518 3920 4382 4613 3031 1582 4732 3976 2429 5173 2667 4473 945 3577 1932 4452 4921 4109 3920 4928 3388 1323 6769 4172 3283 4683 6377 4907 5719 5628 2842 4249 2534 1904 5425 2835 2366 4172 3654 3213 4046 448 3787 4438 637 1680 4844 3374 4004 3003 2289 4088 5236 1442 245 4186 2170 497 3626 1043 4396 1792 4270 4039 2730 3409 
3528 3750 1116 3432 2202 3582 1938 3606 660 1422 1698 2964 2508 1824 1956 1800 3186 4584 2442 2226 3384 2832 3096 3966 3210 888 1656 2364 2136 468 1584 2706 1386 1686 3000 2886 2598 498 2316 3648 3246 2058 2196 954 3582 1092 3270 576 2820 1638 1104 1644 2496 174 1884 96 3660 1404 1692 2394 1914 2670 3684 3438 3528 1908 2946 1662 4002 2334 2778 3066 684 1626 1410 3066 3396 1872 2502 396 1578 1482 2136 2640 2952 3426 702 2604 1764 2088 1554 276 414 1650 2328 354 2406 3294 2136 3594 2466 978 1392 684 2022 2742 3294 2586 1656 2658 750 2130 3858 1026 1104 960 2490 1086 2634 2076 3132 3702 2130 1674 2946 2448 1320 1782 2208 1302 1068 1998 2700 3660 822 930 2154 1248 1740 3672 1944 3060 3408 3906 1044 2154 1470 2160 3990 2568 1512 1914 3264 3912 1890 3144 966 3150 2784 2580 1194 4458 2142 1518 3036 1254 3600 2622 1974 864 3204 3534 2118 1578 2052 2688 3042 1002 1194 2808 4182 2514 3288 516 3084 1806 504 2646 2232 330 1710 3600 1296 1428 1230 1008 1542 1740 1494 456 1428 4218 1392 672 1938 1872 1848 2940 1536 4152 4500 2670 3474 1296 2568 3582 1572 2622 2838 1302 1440 1194 1452 3216 510 1590 2430 2544 2040 1308 2892 2028 720 2748 1386 2364 4056 1290 888 1434 3372 1944 2790 2472 1080 1002 2694 2316 2856 462 690 2688 504 870 1380 2418 3540 2286 2724 2628 1698 1698 1002 204 2112 2394 3096 2232 2496 3582 1782 2448 2148 2328 1224 1566 1104 1074 1038 2082 
4221 2436 3108 2604 3605 350 3612 385 4452 4641 5607 511 2653 2261 3220 2422 2324 1631 1673 3577 119 819 546 1540 854 4718 5551 1260 3003 4032 3906 1078 4627 5418 2961 847 1358 3290 2401 1155 385 1421 4487 3479 3423 2583 1281 3150 2912 1918 3003 3129 1113 3836 2849 3787 658 5103 5747 5033 2933 833 2744 3948 4172 2982 1470 1918 1428 1715 4347 672 3122 3143 5376 2408 3437 5649 3696 3927 1981 3311 2702 3759 469 1701 3598 4522 1932 4256 2408 3605 4158 5166 1211 3437 3941 3185 6181 3871 3052 3381 2870 4389 3297 3227 3304 3976 3892 1666 4613 2240 4515 3437 2527 2807 1547 5089 1659 4508 959 490 3521 5586 1078 1638 2282 4095 4179 5068 2863 5453 756 1281 2891 4200 1442 2394 2107 4557 2373 861 952 1043 5040 3787 2618 4193 5075 3101 2534 5082 3570 2121 3822 2961 3206 581 3584 3731 4165 1498 3283 2415 1855 2352 4585 2933 5929 3465 378 2401 2072 2093 3850 1540 3640 2702 5173 3724 5089 1540 1155 3703 3416 3150 4333 3661 3129 4172 2856 4928 5306 3745 2387 3731 2674 4760 5355 3465 2156 1134 3871 3493 5747 3017 2737 406 4494 1372 1470 4886 4270 4242 2548 896 3724 2786 602 3276 5271 5208 2121 2989 3906 3850 2142 1498 1582 4277 2947 2751 4333 3129 2660 1806 4781 5334 3108 5341 4928 4130 4452 4781 2632 4753 707 1351 3815 4039 3129 2079 4067 3066 3437 3367 749 2912 2457 1393 5747 2303 4991 3591 1372 2303 3227 1771 2863 1246 1771 2597 2023 3899 5166 4025 5033 3829 4445 1876 
5121 3051 3483 3168 4311 972 4284 1017 5202 5454 6687 504 3033 2511 3789 2727 2772 2556 1872 4158 675 855 585 2160 1044 5562 6606 1233 3537 4680 4527 1008 5427 6444 3510 954 1503 3726 2682 1620 612 1305 5301 4005 4176 2799 1566 3528 3411 1962 3402 3627 1071 4410 3195 4356 1197 6039 6858 6003 3312 720 3393 4779 5067 3375 1800 1944 2070 1890 5184 864 3492 3555 6390 2844 4158 6741 4464 4518 2043 3843 3150 4437 252 2106 4140 5382 1962 5004 2655 4122 4833 6120 1134 3897 4752 3834 7425 4716 3663 3879 3249 5148 3789 3798 3978 4824 4518 1800 5409 2439 5526 3951 2736 3078 1719 6021 1926 5319 1107 1152 4086 6660 1305 1827 2421 4779 4923 5985 3159 6498 603 1746 3195 4923 1422 2556 2277 5553 2592 936 1278 1674 5967 4536 2862 4932 6219 3609 2745 6030 4293 2754 4446 3537 3600 684 4374 4392 4842 2367 3897 2592 2151 2511 5571 3537 7101 3933 549 2952 2322 2169 4491 1791 4347 2952 6129 4419 6264 1719 1431 4239 4077 3582 5058 4311 3600 4851 3285 5985 6300 4311 2547 4284 3015 5616 6363 3951 2250 1944 4545 3996 6867 3519 3150 45 5274 2097 2376 5841 5175 4941 3042 1332 4293 3222 342 3780 6255 6183 2214 3582 4527 4455 2493 1539 1593 4986 3474 3087 5040 3672 2907 2025 5877 6336 3474 6345 5958 4842 5319 5688 2862 5580 477 1359 4536 4689 3519 2340 4707 3420 3924 4041 1179 3330 2970 1566 6867 2457 5895 4095 1269 2565 3852 1935 3429 1674 1782 3087 2151 4689 6120 4761 5949 4410 5238 1944 
5448 4818 3084 4704 252 3438 516 3432 3060 3882 3978 2760 4062 1434 606 1296 4410 4548 1764 4254 3270 2496 3378 4446 3654 2454 3954 2196 654 2130 3858 3324 3840 4074 4572 2478 2034 2124 3780 4080 3408 2532 4524 1500 5172 2448 3930 2346 4422 2208 1500 900 2286 2616 3648 2358 3762 3804 3792 4806 3720 2520 4932 5280 5430 3732 2052 2550 4386 1740 4944 2658 2568 3576 3624 4362 5052 4230 66 2844 2232 996 900 4638 3138 4254 1752 4860 2820 4380 1530 2202 2310 4092 2286 2460 216 4872 4302 5358 606 1482 1284 2250 3978 4506 4926 210 3918 3660 3096 3522 5778 1434 2232 2592 1872 3120 1794 4434 3648 3504 4158 3954 2322 1794 2214 4080 4452 3684 2832 4440 2598 4158 2424 1800 2130 2442 1674 5664 3420 3534 3834 4092 3114 336 3102 4416 6060 4314 3078 4374 5016 4746 4080 4674 3000 3450 414 4584 3606 4446 444 2988 4062 2286 5622 768 4224 3072 3366 4674 1464 2700 4218 1896 4890 2490 3372 4752 6198 1878 3870 2874 4830 3732 2424 4602 4068 2460 1008 5736 3420 3678 2340 3318 1290 4188 3816 2034 2334 4098 1146 1788 4284 780 1002 3030 3972 4374 4362 5004 5430 3708 1062 3894 3786 4212 3096 1182 3780 3012 2298 4740 2016 3846 1368 3450 2058 3726 4488 3720 3174 4464 3042 1656 6012 3186 2838 3720 5562 4224 4986 4824 2538 3402 2688 2112 4818 2142 1962 3912 2964 2784 3510 318 3786 4014 1206 2010 3792 3108 3096 2442 2370 3792 4758 1710 774 4098 2178 984 3396 240 3462 1056 3360 3414 1908 3222 
732 1338 2754 1044 5298 3360 5142 3408 3888 3258 4338 3474 1458 4104 4914 4230 1290 3396 4104 1722 3318 3660 2808 2406 2544 4710 4284 3606 4890 4314 2508 2490 3282 4002 942 3732 3960 3774 1734 2490 2952 3072 2346 4392 354 3150 2190 3492 1098 3312 4140 4656 3600 3726 1998 3918 3006 3876 4698 2712 1956 3480 996 594 690 1956 4272 2964 2580 4056 1632 3714 3270 2232 4392 1248 474 4128 5520 3594 3282 4662 4686 1368 2970 1866 4278 1962 2694 2256 3984 3918 4278 3660 3486 3570 5598 642 4776 354 5118 4338 4272 4548 1848 1116 594 5724 2430 1986 4026 1992 744 4410 3342 3096 4038 4536 4230 2484 2454 3444 1800 4332 3972 4080 3312 2442 2082 3960 2886 3654 3408 2382 3294 4734 3546 3114 3858 954 2106 2544 2520 2886 4488 5370 2508 2142 1296 1296 2508 3252 612 1770 2166 846 2898 2772 5610 1416 3048 3312 5070 2568 1698 3258 1044 5124 4506 3006 2952 1254 4188 2814 2022 4176 870 3156 4392 1164 1194 4044 2304 3378 774 2052 4344 1314 1626 4164 4506 1422 4506 2574 3210 2958 4230 3066 4176 3960 3186 3414 4926 4176 4206 4734 4518 3108 3006 2856 3516 2274 840 3012 4842 2682 2430 1314 2916 4512 4110 4776 3216 786 4302 2472 4470 2208 3576 3030 1026 1872 3654 1116 2586 4158 918 4764 3006 4260 1632 2304 1710 2352 3084 3870 3300 3660 1158 4308 3816 1656 3606 3036 2514 5286 2784 1590 4866 4014 4704 2430 4440 3696 3276 1722 780 4020 5010 2358 3366 4806 2118 5532 4296 5118 4242 2940 4878 2304 
6928 5848 3960 5760 864 3816 1136 3808 4280 5248 5592 2952 5016 1456 848 1320 5360 5288 1640 5432 3608 2592 3824 5232 4208 3680 5552 2272 560 3104 5056 3832 5200 5656 5680 2552 1976 2856 4632 4752 3840 2848 5944 2176 6448 3040 4608 3080 5488 2528 1968 1224 2368 3600 4568 3288 4280 5280 5416 6384 4672 2664 6032 6688 6904 4704 1936 2992 5136 1640 6384 2776 3344 4552 5144 5328 6320 5888 744 3888 2576 1480 688 5912 3504 5056 2528 6336 3352 5728 1704 3048 3344 5616 2408 3296 1096 6064 6088 6760 120 2120 1600 3352 5056 5656 6152 1056 5112 4352 4360 4288 7360 2080 2744 3280 1776 4512 1632 5848 4216 3904 5312 5560 2328 1680 2640 5352 5792 5136 3592 6072 2768 4864 3096 2792 2248 2976 1784 7248 4200 4064 4440 4728 4488 1104 3864 5760 7800 5408 3816 5904 6304 5704 5288 5792 3880 3912 584 5840 4824 5160 640 3672 4864 2760 7200 208 5944 4032 3784 5680 1344 3232 5456 1760 6176 3120 4816 6040 7952 1776 4520 3864 6064 4736 3528 5856 5128 3520 1160 7400 4896 4808 2840 4384 1488 5624 5352 2808 2768 4688 1952 2528 5968 912 1024 3344 5320 5096 5032 6576 6920 4960 624 4488 4928 5224 3464 1696 5296 4424 2712 5872 2936 5024 1088 4056 2176 4984 5576 4632 4376 5584 3800 1512 7680 4648 3664 5240 7208 5528 6464 6344 3168 4744 2904 2168 6136 3120 2600 4736 4064 3584 4536 408 4344 5008 784 1936 5424 3792 4456 3328 2592 4632 5936 1632 256 4792 2432 560 4096 1096 4912 1936 4760 4520 3000 3848 
6230 6230 2110 5770 2950 5540 2530 5580 1830 3080 3540 4450 4310 2360 2520 2300 5330 7280 3430 4080 5200 4190 4820 6380 5070 1700 3470 3400 2820 720 3160 4250 3020 3550 5160 4260 3730 400 3930 5830 5050 3040 4240 890 6160 1610 5250 840 4870 2290 1110 2000 3620 980 3330 590 5740 3080 3460 4640 3410 3950 6190 6040 6230 3410 4270 2470 6420 3250 5100 4580 1210 3000 3020 5150 5880 3850 3460 1360 2210 1740 2830 4770 4540 5580 500 4870 2740 4030 1920 280 910 3490 3370 780 3320 5670 4240 6270 3370 910 1590 1240 3690 4820 5690 3620 3280 4320 1960 3560 6790 990 1490 1540 3530 2370 3740 4060 4960 5730 3920 3500 4320 3440 1800 3520 4200 2900 1860 4070 4010 5860 1230 1240 3060 1820 2270 6510 3280 4820 5410 6190 2320 2900 2520 4120 7090 4510 2550 3900 5700 6410 3620 5390 1890 4920 3910 4670 2640 7080 2830 2510 4980 1740 6410 3630 3990 1870 4970 5890 2850 2430 3880 3840 5370 1520 2640 5030 7390 3560 5250 1420 5390 3300 1170 4760 3980 1010 2110 6470 2790 2880 1740 2210 1850 3590 3210 80 2030 6640 1710 400 3960 2380 2350 4490 3230 6620 7110 5040 6160 2810 3550 5670 3100 4520 4360 1430 3130 2450 2050 5510 580 3160 3350 4080 2860 2830 4990 3550 1940 4800 2380 3280 7140 2670 1670 3100 6120 3780 5150 4720 1660 2410 4030 3300 5120 730 560 4470 1560 1610 2700 3300 5580 4010 3820 3770 3460 2800 2260 690 3070 4030 5370 3090 3420 5740 2500 3350 3530 3190 2720 2020 2520 2360 1530 3360 
3626 4921 2226 4424 4648 5663 4340 5705 1372 700 805 5096 3353 4144 4382 4151 4270 6615 4781 2436 5453 5033 4956 5635 4956 2324 756 4536 4599 2464 1596 4396 707 385 3696 5110 4900 2618 3339 5369 5173 3983 1610 3213 4179 2884 4851 2506 3521 3647 3381 4025 4669 1939 2716 2212 5600 532 1302 1351 2667 4802 4683 3668 3654 2625 5341 3465 5747 4655 2492 5285 2380 2331 1085 4081 3920 476 5005 1701 3563 3829 4585 2758 4879 4851 2905 2121 3402 1701 3822 2422 2268 182 4459 2247 4858 3934 1239 3927 4984 3248 3717 2422 2471 3241 3857 5075 1659 4053 1358 3304 3927 3290 3052 2625 4816 1617 5019 1442 4830 5810 2387 812 5250 4781 3290 1554 1911 700 2492 252 4809 5327 2639 2940 4298 3052 3983 3619 3101 4802 5145 5789 1582 4578 2723 1841 3780 3129 2807 567 3661 5292 1911 3878 2142 4998 5348 2702 1169 6468 4599 2919 4326 3178 3500 5152 924 1883 5131 4655 4473 3255 2037 5054 3332 2758 1288 2982 4067 4837 4921 1792 3535 2422 2163 2835 2779 2079 4088 3283 1351 1673 3115 1603 3871 763 742 2632 3332 6286 3640 2884 560 4291 4249 4928 917 5999 6587 1904 3521 1106 5075 5383 1771 3388 4739 3619 707 1911 3381 3948 2590 1659 4858 4053 4193 1071 3584 2884 1260 3304 2674 4718 4067 1764 2268 889 2926 1673 2436 1715 2793 980 4760 4508 2989 2450 2849 3864 1540 2317 1946 4921 5390 2982 5243 4949 1309 3052 1561 2191 4144 3472 3654 4543 5005 5250 3829 4942 3458 4767 1134 3808 1190 1505 2919 3528 
488 3024 3592 2512 7304 5488 7040 5552 4744 3680 5032 5448 2392 5856 6816 6000 2712 5752 6048 1992 5384 5640 4672 4416 4376 5952 4968 5432 6848 5560 2872 4128 3728 4560 1912 5744 5928 5000 2760 4448 4896 4640 2320 5880 1584 4352 3952 4632 1992 4800 5656 6424 5464 4720 2760 5032 5072 4480 5568 2632 2664 5368 2568 800 544 2640 6400 4344 4640 5960 1320 5776 4320 2880 5200 2568 1440 4680 7648 4480 4744 6368 6624 1448 4832 3592 5664 1712 3992 2312 5624 5104 5464 4104 5272 4640 7680 1712 5544 992 7208 5840 5912 5808 2328 1704 1560 7880 2768 3424 4896 3088 416 5936 4640 4192 5984 5536 6264 2528 4232 5616 2120 5032 6048 6024 4688 2672 2096 4616 3880 3984 5296 4312 4440 6176 5288 4368 5536 96 3128 4320 4416 5000 5472 7360 3480 2168 496 1928 3520 3488 1224 3608 2424 1936 3752 4648 7840 1528 3552 5632 7048 3648 3200 4584 136 7272 5192 3792 4880 2840 6048 4080 2208 6208 1176 4312 5280 1280 648 6008 4096 4248 1400 2656 5504 1480 2192 5280 6280 560 5408 3040 4504 3608 5912 3320 4864 5216 4552 5712 6600 5544 4768 6584 6344 5000 3344 5016 5888 1992 424 3464 6944 4656 2848 2200 4720 6144 4784 5880 4608 1920 5592 2840 6472 3672 5280 3480 1944 2680 4416 1800 3560 6088 512 5816 3944 5000 912 2456 1360 2176 4232 4600 5160 5480 1192 5560 5128 2944 4448 4000 3104 7368 4768 2312 7016 6000 5576 3520 5416 4768 4936 2816 1616 5888 7104 4264 4928 6864 3320 7584 5128 6856 5088 3536 6320 3568 
1596 637 2947 329 5572 2996 5425 3052 4431 3899 5159 3192 1316 4137 5124 4291 672 3038 4025 2079 2961 3430 2387 1883 2058 5271 5089 3437 5054 4725 2961 2079 3913 4802 819 3514 3822 4025 1547 1967 2534 2870 3017 4669 616 3220 1638 3710 1015 3234 4319 4851 3409 4109 2058 4284 2569 4599 5523 3528 2051 3234 238 1337 1540 2072 4158 2856 2079 3983 2352 3465 3479 2422 5145 721 784 4984 5803 4004 3220 4893 4795 1841 2597 1246 4585 2702 2548 2856 4039 4235 4725 4417 3297 3857 5929 630 5712 1134 5285 4599 4417 5040 2093 1281 749 6055 2884 1554 4599 1813 1757 4683 3402 3213 3934 5201 4151 3150 1960 3087 2135 5145 3787 3990 3318 2961 2667 4662 3010 4494 3150 1841 3444 5166 3402 3129 3850 1918 2002 2072 2016 2429 5145 5684 2541 2723 2387 1400 2513 4025 1050 1155 2611 644 3122 2338 5866 1869 3556 2940 5292 2548 1127 3276 1995 5271 5397 3304 2534 525 4186 2730 2485 4074 1337 3248 5096 1645 2317 3941 1764 3738 1064 2240 4830 1736 1778 4620 4655 2429 5229 2968 3234 3339 4340 3752 4942 4249 3150 3045 5278 4459 5075 4907 4634 2758 3619 2408 3178 3101 1694 3549 4921 2191 2821 1204 2548 4746 4858 5453 3178 567 4683 2905 4473 1813 3458 3577 938 1876 4172 1211 2639 4102 1995 5474 3206 5012 2590 2856 2457 3129 3157 4494 3017 3514 1687 4725 4025 1246 4060 3227 2814 5509 2317 1624 4928 3885 5530 2352 5082 4018 3094 1477 889 3955 5145 1813 3262 4893 1890 5859 5005 5495 4914 3353 5362 2065 
6741 7002 3123 6570 2844 6318 2448 6354 1827 3231 2871 5310 5202 3186 2727 3060 6183 7929 4194 4788 6021 5031 5733 7164 5976 522 2844 4320 3105 810 3762 5247 3168 3123 5949 5076 4527 1773 4896 6660 5922 4122 4599 1467 6831 2862 6147 2133 5679 3438 2043 2403 4527 1674 4284 1377 6552 2790 2520 4770 4329 4851 6948 6615 6741 4320 4932 3636 7191 4041 5562 5373 2412 3906 2331 6012 6552 3312 3267 1935 3366 2070 3276 5400 5463 6444 1242 5265 3888 4491 2862 1440 837 3294 4329 1917 2988 6399 3285 6849 3555 1584 2358 441 4500 5580 6399 3267 3879 5301 1755 4590 7236 1548 2754 2772 4311 1539 4437 4410 5877 6489 4653 2835 5076 4212 3024 4032 4689 2574 3006 3807 4923 6696 2502 540 4041 3060 3231 6939 4320 5751 6282 6975 1539 2664 3618 4608 7398 5310 3663 3888 6354 7191 4257 6165 2907 5832 3780 5319 3069 7749 2952 3645 5895 2988 6822 3834 3204 2754 5859 6687 3609 3609 4500 4554 6021 2772 1953 5670 7695 4338 6147 2205 6093 4167 801 5418 4815 1044 2664 6795 1989 3555 2988 2916 2637 3735 2682 1494 3231 7335 1485 1377 3375 2754 2907 5400 3501 7362 7758 5283 6660 3204 3951 6507 3780 5382 5310 1917 2655 1341 3249 6273 891 3789 3951 5094 3852 3204 5796 4491 2142 5580 3492 4032 7524 1602 2763 2502 6426 4284 5571 4986 2898 2241 4959 4221 5742 810 1890 5409 1998 2736 3519 3312 6417 4887 4212 4545 2520 3906 1530 1719 4113 5004 6102 3906 3690 6588 3600 3753 4572 2880 2115 1593 1989 3006 315 4437 
3360 3732 1050 3390 2496 3726 2238 3756 402 1134 1452 3132 2442 2082 2250 2070 3162 4698 2682 2064 3534 3024 3210 4026 3300 966 1404 2562 2430 708 1368 2790 1092 1410 2916 3078 2826 750 2280 3726 3372 2202 1944 1254 3480 1212 3330 738 2736 1818 1392 1938 2688 156 1806 390 3774 1122 1500 2118 1824 2850 3642 3282 3366 1812 3180 1782 4074 2574 2562 3252 756 1518 1194 3030 3282 1596 2802 150 1752 1776 2424 2472 3078 3456 996 2370 1848 1854 1806 564 594 1356 2520 492 2700 3198 1914 3456 2760 1278 1680 840 1890 2628 3186 2880 1446 2688 528 2118 3690 1320 1272 1038 2724 960 2874 1824 3210 3852 1974 1428 3156 2682 1494 1548 1986 1032 1080 1698 2874 3726 942 1170 2352 1374 1980 3486 1926 3150 3492 4008 918 2448 1464 1932 3786 2460 1512 1620 3132 3924 1692 3066 900 3264 3078 2412 930 4572 2436 1548 3042 1416 3408 2910 1728 744 3330 3510 2370 1674 1854 2922 2898 1110 1008 2652 3990 2742 3354 366 2964 1686 612 2484 2118 444 1998 3390 1116 1230 1380 804 1818 1452 1242 744 1578 4344 1680 966 1668 2166 2136 3084 1260 4242 4626 2412 3300 1026 2850 3672 1380 2544 2964 1596 1182 1128 1614 3138 780 1380 2694 2598 2244 1032 2808 1962 426 2640 1380 2610 3876 1188 870 1194 3144 1716 2574 2214 1176 732 2862 2520 2694 696 948 2676 216 876 1224 2718 3642 2196 3000 2856 1500 1716 864 390 2286 2370 2988 2472 2784 3648 1968 2730 2160 2622 1008 1848 894 858 1242 2124 
1170 1980 1296 1536 4074 3186 3876 3234 2340 1752 2838 2970 744 3024 3714 3120 1458 3708 3240 186 3060 3054 2532 2760 2400 3180 2784 2814 3750 2826 972 2052 1776 2526 894 3132 3192 2358 912 2628 2718 2208 1026 3012 1332 1866 2178 2082 756 2250 2838 3414 2862 2214 690 2424 2976 2364 3174 1500 606 2838 1746 1074 1170 588 3564 1914 2886 3162 756 3198 1848 762 2862 1290 1116 2670 4338 2064 2202 3372 3594 318 2580 2058 2856 906 1674 864 2832 2454 2772 2190 2700 2106 4362 1098 3306 1242 4032 2982 3030 3042 342 498 1050 4506 900 1572 2478 1080 1512 3048 2082 1740 3210 2988 3414 1116 2286 3300 252 2832 3342 3228 2130 942 720 2436 1506 2250 2796 2556 1926 3270 2676 1884 2790 1356 1038 2310 2502 3036 2940 4116 1218 762 1740 426 1254 1854 936 2340 642 1044 1428 2538 4494 264 1506 3594 3888 1356 1632 2046 1302 4086 3036 1494 2694 1752 3192 1710 528 3396 684 1830 2850 450 1890 3222 2268 1860 780 588 2826 288 300 2646 3318 1434 2964 1026 1986 1416 3036 1620 2664 2526 2040 3540 3552 2766 2754 3546 3366 2682 1506 3150 3744 1242 1134 1476 3858 2712 882 702 2478 3204 2598 3228 2082 1104 2832 930 3522 1692 2652 1500 804 678 2106 558 1272 3252 1722 3216 1566 2736 1326 846 846 1200 1776 2328 2712 2838 510 2820 2442 1272 2064 1608 984 4134 2760 480 3930 3246 3180 1290 2892 2214 2424 1008 864 3096 3960 2496 2358 3792 1272 4284 2760 3744 2700 1392 3396 1440 
2100 2870 965 2525 3005 3400 2795 3435 855 175 1075 3025 1745 2475 2770 2500 2400 4060 2880 1130 3260 3000 2890 3360 2880 1640 1030 2665 2890 1550 490 2485 190 825 2015 3055 2940 1460 1725 3170 3045 2235 720 1975 2395 1495 2800 1320 1885 2035 2010 2505 2750 1050 1275 1275 3340 685 1365 800 1240 2825 2710 2090 2115 1215 3260 1870 3440 2795 1330 3170 1180 1000 1115 2265 2215 960 3255 860 1975 2395 2845 1405 2845 2805 1770 1110 1800 705 2250 1390 1440 560 2600 1180 3195 2205 1470 2265 3165 1980 2240 1620 1120 1700 2160 3340 540 2230 930 1695 2345 2025 1645 1310 2895 1305 3045 600 2790 3510 1080 1070 3170 2880 1795 510 845 750 1180 720 2825 3145 1360 1935 2500 1605 2335 2145 1550 2770 3015 3470 1270 2985 1300 800 2330 1605 1360 475 2045 3120 750 2145 930 2920 3470 1365 230 3955 2930 1445 2430 1710 2065 3270 1250 770 3015 2675 2695 1710 860 3065 1820 1410 1145 1575 2520 2910 2850 830 1935 1070 1415 1450 1345 1305 2515 1980 1230 530 1665 540 2325 270 935 1525 1805 3835 2360 1730 1030 2680 2610 2885 85 3625 4045 1075 2035 150 3170 3185 605 1775 2745 2240 875 1525 1845 2200 1610 530 2980 2235 2430 130 1930 1400 670 1740 1270 2845 2475 1480 1045 1000 1750 635 1310 915 1425 720 2785 2650 1585 1540 1615 2095 780 1085 730 3160 3190 1480 3280 2975 1370 1530 1235 1185 2365 1815 2010 2715 3160 3085 2165 3085 1810 3125 1050 2500 1025 460 1975 1865 
2520 1072 2544 832 5184 2480 5032 2544 4320 3976 5352 2512 976 3528 4672 3712 432 2984 3392 2160 2376 2760 1664 1720 1368 5120 5280 2728 4584 4440 2936 1200 3984 5008 1096 2856 3176 3592 944 1552 1880 2080 3312 4256 1648 2632 976 3256 1088 2520 3816 4384 2704 3824 1672 3968 2096 4712 5696 3952 1720 2520 1120 2216 2472 1760 3576 2112 1888 3344 2856 2840 3032 2120 5248 456 1632 5240 5440 3768 2512 4448 4280 2176 1856 792 4200 3152 1784 3072 3440 3872 4472 4608 2568 3480 5600 1344 6016 2128 4840 4168 3896 4824 1976 1488 1480 5728 2880 568 4520 1104 2856 4256 2800 2688 3296 5184 3552 3400 1224 2616 2152 5336 3176 3360 2664 3040 2912 4744 2512 4800 2424 1448 2928 4896 2688 2496 3216 2912 1368 1312 1432 2104 5120 5328 1984 2952 3504 1416 1928 4288 1784 1312 2648 1080 2736 1640 5504 2168 3504 2832 4856 1912 216 2632 2952 4816 5672 3000 1872 808 3576 2016 2584 3464 1904 2696 5136 2072 3520 3304 1112 3464 1616 1992 4616 2048 1656 4384 4136 3368 5288 2856 2600 3136 3792 3936 5080 3848 2464 2800 4928 4056 5352 4424 4112 2032 3712 2232 3048 3616 2592 3536 4416 1704 2736 1032 1768 4288 4984 5440 2488 1120 4368 2872 3904 864 2744 3568 1104 1464 4064 1368 2088 3480 3168 5496 2776 5136 3416 2992 2992 3560 2584 4488 2280 2808 2160 4440 3552 360 3864 2784 2584 5096 1792 1392 4424 3248 5696 1680 5056 3672 2328 808 1392 3312 4672 1376 2544 4392 1088 5520 5056 5168 4936 3192 5136 1240 
1710 2718 1116 2286 3924 3684 3702 3732 1740 1020 2100 3348 1410 3048 3594 3120 2178 4338 3408 570 3534 3378 3042 3432 2964 2652 2046 3048 3684 2400 348 2544 1044 1776 1650 3456 3420 2082 1476 3252 3228 2472 414 2754 2070 1812 2802 1836 1506 2364 2676 3282 3132 1764 1002 2016 3540 1638 2460 876 930 3162 2502 1692 1728 888 3804 2082 3546 3312 846 3558 1608 774 2154 2016 1848 1920 4212 1566 2304 3192 3576 870 3036 2736 2544 684 1908 222 2814 2100 2310 1434 2952 1770 4188 1848 2556 1902 3996 2736 2916 2562 660 1254 1788 4350 276 2136 1860 1530 2016 2802 2028 1620 3396 2346 3600 426 2850 3810 534 2094 3636 3396 2154 204 270 1722 1398 1500 3138 3198 1764 2868 2880 1896 2838 1794 1404 2850 3096 3642 2298 3936 1308 234 2070 1170 1374 1098 1638 3060 162 1800 1176 3060 4422 816 852 4218 3780 1494 2292 2052 1704 4086 2286 1122 3198 2496 3270 1866 222 3600 1362 1740 2178 1068 2274 3414 2880 1416 1512 738 2328 924 900 2160 3234 1668 2286 510 1992 924 2970 864 1938 2214 2106 4122 3270 2472 1998 3450 3318 3114 768 3786 4350 852 1638 792 3906 3306 390 1410 2922 3012 1872 2604 2154 1860 2442 342 3618 2202 2826 810 1554 1104 1500 1314 1320 3396 2190 2562 1344 2022 1434 102 858 702 1716 1656 3072 3054 1086 2394 2220 1902 1530 1398 678 4050 3336 1092 4014 3468 2466 1518 2256 1836 2664 1584 1614 3234 3954 3132 2502 3822 1704 4110 2076 3456 2028 858 2958 1830 
7614 6282 4392 6210 1332 3915 1584 3906 4914 5940 6435 2961 5454 1494 1179 1386 5769 5562 1512 5994 3690 2556 3960 5535 4401 4347 6381 2250 792 3654 5643 4023 5895 6462 6174 2502 1872 3258 5013 4995 3969 2952 6642 2592 7029 3339 4869 3474 5976 2664 2277 1521 2340 4131 4995 3798 4446 6039 6273 7164 5121 2655 6516 7335 7587 5157 1791 3186 5418 1530 7083 2754 3744 5022 5940 5742 6894 6732 1242 4437 2736 1836 729 6516 3609 5382 2979 7047 3582 6390 1836 3519 3915 6390 2412 3753 1629 6606 7011 7398 423 2511 1845 3960 5571 6183 6705 1584 5706 4635 5022 4635 8100 2484 3015 3627 1656 5247 1467 6543 4428 4005 5868 6399 2232 1557 2853 5976 6444 5886 3969 6903 2781 5130 3447 3366 2259 3240 1845 7992 4554 4248 4653 4950 5220 1611 4221 6408 8622 5913 4158 6678 6894 6093 5877 6291 4329 4068 1008 6444 5436 5418 1017 3996 5202 2997 7947 171 6831 4518 3915 6111 1278 3483 6048 1611 6777 3447 5571 6642 8784 1656 4761 4374 6624 5220 4131 6444 5616 4095 1368 8199 5679 5364 3087 4923 1665 6345 6147 3249 2970 4887 2457 2952 6831 1161 1161 3420 5994 5364 5274 7344 7614 5589 324 4698 5490 5679 3573 2052 6075 5184 2907 6381 3456 5607 891 4302 2196 5625 6066 5058 5004 6093 4167 1377 8460 5427 4077 6030 8001 6165 7173 7092 3483 5436 2934 2133 6750 3672 2970 5085 4644 3996 5040 846 4527 5472 486 1818 6273 4113 5184 3807 2655 4995 6480 1548 216 5058 2538 351 4401 1629 5670 2466 5499 5076 3609 4122 
5705 5229 2870 5026 574 3969 259 3976 2716 3689 3787 3150 4165 1393 532 1225 4683 5278 2044 4256 3752 2863 3738 4977 4025 2030 3759 2394 840 1631 3724 3556 3640 3892 4774 2870 2359 1680 3850 4550 3822 2590 4487 917 5481 2205 4284 1974 4585 2121 1043 525 2534 2212 3605 1904 4277 3584 3584 4788 3682 2814 5306 5530 5691 3696 2534 2471 4935 1967 5033 3101 2240 3472 3381 4606 5320 4081 917 2478 2121 434 1071 4718 3472 4627 1204 4907 2772 4333 1337 1729 1834 3920 2464 2058 784 5131 4179 5649 1134 917 910 1778 3955 4634 5173 994 3794 3843 2751 3556 6097 847 1967 2324 2163 2793 2163 4375 3990 4074 4151 3759 2765 2072 2009 3976 4431 3437 2597 4326 2898 4620 2107 1260 2247 2240 1603 5936 3409 3864 4256 4655 2786 490 2968 4389 6377 4410 2954 4256 5243 5215 4011 4907 2751 3822 1295 4655 3388 5152 651 2870 4326 2072 5880 1365 4081 2800 3773 5026 1589 2604 4179 2282 5068 2219 3087 4879 6559 2177 4242 2534 5026 3668 1967 4697 4095 2009 791 5978 3143 3514 2121 3073 1029 4053 3598 1554 2177 4767 497 1253 4144 665 917 3374 3801 4977 5096 5054 5677 3507 1533 4361 3654 4333 3395 616 3556 2688 2149 4984 1491 3717 1687 3612 2128 3521 4669 3710 2856 4599 2891 1904 6356 2891 2569 3486 5754 4158 5075 4830 2296 3115 2975 2296 4949 1645 1526 4081 2611 2506 3346 924 4256 4053 1743 2352 3584 3038 2765 2023 2457 3885 4963 1890 1267 4543 2142 1393 3444 693 3185 483 3059 3178 1414 3262 
1530 534 2202 138 4374 2262 4254 2310 3504 3120 4194 2364 834 3144 3990 3276 180 2442 3054 1620 2208 2562 1698 1440 1434 4182 4134 2550 3936 3702 2322 1392 3138 3900 576 2634 2886 3084 978 1440 1836 2058 2466 3624 774 2382 1086 2820 678 2376 3318 3762 2532 3192 1464 3330 1920 3708 4482 2928 1470 2388 390 1296 1488 1494 3180 2052 1596 3012 1986 2610 2634 1794 4152 234 816 4068 4578 3120 2364 3804 3708 1500 1860 798 3564 2256 1794 2310 3066 3282 3708 3582 2430 2964 4686 612 4680 1182 4128 3558 3396 3978 1566 978 726 4788 2262 930 3654 1182 1734 3630 2538 2394 2976 4164 3168 2562 1338 2346 1644 4182 2874 3024 2454 2352 2160 3750 2238 3684 2316 1338 2586 4068 2520 2298 2904 1824 1362 1428 1428 1854 4116 4476 1830 2202 2250 1014 1800 3288 990 912 2046 474 2352 1662 4626 1512 2802 2340 4134 1818 588 2418 1866 4116 4410 2526 1836 312 3186 1950 1962 3102 1158 2418 4092 1368 2226 2988 1200 2892 924 1656 3804 1410 1296 3624 3588 2214 4212 2298 2388 2580 3318 3036 3996 3276 2310 2388 4140 3456 4146 3804 3576 1998 2898 1878 2526 2610 1596 2808 3816 1602 2184 780 1812 3678 3924 4374 2328 462 3660 2274 3438 1152 2562 2832 642 1308 3294 894 1914 3114 1956 4398 2412 4050 2304 2280 2088 2604 2334 3588 2208 2616 1422 3702 3078 672 3174 2424 2136 4320 1698 1140 3828 2940 4488 1644 4062 3102 2250 906 744 2988 4008 1302 2400 3798 1230 4620 4020 4326 3942 2604 4242 1380 
3740 2705 2350 2750 1685 1190 1755 1175 3025 3400 3895 730 2530 1005 1475 1075 2515 2080 455 3025 1080 535 1335 2150 1585 2960 3860 665 1270 2495 3040 1505 3380 3840 2865 480 360 2075 2300 1865 1290 1160 3550 1960 3285 1800 1880 2080 2785 1265 1655 1515 615 2555 2450 2435 1510 3595 3900 3905 2525 680 2885 3560 3715 2550 35 1470 2070 545 3630 565 2150 2565 3670 2540 3250 4000 1690 2680 1320 1680 1075 3250 1150 2180 2125 3680 1625 3390 1215 2280 2620 3720 755 2280 1895 3075 4275 3555 1225 1895 1465 2725 2795 2960 3145 1890 3055 1925 3115 2115 3985 1915 1670 1990 415 3360 310 3530 1625 1225 2970 3880 285 450 1505 3210 3380 3535 2120 3975 735 1950 1965 2480 810 1690 1040 3970 2135 1530 1700 1780 3335 1835 2110 3375 4340 2830 2060 3775 3295 2535 3080 2900 2370 1385 1565 3215 3075 2005 1465 1960 2180 1585 3970 1105 4130 2530 1270 2645 770 1650 3145 250 3285 1885 3490 3280 4390 400 1805 2575 3160 2630 2750 3195 2750 2680 1330 4165 3565 2895 1635 2755 1310 3560 3720 2145 1490 1705 2095 2070 4065 1365 1205 1035 3360 2005 1920 3900 3760 3145 840 1685 2925 2650 1170 1725 3670 3390 1450 2935 2385 3010 635 1750 865 3170 2825 2435 3005 2900 2110 535 4185 3505 2255 3685 4110 3280 3695 3790 1870 3290 830 660 3340 2500 1915 2215 2800 2210 2685 1460 1585 2625 745 320 3900 1955 3305 2360 990 2260 3050 630 1080 1920 1135 910 1960 1880 3515 2165 3415 2835 2645 1810 
4725 4788 1017 4347 3312 4536 2961 4581 1647 2331 3186 3654 2997 2250 2826 2277 3960 6012 3060 2808 4248 3492 3780 5067 3942 2187 3114 2817 3006 1413 2097 3186 2286 3051 3762 3582 3240 567 2673 4599 4014 2259 3087 1566 4662 774 4032 162 3492 1674 1440 2358 2997 837 2106 882 4626 2610 3303 3546 2178 3231 4725 4545 4725 2178 3789 1629 5130 2898 3771 3834 198 1818 2835 3789 4401 3339 3744 981 1584 2205 2907 3420 3573 4275 1314 3609 1764 2871 1845 783 1449 2853 2736 342 3699 4212 3906 4752 3492 1530 1836 1836 2448 3447 4230 3942 2178 3123 1845 2367 5238 1629 873 567 3105 2466 3357 2961 3825 4725 2664 3159 3717 3060 1197 2421 2988 2520 783 3330 3258 4608 369 1989 2502 1008 2025 4995 2097 3717 4239 4995 2403 3321 1395 2934 5535 3168 1440 3051 4239 5004 2448 3969 837 3861 4086 3330 1800 5823 3114 1431 3690 1071 4905 3672 3609 909 3951 4464 2655 1494 2673 3411 3951 630 2565 3645 5787 3141 4050 783 3960 2088 1620 3402 2700 1368 2322 4995 2727 1818 1017 1296 1971 2709 2862 828 1314 5481 2367 1179 3456 2637 2484 3573 2358 5355 5895 3807 4671 1953 3492 4500 1989 3186 3402 1926 2772 2664 1368 4077 1359 2079 3168 2943 2340 1989 3609 2304 1548 3429 1269 2970 5553 2790 621 2817 4698 2646 3825 3537 738 2079 3240 2754 3735 1413 747 3195 1188 558 1593 3528 4437 2718 3690 3294 3303 1692 2331 558 2376 2781 3942 2754 3474 4500 1908 3330 2367 3573 2565 2655 2394 1449 2232 2259 
4648 4336 1432 4016 2344 3664 2064 3696 2016 2744 3408 2800 2928 1328 1888 1352 3648 5056 2096 3000 3400 2616 3088 4368 3304 2128 3344 1984 2016 1344 2496 2656 2704 3328 3632 2680 2296 512 2592 3912 3272 1664 3384 992 4440 664 3472 544 3400 1064 680 1472 2160 1256 2248 1096 3824 2944 3432 3816 2328 2408 4344 4456 4632 2344 2768 1232 4384 1952 3912 2920 776 2104 3048 3520 4240 3584 2712 1472 1000 1392 1904 3528 2864 3760 944 3808 1496 3176 968 864 1488 3192 1952 832 2712 4040 4016 4600 2440 920 984 1760 2648 3432 4080 2920 2560 2776 2160 2272 5096 1016 464 784 2160 2600 2360 3280 3224 3824 2872 3376 2752 2104 680 2792 3256 2840 1096 3624 2456 3944 552 1656 1704 768 1168 4912 2072 3104 3576 4192 2560 2384 1528 3216 5424 3184 1520 3392 4136 4440 2768 3792 1328 3176 2992 3448 2280 4896 2136 1448 3320 656 4848 2592 3776 1464 3208 4072 1704 1256 2944 2424 3920 664 2768 3696 5624 2184 3464 1360 3888 2320 1688 3496 2808 1520 1408 4976 2896 2248 672 1824 1080 3088 3128 704 864 4544 1696 800 3680 1696 1536 2824 2768 4536 4920 4024 4608 2416 2424 3776 2376 3120 2720 1168 3048 2704 880 3888 1224 2472 2152 2560 1552 2440 3504 2384 1992 3400 1432 2008 5392 2864 1104 3064 4736 2976 3968 3784 760 2440 2464 1912 3784 1352 320 2944 1664 1032 2000 2488 3696 2768 2608 2336 3432 1656 2496 952 1688 2648 3832 1824 2408 3848 1232 2280 2192 2608 2800 1952 2640 1952 1920 2024 
5283 3321 3402 3393 4005 1161 3987 1197 5058 5382 6561 333 3150 2223 3492 2439 2988 2808 1566 4221 864 585 882 2466 1332 5346 6489 936 3240 4464 4500 1179 5355 6345 3681 693 1206 3528 2772 1917 909 1161 5319 3753 4383 2655 1836 3366 3564 1764 3150 3339 774 4248 3222 4167 1476 5931 6714 6003 3348 423 3636 4950 5229 3402 1530 1818 2367 1593 5265 684 3348 3546 6246 3042 4347 6642 4158 4383 1845 3564 2853 4527 531 2376 3906 5436 1899 5022 2385 3933 4635 6039 855 3735 4446 4023 7299 4896 3357 3627 2979 4932 3834 3924 4158 4518 4500 1962 5256 2502 5697 3699 2556 2952 1413 5850 1629 5328 1377 1341 4140 6534 1053 1521 2232 4770 4950 5868 3060 6426 297 2052 3042 4689 1152 2412 2007 5706 2619 1206 1575 1962 5796 4239 2817 4959 6372 3717 2709 5976 4464 3042 4455 3717 3510 990 4077 4482 4770 2628 3591 2538 2376 2340 5715 3240 6975 3843 846 3204 2025 2070 4518 1494 4491 2808 5976 4536 6435 1413 1710 4104 4230 3600 4860 4410 3663 4662 2997 6111 6138 4275 2385 4203 2736 5571 6237 3753 2088 2178 4275 3771 6759 3222 2853 342 5220 2385 2610 5877 5328 4878 2745 1638 4275 3348 540 3510 6138 5994 2043 3771 4311 4437 2187 1665 1323 4923 3627 3141 4914 3798 2853 1719 6057 6156 3366 6210 6066 4842 5391 5715 2727 5454 189 1062 4644 4482 3312 2502 4572 3312 3888 3735 1476 3411 2673 1260 6723 2430 5724 3933 1053 2673 4014 1638 3123 1971 1566 2781 2214 4383 5976 4482 5805 4338 4995 1980 
5790 5140 1950 4790 2890 4100 2600 4140 2980 3800 4720 3020 3540 1300 2270 1380 4310 5870 2170 3820 3770 2780 3420 5060 3720 3130 4650 1990 2350 2150 3340 2930 3750 4610 4410 2860 2400 1130 3090 4480 3640 1630 4450 1530 5420 810 3960 1090 4140 870 950 1800 2210 2040 2790 1860 4330 4120 4770 5040 2910 2520 5200 5530 5770 2940 2990 1190 5070 1990 5000 3160 1290 2700 4280 4190 5190 4930 3310 2290 800 1790 2140 4440 3120 4370 1580 4920 1580 4170 870 1570 2340 4400 1950 1490 3380 4920 5490 5670 2850 1410 1150 2670 3360 4240 4980 3610 3410 3160 3180 2660 6350 1520 440 1110 2240 3740 2510 4350 3620 4300 3670 4690 2960 2180 480 3710 4240 4000 1490 4930 2580 4540 930 2470 1640 790 1020 6150 2460 3470 4060 4800 3680 2990 1880 4200 6820 3920 1840 4600 5090 5220 3620 4600 1880 3530 3590 4350 3190 5660 2570 1700 3850 540 6080 2990 5190 2120 3560 4830 1740 1310 3820 2570 4870 910 3940 4630 7050 2270 3940 2100 4780 2950 2590 4390 3500 2390 1610 6290 4110 3030 620 2580 1150 4190 4370 1350 730 5210 2340 1410 5050 1990 1720 3060 3790 5240 5690 5230 5760 3350 2720 4290 3170 3780 2950 1560 4270 3870 720 4710 1980 3310 2310 2870 1450 3390 4250 2920 2930 4170 1790 2070 6730 4070 1610 4300 6030 3920 5080 4950 970 3510 2600 1910 4750 2160 870 3450 2520 1520 2680 2980 4190 3410 2920 2450 4770 1920 3610 1660 1630 3130 4680 1830 2770 4420 1060 2560 2520 3260 3980 2640 3780 2750 2810 2270 
2584 408 3216 560 5768 2552 5640 2616 4984 4584 5984 2816 1512 4104 5264 4288 480 2688 3864 2648 2520 3112 1880 1352 1488 5800 5912 3192 5144 5120 3528 1616 4592 5616 1320 3200 3608 4264 1592 1384 2032 2632 3800 4912 1528 3304 1008 3936 1432 3136 4464 4992 3144 4504 2304 4648 2064 5344 6344 4424 2336 2912 656 2280 2528 2368 3952 2752 1568 3832 3208 3128 3712 2752 5896 696 1632 5848 6008 4440 3136 5072 4832 2544 2136 544 4872 3552 2440 3576 4040 4552 5152 5208 3048 4160 6184 1368 6640 2104 5368 4816 4520 5504 2536 1840 1520 6304 3456 1168 5184 1784 2832 4912 3464 3368 3752 5856 3984 3912 1392 2656 2672 5968 3520 3824 3312 3600 3392 5384 3192 5368 2808 1240 3608 5568 3200 3160 3792 2976 2040 1528 1432 1928 5792 5920 2664 3440 3544 1856 2600 4848 1880 696 3192 1200 3408 1816 6032 2552 4128 2560 5432 2592 616 3288 3040 5320 6296 3664 2040 272 4104 2672 3104 3888 2112 3368 5792 2384 3488 3760 1152 4136 1800 2600 5296 2416 2184 5064 4736 3512 5952 3464 3256 3784 4392 4512 5720 4520 3112 2640 5568 4728 5960 5008 4688 2328 4296 1944 2816 4024 2688 4144 4912 1632 3336 1504 2104 4928 5624 6112 3128 1176 5048 3456 4400 1432 3280 4184 1400 2088 4720 1728 2768 3968 3120 6168 3456 5776 3640 3520 3336 4000 3256 5136 2664 3288 2456 5120 4224 1032 4536 3464 3216 5648 1768 1944 4896 3672 6344 2360 5720 4352 2864 1456 1560 3816 5192 1208 3128 4896 1760 6104 5712 5808 5592 3832 5808 1904 
3220 3682 567 3269 3276 3955 2989 3997 980 1113 2002 3346 2149 2457 2919 2492 3017 4998 3045 1694 3738 3276 3290 4130 3339 1848 1939 2779 3066 1449 959 2751 1085 1806 2688 3353 3150 1092 1988 3808 3493 2233 1715 1862 3339 1120 3318 854 2478 1883 1841 2548 2912 714 1407 994 3941 1484 2212 2037 1414 3045 3556 3122 3220 1400 3591 1715 4207 2919 2338 3528 651 1057 1827 2849 3108 2030 3612 546 1806 2408 2989 2177 3178 3416 1610 2163 1687 1568 2149 1078 1365 1575 2695 707 3556 3017 2583 3311 3444 1855 2156 1680 1484 2345 2996 3759 1043 2541 1155 1834 3605 1925 1309 861 3066 1743 3276 1596 3227 4102 1589 1981 3493 3045 1533 1211 1687 1456 749 1918 3052 3794 903 1988 2541 1295 2268 3381 1603 3171 3556 4179 1687 3262 1099 1638 3752 2149 1176 1666 2933 3941 1302 2863 420 3339 3892 2107 679 4851 3136 1253 2919 1421 3290 3584 2317 168 3444 3423 2772 1519 1491 3311 2667 1001 1694 2380 3976 3094 3360 301 2737 1253 1421 2191 1750 1218 2534 3304 1834 770 1358 294 2261 1386 1750 1225 1568 4627 2450 1526 2128 2772 2660 3206 1106 4424 4935 2275 3157 791 3437 3780 931 2261 3038 2191 1666 1988 1624 2947 1484 966 3171 2471 2436 819 2562 1589 763 2359 1022 2989 3829 2023 511 1757 3038 1393 2366 2058 1036 1162 3010 2751 2436 1442 1288 2478 588 560 714 3458 3759 1848 3591 3192 2219 1428 1631 777 2387 2100 2765 2814 3430 3703 2065 3318 1918 3465 1645 2667 1526 406 2114 1918 
4580 6430 2740 5720 6590 7620 6160 7690 2000 590 1700 6860 4210 5680 6160 5710 5510 8920 6530 2870 7330 6810 6600 7490 6570 3510 1620 6120 6430 3540 1710 5780 640 1110 4670 6920 6670 3570 4210 7130 6910 5280 1700 4520 5350 3770 6390 3340 4420 4860 4670 5640 6300 2650 3320 3080 7490 1080 2380 1430 3240 6470 6080 4620 4620 3180 7310 4550 7660 6360 2960 7150 3100 2780 1980 5240 4980 1300 7090 2280 4740 5380 6370 3320 6510 6370 4090 2450 4420 1820 5230 3350 3280 540 6000 3020 6930 5000 2380 5000 6980 4550 5140 3570 2930 4020 4900 7230 1780 5250 2060 4190 5020 4630 4050 3400 6570 2610 6870 1450 6380 7830 2800 1700 7140 6530 4370 1610 2110 1300 3160 630 6460 7070 3470 4270 5790 4000 5420 4590 3900 6350 6830 7750 2550 6510 3420 2010 4850 3860 3540 310 4620 6970 2130 4930 2660 6650 7550 3250 1240 8710 6480 3710 5620 4200 4420 7210 1930 2320 6840 6050 6130 4230 2290 6910 4150 3600 2190 3650 5250 6600 6490 2320 4430 2890 3170 3430 3380 3000 5690 4130 2310 1850 4110 1880 5340 480 1520 3640 4400 8480 5210 4030 1420 6000 5900 6590 750 8040 8890 2180 4430 1110 7050 7170 1960 4240 6310 5080 1440 3050 4480 5030 3700 1790 6700 5270 5650 1060 4510 3560 1730 4110 3360 6450 5230 2890 2870 1710 3630 1770 2890 1890 3640 1520 6380 6090 3650 3520 3890 4950 2070 2960 2270 6940 7190 3670 7280 6740 2390 3880 2510 2970 5540 4390 4610 6200 6990 6950 5120 6860 4420 6790 1970 5470 1990 1720 4290 4540 
3636 5103 1809 4473 5580 6165 5202 6219 1728 432 2043 5508 3087 4581 5148 4635 4266 7317 5292 1935 5904 5472 5229 6030 5202 3141 1962 4878 5355 2970 828 4491 477 1566 3546 5580 5391 2790 3078 5706 5508 4095 1125 3726 4203 2799 5031 2511 3312 3753 3771 4671 5031 2070 2277 2466 6039 1350 2592 1260 2205 5157 4806 3627 3663 2151 5967 3447 6174 5139 2232 5778 2250 1791 2151 4023 3879 1791 6021 1728 3654 4473 5265 2403 5157 5022 3357 1827 3294 1116 4185 2673 2772 1071 4761 2286 5913 3870 2736 3951 5850 3735 4185 3096 1944 2970 3789 6183 900 4014 1854 3051 4068 3816 3078 2466 5310 2520 5589 900 5031 6354 1854 2034 5796 5283 3339 801 1377 1494 2214 1278 5148 5643 2565 3663 4590 2988 4320 3699 2799 5004 5427 6255 2457 5535 2385 1287 4023 2808 2493 774 3564 5571 1251 3780 1764 5274 6408 2331 549 7128 5436 2655 4347 3186 3555 6030 2331 1503 5454 4761 4968 3141 1431 5616 3150 2655 2223 2709 4374 5337 5130 1656 3375 1890 2736 2493 2349 2529 4671 3393 2367 954 3096 1089 4329 369 1800 2907 3348 6921 4419 3285 1917 4977 4842 5238 45 6516 7290 1755 3510 396 5841 5742 1053 3132 4977 4194 1701 2916 3420 3870 3078 900 5490 4032 4473 369 3393 2493 1386 3042 2340 5238 4293 2826 1989 1935 2970 999 2196 1458 2664 1467 5076 4860 2727 2952 3060 3744 1584 2070 1332 5850 5751 2601 6039 5454 2601 2790 2394 2295 4338 3240 3510 5004 5832 5544 3987 5688 3267 5796 2052 4680 2007 936 3735 3375 
3136 4792 2208 4208 5592 5984 5248 6040 2048 800 1920 5448 3056 4704 5208 4760 4080 6928 5328 1912 5768 5440 5136 5736 5072 3296 1856 4936 5400 3224 1168 4480 856 1440 3344 5536 5400 3112 3112 5488 5392 4216 848 3936 3824 3112 4880 2880 3168 3944 3992 4784 5064 2448 2440 2808 5832 1424 2472 584 2360 5160 4480 3200 3176 2312 5912 3648 5888 5192 1840 5704 2640 2048 2152 3856 3528 1560 5984 2144 3856 4608 5320 2200 5104 4816 3608 1408 3488 1000 4360 3000 3040 992 4824 2664 5880 3576 2424 3504 5840 3952 4360 3304 2040 2808 3480 6120 1192 3984 2128 3152 3480 4016 3360 2816 5336 2632 5592 672 4920 6152 1880 1920 5744 5320 3592 984 1224 1600 2576 888 5144 5416 2920 3832 4680 3272 4472 3120 2944 4912 5264 6000 2576 5544 2664 1152 3312 2720 2760 368 3224 5256 1368 3544 2192 5176 6328 2144 1128 6768 5464 2912 4224 3456 2984 6000 2072 1968 5344 4488 5048 3368 1456 5608 2848 2984 2304 2448 3640 5360 4976 2104 3096 2088 2984 2296 2376 2816 4792 2744 2408 1368 3376 1600 4488 352 1784 3216 3584 6616 4536 3544 1648 5064 4944 5184 640 6200 6928 1176 3016 992 5832 5544 1384 3048 4944 4360 1720 2984 3648 3616 3336 1232 5512 4040 4584 968 3224 2608 1784 2896 2640 5280 3632 2864 2392 1936 2344 1032 1768 944 2992 1728 5072 4920 2440 3216 3352 3696 2008 2464 1712 5832 5568 2624 6000 5456 2480 3008 2536 2672 4440 3264 3264 5072 5824 5328 4152 5696 3368 5776 2136 4760 2144 1456 3880 3496 
2826 3660 1194 3252 3408 4146 3150 4182 726 216 1056 3648 2304 2862 3144 2880 3084 4992 3390 1626 3966 3594 3552 4182 3570 1668 1002 3174 3306 1602 840 3078 174 804 2664 3660 3486 1584 2244 3936 3732 2694 1182 2160 3150 1752 3498 1458 2502 2406 2250 2832 3288 1044 1704 1302 4104 576 1362 1236 1674 3396 3486 2808 2838 1644 3864 2250 4266 3282 1908 3810 1326 1362 1050 2928 2934 990 3708 816 2340 2676 3270 1980 3474 3534 1908 1650 2202 1164 2592 1464 1458 564 3102 1254 3618 2904 1554 3012 3636 2178 2532 1656 1578 2304 2862 3798 912 2820 804 2178 3126 2226 1902 1530 3414 1248 3594 1038 3462 4272 1560 1044 3786 3390 2100 912 1326 624 1416 858 3402 3912 1548 2052 2970 1896 2712 2886 1992 3426 3738 4284 1206 3366 1638 1266 3114 2172 1710 708 2736 3936 1176 2820 1116 3594 3978 1926 330 4860 3336 1800 3090 2004 2790 3774 1296 894 3696 3426 3138 2076 1320 3624 2466 1644 1062 2178 3342 3438 3552 846 2598 1476 1416 2028 1848 1290 2862 2694 1170 828 1950 660 2652 552 864 1632 2136 4698 2592 1872 1074 3048 2988 3516 408 4476 4956 1602 2748 330 3678 3936 948 2352 3354 2496 792 1512 2184 2892 1686 882 3474 2796 2880 306 2562 1860 516 2340 1590 3336 3282 1458 1224 924 2418 1062 1890 1404 1674 552 3360 3150 2202 1590 1776 2688 696 1266 1020 3612 3936 1992 3822 3528 1368 1920 1164 1230 2832 2352 2670 3192 3642 3840 2562 3570 2298 3534 960 2760 918 588 2088 2334 
4528 4128 1384 3824 2432 3456 2176 3488 2168 2816 3552 2600 2768 1256 1952 1312 3448 4840 1968 2912 3192 2424 2872 4144 3088 2344 3496 1800 2048 1568 2480 2440 2776 3456 3472 2496 2144 712 2424 3688 3056 1448 3368 1184 4280 520 3256 640 3248 856 800 1552 1976 1408 2120 1288 3608 3072 3600 3832 2208 2208 4152 4320 4512 2232 2624 1016 4160 1824 3840 2736 808 2016 3208 3336 4080 3712 2784 1600 784 1504 1896 3424 2648 3552 1160 3760 1288 3152 904 1072 1696 3288 1760 968 2808 3880 4176 4456 2456 1096 1040 1976 2552 3296 3920 3008 2536 2568 2320 2088 4976 1192 256 704 2016 2792 2232 3280 3000 3608 2792 3528 2584 1968 456 2776 3216 2976 1024 3712 2256 3728 528 1872 1520 576 1048 4808 1904 2880 3352 3976 2744 2488 1400 3184 5328 3040 1376 3456 3992 4224 2720 3632 1304 2960 3032 3352 2328 4680 2192 1288 3112 440 4744 2584 3928 1480 2992 3872 1616 1048 2888 2288 3792 560 2944 3584 5520 2040 3248 1448 3744 2224 1896 3384 2688 1720 1440 4888 3072 2232 464 1848 1088 3136 3272 920 648 4328 1872 1024 3816 1744 1552 2608 2816 4320 4704 4000 4496 2464 2384 3560 2352 2960 2504 1296 3192 2904 656 3720 1440 2448 2072 2344 1368 2488 3344 2240 2120 3256 1312 1888 5272 3056 1088 3216 4664 2944 3904 3768 632 2576 2256 1736 3672 1568 536 2752 1792 1008 1960 2536 3480 2632 2552 2184 3608 1480 2680 1112 1480 2472 3672 1696 2408 3632 1032 2248 2000 2712 2960 2120 2808 1984 2136 1824 
5344 4600 2304 4400 1624 3296 1448 3312 2880 3688 4264 2368 3488 440 1120 408 4000 4776 1320 3792 3040 2088 2936 4328 3240 2680 4208 1480 1136 1936 3408 2688 3648 4232 4176 2120 1608 1352 3112 3848 3048 1592 4296 1104 4976 1392 3528 1488 3968 1056 592 792 1656 2136 2952 1896 3592 3848 4216 4752 3048 1968 4704 5120 5320 3080 1992 1488 4296 1184 4744 2384 1712 2904 3864 3928 4808 4480 1936 2392 1064 912 968 4288 2648 3904 1344 4680 1848 4080 160 1640 2144 4120 1520 1760 2032 4576 4840 5216 1528 992 368 2304 3424 4080 4640 2192 3464 3024 3000 2768 5784 1040 1096 1632 1424 3336 1560 4208 3200 3432 3672 4232 2096 1344 1024 3704 4136 3728 1936 4568 2048 3920 1456 1952 1256 1344 496 5640 2640 3056 3504 4008 3304 1744 2232 4104 6184 3832 2192 4344 4760 4584 3640 4312 2232 3024 2128 4216 3232 4624 1336 2064 3576 1128 5592 1656 4632 2400 2992 4384 832 1680 3800 1648 4600 1472 3568 4432 6360 1448 3480 2304 4512 3096 2344 4240 3520 2248 576 5768 3680 3160 1208 2768 200 4032 4000 1408 1184 4216 1512 1256 4576 880 632 2544 3720 4376 4592 4928 5328 3368 1472 3648 3272 3696 2536 832 3920 3368 1144 4400 1760 3384 1232 2760 1104 3392 4064 3040 2904 4024 2160 1192 6096 3552 2016 3912 5568 3872 4808 4696 1520 3328 2112 1376 4520 1944 1080 3328 2576 1936 2888 1648 3536 3424 1664 1632 4216 2216 3256 1840 1448 3136 4416 1064 1480 3832 1072 1336 2616 1944 3624 1712 3464 2904 2224 2392 
3220 2345 1775 2325 1635 1180 1630 1185 2510 2835 3375 590 2000 670 1350 780 2080 2115 315 2455 1020 405 1065 1955 1305 2540 3335 105 1210 2055 2460 1090 2815 3300 2365 425 220 1585 1765 1650 1095 595 2970 1585 2815 1240 1555 1555 2275 695 1255 1285 160 2040 1880 1950 1405 3060 3405 3325 1955 360 2485 3050 3200 1980 545 890 1905 300 3065 590 1605 1985 3165 2080 2760 3460 1725 2150 750 1420 995 2695 870 1840 1710 3105 1055 2810 805 1800 2170 3165 205 1760 1880 2590 3765 3055 1285 1520 1120 2305 2225 2430 2655 1920 2475 1460 2610 1570 3475 1550 1120 1425 250 2890 415 2950 1310 1260 2400 3360 460 290 950 2630 2805 3005 1545 3415 425 1715 1420 2115 230 1120 595 3445 1575 1210 1450 1680 2860 1765 1535 2795 3810 2290 1480 3205 2790 2235 2500 2415 1795 1125 1690 2660 2505 2020 1405 1380 1755 1025 3435 1235 3610 1960 1060 2250 535 1070 2565 385 2760 1325 2995 2730 3870 260 1495 2035 2645 2055 2295 2640 2190 2210 1090 3615 3075 2315 1070 2185 975 2990 3200 1675 920 1750 1825 1645 3525 1205 1000 775 2790 1915 1985 3325 3235 2575 970 1500 2345 2125 835 1410 3145 2940 880 2455 1955 2430 650 1275 300 2600 2320 1875 2470 2370 1530 380 3675 3045 1685 3165 3550 2700 3125 3210 1305 2760 495 80 2795 2065 1435 1730 2265 1645 2105 1490 1410 2075 960 260 3410 1380 2825 1850 420 1735 2545 320 1160 1670 565 975 1420 1845 3010 1930 2910 2265 2285 1265 
3825 3780 486 3321 4014 3951 3717 4005 2349 2457 3726 3213 1971 2529 3474 2646 2934 5274 3069 1998 3672 3168 3078 4194 3150 3177 3645 2592 3555 2439 1701 2394 2430 3456 2745 3276 3123 1548 1647 3762 3339 1791 2655 2475 3654 702 3141 1134 2484 1503 2160 3024 2736 1719 1134 1881 3915 3051 3987 3258 1224 2862 3699 3609 3807 1242 3708 1143 4275 2925 3060 3483 837 990 3492 2763 3402 3744 4410 1692 1404 2961 3348 2574 2943 3321 2295 3015 1035 2385 2196 1809 2448 3114 2466 1332 4437 3204 4473 3780 3996 2403 2448 2853 1584 2475 3231 4662 1737 2169 2574 1350 4329 2511 1035 531 3069 3294 3366 2592 3006 4140 1863 3699 3501 3060 1170 2016 2412 3024 243 3510 2853 3744 819 3015 2313 783 2205 4131 1071 2925 3420 4221 3222 4077 369 2385 4707 2187 414 3078 3267 4032 1854 2952 603 3141 4671 2493 1845 5085 3744 468 2709 1026 4059 4104 4131 945 3276 3456 2853 846 2016 3375 3015 648 3294 2763 4932 3096 3195 1359 2988 1224 2610 2529 1755 2340 2889 4221 3465 1440 936 1278 2475 2673 3402 1836 1107 4797 3276 2142 3870 3231 2979 2997 2313 4545 5193 3330 3789 1953 3816 3708 1503 2169 2763 2709 3294 3555 1179 3060 2385 1647 3366 2052 2214 1998 2592 1305 2115 2439 243 3042 4662 3636 549 3411 3987 2169 3141 3105 567 2646 2781 2583 2862 2439 1611 2187 1836 540 1062 4122 3681 1728 3960 3195 3987 711 3150 1539 2034 1755 2943 2799 3906 3636 1728 3690 1386 4329 3240 3573 3087 1413 3258 1332 
