90 180 360
80 80 80 80 80 80 80 80 80 80 80 80 80 80 80 80 80 80 80 80 80 80 80 80 80 80 80 80 80 80 80 80 80 80 80 80 80 80 80 80 80 80 80 80 80 80 80 80 80 80 80 80 80 80 80 80 80 80 80 80 80 80 80 80 80 80 80 80 80 80 80 80 80 80 80 80 80 80 80 80 80 80 80 80 80 80 80 80 80 80 
21 17 21 12 25 26 15 16 22 29 27 22 22 17 25 23 31 28 14 27 17 25 11 13 20 30 19 30 16 15 21 20 25 20 30 28 23 31 18 18 15 28 17 14 20 18 17 23 19 17 28 17 17 15 14 11 27 12 18 21 12 12 31 13 14 30 19 30 13 29 16 27 26 16 17 12 29 28 30 11 29 22 25 27 14 22 31 22 20 25 11 27 27 25 25 28 11 20 22 14 23 11 24 18 20 24 22 11 18 24 19 23 22 28 24 11 21 11 25 21 21 21 11 11 18 15 13 15 26 21 29 19 18 11 28 15 15 13 15 29 20 18 17 30 31 25 17 25 31 17 15 27 26 14 18 11 13 11 18 23 21 15 21 27 15 28 23 16 23 14 19 24 13 27 15 18 29 25 14 19 21 13 24 10 12 19 28 11 11 17 24 14 27 17 12 19 19 30 17 26 20 26 14 17 14 30 12 30 26 15 18 15 12 27 19 18 13 29 11 23 16 19 27 23 10 21 23 22 28 15 17 16 15 16 10 24 30 11 18 22 15 22 17 18 14 26 19 21 12 15 24 24 24 21 22 21 21 24 28 15 20 10 12 22 27 29 11 21 18 26 15 25 18 16 23 12 27 17 10 10 21 18 19 12 19 18 20 16 23 19 23 30 22 14 18 28 17 16 12 23 23 23 13 29 16 20 13 30 28 27 10 24 30 27 22 19 19 28 11 18 25 12 17 19 10 26 20 11 14 30 20 22 18 23 24 12 26 30 10 23 30 28 19 18 13 22 18 16 21 23 17 23 26 28 15 12 26 14 13 16 
334 128 636 326 551 594 258 210 654 548 287 423 683 361 181 489 493 706 512 287 302 523 433 468 283 576 690 603 205 631 228 475 703 816 303 504 564 548 304 571 179 559 466 544 417 580 613 577 605 262 116 239 364 472 130 377 672 472 186 661 544 483 184 401 414 623 488 432 531 163 262 176 528 404 423 508 721 530 102 199 272 132 633 18 126 253 146 109 65 435 317 525 502 577 297 390 151 482 412 634 135 162 378 643 617 207 103 360 408 348 165 465 310 492 368 591 126 333 495 417 524 435 655 435 462 489 116 637 758 558 106 624 210 10 615 203 350 529 384 228 119 367 509 171 320 660 691 322 497 521 655 444 74 716 274 159 471 339 305 540 36 378 581 261 618 99 177 599 444 806 194 339 471 559 264 465 242 175 603 454 
98 281 677 355 264 462 509 94 480 369 91 176 459 454 123 209 202 486 487 245 455 516 253 620 358 489 444 341 191 611 126 496 550 628 512 267 612 358 136 485 482 620 451 619 136 627 336 272 546 501 326 371 480 277 176 89 773 500 490 594 270 332 311 533 149 354 199 340 613 247 92 214 511 102 175 546 562 419 241 113 174 417 350 291 365 449 336 318 324 510 26 536 283 284 531 220 287 292 488 625 304 452 79 417 566 436 377 302 218 450 187 615 138 332 314 662 426 343 192 116 354 480 478 201 531 637 208 367 591 282 200 459 216 305 484 338 393 311 559 456 367 215 286 228 233 757 557 107 464 628 461 168 307 583 407 205 588 519 110 548 341 106 276 397 391 394 450 299 577 638 373 89 177 313 367 375 317 363 324 228 
65 387 534 241 362 300 482 191 327 214 252 80 331 349 209 162 304 356 334 138 379 367 94 523 267 327 335 251 158 455 129 356 393 483 458 148 473 208 51 323 528 486 305 490 117 488 269 306 386 467 421 306 381 126 258 120 645 363 532 432 202 170 268 436 290 273 176 181 486 368 247 340 359 208 322 409 406 256 259 175 330 486 293 349 454 398 314 315 400 390 185 390 148 256 490 57 401 139 371 471 410 517 206 290 406 407 451 161 59 350 191 518 301 171 172 529 451 224 255 223 197 351 327 351 406 536 304 287 438 393 275 303 168 361 322 286 277 176 480 422 453 56 154 353 102 628 397 56 311 510 316 298 322 423 332 324 478 448 62 401 390 93 309 325 264 454 447 290 475 486 332 77 174 204 287 215 241 330 427 99 
310 652 675 488 358 319 767 451 255 218 453 220 149 589 477 164 338 172 477 413 644 514 247 756 531 397 96 43 451 553 415 536 326 327 732 150 637 197 341 397 819 657 475 672 238 647 43 227 465 749 693 582 625 213 531 285 817 547 824 483 104 267 556 675 399 20 179 350 675 620 463 588 499 322 428 584 324 337 551 449 536 771 55 635 730 676 605 608 681 603 379 546 169 123 769 279 660 214 592 578 675 804 345 127 486 693 734 391 255 596 482 751 486 253 396 698 744 467 268 323 234 554 247 455 609 763 573 6 334 397 552 263 460 648 328 570 514 157 734 706 730 304 160 602 370 800 362 320 458 713 208 381 615 380 601 578 697 711 338 549 679 273 226 597 120 742 739 149 705 364 617 307 204 98 557 357 518 618 404 197 
434 551 201 149 743 336 314 460 431 385 567 449 530 74 451 528 683 539 154 259 156 135 361 166 161 265 576 553 326 225 384 79 433 567 235 457 129 403 377 261 511 126 128 117 499 145 593 684 244 289 551 196 86 385 456 499 268 68 504 292 543 327 254 101 652 580 549 243 109 567 548 560 150 582 679 79 454 280 362 426 614 534 621 446 558 224 289 326 500 10 530 116 429 614 282 350 573 381 23 217 564 545 572 508 244 281 525 223 373 88 356 161 614 340 213 163 422 161 638 598 364 40 437 705 28 170 490 591 489 772 451 399 301 445 347 232 111 436 178 273 550 332 438 564 281 252 397 415 160 127 463 667 361 412 164 537 103 184 403 129 444 474 687 175 494 497 357 653 116 530 246 447 552 498 171 238 208 264 808 426 
340 645 382 297 575 26 599 463 90 87 529 279 192 366 475 319 530 198 198 292 445 233 185 507 351 102 248 265 378 258 387 270 124 245 539 217 353 108 318 102 727 376 213 395 342 360 313 469 169 576 670 415 401 167 516 374 530 282 727 191 296 107 423 439 546 289 347 149 401 634 524 610 216 458 580 310 142 63 477 440 607 710 340 579 697 498 479 499 637 352 459 265 184 368 584 221 662 152 349 282 666 735 465 181 190 537 682 223 220 378 422 502 577 106 218 414 638 278 463 469 89 302 95 610 350 510 562 295 179 613 527 57 369 587 46 423 303 169 511 541 693 233 189 621 261 513 120 333 185 445 122 545 522 145 415 591 441 502 338 265 607 346 470 417 177 674 603 408 458 227 467 349 365 223 382 124 365 476 636 226 
565 632 189 277 876 457 316 574 553 518 684 586 658 174 561 666 815 665 270 388 205 238 499 66 271 378 708 690 443 286 505 198 543 675 234 595 145 537 507 375 540 122 257 94 635 152 730 821 339 294 623 280 152 523 556 632 164 186 530 374 681 463 346 106 778 717 686 381 79 657 663 655 255 712 803 159 563 408 455 540 721 583 759 522 622 259 363 401 569 129 654 207 567 752 272 487 656 519 145 267 642 586 700 640 331 316 583 359 511 180 465 65 729 477 350 120 461 293 772 728 498 175 560 828 120 53 584 727 597 902 547 523 416 517 464 319 240 573 144 300 612 469 576 657 415 153 502 546 282 31 589 795 436 513 240 633 40 181 533 214 507 608 824 253 628 549 385 791 63 632 314 579 689 635 269 373 316 332 940 564 
266 557 784 529 176 458 761 373 417 344 333 214 328 637 402 133 166 353 578 428 669 614 303 811 557 523 279 183 427 677 372 621 493 510 746 220 734 322 319 522 761 750 562 759 178 746 141 44 593 749 603 594 670 289 456 208 913 630 769 622 135 362 549 724 244 172 114 428 759 517 351 483 602 192 268 673 494 453 508 385 409 697 129 570 643 684 588 580 605 670 273 644 253 65 774 311 559 299 654 699 579 733 220 298 615 686 658 439 288 639 444 806 353 352 448 793 700 510 107 185 349 626 411 290 683 822 488 178 509 215 480 416 446 585 472 570 562 263 770 703 646 331 247 497 391 895 522 284 556 788 375 219 575 543 622 479 761 738 302 651 620 216 43 615 282 675 715 35 761 543 614 256 119 210 577 449 530 609 221 237 
394 315 476 226 674 528 100 326 608 518 429 462 668 207 301 543 612 687 397 259 128 396 428 283 171 486 693 627 233 500 292 340 639 767 117 520 406 527 343 481 230 396 352 377 482 421 651 666 495 91 298 106 198 466 273 455 492 334 224 550 585 449 114 224 548 652 551 374 363 347 405 354 405 511 565 359 659 461 174 298 439 258 676 203 295 68 74 97 244 278 431 388 507 637 123 392 338 472 258 496 321 265 489 634 503 26 255 304 415 193 223 280 464 461 306 423 141 243 594 526 493 294 611 583 304 304 285 666 697 690 255 575 216 195 547 102 231 528 197 47 285 366 515 352 301 481 616 377 388 345 622 573 124 637 121 333 294 152 358 404 181 444 670 113 612 223 82 667 263 744 55 404 541 575 141 397 159 52 733 473 
320 32 750 422 455 646 400 175 689 577 195 413 693 479 155 460 404 719 602 350 433 619 456 604 390 646 688 588 256 727 241 578 749 848 444 502 678 573 315 641 273 677 557 665 386 694 587 509 686 405 81 360 489 490 111 339 801 577 285 741 520 522 296 531 316 603 450 492 653 21 174 47 621 334 317 617 765 588 187 189 147 189 601 124 121 391 275 238 108 552 252 627 510 535 439 413 36 504 528 733 53 225 306 652 702 348 150 427 424 469 214 600 198 528 437 712 256 423 425 343 557 544 689 321 578 625 65 617 799 455 104 663 274 135 668 321 452 539 522 370 128 396 515 34 370 788 745 316 583 649 680 348 204 771 398 46 600 477 304 642 163 350 513 386 625 182 317 548 575 847 324 319 429 554 379 528 344 307 499 456 
401 100 715 411 581 679 300 263 736 628 316 492 760 440 236 552 527 784 598 372 375 608 512 534 367 662 764 672 287 716 300 559 788 899 360 577 644 628 378 657 142 638 551 622 479 659 679 623 691 310 59 319 441 550 180 435 742 556 155 747 609 566 268 473 442 691 548 517 608 149 293 176 613 447 444 589 805 615 186 262 277 63 696 83 44 319 225 190 30 514 361 608 578 636 344 468 116 561 491 717 91 99 420 720 703 265 23 445 484 427 244 531 326 574 454 668 141 419 540 458 606 518 738 450 541 555 146 705 841 582 158 707 294 76 700 285 434 605 446 285 35 447 584 164 403 731 776 391 583 594 736 473 156 801 352 168 543 402 375 624 71 440 627 340 694 53 214 654 514 890 270 403 529 631 347 551 327 252 627 528 
339 600 297 210 614 99 506 437 193 161 520 304 294 266 443 364 562 302 98 237 348 134 199 403 264 58 345 344 330 189 355 166 206 338 442 270 257 182 301 54 652 278 109 295 367 266 390 523 112 482 619 329 299 202 476 388 437 178 650 160 357 127 348 336 562 370 391 97 300 597 511 577 119 476 594 209 226 44 419 409 592 645 418 522 641 405 402 428 580 248 458 167 236 431 488 218 619 191 245 209 620 667 477 277 133 449 621 160 229 278 373 398 570 137 151 318 561 194 500 489 146 198 199 624 246 406 521 378 264 649 483 161 315 527 114 342 208 232 409 451 636 218 244 586 219 420 180 327 81 342 226 566 454 202 323 556 337 402 325 169 543 359 524 327 268 608 518 472 354 309 383 351 403 294 294 60 287 394 677 260 
357 403 353 106 662 404 198 341 490 412 451 402 564 78 326 486 600 580 262 186 55 260 343 217 59 355 597 547 214 365 278 205 514 644 143 441 281 424 299 350 365 276 218 261 438 297 578 628 360 175 399 44 84 377 320 424 396 200 360 415 517 343 110 132 553 573 500 260 249 423 429 420 270 497 576 229 534 338 220 308 485 382 605 295 406 97 137 174 348 152 429 254 421 578 185 314 425 379 129 362 414 395 481 533 367 143 372 200 339 65 230 212 495 356 198 308 274 127 567 512 387 160 494 599 179 234 349 586 572 685 311 457 188 293 421 84 99 437 157 142 397 290 430 422 225 383 487 338 254 244 510 573 209 508 14 397 197 124 322 269 291 405 632 23 514 345 217 614 177 618 94 370 497 492 38 277 88 111 726 398 
636 749 97 357 943 448 446 669 540 533 776 640 656 272 659 714 885 658 274 465 325 237 543 192 367 365 713 714 535 230 593 226 513 638 363 631 114 554 581 363 669 96 284 92 695 104 759 874 308 423 743 391 262 559 662 700 66 217 659 325 719 490 455 228 858 741 738 418 99 769 757 764 251 786 886 173 531 414 565 635 822 710 788 640 745 385 480 518 690 204 737 205 600 793 401 541 772 551 227 205 760 713 777 646 292 443 707 419 561 282 564 192 823 502 408 53 588 367 835 801 517 231 548 913 180 173 694 749 560 974 655 514 509 636 449 430 319 600 274 427 735 527 608 767 484 49 468 619 294 107 583 872 553 473 353 742 158 310 608 201 630 674 876 366 638 675 513 833 190 588 432 650 744 662 373 399 415 450 1008 609 
224 532 733 480 204 411 718 342 375 297 316 165 296 587 370 82 179 322 527 380 622 564 252 761 509 475 252 149 385 628 332 570 452 479 700 170 683 276 275 473 728 699 511 708 136 695 114 84 544 705 577 548 621 239 425 171 862 579 735 575 89 312 505 674 243 144 66 377 708 495 330 461 552 176 271 623 455 404 470 350 395 668 113 537 617 638 546 539 575 619 249 593 204 37 730 261 537 249 603 650 555 703 202 262 566 643 629 389 238 590 404 756 341 302 398 742 664 461 109 173 300 576 370 297 632 773 460 153 472 244 448 372 402 552 426 525 512 215 722 659 619 281 198 476 343 845 479 241 505 738 336 223 537 501 575 455 711 691 260 600 586 175 85 568 243 643 674 50 711 508 569 215 78 166 530 398 483 566 257 186 
652 781 75 379 956 437 488 693 527 529 798 649 646 303 684 721 898 646 274 485 362 237 549 236 395 355 704 712 559 209 615 237 494 615 405 634 120 551 598 354 709 110 291 117 706 106 758 881 293 465 777 423 296 563 690 714 81 230 700 303 722 491 486 266 876 738 745 425 129 800 781 794 250 801 905 184 512 410 595 659 847 748 786 673 781 423 514 552 725 231 756 207 602 796 444 551 804 554 255 183 793 753 794 638 276 482 744 433 570 314 590 236 846 503 421 70 627 387 845 816 515 250 535 932 205 218 724 746 538 987 685 503 534 671 437 462 342 600 316 467 771 539 609 797 500 67 448 635 295 147 571 888 587 451 387 771 197 351 625 201 666 687 883 399 632 713 554 837 231 564 467 665 753 662 403 402 442 485 1021 615 
167 497 666 411 248 354 656 299 330 240 294 97 269 518 326 13 208 296 461 313 554 497 184 692 441 413 239 131 324 564 276 501 407 451 634 110 615 221 213 411 679 631 443 640 83 627 119 147 482 641 540 482 552 173 381 128 793 510 685 515 56 248 442 605 250 139 23 308 639 463 304 431 485 167 281 554 412 341 415 301 378 623 134 490 578 573 485 481 532 550 221 526 143 81 665 192 504 184 534 585 520 657 188 230 504 581 585 320 168 521 347 687 328 238 329 674 610 392 137 171 241 507 326 310 563 703 420 152 434 287 403 322 340 504 371 461 443 160 654 596 579 212 138 445 275 776 430 182 438 668 296 238 482 453 508 422 642 623 201 533 537 122 149 501 207 597 615 114 642 474 506 161 48 124 463 331 417 504 308 118 
456 778 451 435 643 133 736 589 71 184 643 379 160 496 604 394 607 145 307 431 578 335 304 621 490 196 224 295 515 316 518 383 31 107 673 297 442 194 445 200 868 467 336 490 437 445 341 521 238 712 806 554 529 275 649 477 605 395 867 224 352 237 563 562 641 311 421 290 500 764 642 738 318 552 673 414 17 199 616 569 725 849 362 718 834 635 620 640 774 471 570 365 272 413 718 345 794 260 472 342 800 875 564 181 251 676 821 364 338 509 558 617 689 230 358 498 778 418 536 560 201 423 74 703 463 620 695 310 40 682 661 95 508 726 116 563 438 246 637 679 830 362 272 750 398 589 77 453 301 547 103 634 662 82 552 721 552 632 460 360 747 451 521 555 196 813 742 449 575 88 606 463 444 276 520 264 506 616 697 325 
337 650 409 316 560 48 618 465 68 71 526 270 165 390 478 303 517 172 225 303 466 259 182 533 370 128 221 242 386 283 390 296 117 229 561 201 380 90 320 129 741 403 239 422 332 387 291 450 194 596 677 434 424 159 521 367 557 308 741 213 276 109 438 464 537 265 332 165 428 637 522 612 243 448 570 337 133 87 487 443 605 721 317 589 705 518 494 513 645 377 454 292 170 348 605 221 667 144 374 308 672 747 457 154 215 555 692 237 217 401 429 528 573 104 233 440 652 297 448 458 80 328 73 600 376 536 568 271 168 598 533 36 379 597 60 439 324 151 535 560 702 235 173 624 269 540 124 331 211 471 96 534 534 149 435 594 467 524 337 292 619 339 451 437 151 685 619 388 484 217 484 345 351 202 400 144 382 492 619 216 
401 57 775 459 541 709 374 257 759 648 283 494 771 500 233 545 491 796 645 405 440 658 529 603 420 700 769 672 313 766 312 612 815 920 432 582 703 646 389 695 205 698 598 684 471 719 673 598 734 384 23 378 504 564 181 425 809 610 219 790 604 590 321 539 403 688 537 550 671 100 263 133 661 422 401 646 831 648 224 265 229 116 688 128 41 388 285 248 75 574 340 661 588 622 418 485 58 577 551 770 34 148 394 730 748 336 84 480 498 487 270 600 282 596 490 730 215 464 513 431 627 573 759 403 601 624 136 702 867 538 165 731 326 129 731 342 486 616 517 357 51 465 593 119 431 798 808 395 628 660 754 434 213 833 413 134 609 472 381 677 138 435 602 401 703 123 288 636 581 915 332 401 516 635 403 585 377 314 582 535 
195 530 660 420 272 336 676 331 304 222 330 114 236 527 358 42 238 263 455 328 568 492 184 700 454 400 203 95 348 553 303 500 381 418 651 96 612 201 235 398 708 629 441 639 116 624 85 159 469 661 573 498 561 166 413 162 792 510 713 500 21 239 462 614 284 103 58 307 639 498 340 465 479 203 315 553 385 329 442 332 414 654 103 520 610 591 507 505 563 554 256 522 129 68 683 200 538 175 539 575 554 688 224 198 491 601 617 326 175 530 374 694 364 228 334 672 637 400 166 206 225 509 299 344 565 710 453 116 405 312 435 299 361 533 351 480 451 140 666 616 611 223 123 480 287 774 407 208 433 671 267 271 508 429 522 456 647 637 227 528 566 153 160 516 177 627 639 108 649 444 526 190 84 95 477 326 433 524 329 119 
384 52 748 433 539 685 350 241 737 627 278 477 752 473 216 531 488 777 619 380 414 631 508 577 393 675 751 656 290 740 291 585 792 898 406 564 676 625 369 670 193 671 572 657 457 692 659 590 708 360 5 351 477 544 162 412 783 583 206 764 590 567 294 512 400 673 524 526 644 100 256 131 635 414 401 619 809 624 198 247 230 107 674 101 38 362 258 221 49 547 330 635 569 610 394 464 63 556 524 743 37 142 386 711 722 311 69 456 478 460 246 574 282 574 465 703 194 438 506 424 605 546 738 404 574 598 120 687 844 539 145 709 302 102 707 315 459 596 491 331 44 444 574 118 407 771 784 377 602 633 733 432 186 809 386 127 583 446 362 650 113 420 594 374 685 106 265 626 555 893 306 385 504 618 376 561 350 287 583 517 
391 482 271 104 701 358 258 401 450 387 510 418 537 7 389 501 640 550 195 213 95 186 341 178 97 298 578 542 268 286 329 129 463 596 185 440 199 403 332 293 444 195 155 183 463 215 578 652 292 233 481 126 42 371 391 457 326 121 438 344 523 323 185 91 602 569 519 237 172 499 490 494 198 537 627 146 484 296 295 367 551 465 606 376 488 161 219 256 430 70 478 175 415 590 232 322 505 370 47 282 495 476 524 511 296 216 455 196 347 22 293 172 556 337 189 229 354 122 599 553 364 81 455 652 97 190 423 580 521 727 384 417 242 375 373 162 71 427 153 211 480 301 424 497 243 311 432 372 192 176 477 619 291 450 94 471 135 142 357 190 374 435 655 105 495 428 292 628 128 565 176 404 519 486 103 242 144 194 765 404 
476 754 297 356 720 118 638 587 173 232 663 422 294 389 595 464 675 287 187 391 476 203 323 488 409 96 358 401 484 162 506 259 124 246 567 362 294 252 446 101 801 320 227 345 486 296 449 612 95 614 774 472 417 310 629 516 451 270 798 68 438 243 498 440 689 422 492 248 357 750 655 729 188 601 722 277 140 155 574 560 738 797 474 676 796 539 552 579 734 347 596 229 329 509 614 354 773 296 354 188 774 818 606 299 102 588 775 315 358 403 528 484 712 246 305 348 709 343 608 612 233 305 181 752 334 484 675 426 168 758 637 161 469 681 101 491 347 313 516 587 790 360 334 739 371 435 77 467 190 405 221 689 607 81 460 709 418 520 468 220 696 487 613 466 304 760 661 549 445 199 528 486 510 363 438 211 437 541 781 370 
427 128 719 422 610 696 288 291 756 650 345 518 783 445 263 579 556 807 609 390 376 617 534 529 376 677 788 698 307 725 324 567 806 919 353 601 648 650 402 672 115 641 562 624 506 663 705 652 703 301 82 325 443 572 208 463 740 563 128 759 636 586 278 472 471 717 575 535 610 176 322 204 623 476 473 595 824 632 204 288 306 34 723 104 54 316 232 198 58 518 390 617 601 663 334 491 141 583 496 726 115 70 449 743 715 261 9 462 507 431 266 527 354 594 470 670 127 431 569 487 627 525 758 479 545 551 174 731 860 611 185 726 313 94 718 293 443 628 441 279 43 468 608 193 423 730 793 417 595 594 757 502 166 818 356 197 543 398 400 632 77 467 656 344 717 31 203 682 512 909 273 430 556 656 354 567 339 255 655 552 
300 231 523 215 568 498 204 218 566 466 322 377 610 248 194 453 506 632 402 198 197 411 362 369 170 472 627 550 142 519 193 362 609 729 220 445 451 471 254 467 241 447 355 433 388 467 569 567 496 198 229 126 254 401 167 357 565 359 242 552 500 399 72 295 441 573 459 337 420 255 297 256 416 407 457 394 628 433 66 192 335 229 592 124 238 161 39 15 178 322 325 412 437 546 230 321 254 409 299 521 243 250 384 573 508 133 210 263 342 236 121 365 357 409 269 480 155 225 492 422 442 322 569 475 349 389 185 587 665 583 151 535 133 123 519 90 237 461 289 154 231 296 445 256 238 552 593 284 388 413 574 466 40 617 163 235 364 244 265 427 129 349 571 151 549 191 150 574 339 714 89 309 447 501 151 367 132 72 626 396 
466 800 517 482 622 185 784 605 97 202 649 382 123 550 623 383 592 100 367 465 630 397 322 682 536 257 180 269 544 381 539 443 96 69 724 294 506 205 463 260 905 531 392 554 435 509 310 495 302 762 831 600 584 288 670 478 670 455 906 289 334 265 603 620 633 279 409 331 563 782 650 754 380 546 666 476 80 248 647 588 733 881 328 747 861 683 659 677 802 529 574 428 275 387 770 365 814 274 529 407 822 908 562 156 317 722 851 403 354 562 586 677 692 256 399 563 817 463 520 553 224 481 94 695 523 682 716 276 67 662 685 130 539 756 173 605 488 247 693 726 858 385 272 767 429 654 143 466 359 610 98 623 697 145 601 738 613 686 476 423 780 454 494 603 177 846 786 419 634 91 650 471 433 261 567 309 548 659 673 330 
173 321 465 132 478 348 333 182 408 305 286 229 447 228 177 311 416 469 296 42 238 317 199 397 133 338 465 393 53 422 103 284 457 571 311 287 396 308 115 333 402 401 252 398 256 412 416 446 377 318 340 159 255 238 199 239 549 287 404 432 350 239 119 309 374 417 322 188 390 320 269 304 316 313 400 331 475 286 144 148 339 377 441 246 364 249 169 177 304 286 251 330 276 405 341 159 340 246 264 431 340 403 298 410 393 258 349 118 182 225 94 391 334 248 129 442 318 125 383 329 281 261 410 425 308 412 243 431 511 502 204 378 36 254 370 137 170 299 342 273 360 134 284 311 76 533 446 154 276 402 412 392 193 471 190 282 362 306 137 344 275 221 449 182 386 341 303 437 352 560 183 185 316 342 146 223 97 182 542 239 
511 534 283 233 819 478 210 497 572 518 607 547 666 127 480 630 757 677 298 335 111 277 474 62 207 409 709 674 371 353 436 222 577 711 126 573 224 534 452 405 432 206 270 180 589 236 710 779 386 187 521 194 91 503 469 578 269 211 422 431 654 454 260 43 710 701 647 368 164 562 585 564 292 653 734 207 598 420 366 464 636 477 738 423 518 155 267 304 467 134 587 253 548 721 167 453 557 502 133 340 542 479 638 642 384 210 478 327 478 122 386 58 650 468 321 219 354 252 721 669 495 181 578 756 147 82 492 713 633 842 457 540 345 417 490 233 203 559 40 193 508 431 557 564 369 260 541 492 303 131 603 731 338 556 156 541 83 74 476 264 405 557 782 167 626 444 278 758 47 674 218 524 646 619 195 371 245 235 882 535 
432 609 162 182 733 252 411 489 348 321 589 426 455 161 485 499 676 461 65 274 249 36 327 251 218 174 507 500 359 132 407 27 341 474 333 415 103 341 380 170 598 120 68 134 484 116 544 658 145 386 615 270 183 343 501 493 283 33 592 192 503 274 317 200 658 527 523 202 138 618 574 606 52 580 688 47 361 206 418 455 646 612 572 511 628 316 362 396 567 107 541 23 383 576 381 328 631 335 118 131 625 626 575 439 145 371 598 214 347 176 396 247 638 287 202 163 507 183 623 595 303 73 355 716 94 250 540 536 396 765 500 318 336 512 259 300 152 385 276 366 620 317 392 612 282 265 302 416 80 181 385 669 429 316 246 584 182 283 407 38 517 466 661 255 429 575 447 617 206 434 325 445 531 447 239 183 261 341 798 393 
302 636 484 350 493 126 650 441 87 45 487 222 107 437 458 239 453 123 293 312 506 329 158 591 401 205 151 164 384 361 375 359 162 234 600 140 451 41 298 205 751 473 299 490 279 460 212 378 272 629 667 462 473 123 506 319 630 371 753 291 204 115 455 517 483 187 267 196 495 617 487 589 313 394 516 404 170 150 488 424 570 722 239 586 698 552 511 525 641 435 413 362 114 273 642 201 650 110 429 385 658 750 406 83 293 583 690 260 189 447 425 586 532 102 259 512 665 330 383 403 70 385 83 546 437 596 552 192 196 532 521 78 382 596 137 461 366 89 584 590 696 222 114 602 272 613 185 301 276 537 66 477 542 208 470 573 527 569 311 363 621 293 378 470 74 688 641 312 541 241 508 308 288 128 431 189 404 514 550 168 
247 276 825 497 215 610 600 190 618 510 80 310 580 590 209 312 172 607 638 391 577 666 400 749 492 640 553 445 321 763 261 644 691 757 620 395 758 497 287 636 514 765 602 763 254 774 426 295 698 597 325 493 612 419 236 212 914 648 526 746 371 480 428 664 82 451 291 491 755 228 103 197 662 147 73 693 701 569 333 224 98 433 431 338 365 558 437 410 347 651 127 685 417 356 630 369 269 434 628 776 294 469 127 539 718 533 394 452 365 584 302 744 47 479 464 807 483 488 216 145 498 625 615 78 673 766 240 463 728 211 257 601 347 353 631 456 535 444 679 554 372 367 418 210 383 898 702 258 615 766 593 112 388 727 532 205 724 637 261 698 388 239 299 520 514 423 527 354 708 773 482 236 266 431 496 527 447 469 255 364 
166 349 450 124 475 318 355 199 378 275 299 210 419 227 198 293 414 440 274 16 248 297 172 399 138 310 437 369 78 400 116 269 427 541 327 262 383 279 107 305 432 390 232 388 244 399 394 435 351 338 369 175 257 211 225 233 542 272 434 406 330 208 143 311 378 394 307 158 382 346 283 328 295 311 406 318 445 256 174 166 356 407 420 276 394 267 196 206 334 279 256 312 249 387 360 133 368 218 258 410 369 434 299 381 368 281 379 91 157 226 122 394 348 218 102 432 347 113 376 327 251 250 380 432 300 414 269 407 481 501 231 347 66 284 340 157 162 272 350 294 390 108 258 336 46 526 417 147 253 398 382 394 223 441 201 307 361 317 132 326 305 212 438 194 358 372 329 421 353 530 204 179 303 317 156 194 110 206 540 215 
136 419 461 181 434 247 450 237 292 183 314 134 322 288 248 216 376 344 262 96 330 294 74 462 216 262 339 274 159 383 159 284 349 453 416 167 401 184 96 258 527 414 232 419 186 416 303 370 317 432 447 265 322 112 289 193 575 292 530 366 242 122 241 376 362 299 235 111 416 407 306 383 287 281 393 337 365 195 263 213 387 497 329 362 476 358 294 303 417 323 253 318 152 306 451 39 435 120 305 399 441 525 278 284 337 377 466 91 64 291 200 457 364 129 102 457 444 162 325 296 160 282 293 422 338 474 336 313 399 465 302 263 157 371 269 253 213 173 426 389 473 17 160 394 53 557 346 122 239 442 290 371 318 372 285 364 413 398 119 328 396 166 373 281 260 462 427 343 412 448 301 148 237 220 241 146 201 303 499 123 
599 636 237 312 909 511 296 596 607 569 706 626 711 205 580 707 847 719 324 421 213 293 543 40 298 433 759 737 467 341 531 251 599 731 218 641 200 587 540 430 523 176 309 148 672 205 777 860 395 276 623 294 176 569 570 666 178 239 512 430 726 511 361 123 805 764 726 428 134 664 684 666 310 744 830 215 619 460 468 562 737 574 805 525 618 256 370 406 568 175 681 263 613 795 249 528 659 566 187 322 644 572 730 691 387 309 577 400 552 207 485 44 749 525 392 167 449 330 808 760 548 224 614 853 171 20 594 775 652 934 559 577 441 518 519 334 277 621 128 290 608 508 622 666 451 172 558 580 336 85 643 824 440 569 255 644 81 171 565 270 505 643 863 267 678 541 371 834 80 688 320 612 727 682 290 422 340 337 973 608 
352 697 578 449 475 214 746 496 134 144 524 261 25 538 518 243 447 52 392 399 606 428 233 693 498 297 51 122 461 449 441 460 201 208 699 170 549 131 363 298 833 572 401 590 304 557 163 348 361 726 733 558 574 194 569 350 726 472 836 370 190 212 545 619 494 132 268 296 596 673 529 643 412 410 526 504 197 251 566 485 608 797 182 660 766 648 599 610 712 537 448 461 163 240 740 275 709 186 531 475 720 827 428 22 381 676 763 356 257 547 499 688 564 198 357 610 750 428 375 415 168 487 126 555 539 698 614 130 206 515 587 150 463 671 218 554 467 136 686 685 765 300 157 656 358 709 240 356 377 638 86 482 624 255 568 629 629 669 369 461 699 330 347 567 47 764 732 272 643 239 601 354 292 124 528 291 497 606 525 215 
553 627 182 265 864 443 317 565 539 504 674 573 644 164 551 653 803 651 256 376 199 224 486 74 261 365 694 676 433 274 494 184 530 662 234 582 135 523 495 361 539 111 243 83 622 142 717 808 326 294 618 272 144 509 548 619 169 172 529 362 668 449 338 101 767 703 673 367 68 650 654 648 242 701 793 145 550 394 448 530 712 581 745 516 618 256 357 395 564 115 643 194 553 738 273 474 650 505 133 256 636 584 689 626 319 314 579 346 497 170 455 72 719 463 337 114 459 281 760 716 484 161 546 817 106 64 577 713 583 891 539 509 406 512 450 312 228 559 146 298 608 456 562 650 402 157 489 535 268 24 575 784 430 500 233 625 31 180 521 200 503 596 811 246 614 546 384 778 61 619 308 567 676 621 260 359 307 326 928 551 
630 733 113 347 938 454 425 658 548 536 765 636 663 259 647 712 879 665 276 457 307 240 541 170 355 372 718 716 524 242 583 223 523 650 343 631 117 557 574 370 649 96 283 85 691 110 760 871 317 403 726 375 246 559 649 694 70 214 639 337 719 490 440 209 850 743 735 417 89 754 746 750 255 779 878 171 542 418 550 623 810 691 789 623 727 366 464 501 672 193 729 207 600 792 380 537 756 552 216 218 743 694 770 651 303 424 689 414 558 268 551 170 812 503 403 57 569 359 830 794 519 224 555 904 171 151 679 752 572 968 641 521 498 619 457 415 310 601 253 408 717 522 608 753 477 54 479 612 296 88 590 865 537 485 337 728 139 290 600 205 612 668 873 350 643 656 493 832 171 601 416 643 741 664 359 400 402 434 1003 607 
321 466 294 40 630 289 314 353 376 307 458 340 458 88 347 421 570 472 153 146 158 161 259 258 80 239 496 459 221 270 275 117 398 529 252 358 224 321 263 234 471 229 107 227 388 240 495 575 250 290 473 141 124 288 359 386 381 117 468 306 441 241 177 174 539 486 440 155 221 475 440 465 166 469 567 160 418 224 275 319 509 477 523 369 487 213 226 258 426 120 418 166 333 509 297 242 488 287 101 273 482 494 459 431 260 258 460 114 266 96 255 253 506 255 106 270 380 48 526 485 283 89 381 593 139 269 398 498 456 659 358 343 196 371 305 164 16 344 235 259 480 222 342 470 168 365 371 302 142 240 400 554 290 392 131 442 208 218 290 181 378 362 578 135 413 439 330 547 208 501 197 334 442 403 107 165 119 211 695 322 
122 287 526 196 418 376 373 122 424 314 223 195 445 292 124 272 356 469 349 92 296 373 197 459 196 378 454 371 40 476 40 345 480 585 362 268 458 313 72 374 408 464 308 461 209 474 388 395 424 361 314 214 318 235 158 185 613 348 412 477 319 254 162 371 311 393 279 223 454 278 207 257 371 252 336 393 497 318 139 91 280 369 410 232 344 299 201 197 286 350 187 389 265 365 387 153 304 246 328 486 309 399 236 406 442 298 336 164 170 288 71 454 272 261 176 505 331 187 327 268 292 324 425 361 372 475 205 407 531 441 170 396 59 243 398 185 233 291 400 315 341 131 272 267 101 597 475 104 328 467 421 329 201 501 248 237 426 363 85 402 271 171 398 239 380 336 331 395 415 580 226 132 269 324 206 260 156 221 481 219 
377 650 300 261 638 64 555 483 160 161 562 331 273 311 490 383 589 276 123 287 395 155 229 437 316 20 329 345 380 177 402 198 159 293 489 284 272 183 344 20 704 296 149 316 395 279 392 539 89 531 670 380 343 223 525 421 448 210 702 123 368 150 400 376 595 369 411 144 323 645 554 625 138 508 628 234 179 55 471 456 635 697 420 573 693 454 455 480 631 285 497 187 251 442 535 254 669 210 286 201 670 719 511 263 111 499 673 211 262 324 424 433 611 156 202 333 613 246 524 520 154 237 167 658 279 438 570 376 216 674 533 132 366 579 71 395 258 240 450 501 688 259 256 634 266 431 129 366 115 369 200 597 507 150 373 605 369 446 367 185 595 392 540 377 258 660 569 482 390 260 434 388 426 299 345 107 340 446 700 283 
591 731 39 321 895 383 456 635 475 471 740 588 592 252 628 660 837 593 214 426 318 177 489 217 341 301 649 654 502 165 557 176 447 573 372 574 59 493 538 299 672 53 230 70 645 45 699 820 242 432 729 374 250 502 636 653 129 170 664 260 662 431 434 228 816 680 684 364 85 747 723 740 191 740 845 124 466 353 543 601 791 705 728 624 735 383 466 503 677 178 697 147 542 736 415 490 753 494 202 140 743 712 733 582 227 442 699 373 509 264 534 216 788 444 361 31 587 329 785 755 456 192 483 872 152 203 670 689 495 926 631 450 477 622 384 411 285 541 288 429 726 478 550 744 439 111 402 574 236 120 518 828 538 408 339 717 164 317 565 141 620 626 822 351 576 669 516 777 200 523 421 605 692 603 351 342 388 439 960 554 
433 503 260 148 743 393 241 436 487 429 545 462 578 40 422 545 681 590 221 255 87 205 386 134 133 328 620 585 304 297 367 148 496 630 162 484 190 445 374 324 443 181 187 164 507 205 622 696 314 216 498 145 17 415 420 500 296 138 436 364 567 365 210 47 641 612 563 279 150 524 525 520 219 578 666 150 516 333 320 402 583 472 650 394 502 154 235 272 445 66 517 188 459 634 210 367 526 413 53 289 514 480 565 553 316 212 466 240 391 41 326 128 590 379 233 210 356 166 642 594 406 102 492 690 90 147 449 624 553 768 411 454 278 391 407 185 115 470 114 203 493 346 468 523 286 282 462 414 222 144 515 659 308 479 107 498 98 112 399 202 387 477 699 120 537 436 288 672 86 595 188 446 563 530 131 282 178 206 807 448 
266 442 338 41 575 264 343 310 345 264 411 283 416 141 307 364 515 432 168 96 198 187 205 314 93 230 450 407 182 294 229 156 376 503 291 304 271 276 209 225 476 279 124 279 331 286 442 518 257 321 455 157 177 236 327 330 434 160 474 313 386 195 172 229 487 433 383 113 274 446 395 432 188 415 515 205 396 198 253 277 468 471 469 353 473 243 227 253 411 176 367 200 280 453 333 185 462 236 157 301 459 492 406 386 270 279 450 58 210 146 221 309 460 209 53 321 385 21 469 430 239 140 349 542 193 325 368 445 433 603 328 312 160 357 283 167 66 294 285 284 467 166 289 439 113 418 355 247 150 296 363 501 281 377 161 410 265 263 236 214 370 306 521 161 367 434 345 491 264 481 209 279 385 351 124 133 112 220 640 266 
289 265 487 178 570 464 206 226 534 437 333 360 583 213 204 439 508 603 365 169 170 373 336 343 133 436 602 530 128 482 186 325 575 696 208 424 415 442 239 431 274 412 318 399 377 431 551 561 459 196 265 93 222 375 187 350 534 322 273 515 483 368 34 266 448 553 447 303 387 285 310 283 379 407 467 358 594 398 84 196 355 266 575 160 276 145 33 47 215 287 328 374 413 533 225 297 288 382 264 483 277 286 386 546 470 131 247 229 319 202 119 339 372 379 235 446 185 188 489 422 412 285 537 486 314 363 212 567 632 588 175 503 113 160 484 54 200 436 267 150 268 271 421 284 210 521 558 272 350 382 543 472 77 581 131 261 333 224 253 390 166 339 564 119 522 228 166 563 310 680 68 299 436 479 115 332 94 57 630 375 
456 705 224 290 726 144 560 552 228 251 637 418 349 309 556 473 676 347 108 344 398 120 314 403 340 69 409 433 438 92 469 177 199 328 486 374 212 273 418 71 732 237 153 262 482 215 481 629 10 536 720 401 335 311 585 505 377 187 728 46 458 237 434 356 679 457 500 212 273 705 627 687 105 593 711 192 218 142 519 522 707 735 508 619 739 462 486 516 678 263 576 144 340 531 533 335 725 299 272 117 724 754 595 345 23 514 715 268 345 324 480 398 687 245 257 268 640 281 613 606 244 223 236 741 249 399 628 463 249 762 589 207 420 623 139 424 275 330 433 511 733 336 346 696 332 360 155 444 118 321 274 683 546 164 385 666 333 438 442 135 635 476 630 393 343 697 588 572 360 283 457 468 515 388 367 176 374 472 789 371 
337 682 582 443 458 219 738 482 144 141 507 245 42 534 503 226 430 69 393 390 600 429 222 691 492 301 50 105 449 455 428 460 213 225 692 154 551 125 350 302 821 574 400 591 288 559 147 331 366 718 719 550 570 183 555 334 730 472 824 378 172 206 536 616 477 117 250 291 596 658 512 627 414 393 509 505 211 251 553 471 592 784 167 647 752 641 589 599 698 536 432 462 150 223 733 264 694 175 528 480 706 814 411 18 387 668 750 349 244 543 487 686 547 192 350 612 739 422 358 397 164 486 136 537 538 696 600 115 222 498 573 157 452 658 224 545 462 123 682 677 752 288 143 641 348 712 251 341 377 638 96 465 612 267 561 614 628 664 355 463 686 314 331 560 35 752 722 256 641 255 592 339 275 107 520 288 489 597 509 201 
515 420 463 302 799 598 39 451 685 608 554 577 760 238 426 659 737 776 440 365 152 428 532 224 252 543 791 734 354 519 415 370 706 838 60 628 401 619 461 538 264 384 401 360 602 413 762 788 536 34 394 195 211 568 395 578 439 361 252 587 698 539 231 204 673 760 669 457 343 458 529 469 441 636 690 372 726 533 299 423 559 324 788 312 380 102 199 221 341 289 556 411 610 753 13 499 441 571 276 510 421 318 615 729 539 98 335 394 523 224 348 223 587 552 393 399 200 323 718 651 583 323 690 707 310 244 402 773 764 815 376 652 335 301 614 211 292 629 140 79 369 473 619 465 407 432 676 497 437 310 707 699 244 695 182 450 263 113 478 425 277 565 792 183 708 297 124 785 228 809 167 526 661 681 223 473 259 172 858 582 
216 552 500 305 426 175 595 355 170 63 401 137 171 403 373 170 382 194 297 245 462 334 78 568 351 236 190 147 307 390 292 351 242 320 553 68 456 48 214 234 678 475 289 488 198 467 189 323 305 576 585 407 439 39 422 235 637 361 680 336 153 80 391 488 403 173 198 163 491 532 401 504 320 314 436 401 253 165 411 339 484 643 217 507 616 499 444 455 560 415 327 365 35 227 592 121 565 31 404 412 574 673 324 133 327 524 611 208 105 410 346 563 446 68 212 517 595 284 314 323 61 367 168 466 422 576 468 184 281 464 438 153 308 518 193 400 328 30 549 534 615 145 41 516 203 620 258 215 276 527 152 399 468 282 421 488 509 528 225 370 544 208 324 419 109 610 577 268 517 327 448 222 216 92 379 172 345 452 487 83 
284 459 872 572 29 587 743 321 566 474 236 290 494 677 348 242 34 520 669 461 687 703 395 848 584 639 450 347 423 783 359 695 642 677 747 344 812 455 342 637 691 825 643 828 228 827 312 136 705 736 508 604 706 397 392 219 984 702 701 744 281 470 546 760 110 342 214 513 824 413 260 380 694 138 116 748 647 566 473 346 286 614 305 505 549 684 571 551 525 725 213 728 375 232 766 383 455 410 705 802 479 650 155 459 727 671 574 500 367 675 422 843 231 464 511 868 648 557 97 122 471 689 561 128 743 863 410 350 667 54 416 558 448 520 605 572 609 394 791 691 555 393 372 394 436 967 665 303 646 845 529 79 537 689 639 384 810 753 316 738 556 245 138 629 438 600 680 212 802 705 608 271 195 357 597 543 546 598 91 337 
492 724 179 301 769 192 553 580 276 298 669 459 396 303 582 517 718 394 114 368 391 110 355 376 347 116 457 480 460 44 496 167 241 366 475 419 176 320 451 117 735 201 161 228 522 176 528 674 46 528 737 405 325 355 607 544 332 175 731 55 504 280 444 339 717 505 544 246 240 727 658 711 101 632 749 169 259 186 535 549 736 744 555 634 753 458 493 525 692 248 610 125 386 578 523 373 745 343 260 70 742 761 632 393 24 512 727 294 385 318 501 372 719 289 282 228 644 295 655 645 290 215 284 778 230 370 650 511 288 805 610 255 441 637 187 431 281 377 415 507 746 371 392 719 360 316 195 479 132 289 322 722 557 201 385 690 307 425 476 112 646 514 676 393 391 706 587 619 337 318 461 504 558 435 372 211 385 476 832 414 
516 842 493 501 684 198 800 652 132 245 701 435 186 559 667 442 653 163 366 497 642 391 366 678 556 255 243 331 581 359 581 442 88 49 736 349 491 252 508 260 934 516 397 541 491 493 373 558 288 777 871 620 591 335 713 532 647 454 934 264 395 302 630 622 691 342 468 357 552 827 701 801 374 604 724 468 68 265 682 633 784 915 391 784 899 699 686 707 840 530 627 420 327 450 782 408 858 321 532 384 865 941 618 217 299 741 887 430 400 572 624 674 746 295 425 545 845 483 581 611 265 483 133 754 521 676 759 339 31 724 726 160 574 792 180 629 503 301 697 744 896 426 326 813 464 631 124 514 362 600 151 682 729 116 617 783 609 694 522 413 813 507 557 620 238 880 808 482 633 29 672 522 492 321 586 330 572 682 735 382 
506 418 454 291 791 587 41 444 674 597 547 567 749 227 420 650 730 765 429 355 141 418 521 218 241 531 780 724 346 509 407 360 695 827 50 617 391 608 452 527 268 375 390 351 593 404 752 780 525 29 393 184 200 557 390 569 433 350 257 576 688 528 222 195 666 749 660 446 334 455 523 465 431 628 683 361 715 522 292 416 554 326 778 309 380 91 191 215 339 278 549 401 600 744 6 488 439 561 265 500 419 321 607 718 528 92 336 383 513 213 340 216 581 541 383 391 202 312 710 643 572 312 679 701 300 238 398 763 753 808 371 641 326 299 603 201 281 618 133 71 369 463 609 461 397 425 665 488 426 303 696 692 239 684 171 446 255 104 469 415 276 556 783 172 697 297 124 776 219 797 158 517 652 670 212 462 249 164 851 572 
441 607 154 182 745 272 396 493 368 339 594 439 475 149 487 513 687 481 85 279 236 55 341 231 214 194 526 517 361 143 412 26 361 494 318 431 90 359 388 191 588 105 82 116 496 105 561 672 164 371 611 263 168 358 501 503 268 25 582 209 519 291 313 182 666 544 536 217 120 617 578 607 72 590 696 29 381 225 416 459 650 605 589 507 623 304 355 390 563 90 548 32 400 592 365 340 629 351 103 139 622 618 584 458 162 360 592 223 360 165 397 227 643 304 211 148 497 185 635 605 321 62 375 723 75 230 540 554 415 776 500 338 337 507 279 294 150 402 259 353 615 328 408 612 290 250 322 424 99 162 405 678 424 335 236 584 162 267 415 47 511 476 675 246 448 568 436 632 186 454 317 455 544 464 233 199 259 333 810 407 
260 284 468 147 550 426 236 215 496 398 324 326 544 199 197 407 488 565 334 130 172 345 298 344 109 401 564 493 100 454 163 299 538 658 226 387 396 403 207 396 312 395 287 384 347 412 516 533 426 223 289 88 214 337 190 323 525 298 312 482 449 329 24 262 432 517 415 265 373 298 302 292 349 385 453 336 556 360 94 182 355 300 540 185 304 162 69 84 243 270 310 349 376 501 249 259 306 344 247 457 299 322 366 508 439 161 279 191 282 189 103 340 366 340 197 431 224 154 464 400 373 263 499 475 297 363 222 531 594 570 183 464 80 188 447 51 173 398 275 177 297 234 384 295 172 511 521 242 318 373 504 455 110 545 127 269 326 233 223 364 199 309 537 115 484 263 203 532 307 642 88 271 407 442 98 295 64 84 612 339 
249 465 828 537 66 537 725 308 514 423 237 244 442 643 336 191 37 468 625 427 658 659 348 815 553 591 399 295 398 737 334 654 590 625 724 293 771 404 308 588 688 784 600 789 184 785 261 93 658 716 513 577 673 348 385 182 944 662 698 695 229 422 522 727 124 291 163 469 785 420 259 387 650 114 142 707 595 517 457 329 300 616 255 500 554 660 551 534 524 688 199 685 325 182 745 340 463 361 669 756 486 652 137 407 680 651 575 460 322 642 401 810 243 415 471 827 639 521 47 99 422 650 509 162 705 830 408 299 615 103 409 506 421 515 554 547 573 343 762 670 559 352 321 401 399 927 614 268 602 808 477 95 523 637 610 388 775 725 284 694 551 206 96 601 386 598 666 164 769 653 585 236 145 305 567 497 517 577 130 288 
495 711 147 284 779 217 524 574 305 318 667 468 424 276 574 530 726 424 102 360 363 86 364 341 327 137 484 501 451 25 491 140 275 401 445 434 140 340 450 136 712 165 146 191 530 140 549 688 71 499 721 383 296 368 597 549 300 147 706 92 521 293 426 306 721 526 556 248 204 716 654 702 82 637 752 136 293 202 521 542 731 724 576 617 736 431 473 506 674 217 611 94 401 595 492 378 732 356 230 44 728 739 636 419 54 486 708 288 392 291 491 337 717 303 276 193 620 280 666 651 307 187 313 781 197 334 638 533 323 814 598 282 430 619 215 411 260 394 382 480 729 374 408 709 356 283 230 480 123 253 350 727 538 236 360 680 272 393 476 80 626 520 690 369 415 686 561 636 302 354 438 507 569 454 351 216 367 454 843 425 
328 88 669 353 525 610 297 194 665 556 260 419 687 395 166 481 469 711 538 303 340 551 439 508 313 597 691 599 215 660 227 505 718 827 343 503 597 556 304 592 196 593 492 580 407 613 607 558 629 302 83 273 400 477 111 365 709 503 206 685 537 495 215 439 387 618 477 449 567 123 235 138 555 383 394 540 735 547 119 190 237 132 625 23 103 293 182 144 43 469 296 555 505 566 337 396 111 488 445 663 97 166 356 646 642 247 95 378 411 383 173 504 278 502 387 626 159 358 476 395 534 467 666 403 495 528 85 632 771 530 87 636 225 32 631 236 379 532 423 268 99 374 511 132 333 697 708 318 522 558 663 417 109 733 309 123 508 378 302 570 64 369 562 297 620 107 215 585 482 819 231 331 459 558 297 483 270 213 575 454 
91 355 507 197 401 313 427 171 355 243 253 135 373 303 182 217 341 397 315 88 327 344 125 476 216 326 383 303 106 440 94 326 414 515 404 199 443 241 35 322 479 453 280 454 166 458 324 356 378 412 385 252 334 162 225 157 609 331 482 429 257 187 213 388 313 326 229 172 449 341 242 317 339 240 343 378 429 260 210 147 323 441 348 305 415 343 260 262 358 350 197 364 193 311 435 81 370 173 330 453 377 471 231 333 398 352 408 130 98 303 143 471 302 192 143 495 399 181 299 255 222 315 355 371 368 490 271 341 463 429 239 327 114 315 336 231 234 219 429 367 413 61 200 328 62 593 412 72 292 469 349 326 271 438 279 298 435 396 62 376 343 134 359 272 308 408 393 344 429 512 277 104 224 255 235 209 187 275 466 149 
178 366 432 110 488 303 356 217 365 264 317 215 410 215 217 298 427 431 255 3 242 278 167 388 129 292 432 367 97 381 135 251 412 528 324 260 365 269 119 287 443 373 213 372 253 381 395 443 333 339 386 173 246 205 243 244 526 255 444 387 331 196 148 300 394 392 313 142 366 364 301 347 276 325 422 300 430 240 189 185 375 421 421 292 410 266 203 216 349 264 273 294 245 391 359 131 386 211 243 391 386 447 314 374 349 283 394 73 156 215 140 383 366 207 84 415 357 97 387 341 240 233 367 448 284 402 288 406 467 515 249 334 82 299 324 159 147 266 343 295 406 106 254 355 40 510 401 159 234 383 371 409 235 425 196 325 347 311 145 307 319 222 446 190 351 385 335 426 341 515 207 191 310 314 151 177 108 210 552 215 
152 300 494 161 453 365 346 153 419 313 257 217 451 256 150 297 391 474 322 65 261 344 201 423 160 359 464 387 30 449 74 313 472 582 330 282 425 314 97 355 398 430 279 427 238 441 407 426 401 332 322 180 282 240 175 217 578 315 401 455 340 249 132 335 347 410 306 206 419 296 240 278 343 287 372 360 489 304 132 119 310 366 431 233 349 267 176 178 289 315 223 358 275 391 357 159 319 249 292 458 320 395 272 412 418 271 337 140 179 252 74 418 305 257 152 471 317 154 360 303 290 290 421 397 337 439 220 425 525 476 182 390 30 242 386 153 199 299 365 286 345 134 282 287 87 562 463 133 302 431 420 365 189 488 213 257 390 328 115 372 266 201 430 204 387 332 309 422 379 573 197 164 298 338 171 242 120 194 516 233 
474 287 590 350 722 651 115 373 728 634 461 553 781 330 345 629 663 802 523 368 245 521 536 371 296 612 801 727 318 623 366 465 763 888 192 622 522 640 430 607 114 510 478 488 562 536 746 736 621 133 253 232 316 574 300 528 586 458 105 676 677 565 223 330 587 750 633 494 473 330 436 349 531 568 598 480 782 584 228 354 447 172 768 193 233 177 168 161 204 397 482 512 612 721 162 495 306 581 378 618 283 164 543 745 628 120 187 422 518 315 294 369 485 576 426 532 53 366 658 582 609 418 731 610 423 392 292 764 820 731 277 695 309 179 670 220 357 635 283 129 221 470 620 342 409 577 741 459 514 448 740 616 161 762 246 333 398 244 440 527 147 522 740 239 722 147 44 748 364 868 177 482 620 677 266 519 277 167 776 573 
55 373 639 340 258 384 549 174 390 281 185 82 362 447 201 115 199 389 438 231 467 471 175 620 358 422 346 243 215 557 159 461 462 533 538 171 578 268 113 418 556 590 409 594 41 593 242 218 484 537 415 388 477 192 257 16 749 468 562 528 174 256 338 532 190 258 111 283 590 342 190 310 463 105 223 514 473 349 296 178 270 499 259 366 453 475 375 367 407 492 110 495 190 200 564 154 381 207 472 574 397 533 107 320 505 474 461 265 142 446 231 615 228 253 277 633 490 324 155 119 271 455 388 253 509 634 296 272 501 288 279 372 235 380 404 361 377 217 570 491 454 160 192 324 203 732 475 74 415 612 367 195 363 500 419 299 578 535 92 505 414 12 222 410 294 473 502 223 573 546 403 43 95 215 375 316 325 398 323 136 
222 375 400 69 532 312 320 247 383 289 351 259 439 171 241 342 471 458 235 44 198 254 203 344 85 289 465 406 115 361 167 219 423 545 283 300 331 297 163 284 426 337 191 334 298 347 436 488 321 301 390 133 201 240 260 289 486 222 425 377 374 220 122 255 434 432 358 151 327 379 333 365 255 368 461 266 442 246 189 213 403 413 462 290 410 226 178 198 348 224 312 266 282 435 319 172 396 244 202 368 394 436 356 405 336 249 389 77 197 170 154 338 399 232 83 378 337 60 431 384 264 196 386 487 245 358 301 445 480 558 261 351 93 295 333 127 106 301 298 259 404 147 291 372 82 470 407 203 217 342 394 451 223 431 152 343 304 267 188 280 311 267 491 148 383 376 307 471 296 528 174 235 356 352 108 181 70 179 596 256 
318 662 555 413 459 194 709 462 127 111 493 228 56 504 482 218 428 82 365 362 570 401 195 662 462 275 80 110 424 430 405 431 200 230 663 137 523 95 327 275 796 545 371 563 275 532 157 336 341 689 697 521 540 157 534 320 702 442 798 355 170 176 508 586 470 128 244 262 568 638 497 609 385 383 502 476 201 223 528 450 577 760 180 623 730 612 562 572 675 506 417 434 127 228 704 238 674 148 498 455 685 790 400 15 362 639 726 319 220 513 462 656 534 162 320 584 713 392 356 389 134 456 120 531 508 667 579 130 216 499 551 135 426 634 201 516 432 99 651 648 729 262 122 622 320 685 234 321 348 608 82 459 586 253 532 595 598 634 334 435 661 298 336 531 13 727 694 264 611 254 564 321 268 97 491 258 460 568 513 180 
469 702 188 280 747 176 538 556 264 279 646 437 383 287 559 496 695 382 93 345 376 94 333 370 328 97 443 462 438 59 473 152 235 363 462 399 176 301 427 97 717 202 140 227 500 179 510 653 30 513 715 387 311 333 584 521 341 162 713 63 484 259 424 328 694 487 523 223 238 705 635 689 83 609 726 161 254 165 514 526 713 724 537 613 732 442 474 505 671 236 587 114 365 558 509 350 723 322 246 84 720 741 609 378 16 495 706 271 362 303 479 367 696 268 259 232 626 273 633 622 270 200 271 755 220 366 627 494 284 782 588 241 418 616 174 411 261 357 404 491 725 348 372 696 337 324 191 456 110 287 309 699 536 199 368 667 301 412 453 103 625 492 655 375 375 687 570 599 329 317 443 481 536 416 353 188 364 457 810 392 
367 563 227 138 667 212 407 431 306 264 528 359 406 159 429 433 610 415 49 215 245 65 261 290 185 146 454 439 304 171 348 57 313 446 337 351 169 284 316 141 576 185 4 196 417 183 482 592 146 383 574 245 190 278 450 427 348 68 572 201 439 212 281 223 593 466 456 137 197 569 514 555 65 515 623 109 333 156 373 398 589 581 510 471 590 308 331 362 528 134 478 84 320 512 384 262 584 272 132 178 580 598 510 386 155 358 563 150 281 173 344 285 578 225 137 228 484 132 556 529 245 85 313 652 133 293 491 476 370 699 451 275 283 473 224 268 119 323 296 356 583 251 328 562 219 330 280 351 40 235 339 604 393 298 229 533 224 293 343 95 482 399 595 236 374 543 431 552 240 413 301 380 464 385 211 121 221 315 732 327 
501 492 336 237 804 506 155 472 599 536 581 545 686 142 453 629 742 699 334 329 89 316 480 107 201 442 725 683 352 400 417 260 609 743 73 579 275 550 443 438 379 258 300 233 582 287 717 772 426 133 476 171 107 512 436 567 321 249 369 473 658 469 234 82 690 710 644 384 217 523 558 527 331 638 712 252 630 445 333 440 604 427 744 381 471 111 231 265 422 173 567 295 557 721 113 455 515 513 166 388 499 427 621 659 426 162 430 334 480 132 361 104 622 483 330 273 303 258 711 654 512 215 604 733 191 128 456 722 667 825 422 566 327 373 520 206 214 571 19 143 461 432 566 526 367 312 576 482 336 185 626 712 298 592 137 505 137 26 465 308 359 549 776 146 642 394 226 757 101 709 182 513 641 628 181 391 230 198 866 539 
299 212 542 232 559 511 214 209 577 476 309 378 618 267 183 453 498 640 419 208 216 429 369 387 188 487 632 554 144 537 190 380 622 740 236 450 470 479 255 482 232 466 372 452 386 486 571 563 513 210 210 145 273 408 152 354 584 378 233 569 502 408 89 314 430 576 457 349 440 236 285 239 434 400 446 413 640 446 56 184 319 214 593 105 220 178 57 23 160 341 316 430 443 545 243 327 235 416 318 539 224 236 376 580 525 146 193 275 347 255 118 383 343 418 283 499 148 241 487 414 451 341 580 463 368 407 168 590 677 573 135 546 138 104 532 109 255 467 307 167 213 302 450 238 246 571 607 283 404 433 583 457 23 630 182 217 383 262 264 446 112 347 566 170 555 177 153 572 358 726 107 307 444 505 170 380 148 90 617 400 
473 811 552 507 611 215 810 614 122 217 652 386 111 579 633 379 584 85 400 484 657 430 334 714 561 289 161 258 560 417 551 475 132 72 752 296 540 217 474 293 925 565 423 588 435 544 296 482 337 788 844 624 613 298 682 480 706 487 925 325 326 284 625 650 630 265 404 355 597 791 655 763 413 544 662 509 116 276 664 599 737 898 311 763 875 709 681 697 817 561 577 461 280 375 797 378 825 286 560 443 834 926 561 149 352 746 867 425 365 591 601 709 694 274 422 597 838 488 512 550 241 512 118 691 555 714 728 260 100 651 697 156 556 772 204 628 516 252 723 751 872 399 277 776 446 689 178 474 391 643 110 618 716 180 627 748 645 715 485 457 797 457 481 628 174 863 809 405 666 112 674 477 428 258 591 335 570 681 659 336 
353 254 518 235 620 530 153 270 603 507 370 428 653 244 244 505 559 674 418 239 177 422 407 342 183 497 672 599 193 529 246 369 642 764 180 494 447 513 305 492 209 440 371 424 441 463 619 620 514 149 241 126 243 446 212 410 546 365 207 570 551 438 97 276 491 623 511 370 410 285 346 292 429 460 507 395 661 463 117 244 377 216 643 142 242 127 41 39 187 317 377 419 484 598 183 367 277 453 295 528 261 230 437 617 524 86 206 297 389 230 174 338 404 449 302 470 118 248 546 474 482 326 606 524 344 362 222 637 698 634 193 571 181 136 550 100 250 507 257 108 233 342 492 289 281 534 622 336 406 397 613 518 62 645 155 271 346 212 317 434 127 402 624 143 593 179 97 627 318 746 72 362 500 549 158 398 155 55 678 445 
339 684 662 496 399 301 781 482 228 209 490 247 114 593 507 200 380 135 468 428 652 505 258 757 541 381 55 68 473 537 441 531 296 288 743 168 628 190 365 382 844 649 470 665 272 636 85 268 448 763 724 595 629 222 561 319 807 542 848 461 139 266 572 677 439 57 218 351 669 654 499 622 489 361 469 578 292 326 575 478 574 798 95 662 760 688 624 629 709 602 415 538 180 164 781 295 693 220 592 561 707 831 383 101 469 709 762 399 272 601 506 751 524 252 403 689 766 475 310 363 229 553 220 496 606 763 604 47 299 439 581 240 480 674 307 585 519 162 740 720 760 320 171 636 385 790 335 348 450 709 180 422 637 351 611 611 695 719 364 539 705 305 267 608 102 768 757 190 706 326 633 338 243 112 568 354 532 635 445 217 
458 468 327 194 763 469 163 435 560 494 545 502 645 103 417 585 701 659 301 286 48 287 437 128 157 407 683 640 312 377 377 229 573 707 82 536 262 508 400 403 377 248 265 226 539 275 673 729 396 139 456 132 71 469 404 525 332 219 368 445 614 427 197 67 651 666 600 342 210 496 522 498 301 597 673 229 594 406 300 402 571 416 701 357 454 91 201 238 402 146 528 269 513 677 128 411 491 470 134 367 476 419 580 617 397 149 415 291 436 91 324 124 586 441 287 269 294 215 669 613 470 183 565 695 168 148 426 679 631 785 391 527 287 351 483 169 172 528 56 134 444 388 522 497 324 321 541 439 301 187 586 672 272 559 96 475 136 32 423 283 340 506 733 106 600 381 220 713 104 674 152 471 597 584 139 351 188 169 826 495 
151 426 445 168 450 238 442 248 287 181 328 149 323 274 257 230 393 345 246 90 319 278 80 448 205 249 344 283 162 368 168 268 342 449 406 177 385 184 109 245 527 398 216 403 202 399 313 385 303 424 452 256 309 117 297 209 558 275 529 352 254 117 236 362 378 309 250 96 400 415 319 392 271 297 409 321 358 183 265 222 400 499 340 365 480 349 290 301 421 307 268 301 159 320 442 52 443 123 290 383 447 526 294 287 323 370 469 76 76 278 204 443 378 125 86 441 442 148 341 312 157 266 288 438 322 459 343 322 393 482 308 258 157 374 260 246 199 179 414 381 477 33 167 403 48 541 337 137 223 426 288 387 317 363 275 373 398 387 133 312 398 182 388 271 263 464 423 357 398 442 294 164 253 229 231 132 193 297 515 135 
374 556 221 128 677 233 388 430 328 284 530 371 427 139 427 446 619 436 64 216 226 69 275 269 172 167 474 457 302 178 349 42 334 468 317 366 159 303 321 162 561 172 25 180 428 173 499 605 162 364 565 230 169 294 445 435 334 51 556 217 454 229 270 201 599 484 469 151 181 564 515 551 74 522 629 95 355 177 365 397 588 569 528 461 580 289 318 350 519 113 482 80 336 527 364 272 578 288 111 183 573 585 516 406 170 340 552 155 293 153 339 264 579 243 143 215 469 127 567 537 264 63 334 657 113 272 486 494 391 708 446 296 279 463 245 256 105 340 275 338 573 260 345 557 223 317 301 357 60 216 360 611 382 318 212 528 203 272 348 93 471 408 608 219 393 531 415 567 219 434 286 387 476 403 197 139 211 301 742 341 
143 215 597 263 391 452 381 51 494 382 161 233 504 349 46 297 330 530 426 168 336 449 262 507 252 456 505 413 82 553 45 417 554 654 387 318 527 379 122 452 370 532 384 526 225 543 422 394 502 373 248 252 371 297 86 187 675 419 377 555 352 327 189 422 268 432 297 301 518 201 140 179 447 230 289 463 569 396 114 17 206 318 441 182 281 324 208 190 228 413 148 462 321 385 404 219 230 310 390 562 238 351 207 463 520 308 281 242 231 343 61 502 206 332 254 572 305 257 317 244 362 392 494 310 437 524 132 447 603 408 102 467 108 195 474 216 299 349 439 328 281 201 327 189 179 660 551 132 405 526 487 292 181 576 290 159 482 398 116 476 228 186 398 279 437 289 323 409 466 652 247 147 281 372 254 338 206 237 451 269 
229 140 625 294 449 523 332 102 573 463 191 320 589 360 73 383 389 614 473 222 325 491 344 499 267 518 592 500 129 598 128 451 629 734 356 404 554 461 206 514 287 554 428 544 310 570 508 468 557 330 165 245 374 380 32 269 686 451 295 612 438 403 179 420 315 519 380 366 534 142 166 132 492 297 328 492 645 463 71 91 200 231 526 97 196 296 174 143 142 430 210 499 406 469 363 300 159 392 407 605 161 264 271 549 573 266 194 299 314 350 86 495 223 410 309 591 230 295 388 310 441 419 573 344 456 518 64 533 680 459 24 545 146 111 545 206 326 434 422 288 195 280 412 136 245 672 622 219 454 534 568 343 120 648 285 109 486 378 203 514 145 270 472 272 523 203 262 490 465 729 221 233 363 459 259 402 220 206 503 356 
317 32 744 417 456 642 396 172 685 573 195 410 690 474 152 458 404 716 597 346 428 614 452 599 385 641 685 586 252 722 237 573 745 844 439 499 673 569 311 636 271 671 552 660 383 689 585 508 681 400 81 355 484 487 106 337 796 572 283 736 517 518 291 526 317 601 449 488 648 25 174 48 616 333 318 612 761 584 182 186 149 188 599 119 121 386 270 233 106 547 251 622 507 533 435 410 40 500 523 728 55 224 305 648 697 343 148 422 420 463 209 595 199 524 433 707 253 418 424 342 553 539 685 322 573 620 61 615 795 456 99 659 269 130 664 316 447 535 517 365 127 392 512 37 365 783 741 313 578 644 677 348 199 767 393 45 595 472 300 637 159 348 512 381 622 180 313 546 570 843 319 316 427 551 374 524 339 302 500 453 
561 685 84 283 868 384 407 597 478 463 703 564 592 206 588 639 809 595 204 391 269 167 468 172 298 302 646 643 463 186 519 150 459 588 323 557 48 484 506 300 623 23 209 21 620 47 687 799 252 383 682 327 202 485 593 625 141 142 614 278 646 417 389 178 783 670 663 344 36 703 685 697 183 710 812 98 478 346 498 562 751 656 716 578 687 334 419 456 630 134 663 134 526 719 365 465 708 478 157 164 697 663 702 579 240 393 651 344 486 217 493 170 750 430 332 26 538 293 759 725 446 156 486 838 108 160 627 679 509 898 587 451 437 575 388 365 246 528 239 380 678 451 535 700 408 124 415 543 222 75 519 797 492 423 291 674 115 268 533 134 572 598 801 304 570 621 466 759 151 541 373 574 669 590 306 326 345 391 933 534 
409 755 608 502 511 247 801 554 155 196 578 317 44 588 575 293 488 37 432 457 658 466 291 739 552 330 58 163 519 476 499 502 206 175 752 227 585 185 422 332 891 608 445 628 357 591 196 381 389 780 791 613 624 252 627 404 759 514 894 390 236 265 602 666 542 165 315 348 635 730 583 699 449 459 572 544 197 293 624 543 662 855 208 718 824 703 656 668 770 583 502 499 221 275 794 334 766 243 577 501 778 885 478 80 408 732 822 410 315 598 558 734 616 252 410 645 808 481 417 463 221 533 147 600 582 742 672 159 195 551 645 180 521 729 246 610 518 194 735 741 823 358 215 713 415 742 250 413 418 678 112 527 682 261 622 686 673 720 427 497 757 385 380 621 105 823 789 303 689 216 657 411 341 178 582 339 553 662 558 273 
447 605 152 182 751 284 388 494 380 350 597 446 486 142 489 521 693 493 97 282 228 67 350 219 212 206 538 528 363 151 414 32 373 506 308 440 85 370 393 203 581 97 92 106 502 100 571 680 175 363 609 258 159 367 501 509 259 25 575 220 528 301 310 171 671 554 544 225 109 617 581 607 84 596 700 20 393 236 414 461 651 600 599 504 619 296 351 386 559 80 552 42 409 601 356 347 627 361 94 145 620 613 589 470 173 352 588 228 368 157 397 215 646 314 216 140 491 187 642 611 332 58 387 728 63 218 539 564 428 782 499 350 338 504 291 291 148 412 247 345 611 334 417 612 295 242 334 429 110 150 417 683 420 347 230 584 150 257 420 55 507 482 683 241 459 563 428 641 174 466 311 460 551 474 229 209 257 328 816 416 
259 527 356 172 541 140 475 359 213 137 440 230 288 256 366 298 487 302 150 166 326 186 127 416 225 137 328 302 257 263 277 196 251 373 420 212 305 153 221 133 598 323 135 334 292 317 344 458 192 453 549 289 292 140 401 310 485 206 598 240 300 75 294 338 483 329 323 21 336 521 431 500 175 399 515 247 270 76 352 331 512 583 372 455 574 375 350 371 513 261 378 215 181 373 463 140 546 133 251 281 548 607 399 261 212 410 557 95 153 266 301 410 489 89 89 365 509 152 428 412 114 212 217 544 267 422 447 339 307 575 410 181 245 462 161 294 185 185 404 416 569 138 190 510 142 468 237 247 127 371 231 489 394 262 292 480 355 388 245 222 481 281 460 293 245 547 474 414 365 355 339 271 333 247 256 22 237 348 605 192 
242 586 637 428 331 295 701 384 249 183 393 151 170 531 409 104 301 197 435 347 582 472 185 701 468 366 137 30 383 522 346 488 325 354 669 86 594 161 272 365 751 613 427 626 174 605 52 209 435 684 626 518 567 155 464 221 775 498 755 460 45 218 489 618 351 48 124 297 628 556 401 523 458 269 382 538 328 299 482 381 477 702 80 566 662 611 538 540 613 550 318 503 111 102 704 214 595 159 537 545 609 735 289 135 457 627 666 331 189 537 413 695 428 206 337 655 675 407 229 272 194 503 243 410 558 709 506 62 344 371 485 249 392 579 307 504 455 108 675 640 663 239 102 538 305 758 355 252 414 663 208 337 546 376 538 513 644 650 269 508 610 207 209 534 115 673 671 140 650 381 551 240 150 46 494 309 453 551 385 130 
162 454 719 439 179 424 657 266 405 311 237 133 344 547 295 80 134 372 514 333 572 549 236 721 462 477 311 203 323 624 265 547 482 527 645 181 663 292 219 475 654 677 491 683 80 676 181 111 544 645 499 494 579 235 349 101 838 555 662 581 130 309 446 633 176 206 53 358 681 416 252 382 539 99 207 600 488 404 401 277 318 591 187 463 539 582 483 473 499 587 170 576 212 114 672 232 458 248 569 644 477 626 124 306 566 582 552 356 212 548 337 716 264 301 367 720 593 422 66 99 308 546 401 235 602 734 383 217 510 216 373 396 342 477 441 468 474 232 675 599 542 246 209 397 300 821 503 181 491 707 372 162 468 527 524 377 676 640 199 584 512 113 114 516 284 568 608 125 673 550 510 151 31 200 480 386 431 505 242 175 
408 745 518 445 564 164 747 548 68 150 590 323 71 521 567 323 533 56 351 418 597 383 267 663 498 244 134 212 492 385 484 424 113 128 692 234 499 150 407 246 858 523 369 544 375 504 255 438 300 725 777 561 556 231 615 418 670 436 859 298 275 218 559 595 573 225 349 291 552 725 591 697 366 486 606 462 107 219 596 533 673 830 275 695 807 647 615 631 750 508 515 415 216 330 735 311 759 219 505 411 767 858 502 97 317 682 799 360 298 532 534 658 633 207 358 558 771 425 461 493 174 458 61 635 504 664 661 223 114 604 630 98 489 705 158 563 455 188 667 688 805 332 213 710 380 654 157 408 339 597 43 563 649 169 565 682 595 656 419 413 730 394 438 566 118 796 744 364 614 149 609 413 373 201 528 274 506 616 616 271 
289 438 326 12 599 291 313 320 374 296 425 312 448 110 314 394 539 464 175 113 165 187 237 284 66 250 483 439 188 296 241 147 402 530 259 336 257 309 231 245 456 262 128 260 358 273 474 546 268 291 447 131 145 268 328 355 414 149 454 325 417 228 156 197 507 466 413 144 254 446 407 434 191 437 534 192 422 224 247 286 477 456 502 344 463 212 208 237 402 152 385 195 313 484 301 216 459 269 131 301 454 475 427 419 280 252 437 91 241 114 223 278 473 242 86 304 365 16 495 453 272 122 378 560 172 296 368 478 459 627 328 341 164 347 309 146 36 327 252 255 456 195 322 440 138 397 378 270 160 271 394 522 267 400 130 411 237 230 258 210 356 331 549 132 400 419 320 522 234 506 185 302 414 384 96 161 95 197 664 298 
207 392 800 494 110 533 662 240 524 424 164 229 467 597 268 200 49 494 600 383 605 633 332 768 504 579 432 324 342 718 277 622 599 649 665 297 739 407 264 576 617 750 571 753 165 754 298 157 643 654 440 522 626 340 315 145 908 628 627 685 252 411 464 680 58 325 174 445 748 347 187 314 625 58 86 674 607 505 392 265 228 543 299 429 481 602 489 470 452 648 132 657 326 223 685 315 390 355 627 735 413 579 73 428 665 589 503 425 301 595 340 762 171 406 437 793 570 480 78 43 418 613 520 113 667 783 336 336 630 131 338 512 366 444 553 490 531 348 710 609 486 322 324 328 360 891 618 225 577 767 492 40 456 642 557 315 731 671 238 667 480 173 161 548 405 526 600 217 722 671 526 194 150 321 516 477 465 517 172 280 
87 388 509 215 388 288 461 198 322 210 268 102 336 323 212 186 330 360 311 113 355 342 89 497 242 308 344 266 145 433 127 331 384 481 435 160 448 206 53 305 517 460 280 463 144 462 288 332 365 446 420 283 356 125 258 146 619 337 521 414 222 158 248 410 313 289 201 159 460 372 260 346 335 233 344 383 399 240 248 177 343 479 312 342 451 375 296 300 395 363 204 365 155 279 468 46 403 137 345 448 411 509 229 295 386 387 446 135 60 324 181 492 317 162 146 503 438 198 282 248 190 325 322 373 380 510 305 303 432 419 273 296 152 353 310 265 250 181 455 401 449 35 162 357 76 602 386 73 288 483 314 322 309 411 308 328 452 424 73 376 381 119 335 302 270 446 430 314 449 480 311 99 199 216 263 195 218 311 454 111 
421 755 503 444 585 155 747 561 60 158 605 338 93 517 578 342 553 77 341 423 594 373 277 655 498 233 156 233 500 369 494 416 93 114 689 251 486 160 418 236 863 511 362 532 392 491 277 460 285 725 786 561 551 243 626 434 656 428 864 281 295 223 562 589 592 247 368 292 541 737 606 710 356 504 624 452 85 214 603 544 688 838 297 703 816 646 618 635 758 500 530 405 230 352 734 321 770 230 499 395 778 865 519 119 302 683 807 363 309 529 542 650 648 213 359 545 776 425 481 511 181 451 55 654 496 656 672 245 92 625 640 93 496 713 147 565 453 203 661 688 814 340 228 722 386 639 137 421 331 587 53 582 654 148 564 693 587 652 431 401 736 410 460 565 138 803 746 386 606 129 611 427 392 221 528 272 508 619 637 286 
166 399 754 455 143 482 641 228 473 372 174 179 418 560 257 150 83 446 553 344 574 586 282 732 469 529 386 278 313 669 249 577 548 599 638 246 694 355 225 526 613 707 525 710 115 709 256 142 593 631 446 492 589 289 308 101 865 584 622 634 204 360 437 644 101 281 125 397 706 358 192 324 578 33 132 630 556 455 375 247 250 544 260 423 487 575 466 451 452 607 120 611 274 184 660 267 401 303 587 687 421 580 61 379 615 567 504 381 252 558 317 727 194 355 393 750 560 439 58 26 366 571 469 161 625 746 335 292 579 172 332 460 336 438 501 461 492 297 678 586 491 276 272 338 318 849 567 185 530 727 441 91 441 591 525 321 692 640 200 621 473 127 146 516 356 524 584 186 685 621 500 153 100 272 482 428 433 492 208 229 
4676 1792 8904 4564 7714 8316 3612 2940 9156 7672 4018 5922 9562 5054 2534 6846 6902 9884 7168 4018 4228 7322 6062 6552 3962 8064 9660 8442 2870 8834 3192 6650 9842 11424 4242 7056 7896 7672 4256 7994 2506 7826 6524 7616 5838 8120 8582 8078 8470 3668 1624 3346 5096 6608 1820 5278 9408 6608 2604 9254 7616 6762 2576 5614 5796 8722 6832 6048 7434 2282 3668 2464 7392 5656 5922 7112 10094 7420 1428 2786 3808 1848 8862 252 1764 3542 2044 1526 910 6090 4438 7350 7028 8078 4158 5460 2114 6748 5768 8876 1890 2268 5292 9002 8638 2898 1442 5040 5712 4872 2310 6510 4340 6888 5152 8274 1764 4662 6930 5838 7336 6090 9170 6090 6468 6846 1624 8918 10612 7812 1484 8736 2940 140 8610 2842 4900 7406 5376 3192 1666 5138 7126 2394 4480 9240 9674 4508 6958 7294 9170 6216 1036 10024 3836 2226 6594 4746 4270 7560 504 5292 8134 3654 8652 1386 2478 8386 6216 11284 2716 4746 6594 7826 3696 6510 3388 2450 8442 6356 
980 2810 6770 3550 2640 4620 5090 940 4800 3690 910 1760 4590 4540 1230 2090 2020 4860 4870 2450 4550 5160 2530 6200 3580 4890 4440 3410 1910 6110 1260 4960 5500 6280 5120 2670 6120 3580 1360 4850 4820 6200 4510 6190 1360 6270 3360 2720 5460 5010 3260 3710 4800 2770 1760 890 7730 5000 4900 5940 2700 3320 3110 5330 1490 3540 1990 3400 6130 2470 920 2140 5110 1020 1750 5460 5620 4190 2410 1130 1740 4170 3500 2910 3650 4490 3360 3180 3240 5100 260 5360 2830 2840 5310 2200 2870 2920 4880 6250 3040 4520 790 4170 5660 4360 3770 3020 2180 4500 1870 6150 1380 3320 3140 6620 4260 3430 1920 1160 3540 4800 4780 2010 5310 6370 2080 3670 5910 2820 2000 4590 2160 3050 4840 3380 3930 3110 5590 4560 3670 2150 2860 2280 2330 7570 5570 1070 4640 6280 4610 1680 3070 5830 4070 2050 5880 5190 1100 5480 3410 1060 2760 3970 3910 3940 4500 2990 5770 6380 3730 890 1770 3130 3670 3750 3170 3630 3240 2280 
650 3870 5340 2410 3620 3000 4820 1910 3270 2140 2520 800 3310 3490 2090 1620 3040 3560 3340 1380 3790 3670 940 5230 2670 3270 3350 2510 1580 4550 1290 3560 3930 4830 4580 1480 4730 2080 510 3230 5280 4860 3050 4900 1170 4880 2690 3060 3860 4670 4210 3060 3810 1260 2580 1200 6450 3630 5320 4320 2020 1700 2680 4360 2900 2730 1760 1810 4860 3680 2470 3400 3590 2080 3220 4090 4060 2560 2590 1750 3300 4860 2930 3490 4540 3980 3140 3150 4000 3900 1850 3900 1480 2560 4900 570 4010 1390 3710 4710 4100 5170 2060 2900 4060 4070 4510 1610 590 3500 1910 5180 3010 1710 1720 5290 4510 2240 2550 2230 1970 3510 3270 3510 4060 5360 3040 2870 4380 3930 2750 3030 1680 3610 3220 2860 2770 1760 4800 4220 4530 560 1540 3530 1020 6280 3970 560 3110 5100 3160 2980 3220 4230 3320 3240 4780 4480 620 4010 3900 930 3090 3250 2640 4540 4470 2900 4750 4860 3320 770 1740 2040 2870 2150 2410 3300 4270 990 
3410 7172 7425 5368 3938 3509 8437 4961 2805 2398 4983 2420 1639 6479 5247 1804 3718 1892 5247 4543 7084 5654 2717 8316 5841 4367 1056 473 4961 6083 4565 5896 3586 3597 8052 1650 7007 2167 3751 4367 9009 7227 5225 7392 2618 7117 473 2497 5115 8239 7623 6402 6875 2343 5841 3135 8987 6017 9064 5313 1144 2937 6116 7425 4389 220 1969 3850 7425 6820 5093 6468 5489 3542 4708 6424 3564 3707 6061 4939 5896 8481 605 6985 8030 7436 6655 6688 7491 6633 4169 6006 1859 1353 8459 3069 7260 2354 6512 6358 7425 8844 3795 1397 5346 7623 8074 4301 2805 6556 5302 8261 5346 2783 4356 7678 8184 5137 2948 3553 2574 6094 2717 5005 6699 8393 6303 66 3674 4367 6072 2893 5060 7128 3608 6270 5654 1727 8074 7766 8030 3344 1760 6622 4070 8800 3982 3520 5038 7843 2288 4191 6765 4180 6611 6358 7667 7821 3718 6039 7469 3003 2486 6567 1320 8162 8129 1639 7755 4004 6787 3377 2244 1078 6127 3927 5698 6798 4444 2167 
5642 7163 2613 1937 9659 4368 4082 5980 5603 5005 7371 5837 6890 962 5863 6864 8879 7007 2002 3367 2028 1755 4693 2158 2093 3445 7488 7189 4238 2925 4992 1027 5629 7371 3055 5941 1677 5239 4901 3393 6643 1638 1664 1521 6487 1885 7709 8892 3172 3757 7163 2548 1118 5005 5928 6487 3484 884 6552 3796 7059 4251 3302 1313 8476 7540 7137 3159 1417 7371 7124 7280 1950 7566 8827 1027 5902 3640 4706 5538 7982 6942 8073 5798 7254 2912 3757 4238 6500 130 6890 1508 5577 7982 3666 4550 7449 4953 299 2821 7332 7085 7436 6604 3172 3653 6825 2899 4849 1144 4628 2093 7982 4420 2769 2119 5486 2093 8294 7774 4732 520 5681 9165 364 2210 6370 7683 6357 10036 5863 5187 3913 5785 4511 3016 1443 5668 2314 3549 7150 4316 5694 7332 3653 3276 5161 5395 2080 1651 6019 8671 4693 5356 2132 6981 1339 2392 5239 1677 5772 6162 8931 2275 6422 6461 4641 8489 1508 6890 3198 5811 7176 6474 2223 3094 2704 3432 10504 5538 
3400 6450 3820 2970 5750 260 5990 4630 900 870 5290 2790 1920 3660 4750 3190 5300 1980 1980 2920 4450 2330 1850 5070 3510 1020 2480 2650 3780 2580 3870 2700 1240 2450 5390 2170 3530 1080 3180 1020 7270 3760 2130 3950 3420 3600 3130 4690 1690 5760 6700 4150 4010 1670 5160 3740 5300 2820 7270 1910 2960 1070 4230 4390 5460 2890 3470 1490 4010 6340 5240 6100 2160 4580 5800 3100 1420 630 4770 4400 6070 7100 3400 5790 6970 4980 4790 4990 6370 3520 4590 2650 1840 3680 5840 2210 6620 1520 3490 2820 6660 7350 4650 1810 1900 5370 6820 2230 2200 3780 4220 5020 5770 1060 2180 4140 6380 2780 4630 4690 890 3020 950 6100 3500 5100 5620 2950 1790 6130 5270 570 3690 5870 460 4230 3030 1690 5110 5410 6930 2330 1890 6210 2610 5130 1200 3330 1850 4450 1220 5450 5220 1450 4150 5910 4410 5020 3380 2650 6070 3460 4700 4170 1770 6740 6030 4080 4580 2270 4670 3490 3650 2230 3820 1240 3650 4760 6360 2260 
7910 8848 2646 3878 12264 6398 4424 8036 7742 7252 9576 8204 9212 2436 7854 9324 11410 9310 3780 5432 2870 3332 6986 924 3794 5292 9912 9660 6202 4004 7070 2772 7602 9450 3276 8330 2030 7518 7098 5250 7560 1708 3598 1316 8890 2128 10220 11494 4746 4116 8722 3920 2128 7322 7784 8848 2296 2604 7420 5236 9534 6482 4844 1484 10892 10038 9604 5334 1106 9198 9282 9170 3570 9968 11242 2226 7882 5712 6370 7560 10094 8162 10626 7308 8708 3626 5082 5614 7966 1806 9156 2898 7938 10528 3808 6818 9184 7266 2030 3738 8988 8204 9800 8960 4634 4424 8162 5026 7154 2520 6510 910 10206 6678 4900 1680 6454 4102 10808 10192 6972 2450 7840 11592 1680 742 8176 10178 8358 12628 7658 7322 5824 7238 6496 4466 3360 8022 2016 4200 8568 6566 8064 9198 5810 2142 7028 7644 3948 434 8246 11130 6104 7182 3360 8862 560 2534 7462 2996 7098 8512 11536 3542 8792 7686 5390 11074 882 8848 4396 8106 9646 8890 3766 5222 4424 4648 13160 7896 
3990 8355 11760 7935 2640 6870 11415 5595 6255 5160 4995 3210 4920 9555 6030 1995 2490 5295 8670 6420 10035 9210 4545 12165 8355 7845 4185 2745 6405 10155 5580 9315 7395 7650 11190 3300 11010 4830 4785 7830 11415 11250 8430 11385 2670 11190 2115 660 8895 11235 9045 8910 10050 4335 6840 3120 13695 9450 11535 9330 2025 5430 8235 10860 3660 2580 1710 6420 11385 7755 5265 7245 9030 2880 4020 10095 7410 6795 7620 5775 6135 10455 1935 8550 9645 10260 8820 8700 9075 10050 4095 9660 3795 975 11610 4665 8385 4485 9810 10485 8685 10995 3300 4470 9225 10290 9870 6585 4320 9585 6660 12090 5295 5280 6720 11895 10500 7650 1605 2775 5235 9390 6165 4350 10245 12330 7320 2670 7635 3225 7200 6240 6690 8775 7080 8550 8430 3945 11550 10545 9690 4965 3705 7455 5865 13425 7830 4260 8340 11820 5625 3285 8625 8145 9330 7185 11415 11070 4530 9765 9300 3240 645 9225 4230 10125 10725 525 11415 8145 9210 3840 1785 3150 8655 6735 7950 9135 3315 3555 
5910 4725 7140 3390 10110 7920 1500 4890 9120 7770 6435 6930 10020 3105 4515 8145 9180 10305 5955 3885 1920 5940 6420 4245 2565 7290 10395 9405 3495 7500 4380 5100 9585 11505 1755 7800 6090 7905 5145 7215 3450 5940 5280 5655 7230 6315 9765 9990 7425 1365 4470 1590 2970 6990 4095 6825 7380 5010 3360 8250 8775 6735 1710 3360 8220 9780 8265 5610 5445 5205 6075 5310 6075 7665 8475 5385 9885 6915 2610 4470 6585 3870 10140 3045 4425 1020 1110 1455 3660 4170 6465 5820 7605 9555 1845 5880 5070 7080 3870 7440 4815 3975 7335 9510 7545 390 3825 4560 6225 2895 3345 4200 6960 6915 4590 6345 2115 3645 8910 7890 7395 4410 9165 8745 4560 4560 4275 9990 10455 10350 3825 8625 3240 2925 8205 1530 3465 7920 2955 705 4275 5490 7725 5280 4515 7215 9240 5655 5820 5175 9330 8595 1860 9555 1815 4995 4410 2280 5370 6060 2715 6660 10050 1695 9180 3345 1230 10005 3945 11160 825 6060 8115 8625 2115 5955 2385 780 10995 7095 
4160 416 9750 5486 5915 8398 5200 2275 8957 7501 2535 5369 9009 6227 2015 5980 5252 9347 7826 4550 5629 8047 5928 7852 5070 8398 8944 7644 3328 9451 3133 7514 9737 11024 5772 6526 8814 7449 4095 8333 3549 8801 7241 8645 5018 9022 7631 6617 8918 5265 1053 4680 6357 6370 1443 4407 10413 7501 3705 9633 6760 6786 3848 6903 4108 7839 5850 6396 8489 273 2262 611 8073 4342 4121 8021 9945 7644 2431 2457 1911 2457 7813 1612 1573 5083 3575 3094 1404 7176 3276 8151 6630 6955 5707 5369 468 6552 6864 9529 689 2925 3978 8476 9126 4524 1950 5551 5512 6097 2782 7800 2574 6864 5681 9256 3328 5499 5525 4459 7241 7072 8957 4173 7514 8125 845 8021 10387 5915 1352 8619 3562 1755 8684 4173 5876 7007 6786 4810 1664 5148 6695 442 4810 10244 9685 4108 7579 8437 8840 4524 2652 10023 5174 598 7800 6201 3952 8346 2119 4550 6669 5018 8125 2366 4121 7124 7475 11011 4212 4147 5577 7202 4927 6864 4472 3991 6487 5928 
6015 1500 10725 6165 8715 10185 4500 3945 11040 9420 4740 7380 11400 6600 3540 8280 7905 11760 8970 5580 5625 9120 7680 8010 5505 9930 11460 10080 4305 10740 4500 8385 11820 13485 5400 8655 9660 9420 5670 9855 2130 9570 8265 9330 7185 9885 10185 9345 10365 4650 885 4785 6615 8250 2700 6525 11130 8340 2325 11205 9135 8490 4020 7095 6630 10365 8220 7755 9120 2235 4395 2640 9195 6705 6660 8835 12075 9225 2790 3930 4155 945 10440 1245 660 4785 3375 2850 450 7710 5415 9120 8670 9540 5160 7020 1740 8415 7365 10755 1365 1485 6300 10800 10545 3975 345 6675 7260 6405 3660 7965 4890 8610 6810 10020 2115 6285 8100 6870 9090 7770 11070 6750 8115 8325 2190 10575 12615 8730 2370 10605 4410 1140 10500 4275 6510 9075 6690 4275 525 6705 8760 2460 6045 10965 11640 5865 8745 8910 11040 7095 2340 12015 5280 2520 8145 6030 5625 9360 1065 6600 9405 5100 10410 795 3210 9810 7710 13350 4050 6045 7935 9465 5205 8265 4905 3780 9405 7920 
4407 7800 3861 2730 7982 1287 6578 5681 2509 2093 6760 3952 3822 3458 5759 4732 7306 3926 1274 3081 4524 1742 2587 5239 3432 754 4485 4472 4290 2457 4615 2158 2678 4394 5746 3510 3341 2366 3913 702 8476 3614 1417 3835 4771 3458 5070 6799 1456 6266 8047 4277 3887 2626 6188 5044 5681 2314 8450 2080 4641 1651 4524 4368 7306 4810 5083 1261 3900 7761 6643 7501 1547 6188 7722 2717 2938 572 5447 5317 7696 8385 5434 6786 8333 5265 5226 5564 7540 3224 5954 2171 3068 5603 6344 2834 8047 2483 3185 2717 8060 8671 6201 3601 1729 5837 8073 2080 2977 3614 4849 5174 7410 1781 1963 4134 7293 2522 6500 6357 1898 2574 2587 8112 3198 5278 6773 4914 3432 8437 6279 2093 4095 6851 1482 4446 2704 3016 5317 5863 8268 2834 3172 7618 2847 5460 2340 4251 1053 4446 2938 7358 5902 2626 4199 7228 4381 5226 4225 2197 7059 4667 6812 4251 3484 7904 6734 6136 4602 4017 4979 4563 5239 3822 3822 780 3731 5122 8801 3380 
4998 5642 4942 1484 9268 5656 2772 4774 6860 5768 6314 5628 7896 1092 4564 6804 8400 8120 3668 2604 770 3640 4802 3038 826 4970 8358 7658 2996 5110 3892 2870 7196 9016 2002 6174 3934 5936 4186 4900 5110 3864 3052 3654 6132 4158 8092 8792 5040 2450 5586 616 1176 5278 4480 5936 5544 2800 5040 5810 7238 4802 1540 1848 7742 8022 7000 3640 3486 5922 6006 5880 3780 6958 8064 3206 7476 4732 3080 4312 6790 5348 8470 4130 5684 1358 1918 2436 4872 2128 6006 3556 5894 8092 2590 4396 5950 5306 1806 5068 5796 5530 6734 7462 5138 2002 5208 2800 4746 910 3220 2968 6930 4984 2772 4312 3836 1778 7938 7168 5418 2240 6916 8386 2506 3276 4886 8204 8008 9590 4354 6398 2632 4102 5894 1176 1386 6118 2198 1988 5558 4060 6020 5908 3150 5362 6818 4732 3556 3416 7140 8022 2926 7112 196 5558 2758 1736 4508 3766 4074 5670 8848 322 7196 4830 3038 8596 2478 8652 1316 5180 6958 6888 532 3878 1232 1554 10164 5572 
6996 8239 1067 3927 10373 4928 4906 7359 5940 5863 8536 7040 7216 2992 7249 7854 9735 7238 3014 5115 3575 2607 5973 2112 4037 4015 7843 7854 5885 2530 6523 2486 5643 7018 3993 6941 1254 6094 6391 3993 7359 1056 3124 1012 7645 1144 8349 9614 3388 4653 8173 4301 2882 6149 7282 7700 726 2387 7249 3575 7909 5390 5005 2508 9438 8151 8118 4598 1089 8459 8327 8404 2761 8646 9746 1903 5841 4554 6215 6985 9042 7810 8668 7040 8195 4235 5280 5698 7590 2244 8107 2255 6600 8723 4411 5951 8492 6061 2497 2255 8360 7843 8547 7106 3212 4873 7777 4609 6171 3102 6204 2112 9053 5522 4488 583 6468 4037 9185 8811 5687 2541 6028 10043 1980 1903 7634 8239 6160 10714 7205 5654 5599 6996 4939 4730 3509 6600 3014 4697 8085 5797 6688 8437 5324 539 5148 6809 3234 1177 6413 9592 6083 5203 3883 8162 1738 3410 6688 2211 6930 7414 9636 4026 7018 7425 5643 9163 2090 6468 4752 7150 8184 7282 4103 4389 4565 4950 11088 6699 
3136 7448 10262 6720 2856 5754 10052 4788 5250 4158 4424 2310 4144 8218 5180 1148 2506 4508 7378 5320 8708 7896 3528 10654 7126 6650 3528 2086 5390 8792 4648 7980 6328 6706 9800 2380 9562 3864 3850 6622 10192 9786 7154 9912 1904 9730 1596 1176 7616 9870 8078 7672 8694 3346 5950 2394 12068 8106 10290 8050 1246 4368 7070 9436 3402 2016 924 5278 9912 6930 4620 6454 7728 2464 3794 8722 6370 5656 6580 4900 5530 9352 1582 7518 8638 8932 7644 7546 8050 8666 3486 8302 2856 518 10220 3654 7518 3486 8442 9100 7770 9842 2828 3668 7924 9002 8806 5446 3332 8260 5656 10584 4774 4228 5572 10388 9296 6454 1526 2422 4200 8064 5180 4158 8848 10822 6440 2142 6608 3416 6272 5208 5628 7728 5964 7350 7168 3010 10108 9226 8666 3934 2772 6664 4802 11830 6706 3374 7070 10332 4704 3122 7518 7014 8050 6370 9954 9674 3640 8400 8204 2450 1190 7952 3402 9002 9436 700 9954 7112 7966 3010 1092 2324 7420 5572 6762 7924 3598 2604 
9780 11715 1125 5685 14340 6555 7320 10395 7905 7935 11970 9735 9690 4545 10260 10815 13470 9690 4110 7275 5430 3555 8235 3540 5925 5325 10560 10680 8385 3135 9225 3555 7410 9225 6075 9510 1800 8265 8970 5310 10635 1650 4365 1755 10590 1590 11370 13215 4395 6975 11655 6345 4440 8445 10350 10710 1215 3450 10500 4545 10830 7365 7290 3990 13140 11070 11175 6375 1935 12000 11715 11910 3750 12015 13575 2760 7680 6150 8925 9885 12705 11220 11790 10095 11715 6345 7710 8280 10875 3465 11340 3105 9030 11940 6660 8265 12060 8310 3825 2745 11895 11295 11910 9570 4140 7230 11160 6495 8550 4710 8850 3540 12690 7545 6315 1050 9405 5805 12675 12240 7725 3750 8025 13980 3075 3270 10860 11190 8070 14805 10275 7545 8010 10065 6555 6930 5130 9000 4740 7005 11565 8085 9135 11955 7500 1005 6720 9525 4425 2205 8565 13320 8805 6765 5805 11565 2955 5265 9375 3015 9990 10305 13245 5985 9480 10695 8310 12555 3465 8460 7005 9975 11295 9930 6045 6030 6630 7275 15315 9225 
2505 7455 9990 6165 3720 5310 9840 4485 4950 3600 4410 1455 4035 7770 4890 195 3120 4440 6915 4695 8310 7455 2760 10380 6615 6195 3585 1965 4860 8460 4140 7515 6105 6765 9510 1650 9225 3315 3195 6165 10185 9465 6645 9600 1245 9405 1785 2205 7230 9615 8100 7230 8280 2595 5715 1920 11895 7650 10275 7725 840 3720 6630 9075 3750 2085 345 4620 9585 6945 4560 6465 7275 2505 4215 8310 6180 5115 6225 4515 5670 9345 2010 7350 8670 8595 7275 7215 7980 8250 3315 7890 2145 1215 9975 2880 7560 2760 8010 8775 7800 9855 2820 3450 7560 8715 8775 4800 2520 7815 5205 10305 4920 3570 4935 10110 9150 5880 2055 2565 3615 7605 4890 4650 8445 10545 6300 2280 6510 4305 6045 4830 5100 7560 5565 6915 6645 2400 9810 8940 8685 3180 2070 6675 4125 11640 6450 2730 6570 10020 4440 3570 7230 6795 7620 6330 9630 9345 3015 7995 8055 1830 2235 7515 3105 8955 9225 1710 9630 7110 7590 2415 720 1860 6945 4965 6255 7560 4620 1770 
5928 10114 5863 5655 8359 1729 9568 7657 923 2392 8359 4927 2080 6448 7852 5122 7891 1885 3991 5603 7514 4355 3952 8073 6370 2548 2912 3835 6695 4108 6734 4979 403 1391 8749 3861 5746 2522 5785 2600 11284 6071 4368 6370 5681 5785 4433 6773 3094 9256 10478 7202 6877 3575 8437 6201 7865 5135 11271 2912 4576 3081 7319 7306 8333 4043 5473 3770 6500 9932 8346 9594 4134 7176 8749 5382 221 2587 8008 7397 9425 11037 4706 9334 10842 8255 8060 8320 10062 6123 7410 4745 3536 5369 9334 4485 10322 3380 6136 4446 10400 11375 7332 2353 3263 8788 10673 4732 4394 6617 7254 8021 8957 2990 4654 6474 10114 5434 6968 7280 2613 5499 962 9139 6019 8060 9035 4030 520 8866 8593 1235 6604 9438 1508 7319 5694 3198 8281 8827 10790 4706 3536 9750 5174 7657 1001 5889 3913 7111 1339 8242 8606 1066 7176 9373 7176 8216 5980 4680 9711 5863 6773 7215 2548 10569 9646 5837 7475 1144 7878 6019 5772 3588 6760 3432 6578 8008 9061 4225 
4044 7800 4908 3792 6720 576 7416 5580 816 852 6312 3240 1980 4680 5736 3636 6204 2064 2700 3636 5592 3108 2184 6396 4440 1536 2652 2904 4632 3396 4680 3552 1404 2748 6732 2412 4560 1080 3840 1548 8892 4836 2868 5064 3984 4644 3492 5400 2328 7152 8124 5208 5088 1908 6252 4404 6684 3696 8892 2556 3312 1308 5256 5568 6444 3180 3984 1980 5136 7644 6264 7344 2916 5376 6840 4044 1596 1044 5844 5316 7260 8652 3804 7068 8460 6216 5928 6156 7740 4524 5448 3504 2040 4176 7260 2652 8004 1728 4488 3696 8064 8964 5484 1848 2580 6660 8304 2844 2604 4812 5148 6336 6876 1248 2796 5280 7824 3564 5376 5496 960 3936 876 7200 4512 6432 6816 3252 2016 7176 6396 432 4548 7164 720 5268 3888 1812 6420 6720 8424 2820 2076 7488 3228 6480 1488 3972 2532 5652 1152 6408 6408 1788 5220 7128 5604 6288 4044 3504 7428 4068 5412 5244 1812 8220 7428 4656 5808 2604 5808 4140 4212 2424 4800 1728 4584 5904 7428 2592 
5614 798 10850 6426 7574 9926 5236 3598 10626 9072 3962 6916 10794 7000 3262 7630 6874 11144 9030 5670 6160 9212 7406 8442 5880 9800 10766 9408 4382 10724 4368 8568 11410 12880 6048 8148 9842 9044 5446 9730 2870 9772 8372 9576 6594 10066 9422 8372 10276 5376 322 5292 7056 7896 2534 5950 11326 8540 3066 11060 8456 8260 4494 7546 5642 9632 7518 7700 9394 1400 3682 1862 9254 5908 5614 9044 11634 9072 3136 3710 3206 1624 9632 1792 574 5432 3990 3472 1050 8036 4760 9254 8232 8708 5852 6790 812 8078 7714 10780 476 2072 5516 10220 10472 4704 1176 6720 6972 6818 3780 8400 3948 8344 6860 10220 3010 6496 7182 6034 8778 8022 10626 5642 8414 8736 1904 9828 12138 7532 2310 10234 4564 1806 10234 4788 6804 8624 7238 4998 714 6510 8302 1666 6034 11172 11312 5530 8792 9240 10556 6076 2982 11662 5782 1876 8526 6608 5334 9478 1932 6090 8428 5614 9842 1722 4032 8904 8134 12810 4648 5614 7224 8890 5642 8190 5278 4396 8148 7490 
1950 5300 6600 4200 2720 3360 6760 3310 3040 2220 3300 1140 2360 5270 3580 420 2380 2630 4550 3280 5680 4920 1840 7000 4540 4000 2030 950 3480 5530 3030 5000 3810 4180 6510 960 6120 2010 2350 3980 7080 6290 4410 6390 1160 6240 850 1590 4690 6610 5730 4980 5610 1660 4130 1620 7920 5100 7130 5000 210 2390 4620 6140 2840 1030 580 3070 6390 4980 3400 4650 4790 2030 3150 5530 3850 3290 4420 3320 4140 6540 1030 5200 6100 5910 5070 5050 5630 5540 2560 5220 1290 680 6830 2000 5380 1750 5390 5750 5540 6880 2240 1980 4910 6010 6170 3260 1750 5300 3740 6940 3640 2280 3340 6720 6370 4000 1660 2060 2250 5090 2990 3440 5650 7100 4530 1160 4050 3120 4350 2990 3610 5330 3510 4800 4510 1400 6660 6160 6110 2230 1230 4800 2870 7740 4070 2080 4330 6710 2670 2710 5080 4290 5220 4560 6470 6370 2270 5280 5660 1530 1600 5160 1770 6270 6390 1080 6490 4440 5260 1900 840 950 4770 3260 4330 5240 3290 1190 
4992 676 9724 5629 7007 8905 4550 3133 9581 8151 3614 6201 9776 6149 2808 6903 6344 10101 8047 4940 5382 8203 6604 7501 5109 8775 9763 8528 3770 9620 3783 7605 10296 11674 5278 7332 8788 8125 4797 8710 2509 8723 7436 8541 5941 8996 8567 7670 9204 4680 65 4563 6201 7072 2106 5356 10179 7579 2678 9932 7670 7371 3822 6656 5200 8749 6812 6838 8372 1300 3328 1703 8255 5382 5213 8047 10517 8112 2574 3211 2990 1391 8762 1313 494 4706 3354 2873 637 7111 4290 8255 7397 7930 5122 6032 819 7228 6812 9659 481 1846 5018 9243 9386 4043 897 5928 6214 5980 3198 7462 3666 7462 6045 9139 2522 5694 6578 5512 7865 7098 9594 5252 7462 7774 1560 8931 10972 7007 1885 9217 3926 1326 9191 4095 5967 7748 6383 4303 572 5772 7462 1534 5291 10023 10192 4901 7826 8229 9529 5616 2418 10517 5018 1651 7579 5798 4706 8450 1469 5460 7722 4862 8905 1378 3445 8138 7215 11609 3978 5005 6552 8034 4888 7293 4550 3731 7579 6721 
4692 5784 3252 1248 8412 4296 3096 4812 5400 4644 6120 5016 6444 84 4668 6012 7680 6600 2340 2556 1140 2232 4092 2136 1164 3576 6936 6504 3216 3432 3948 1548 5556 7152 2220 5280 2388 4836 3984 3516 5328 2340 1860 2196 5556 2580 6936 7824 3504 2796 5772 1512 504 4452 4692 5484 3912 1452 5256 4128 6276 3876 2220 1092 7224 6828 6228 2844 2064 5988 5880 5928 2376 6444 7524 1752 5808 3552 3540 4404 6612 5580 7272 4512 5856 1932 2628 3072 5160 840 5736 2100 4980 7080 2784 3864 6060 4440 564 3384 5940 5712 6288 6132 3552 2592 5460 2352 4164 264 3516 2064 6672 4044 2268 2748 4248 1464 7188 6636 4368 972 5460 7824 1164 2280 5076 6960 6252 8724 4608 5004 2904 4500 4476 1944 852 5124 1836 2532 5760 3612 5088 5964 2916 3732 5184 4464 2304 2112 5724 7428 3492 5400 1128 5652 1620 1704 4284 2280 4488 5220 7860 1260 5940 5136 3504 7536 1536 6780 2112 4848 6228 5832 1236 2904 1728 2328 9180 4848 
6664 10556 4158 4984 10080 1652 8932 8218 2422 3248 9282 5908 4116 5446 8330 6496 9450 4018 2618 5474 6664 2842 4522 6832 5726 1344 5012 5614 6776 2268 7084 3626 1736 3444 7938 5068 4116 3528 6244 1414 11214 4480 3178 4830 6804 4144 6286 8568 1330 8596 10836 6608 5838 4340 8806 7224 6314 3780 11172 952 6132 3402 6972 6160 9646 5908 6888 3472 4998 10500 9170 10206 2632 8414 10108 3878 1960 2170 8036 7840 10332 11158 6636 9464 11144 7546 7728 8106 10276 4858 8344 3206 4606 7126 8596 4956 10822 4144 4956 2632 10836 11452 8484 4186 1428 8232 10850 4410 5012 5642 7392 6776 9968 3444 4270 4872 9926 4802 8512 8568 3262 4270 2534 10528 4676 6776 9450 5964 2352 10612 8918 2254 6566 9534 1414 6874 4858 4382 7224 8218 11060 5040 4676 10346 5194 6090 1078 6538 2660 5670 3094 9646 8498 1134 6440 9926 5852 7280 6552 3080 9744 6818 8582 6524 4256 10640 9254 7686 6230 2786 7392 6804 7140 5082 6132 2954 6118 7574 10934 5180 
6405 1920 10785 6330 9150 10440 4320 4365 11340 9750 5175 7770 11745 6675 3945 8685 8340 12105 9135 5850 5640 9255 8010 7935 5640 10155 11820 10470 4605 10875 4860 8505 12090 13785 5295 9015 9720 9750 6030 10080 1725 9615 8430 9360 7590 9945 10575 9780 10545 4515 1230 4875 6645 8580 3120 6945 11100 8445 1920 11385 9540 8790 4170 7080 7065 10755 8625 8025 9150 2640 4830 3060 9345 7140 7095 8925 12360 9480 3060 4320 4590 510 10845 1560 810 4740 3480 2970 870 7770 5850 9255 9015 9945 5010 7365 2115 8745 7440 10890 1725 1050 6735 11145 10725 3915 135 6930 7605 6465 3990 7905 5310 8910 7050 10050 1905 6465 8535 7305 9405 7875 11370 7185 8175 8265 2610 10965 12900 9165 2775 10890 4695 1410 10770 4395 6645 9420 6615 4185 645 7020 9120 2895 6345 10950 11895 6255 8925 8910 11355 7530 2490 12270 5340 2955 8145 5970 6000 9480 1155 7005 9840 5160 10755 465 3045 10230 7680 13635 4095 6450 8340 9840 5310 8505 5085 3825 9825 8280 
3900 3003 6799 2795 7384 6474 2652 2834 7358 6058 4186 4901 7930 3224 2522 5889 6578 8216 5226 2574 2561 5343 4706 4797 2210 6136 8151 7150 1846 6747 2509 4706 7917 9477 2860 5785 5863 6123 3302 6071 3133 5811 4615 5629 5044 6071 7397 7371 6448 2574 2977 1638 3302 5213 2171 4641 7345 4667 3146 7176 6500 5187 936 3835 5733 7449 5967 4381 5460 3315 3861 3328 5408 5291 5941 5122 8164 5629 858 2496 4355 2977 7696 1612 3094 2093 507 195 2314 4186 4225 5356 5681 7098 2990 4173 3302 5317 3887 6773 3159 3250 4992 7449 6604 1729 2730 3419 4446 3068 1573 4745 4641 5317 3497 6240 2015 2925 6396 5486 5746 4186 7397 6175 4537 5057 2405 7631 8645 7579 1963 6955 1729 1599 6747 1170 3081 5993 3757 2002 3003 3848 5785 3328 3094 7176 7709 3692 5044 5369 7462 6058 520 8021 2119 3055 4732 3172 3445 5551 1677 4537 7423 1963 7137 2483 1950 7462 4407 9282 1157 4017 5811 6513 1963 4771 1716 936 8138 5148 
5126 8800 5687 5302 6842 2035 8624 6655 1067 2222 7139 4202 1353 6050 6853 4213 6512 1100 4037 5115 6930 4367 3542 7502 5896 2827 1980 2959 5984 4191 5929 4873 1056 759 7964 3234 5566 2255 5093 2860 9955 5841 4312 6094 4785 5599 3410 5445 3322 8382 9141 6600 6424 3168 7370 5258 7370 5005 9966 3179 3674 2915 6633 6820 6963 3069 4499 3641 6193 8602 7150 8294 4180 6006 7326 5236 880 2728 7117 6468 8063 9691 3608 8217 9471 7513 7249 7447 8822 5819 6314 4708 3025 4257 8470 4015 8954 3014 5819 4477 9042 9988 6182 1716 3487 7942 9361 4433 3894 6182 6446 7447 7612 2816 4389 6193 8987 5093 5720 6083 2464 5291 1034 7645 5753 7502 7876 3036 737 7282 7535 1430 5929 8316 1903 6655 5368 2717 7623 7986 9438 4235 2992 8437 4719 7194 1573 5126 3949 6710 1078 6853 7667 1595 6611 8118 6743 7546 5236 4653 8580 4994 5434 6633 1947 9306 8646 4609 6974 1001 7150 5181 4763 2871 6237 3399 6028 7249 7403 3630 
2595 4815 6975 1980 7170 5220 4995 2730 6120 4575 4290 3435 6705 3420 2655 4665 6240 7035 4440 630 3570 4755 2985 5955 1995 5070 6975 5895 795 6330 1545 4260 6855 8565 4665 4305 5940 4620 1725 4995 6030 6015 3780 5970 3840 6180 6240 6690 5655 4770 5100 2385 3825 3570 2985 3585 8235 4305 6060 6480 5250 3585 1785 4635 5610 6255 4830 2820 5850 4800 4035 4560 4740 4695 6000 4965 7125 4290 2160 2220 5085 5655 6615 3690 5460 3735 2535 2655 4560 4290 3765 4950 4140 6075 5115 2385 5100 3690 3960 6465 5100 6045 4470 6150 5895 3870 5235 1770 2730 3375 1410 5865 5010 3720 1935 6630 4770 1875 5745 4935 4215 3915 6150 6375 4620 6180 3645 6465 7665 7530 3060 5670 540 3810 5550 2055 2550 4485 5130 4095 5400 2010 4260 4665 1140 7995 6690 2310 4140 6030 6180 5880 2895 7065 2850 4230 5430 4590 2055 5160 4125 3315 6735 2730 5790 5115 4545 6555 5280 8400 2745 2775 4740 5130 2190 3345 1455 2730 8130 3585 
7154 7476 3962 3262 11466 6692 2940 6958 8008 7252 8498 7658 9324 1778 6720 8820 10598 9478 4172 4690 1554 3878 6636 868 2898 5726 9926 9436 5194 4942 6104 3108 8078 9954 1764 8022 3136 7476 6328 5670 6048 2884 3780 2520 8246 3304 9940 10906 5404 2618 7294 2716 1274 7042 6566 8092 3766 2954 5908 6034 9156 6356 3640 602 9940 9814 9058 5152 2296 7868 8190 7896 4088 9142 10276 2898 8372 5880 5124 6496 8904 6678 10332 5922 7252 2170 3738 4256 6538 1876 8218 3542 7672 10094 2338 6342 7798 7028 1862 4760 7588 6706 8932 8988 5376 2940 6692 4578 6692 1708 5404 812 9100 6552 4494 3066 4956 3528 10094 9366 6930 2534 8092 10584 2058 1148 6888 9982 8862 11788 6398 7560 4830 5838 6860 3262 2842 7826 560 2702 7112 6034 7798 7896 5166 3640 7574 6888 4242 1834 8442 10234 4732 7784 2184 7574 1162 1036 6664 3696 5670 7798 10948 2338 8764 6216 3892 10612 658 9436 3052 7336 9044 8666 2730 5194 3430 3290 12348 7490 
4752 6699 1782 2002 8063 2772 4521 5379 3828 3531 6479 4686 5005 1771 5335 5489 7436 5071 715 3014 2739 396 3597 2761 2398 1914 5577 5500 3949 1452 4477 297 3751 5214 3663 4565 1133 3751 4180 1870 6578 1320 748 1474 5324 1276 5984 7238 1595 4246 6765 2970 2013 3773 5511 5423 3113 363 6512 2112 5533 3014 3487 2200 7238 5797 5753 2222 1518 6798 6314 6666 572 6380 7568 517 3971 2266 4598 5005 7106 6732 6292 5621 6908 3476 3982 4356 6237 1177 5951 253 4213 6336 4191 3608 6941 3685 1298 1441 6875 6886 6325 4829 1595 4081 6578 2354 3817 1936 4356 2717 7018 3157 2222 1793 5577 2013 6853 6545 3333 803 3905 7876 1034 2750 5940 5896 4356 8415 5500 3498 3696 5632 2849 3300 1672 4235 3036 4026 6820 3487 4312 6732 3102 2915 3322 4576 880 1991 4235 7359 4719 3476 2706 6424 2002 3113 4477 418 5687 5126 7271 2805 4719 6325 4917 6787 2266 4774 3575 4895 5841 4917 2629 2013 2871 3751 8778 4323 
4530 9540 7260 5250 7395 1890 9750 6615 1305 675 7305 3330 1605 6555 6870 3585 6795 1845 4395 4680 7590 4935 2370 8865 6015 3075 2265 2460 5760 5415 5625 5385 2430 3510 9000 2100 6765 615 4470 3075 11265 7095 4485 7350 4185 6900 3180 5670 4080 9435 10005 6930 7095 1845 7590 4785 9450 5565 11295 4365 3060 1725 6825 7755 7245 2805 4005 2940 7425 9255 7305 8835 4695 5910 7740 6060 2550 2250 7320 6360 8550 10830 3585 8790 10470 8280 7665 7875 9615 6525 6195 5430 1710 4095 9630 3015 9750 1650 6435 5775 9870 11250 6090 1245 4395 8745 10350 3900 2835 6705 6375 8790 7980 1530 3885 7680 9975 4950 5745 6045 1050 5775 1245 8190 6555 8940 8280 2880 2940 7980 7815 1170 5730 8940 2055 6915 5490 1335 8760 8850 10440 3330 1710 9030 4080 9195 2775 4515 4140 8055 990 7155 8130 3120 7050 8595 7905 8535 4665 5445 9315 4395 5670 7050 1110 10320 9615 4680 8115 3615 7620 4620 4320 1920 6465 2835 6060 7710 8250 2520 
3705 4140 12375 7455 3225 9150 9000 2850 9270 7650 1200 4650 8700 8850 3135 4680 2580 9105 9570 5865 8655 9990 6000 11235 7380 9600 8295 6675 4815 11445 3915 9660 10365 11355 9300 5925 11370 7455 4305 9540 7710 11475 9030 11445 3810 11610 6390 4425 10470 8955 4875 7395 9180 6285 3540 3180 13710 9720 7890 11190 5565 7200 6420 9960 1230 6765 4365 7365 11325 3420 1545 2955 9930 2205 1095 10395 10515 8535 4995 3360 1470 6495 6465 5070 5475 8370 6555 6150 5205 9765 1905 10275 6255 5340 9450 5535 4035 6510 9420 11640 4410 7035 1905 8085 10770 7995 5910 6780 5475 8760 4530 11160 705 7185 6960 12105 7245 7320 3240 2175 7470 9375 9225 1170 10095 11490 3600 6945 10920 3165 3855 9015 5205 5295 9465 6840 8025 6660 10185 8310 5580 5505 6270 3150 5745 13470 10530 3870 9225 11490 8895 1680 5820 10905 7980 3075 10860 9555 3915 10470 5820 3585 4485 7800 7710 6345 7905 5310 10620 11595 7230 3540 3990 6465 7440 7905 6705 7035 3825 5460 
1992 4188 5400 1488 5700 3816 4260 2388 4536 3300 3588 2520 5028 2724 2376 3516 4968 5280 3288 192 2976 3564 2064 4788 1656 3720 5244 4428 936 4800 1392 3228 5124 6492 3924 3144 4596 3348 1284 3660 5184 4680 2784 4656 2928 4788 4728 5220 4212 4056 4428 2100 3084 2532 2700 2796 6504 3264 5208 4872 3960 2496 1716 3732 4536 4728 3684 1896 4584 4152 3396 3936 3540 3732 4872 3816 5340 3072 2088 1992 4272 4884 5040 3312 4728 3204 2352 2472 4008 3348 3072 3744 2988 4644 4320 1596 4416 2616 3096 4920 4428 5208 3588 4572 4416 3372 4548 1092 1884 2712 1464 4728 4176 2616 1224 5184 4164 1356 4512 3924 3012 3000 4560 5184 3600 4968 3228 4884 5772 6012 2772 4164 792 3408 4080 1884 1944 3264 4200 3528 4680 1296 3096 4032 552 6312 5004 1764 3036 4776 4584 4728 2676 5292 2412 3684 4332 3804 1584 3912 3660 2544 5256 2328 4296 4464 3948 5052 4236 6360 2448 2148 3636 3804 1872 2328 1320 2472 6480 2580 
1496 4609 5071 1991 4774 2717 4950 2607 3212 2013 3454 1474 3542 3168 2728 2376 4136 3784 2882 1056 3630 3234 814 5082 2376 2882 3729 3014 1749 4213 1749 3124 3839 4983 4576 1837 4411 2024 1056 2838 5797 4554 2552 4609 2046 4576 3333 4070 3487 4752 4917 2915 3542 1232 3179 2123 6325 3212 5830 4026 2662 1342 2651 4136 3982 3289 2585 1221 4576 4477 3366 4213 3157 3091 4323 3707 4015 2145 2893 2343 4257 5467 3619 3982 5236 3938 3234 3333 4587 3553 2783 3498 1672 3366 4961 429 4785 1320 3355 4389 4851 5775 3058 3124 3707 4147 5126 1001 704 3201 2200 5027 4004 1419 1122 5027 4884 1782 3575 3256 1760 3102 3223 4642 3718 5214 3696 3443 4389 5115 3322 2893 1727 4081 2959 2783 2343 1903 4686 4279 5203 187 1760 4334 583 6127 3806 1342 2629 4862 3190 4081 3498 4092 3135 4004 4543 4378 1309 3608 4356 1826 4103 3091 2860 5082 4697 3773 4532 4928 3311 1628 2607 2420 2651 1606 2211 3333 5489 1353 
6589 6996 2607 3432 9999 5621 3256 6556 6677 6259 7766 6886 7821 2255 6380 7777 9317 7909 3564 4631 2343 3223 5973 440 3278 4763 8349 8107 5137 3751 5841 2761 6589 8041 2398 7051 2200 6457 5940 4730 5753 1936 3399 1628 7392 2255 8547 9460 4345 3036 6853 3234 1936 6259 6270 7326 1958 2629 5632 4730 7986 5621 3971 1353 8855 8404 7986 4708 1474 7304 7524 7326 3410 8184 9130 2365 6809 5060 5148 6182 8107 6314 8855 5775 6798 2816 4070 4466 6248 1925 7491 2893 6743 8745 2739 5808 7249 6226 2057 3542 7084 6292 8030 7601 4257 3399 6347 4400 6072 2277 5335 484 8239 5775 4312 1837 4939 3630 8888 8360 6028 2464 6754 9383 1881 220 6534 8525 7172 10274 6149 6347 4851 5698 5709 3674 3047 6831 1408 3190 6688 5588 6842 7326 4961 1892 6138 6380 3696 935 7073 9064 4840 6259 2805 7084 891 1881 6215 2970 5555 7073 9493 2937 7458 5951 4081 9174 880 7568 3520 6732 7997 7502 3190 4642 3740 3707 10703 6688 
5280 10455 8670 6735 7125 3210 11190 7440 2010 2160 7860 3915 375 8070 7770 3645 6705 780 5880 5985 9090 6420 3495 10395 7470 4455 765 1830 6915 6735 6615 6900 3015 3120 10485 2550 8235 1965 5445 4470 12495 8580 6015 8850 4560 8355 2445 5220 5415 10890 10995 8370 8610 2910 8535 5250 10890 7080 12540 5550 2850 3180 8175 9285 7410 1980 4020 4440 8940 10095 7935 9645 6180 6150 7890 7560 2955 3765 8490 7275 9120 11955 2730 9900 11490 9720 8985 9150 10680 8055 6720 6915 2445 3600 11100 4125 10635 2790 7965 7125 10800 12405 6420 330 5715 10140 11445 5340 3855 8205 7485 10320 8460 2970 5355 9150 11250 6420 5625 6225 2520 7305 1890 8325 8085 10470 9210 1950 3090 7725 8805 2250 6945 10065 3270 8310 7005 2040 10290 10275 11475 4500 2355 9840 5370 10635 3600 5340 5655 9570 1290 7230 9360 3825 8520 9435 9435 10035 5535 6915 10485 4950 5205 8505 705 11460 10980 4080 9645 3585 9015 5310 4380 1860 7920 4365 7455 9090 7875 3225 
5530 6270 1820 2650 8640 4430 3170 5650 5390 5040 6740 5730 6440 1640 5510 6530 8030 6510 2560 3760 1990 2240 4860 740 2610 3650 6940 6760 4330 2740 4940 1840 5300 6620 2340 5820 1350 5230 4950 3610 5390 1110 2430 830 6220 1420 7170 8080 3260 2940 6180 2720 1440 5090 5480 6190 1690 1720 5290 3620 6680 4490 3380 1010 7670 7030 6730 3670 680 6500 6540 6480 2420 7010 7930 1450 5500 3940 4480 5300 7120 5810 7450 5160 6180 2560 3570 3950 5640 1150 6430 1940 5530 7380 2730 4740 6500 5050 1330 2560 6360 5840 6890 6260 3190 3140 5790 3460 4970 1700 4550 720 7190 4630 3370 1140 4590 2810 7600 7160 4840 1610 5460 8170 1060 640 5770 7130 5830 8910 5390 5090 4060 5120 4500 3120 2280 5590 1460 2980 6080 4560 5620 6500 4020 1570 4890 5350 2680 240 5750 7840 4300 5000 2330 6250 310 1800 5210 2000 5030 5960 8110 2460 6140 5460 3840 7780 610 6190 3080 5670 6760 6210 2600 3590 3070 3260 9280 5510 
8820 10262 1582 4858 13132 6356 5950 9212 7672 7504 10710 8904 9282 3626 9058 9968 12306 9310 3864 6398 4298 3360 7574 2380 4970 5208 10052 10024 7336 3388 8162 3122 7322 9100 4802 8834 1638 7798 8036 5180 9086 1344 3962 1190 9674 1540 10640 12194 4438 5642 10164 5250 3444 7826 9086 9716 980 2996 8946 4718 10066 6860 6160 2926 11900 10402 10290 5838 1246 10556 10444 10500 3570 10906 12292 2394 7588 5852 7700 8722 11340 9674 11046 8722 10178 5124 6496 7014 9408 2702 10206 2898 8400 11088 5320 7518 10584 7728 3024 3052 10402 9716 10780 9114 4242 5936 9646 5796 7812 3752 7714 2380 11368 7042 5642 798 7966 5026 11620 11116 7266 3136 7770 12656 2394 2114 9506 10528 8008 13552 8974 7294 6972 8666 6398 5810 4340 8414 3542 5712 10038 7308 8512 10542 6678 756 6706 8568 4144 1232 8260 12110 7518 6790 4718 10192 1946 4060 8400 2870 8568 9352 12222 4900 9002 9184 6902 11648 2394 8414 5824 9002 10374 9296 5026 5600 5628 6076 14042 8498 
4494 6524 4116 560 8820 4046 4396 4942 5264 4298 6412 4760 6412 1232 4858 5894 7980 6608 2142 2044 2212 2254 3626 3612 1120 3346 6944 6426 3094 3780 3850 1638 5572 7406 3528 5012 3136 4494 3682 3276 6594 3206 1498 3178 5432 3360 6930 8050 3500 4060 6622 1974 1736 4032 5026 5404 5334 1638 6552 4284 6174 3374 2478 2436 7546 6804 6160 2170 3094 6650 6160 6510 2324 6566 7938 2240 5852 3136 3850 4466 7126 6678 7322 5166 6818 2982 3164 3612 5964 1680 5852 2324 4662 7126 4158 3388 6832 4018 1414 3822 6748 6916 6426 6034 3640 3612 6440 1596 3724 1344 3570 3542 7084 3570 1484 3780 5320 672 7364 6790 3962 1246 5334 8302 1946 3766 5572 6972 6384 9226 5012 4802 2744 5194 4270 2296 224 4816 3290 3626 6720 3108 4788 6580 2352 5110 5194 4228 1988 3360 5600 7756 4060 5488 1834 6188 2912 3052 4060 2534 5292 5068 8092 1890 5782 6146 4620 7658 2912 7014 2758 4676 6188 5642 1498 2310 1666 2954 9730 4508 
1586 3731 6838 2548 5434 4888 4849 1586 5512 4082 2899 2535 5785 3796 1612 3536 4628 6097 4537 1196 3848 4849 2561 5967 2548 4914 5902 4823 520 6188 520 4485 6240 7605 4706 3484 5954 4069 936 4862 5304 6032 4004 5993 2717 6162 5044 5135 5512 4693 4082 2782 4134 3055 2054 2405 7969 4524 5356 6201 4147 3302 2106 4823 4043 5109 3627 2899 5902 3614 2691 3341 4823 3276 4368 5109 6461 4134 1807 1183 3640 4797 5330 3016 4472 3887 2613 2561 3718 4550 2431 5057 3445 4745 5031 1989 3952 3198 4264 6318 4017 5187 3068 5278 5746 3874 4368 2132 2210 3744 923 5902 3536 3393 2288 6565 4303 2431 4251 3484 3796 4212 5525 4693 4836 6175 2665 5291 6903 5733 2210 5148 767 3159 5174 2405 3029 3783 5200 4095 4433 1703 3536 3471 1313 7761 6175 1352 4264 6071 5473 4277 2613 6513 3224 3081 5538 4719 1105 5226 3523 2223 5174 3107 4940 4368 4303 5135 5395 7540 2938 1716 3497 4212 2678 3380 2028 2873 6253 2847 
5655 9750 4500 3915 9570 960 8325 7245 2400 2415 8430 4965 4095 4665 7350 5745 8835 4140 1845 4305 5925 2325 3435 6555 4740 300 4935 5175 5700 2655 6030 2970 2385 4395 7335 4260 4080 2745 5160 300 10560 4440 2235 4740 5925 4185 5880 8085 1335 7965 10050 5700 5145 3345 7875 6315 6720 3150 10530 1845 5520 2250 6000 5640 8925 5535 6165 2160 4845 9675 8310 9375 2070 7620 9420 3510 2685 825 7065 6840 9525 10455 6300 8595 10395 6810 6825 7200 9465 4275 7455 2805 3765 6630 8025 3810 10035 3150 4290 3015 10050 10785 7665 3945 1665 7485 10095 3165 3930 4860 6360 6495 9165 2340 3030 4995 9195 3690 7860 7800 2310 3555 2505 9870 4185 6570 8550 5640 3240 10110 7995 1980 5490 8685 1065 5925 3870 3600 6750 7515 10320 3885 3840 9510 3990 6465 1935 5490 1725 5535 3000 8955 7605 2250 5595 9075 5535 6690 5505 2775 8925 5880 8100 5655 3870 9900 8535 7230 5850 3900 6510 5820 6390 4485 5175 1605 5100 6690 10500 4245 
5910 7310 390 3210 8950 3830 4560 6350 4750 4710 7400 5880 5920 2520 6280 6600 8370 5930 2140 4260 3180 1770 4890 2170 3410 3010 6490 6540 5020 1650 5570 1760 4470 5730 3720 5740 590 4930 5380 2990 6720 530 2300 700 6450 450 6990 8200 2420 4320 7290 3740 2500 5020 6360 6530 1290 1700 6640 2600 6620 4310 4340 2280 8160 6800 6840 3640 850 7470 7230 7400 1910 7400 8450 1240 4660 3530 5430 6010 7910 7050 7280 6240 7350 3830 4660 5030 6770 1780 6970 1470 5420 7360 4150 4900 7530 4940 2020 1400 7430 7120 7330 5820 2270 4420 6990 3730 5090 2640 5340 2160 7880 4440 3610 310 5870 3290 7850 7550 4560 1920 4830 8720 1520 2030 6700 6890 4950 9260 6310 4500 4770 6220 3840 4110 2850 5410 2880 4290 7260 4780 5500 7440 4390 1110 4020 5740 2360 1200 5180 8280 5380 4080 3390 7170 1640 3170 5650 1410 6200 6260 8220 3510 5760 6690 5160 7770 2000 5230 4210 6050 6920 6030 3510 3420 3880 4390 9600 5540 
5629 6539 3380 1924 9659 5109 3133 5668 6331 5577 7085 6006 7514 520 5486 7085 8853 7670 2873 3315 1131 2665 5018 1742 1729 4264 8060 7605 3952 3861 4771 1924 6448 8190 2106 6292 2470 5785 4862 4212 5759 2353 2431 2132 6591 2665 8086 9048 4082 2808 6474 1885 221 5395 5460 6500 3848 1794 5668 4732 7371 4745 2730 611 8333 7956 7319 3627 1950 6812 6825 6760 2847 7514 8658 1950 6708 4329 4160 5226 7579 6136 8450 5122 6526 2002 3055 3536 5785 858 6721 2444 5967 8242 2730 4771 6838 5369 689 3757 6682 6240 7345 7189 4108 2756 6058 3120 5083 533 4238 1664 7670 4927 3029 2730 4628 2158 8346 7722 5278 1326 6396 8970 1170 1911 5837 8112 7189 9984 5343 5902 3614 5083 5291 2405 1495 6110 1482 2639 6409 4498 6084 6799 3718 3666 6006 5382 2886 1872 6695 8567 4004 6227 1391 6474 1274 1456 5187 2626 5031 6201 9087 1560 6981 5668 3744 8736 1118 7735 2444 5798 7319 6890 1703 3666 2314 2678 10491 5824 
3724 6188 4732 574 8050 3696 4802 4340 4830 3696 5754 3962 5824 1974 4298 5096 7210 6048 2352 1344 2772 2618 2870 4396 1302 3220 6300 5698 2548 4116 3206 2184 5264 7042 4074 4256 3794 3864 2926 3150 6664 3906 1736 3906 4634 4004 6188 7252 3598 4494 6370 2198 2478 3304 4578 4620 6076 2240 6636 4382 5404 2730 2408 3206 6818 6062 5362 1582 3836 6244 5530 6048 2632 5810 7210 2870 5544 2772 3542 3878 6552 6594 6566 4942 6622 3402 3178 3542 5754 2464 5138 2800 3920 6342 4662 2590 6468 3304 2198 4214 6426 6888 5684 5404 3780 3906 6300 812 2940 2044 3094 4326 6440 2926 742 4494 5390 294 6566 6020 3346 1960 4886 7588 2702 4550 5152 6230 6062 8442 4592 4368 2240 4998 3962 2338 924 4116 3990 3976 6538 2324 4046 6146 1582 5852 4970 3458 2100 4144 5082 7014 3934 5278 2254 5740 3710 3682 3304 2996 5180 4284 7294 2254 5138 6076 4830 6874 3696 6734 2926 3906 5390 4914 1736 1862 1568 3080 8960 3724 
4335 3975 7305 2670 8550 6960 3090 3390 8010 6555 4995 5400 8745 3195 3060 6585 7620 9045 5475 2535 2550 5595 5040 5145 1995 6540 9030 7950 1920 7230 2790 4875 8625 10440 3120 6360 6225 6630 3585 6465 4110 6180 4770 5985 5655 6465 8265 8415 6885 2940 3975 1395 3330 5625 2805 5250 8010 4830 4095 7725 7245 5520 510 3990 6720 8295 6705 4545 5805 4275 4650 4245 5685 6105 7005 5370 8910 5970 1260 2940 5325 3990 8625 2400 4140 2175 495 705 3225 4305 4920 5610 6195 7995 3375 4455 4320 5730 3960 7245 4155 4290 5790 8190 7050 1965 3705 3435 4785 3030 1785 5085 5580 5685 3525 6690 2775 2820 7335 6330 6180 4275 8055 7290 4710 5445 3180 8505 9480 8820 2625 7545 1695 2400 7260 810 3000 6540 4005 2250 4020 4065 6315 4260 3150 7815 8370 4080 5250 5730 8145 7080 1155 8715 1965 3915 4995 3360 3795 5850 2490 5085 8460 1785 7830 3420 2490 8445 4650 10200 1020 4485 6540 7185 1725 4980 1410 855 9450 5625 
5928 9165 2912 3770 9438 1872 7280 7176 2964 3263 8281 5434 4537 4017 7228 6149 8788 4511 1404 4472 5174 1560 4082 5239 4420 897 5317 5629 5694 1196 6097 2301 2587 4264 6318 4862 2756 3549 5434 923 9516 3081 1989 3406 6266 2795 6253 8177 130 6968 9360 5213 4355 4043 7605 6565 4901 2431 9464 598 5954 3081 5642 4628 8827 5941 6500 2756 3549 9165 8151 8931 1365 7709 9243 2496 2834 1846 6747 6786 9191 9555 6604 8047 9607 6006 6318 6708 8814 3419 7488 1872 4420 6903 6929 4355 9425 3887 3536 1521 9412 9802 7735 4485 299 6682 9295 3484 4485 4212 6240 5174 8931 3185 3341 3484 8320 3653 7969 7878 3172 2899 3068 9633 3237 5187 8164 6019 3237 9906 7657 2691 5460 8099 1807 5512 3575 4290 5629 6643 9529 4368 4498 9048 4316 4680 2015 5772 1534 4173 3562 8879 7098 2132 5005 8658 4329 5694 5746 1755 8255 6188 8190 5109 4459 9061 7644 7436 4680 3679 5941 6084 6695 5044 4771 2288 4862 6136 10257 4823 
4718 9548 8148 6202 6412 3066 10332 6748 2016 1974 7098 3430 588 7476 7042 3164 6020 966 5502 5460 8400 6006 3108 9674 6888 4214 700 1470 6286 6370 5992 6440 2982 3150 9688 2156 7714 1750 4900 4228 11494 8036 5600 8274 4032 7826 2058 4634 5124 10052 10066 7700 7980 2562 7770 4676 10220 6608 11536 5292 2408 2884 7504 8624 6678 1638 3500 4074 8344 9212 7168 8778 5796 5502 7126 7070 2954 3514 7742 6594 8288 10976 2338 9058 10528 8974 8246 8386 9772 7504 6048 6468 2100 3122 10262 3696 9716 2450 7392 6720 9884 11396 5754 252 5418 9352 10500 4886 3416 7602 6818 9604 7658 2688 4900 8568 10346 5908 5012 5558 2296 6804 1904 7518 7532 9744 8400 1610 3108 6972 8022 2198 6328 9212 3136 7630 6468 1722 9548 9478 10528 4032 2002 8974 4872 9968 3514 4774 5278 8932 1344 6510 8568 3738 7854 8596 8792 9296 4970 6482 9604 4396 4634 7840 490 10528 10108 3584 8974 3570 8288 4746 3850 1498 7280 4032 6846 8358 7126 2814 
5665 4620 5093 3322 8789 6578 429 4961 7535 6688 6094 6347 8360 2618 4686 7249 8107 8536 4840 4015 1672 4708 5852 2464 2772 5973 8701 8074 3894 5709 4565 4070 7766 9218 660 6908 4411 6809 5071 5918 2904 4224 4411 3960 6622 4543 8382 8668 5896 374 4334 2145 2321 6248 4345 6358 4829 3971 2772 6457 7678 5929 2541 2244 7403 8360 7359 5027 3773 5038 5819 5159 4851 6996 7590 4092 7986 5863 3289 4653 6149 3564 8668 3432 4180 1122 2189 2431 3751 3179 6116 4521 6710 8283 143 5489 4851 6281 3036 5610 4631 3498 6765 8019 5929 1078 3685 4334 5753 2464 3828 2453 6457 6072 4323 4389 2200 3553 7898 7161 6413 3553 7590 7777 3410 2684 4422 8503 8404 8965 4136 7172 3685 3311 6754 2321 3212 6919 1540 869 4059 5203 6809 5115 4477 4752 7436 5467 4807 3410 7777 7689 2684 7645 2002 4950 2893 1243 5258 4675 3047 6215 8712 2013 7788 3267 1364 8635 2508 8899 1837 5786 7271 7491 2453 5203 2849 1892 9438 6402 
2160 5520 5000 3050 4260 1750 5950 3550 1700 630 4010 1370 1710 4030 3730 1700 3820 1940 2970 2450 4620 3340 780 5680 3510 2360 1900 1470 3070 3900 2920 3510 2420 3200 5530 680 4560 480 2140 2340 6780 4750 2890 4880 1980 4670 1890 3230 3050 5760 5850 4070 4390 390 4220 2350 6370 3610 6800 3360 1530 800 3910 4880 4030 1730 1980 1630 4910 5320 4010 5040 3200 3140 4360 4010 2530 1650 4110 3390 4840 6430 2170 5070 6160 4990 4440 4550 5600 4150 3270 3650 350 2270 5920 1210 5650 310 4040 4120 5740 6730 3240 1330 3270 5240 6110 2080 1050 4100 3460 5630 4460 680 2120 5170 5950 2840 3140 3230 610 3670 1680 4660 4220 5760 4680 1840 2810 4640 4380 1530 3080 5180 1930 4000 3280 300 5490 5340 6150 1450 410 5160 2030 6200 2580 2150 2760 5270 1520 3990 4680 2820 4210 4880 5090 5280 2250 3700 5440 2080 3240 4190 1090 6100 5770 2680 5170 3270 4480 2220 2160 920 3790 1720 3450 4520 4870 830 
3124 5049 9592 6292 319 6457 8173 3531 6226 5214 2596 3190 5434 7447 3828 2662 374 5720 7359 5071 7557 7733 4345 9328 6424 7029 4950 3817 4653 8613 3949 7645 7062 7447 8217 3784 8932 5005 3762 7007 7601 9075 7073 9108 2508 9097 3432 1496 7755 8096 5588 6644 7766 4367 4312 2409 10824 7722 7711 8184 3091 5170 6006 8360 1210 3762 2354 5643 9064 4543 2860 4180 7634 1518 1276 8228 7117 6226 5203 3806 3146 6754 3355 5555 6039 7524 6281 6061 5775 7975 2343 8008 4125 2552 8426 4213 5005 4510 7755 8822 5269 7150 1705 5049 7997 7381 6314 5500 4037 7425 4642 9273 2541 5104 5621 9548 7128 6127 1067 1342 5181 7579 6171 1408 8173 9493 4510 3850 7337 594 4576 6138 4928 5720 6655 6292 6699 4334 8701 7601 6105 4323 4092 4334 4796 10637 7315 3333 7106 9295 5819 869 5907 7579 7029 4224 8910 8283 3476 8118 6116 2695 1518 6919 4818 6600 7480 2332 8822 7755 6688 2981 2145 3927 6567 5973 6006 6578 1001 3707 
6396 9412 2327 3913 9997 2496 7189 7540 3588 3874 8697 5967 5148 3939 7566 6721 9334 5122 1482 4784 5083 1430 4615 4888 4511 1508 5941 6240 5980 572 6448 2171 3133 4758 6175 5447 2288 4160 5863 1521 9555 2613 2093 2964 6786 2288 6864 8762 598 6864 9581 5265 4225 4615 7891 7072 4316 2275 9503 715 6552 3640 5772 4407 9321 6565 7072 3198 3120 9451 8554 9243 1313 8216 9737 2197 3367 2418 6955 7137 9568 9672 7215 8242 9789 5954 6409 6825 8996 3224 7930 1625 5018 7514 6799 4849 9685 4459 3380 910 9646 9893 8216 5109 312 6656 9451 3822 5005 4134 6513 4836 9347 3757 3666 2964 8372 3835 8515 8385 3770 2795 3692 10114 2990 4810 8450 6643 3744 10465 7930 3315 5733 8281 2431 5603 3653 4901 5395 6591 9698 4823 5096 9347 4680 4108 2535 6227 1716 3757 4186 9386 7241 2613 5005 8970 3991 5525 6188 1456 8398 6682 8788 5109 5083 9178 7631 8047 4381 4134 5993 6552 7254 5655 4836 2743 5005 6188 10816 5382 
5160 8420 4930 5010 6840 1980 8000 6520 1320 2450 7010 4350 1860 5590 6670 4420 6530 1630 3660 4970 6420 3910 3660 6780 5560 2550 2430 3310 5810 3590 5810 4420 880 490 7360 3490 4910 2520 5080 2600 9340 5160 3970 5410 4910 4930 3730 5580 2880 7770 8710 6200 5910 3350 7130 5320 6470 4540 9340 2640 3950 3020 6300 6220 6910 3420 4680 3570 5520 8270 7010 8010 3740 6040 7240 4680 680 2650 6820 6330 7840 9150 3910 7840 8990 6990 6860 7070 8400 5300 6270 4200 3270 4500 7820 4080 8580 3210 5320 3840 8650 9410 6180 2170 2990 7410 8870 4300 4000 5720 6240 6740 7460 2950 4250 5450 8450 4830 5810 6110 2650 4830 1330 7540 5210 6760 7590 3390 310 7240 7260 1600 5740 7920 1800 6290 5030 3010 6970 7440 8960 4260 3260 8130 4640 6310 1240 5140 3620 6000 1510 6820 7290 1160 6170 7830 6090 6940 5220 4130 8130 5070 5570 6200 2380 8800 8080 4820 6330 290 6720 5220 4920 3210 5860 3300 5720 6820 7350 3820 
5566 4598 4994 3201 8701 6457 451 4884 7414 6567 6017 6237 8239 2497 4620 7150 8030 8415 4719 3905 1551 4598 5731 2398 2651 5841 8580 7964 3806 5599 4477 3960 7645 9097 550 6787 4301 6688 4972 5797 2948 4125 4290 3861 6523 4444 8272 8580 5775 319 4323 2024 2200 6127 4290 6259 4763 3850 2827 6336 7568 5808 2442 2145 7326 8239 7260 4906 3674 5005 5753 5115 4741 6908 7513 3971 7865 5742 3212 4576 6094 3586 8558 3399 4180 1001 2101 2365 3729 3058 6039 4411 6600 8184 66 5368 4829 6171 2915 5500 4609 3531 6677 7898 5808 1012 3696 4213 5643 2343 3740 2376 6391 5951 4213 4301 2222 3432 7810 7073 6292 3432 7469 7711 3300 2618 4378 8393 8283 8888 4081 7051 3586 3289 6633 2211 3091 6798 1463 781 4059 5093 6699 5071 4367 4675 7315 5368 4686 3333 7656 7612 2629 7524 1881 4906 2805 1144 5159 4565 3036 6116 8613 1892 7667 3267 1364 8536 2409 8767 1738 5687 7172 7370 2332 5082 2739 1804 9361 6292 
6174 8498 2156 2548 10430 3808 5544 6902 5152 4746 8316 6146 6650 2086 6818 7182 9618 6734 1190 3906 3304 770 4774 3234 2996 2716 7364 7238 5054 2002 5768 364 5054 6916 4452 6034 1260 5026 5432 2674 8232 1470 1148 1624 6944 1470 7854 9408 2296 5194 8554 3682 2352 5012 7014 7042 3752 350 8148 2926 7266 4074 4382 2548 9324 7616 7504 3038 1680 8638 8092 8498 1008 8260 9744 406 5334 3150 5824 6426 9100 8470 8246 7098 8722 4256 4970 5460 7882 1260 7672 448 5600 8288 5110 4760 8806 4914 1442 1946 8708 8652 8176 6412 2268 5040 8288 3122 5040 2310 5558 3178 9002 4256 2954 2072 6958 2590 8890 8470 4494 868 5250 10122 1050 3220 7560 7756 5810 10864 7000 4732 4718 7098 3906 4116 2100 5628 3626 4942 8610 4592 5712 8568 4060 3500 4508 5936 1386 2268 5670 9492 5936 4690 3304 8176 2268 3738 5810 658 7154 6664 9450 3444 6272 7952 6104 8848 2604 6356 4438 6370 7616 6496 3262 2786 3626 4662 11340 5698 
2600 2840 4680 1470 5500 4260 2360 2150 4960 3980 3240 3260 5440 1990 1970 4070 4880 5650 3340 1300 1720 3450 2980 3440 1090 4010 5640 4930 1000 4540 1630 2990 5380 6580 2260 3870 3960 4030 2070 3960 3120 3950 2870 3840 3470 4120 5160 5330 4260 2230 2890 880 2140 3370 1900 3230 5250 2980 3120 4820 4490 3290 240 2620 4320 5170 4150 2650 3730 2980 3020 2920 3490 3850 4530 3360 5560 3600 940 1820 3550 3000 5400 1850 3040 1620 690 840 2430 2700 3100 3490 3760 5010 2490 2590 3060 3440 2470 4570 2990 3220 3660 5080 4390 1610 2790 1910 2820 1890 1030 3400 3660 3400 1970 4310 2240 1540 4640 4000 3730 2630 4990 4750 2970 3630 2220 5310 5940 5700 1830 4640 800 1880 4470 510 1730 3980 2750 1770 2970 2340 3840 2950 1720 5110 5210 2420 3180 3730 5040 4550 1100 5450 1270 2690 3260 2330 2230 3640 1990 3090 5370 1150 4840 2630 2030 5320 3070 6420 880 2710 4070 4420 980 2950 640 840 6120 3390 
3237 6045 10764 6981 858 6981 9425 4004 6682 5499 3081 3172 5746 8359 4368 2483 481 6084 8125 5551 8554 8567 4524 10595 7189 7683 5187 3835 5174 9581 4342 8502 7670 8125 9412 3809 10023 5252 4004 7644 8944 10192 7800 10257 2392 10205 3393 1209 8554 9308 6669 7501 8749 4524 5005 2366 12272 8606 9074 9035 2977 5486 6786 9451 1612 3783 2119 6097 10205 5460 3367 5031 8450 1482 1846 9191 7735 6721 5941 4277 3900 8008 3315 6500 7202 8580 7163 6942 6812 8944 2587 8905 4225 2366 9685 4420 6019 4693 8697 9828 6318 8476 1781 5291 8840 8463 7475 5980 4186 8346 5213 10530 3159 5395 6123 10751 8307 6773 611 1287 5486 8450 6617 2106 9165 10790 5304 3887 7995 1339 5317 6578 5473 6695 7202 7111 7449 4459 9906 8710 7267 4576 4173 5213 5187 12051 7982 3484 7826 10504 6201 1235 6799 8281 7930 5044 10075 9425 3692 9022 7163 2678 1248 7813 5018 7774 8658 2132 9997 8489 7605 3068 1885 3965 7371 6461 6721 7501 1690 3744 
4950 7110 1470 2840 7790 2170 5240 5740 3050 3180 6670 4680 4240 2760 5740 5300 7260 4240 1020 3600 3630 860 3640 3410 3270 1370 4840 5010 4510 250 4910 1400 2750 4010 4450 4340 1400 3400 4500 1360 7120 1650 1460 1910 5300 1400 5490 6880 710 4990 7210 3830 2960 3680 5970 5490 3000 1470 7060 920 5210 2930 4260 3060 7210 5260 5560 2480 2040 7160 6540 7020 820 6370 7520 1360 2930 2020 5210 5420 7310 7240 5760 6170 7360 4310 4730 5060 6740 2170 6110 940 4010 5950 4920 3780 7320 3560 2300 440 7280 7390 6360 4190 540 4860 7080 2880 3920 2910 4910 3370 7170 3030 2760 1930 6200 2800 6660 6510 3070 1870 3130 7810 1970 3340 6380 5330 3230 8140 5980 2820 4300 6190 2150 4110 2600 3940 3820 4800 7290 3740 4080 7090 3560 2830 2300 4800 1230 2530 3500 7270 5380 2360 3600 6800 2720 3930 4760 800 6260 5200 6900 3690 4150 6860 5610 6360 3020 3540 4380 5070 5690 4540 3510 2160 3670 4540 8430 4250 
4592 1232 9366 4942 7350 8540 4158 2716 9310 7784 3640 5866 9618 5530 2324 6734 6566 9954 7532 4242 4760 7714 6146 7112 4382 8358 9674 8386 3010 9240 3178 7070 10052 11578 4802 7042 8358 7784 4256 8288 2744 8302 6888 8120 5698 8582 8498 7812 8806 4228 1162 3822 5600 6678 1554 5110 9926 7042 2884 9590 7518 6930 3010 6146 5418 8652 6678 6286 7938 1722 3290 1932 7770 5362 5516 7560 10290 7658 1666 2660 3318 1848 8750 322 1442 4102 2548 2016 602 6566 4144 7770 7070 7924 4718 5544 1554 6832 6230 9282 1358 2324 4984 9044 8988 3458 1330 5292 5754 5362 2422 7056 3892 7028 5418 8764 2226 5012 6664 5530 7476 6538 9324 5642 6930 7392 1190 8848 10794 7420 1218 8904 3150 448 8834 3304 5306 7448 5922 3752 1386 5236 7154 1848 4662 9758 9912 4452 7308 7812 9282 5838 1526 10262 4326 1722 7112 5292 4228 7980 896 5166 7868 4158 8680 1498 3010 8190 6748 11466 3234 4634 6426 7812 4158 6762 3780 2982 8050 6356 
1092 4260 6084 2364 4812 3756 5124 2052 4260 2916 3036 1620 4476 3636 2184 2604 4092 4764 3780 1056 3924 4128 1500 5712 2592 3912 4596 3636 1272 5280 1128 3912 4968 6180 4848 2388 5316 2892 420 3864 5748 5436 3360 5448 1992 5496 3888 4272 4536 4944 4620 3024 4008 1944 2700 1884 7308 3972 5784 5148 3084 2244 2556 4656 3756 3912 2748 2064 5388 4092 2904 3804 4068 2880 4116 4536 5148 3120 2520 1764 3876 5292 4176 3660 4980 4116 3120 3144 4296 4200 2364 4368 2316 3732 5220 972 4440 2076 3960 5436 4524 5652 2772 3996 4776 4224 4896 1560 1176 3636 1716 5652 3624 2304 1716 5940 4788 2172 3588 3060 2664 3780 4260 4452 4416 5880 3252 4092 5556 5148 2868 3924 1368 3780 4032 2772 2808 2628 5148 4404 4956 732 2400 3936 744 7116 4944 864 3504 5628 4188 3912 3252 5256 3348 3576 5220 4752 744 4512 4116 1608 4308 3264 3696 4896 4716 4128 5148 6144 3324 1248 2688 3060 2820 2508 2244 3300 5592 1788 
1780 3660 4320 1100 4880 3030 3560 2170 3650 2640 3170 2150 4100 2150 2170 2980 4270 4310 2550 30 2420 2780 1670 3880 1290 2920 4320 3670 970 3810 1350 2510 4120 5280 3240 2600 3650 2690 1190 2870 4430 3730 2130 3720 2530 3810 3950 4430 3330 3390 3860 1730 2460 2050 2430 2440 5260 2550 4440 3870 3310 1960 1480 3000 3940 3920 3130 1420 3660 3640 3010 3470 2760 3250 4220 3000 4300 2400 1890 1850 3750 4210 4210 2920 4100 2660 2030 2160 3490 2640 2730 2940 2450 3910 3590 1310 3860 2110 2430 3910 3860 4470 3140 3740 3490 2830 3940 730 1560 2150 1400 3830 3660 2070 840 4150 3570 970 3870 3410 2400 2330 3670 4480 2840 4020 2880 4060 4670 5150 2490 3340 820 2990 3240 1590 1470 2660 3430 2950 4060 1060 2540 3550 400 5100 4010 1590 2340 3830 3710 4090 2350 4250 1960 3250 3470 3110 1450 3070 3190 2220 4460 1900 3510 3850 3350 4260 3410 5150 2070 1910 3100 3140 1510 1770 1080 2100 5520 2150 
1824 3600 5928 1932 5436 4380 4152 1836 5028 3756 3084 2604 5412 3072 1800 3564 4692 5688 3864 780 3132 4128 2412 5076 1920 4308 5568 4644 360 5388 888 3756 5664 6984 3960 3384 5100 3768 1164 4260 4776 5160 3348 5124 2856 5292 4884 5112 4812 3984 3864 2160 3384 2880 2100 2604 6936 3780 4812 5460 4080 2988 1584 4020 4164 4920 3672 2472 5028 3552 2880 3336 4116 3444 4464 4320 5868 3648 1584 1428 3720 4392 5172 2796 4188 3204 2112 2136 3468 3780 2676 4296 3300 4692 4284 1908 3828 2988 3504 5496 3840 4740 3264 4944 5016 3252 4044 1680 2148 3024 888 5016 3660 3084 1824 5652 3804 1848 4320 3636 3480 3480 5052 4764 4044 5268 2640 5100 6300 5712 2184 4680 360 2904 4632 1836 2388 3588 4380 3432 4140 1608 3384 3444 1044 6744 5556 1596 3624 5172 5040 4380 2268 5856 2556 3084 4680 3936 1380 4464 3192 2412 5160 2448 4644 3984 3708 5064 4548 6876 2364 1968 3576 4056 2052 2904 1440 2328 6192 2796 
6636 4018 8260 4900 10108 9114 1610 5222 10192 8876 6454 7742 10934 4620 4830 8806 9282 11228 7322 5152 3430 7294 7504 5194 4144 8568 11214 10178 4452 8722 5124 6510 10682 12432 2688 8708 7308 8960 6020 8498 1596 7140 6692 6832 7868 7504 10444 10304 8694 1862 3542 3248 4424 8036 4200 7392 8204 6412 1470 9464 9478 7910 3122 4620 8218 10500 8862 6916 6622 4620 6104 4886 7434 7952 8372 6720 10948 8176 3192 4956 6258 2408 10752 2702 3262 2478 2352 2254 2856 5558 6748 7168 8568 10094 2268 6930 4284 8134 5292 8652 3962 2296 7602 10430 8792 1680 2618 5908 7252 4410 4116 5166 6790 8064 5964 7448 742 5124 9212 8148 8526 5852 10234 8540 5922 5488 4088 10696 11480 10234 3878 9730 4326 2506 9380 3080 4998 8890 3962 1806 3094 6580 8680 4788 5726 8078 10374 6426 7196 6272 10360 8624 2254 10668 3444 4662 5572 3416 6160 7378 2058 7308 10360 3346 10108 2058 616 10472 5096 12152 2478 6748 8680 9478 3724 7266 3878 2338 10864 8022 
660 4476 7668 4080 3096 4608 6588 2088 4680 3372 2220 984 4344 5364 2412 1380 2388 4668 5256 2772 5604 5652 2100 7440 4296 5064 4152 2916 2580 6684 1908 5532 5544 6396 6456 2052 6936 3216 1356 5016 6672 7080 4908 7128 492 7116 2904 2616 5808 6444 4980 4656 5724 2304 3084 192 8988 5616 6744 6336 2088 3072 4056 6384 2280 3096 1332 3396 7080 4104 2280 3720 5556 1260 2676 6168 5676 4188 3552 2136 3240 5988 3108 4392 5436 5700 4500 4404 4884 5904 1320 5940 2280 2400 6768 1848 4572 2484 5664 6888 4764 6396 1284 3840 6060 5688 5532 3180 1704 5352 2772 7380 2736 3036 3324 7596 5880 3888 1860 1428 3252 5460 4656 3036 6108 7608 3552 3264 6012 3456 3348 4464 2820 4560 4848 4332 4524 2604 6840 5892 5448 1920 2304 3888 2436 8784 5700 888 4980 7344 4404 2340 4356 6000 5028 3588 6936 6420 1104 6060 4968 144 2664 4920 3528 5676 6024 2676 6876 6552 4836 516 1140 2580 4500 3792 3900 4776 3876 1632 
2442 4125 4400 759 5852 3432 3520 2717 4213 3179 3861 2849 4829 1881 2651 3762 5181 5038 2585 484 2178 2794 2233 3784 935 3179 5115 4466 1265 3971 1837 2409 4653 5995 3113 3300 3641 3267 1793 3124 4686 3707 2101 3674 3278 3817 4796 5368 3531 3311 4290 1463 2211 2640 2860 3179 5346 2442 4675 4147 4114 2420 1342 2805 4774 4752 3938 1661 3597 4169 3663 4015 2805 4048 5071 2926 4862 2706 2079 2343 4433 4543 5082 3190 4510 2486 1958 2178 3828 2464 3432 2926 3102 4785 3509 1892 4356 2684 2222 4048 4334 4796 3916 4455 3696 2739 4279 847 2167 1870 1694 3718 4389 2552 913 4158 3707 660 4741 4224 2904 2156 4246 5357 2695 3938 3311 4895 5280 6138 2871 3861 1023 3245 3663 1397 1166 3311 3278 2849 4444 1617 3201 4092 902 5170 4477 2233 2387 3762 4334 4961 2453 4741 1672 3773 3344 2937 2068 3080 3421 2937 5401 1628 4213 4136 3377 5181 3256 5808 1914 2585 3916 3872 1188 1991 770 1969 6556 2816 
4770 9930 8325 6195 6885 2910 10635 6930 1905 1665 7395 3420 840 7560 7230 3270 6420 1230 5475 5430 8550 6015 2925 9930 6930 4125 1200 1650 6360 6450 6075 6465 3000 3450 9945 2055 7845 1425 4905 4125 11940 8175 5565 8445 4125 7980 2355 5040 5115 10335 10455 7815 8100 2355 8010 4800 10530 6630 11970 5325 2550 2640 7620 8790 7050 1920 3660 3930 8520 9570 7455 9135 5775 5745 7530 7140 3015 3345 7920 6750 8655 11400 2700 9345 10950 9180 8430 8580 10125 7590 6255 6510 1905 3420 10560 3570 10110 2220 7470 6825 10275 11850 6000 225 5430 9585 10890 4785 3300 7695 6930 9840 8010 2430 4800 8760 10695 5880 5340 5835 2010 6840 1800 7965 7620 10005 8685 1950 3240 7485 8265 2025 6390 9510 3015 7740 6480 1485 9765 9720 10935 3930 1830 9330 4800 10275 3510 4815 5220 9120 1230 6885 8790 3795 7980 8925 8970 9510 5010 6525 9915 4470 5040 7965 195 10905 10410 3960 9165 3810 8460 4815 4020 1455 7365 3870 6900 8520 7695 2700 
6097 9126 2444 3640 9711 2288 6994 7228 3432 3627 8398 5681 4979 3731 7267 6448 9035 4966 1209 4485 4888 1222 4329 4810 4264 1261 5759 6006 5694 767 6149 1976 3055 4719 6006 5187 2288 3913 5551 1261 9321 2626 1820 2951 6500 2327 6630 8489 390 6669 9295 5031 4043 4329 7592 6773 4433 2106 9269 819 6292 3367 5512 4264 9022 6331 6799 2899 3094 9165 8255 8957 1079 7917 9438 2093 3302 2145 6682 6838 9269 9412 6981 7969 9516 5746 6162 6565 8723 3068 7631 1482 4745 7254 6617 4550 9399 4186 3198 1092 9360 9633 7917 4914 208 6435 9178 3523 4706 3939 6227 4771 9048 3484 3367 3016 8138 3549 8229 8086 3510 2600 3523 9815 2860 4758 8151 6422 3692 10166 7644 3133 5434 8008 2262 5343 3393 4641 5252 6383 9425 4524 4836 9048 4381 4212 2483 5928 1430 3731 4017 9087 6968 2587 4784 8671 3913 5356 5889 1339 8125 6396 8515 4875 4875 8931 7410 7787 4277 4121 5759 6253 6968 5408 4589 2444 4732 5941 10530 5096 
3670 5630 2270 1380 6670 2120 4070 4310 3060 2640 5280 3590 4060 1590 4290 4330 6100 4150 490 2150 2450 650 2610 2900 1850 1460 4540 4390 3040 1710 3480 570 3130 4460 3370 3510 1690 2840 3160 1410 5760 1850 40 1960 4170 1830 4820 5920 1460 3830 5740 2450 1900 2780 4500 4270 3480 680 5720 2010 4390 2120 2810 2230 5930 4660 4560 1370 1970 5690 5140 5550 650 5150 6230 1090 3330 1560 3730 3980 5890 5810 5100 4710 5900 3080 3310 3620 5280 1340 4780 840 3200 5120 3840 2620 5840 2720 1320 1780 5800 5980 5100 3860 1550 3580 5630 1500 2810 1730 3440 2850 5780 2250 1370 2280 4840 1320 5560 5290 2450 850 3130 6520 1330 2930 4910 4760 3700 6990 4510 2750 2830 4730 2240 2680 1190 3230 2960 3560 5830 2510 3280 5620 2190 3300 2800 3510 400 2350 3390 6040 3930 2980 2290 5330 2240 2930 3430 950 4820 3990 5950 2360 3740 5430 4310 5520 2400 4130 3010 3800 4640 3850 2110 1210 2210 3150 7320 3270 
6012 5904 4032 2844 9648 6072 1860 5664 7188 6432 6972 6540 8232 1704 5436 7548 8904 8388 4008 3948 1068 3792 5760 1284 2412 5304 8700 8196 4224 4800 5004 3120 7308 8916 876 6948 3300 6600 5316 5256 4548 3096 3600 2796 6984 3444 8604 9264 5112 1596 5712 2052 1284 6144 5232 6804 3852 2988 4428 5676 7896 5628 2808 984 8280 8520 7728 4608 2604 6276 6696 6324 3972 7656 8544 3024 7560 5340 3996 5280 7248 5124 8928 4572 5652 1332 2772 3180 5064 2076 6804 3540 6684 8652 1356 5460 6180 6156 1992 4656 5988 5124 7452 7908 5112 1944 5160 4008 5760 1584 4332 1248 7464 5796 3960 3276 3636 3096 8532 7848 6144 2580 7248 8796 2292 1536 5472 8664 8004 9900 5064 6792 3924 4476 6240 2472 2568 6852 228 1716 5532 5184 6792 6312 4404 3744 6912 5784 4032 2220 7512 8544 3576 7104 1644 6060 1644 312 5580 3696 4308 6588 9312 1752 7704 4728 2712 9084 1212 8508 2184 6156 7692 7536 2172 4692 2760 2376 10392 6468 
4485 3180 8130 3480 8385 7665 3210 3135 8655 7140 4635 5670 9270 4005 2745 6795 7470 9600 6285 3120 3240 6435 5535 5805 2820 7305 9480 8310 2160 8055 2850 5700 9330 11100 3540 6750 7050 7185 3825 7230 3480 6990 5580 6780 5790 7290 8565 8445 7695 3150 3150 2175 4095 6120 2280 5310 8760 5670 3495 8535 7530 6120 1335 4710 6450 8640 6855 5235 6600 3540 4275 3585 6510 6000 6690 6195 9600 6690 840 2760 4785 3210 8895 1575 3300 2670 855 345 2400 5115 4740 6450 6645 8175 3645 4905 3525 6240 4770 8085 3360 3540 5640 8700 7875 2190 2895 4125 5205 3825 1770 5745 5145 6270 4245 7485 2220 3615 7305 6210 6765 5115 8700 6945 5520 6105 2520 8850 10155 8595 2025 8190 2070 1560 7980 1635 3825 7005 4605 2505 3195 4530 6750 3570 3690 8565 9105 4245 6060 6495 8745 6855 345 9450 2730 3255 5745 3930 3960 6690 1680 5205 8490 2550 8325 2655 2295 8580 5370 10890 1605 4605 6660 7575 2550 5700 2220 1350 9255 6000 
4730 8110 5520 5070 6110 2150 8100 6140 1220 2170 6520 3860 1110 5790 6330 3790 5840 850 4000 4840 6570 4300 3340 7140 5610 2890 1610 2580 5600 4170 5510 4750 1320 720 7520 2960 5400 2170 4740 2930 9250 5650 4230 5880 4350 5440 2960 4820 3370 7880 8440 6240 6130 2980 6820 4800 7060 4870 9250 3250 3260 2840 6250 6500 6300 2650 4040 3550 5970 7910 6550 7630 4130 5440 6620 5090 1160 2760 6640 5990 7370 8980 3110 7630 8750 7090 6810 6970 8170 5610 5770 4610 2800 3750 7970 3780 8250 2860 5600 4430 8340 9260 5610 1490 3520 7460 8670 4250 3650 5910 6010 7090 6940 2740 4220 5970 8380 4880 5120 5500 2410 5120 1180 6910 5550 7140 7280 2600 1000 6510 6970 1560 5560 7720 2040 6280 5160 2520 7230 7510 8720 3990 2770 7760 4460 6890 1780 4740 3910 6430 1100 6180 7160 1800 6270 7480 6450 7150 4850 4570 7970 4570 4810 6280 1740 8630 8090 4050 6660 1120 6740 4770 4280 2580 5910 3350 5700 6810 6590 3360 
4942 3556 7252 3290 8680 7420 2142 3780 8442 7098 5180 5992 9142 3416 3416 7070 7826 9436 5852 3346 2478 5908 5698 4788 2562 6958 9408 8386 2702 7406 3444 5166 8988 10696 2520 6916 6258 7182 4270 6888 2926 6160 5194 5936 6174 6482 8666 8680 7196 2086 3374 1764 3402 6244 2968 5740 7644 5110 2898 7980 7714 6132 1358 3864 6874 8722 7154 5180 5740 3990 4844 4088 6006 6440 7098 5530 9254 6482 1638 3416 5278 3024 9002 1988 3388 1778 574 546 2618 4438 5278 5866 6776 8372 2562 5138 3878 6342 4130 7392 3654 3220 6118 8638 7336 1204 2884 4158 5446 3220 2436 4732 5656 6286 4228 6580 1652 3472 7644 6636 6748 4564 8484 7336 4816 5068 3108 8918 9772 8876 2702 7994 2534 1904 7700 1400 3500 7098 3598 1512 3262 4788 6888 4046 3934 7476 8708 4704 5684 5558 8582 7252 868 9030 2170 3794 4844 2968 4438 6076 1778 5628 8736 2002 8302 2506 1358 8778 4452 10444 1008 5068 7000 7686 2212 5572 2170 770 9492 6230 
3729 7524 7282 5456 4389 3311 8591 5302 2508 2299 5390 2717 1254 6523 5577 2200 4180 1485 5148 4708 7172 5555 2838 8327 5951 4191 605 748 5203 5907 4851 5841 3256 3168 8173 1848 6908 2090 4015 4202 9284 7139 5170 7315 2992 6996 935 2948 4928 8393 7964 6545 6919 2442 6171 3509 8877 5962 9328 5071 1529 2926 6292 7447 4829 627 2398 3861 7359 7194 5489 6842 5379 3971 5159 6358 3212 3586 6325 5258 6314 8778 1045 7282 8360 7568 6864 6919 7799 6622 4565 5918 1980 1804 8591 3245 7623 2420 6512 6171 7777 9141 4213 1111 5159 7799 8382 4389 2992 6611 5566 8261 5764 2772 4433 7579 8426 5225 3410 3993 2519 6083 2420 5456 6666 8393 6644 517 3289 4829 6391 2640 5280 7414 3377 6435 5709 1782 8140 7920 8360 3520 1881 6996 4235 8690 3685 3828 4950 7799 1980 4642 7007 3861 6721 6721 7645 7909 4004 5929 7755 3355 2937 6688 1122 8448 8327 2090 7766 3586 6963 3718 2673 1232 6248 3894 5852 6985 4895 2387 
6412 6552 4578 2716 10682 6566 2282 6090 7840 6916 7630 7028 9030 1442 5838 8190 9814 9226 4214 4004 672 4018 6118 1792 2198 5698 9562 8960 4368 5278 5278 3206 8022 9898 1148 7504 3668 7112 5600 5642 5278 3472 3710 3164 7546 3850 9422 10206 5544 1946 6384 1848 994 6566 5656 7350 4648 3066 5152 6230 8596 5978 2758 938 9114 9324 8400 4788 2940 6944 7308 6972 4214 8358 9422 3206 8316 5684 4200 5628 7994 5824 9814 4998 6356 1274 2814 3332 5628 2044 7392 3766 7182 9478 1792 5754 6874 6580 1876 5138 6664 5866 8120 8638 5558 2086 5810 4074 6104 1274 4536 1736 8204 6174 4018 3766 4116 3010 9366 8582 6580 2562 7910 9730 2352 2072 5964 9506 8834 10990 5474 7378 4018 4914 6762 2366 2408 7392 784 1876 6216 5432 7308 6958 4536 4494 7574 6146 4214 2618 8204 9408 3808 7826 1344 6650 1904 448 5922 3962 4760 7084 10262 1484 8400 5334 3080 9982 1456 9436 2128 6594 8358 8176 1946 4914 2632 2366 11564 6930 
1963 5538 5785 2184 5850 3094 5746 3224 3731 2353 4264 1937 4199 3562 3341 2990 5109 4485 3198 1170 4147 3614 1040 5824 2665 3237 4472 3679 2106 4784 2184 3484 4446 5837 5278 2301 5005 2392 1417 3185 6851 5174 2808 5239 2626 5187 4069 5005 3939 5512 5876 3328 4017 1521 3861 2717 7254 3575 6877 4576 3302 1521 3068 4706 4914 4017 3250 1248 5200 5395 4147 5096 3523 3861 5317 4173 4654 2379 3445 2886 5200 6487 4420 4745 6240 4537 3770 3913 5473 3991 3484 3913 2067 4160 5746 676 5759 1599 3770 4979 5811 6838 3822 3731 4199 4810 6097 988 988 3614 2652 5759 4914 1625 1118 5733 5746 1924 4433 4056 2041 3458 3744 5694 4186 5967 4459 4186 5109 6266 4004 3354 2041 4862 3380 3198 2587 2327 5382 4953 6201 429 2171 5239 624 7033 4381 1781 2899 5538 3744 5031 4121 4719 3575 4849 5174 5031 1729 4056 5174 2366 5044 3523 3419 6032 5499 4641 5174 5746 3822 2132 3289 2977 3003 1716 2509 3861 6695 1755 
5610 8340 3315 1920 10155 3495 5820 6450 4920 4260 7950 5565 6405 2085 6405 6690 9285 6540 960 3240 3390 1035 4125 4035 2580 2505 7110 6855 4530 2670 5235 630 5010 7020 4755 5490 2385 4545 4815 2430 8415 2580 375 2700 6420 2595 7485 9075 2430 5460 8475 3450 2535 4410 6675 6525 5010 765 8340 3255 6810 3435 4050 3015 8985 7260 7035 2265 2715 8460 7725 8265 1110 7830 9435 1425 5325 2655 5475 5955 8820 8535 7920 6915 8700 4335 4770 5250 7785 1695 7230 1200 5040 7905 5460 4080 8670 4320 1665 2745 8595 8775 7740 6090 2550 5100 8280 2325 4395 2295 5085 3960 8685 3645 2145 3225 7035 1905 8505 8055 3960 945 5010 9855 1695 4080 7290 7410 5865 10620 6690 4440 4185 6945 3675 3840 1575 5100 4125 5070 8595 3900 5175 8355 3345 4755 4515 5355 900 3240 5400 9165 5730 4770 3180 7920 3045 4080 5220 1395 7065 6120 9120 3285 5895 7965 6225 8505 3285 6510 4290 5805 7140 6045 2955 2085 3165 4515 11130 5115 
2145 3225 8955 3945 5865 6780 5715 765 7410 5730 2415 3495 7560 5235 690 4455 4950 7950 6390 2520 5040 6735 3930 7605 3780 6840 7575 6195 1230 8295 675 6255 8310 9810 5805 4770 7905 5685 1830 6780 5550 7980 5760 7890 3375 8145 6330 5910 7530 5595 3720 3780 5565 4455 1290 2805 10125 6285 5655 8325 5280 4905 2835 6330 4020 6480 4455 4515 7770 3015 2100 2685 6705 3450 4335 6945 8535 5940 1710 255 3090 4770 6615 2730 4215 4860 3120 2850 3420 6195 2220 6930 4815 5775 6060 3285 3450 4650 5850 8430 3570 5265 3105 6945 7800 4620 4215 3630 3465 5145 915 7530 3090 4980 3810 8580 4575 3855 4755 3660 5430 5880 7410 4650 6555 7860 1980 6705 9045 6120 1530 7005 1620 2925 7110 3240 4485 5235 6585 4920 4215 3015 4905 2835 2685 9900 8265 1980 6075 7890 7305 4380 2715 8640 4350 2385 7230 5970 1740 7140 3420 2790 5970 4185 6555 4335 4845 6135 6990 9780 3705 2205 4215 5580 3810 5070 3090 3555 6765 4035 
3206 1960 8750 4116 6286 7322 4648 1428 8022 6482 2674 4480 8246 5040 1022 5362 5446 8596 6622 3108 4550 6874 4816 6986 3738 7252 8288 7000 1806 8372 1792 6314 8806 10276 4984 5656 7756 6454 2884 7196 4018 7756 5992 7616 4340 7980 7112 6552 7798 4620 2310 3430 5236 5320 448 3766 9604 6314 4130 8568 6132 5642 2506 5880 4410 7266 5320 5124 7476 1988 2324 1848 6888 4158 4592 6888 9030 6482 994 1274 2800 3234 7364 1358 2744 4144 2436 2002 1988 6020 2940 6986 5684 6566 5082 4200 2226 5488 5698 8470 2254 3696 3794 7686 8022 3724 2716 4186 4396 4900 1204 6930 3122 5740 4326 8274 3220 4130 5432 4340 6174 5866 8022 4816 6384 7252 896 7462 9520 6426 336 7630 2044 1554 7630 2884 4564 6076 5908 4032 2730 3920 5768 1904 3430 9408 8708 3066 6356 7476 7952 4802 1680 9072 3990 1526 6804 5292 2842 7196 2030 3780 6608 3808 7322 2842 3668 6860 6510 10206 3094 3262 5082 6426 3626 5628 3080 2884 7042 4984 
4755 480 11160 6255 6840 9630 5940 2580 10275 8595 2925 6150 10350 7110 2280 6870 6060 10740 8955 5190 6420 9210 6780 8985 5775 9615 10275 8790 3780 10830 3555 8595 11175 12660 6585 7485 10095 8535 4665 9540 4065 10065 8280 9900 5745 10335 8775 7620 10215 6000 1215 5325 7260 7305 1590 5055 11940 8580 4245 11040 7755 7770 4365 7890 4755 9015 6735 7320 9720 375 2610 720 9240 4995 4770 9180 11415 8760 2730 2790 2235 2820 8985 1785 1815 5790 4050 3495 1590 8205 3765 9330 7605 7995 6525 6150 600 7500 7845 10920 825 3360 4575 9720 10455 5145 2220 6330 6300 6945 3135 8925 2985 7860 6495 10605 3795 6270 6360 5130 8295 8085 10275 4830 8595 9300 915 9225 11925 6840 1485 9885 4035 1950 9960 4740 6705 8025 7755 5475 1905 5880 7680 555 5475 11745 11115 4695 8670 9660 10155 5220 2985 11505 5895 675 8925 7080 4500 9555 2385 5220 7680 5715 9330 2700 4695 8190 8550 12645 4785 4740 6405 8265 5610 7860 5085 4530 7500 6795 
5610 6850 840 2830 8680 3840 4070 5970 4780 4630 7030 5640 5920 2060 5880 6390 8090 5950 2040 3910 2690 1670 4680 1720 2980 3020 6460 6430 4630 1860 5190 1500 4590 5880 3230 5570 480 4840 5060 3000 6230 230 2090 210 6200 470 6870 7990 2520 3830 6820 3270 2020 4850 5930 6250 1410 1420 6140 2780 6460 4170 3890 1780 7830 6700 6630 3440 360 7030 6850 6970 1830 7100 8120 980 4780 3460 4980 5620 7510 6560 7160 5780 6870 3340 4190 4560 6300 1340 6630 1340 5260 7190 3650 4650 7080 4780 1570 1640 6970 6630 7020 5790 2400 3930 6510 3440 4860 2170 4930 1700 7500 4300 3320 260 5380 2930 7590 7250 4460 1560 4860 8380 1080 1600 6270 6790 5090 8980 5870 4510 4370 5750 3880 3650 2460 5280 2390 3800 6780 4510 5350 7000 4080 1240 4150 5430 2220 750 5190 7970 4920 4230 2910 6740 1150 2680 5330 1340 5720 5980 8010 3040 5700 6210 4660 7590 1510 5410 3730 5740 6690 5900 3060 3260 3450 3910 9330 5340 
5726 10570 8512 7028 7154 3458 11214 7756 2170 2744 8092 4438 616 8232 8050 4102 6832 518 6048 6398 9212 6524 4074 10346 7728 4620 812 2282 7266 6664 6986 7028 2884 2450 10528 3178 8190 2590 5908 4648 12474 8512 6230 8792 4998 8274 2744 5334 5446 10920 11074 8582 8736 3528 8778 5656 10626 7196 12516 5460 3304 3710 8428 9324 7588 2310 4410 4872 8890 10220 8162 9786 6286 6426 8008 7616 2758 4102 8736 7602 9268 11970 2912 10052 11536 9842 9184 9352 10780 8162 7028 6986 3094 3850 11116 4676 10724 3402 8078 7014 10892 12390 6692 1120 5712 10248 11508 5740 4410 8372 7812 10276 8624 3528 5740 9030 11312 6734 5838 6482 3094 7462 2058 8400 8148 10388 9408 2226 2730 7714 9030 2520 7294 10206 3444 8540 7252 2716 10290 10374 11522 5012 3010 9982 5810 10388 3500 5782 5852 9492 1568 7378 9548 3654 8708 9604 9422 10080 5978 6958 10598 5390 5320 8694 1470 11522 11046 4242 9646 3024 9198 5754 4774 2492 8148 4746 7742 9268 7812 3822 
5364 7260 1824 2184 9012 3408 4656 5928 4560 4200 7164 5352 5832 1704 5868 6252 8316 5916 1164 3384 2736 804 4200 2628 2544 2472 6456 6336 4356 1812 4968 384 4476 6072 3696 5280 1020 4440 4716 2436 6972 1164 1104 1272 6024 1200 6852 8160 2100 4356 7308 3096 1908 4404 6012 6108 3108 300 6900 2640 6336 3612 3720 2052 8052 6648 6528 2700 1308 7404 6972 7284 1008 7152 8400 240 4716 2832 4968 5532 7812 7200 7188 6048 7428 3552 4212 4632 6708 960 6624 504 4908 7212 4272 4164 7524 4332 1128 1740 7440 7356 7068 5640 2076 4224 7056 2736 4416 1884 4764 2580 7752 3768 2592 1680 5892 2244 7704 7332 3984 696 4644 8736 756 2616 6468 6768 5136 9384 5988 4200 4056 6048 3492 3492 1776 4944 2964 4140 7332 4008 5004 7344 3540 2904 4008 5148 1320 1800 5004 8196 5040 4164 2760 7008 1800 3084 5040 660 6084 5784 8196 2892 5508 6756 5136 7692 2088 5592 3732 5520 6612 5688 2748 2508 3084 3936 9792 4992 
3367 6851 4628 2236 7033 1820 6175 4667 2769 1781 5720 2990 3744 3328 4758 3874 6331 3926 1950 2158 4238 2418 1651 5408 2925 1781 4264 3926 3341 3419 3601 2548 3263 4849 5460 2756 3965 1989 2873 1729 7774 4199 1755 4342 3796 4121 4472 5954 2496 5889 7137 3757 3796 1820 5213 4030 6305 2678 7774 3120 3900 975 3822 4394 6279 4277 4199 273 4368 6773 5603 6500 2275 5187 6695 3211 3510 988 4576 4303 6656 7579 4836 5915 7462 4875 4550 4823 6669 3393 4914 2795 2353 4849 6019 1820 7098 1729 3263 3653 7124 7891 5187 3393 2756 5330 7241 1235 1989 3458 3913 5330 6357 1157 1157 4745 6617 1976 5564 5356 1482 2756 2821 7072 3471 5486 5811 4407 3991 7475 5330 2353 3185 6006 2093 3822 2405 2405 5252 5408 7397 1794 2470 6630 1846 6084 3081 3211 1651 4823 3003 6357 5122 3406 3796 6240 4615 5044 3185 2886 6253 3653 5980 3809 3185 7111 6162 5382 4745 4615 4407 3523 4329 3211 3328 286 3081 4524 7865 2496 
2662 6446 7007 4708 3641 3245 7711 4224 2739 2013 4323 1661 1870 5841 4499 1144 3311 2167 4785 3817 6402 5192 2035 7711 5148 4026 1507 330 4213 5742 3806 5368 3575 3894 7359 946 6534 1771 2992 4015 8261 6743 4697 6886 1914 6655 572 2299 4785 7524 6886 5698 6237 1705 5104 2431 8525 5478 8305 5060 495 2398 5379 6798 3861 528 1364 3267 6908 6116 4411 5753 5038 2959 4202 5918 3608 3289 5302 4191 5247 7722 880 6226 7282 6721 5918 5940 6743 6050 3498 5533 1221 1122 7744 2354 6545 1749 5907 5995 6699 8085 3179 1485 5027 6897 7326 3641 2079 5907 4543 7645 4708 2266 3707 7205 7425 4477 2519 2992 2134 5533 2673 4510 6138 7799 5566 682 3784 4081 5335 2739 4312 6369 3377 5544 5005 1188 7425 7040 7293 2629 1122 5918 3355 8338 3905 2772 4554 7293 2288 3707 6006 4136 5918 5643 7084 7150 2959 5588 6710 2277 2299 5874 1265 7403 7381 1540 7150 4191 6061 2640 1650 506 5434 3399 4983 6061 4235 1430 
2430 6810 10785 6585 2685 6360 9855 3990 6075 4665 3555 1995 5160 8205 4425 1200 2010 5580 7710 4995 8580 8235 3540 10815 6930 7155 4665 3045 4845 9360 3975 8205 7230 7905 9675 2715 9945 4380 3285 7125 9810 10155 7365 10245 1200 10140 2715 1665 8160 9675 7485 7410 8685 3525 5235 1515 12570 8325 9930 8715 1950 4635 6690 9495 2640 3090 795 5370 10215 6240 3780 5730 8085 1485 3105 9000 7320 6060 6015 4155 4770 8865 2805 6945 8085 8730 7245 7095 7485 8805 2550 8640 3180 1710 10080 3480 6870 3720 8535 9660 7155 9390 1860 4590 8490 8730 8280 5340 3180 8220 5055 10740 3960 4515 5505 10800 8895 6330 990 1485 4620 8190 6015 3525 9030 11010 5745 3255 7650 3240 5595 5940 5130 7155 6615 7020 7110 3480 10125 8985 8130 3690 3135 5955 4500 12315 7545 2715 7365 10605 5580 2430 7020 7905 7860 5655 10140 9600 2985 8760 7680 1695 1710 7740 4260 8520 9120 1875 10095 8250 7650 2265 465 3000 7200 5790 6465 7575 3630 2625 
4488 8195 5698 4895 6204 1804 8217 6028 748 1650 6490 3553 781 5731 6237 3553 5863 616 3861 4598 6567 4213 2937 7293 5478 2684 1474 2332 5412 4235 5324 4664 1243 1408 7612 2574 5489 1650 4477 2706 9438 5753 4059 5984 4125 5544 2805 4818 3300 7975 8547 6171 6116 2541 6765 4598 7370 4796 9449 3278 3025 2398 6149 6545 6303 2475 3839 3201 6072 7975 6501 7667 4026 5346 6666 5082 1177 2409 6556 5863 7403 9130 3025 7645 8877 7117 6765 6941 8250 5588 5665 4565 2376 3630 8085 3421 8349 2409 5555 4521 8437 9438 5522 1067 3487 7502 8789 3960 3278 5852 5874 7238 6963 2277 3938 6138 8481 4675 5071 5423 1914 5038 671 6985 5544 7304 7271 2453 1254 6644 6930 1078 5379 7755 1738 6193 5005 2068 7337 7568 8855 3652 2343 7810 4180 7194 1727 4488 3729 6567 473 6193 7139 1859 6215 7502 6545 7216 4609 4543 8030 4334 4818 6226 1298 8756 8184 4004 6754 1639 6699 4543 4103 2211 5808 3014 5566 6776 6776 2981 
3757 5694 4238 156 7787 3783 4069 4160 4862 3848 5525 4056 5824 1430 4082 5122 7007 6032 2275 1469 2145 2431 3081 3692 858 3250 6279 5707 2444 3848 3133 1911 5226 6890 3367 4368 3341 4017 3003 3185 5928 3406 1664 3380 4654 3549 6162 7098 3484 3783 5811 1703 1885 3484 4264 4615 5382 1937 5902 4225 5421 2964 2028 2561 6591 6058 5369 1872 3302 5798 5291 5642 2483 5681 6942 2496 5486 2912 3211 3718 6201 5928 6526 4472 6019 2756 2704 3081 5226 1976 5005 2535 4069 6292 3913 2808 5967 3497 1703 3913 5902 6175 5551 5447 3640 3276 5681 1183 3133 1482 2899 3614 6149 3146 1118 3952 4745 208 6435 5889 3536 1586 4914 7280 2236 3848 4784 6214 5967 8151 4264 4433 2132 4511 4017 1898 468 4251 3276 3315 5928 2535 4186 5720 1794 5161 4914 3510 2080 3523 5122 6786 3471 5200 1690 5343 3081 2990 3354 2730 4628 4303 7137 1716 5200 5447 4160 6786 3042 6578 2405 3926 5382 4992 1248 2093 1235 2561 8632 3874 
3105 5880 12000 7410 1650 7995 9930 3600 7860 6360 2460 3435 7005 8955 4020 3000 735 7410 9000 5745 9075 9495 4980 11520 7560 8685 6480 4860 5130 10770 4155 9330 8985 9735 9975 4455 11085 6105 3960 8640 9255 11250 8565 11295 2475 11310 4470 2355 9645 9810 6600 7830 9390 5100 4725 2175 13620 9420 9405 10275 3780 6165 6960 10200 870 4875 2610 6675 11220 5205 2805 4710 9375 870 1290 10110 9105 7575 5880 3975 3420 8145 4485 6435 7215 9030 7335 7050 6780 9720 1980 9855 4890 3345 10275 4725 5850 5325 9405 11025 6195 8685 1095 6420 9975 8835 7545 6375 4515 8925 5100 11430 2565 6090 6555 11895 8550 7200 1170 645 6270 9195 7800 1695 10005 11745 5040 5040 9450 1965 5070 7680 5490 6660 8295 7350 7965 5220 10650 9135 7290 4830 4860 4920 5400 13365 9270 3375 8655 11505 7380 600 6840 9630 8355 4725 10965 10065 3570 10005 7200 2595 2415 8220 6075 7890 9000 3255 10830 10065 7890 2910 2250 4815 7740 7155 6975 7755 2580 4200 
1131 5044 6617 2795 5044 3744 5993 2574 4186 2730 3484 1326 4368 4199 2756 2418 4290 4680 4043 1469 4615 4446 1157 6461 3146 4004 4472 3458 1885 5629 1651 4303 4992 6253 5655 2080 5824 2678 689 3965 6721 5980 3640 6019 1872 6006 3744 4316 4745 5798 5460 3679 4628 1625 3354 1898 8047 4381 6773 5382 2886 2054 3224 5330 4069 3757 2613 2067 5980 4836 3380 4498 4355 3029 4472 4979 5187 3120 3224 2301 4459 6227 4056 4446 5863 4875 3848 3900 5135 4719 2652 4745 2015 3627 6084 598 5239 1781 4485 5824 5343 6617 2977 3835 5018 5031 5798 1755 780 4212 2353 6396 4121 2106 1898 6539 5694 2574 3666 3224 2470 4225 4186 4849 4940 6630 3965 3939 5616 5447 3549 3848 1976 4589 4030 3445 3250 2353 5915 5213 5837 455 2106 4641 988 7826 5018 949 3744 6279 4082 4186 4017 5343 4004 4264 5876 5512 949 4888 4953 1547 4355 3926 3510 5798 5590 4082 5837 6240 4043 1287 2587 2808 3419 2535 2834 4043 5902 1443 
4210 7550 5030 4440 5850 1550 7470 5610 600 1580 6050 3380 930 5170 5780 3420 5530 770 3410 4230 5940 3730 2770 6550 4980 2330 1560 2330 5000 3690 4940 4160 930 1140 6890 2510 4860 1600 4180 2360 8630 5110 3620 5320 3920 4910 2770 4600 2850 7250 7860 5610 5510 2430 6260 4340 6560 4280 8640 2810 2950 2230 5620 5890 5920 2470 3680 2920 5410 7370 6060 7100 3560 5040 6240 4520 850 2140 6030 5440 6880 8380 2970 7030 8160 6460 6180 6350 7580 5000 5300 4050 2300 3520 7340 3210 7700 2300 4990 3950 7780 8650 5190 1190 3020 6830 8070 3630 3090 5290 5420 6500 6480 2130 3590 5450 7760 4250 4810 5110 1810 4510 550 6540 4960 6560 6720 2450 920 6250 6400 930 4960 7130 1470 5650 4530 2030 6610 6880 8140 3400 2280 7220 3860 6390 1370 4210 3310 5870 530 5820 6540 1480 5640 6930 5870 6520 4310 4010 7360 4100 4600 5650 1380 8030 7460 3860 6060 1290 6110 4270 3920 2210 5280 2720 5080 6190 6370 2860 
2324 5586 10556 6370 2002 6748 8974 3192 6622 5208 2436 2506 5852 7840 3598 2100 1162 6244 7742 4816 8036 8204 3948 10248 6566 7406 5404 3892 4382 9366 3486 8078 7672 8386 8932 3444 9716 4970 3150 7364 8582 9898 7350 9940 1610 9926 3584 1988 8302 8834 6244 6888 8246 4046 4312 1414 12110 8176 8708 8876 2856 5040 6118 9016 1414 3934 1750 5558 9884 5012 2688 4536 8092 462 1848 8820 7784 6370 5250 3458 3500 7616 3640 5922 6818 8050 6524 6314 6328 8498 1680 8554 3836 2576 9240 3738 5614 4242 8218 9618 5894 8120 854 5306 8610 7938 7056 5334 3528 7812 4438 10178 2716 4970 5502 10500 7840 6146 812 364 5124 7994 6566 2254 8750 10444 4690 4088 8106 2408 4648 6440 4704 6132 7014 6454 6888 4158 9492 8204 6874 3864 3808 4732 4452 11886 7938 2590 7420 10178 6174 1274 6174 8274 7350 4494 9688 8960 2800 8694 6622 1778 2044 7224 4984 7336 8176 2604 9590 8694 7000 2142 1400 3808 6748 5992 6062 6888 2912 3206 
459 238 675 180 513 324 253 84 302 563 478 203 358 357 637 472 278 601 81 331 351 325 237 221 186 219 128 404 499 245 408 471 230 371 385 70 281 479 115 551 639 272 175 574 259 397 264 129 99 478 412 117 525 227 520 327 155 589 435 172 459 500 465 590 396 123 149 240 498 515 169 165 349 601 437 364 576 102 488 696 284 221 497 596 481 203 251 22 198 464 521 112 395 236 597 224 177 135 686 337 505 186 223 228 226 345 394 320 284 409 53 405 259 117 461 543 538 319 531 265 105 335 446 542 385 485 276 246 403 205 173 53 232 126 347 196 293 171 346 674 500 197 219 150 370 172 541 134 189 464 423 197 386 429 437 440 539 309 508 327 280 238 603 427 52 70 512 160 179 209 586 311 311 463 398 490 116 429 543 322 467 508 359 126 248 141 189 450 636 341 556 533 461 401 174 573 241 399 251 303 283 193 719 254 193 393 171 395 388 564 286 149 471 488 409 513 343 130 212 396 218 407 580 357 247 368 268 478 299 190 357 559 140 265 265 162 367 246 352 206 291 378 539 447 465 444 442 249 104 582 141 171 332 417 336 261 317 346 337 359 587 411 411 485 441 522 268 254 375 187 375 309 260 376 615 261 193 416 231 463 174 465 343 233 121 498 174 194 68 507 313 378 303 406 440 413 364 324 277 340 433 43 302 270 484 150 329 343 214 294 421 539 456 477 254 104 302 545 574 279 329 289 386 401 242 661 200 625 217 638 271 120 132 275 579 370 166 630 141 335 577 480 354 309 340 394 622 336 277 532 495 494 362 555 351 268 322 83 373 595 
718 572 776 515 786 663 291 410 53 601 727 150 421 703 685 682 600 937 381 289 269 627 378 556 245 495 280 693 779 590 725 769 558 628 281 416 612 814 242 721 710 618 521 912 279 165 589 314 250 699 687 230 836 174 699 664 410 686 714 253 379 293 221 926 240 468 204 586 603 606 183 218 664 744 754 366 665 292 266 791 123 525 809 760 518 210 97 355 323 368 657 272 464 494 933 184 504 424 782 683 211 316 536 344 287 300 662 423 561 488 361 729 98 421 627 873 616 127 735 349 297 492 164 264 724 363 615 367 719 269 441 299 579 237 26 536 623 518 228 767 536 481 186 268 664 474 859 467 166 613 759 541 146 171 670 723 656 274 622 669 332 583 940 667 351 406 685 428 354 165 680 388 642 669 421 184 232 381 589 572 788 688 314 311 235 439 246 420 722 570 257 858 611 678 182 762 510 383 94 354 142 311 796 548 156 347 516 200 732 707 459 210 809 222 743 855 643 430 310 619 301 690 916 533 105 547 269 821 541 233 112 887 310 259 486 298 475 182 557 165 623 615 845 509 157 509 680 158 254 689 455 268 673 590 44 600 590 686 214 150 596 733 428 828 390 861 88 102 670 455 209 642 256 473 728 149 431 757 506 794 488 595 372 576 407 800 500 540 286 258 616 252 72 745 609 113 703 43 381 686 132 310 641 387 598 223 673 554 184 607 751 846 692 179 601 388 649 739 695 533 384 246 720 697 103 746 540 742 229 720 428 435 462 464 749 50 484 749 310 463 909 822 591 56 282 687 735 355 608 841 280 348 369 776 203 608 654 388 609 751 
248 681 132 658 282 701 462 642 701 243 218 700 333 629 218 149 735 594 665 471 501 377 832 492 755 392 528 331 305 623 419 359 469 274 508 578 472 523 589 46 176 616 572 594 837 644 720 498 601 163 294 643 423 758 79 504 738 126 300 525 452 616 659 590 563 597 675 566 160 171 682 716 412 29 426 397 144 538 635 154 785 423 415 16 276 755 709 572 450 472 95 688 292 795 592 762 676 464 148 639 734 778 438 420 809 465 282 329 813 268 541 450 664 485 134 522 180 630 111 858 692 271 704 725 531 503 682 841 416 784 424 584 593 582 731 643 470 577 543 146 267 748 758 524 349 714 461 513 697 139 517 623 653 672 203 313 111 481 138 683 869 553 601 219 645 624 83 734 774 728 134 362 473 149 346 749 649 421 234 295 447 89 455 503 811 463 759 387 146 263 765 493 142 300 691 71 790 396 694 397 795 462 196 773 643 436 556 606 574 48 316 685 546 691 501 602 368 692 455 215 805 314 583 239 717 227 482 597 306 536 664 516 494 836 329 751 276 571 244 608 480 242 403 260 742 258 209 772 662 108 479 511 532 178 777 672 324 528 552 628 289 442 346 602 419 576 673 663 351 753 580 718 495 278 91 778 401 549 382 499 698 156 384 634 475 377 678 565 583 674 384 537 765 536 155 717 524 765 374 590 724 626 518 865 158 575 666 252 579 414 486 407 198 732 588 490 608 86 82 830 368 506 498 349 690 155 645 85 530 155 863 493 653 322 30 731 470 82 733 927 548 590 260 759 482 344 91 401 712 415 625 534 393 146 572 521 474 663 245 2 
309 455 393 412 380 512 138 356 375 278 310 365 93 485 349 255 509 611 367 184 220 278 519 301 427 172 197 313 380 419 380 389 285 228 244 299 325 494 258 298 352 430 344 594 509 353 493 171 271 274 293 312 467 424 273 382 443 305 321 191 255 381 393 601 291 339 342 376 212 228 348 385 329 333 405 146 289 210 387 413 451 224 443 340 201 423 376 268 116 271 247 364 114 517 607 429 422 188 403 481 463 458 245 86 483 187 265 44 554 123 237 398 335 209 202 535 250 316 307 538 373 65 418 473 439 303 475 525 374 457 157 264 391 249 410 408 332 346 252 390 218 473 425 190 295 442 499 264 363 195 454 395 357 388 250 334 258 181 225 503 545 364 616 251 340 337 260 445 461 394 301 66 347 242 143 468 319 214 257 179 441 262 187 175 480 197 430 213 350 160 505 512 192 287 358 335 518 174 362 95 461 127 433 518 309 197 328 323 468 295 41 354 502 426 435 561 287 409 121 198 481 304 592 105 383 119 164 537 149 203 356 542 164 505 99 429 79 245 136 276 339 203 467 162 453 159 262 438 335 300 224 177 406 163 449 461 214 412 256 327 307 397 156 544 223 552 345 333 302 470 295 515 175 89 335 444 120 470 172 469 434 186 117 421 189 421 422 348 259 423 273 263 434 455 183 416 420 436 49 450 428 309 376 550 200 241 494 135 248 284 433 469 271 450 400 194 440 312 296 558 90 196 417 325 358 376 412 347 200 352 557 225 385 58 327 415 234 353 414 620 571 534 183 428 199 314 342 125 494 468 384 327 141 349 278 357 357 368 197 334 
721 283 983 265 760 348 546 251 474 873 746 357 666 443 947 760 259 731 231 614 623 567 110 435 247 503 421 646 739 347 614 695 456 644 655 315 485 632 376 849 949 375 348 700 215 615 262 434 356 761 667 330 723 314 817 500 157 898 684 455 744 741 684 720 648 305 325 391 808 825 338 286 568 904 636 662 885 399 721 1004 367 482 698 894 790 280 405 330 503 745 827 261 704 116 727 303 242 430 994 416 696 177 473 535 200 629 657 630 152 718 361 596 452 408 763 700 848 538 818 144 242 644 642 746 534 758 318 120 610 219 470 341 364 389 505 292 494 342 605 982 808 158 302 439 612 191 724 384 344 770 578 313 598 638 717 683 847 590 817 368 169 401 729 704 258 270 810 159 150 330 896 618 506 754 702 670 323 720 853 605 655 805 644 430 255 430 245 747 945 632 743 702 766 656 332 863 132 695 419 605 350 495 1029 177 400 682 360 630 512 868 595 311 612 696 574 627 584 202 513 685 186 655 712 662 393 672 553 592 589 465 560 720 444 237 566 204 677 496 650 438 487 662 745 756 643 754 719 329 295 890 415 461 487 719 451 314 588 501 592 581 894 605 714 596 732 651 454 447 615 144 620 314 541 686 922 339 497 555 514 627 212 772 645 327 421 714 238 364 350 727 556 639 416 552 743 595 520 446 585 456 615 293 471 104 793 412 385 641 463 527 593 743 734 664 384 409 408 835 881 110 634 563 555 637 412 971 292 932 490 948 59 401 248 582 876 533 428 936 205 62 726 597 640 432 619 633 928 635 287 733 731 759 661 833 599 444 514 232 658 895 
127 344 488 339 157 344 416 369 611 490 158 548 386 266 522 214 394 309 403 481 517 39 573 167 550 168 383 44 138 278 78 107 147 100 544 312 122 196 429 318 498 265 253 293 622 636 381 349 429 200 73 465 173 586 287 142 460 435 82 412 555 682 686 299 586 300 501 223 376 402 517 527 49 385 103 448 436 374 686 512 637 144 147 355 449 566 583 344 355 572 346 477 385 489 305 585 361 243 503 278 751 541 142 349 587 486 80 341 488 376 323 102 565 253 277 232 429 581 257 614 468 272 700 768 171 604 333 587 73 569 222 388 252 431 654 316 116 259 542 497 457 444 580 395 14 411 201 235 538 303 167 295 635 672 160 80 382 473 369 325 634 210 313 144 401 354 290 450 520 563 438 369 113 217 434 750 467 514 469 126 138 280 488 351 613 230 553 505 478 159 796 209 300 64 525 306 479 474 576 396 639 364 550 449 512 499 241 613 213 362 261 506 209 717 149 270 21 407 374 169 576 56 290 243 584 238 444 253 153 435 624 240 354 629 204 522 335 498 197 498 125 141 181 407 732 403 154 607 465 418 224 399 170 253 669 327 88 165 542 604 535 98 444 259 521 255 575 561 13 459 585 367 450 349 431 618 235 194 158 170 390 328 420 294 261 136 365 239 395 719 51 559 642 180 267 687 161 655 346 227 702 407 159 607 358 440 307 191 484 75 140 182 165 733 240 281 249 281 396 515 392 478 139 37 568 498 317 434 448 485 589 245 355 244 335 668 198 434 499 650 269 248 141 643 496 31 436 428 367 177 684 629 443 251 565 171 113 397 142 365 
585 716 460 664 654 788 244 579 353 268 575 433 216 778 344 496 765 911 572 163 148 581 670 593 539 470 367 609 661 696 681 681 580 519 118 540 625 796 399 479 381 712 616 896 608 220 750 372 419 522 583 442 760 494 472 682 638 383 609 325 47 134 197 902 142 592 451 661 331 319 441 494 631 470 705 157 360 393 158 467 479 522 738 504 213 516 404 484 309 32 399 511 229 726 908 504 667 458 460 769 267 600 542 290 598 150 555 261 779 246 464 700 346 473 409 834 314 264 528 664 531 334 258 243 740 20 746 668 675 572 440 447 671 385 355 669 632 617 171 445 223 692 502 345 595 667 795 535 442 383 756 662 238 231 516 623 378 186 353 783 658 651 916 523 537 563 456 648 622 467 374 237 648 483 171 291 449 88 266 477 740 465 138 374 566 472 542 107 403 449 285 810 383 579 449 531 734 128 385 219 497 310 459 750 378 109 602 183 768 441 342 464 805 223 737 864 588 625 291 469 605 597 893 370 417 380 227 839 450 310 270 840 360 594 402 571 275 277 415 337 638 485 756 236 295 239 529 493 477 394 499 324 705 395 424 730 514 712 186 232 243 699 164 847 82 855 349 348 601 678 174 784 236 262 431 491 406 772 472 771 668 353 186 692 451 712 665 626 434 196 576 138 435 757 401 294 721 418 267 745 290 492 674 692 337 361 777 419 310 586 735 759 534 276 684 444 729 519 412 770 212 210 720 622 389 422 673 445 284 397 719 492 623 361 501 339 518 453 567 772 870 836 471 421 155 611 436 182 757 759 146 47 161 579 187 651 658 576 480 489 
559 374 704 316 622 463 214 211 160 559 574 63 351 502 640 547 406 742 186 269 274 446 247 360 121 321 119 519 611 388 539 592 364 468 305 215 418 619 59 609 653 416 320 716 201 275 394 152 55 559 520 29 653 111 581 467 231 613 546 127 397 394 345 730 298 266 30 385 522 533 35 76 478 647 568 328 596 116 377 722 153 341 626 652 472 110 106 155 198 396 561 91 395 321 737 115 307 241 712 482 373 176 349 230 182 284 498 330 383 414 165 539 120 232 513 681 551 195 605 245 115 376 315 416 527 408 415 245 533 155 267 100 377 64 204 336 429 316 254 699 491 297 111 123 487 284 673 271 54 508 563 340 261 304 523 553 571 245 537 468 245 382 744 517 152 205 570 246 200 83 608 305 448 536 376 355 33 377 542 414 600 569 300 148 167 254 125 409 657 421 424 668 505 509 44 640 334 358 107 282 157 187 738 363 55 338 315 284 532 609 331 43 612 363 549 657 463 239 198 476 185 519 721 409 103 423 212 622 385 126 227 696 154 194 336 147 384 146 420 87 429 465 665 447 329 446 531 128 61 611 265 139 475 471 192 400 421 488 241 238 571 544 387 629 389 664 127 115 493 276 271 444 199 388 648 137 269 559 333 601 294 499 317 375 223 621 303 339 90 388 435 289 161 548 493 277 506 179 281 485 297 109 444 270 512 75 472 414 113 421 558 665 544 344 399 203 447 614 609 364 314 216 525 520 97 682 340 660 147 657 296 244 264 328 638 228 293 666 146 349 716 623 440 165 272 511 654 304 411 659 386 409 328 638 249 410 460 193 459 648 
206 300 580 312 208 278 485 367 659 585 238 582 473 187 618 306 343 232 404 557 591 107 566 163 566 228 432 121 182 233 40 126 154 196 620 322 103 110 469 408 593 211 237 211 630 702 332 400 464 289 158 496 147 611 379 77 450 530 154 467 640 759 756 222 659 293 531 185 472 498 549 550 55 476 59 531 532 418 760 603 668 186 121 443 543 587 623 367 420 656 441 494 475 461 228 609 335 285 595 204 817 544 173 419 594 563 173 426 447 468 353 20 613 288 373 163 525 640 343 612 481 362 764 838 79 688 279 582 39 579 276 419 213 473 704 284 92 243 613 590 552 419 604 447 109 389 157 250 570 399 72 264 699 738 252 144 477 545 465 257 635 176 236 236 411 357 383 436 518 592 533 451 75 310 522 813 497 599 565 217 83 372 567 402 628 270 569 593 572 252 864 148 396 152 556 391 447 559 618 475 667 427 642 410 554 581 230 682 123 455 345 533 117 786 53 177 102 396 440 265 581 138 212 336 622 332 513 158 239 491 683 177 407 640 285 530 425 556 291 547 95 237 168 500 793 496 244 634 489 513 255 455 98 349 710 276 176 87 611 667 631 28 533 164 607 167 623 608 104 439 655 306 517 439 524 645 299 98 222 87 366 424 502 252 302 138 340 218 429 792 111 632 680 85 363 746 76 696 424 151 763 427 105 598 454 487 237 284 537 106 47 166 254 797 194 321 186 368 490 480 475 547 45 103 610 591 284 526 507 579 573 275 341 326 424 720 226 526 506 630 199 153 237 683 571 108 528 509 314 156 760 711 526 328 633 133 65 398 238 454 
239 231 574 225 271 244 387 262 548 543 268 469 398 186 589 308 283 340 298 463 496 83 465 55 455 135 322 158 250 168 137 209 42 182 527 211 20 216 357 410 572 159 140 316 521 598 269 291 351 299 184 383 253 499 378 77 350 510 196 360 559 664 655 328 562 190 418 111 437 462 436 438 81 476 165 448 507 307 663 598 555 84 226 451 487 475 510 255 319 573 422 383 409 375 335 497 247 176 589 189 713 438 66 324 486 471 181 349 374 407 240 132 502 177 351 274 489 533 359 508 370 299 659 738 137 603 225 480 131 470 174 306 140 361 593 202 27 146 514 581 499 330 492 339 126 297 268 138 457 371 163 181 594 634 256 195 455 449 435 227 530 98 342 240 301 250 378 339 414 479 511 368 45 307 448 708 384 519 521 172 194 369 477 293 517 161 458 519 555 211 762 261 367 173 443 407 364 479 506 387 554 325 633 335 442 496 129 581 163 447 270 420 214 685 146 267 98 296 339 245 474 169 319 285 509 286 414 238 180 384 576 289 299 530 209 421 361 449 246 437 33 216 270 444 687 440 253 521 376 495 142 348 100 316 597 217 135 106 511 563 583 138 460 245 528 267 512 497 127 346 555 261 416 375 514 533 202 170 133 195 276 390 419 182 192 232 251 124 316 693 74 536 567 156 335 639 117 584 338 149 656 315 72 498 419 376 212 237 428 43 153 269 267 692 131 211 153 381 476 401 393 447 124 148 498 577 203 519 402 561 477 162 243 250 432 610 114 521 398 537 310 236 204 571 477 145 519 423 257 261 664 624 444 360 532 64 57 292 214 458 
642 368 811 315 700 459 324 217 209 669 659 93 461 518 750 642 386 782 181 376 377 514 155 408 18 400 222 591 686 401 597 660 418 552 405 250 468 662 161 710 762 432 348 753 91 351 378 251 148 652 598 106 713 55 681 510 188 721 622 236 501 478 419 770 390 288 79 413 629 642 82 33 538 751 625 437 704 211 457 830 119 408 686 754 582 19 140 208 305 498 666 77 504 268 777 47 299 316 820 494 431 89 411 338 75 390 578 438 335 523 232 592 188 302 615 728 660 275 700 140 93 479 377 481 565 507 412 148 591 49 349 171 398 170 242 341 479 343 352 807 601 259 43 230 558 259 728 322 81 612 605 351 333 372 613 627 677 352 644 469 136 414 783 605 163 220 670 207 126 65 717 415 497 632 485 407 100 484 651 500 654 669 407 246 62 326 20 516 765 513 480 719 609 587 74 738 285 467 154 392 109 294 847 325 145 445 348 368 562 713 433 66 651 431 593 689 531 219 306 568 82 594 761 510 128 523 321 653 473 236 295 745 255 86 430 71 492 247 516 186 477 554 728 557 380 555 619 78 90 718 329 248 511 572 197 399 501 526 338 317 680 598 497 659 496 701 189 184 563 232 361 434 307 497 754 90 358 595 412 647 277 605 427 384 299 687 294 368 169 462 502 386 160 586 594 330 545 189 389 510 351 145 483 171 619 184 477 509 216 483 605 728 633 400 421 279 466 712 715 306 424 322 570 590 146 791 344 766 256 765 206 307 263 427 739 270 355 772 87 251 761 655 529 174 378 582 761 413 399 721 468 504 437 730 341 449 508 188 548 750 
415 155 680 102 461 236 318 63 395 592 439 294 399 264 658 449 203 515 98 399 423 267 268 145 259 192 203 348 443 153 336 407 160 334 457 24 204 395 205 539 655 179 83 487 322 484 188 190 191 450 363 209 453 311 507 243 158 600 383 248 522 581 550 503 475 31 240 149 512 532 260 249 281 596 363 418 589 178 571 702 372 172 426 584 516 283 343 88 253 530 523 190 429 210 511 307 108 128 693 245 594 238 166 277 286 412 350 354 239 438 99 328 352 107 456 461 557 408 507 309 174 348 536 630 298 553 189 282 331 271 166 143 140 215 440 109 216 79 425 681 533 164 302 225 313 130 465 74 280 466 338 107 474 517 406 385 546 378 518 237 330 148 516 394 104 50 501 151 215 297 598 354 232 443 443 581 208 488 571 294 391 496 424 189 320 124 262 503 647 322 645 453 462 352 264 553 207 454 344 354 368 252 730 203 285 455 81 479 298 561 301 238 384 575 326 424 285 108 271 374 274 354 494 359 339 367 337 389 278 270 447 478 202 332 261 222 392 331 342 296 212 351 470 477 556 474 409 335 192 590 105 244 245 413 428 174 278 259 416 446 622 335 457 395 499 435 360 346 317 168 457 225 332 404 619 347 199 329 203 381 119 472 394 142 125 432 107 103 158 592 255 455 394 319 437 504 278 415 318 249 524 130 216 302 496 237 238 333 301 230 339 469 423 567 162 122 210 525 578 248 375 363 303 342 335 672 114 627 296 650 287 94 71 285 566 462 118 631 198 350 494 391 329 401 410 336 625 390 196 461 576 565 416 523 433 182 243 92 347 586 
327 217 697 248 328 169 534 331 671 687 359 577 550 69 727 423 248 237 368 612 644 203 509 170 539 286 454 241 301 157 160 243 178 305 675 304 132 132 477 526 705 126 200 208 590 737 240 427 467 407 277 491 238 595 496 76 395 642 275 495 711 812 798 226 708 259 523 134 577 602 543 532 159 594 168 599 642 434 808 720 656 235 220 563 636 565 624 362 464 724 553 473 560 385 233 590 270 314 712 91 852 503 215 472 555 621 289 501 357 557 358 130 625 308 483 200 630 668 464 560 454 448 796 880 44 754 184 527 160 545 320 419 151 484 716 218 125 205 659 706 647 349 585 473 222 325 230 252 563 506 83 202 731 773 369 266 588 597 572 146 585 135 237 352 385 327 499 379 470 581 644 520 112 426 600 844 490 671 666 313 171 488 627 428 597 298 540 671 686 351 902 203 503 270 548 512 368 631 623 538 652 469 758 324 562 647 202 723 14 570 422 522 112 826 86 141 207 344 485 374 540 257 217 431 621 430 560 105 327 519 710 220 437 604 361 494 511 585 389 564 118 345 265 592 821 588 362 618 475 626 274 486 51 454 710 186 272 47 654 701 730 140 612 111 680 156 635 621 219 374 698 201 560 525 640 630 351 55 285 131 300 529 571 176 327 248 275 180 432 837 201 683 677 54 470 771 47 697 489 44 789 414 83 539 559 502 126 381 561 179 107 262 373 828 127 343 92 488 604 395 545 592 78 223 614 706 217 643 540 692 506 290 290 402 543 736 248 643 471 558 226 107 339 683 626 227 644 575 218 250 810 774 595 450 675 112 105 360 345 573 
334 560 304 519 403 614 195 464 429 170 324 445 58 579 244 247 615 671 474 196 227 350 620 398 519 267 291 365 410 522 444 434 380 274 237 406 414 562 349 250 252 530 448 658 601 370 599 270 365 272 336 404 513 507 235 467 549 213 361 274 205 359 391 662 291 446 431 475 125 132 433 476 401 265 466 124 195 309 373 322 524 319 493 285 95 511 446 374 206 224 180 462 22 624 667 513 529 295 312 577 466 557 340 173 578 190 309 73 662 15 344 467 396 316 165 593 150 355 285 635 473 95 431 463 520 258 579 625 438 551 262 365 493 339 457 514 419 451 268 298 111 581 509 280 355 550 549 369 445 144 528 501 379 400 265 375 177 206 143 603 640 462 676 272 445 445 219 551 563 476 208 96 432 233 81 478 411 166 150 239 500 226 181 275 568 303 523 145 255 206 501 567 143 333 443 298 626 131 429 126 537 216 336 625 385 169 432 333 553 229 128 443 574 424 509 634 354 516 203 219 577 351 653 123 455 131 211 614 218 279 389 597 262 595 186 528 33 302 169 347 426 237 508 55 470 51 278 517 431 213 329 262 493 145 507 565 280 497 277 353 200 464 87 621 169 621 405 395 362 577 307 618 225 19 252 522 226 549 265 536 542 119 109 524 297 464 530 451 358 412 348 264 499 534 153 442 503 496 121 542 449 412 466 651 119 326 592 174 315 365 504 510 283 460 499 302 537 280 217 666 94 232 494 379 427 281 518 265 266 255 661 332 493 147 277 456 337 272 514 723 628 610 226 491 208 369 258 126 599 512 366 287 119 334 297 451 440 474 233 275 
565 400 693 342 629 489 197 238 134 543 577 59 337 525 625 547 434 760 214 247 250 457 272 378 143 330 119 528 619 413 552 602 381 473 279 237 435 636 66 604 640 440 343 734 219 246 422 154 71 560 527 57 666 118 577 486 261 602 554 116 373 365 316 748 270 291 53 407 511 521 46 97 492 640 581 309 584 122 348 711 148 353 638 647 456 125 88 176 191 371 553 120 381 350 755 124 335 252 701 506 345 202 362 221 203 261 504 319 412 402 182 554 93 246 508 697 538 166 604 268 144 370 287 387 546 382 441 270 546 176 275 119 400 65 179 362 446 339 228 687 475 326 120 117 497 312 687 289 56 502 581 365 231 274 526 561 561 223 527 494 265 404 762 520 180 231 565 275 228 88 597 292 465 536 358 327 62 355 526 418 614 566 278 150 181 266 146 387 644 424 396 683 499 517 55 637 363 338 84 267 155 179 725 392 26 316 337 255 553 602 327 67 631 334 566 677 474 267 187 477 208 527 739 405 88 419 193 642 388 110 198 712 154 209 338 174 374 120 419 60 446 468 677 433 301 432 534 130 90 600 279 129 494 467 175 426 429 508 214 209 553 559 369 649 367 683 100 87 504 305 242 471 179 377 638 137 273 578 341 617 323 491 300 400 235 632 331 361 107 359 446 262 146 567 488 249 525 161 270 507 269 136 463 295 502 65 497 414 88 434 575 677 547 316 422 215 470 612 600 393 299 193 543 530 76 670 365 650 128 644 322 259 291 326 633 202 308 656 174 374 732 643 443 148 249 521 644 286 438 671 357 382 309 639 221 430 477 221 462 641 
466 84 755 26 503 174 399 78 450 674 492 339 482 230 739 514 123 506 109 480 502 311 242 179 277 263 279 390 482 114 360 439 200 393 536 103 229 395 270 608 733 145 92 476 322 552 109 271 253 512 411 260 472 341 575 251 127 677 427 324 604 655 620 495 550 59 284 142 590 612 305 280 311 667 384 501 667 253 644 778 405 232 447 652 599 308 391 160 335 611 598 221 512 144 502 335 25 209 768 206 659 235 220 360 287 493 403 437 160 520 179 345 409 188 529 463 637 474 570 292 198 427 601 698 295 634 126 259 356 279 246 209 118 282 494 51 239 86 500 758 615 98 330 301 356 65 478 142 323 541 338 66 541 584 467 427 623 458 596 181 317 149 506 453 137 86 571 112 201 333 676 437 252 509 527 643 257 570 653 359 406 565 505 269 332 203 279 586 724 391 710 460 537 400 307 617 136 537 395 437 398 333 807 122 343 537 104 551 282 634 381 279 378 643 330 408 328 75 352 441 272 399 486 436 385 443 417 371 348 344 511 482 283 337 338 229 474 402 415 360 233 415 493 560 618 556 468 365 234 666 180 322 243 487 471 112 337 258 491 514 704 353 540 377 582 425 417 404 359 114 531 155 410 486 694 377 279 321 273 385 44 550 477 95 208 459 25 108 224 663 300 532 435 314 510 565 277 460 401 227 585 180 222 274 574 306 188 405 370 271 347 491 482 631 141 206 180 589 653 175 459 440 309 381 386 749 54 702 371 728 247 173 26 365 634 518 184 705 206 305 492 375 395 445 490 377 700 473 122 482 650 645 499 581 507 191 261 101 411 656 
672 257 924 228 715 333 484 196 419 811 697 301 604 421 886 706 244 708 173 552 562 521 62 390 192 448 359 601 695 316 574 653 410 593 594 260 443 603 314 793 889 345 305 677 175 558 244 372 294 708 619 268 686 262 761 464 100 839 637 393 682 682 627 696 588 257 265 355 748 765 279 229 525 846 598 599 826 337 663 945 319 431 661 838 728 226 350 270 441 683 769 200 643 94 703 252 205 373 935 394 642 121 423 473 153 567 608 569 152 657 301 559 395 352 706 671 788 480 765 111 180 584 587 691 504 697 296 78 570 167 413 279 329 327 453 257 453 299 544 923 746 123 250 377 567 150 690 332 287 712 548 276 541 582 665 638 788 528 758 351 140 363 707 652 197 214 754 107 89 275 836 556 466 700 640 618 261 658 792 551 620 750 582 368 210 374 190 685 886 577 690 671 708 608 274 809 114 633 364 543 304 433 969 164 341 620 316 571 485 810 536 252 584 641 542 605 538 150 451 631 137 609 688 604 338 614 491 569 534 403 504 691 382 197 509 145 616 436 594 377 447 609 707 695 591 692 667 280 233 831 361 399 454 662 403 289 537 469 531 523 832 567 652 574 670 627 398 390 570 100 560 300 479 625 863 291 439 527 460 596 174 713 582 296 363 674 200 323 288 670 509 579 367 522 686 541 488 396 523 428 561 231 435 76 733 350 366 585 402 481 559 706 682 610 351 350 380 781 822 112 572 502 521 593 356 911 258 873 428 888 34 345 202 523 820 481 376 878 144 92 699 574 586 382 558 588 870 572 269 696 673 699 599 782 539 406 475 175 604 839 
324 243 698 275 319 190 554 358 696 696 356 604 566 88 733 424 272 210 395 631 664 211 536 192 566 304 478 239 292 184 154 233 198 310 695 330 149 108 502 527 709 153 227 180 618 760 265 450 493 407 277 517 220 622 497 91 422 646 272 518 728 832 820 198 729 286 549 161 584 610 569 559 163 594 157 617 647 459 829 721 683 253 204 562 647 592 650 388 485 742 557 500 574 411 206 617 297 336 714 113 875 530 233 492 582 640 291 517 382 569 383 123 650 331 488 175 637 692 462 587 482 461 819 902 39 772 208 554 155 572 340 444 178 509 741 246 141 232 680 708 657 376 612 496 225 352 209 277 590 512 65 230 754 796 370 261 593 617 578 167 613 161 210 354 412 354 501 406 497 607 649 537 126 428 615 867 517 687 675 322 155 490 646 451 624 320 568 686 689 360 924 180 509 271 574 509 394 647 649 556 679 491 760 349 587 665 229 745 14 572 436 548 86 848 74 114 212 371 506 379 567 256 190 441 647 439 581 78 339 543 734 195 459 631 375 521 524 608 398 589 136 350 247 604 845 600 362 645 502 629 297 508 72 461 736 212 281 62 676 724 739 132 627 85 696 129 660 646 221 401 720 223 582 538 642 657 370 32 301 110 327 536 588 204 350 234 302 207 457 858 210 703 703 37 476 795 53 724 507 70 813 440 105 566 566 527 148 390 584 191 93 244 373 852 154 366 118 486 607 420 562 613 73 221 640 709 244 644 563 696 533 313 318 417 542 761 271 644 498 584 200 80 347 709 645 227 646 592 242 232 831 793 612 445 697 135 116 388 351 573 
132 477 315 453 201 503 325 439 557 304 125 530 241 441 336 75 532 477 464 366 402 187 634 289 570 187 353 172 208 421 260 235 266 87 421 375 276 377 413 159 314 417 367 467 650 539 516 319 421 89 139 462 314 583 126 317 535 252 161 363 406 554 574 469 472 391 497 365 189 215 507 535 232 220 277 311 251 357 563 339 620 217 295 204 272 575 551 375 288 425 163 499 223 589 474 586 470 264 330 447 646 584 233 266 620 366 114 208 607 208 345 287 515 284 92 399 242 503 134 664 500 127 603 652 357 458 480 644 255 596 225 396 391 408 594 437 277 371 437 321 277 542 581 355 174 508 351 308 525 116 354 419 543 573 65 176 197 366 182 487 677 351 483 70 447 421 122 531 576 555 254 243 283 65 281 653 467 366 284 90 308 115 363 324 629 261 573 347 296 58 686 372 113 139 517 174 584 328 538 278 627 300 373 568 480 362 351 508 397 189 151 506 394 607 336 454 184 489 300 18 614 157 461 85 556 73 351 439 101 379 543 401 318 651 136 558 178 429 53 452 286 46 306 232 640 228 78 600 476 236 275 348 346 67 628 469 124 344 442 514 350 282 288 446 370 436 525 512 179 549 479 518 361 190 255 608 208 381 177 351 493 141 286 431 277 264 473 361 397 601 191 443 610 367 80 603 344 615 236 402 615 433 326 667 171 407 471 58 427 219 326 309 85 635 388 294 412 147 216 624 261 382 326 189 533 318 440 260 381 303 662 290 447 147 185 601 264 262 539 726 433 434 55 606 381 180 260 300 509 311 559 486 306 167 464 324 287 461 45 207 
355 366 503 317 422 434 120 250 310 386 366 273 184 426 459 332 417 601 258 199 230 273 408 244 321 141 96 332 416 342 376 409 235 265 262 197 286 478 156 395 463 358 263 580 403 333 402 63 167 346 324 208 480 326 366 344 333 415 351 109 311 398 388 591 294 244 241 308 323 339 250 282 317 437 404 204 400 103 395 523 362 184 454 439 305 321 294 158 51 321 353 255 218 410 597 330 324 104 513 417 448 348 201 63 375 209 298 143 451 231 129 386 265 119 300 530 361 274 390 428 262 165 395 470 405 348 393 415 369 350 94 153 317 150 351 319 295 263 246 500 322 368 325 98 305 338 507 181 267 298 429 310 330 369 312 361 367 183 335 429 436 298 605 307 229 231 355 336 351 298 411 137 313 321 227 445 214 275 365 209 439 354 218 68 377 118 324 287 461 210 495 511 295 314 260 425 412 239 283 139 369 58 544 417 223 244 248 313 426 399 118 251 480 418 412 535 287 302 71 263 373 327 581 195 299 208 147 506 178 130 317 541 60 401 124 320 189 191 205 199 299 255 486 269 426 266 320 343 228 409 146 95 362 257 375 378 227 371 243 299 411 388 240 513 286 533 275 261 311 362 287 432 148 198 444 350 71 438 149 456 333 293 178 339 97 440 324 272 149 425 264 269 354 424 279 380 384 362 102 396 396 198 330 440 310 150 423 199 180 262 415 487 333 428 330 94 376 399 404 452 159 179 391 338 277 486 323 455 141 462 446 138 284 113 424 363 167 461 304 509 567 504 230 352 213 328 451 176 407 483 397 365 201 424 264 303 325 259 249 435 
422 605 350 558 491 667 173 489 382 176 413 421 63 642 260 335 657 754 493 138 161 427 623 458 509 329 293 449 498 574 525 520 442 358 162 439 482 642 344 329 283 586 497 739 588 300 642 282 363 360 422 397 599 484 317 538 566 261 447 263 117 274 312 745 216 485 417 532 187 184 416 463 478 333 548 62 239 315 289 363 491 381 578 359 91 495 411 395 213 136 252 461 66 648 750 492 566 338 354 638 387 556 402 183 569 127 394 113 692 85 368 546 356 356 251 676 190 300 370 631 475 174 358 380 593 169 628 626 519 542 311 373 547 332 404 558 488 498 203 339 109 607 489 276 437 578 634 415 424 226 605 547 311 326 354 462 239 156 209 659 632 520 759 360 461 471 301 571 569 454 254 103 502 321 14 402 404 78 162 319 582 309 114 286 551 349 512 59 295 289 419 651 226 418 425 379 652 49 393 109 506 219 368 658 360 89 481 261 624 299 192 431 652 344 586 712 433 540 202 307 571 436 735 208 422 218 177 690 294 260 327 681 271 579 253 526 113 264 254 318 495 323 594 87 396 88 366 491 428 267 376 255 562 233 461 614 358 567 215 289 183 544 1 697 80 700 364 357 444 599 237 668 191 100 306 493 275 623 329 616 574 198 70 574 335 551 565 503 364 328 424 192 459 609 241 375 575 451 139 607 380 421 533 651 188 313 650 258 286 438 582 597 371 385 556 335 597 364 278 690 82 187 569 463 393 318 562 320 241 292 667 374 526 211 354 398 390 328 516 727 712 686 310 448 145 452 312 83 645 598 281 199 60 420 232 514 512 495 319 346 
146 514 278 489 212 540 337 473 573 276 132 553 239 477 303 57 569 501 497 371 405 223 666 326 597 222 377 201 223 458 290 257 303 120 422 409 313 406 437 124 279 454 404 493 679 545 554 344 446 80 165 488 334 607 91 353 569 216 184 382 398 551 577 494 474 427 522 402 159 185 531 561 266 183 305 310 217 382 563 301 641 254 317 169 253 601 570 406 307 417 127 528 215 625 498 611 507 296 292 483 650 614 270 282 649 369 143 212 644 197 376 319 532 317 58 424 211 514 110 694 529 134 609 652 390 451 517 675 286 625 257 424 428 431 609 474 313 408 442 284 256 578 606 376 206 544 372 343 548 84 386 456 551 578 76 199 162 373 150 524 707 389 507 88 479 455 86 565 608 579 218 248 319 44 274 658 493 359 257 127 335 80 364 348 656 294 601 337 260 94 688 396 82 166 541 145 620 323 557 284 650 319 336 604 500 359 387 512 431 152 168 531 424 610 368 484 218 523 317 51 643 184 485 92 576 78 362 471 136 398 553 424 341 679 164 588 174 444 77 471 322 81 324 215 646 212 89 624 504 200 310 367 381 48 646 507 161 380 448 522 323 313 280 477 362 464 542 530 211 584 484 555 373 184 218 631 237 413 212 380 528 113 287 468 308 284 509 398 424 601 227 446 629 400 50 612 379 633 246 438 622 463 362 699 142 429 508 85 445 255 357 327 91 640 425 324 449 118 180 660 263 392 359 218 552 282 477 223 397 267 695 324 483 167 151 614 300 225 569 759 456 465 92 625 384 210 223 302 546 331 557 480 305 151 470 361 323 494 81 171 
312 214 584 178 362 270 288 166 428 512 335 348 334 257 572 345 269 459 197 369 399 171 370 80 341 92 205 250 345 177 254 316 79 230 431 105 133 335 236 438 564 190 102 434 412 488 253 177 230 346 262 262 370 380 405 187 262 507 283 246 479 565 548 448 460 113 297 138 422 444 315 319 195 496 283 369 498 187 560 607 434 69 343 482 442 358 389 136 218 490 426 267 357 311 455 378 194 65 597 247 602 332 68 232 377 379 247 286 331 362 119 253 382 58 358 396 470 419 403 408 258 262 546 630 248 518 232 383 249 359 86 185 150 241 473 169 145 104 411 586 457 264 373 224 216 230 388 30 336 370 281 154 481 523 302 287 452 352 426 262 426 128 462 290 191 150 400 256 315 359 506 295 163 340 383 595 264 441 490 190 314 394 388 178 403 51 344 449 554 220 652 382 366 251 322 449 306 403 385 305 434 222 636 292 322 413 85 474 263 462 219 300 331 576 265 381 189 212 239 271 367 255 438 266 388 272 313 348 177 270 461 410 187 419 169 312 314 335 243 318 145 247 384 401 572 397 305 402 257 495 24 236 200 316 476 218 174 212 406 451 546 258 396 355 451 384 392 377 221 271 449 272 313 327 522 413 122 282 101 316 214 380 342 178 78 343 196 106 195 588 159 436 446 269 339 523 227 463 260 228 541 198 168 403 405 257 254 234 312 138 274 384 319 579 161 93 206 421 482 346 319 344 242 247 377 578 173 530 291 558 391 42 169 200 463 492 13 534 289 454 431 348 226 450 382 240 528 342 253 377 563 535 366 419 426 137 176 192 243 485 
430 732 202 692 489 781 344 638 553 12 410 594 209 737 89 321 787 788 647 309 327 494 788 563 679 433 457 487 504 690 574 543 543 400 318 581 570 692 512 261 123 696 620 780 760 455 771 440 529 347 452 566 620 658 268 620 721 133 471 432 233 392 450 781 369 620 589 641 128 103 588 634 543 230 592 236 111 477 416 209 664 483 604 271 86 667 585 547 373 251 184 627 170 798 785 665 703 469 201 738 523 723 503 340 739 297 428 245 836 158 517 601 529 490 232 711 80 468 328 799 640 257 505 502 666 276 748 792 570 712 434 534 661 500 571 687 574 622 368 186 67 755 662 442 487 724 658 542 597 203 667 672 469 475 362 486 150 328 142 769 802 628 794 375 617 619 254 725 732 627 124 257 584 310 183 544 573 218 30 383 622 266 282 444 723 476 683 177 145 345 543 683 205 453 597 313 800 213 566 276 679 381 203 800 533 249 603 414 704 211 298 602 708 479 648 768 494 690 366 333 741 471 773 265 595 266 350 753 370 432 491 711 431 751 351 693 204 438 307 492 582 359 607 119 544 122 374 665 595 148 502 422 647 246 632 735 424 649 381 451 37 596 173 759 210 750 536 530 493 751 395 788 365 192 180 667 399 692 429 666 716 173 241 694 471 570 704 621 526 454 495 349 631 678 236 532 652 622 289 700 532 582 622 818 144 483 757 315 459 517 639 611 372 528 665 476 700 311 172 840 244 360 637 504 566 163 690 193 414 139 831 506 667 317 275 563 507 201 682 892 743 748 358 620 314 495 184 256 770 615 404 305 234 378 395 611 591 648 357 254 
360 491 401 444 431 554 103 379 342 261 359 349 55 533 339 298 544 666 385 132 168 333 526 348 422 221 195 368 433 461 434 444 333 282 190 326 376 548 252 328 349 473 383 648 504 305 528 177 269 319 347 307 521 410 306 433 459 310 375 176 202 327 341 656 238 371 333 420 219 229 336 378 383 354 460 92 292 214 333 419 430 274 498 367 178 414 352 286 110 217 266 366 93 538 662 416 453 224 409 527 412 461 294 77 481 133 319 30 580 111 257 452 305 242 234 590 247 275 346 539 377 106 369 420 491 249 514 530 428 454 198 271 434 242 374 444 383 385 202 395 196 497 412 182 350 467 554 301 348 220 507 433 310 339 299 388 270 132 236 546 544 408 670 301 354 360 292 464 469 380 305 12 399 284 99 419 314 162 242 234 495 295 133 181 471 235 426 165 353 213 453 566 218 341 346 369 541 122 336 43 441 119 434 546 289 142 368 273 519 316 96 346 556 374 488 615 341 430 106 247 481 358 646 149 360 162 124 590 204 182 313 597 167 498 153 432 83 212 186 252 389 254 521 146 406 144 311 421 334 308 263 164 456 199 418 500 269 463 208 281 283 451 113 597 171 606 314 304 357 490 245 554 137 85 346 426 162 522 223 523 462 204 63 460 221 475 452 390 263 369 327 210 407 508 216 371 472 406 26 499 382 319 426 555 211 228 538 186 221 337 487 523 319 401 444 221 486 348 309 581 37 152 470 379 333 378 448 359 172 353 567 260 413 113 356 376 277 366 419 629 626 587 236 400 147 369 353 71 531 522 330 272 87 391 230 405 409 386 249 359 
66 413 405 401 126 422 390 413 606 414 89 558 335 348 443 132 465 367 444 446 482 99 617 227 576 176 384 61 120 350 150 129 204 33 506 352 195 266 437 235 417 340 313 356 652 612 451 349 441 119 31 480 208 603 204 223 508 353 59 405 504 643 655 359 553 351 516 294 299 325 530 548 132 302 166 402 356 380 649 429 648 177 187 273 382 588 587 370 339 522 265 503 326 548 364 604 422 260 421 358 723 577 184 325 619 449 3 294 554 314 345 179 561 275 198 289 351 565 177 654 498 218 676 735 254 556 408 629 146 598 229 406 322 436 647 380 191 318 513 415 388 501 599 392 68 467 244 276 550 224 246 360 613 647 77 72 301 441 290 404 671 280 373 61 436 397 208 500 561 578 357 327 192 134 380 726 484 463 395 87 197 197 449 352 638 251 580 449 396 103 767 263 221 28 539 226 539 424 577 358 652 349 467 514 515 454 299 584 295 279 221 523 284 687 228 344 87 457 355 92 610 46 350 182 590 174 419 331 119 426 606 292 351 657 176 555 277 484 136 495 201 68 205 341 710 337 72 622 486 336 254 391 251 178 670 399 75 247 515 582 461 173 389 337 469 325 571 557 72 513 556 443 426 290 349 632 229 274 164 240 448 251 375 364 277 160 425 302 411 685 108 525 647 261 189 669 244 657 310 309 683 433 238 650 281 441 387 132 475 139 217 208 85 709 313 297 328 200 313 577 348 452 221 78 571 415 382 351 434 403 637 273 408 207 254 657 233 352 533 700 323 325 80 646 461 70 353 386 440 208 646 582 397 178 537 245 194 439 72 282 
389 175 753 217 392 110 554 312 670 733 421 569 585 11 778 481 196 277 348 634 664 256 474 191 518 319 462 301 366 128 224 307 206 359 697 297 171 188 477 585 758 97 192 246 563 748 191 439 465 467 337 484 301 579 553 126 363 695 337 506 740 830 811 266 725 246 513 131 626 652 534 517 217 651 232 629 694 440 825 777 642 267 283 622 678 547 618 360 484 752 606 457 599 340 273 574 237 331 769 37 861 475 246 496 528 644 347 535 306 598 361 194 625 321 536 253 679 675 524 526 437 490 804 892 108 781 135 492 224 521 345 417 135 486 715 189 168 196 675 762 690 309 569 483 281 290 290 260 554 558 145 178 740 783 426 328 641 617 623 88 553 138 276 410 370 312 556 346 440 568 697 551 160 483 635 851 483 701 712 361 235 545 652 439 574 316 520 704 740 399 911 260 555 330 538 572 322 662 619 566 636 487 814 276 560 675 200 737 69 627 458 511 163 838 150 174 262 316 504 427 512 318 259 476 614 476 579 138 371 529 716 273 449 578 398 470 551 594 436 567 159 398 327 635 827 631 420 603 465 679 289 498 97 504 702 142 321 101 670 710 775 204 647 142 711 198 634 620 278 336 713 144 578 565 696 615 378 113 320 191 266 579 601 145 342 312 242 175 430 851 252 702 668 116 522 776 108 690 518 42 795 404 119 502 608 506 69 428 567 226 171 325 432 836 113 355 65 547 658 346 576 609 142 284 610 761 186 699 552 746 466 302 266 438 602 737 267 700 448 513 274 144 390 675 647 288 700 603 167 313 828 799 625 512 689 134 156 340 397 631 
418 70 756 109 439 66 484 208 574 708 449 468 538 97 762 492 107 381 242 566 593 266 366 153 412 281 379 333 414 28 276 361 175 366 627 204 170 279 385 594 748 25 107 350 454 663 96 361 371 483 363 385 376 474 561 159 255 688 371 424 681 755 729 370 649 148 413 75 610 634 433 413 245 659 294 572 683 355 747 779 538 232 353 635 643 442 519 268 415 691 602 353 559 238 377 468 129 266 770 72 774 367 213 433 419 577 364 489 213 562 275 253 531 251 530 347 660 588 543 418 332 458 716 809 182 718 43 384 274 413 290 323 54 395 619 82 174 108 599 762 657 203 464 401 304 181 373 188 453 548 226 74 654 697 440 366 632 547 610 59 444 89 380 424 267 210 561 237 332 465 688 499 178 491 587 761 383 644 686 351 307 552 587 360 466 253 413 653 734 388 825 349 545 353 437 591 221 607 521 507 531 417 813 178 465 614 121 657 159 629 419 409 259 754 224 279 278 208 435 427 404 346 362 453 513 457 507 243 352 447 627 367 372 470 364 363 514 510 420 476 165 399 400 601 736 597 436 498 363 674 225 418 139 493 601 40 317 153 592 625 745 262 600 248 654 300 539 526 304 229 634 77 503 528 695 511 326 202 285 275 158 564 545 39 273 374 134 98 338 770 257 628 566 199 514 685 170 589 464 103 704 305 134 395 592 417 57 411 480 227 243 398 450 747 52 280 55 565 656 249 523 535 206 319 512 757 79 701 472 739 360 231 159 399 616 642 211 703 341 411 373 248 385 575 578 318 701 545 78 387 752 733 569 541 610 120 181 234 397 642 
449 390 570 334 516 469 94 245 217 430 459 185 221 480 510 423 435 681 239 170 190 359 359 308 251 227 33 423 509 381 460 499 304 358 224 211 358 557 81 478 521 403 302 658 332 259 420 51 99 438 417 136 568 243 451 414 308 480 444 17 298 346 321 670 240 266 163 358 388 400 167 207 400 514 489 209 462 59 338 589 272 262 542 521 344 243 202 152 65 303 428 197 263 394 677 248 335 166 579 466 373 292 277 97 310 184 392 196 445 282 135 468 171 170 382 612 419 191 479 369 211 244 317 403 476 323 424 362 454 283 174 114 361 70 259 344 369 301 190 565 363 358 244 12 394 333 593 228 182 376 505 340 253 294 405 453 437 147 403 468 372 351 684 400 204 230 439 316 305 213 475 174 387 411 251 366 143 270 412 303 524 440 198 50 300 181 254 295 523 303 423 595 373 407 177 512 401 243 190 155 281 53 605 416 131 233 291 248 492 476 202 175 556 348 488 608 375 291 65 355 310 419 660 280 207 293 106 577 271 41 234 625 42 327 217 263 250 107 296 105 371 348 576 316 345 314 414 257 164 477 204 10 429 341 282 408 319 440 182 222 446 470 263 584 282 609 182 168 401 345 224 460 99 255 514 263 161 509 237 536 335 366 193 374 151 530 333 316 102 362 350 220 261 496 362 296 455 268 147 455 314 161 396 387 378 60 466 291 88 344 494 577 426 350 378 135 427 487 475 438 186 128 466 428 184 549 348 526 63 524 403 188 291 202 507 273 231 532 252 463 649 576 324 258 179 418 521 182 431 572 342 333 209 516 200 366 399 243 342 515 
114 569 266 553 149 579 445 554 681 334 83 657 343 501 335 52 622 461 581 478 512 256 753 381 695 303 480 199 171 507 285 223 358 160 527 491 352 388 539 97 299 497 466 460 775 653 608 446 547 42 163 589 289 710 78 377 650 239 166 489 495 653 682 457 580 499 623 450 223 245 634 661 285 162 291 414 250 483 666 289 746 321 281 124 335 701 677 497 414 515 162 624 314 697 459 712 573 384 282 513 756 706 333 390 744 475 158 320 708 294 468 317 639 404 129 388 265 623 24 785 623 243 716 756 400 548 565 764 283 721 347 521 478 535 717 534 348 471 550 280 333 650 708 481 221 616 328 418 652 156 383 514 659 685 86 178 198 481 204 560 800 437 468 100 567 536 92 644 696 682 245 356 348 64 374 765 594 458 319 199 312 80 470 450 755 380 698 432 272 179 793 359 156 171 643 71 690 424 664 392 754 426 330 668 606 461 451 619 443 151 275 632 411 715 368 467 244 601 424 123 737 183 449 201 682 187 470 462 221 505 661 383 445 776 262 681 278 552 179 578 358 141 272 304 754 300 86 727 602 220 389 474 405 150 753 556 216 400 556 630 383 308 378 467 460 441 650 637 223 660 592 600 482 287 218 735 333 415 291 364 598 188 393 520 399 243 576 456 523 704 264 552 736 403 139 720 394 740 355 463 730 556 394 787 210 534 543 184 552 295 352 276 72 747 470 416 484 48 193 729 370 500 366 217 659 286 536 217 505 281 779 407 556 273 105 722 374 215 661 842 415 455 165 732 491 213 221 408 596 282 659 578 409 42 578 402 348 578 146 137 
477 346 629 289 540 431 158 192 211 494 491 144 285 454 573 464 387 676 180 230 245 369 294 295 191 241 39 440 530 347 465 514 296 386 279 170 350 552 24 528 582 372 271 651 273 289 373 69 35 476 439 76 578 194 499 404 245 539 465 68 359 391 356 665 287 226 108 333 447 460 118 149 404 568 494 274 523 33 379 648 234 265 551 571 408 188 176 107 123 363 483 133 326 333 672 197 286 164 638 437 399 228 276 157 248 244 416 257 388 344 102 468 165 160 432 612 480 213 522 305 146 296 341 435 464 381 383 297 459 222 186 56 330 24 256 303 362 269 238 625 427 300 192 52 409 278 599 208 137 429 498 302 279 322 440 473 494 206 461 432 310 328 679 434 144 179 488 255 240 166 535 237 380 453 316 387 82 333 475 331 527 487 259 65 244 178 194 359 584 338 450 597 426 428 128 558 341 308 169 219 240 114 666 361 105 296 263 286 475 530 250 118 548 380 482 596 386 234 128 392 247 439 655 328 177 341 167 563 302 83 253 626 72 269 253 198 310 137 337 103 362 382 588 379 363 377 448 211 101 535 194 73 414 389 262 368 340 427 228 251 511 472 328 570 345 601 175 160 415 285 266 417 157 316 571 220 186 497 252 533 282 422 258 337 147 544 283 288 42 399 358 271 235 485 412 312 443 249 208 432 331 99 382 323 436 43 432 331 106 347 490 589 461 373 350 127 399 532 532 377 250 183 459 442 162 609 307 583 110 584 338 174 241 246 556 275 223 589 187 398 647 563 357 236 237 433 578 247 386 583 385 387 273 555 242 350 393 185 376 567 
203 526 266 496 269 561 292 468 531 229 190 520 183 507 267 112 582 553 488 318 352 257 652 344 574 225 347 249 279 475 335 310 321 161 368 405 340 453 408 142 251 475 414 543 656 494 566 316 420 136 215 461 389 577 116 385 562 190 237 347 341 494 522 546 420 429 493 422 116 142 501 535 305 186 353 254 185 356 507 289 607 266 370 186 197 574 533 392 271 360 109 507 157 624 550 581 512 288 279 511 596 597 285 242 627 316 190 162 649 139 361 362 491 310 47 475 169 467 155 677 511 91 557 597 429 394 535 661 331 603 249 403 445 401 564 484 342 418 391 269 201 578 577 344 248 544 426 346 517 52 428 467 500 526 133 252 136 322 113 547 687 408 559 142 466 449 103 560 594 548 191 198 350 98 217 606 467 302 208 149 385 105 310 321 630 289 577 279 238 110 633 448 48 215 511 179 621 266 519 234 616 283 319 610 465 303 397 460 467 149 135 504 469 555 410 530 256 519 278 95 623 233 537 58 540 47 315 514 145 360 505 477 312 654 152 569 119 401 76 433 351 120 380 158 595 154 146 592 480 178 309 332 413 9 605 523 188 414 398 472 274 357 222 520 305 512 501 489 254 581 432 574 327 128 205 599 222 454 217 427 531 68 233 483 298 339 513 411 401 545 259 393 591 440 26 562 415 592 202 468 572 445 391 685 98 396 533 85 405 284 400 383 148 588 445 311 474 156 164 662 211 343 399 265 514 261 487 213 356 242 685 320 484 141 171 567 305 217 552 749 509 509 121 585 332 256 211 248 561 386 501 423 250 201 419 385 356 486 118 182 
172 376 551 388 151 348 527 441 716 581 201 646 495 251 604 283 418 200 478 593 628 143 641 235 637 275 488 106 124 309 44 64 222 197 655 393 176 103 530 379 575 285 312 188 702 747 407 454 527 261 140 560 72 679 353 153 525 512 123 520 665 794 797 192 698 368 596 262 465 491 614 618 104 446 17 558 517 476 797 574 733 242 46 409 550 656 684 434 465 682 424 564 491 537 196 677 411 344 567 272 862 618 233 460 667 598 164 451 523 480 417 58 670 350 362 122 517 690 309 687 552 379 810 879 138 715 353 657 50 651 328 483 289 532 760 361 165 318 654 563 556 495 672 502 117 465 91 319 635 390 106 340 746 783 233 109 462 584 455 326 709 253 205 218 482 430 361 512 593 658 516 480 150 290 542 861 562 624 562 235 29 349 600 457 698 329 639 613 551 264 908 98 387 140 621 353 523 584 678 507 733 474 614 486 614 610 305 724 179 430 372 599 126 829 96 182 129 471 484 260 655 121 182 347 684 340 555 177 263 543 733 128 460 712 316 602 441 607 301 604 170 236 91 508 842 504 222 701 556 494 317 507 171 346 771 351 199 158 654 714 629 48 552 182 630 159 680 666 110 515 697 378 561 455 499 712 345 141 267 79 442 418 530 328 361 65 416 293 492 831 152 671 742 133 355 796 143 757 457 219 812 496 182 673 448 544 306 296 591 161 77 90 229 844 270 381 258 333 469 556 503 589 107 91 670 567 361 500 557 559 649 339 416 355 390 775 289 498 579 706 158 170 244 745 608 101 503 539 388 81 796 740 554 284 676 210 140 471 239 422 
300 400 674 430 261 343 647 505 819 715 327 737 626 241 735 412 427 70 543 717 752 264 691 315 711 391 593 240 237 339 161 185 311 330 780 469 257 56 628 505 703 309 372 54 768 864 421 561 621 389 273 650 122 762 480 209 576 641 254 629 795 919 918 60 821 431 685 309 598 624 704 700 215 570 137 687 648 578 921 696 821 349 127 530 684 735 781 521 582 812 555 642 623 568 65 759 452 447 690 268 980 681 335 581 732 723 298 581 538 613 510 145 773 448 495 26 650 803 432 741 626 511 926 1000 154 844 365 708 167 720 439 574 330 632 864 400 246 377 775 688 690 532 754 609 248 507 88 404 725 523 113 383 861 900 365 240 593 707 587 321 766 305 74 351 555 499 489 560 650 745 646 608 227 421 674 976 651 754 696 366 104 477 726 563 771 432 713 745 678 397 1027 51 520 274 710 473 551 714 777 634 818 590 738 506 713 739 370 844 171 557 500 686 71 949 126 79 254 524 602 394 718 255 50 480 779 474 675 101 393 653 845 45 569 780 443 670 574 718 434 708 246 370 147 642 956 638 353 785 640 623 414 617 208 480 867 369 328 193 773 830 762 145 684 101 761 45 783 768 241 556 817 377 679 588 626 797 461 128 384 75 483 552 659 359 463 165 457 352 586 953 270 794 836 134 489 908 174 854 583 227 925 578 235 721 581 647 301 429 699 269 118 142 358 960 307 482 275 456 597 576 632 709 149 224 768 694 399 625 670 686 689 433 469 483 512 882 385 623 646 741 43 94 377 841 732 234 629 667 398 132 920 868 683 399 795 269 215 536 373 544 
511 689 379 640 579 755 231 564 394 188 500 456 157 734 267 418 740 848 563 165 168 522 679 550 555 422 357 542 588 662 619 612 534 452 150 518 575 736 400 396 302 675 584 834 630 280 725 354 420 444 514 449 691 519 391 632 633 300 539 320 55 214 270 839 194 566 464 622 247 235 458 509 573 387 642 119 277 382 237 388 515 474 671 420 130 536 436 469 286 72 316 516 157 718 844 528 646 424 380 729 344 609 495 260 615 150 487 206 767 171 444 640 378 441 330 770 230 305 447 680 534 268 327 324 687 98 715 679 613 589 400 439 635 387 405 642 582 585 204 365 140 680 526 338 531 653 727 502 463 303 700 632 296 298 442 554 294 188 269 747 677 610 853 450 529 547 374 641 627 490 291 190 596 405 107 365 456 56 184 414 676 384 134 357 589 436 558 36 322 383 366 745 303 511 467 448 724 84 417 184 531 290 382 735 397 95 569 240 718 358 286 478 747 300 681 807 528 613 271 398 620 529 830 301 448 309 223 784 389 311 321 775 342 618 347 580 206 295 347 355 588 415 686 155 365 158 455 522 483 311 464 316 656 319 470 700 453 661 219 282 169 638 96 791 45 795 383 380 538 669 223 754 236 192 348 522 364 718 422 711 651 272 144 661 419 643 644 591 428 275 518 179 475 703 323 356 669 462 225 700 356 486 626 704 254 365 739 352 324 532 677 689 458 349 645 416 688 437 328 762 166 218 664 556 419 342 646 362 287 317 725 460 604 306 418 393 479 370 573 782 805 781 404 463 163 546 353 148 730 690 225 129 122 498 228 606 606 566 411 405 
365 118 672 96 401 172 377 143 483 610 393 385 433 177 668 420 174 425 180 459 487 210 339 77 348 184 277 288 380 79 260 337 100 296 520 112 128 307 290 518 658 97 10 396 406 562 158 256 278 416 311 299 374 402 485 156 223 599 326 321 574 650 626 413 544 68 331 58 516 539 351 340 210 580 285 465 592 254 643 695 463 142 348 562 541 373 433 173 308 584 516 281 456 245 420 398 118 159 686 161 675 319 126 326 370 470 304 385 250 460 174 247 438 144 445 373 566 489 475 385 263 359 617 707 208 611 133 355 255 357 185 229 55 298 528 77 138 16 494 676 556 200 393 298 255 167 382 81 371 460 249 59 554 597 371 325 544 440 519 166 408 57 426 357 193 136 482 210 291 388 598 393 152 417 481 663 298 537 588 269 309 475 480 256 408 147 351 547 646 303 725 367 457 300 355 523 235 500 433 400 459 310 727 210 373 507 14 553 206 548 317 329 294 653 239 333 226 169 328 350 357 298 404 360 429 365 400 297 263 344 529 391 267 418 266 307 413 408 332 380 132 323 393 500 640 496 371 426 283 586 119 314 155 405 518 119 242 169 488 524 645 255 494 304 548 344 447 433 257 216 530 173 398 426 611 438 221 238 191 294 146 473 439 79 166 358 121 12 243 667 199 522 485 229 427 588 188 506 358 158 607 221 128 371 499 319 161 322 380 169 253 392 386 649 74 174 122 495 571 273 417 429 216 279 424 670 80 618 368 651 348 124 114 299 542 549 108 621 284 407 405 299 305 491 471 275 617 438 154 383 647 626 462 483 506 95 162 173 319 566 
239 635 155 608 288 663 390 584 629 196 213 630 261 599 195 128 690 597 605 399 430 345 769 449 688 338 460 312 307 580 402 354 426 241 438 521 436 514 521 55 164 577 524 593 771 572 675 431 533 150 275 575 426 688 62 474 679 101 288 455 386 549 590 592 492 543 606 525 94 111 612 648 386 69 414 326 109 470 567 178 714 375 414 82 212 687 638 510 380 406 26 622 221 740 595 693 625 405 169 606 665 713 391 349 743 393 257 257 762 197 478 432 592 427 72 522 127 558 120 793 627 202 633 657 509 438 640 777 399 718 365 519 551 513 659 595 436 528 471 161 206 693 689 454 323 659 464 460 627 69 500 576 582 602 179 302 58 409 73 647 803 511 604 195 584 565 50 677 711 659 106 290 441 121 276 679 581 353 182 250 440 62 384 435 743 406 692 321 141 214 696 493 72 279 622 107 736 326 622 324 725 392 213 723 572 366 508 535 550 32 249 617 534 622 483 593 338 636 384 174 739 295 584 175 646 164 409 583 254 465 592 519 426 768 269 686 204 499 187 537 445 203 410 192 672 190 189 702 595 83 424 441 503 116 705 629 284 500 480 556 244 425 276 589 352 570 602 591 327 697 509 678 423 206 95 708 339 529 329 489 645 84 312 590 415 377 627 519 517 606 349 466 694 516 92 645 498 693 303 560 652 561 485 802 89 505 631 196 508 378 470 414 182 661 548 428 572 102 58 777 296 434 476 330 619 160 597 100 458 148 802 436 599 257 76 659 418 103 668 866 551 577 215 687 411 323 100 329 668 420 558 468 322 170 500 484 444 603 204 72 
261 209 595 205 291 223 393 247 545 560 290 462 411 170 608 330 261 342 283 470 502 105 448 41 444 146 321 179 270 146 151 226 38 204 534 199 18 219 353 432 591 138 121 317 508 601 247 292 346 321 205 376 266 490 399 71 333 530 217 360 569 671 659 331 567 174 410 89 456 481 429 428 98 497 177 458 526 304 668 618 547 93 240 473 503 465 505 247 324 583 442 372 424 355 338 487 227 177 610 170 716 423 73 331 472 479 203 362 353 423 234 142 499 175 371 280 508 534 381 493 359 315 660 742 133 613 204 463 146 457 179 299 118 358 590 181 30 127 519 601 515 310 482 339 147 278 279 129 450 391 164 160 596 636 277 215 475 456 454 207 515 76 345 262 289 236 399 321 399 471 531 379 47 329 461 709 377 530 539 192 205 390 485 293 505 161 446 531 576 230 765 269 387 195 435 429 344 490 502 397 546 330 653 314 438 506 111 585 153 468 283 412 214 688 148 265 120 279 344 266 460 190 321 303 504 304 420 234 198 384 577 296 300 518 223 408 376 450 265 435 28 237 285 460 688 456 275 512 367 515 140 349 89 336 592 195 156 98 515 565 600 149 473 241 539 267 509 494 148 327 559 240 421 390 535 524 210 166 145 200 256 409 430 160 192 248 231 105 310 697 96 542 561 153 355 639 112 579 348 133 656 306 58 481 438 374 192 256 428 65 158 284 288 694 110 209 133 402 496 380 404 452 125 168 493 598 182 540 404 581 459 159 225 263 453 608 112 542 385 519 315 233 224 565 484 165 540 433 235 275 670 633 454 382 536 44 59 277 235 480 
423 278 619 222 482 358 199 137 288 505 440 208 300 376 578 426 323 600 140 280 301 302 291 218 220 182 80 376 470 272 394 448 221 333 336 99 275 477 95 500 582 296 195 575 300 363 308 72 89 434 380 124 508 246 470 327 214 533 405 125 405 458 429 589 352 154 160 255 441 458 176 190 333 548 423 307 519 55 448 640 296 196 481 545 423 230 248 42 141 411 466 148 336 294 596 246 224 98 630 360 475 235 204 170 269 293 360 262 340 350 25 394 242 87 408 537 480 289 485 315 149 279 417 508 387 434 312 299 388 245 129 48 254 101 334 232 286 193 302 617 441 254 241 102 344 226 528 131 197 410 421 229 354 397 394 411 483 258 452 358 327 250 602 386 110 120 461 218 233 222 529 252 305 416 340 464 127 374 485 281 455 458 305 69 281 110 224 393 579 295 526 524 407 369 184 524 298 342 244 245 298 136 662 308 180 339 186 356 397 510 231 165 471 454 406 519 319 187 155 351 263 377 579 303 247 315 217 485 255 147 329 552 84 302 215 208 309 209 302 181 286 335 520 388 440 385 400 267 128 526 120 122 337 364 335 297 283 349 293 325 528 399 353 492 385 524 252 238 350 245 334 348 210 318 559 277 142 420 194 458 225 409 286 263 81 477 222 211 55 470 290 332 305 408 387 389 366 321 218 355 408 83 305 323 427 120 357 294 181 276 415 520 414 449 273 61 322 497 519 337 271 240 383 376 235 604 236 570 173 581 328 99 180 221 529 353 148 575 190 391 573 486 311 308 290 368 566 279 318 514 453 444 305 512 310 272 317 141 330 543 
69 412 403 399 131 422 386 410 601 411 91 554 330 349 440 130 465 371 441 441 477 99 614 225 573 172 380 65 125 350 153 134 203 28 501 349 195 270 433 234 414 340 311 360 649 607 451 344 436 118 36 476 213 599 203 224 506 351 64 401 500 638 650 363 548 349 512 293 295 321 526 544 133 301 170 397 353 376 644 427 644 174 192 273 377 584 583 367 334 517 262 499 321 546 368 600 420 256 419 359 718 573 182 320 615 444 8 289 553 309 341 182 556 272 195 293 348 560 177 650 494 213 671 730 256 551 407 626 149 595 225 402 321 432 642 379 191 317 508 413 384 499 595 387 70 465 248 273 545 221 249 359 608 642 76 77 298 436 287 404 668 280 377 60 432 394 206 498 558 573 354 322 193 133 375 721 480 458 391 82 202 195 444 348 634 247 576 444 393 98 762 267 218 32 534 226 537 419 573 353 648 345 465 513 510 449 297 579 297 277 216 519 287 682 231 347 88 454 350 88 607 50 354 177 585 169 414 334 114 421 602 296 346 653 171 551 272 480 131 490 201 64 210 336 705 332 71 618 482 334 250 386 253 174 666 399 71 249 510 577 457 176 384 340 464 328 566 553 74 511 551 442 421 286 347 628 225 277 160 244 446 248 370 363 273 165 423 300 407 680 107 520 642 264 185 664 246 652 305 310 678 429 238 647 278 437 387 128 471 138 220 212 85 704 313 293 329 200 311 576 343 447 223 82 566 413 381 349 430 400 635 270 406 202 253 653 230 350 529 698 328 328 75 641 456 73 351 381 439 212 641 577 392 180 532 244 195 437 67 281 
753 751 686 693 823 836 323 592 246 494 750 364 387 853 571 682 789 1040 572 260 224 708 610 679 473 579 399 755 825 751 812 832 673 673 203 575 725 918 397 686 608 774 673 1020 519 115 776 423 414 706 738 416 908 407 673 783 619 605 765 355 253 93 52 1030 153 631 405 731 542 535 388 436 755 687 840 316 582 423 69 694 366 624 884 716 430 440 315 512 388 234 608 477 417 708 1036 418 688 535 686 838 44 544 641 389 523 258 710 416 771 440 503 825 271 542 604 968 534 194 723 587 502 497 79 30 844 209 788 602 806 501 534 459 732 386 220 708 735 671 195 671 443 686 419 379 734 671 939 601 378 582 870 707 127 84 690 778 593 265 564 837 572 724 1044 693 537 581 657 634 577 390 597 381 753 669 359 76 421 281 490 622 875 664 261 422 474 551 475 317 628 604 62 947 581 731 391 735 722 308 301 348 384 382 686 751 333 269 663 126 863 654 485 417 921 24 852 975 720 626 368 639 535 747 1020 539 327 551 295 945 590 332 162 977 413 500 535 520 452 268 578 308 738 647 910 442 94 444 702 396 449 614 575 364 799 580 287 773 652 810 196 153 470 826 358 953 283 973 267 276 741 664 153 822 291 443 652 388 509 877 586 895 679 554 338 741 521 864 685 688 444 31 700 181 314 864 591 129 823 287 396 827 112 490 767 623 545 362 836 578 298 701 855 912 710 69 750 507 799 719 629 750 363 261 831 765 309 648 712 666 309 623 661 560 643 499 711 193 601 675 526 701 1004 944 627 297 245 754 658 324 790 910 81 180 321 772 175 738 765 578 641 702 
265 654 136 625 314 683 389 598 627 173 239 633 256 621 170 153 709 623 617 394 423 367 780 468 695 355 466 337 333 600 427 380 445 263 429 535 457 539 526 75 139 598 542 618 777 565 693 438 540 176 299 581 451 693 87 497 691 76 313 458 373 537 579 617 483 559 611 545 80 92 617 654 409 67 439 319 84 477 555 160 716 393 439 93 196 692 639 521 384 392 21 630 215 754 620 698 641 418 150 628 655 722 410 353 751 387 281 257 779 191 489 457 592 440 90 547 106 554 144 802 636 209 625 645 532 424 659 787 423 725 379 527 570 518 656 612 457 546 465 141 188 708 693 459 347 674 490 476 631 78 524 594 575 593 204 327 35 404 58 667 812 531 629 219 595 579 76 690 721 662 80 289 463 146 267 670 587 341 161 269 465 88 376 442 749 420 699 307 117 232 685 518 82 303 627 127 751 316 623 322 727 396 192 740 575 357 525 527 574 31 257 623 559 612 507 618 361 649 387 195 748 319 609 186 647 176 408 608 272 468 587 544 432 774 282 694 203 498 204 539 466 225 436 180 664 179 214 705 602 58 439 445 525 130 704 648 304 523 475 551 221 450 266 613 340 595 601 591 351 711 502 698 422 203 75 711 351 553 346 514 661 83 307 609 427 403 643 537 524 594 371 458 694 540 108 639 522 692 305 582 645 571 506 812 80 509 652 213 509 399 494 439 207 652 568 440 593 126 35 792 292 431 500 355 620 137 615 83 459 124 814 450 614 267 92 655 434 87 678 878 577 601 235 687 405 347 81 324 687 445 546 454 315 193 494 505 467 616 226 79 
175 466 325 437 245 500 278 414 512 285 171 488 197 447 328 118 521 509 435 320 355 200 603 283 533 166 312 202 250 414 285 271 260 112 375 350 280 403 372 185 312 414 354 497 614 492 506 279 381 134 173 423 350 543 154 327 509 251 198 319 364 509 528 501 426 371 457 361 176 201 466 496 249 238 305 266 246 317 518 348 577 205 329 230 242 536 507 343 244 382 168 463 184 568 505 546 453 235 338 450 600 550 224 220 584 320 145 162 590 171 312 310 470 256 99 431 228 456 174 631 465 81 557 606 372 416 474 612 279 560 195 359 384 367 548 424 282 358 390 328 249 521 541 312 196 487 386 288 484 112 374 407 496 526 111 212 196 319 174 486 643 347 514 114 416 395 145 506 545 514 252 197 291 106 239 606 428 324 264 89 338 142 317 283 591 234 536 307 298 51 640 405 109 170 476 210 564 285 494 231 585 256 379 551 436 317 337 461 410 203 105 466 417 561 355 478 200 464 254 60 579 188 491 41 512 31 304 460 84 335 496 434 277 614 101 524 136 383 15 408 290 74 345 200 593 196 123 559 439 238 252 304 354 57 583 462 130 355 395 467 328 306 248 467 328 462 480 467 202 525 433 513 315 149 263 566 173 398 158 377 473 129 241 422 246 301 455 350 359 555 201 397 566 384 80 556 358 570 189 408 568 399 331 636 158 364 472 25 382 224 348 348 132 588 384 261 413 183 223 605 215 336 343 218 489 322 427 271 336 303 634 265 427 103 213 555 246 274 505 698 465 455 65 562 334 207 269 254 500 349 514 444 261 211 417 324 297 434 70 230 
289 665 130 635 340 698 380 603 615 145 264 626 243 639 145 177 721 648 621 378 407 385 781 481 692 364 462 359 359 613 449 404 459 282 411 540 474 562 523 103 117 612 553 643 774 548 705 436 537 201 322 577 477 687 114 515 695 54 336 452 350 515 560 642 465 567 607 559 62 68 611 651 428 84 462 303 58 475 534 152 708 404 464 117 173 688 630 523 379 370 35 629 200 761 645 692 650 424 142 644 635 722 423 347 749 371 302 249 787 176 492 478 581 446 105 572 78 540 172 802 636 209 606 624 552 401 673 788 445 723 384 527 583 514 643 623 474 557 449 130 164 715 688 454 367 681 516 484 625 86 546 606 559 575 227 350 9 390 41 683 810 545 655 242 597 584 102 695 723 656 57 279 480 169 250 651 584 321 133 284 489 114 360 440 745 426 696 285 99 246 664 544 90 325 621 155 758 298 614 311 720 390 180 748 567 338 536 509 593 55 258 619 582 592 528 641 380 655 381 213 746 342 634 191 639 183 396 630 283 460 572 570 429 770 289 693 194 487 214 530 483 243 462 161 645 160 237 699 600 39 447 439 543 141 693 661 320 542 459 535 193 472 247 636 318 619 590 581 372 717 485 711 411 193 70 704 355 574 356 537 669 80 292 621 432 428 652 549 523 573 389 440 684 561 120 623 541 681 298 599 628 571 523 813 67 504 668 224 500 416 516 465 231 633 582 443 609 154 31 799 280 418 520 377 611 123 626 81 450 105 816 457 621 270 118 640 443 88 678 880 602 624 251 676 389 369 77 310 700 471 524 431 299 221 478 520 485 620 243 102 
479 158 735 100 525 248 340 4 376 637 502 265 437 298 707 511 192 564 39 419 439 331 204 206 210 253 216 411 506 181 397 469 222 397 473 65 264 448 199 599 706 211 131 535 265 481 180 213 181 513 427 186 512 270 567 297 95 653 446 260 546 587 550 553 483 72 210 194 563 583 231 208 342 654 423 448 641 190 575 757 333 236 486 644 558 238 317 99 281 552 579 148 471 157 560 264 92 181 747 275 586 178 230 310 229 433 414 396 199 482 125 386 335 159 514 514 607 402 569 247 127 399 528 626 348 572 200 219 392 217 221 140 178 211 419 123 275 126 434 736 576 114 260 238 377 85 522 137 249 521 390 131 469 512 469 448 601 396 571 255 269 197 565 457 63 21 560 90 153 261 651 390 290 504 479 570 183 515 617 356 449 555 446 211 268 180 212 534 700 382 637 508 518 416 233 614 159 484 321 386 327 278 783 167 269 480 135 481 342 618 351 205 434 571 380 469 348 49 296 436 216 418 544 414 310 423 355 433 339 278 438 533 225 277 317 166 438 332 400 288 270 413 531 521 544 518 472 294 160 644 165 259 295 470 398 186 342 310 424 443 664 394 492 439 527 483 343 330 381 111 462 229 348 449 674 306 250 377 264 435 86 526 426 165 174 493 88 151 154 593 319 466 362 369 494 492 329 386 355 289 512 107 269 238 548 236 260 391 299 293 394 530 487 557 201 165 245 586 633 199 410 377 357 405 312 725 126 683 305 703 224 151 48 336 626 444 181 688 143 287 546 436 391 371 428 399 680 420 195 521 581 582 446 586 438 236 301 32 409 645 
242 647 145 621 287 673 406 598 645 203 214 646 277 607 196 131 702 598 619 415 445 353 784 460 704 351 476 317 307 591 407 356 436 249 453 535 445 517 537 45 162 587 536 595 786 588 687 446 549 153 279 591 426 704 61 482 693 101 291 471 400 563 605 593 507 556 622 536 107 122 628 664 393 54 417 342 112 486 581 169 730 386 415 67 225 703 654 524 396 420 40 638 237 753 595 709 638 419 160 615 680 729 403 366 758 409 263 273 775 213 493 437 608 441 86 523 136 574 116 809 643 218 648 671 515 451 651 793 404 733 379 534 561 529 675 607 444 540 487 153 218 707 705 471 330 673 465 473 643 85 505 588 597 617 184 305 65 425 85 656 819 522 605 200 598 579 53 691 726 675 107 307 449 126 291 694 597 368 191 261 443 65 399 451 759 419 708 334 137 225 711 494 88 284 638 97 749 341 639 341 741 408 205 736 589 381 520 550 557 18 265 633 538 637 488 596 346 649 400 183 755 300 585 190 662 178 426 587 266 482 608 519 441 784 283 701 220 515 200 554 454 212 410 206 687 204 193 718 611 82 437 457 511 130 722 640 293 508 496 572 252 430 291 593 366 573 618 607 333 711 525 688 439 222 87 724 354 535 342 492 658 100 328 601 429 378 639 530 532 620 358 481 710 522 106 661 505 709 319 568 668 577 493 817 104 522 640 210 524 387 475 413 185 677 558 443 581 96 55 790 312 450 482 335 635 154 609 91 475 145 817 450 612 273 63 675 430 92 684 881 552 581 226 703 427 328 92 345 679 420 572 482 337 164 516 493 452 617 214 56 
466 44 800 101 487 46 507 205 577 747 497 466 570 128 803 539 60 416 236 589 614 313 340 196 400 320 396 381 462 64 324 409 219 413 648 216 217 320 394 640 791 74 135 385 435 675 53 381 378 530 411 387 421 466 607 207 234 730 419 441 708 773 743 404 667 160 412 120 651 674 432 406 293 704 341 601 725 371 763 824 531 273 400 682 679 432 519 279 439 717 645 348 594 202 411 459 113 295 815 101 784 349 255 460 401 601 412 523 170 598 291 300 536 278 574 387 701 598 590 393 324 496 726 821 226 742 5 358 321 397 323 332 94 405 621 83 222 134 617 806 694 174 455 418 352 159 417 217 451 591 269 87 665 708 486 414 675 569 652 58 420 133 414 471 265 212 606 216 311 460 731 529 226 537 618 769 384 672 725 395 353 598 612 380 451 283 401 683 777 432 835 391 588 401 435 638 184 636 523 536 522 440 857 138 469 641 151 671 198 674 455 406 298 766 268 312 326 193 458 473 385 394 397 494 512 498 528 276 394 463 636 407 393 452 402 348 551 523 463 485 213 444 446 637 744 634 484 490 362 717 256 436 186 536 598 19 362 199 609 637 782 309 632 281 683 336 544 531 352 202 650 35 524 564 740 502 359 242 325 318 137 606 575 58 300 422 118 131 347 785 305 647 562 241 557 692 215 587 494 144 712 307 182 366 633 428 71 454 492 274 288 444 497 756 99 304 99 612 700 208 553 555 252 367 513 800 79 746 488 782 328 259 153 436 662 645 246 748 327 375 411 282 429 572 600 367 745 573 30 432 769 756 598 589 626 168 230 228 442 688 
620 158 914 158 652 216 527 193 515 826 647 395 627 313 894 673 127 600 194 604 620 463 189 332 297 423 401 540 629 225 497 580 354 550 654 249 374 505 371 768 890 250 246 569 300 642 132 402 351 670 564 339 601 370 735 381 134 835 578 442 732 759 712 589 658 218 348 275 747 768 366 323 456 827 517 637 825 375 742 937 432 392 578 812 748 333 448 288 471 737 757 277 661 46 596 360 138 364 927 286 737 229 379 500 273 618 559 586 22 671 315 476 483 342 689 572 793 562 729 241 252 583 680 782 409 756 188 207 494 281 402 320 247 384 553 179 382 240 610 916 765 76 357 422 507 106 600 301 379 700 453 200 627 670 625 576 782 580 754 236 269 287 598 611 230 212 731 121 189 376 833 581 391 668 669 716 334 703 805 519 533 724 632 399 330 360 297 724 882 550 787 576 696 554 364 776 33 673 458 575 419 467 965 48 421 667 260 649 383 793 536 338 483 729 450 496 479 143 485 600 256 551 582 594 437 602 540 461 508 458 592 593 414 321 497 243 626 504 574 451 374 575 625 711 689 707 625 391 305 825 338 444 364 647 512 186 495 378 599 605 854 486 683 465 715 521 488 478 509 91 634 181 531 637 853 403 434 427 433 501 116 708 616 206 359 597 135 257 333 755 453 644 475 425 670 637 396 504 546 328 658 276 353 206 731 409 254 565 470 422 469 623 640 706 264 353 281 748 812 23 601 558 432 529 449 907 178 861 485 886 160 329 164 520 793 581 344 865 231 194 596 467 555 489 612 526 859 609 156 612 751 762 636 737 611 329 398 191 571 816 
37 482 347 470 103 490 417 478 643 381 29 606 339 413 398 76 535 396 507 463 498 168 680 296 633 232 429 112 113 420 201 151 273 81 519 415 264 310 486 175 368 409 382 390 710 634 521 394 491 55 75 531 227 654 146 289 573 305 84 445 504 652 671 390 569 418 567 363 265 290 580 601 196 242 210 409 311 429 661 370 696 242 212 209 362 641 631 429 373 522 218 559 321 616 393 656 490 317 363 425 743 637 251 355 678 463 70 305 623 304 401 232 599 334 160 319 314 594 110 715 556 225 699 749 313 556 477 692 198 656 282 459 391 483 682 449 260 387 533 358 365 569 651 434 132 535 265 341 599 189 299 429 638 669 33 98 256 461 252 471 732 350 402 29 497 461 154 566 624 628 309 340 259 84 379 749 536 464 363 131 236 142 460 398 693 309 636 444 344 126 783 291 187 83 589 159 607 426 619 374 702 385 410 583 559 460 367 604 356 223 242 575 331 704 283 389 155 523 387 83 670 95 382 183 635 171 444 381 160 464 635 318 395 713 211 614 276 518 144 535 269 81 215 325 734 321 20 673 540 287 315 430 317 156 711 468 136 311 537 608 430 224 386 386 468 366 610 597 134 580 576 511 454 287 293 682 276 330 220 285 516 220 384 433 332 177 493 371 463 698 177 541 690 318 158 696 306 698 330 374 709 490 305 714 248 485 454 146 513 208 268 218 22 731 382 352 396 134 262 646 359 476 279 130 614 361 451 294 469 352 703 334 475 234 190 691 297 294 593 766 350 374 105 688 477 125 297 397 509 222 657 584 404 109 559 313 260 503 87 220 
560 701 439 649 629 771 230 566 356 247 550 431 193 758 324 471 750 888 561 152 142 558 664 574 535 449 355 585 636 679 658 657 560 495 115 525 604 774 390 455 361 694 599 873 606 230 735 357 410 497 559 435 736 493 447 661 628 360 585 314 25 154 213 879 148 577 445 642 306 295 437 489 609 447 682 136 337 380 178 447 481 501 714 480 189 513 405 471 294 21 374 503 204 716 884 502 653 440 439 751 285 594 522 273 595 138 531 239 768 221 449 678 346 456 384 811 291 267 503 660 523 310 273 264 719 38 729 662 652 568 421 436 653 376 362 654 612 600 170 424 200 680 500 334 571 655 771 518 439 358 734 645 247 245 492 599 354 176 328 765 655 632 893 498 526 550 431 638 615 465 352 216 627 458 147 308 442 65 244 453 717 440 124 360 564 453 538 82 382 425 306 787 358 555 445 506 723 106 386 199 499 295 439 738 375 92 585 191 747 417 320 459 783 241 715 842 566 613 276 445 601 573 870 346 417 355 215 818 427 301 277 817 345 593 380 564 250 273 391 333 617 461 732 211 310 214 504 493 470 371 481 312 684 371 430 714 491 691 185 238 225 676 139 825 58 832 350 349 578 667 179 767 225 238 408 492 387 750 451 748 655 328 165 676 433 688 651 608 423 216 554 140 439 736 376 305 700 422 247 725 303 481 653 687 312 353 759 395 304 565 713 734 509 292 665 428 710 494 388 759 191 201 698 598 389 401 658 422 275 376 712 475 609 339 477 348 499 430 560 767 847 815 447 425 145 588 413 162 742 735 166 68 140 554 189 631 637 565 456 465 
735 615 768 557 803 705 297 452 82 588 741 195 419 741 672 692 644 968 424 282 257 652 427 588 293 519 306 715 798 630 752 792 589 646 264 454 643 844 275 724 699 657 559 944 328 135 633 340 286 710 707 271 861 223 703 696 457 680 734 275 357 255 181 957 217 507 247 623 599 600 227 265 692 743 781 359 658 321 227 782 172 553 834 762 508 259 141 392 339 345 657 317 461 542 964 233 547 453 773 722 164 365 565 356 336 291 681 427 608 485 394 757 127 451 631 902 608 122 743 398 342 500 119 217 757 335 657 417 746 318 466 335 617 269 37 577 654 556 215 758 525 527 235 292 687 519 886 501 211 616 790 581 117 132 684 744 652 271 619 710 380 619 971 682 393 447 689 474 402 212 672 391 673 679 414 135 273 364 578 591 815 692 304 337 284 468 295 405 713 585 208 886 614 698 227 767 558 371 135 356 190 328 784 594 191 334 553 173 767 706 471 255 841 178 775 889 667 475 324 632 350 711 947 542 151 556 273 856 559 252 91 915 334 307 502 346 477 193 570 191 655 630 868 503 109 503 694 207 297 684 486 288 707 596 90 642 611 720 203 130 579 761 419 863 373 894 118 132 694 502 188 685 261 474 723 198 453 790 529 824 532 596 368 617 436 823 543 577 321 215 642 233 121 778 614 69 736 92 388 723 85 351 675 436 596 252 714 567 203 634 782 869 705 132 638 417 687 745 692 581 384 246 752 720 144 736 581 737 243 710 477 467 505 477 752 21 514 745 357 512 938 856 607 105 273 710 730 351 651 865 241 318 363 785 187 642 685 432 624 752 
422 537 420 487 493 605 89 412 309 257 420 338 64 590 340 353 588 730 413 75 109 397 539 405 425 282 210 433 496 512 499 508 392 346 127 365 437 613 260 371 359 527 433 713 504 251 572 203 279 376 411 313 586 402 353 495 485 329 438 179 142 263 280 720 178 414 333 474 245 248 332 379 447 387 525 33 308 233 270 435 411 333 562 407 170 411 332 317 134 155 302 377 106 569 726 409 493 273 426 582 353 472 354 108 485 73 383 86 615 130 292 516 279 290 281 654 260 233 398 546 392 166 314 358 553 186 564 542 493 458 252 292 486 247 336 490 445 434 148 411 190 529 406 193 415 502 619 351 341 263 570 481 258 283 359 452 298 84 264 598 548 464 735 362 380 395 337 492 485 371 323 53 461 340 72 362 320 104 241 298 560 343 69 206 467 286 428 118 367 276 392 631 261 405 341 416 573 68 314 32 425 139 445 583 277 79 418 216 580 351 161 347 620 313 552 678 406 462 120 308 487 422 711 208 342 221 95 653 269 176 267 662 191 495 218 442 125 185 248 236 450 317 585 153 351 152 371 409 344 331 314 171 517 252 388 549 333 524 156 232 268 516 84 660 115 670 287 279 422 520 189 603 110 119 370 412 218 585 285 588 499 241 14 510 268 540 492 441 281 307 391 150 382 570 266 321 534 377 79 557 330 339 486 567 240 229 591 249 204 400 550 587 379 344 498 264 542 397 337 612 32 111 533 444 313 392 494 384 158 366 584 309 452 178 398 334 331 391 432 643 691 650 299 373 88 433 377 6 578 586 266 208 30 445 176 463 471 416 312 397 
361 595 290 553 428 649 211 496 439 140 349 463 71 615 218 268 650 703 504 198 226 385 647 434 542 303 316 396 438 557 477 464 416 305 231 439 450 595 373 258 231 565 484 690 623 367 634 298 390 294 367 428 543 526 247 503 579 200 391 295 184 344 382 695 285 480 453 511 119 119 454 498 436 264 499 122 179 335 360 306 539 355 523 289 60 532 460 404 232 204 182 487 28 656 699 533 563 329 297 613 457 583 376 198 601 190 339 103 695 22 375 500 408 350 181 625 131 360 300 660 499 131 426 451 555 237 614 652 471 575 297 392 529 362 464 549 455 486 268 282 76 613 529 303 388 582 579 404 464 156 562 536 378 395 292 405 172 212 140 639 664 498 708 300 475 477 231 582 591 495 193 117 467 255 69 472 435 148 121 273 532 239 179 302 589 338 546 121 238 239 489 599 156 364 463 308 658 119 443 141 553 241 317 659 403 159 468 329 589 229 164 465 608 415 544 668 388 548 226 248 602 382 685 155 470 162 223 648 253 298 391 628 289 616 222 553 69 314 202 363 462 268 536 25 465 23 304 535 456 203 364 284 529 169 517 600 314 533 278 354 166 497 69 655 149 654 416 408 395 608 304 654 238 55 242 539 261 584 301 569 575 127 114 560 330 494 563 487 385 399 383 260 511 569 173 442 538 506 147 578 447 440 501 677 118 347 628 207 331 401 538 539 308 454 535 335 573 293 211 698 108 240 529 411 441 263 553 256 283 237 689 366 526 183 283 460 373 263 541 750 660 644 258 502 208 401 248 131 635 541 352 267 118 351 297 487 475 505 264 277 
306 191 600 164 349 237 327 175 464 539 331 380 368 218 596 352 246 424 209 407 437 155 380 42 364 112 243 236 331 145 228 296 49 230 470 121 100 301 271 448 585 155 78 399 431 526 230 216 264 349 253 293 344 408 415 151 268 526 271 284 516 604 587 413 499 109 328 101 444 467 346 346 170 509 256 405 519 224 599 623 464 71 317 492 472 384 423 164 257 527 443 291 388 306 420 405 182 104 614 209 641 349 58 270 396 417 242 319 318 391 152 223 418 97 373 363 494 457 408 421 279 288 585 669 212 555 203 394 222 379 120 217 116 276 509 149 112 82 449 604 486 259 400 262 201 225 360 47 367 388 246 131 520 562 305 273 471 390 447 228 441 90 427 291 210 161 411 259 327 389 526 330 130 348 417 633 294 477 517 198 286 404 425 217 426 89 367 484 573 232 690 352 384 242 353 455 298 439 419 341 463 261 654 279 356 450 62 513 224 476 248 329 295 615 231 344 173 215 277 280 385 243 403 287 421 292 352 311 191 308 499 379 226 440 194 331 344 374 260 355 111 254 361 430 610 426 305 430 285 514 63 274 162 333 510 190 175 174 445 490 575 229 430 318 487 348 428 413 205 271 488 243 351 357 539 442 156 245 118 283 207 400 378 149 117 321 185 76 228 627 143 475 478 232 355 561 190 496 295 189 579 224 130 413 427 293 219 250 350 118 241 360 320 617 125 131 168 427 499 338 354 383 208 230 411 597 151 546 329 578 397 79 166 229 473 528 41 549 308 459 398 311 234 483 420 224 545 378 226 352 602 573 402 419 464 99 142 204 250 496 
596 456 694 398 662 545 194 294 81 534 606 69 334 578 617 569 489 808 269 225 221 498 314 426 178 367 151 566 654 467 596 641 428 505 246 291 482 684 112 618 635 494 396 782 244 195 477 187 123 584 562 112 707 131 593 535 313 603 589 132 344 318 265 796 229 345 100 459 514 521 84 135 535 649 625 295 583 162 299 711 135 396 680 659 447 152 57 228 207 340 561 171 379 402 803 141 390 295 701 560 290 244 407 233 236 239 537 324 465 401 232 599 37 291 522 743 536 116 624 302 196 384 232 334 595 347 497 309 589 211 313 172 454 107 126 417 493 392 192 686 466 380 138 142 536 367 730 338 79 513 629 419 179 221 552 597 565 203 531 549 295 456 810 547 235 286 580 328 274 103 597 294 512 557 348 272 117 332 518 449 658 581 256 184 202 309 181 367 643 450 341 728 510 552 89 654 416 321 43 263 148 195 721 446 29 294 389 208 604 610 346 112 679 281 614 727 514 322 198 502 244 563 787 423 65 436 181 693 418 116 144 757 183 231 365 218 379 93 442 43 494 495 717 429 246 428 561 134 144 603 325 147 544 482 135 482 464 557 177 159 539 603 358 700 343 732 45 32 542 358 199 527 166 380 641 136 305 628 378 664 378 499 291 455 277 672 386 414 158 308 487 225 115 616 503 193 574 121 277 560 214 191 512 333 506 94 552 437 73 477 622 717 573 260 475 258 524 630 605 444 296 172 591 569 38 668 421 654 123 642 365 306 346 348 647 148 354 661 222 413 779 693 471 111 224 560 648 276 494 712 309 343 297 662 180 480 524 276 489 652 
504 204 739 147 554 295 317 44 331 630 526 218 425 345 703 527 234 609 16 393 410 361 179 243 164 270 190 442 537 228 434 504 257 419 443 87 302 491 163 611 705 259 175 580 224 442 222 195 143 531 454 142 550 223 579 339 88 654 476 231 522 553 511 597 450 115 164 239 563 581 184 161 378 663 461 429 641 165 538 761 286 262 524 656 548 191 271 86 264 526 584 101 462 171 604 217 136 191 751 322 544 141 259 295 188 407 439 387 223 475 117 426 292 170 522 557 604 362 586 215 80 400 486 586 392 545 246 191 429 174 230 109 224 176 374 170 313 170 402 739 566 135 212 211 407 114 562 165 203 527 433 178 429 472 489 479 604 370 573 302 234 241 610 478 20 48 571 93 123 213 652 378 330 520 464 527 138 493 610 374 488 567 421 192 224 194 166 515 701 397 595 550 524 443 186 629 177 464 276 369 280 259 784 197 226 456 177 445 388 626 351 158 479 532 422 515 379 70 277 452 177 447 588 419 264 430 329 479 354 247 397 575 206 234 325 124 433 297 411 248 310 432 568 514 501 511 493 246 114 647 185 233 339 478 350 232 365 354 391 404 654 433 477 485 505 528 299 287 412 122 427 274 320 443 679 259 254 422 282 477 123 529 409 212 179 529 132 195 122 554 349 435 315 413 502 449 373 339 344 336 469 67 312 213 549 201 308 402 263 326 436 567 507 515 248 166 292 602 638 214 396 347 400 437 266 726 173 689 274 703 208 166 94 339 638 399 205 693 100 272 590 482 408 324 401 431 685 401 240 558 546 552 428 607 404 278 341 21 426 656 
402 816 25 788 435 843 522 758 750 206 372 772 381 777 133 298 871 747 776 507 530 523 935 630 844 517 614 483 458 761 572 513 607 419 526 696 616 677 673 195 92 758 704 747 926 665 856 589 688 315 445 729 576 834 225 652 851 113 454 600 448 607 664 743 579 721 757 706 205 194 760 801 562 128 579 430 132 628 631 6 851 555 569 166 279 838 772 679 530 466 183 782 336 916 745 840 804 579 14 785 738 876 572 497 901 496 432 397 941 314 647 603 720 601 252 675 180 669 265 955 790 365 718 717 683 491 821 942 569 875 540 681 732 664 773 775 615 708 572 29 263 870 836 604 498 836 614 638 772 239 670 757 678 688 352 466 160 522 192 827 963 692 754 368 752 739 222 850 877 804 118 423 619 295 374 758 735 428 211 431 601 232 483 593 894 581 847 388 73 394 759 646 243 451 770 223 913 416 755 452 864 540 45 902 712 454 688 625 725 152 413 769 700 694 654 756 516 810 529 354 899 466 736 346 781 338 535 750 434 606 696 669 582 921 444 847 343 626 366 674 624 383 556 288 757 288 359 845 753 118 601 588 681 293 829 810 464 677 584 658 234 595 368 756 422 730 728 720 501 872 603 859 550 338 87 849 511 701 508 653 823 235 426 771 587 530 805 700 677 669 529 557 823 689 270 741 674 818 446 738 744 726 664 967 217 652 811 376 642 558 639 560 349 741 729 599 752 240 127 954 419 552 649 501 753 52 778 80 593 77 972 612 776 425 183 767 597 78 832 1035 701 743 396 814 515 495 81 443 849 568 619 520 427 298 600 664 622 775 385 152 
213 536 257 505 279 572 291 475 530 217 200 522 178 518 256 119 592 565 495 314 348 269 658 354 578 235 350 260 290 486 347 321 332 173 362 412 352 465 411 141 240 486 424 555 660 490 576 320 423 144 227 465 400 580 117 397 569 180 248 348 332 487 517 557 415 438 496 433 104 130 504 538 317 180 365 249 174 360 500 280 608 276 382 183 186 577 534 399 272 352 101 511 150 632 562 584 521 296 270 522 591 602 295 243 632 311 202 159 658 130 368 374 491 318 45 487 157 465 159 682 516 93 553 590 441 385 545 666 343 607 256 408 456 404 563 494 353 428 387 260 190 586 580 346 260 553 437 355 519 43 440 477 497 522 143 263 126 319 102 558 692 419 571 153 473 456 103 567 600 550 180 195 362 105 209 601 471 294 196 161 396 106 305 325 633 297 581 270 227 122 627 460 40 227 513 180 630 259 519 231 618 284 309 619 466 296 407 455 479 143 138 507 481 550 422 542 268 527 278 107 628 245 548 64 541 54 313 526 156 360 502 488 316 658 160 574 113 400 87 433 362 132 391 148 590 144 156 594 484 168 317 334 425 20 605 533 200 425 394 469 262 369 214 532 296 524 501 489 266 589 428 584 326 121 196 601 229 466 227 439 540 57 228 493 305 350 522 421 406 539 271 388 591 452 27 559 427 592 201 480 568 450 403 691 86 398 544 96 405 296 412 394 158 583 456 317 485 158 155 670 207 341 411 277 515 251 497 205 356 232 692 328 492 146 170 565 314 210 557 756 520 521 133 585 327 268 203 244 571 397 494 415 244 207 415 396 368 493 130 178 
749 756 675 699 820 841 323 598 257 483 746 374 382 856 560 677 795 1040 579 257 221 708 621 681 483 580 403 754 822 755 811 830 675 670 199 580 727 919 403 678 597 778 677 1020 531 121 782 426 421 701 735 424 907 418 666 784 628 595 763 359 244 82 54 1030 150 636 414 734 534 526 397 446 755 678 839 310 572 427 59 683 378 625 882 708 421 451 325 517 389 225 601 485 411 717 1036 430 695 537 675 842 59 554 642 389 534 255 707 412 780 433 507 825 280 544 598 967 525 201 717 598 510 493 92 31 846 198 794 613 805 512 535 464 736 392 232 713 736 675 195 660 434 693 430 382 732 678 938 604 388 575 871 712 135 93 686 775 584 264 556 841 584 727 1044 689 544 587 650 642 587 400 587 378 754 663 352 91 429 273 480 620 874 658 257 426 486 553 485 308 618 601 70 946 574 729 401 728 730 301 311 346 397 383 675 759 341 263 667 128 865 646 483 426 921 34 853 977 719 633 369 635 546 745 1020 534 338 547 295 947 588 336 171 977 415 512 533 530 446 273 574 315 740 643 908 434 109 436 698 407 457 605 578 367 801 575 300 778 651 811 197 159 459 825 350 954 275 974 277 285 739 672 154 828 292 437 643 400 509 879 586 895 686 547 334 746 524 862 691 692 449 20 700 178 326 865 586 142 825 299 394 830 125 497 769 634 537 368 840 575 304 702 855 910 705 84 754 510 802 712 621 759 359 261 832 763 319 637 717 657 312 613 672 563 650 497 703 205 603 665 535 713 1004 946 624 310 242 753 648 320 796 908 70 169 315 766 176 740 766 585 638 694 
40 509 361 502 57 508 473 519 699 420 26 658 393 423 427 111 560 367 550 519 554 195 723 327 681 280 483 123 76 444 199 130 306 129 574 458 287 294 538 192 393 430 414 365 758 690 546 447 543 85 94 583 195 706 170 302 614 332 84 500 556 706 727 362 624 456 619 388 305 329 632 651 211 257 200 464 341 481 716 383 749 283 186 217 409 692 685 476 429 575 251 608 373 650 364 707 523 365 377 438 799 683 289 411 725 519 105 360 653 355 450 230 655 381 202 293 352 650 119 760 603 280 755 804 316 609 499 735 198 704 332 509 417 536 738 480 281 420 588 375 410 604 702 488 152 571 233 382 651 232 294 459 694 724 87 92 288 517 289 487 777 375 373 85 542 503 181 605 667 680 338 396 277 123 431 805 587 517 403 183 219 169 516 451 743 356 685 495 367 182 839 264 230 105 641 161 641 480 674 430 754 440 425 614 613 514 401 660 359 245 298 626 318 760 280 373 180 562 443 138 716 109 354 238 688 226 500 370 213 519 691 288 448 762 266 660 329 573 200 590 290 136 178 373 790 369 75 725 590 313 360 485 329 206 766 492 180 321 593 664 469 221 438 375 520 347 665 652 151 617 631 531 510 340 313 734 328 328 268 272 551 263 439 459 381 148 527 401 514 754 206 596 744 317 204 753 312 753 386 385 765 538 323 756 290 539 469 202 568 236 263 182 68 787 406 401 413 143 287 678 414 532 281 138 668 381 481 312 524 375 743 379 512 289 199 747 339 310 639 805 320 363 160 743 533 137 316 452 532 188 711 637 459 92 615 336 275 545 142 231 
447 33 760 35 478 115 440 137 508 694 476 399 511 171 754 507 87 452 170 522 547 291 294 162 338 271 327 366 455 58 324 407 185 383 581 147 200 345 324 606 745 89 81 422 380 606 71 313 309 502 392 318 432 402 573 209 181 686 405 372 643 704 673 441 599 92 344 102 603 626 364 341 282 668 346 537 679 301 694 784 466 231 408 649 623 369 451 209 374 651 604 282 537 174 448 396 55 234 774 146 714 293 214 396 345 534 388 464 166 543 223 305 467 215 534 413 652 528 562 345 259 444 656 751 246 676 67 312 320 339 265 262 73 335 552 14 208 78 548 764 639 135 391 349 334 109 433 158 383 548 290 29 595 639 458 402 632 501 607 121 371 113 452 443 197 142 570 164 258 394 686 468 218 504 558 699 316 608 673 357 364 563 546 312 392 224 339 621 734 392 765 413 545 381 367 610 160 572 454 472 459 373 815 127 400 576 98 602 228 636 401 339 327 697 284 352 307 133 392 438 330 378 432 447 444 452 461 315 351 393 566 433 325 396 351 289 496 453 420 415 200 410 454 582 674 579 457 425 294 674 198 368 196 493 532 52 329 211 540 567 728 314 571 321 619 371 474 461 336 158 581 101 456 508 699 438 301 269 278 338 85 560 512 38 237 424 60 87 277 715 281 579 496 264 515 622 230 520 433 172 642 238 181 324 586 359 127 410 422 250 302 452 471 686 93 240 124 582 659 194 491 486 264 355 445 758 10 706 419 738 292 197 87 383 630 576 193 709 267 345 441 319 393 505 533 353 705 509 74 442 700 689 534 567 557 155 225 162 407 654 
233 259 531 237 281 292 319 245 490 483 258 420 330 250 535 278 314 402 277 394 427 91 449 74 420 65 262 170 265 205 183 237 52 156 457 185 89 279 303 375 521 206 150 380 492 532 299 229 301 275 182 335 296 456 342 147 339 460 203 297 489 595 588 391 493 183 372 152 382 406 388 397 123 437 212 378 455 249 594 554 508 16 269 419 423 436 458 213 251 503 375 346 343 381 398 455 257 117 545 248 647 413 16 255 457 402 169 281 392 343 193 188 444 124 305 333 433 470 333 488 338 235 594 670 206 533 265 462 177 439 106 258 175 305 534 220 97 155 446 536 436 334 450 277 136 300 317 108 409 321 229 201 528 568 230 206 405 380 383 279 507 138 406 216 272 229 339 331 395 434 461 299 114 274 380 643 338 449 461 126 246 332 407 231 482 103 423 450 507 162 695 317 318 170 396 381 373 410 451 317 509 258 587 352 387 426 135 514 232 406 202 376 280 618 212 335 109 288 271 207 447 174 382 227 458 229 346 307 124 320 512 346 236 499 143 392 296 385 193 378 102 180 308 380 623 376 231 477 334 447 93 284 169 266 544 253 100 176 443 497 522 191 392 314 458 333 454 439 141 344 487 303 349 310 470 488 132 239 64 257 281 336 350 214 134 265 259 143 267 625 79 467 516 225 287 575 186 530 268 214 592 276 139 483 364 318 266 184 367 65 215 308 246 627 176 154 209 353 430 412 324 379 191 167 443 530 223 477 337 512 469 115 240 182 399 550 68 479 370 531 370 305 162 518 408 160 476 353 292 302 595 554 374 344 465 122 125 272 176 423 
453 502 485 450 523 576 30 366 246 324 454 271 125 572 407 396 551 737 363 53 85 404 479 390 360 278 156 450 522 485 508 527 380 370 116 326 429 616 199 426 425 503 405 718 439 209 536 158 219 417 434 250 603 335 405 488 432 394 462 119 175 253 253 727 153 378 269 453 308 313 266 315 452 448 535 89 374 181 253 501 345 326 578 464 237 345 265 271 97 182 361 316 170 518 733 342 453 249 492 562 320 410 345 86 421 64 406 128 568 193 250 522 213 262 332 663 326 176 445 483 333 204 274 334 548 205 533 480 501 394 238 238 461 186 276 456 438 405 110 477 256 481 339 136 428 455 634 325 274 318 570 449 213 244 395 474 360 39 326 572 483 443 741 395 328 350 390 440 426 305 388 93 456 383 139 324 257 146 308 317 570 394 76 160 401 264 364 172 433 302 364 642 316 427 275 468 524 121 248 58 358 96 511 538 211 109 391 181 571 410 183 282 620 285 552 677 415 414 77 342 424 442 717 247 275 260 28 649 286 112 214 673 146 429 230 380 179 119 280 169 443 346 605 219 309 218 406 342 283 395 291 114 507 299 324 517 347 516 112 183 333 522 149 656 158 673 222 213 436 469 153 570 43 177 434 345 208 581 284 593 455 299 81 480 240 559 451 415 226 286 396 126 317 567 315 273 528 312 94 542 284 285 475 505 302 166 567 279 137 400 553 607 415 306 475 232 521 447 400 562 88 52 532 460 246 458 460 448 92 432 525 282 409 195 454 277 313 455 372 583 700 647 325 308 67 449 441 66 544 605 253 220 89 490 134 449 467 366 340 455 
383 647 251 606 447 699 261 550 480 86 367 512 123 661 166 281 702 734 559 236 259 424 701 483 594 352 370 428 459 608 512 491 463 338 258 493 495 630 425 250 185 615 535 723 675 396 686 352 443 308 396 480 570 575 246 546 633 164 418 347 192 356 403 726 312 533 504 560 101 90 504 550 474 242 532 160 141 389 375 265 586 403 551 274 16 583 506 459 285 211 170 541 82 710 730 582 617 382 255 660 478 636 423 252 654 226 370 157 748 71 429 537 452 403 190 656 92 399 304 713 553 176 453 465 596 242 665 705 507 627 349 446 579 414 502 601 499 538 302 240 24 667 579 356 423 636 607 456 514 162 601 588 409 422 313 433 149 253 123 688 717 547 739 323 529 531 230 637 645 545 156 170 510 269 104 496 487 163 68 312 564 240 212 356 640 390 598 127 196 276 506 629 163 394 514 303 712 146 488 191 600 294 271 713 451 185 519 357 632 212 214 517 644 434 582 705 426 602 279 275 654 413 717 193 516 196 270 687 295 348 426 658 343 667 269 606 118 360 237 411 507 298 561 32 492 35 326 584 509 171 416 336 573 190 559 651 353 576 314 387 112 533 97 694 160 689 460 453 430 663 334 705 284 106 210 587 313 624 348 604 629 130 159 611 384 520 617 538 439 415 424 288 556 609 188 472 580 548 201 624 476 494 547 731 109 398 677 244 379 443 575 564 327 478 584 389 621 293 185 752 159 283 569 444 488 220 605 224 331 193 743 419 580 233 272 497 424 232 594 804 689 682 293 546 244 434 216 175 686 567 366 273 157 355 330 533 518 560 295 259 
678 313 896 271 728 398 430 204 335 769 700 220 559 476 847 698 313 757 170 491 497 534 29 411 109 443 312 615 710 363 602 675 427 593 526 261 469 646 258 778 854 394 333 727 86 478 310 333 240 704 629 206 717 175 747 499 124 808 649 339 619 605 546 746 515 277 193 392 716 731 204 151 547 826 628 546 793 294 584 916 229 436 691 823 683 141 266 249 397 618 744 141 601 171 753 164 250 361 906 450 557 46 432 430 62 506 614 529 236 618 279 590 315 341 686 713 752 402 757 42 130 557 503 607 545 629 356 23 597 80 399 239 369 271 366 301 480 327 475 893 702 182 163 327 580 197 725 338 207 688 589 317 460 499 662 652 760 467 728 413 65 397 757 651 178 218 738 141 52 191 804 512 495 690 590 531 199 599 750 547 652 735 522 328 120 366 107 629 854 567 604 709 685 617 197 799 190 578 281 494 214 388 937 239 267 560 340 495 533 789 508 180 630 558 580 658 552 176 403 623 47 621 737 582 254 593 432 621 525 344 422 732 341 107 491 76 580 367 578 307 475 604 736 654 504 651 666 191 174 803 359 347 493 642 313 346 539 508 461 444 785 598 602 626 611 676 317 311 585 153 486 367 420 588 837 201 419 572 455 635 221 686 532 343 347 698 245 353 244 589 522 509 278 565 666 456 527 307 482 477 476 195 470 48 703 290 426 570 335 498 596 735 680 525 393 331 430 772 796 199 525 438 558 609 274 879 303 848 368 855 80 340 231 499 806 394 379 853 88 127 743 625 580 293 495 604 843 520 334 726 595 628 545 780 466 438 505 175 599 821 
442 68 782 119 460 40 508 221 591 735 472 483 564 97 789 517 91 385 254 590 617 290 367 180 421 308 401 355 435 53 295 381 202 391 650 224 194 289 404 620 775 49 132 354 460 684 84 384 390 508 387 402 391 486 587 179 259 714 394 446 706 778 750 374 672 168 428 101 636 660 448 425 267 685 311 598 709 377 769 805 550 259 370 661 669 452 534 288 439 716 628 366 585 232 381 479 135 291 796 70 794 373 240 458 425 602 389 516 201 589 297 270 549 275 557 356 687 608 567 420 343 485 736 829 195 742 28 385 293 421 316 342 80 415 635 95 198 132 622 788 684 202 475 423 327 184 386 213 467 575 238 92 674 717 465 388 659 570 637 37 447 115 384 449 281 225 587 241 336 478 715 525 200 517 613 780 399 669 713 377 322 578 612 383 474 279 423 679 761 414 845 360 571 377 451 616 214 632 538 533 542 441 839 169 482 639 146 678 167 656 446 423 266 775 238 282 302 215 459 453 409 369 366 480 528 484 530 246 379 469 646 376 396 476 390 371 541 531 447 495 189 425 416 628 755 624 461 509 378 700 251 441 157 520 616 35 343 169 614 646 772 280 626 250 680 305 557 543 327 229 656 53 527 555 722 522 352 211 312 287 161 591 571 57 298 392 140 124 357 792 282 651 580 210 540 703 185 604 490 113 723 321 155 394 619 437 44 438 501 252 257 413 475 767 78 305 69 590 682 239 549 558 222 341 528 783 91 727 494 766 358 256 171 426 641 659 237 729 349 405 380 251 411 589 602 341 727 570 61 402 774 757 594 565 632 145 203 246 423 668 
493 94 778 44 531 185 408 75 444 693 520 330 498 251 759 540 121 530 99 488 509 339 217 207 261 287 286 418 511 136 388 467 228 419 543 117 257 420 270 633 755 167 120 500 301 552 110 280 252 538 439 255 500 327 600 278 102 699 455 330 614 659 621 519 554 82 276 169 612 632 296 268 340 692 412 514 689 260 646 801 391 259 475 678 616 292 383 167 347 620 621 209 529 117 526 320 25 229 791 225 656 213 247 373 266 501 431 454 139 538 189 372 405 207 553 488 658 473 597 267 186 448 598 697 320 642 138 234 384 260 266 211 144 283 487 74 267 114 505 780 633 70 316 308 384 37 505 166 314 564 364 91 540 583 494 455 646 466 618 196 292 176 530 480 131 89 596 86 178 322 698 452 280 535 541 640 251 582 672 385 433 590 514 278 313 224 262 599 746 415 707 486 560 428 298 643 110 549 388 450 383 344 829 102 338 547 132 553 306 658 401 269 403 642 357 431 356 54 363 466 250 427 510 458 375 466 425 394 373 349 508 508 292 316 361 210 493 404 438 359 261 441 521 578 613 575 495 350 226 689 202 329 269 511 461 126 364 284 495 514 722 381 555 400 593 449 412 399 387 86 533 162 418 504 717 363 299 346 297 411 19 572 491 117 225 487 20 136 226 664 327 537 424 339 534 561 303 450 416 250 581 177 249 247 596 307 205 429 371 299 374 519 509 628 167 221 203 615 676 150 473 447 336 409 379 771 76 725 376 750 220 193 29 385 659 512 209 729 189 277 518 398 421 434 498 405 723 485 128 509 653 652 511 608 510 219 288 91 437 681 
219 334 459 303 281 375 254 283 454 398 234 403 246 336 453 227 389 464 308 323 357 130 480 157 426 32 230 186 272 286 234 263 137 128 386 219 172 344 282 314 442 290 221 445 504 474 373 194 286 231 180 326 335 449 282 228 379 383 207 254 409 525 525 454 427 237 362 235 301 325 375 395 179 371 262 298 376 225 527 482 493 77 309 359 337 435 432 223 193 424 302 353 257 435 460 450 319 111 472 334 589 433 97 188 471 329 157 197 456 257 195 249 408 130 233 390 351 420 286 512 350 149 538 607 284 455 345 490 228 449 75 253 256 281 496 291 178 224 381 462 350 388 445 239 159 354 363 154 395 246 301 274 473 510 190 216 329 313 304 363 527 222 468 181 294 265 276 375 422 423 383 218 193 220 296 588 330 368 377 75 297 270 333 197 486 106 429 367 431 97 635 369 242 171 384 329 430 328 423 241 498 203 512 417 360 348 204 452 314 337 117 369 350 556 282 408 143 333 212 151 464 182 444 144 435 149 283 383 54 276 462 400 197 507 57 408 210 337 118 342 185 132 340 294 570 290 195 468 333 372 119 240 252 191 516 332 82 258 381 442 437 249 308 390 377 401 419 405 166 393 424 384 288 224 398 477 75 316 24 320 339 257 270 292 126 294 320 219 257 559 123 399 492 301 214 525 266 503 190 299 541 284 223 513 284 287 351 109 325 130 281 341 210 571 259 145 295 301 357 471 243 317 263 192 416 455 294 405 287 435 507 134 293 97 341 509 111 409 388 571 427 380 108 492 338 182 404 276 369 338 526 477 294 308 403 208 203 305 126 361 
300 666 135 634 353 701 369 600 603 129 276 617 231 644 135 188 722 660 617 365 393 391 775 484 685 364 454 368 371 615 458 415 461 289 396 538 478 571 515 119 111 615 553 654 767 534 706 429 529 213 331 570 489 678 128 521 692 51 346 443 335 499 544 654 450 566 599 562 49 52 603 643 435 100 471 289 48 469 518 156 698 406 476 134 157 680 620 519 371 354 45 623 187 759 657 683 650 421 146 649 620 716 425 339 741 357 311 240 786 164 488 487 570 443 111 583 62 527 187 795 630 205 592 608 559 385 675 782 454 716 382 521 585 506 630 624 479 557 435 133 147 713 679 446 375 680 527 483 616 88 554 606 545 561 236 361 8 378 32 686 803 548 666 251 593 581 115 692 717 647 51 269 486 179 236 636 576 305 117 287 499 127 346 433 736 424 688 269 98 249 648 555 92 334 613 171 757 283 603 300 710 382 181 748 558 323 537 495 600 71 254 611 591 576 536 650 387 652 372 220 740 351 645 190 628 183 385 639 285 450 558 581 422 762 287 687 185 476 216 520 488 249 474 147 631 146 247 689 593 42 445 430 549 143 681 663 325 548 446 521 178 481 233 645 303 629 579 570 379 714 471 714 399 182 78 694 352 582 356 546 668 76 280 623 429 440 651 551 517 557 394 426 673 569 124 609 548 670 288 605 614 566 528 807 57 495 672 225 489 421 525 478 242 619 585 439 613 169 44 797 268 405 528 386 601 123 627 91 440 102 812 455 620 266 135 627 443 98 672 875 614 633 256 665 375 378 85 297 701 483 508 415 285 236 464 524 491 616 249 118 
717 539 798 482 782 630 303 379 70 628 727 118 440 676 712 688 564 919 347 315 298 616 331 536 201 487 271 686 774 561 712 760 540 626 315 390 594 795 225 733 735 590 496 892 231 209 554 307 230 704 682 203 825 129 709 644 370 708 709 252 414 339 268 907 278 440 173 561 622 627 152 179 651 760 741 390 687 279 312 814 75 513 798 774 544 166 71 332 326 405 673 236 484 452 914 139 470 411 804 655 260 272 522 351 240 326 658 436 519 507 341 714 101 406 638 856 639 159 743 301 260 501 212 313 704 402 582 320 706 223 432 277 552 223 72 505 605 492 260 789 562 441 142 263 655 437 846 447 132 627 740 511 190 218 672 717 674 297 640 638 283 559 921 668 319 376 696 388 311 125 701 404 624 676 445 232 204 412 615 570 774 698 342 303 187 425 202 451 746 571 305 843 624 672 149 772 469 410 78 371 93 314 821 508 141 377 492 241 709 723 465 177 789 270 725 834 633 394 316 622 255 684 898 541 73 555 285 799 539 235 153 871 304 210 485 255 490 194 561 162 605 616 835 531 206 531 681 111 222 709 439 267 652 599 15 568 584 665 245 189 626 718 453 806 422 841 92 103 661 415 246 608 271 490 748 101 426 736 498 777 452 611 393 546 394 791 466 515 265 306 605 286 24 725 619 162 683 5 392 661 180 282 620 339 615 214 643 557 188 593 734 836 694 228 574 374 622 748 714 490 402 267 702 688 85 770 509 762 236 744 381 419 430 467 762 98 468 769 269 415 892 800 591 11 309 679 755 376 574 830 326 389 393 781 237 587 636 355 610 766 
633 379 792 324 692 471 301 224 185 647 649 68 440 525 728 629 400 784 189 352 352 508 180 407 42 392 205 585 679 408 594 655 416 542 380 250 467 664 143 694 742 439 351 756 113 326 391 235 132 639 590 90 710 43 666 511 205 702 614 216 476 453 395 772 365 293 59 417 610 622 58 20 535 734 623 414 684 196 432 811 106 403 683 738 560 21 116 204 286 474 649 79 483 288 780 38 310 308 801 502 408 113 407 319 100 366 570 418 354 503 225 591 163 295 599 728 640 250 687 166 99 462 353 457 567 482 423 173 589 74 339 162 403 152 220 349 479 347 327 787 579 276 33 211 552 273 727 320 56 595 606 358 308 348 601 620 659 328 625 480 160 417 785 594 167 225 655 223 148 41 697 394 496 618 463 384 85 460 630 489 653 654 383 231 78 318 45 493 745 501 457 718 592 579 50 724 304 444 130 370 100 275 827 343 120 421 351 343 566 696 417 47 654 407 594 693 526 232 286 556 108 587 763 494 104 507 298 657 462 214 270 745 239 105 416 91 472 222 502 162 476 543 725 536 357 534 608 66 82 699 323 228 514 556 179 410 493 528 313 292 658 597 474 663 472 704 165 159 557 250 335 446 284 477 736 79 346 598 404 648 290 587 405 392 291 683 305 371 157 437 497 361 142 588 579 307 547 170 369 515 327 143 485 197 600 163 487 495 192 479 606 725 622 376 427 271 472 698 697 326 403 298 571 584 122 771 353 748 233 745 231 302 272 412 723 248 350 754 103 277 762 659 518 154 353 576 743 391 412 717 443 479 415 718 316 451 508 197 537 734 
698 506 795 450 762 597 296 346 81 629 709 87 435 645 713 674 530 891 314 316 304 592 299 509 167 465 251 663 753 529 687 738 513 607 323 360 567 768 201 723 734 559 465 864 201 229 521 287 203 689 662 174 800 95 698 616 336 704 688 237 423 360 291 879 291 409 142 531 617 623 122 145 626 753 716 390 684 256 334 811 47 488 773 764 544 132 49 303 312 415 666 203 480 418 886 106 437 387 802 623 289 238 497 339 208 329 638 428 485 503 314 688 97 380 627 830 636 169 729 270 227 490 239 342 675 415 549 288 681 190 410 249 521 200 98 473 578 461 267 787 563 407 108 245 632 403 821 419 101 618 712 480 210 242 656 696 668 297 635 605 253 529 892 651 287 344 685 354 277 91 698 397 597 662 445 263 174 418 615 551 748 687 345 283 156 401 168 456 743 554 336 817 615 651 117 760 435 413 63 365 66 300 820 474 120 381 462 257 679 715 451 144 761 296 697 804 609 361 303 606 222 662 870 528 46 542 281 769 520 221 171 845 285 181 468 221 483 190 547 148 578 599 812 529 236 528 664 79 191 705 413 252 623 588 48 535 563 636 253 204 630 692 453 776 428 813 89 96 639 381 259 575 266 483 744 70 406 707 476 750 419 603 390 514 370 767 433 485 238 331 581 296 12 696 608 190 654 38 382 631 209 251 592 308 610 194 611 542 177 568 707 812 677 257 543 349 591 736 708 456 397 266 674 665 67 768 476 757 227 742 349 392 397 453 752 126 442 764 235 384 865 771 574 23 312 657 750 374 540 806 347 405 393 767 247 558 609 322 593 757 
131 501 292 477 198 525 341 464 575 293 119 552 248 461 320 54 555 485 488 378 413 207 658 313 593 212 375 184 208 444 273 240 289 103 431 400 298 389 435 135 296 440 391 476 674 552 540 341 443 72 148 485 318 605 101 337 560 233 168 383 410 561 585 478 482 416 519 388 176 202 529 558 250 196 288 319 233 379 572 316 641 242 301 179 268 597 571 399 308 429 143 523 227 614 482 608 495 289 307 468 658 608 257 284 644 377 126 219 632 210 369 302 534 309 75 407 228 519 111 688 524 140 616 661 374 463 503 669 269 620 249 419 414 430 612 462 297 396 449 300 271 567 604 376 189 533 356 333 547 101 369 443 557 585 61 183 179 379 167 509 701 374 491 72 472 446 98 556 601 577 235 255 303 42 286 665 490 371 273 114 318 91 373 346 652 286 597 350 276 83 696 379 98 149 539 150 609 334 558 290 649 320 352 592 500 369 375 520 414 166 169 528 407 618 351 467 202 514 318 35 638 167 469 97 576 84 366 454 126 399 558 408 340 675 160 582 184 447 73 472 307 65 309 230 653 226 74 622 500 216 300 368 365 61 647 493 146 363 455 528 340 296 292 460 374 447 544 531 194 574 492 541 377 195 233 630 232 396 202 363 517 130 296 454 301 268 497 385 420 610 211 454 630 383 66 618 362 634 251 422 628 457 347 692 159 428 493 80 446 240 340 312 77 647 411 318 434 122 195 649 271 397 342 201 553 297 464 238 399 283 687 315 472 167 160 617 289 240 563 751 440 448 79 626 392 193 238 310 532 315 567 492 314 147 477 346 307 486 66 182 
591 236 824 188 640 325 381 115 339 708 614 219 500 395 783 616 247 672 82 451 462 446 91 322 125 359 256 526 622 280 513 586 338 508 494 173 380 559 212 699 787 311 245 643 156 469 240 269 191 620 541 170 628 197 667 411 47 738 561 290 580 589 539 661 492 188 174 304 647 664 191 147 458 750 539 496 724 233 572 845 261 348 602 744 624 160 271 171 337 582 670 104 539 129 668 188 169 279 835 370 561 69 344 369 121 465 527 466 195 554 202 501 308 258 609 626 686 390 675 131 80 484 504 607 459 597 280 103 508 117 318 175 284 225 377 217 391 239 447 823 643 118 185 274 492 121 637 250 203 613 502 232 453 496 577 563 688 426 657 338 153 309 672 566 97 129 659 66 37 200 735 452 406 608 536 540 164 555 688 463 564 655 480 265 171 282 126 581 785 485 611 622 610 529 189 718 145 530 282 439 249 330 868 184 249 517 251 479 448 713 435 163 544 555 493 574 464 90 347 540 106 533 652 506 261 517 388 538 442 301 418 645 279 172 412 71 514 338 499 282 386 520 647 592 513 589 581 219 135 731 273 296 406 565 338 269 452 421 434 433 729 509 548 543 567 591 313 303 496 90 466 297 377 523 764 231 341 486 370 547 142 614 479 261 267 609 164 264 185 582 434 481 301 479 589 461 440 329 420 393 482 127 382 125 633 249 348 490 304 409 508 646 596 530 307 252 346 690 723 170 468 401 470 521 273 810 220 774 327 787 122 255 144 424 726 404 292 779 55 185 657 541 497 314 456 515 771 469 263 637 581 601 495 695 443 350 416 86 515 743 
711 343 924 303 761 427 451 237 340 793 732 230 584 506 872 729 340 789 202 510 513 567 45 444 121 474 337 648 743 394 635 708 460 625 542 294 502 678 281 808 880 425 366 759 73 486 338 359 263 735 661 227 750 178 777 531 155 835 682 361 636 614 553 777 528 310 210 424 743 758 218 166 580 855 661 567 820 320 592 944 226 468 724 853 707 147 272 280 422 635 773 166 625 194 784 167 281 392 934 480 559 72 465 455 63 524 646 555 257 643 310 623 324 373 716 746 778 412 789 9 158 585 507 610 578 644 385 27 630 88 430 267 401 293 368 332 513 360 489 921 726 210 167 350 613 228 758 371 219 717 621 349 468 505 693 685 788 486 756 442 35 430 788 683 209 251 768 172 85 199 831 536 528 721 613 533 220 618 775 578 685 765 540 355 114 397 118 649 881 598 606 742 714 650 211 830 214 598 288 517 209 413 963 263 281 579 373 505 564 818 537 197 662 563 613 689 585 208 427 654 55 654 769 611 259 623 452 652 556 365 429 765 367 95 521 101 607 383 609 322 508 635 769 678 506 676 698 191 197 830 391 370 525 672 311 376 571 541 475 454 808 631 625 658 630 707 325 320 618 182 498 395 439 614 865 200 449 604 486 667 251 714 554 375 378 731 276 385 271 595 555 523 277 597 695 458 560 306 507 509 478 224 503 38 731 311 455 601 352 531 628 768 712 527 425 361 461 803 825 218 548 456 591 642 282 906 334 876 387 882 84 372 263 528 836 396 412 881 117 115 776 656 611 293 512 636 871 542 362 759 604 642 567 812 479 471 538 208 630 851 
220 578 213 548 280 610 330 521 569 198 200 566 207 552 224 112 633 578 540 346 378 299 704 394 623 278 395 280 294 525 369 333 371 198 389 458 386 485 456 101 203 524 466 571 705 521 618 365 468 139 244 510 409 624 83 429 615 141 262 391 349 509 543 571 443 482 541 471 82 107 548 583 344 135 384 276 139 405 524 236 651 317 394 140 187 622 576 445 316 369 56 557 172 677 575 629 565 341 227 557 618 648 335 286 678 341 222 197 702 150 414 398 531 363 22 501 133 501 135 728 562 137 583 614 469 402 585 712 365 652 302 454 495 448 601 536 387 470 418 216 187 631 624 390 285 597 448 399 563 8 465 518 529 552 152 277 86 353 71 595 738 457 584 165 519 502 67 613 646 594 142 232 394 100 231 630 516 313 180 196 413 74 333 370 678 342 627 285 187 158 652 473 9 245 558 146 674 282 560 267 661 328 267 663 509 320 449 485 509 97 184 552 503 576 447 563 296 572 321 129 674 263 563 110 583 99 351 550 196 403 536 500 361 703 205 620 146 439 127 475 396 158 398 156 621 153 164 638 530 127 362 377 457 54 645 573 233 456 427 502 247 392 233 556 314 543 541 530 290 634 458 624 364 150 152 644 275 492 269 459 584 40 259 534 350 360 566 462 451 563 303 416 632 478 32 592 456 632 241 513 600 496 437 737 66 441 580 137 446 329 436 401 161 612 494 363 522 129 111 715 240 377 437 297 557 210 539 160 397 193 738 373 537 192 129 602 357 164 603 802 533 544 164 626 358 289 158 275 612 405 517 432 271 187 447 433 399 539 157 134 
191 378 569 393 164 345 546 450 732 602 219 660 516 247 624 302 418 179 487 613 648 161 649 245 648 293 504 127 138 311 58 79 235 217 675 404 186 85 545 398 594 287 320 167 712 766 408 471 541 280 160 574 64 692 372 157 533 531 142 537 685 814 816 171 717 376 610 266 485 511 628 631 119 464 29 578 536 492 817 592 747 258 42 426 570 668 699 447 483 702 444 576 511 541 176 690 417 359 585 268 880 627 248 479 677 618 185 471 525 501 431 63 686 364 382 102 537 708 326 695 563 400 829 898 134 735 353 665 65 662 345 497 293 548 776 365 174 326 673 581 577 500 685 518 137 471 75 331 648 410 97 345 764 802 252 128 482 603 475 323 718 258 185 238 493 440 380 519 601 672 535 500 158 309 563 879 576 644 582 255 10 368 620 473 710 345 651 633 570 284 927 78 407 160 635 370 527 604 694 527 747 492 633 488 630 630 313 743 173 449 392 613 110 848 91 164 148 479 503 280 664 142 162 368 699 361 574 162 283 560 751 109 477 722 336 612 462 624 321 620 178 256 88 529 860 525 242 714 569 513 332 524 172 367 786 352 219 158 672 733 649 55 573 166 650 140 696 682 130 521 715 376 579 475 518 725 363 132 284 63 447 439 550 331 377 72 421 301 507 850 170 690 757 125 376 814 142 773 477 216 830 508 186 681 468 560 303 316 608 177 71 86 248 862 273 396 258 351 488 559 523 608 105 111 686 586 365 518 575 578 655 353 424 375 408 792 303 516 589 711 138 154 264 760 627 122 521 559 388 75 815 760 574 300 695 216 148 481 259 439 
138 345 456 329 192 362 350 339 551 437 162 495 321 299 476 190 398 375 371 415 450 48 543 157 507 110 325 88 179 285 144 165 133 64 477 279 135 260 375 292 456 278 241 358 581 571 384 290 376 183 90 414 237 537 259 176 435 394 114 351 490 616 620 365 520 278 450 228 326 352 465 480 98 357 169 381 392 318 619 479 585 104 212 333 390 520 527 300 291 506 305 433 321 475 371 537 350 192 471 305 685 505 110 283 548 420 74 275 483 314 276 164 505 206 234 299 379 518 243 581 427 208 635 701 220 538 343 556 138 528 165 338 255 375 594 310 134 247 476 463 399 428 532 335 62 394 266 202 485 256 225 290 571 607 139 121 339 406 322 346 599 214 379 124 363 323 259 427 488 513 396 302 141 189 369 685 417 448 416 64 205 250 422 293 569 182 510 440 439 101 731 276 253 79 474 291 467 408 519 329 588 300 515 444 455 433 227 547 258 329 194 456 271 651 206 331 51 383 309 127 538 87 356 183 529 180 378 311 87 373 560 307 294 587 138 483 271 435 139 439 143 98 242 347 667 343 138 557 418 378 182 337 204 203 612 334 23 204 477 539 480 162 380 317 455 319 516 501 69 440 519 380 384 286 396 567 173 247 99 234 375 278 353 296 209 196 353 231 344 653 49 492 586 233 220 623 206 598 279 260 638 363 184 577 308 382 330 131 422 77 200 243 152 668 249 230 271 264 358 505 326 412 192 94 511 460 312 401 385 445 564 202 335 177 314 606 160 403 461 627 335 306 89 587 430 84 401 361 374 240 618 563 377 250 499 183 146 366 96 340 
534 485 595 428 603 568 100 330 139 431 540 169 235 583 515 492 526 784 316 123 122 458 399 413 270 326 130 517 598 482 561 594 409 446 152 307 462 660 137 530 535 505 404 761 343 155 512 155 157 510 507 173 666 233 508 519 375 504 535 87 245 252 219 773 150 363 180 462 417 423 172 224 501 556 590 192 484 154 240 611 236 365 640 570 345 249 156 244 139 244 469 241 280 465 780 242 425 270 602 569 269 329 380 155 330 137 481 233 523 303 234 570 103 274 436 714 436 88 544 395 263 301 213 299 580 255 521 397 555 303 275 194 463 124 173 441 473 402 103 587 364 435 239 110 491 415 693 332 176 423 609 439 148 190 482 545 470 100 436 568 391 455 787 480 280 318 494 387 352 203 498 199 491 479 246 262 180 230 416 390 624 497 153 155 302 286 273 265 543 384 319 696 421 498 180 571 475 218 138 166 251 128 620 497 110 191 394 147 596 518 270 194 660 245 592 712 473 370 123 431 336 512 763 342 167 356 81 681 358 63 131 726 146 331 302 300 286 9 368 68 475 429 672 329 241 328 493 237 209 505 308 97 534 399 215 506 412 545 91 118 435 572 255 688 242 713 112 103 498 417 127 556 67 285 544 239 257 614 335 638 420 406 190 473 255 626 422 419 180 261 449 137 207 601 418 194 559 203 190 559 211 233 501 422 411 99 567 365 39 445 597 673 504 246 481 240 530 548 509 508 198 69 570 523 138 568 445 557 44 542 448 293 380 276 559 180 335 565 298 502 751 680 406 198 123 513 551 174 525 669 246 257 194 586 103 471 503 321 423 562 
531 375 669 317 594 463 181 214 165 525 544 91 317 494 606 515 411 726 193 240 247 422 275 343 154 295 86 494 584 383 517 567 346 439 279 207 400 602 31 575 619 410 311 700 235 263 398 121 39 528 493 45 631 144 548 452 248 579 519 93 368 377 333 714 277 261 64 375 487 499 68 109 457 613 546 295 561 87 361 688 181 318 603 619 438 144 123 144 164 369 527 114 361 338 721 149 311 217 678 476 367 205 327 196 215 254 470 295 397 380 148 519 121 211 479 662 517 184 573 277 135 342 309 407 512 382 415 274 511 188 240 87 370 32 210 334 412 308 231 664 458 310 145 89 462 293 652 255 85 474 547 336 250 294 493 527 536 216 503 466 277 371 728 487 158 205 536 261 225 115 574 271 430 504 342 352 52 347 508 384 579 536 270 117 201 231 158 377 622 391 418 648 471 482 78 607 349 327 118 248 187 152 703 374 55 308 305 267 520 575 298 77 597 353 532 643 439 248 163 444 217 493 705 376 123 389 181 609 355 93 219 677 122 228 305 175 349 122 388 70 412 435 641 413 327 412 501 160 81 576 245 104 461 437 210 400 394 474 219 225 538 524 354 616 359 649 129 115 468 291 252 446 168 354 613 167 239 545 306 583 301 465 284 371 200 597 307 329 74 376 411 265 181 533 459 274 491 196 246 475 294 111 429 300 477 41 468 382 88 399 540 642 514 339 391 179 439 582 575 381 280 188 509 495 110 648 338 625 116 622 322 224 266 295 604 232 273 631 170 378 698 610 410 183 244 486 620 271 414 636 369 385 296 606 229 396 442 200 429 614 
714 451 855 399 774 542 357 302 180 700 729 105 497 602 783 705 466 866 265 393 387 591 206 490 95 473 277 668 761 485 678 738 499 623 411 333 550 746 217 766 800 516 432 837 101 329 459 310 209 717 672 169 794 46 739 593 267 764 696 279 510 459 393 854 385 373 133 497 674 683 122 103 618 803 706 463 746 272 435 873 55 486 766 809 614 67 120 287 353 504 716 160 542 340 861 45 382 390 863 579 390 156 490 384 115 407 651 482 407 563 307 674 179 377 670 811 699 263 763 171 177 532 341 443 649 507 496 194 672 104 420 243 482 222 200 425 562 427 355 849 633 337 50 279 635 340 810 403 106 665 688 436 310 343 680 703 724 372 690 553 153 498 867 673 247 305 727 286 197 75 759 454 579 694 515 363 165 499 685 569 736 727 424 305 58 401 94 535 806 579 435 801 662 661 112 798 358 489 139 427 37 342 886 402 165 461 432 354 646 765 489 126 735 398 676 773 609 302 350 633 131 669 845 567 108 580 348 737 541 271 271 828 312 80 493 148 536 261 578 206 559 621 808 593 336 592 687 33 165 763 406 292 595 628 139 483 574 610 340 301 707 680 525 744 511 786 176 176 640 309 353 516 333 539 800 34 425 679 485 730 359 654 457 468 372 766 377 452 238 432 580 386 106 670 650 291 628 135 433 594 310 226 567 210 665 228 561 571 238 562 688 808 701 358 506 352 550 772 763 373 460 340 653 667 136 831 428 813 285 805 255 385 348 486 795 227 434 819 168 285 844 740 596 123 392 659 807 442 481 801 447 500 464 795 338 533 591 273 615 804 
753 697 730 639 823 785 310 536 171 542 755 292 404 811 623 694 731 1018 512 266 233 691 533 646 397 559 360 746 822 704 794 823 643 668 224 527 696 894 345 711 656 730 629 995 437 91 719 389 361 716 732 355 896 329 694 752 552 646 760 320 300 164 89 1007 170 582 339 690 574 570 320 364 735 720 822 336 623 381 134 741 282 599 871 744 470 363 240 463 368 284 637 410 441 640 1014 340 632 504 732 794 53 469 614 376 444 270 705 424 705 464 460 803 205 507 623 948 574 146 740 506 435 503 29 107 814 266 737 524 787 424 509 408 688 336 138 657 707 627 194 717 485 621 341 342 721 609 925 563 307 604 843 658 88 60 695 771 626 264 595 788 490 685 1021 696 478 527 679 569 504 314 638 388 725 681 386 29 359 319 535 615 857 684 278 387 392 519 399 358 674 602 100 929 602 724 321 757 655 337 228 353 300 359 738 688 271 297 621 126 829 685 483 348 894 73 826 946 704 564 349 643 457 739 997 546 251 559 282 914 583 296 105 959 380 417 526 447 467 230 580 255 709 647 901 474 10 475 706 315 386 653 541 331 766 594 200 722 641 778 188 119 525 805 388 921 324 947 199 210 728 598 153 768 275 461 692 306 489 847 567 872 620 579 353 693 488 855 628 646 393 111 682 195 230 834 608 49 793 202 395 789 28 433 734 544 574 314 789 579 254 679 831 902 716 21 708 472 757 739 665 681 374 249 804 753 237 695 661 706 278 669 584 524 588 494 737 110 568 714 455 621 984 914 625 214 253 743 698 337 736 899 149 241 340 787 166 703 737 519 641 732 
493 60 829 118 512 43 531 221 593 775 524 480 598 141 831 567 46 427 249 613 638 341 339 224 409 348 418 407 487 93 347 433 247 441 672 238 245 337 414 668 819 100 162 396 439 695 47 405 397 558 438 404 442 477 635 231 239 759 446 463 733 796 763 416 690 183 426 148 679 703 447 418 319 733 363 627 753 393 785 852 541 302 421 710 707 442 533 300 464 742 674 360 621 197 423 469 126 321 843 114 803 354 283 486 406 625 439 550 156 626 314 322 553 304 603 402 730 618 617 393 336 524 744 841 246 767 33 358 345 404 350 352 122 425 637 105 249 161 640 834 722 174 465 440 379 165 435 244 465 620 288 113 684 728 514 440 704 593 681 63 420 162 425 499 280 230 635 220 315 472 759 556 252 565 645 787 400 698 753 423 374 626 636 403 457 310 410 709 806 460 854 408 616 428 449 666 177 662 538 562 532 464 886 128 487 666 178 693 214 703 483 420 313 786 288 323 353 203 483 501 389 421 409 523 526 527 552 288 423 485 655 423 417 457 430 356 579 544 492 504 240 473 467 665 762 662 511 500 377 746 283 459 209 565 612 46 391 221 631 657 810 332 659 292 709 348 561 548 379 203 672 11 547 592 768 513 386 259 354 336 145 635 601 86 326 444 130 160 367 806 332 670 575 259 586 709 237 601 521 162 729 324 208 364 662 449 81 482 512 301 308 464 525 775 127 330 121 639 729 196 580 578 273 393 529 829 101 774 511 811 324 285 169 464 690 661 274 776 336 366 425 294 458 585 625 393 774 599 23 453 791 780 624 616 648 195 255 242 470 716 
635 563 666 505 704 650 194 403 76 489 640 177 314 674 573 588 599 884 381 179 157 561 426 510 288 428 224 620 700 568 663 697 507 547 170 391 561 761 210 619 599 593 492 861 345 80 587 254 226 607 609 225 768 230 598 617 428 577 637 185 269 208 150 874 133 447 215 553 495 497 199 248 603 638 692 256 555 244 186 680 204 466 742 657 407 258 135 327 241 259 552 286 357 518 880 240 499 369 671 658 179 357 480 255 343 189 583 322 580 380 323 671 82 371 526 816 506 17 638 408 311 396 121 219 678 257 602 419 656 319 376 272 551 200 87 521 572 490 116 656 425 494 240 206 593 480 795 426 190 511 708 522 64 106 582 648 548 166 515 652 398 548 888 580 346 393 584 443 389 207 570 286 590 575 311 166 230 269 478 492 726 588 203 252 301 384 291 309 612 484 230 798 509 601 203 662 531 271 118 251 223 231 684 560 141 235 484 100 692 601 368 227 759 166 692 811 575 435 224 530 353 614 864 438 148 452 169 778 460 161 31 828 246 328 403 332 372 97 467 119 574 530 774 400 142 400 592 224 258 580 405 197 630 492 150 587 515 642 103 47 484 673 317 786 278 812 81 87 600 473 101 634 157 369 620 220 359 712 437 739 489 491 264 557 353 729 496 509 257 193 551 141 159 699 509 93 657 142 284 652 111 300 598 442 491 178 653 465 117 547 697 776 603 152 571 336 620 640 588 560 279 141 670 626 124 635 525 633 146 609 477 388 454 376 647 84 433 641 337 522 852 778 507 144 171 616 626 247 602 772 197 247 259 682 92 566 602 387 524 647 
755 653 769 595 824 742 313 490 118 585 760 235 426 776 667 706 683 998 463 288 259 678 467 620 334 545 335 739 820 666 779 816 619 667 260 489 673 874 309 733 697 693 594 974 368 123 672 368 321 726 729 308 887 263 714 728 497 681 757 301 348 231 155 987 209 543 286 657 604 603 266 305 719 749 808 363 659 352 202 781 212 581 860 769 507 299 181 426 361 334 664 356 467 582 994 274 586 482 772 758 127 406 594 375 377 295 702 438 648 491 427 786 161 482 642 931 609 135 756 438 381 514 90 181 789 321 694 457 773 359 493 370 652 302 75 614 684 591 217 757 524 567 276 320 712 558 912 533 250 625 821 618 109 110 701 767 657 279 625 747 420 653 1001 700 431 484 699 514 443 253 674 402 703 693 416 96 311 360 576 612 843 704 306 366 324 497 335 400 713 604 169 914 623 720 266 777 598 371 173 367 230 350 781 634 227 332 587 163 800 713 488 294 871 146 805 921 693 514 344 649 391 734 977 556 191 570 287 888 580 278 96 944 361 347 523 386 486 215 587 222 686 650 893 506 71 506 712 247 335 687 517 314 739 609 128 679 634 752 207 131 573 789 420 895 367 924 152 166 719 542 183 723 276 482 726 238 477 822 555 853 571 603 375 653 466 847 581 611 356 184 668 229 161 810 625 47 768 132 402 757 55 388 707 476 602 283 750 584 230 662 811 894 722 96 673 448 722 757 696 621 392 257 782 745 183 735 618 740 265 709 518 498 542 496 761 50 545 748 397 552 967 888 627 145 277 735 732 358 690 890 217 301 367 800 188 675 715 470 644 759 
486 630 406 579 556 698 167 502 340 221 478 396 115 682 305 402 680 810 500 103 112 480 615 497 493 372 294 508 562 605 580 581 483 418 103 457 526 696 336 396 334 619 526 795 568 241 665 292 356 427 483 386 660 459 385 584 570 321 509 257 53 206 246 801 155 507 401 567 252 246 396 447 531 397 604 60 298 319 222 418 458 424 638 426 145 475 378 406 225 70 319 453 133 655 807 468 585 366 409 675 322 546 444 201 553 89 455 161 704 153 382 599 321 383 319 733 249 254 438 617 470 233 296 312 641 104 657 616 574 526 345 376 579 323 356 583 534 527 153 394 160 617 465 274 494 591 694 444 401 294 656 574 254 265 419 523 304 126 274 691 615 556 815 425 466 485 369 578 563 430 313 138 549 388 73 338 393 12 212 376 639 377 72 294 529 379 496 39 350 349 351 709 294 478 405 446 661 27 359 125 474 227 418 673 336 35 511 201 670 365 241 415 704 278 637 764 487 550 208 371 557 496 792 270 390 281 160 739 349 248 275 740 280 557 302 516 176 235 315 294 540 385 656 152 335 154 431 463 419 328 407 252 606 300 418 642 413 613 166 236 215 598 69 747 22 754 327 322 500 606 180 696 172 164 367 463 310 672 373 670 589 266 87 603 361 612 583 534 364 261 475 134 421 658 308 317 622 409 170 649 320 423 576 641 255 302 684 318 262 486 635 659 437 321 590 357 634 432 341 699 113 157 619 521 361 372 587 381 224 346 662 402 542 260 421 347 424 389 510 719 769 736 370 409 104 510 373 88 671 659 214 132 63 488 179 554 559 503 380 412 
505 549 507 494 576 625 79 406 224 334 505 274 157 625 418 443 595 793 398 20 30 460 499 444 373 334 194 506 576 534 564 582 435 423 64 370 485 672 225 464 441 554 455 774 447 159 580 203 245 465 488 270 659 337 446 543 464 417 516 150 144 198 198 783 97 424 282 505 336 337 276 327 508 480 591 97 396 220 197 521 336 382 634 500 249 353 257 313 149 145 395 338 198 552 789 346 496 302 512 614 267 429 400 142 433 33 460 173 605 222 294 578 199 313 374 719 347 142 490 498 358 252 223 279 603 162 581 498 557 406 293 273 512 211 246 502 494 454 56 497 268 517 343 172 484 494 689 376 280 356 626 497 165 193 445 528 389 16 356 622 495 496 797 446 363 391 430 474 449 308 410 137 511 430 152 273 277 126 321 372 626 435 49 204 407 317 376 161 453 355 309 698 354 481 284 509 560 116 238 102 352 146 527 577 214 87 442 128 626 444 236 296 676 230 608 733 471 451 129 393 438 497 773 295 268 308 55 705 340 136 174 729 191 435 285 400 218 113 331 172 498 399 660 240 260 240 457 341 305 421 344 151 562 343 302 565 402 571 63 138 334 578 159 712 137 729 206 201 491 503 99 618 62 213 460 341 264 636 340 649 496 334 106 529 291 614 494 466 259 230 453 70 301 622 358 228 583 292 146 596 237 317 530 523 333 188 618 330 141 456 609 662 465 255 527 282 574 489 429 596 124 36 588 515 239 477 506 474 109 451 547 333 452 249 491 242 366 482 395 602 756 703 378 290 19 505 467 89 590 660 198 172 100 536 84 503 522 402 393 490 
534 547 545 492 604 627 95 399 187 370 535 245 194 633 454 476 592 813 388 57 45 480 478 455 348 352 189 530 604 538 584 607 447 450 74 369 499 691 210 500 479 559 458 792 419 128 577 204 231 497 515 251 682 307 481 557 450 455 542 144 168 189 175 802 83 424 259 512 373 375 250 302 527 517 612 134 433 215 183 559 302 397 657 537 286 326 223 308 161 166 432 319 235 539 808 317 492 311 550 621 240 408 414 162 408 68 487 207 595 259 293 597 165 320 409 740 384 104 524 473 340 284 192 257 618 177 581 476 578 381 307 264 516 197 208 502 508 457 33 535 305 507 314 167 507 486 712 382 252 392 642 498 132 163 476 554 427 46 394 625 468 504 816 476 352 385 466 461 430 279 448 170 526 463 190 243 258 157 358 398 647 471 84 205 378 327 351 194 491 384 285 720 390 507 258 545 549 152 204 135 319 155 564 569 187 120 447 101 638 481 264 272 693 206 625 749 493 442 141 424 414 523 792 327 235 341 67 719 366 125 137 750 193 407 309 379 253 85 361 146 512 428 685 278 228 278 487 309 286 459 352 148 574 377 266 566 426 584 31 103 369 598 196 726 168 746 172 167 514 491 74 618 64 249 498 309 281 651 358 667 489 371 143 531 299 639 489 471 250 212 473 63 266 637 393 193 597 255 175 606 203 305 542 501 370 172 622 360 118 474 627 687 496 225 533 287 581 524 466 583 159 33 604 539 206 514 506 512 98 488 527 340 447 276 528 204 377 519 376 580 777 718 406 254 51 528 504 126 588 685 186 180 138 569 53 514 538 393 422 527 
693 606 715 548 763 694 252 444 80 534 698 199 368 724 617 645 639 940 419 230 204 618 444 563 307 485 278 678 759 615 720 755 562 606 209 438 616 816 256 674 645 641 541 916 352 83 627 309 270 665 667 263 826 240 654 671 460 626 695 241 303 210 139 929 163 493 246 603 547 547 227 272 660 691 748 306 604 296 183 728 200 522 800 711 454 274 149 374 299 291 606 317 409 548 936 251 540 424 719 706 143 378 536 313 356 238 641 378 612 433 373 727 112 425 582 872 555 74 695 420 343 453 88 192 732 283 646 435 713 335 433 318 600 248 56 566 626 539 161 704 471 528 252 261 651 517 852 478 214 566 763 568 64 89 640 706 600 220 567 698 405 599 943 639 386 436 639 476 413 224 619 342 645 632 361 122 267 310 523 551 783 643 251 307 307 439 309 350 660 543 192 855 564 659 229 717 562 317 136 306 219 289 730 595 179 279 534 120 745 655 426 256 814 144 747 864 632 472 282 588 368 673 919 495 161 509 226 832 518 218 37 884 301 333 462 355 427 154 525 167 628 588 832 450 96 450 650 229 293 631 459 254 683 548 127 631 573 695 150 76 525 730 365 839 318 867 106 118 658 505 133 677 215 423 670 222 417 765 494 795 528 545 317 603 408 786 536 558 304 178 608 179 149 753 565 43 711 124 341 703 64 341 651 456 544 228 700 523 171 603 753 833 661 112 621 390 669 696 639 588 333 196 724 684 145 683 570 684 204 656 495 441 496 434 701 36 487 692 363 534 908 832 565 133 220 674 676 300 644 830 197 266 310 739 133 619 657 426 582 701 
290 584 239 548 355 628 266 505 502 147 275 512 132 582 202 191 640 641 519 270 300 338 674 410 580 282 350 336 366 539 422 398 389 247 309 444 415 540 410 178 198 543 471 631 663 443 624 326 425 217 303 465 477 573 166 464 594 150 325 339 265 426 462 634 363 477 494 488 57 75 498 538 387 192 441 197 135 365 441 258 594 330 459 211 109 575 516 420 267 285 106 519 92 665 638 579 561 328 248 583 537 613 350 234 638 264 278 135 696 68 389 448 468 350 101 563 100 429 219 693 528 109 504 532 510 318 597 680 417 612 291 419 509 401 531 540 418 474 342 235 113 620 575 342 334 587 514 396 511 75 513 524 452 472 220 340 106 280 72 615 700 475 647 230 493 486 149 595 616 543 146 165 428 177 148 550 472 229 126 227 472 157 254 330 632 333 584 201 195 189 570 536 75 302 508 227 664 199 500 198 605 277 278 659 453 238 454 406 548 155 156 506 555 495 494 616 339 557 267 183 636 321 625 110 524 110 283 599 214 346 463 565 319 658 200 584 81 374 151 416 426 207 468 73 543 70 233 585 490 145 357 326 491 97 580 585 268 493 351 427 190 443 150 605 230 599 477 467 340 619 380 637 297 79 182 590 258 537 277 514 577 46 183 544 334 427 562 471 414 480 339 337 570 523 95 516 496 568 184 544 523 464 466 705 47 390 603 159 385 361 486 471 234 533 512 342 545 212 145 705 168 306 482 353 497 221 543 195 336 197 712 364 528 172 204 530 359 202 569 775 597 594 204 563 281 343 189 200 621 474 433 348 192 270 371 456 435 519 204 201 
579 296 774 241 634 387 307 142 253 645 598 134 436 443 723 587 318 706 106 372 380 445 144 334 68 338 188 524 619 326 525 590 346 490 412 176 394 587 135 662 731 356 272 678 139 382 309 210 116 595 532 86 641 126 631 435 128 686 555 216 501 503 452 695 407 213 87 337 594 608 104 66 466 707 552 423 670 171 485 795 190 341 614 706 559 93 187 142 273 501 624 18 477 216 702 119 227 253 785 420 475 77 342 306 107 387 514 406 280 494 169 518 222 237 568 653 629 303 646 156 17 436 418 520 489 515 340 146 519 85 289 118 322 148 293 266 406 267 363 771 578 197 115 203 490 191 655 250 118 569 530 276 366 408 554 560 639 348 606 396 165 339 707 545 87 145 622 144 92 120 682 388 423 578 467 454 80 478 626 440 581 619 402 205 129 261 70 507 731 457 525 644 565 521 103 686 230 456 196 370 182 264 814 264 162 440 273 392 486 670 388 76 576 468 518 613 463 149 279 512 101 527 685 463 178 475 311 577 415 223 331 670 217 145 376 48 457 254 464 196 403 496 657 530 427 528 560 149 52 681 261 224 436 525 260 326 437 451 350 346 662 525 479 583 491 626 226 216 495 173 380 363 299 464 716 162 304 519 350 573 207 565 409 309 238 616 222 292 122 495 433 397 223 510 548 375 469 250 358 434 396 80 408 172 581 169 404 456 220 412 531 656 574 444 346 219 390 659 676 257 401 320 495 521 187 757 269 727 248 732 190 240 189 380 690 320 286 732 38 248 686 580 471 234 377 514 722 397 329 649 494 517 423 672 358 374 434 114 490 704 
172 545 246 519 233 572 341 499 580 247 153 566 232 510 271 67 600 530 521 368 402 256 689 358 616 250 391 232 247 490 322 285 335 153 416 435 346 437 452 100 246 487 434 522 697 543 584 360 463 94 196 505 361 622 70 386 594 183 213 394 385 541 571 523 469 455 538 434 130 156 546 578 299 154 336 303 184 399 554 269 654 284 345 145 231 617 581 429 318 404 94 547 203 652 527 626 536 321 260 516 645 635 301 290 668 365 175 212 673 183 398 351 540 342 26 452 181 517 105 716 550 140 607 644 423 438 549 698 318 644 281 443 460 446 614 505 346 438 440 252 232 606 622 389 238 572 399 371 562 55 418 486 550 575 103 228 129 372 119 556 727 421 536 117 502 480 60 591 630 593 186 248 352 54 263 655 510 347 228 159 365 58 359 364 673 320 619 322 227 123 681 424 53 198 556 130 648 313 566 284 663 330 304 634 512 350 418 509 464 121 179 548 455 604 400 515 251 549 326 84 663 215 514 101 587 88 365 503 165 407 554 452 356 696 186 609 167 450 100 480 355 114 350 196 644 193 115 638 522 167 336 379 414 42 654 538 193 413 447 522 295 345 267 509 349 494 550 538 243 610 482 587 377 175 186 645 258 446 240 411 557 86 282 499 332 311 538 428 443 593 260 442 639 432 28 612 412 641 251 471 622 483 395 722 114 442 541 109 453 288 389 353 114 637 457 347 482 107 147 688 260 393 391 250 562 249 507 191 405 234 720 350 511 183 128 617 329 194 590 784 484 497 124 634 381 242 191 298 577 357 548 467 298 153 469 393 356 519 114 144 
332 149 641 130 369 193 366 166 488 583 359 396 412 180 639 387 204 409 203 447 476 177 367 44 367 156 274 255 348 101 232 307 66 263 509 124 99 288 294 486 628 111 42 381 429 559 189 249 284 383 277 309 347 417 452 135 252 568 293 316 558 641 621 397 536 93 342 59 487 511 361 355 179 548 258 448 562 253 636 664 477 111 321 529 516 390 442 180 296 569 485 297 432 278 404 414 151 143 655 168 672 343 94 311 393 457 270 363 283 436 175 221 442 132 414 353 537 487 442 412 282 332 615 703 192 596 159 382 227 379 164 235 72 301 533 111 110 48 486 645 531 232 409 294 222 199 357 71 382 430 231 91 551 594 338 292 513 429 489 184 434 51 410 324 211 156 450 240 318 401 568 373 125 384 461 663 309 520 561 237 284 442 466 249 428 129 370 527 615 272 723 345 426 266 367 490 268 482 440 383 474 299 696 244 378 492 30 548 197 516 292 342 278 649 218 321 193 198 316 317 380 265 388 331 439 335 390 287 232 340 529 370 260 439 238 329 388 405 301 381 105 290 366 475 640 471 338 441 296 556 102 308 139 375 528 146 209 153 480 521 619 228 474 293 530 330 451 437 224 247 523 198 388 401 580 453 200 224 162 273 178 443 421 105 153 329 154 33 248 662 165 513 495 213 396 589 171 515 339 155 608 234 109 400 470 320 176 292 379 136 231 365 352 648 82 165 128 462 540 306 397 420 195 246 431 639 113 586 363 620 378 112 144 273 509 553 85 589 305 438 386 288 272 501 460 242 585 421 183 356 639 613 444 449 500 75 136 197 287 534 
520 51 834 75 548 118 493 164 530 763 549 415 574 207 825 582 35 495 185 574 595 364 263 236 337 343 372 438 525 118 390 475 259 457 629 197 272 397 359 680 817 142 155 464 363 641 29 365 341 577 465 342 493 406 647 274 165 759 477 417 698 747 710 484 642 149 362 171 675 697 382 350 353 742 410 595 751 346 735 857 471 304 471 723 689 370 468 253 429 705 677 293 602 123 491 398 70 299 847 180 745 280 288 454 331 587 462 528 96 610 273 369 492 279 607 465 723 562 636 317 268 514 686 785 301 728 82 282 387 330 333 299 142 371 573 84 279 150 593 837 705 98 394 395 406 92 492 226 399 621 345 103 628 672 532 473 704 552 678 135 344 184 494 517 219 176 644 146 240 404 758 530 287 579 620 727 338 664 741 431 425 637 599 363 383 291 337 680 806 465 796 468 617 454 383 684 104 631 474 531 461 427 888 59 426 631 171 641 276 710 469 354 376 731 342 392 379 134 446 512 314 450 476 518 460 524 511 356 425 437 597 485 377 382 422 283 563 492 493 448 271 485 517 649 701 646 531 429 313 747 266 415 257 566 543 78 403 270 583 603 795 378 633 360 676 415 499 487 408 127 622 86 504 575 773 442 368 320 351 393 77 632 571 101 299 490 72 162 314 753 354 625 507 317 589 649 288 533 494 220 669 266 246 288 658 396 150 483 460 323 361 515 545 716 157 299 173 656 732 130 552 534 324 426 465 830 81 780 463 810 249 262 114 451 704 598 264 783 264 295 490 361 467 518 584 424 778 567 53 504 741 738 593 641 598 225 292 179 481 728 
559 723 414 672 627 791 255 592 391 222 547 464 200 774 297 466 773 894 588 181 175 566 695 589 567 463 382 589 635 698 665 659 575 498 149 549 617 781 419 442 335 713 619 879 639 264 757 382 440 492 561 466 738 527 437 674 657 339 586 342 51 181 244 885 183 599 477 660 292 278 470 522 618 429 688 153 316 407 206 421 516 515 717 464 174 546 439 497 316 55 361 534 204 743 890 536 677 459 414 768 314 625 536 294 627 166 533 248 794 218 474 685 380 476 377 816 271 302 493 692 553 314 305 290 730 66 750 694 659 601 438 463 672 406 397 676 624 620 204 399 182 707 534 361 577 681 774 537 472 349 744 667 282 277 490 601 337 205 314 784 688 649 899 497 553 575 421 665 645 498 330 229 639 452 151 338 473 82 222 459 722 430 151 385 597 472 570 81 357 429 332 791 350 558 478 494 750 119 420 218 533 319 412 763 407 116 605 226 760 401 329 491 791 271 725 851 573 640 299 445 633 576 876 348 451 356 243 828 434 330 312 821 370 626 390 596 252 305 394 365 630 462 733 202 342 205 502 527 500 351 500 339 697 367 465 735 498 704 219 273 196 683 141 835 71 840 385 383 584 694 214 789 254 239 387 526 403 761 464 756 680 318 180 696 454 690 675 627 451 243 563 174 474 747 370 339 712 457 263 741 336 509 667 719 300 383 777 398 336 575 721 736 506 323 683 450 727 483 370 787 204 232 708 603 423 375 680 401 305 351 743 495 634 349 463 382 517 409 591 798 852 825 450 460 176 592 392 181 764 737 193 94 156 545 224 647 649 592 458 448 
337 236 581 191 391 300 249 154 385 495 357 307 308 297 560 357 289 503 178 331 359 205 350 123 308 99 162 282 377 208 294 351 123 250 393 90 177 379 193 444 556 225 129 478 382 445 273 134 188 361 289 222 409 342 411 231 249 500 313 202 445 525 506 491 419 119 258 176 412 433 275 283 234 498 323 337 490 144 519 603 395 99 382 488 421 322 347 101 180 455 424 234 335 309 498 341 203 31 594 285 559 306 104 197 348 342 272 261 338 342 79 295 338 15 358 438 458 375 416 384 227 249 503 588 292 482 260 361 288 328 67 144 183 197 430 189 188 130 369 582 438 263 336 180 248 230 428 47 296 367 324 177 438 480 318 318 447 313 419 295 400 167 505 307 165 135 405 246 293 320 499 266 207 350 355 551 224 408 474 203 355 400 351 135 370 25 311 419 548 227 609 424 363 278 282 460 307 372 342 272 396 182 631 300 279 378 114 432 306 463 203 262 375 534 309 425 222 204 200 281 339 285 482 260 346 268 273 392 184 226 417 453 144 387 162 284 296 292 244 274 189 261 422 382 529 378 322 363 220 491 21 193 244 315 434 245 196 256 364 408 527 300 368 399 419 428 348 334 254 265 407 299 272 308 520 374 101 326 111 359 218 373 311 206 37 379 203 138 154 546 193 396 404 313 338 479 271 420 230 270 497 164 211 384 397 213 289 235 268 177 317 422 337 536 197 50 244 432 479 347 289 304 286 280 334 573 193 529 248 551 376 5 170 186 470 448 49 533 262 440 474 392 237 407 343 273 526 309 276 415 522 497 334 436 384 181 219 175 256 489 
738 580 799 522 805 670 313 418 74 624 747 157 444 714 708 703 605 952 388 312 292 644 374 569 244 513 297 711 798 599 741 787 572 648 304 427 626 828 256 743 733 628 532 926 272 185 595 332 263 720 706 240 853 172 721 678 413 709 733 272 401 311 238 940 262 478 212 597 626 629 191 221 681 767 771 389 688 308 284 814 116 542 826 783 541 209 106 367 343 390 680 277 487 495 947 182 511 440 805 693 222 315 552 365 282 323 681 445 562 511 374 744 117 436 649 888 639 150 757 342 301 514 178 276 738 384 622 363 735 266 458 311 589 252 48 545 638 529 251 790 559 484 185 286 681 478 876 481 172 636 773 550 166 189 691 742 678 297 645 677 324 595 954 688 358 415 707 431 354 167 703 411 656 691 445 193 241 403 612 592 804 710 337 329 228 455 245 443 746 590 265 874 634 696 189 784 512 406 107 377 134 332 819 550 170 370 528 221 744 729 480 217 823 236 758 869 660 436 331 640 297 708 931 554 111 568 292 834 560 253 133 902 328 251 505 298 497 204 578 183 638 636 862 532 167 532 700 154 262 712 470 287 686 612 32 608 608 700 237 172 619 749 451 841 413 875 107 120 688 458 231 649 278 496 751 143 450 770 523 809 494 618 395 585 423 817 506 551 299 273 633 274 67 759 631 128 717 38 403 698 144 320 655 381 621 240 682 574 204 623 766 863 712 191 611 404 659 761 718 533 407 269 735 715 116 769 548 765 250 743 424 450 470 485 772 67 499 772 311 456 924 835 611 53 305 705 758 378 615 858 298 369 392 797 225 622 668 395 629 774 
293 197 593 174 335 238 334 190 477 536 319 394 369 213 591 341 252 411 224 413 444 141 394 31 379 108 254 221 316 148 213 281 34 219 476 136 86 288 284 439 580 154 87 386 446 536 237 226 277 338 239 307 329 422 405 138 282 520 257 294 519 611 596 400 507 123 342 100 439 463 360 361 155 500 241 409 514 236 607 616 479 63 302 482 471 398 436 178 264 531 436 306 387 318 407 420 193 112 607 206 651 364 47 275 411 423 229 320 328 390 165 209 430 107 366 349 489 468 397 436 294 285 595 678 200 560 206 409 207 394 124 230 118 289 522 157 98 91 457 597 485 272 415 272 187 238 345 61 381 381 233 138 530 572 293 259 465 397 441 227 456 88 414 280 225 176 402 272 342 403 520 332 116 338 418 643 308 481 514 189 271 395 431 227 441 97 382 486 567 224 700 337 378 228 367 444 310 442 432 345 478 268 648 289 369 454 71 522 215 468 247 344 283 624 218 332 159 229 284 270 400 229 390 283 435 287 360 300 184 318 510 365 235 455 191 346 342 384 253 367 97 243 345 428 621 425 294 445 300 507 73 284 152 326 523 194 164 163 453 499 573 215 431 307 491 336 440 426 191 284 496 246 359 356 532 456 158 233 114 269 219 395 381 154 126 306 196 81 241 635 129 482 492 220 348 572 178 510 299 182 590 239 119 428 422 305 218 243 361 103 227 345 308 628 124 142 165 416 491 349 357 391 194 215 424 591 160 538 339 572 411 90 179 227 463 540 47 541 323 472 384 299 225 496 427 210 537 382 232 337 610 578 405 407 473 90 128 219 240 487 
297 570 262 532 364 617 242 486 479 157 285 489 109 574 218 203 625 644 499 247 278 334 653 399 558 270 328 338 374 527 421 403 378 248 288 426 407 540 388 199 218 532 457 633 640 421 610 304 403 229 306 443 482 550 185 458 575 172 330 315 249 407 442 636 342 461 471 477 80 94 475 515 384 215 442 175 156 343 422 281 570 319 463 234 105 552 492 400 244 269 129 497 70 647 641 555 545 311 271 574 517 592 339 211 615 241 280 112 680 48 369 447 444 333 117 566 117 406 236 671 506 93 482 512 506 302 585 659 416 589 275 397 497 378 507 525 411 460 319 257 113 602 551 319 333 570 519 381 488 93 510 510 430 451 228 344 130 257 96 605 677 464 650 237 473 467 169 576 595 519 168 141 422 189 129 529 449 212 135 222 474 176 233 308 609 317 561 186 217 185 550 539 92 305 485 247 646 180 476 174 582 255 300 642 430 218 441 384 542 178 139 483 554 474 492 615 336 539 244 186 614 323 627 103 501 106 259 597 207 322 440 569 297 635 187 563 57 350 147 392 419 208 474 64 521 60 241 561 467 169 341 302 485 104 556 572 263 487 328 404 196 443 132 603 213 599 453 443 339 600 358 625 273 55 206 566 241 534 265 514 560 68 160 531 316 432 546 458 392 461 334 315 547 519 108 494 491 544 160 536 501 443 459 684 70 367 593 154 362 355 484 477 243 511 501 324 536 231 169 687 144 282 478 354 473 242 529 218 312 218 691 347 511 156 226 507 345 225 548 754 600 592 202 539 259 344 213 177 608 479 415 332 171 286 348 447 429 500 205 224 
140 591 241 575 173 603 449 572 686 317 109 667 340 527 313 63 645 486 598 477 511 280 770 403 708 320 490 225 196 530 311 249 380 182 524 509 376 413 550 73 276 521 487 485 789 653 631 457 559 62 189 600 314 721 61 402 668 217 192 496 488 647 679 481 578 519 635 474 208 229 644 673 310 137 317 411 229 495 661 264 755 341 306 98 323 713 684 512 421 507 144 637 309 717 483 724 594 400 257 538 753 721 353 396 758 474 182 321 729 288 483 343 646 420 122 413 248 625 4 801 638 246 716 752 426 541 588 781 309 735 362 534 501 545 721 556 372 492 549 255 320 670 719 490 246 636 352 437 662 147 409 536 659 684 107 204 179 481 189 585 815 460 493 122 584 554 76 663 712 692 224 357 373 72 368 764 606 451 302 217 338 65 467 461 767 396 712 423 248 194 789 384 147 196 654 45 710 419 671 393 763 433 305 690 614 457 472 618 469 128 282 644 436 712 394 492 268 620 431 138 752 208 474 206 690 192 473 488 236 512 663 407 455 789 275 696 276 557 189 585 382 159 296 294 753 291 109 737 614 198 407 481 430 150 760 579 237 425 556 631 366 334 372 493 452 467 656 644 248 679 591 623 485 284 194 745 346 441 309 390 619 177 391 543 414 268 597 478 535 700 288 550 743 429 135 721 419 747 359 488 731 571 419 803 197 543 567 195 559 319 378 300 95 746 494 431 509 23 171 750 369 502 391 243 666 262 558 192 511 257 796 424 576 281 79 725 393 190 676 860 440 481 182 739 490 238 196 407 620 307 654 571 406 49 578 425 373 595 164 111 
738 596 787 538 805 686 306 434 73 609 745 173 433 727 693 699 623 960 404 299 277 648 398 578 266 516 301 714 799 613 747 790 580 648 286 439 634 836 264 736 719 642 545 935 297 163 613 335 273 717 707 253 857 194 714 687 433 697 734 273 382 287 213 949 242 492 227 609 615 617 207 240 686 757 776 376 675 314 259 801 141 547 830 774 527 231 120 378 341 371 671 295 476 516 955 205 528 446 791 707 196 337 558 362 306 309 682 438 583 500 383 751 119 443 642 895 626 137 751 367 319 508 152 250 747 363 638 387 741 289 462 322 602 259 34 560 645 541 235 776 545 503 207 289 685 497 881 490 189 628 781 565 144 164 688 744 668 286 635 692 349 606 962 686 374 429 700 450 375 187 690 403 664 686 432 167 255 387 598 592 810 703 323 333 253 461 267 427 732 589 240 880 626 698 205 777 533 391 118 368 159 330 804 570 179 354 539 200 755 720 476 233 831 211 766 878 664 453 328 637 321 710 939 549 128 563 284 844 560 252 114 909 330 276 505 319 489 198 575 186 646 634 866 520 141 520 698 177 277 701 478 288 696 606 57 624 610 709 222 153 602 755 438 851 396 884 109 123 691 478 212 665 271 487 740 167 451 780 526 816 511 609 383 600 429 821 523 563 309 248 638 256 90 768 624 102 726 61 396 710 119 334 664 405 610 245 697 572 203 629 774 867 710 165 624 410 672 755 707 555 397 259 743 718 127 756 563 753 246 729 448 458 486 482 764 43 506 761 332 481 931 845 610 75 291 708 746 366 631 862 273 347 380 793 208 631 676 412 628 765 
772 731 733 673 843 818 332 570 207 542 773 327 416 843 621 710 766 1045 546 281 246 716 569 675 433 584 390 768 842 737 819 846 671 689 233 560 724 922 378 721 656 762 661 1023 473 111 754 418 394 732 753 390 920 365 706 781 588 649 781 349 300 150 84 1034 179 615 374 721 581 576 355 400 761 727 847 346 626 411 122 742 317 626 895 753 473 399 276 496 393 282 646 446 451 676 1041 376 666 532 734 826 19 505 642 399 480 283 726 440 741 474 491 830 240 536 636 974 578 176 754 542 471 520 48 74 843 260 771 560 813 460 536 441 720 368 174 690 735 659 211 719 488 657 377 371 745 644 949 593 343 615 871 691 113 75 713 793 633 282 603 821 525 715 1048 714 512 561 690 604 540 350 641 404 753 696 394 13 394 322 537 636 883 697 290 417 428 548 435 361 676 622 64 955 614 746 357 769 690 345 264 369 336 385 736 723 305 305 652 140 858 693 503 384 922 56 854 975 729 599 374 661 493 761 1024 563 287 576 304 943 604 325 136 985 408 452 548 483 481 259 599 288 737 666 924 481 36 483 724 351 421 657 571 359 796 608 235 755 664 807 207 144 522 831 395 951 327 975 234 245 752 633 168 802 298 473 696 342 514 876 592 899 655 589 366 726 517 878 663 677 426 91 707 206 266 863 622 85 822 237 414 820 64 467 763 580 582 346 822 598 285 706 858 925 733 16 740 502 788 751 671 717 388 270 832 777 273 696 694 710 305 671 620 554 622 515 747 146 597 718 491 656 1011 943 645 249 267 766 702 350 770 923 136 234 351 801 185 733 765 553 660 741 
594 259 815 209 645 349 362 125 311 694 616 191 485 415 770 614 273 690 89 430 440 452 95 332 99 358 239 532 628 299 523 594 347 509 471 178 390 574 192 694 776 331 258 660 138 443 265 255 171 619 545 146 639 170 663 425 74 728 566 271 559 564 513 678 468 200 148 320 636 652 164 119 468 743 550 478 714 218 546 836 234 352 613 739 609 133 244 165 322 561 663 79 525 157 685 161 191 276 826 391 534 51 350 355 102 444 530 452 223 541 196 513 282 257 603 641 674 364 673 125 57 475 477 580 475 575 303 103 518 94 315 161 301 205 350 237 402 253 423 813 628 145 157 256 498 146 650 256 176 606 517 250 427 469 577 569 679 406 648 361 143 324 690 567 93 137 654 93 37 172 725 437 418 606 519 512 140 536 675 462 576 651 460 251 147 281 99 563 774 483 584 636 603 534 161 715 173 511 254 422 223 314 858 211 223 497 263 453 466 706 427 136 560 528 507 593 470 111 330 538 88 538 669 499 234 510 368 556 440 281 391 660 264 151 407 45 502 314 494 257 397 519 657 578 485 576 581 192 111 722 275 277 422 559 310 291 454 437 410 407 713 521 532 562 548 608 286 276 502 118 441 322 357 510 756 204 335 503 370 562 166 605 462 281 263 619 186 278 169 556 440 457 273 495 583 434 456 301 406 412 454 114 396 127 623 227 371 486 280 416 522 656 596 503 325 247 366 687 715 197 452 379 485 528 246 800 240 766 306 776 135 255 161 416 722 377 296 771 27 196 673 559 495 286 435 521 762 451 288 647 555 577 477 695 419 363 428 95 514 738 
326 183 686 209 336 150 497 289 630 666 358 535 521 65 710 414 220 277 327 576 607 188 471 132 497 255 414 238 310 120 168 254 143 292 640 262 104 167 436 518 690 91 158 248 550 698 211 388 426 401 273 449 261 553 487 59 356 627 275 456 678 775 759 266 671 217 481 93 558 584 501 490 151 585 182 567 626 394 771 710 614 203 240 556 611 523 583 321 427 691 539 431 533 350 273 548 232 276 702 77 813 462 182 437 514 586 281 471 328 531 317 142 584 269 468 235 611 628 459 521 413 423 756 841 68 721 155 488 167 504 285 377 110 443 675 180 100 163 621 695 623 313 543 434 215 287 258 212 521 490 112 163 692 734 360 268 573 560 555 129 546 93 278 344 343 285 489 340 430 539 629 488 92 416 571 804 449 639 644 293 193 479 593 388 556 260 499 640 672 331 862 235 487 265 506 508 334 599 582 505 610 432 747 293 520 614 161 685 56 560 393 480 149 787 109 183 195 304 448 360 500 254 257 408 579 408 523 147 304 480 670 255 398 563 332 453 485 546 368 523 92 330 286 568 781 564 355 576 434 612 235 447 31 436 668 155 253 40 617 661 707 152 583 153 648 196 594 579 213 336 660 179 523 499 628 588 317 91 255 160 263 511 539 140 289 263 237 138 390 799 184 646 635 86 454 731 56 656 457 26 749 372 52 501 540 462 109 360 521 157 128 284 367 789 87 303 60 482 591 363 513 555 92 222 573 693 179 632 502 678 470 250 250 373 537 695 211 633 430 523 263 149 322 641 590 224 633 542 190 273 773 740 563 450 637 73 89 319 329 565 
48 504 331 492 102 512 430 499 659 375 22 624 346 433 387 66 557 405 528 473 508 190 701 318 652 253 447 131 117 441 218 162 295 102 527 437 285 323 504 159 355 430 404 401 730 645 543 412 509 41 95 550 234 673 133 309 595 293 99 461 508 659 681 399 578 440 586 385 259 284 598 620 216 226 225 416 301 447 669 354 714 264 221 191 361 661 648 449 388 527 209 579 325 638 402 674 512 337 347 445 753 658 273 369 698 473 91 314 645 307 422 249 615 355 156 329 308 607 91 736 577 234 710 758 332 561 498 713 216 676 302 479 413 501 697 472 281 409 543 343 363 591 670 451 153 557 273 362 617 185 316 451 649 679 41 112 246 472 245 493 752 371 412 46 518 482 141 588 645 646 298 350 281 77 383 759 555 469 358 151 249 129 469 416 713 330 656 447 331 142 792 301 183 103 607 139 629 432 636 384 720 400 394 606 576 466 389 614 375 210 255 594 345 714 300 403 177 545 402 93 690 114 391 192 652 179 456 396 178 479 648 327 412 733 228 634 282 532 156 551 291 98 220 325 746 321 32 691 560 275 337 446 337 158 727 490 158 331 548 620 424 241 390 401 472 379 625 612 155 602 586 533 466 293 279 700 294 348 241 299 538 217 392 455 353 185 515 393 482 707 199 550 707 336 157 709 325 714 342 394 720 511 326 735 244 502 475 158 528 230 285 224 21 741 404 371 417 115 249 668 367 488 297 149 630 347 473 279 483 339 724 355 498 248 172 705 319 278 613 787 359 389 123 705 487 144 282 406 531 229 664 589 411 87 570 335 280 525 104 203 
536 642 463 589 607 714 169 504 298 276 530 367 164 707 358 457 690 851 497 88 78 518 599 523 470 402 292 552 611 622 620 627 510 464 54 465 557 734 325 455 389 639 543 834 542 186 675 297 346 481 529 370 705 430 443 615 564 379 556 250 46 149 187 842 100 517 381 589 311 305 373 425 569 456 646 95 356 318 163 474 421 453 682 485 203 449 343 409 235 44 377 438 188 652 847 439 592 385 465 698 263 529 473 218 530 75 501 203 704 210 389 638 285 399 375 775 307 209 495 595 458 280 238 254 674 67 671 597 614 504 369 372 598 312 309 595 565 543 109 450 218 617 437 270 536 592 739 462 375 352 692 587 201 207 470 570 363 111 333 710 591 579 856 475 462 488 427 574 550 401 371 173 581 443 129 280 377 52 268 419 681 434 63 299 501 399 473 91 407 394 293 752 351 524 381 505 659 78 324 150 438 235 472 675 310 43 529 146 700 424 281 394 741 219 673 800 527 550 216 421 536 541 832 320 356 331 152 774 390 236 225 782 285 529 339 499 227 208 363 268 570 433 703 211 277 213 483 431 405 387 427 249 636 354 374 656 454 644 124 186 263 637 127 781 58 792 289 287 543 603 127 709 161 217 425 430 336 706 406 709 593 324 123 619 377 658 590 553 359 203 513 83 380 691 364 263 654 366 200 675 264 417 605 622 314 288 704 365 239 521 672 706 489 263 611 370 657 489 400 696 150 136 654 564 327 428 599 439 210 402 647 419 548 299 479 297 447 447 495 702 812 771 417 367 81 554 431 115 683 705 156 86 100 544 132 581 592 501 428 471 
732 660 730 601 802 748 289 498 131 544 735 252 393 776 626 678 693 988 473 254 223 664 493 613 357 531 328 721 800 668 766 798 611 646 220 491 665 865 309 700 657 694 594 965 398 82 681 358 324 699 709 316 871 289 682 721 513 643 737 289 305 186 110 977 168 546 299 656 568 566 280 324 707 713 795 327 620 347 156 741 243 570 845 736 468 323 199 427 342 291 629 370 432 600 984 300 594 473 733 759 93 428 584 353 404 259 682 409 665 456 425 774 166 475 611 919 571 116 726 466 396 486 46 145 782 276 700 484 760 384 480 371 653 300 98 620 676 591 182 717 484 582 301 310 695 570 898 529 267 593 812 621 71 65 676 748 621 248 589 751 451 650 991 676 440 490 667 529 464 274 635 373 694 665 380 69 320 319 535 592 830 672 270 356 353 488 359 359 674 581 141 901 591 701 282 746 615 333 188 337 262 333 740 648 233 293 586 122 796 678 463 309 863 104 796 915 678 525 324 624 417 715 968 529 211 543 262 882 560 265 73 931 349 378 503 407 455 200 562 219 678 626 876 469 42 470 687 275 347 649 509 301 734 579 163 685 616 746 173 98 530 777 383 889 326 916 160 172 702 558 145 731 252 449 688 267 462 816 540 843 582 570 341 657 457 830 590 611 357 141 654 190 191 803 595 10 761 163 376 755 12 395 701 504 566 280 753 560 221 650 801 877 697 61 673 440 722 726 660 641 361 229 774 728 197 695 624 702 249 670 544 492 550 473 727 70 537 710 415 581 956 882 604 175 242 718 694 325 698 874 171 255 331 772 153 670 706 480 620 724 
279 360 458 319 346 415 181 275 386 368 290 346 190 390 432 262 414 537 292 251 285 204 455 205 383 80 169 257 340 322 308 335 190 188 314 213 234 416 226 334 429 333 248 517 464 401 398 134 234 273 248 275 408 396 303 292 367 375 275 186 344 453 451 527 353 247 310 279 286 306 321 347 251 383 336 233 364 170 454 480 436 131 382 379 296 387 370 196 120 358 303 313 210 434 533 399 331 97 470 384 515 401 151 114 434 258 222 141 465 216 165 321 341 119 242 463 331 347 321 481 316 122 464 533 351 388 378 464 301 410 61 210 294 223 427 314 242 250 308 459 311 389 394 173 232 356 436 168 339 246 371 300 400 437 238 285 323 239 294 406 493 267 541 232 270 255 294 366 397 369 373 154 258 252 239 515 280 304 346 133 371 292 263 138 442 103 387 307 422 136 561 443 243 239 330 359 433 265 359 172 442 131 506 428 298 281 232 378 378 346 75 319 421 483 352 478 216 327 138 190 429 252 517 139 374 149 209 451 101 206 390 473 134 464 50 374 169 266 136 276 248 180 412 255 497 252 246 414 289 367 129 171 314 198 452 364 153 321 307 369 400 322 252 459 314 473 351 338 239 388 350 418 214 181 398 422 27 383 84 392 346 249 205 324 103 367 331 252 210 486 196 327 430 369 222 453 332 438 123 356 468 249 283 488 270 224 397 129 256 200 353 414 259 498 303 114 344 332 357 473 179 243 333 264 353 448 317 408 216 425 489 133 297 59 362 438 137 412 356 553 500 449 155 428 265 254 404 208 398 411 454 409 229 352 329 262 269 291 174 377 
345 210 602 167 396 276 273 137 398 520 367 314 333 275 583 372 264 491 165 354 382 206 338 109 305 114 179 285 380 183 289 351 113 260 416 74 166 368 204 461 578 201 104 465 377 464 248 154 197 374 295 228 405 345 428 217 233 522 317 221 469 547 526 480 441 95 263 154 435 456 281 284 230 517 318 362 512 159 541 624 400 102 378 506 446 323 356 100 203 479 445 232 360 289 487 343 179 56 615 262 577 298 103 221 342 365 280 286 315 367 86 288 351 39 378 429 482 393 431 374 223 272 521 607 278 506 235 350 284 324 90 151 160 210 443 164 178 105 391 604 462 242 338 198 251 208 423 24 302 387 312 152 456 499 331 321 469 336 441 271 392 146 493 319 157 119 423 228 282 325 521 291 196 366 380 568 229 433 498 217 349 417 375 154 368 48 308 444 570 244 627 416 384 284 288 475 285 397 353 297 400 205 652 277 290 403 90 452 289 482 226 265 362 553 297 410 224 186 223 297 333 289 470 281 355 289 296 377 200 245 434 444 165 384 184 277 320 310 263 289 177 275 420 406 546 403 334 367 222 512 27 213 228 335 443 220 205 240 385 426 551 293 393 384 444 415 361 347 256 246 428 274 294 332 541 378 125 311 125 349 196 395 336 181 61 378 180 114 162 566 194 418 412 299 358 495 257 430 255 250 514 162 196 372 419 227 266 254 285 174 306 419 349 553 175 70 222 447 500 326 314 326 274 282 344 594 167 549 267 573 362 20 148 209 488 462 47 553 255 425 464 377 252 417 367 275 547 334 251 412 544 521 359 449 404 164 208 161 270 508 
348 565 313 522 417 620 186 464 418 171 339 437 46 587 247 262 619 684 473 183 213 361 617 406 514 275 287 378 425 528 456 448 388 287 222 408 423 574 344 265 258 536 454 670 595 356 603 268 361 287 350 399 527 499 250 477 548 222 375 267 190 344 376 675 277 449 425 482 135 141 426 470 413 278 479 110 203 305 358 330 515 327 506 299 91 505 436 373 202 209 193 458 7 625 680 506 532 298 320 585 451 553 348 169 573 176 322 71 663 20 344 479 386 319 180 606 156 343 300 631 469 106 417 448 530 243 584 622 450 546 266 362 499 333 445 519 428 456 254 306 108 582 502 274 368 551 563 373 438 158 539 505 365 385 280 389 188 193 155 610 635 469 689 287 444 445 234 551 561 469 216 89 441 249 66 464 406 151 151 251 512 241 167 272 562 307 517 131 263 219 486 581 157 346 436 312 627 116 419 116 528 211 343 628 377 154 437 319 563 242 135 437 586 409 520 646 366 516 197 234 573 365 666 136 446 145 200 625 229 271 376 610 259 589 194 524 43 292 183 338 436 251 522 54 455 52 293 509 426 223 334 256 503 160 496 570 291 507 264 340 197 476 72 632 154 633 394 385 374 577 293 624 215 28 262 513 230 560 273 548 544 133 96 530 299 478 532 457 355 397 359 250 489 545 169 429 513 485 117 551 435 409 475 647 131 319 599 187 306 375 515 524 297 446 506 303 545 295 228 666 84 221 505 392 418 288 522 275 258 262 658 335 495 155 291 444 343 282 511 720 641 621 239 481 194 382 268 113 604 526 351 272 105 349 283 459 450 474 247 288 
492 416 597 359 559 499 102 264 173 448 501 152 241 516 529 463 458 723 252 163 175 403 352 348 233 271 63 467 552 413 504 543 345 402 208 239 399 599 75 513 544 436 335 700 312 222 444 92 96 478 460 123 612 214 488 455 315 506 487 26 292 319 288 712 215 295 142 394 416 425 141 188 444 546 533 216 488 85 308 615 236 305 585 555 361 220 162 176 101 294 460 190 285 404 719 220 358 207 605 500 335 283 319 128 293 177 435 224 459 305 165 510 128 209 417 655 442 151 518 356 209 279 279 368 516 310 452 353 497 266 217 128 395 62 215 372 410 334 166 591 380 371 216 44 438 350 637 265 152 409 547 370 214 257 446 497 466 139 432 499 356 388 726 442 216 250 475 325 301 183 501 196 428 451 264 326 130 269 431 346 567 476 193 90 277 222 236 298 548 345 386 638 406 451 151 549 413 248 149 171 246 89 629 433 94 231 326 216 531 508 240 155 597 313 530 649 418 306 93 396 296 463 702 317 168 331 102 617 314 14 193 668 85 304 260 253 278 68 336 63 412 390 620 337 304 336 456 225 156 505 244 41 469 377 239 437 363 480 156 185 459 513 275 624 281 651 138 125 445 355 195 487 90 281 542 230 205 550 280 578 354 397 205 404 191 574 355 351 114 329 393 199 221 537 398 255 495 226 175 492 273 169 436 378 407 39 498 331 45 387 536 621 468 311 413 174 462 525 505 447 204 113 508 471 144 574 376 555 39 548 399 227 313 242 542 229 271 561 247 456 692 616 366 217 168 462 549 192 457 616 314 316 217 556 171 405 441 257 384 549 
426 727 203 687 485 776 339 632 549 11 406 589 204 732 92 317 782 784 641 305 323 489 783 558 675 428 452 482 500 685 570 539 537 395 315 576 565 687 507 259 125 690 614 776 755 452 766 435 524 343 448 561 616 653 265 615 716 132 467 427 231 390 447 777 365 614 584 636 124 99 583 630 538 229 587 231 110 472 414 211 660 477 600 270 81 662 580 542 368 249 181 622 165 793 781 660 698 463 203 733 521 718 498 335 734 293 424 240 831 153 512 597 525 485 228 706 78 464 325 794 635 251 503 500 661 274 743 787 565 708 429 529 656 495 568 681 568 617 364 188 62 750 657 437 482 719 654 536 592 199 662 667 466 473 358 482 148 324 139 764 797 623 790 370 612 614 251 720 727 623 123 252 579 306 178 542 568 215 25 378 618 263 278 439 719 471 678 174 146 340 542 679 201 448 593 311 795 209 562 271 675 376 206 794 529 245 598 411 699 209 293 597 703 477 644 764 489 685 361 328 736 466 768 260 591 261 346 748 365 427 487 706 426 746 345 688 199 433 302 487 577 354 604 114 541 117 370 660 590 147 496 417 642 242 628 729 419 644 377 448 41 592 168 755 207 746 532 525 488 745 391 783 360 187 179 662 394 687 424 661 711 169 236 689 466 566 698 616 521 452 490 346 627 673 232 528 647 618 284 694 530 577 617 813 140 479 752 310 455 512 635 607 368 525 660 471 695 308 171 835 239 355 632 499 562 165 685 193 409 140 825 500 662 311 273 559 502 201 677 887 739 743 354 616 311 490 184 251 765 611 402 304 229 375 391 606 586 643 353 252 
691 400 858 349 749 490 366 257 222 712 709 122 505 555 794 691 412 823 219 413 412 562 150 453 50 450 270 640 735 438 643 707 464 601 438 295 513 705 209 759 807 469 389 795 53 370 406 300 197 701 647 155 760 62 730 553 212 768 671 281 535 500 436 812 418 330 124 454 676 688 123 81 585 800 671 478 750 260 477 877 108 457 733 803 625 44 156 257 352 532 714 124 549 283 819 51 332 365 867 530 440 100 459 385 58 428 627 484 350 569 281 637 212 351 664 771 706 299 750 119 136 527 388 492 607 538 444 138 638 48 398 221 437 217 249 376 525 384 383 853 644 282 52 277 606 287 774 369 115 661 648 388 351 388 663 676 725 390 691 502 105 456 824 654 206 262 719 231 140 88 763 460 542 682 528 414 149 521 695 549 700 718 444 295 13 375 48 555 811 563 487 763 658 636 113 788 301 507 174 436 92 341 892 346 180 483 391 392 602 762 482 113 693 445 636 729 580 251 352 618 74 643 803 559 143 572 362 692 523 279 313 789 304 40 479 96 538 282 565 223 522 604 775 601 387 600 669 72 140 765 377 293 553 621 193 432 550 568 369 340 722 644 539 699 533 743 211 208 611 253 387 463 347 543 802 81 408 636 462 691 307 653 469 420 349 734 326 410 219 477 550 416 158 628 643 340 587 187 435 549 359 194 526 157 666 229 511 559 254 530 650 775 683 408 461 329 504 761 763 316 468 360 613 638 168 837 379 814 297 811 199 356 300 477 788 277 403 820 117 233 804 695 579 174 414 630 808 455 428 767 489 533 479 780 370 492 553 227 598 799 
239 247 543 227 285 278 330 240 497 497 265 423 344 236 548 288 302 394 273 405 438 92 445 60 420 78 269 172 267 192 178 236 38 165 469 182 76 270 308 387 534 192 140 371 491 542 287 237 304 284 187 338 293 458 353 135 334 474 206 305 502 607 598 383 504 176 374 138 396 420 391 398 118 449 207 391 468 255 605 567 511 26 266 430 437 437 462 214 262 516 388 346 357 372 389 456 247 123 558 234 657 410 11 266 456 414 176 294 382 357 195 181 450 127 317 326 447 478 343 484 337 249 603 681 195 546 252 458 172 438 116 261 162 311 541 210 85 145 456 549 450 326 451 285 137 292 313 104 412 334 219 190 538 578 240 209 418 392 396 265 504 125 397 226 270 225 351 325 391 436 474 312 102 285 394 652 340 462 475 138 240 343 420 239 482 108 423 463 520 174 705 310 331 175 399 391 364 423 457 330 512 268 600 342 393 439 125 524 220 418 216 378 270 628 202 325 110 282 282 218 445 178 373 240 462 243 357 296 138 328 521 339 244 498 157 391 310 394 206 384 90 191 306 394 631 390 240 479 336 460 95 293 156 279 549 240 110 163 454 507 536 185 406 303 471 323 460 446 142 337 497 290 359 324 483 490 144 228 78 248 273 350 363 201 140 264 250 132 270 635 80 479 520 214 300 584 175 535 281 200 601 277 125 478 378 324 252 197 374 60 206 306 254 636 162 159 195 363 443 403 337 390 180 168 449 543 212 489 346 525 463 116 233 196 410 557 68 491 368 525 362 294 174 523 420 161 488 366 280 299 606 566 387 353 475 108 114 268 188 435 
268 367 447 327 335 420 187 286 396 360 278 358 186 392 423 250 421 532 303 255 289 198 468 208 396 79 181 249 330 328 302 327 192 178 318 224 234 412 239 322 419 337 254 513 477 408 406 146 246 261 238 288 400 409 291 292 378 364 266 196 344 457 457 522 358 256 322 283 276 296 333 360 247 370 330 233 353 182 458 469 448 132 375 366 289 400 381 208 129 358 292 326 205 444 528 411 340 107 459 387 522 414 152 120 447 261 212 137 475 209 177 317 352 129 230 458 321 356 308 494 328 112 472 539 350 389 384 476 296 423 69 222 299 235 437 321 242 257 314 447 304 399 407 185 225 366 429 176 351 234 368 307 408 444 226 276 312 244 283 410 506 271 536 220 282 266 282 377 409 381 362 154 257 240 236 522 293 304 338 122 365 279 265 150 454 112 399 305 412 124 568 437 231 229 343 346 443 264 370 174 454 140 495 437 310 282 238 384 377 334 66 331 418 489 349 476 210 338 146 177 442 243 512 127 385 137 215 449 90 217 398 468 146 477 38 387 162 275 124 286 247 168 404 248 504 244 234 426 302 355 136 182 314 186 463 371 144 321 314 376 393 317 249 457 313 469 362 349 232 399 356 424 221 174 386 434 38 381 81 388 355 237 204 330 114 358 340 257 223 491 191 331 441 367 209 461 330 449 123 357 476 262 284 501 260 236 401 117 266 197 349 406 247 505 307 126 347 320 345 484 179 249 330 257 364 437 325 396 225 415 501 142 307 49 350 448 143 401 369 565 495 447 143 439 269 246 393 209 405 403 458 411 229 340 336 264 268 302 162 365 
295 696 94 668 338 724 426 641 662 174 267 672 290 660 150 185 751 649 660 425 453 406 822 510 736 397 506 371 359 642 461 409 487 302 456 578 497 570 567 91 111 639 584 647 818 594 736 479 581 206 333 622 477 732 114 535 734 56 344 498 393 557 604 644 510 602 652 586 108 111 657 695 446 44 471 349 75 519 577 117 754 435 467 86 215 733 676 563 424 412 64 672 246 798 647 737 684 461 108 667 679 764 452 392 792 417 317 295 821 223 532 491 628 483 132 575 114 586 165 844 678 251 652 666 569 442 701 830 457 766 422 569 612 559 689 655 497 588 495 100 204 751 733 499 383 718 516 519 671 121 559 637 605 621 238 358 55 437 88 708 853 573 656 254 637 622 107 733 764 702 64 326 502 180 296 696 628 365 166 311 496 118 406 484 789 463 740 328 84 274 707 546 125 338 666 135 794 343 660 358 766 435 152 782 613 383 568 555 610 37 300 663 591 636 542 649 399 692 426 235 789 353 637 229 685 219 443 641 314 506 618 571 473 815 325 736 240 534 246 576 506 264 460 207 691 206 247 744 644 38 482 484 564 173 740 690 345 561 505 581 219 484 293 647 362 626 637 627 387 754 531 739 457 239 34 750 394 589 389 546 704 123 339 651 470 430 686 580 566 616 411 486 731 576 151 669 559 728 343 621 674 613 546 854 113 549 692 256 546 439 528 464 238 678 609 483 633 142 16 835 327 464 536 389 658 100 658 40 496 92 857 493 657 310 94 687 477 44 720 920 603 635 276 723 435 382 39 356 729 471 567 473 345 209 524 545 505 659 266 68 
661 679 608 622 731 762 234 525 216 418 659 321 296 772 498 591 721 952 508 168 132 619 569 595 432 491 322 664 733 674 722 741 588 581 112 501 639 830 330 598 532 696 595 932 489 68 707 342 349 614 646 358 818 374 584 697 563 524 674 277 176 64 42 942 61 557 354 651 456 451 339 390 666 602 750 225 501 347 45 617 345 537 793 629 348 402 279 439 302 159 522 423 328 653 948 385 620 452 609 759 117 500 555 300 487 166 618 325 713 351 427 736 226 460 514 878 452 139 633 553 447 405 97 120 758 141 715 563 716 463 447 389 654 317 207 635 649 594 107 594 363 626 384 301 643 608 848 521 333 493 783 632 87 70 598 686 508 175 478 761 542 643 956 601 472 512 568 576 529 351 516 290 667 577 270 135 364 197 412 530 785 575 170 342 445 467 434 236 551 513 153 857 492 640 344 646 664 220 262 257 364 296 613 690 278 180 584 48 779 568 394 366 833 75 765 889 630 563 281 547 497 656 932 447 292 460 207 860 499 255 125 888 331 472 444 473 361 196 486 246 653 555 819 356 134 358 610 367 393 532 492 284 715 489 278 700 561 725 111 96 400 737 270 867 202 886 225 230 650 606 68 750 205 353 571 362 421 792 497 807 614 466 247 666 439 773 617 609 374 71 611 90 296 778 501 133 738 273 305 745 128 425 682 586 458 293 759 486 229 613 767 821 618 118 671 426 719 629 546 696 271 173 744 674 268 571 639 585 230 546 620 479 575 408 623 186 517 593 476 666 915 858 536 280 153 664 577 233 720 819 54 120 230 682 92 654 678 514 549 616 
298 435 405 392 369 491 145 339 377 296 301 361 114 464 365 251 489 593 351 198 234 260 506 280 418 151 189 298 368 399 362 374 264 215 259 281 305 476 250 302 366 409 324 576 500 364 473 160 262 269 280 304 451 418 275 362 427 317 307 188 275 397 406 583 304 319 335 355 225 242 342 377 310 340 388 165 303 200 402 425 448 204 427 345 221 416 375 252 112 290 255 353 135 500 589 423 403 168 415 460 475 446 224 86 473 202 252 65 535 142 221 379 336 189 206 517 265 323 306 526 361 68 428 486 419 322 454 513 356 448 136 251 370 242 414 388 312 326 264 402 237 456 418 184 279 424 483 243 358 201 434 375 366 399 242 320 269 193 237 482 534 343 598 242 325 320 263 428 448 389 314 85 327 239 164 478 310 234 275 164 423 263 203 165 472 177 421 233 363 148 518 495 198 273 352 336 500 194 361 111 457 124 447 499 306 215 308 335 448 302 29 346 483 438 415 542 269 391 121 190 471 289 574 104 381 118 172 517 133 202 363 525 155 497 80 418 96 249 128 275 318 192 452 181 463 178 253 433 325 311 204 173 385 164 450 440 197 391 267 336 326 379 177 524 243 533 346 334 286 453 307 494 182 107 346 439 100 450 152 451 415 195 136 400 170 406 403 328 247 437 254 276 433 435 186 425 400 437 61 429 437 296 355 538 212 236 473 125 249 264 414 454 263 461 379 177 419 312 306 540 109 205 397 309 357 389 392 357 201 365 543 205 367 41 331 420 213 362 402 607 554 514 171 429 213 298 352 143 474 453 400 345 160 345 289 336 337 352 186 340 
607 185 874 156 647 265 459 141 431 773 633 311 569 350 844 647 178 636 128 533 547 454 117 322 213 391 332 533 627 244 504 584 343 530 580 204 374 531 296 737 844 273 236 605 222 561 175 339 276 648 554 260 615 286 705 393 56 792 571 371 662 680 631 624 580 191 266 283 702 721 284 239 456 793 527 572 780 307 663 896 348 368 590 782 691 249 364 228 408 665 718 195 605 37 632 276 133 321 887 323 654 146 359 439 192 547 544 530 104 617 258 488 401 299 653 599 744 481 705 170 171 537 597 700 432 682 226 135 500 198 360 250 257 309 469 185 383 230 534 875 709 51 273 352 500 79 619 271 296 661 476 204 546 588 604 570 740 509 710 281 198 292 635 591 161 160 699 50 105 292 789 521 396 641 608 632 254 635 752 492 548 694 561 335 249 319 213 658 839 520 704 599 657 542 281 751 55 607 374 512 335 402 922 101 340 598 247 570 413 758 489 255 512 647 470 534 471 90 420 572 175 542 617 553 353 562 469 498 477 384 510 619 349 242 456 159 575 426 539 372 377 549 636 656 605 653 605 307 225 783 303 374 382 609 428 218 474 397 522 524 797 496 621 503 647 555 405 396 502 30 555 233 459 584 813 319 389 455 401 524 102 665 553 224 312 604 128 253 262 674 442 568 391 450 633 554 416 419 487 357 574 203 364 142 687 334 296 530 392 414 487 635 620 623 279 302 308 723 772 78 539 485 449 525 366 864 186 823 411 842 106 289 135 475 764 497 315 827 147 161 627 502 527 404 540 521 820 544 200 625 672 687 571 719 533 335 404 127 545 784 
604 237 839 192 651 325 396 126 350 724 627 229 516 398 799 630 244 677 94 466 477 457 78 332 132 372 271 538 633 284 522 596 349 520 509 186 389 565 227 713 803 315 253 648 154 482 239 285 207 634 553 184 637 204 681 418 46 754 573 306 595 603 552 666 506 197 187 311 662 679 203 157 468 765 548 512 740 249 585 861 267 361 611 758 640 167 282 186 353 597 685 117 555 119 673 195 172 293 851 372 572 69 356 385 120 480 539 481 186 570 217 510 321 273 624 633 701 403 689 122 95 500 516 619 465 612 281 92 517 120 333 191 289 241 387 221 400 247 461 838 659 113 192 289 503 121 645 262 214 628 508 237 466 508 591 575 704 442 673 339 146 316 677 579 112 141 674 64 30 209 751 468 415 622 552 550 178 571 704 476 572 670 496 281 173 296 132 597 800 499 622 629 625 541 200 732 136 546 293 455 255 345 883 178 262 533 260 492 453 728 451 175 550 567 500 579 475 95 363 554 104 544 657 521 271 532 404 542 456 316 430 652 294 171 427 77 530 352 513 296 395 534 656 607 523 605 594 226 149 747 286 311 413 580 346 270 465 428 449 446 744 518 564 548 583 596 325 315 507 85 479 296 393 538 779 238 356 492 384 554 144 629 495 265 281 619 166 272 200 595 445 495 309 485 604 472 447 337 436 398 493 143 389 112 648 264 350 505 318 420 515 655 609 541 313 267 351 704 739 159 484 416 478 531 284 826 223 790 342 802 106 268 150 439 741 415 305 794 65 170 663 546 510 322 472 526 786 485 262 646 594 615 511 709 457 357 425 98 529 758 
234 239 558 227 273 260 363 254 527 521 262 451 374 209 569 295 293 362 288 438 471 79 458 53 442 110 300 159 253 179 151 217 31 170 502 200 44 238 337 397 553 174 140 338 510 574 278 269 332 289 180 365 267 483 364 102 345 491 196 337 534 640 631 351 537 185 401 123 417 442 418 422 92 461 180 423 487 286 638 581 537 59 240 439 464 460 491 238 295 548 404 369 385 376 357 481 248 154 572 209 690 428 42 299 475 446 174 324 380 384 222 151 480 156 333 295 469 510 348 500 357 276 635 714 162 578 238 472 146 458 149 288 150 340 572 206 52 145 489 564 476 330 476 316 125 296 285 123 439 352 186 185 570 610 244 196 436 425 415 245 520 109 365 229 289 240 363 334 406 462 492 343 69 294 424 685 367 494 499 153 212 354 452 270 504 139 444 494 537 191 738 280 349 169 425 397 366 454 486 362 538 301 616 340 422 471 127 557 188 431 245 403 237 661 169 292 96 291 315 229 464 168 341 263 490 265 390 263 159 361 553 309 276 518 185 410 337 426 226 415 58 201 282 421 664 417 243 505 360 477 123 325 125 297 578 228 119 131 487 539 561 156 436 270 503 290 490 476 128 344 530 275 392 351 498 516 177 195 108 217 276 370 394 191 170 242 252 127 297 668 68 512 548 181 317 616 142 564 313 172 633 300 95 491 399 355 230 217 406 40 175 282 257 668 145 189 172 369 459 404 368 423 147 151 478 560 208 503 379 543 473 143 240 225 419 589 94 505 387 534 331 261 187 551 452 146 503 398 268 274 639 599 419 353 508 83 81 283 199 445 
249 538 269 503 316 580 256 465 496 197 237 494 138 532 248 159 593 595 482 276 309 288 641 361 555 235 325 289 326 491 373 354 340 199 322 404 365 491 386 174 239 494 425 584 637 451 578 297 399 184 257 440 433 553 153 414 557 185 280 319 293 448 477 587 376 434 471 439 97 119 477 514 338 204 393 209 174 337 461 290 578 281 414 214 154 552 503 384 244 312 118 490 110 624 592 558 517 287 280 534 551 583 301 214 610 272 231 124 654 91 353 399 458 309 81 517 146 428 198 663 497 70 514 551 460 346 550 649 368 585 248 388 461 378 528 494 368 428 348 268 161 579 553 319 285 546 470 352 492 67 463 478 458 483 179 295 133 281 103 567 671 426 601 188 458 446 138 557 583 523 183 159 378 145 170 562 447 254 176 177 425 142 265 302 608 290 558 231 232 139 587 490 64 256 487 216 623 219 487 194 589 256 315 615 437 256 408 416 498 166 119 482 506 510 445 567 289 517 248 137 608 274 578 60 510 60 278 549 164 330 465 519 292 634 155 554 74 366 101 402 376 159 425 113 552 109 192 566 462 176 313 305 441 57 572 537 218 443 356 431 240 395 175 556 257 550 468 457 291 579 389 589 291 82 209 572 217 487 229 465 534 59 189 497 294 383 518 424 384 499 289 348 559 473 66 521 446 559 168 494 530 432 417 673 80 370 554 109 373 311 437 428 195 544 463 304 496 196 169 663 168 304 432 305 484 257 497 220 324 235 677 321 486 131 202 529 313 226 538 741 551 544 154 553 289 295 216 205 574 430 454 375 204 247 377 407 385 481 156 206 
214 294 587 307 216 271 488 364 660 592 246 581 478 179 625 314 337 230 401 560 594 112 562 161 564 231 433 129 190 227 48 133 153 203 623 319 101 107 469 416 601 204 233 209 627 704 326 401 464 296 166 495 151 610 386 71 446 537 162 468 645 762 758 219 662 290 530 180 479 505 548 548 61 484 64 535 539 418 763 611 667 188 126 451 549 585 623 366 422 660 448 492 481 456 226 607 330 286 603 196 819 541 174 422 591 567 181 430 441 474 352 24 613 288 380 162 532 642 351 608 479 367 765 841 71 692 272 578 47 577 278 418 207 473 704 279 90 239 615 598 558 414 602 448 116 384 159 249 569 406 65 259 700 740 260 152 484 548 472 249 631 171 234 244 408 354 391 432 514 591 540 455 72 318 527 815 496 604 572 223 86 380 571 403 625 271 566 598 580 259 867 149 403 160 555 399 441 563 618 479 666 429 650 404 554 585 227 684 114 462 349 532 113 789 47 172 108 392 442 272 578 146 210 342 622 338 516 151 245 492 684 177 408 637 289 527 431 557 297 548 92 244 173 506 795 502 252 632 487 520 254 456 91 356 710 269 182 79 614 669 637 33 538 158 612 163 623 609 111 434 657 299 519 445 532 644 301 91 225 85 361 431 506 246 303 144 335 214 428 794 115 636 679 77 370 747 68 696 428 143 764 426 100 594 461 487 230 290 538 109 44 171 262 799 188 322 179 376 497 474 479 550 37 111 610 599 279 534 509 587 568 275 337 330 432 721 226 534 503 625 198 147 243 683 575 116 536 513 307 161 763 715 530 336 635 129 61 394 245 462 
741 370 950 331 791 452 473 267 348 816 762 243 607 534 896 758 365 817 233 529 531 597 71 474 139 504 362 678 773 423 665 738 490 655 559 324 532 707 304 836 905 454 396 787 73 496 363 385 287 764 691 250 780 187 805 561 184 861 712 384 654 625 562 806 542 340 230 453 769 783 236 184 611 883 691 588 845 346 602 970 229 498 754 881 730 161 282 309 447 652 800 191 649 217 813 176 310 421 960 508 564 100 495 480 78 543 676 580 277 667 339 653 336 402 743 775 803 424 817 21 185 612 513 616 607 660 412 53 660 105 459 294 431 316 373 361 543 390 505 947 749 236 177 374 643 255 788 401 234 744 650 378 477 514 723 715 814 505 782 469 21 459 817 712 239 281 796 201 115 211 857 560 558 750 635 537 243 637 798 608 715 793 560 381 118 427 135 669 906 627 609 771 741 680 227 859 237 619 299 540 211 437 989 287 298 598 403 517 593 845 564 216 691 570 642 717 615 238 451 683 75 684 797 638 269 650 473 680 585 386 439 794 392 94 550 127 632 400 637 340 538 665 799 702 510 701 727 196 222 856 421 393 555 699 313 403 601 570 491 465 830 661 647 686 649 736 336 332 648 209 512 420 459 639 891 204 477 633 516 697 279 741 576 403 407 761 304 415 297 603 585 538 280 626 723 464 589 309 532 537 483 252 532 49 757 333 482 629 370 561 658 798 742 532 454 390 489 831 851 237 572 475 620 673 293 932 363 902 408 907 97 402 293 555 864 401 442 908 145 111 805 685 640 296 531 667 898 563 388 789 614 656 588 841 493 500 568 238 659 879 
276 594 217 560 339 635 292 521 529 148 259 537 159 584 192 172 650 631 536 297 327 337 694 416 603 291 373 328 352 546 416 387 394 241 335 459 417 533 433 152 183 549 481 622 685 470 634 347 448 199 294 488 465 597 141 464 612 130 314 363 289 451 488 624 390 490 517 494 40 64 522 561 385 165 433 224 118 387 467 237 619 337 448 184 126 598 542 438 290 309 79 541 118 680 628 603 574 343 227 587 563 634 356 258 660 291 270 160 710 95 407 443 494 365 81 554 91 456 196 714 548 124 531 557 509 342 606 701 411 634 304 439 517 424 558 550 419 484 369 214 126 635 599 365 329 602 503 408 536 53 508 534 479 499 207 329 82 307 49 621 721 481 637 218 512 502 125 612 636 567 127 191 429 160 175 577 495 254 128 227 464 133 281 351 655 347 607 224 176 188 596 526 53 294 532 201 679 225 525 224 630 301 260 672 478 265 464 433 547 128 173 529 549 521 490 610 336 573 291 174 658 312 615 116 550 112 310 594 218 371 490 554 340 681 211 605 105 400 151 441 428 200 454 95 569 92 219 609 512 123 369 349 492 88 606 593 267 493 378 454 194 438 176 601 254 592 503 493 334 635 407 645 324 105 159 614 273 534 285 507 591 21 210 553 349 415 575 480 435 506 338 364 596 520 80 543 495 594 208 546 550 484 469 726 24 414 608 160 411 362 481 458 219 559 518 359 550 188 120 719 194 333 479 345 523 202 554 171 362 179 731 377 542 187 177 557 369 177 590 794 586 589 201 589 308 336 166 227 630 461 459 372 219 248 398 460 435 536 199 174 
427 742 182 703 483 788 362 651 574 16 405 613 226 743 68 316 797 785 661 329 347 497 804 570 697 442 473 486 500 698 574 540 549 401 339 593 575 691 528 251 102 703 629 778 777 476 781 456 546 342 451 583 616 676 260 624 736 117 469 450 255 413 471 779 390 631 606 648 125 99 606 652 545 215 591 255 97 492 437 188 684 490 601 258 103 685 604 561 389 272 176 644 185 812 782 684 715 480 180 744 544 739 510 356 757 317 428 259 848 171 531 602 549 501 229 708 74 489 319 816 656 265 527 522 669 297 757 808 570 730 445 550 669 517 592 697 578 632 389 166 84 768 680 459 488 736 654 552 615 201 668 682 490 497 359 484 140 348 137 776 820 635 792 372 632 632 246 739 748 646 108 273 588 305 202 565 590 239 37 386 621 258 302 460 741 487 700 198 125 348 564 680 203 452 615 302 813 234 586 293 698 397 182 811 552 269 612 436 707 199 309 619 708 500 650 769 496 703 382 333 758 470 770 271 615 270 369 754 375 450 512 707 446 769 359 710 216 457 310 510 587 360 603 133 565 135 371 684 612 134 512 439 651 247 652 744 427 652 402 472 47 597 192 760 232 749 556 549 493 764 416 796 384 205 163 686 410 694 437 665 728 173 260 703 483 566 715 630 542 475 498 370 651 680 235 553 655 642 305 704 554 597 627 834 143 501 764 319 478 521 640 606 368 549 672 489 706 301 159 853 261 379 639 503 586 142 700 175 432 119 846 517 679 326 263 584 517 183 698 908 740 749 361 640 335 495 166 274 780 611 425 326 253 369 416 617 594 662 358 240 
640 495 724 437 707 585 227 333 38 558 650 83 364 622 642 610 526 854 306 245 234 544 330 472 192 414 197 612 699 510 642 687 474 550 255 334 528 730 158 656 663 537 440 828 247 177 515 233 167 626 607 151 754 131 631 581 343 633 634 175 354 306 245 843 228 387 130 504 546 552 111 155 581 684 671 319 613 208 284 740 112 442 727 696 472 161 37 272 248 348 596 201 409 431 849 142 428 341 731 603 260 263 453 273 245 258 583 359 495 432 277 646 25 338 560 789 565 106 665 310 226 423 203 307 641 350 537 322 636 222 359 216 497 153 82 457 540 436 199 716 491 412 141 188 582 402 776 384 98 549 675 461 159 198 595 643 598 225 564 590 299 500 856 591 274 327 618 360 296 110 627 327 558 598 373 238 154 347 544 494 705 620 274 230 202 356 194 385 672 494 309 775 547 597 112 694 445 341 20 295 129 236 749 479 73 311 434 198 649 646 387 139 725 257 660 772 560 357 238 544 255 609 833 463 50 477 210 738 463 157 121 804 229 230 408 239 413 119 484 85 540 539 763 457 211 457 604 126 178 634 372 190 590 521 91 522 509 603 184 146 559 650 382 745 358 778 19 25 589 388 196 566 196 413 673 123 351 674 424 710 414 534 319 497 324 718 424 458 203 287 534 230 78 662 541 160 620 78 314 604 180 231 558 345 539 141 594 479 110 524 668 764 616 229 519 305 567 670 638 472 327 194 637 615 28 697 461 686 158 670 381 352 385 390 684 106 400 693 246 424 825 739 515 70 241 606 680 302 532 758 295 342 321 703 181 525 570 313 533 689 
447 79 791 132 463 27 522 235 605 746 478 496 577 91 799 525 95 378 267 604 631 297 377 190 434 319 415 360 438 66 297 383 212 399 664 238 201 285 419 628 785 58 145 347 471 698 90 398 404 515 392 416 390 499 595 182 271 724 398 461 720 792 764 367 686 182 442 112 647 671 462 439 272 693 312 611 719 391 784 814 563 270 369 668 681 465 548 302 453 730 637 379 598 240 374 492 147 304 805 64 808 385 250 471 437 615 395 528 205 601 311 271 563 289 566 351 698 622 574 430 357 496 750 844 194 756 36 396 295 433 329 357 93 429 649 109 205 146 636 797 696 212 488 437 333 195 384 227 481 585 236 106 688 732 472 392 669 584 647 23 457 125 376 456 295 239 595 252 348 492 725 538 206 524 626 794 413 683 725 386 322 586 625 397 486 292 435 692 770 424 859 357 581 383 465 623 222 646 552 546 555 454 849 175 496 653 159 692 163 664 458 437 262 789 237 274 309 228 473 462 421 375 360 491 542 494 544 239 389 483 661 372 410 488 402 383 553 545 457 510 195 433 415 639 770 636 468 523 392 710 264 455 158 530 629 47 351 170 628 660 783 281 639 243 693 299 571 558 332 240 670 49 541 567 731 535 365 208 324 284 173 601 584 72 311 393 153 137 371 806 290 665 593 207 550 717 185 618 503 111 737 335 160 404 629 452 33 448 515 259 257 413 482 781 88 318 71 597 692 245 562 572 222 345 542 793 105 736 508 776 366 270 184 438 649 673 250 738 362 412 374 245 420 603 616 346 736 583 66 401 788 771 608 571 646 152 207 260 431 676 
221 394 597 414 186 353 583 477 767 636 249 693 553 252 656 333 430 142 514 650 685 198 672 274 677 329 539 163 161 328 94 107 266 254 713 433 214 66 579 427 625 302 344 132 740 803 422 506 575 310 195 607 57 723 402 179 556 562 175 573 723 851 854 134 755 402 642 288 520 545 660 661 154 492 66 616 569 526 854 619 779 293 51 453 607 698 733 479 520 739 476 606 548 560 139 720 437 394 613 276 917 654 282 516 704 655 221 509 539 538 464 91 721 398 416 64 571 744 354 719 592 437 865 936 143 773 366 688 101 690 381 529 313 582 812 385 203 350 710 610 613 520 715 554 175 492 48 362 681 444 101 366 801 839 286 161 514 641 508 331 743 281 148 272 522 467 411 542 626 704 567 538 186 342 600 916 608 682 617 293 31 398 657 508 738 379 680 671 600 322 964 41 442 196 667 396 544 642 728 565 778 529 661 504 664 668 339 780 176 479 430 644 94 885 101 140 186 502 540 316 691 178 125 405 732 398 611 145 321 596 787 71 513 750 373 640 499 660 358 655 206 293 85 566 896 562 274 745 600 544 365 560 189 402 820 366 257 174 710 769 684 85 610 148 688 111 731 716 168 542 753 385 616 513 548 757 399 132 321 54 468 473 588 348 411 89 442 325 539 888 206 727 790 130 410 850 156 806 515 226 866 539 208 704 503 595 311 353 643 211 83 82 279 899 292 430 271 378 518 574 561 645 121 149 720 616 384 547 611 608 676 385 447 412 435 827 336 545 616 731 100 137 301 793 665 159 551 597 400 70 853 797 611 324 732 239 174 507 296 467 
757 323 1012 304 798 388 566 284 477 898 783 364 690 483 973 794 298 771 262 631 639 605 117 473 253 537 444 684 777 387 653 733 493 679 669 348 524 672 395 882 977 415 387 740 208 621 302 459 375 796 704 346 762 315 850 540 188 927 721 475 760 749 690 760 659 341 337 431 836 853 348 296 606 935 676 682 914 422 728 1034 364 517 738 927 814 283 409 359 526 760 858 278 729 156 767 304 281 462 1024 456 697 187 509 559 200 646 694 656 191 744 390 635 459 441 795 740 876 546 853 138 261 673 644 748 574 772 358 122 649 222 502 365 403 408 506 332 533 381 618 1012 832 197 304 460 650 229 764 419 352 800 618 352 604 642 752 721 877 607 846 408 158 440 769 740 285 303 843 193 168 334 924 642 545 788 724 671 339 738 878 639 695 838 662 455 252 463 251 767 974 665 744 742 797 693 342 898 172 715 424 627 346 518 1057 217 411 700 398 639 552 899 624 323 652 700 614 667 622 237 535 719 188 693 752 693 396 703 571 632 622 483 565 760 468 230 597 216 704 510 682 450 526 697 784 782 644 779 754 329 312 920 449 482 527 751 448 354 623 541 604 588 918 644 736 636 750 691 460 455 653 181 630 353 559 713 952 338 527 595 548 667 251 802 666 367 452 753 277 403 373 732 593 652 415 592 774 596 560 444 610 496 616 317 511 100 822 429 425 674 477 565 632 783 769 665 424 439 448 870 911 149 657 579 595 675 417 999 332 962 508 976 69 434 285 612 909 534 463 967 221 30 766 637 674 431 636 671 959 656 326 772 739 772 682 869 610 483 553 263 692 928 
602 478 686 419 669 566 187 316 65 522 611 91 326 597 606 570 511 822 292 211 203 509 337 442 201 377 162 575 661 487 608 651 443 511 227 311 497 698 130 616 626 514 415 798 265 171 500 196 142 586 569 135 718 150 591 550 337 595 597 136 326 295 241 811 207 365 124 478 507 514 108 159 547 644 637 283 575 175 275 702 145 408 691 656 436 174 65 247 208 321 557 195 371 426 818 160 412 308 693 579 267 268 420 233 258 224 545 320 489 393 248 612 19 305 520 757 527 92 625 324 219 383 209 310 611 326 518 332 602 233 323 191 473 123 110 438 508 412 172 678 455 404 158 150 546 390 742 355 102 509 644 440 155 197 556 606 559 190 525 570 316 474 825 552 258 308 578 352 298 123 589 288 527 558 337 249 140 316 507 455 671 580 240 194 222 322 203 352 634 455 318 741 507 560 113 654 439 307 47 256 160 197 712 470 51 278 408 184 621 606 347 136 694 257 629 743 525 345 198 505 266 572 801 423 76 437 172 710 424 117 120 770 192 250 369 242 374 81 444 47 509 500 727 420 224 419 565 150 167 596 340 151 561 481 131 503 472 574 157 135 525 616 346 717 327 747 29 15 552 382 177 549 157 374 634 150 313 644 388 678 401 494 281 475 290 682 408 432 177 284 499 205 117 632 501 171 590 118 274 578 191 213 529 356 500 106 572 440 70 490 636 728 577 237 494 272 543 630 599 468 288 159 606 579 47 659 442 647 118 633 388 321 368 350 644 129 368 654 246 436 793 710 476 110 209 569 641 265 516 723 285 322 285 664 158 496 539 299 494 649 
187 299 554 305 199 287 453 352 631 554 218 557 440 203 589 281 346 263 388 524 559 74 553 145 546 197 404 99 175 232 46 124 132 166 588 302 87 143 443 384 565 213 225 244 612 671 334 371 439 265 135 472 162 589 353 82 438 502 136 438 607 726 724 253 627 279 507 180 442 468 525 528 22 451 74 498 503 390 728 578 644 157 135 420 511 566 597 345 388 623 413 474 442 455 259 587 328 258 570 217 786 528 146 387 577 531 147 393 446 435 328 48 585 262 344 192 495 610 322 598 461 329 733 807 104 655 283 568 41 561 246 394 209 446 676 278 76 231 581 564 520 412 582 418 81 380 178 228 546 369 104 258 668 707 226 128 449 513 435 267 620 169 267 210 392 340 357 425 504 569 505 418 64 284 489 783 473 566 534 185 105 346 534 373 608 243 549 560 545 220 833 175 366 128 532 370 442 526 592 442 644 396 616 408 528 548 216 650 146 429 312 510 150 755 85 210 70 383 408 235 565 115 243 304 597 300 482 190 206 461 653 204 378 622 252 512 392 526 259 519 82 207 180 468 763 464 219 611 466 485 229 425 108 319 684 278 144 101 580 637 599 50 500 196 574 200 595 581 77 430 623 313 485 407 498 623 268 128 190 118 358 394 469 250 275 143 332 207 404 760 78 600 655 114 333 716 95 670 391 165 733 406 105 586 424 459 248 252 508 76 80 179 231 766 193 294 193 345 463 477 442 515 73 83 584 565 279 501 477 552 563 250 329 293 401 692 200 501 489 621 229 185 205 658 539 85 503 476 317 170 727 678 493 310 601 126 58 382 208 430 
432 402 544 348 500 480 73 263 232 404 441 209 195 485 483 402 449 676 259 153 176 350 385 309 277 218 54 411 494 390 453 487 303 342 210 224 356 553 107 454 494 410 310 654 359 259 434 57 125 417 402 162 558 268 428 413 330 454 430 35 279 337 318 665 232 278 189 363 362 374 193 234 393 489 481 186 436 78 331 563 295 257 532 496 318 270 223 168 40 285 403 223 237 415 672 273 351 165 553 472 374 318 273 71 336 166 376 170 465 256 148 461 188 172 358 606 392 197 457 395 237 220 320 400 474 307 435 388 446 309 167 136 368 97 273 356 366 309 182 539 337 378 269 38 383 352 584 233 207 351 502 351 255 295 386 440 411 131 377 477 399 356 679 382 225 247 415 337 330 238 449 148 384 390 226 369 169 249 386 287 516 416 179 58 327 180 281 272 497 285 423 588 348 393 203 489 421 220 210 129 305 28 579 434 153 213 298 244 492 451 179 201 553 347 485 606 365 310 39 335 336 406 655 257 229 270 90 575 255 52 240 618 45 353 200 288 224 113 275 124 369 330 565 290 349 288 395 281 190 451 205 20 429 317 300 419 306 440 176 224 420 464 238 583 261 606 198 185 390 366 219 472 85 229 488 287 149 508 226 530 352 340 168 383 151 519 349 323 125 357 341 210 282 494 338 303 453 287 121 458 319 183 396 413 352 85 474 270 101 337 489 566 407 353 384 139 432 464 450 458 160 117 463 416 205 523 360 500 64 497 428 191 307 181 483 284 230 506 278 488 643 575 306 278 163 406 495 158 444 562 334 318 185 495 195 367 396 263 324 491 
640 576 662 518 709 663 197 416 89 483 644 192 313 686 567 590 613 894 395 176 151 568 441 520 303 436 235 626 706 580 671 704 517 553 161 404 571 770 223 618 594 605 504 871 360 65 600 263 239 610 615 239 776 244 599 627 443 573 643 195 259 193 135 883 122 459 230 565 492 493 214 263 611 636 700 252 551 255 171 676 218 475 749 656 402 273 150 340 247 249 551 301 354 532 889 255 513 379 667 670 166 372 489 260 357 185 588 323 595 378 335 679 97 381 526 824 502 21 640 423 325 398 108 205 689 246 615 434 665 334 385 285 564 212 93 535 581 502 110 652 420 509 255 216 600 494 803 437 205 510 718 535 49 92 585 653 546 165 513 665 412 559 897 584 360 407 584 458 404 222 566 287 600 577 307 154 244 261 472 498 734 588 198 262 315 394 306 301 607 489 217 806 509 606 218 662 545 266 132 251 236 238 679 575 156 229 496 86 703 600 372 242 769 151 701 821 583 449 230 533 368 621 873 440 163 454 171 789 466 171 21 836 255 342 409 347 371 105 470 132 584 534 781 396 132 396 596 238 273 577 416 206 641 493 160 600 521 652 97 34 477 682 313 796 271 822 96 102 607 487 90 648 160 368 617 233 366 722 445 748 503 490 262 570 363 735 509 521 270 178 559 132 171 709 510 84 667 152 286 664 101 314 608 457 489 190 666 468 128 555 706 782 606 140 583 347 632 641 585 574 278 141 679 633 139 631 539 630 154 604 492 399 468 380 646 86 443 638 352 537 861 788 511 156 166 623 623 245 615 779 182 234 256 684 83 577 612 402 528 646 
119 357 489 356 140 353 436 388 633 499 151 570 403 270 529 215 406 292 423 501 536 60 593 184 572 190 406 32 119 291 65 85 166 109 563 333 136 183 451 318 503 275 271 277 643 657 393 371 451 198 68 487 152 608 288 148 479 439 70 434 572 701 706 283 606 319 523 236 384 410 539 549 56 385 86 466 442 396 705 512 659 166 126 353 462 588 605 366 376 589 351 498 399 506 288 607 378 265 504 284 771 561 163 370 608 506 83 358 503 390 345 93 587 275 284 214 437 603 254 634 489 287 721 788 169 622 345 607 60 590 244 410 265 453 676 331 129 277 563 499 469 461 602 417 25 428 180 256 560 310 160 310 656 693 161 65 387 493 376 333 655 224 297 145 422 375 292 469 540 585 443 387 123 219 450 771 489 531 479 142 120 281 507 373 634 252 575 521 481 173 817 191 307 61 547 302 495 491 598 415 661 386 551 464 534 517 259 633 212 364 279 527 198 738 142 259 43 426 395 176 597 48 273 257 606 251 465 245 171 457 645 221 376 650 224 543 350 519 210 520 137 150 159 420 753 416 153 629 486 422 245 421 175 262 691 339 106 168 563 625 545 87 460 251 538 242 597 583 18 477 605 377 470 364 433 640 257 189 180 157 407 336 438 307 283 114 382 255 417 739 72 579 664 176 274 708 162 678 365 232 724 428 168 626 366 462 314 205 505 94 131 160 164 754 252 303 258 278 399 531 410 499 136 17 590 500 332 435 470 489 607 267 373 262 334 690 219 435 520 668 251 239 154 666 516 18 437 446 378 155 704 647 461 243 585 183 120 417 152 364 
443 520 459 468 514 591 54 388 270 297 443 299 101 583 380 381 569 738 386 50 86 404 505 399 388 282 180 446 515 499 507 523 388 363 112 344 436 618 225 405 398 515 419 719 466 221 554 178 245 403 428 277 600 363 385 494 456 369 455 145 156 251 258 728 156 396 296 465 283 287 294 342 453 425 534 62 348 204 254 475 372 332 575 443 210 373 292 292 113 164 338 342 145 541 734 370 472 261 466 574 329 437 351 94 448 55 400 111 590 168 269 523 239 276 313 663 300 197 428 510 359 190 285 338 553 191 548 507 501 421 246 262 474 213 298 473 444 419 119 451 229 503 367 161 426 477 631 338 302 297 574 465 227 255 383 468 336 49 302 586 511 455 742 384 351 371 371 463 452 332 362 75 461 368 111 335 284 123 281 312 569 375 61 180 429 275 391 146 407 294 370 641 295 421 303 449 547 95 274 39 386 114 484 559 238 89 405 190 578 388 175 310 624 291 555 681 414 436 95 331 451 437 718 233 302 246 55 654 281 139 232 672 166 457 227 407 158 146 269 197 449 337 600 192 322 192 394 370 309 370 303 139 514 282 349 533 344 522 124 199 305 523 122 661 135 675 247 239 433 492 161 587 70 155 409 372 214 586 286 594 476 277 54 495 253 555 471 429 251 289 397 128 343 572 297 289 534 337 86 552 298 309 482 532 278 193 580 269 165 403 555 602 403 317 487 247 533 429 376 585 65 73 536 456 273 432 477 423 119 406 551 295 429 189 433 298 323 430 399 609 700 652 317 333 65 446 416 38 561 601 252 208 62 474 146 458 472 389 331 433 
296 485 355 443 367 538 166 392 405 244 293 401 81 505 312 231 539 614 404 198 233 286 557 324 464 193 234 311 370 446 384 385 306 223 253 333 342 500 295 265 314 454 373 599 547 372 523 209 309 252 287 350 464 460 242 397 479 267 314 226 250 388 406 605 304 371 379 400 175 190 385 423 337 297 408 146 252 248 396 375 485 245 441 306 171 460 410 304 152 267 211 402 88 552 610 465 455 220 365 503 478 496 266 121 521 198 259 39 588 91 274 404 366 241 170 537 213 341 280 575 410 40 436 484 451 300 503 563 378 495 186 301 417 286 438 439 348 375 269 352 186 508 461 227 297 476 498 293 399 160 463 425 377 405 233 328 221 199 188 528 583 387 619 236 377 373 228 481 499 430 263 75 362 217 129 485 356 209 223 179 443 231 195 213 517 228 468 200 312 153 518 513 157 282 394 305 553 169 395 110 496 163 395 551 343 198 356 340 484 259 53 391 510 439 444 570 292 444 155 182 519 300 595 82 417 96 189 548 153 237 379 543 202 543 113 467 44 275 122 309 355 192 461 130 473 127 245 473 373 262 254 212 422 133 480 489 217 427 275 348 275 402 140 555 215 559 376 364 304 505 312 543 201 56 298 479 150 482 191 475 468 149 119 448 223 417 455 376 297 433 282 275 466 467 152 438 434 467 76 469 449 347 394 588 162 277 517 123 280 296 440 464 253 467 424 229 463 282 259 593 93 218 428 324 391 338 442 309 231 314 595 257 419 73 294 441 261 315 452 658 573 544 175 460 212 314 304 132 523 464 392 326 141 324 297 377 371 404 186 300 
320 152 641 144 352 182 388 192 515 592 348 424 427 157 645 382 206 381 229 469 498 163 390 37 395 165 300 240 331 94 208 286 60 256 531 152 77 260 321 483 632 97 61 353 455 584 192 274 312 376 264 337 323 446 449 108 274 571 278 342 577 665 646 369 560 117 370 42 493 517 390 383 159 546 234 466 566 279 660 665 505 116 297 525 528 418 470 208 318 588 486 325 445 294 376 442 166 165 655 148 698 369 96 331 419 479 260 378 294 447 202 196 470 156 415 326 544 514 435 436 309 342 642 728 164 617 154 406 204 406 181 264 64 328 561 120 87 67 510 646 542 249 437 319 207 217 332 97 410 432 203 99 577 620 331 276 516 451 494 170 458 30 382 316 239 183 448 261 342 430 572 390 101 380 476 689 337 538 570 236 258 440 487 275 455 150 397 544 618 272 748 318 429 254 395 483 283 500 468 402 502 322 698 254 406 511 54 572 169 515 304 370 250 674 191 293 179 220 338 314 406 250 360 337 467 340 413 258 235 366 555 343 285 466 248 355 400 431 304 408 81 286 342 486 666 482 330 469 324 558 124 333 111 377 556 143 204 125 505 547 629 204 489 265 548 301 479 465 209 267 548 192 412 413 581 481 216 195 169 245 195 447 439 104 177 307 170 43 276 686 153 536 523 185 398 616 143 543 356 129 635 262 81 422 475 347 160 295 406 122 204 341 344 674 66 190 107 456 541 319 415 444 168 229 459 641 122 587 388 623 399 137 165 285 505 581 102 589 332 458 359 260 271 529 482 226 586 440 182 332 662 634 463 439 524 47 111 222 284 531 
459 701 288 656 524 758 276 592 471 97 444 520 158 726 177 357 755 809 596 229 243 495 727 545 611 414 397 503 536 666 586 567 527 412 232 539 561 704 448 320 211 675 591 797 690 367 739 386 467 384 471 500 646 584 319 615 669 211 494 367 145 305 361 801 281 583 520 621 171 154 517 566 546 302 606 162 188 419 328 297 586 466 627 338 59 596 506 498 317 163 239 565 133 751 805 592 665 434 289 724 435 660 487 286 672 216 445 204 793 134 470 610 449 453 266 731 144 384 377 734 580 242 417 415 666 188 722 730 580 645 403 478 638 435 487 655 566 593 283 274 59 709 589 380 497 680 683 510 524 237 673 642 382 387 389 509 212 251 192 749 735 608 815 400 564 573 303 675 673 554 203 204 579 345 117 456 508 131 94 383 639 313 200 390 652 443 615 91 231 348 456 704 238 470 526 372 754 133 488 214 602 323 292 759 460 165 575 327 700 276 274 533 717 391 654 778 498 643 306 351 675 488 792 264 518 269 277 759 364 363 405 733 375 680 333 630 180 361 310 417 574 373 637 100 455 104 402 589 532 223 471 359 641 266 549 708 425 644 297 365 84 606 104 766 123 763 456 451 503 702 308 762 292 166 259 590 367 695 412 678 675 205 174 667 433 596 665 595 468 366 494 262 550 680 264 444 650 539 239 689 444 526 613 755 182 416 738 317 385 512 647 640 403 439 645 434 684 365 243 793 185 282 640 518 488 251 658 273 343 226 772 471 626 294 339 477 481 281 620 831 765 754 366 539 233 508 264 186 741 643 316 218 161 429 309 598 587 598 370 323 
534 656 447 604 604 727 184 520 320 257 527 389 162 717 339 452 705 855 515 106 99 523 619 532 491 410 309 554 610 635 624 627 519 465 76 480 565 739 344 445 371 651 555 838 564 205 690 312 365 476 530 390 706 451 434 623 582 363 556 268 24 157 202 846 119 532 401 600 299 292 394 446 573 444 649 98 340 335 174 457 443 461 684 473 188 470 365 426 249 28 366 458 182 670 851 461 607 397 448 708 277 549 481 229 551 92 501 205 722 202 404 643 306 412 368 778 292 231 487 616 478 280 255 264 681 58 685 618 618 525 379 390 610 331 330 609 573 556 131 433 202 634 459 288 538 609 740 474 396 343 698 601 221 225 468 570 350 130 321 722 613 590 860 473 480 504 418 592 570 423 355 178 588 438 122 296 397 39 251 421 684 426 78 314 522 411 494 75 390 395 304 755 343 525 402 495 677 74 346 158 460 250 454 692 332 49 541 165 708 412 285 415 747 233 679 805 531 567 231 419 557 542 836 318 377 329 169 780 393 255 246 785 300 551 344 520 224 229 362 290 578 432 703 200 294 202 480 453 425 372 438 266 645 349 396 670 457 652 146 207 243 641 118 787 41 797 311 309 545 621 148 723 179 213 410 452 346 712 413 714 609 315 127 632 390 659 605 565 377 213 518 104 402 698 357 282 662 388 207 685 282 435 613 643 303 308 716 365 260 527 677 706 486 279 623 384 668 481 387 714 154 156 661 566 349 411 613 424 229 385 667 431 564 303 469 318 457 432 515 722 814 777 417 389 100 556 416 121 697 706 165 84 103 537 153 590 599 519 428 459 
749 654 759 596 819 743 307 492 120 574 753 238 418 776 657 699 685 996 465 279 250 674 473 618 339 542 333 734 815 666 776 811 617 662 250 489 671 872 308 725 687 693 593 972 375 113 674 365 321 719 724 309 882 269 706 726 500 672 751 297 338 220 144 985 199 544 289 656 595 594 269 309 716 740 805 354 649 350 190 771 219 578 856 761 497 305 185 426 355 323 655 359 458 586 991 280 587 479 762 758 117 411 591 369 383 286 697 431 652 482 426 783 161 480 634 928 600 129 748 445 384 507 79 172 787 310 695 463 769 364 489 370 652 301 79 615 682 590 208 747 514 570 281 317 707 561 908 532 254 617 819 618 98 99 695 762 648 271 616 748 427 652 998 694 433 485 691 517 448 257 664 395 700 686 407 88 313 349 565 607 839 696 297 363 331 495 341 390 703 598 161 911 615 715 269 769 602 362 176 359 237 345 771 637 227 322 586 153 799 704 481 297 869 135 802 919 689 516 339 643 397 729 975 549 195 563 280 886 575 274 89 940 357 354 518 391 478 210 580 220 683 643 889 496 62 497 706 254 338 677 514 310 738 601 136 680 629 750 198 122 562 786 411 893 357 922 153 166 714 546 173 725 270 474 716 245 473 820 551 851 573 595 366 654 463 843 583 611 355 173 665 219 168 808 618 36 766 139 395 756 43 389 705 483 593 282 750 578 227 659 808 890 716 86 673 445 721 749 687 626 384 250 780 740 185 725 619 730 260 699 524 496 544 490 752 52 542 738 401 559 964 886 621 152 268 730 723 349 691 886 205 289 358 793 179 673 713 472 637 750 
339 259 567 214 397 326 224 166 366 475 358 293 284 322 541 351 312 522 186 305 334 216 355 146 303 98 140 290 384 233 310 362 143 250 367 104 197 398 176 434 539 251 154 498 379 421 296 110 174 357 295 210 423 332 402 253 259 485 319 179 419 499 481 511 394 140 246 201 396 416 262 275 249 487 339 312 473 124 494 589 382 111 396 479 400 315 331 98 154 429 410 229 313 324 518 332 224 14 579 310 535 307 120 171 346 316 275 239 357 321 71 312 319 11 346 456 440 353 411 386 225 231 480 563 314 456 285 365 303 325 53 133 209 179 410 212 208 155 344 567 416 279 327 157 257 246 444 73 283 353 345 202 415 456 315 325 432 287 403 321 401 193 525 306 169 147 395 258 297 309 483 241 227 343 331 528 213 383 454 200 372 391 325 111 364 23 306 394 532 220 585 441 350 284 270 453 323 347 325 247 384 157 615 320 261 353 140 407 330 451 184 252 396 510 329 446 233 218 174 276 339 291 501 246 331 255 248 415 178 203 395 470 120 383 149 283 275 269 234 254 210 257 434 361 506 357 320 353 213 475 42 169 267 303 417 270 198 278 339 384 505 316 344 422 394 449 329 315 263 279 382 324 247 287 506 363 82 348 110 378 237 357 286 231 11 391 224 164 141 521 204 371 389 335 326 457 293 404 206 294 475 159 234 389 380 193 315 226 246 191 336 435 335 512 223 28 270 425 465 364 265 278 306 290 317 557 216 515 224 535 384 30 188 168 461 428 69 519 262 449 492 414 233 391 318 282 512 284 300 429 497 472 309 434 359 204 239 184 252 479 
337 141 649 124 373 183 374 166 493 592 365 400 421 173 648 394 196 406 203 455 484 182 365 49 369 165 280 260 352 91 233 310 72 270 517 127 100 286 299 493 637 102 37 378 429 566 181 257 289 389 283 313 348 420 460 133 250 577 297 324 566 649 629 394 544 92 346 51 496 520 365 358 182 556 259 457 570 259 643 672 480 119 322 536 525 393 446 184 304 577 493 300 441 273 401 417 146 152 663 160 679 343 102 319 393 466 276 372 277 445 181 221 448 140 422 351 546 494 449 411 284 341 622 710 189 605 150 381 228 380 173 241 63 307 538 104 111 43 494 653 540 228 412 301 226 195 357 78 386 438 228 84 558 601 345 296 522 437 498 175 433 44 407 330 213 157 458 237 317 405 577 382 126 391 470 670 313 529 570 244 284 450 475 257 430 138 371 536 624 280 730 344 434 272 371 497 263 491 445 392 477 307 704 237 384 500 29 555 192 524 302 345 275 656 216 317 198 196 324 325 380 270 385 339 443 344 398 282 241 347 535 369 267 440 247 330 397 412 310 387 106 297 367 484 646 480 344 444 299 564 110 315 136 383 532 137 216 150 488 528 628 229 483 289 539 326 457 443 229 244 531 189 396 411 588 456 209 220 170 271 174 452 430 97 161 331 149 25 254 669 171 521 499 210 404 595 168 520 347 148 614 237 106 398 479 326 167 300 386 141 230 366 359 655 73 173 120 469 548 301 406 428 193 250 436 647 106 595 370 629 375 120 141 282 517 559 94 597 306 435 384 283 280 505 468 247 594 430 175 357 647 621 453 455 507 72 136 197 294 541 
707 521 797 464 772 612 300 360 76 630 718 100 438 659 714 681 545 903 329 316 302 603 313 521 182 475 260 674 763 543 698 748 526 616 320 374 579 780 212 728 736 573 479 877 213 221 535 296 215 696 671 187 812 110 704 629 351 707 698 244 420 351 282 892 286 423 155 544 620 625 135 160 638 757 727 391 686 267 325 813 58 499 784 769 544 147 57 316 319 411 670 217 482 433 899 120 452 398 804 637 277 253 508 344 221 329 647 433 500 505 327 699 98 392 633 842 638 165 736 283 241 495 228 330 688 410 564 302 692 204 420 262 535 210 87 487 591 475 265 789 563 422 122 254 643 418 833 432 115 622 724 494 201 232 664 706 672 297 638 619 266 543 905 659 301 358 691 369 291 106 700 400 609 669 446 250 187 416 616 560 760 692 344 292 169 412 183 454 745 562 323 829 620 661 131 766 450 412 69 368 77 307 821 489 130 380 475 251 692 719 458 159 773 286 710 818 620 375 309 614 236 672 882 534 57 548 284 783 529 228 163 857 294 193 476 236 487 192 554 155 590 607 822 531 223 530 673 92 205 708 425 259 636 593 33 550 573 649 250 198 629 704 454 789 426 826 90 99 649 396 254 589 269 487 747 83 415 720 486 762 433 607 392 528 381 778 447 498 250 320 592 293 6 709 614 178 667 24 387 644 197 265 605 321 613 203 625 549 182 580 719 823 685 245 557 360 604 742 711 471 400 267 687 676 74 770 491 760 231 743 363 404 411 460 757 114 454 767 250 397 877 784 582 10 311 667 753 375 555 817 338 399 393 774 243 571 621 336 601 762 
340 325 522 277 404 392 162 217 333 417 354 281 221 384 487 331 377 566 230 242 272 242 389 203 314 110 107 307 395 299 343 383 194 249 304 160 246 442 161 403 487 315 220 543 395 369 361 71 166 341 303 207 451 329 372 304 305 437 330 135 354 439 426 555 335 204 242 265 345 364 255 279 283 450 372 246 423 104 436 543 371 147 424 447 339 319 310 131 92 364 369 244 251 378 561 331 286 61 533 374 484 333 163 106 365 252 280 176 415 262 100 351 287 77 310 496 387 307 390 413 247 182 430 509 365 391 351 397 337 341 57 141 274 159 376 278 256 221 286 521 356 334 327 117 278 303 476 138 274 312 392 268 365 405 304 338 386 225 355 386 424 255 569 297 205 198 363 307 331 303 434 176 274 321 266 480 212 317 396 194 406 360 261 75 373 75 318 328 483 202 533 478 309 293 264 428 379 281 300 181 377 97 567 380 237 287 206 352 385 412 133 251 443 456 374 497 257 270 112 257 361 304 545 205 312 217 187 467 165 158 349 508 76 395 119 306 218 222 205 221 260 245 459 301 459 298 311 348 220 429 103 122 321 266 394 336 205 331 282 334 445 354 279 474 328 496 297 283 284 331 326 390 188 228 462 357 49 399 120 420 296 311 220 297 55 414 285 229 141 464 232 310 369 385 289 412 345 380 141 354 429 181 289 421 331 164 380 198 206 227 379 460 324 463 287 55 333 401 421 419 199 219 353 311 293 509 282 472 174 486 424 96 247 122 431 390 124 477 288 488 532 465 220 369 255 301 469 218 366 455 438 408 243 420 303 262 286 230 239 445 
386 798 8 770 420 826 508 741 737 197 356 758 367 760 130 281 854 732 759 494 518 506 919 612 828 500 598 466 443 744 555 497 589 402 515 679 599 661 658 178 85 741 687 732 910 654 838 573 673 298 429 713 561 819 208 635 834 98 437 585 439 599 655 728 568 704 741 689 190 180 745 786 545 111 563 417 118 612 622 16 837 538 553 151 268 822 758 662 514 457 165 766 322 899 730 825 787 562 11 768 729 860 555 481 885 484 415 382 924 300 631 586 706 584 234 660 167 657 249 939 774 348 708 709 666 483 803 926 552 859 522 665 714 649 761 758 598 691 560 21 252 853 821 589 481 819 599 621 758 222 653 739 667 677 335 450 144 509 176 810 947 675 739 351 736 722 205 833 861 789 104 408 602 278 362 749 720 418 202 413 585 215 471 577 879 564 832 378 63 377 751 631 226 434 755 208 896 404 741 438 849 525 58 885 698 443 670 614 708 134 397 753 683 685 637 740 498 793 514 336 883 449 721 329 767 320 521 734 417 591 685 654 566 905 426 831 327 613 349 659 607 365 541 274 747 275 343 830 737 101 584 572 663 276 816 792 447 660 572 646 228 578 356 739 412 714 715 706 484 855 592 841 536 323 69 834 494 684 491 637 806 219 413 753 570 515 788 682 660 661 511 546 810 672 253 730 657 804 431 721 733 709 647 951 201 637 794 358 628 541 623 545 333 732 711 582 735 224 110 937 405 539 632 484 739 45 760 62 579 68 955 594 759 409 168 755 579 61 816 1019 686 727 379 801 502 478 63 430 832 553 611 512 414 283 589 647 605 758 367 136 
128 406 505 413 105 386 511 456 710 542 156 646 468 292 562 239 450 235 492 573 608 136 659 249 645 267 483 76 78 338 67 19 234 165 634 404 194 148 528 334 531 318 332 227 714 732 439 448 527 217 103 563 77 683 309 184 544 468 81 511 637 772 779 228 679 384 599 288 425 451 615 624 113 401 56 533 474 473 777 528 735 242 53 363 514 662 682 440 452 655 382 572 460 563 232 682 436 342 521 311 846 632 237 444 679 577 130 425 553 448 420 94 664 351 321 157 477 679 263 703 561 350 796 860 179 688 386 674 69 662 321 485 316 530 753 386 184 338 636 518 520 520 677 494 99 488 110 327 636 350 151 365 732 768 191 66 420 565 414 364 724 277 241 178 493 444 317 532 609 661 473 456 172 247 513 846 565 596 523 210 73 305 577 451 707 329 648 583 507 235 891 130 348 106 623 307 550 557 675 485 737 462 569 515 611 585 323 707 222 386 348 603 172 811 140 227 120 490 470 223 668 87 219 316 683 308 539 224 241 534 721 158 453 722 296 614 411 596 269 597 190 202 82 474 828 470 180 705 561 450 320 497 205 309 768 383 179 194 637 700 590 84 523 229 602 203 674 660 92 538 679 414 545 424 455 715 333 186 257 125 466 379 506 356 359 38 440 314 494 811 148 651 741 176 316 784 181 755 436 257 799 502 210 692 408 540 344 266 582 165 121 83 185 829 299 380 293 287 425 584 478 573 146 66 667 523 387 454 546 515 670 342 436 333 344 767 293 453 591 729 190 216 213 743 588 77 458 515 421 79 774 714 528 237 659 234 165 486 206 376 
447 251 657 194 504 336 235 101 295 544 466 202 339 364 618 457 293 602 100 314 334 318 254 220 195 206 111 395 490 254 404 464 227 359 368 77 279 479 104 535 621 280 181 575 271 384 279 110 91 464 402 115 520 230 504 327 174 571 426 155 441 485 451 590 380 132 149 245 480 497 168 170 344 584 433 345 557 85 474 678 286 212 493 580 462 209 247 14 179 446 504 121 376 255 597 229 192 122 668 345 493 201 216 209 238 327 383 301 303 390 37 402 251 106 444 542 519 307 516 280 117 317 435 530 386 467 288 262 398 217 158 42 239 114 341 208 291 178 330 656 480 216 223 133 362 190 537 131 189 447 423 208 374 417 423 431 521 291 490 338 294 242 603 414 70 86 495 179 196 210 568 292 309 449 379 480 115 410 524 308 463 492 340 107 257 130 198 431 618 326 544 530 444 391 174 557 260 380 246 283 285 174 701 272 186 375 175 381 391 547 268 151 471 475 409 516 335 149 193 382 231 398 580 340 244 351 250 481 284 174 346 558 121 275 249 175 348 232 336 195 289 365 534 428 455 425 429 252 108 564 132 154 334 400 333 273 306 347 321 346 568 407 392 488 422 524 260 246 367 206 360 322 243 357 597 264 176 418 218 462 191 447 324 243 107 492 190 199 57 494 306 362 301 407 423 403 365 320 258 345 423 51 303 287 466 137 339 328 201 288 419 534 443 466 260 89 309 530 557 298 310 272 386 393 237 643 212 607 201 620 289 111 147 258 563 362 159 613 156 352 576 482 340 306 323 386 604 317 291 527 480 477 343 541 337 269 321 102 359 579 
139 455 335 430 209 483 309 416 539 313 137 510 234 424 351 97 510 473 440 354 390 172 610 268 547 164 332 167 213 400 252 234 245 77 411 352 259 370 391 182 331 398 345 462 628 526 495 298 399 109 137 440 314 562 149 302 512 269 161 343 401 545 563 465 461 368 475 345 201 227 486 513 220 242 271 303 266 335 554 359 599 195 293 227 276 553 531 352 269 419 181 476 220 566 470 564 448 241 349 429 634 561 211 248 597 355 110 197 585 207 322 278 496 261 110 395 254 487 156 641 477 117 590 641 344 453 460 621 247 574 202 373 370 387 577 416 259 349 424 341 282 520 559 335 164 485 350 285 504 131 343 397 529 560 78 176 214 353 196 468 654 331 479 79 424 397 145 508 553 534 270 232 267 88 276 640 445 360 293 69 303 138 353 302 607 238 551 344 314 35 675 369 127 134 495 198 561 322 518 265 606 281 392 545 460 354 329 495 383 210 134 484 385 596 325 445 171 465 282 26 591 153 456 77 536 68 336 429 78 361 527 398 297 629 114 535 173 412 36 433 268 38 308 234 626 230 89 579 454 254 252 328 330 78 609 449 106 329 428 499 359 273 284 436 365 429 506 494 170 526 467 498 346 186 275 587 185 369 154 344 470 153 277 410 254 265 450 339 375 591 175 432 590 355 95 588 330 596 222 385 600 410 309 644 183 387 453 38 409 201 316 311 99 622 368 270 394 170 235 601 251 368 314 183 513 337 418 281 363 320 639 267 425 128 208 584 241 283 516 703 430 424 36 587 369 173 280 289 488 312 550 480 298 187 450 305 272 438 34 229 
349 700 131 665 402 739 370 625 598 84 325 621 229 685 89 237 755 708 639 356 380 433 793 520 696 397 466 414 420 651 504 464 498 333 379 564 518 619 525 166 78 653 586 702 778 518 739 443 541 262 378 581 537 684 177 563 714 43 394 450 309 472 523 702 433 595 607 599 64 45 610 652 479 134 518 279 20 482 493 146 699 441 524 174 133 688 620 540 382 327 94 637 185 785 705 690 679 447 137 689 597 731 461 348 754 346 357 248 815 163 509 533 568 469 156 632 29 518 235 810 646 228 574 582 603 356 710 799 500 727 409 537 621 515 622 656 520 590 423 122 118 739 686 456 420 707 576 514 622 130 600 640 530 543 284 408 57 371 64 724 816 585 715 298 613 605 164 715 735 653 35 272 528 227 223 616 587 284 76 327 546 176 333 448 745 452 699 245 79 288 623 603 133 380 620 217 784 267 603 300 712 392 160 777 561 306 570 478 643 114 276 620 637 554 582 697 430 677 379 264 753 397 694 221 629 216 383 685 321 455 547 630 436 772 317 702 196 474 253 522 528 292 523 136 613 136 295 694 606 53 475 438 591 183 677 698 366 591 434 509 131 527 218 691 279 676 576 568 425 739 455 750 398 189 90 698 377 627 390 593 696 109 274 658 453 488 680 585 532 532 436 410 672 613 166 594 591 666 297 646 597 583 569 824 81 503 711 262 490 462 571 527 290 599 622 462 652 217 75 824 268 400 572 432 601 104 659 104 442 79 831 482 647 291 178 617 475 112 688 894 662 679 297 662 364 424 95 291 736 532 483 387 276 284 451 563 533 639 292 157 
253 259 623 276 256 231 494 341 653 620 285 569 495 139 656 349 299 234 378 569 602 135 534 147 545 238 429 166 230 192 88 173 145 233 632 301 91 111 461 452 633 167 208 209 604 706 289 398 454 333 203 482 184 594 422 41 418 570 201 467 660 770 763 223 669 266 516 150 508 534 535 532 87 520 102 549 571 412 770 647 653 191 161 488 573 568 613 353 426 674 481 475 501 423 230 591 299 283 639 156 821 518 173 430 568 576 215 447 405 496 342 61 607 282 412 176 561 641 389 582 459 388 766 845 37 705 235 551 87 555 281 406 175 466 698 247 80 213 621 633 583 382 586 446 149 354 186 236 556 436 56 228 701 742 295 191 516 556 502 209 606 143 237 279 389 333 426 404 489 577 573 469 62 352 545 816 483 619 599 247 116 415 581 400 605 268 547 616 613 284 870 169 433 196 542 437 408 579 609 490 651 433 685 369 546 598 204 688 77 497 366 517 106 792 41 160 136 365 447 303 555 183 213 366 611 364 521 133 265 491 683 193 407 616 305 505 451 557 322 543 79 274 207 530 794 526 288 617 472 553 248 456 53 385 700 233 205 40 618 670 664 71 556 140 627 159 617 602 145 404 662 260 524 465 567 629 308 65 234 95 330 460 520 212 299 183 304 188 418 800 135 643 668 51 400 746 28 686 440 103 763 410 70 566 490 481 190 315 535 119 55 205 299 800 154 317 140 413 531 439 494 555 18 148 601 633 247 569 510 620 538 267 310 346 469 716 219 569 482 594 209 130 271 673 583 153 571 525 269 194 770 727 544 376 639 103 50 372 274 498 
681 296 910 259 728 379 452 203 366 788 704 250 579 461 865 706 292 744 171 516 522 534 2 408 139 449 332 615 710 350 597 672 425 597 553 263 464 635 280 788 871 381 327 714 115 508 290 350 261 710 630 230 711 206 756 491 114 823 650 361 644 634 577 733 543 272 220 382 731 747 232 180 544 838 622 568 809 312 613 931 261 438 685 833 703 172 297 259 416 644 758 163 619 145 740 195 237 369 921 434 588 71 433 449 94 530 616 547 209 635 290 584 345 348 698 703 769 431 765 56 148 570 534 638 535 656 338 21 592 111 408 255 359 293 397 288 475 321 502 908 722 163 194 347 580 182 718 339 237 701 579 306 490 530 667 652 775 491 743 395 84 389 744 656 185 218 748 128 57 222 820 531 489 698 611 563 223 623 769 553 646 745 546 345 151 372 137 652 869 575 635 700 697 619 226 808 166 601 311 515 245 407 953 215 295 584 335 524 520 801 522 207 618 588 571 644 552 168 423 630 79 621 725 594 285 605 456 607 532 368 452 722 358 137 501 100 597 393 588 334 469 610 730 672 535 670 671 222 196 817 363 368 483 654 345 330 542 499 488 474 806 592 623 612 635 663 347 340 584 135 514 347 443 605 851 233 429 560 460 626 206 700 553 330 356 694 231 346 262 619 522 536 309 554 677 487 518 339 500 464 507 209 462 35 718 314 408 580 361 496 587 729 686 556 382 341 416 780 810 170 545 463 549 608 304 895 290 861 392 871 49 345 223 511 816 425 382 866 107 103 732 611 587 325 520 603 857 542 314 720 624 656 568 785 494 431 499 175 605 832 
563 550 580 494 633 632 120 397 153 404 566 221 229 644 489 509 592 833 383 93 74 503 461 469 328 372 193 556 631 545 606 633 463 478 95 372 516 710 204 535 513 567 466 812 396 101 579 214 224 529 542 238 707 282 515 573 441 490 569 148 194 185 158 823 83 428 241 522 409 410 231 283 548 552 635 170 469 218 174 594 273 415 682 572 321 304 195 310 181 189 467 306 270 531 829 292 492 325 585 630 216 391 432 186 387 103 514 240 590 294 298 618 136 332 443 761 420 69 557 453 328 316 165 240 635 195 586 458 600 361 325 261 525 191 173 506 526 465 40 570 339 502 290 171 532 482 736 392 230 427 661 503 102 137 506 581 462 81 429 632 447 515 837 506 347 384 500 454 416 255 483 204 544 495 225 215 245 188 392 424 670 505 117 214 354 341 331 226 526 412 264 742 425 534 238 579 542 186 176 168 289 173 599 564 167 152 455 84 653 516 294 255 712 186 643 766 516 437 161 454 394 549 813 359 207 373 92 736 392 126 102 772 203 382 336 362 288 71 392 128 529 457 711 313 199 313 517 282 274 494 365 155 590 410 232 570 451 600 26 71 402 619 231 743 198 765 141 138 539 484 61 621 85 284 533 281 302 668 380 688 487 406 178 537 312 665 489 480 247 198 494 73 234 654 427 161 614 222 206 618 172 300 557 482 405 166 630 390 105 494 647 712 527 198 542 298 591 558 502 575 194 59 622 564 178 549 510 547 101 523 511 351 447 304 562 169 391 555 361 562 798 735 435 221 85 553 540 161 591 710 180 193 173 602 37 528 555 388 451 562 
136 426 509 435 100 402 534 481 735 555 162 672 488 306 571 248 470 222 517 595 631 162 683 274 671 292 508 98 74 359 87 23 259 185 656 429 217 148 554 340 539 337 355 217 739 756 459 473 553 224 121 588 56 709 315 204 568 477 96 536 657 794 802 216 701 409 625 310 438 463 641 649 138 405 70 554 484 499 799 532 761 268 38 365 530 688 708 466 476 675 392 597 478 585 219 708 458 367 525 327 869 657 262 468 704 599 149 446 574 465 446 110 689 376 334 146 488 703 267 727 587 370 820 883 193 708 406 699 91 687 347 511 338 555 778 409 207 362 659 523 535 542 703 519 124 511 92 353 662 363 161 388 756 791 203 81 429 588 425 381 749 300 229 191 518 469 325 556 633 687 482 478 195 258 533 870 591 616 536 232 74 312 599 476 733 354 673 602 513 255 914 117 360 125 649 309 572 577 700 507 762 486 573 536 637 606 347 730 234 392 370 629 174 834 152 226 145 514 494 239 693 108 208 334 709 326 563 227 263 559 746 144 478 748 319 639 430 621 289 623 213 220 57 491 852 487 192 730 587 458 346 522 224 324 794 403 203 212 660 724 603 100 542 231 622 199 699 685 117 561 702 432 569 443 461 741 358 196 282 128 489 393 527 378 385 13 463 338 519 834 173 673 767 188 330 809 197 780 458 274 824 528 231 716 421 565 361 285 607 191 132 58 195 853 320 405 312 291 432 606 500 597 161 91 693 529 409 460 571 522 694 367 460 355 347 792 319 458 616 752 177 219 233 768 610 101 464 537 440 55 797 734 549 237 683 256 187 511 224 379 
408 560 381 512 478 624 127 442 348 218 402 377 36 603 301 331 612 728 445 108 138 397 576 418 463 291 245 426 483 531 497 500 403 337 149 391 445 613 296 340 319 543 453 712 542 280 596 234 315 355 402 350 578 441 324 502 517 291 428 216 136 276 303 719 202 438 372 490 208 210 371 418 448 353 522 35 270 267 288 397 451 343 556 374 131 450 371 347 165 152 268 413 71 600 724 448 519 293 387 597 377 509 364 135 523 101 374 78 644 95 320 517 318 311 253 651 222 269 372 584 428 152 342 377 559 186 584 578 491 496 268 325 504 284 373 513 452 454 179 372 150 559 445 228 411 530 612 371 380 233 573 502 289 310 342 442 262 120 229 616 586 479 733 347 412 424 308 523 521 410 284 59 467 317 35 389 357 95 202 293 557 314 92 237 506 305 466 95 329 267 413 627 232 397 380 387 604 55 353 61 465 171 405 610 317 84 438 244 588 317 159 385 622 336 554 681 405 492 153 293 525 414 709 192 381 203 134 657 266 215 301 657 223 534 219 479 100 225 235 276 458 305 576 114 380 114 355 449 380 294 333 207 525 228 426 569 330 532 189 265 230 515 47 664 103 671 326 318 418 551 217 623 149 91 333 451 232 590 292 588 526 209 24 530 289 531 518 460 316 326 393 175 421 575 240 353 540 415 94 569 360 373 495 604 206 267 608 237 243 404 552 578 361 371 514 288 556 369 301 642 35 149 537 439 352 353 517 347 197 327 619 329 479 178 366 370 347 354 469 679 687 654 289 412 119 428 340 40 600 578 282 211 30 420 208 475 477 447 300 363 
677 497 772 440 742 588 274 336 65 607 688 75 413 633 691 652 523 875 305 295 283 574 303 493 168 445 230 644 733 518 669 718 497 586 303 347 550 752 182 701 712 547 452 849 210 214 513 266 186 667 641 159 782 99 676 600 332 682 668 215 403 345 279 863 273 397 130 517 594 600 109 140 608 730 698 368 661 237 321 789 64 470 755 742 521 133 28 288 290 396 643 195 457 417 870 110 429 369 779 612 283 240 479 316 214 307 618 406 483 480 298 670 74 362 605 813 614 151 707 277 220 467 230 333 660 396 540 294 663 194 390 233 508 180 92 463 562 448 247 764 540 403 111 224 613 397 803 404 90 595 696 469 195 230 634 676 646 275 612 595 263 515 877 630 276 333 663 350 277 87 675 374 580 640 423 257 160 397 593 530 731 664 323 263 165 382 170 434 721 532 330 800 592 631 106 737 433 391 40 343 82 278 798 470 100 360 448 241 665 692 429 135 745 286 681 790 590 354 281 584 227 642 854 506 29 520 258 755 499 199 157 828 264 191 447 220 460 167 525 126 561 577 793 506 230 506 643 86 180 682 396 230 608 565 59 526 543 621 232 188 609 675 431 762 407 797 68 74 619 377 241 567 244 460 721 80 385 692 456 733 412 580 368 503 351 748 424 471 222 319 563 277 32 681 586 182 639 46 359 618 202 239 577 314 587 173 600 520 154 550 691 793 655 251 531 331 578 713 685 455 375 244 658 646 45 745 466 734 204 719 354 375 388 431 729 120 424 741 232 392 848 756 553 32 291 637 727 351 532 788 333 387 370 745 228 543 592 313 571 735 
361 677 181 640 420 722 324 593 549 58 340 576 183 674 111 251 733 719 605 306 329 428 755 503 653 376 425 418 435 632 506 474 482 332 328 534 507 623 483 198 119 636 564 711 735 467 717 405 500 278 383 538 550 639 202 555 680 94 402 407 258 422 472 712 382 569 564 582 58 34 566 610 476 178 523 229 71 443 443 195 652 423 534 215 82 644 573 505 340 278 118 596 139 754 716 645 653 419 186 676 547 692 443 307 712 296 359 207 787 120 475 533 520 441 162 641 22 468 261 770 607 201 523 532 600 307 691 760 501 686 382 499 603 473 572 633 510 567 372 171 68 709 641 414 419 677 588 489 577 133 599 617 479 492 292 417 89 321 74 709 775 568 725 305 578 574 187 682 698 608 86 228 519 240 173 565 545 233 40 317 553 198 283 409 701 425 657 195 127 279 573 613 136 384 576 251 754 216 555 254 665 350 204 750 515 255 548 427 638 152 247 577 640 503 581 700 427 645 337 264 712 402 703 203 582 201 336 685 307 410 496 641 396 728 294 662 158 426 242 475 518 291 538 88 562 89 304 648 565 102 449 395 582 178 628 678 358 583 384 458 106 528 168 691 228 681 528 520 425 707 404 731 350 149 140 651 349 625 370 597 668 104 226 638 423 500 653 564 492 482 429 359 623 611 167 543 586 617 255 636 546 546 559 785 75 459 696 250 444 452 571 541 302 548 606 431 638 246 119 794 221 351 570 435 554 151 636 154 396 125 794 455 619 263 216 567 452 162 649 857 673 680 292 614 314 426 146 242 715 546 433 338 226 312 400 549 525 606 289 199 
464 674 328 627 530 734 236 558 426 138 451 476 130 707 220 367 726 806 561 185 198 485 687 524 569 394 359 499 540 642 579 567 507 409 187 507 545 697 407 342 252 653 565 793 647 323 711 350 427 394 470 459 647 540 337 600 633 246 494 327 105 268 321 798 237 553 478 599 192 180 474 524 536 332 601 120 223 382 289 337 541 446 627 365 75 553 462 463 281 124 261 525 116 716 802 548 635 406 329 703 395 619 467 251 630 171 443 179 760 125 437 602 405 425 278 728 176 339 393 692 540 230 375 378 653 153 696 689 574 603 378 440 614 395 441 627 551 567 238 314 85 675 545 341 491 647 683 483 481 250 663 615 338 344 394 509 239 206 214 726 692 587 811 403 528 540 321 639 634 510 238 172 564 354 82 415 467 86 132 375 635 330 155 353 608 417 573 46 271 342 419 702 250 467 483 394 720 89 443 176 557 286 334 727 416 119 549 283 686 302 255 491 709 351 644 770 490 609 268 351 633 486 788 258 473 265 235 749 352 322 360 732 339 637 315 589 166 317 305 374 558 371 640 103 413 106 407 545 491 256 444 320 625 270 504 682 415 629 252 321 129 599 69 755 79 756 411 406 497 667 263 736 249 152 294 546 342 683 393 671 643 218 136 642 404 597 634 571 430 328 483 218 505 668 272 400 636 494 208 672 401 488 596 715 200 375 717 310 342 499 639 642 409 398 623 404 663 383 273 759 151 238 629 514 444 291 631 308 300 266 732 443 595 275 363 432 457 316 581 791 763 745 361 494 188 504 299 146 714 644 279 183 120 445 264 579 573 563 367 350 
447 269 646 212 505 354 216 120 281 529 464 192 323 379 604 452 312 612 117 295 315 321 264 230 195 205 92 398 491 270 411 468 235 357 349 93 288 489 88 527 608 296 196 586 274 366 298 93 77 460 403 106 526 225 496 338 190 559 427 136 422 466 433 601 361 149 141 259 467 484 159 167 350 575 439 327 545 66 455 667 278 216 499 572 447 207 235 29 162 428 493 123 361 272 608 224 211 121 657 361 476 208 221 193 242 308 383 287 321 375 37 410 236 107 435 551 506 290 511 288 123 306 418 512 397 448 306 272 405 219 154 29 255 97 326 226 300 193 311 644 465 234 219 114 364 208 544 141 180 437 433 225 356 399 420 433 510 272 478 355 300 255 614 411 85 105 487 196 206 203 556 275 318 443 362 463 107 392 510 305 471 485 322 89 257 131 199 413 605 321 527 539 434 392 166 551 278 362 233 266 279 156 689 291 171 356 189 362 404 537 257 145 482 457 419 528 339 167 175 377 236 399 591 330 233 342 231 494 280 155 329 566 104 276 241 181 334 214 329 178 299 361 539 413 439 410 425 246 105 553 137 135 346 391 322 291 306 359 302 328 552 415 375 501 404 535 245 231 370 224 342 340 224 343 586 257 169 430 217 471 210 435 307 260 104 496 209 214 41 475 310 343 290 418 414 387 376 309 242 360 406 56 314 297 454 119 356 321 183 293 428 539 440 449 275 85 324 524 546 316 293 253 396 397 224 631 230 597 182 607 301 116 166 247 555 347 165 602 163 365 586 495 336 295 304 389 593 299 310 532 461 458 326 537 318 281 330 120 355 570 
163 550 242 525 222 575 356 508 595 255 143 580 247 511 275 55 605 522 531 383 417 256 699 362 628 258 405 228 237 494 318 277 339 152 432 445 348 431 466 89 248 490 440 515 710 559 590 373 476 81 191 518 352 636 57 386 604 185 207 408 400 556 586 515 485 463 551 438 139 164 560 591 298 147 331 318 188 412 570 266 668 290 338 134 243 630 595 440 332 419 96 559 218 661 519 640 543 331 257 518 660 647 306 305 680 381 171 227 680 198 409 347 555 352 36 445 189 532 89 727 562 155 622 660 422 453 553 709 314 656 291 456 464 460 629 511 347 444 456 250 244 614 635 403 236 580 391 379 576 65 414 492 566 591 96 221 133 388 126 559 739 424 528 111 513 490 50 600 641 607 188 263 352 42 278 671 523 362 238 164 359 46 374 377 686 329 632 336 228 130 697 417 64 194 569 116 656 328 581 299 677 344 302 640 526 365 424 524 463 116 193 561 451 619 397 510 250 558 340 85 675 211 507 115 601 102 380 499 172 422 570 444 370 709 197 620 183 465 110 495 357 115 340 210 660 206 108 651 535 168 345 393 415 57 669 542 196 412 463 538 304 341 282 505 364 489 565 553 240 619 497 591 392 191 183 658 270 443 248 406 564 97 298 504 342 303 545 434 455 608 261 457 653 430 42 628 411 656 266 471 637 495 396 733 123 456 543 119 468 290 385 343 104 653 461 358 484 92 146 696 276 409 389 246 577 248 513 188 420 234 730 359 519 196 116 632 336 190 602 794 476 493 128 648 397 238 188 313 582 348 563 482 313 137 484 396 356 529 116 135 
652 609 654 551 722 695 209 450 121 471 655 228 312 715 554 597 647 916 430 173 144 588 477 546 339 457 262 643 720 611 692 721 542 567 146 435 595 793 255 620 583 635 534 894 394 29 634 289 272 618 630 274 794 279 601 652 478 566 658 220 239 158 99 906 99 491 266 594 489 488 250 299 633 634 720 248 544 284 135 666 250 497 768 655 392 309 185 371 266 227 549 336 352 568 912 290 546 403 657 700 136 408 513 274 393 180 603 327 630 376 364 701 133 408 529 846 494 51 645 459 361 405 79 171 714 220 647 470 685 370 407 317 594 244 116 567 606 532 102 642 409 544 290 243 618 529 822 465 242 512 742 566 15 58 595 669 542 167 510 696 447 587 920 596 394 439 586 493 440 258 559 291 624 584 301 129 280 247 461 513 755 591 191 288 350 419 341 287 598 501 186 827 510 622 254 665 581 256 168 255 268 257 667 609 192 217 525 57 730 598 383 278 793 117 725 846 602 483 247 543 404 637 896 448 198 461 181 815 481 196 31 857 280 377 424 383 373 131 481 166 608 546 799 390 110 391 607 272 308 571 442 231 667 498 186 632 538 678 92 17 461 703 305 822 255 846 132 138 625 523 70 680 173 368 611 267 386 747 465 771 537 489 261 601 389 753 543 550 302 142 580 115 201 734 514 72 693 180 295 692 83 348 634 493 487 221 696 479 158 577 729 800 616 113 612 373 661 645 581 610 279 148 703 651 175 621 571 624 176 595 528 426 501 393 647 100 469 632 388 572 882 814 524 186 162 640 617 244 648 797 147 205 252 690 73 604 636 436 540 644 
475 196 713 138 525 285 303 35 338 608 497 230 405 328 680 499 232 586 37 381 400 333 208 216 188 241 177 413 508 212 407 476 229 390 434 59 275 467 159 583 681 242 152 558 251 441 219 178 141 503 425 148 523 241 551 315 112 629 447 221 508 548 510 575 444 94 175 218 538 557 196 179 350 636 434 413 616 152 535 735 303 232 497 628 527 212 281 64 247 514 558 119 440 188 582 237 131 163 725 307 547 169 230 276 216 395 410 365 235 453 93 399 297 142 495 533 580 363 558 244 102 374 488 586 369 534 237 220 402 200 202 100 205 171 382 158 287 148 394 713 545 148 232 199 379 122 536 136 215 501 410 163 429 473 460 450 578 358 548 290 263 219 587 449 32 27 544 113 152 229 627 358 304 491 446 531 146 478 588 345 462 540 408 175 248 165 190 499 676 368 598 525 497 414 199 601 192 448 284 351 298 242 759 205 230 443 153 441 367 599 326 172 456 532 398 494 351 81 261 423 205 418 565 393 276 403 317 458 325 239 399 550 189 260 298 151 410 292 383 248 283 403 540 492 505 489 464 265 125 621 156 221 316 451 364 222 335 330 384 403 633 406 459 465 490 506 305 292 383 139 422 267 309 420 653 277 228 399 253 452 125 503 392 198 152 501 128 173 114 553 321 427 328 390 475 453 349 352 323 316 473 68 288 242 524 196 295 374 260 298 411 540 478 518 228 140 274 573 612 231 377 338 375 408 275 701 161 662 266 679 236 138 87 313 610 406 176 667 128 300 566 460 379 337 390 402 659 384 234 531 542 543 411 578 399 254 315 37 398 628 
621 158 917 159 652 215 531 197 519 829 649 399 631 312 897 675 126 599 198 607 624 465 193 333 302 425 404 541 630 225 497 581 356 552 657 252 375 504 375 770 893 250 247 568 304 646 131 406 355 672 566 343 601 374 737 381 138 838 579 446 736 763 716 588 662 220 352 276 750 771 371 327 457 829 517 641 828 379 746 939 436 394 579 814 751 337 452 291 475 740 759 281 664 50 595 364 140 367 930 285 741 233 380 503 277 621 560 589 19 674 318 476 487 345 691 571 796 566 731 244 256 586 684 786 409 759 187 210 494 285 405 324 247 388 557 180 383 242 614 919 768 79 362 425 508 109 599 304 383 702 452 201 631 674 627 577 784 584 756 235 273 288 597 613 234 215 733 125 193 380 836 584 392 670 673 720 338 707 808 521 533 726 635 403 334 362 301 727 885 553 791 575 699 555 369 778 37 676 462 579 423 470 968 48 425 670 262 653 382 796 539 342 482 733 450 495 481 146 489 602 260 552 581 597 442 604 544 460 510 461 596 592 417 325 499 247 630 508 577 455 375 577 625 714 693 711 627 395 309 827 341 447 364 649 516 186 497 378 603 609 857 486 686 464 718 520 492 482 510 95 638 180 535 640 855 407 437 427 435 501 119 710 620 207 362 597 137 259 337 759 454 648 479 425 672 641 396 508 549 328 662 280 353 209 734 413 253 567 474 424 469 623 642 710 264 356 281 750 814 24 604 562 432 530 453 910 179 863 488 889 163 332 167 523 795 585 346 867 235 196 595 466 557 493 616 527 861 613 155 612 755 766 639 739 615 330 399 194 573 818 
415 555 394 506 485 620 115 434 335 230 410 365 44 601 313 340 606 731 436 96 126 399 565 416 451 290 235 430 489 527 500 504 402 342 139 385 445 615 286 351 332 540 449 714 531 269 591 226 305 363 407 339 583 429 334 502 509 304 434 205 134 269 294 722 192 433 360 487 221 223 359 406 450 365 525 27 283 258 279 409 438 342 560 386 143 438 359 339 156 149 280 403 83 591 727 436 513 289 400 595 367 498 363 128 512 89 379 81 637 107 313 519 305 306 264 654 234 257 382 573 417 158 331 368 559 182 580 568 494 485 265 316 500 274 360 507 452 450 167 385 162 551 433 218 415 523 617 367 368 244 575 497 278 300 350 447 274 108 241 613 574 476 736 354 404 416 319 515 511 398 297 56 467 326 45 378 346 93 214 297 560 325 81 229 494 301 455 99 341 272 404 631 242 402 368 398 596 54 341 52 452 162 418 603 304 78 434 233 588 329 161 374 623 327 556 682 407 484 144 300 514 419 712 199 369 210 122 658 269 203 289 661 214 522 220 468 109 212 241 263 458 311 581 127 369 126 362 436 370 306 329 197 525 238 414 565 333 531 177 253 241 518 57 665 102 673 313 305 421 542 206 619 137 101 346 439 230 591 292 590 520 220 12 526 284 536 512 456 306 317 394 165 409 576 250 342 540 402 90 567 349 364 494 593 218 256 605 243 231 405 554 583 369 360 511 282 554 379 313 634 31 137 538 443 340 366 511 359 185 339 609 325 472 179 378 357 344 367 458 669 691 655 294 399 107 432 352 28 595 583 274 207 22 430 196 473 477 438 306 375 
326 165 679 187 341 145 474 264 603 652 357 509 502 78 698 409 207 302 301 553 584 181 448 109 471 236 389 239 316 99 177 262 123 285 617 236 90 189 410 513 680 74 132 273 525 673 196 363 399 398 272 423 277 527 481 60 333 618 277 431 657 751 735 291 647 191 455 67 546 571 474 464 151 579 194 546 615 368 747 703 588 183 254 552 595 497 556 295 404 670 529 405 515 331 298 522 210 252 694 80 787 438 162 415 489 563 277 452 312 515 291 153 558 244 458 257 599 603 456 497 387 407 731 817 89 699 142 465 174 478 263 351 86 417 649 158 89 137 597 687 607 292 517 408 213 265 276 186 495 479 133 139 666 709 355 270 563 537 544 126 522 67 303 339 317 259 482 317 406 512 619 468 86 410 551 778 422 618 630 281 209 472 570 363 530 237 473 621 663 319 837 256 476 263 479 505 315 579 555 483 584 408 739 276 494 593 134 661 82 552 375 454 173 763 127 209 191 280 425 351 475 254 282 394 553 395 500 173 290 455 644 276 373 538 315 428 468 520 355 497 80 322 301 552 755 548 351 550 407 603 211 422 40 425 642 140 243 54 592 636 692 162 564 180 628 221 567 553 212 315 636 170 499 482 620 562 296 116 236 181 241 499 518 119 264 275 215 112 364 774 175 623 609 108 444 705 73 629 436 42 724 345 40 479 528 436 108 347 495 147 145 298 364 763 64 278 50 479 583 346 493 531 108 224 546 685 157 625 477 669 449 225 226 355 532 669 187 626 404 503 287 175 312 615 567 225 625 520 177 288 749 718 542 450 612 51 86 294 321 560 
715 670 696 612 786 757 273 509 155 509 717 273 367 780 590 657 706 983 487 229 196 654 519 612 382 523 328 709 784 674 758 786 608 631 189 498 662 859 317 674 623 699 598 960 428 53 693 355 333 678 695 330 860 316 657 718 531 611 723 286 269 145 70 972 135 553 317 658 538 535 299 345 699 683 786 299 588 349 116 707 275 564 834 708 435 349 224 434 332 253 601 388 404 620 979 327 606 470 699 764 72 453 579 339 431 232 667 387 684 428 428 768 182 474 586 912 539 114 703 495 414 465 14 117 780 237 709 510 751 410 473 379 658 306 129 628 672 596 156 684 451 599 327 308 684 585 888 530 288 566 809 629 51 26 657 734 590 226 559 759 481 653 986 658 452 500 642 547 487 299 603 350 691 643 350 63 335 285 501 577 821 647 241 354 383 485 384 325 640 565 123 893 565 687 302 720 634 302 210 315 294 323 705 665 246 262 589 90 796 649 446 327 859 68 791 912 668 540 313 605 443 702 962 508 236 522 245 881 545 262 75 923 346 408 489 429 430 196 543 226 675 609 864 438 47 439 669 304 362 618 508 297 733 556 198 694 604 744 151 83 494 770 352 888 291 912 177 187 691 576 116 741 238 424 657 297 453 813 531 837 595 542 315 664 455 818 602 614 364 104 646 159 223 800 571 41 759 197 357 757 32 406 700 532 537 284 760 542 222 644 796 865 678 46 677 439 726 701 629 661 336 212 770 716 218 661 632 671 243 636 570 491 561 457 700 103 535 679 436 610 949 880 588 207 216 706 663 299 709 863 131 216 303 749 129 670 703 493 603 696 
610 681 532 626 680 758 213 534 272 341 605 361 238 759 420 533 726 918 523 133 103 584 604 577 470 463 323 622 684 668 687 697 567 536 70 502 615 799 344 531 455 687 588 899 535 135 712 335 365 557 601 382 775 420 519 674 584 449 628 278 99 74 117 908 63 557 385 639 386 378 374 426 633 530 713 168 426 349 88 541 400 512 752 560 274 444 328 443 283 81 453 450 264 673 914 430 626 435 533 748 191 534 531 272 528 125 572 274 730 286 426 703 270 447 451 842 378 185 571 594 472 353 175 178 734 65 714 601 681 503 424 399 645 331 271 635 624 588 105 518 288 642 429 301 604 621 808 509 372 428 754 630 153 147 545 641 437 149 408 756 587 630 922 549 487 520 503 595 560 394 441 242 641 519 205 211 388 125 336 488 748 510 121 337 491 450 473 161 475 466 218 820 427 595 380 580 683 154 309 214 418 280 536 704 310 117 576 98 758 498 350 399 804 147 736 862 594 577 262 495 536 612 898 394 340 406 189 834 458 260 186 850 324 520 405 506 302 214 436 272 629 506 775 286 212 288 557 417 417 458 477 281 694 430 341 698 522 702 118 149 322 703 202 842 127 856 272 273 611 625 94 750 193 292 497 414 394 766 467 774 624 400 194 662 425 729 624 600 385 127 577 72 354 752 440 208 714 335 264 729 205 440 661 625 389 306 752 437 248 583 736 777 564 195 660 415 707 565 473 717 220 162 716 633 314 495 639 511 233 470 654 467 581 366 555 254 499 519 505 705 879 832 488 339 119 623 502 183 722 776 80 51 173 620 112 636 652 528 500 546 
561 90 874 114 588 137 524 190 547 801 590 429 610 235 864 623 49 522 205 604 625 405 254 277 343 383 402 478 564 157 428 513 300 498 659 231 312 429 383 721 857 178 196 491 361 663 56 396 364 618 505 362 529 415 688 311 170 799 517 446 730 773 733 511 669 186 378 211 714 736 397 361 392 783 447 629 791 376 759 897 478 345 507 765 727 378 483 283 462 736 717 307 640 107 518 406 103 337 888 208 764 281 329 488 330 617 502 565 61 648 305 406 511 316 648 496 762 584 677 308 282 553 706 807 335 758 112 273 425 332 372 326 182 396 588 125 319 191 620 878 743 99 402 424 447 107 525 265 413 661 378 144 650 693 573 513 744 582 718 158 336 224 520 558 241 205 685 152 240 415 798 565 326 620 655 746 357 697 780 472 461 678 630 394 385 329 343 714 846 506 815 500 658 495 397 725 86 664 490 565 467 460 928 36 446 663 212 666 307 751 508 369 406 753 377 418 420 152 479 553 313 490 504 558 474 565 541 383 465 464 617 516 408 380 462 289 601 517 533 470 310 526 553 687 719 684 572 437 330 787 305 445 292 607 554 112 444 306 610 625 832 415 668 387 709 443 517 505 448 127 647 103 534 613 813 449 406 351 391 427 100 672 605 140 336 527 104 203 340 776 395 652 517 350 629 667 323 545 530 252 688 288 284 276 697 421 176 524 484 364 396 551 586 735 196 334 207 697 773 101 587 563 359 466 481 870 122 820 491 850 233 300 144 490 745 614 304 823 272 272 519 389 508 529 614 464 819 600 78 540 766 768 627 681 624 264 331 199 522 769 
387 682 210 642 448 730 305 589 524 45 368 557 167 687 121 280 736 743 599 280 301 444 744 512 639 383 413 440 462 639 527 499 492 352 298 532 520 644 469 233 141 645 569 734 719 436 721 395 487 307 406 524 576 620 235 570 674 127 426 391 224 388 439 736 351 570 548 590 88 67 549 594 493 214 545 204 103 432 409 222 631 432 560 250 51 628 551 500 328 243 152 584 125 750 740 627 654 419 213 688 514 680 452 295 698 269 381 198 787 110 470 553 497 440 190 666 56 442 294 757 596 206 491 498 616 272 697 749 522 671 384 489 610 458 546 636 523 572 344 198 35 707 624 400 439 675 614 491 559 160 618 622 449 460 318 441 124 297 106 718 761 577 749 330 571 570 219 677 688 590 118 214 534 268 149 533 531 201 24 333 576 230 255 399 685 426 642 162 154 295 539 638 162 406 559 286 751 187 533 236 645 338 226 750 496 226 552 397 654 188 248 561 660 470 600 721 445 642 323 286 699 424 727 215 561 216 314 705 319 393 468 666 386 712 300 650 154 404 257 456 531 311 565 72 530 74 330 629 553 137 451 381 597 199 603 684 374 599 356 429 84 549 141 711 196 703 505 497 445 703 375 737 329 143 174 631 349 643 378 618 667 129 204 643 422 527 654 570 482 448 445 329 600 629 192 513 602 592 244 649 516 536 572 774 102 443 706 265 423 467 591 569 329 516 614 427 649 280 155 791 203 328 588 457 532 177 640 188 376 151 785 456 618 266 251 539 457 196 638 847 698 699 309 590 287 447 179 220 720 572 398 303 201 345 372 561 541 600 309 234 
255 430 624 454 210 381 631 521 816 674 280 741 599 279 689 367 463 103 558 698 733 246 713 321 723 378 588 207 187 366 143 141 313 297 760 479 261 83 627 456 656 338 387 102 784 851 455 555 623 343 236 654 69 770 433 221 598 595 214 621 768 899 902 98 803 446 689 329 557 582 708 708 203 520 114 663 602 575 902 646 826 342 80 479 648 745 781 526 569 785 510 652 592 597 101 767 477 442 640 305 966 698 330 565 748 703 263 555 572 581 512 138 769 446 453 31 607 793 382 762 637 482 914 984 178 818 399 730 149 735 430 577 353 630 860 425 249 393 758 638 653 559 762 602 222 532 32 409 729 482 134 406 849 887 322 199 548 689 545 359 786 323 110 310 567 512 443 583 669 751 600 584 232 377 645 964 656 727 655 339 80 431 705 557 784 428 725 715 630 366 1012 11 479 238 714 422 581 687 776 612 825 578 688 538 712 714 383 829 204 509 476 691 109 933 140 135 234 544 588 356 735 220 91 448 780 441 660 152 368 645 836 25 561 795 421 685 543 709 402 704 252 335 91 607 945 603 311 792 647 576 413 609 228 442 868 400 304 213 758 818 722 134 655 153 733 101 780 765 215 582 801 415 665 557 577 804 448 160 370 86 508 511 635 386 459 116 482 368 587 936 255 775 838 161 449 899 194 855 562 258 915 586 250 745 540 644 339 398 692 260 124 87 314 947 331 479 305 406 550 609 607 694 162 193 768 645 424 575 660 639 716 433 489 459 462 876 384 573 661 769 57 144 345 842 713 204 579 644 433 77 901 844 658 347 780 283 220 551 339 494 
478 566 459 514 549 638 94 431 273 284 476 320 115 630 368 409 615 782 427 29 55 448 538 447 416 328 220 487 551 546 551 563 435 401 71 390 482 663 260 422 392 563 466 764 492 198 600 222 280 432 466 309 640 384 406 540 495 369 494 181 111 208 224 772 122 442 324 512 290 290 319 370 497 435 577 49 347 246 214 473 385 378 616 457 200 398 305 336 159 118 350 376 153 582 778 392 517 309 463 621 298 469 398 142 476 19 438 142 633 177 314 567 249 323 335 706 298 191 452 540 394 222 260 302 600 143 595 539 545 449 293 302 522 247 294 519 491 467 97 448 218 545 389 200 468 520 672 385 325 315 619 511 207 228 415 507 343 50 311 633 538 502 786 418 392 415 390 504 487 354 362 108 507 395 103 308 316 83 271 352 612 396 14 224 452 323 419 114 404 332 336 684 314 460 328 469 589 67 287 78 400 160 478 602 260 45 453 162 625 399 214 338 669 258 601 727 458 478 141 364 480 477 762 264 316 277 83 700 322 171 220 714 210 481 269 439 179 160 304 217 496 373 640 192 298 193 427 388 343 373 351 178 561 307 352 580 386 569 107 183 285 567 110 707 95 720 256 250 475 533 135 633 95 172 413 389 261 632 332 638 520 291 64 542 301 594 515 476 290 251 442 94 351 618 320 271 580 342 128 599 278 348 530 564 288 225 628 304 186 448 600 642 435 290 535 294 580 450 382 626 88 81 581 498 287 428 523 427 147 401 585 342 474 230 449 290 370 434 433 642 743 698 355 340 37 487 419 50 607 641 211 161 53 500 126 505 518 430 368 446 
470 233 688 175 524 321 264 75 304 576 490 201 371 357 650 484 271 606 69 342 360 335 224 228 176 230 138 414 509 244 416 480 237 382 394 72 288 485 120 564 653 272 177 578 248 402 258 141 103 490 423 115 533 221 533 332 142 603 445 181 470 508 471 594 403 122 146 242 511 529 166 158 357 614 444 376 589 112 495 710 280 231 505 609 494 195 250 35 210 475 535 103 408 224 601 217 171 147 700 337 509 174 232 241 215 355 405 334 274 422 66 412 261 129 474 549 552 324 544 253 94 349 450 547 389 494 273 233 411 195 185 60 233 132 348 193 299 173 354 687 512 186 212 160 380 162 548 141 187 478 428 196 391 434 449 450 553 319 522 325 268 241 607 439 38 63 525 147 166 204 600 324 317 476 410 494 114 440 556 334 474 521 369 138 239 153 179 462 649 354 560 539 474 411 171 586 230 411 251 315 277 205 733 245 194 404 174 402 391 577 300 145 475 493 415 517 353 119 223 409 206 417 585 370 245 381 278 482 311 199 361 566 152 255 278 150 380 252 365 210 297 391 548 460 468 457 454 243 99 596 151 181 336 430 334 258 329 350 344 364 600 418 423 488 452 527 269 256 385 175 382 305 270 389 628 255 206 420 243 469 165 478 355 231 133 507 167 196 74 513 323 387 300 410 454 416 368 322 290 342 436 37 306 257 497 156 328 357 220 302 426 547 468 481 255 117 303 558 588 267 342 298 392 411 242 675 197 639 226 651 257 130 125 288 592 371 176 644 129 321 583 483 366 307 350 404 635 347 272 540 502 503 374 567 359 272 329 71 385 609 
509 119 785 70 549 210 400 63 424 693 535 308 495 276 761 551 141 555 79 479 498 356 192 225 236 296 275 436 529 161 409 487 245 433 532 116 277 445 255 643 759 193 139 525 275 536 130 273 236 551 456 236 522 303 610 301 77 704 473 319 605 645 605 544 541 94 255 192 616 636 275 245 359 700 433 508 693 249 631 807 368 271 496 688 615 268 361 158 341 611 628 187 528 106 551 296 50 232 797 251 638 188 261 369 240 492 446 453 140 538 183 394 386 210 561 513 660 456 609 242 163 451 580 680 344 632 163 209 405 234 271 198 168 268 466 99 288 133 492 786 632 59 292 297 402 26 528 175 292 570 388 115 523 566 507 473 651 456 623 221 267 199 555 493 113 80 605 62 153 299 702 449 301 546 538 621 231 575 673 396 456 599 505 270 288 229 237 594 751 425 689 510 567 444 276 655 103 543 368 445 359 337 834 107 320 539 150 538 331 666 404 248 428 626 380 456 373 29 356 477 225 444 535 464 354 472 415 419 382 337 491 532 285 291 366 185 494 389 446 342 281 453 542 578 594 575 508 326 206 694 210 318 293 518 438 151 377 308 482 497 721 403 551 425 586 474 392 380 405 67 519 185 407 505 723 339 302 370 307 435 29 577 485 142 227 508 45 157 212 648 344 525 401 364 541 542 327 427 413 275 563 160 272 224 600 293 230 437 356 316 397 541 523 609 191 220 228 627 682 144 469 436 359 427 358 776 101 732 364 755 198 198 37 388 669 491 219 736 164 258 542 423 432 412 488 423 730 479 150 531 638 641 506 622 496 241 310 72 449 690 
376 94 704 104 402 122 433 182 536 653 405 435 483 123 707 443 146 386 220 514 542 220 364 99 390 225 333 292 379 32 247 330 122 317 576 164 126 273 344 544 695 42 59 356 442 618 132 312 332 436 320 350 355 448 511 133 248 634 331 377 627 706 682 374 600 113 380 26 555 579 401 386 207 608 269 518 629 310 699 727 511 178 331 586 587 418 485 227 363 638 549 326 503 251 381 443 127 212 718 105 730 354 158 380 406 525 318 434 241 506 229 228 492 198 478 341 606 544 495 413 307 402 673 763 173 665 91 381 244 396 235 283 3 353 581 75 133 62 550 709 601 210 438 354 261 182 358 136 421 495 217 56 609 652 392 327 579 496 556 113 438 38 386 376 238 180 510 233 322 436 634 444 141 441 532 719 349 590 631 298 288 502 535 312 448 199 392 598 681 335 781 339 491 310 405 544 237 552 485 453 505 365 760 202 426 561 70 609 162 578 363 378 257 709 210 289 235 196 383 376 391 305 365 399 480 402 456 253 298 400 584 360 323 455 308 345 459 464 367 434 125 348 377 545 695 541 389 472 332 621 171 370 122 440 569 81 266 137 543 580 689 237 545 259 600 304 501 487 262 232 586 130 453 472 643 484 271 199 230 264 158 510 491 45 220 347 132 45 297 723 211 578 535 193 461 643 156 557 409 109 662 271 104 395 537 374 106 357 436 180 227 376 403 704 21 229 68 517 603 271 468 485 189 280 476 704 74 649 424 686 366 178 142 344 567 603 156 651 322 421 371 256 333 542 527 279 649 491 121 365 703 681 515 497 562 79 148 212 346 592 
388 515 405 467 459 580 95 397 329 253 386 346 45 561 334 321 567 696 401 106 141 363 535 376 426 251 204 398 461 487 465 473 362 312 161 347 406 579 258 344 348 500 409 679 507 281 551 191 276 343 377 312 551 409 324 463 474 314 404 179 173 297 314 687 211 393 336 447 225 232 337 382 414 365 491 61 294 225 305 421 424 303 528 382 167 416 345 303 121 187 278 374 90 555 692 416 474 249 412 555 386 469 323 91 486 106 348 52 599 112 276 483 295 266 252 620 247 258 367 545 387 132 345 392 521 218 540 538 459 459 225 283 460 246 358 468 413 410 178 397 186 515 412 189 381 486 584 327 347 236 538 457 288 314 326 417 278 110 244 572 549 436 701 328 369 379 309 479 480 378 308 18 429 308 78 394 319 132 236 264 526 314 103 194 472 261 430 139 354 242 426 597 234 371 346 388 559 93 328 25 437 128 434 566 286 112 394 248 549 327 126 349 587 347 519 645 372 448 112 274 487 388 677 174 354 187 110 620 235 181 293 627 180 500 184 439 97 201 213 246 419 283 550 142 382 140 338 418 341 314 289 169 486 221 407 525 299 493 185 260 270 482 91 627 142 637 304 294 388 507 220 579 124 94 352 422 190 553 253 554 482 216 33 486 245 505 473 416 274 341 358 183 398 538 236 350 502 395 50 528 359 331 455 564 219 230 565 214 215 367 517 553 345 376 471 243 514 367 317 598 9 134 500 410 326 379 472 366 166 353 578 285 434 143 372 359 304 373 428 639 656 617 265 390 120 399 359 41 556 552 301 241 57 414 206 434 439 403 277 372 
182 349 440 323 244 383 284 313 490 395 198 440 261 334 444 196 405 439 340 349 384 106 512 165 462 62 266 152 236 297 208 229 143 91 412 250 167 322 319 289 430 297 238 421 539 506 389 231 323 199 144 363 303 486 256 219 409 369 171 289 428 550 554 429 454 262 399 243 292 316 412 431 156 349 234 318 364 262 553 464 530 89 277 333 340 471 469 258 226 443 284 389 266 461 435 487 341 146 454 335 619 467 106 218 507 354 120 213 478 262 231 225 444 164 214 364 343 453 255 546 385 153 569 635 271 475 356 524 202 485 112 289 267 318 532 309 171 243 410 445 352 414 482 275 127 379 332 179 432 230 282 290 505 541 156 180 314 340 292 369 561 229 443 145 327 295 251 404 455 460 370 238 182 190 310 620 367 386 374 41 270 245 357 234 523 139 465 381 416 72 665 341 226 134 421 300 455 346 460 264 535 236 496 438 397 369 222 481 304 316 132 406 330 586 263 390 115 361 244 122 499 147 420 138 472 139 313 367 33 311 496 372 234 543 73 443 216 371 102 378 179 99 307 297 602 293 160 505 370 356 149 275 245 175 553 344 47 248 411 474 436 224 321 374 394 380 455 441 134 421 453 395 319 231 379 514 112 300 50 297 363 246 290 305 162 261 343 233 294 587 101 427 529 286 196 559 254 539 214 296 573 320 219 546 274 324 355 93 360 116 260 308 175 602 266 181 297 272 339 495 263 347 246 159 453 439 312 386 321 421 538 166 319 113 314 543 135 389 422 601 400 363 76 528 364 149 385 297 383 305 552 499 314 274 433 208 191 337 94 336 
392 472 448 422 462 540 57 349 296 303 393 301 94 528 382 338 523 680 351 107 142 346 485 344 377 225 153 390 462 447 450 467 331 309 170 300 378 561 208 373 395 463 368 662 459 270 507 141 226 358 373 263 544 363 351 437 424 357 401 131 206 308 313 670 212 349 288 411 267 276 290 333 395 401 477 98 338 175 311 466 382 275 519 413 217 368 305 254 72 217 314 324 137 506 676 369 428 209 456 519 381 419 294 43 437 113 345 76 552 156 228 465 258 225 279 606 293 233 388 496 337 146 335 394 496 245 499 488 444 410 190 233 422 197 329 425 387 369 170 442 236 466 366 139 369 438 574 286 302 266 516 416 273 305 334 413 317 99 284 534 500 401 685 334 319 331 337 430 430 333 352 47 403 325 127 385 270 169 285 257 512 340 118 144 425 222 381 182 399 241 424 584 264 366 299 414 511 133 289 33 394 78 480 519 242 140 354 242 521 363 122 301 566 345 497 623 357 399 62 282 437 382 661 188 313 202 81 596 225 135 272 615 130 452 170 389 131 166 219 204 392 285 545 189 370 188 345 374 292 356 250 119 458 242 372 484 287 465 173 243 320 465 140 604 180 617 268 257 376 458 213 538 92 132 394 378 158 528 229 536 435 251 73 445 203 499 427 377 224 345 340 184 360 514 261 333 476 359 34 496 344 281 426 514 258 183 527 218 174 345 498 547 355 367 434 199 479 391 357 549 59 112 478 400 286 424 429 406 125 399 528 244 387 134 402 333 268 413 378 589 642 594 264 353 121 390 400 70 513 545 310 265 95 432 195 402 414 354 280 406 
492 565 477 512 563 639 92 427 256 301 490 306 132 634 385 425 613 791 421 13 38 457 528 451 403 335 215 498 565 547 560 574 440 414 59 388 488 672 251 440 410 565 467 772 479 181 598 220 272 447 479 299 652 369 423 546 489 387 506 174 116 198 209 781 107 440 312 515 308 308 307 358 506 453 587 67 365 241 202 490 369 385 627 474 217 385 290 332 160 120 368 366 171 576 787 378 515 311 481 624 282 459 404 146 464 2 450 156 628 195 312 576 232 324 351 716 316 173 469 528 385 236 243 288 606 143 595 528 554 437 298 296 523 238 277 518 497 467 79 466 236 540 375 194 479 515 683 387 312 332 627 511 189 212 430 519 361 37 329 635 526 505 795 432 386 411 407 498 478 340 380 121 514 411 122 291 306 94 288 364 622 413 17 222 439 326 407 128 422 344 321 694 331 472 315 486 583 83 271 89 385 159 495 598 246 55 454 145 631 417 226 326 677 243 608 734 467 473 140 379 469 489 771 279 301 292 75 707 333 162 201 725 208 467 279 429 196 145 317 204 502 386 652 210 281 211 442 373 333 392 353 172 567 323 335 580 396 575 89 165 301 576 127 714 106 728 239 234 486 527 118 633 86 189 431 374 267 639 340 647 516 309 81 543 302 606 513 478 283 238 451 79 334 625 337 253 586 324 138 603 260 341 535 553 306 215 629 318 173 456 609 654 450 273 537 294 583 467 400 620 103 67 589 509 272 446 522 445 137 419 576 344 471 241 466 271 374 452 423 632 753 705 367 323 19 498 437 65 606 653 200 157 71 516 108 510 525 425 381 463 
783 335 1048 323 820 392 608 316 522 937 809 408 729 490 1011 824 304 777 296 674 682 628 161 496 298 567 484 707 799 401 671 753 517 707 713 380 544 683 437 914 1014 427 409 746 252 666 310 498 417 825 729 389 778 360 881 556 222 963 744 517 803 794 734 766 703 368 381 448 872 890 392 340 627 968 692 724 950 462 772 1069 408 545 754 959 853 328 453 395 566 804 892 321 768 173 773 349 301 495 1060 463 741 231 535 599 245 689 720 694 194 783 426 651 504 473 828 750 913 590 882 182 303 709 689 792 587 816 366 166 667 267 535 404 420 450 550 349 553 403 662 1047 872 218 348 502 673 252 777 448 396 835 630 370 648 687 780 744 912 650 882 413 201 458 775 767 322 335 875 224 210 379 961 681 564 818 765 715 382 781 917 669 710 870 705 494 296 495 295 808 1010 696 788 753 831 717 386 928 186 757 469 668 390 559 1094 225 455 742 421 683 561 933 660 367 661 744 627 673 645 266 576 749 233 716 759 727 441 737 614 638 653 525 610 770 508 273 631 260 742 554 715 494 546 726 801 821 688 818 782 373 354 956 480 523 541 784 492 364 651 555 648 633 958 661 777 642 793 698 505 499 676 207 675 357 602 751 987 382 562 605 578 679 272 837 707 382 486 771 297 424 413 776 617 696 459 603 808 641 573 488 649 506 660 357 527 144 858 472 431 706 521 588 646 799 797 709 439 474 459 900 946 155 697 623 609 697 462 1036 349 997 550 1013 112 465 311 647 940 578 492 1001 264 68 774 644 704 475 679 694 993 697 333 788 783 816 723 896 654 501 571 297 722 960 
366 152 650 113 410 218 329 116 435 575 391 341 392 226 637 408 206 464 152 411 438 215 320 91 313 158 227 296 391 126 282 354 106 289 472 69 150 343 242 502 630 147 46 437 376 513 190 207 231 407 313 254 398 362 469 191 207 573 332 271 528 601 577 453 495 49 287 105 487 509 306 300 227 561 309 421 564 204 594 673 421 127 372 546 504 335 387 126 261 538 492 242 417 248 460 359 128 115 663 210 625 292 118 280 340 423 302 345 265 424 125 274 390 98 424 408 535 439 465 363 227 326 568 658 247 563 176 335 277 325 146 182 105 250 480 106 161 46 445 652 519 201 354 248 261 167 411 39 327 436 286 93 504 547 363 333 518 392 492 214 384 101 466 350 157 104 465 198 268 346 572 350 178 403 439 614 254 492 554 253 337 458 433 206 374 105 315 503 620 284 676 399 432 302 312 512 241 456 386 356 419 262 702 226 325 461 36 504 251 528 282 287 334 603 274 376 233 155 280 335 328 303 443 332 384 338 352 341 242 295 480 425 218 386 235 276 377 359 309 331 158 310 416 463 590 460 364 385 241 561 79 265 195 382 473 161 233 209 438 475 608 281 452 348 503 385 399 385 265 211 480 215 349 389 588 397 182 279 167 328 150 445 395 122 120 378 130 61 195 618 204 473 440 268 405 539 227 461 314 205 558 178 165 354 471 270 210 300 331 177 286 415 379 600 123 126 172 484 548 281 373 380 250 289 377 644 109 596 319 624 336 79 106 264 528 501 78 600 252 398 442 342 289 446 423 284 594 393 192 407 598 578 418 478 456 131 189 146 306 550 
2295 1190 3375 900 2565 1620 1265 420 1510 2815 2390 1015 1790 1785 3185 2360 1390 3005 405 1655 1755 1625 1185 1105 930 1095 640 2020 2495 1225 2040 2355 1150 1855 1925 350 1405 2395 575 2755 3195 1360 875 2870 1295 1985 1320 645 495 2390 2060 585 2625 1135 2600 1635 775 2945 2175 860 2295 2500 2325 2950 1980 615 745 1200 2490 2575 845 825 1745 3005 2185 1820 2880 510 2440 3480 1420 1105 2485 2980 2405 1015 1255 110 990 2320 2605 560 1975 1180 2985 1120 885 675 3430 1685 2525 930 1115 1140 1130 1725 1970 1600 1420 2045 265 2025 1295 585 2305 2715 2690 1595 2655 1325 525 1675 2230 2710 1925 2425 1380 1230 2015 1025 865 265 1160 630 1735 980 1465 855 1730 3370 2500 985 1095 750 1850 860 2705 670 945 2320 2115 985 1930 2145 2185 2200 2695 1545 2540 1635 1400 1190 3015 2135 260 350 2560 800 895 1045 2930 1555 1555 2315 1990 2450 580 2145 2715 1610 2335 2540 1795 630 1240 705 945 2250 3180 1705 2780 2665 2305 2005 870 2865 1205 1995 1255 1515 1415 965 3595 1270 965 1965 855 1975 1940 2820 1430 745 2355 2440 2045 2565 1715 650 1060 1980 1090 2035 2900 1785 1235 1840 1340 2390 1495 950 1785 2795 700 1325 1325 810 1835 1230 1760 1030 1455 1890 2695 2235 2325 2220 2210 1245 520 2910 705 855 1660 2085 1680 1305 1585 1730 1685 1795 2935 2055 2055 2425 2205 2610 1340 1270 1875 935 1875 1545 1300 1880 3075 1305 965 2080 1155 2315 870 2325 1715 1165 605 2490 870 970 340 2535 1565 1890 1515 2030 2200 2065 1820 1620 1385 1700 2165 215 1510 1350 2420 750 1645 1715 1070 1470 2105 2695 2280 2385 1270 520 1510 2725 2870 1395 1645 1445 1930 2005 1210 3305 1000 3125 1085 3190 1355 600 660 1375 2895 1850 830 3150 705 1675 2885 2400 1770 1545 1700 1970 3110 1680 1385 2660 2475 2470 1810 2775 1755 1340 1610 415 1865 2975 
5026 4004 5432 3605 5502 4641 2037 2870 371 4207 5089 1050 2947 4921 4795 4774 4200 6559 2667 2023 1883 4389 2646 3892 1715 3465 1960 4851 5453 4130 5075 5383 3906 4396 1967 2912 4284 5698 1694 5047 4970 4326 3647 6384 1953 1155 4123 2198 1750 4893 4809 1610 5852 1218 4893 4648 2870 4802 4998 1771 2653 2051 1547 6482 1680 3276 1428 4102 4221 4242 1281 1526 4648 5208 5278 2562 4655 2044 1862 5537 861 3675 5663 5320 3626 1470 679 2485 2261 2576 4599 1904 3248 3458 6531 1288 3528 2968 5474 4781 1477 2212 3752 2408 2009 2100 4634 2961 3927 3416 2527 5103 686 2947 4389 6111 4312 889 5145 2443 2079 3444 1148 1848 5068 2541 4305 2569 5033 1883 3087 2093 4053 1659 182 3752 4361 3626 1596 5369 3752 3367 1302 1876 4648 3318 6013 3269 1162 4291 5313 3787 1022 1197 4690 5061 4592 1918 4354 4683 2324 4081 6580 4669 2457 2842 4795 2996 2478 1155 4760 2716 4494 4683 2947 1288 1624 2667 4123 4004 5516 4816 2198 2177 1645 3073 1722 2940 5054 3990 1799 6006 4277 4746 1274 5334 3570 2681 658 2478 994 2177 5572 3836 1092 2429 3612 1400 5124 4949 3213 1470 5663 1554 5201 5985 4501 3010 2170 4333 2107 4830 6412 3731 735 3829 1883 5747 3787 1631 784 6209 2170 1813 3402 2086 3325 1274 3899 1155 4361 4305 5915 3563 1099 3563 4760 1106 1778 4823 3185 1876 4711 4130 308 4200 4130 4802 1498 1050 4172 5131 2996 5796 2730 6027 616 714 4690 3185 1463 4494 1792 3311 5096 1043 3017 5299 3542 5558 3416 4165 2604 4032 2849 5600 3500 3780 2002 1806 4312 1764 504 5215 4263 791 4921 301 2667 4802 924 2170 4487 2709 4186 1561 4711 3878 1288 4249 5257 5922 4844 1253 4207 2716 4543 5173 4865 3731 2688 1722 5040 4879 721 5222 3780 5194 1603 5040 2996 3045 3234 3248 5243 350 3388 5243 2170 3241 6363 5754 4137 392 1974 4809 5145 2485 4256 5887 1960 2436 2583 5432 1421 4256 4578 2716 4263 5257 
1488 4086 792 3948 1692 4206 2772 3852 4206 1458 1308 4200 1998 3774 1308 894 4410 3564 3990 2826 3006 2262 4992 2952 4530 2352 3168 1986 1830 3738 2514 2154 2814 1644 3048 3468 2832 3138 3534 276 1056 3696 3432 3564 5022 3864 4320 2988 3606 978 1764 3858 2538 4548 474 3024 4428 756 1800 3150 2712 3696 3954 3540 3378 3582 4050 3396 960 1026 4092 4296 2472 174 2556 2382 864 3228 3810 924 4710 2538 2490 96 1656 4530 4254 3432 2700 2832 570 4128 1752 4770 3552 4572 4056 2784 888 3834 4404 4668 2628 2520 4854 2790 1692 1974 4878 1608 3246 2700 3984 2910 804 3132 1080 3780 666 5148 4152 1626 4224 4350 3186 3018 4092 5046 2496 4704 2544 3504 3558 3492 4386 3858 2820 3462 3258 876 1602 4488 4548 3144 2094 4284 2766 3078 4182 834 3102 3738 3918 4032 1218 1878 666 2886 828 4098 5214 3318 3606 1314 3870 3744 498 4404 4644 4368 804 2172 2838 894 2076 4494 3894 2526 1404 1770 2682 534 2730 3018 4866 2778 4554 2322 876 1578 4590 2958 852 1800 4146 426 4740 2376 4164 2382 4770 2772 1176 4638 3858 2616 3336 3636 3444 288 1896 4110 3276 4146 3006 3612 2208 4152 2730 1290 4830 1884 3498 1434 4302 1362 2892 3582 1836 3216 3984 3096 2964 5016 1974 4506 1656 3426 1464 3648 2880 1452 2418 1560 4452 1548 1254 4632 3972 648 2874 3066 3192 1068 4662 4032 1944 3168 3312 3768 1734 2652 2076 3612 2514 3456 4038 3978 2106 4518 3480 4308 2970 1668 546 4668 2406 3294 2292 2994 4188 936 2304 3804 2850 2262 4068 3390 3498 4044 2304 3222 4590 3216 930 4302 3144 4590 2244 3540 4344 3756 3108 5190 948 3450 3996 1512 3474 2484 2916 2442 1188 4392 3528 2940 3648 516 492 4980 2208 3036 2988 2094 4140 930 3870 510 3180 930 5178 2958 3918 1932 180 4386 2820 492 4398 5562 3288 3540 1560 4554 2892 2064 546 2406 4272 2490 3750 3204 2358 876 3432 3126 2844 3978 1470 12 
2781 4095 3537 3708 3420 4608 1242 3204 3375 2502 2790 3285 837 4365 3141 2295 4581 5499 3303 1656 1980 2502 4671 2709 3843 1548 1773 2817 3420 3771 3420 3501 2565 2052 2196 2691 2925 4446 2322 2682 3168 3870 3096 5346 4581 3177 4437 1539 2439 2466 2637 2808 4203 3816 2457 3438 3987 2745 2889 1719 2295 3429 3537 5409 2619 3051 3078 3384 1908 2052 3132 3465 2961 2997 3645 1314 2601 1890 3483 3717 4059 2016 3987 3060 1809 3807 3384 2412 1044 2439 2223 3276 1026 4653 5463 3861 3798 1692 3627 4329 4167 4122 2205 774 4347 1683 2385 396 4986 1107 2133 3582 3015 1881 1818 4815 2250 2844 2763 4842 3357 585 3762 4257 3951 2727 4275 4725 3366 4113 1413 2376 3519 2241 3690 3672 2988 3114 2268 3510 1962 4257 3825 1710 2655 3978 4491 2376 3267 1755 4086 3555 3213 3492 2250 3006 2322 1629 2025 4527 4905 3276 5544 2259 3060 3033 2340 4005 4149 3546 2709 594 3123 2178 1287 4212 2871 1926 2313 1611 3969 2358 1683 1575 4320 1773 3870 1917 3150 1440 4545 4608 1728 2583 3222 3015 4662 1566 3258 855 4149 1143 3897 4662 2781 1773 2952 2907 4212 2655 369 3186 4518 3834 3915 5049 2583 3681 1089 1782 4329 2736 5328 945 3447 1071 1476 4833 1341 1827 3204 4878 1476 4545 891 3861 711 2205 1224 2484 3051 1827 4203 1458 4077 1431 2358 3942 3015 2700 2016 1593 3654 1467 4041 4149 1926 3708 2304 2943 2763 3573 1404 4896 2007 4968 3105 2997 2718 4230 2655 4635 1575 801 3015 3996 1080 4230 1548 4221 3906 1674 1053 3789 1701 3789 3798 3132 2331 3807 2457 2367 3906 4095 1647 3744 3780 3924 441 4050 3852 2781 3384 4950 1800 2169 4446 1215 2232 2556 3897 4221 2439 4050 3600 1746 3960 2808 2664 5022 810 1764 3753 2925 3222 3384 3708 3123 1800 3168 5013 2025 3465 522 2943 3735 2106 3177 3726 5580 5139 4806 1647 3852 1791 2826 3078 1125 4446 4212 3456 2943 1269 3141 2502 3213 3213 3312 1773 3006 
3605 1415 4915 1325 3800 1740 2730 1255 2370 4365 3730 1785 3330 2215 4735 3800 1295 3655 1155 3070 3115 2835 550 2175 1235 2515 2105 3230 3695 1735 3070 3475 2280 3220 3275 1575 2425 3160 1880 4245 4745 1875 1740 3500 1075 3075 1310 2170 1780 3805 3335 1650 3615 1570 4085 2500 785 4490 3420 2275 3720 3705 3420 3600 3240 1525 1625 1955 4040 4125 1690 1430 2840 4520 3180 3310 4425 1995 3605 5020 1835 2410 3490 4470 3950 1400 2025 1650 2515 3725 4135 1305 3520 580 3635 1515 1210 2150 4970 2080 3480 885 2365 2675 1000 3145 3285 3150 760 3590 1805 2980 2260 2040 3815 3500 4240 2690 4090 720 1210 3220 3210 3730 2670 3790 1590 600 3050 1095 2350 1705 1820 1945 2525 1460 2470 1710 3025 4910 4040 790 1510 2195 3060 955 3620 1920 1720 3850 2890 1565 2990 3190 3585 3415 4235 2950 4085 1840 845 2005 3645 3520 1290 1350 4050 795 750 1650 4480 3090 2530 3770 3510 3350 1615 3600 4265 3025 3275 4025 3220 2150 1275 2150 1225 3735 4725 3160 3715 3510 3830 3280 1660 4315 660 3475 2095 3025 1750 2475 5145 885 2000 3410 1800 3150 2560 4340 2975 1555 3060 3480 2870 3135 2920 1010 2565 3425 930 3275 3560 3310 1965 3360 2765 2960 2945 2325 2800 3600 2220 1185 2830 1020 3385 2480 3250 2190 2435 3310 3725 3780 3215 3770 3595 1645 1475 4450 2075 2305 2435 3595 2255 1570 2940 2505 2960 2905 4470 3025 3570 2980 3660 3255 2270 2235 3075 720 3100 1570 2705 3430 4610 1695 2485 2775 2570 3135 1060 3860 3225 1635 2105 3570 1190 1820 1750 3635 2780 3195 2080 2760 3715 2975 2600 2230 2925 2280 3075 1465 2355 520 3965 2060 1925 3205 2315 2635 2965 3715 3670 3320 1920 2045 2040 4175 4405 550 3170 2815 2775 3185 2060 4855 1460 4660 2450 4740 295 2005 1240 2910 4380 2665 2140 4680 1025 310 3630 2985 3200 2160 3095 3165 4640 3175 1435 3665 3655 3795 3305 4165 2995 2220 2570 1160 3290 4475 
635 1720 2440 1695 785 1720 2080 1845 3055 2450 790 2740 1930 1330 2610 1070 1970 1545 2015 2405 2585 195 2865 835 2750 840 1915 220 690 1390 390 535 735 500 2720 1560 610 980 2145 1590 2490 1325 1265 1465 3110 3180 1905 1745 2145 1000 365 2325 865 2930 1435 710 2300 2175 410 2060 2775 3410 3430 1495 2930 1500 2505 1115 1880 2010 2585 2635 245 1925 515 2240 2180 1870 3430 2560 3185 720 735 1775 2245 2830 2915 1720 1775 2860 1730 2385 1925 2445 1525 2925 1805 1215 2515 1390 3755 2705 710 1745 2935 2430 400 1705 2440 1880 1615 510 2825 1265 1385 1160 2145 2905 1285 3070 2340 1360 3500 3840 855 3020 1665 2935 365 2845 1110 1940 1260 2155 3270 1580 580 1295 2710 2485 2285 2220 2900 1975 70 2055 1005 1175 2690 1515 835 1475 3175 3360 800 400 1910 2365 1845 1625 3170 1050 1565 720 2005 1770 1450 2250 2600 2815 2190 1845 565 1085 2170 3750 2335 2570 2345 630 690 1400 2440 1755 3065 1150 2765 2525 2390 795 3980 1045 1500 320 2625 1530 2395 2370 2880 1980 3195 1820 2750 2245 2560 2495 1205 3065 1065 1810 1305 2530 1045 3585 745 1350 105 2035 1870 845 2880 280 1450 1215 2920 1190 2220 1265 765 2175 3120 1200 1770 3145 1020 2610 1675 2490 985 2490 625 705 905 2035 3660 2015 770 3035 2325 2090 1120 1995 850 1265 3345 1635 440 825 2710 3020 2675 490 2220 1295 2605 1275 2875 2805 65 2295 2925 1835 2250 1745 2155 3090 1175 970 790 850 1950 1640 2100 1470 1305 680 1825 1195 1975 3595 255 2795 3210 900 1335 3435 805 3275 1730 1135 3510 2035 795 3035 1790 2200 1535 955 2420 375 700 910 825 3665 1200 1405 1245 1405 1980 2575 1960 2390 695 185 2840 2490 1585 2170 2240 2425 2945 1225 1775 1220 1675 3340 990 2170 2495 3250 1345 1240 705 3215 2480 155 2180 2140 1835 885 3420 3145 2215 1255 2825 855 565 1985 710 1825 
5265 6444 4140 5976 5886 7092 2196 5211 3177 2412 5175 3897 1944 7002 3096 4464 6885 8199 5148 1467 1332 5229 6030 5337 4851 4230 3303 5481 5949 6264 6129 6129 5220 4671 1062 4860 5625 7164 3591 4311 3429 6408 5544 8064 5472 1980 6750 3348 3771 4698 5247 3978 6840 4446 4248 6138 5742 3447 5481 2925 423 1206 1773 8118 1278 5328 4059 5949 2979 2871 3969 4446 5679 4230 6345 1413 3240 3537 1422 4203 4311 4698 6642 4536 1917 4644 3636 4356 2781 288 3591 4599 2061 6534 8172 4536 6003 4122 4140 6921 2403 5400 4878 2610 5382 1350 4995 2349 7011 2214 4176 6300 3114 4257 3681 7506 2826 2376 4752 5976 4779 3006 2322 2187 6660 180 6714 6012 6075 5148 3960 4023 6039 3465 3195 6021 5688 5553 1539 4005 2007 6228 4518 3105 5355 6003 7155 4815 3978 3447 6804 5958 2142 2079 4644 5607 3402 1674 3177 7047 5922 5859 8244 4707 4833 5067 4104 5832 5598 4203 3366 2133 5832 4347 1539 2619 4041 792 2394 4293 6660 4185 1242 3366 5094 4248 4878 963 3627 4041 2565 7290 3447 5211 4041 4779 6606 1152 3465 1971 4473 2790 4131 6750 3402 981 5418 1647 6912 3969 3078 4176 7245 2007 6633 7776 5292 5625 2619 4221 5445 5373 8037 3330 3753 3420 2043 7551 4050 2790 2430 7560 3240 5346 3618 5139 2475 2493 3735 3033 5742 4365 6804 2124 2655 2151 4761 4437 4293 3546 4491 2916 6345 3555 3816 6570 4626 6408 1674 2088 2187 6291 1476 7623 738 7695 3141 3132 5409 6102 1566 7056 2124 2358 3879 4419 3654 6948 4248 6939 6012 3177 1674 6228 4059 6408 5985 5634 3906 1764 5184 1242 3915 6813 3609 2646 6489 3762 2403 6705 2610 4428 6066 6228 3033 3249 6993 3771 2790 5274 6615 6831 4806 2484 6156 3996 6561 4671 3708 6930 1908 1890 6480 5598 3501 3798 6057 4005 2556 3573 6471 4428 5607 3249 4509 3051 4662 4077 5103 6948 7830 7524 4239 3789 1395 5499 3924 1638 6813 6831 1314 423 1449 5211 1683 5859 5922 5184 4320 4401 
3913 2618 4928 2212 4354 3241 1498 1477 1120 3913 4018 441 2457 3514 4480 3829 2842 5194 1302 1883 1918 3122 1729 2520 847 2247 833 3633 4277 2716 3773 4144 2548 3276 2135 1505 2926 4333 413 4263 4571 2912 2240 5012 1407 1925 2758 1064 385 3913 3640 203 4571 777 4067 3269 1617 4291 3822 889 2779 2758 2415 5110 2086 1862 210 2695 3654 3731 245 532 3346 4529 3976 2296 4172 812 2639 5054 1071 2387 4382 4564 3304 770 742 1085 1386 2772 3927 637 2765 2247 5159 805 2149 1687 4984 3374 2611 1232 2443 1610 1274 1988 3486 2310 2681 2898 1155 3773 840 1624 3591 4767 3857 1365 4235 1715 805 2632 2205 2912 3689 2856 2905 1715 3731 1085 1869 700 2639 448 1428 2352 3003 2212 1778 4893 3437 2079 777 861 3409 1988 4711 1897 378 3556 3941 2380 1827 2128 3661 3871 3997 1715 3759 3276 1715 2674 5208 3619 1064 1435 3990 1722 1400 581 4256 2135 3136 3752 2632 2485 231 2639 3794 2898 4200 3983 2100 1036 1169 1778 875 2863 4599 2947 2968 4676 3535 3563 308 4480 2338 2506 749 1974 1099 1309 5166 2541 385 2366 2205 1988 3724 4263 2317 301 4284 2541 3843 4599 3241 1673 1386 3332 1295 3633 5047 2863 721 2961 1484 4354 2695 882 1589 4872 1078 1358 2352 1029 2688 1022 2940 609 3003 3255 4655 3129 2303 3122 3717 896 427 4277 1855 973 3325 3297 1344 2800 2947 3416 1687 1666 3997 3808 2709 4403 2723 4648 889 805 3451 1932 1897 3108 1393 2716 4536 959 1883 3913 2331 4207 2058 3493 2219 2625 1561 4347 2121 2373 630 2716 3045 2023 1127 3836 3451 1939 3542 1253 1967 3395 2079 763 3108 1890 3584 525 3304 2898 791 2947 3906 4655 3808 2408 2793 1421 3129 4298 4263 2548 2198 1512 3675 3640 679 4774 2380 4620 1029 4599 2072 1708 1848 2296 4466 1596 2051 4662 1022 2443 5012 4361 3080 1155 1904 3577 4578 2128 2877 4613 2702 2863 2296 4466 1743 2870 3220 1351 3213 4536 
2060 3000 5800 3120 2080 2780 4850 3670 6590 5850 2380 5820 4730 1870 6180 3060 3430 2320 4040 5570 5910 1070 5660 1630 5660 2280 4320 1210 1820 2330 400 1260 1540 1960 6200 3220 1030 1100 4690 4080 5930 2110 2370 2110 6300 7020 3320 4000 4640 2890 1580 4960 1470 6110 3790 770 4500 5300 1540 4670 6400 7590 7560 2220 6590 2930 5310 1850 4720 4980 5490 5500 550 4760 590 5310 5320 4180 7600 6030 6680 1860 1210 4430 5430 5870 6230 3670 4200 6560 4410 4940 4750 4610 2280 6090 3350 2850 5950 2040 8170 5440 1730 4190 5940 5630 1730 4260 4470 4680 3530 200 6130 2880 3730 1630 5250 6400 3430 6120 4810 3620 7640 8380 790 6880 2790 5820 390 5790 2760 4190 2130 4730 7040 2840 920 2430 6130 5900 5520 4190 6040 4470 1090 3890 1570 2500 5700 3990 720 2640 6990 7380 2520 1440 4770 5450 4650 2570 6350 1760 2360 2360 4110 3570 3830 4360 5180 5920 5330 4510 750 3100 5220 8130 4970 5990 5650 2170 830 3720 5670 4020 6280 2700 5690 5930 5720 2520 8640 1480 3960 1520 5560 3910 4470 5590 6180 4750 6670 4270 6420 4100 5540 5810 2300 6820 1230 4550 3450 5330 1170 7860 530 1770 1020 3960 4400 2650 5810 1380 2120 3360 6220 3320 5130 1580 2390 4910 6830 1770 4070 6400 2850 5300 4250 5560 2910 5470 950 2370 1680 5000 7930 4960 2440 6340 4890 5130 2550 4550 980 3490 7100 2760 1760 870 6110 6670 6310 280 5330 1640 6070 1670 6230 6080 1040 4390 6550 3060 5170 4390 5240 6450 2990 980 2220 870 3660 4240 5020 2520 3020 1380 3400 2180 4290 7920 1110 6320 6800 850 3630 7460 760 6960 4240 1510 7630 4270 1050 5980 4540 4870 2370 2840 5370 1060 470 1660 2540 7970 1940 3210 1860 3680 4900 4800 4750 5470 450 1030 6100 5910 2840 5260 5070 5790 5730 2750 3410 3260 4240 7200 2260 5260 5060 6300 1990 1530 2370 6830 5710 1080 5280 5090 3140 1560 7600 7110 5260 3280 6330 1330 650 3980 2380 4540 
1434 1386 3444 1350 1626 1464 2322 1572 3288 3258 1608 2814 2388 1116 3534 1848 1698 2040 1788 2778 2976 498 2790 330 2730 810 1932 948 1500 1008 822 1254 252 1092 3162 1266 120 1296 2142 2460 3432 954 840 1896 3126 3588 1614 1746 2106 1794 1104 2298 1518 2994 2268 462 2100 3060 1176 2160 3354 3984 3930 1968 3372 1140 2508 666 2622 2772 2616 2628 486 2856 990 2688 3042 1842 3978 3588 3330 504 1356 2706 2922 2850 3060 1530 1914 3438 2532 2298 2454 2250 2010 2982 1482 1056 3534 1134 4278 2628 396 1944 2916 2826 1086 2094 2244 2442 1440 792 3012 1062 2106 1644 2934 3198 2154 3048 2220 1794 3954 4428 822 3618 1350 2880 786 2820 1044 1836 840 2166 3558 1212 162 876 3084 3486 2994 1980 2952 2034 756 1782 1608 828 2742 2226 978 1086 3564 3804 1536 1170 2730 2694 2610 1362 3180 588 2052 1440 1806 1500 2268 2034 2484 2874 3066 2208 270 1842 2688 4248 2304 3114 3126 1032 1164 2214 2862 1758 3102 966 2748 3114 3330 1266 4572 1566 2202 1038 2658 2442 2184 2874 3036 2322 3324 1950 3798 2010 2652 2976 774 3486 978 2682 1620 2520 1284 4110 876 1602 588 1776 2034 1470 2844 1014 1914 1710 3054 1716 2484 1428 1080 2304 3456 1734 1794 3180 1254 2526 2166 2694 1476 2622 198 1296 1620 2664 4122 2640 1518 3126 2256 2970 852 2088 600 1896 3582 1302 810 636 3066 3378 3498 828 2760 1470 3168 1602 3072 2982 762 2076 3330 1566 2496 2250 3084 3198 1212 1020 798 1170 1656 2340 2514 1092 1152 1392 1506 744 1896 4158 444 3216 3402 936 2010 3834 702 3504 2028 894 3936 1890 432 2988 2514 2256 1272 1422 2568 258 918 1614 1602 4152 786 1266 918 2286 2856 2406 2358 2682 744 888 2988 3462 1218 3114 2412 3366 2862 972 1458 1500 2592 3660 684 3126 2388 3222 1860 1416 1224 3426 2862 870 3114 2538 1542 1566 3984 3744 2664 2160 3192 384 342 1752 1284 2748 
5136 2944 6488 2520 5600 3672 2592 1736 1672 5352 5272 744 3688 4144 6000 5136 3088 6256 1448 3008 3016 4112 1240 3264 144 3200 1776 4728 5488 3208 4776 5280 3344 4416 3240 2000 3744 5296 1288 5680 6096 3456 2784 6024 728 2808 3024 2008 1184 5216 4784 848 5704 440 5448 4080 1504 5768 4976 1888 4008 3824 3352 6160 3120 2304 632 3304 5032 5136 656 264 4304 6008 5000 3496 5632 1688 3656 6640 952 3264 5488 6032 4656 152 1120 1664 2440 3984 5328 616 4032 2144 6216 376 2392 2528 6560 3952 3448 712 3288 2704 600 3120 4624 3504 2680 4184 1856 4736 1504 2416 4920 5824 5280 2200 5600 1120 744 3832 3016 3848 4520 4056 3296 1184 4728 392 2792 1368 3184 1360 1936 2728 3832 2744 2816 6456 4808 2072 344 1840 4464 2072 5824 2576 648 4896 4840 2808 2664 2976 4904 5016 5416 2816 5152 3752 1088 3312 6264 4840 1304 1760 5360 1656 1008 520 5736 3320 3976 5056 3880 3256 800 3872 5208 4000 5232 5352 3256 1968 496 2608 160 4128 6120 4104 3840 5752 4872 4696 592 5904 2280 3736 1232 3136 872 2352 6776 2600 1160 3560 2784 2944 4496 5704 3464 528 5208 3448 4744 5512 4248 1752 2448 4544 656 4752 6088 4080 1024 4184 2568 5224 3784 1888 2360 5960 2040 688 3440 568 3936 1976 4128 1488 3816 4432 5824 4456 3040 4440 4952 624 720 5744 2632 1984 4088 4576 1576 3192 4008 4208 2704 2536 5440 4784 3976 5272 3968 5608 1512 1472 4504 1856 2888 3472 2456 3976 6032 720 2864 4760 3296 5176 2216 4840 3416 3072 2392 5496 2352 2944 1352 3696 4016 3088 1280 4688 4752 2640 4360 1512 3112 4080 2808 1160 3864 1368 4952 1472 3816 4072 1728 3864 4840 5824 5064 3200 3368 2232 3728 5696 5720 2448 3392 2576 4560 4720 1168 6328 2752 6128 2048 6120 1648 2456 2104 3416 5912 2160 2840 6176 696 2008 6088 5240 4232 1392 3024 4656 6088 3304 3192 5768 3744 4032 3496 5840 2728 3592 4064 1504 4384 6000 
2490 930 4080 612 2766 1416 1908 378 2370 3552 2634 1764 2394 1584 3948 2694 1218 3090 588 2394 2538 1602 1608 870 1554 1152 1218 2088 2658 918 2016 2442 960 2004 2742 144 1224 2370 1230 3234 3930 1074 498 2922 1932 2904 1128 1140 1146 2700 2178 1254 2718 1866 3042 1458 948 3600 2298 1488 3132 3486 3300 3018 2850 186 1440 894 3072 3192 1560 1494 1686 3576 2178 2508 3534 1068 3426 4212 2232 1032 2556 3504 3096 1698 2058 528 1518 3180 3138 1140 2574 1260 3066 1842 648 768 4158 1470 3564 1428 996 1662 1716 2472 2100 2124 1434 2628 594 1968 2112 642 2736 2766 3342 2448 3042 1854 1044 2088 3216 3780 1788 3318 1134 1692 1986 1626 996 858 840 1290 2640 654 1296 474 2550 4086 3198 984 1812 1350 1878 780 2790 444 1680 2796 2028 642 2844 3102 2436 2310 3276 2268 3108 1422 1980 888 3096 2364 624 300 3006 906 1290 1782 3588 2124 1392 2658 2658 3486 1248 2928 3426 1764 2346 2976 2544 1134 1920 744 1572 3018 3882 1932 3870 2718 2772 2112 1584 3318 1242 2724 2064 2124 2208 1512 4380 1218 1710 2730 486 2874 1788 3366 1806 1428 2304 3450 1956 2544 1710 648 1626 2244 1644 2124 2964 2154 2034 2202 2022 2334 1668 1620 2682 2868 1212 1992 1566 1332 2352 1986 2052 1776 1272 2106 2820 2862 3336 2844 2454 2010 1152 3540 630 1464 1470 2478 2568 1044 1668 1554 2496 2676 3732 2010 2742 2370 2994 2610 2160 2076 1902 1008 2742 1350 1992 2424 3714 2082 1194 1974 1218 2286 714 2832 2364 852 750 2592 642 618 948 3552 1530 2730 2364 1914 2622 3024 1668 2490 1908 1494 3144 780 1296 1812 2976 1422 1428 1998 1806 1380 2034 2814 2538 3402 972 732 1260 3150 3468 1488 2250 2178 1818 2052 2010 4032 684 3762 1776 3900 1722 564 426 1710 3396 2772 708 3786 1188 2100 2964 2346 1974 2406 2460 2016 3750 2340 1176 2766 3456 3390 2496 3138 2598 1092 1458 552 2082 3516 
1635 1085 3485 1240 1640 845 2670 1655 3355 3435 1795 2885 2750 345 3635 2115 1240 1185 1840 3060 3220 1015 2545 850 2695 1430 2270 1205 1505 785 800 1215 890 1525 3375 1520 660 660 2385 2630 3525 630 1000 1040 2950 3685 1200 2135 2335 2035 1385 2455 1190 2975 2480 380 1975 3210 1375 2475 3555 4060 3990 1130 3540 1295 2615 670 2885 3010 2715 2660 795 2970 840 2995 3210 2170 4040 3600 3280 1175 1100 2815 3180 2825 3120 1810 2320 3620 2765 2365 2800 1925 1165 2950 1350 1570 3560 455 4260 2515 1075 2360 2775 3105 1445 2505 1785 2785 1790 650 3125 1540 2415 1000 3150 3340 2320 2800 2270 2240 3980 4400 220 3770 920 2635 800 2725 1600 2095 755 2420 3580 1090 625 1025 3295 3530 3235 1745 2925 2365 1110 1625 1150 1260 2815 2530 415 1010 3655 3865 1845 1330 2940 2985 2860 730 2925 675 1185 1760 1925 1635 2495 1895 2350 2905 3220 2600 560 2130 3000 4220 2450 3355 3330 1565 855 2440 3135 2140 2985 1490 2700 3355 3430 1755 4510 1015 2515 1350 2740 2560 1840 3155 3115 2690 3260 2345 3790 1620 2810 3235 1010 3615 70 2850 2110 2610 560 4130 430 705 1035 1720 2425 1870 2700 1285 1085 2155 3105 2150 2800 525 1635 2595 3550 1100 2185 3020 1805 2470 2555 2925 1945 2820 590 1725 1325 2960 4105 2940 1810 3090 2375 3130 1370 2430 255 2270 3550 930 1360 235 3270 3505 3650 700 3060 555 3400 780 3175 3105 1095 1870 3490 1005 2800 2625 3200 3150 1755 275 1425 655 1500 2645 2855 880 1635 1240 1375 900 2160 4185 1005 3415 3385 270 2350 3855 235 3485 2445 220 3945 2070 415 2695 2795 2510 630 1905 2805 895 535 1310 1865 4140 635 1715 460 2440 3020 1975 2725 2960 390 1115 3070 3530 1085 3215 2700 3460 2530 1450 1450 2010 2715 3680 1240 3215 2355 2790 1130 535 1695 3415 3130 1135 3220 2875 1090 1250 4050 3870 2975 2250 3375 560 525 1800 1725 2865 
3006 5040 2736 4671 3627 5526 1755 4176 3861 1530 2916 4005 522 5211 2196 2223 5535 6039 4266 1764 2043 3150 5580 3582 4671 2403 2619 3285 3690 4698 3996 3906 3420 2466 2133 3654 3726 5058 3141 2250 2268 4770 4032 5922 5409 3330 5391 2430 3285 2448 3024 3636 4617 4563 2115 4203 4941 1917 3249 2466 1845 3231 3519 5958 2619 4014 3879 4275 1125 1188 3897 4284 3609 2385 4194 1116 1755 2781 3357 2898 4716 2871 4437 2565 855 4599 4014 3366 1854 2016 1620 4158 198 5616 6003 4617 4761 2655 2808 5193 4194 5013 3060 1557 5202 1710 2781 657 5958 135 3096 4203 3564 2844 1485 5337 1350 3195 2565 5715 4257 855 3879 4167 4680 2322 5211 5625 3942 4959 2358 3285 4437 3051 4113 4626 3771 4059 2412 2682 999 5229 4581 2520 3195 4950 4941 3321 4005 1296 4752 4509 3411 3600 2385 3375 1593 1854 1287 5427 5760 4158 6084 2448 4005 4005 1971 4959 5067 4284 1872 864 3888 2097 729 4302 3699 1494 1350 2151 4500 2034 1629 2475 5112 2727 4707 1305 2295 1854 4509 5103 1287 2997 3987 2682 5634 1179 3861 1134 4833 1944 3024 5625 3465 1521 3888 2997 4977 2061 1152 3987 5166 3816 4581 5706 3186 4644 1827 1971 5193 3159 5877 1107 4095 1179 1899 5526 1962 2511 3501 5373 2358 5355 1674 4752 297 2718 1521 3123 3834 2133 4572 495 4230 459 2502 4653 3879 1917 2961 2358 4437 1305 4563 5085 2520 4473 2493 3177 1800 4176 783 5589 1521 5589 3645 3555 3258 5193 2763 5562 2025 171 2268 4698 2034 4941 2385 4824 4878 1071 981 4716 2673 4176 4770 4059 3222 3708 3132 2376 4491 4806 1377 3978 4527 4464 1089 4878 4041 3708 4194 5859 1071 2934 5328 1566 2835 3285 4536 4590 2547 4140 4491 2718 4833 2520 1953 5994 846 2088 4446 3411 3843 2529 4662 2385 2394 2295 5949 2988 4437 1323 2493 4104 3033 2448 4626 6507 5652 5490 2034 4419 1872 3321 2322 1134 5391 4608 3294 2583 1071 3006 2673 4059 3960 4266 2097 2475 
3390 2400 4158 2052 3774 2934 1182 1428 804 3258 3462 354 2022 3150 3750 3282 2604 4560 1284 1482 1500 2742 1632 2268 858 1980 714 3168 3714 2478 3312 3612 2286 2838 1674 1422 2610 3816 396 3624 3840 2640 2058 4404 1314 1476 2532 924 426 3360 3162 342 3996 708 3462 2916 1566 3612 3324 696 2238 2190 1896 4488 1620 1746 318 2442 3066 3126 276 582 2952 3840 3486 1854 3504 732 2088 4266 888 2118 3828 3882 2736 750 528 1056 1146 2226 3318 720 2286 2100 4530 744 2010 1512 4206 3036 2070 1212 2172 1326 1218 1566 3024 1914 2472 2412 1092 3324 558 1476 3048 4182 3228 996 3624 1608 864 2220 1722 2322 3276 2292 2646 1620 3276 1056 1650 714 2400 390 1074 2172 2676 2034 1368 4122 2850 1956 720 702 2982 1872 4122 1734 336 3012 3486 2190 1386 1644 3156 3366 3366 1338 3162 2964 1590 2424 4572 3120 1080 1386 3390 1650 1368 528 3582 1752 2790 3216 2148 1962 372 2130 3156 2508 3684 3396 1668 900 1086 1596 876 2322 3864 2544 2376 4098 2994 3102 330 3822 2178 2028 504 1602 930 1074 4350 2352 156 1896 2022 1530 3318 3612 1962 402 3786 2004 3396 4062 2844 1602 1122 2862 1248 3162 4434 2430 528 2514 1158 3852 2328 660 1188 4272 924 1254 2028 1044 2244 720 2514 360 2676 2808 4062 2598 1806 2592 3204 780 540 3600 1674 774 2964 2802 1050 2556 2574 3048 1284 1254 3318 3354 2214 3894 2202 4098 600 522 3024 1830 1452 2826 1074 2262 3828 822 1638 3468 2046 3702 1938 2946 1800 2400 1410 3792 1986 2166 642 2154 2676 1572 876 3402 2928 1494 3150 966 1620 3042 1614 816 2778 1770 3012 390 2982 2484 528 2604 3450 4062 3282 1896 2532 1290 2820 3672 3600 2358 1794 1158 3258 3180 456 4020 2190 3900 768 3864 1932 1554 1746 1956 3798 1212 1848 3936 1044 2244 4392 3858 2658 888 1494 3126 3864 1716 2628 4026 2142 2292 1854 3834 1326 2580 2862 1326 2772 3846 
3728 672 6040 208 4024 1392 3192 624 3600 5392 3936 2712 3856 1840 5912 4112 984 4048 872 3840 4016 2488 1936 1432 2216 2104 2232 3120 3856 912 2880 3512 1600 3144 4288 824 1832 3160 2160 4864 5864 1160 736 3808 2576 4416 872 2168 2024 4096 3288 2080 3776 2728 4600 2008 1016 5416 3416 2592 4832 5240 4960 3960 4400 472 2272 1136 4720 4896 2440 2240 2488 5336 3072 4008 5336 2024 5152 6224 3240 1856 3576 5216 4792 2464 3128 1280 2680 4888 4784 1768 4096 1152 4016 2680 200 1672 6144 1648 5272 1880 1760 2880 2296 3944 3224 3496 1280 4160 1432 2760 3272 1504 4232 3704 5096 3792 4560 2336 1584 3416 4808 5584 2360 5072 1008 2072 2848 2232 1968 1672 944 2256 3952 408 1912 688 4000 6064 4920 784 2640 2408 2848 520 3824 1136 2584 4328 2704 528 4328 4672 3736 3416 4984 3664 4768 1448 2536 1192 4048 3624 1096 688 4568 896 1608 2664 5408 3496 2016 4072 4216 5144 2056 4560 5224 2872 3248 4520 4040 2152 2656 1624 2232 4688 5792 3128 5680 3680 4296 3200 2456 4936 1088 4296 3160 3496 3184 2664 6456 976 2744 4296 832 4408 2256 5072 3048 2232 3024 5144 2640 3264 2624 600 2816 3528 2176 3192 3888 3488 3080 3544 3336 2968 2784 2752 4088 3856 2264 2696 2704 1832 3792 3216 3320 2880 1864 3320 3944 4480 4944 4448 3744 2920 1872 5328 1440 2576 1944 3896 3768 896 2696 2064 3928 4112 5632 2824 4320 3016 4656 3400 3336 3232 2872 912 4248 1240 3280 3888 5552 3016 2232 2568 2184 3080 352 4400 3816 760 1664 3672 200 864 1792 5304 2400 4256 3480 2512 4080 4520 2216 3680 3208 1816 4680 1440 1776 2192 4592 2448 1504 3240 2960 2168 2776 3928 3856 5048 1128 1648 1440 4712 5224 1400 3672 3520 2472 3048 3088 5992 432 5616 2968 5824 1976 1384 208 2920 5072 4144 1472 5640 1648 2440 3936 3000 3160 3560 3920 3016 5600 3784 976 3856 5200 5160 3992 4648 4056 1528 2088 808 3288 5248 
6720 2570 9240 2280 7150 3330 4840 1960 4190 8110 6970 3010 6040 4210 8860 7060 2440 7080 1730 5520 5620 5210 620 3900 1920 4480 3590 6010 6950 3160 5740 6530 4100 5930 5940 2600 4430 6030 3140 7930 8890 3450 3050 6770 1750 5580 2440 3720 2940 7080 6190 2680 6860 2620 7610 4640 1000 8390 6370 3930 6820 6820 6270 6960 5880 2570 2650 3550 7480 7650 2790 2290 5250 8460 5980 5990 8260 3370 6630 9450 3190 4310 6610 8380 7280 2260 3500 2700 4410 6830 7690 2000 6430 940 7030 2520 2050 3730 9350 3940 6420 1210 4230 4730 1530 5670 6080 5690 1520 6570 3010 5590 3950 3520 7060 6710 7880 4800 7650 1110 1800 5840 5870 6910 5040 6970 2960 780 5700 1670 4130 2790 3290 3270 4530 2570 4530 2990 5440 9230 7460 1230 2500 3770 5670 1500 6900 3320 2870 7120 5480 2760 5410 5820 6650 6380 7880 5280 7580 3510 1400 3630 7070 6520 1970 2140 7540 1070 890 2750 8360 5560 4660 7000 6400 6180 2610 6580 7920 5510 6200 7500 5820 3680 2100 3740 1900 6850 8860 5770 6900 6710 7080 6080 2740 8090 1140 6330 3640 5430 3040 4330 9690 1640 3410 6200 3160 5710 4850 8100 5360 2520 5840 6410 5420 6050 5380 1500 4510 6310 1370 6090 6880 6040 3380 6140 4910 5690 5340 4030 5040 6910 3820 1970 5090 1450 6160 4360 5940 3770 4470 6090 7070 6950 5910 6920 6670 2800 2330 8310 3610 3990 4540 6620 4030 2890 5370 4690 5310 5230 8320 5670 6520 5740 6700 6270 3980 3900 5700 1000 5600 3000 4790 6250 8630 2910 4390 5270 4600 5960 1740 7130 5820 2960 3630 6740 2000 3230 2880 6700 5090 5790 3670 5220 6860 5410 4880 3960 5230 4280 5610 2310 4350 760 7330 3500 3660 5850 4020 4810 5590 7060 6820 6100 3510 3500 3800 7810 8220 1120 5720 5020 5210 5930 3560 9110 2580 8730 4280 8880 340 3450 2020 5230 8200 4810 3760 8780 1440 920 6990 5740 5860 3820 5580 5880 8700 5720 2690 6960 6730 6990 5990 7820 5390 4060 4750 1750 6040 8390 
2268 1701 4886 1925 2233 1330 3878 2506 4872 4872 2492 4228 3962 616 5131 2968 1904 1470 2765 4417 4648 1477 3752 1344 3962 2128 3346 1673 2044 1288 1078 1631 1386 2170 4865 2310 1043 756 3514 3689 4963 1071 1589 1260 4326 5320 1855 3150 3451 2849 1939 3619 1540 4354 3479 637 2954 4522 1904 3626 5096 5824 5740 1386 5103 2002 3843 1127 4088 4270 3983 3913 1141 4158 1099 4319 4529 3213 5803 5047 4781 1771 1428 3934 4529 4144 4550 2716 3395 5194 3899 3500 4018 2877 1442 4319 2079 2352 4998 791 6125 3710 1631 3444 4074 4480 2037 3619 2674 3983 2681 861 4550 2317 3416 1225 4459 4844 3234 4109 3374 3227 5733 6314 273 5404 1456 3878 1085 4004 2380 3108 1246 3563 5187 1722 987 1624 4760 4956 4599 2632 4284 3472 1575 2464 1463 1939 4130 3584 455 1610 5278 5572 2590 1827 4151 4319 4046 1169 4291 1127 1470 2478 2884 2478 3507 2842 3479 4249 4543 3759 882 2996 4305 6069 3619 4809 4725 2254 1085 3430 4522 3157 4368 2240 3976 4802 4823 2520 6468 1260 3563 1897 4018 3563 2758 4529 4543 3892 4753 3437 5320 2443 4109 4655 1603 5215 98 4004 3052 3836 602 5936 518 798 1484 2597 3542 2653 3969 1792 1330 3087 4529 3073 4067 546 2373 3801 5138 1365 3213 4417 2625 3647 3668 4256 2786 4123 952 2450 1729 4228 5915 4200 2534 4515 3514 4403 2079 3556 504 3227 5152 1484 1967 434 4732 5068 5173 924 4389 595 4872 903 4620 4522 1547 2807 5040 1561 4074 3766 4494 4599 2590 224 2107 770 2289 3752 4116 1428 2450 1638 2114 1449 3199 6006 1470 4921 4921 259 3332 5565 371 5068 3549 490 5691 3080 735 3962 3962 3689 1036 2730 4088 1337 651 1708 2611 5964 1078 2562 826 3402 4249 2940 3934 4291 511 1547 4480 4963 1708 4508 3941 4872 3731 2191 2226 2919 3794 5327 1897 4508 3486 4088 1400 560 2429 4963 4515 1589 4522 4144 1694 1624 5817 5551 4284 3115 4879 945 812 2716 2457 4011 
1188 4293 2835 4077 1809 4527 2925 3951 5013 2736 1125 4770 2169 3969 3024 675 4788 4293 4176 3294 3618 1683 5706 2601 5130 1683 3177 1548 1872 3789 2340 2115 2394 783 3789 3375 2484 3393 3717 1431 2826 3753 3303 4203 5850 4851 4644 2871 3789 801 1251 4158 2826 5247 1134 2853 4815 2268 1449 3267 3654 4986 5166 4221 4248 3519 4473 3285 1701 1935 4563 4815 2088 1980 2493 2799 2259 3213 5067 3051 5580 1953 2655 1836 2448 5175 4959 3375 2592 3825 1467 4491 2007 5301 4266 5274 4230 2376 2970 4023 5814 5256 2097 2394 5580 3294 1026 1872 5463 1872 3105 2583 4635 2556 828 3591 2178 4527 1206 5976 4500 1143 5427 5868 3213 4122 4320 5796 2295 5364 2025 3564 3519 3672 5346 3933 2493 3339 3933 2889 2493 4878 5229 3195 1566 4572 3159 2772 4725 1044 3186 3771 4887 5157 585 1584 1773 3294 1638 4383 6093 3159 4347 630 4023 3789 1098 4779 5184 4995 2286 2187 2547 585 2529 5877 4203 3294 2556 810 2772 1035 3267 2916 5661 2349 5157 3123 2664 522 6174 3348 1017 1251 4653 1566 5256 2952 4842 2502 5643 2700 3357 5112 4320 3258 3159 4572 3573 1701 1359 4554 3546 5463 3024 4086 1656 4401 2700 162 5526 1413 4149 765 5004 657 3159 3951 909 3411 4887 3609 2862 5859 1224 5022 1602 3861 477 4068 2574 414 2754 2088 5760 2052 702 5400 4284 2124 2475 3132 3114 603 5652 4221 1116 3096 3978 4626 3150 2538 2592 4014 3330 3924 4725 4608 1611 4941 4311 4662 3249 1710 2295 5472 1872 3429 1593 3159 4437 1269 2574 3879 2493 2376 4257 3249 3573 5409 1719 3987 5490 3303 720 5427 3096 5535 2124 3618 5535 3897 2934 6003 1539 3663 4239 522 3843 1971 2934 2781 765 5715 3492 2646 3708 1323 1944 5616 2349 3438 2934 1701 4797 2862 3960 2340 3429 2727 5958 2610 4023 1323 1665 5409 2376 2358 4851 6534 3897 3906 495 5454 3429 1620 2340 2700 4581 2799 5031 4374 2754 1503 4176 2916 2583 4149 405 1863 
2840 2928 4024 2536 3376 3472 960 2000 2480 3088 2928 2184 1472 3408 3672 2656 3336 4808 2064 1592 1840 2184 3264 1952 2568 1128 768 2656 3328 2736 3008 3272 1880 2120 2096 1576 2288 3824 1248 3160 3704 2864 2104 4640 3224 2664 3216 504 1336 2768 2592 1664 3840 2608 2928 2752 2664 3320 2808 872 2488 3184 3104 4728 2352 1952 1928 2464 2584 2712 2000 2256 2536 3496 3232 1632 3200 824 3160 4184 2896 1472 3632 3512 2440 2568 2352 1264 408 2568 2824 2040 1744 3280 4776 2640 2592 832 4104 3336 3584 2784 1608 504 3000 1672 2384 1144 3608 1848 1032 3088 2120 952 2400 4240 2888 2192 3120 3424 2096 1320 3160 3760 3240 2784 3144 3320 2952 2800 752 1224 2536 1200 2808 2552 2360 2104 1968 4000 2576 2944 2600 784 2440 2704 4056 1448 2136 2384 3432 2480 2640 2952 2496 2888 2936 1464 2680 3432 3488 2384 4840 2456 1832 1848 2840 2688 2808 2384 3288 1096 2504 2568 1816 3560 1712 2200 2920 1672 3512 2832 1744 544 3016 944 2592 2296 3688 1680 3960 4088 2360 2512 2080 3400 3296 1912 2264 1112 2952 464 4352 3336 1784 1952 1984 2504 3408 3192 944 2008 3840 3344 3296 4280 2296 2416 568 2104 2984 2616 4648 1560 2392 1664 1176 4048 1424 1040 2536 4328 480 3208 992 2560 1512 1528 1640 1592 2392 2040 3888 2152 3408 2128 2560 2744 1824 3272 1168 760 2896 2056 3000 3024 1816 2968 1944 2392 3288 3104 1920 4104 2288 4264 2200 2088 2488 2896 2296 3456 1184 1584 3552 2800 568 3504 1192 3648 2664 2344 1424 2712 776 3520 2592 2176 1192 3400 2112 2152 2832 3392 2232 3040 3072 2896 816 3168 3168 1584 2640 3520 2480 1200 3384 1592 1440 2096 3320 3896 2664 3424 2640 752 3008 3192 3232 3616 1272 1432 3128 2704 2216 3888 2584 3640 1128 3696 3568 1104 2272 904 3392 2904 1336 3688 2432 4072 4536 4032 1840 2816 1704 2624 3608 1408 3256 3864 3176 2920 1608 3392 2112 2424 2600 2072 1992 3480 
3376 4840 2800 4464 3928 5336 1384 3912 3056 1408 3304 3368 504 5136 2080 2680 5256 6032 3944 1104 1288 3416 4984 3664 4072 2632 2344 3592 3984 4592 4200 4160 3536 2864 1296 3512 3856 5136 2752 2632 2264 4688 3976 5912 4704 2400 5136 2256 2904 2880 3376 3176 4792 3872 2536 4304 4528 2088 3576 2104 936 2192 2496 5960 1728 3880 3336 4256 1496 1472 3328 3704 3824 2664 4384 496 1912 2520 2312 2904 3928 3048 4624 2872 728 3960 3288 3160 1704 1088 2016 3688 528 5184 6000 3936 4528 2704 2832 5104 3096 4448 3216 1464 4552 1016 3152 904 5536 680 2944 4368 2848 2848 2008 5408 1520 2400 2960 5048 3800 1392 2864 3040 4744 1352 5024 5008 4152 4336 2488 2984 4376 2656 3232 4464 3904 3984 1624 2712 872 4856 3912 2208 3496 4624 5072 3320 3392 1808 4840 4376 2488 2608 2832 3696 1912 1248 1672 5272 5056 4160 6072 2880 3688 3768 2408 4568 4552 3632 2032 824 4016 2568 112 3216 3232 624 1296 2552 4656 2472 912 2288 4408 2792 4096 472 2360 2312 3352 5208 1808 3344 3400 3032 5216 392 3144 872 4048 1752 2944 5264 2880 712 3848 2088 4992 2392 1536 3448 5216 2752 4688 5696 3464 4320 1616 2456 4568 3488 5880 1664 3376 1744 1416 5520 2352 2080 2616 5448 2168 4632 2024 4208 904 2112 2032 2544 3960 2584 4752 696 3168 704 2928 3928 3424 2136 3008 2040 4496 1864 3688 4912 2864 4536 1720 2312 1464 4352 8 5576 640 5600 2912 2856 3552 4792 1896 5344 1528 800 2448 3944 2200 4984 2632 4928 4592 1584 560 4592 2680 4408 4520 4024 2912 2624 3392 1536 3672 4872 1928 3000 4600 3608 1112 4856 3040 3368 4264 5208 1504 2504 5200 2064 2288 3504 4656 4776 2968 3080 4448 2680 4776 2912 2224 5520 656 1496 4552 3704 3144 2544 4496 2560 1928 2336 5336 2992 4208 1688 2832 3184 3120 2624 4128 5816 5696 5488 2480 3584 1160 3616 2496 664 5160 4784 2248 1592 480 3360 1856 4112 4096 3960 2552 2768 
1022 3598 1946 3423 1484 3780 2359 3311 4011 1932 924 3871 1673 3339 2121 399 3983 3507 3479 2597 2835 1561 4662 2282 4179 1554 2639 1407 1561 3206 2030 1799 2121 840 2954 2863 2191 2842 3059 868 1953 3178 2828 3451 4753 3815 3878 2408 3122 560 1155 3416 2338 4249 637 2471 3983 1512 1288 2674 2786 3857 4039 3458 3318 2989 3654 2814 1113 1295 3717 3927 1862 1281 2135 2170 1519 2674 3941 2107 4487 1778 2219 1183 1771 4207 3990 2842 2149 2919 889 3696 1505 4375 3486 4277 3549 2072 2044 3381 4550 4298 1890 1974 4543 2583 1001 1484 4508 1379 2632 2233 3724 2219 406 2968 1477 3598 770 4858 3703 938 4263 4564 2730 3157 3619 4725 2002 4375 1799 2968 2996 3017 4263 3318 2191 2856 3094 1988 1792 4046 4242 2632 1442 3808 2604 2401 3836 588 2702 3192 3857 4046 532 1393 1134 2611 1050 3668 4949 2723 3549 616 3353 3185 602 3955 4256 4053 1526 1736 2233 308 1918 4606 3451 2513 1799 889 2345 560 2548 2436 4592 2058 4207 2359 1820 658 4816 2772 574 1162 3787 1015 4340 2261 3899 1988 4550 2233 2352 4228 3500 2513 2709 3584 3017 1064 1176 3717 2968 4270 2576 3388 1526 3661 2219 357 4501 1288 3395 644 4032 546 2534 3297 952 2786 3871 2968 2387 4753 1148 4116 1218 3108 539 3297 2254 567 2268 1505 4522 1484 623 4368 3528 1400 2170 2569 2667 336 4522 3549 1127 2660 3136 3654 2261 2191 1960 3339 2534 3248 3794 3710 1477 4088 3388 3885 2611 1288 1526 4417 1659 2891 1484 2660 3696 791 2009 3276 2156 1988 3563 2786 2968 4207 1589 3122 4403 2800 350 4284 2653 4431 1722 3066 4354 3241 2534 4893 994 3003 3556 595 3115 1785 2499 2289 637 4480 2975 2268 3143 826 1260 4620 1841 2744 2513 1526 3864 1974 3339 1561 2779 1869 4865 2268 3381 1169 1057 4298 2100 1575 3983 5313 3192 3255 644 4375 2688 1470 1561 2114 3822 2317 3899 3360 2135 1057 3290 2527 2261 3458 567 1197 
1872 1284 3504 1068 2172 1620 1728 996 2568 3072 2010 2088 2004 1542 3432 2070 1614 2754 1182 2214 2394 1026 2220 480 2046 552 1230 1500 2070 1062 1524 1896 474 1380 2586 630 798 2010 1416 2628 3384 1140 612 2604 2472 2928 1518 1062 1380 2076 1572 1572 2220 2280 2430 1122 1572 3042 1698 1476 2874 3390 3288 2688 2760 678 1782 828 2532 2664 1890 1914 1170 2976 1698 2214 2988 1122 3360 3642 2604 414 2058 2892 2652 2148 2334 816 1308 2940 2556 1602 2142 1866 2730 2268 1164 390 3582 1482 3612 1992 408 1392 2262 2274 1482 1716 1986 2172 714 1518 2292 348 2148 2376 2820 2514 2418 2448 1548 1572 3276 3780 1488 3108 1392 2298 1494 2154 516 1110 900 1446 2838 1014 870 624 2466 3516 2742 1584 2238 1344 1296 1380 2328 180 2016 2220 1686 924 2886 3138 1812 1722 2712 2112 2556 1572 2556 768 2772 1740 1146 900 2400 1536 1890 2154 3036 1770 978 2040 2298 3570 1584 2646 2940 1140 1884 2364 2328 1068 2418 306 2064 2694 3324 1320 3912 2292 2196 1506 1932 2694 1836 2418 2310 1830 2604 1332 3816 1752 1932 2478 510 2844 1578 2772 1314 1800 1986 3456 1590 2286 1134 1272 1434 1626 2202 1530 2628 1596 2328 1632 1878 2088 1062 1620 2766 2460 1122 2514 1014 1872 1884 2010 1458 1908 870 1482 2304 2406 3432 2382 1830 2412 1542 2970 144 1416 1200 1896 2856 1308 1044 1272 2436 2706 3276 1548 2376 2130 2706 2304 2352 2262 1326 1626 2694 1632 1878 1962 3132 2478 732 1692 606 1896 1284 2280 2052 1068 468 2058 1176 636 1170 3528 954 2616 2676 1614 2034 3138 1362 2778 1560 1368 3246 1188 1008 2418 2430 1542 1524 1404 1872 828 1644 2304 1914 3474 966 558 1236 2526 2892 2076 1914 2064 1452 1482 2262 3468 1038 3180 1746 3348 2346 252 1014 1200 2778 2952 78 3204 1734 2724 2586 2088 1356 2700 2292 1440 3168 2052 1518 2262 3378 3210 2196 2514 2556 822 1056 1152 1458 2910 
4300 7320 2020 6920 4890 7810 3440 6380 5530 120 4100 5940 2090 7370 890 3210 7870 7880 6470 3090 3270 4940 7880 5630 6790 4330 4570 4870 5040 6900 5740 5430 5430 4000 3180 5810 5700 6920 5120 2610 1230 6960 6200 7800 7600 4550 7710 4400 5290 3470 4520 5660 6200 6580 2680 6200 7210 1330 4710 4320 2330 3920 4500 7810 3690 6200 5890 6410 1280 1030 5880 6340 5430 2300 5920 2360 1110 4770 4160 2090 6640 4830 6040 2710 860 6670 5850 5470 3730 2510 1840 6270 1700 7980 7850 6650 7030 4690 2010 7380 5230 7230 5030 3400 7390 2970 4280 2450 8360 1580 5170 6010 5290 4900 2320 7110 800 4680 3280 7990 6400 2570 5050 5020 6660 2760 7480 7920 5700 7120 4340 5340 6610 5000 5710 6870 5740 6220 3680 1860 670 7550 6620 4420 4870 7240 6580 5420 5970 2030 6670 6720 4690 4750 3620 4860 1500 3280 1420 7690 8020 6280 7940 3750 6170 6190 2540 7250 7320 6270 1240 2570 5840 3100 1830 5440 5730 2180 300 3830 6220 2660 2820 4440 7230 4760 6830 1770 1450 3450 5430 6830 2050 4530 5970 3130 8000 2130 5660 2760 6790 3810 2030 8000 5330 2490 6030 4140 7040 2110 2980 6020 7080 4790 6480 7680 4940 6900 3660 3330 7410 4710 7730 2650 5950 2660 3500 7530 3700 4320 4910 7110 4310 7510 3510 6930 2040 4380 3070 4920 5820 3590 6070 1190 5440 1220 3740 6650 5950 1480 5020 4220 6470 2460 6320 7350 4240 6490 3810 4510 370 5960 1730 7590 2100 7500 5360 5300 4930 7510 3950 7880 3650 1920 1800 6670 3990 6920 4290 6660 7160 1730 2410 6940 4710 5700 7040 6210 5260 4540 4950 3490 6310 6780 2360 5320 6520 6220 2890 7000 5320 5820 6220 8180 1440 4830 7570 3150 4590 5170 6390 6110 3720 5280 6650 4760 7000 3110 1720 8400 2440 3600 6370 5040 5660 1630 6900 1930 4140 1390 8310 5060 6670 3170 2750 5630 5070 2010 6820 8920 7430 7480 3580 6200 3140 4950 1840 2560 7700 6150 4040 3050 2340 3780 3950 6110 5910 6480 3570 2540 
2160 2946 2406 2664 2586 3324 618 2274 2052 1566 2154 2094 330 3198 2034 1788 3264 3996 2310 792 1008 1998 3156 2088 2532 1326 1170 2208 2598 2766 2604 2664 1998 1692 1140 1956 2256 3288 1512 1968 2094 2838 2298 3888 3024 1830 3168 1062 1614 1914 2082 1842 3126 2460 1836 2598 2754 1860 2250 1056 1212 1962 2046 3936 1428 2226 1998 2520 1314 1374 2016 2268 2298 2124 2760 552 1752 1284 1998 2514 2580 1644 2988 2202 1068 2484 2112 1716 660 1302 1596 2196 558 3228 3972 2496 2718 1344 2454 3162 2472 2766 1764 462 2886 798 1914 180 3480 666 1542 2712 1830 1452 1404 3540 1482 1650 2076 3234 2262 636 2214 2520 2946 1494 3084 3180 2568 2724 1188 1626 2604 1452 2244 2664 2298 2310 1212 2370 1176 2982 2472 1092 2100 2802 3324 1806 2088 1320 3042 2598 1860 2034 1794 2328 1620 792 1416 3276 3264 2448 4020 1806 2124 2160 1752 2784 2814 2280 1830 72 2394 1704 594 2514 1884 972 1452 1404 2970 1770 798 1086 2826 1410 2556 990 2118 1278 2718 3396 1308 2046 2076 2214 3246 732 2016 258 2646 714 2604 3276 1734 852 2208 1638 3114 1896 576 2076 3336 2244 2928 3690 2046 2580 636 1482 2886 2148 3876 894 2160 972 744 3540 1224 1092 1878 3582 1002 2988 918 2592 498 1272 1116 1512 2334 1524 3126 876 2436 864 1866 2526 2004 1848 1578 984 2736 1194 2508 3000 1614 2778 1248 1686 1698 2706 678 3582 1026 3636 1884 1824 2142 2940 1470 3324 822 510 2076 2556 972 3132 1338 3138 2772 1224 378 2760 1326 2850 2712 2340 1578 2214 1962 1260 2442 3048 1296 2226 2832 2436 156 2994 2292 1914 2556 3330 1266 1368 3228 1116 1326 2022 2922 3138 1914 2406 2664 1326 2916 2088 1854 3486 222 912 2820 2274 1998 2268 2688 2154 1032 2118 3402 1560 2478 678 2136 2256 1662 2196 2514 3774 3756 3522 1416 2400 882 2214 2118 426 3186 3132 1980 1632 522 2346 1380 2430 2454 2316 1494 2154 
396 2478 2430 2406 756 2532 2340 2478 3636 2484 534 3348 2010 2088 2658 792 2790 2202 2664 2676 2892 594 3702 1362 3456 1056 2304 366 720 2100 900 774 1224 198 3036 2112 1170 1596 2622 1410 2502 2040 1878 2136 3912 3672 2706 2094 2646 714 186 2880 1248 3618 1224 1338 3048 2118 354 2430 3024 3858 3930 2154 3318 2106 3096 1764 1794 1950 3180 3288 792 1812 996 2412 2136 2280 3894 2574 3888 1062 1122 1638 2292 3528 3522 2220 2034 3132 1590 3018 1956 3288 2184 3624 2532 1560 2526 2148 4338 3462 1104 1950 3714 2694 18 1764 3324 1884 2070 1074 3366 1650 1188 1734 2106 3390 1062 3924 2988 1308 4056 4410 1524 3336 2448 3774 876 3588 1374 2436 1932 2616 3882 2280 1146 1908 3078 2490 2328 3006 3594 2352 408 2802 1464 1656 3300 1344 1476 2160 3678 3882 462 432 1806 2646 1740 2424 4026 1680 2238 366 2616 2382 1248 3000 3366 3468 2142 1962 1152 804 2280 4356 2904 2778 2370 522 1182 1182 2694 2112 3828 1506 3480 2694 2376 618 4602 1578 1326 168 3234 1356 3234 2544 3462 2148 3912 2094 2802 3084 3090 2724 1794 3504 1770 1674 1326 3138 1704 4122 1368 2064 522 2742 2130 552 3660 276 2100 1092 3540 1044 2514 1986 714 2556 3636 1752 2106 3942 1056 3330 1662 2904 816 2970 1206 408 1230 2046 4260 2022 432 3732 2916 2016 1524 2346 1506 1068 4020 2394 450 1482 3090 3492 2766 1038 2334 2022 2814 1950 3426 3342 432 3078 3336 2658 2556 1740 2094 3792 1374 1644 984 1440 2688 1506 2250 2184 1662 960 2550 1812 2466 4110 648 3150 3882 1566 1134 4014 1464 3942 1860 1854 4098 2598 1428 3900 1686 2646 2322 792 2850 834 1302 1248 510 4254 1878 1782 1968 1200 1878 3462 2088 2712 1326 468 3426 2490 2292 2106 2604 2418 3822 1638 2448 1242 1524 3942 1398 2112 3198 4200 1938 1950 480 3876 2766 420 2118 2316 2640 1248 3876 3492 2382 1068 3222 1470 1164 2634 432 1692 
3112 1400 6024 1736 3136 880 4432 2496 5360 5864 3368 4552 4680 88 6224 3848 1568 2216 2784 5072 5312 2048 3792 1528 4144 2552 3696 2408 2928 1024 1792 2456 1648 2872 5576 2376 1368 1504 3816 4680 6064 776 1536 1968 4504 5984 1528 3512 3720 3736 2696 3872 2408 4632 4424 1008 2904 5560 2696 4048 5920 6640 6488 2128 5800 1968 4104 1048 5008 5216 4272 4136 1736 5208 1856 5032 5552 3520 6600 6216 5136 2136 2264 4976 5424 4376 4944 2880 3872 6016 4848 3656 4792 2720 2184 4592 1896 2648 6152 296 6888 3800 1968 3968 4224 5152 2776 4280 2448 4784 2888 1552 5000 2568 4288 2024 5432 5400 4192 4208 3496 3920 6432 7136 864 6248 1080 3936 1792 4168 2760 3336 1080 3888 5720 1512 1344 1568 5400 6096 5520 2472 4552 3864 2248 2320 2320 2080 4432 4464 1160 1424 5920 6264 3408 2624 5128 4936 4984 704 4424 1104 2208 3280 2960 2496 4448 2768 3520 4544 5576 4408 1280 3864 5080 6808 3864 5608 5696 2888 1880 4360 5216 3512 4592 2528 4160 5632 5920 3192 7288 2080 4440 2640 4304 4576 2576 5296 4952 4528 5088 3896 6512 2208 4480 5400 1600 5896 552 5016 3664 4088 1304 6704 1200 1392 2096 2528 4032 3416 4096 2544 2072 3808 4912 3808 4632 1104 2968 4232 5728 2184 3592 4624 3184 3760 4408 4752 3488 4536 1272 3184 2616 5080 6616 5048 3360 4824 3720 5432 2312 3984 776 4032 5616 1136 2568 808 5360 5680 6200 1632 5176 1136 5688 1584 5072 4960 2224 2688 5704 1152 4624 4520 5568 4920 3024 904 2560 1528 2128 4632 4808 1160 2736 2496 1936 1400 3440 6808 2016 5616 5344 928 4176 6208 864 5520 4144 336 6360 3232 952 4016 4864 4048 552 3424 4536 1808 1368 2600 3456 6688 904 2840 520 4376 5264 2768 4608 4872 1136 2272 4880 6088 1488 5592 4416 5968 3728 2416 2128 3504 4816 5896 2136 5600 3584 4104 2192 1152 3120 5400 5176 2304 5600 4824 1336 2504 6624 6392 5000 4096 5512 1072 1248 2720 3176 5048 
2090 350 3780 545 2195 330 2420 1040 2870 3540 2245 2340 2690 485 3810 2460 535 1905 1210 2830 2965 1330 1830 765 2060 1405 1895 1665 2070 140 1380 1805 875 1830 3135 1020 850 1395 1925 2970 3740 125 535 1750 2270 3315 480 1805 1855 2415 1815 1925 1880 2370 2805 795 1275 3440 1855 2120 3405 3775 3645 1850 3245 740 2065 375 3050 3170 2165 2065 1225 3295 1470 2860 3415 1775 3735 3895 2690 1160 1765 3175 3215 2210 2595 1340 2075 3455 3010 1765 2795 1190 1885 2340 645 1330 3850 360 3870 1835 1065 2165 2095 2885 1820 2445 1065 2810 1375 1265 2655 1255 2650 1735 3300 2940 2715 2090 1660 2290 3580 4045 910 3590 215 1920 1370 2065 1450 1615 270 1975 3095 410 870 540 2995 3810 3285 1015 2320 2005 1520 905 1865 940 2265 2740 1130 370 3270 3485 2200 1830 3160 2735 3050 295 2220 445 1900 2120 1335 1050 2805 1185 1660 2325 3440 2495 890 2455 2935 3805 1915 3220 3430 1755 1535 2760 2935 1800 2330 1265 2065 3265 3670 1940 4125 1745 2725 1765 2185 2955 1105 3035 2605 2535 2655 2085 4065 890 2325 3070 605 3285 795 3145 2095 2045 1295 3770 1120 1395 1390 1040 2175 2135 2020 1730 1810 2265 2565 2285 2535 1215 1760 2235 3135 1835 1860 2350 1820 1815 2570 2550 2100 2380 825 1995 2000 3005 3680 2985 2180 2490 1815 3370 1125 2090 695 2465 3005 200 1585 765 2960 3125 3725 1310 3000 1240 3270 1500 2695 2630 1520 1145 3170 385 2515 2640 3475 2555 1630 1010 1425 1375 790 2820 2725 195 1365 1870 670 490 1690 3850 1285 3140 2830 995 2570 3425 850 2945 2320 515 3520 1525 670 1975 2960 2085 285 2055 2400 1135 1215 1990 2250 3735 260 1400 275 2825 3280 1245 2615 2675 1030 1595 2560 3785 395 3505 2360 3695 1800 1155 795 1995 3080 3210 1055 3515 1705 2055 1865 1240 1925 2875 2890 1590 3505 2725 390 1935 3760 3665 2845 2705 3050 600 905 1170 1985 3210 
2694 2340 3420 2004 3096 2814 564 1470 1302 2580 2754 1110 1326 2880 3060 2538 2610 4086 1434 1020 1140 2154 2154 1848 1506 1362 198 2538 3054 2286 2760 2994 1824 2148 1344 1266 2148 3342 486 2868 3126 2418 1812 3948 1992 1554 2520 306 594 2628 2502 816 3408 1458 2706 2484 1848 2880 2664 102 1788 2076 1926 4020 1440 1596 978 2148 2328 2400 1002 1242 2400 3084 2934 1254 2772 354 2028 3534 1632 1572 3252 3126 2064 1458 1212 912 390 1818 2568 1182 1578 2364 4062 1488 2010 996 3474 2796 2238 1752 1662 582 1860 1104 2352 1176 2670 1692 810 2808 1026 1020 2292 3672 2514 1146 2874 2214 1266 1464 1902 2418 2856 1938 2544 2172 2724 1698 1044 684 2166 420 1554 2064 2214 1806 1140 3390 2178 2148 1464 72 2364 1998 3558 1368 1092 2256 3030 2040 1518 1764 2430 2718 2622 882 2418 2808 2232 2106 4104 2400 1224 1380 2634 1896 1830 1278 2850 1044 2322 2466 1506 2196 858 1620 2472 1818 3144 2640 1188 300 1800 1086 1524 1770 3138 1818 2538 3570 2238 2442 1062 3072 2406 1458 1140 930 1686 318 3630 2496 786 1398 1746 1488 2952 2856 1212 1050 3336 2088 2928 3648 2250 1746 390 2130 1860 2514 3960 1680 1242 1758 636 3462 1626 246 1404 3750 252 1962 1302 1578 1500 642 1776 630 2226 2088 3456 1896 2070 1884 2484 1542 984 2862 1224 60 2574 2046 1692 2448 1914 2640 1092 1332 2676 2820 1578 3504 1692 3654 1092 1008 2406 2070 1344 2760 594 1530 3084 1578 966 3054 1422 3216 2010 2196 1158 2244 906 3180 1998 1896 612 2172 2100 1320 1566 2976 2172 1776 2730 1608 882 2730 1884 966 2376 2322 2268 360 2796 1746 528 2064 2964 3462 2556 2100 2268 810 2562 2922 2850 2628 1116 768 2796 2568 1104 3294 2088 3156 378 3144 2418 1128 1746 1212 3042 1638 1386 3192 1512 2778 3894 3456 1944 1548 1074 2508 3126 1092 2586 3432 2052 1998 1254 3096 1200 2196 2394 1458 2052 3090 
570 2845 1330 2765 745 2895 2225 2770 3405 1670 415 3285 1715 2505 1675 260 3110 2305 2905 2390 2560 1280 3765 1905 3475 1515 2400 995 855 2535 1425 1115 1790 800 2635 2455 1760 1940 2695 485 1495 2485 2330 2300 3875 3265 3040 2230 2735 210 815 2945 1445 3550 390 1885 3250 1195 830 2445 2475 3265 3410 2285 2900 2495 3115 2250 1115 1225 3170 3305 1425 810 1455 2070 1250 2415 3330 1445 3730 1605 1405 620 1675 3505 3385 2485 2070 2575 810 3120 1570 3485 2295 3560 2865 1920 1410 2565 3780 3530 1665 1950 3720 2375 790 1600 3540 1470 2340 1585 3195 2020 645 1940 1325 3115 120 3925 3115 1215 3580 3780 2000 2740 2825 3820 1415 3605 1735 2605 2390 2675 3585 2670 1740 2355 2750 1400 1665 3250 3540 2405 1105 3080 1640 2090 3260 780 1915 2570 3295 3425 430 890 990 2405 1020 2800 4000 2185 2340 500 2835 2680 460 3220 3480 3410 1225 1780 1740 320 1870 3825 2970 2290 1595 995 1560 400 2350 2250 3775 1900 3490 2160 1360 895 3965 1795 780 855 3215 355 3450 2120 3320 1960 3770 2130 1650 3340 3030 2305 2255 3095 2215 755 1375 3160 2055 3575 1840 2335 1220 3005 2120 615 3685 915 2245 1005 3410 935 2350 2310 1105 2525 3305 1915 2225 3880 1310 3405 1390 2760 895 2890 1790 705 1360 1520 3770 1500 430 3635 3010 1100 1945 2370 2025 750 3765 2780 1080 2000 2780 3150 1915 1540 1890 2335 2300 2205 3250 3185 1115 3300 2960 3000 2410 1435 1090 3675 1665 2075 1455 1820 2990 940 1965 2600 1995 1215 2880 2280 2615 3520 1320 2760 3680 2015 695 3600 1970 3700 1775 2315 3650 2780 1970 3935 1050 2670 2715 920 2760 1475 1760 1380 360 3735 2350 2080 2420 240 965 3645 1850 2500 1830 1085 3295 1430 2680 1085 2525 1405 3895 2035 2780 1365 525 3610 1870 1075 3305 4210 2075 2275 825 3660 2455 1065 1105 2040 2980 1410 3295 2890 2045 210 2890 2010 1740 2890 730 685 
3339 2422 4403 2023 3780 3017 1106 1344 1477 3458 3437 1008 1995 3178 4011 3248 2709 4732 1260 1610 1715 2583 2058 2065 1337 1687 273 3080 3710 2429 3255 3598 2072 2702 1953 1190 2450 3864 168 3696 4074 2604 1897 4557 1911 2023 2611 483 245 3332 3073 532 4046 1358 3493 2828 1715 3773 3255 476 2513 2737 2492 4655 2009 1582 756 2331 3129 3220 826 1043 2828 3976 3458 1918 3661 231 2653 4536 1638 1855 3857 3997 2856 1316 1232 749 861 2541 3381 931 2282 2331 4704 1379 2002 1148 4466 3059 2793 1596 1932 1099 1736 1708 2912 1799 2716 2408 714 3276 1155 1120 3024 4284 3360 1491 3654 2135 1022 2072 2387 3045 3248 2667 2681 2079 3213 1554 1302 392 2310 168 1792 2121 2534 1883 1666 4375 2989 2100 1344 364 2863 1946 4193 1456 959 3003 3486 2114 1953 2254 3080 3311 3458 1442 3227 3024 2170 2296 4753 3038 1008 1253 3416 1785 1680 1162 3745 1659 2660 3171 2212 2709 574 2331 3325 2317 3689 3409 1813 455 1708 1246 1358 2513 4088 2366 3150 4179 2982 2996 896 3906 2387 2156 1183 1533 1680 798 4662 2527 735 2072 1841 2002 3325 3710 1750 826 3836 2660 3374 4172 2702 1638 896 2744 1729 3073 4585 2296 1239 2387 1169 3941 2114 581 1771 4382 504 1883 1771 1386 2170 959 2359 721 2534 2674 4116 2653 2541 2639 3136 1477 707 3745 1358 511 2898 2723 1834 2576 2380 2989 1596 1757 3577 3304 2296 3990 2415 4207 1225 1120 2905 1995 1862 2919 1099 2212 3997 1540 1302 3479 1764 3731 1974 2954 1806 2359 1029 3808 1981 2016 294 2793 2506 1897 1645 3395 2884 2184 3101 1743 1456 3024 2317 693 2674 2261 3052 301 3024 2317 742 2429 3430 4123 3227 2611 2450 889 2793 3724 3724 2639 1750 1281 3213 3094 1134 4263 2149 4081 770 4088 2366 1218 1687 1722 3892 1925 1561 4123 1309 2786 4529 3941 2499 1652 1659 3031 4046 1729 2702 4081 2695 2709 1911 3885 1694 2450 2751 1295 2632 3969 
1624 4208 2128 3968 2152 4488 2336 3744 4248 1832 1520 4160 1464 4056 2136 896 4656 4424 3904 2544 2816 2056 5216 2752 4592 1800 2776 1992 2232 3800 2680 2480 2568 1288 2944 3240 2720 3624 3264 1136 2008 3800 3312 4344 5248 3952 4528 2528 3360 1088 1720 3688 3112 4616 928 3080 4496 1520 1896 2776 2728 3952 4176 4368 3360 3432 3944 3376 928 1136 4008 4280 2440 1488 2824 2032 1480 2848 4056 2312 4856 2128 2960 1488 1576 4592 4264 3136 2168 2880 872 4056 1256 4992 4400 4648 4096 2304 2232 4088 4768 4776 2280 1936 5016 2528 1520 1296 5192 1112 2888 2896 3928 2480 376 3800 1352 3736 1240 5416 4088 728 4456 4776 3432 3152 4280 5288 2648 4824 1992 3224 3560 3208 4512 3872 2736 3344 3128 2152 1608 4624 4616 2752 1984 4352 3408 2768 4136 416 3424 3736 4000 4208 1064 2016 1088 2576 904 4376 5496 3264 4472 1136 3728 3592 824 4480 4752 4384 1528 1584 2800 784 1736 4848 3736 2416 1664 1192 3080 840 2480 2568 5040 2312 4616 2232 1904 880 5064 3584 384 1720 4088 1432 4968 2128 4152 1872 4928 2264 2552 4880 3720 2424 3176 3680 3736 1192 1080 4032 3752 4440 3280 4240 2048 4152 2224 760 4984 1864 4296 464 4320 376 2520 4112 1160 2880 4040 3816 2496 5232 1216 4552 952 3208 608 3464 2808 960 3040 1264 4760 1232 1168 4736 3840 1424 2472 2656 3304 72 4840 4184 1504 3312 3184 3776 2192 2856 1776 4160 2440 4096 4008 3912 2032 4648 3456 4592 2616 1024 1640 4792 1776 3632 1736 3416 4248 544 1864 3864 2384 2712 4104 3288 3208 4360 2072 3144 4728 3520 208 4496 3320 4736 1616 3744 4576 3560 3128 5480 784 3168 4264 680 3240 2272 3200 3064 1184 4704 3560 2488 3792 1248 1312 5296 1688 2744 3192 2120 4112 2088 3896 1704 2848 1936 5480 2560 3872 1128 1368 4536 2440 1736 4416 5992 4072 4072 968 4680 2656 2048 1688 1984 4488 3088 4008 3384 2000 1608 3352 3080 2848 3888 944 1456 
1720 3760 5510 3880 1510 3480 5270 4410 7160 5810 2010 6460 4950 2510 6040 2830 4180 2000 4780 5930 6280 1430 6410 2350 6370 2750 4880 1060 1240 3090 440 640 2220 1970 6550 3930 1760 1030 5300 3790 5750 2850 3120 1880 7020 7470 4070 4540 5270 2610 1400 5600 720 6790 3530 1530 5250 5120 1230 5200 6650 7940 7970 1920 6980 3680 5960 2620 4650 4910 6140 6180 1040 4460 170 5580 5170 4760 7970 5740 7330 2420 460 4090 5500 6560 6840 4340 4650 6820 4240 5640 4910 5370 1960 6770 4110 3440 5670 2720 8620 6180 2330 4600 6670 5980 1640 4510 5230 4800 4170 580 6700 3500 3620 1220 5170 6900 3090 6870 5520 3790 8100 8790 1380 7150 3530 6570 500 6510 3280 4830 2890 5320 7600 3610 1650 3180 6540 5630 5560 4950 6720 5020 1170 4650 910 3190 6350 3900 1060 3400 7460 7830 2330 1090 4620 5840 4550 3260 7090 2530 2050 2180 4820 4300 3610 5120 5930 6580 5160 4800 1500 2900 5420 8610 5620 6240 5620 2350 290 3490 6000 4570 6980 3290 6390 6130 5510 2640 9080 980 3870 1400 6210 3530 5230 5840 6780 5070 7330 4740 6140 4860 6140 6100 3050 7240 1790 4300 3720 5990 1260 8290 960 1820 1290 4710 4840 2600 6550 1210 1820 3470 6840 3400 5550 1770 2630 5430 7330 1280 4600 7120 3160 6020 4410 6070 3010 6040 1700 2360 910 5080 8420 5040 2220 7010 5560 4940 3170 5070 1710 3460 7710 3510 1990 1580 6540 7140 6290 480 5520 1820 6300 1590 6800 6660 1100 5150 6970 3780 5610 4550 4990 7120 3450 1410 2670 790 4420 4180 5300 3280 3610 650 4160 2930 4920 8310 1520 6710 7420 1330 3550 7960 1430 7570 4570 2190 8120 4960 1820 6730 4480 5440 3060 2960 5910 1610 770 900 2290 8440 2700 3810 2580 3330 4690 5560 5030 5890 1070 910 6700 5670 3610 5000 5570 5590 6490 3390 4160 3550 3900 7750 2890 4980 5790 7060 1580 1700 2440 7450 6080 1010 5030 5390 3880 810 7960 7400 5540 2840 6760 2100 1400 4710 2390 4220 
3000 4000 6740 4300 2610 3430 6470 5050 8190 7150 3270 7370 6260 2410 7350 4120 4270 700 5430 7170 7520 2640 6910 3150 7110 3910 5930 2400 2370 3390 1610 1850 3110 3300 7800 4690 2570 560 6280 5050 7030 3090 3720 540 7680 8640 4210 5610 6210 3890 2730 6500 1220 7620 4800 2090 5760 6410 2540 6290 7950 9190 9180 600 8210 4310 6850 3090 5980 6240 7040 7000 2150 5700 1370 6870 6480 5780 9210 6960 8210 3490 1270 5300 6840 7350 7810 5210 5820 8120 5550 6420 6230 5680 650 7590 4520 4470 6900 2680 9800 6810 3350 5810 7320 7230 2980 5810 5380 6130 5100 1450 7730 4480 4950 260 6500 8030 4320 7410 6260 5110 9260 10000 1540 8440 3650 7080 1670 7200 4390 5740 3300 6320 8640 4000 2460 3770 7750 6880 6900 5320 7540 6090 2480 5070 880 4040 7250 5230 1130 3830 8610 9000 3650 2400 5930 7070 5870 3210 7660 3050 740 3510 5550 4990 4890 5600 6500 7450 6460 6080 2270 4210 6740 9760 6510 7540 6960 3660 1040 4770 7260 5630 7710 4320 7130 7450 6780 3970 10270 510 5200 2740 7100 4730 5510 7140 7770 6340 8180 5900 7380 5060 7130 7390 3700 8440 1710 5570 5000 6860 710 9490 1260 790 2540 5240 6020 3940 7180 2550 500 4800 7790 4740 6750 1010 3930 6530 8450 450 5690 7800 4430 6700 5740 7180 4340 7080 2460 3700 1470 6420 9560 6380 3530 7850 6400 6230 4140 6170 2080 4800 8670 3690 3280 1930 7730 8300 7620 1450 6840 1010 7610 450 7830 7680 2410 5560 8170 3770 6790 5880 6260 7970 4610 1280 3840 750 4830 5520 6590 3590 4630 1650 4570 3520 5860 9530 2700 7940 8360 1340 4890 9080 1740 8540 5830 2270 9250 5780 2350 7210 5810 6470 3010 4290 6990 2690 1180 1420 3580 9600 3070 4820 2750 4560 5970 5760 6320 7090 1490 2240 7680 6940 3990 6250 6700 6860 6890 4330 4690 4830 5120 8820 3850 6230 6460 7410 430 940 3770 8410 7320 2340 6290 6670 3980 1320 9200 8680 6830 3990 7950 2690 2150 5360 3730 5440 
3066 4134 2274 3840 3474 4530 1386 3384 2364 1128 3000 2736 942 4404 1602 2508 4440 5088 3378 990 1008 3132 4074 3300 3330 2532 2142 3252 3528 3972 3714 3672 3204 2712 900 3108 3450 4416 2400 2376 1812 4050 3504 5004 3780 1680 4350 2124 2520 2664 3084 2694 4146 3114 2346 3792 3798 1800 3234 1920 330 1284 1620 5034 1164 3396 2784 3732 1482 1410 2748 3054 3438 2322 3852 714 1662 2292 1422 2328 3090 2844 4026 2520 780 3216 2616 2814 1716 432 1896 3096 942 4308 5064 3168 3876 2544 2280 4374 2064 3654 2970 1560 3690 900 2922 1236 4602 1026 2664 3840 2268 2646 1980 4620 1380 1830 2682 4080 3204 1608 1962 1944 4122 588 4290 4074 3678 3534 2400 2634 3810 2322 2430 3852 3492 3510 1224 2190 840 4080 3156 2028 3186 3918 4362 3012 2778 1818 4200 3792 1776 1788 2652 3324 1764 1128 1614 4482 4062 3660 5118 2700 3174 3282 2244 3846 3762 2940 1746 1140 3576 2430 642 2190 2736 336 1104 2484 4056 2304 804 2142 3534 2616 3348 216 1932 2298 2196 4470 1818 3066 2802 2688 4344 504 2502 1104 3186 1740 2292 4410 2382 570 3414 1440 4308 2148 1716 2868 4482 1800 4086 4842 3168 3678 1626 2388 3720 3174 4980 1806 2688 1854 1338 4704 2334 1866 1926 4650 2052 3708 2082 3480 1236 1770 2082 2130 3528 2490 4116 930 2190 948 2730 3132 2898 1866 2784 1896 3936 1914 2820 4200 2718 3966 1314 1692 1014 3828 576 4746 270 4770 2298 2280 3228 4014 1338 4524 1416 1152 2088 3132 2184 4308 2532 4266 3906 1632 864 3966 2514 3858 3864 3546 2568 1650 3108 1074 2850 4218 1938 2136 4014 2772 1350 4200 2136 2916 3756 4224 1524 2190 4434 2112 1944 3192 4062 4134 2748 2094 3870 2496 4128 2622 1968 4572 996 1308 3984 3336 2514 2052 3876 2172 1722 1902 4350 2760 3624 1836 2508 2358 2874 2220 3438 4692 4830 4686 2424 2778 978 3276 2118 888 4380 4140 1350 774 732 2988 1368 3636 3636 3396 2466 2430 
2190 708 4032 576 2406 1032 2262 858 2898 3660 2358 2310 2598 1062 4008 2520 1044 2550 1080 2754 2922 1260 2034 462 2088 1104 1662 1728 2280 474 1560 2022 600 1776 3120 672 768 1842 1740 3108 3948 582 60 2376 2436 3372 948 1536 1668 2496 1866 1794 2244 2412 2910 936 1338 3594 1956 1926 3444 3900 3756 2478 3264 408 1986 348 3096 3234 2106 2040 1260 3480 1710 2790 3552 1524 3858 4170 2778 852 2088 3372 3246 2238 2598 1038 1848 3504 3096 1686 2736 1470 2520 2388 708 954 4116 966 4050 1914 756 1956 2220 2820 1824 2310 1500 2760 1044 1482 2628 864 2670 2238 3396 2934 2850 2310 1578 2154 3702 4242 1248 3666 798 2130 1530 2142 1110 1374 330 1788 3168 462 828 96 2964 4056 3336 1200 2358 1788 1530 1002 2292 486 2226 2760 1494 354 3324 3582 2226 1950 3264 2640 3114 996 2448 342 2556 2142 1158 816 2892 1260 1746 2328 3588 2358 912 2502 2886 3978 1788 3222 3528 1614 1854 2850 2880 1536 2448 882 2106 3282 3876 1818 4350 2202 2742 1800 2130 3138 1410 3000 2598 2400 2754 1860 4362 1260 2238 3042 84 3318 1236 3288 1902 1974 1764 3918 1434 1998 1356 1014 1968 2100 2142 1788 2424 2160 2574 2190 2400 1782 1578 2064 3174 2346 1602 2508 1596 1842 2478 2448 1992 2280 792 1938 2358 3000 3840 2976 2226 2556 1698 3516 714 1884 930 2430 3108 714 1452 1014 2928 3144 3870 1530 2964 1824 3288 2064 2682 2598 1542 1296 3180 1038 2388 2556 3666 2628 1326 1428 1146 1764 876 2838 2634 474 996 2148 726 72 1458 4002 1194 3132 2910 1374 2562 3528 1128 3036 2148 948 3642 1326 768 2226 2994 1914 966 1932 2280 1014 1518 2352 2316 3894 444 1044 732 2970 3426 1638 2502 2574 1296 1674 2544 4020 480 3708 2208 3906 2088 744 684 1794 3252 3294 648 3726 1704 2442 2430 1794 1830 2946 2826 1650 3702 2628 924 2298 3882 3756 2772 2898 3036 570 972 1038 1914 3396 
2151 5715 1395 5472 2592 5967 3510 5256 5661 1764 1917 5670 2349 5391 1755 1152 6210 5373 5445 3591 3870 3105 6921 4041 6192 3042 4140 2808 2763 5220 3618 3186 3834 2169 3942 4689 3924 4626 4689 495 1476 5193 4716 5337 6939 5148 6075 3879 4797 1350 2475 5175 3834 6192 558 4266 6111 909 2592 4095 3474 4941 5310 5328 4428 4887 5454 4725 846 999 5508 5832 3474 621 3726 2934 981 4230 5103 1602 6426 3375 3726 738 1908 6183 5742 4590 3420 3654 234 5598 1989 6660 5355 6237 5625 3645 1521 5454 5985 6417 3519 3141 6687 3537 2313 2313 6858 1773 4302 3888 5328 3843 648 4698 1143 5022 1080 7137 5643 1818 5697 5913 4581 3942 5760 6993 3591 6462 3285 4671 4959 4617 5931 5355 3924 4752 4239 1449 1854 6237 6201 4086 2907 5931 4176 4140 5643 621 4500 5184 5238 5418 1611 2718 522 3681 657 5823 7227 4599 5436 1755 5256 5085 450 6093 6399 5931 954 2610 3969 1089 2484 6111 5229 3177 1638 2250 3960 558 3456 3915 6687 3654 6228 2889 1269 1926 6264 4437 648 2511 5598 963 6624 2934 5598 2916 6525 3528 1917 6507 5148 3294 4572 4815 4950 288 2241 5553 4806 5598 4347 5337 3042 5724 3456 1566 6651 2655 5256 1575 5814 1476 3681 5247 2286 4185 5328 4671 3834 6912 2421 6174 1836 4491 1683 4833 4005 1827 3690 1728 6048 1710 1701 6318 5355 747 3816 3969 4527 1044 6345 5661 2556 4500 4320 5004 2196 3825 2484 5301 3168 5130 5418 5319 2943 6273 4581 6102 3807 1854 855 6372 3051 4761 2961 4401 5805 756 2808 5310 3735 3393 5643 4671 4653 5454 3141 4194 6246 4644 828 5805 4482 6237 2727 5040 5868 5049 4365 7218 801 4545 5679 1764 4572 3402 4230 3726 1638 5949 4932 3852 5148 918 522 6993 2664 3906 4284 2970 5571 1440 5373 900 4122 1332 7218 3924 5391 2313 684 5931 3762 927 6012 7794 4959 5193 1935 6183 3699 2907 900 2961 6012 3780 5022 4212 2898 1530 4500 4356 3996 5427 1836 648 
1566 1254 3570 1230 1746 1338 2358 1482 3270 3360 1740 2772 2466 1020 3648 1980 1566 2052 1698 2820 3012 630 2688 246 2664 876 1926 1074 1620 876 906 1356 228 1224 3204 1194 108 1314 2118 2592 3546 828 726 1902 3048 3606 1482 1752 2076 1926 1230 2256 1596 2940 2394 426 1998 3180 1302 2160 3414 4026 3954 1986 3402 1044 2460 534 2736 2886 2574 2568 588 2982 1062 2748 3156 1824 4008 3708 3282 558 1440 2838 3018 2790 3030 1482 1944 3498 2652 2232 2544 2130 2028 2922 1362 1062 3660 1020 4296 2538 438 1986 2832 2874 1218 2172 2118 2538 1404 852 2994 1050 2226 1680 3048 3204 2286 2958 2154 1890 3960 4452 798 3678 1224 2778 876 2742 1074 1794 708 2148 3540 1086 180 762 3114 3606 3090 1860 2892 2034 882 1668 1674 774 2700 2346 984 960 3576 3816 1662 1290 2850 2736 2724 1242 3090 456 2070 1572 1734 1416 2394 1926 2394 2826 3186 2274 282 1974 2766 4254 2262 3180 3234 1152 1230 2340 2910 1758 3030 966 2676 3186 3456 1380 4590 1614 2322 1170 2610 2574 2064 2940 3012 2382 3276 1980 3918 1884 2628 3036 666 3510 918 2808 1698 2472 1284 4128 888 1590 720 1674 2064 1596 2760 1140 1926 1818 3024 1824 2520 1404 1188 2304 3462 1776 1800 3108 1338 2448 2256 2700 1590 2610 168 1422 1710 2760 4128 2736 1650 3072 2202 3090 840 2094 534 2016 3552 1170 936 588 3090 3390 3600 894 2838 1446 3234 1602 3054 2964 888 1962 3354 1440 2526 2340 3210 3144 1260 996 870 1200 1536 2454 2580 960 1152 1488 1386 630 1860 4182 576 3252 3366 918 2130 3834 672 3474 2088 798 3936 1836 348 2886 2628 2244 1152 1536 2568 390 948 1704 1728 4164 660 1254 798 2412 2976 2280 2424 2712 750 1008 2958 3588 1092 3240 2424 3486 2754 954 1350 1578 2718 3648 672 3252 2310 3114 1890 1398 1344 3390 2904 990 3240 2598 1410 1650 4020 3798 2724 2292 3216 264 354 1662 1410 2880 
2961 1946 4333 1554 3374 2506 1393 959 2016 3535 3080 1456 2100 2632 4046 2982 2261 4200 980 1960 2107 2114 2037 1526 1540 1274 560 2632 3290 1904 2758 3136 1547 2331 2352 693 1925 3339 665 3500 4074 2072 1365 4025 2100 2541 2156 504 623 3038 2660 868 3556 1722 3290 2289 1498 3731 2835 875 2835 3206 3003 4123 2464 1078 1120 1785 3087 3206 1232 1330 2331 3836 2961 2149 3633 385 3136 4480 2072 1372 3367 3815 2961 1610 1736 294 987 2877 3262 1036 2352 2058 4172 1722 1568 686 4410 2520 3325 1645 1428 1190 1883 2051 2520 1834 2380 2450 175 2758 1694 609 2856 3759 3360 2023 3395 2205 1043 1953 2919 3556 2709 3038 2184 2093 2716 1715 903 336 1778 707 2338 1624 2002 1351 2114 4319 3087 1778 1687 714 2408 1582 3696 917 1379 2870 2947 1603 2478 2779 2758 2877 3381 1806 3164 2506 2289 1750 4214 2702 770 840 3227 1526 1631 1554 3703 1764 2135 2912 2380 3248 889 2618 3395 1967 3185 3206 2135 483 1967 770 1568 2751 4053 2065 3682 3668 2849 2583 1288 3668 2086 2394 1708 1715 2086 952 4634 2156 1260 2373 1302 2492 2779 3570 1617 1155 3297 3178 2842 3633 2233 1309 1085 2457 1841 2639 4053 2121 1729 2205 1519 3395 1785 1029 2303 3864 588 2114 1505 1456 2163 1463 2114 1267 2002 2345 3640 2716 3080 2695 2800 1869 896 3682 840 854 2359 2548 2345 2079 1981 2443 2051 2275 3696 2793 2471 3444 2695 3668 1764 1666 2450 1715 2338 2436 1470 2226 3913 1939 994 2940 1358 3206 1575 2863 2002 1841 567 3339 1554 1477 385 3290 2030 2324 2135 2856 2709 2723 2562 2247 1526 2485 2856 581 2135 2261 2989 840 2499 2058 1267 1932 2905 3640 2898 3143 1911 427 2254 3479 3633 2359 1897 1680 2681 2632 1645 4228 1652 3990 1211 4067 2296 693 1260 1547 3703 2471 1036 4025 1330 2737 4011 3402 2177 2156 2030 2576 3962 1953 2226 3598 3171 3108 2135 3584 2170 1904 2219 987 2310 3801 
414 2472 2418 2394 786 2532 2316 2460 3606 2466 546 3324 1980 2094 2640 780 2790 2226 2646 2646 2862 594 3684 1350 3438 1032 2280 390 750 2100 918 804 1218 168 3006 2094 1170 1620 2598 1404 2484 2040 1866 2160 3894 3642 2706 2064 2616 708 216 2856 1278 3594 1218 1344 3036 2106 384 2406 3000 3828 3900 2178 3288 2094 3072 1758 1770 1926 3156 3264 798 1806 1020 2382 2118 2256 3864 2562 3864 1044 1152 1638 2262 3504 3498 2202 2004 3102 1572 2994 1926 3276 2208 3600 2520 1536 2514 2154 4308 3438 1092 1920 3690 2664 48 1734 3318 1854 2046 1092 3336 1632 1170 1758 2088 3360 1062 3900 2964 1278 4026 4380 1536 3306 2442 3756 894 3570 1350 2412 1926 2592 3852 2274 1146 1902 3048 2478 2304 2994 3570 2322 420 2790 1488 1638 3270 1326 1494 2154 3648 3852 456 462 1788 2616 1722 2424 4008 1680 2262 360 2592 2364 1236 2988 3348 3438 2124 1932 1158 798 2250 4326 2880 2748 2346 492 1212 1170 2664 2088 3804 1482 3456 2664 2358 588 4572 1602 1308 192 3204 1356 3222 2514 3438 2118 3888 2070 2790 3078 3060 2694 1782 3474 1782 1662 1296 3114 1722 4092 1386 2082 528 2724 2100 528 3642 300 2124 1062 3510 1014 2484 2004 684 2526 3612 1776 2076 3918 1026 3306 1632 2880 786 2940 1206 384 1260 2016 4230 1992 426 3708 2892 2004 1500 2316 1518 1044 3996 2394 426 1494 3060 3462 2742 1056 2304 2040 2784 1968 3396 3318 444 3066 3306 2652 2526 1716 2082 3768 1350 1662 960 1464 2676 1488 2220 2178 1638 990 2538 1800 2442 4080 642 3120 3852 1584 1110 3984 1476 3912 1830 1860 4068 2574 1428 3882 1668 2622 2322 768 2826 828 1320 1272 510 4224 1878 1758 1974 1200 1866 3456 2058 2682 1338 492 3396 2478 2286 2094 2580 2400 3810 1620 2436 1212 1518 3918 1380 2100 3174 4188 1968 1968 450 3846 2736 438 2106 2286 2634 1272 3846 3462 2352 1080 3192 1464 1170 2622 402 1686 
4518 4506 4116 4158 4938 5016 1938 3552 1476 2964 4500 2184 2322 5118 3426 4092 4734 6240 3432 1560 1344 4248 3660 4074 2838 3474 2394 4530 4950 4506 4872 4992 4038 4038 1218 3450 4350 5508 2382 4116 3648 4644 4038 6120 3114 690 4656 2538 2484 4236 4428 2496 5448 2442 4038 4698 3714 3630 4590 2130 1518 558 312 6180 918 3786 2430 4386 3252 3210 2328 2616 4530 4122 5040 1896 3492 2538 414 4164 2196 3744 5304 4296 2580 2640 1890 3072 2328 1404 3648 2862 2502 4248 6216 2508 4128 3210 4116 5028 264 3264 3846 2334 3138 1548 4260 2496 4626 2640 3018 4950 1626 3252 3624 5808 3204 1164 4338 3522 3012 2982 474 180 5064 1254 4728 3612 4836 3006 3204 2754 4392 2316 1320 4248 4410 4026 1170 4026 2658 4116 2514 2274 4404 4026 5634 3606 2268 3492 5220 4242 762 504 4140 4668 3558 1590 3384 5022 3432 4344 6264 4158 3222 3486 3942 3804 3462 2340 3582 2286 4518 4014 2154 456 2526 1686 2940 3732 5250 3984 1566 2532 2844 3306 2850 1902 3768 3624 372 5682 3486 4386 2346 4410 4332 1848 1806 2088 2304 2292 4116 4506 1998 1614 3978 756 5178 3924 2910 2502 5526 144 5112 5850 4320 3756 2208 3834 3210 4482 6120 3234 1962 3306 1770 5670 3540 1992 972 5862 2478 3000 3210 3120 2712 1608 3468 1848 4428 3882 5460 2652 564 2664 4212 2376 2694 3684 3450 2184 4794 3480 1722 4638 3912 4860 1176 918 2820 4956 2148 5718 1698 5838 1602 1656 4446 3984 918 4932 1746 2658 3912 2328 3054 5262 3516 5370 4074 3324 2028 4446 3126 5184 4110 4128 2664 186 4200 1086 1884 5184 3546 774 4938 1722 2376 4962 672 2940 4602 3738 3270 2172 5016 3468 1788 4206 5130 5472 4260 414 4500 3042 4794 4314 3774 4500 2178 1566 4986 4590 1854 3888 4272 3996 1854 3738 3966 3360 3858 2994 4266 1158 3606 4050 3156 4206 6024 5664 3762 1782 1470 4524 3948 1944 4740 5460 486 1080 1926 4632 1050 4428 4590 3468 3846 4212 
1855 4578 952 4375 2198 4781 2723 4186 4389 1211 1673 4431 1792 4347 1190 1071 4963 4361 4319 2758 2961 2569 5460 3276 4865 2485 3262 2359 2331 4200 2989 2660 3115 1841 3003 3745 3199 3773 3682 525 973 4186 3794 4326 5439 3955 4851 3066 3780 1232 2093 4067 3157 4851 609 3479 4837 532 2191 3206 2611 3759 4053 4319 3381 3913 4277 3815 560 644 4319 4578 2863 469 3073 2233 588 3339 3885 1120 5012 2751 3073 651 1372 4844 4473 3647 2688 2744 147 4410 1505 5278 4340 4886 4487 2926 1050 4396 4585 5054 2870 2471 5257 2709 1967 1799 5453 1337 3423 3199 4144 3080 630 3829 742 3878 1008 5614 4452 1463 4375 4515 3724 2968 4613 5509 2961 5075 2653 3689 3990 3626 4592 4284 3199 3822 3255 987 1316 4956 4851 3213 2429 4718 3430 3332 4417 546 3668 4158 4025 4151 1428 2289 245 2828 406 4669 5684 3717 4403 1533 4165 4053 532 4830 5047 4634 560 2023 3241 1022 1869 4690 4109 2387 1127 1883 3255 616 2632 3094 5243 2940 4893 2149 819 1624 4795 3626 574 2121 4389 889 5257 2212 4361 2254 5089 2772 1344 5180 4025 2499 3675 3689 4018 217 1799 4361 3913 4284 3549 4326 2527 4543 2709 1365 5236 2233 4263 1302 4529 1232 2856 4256 1904 3276 4109 3808 3024 5418 1974 4858 1421 3486 1428 3773 3262 1575 3052 1260 4648 1253 1498 4935 4214 406 3073 3115 3675 910 4928 4536 2128 3661 3325 3857 1547 3150 1862 4291 2380 4165 4207 4137 2457 4977 3514 4886 2954 1421 525 4977 2457 3871 2422 3598 4627 581 2149 4263 2989 2821 4501 3759 3668 4158 2597 3206 4858 3780 756 4473 3654 4844 2135 4074 4515 3997 3542 5684 560 3563 4564 1491 3563 2793 3458 3073 1449 4564 3976 3080 4151 882 245 5544 2044 3017 3500 2485 4340 959 4305 581 3213 868 5698 3150 4298 1869 644 4585 3038 609 4746 6146 4039 4207 1645 4809 2835 2429 567 2268 4809 3115 3822 3178 2205 1351 3458 3535 3269 4312 1582 553 
1750 4660 3250 4370 2450 5000 2780 4140 5120 2850 1710 4880 1970 4470 3280 1180 5210 5090 4350 3200 3550 2000 6030 2830 5330 1660 3120 2020 2500 4140 2850 2710 2600 1120 3750 3500 2800 4030 3720 1850 3120 4140 3540 4970 6140 4920 5060 2790 3810 1340 1730 4230 3500 5430 1540 3270 5090 2510 1980 3190 3640 5090 5280 5010 4260 3710 4570 3610 1760 2010 4660 4960 2490 2380 3050 2660 2460 3170 5180 3480 5770 2050 3290 2300 2420 5360 5070 3430 2440 3820 1680 4630 1840 5680 5050 5460 4530 2350 3380 4500 6000 5500 2240 2200 5840 3200 1450 1620 5900 1710 3120 3100 4700 2560 990 4310 2280 4560 1740 6310 4650 810 5570 6060 3720 4160 4740 6120 2790 5600 1950 3590 3840 3670 5480 4240 2820 3580 3900 3280 2490 5210 5410 3120 1960 4870 3860 2880 4840 1120 3740 4070 4960 5260 1110 2120 1960 3190 1740 4860 6430 3470 5140 1140 4160 3950 1450 5060 5450 5140 2520 1970 2910 1060 2390 6060 4280 3240 2640 890 3380 1420 3170 2830 5910 2340 5360 3070 2980 510 6400 4050 1090 1700 4760 2100 5640 2850 4940 2310 5850 2560 3790 5510 4360 3170 3370 4610 4100 2030 1050 4660 4170 5610 3550 4780 2000 4640 2540 600 5790 1880 4910 410 5120 310 3040 4600 840 3350 4960 4340 2770 6140 1010 5240 1360 3830 150 4080 2900 740 3450 2000 5930 1960 1230 5590 4390 2380 2520 3040 3540 570 5830 4620 1300 3550 3950 4670 3280 3060 2480 4670 3280 4620 4800 4670 2020 5250 4330 5130 3150 1490 2630 5660 1730 3980 1580 3770 4730 1290 2410 4220 2460 3010 4550 3500 3590 5550 2010 3970 5660 3840 800 5560 3580 5700 1890 4080 5680 3990 3310 6360 1580 3640 4720 250 3820 2240 3480 3480 1320 5880 3840 2610 4130 1830 2230 6050 2150 3360 3430 2180 4890 3220 4270 2710 3360 3030 6340 2650 4270 1030 2130 5550 2460 2740 5050 6980 4650 4550 650 5620 3340 2070 2690 2540 5000 3490 5140 4440 2610 2110 4170 3240 2970 4340 700 2300 
1734 3990 780 3810 2040 4188 2280 3618 3690 870 1584 3756 1458 3834 870 1062 4326 3888 3726 2268 2442 2310 4686 2886 4152 2184 2772 2154 2154 3678 2694 2424 2754 1692 2466 3240 2844 3372 3138 618 702 3672 3318 3858 4644 3288 4230 2616 3222 1206 1932 3462 2862 4122 684 3090 4170 324 2016 2712 2100 3090 3360 3852 2790 3402 3642 3354 372 408 3666 3906 2568 504 2772 1818 348 2850 3204 912 4248 2424 2784 702 1038 4128 3780 3138 2274 2220 210 3774 1200 4566 3870 4152 3900 2544 852 3864 3810 4332 2538 2082 4494 2226 1812 1494 4722 1056 2952 2868 3486 2676 630 3432 468 3240 1032 4812 3816 1254 3636 3744 3312 2406 4038 4728 2670 4338 2304 3162 3498 3084 3858 3738 2844 3342 2694 780 984 4290 4128 2724 2202 4086 3096 2904 3750 516 3276 3636 3354 3450 1362 2100 54 2340 246 4098 4860 3270 3930 1452 3582 3504 612 4170 4338 3936 342 1674 2880 1014 1500 3906 3504 1926 798 1704 2934 684 2160 2640 4470 2556 4176 1710 594 1476 3984 3264 540 1950 3726 930 4548 1788 3684 1866 4320 2340 1080 4488 3402 2028 3216 3054 3558 330 1548 3714 3492 3552 3168 3846 2280 3930 2286 1278 4476 2052 3804 1146 3834 1098 2376 3780 1698 2760 3432 3420 2574 4620 1734 4158 1164 2922 1284 3180 2898 1458 2772 966 3870 960 1422 4194 3600 234 2682 2634 3258 846 4158 3966 1920 3252 2754 3210 1158 2832 1482 3816 1908 3714 3540 3486 2232 4302 2910 4266 2466 1158 420 4224 2130 3444 2136 3222 4014 480 1752 3726 2592 2568 3912 3294 3138 3438 2334 2640 4104 3366 720 3738 3246 4086 1788 3594 3768 3426 3138 4878 402 3024 4008 1344 3000 2496 3096 2790 1386 3798 3492 2658 3654 924 186 4794 1680 2508 3120 2262 3666 738 3756 486 2700 630 4896 2742 3726 1620 708 3840 2658 528 4068 5280 3612 3744 1506 4056 2334 2214 462 1860 4200 2826 3144 2586 1794 1326 2868 3120 2910 3720 1458 612 
2395 790 3675 500 2625 1240 1700 20 1880 3185 2510 1325 2185 1490 3535 2555 960 2820 195 2095 2195 1655 1020 1030 1050 1265 1080 2055 2530 905 1985 2345 1110 1985 2365 325 1320 2240 995 2995 3530 1055 655 2675 1325 2405 900 1065 905 2565 2135 930 2560 1350 2835 1485 475 3265 2230 1300 2730 2935 2750 2765 2415 360 1050 970 2815 2915 1155 1040 1710 3270 2115 2240 3205 950 2875 3785 1665 1180 2430 3220 2790 1190 1585 495 1405 2760 2895 740 2355 785 2800 1320 460 905 3735 1375 2930 890 1150 1550 1145 2165 2070 1980 995 2410 625 1930 1675 795 2570 2570 3035 2010 2845 1235 635 1995 2640 3130 1740 2860 1000 1095 1960 1085 1105 700 890 1055 2095 615 1375 630 2170 3680 2880 570 1300 1190 1885 425 2610 685 1245 2605 1950 655 2345 2560 2345 2240 3005 1980 2855 1275 1345 985 2825 2285 315 105 2800 450 765 1305 3255 1950 1450 2520 2395 2850 915 2575 3085 1780 2245 2775 2230 1055 1340 900 1060 2670 3500 1910 3185 2540 2590 2080 1165 3070 795 2420 1605 1930 1635 1390 3915 835 1345 2400 675 2405 1710 3090 1755 1025 2170 2855 1900 2345 1740 245 1480 2180 1080 2090 2720 2070 1550 2115 1775 2165 1695 1390 2190 2665 1125 1385 1585 830 2190 1660 2000 1440 1350 2065 2655 2605 2720 2590 2360 1470 800 3220 825 1295 1475 2350 1990 930 1710 1550 2120 2215 3320 1970 2460 2195 2635 2415 1715 1650 1905 555 2310 1145 1740 2245 3370 1530 1250 1885 1320 2175 430 2630 2130 825 870 2465 440 755 770 2965 1595 2330 1810 1845 2470 2460 1645 1930 1775 1445 2560 535 1345 1190 2740 1180 1300 1955 1495 1465 1970 2650 2435 2785 1005 825 1225 2930 3165 995 2050 1885 1785 2025 1560 3625 630 3415 1525 3515 1120 755 240 1680 3130 2220 905 3440 715 1435 2730 2180 1955 1855 2140 1995 3400 2100 975 2605 2905 2910 2230 2930 2190 1180 1505 160 2045 3225 
1936 5176 1160 4968 2296 5384 3248 4784 5160 1624 1712 5168 2216 4856 1568 1048 5616 4784 4952 3320 3560 2824 6272 3680 5632 2808 3808 2536 2456 4728 3256 2848 3488 1992 3624 4280 3560 4136 4296 360 1296 4696 4288 4760 6288 4704 5496 3568 4392 1224 2232 4728 3408 5632 488 3856 5544 808 2328 3768 3200 4504 4840 4744 4056 4448 4976 4288 856 976 5024 5312 3144 432 3336 2736 896 3888 4648 1352 5840 3088 3320 536 1800 5624 5232 4192 3168 3360 320 5104 1896 6024 4760 5672 5104 3352 1280 4920 5440 5832 3224 2928 6064 3272 2104 2184 6200 1704 3944 3496 4864 3528 688 4184 1088 4592 928 6472 5144 1744 5184 5368 4120 3608 5208 6344 3232 5864 3032 4272 4488 4232 5400 4856 3552 4320 3896 1224 1744 5656 5640 3768 2640 5384 3720 3784 5144 680 4040 4704 4776 4936 1472 2440 520 3400 680 5248 6552 4176 4840 1600 4784 4632 424 5528 5808 5400 856 2456 3592 1008 2328 5552 4776 2944 1528 2088 3544 520 3192 3608 6072 3352 5664 2672 1096 1800 5688 3952 704 2272 5104 776 5992 2728 5112 2728 5928 3264 1640 5888 4712 3048 4160 4400 4456 144 2120 5064 4304 5096 3904 4768 2768 5192 3200 1464 6040 2400 4680 1520 5296 1424 3408 4696 2128 3856 4864 4152 3528 6272 2264 5608 1760 4120 1600 4432 3632 1696 3280 1648 5496 1632 1544 5744 4888 656 3496 3656 4088 1040 5776 5120 2344 4064 3968 4576 2016 3440 2328 4744 2928 4584 4944 4856 2664 5688 4200 5504 3512 1776 696 5792 2832 4280 2736 3936 5264 800 2624 4808 3432 3024 5112 4240 4256 4960 2864 3848 5680 4176 848 5288 4040 5672 2552 4544 5344 4616 3944 6536 832 4176 5120 1680 4192 3096 3800 3304 1480 5416 4464 3544 4648 768 440 6320 2496 3600 3856 2680 5080 1232 4872 728 3800 1160 6536 3600 4896 2184 504 5400 3440 736 5472 7048 4416 4648 1808 5624 3416 2624 736 2760 5432 3360 4576 3856 2696 1312 4128 3944 3616 4936 1712 448 
4660 440 8000 1010 4870 460 5070 2050 5770 7470 4970 4660 5700 1280 8030 5390 600 4160 2360 5890 6140 3130 3400 1960 4000 3200 3960 3810 4620 640 3240 4090 2190 4130 6480 2160 2170 3200 3940 6400 7910 740 1350 3850 4350 6750 530 3810 3780 5300 4110 3870 4210 4660 6070 2070 2340 7300 4190 4410 7080 7730 7430 4040 6670 1600 4120 1200 6510 6740 4320 4060 2930 7040 3410 6010 7250 3710 7630 8240 5310 2730 4000 6820 6790 4320 5190 2790 4390 7170 6450 3480 5940 2020 4110 4590 1130 2950 8150 1010 7840 3490 2550 4600 4010 6010 4120 5230 1700 5980 2910 3000 5360 2780 5740 3870 7010 5980 5900 3930 3240 4960 7260 8210 2260 7420 50 3580 3210 3970 3230 3320 940 4050 6210 830 2220 1340 6170 8060 6940 1740 4550 4180 3520 1590 4170 2170 4510 5910 2690 870 6650 7080 4860 4140 6750 5690 6520 580 4200 1330 4140 4710 2650 2120 6060 2160 3110 4600 7310 5290 2260 5370 6180 7690 3840 6720 7250 3950 3530 5980 6120 3800 4510 2830 4010 6830 7770 4320 8350 3910 5880 4010 4350 6380 1840 6360 5230 5360 5220 4400 8570 1380 4690 6410 1510 6710 1980 6740 4550 4060 2980 7660 2680 3120 3260 1930 4580 4730 3850 3940 3970 4940 5120 4980 5280 2760 3940 4630 6360 4070 3930 4520 4020 3480 5510 5230 4630 4850 2130 4440 4460 6370 7440 6340 4840 4900 3620 7170 2560 4360 1860 5360 5980 190 3620 1990 6090 6370 7820 3090 6320 2810 6830 3360 5440 5310 3520 2020 6500 350 5240 5640 7400 5020 3590 2420 3250 3180 1370 6060 5750 580 3000 4220 1180 1310 3470 7850 3050 6470 5620 2410 5570 6920 2150 5870 4940 1440 7120 3070 1820 3660 6330 4280 710 4540 4920 2740 2880 4440 4970 7560 990 3040 990 6120 7000 2080 5530 5550 2520 3670 5130 8000 790 7460 4880 7820 3280 2590 1530 4360 6620 6450 2460 7480 3270 3750 4110 2820 4290 5720 6000 3670 7450 5730 300 4320 7690 7560 5980 5890 6260 1680 2300 2280 4420 6880 
6200 1580 9140 1580 6520 2160 5270 1930 5150 8260 6470 3950 6270 3130 8940 6730 1270 6000 1940 6040 6200 4630 1890 3320 2970 4230 4010 5400 6290 2250 4970 5800 3540 5500 6540 2490 3740 5050 3710 7680 8900 2500 2460 5690 3000 6420 1320 4020 3510 6700 5640 3390 6010 3700 7350 3810 1340 8350 5780 4420 7320 7590 7120 5890 6580 2180 3480 2750 7470 7680 3660 3230 4560 8270 5170 6370 8250 3750 7420 9370 4320 3920 5780 8120 7480 3330 4480 2880 4710 7370 7570 2770 6610 460 5960 3600 1380 3640 9270 2860 7370 2290 3790 5000 2730 6180 5590 5860 220 6710 3150 4760 4830 3420 6890 5720 7930 5620 7290 2410 2520 5830 6800 7820 4090 7560 1880 2070 4940 2810 4020 3200 2470 3840 5530 1790 3820 2400 6100 9160 7650 760 3570 4220 5070 1060 6000 3010 3790 7000 4530 2000 6270 6700 6250 5760 7820 5800 7540 2360 2690 2870 5980 6110 2300 2120 7310 1210 1890 3760 8330 5810 3910 6680 6690 7160 3340 7030 8050 5190 5330 7240 6320 3990 3300 3600 2970 7240 8820 5500 7870 5760 6960 5540 3640 7760 330 6730 4580 5750 4190 4670 9650 480 4210 6670 2600 6490 3830 7930 5360 3380 4830 7290 4500 4960 4790 1430 4850 6000 2560 5510 5820 5940 4370 6020 5400 4610 5080 4580 5920 5930 4140 3210 4970 2430 6260 5040 5740 4510 3740 5750 6250 7110 6890 7070 6250 3910 3050 8250 3380 4440 3640 6470 5120 1860 4950 3780 5990 6050 8540 4860 6830 4650 7150 5210 4880 4780 5090 910 6340 1810 5310 6370 8530 4030 4340 4270 4330 5010 1160 7080 6160 2060 3590 5970 1350 2570 3330 7550 4530 6440 4750 4250 6700 6370 3960 5040 5460 3280 6580 2760 3530 2060 7310 4090 2540 5650 4700 4220 4690 6230 6400 7060 2640 3530 2810 7480 8120 230 6010 5580 4320 5290 4490 9070 1780 8610 4850 8860 1600 3290 1640 5200 7930 5810 3440 8650 2310 1940 5960 4670 5550 4890 6120 5260 8590 6090 1560 6120 7510 7620 6360 7370 6110 3290 3980 1910 5710 8160 
259 3374 2429 3290 721 3430 2919 3346 4501 2667 203 4242 2373 2891 2786 532 3745 2772 3549 3241 3486 1176 4760 2072 4431 1624 3003 784 791 2940 1407 1057 1911 567 3633 2905 1848 2170 3402 1225 2576 2863 2674 2730 4970 4438 3647 2758 3437 385 525 3717 1589 4578 1022 2023 4011 2135 588 3115 3528 4564 4697 2730 3983 2926 3969 2541 1855 2030 4060 4207 1372 1694 1470 2863 2177 3003 4627 2590 4872 1694 1484 1463 2534 4487 4417 3003 2611 3654 1526 3913 2247 4312 2751 4592 3430 2219 2541 2975 5201 4459 1757 2485 4746 3241 490 2135 4361 2128 2807 1624 4193 2338 1120 2233 2198 4158 770 5005 3892 1575 4893 5243 2191 3892 3339 4844 1386 4592 1974 3213 2737 3381 4774 3143 1820 2709 3731 2506 2555 3983 4557 3038 924 3745 1855 2387 4193 1323 2093 3003 4466 4683 231 686 1792 3227 1764 3297 5124 2450 2814 203 3479 3227 1078 3962 4368 4396 2163 2380 1813 588 2653 5243 3752 3248 2541 917 1652 994 3220 2786 4851 2163 4452 3108 2408 882 5481 2037 1309 581 4123 1113 4249 2982 4333 2618 4914 2695 2870 4081 3913 3220 2569 4228 2492 1561 1694 4025 2317 4928 1981 2723 1085 3661 2709 581 4690 665 2674 1281 4445 1197 3108 2667 1120 3248 4445 2226 2765 4991 1477 4298 1932 3626 1008 3745 1883 567 1505 2275 5138 2247 140 4711 3780 2009 2205 3010 2219 1092 4977 3276 952 2177 3759 4256 3010 1568 2702 2702 3276 2562 4270 4179 938 4060 4032 3577 3178 2009 2051 4774 1932 2310 1540 1995 3612 1540 2688 3031 2324 1239 3451 2597 3241 4886 1239 3787 4830 2226 1106 4872 2142 4886 2310 2618 4963 3430 2135 4998 1736 3395 3178 1022 3591 1456 1876 1526 154 5117 2674 2464 2772 938 1834 4522 2513 3332 1953 910 4298 2527 3157 2058 3283 2464 4921 2338 3325 1638 1330 4837 2079 2058 4151 5362 2450 2618 735 4816 3339 875 2079 2779 3563 1554 4599 4088 2828 763 3913 2191 1820 3521 609 1540 
3360 4206 2634 3894 3774 4626 1380 3396 2136 1482 3300 2586 1158 4548 1944 2826 4500 5328 3366 912 852 3348 3984 3444 3210 2694 2130 3510 3816 4074 3948 3942 3360 2970 690 3150 3624 4644 2340 2730 2166 4164 3594 5238 3636 1380 4410 2142 2460 2982 3354 2610 4416 2958 2682 3966 3768 2160 3510 1884 150 924 1278 5274 888 3462 2670 3852 1836 1770 2622 2934 3654 2682 4092 816 2022 2280 1068 2682 2886 3006 4284 2880 1134 3078 2430 2826 1764 126 2244 3018 1224 4296 5304 3012 3918 2640 2634 4506 1710 3564 3132 1638 3570 828 3186 1434 4608 1326 2694 4068 2076 2736 2304 4866 1746 1602 3018 3960 3138 1860 1638 1584 4314 228 4374 3972 3912 3408 2526 2616 3918 2256 2172 3924 3672 3600 1020 2544 1200 4080 3000 2004 3426 3930 4626 3108 2634 2148 4404 3870 1482 1470 2952 3594 2124 1056 1968 4590 3930 3792 5358 2988 3156 3300 2586 3828 3690 2790 2112 1296 3762 2748 882 1848 2652 390 1464 2718 4302 2640 744 2160 3384 2718 3228 492 2292 2550 1836 4722 2148 3330 2670 3036 4338 636 2316 1194 2994 1770 2634 4428 2250 552 3510 1146 4482 2502 1920 2754 4698 1446 4290 5052 3396 3678 1656 2670 3606 3438 5220 2076 2502 2130 1290 4908 2562 1806 1662 4902 2070 3558 2280 3384 1500 1638 2346 1998 3702 2766 4392 1266 1860 1284 3024 2958 2820 2226 2886 1872 4104 2226 2580 4284 2946 4146 1110 1428 1350 4056 834 4950 348 4992 2100 2094 3468 4002 1074 4602 1350 1428 2448 2952 2322 4500 2706 4488 3930 1968 990 4056 2598 4128 3906 3648 2538 1296 3324 840 2634 4416 2256 1830 4200 2532 1482 4350 1818 2886 3918 4122 1872 2118 4554 2370 1824 3390 4278 4404 3054 1752 3990 2568 4260 2964 2328 4554 1146 1206 4188 3588 2334 2406 3948 2532 1650 2256 4272 2850 3654 2034 2862 2088 2994 2580 3360 4602 5082 4890 2682 2550 870 3528 2478 972 4452 4410 996 408 840 3324 1134 3786 3822 3390 2736 2790 
7350 6150 7680 5570 8030 7050 2970 4520 820 5880 7410 1950 4190 7410 6720 6920 6440 9680 4240 2820 2570 6520 4270 5880 2930 5190 3060 7150 7980 6300 7520 7920 5890 6460 2640 4540 6430 8440 2750 7240 6990 6570 5590 9440 3280 1350 6330 3400 2860 7100 7070 2710 8610 2230 7030 6960 4570 6800 7340 2750 3570 2550 1810 9570 2170 5070 2470 6230 5990 6000 2270 2650 6920 7430 7810 3590 6580 3210 2270 7820 1720 5530 8340 7620 5080 2590 1410 3920 3390 3450 6570 3170 4610 5420 9640 2330 5470 4530 7730 7220 1640 3650 5650 3560 3360 2910 6810 4270 6080 4850 3940 7570 1270 4510 6310 9020 6080 1220 7430 3980 3420 5000 1190 2170 7570 3350 6570 4170 7460 3180 4660 3350 6170 2690 370 5770 6540 5560 2150 7580 5250 5270 2350 2920 6870 5190 8860 5010 2110 6160 7900 5810 1170 1320 6840 7440 6520 2710 6190 7100 3800 6190 9710 6820 3930 4470 6890 4740 4020 2120 6720 3910 6730 6790 4140 1350 2730 3640 5780 5910 8150 6920 3040 3370 2840 4680 2950 4050 7130 5850 2080 8860 6140 6980 2270 7670 5580 3710 1350 3560 1900 3280 7840 5940 1910 3340 5530 1730 7670 7060 4710 2550 8410 1780 7750 8890 6670 4750 3240 6320 3500 7110 9470 5420 1510 5560 2730 8560 5590 2520 910 9150 3340 3070 5020 3460 4770 1930 5700 1910 6550 6300 8680 5030 1090 5030 6940 2070 2970 6840 4860 2880 7070 5960 900 6420 6110 7200 2030 1300 5790 7610 4190 8630 3730 8940 1180 1320 6940 5020 1880 6850 2610 4740 7230 1980 4530 7900 5290 8240 5320 5960 3680 6170 4360 8230 5430 5770 3210 2150 6420 2330 1210 7780 6140 690 7360 920 3880 7230 850 3510 6750 4360 5960 2520 7140 5670 2030 6340 7820 8690 7050 1320 6380 4170 6870 7450 6920 5810 3840 2460 7520 7200 1440 7360 5810 7370 2430 7100 4770 4670 5050 4770 7520 210 5140 7450 3570 5120 9380 8560 6070 1050 2730 7100 7300 3510 6510 8650 2410 3180 3630 7850 1870 6420 6850 4320 6240 7520 
4220 5370 4200 4870 4930 6050 890 4120 3090 2570 4200 3380 640 5900 3400 3530 5880 7300 4130 750 1090 3970 5390 4050 4250 2820 2100 4330 4960 5120 4990 5080 3920 3460 1270 3650 4370 6130 2600 3710 3590 5270 4330 7130 5040 2510 5720 2030 2790 3760 4110 3130 5860 4020 3530 4950 4850 3290 4380 1790 1420 2630 2800 7200 1780 4140 3330 4740 2450 2480 3320 3790 4470 3870 5250 330 3080 2330 2700 4350 4110 3330 5620 4070 1700 4110 3320 3170 1340 1550 3020 3770 1060 5690 7260 4090 4930 2730 4260 5820 3530 4720 3540 1080 4850 730 3830 860 6150 1300 2920 5160 2790 2900 2810 6540 2600 2330 3980 5460 3920 1660 3140 3580 5530 1860 5640 5420 4930 4580 2520 2920 4860 2470 3360 4900 4450 4340 1480 4110 1900 5290 4060 1930 4150 5020 6190 3510 3410 2630 5700 4810 2580 2830 3590 4520 2980 840 2640 5980 5480 4640 7350 3620 3800 3950 3370 4920 4850 3710 3230 530 4610 3400 720 3620 3200 1040 2410 2980 5600 3430 690 2060 4670 2860 4280 1180 3670 2760 3920 6310 2610 4050 3410 4160 5730 680 3140 320 4250 1390 4450 5830 2770 790 4180 2160 5800 3510 1610 3470 6200 3130 5520 6780 4060 4620 1200 3080 4870 4220 7110 2080 3420 2210 950 6530 2690 1760 2670 6620 1910 4950 2180 4420 1250 1850 2480 2360 4500 3170 5850 1530 3510 1520 3710 4090 3440 3310 3140 1710 5170 2520 3880 5490 3330 5240 1560 2320 2680 5160 840 6600 1150 6700 2870 2790 4220 5200 1890 6030 1100 1190 3700 4120 2180 5850 2850 5880 4990 2410 140 5100 2680 5400 4920 4410 2810 3070 3910 1500 3820 5700 2660 3210 5340 3770 790 5570 3300 3390 4860 5670 2400 2290 5910 2490 2040 4000 5500 5870 3790 3440 4980 2640 5420 3970 3370 6120 320 1110 5330 4440 3130 3920 4940 3840 1580 3660 5840 3090 4520 1780 3980 3340 3310 3910 4320 6430 6910 6500 2990 3730 880 4330 3770 60 5780 5860 2660 2080 300 4450 1760 4630 4710 4160 3120 3970 
3610 5950 2900 5530 4280 6490 2110 4960 4390 1400 3490 4630 710 6150 2180 2680 6500 7030 5040 1980 2260 3850 6470 4340 5420 3030 3160 3960 4380 5570 4770 4640 4160 3050 2310 4390 4500 5950 3730 2580 2310 5650 4840 6900 6230 3670 6340 2980 3900 2940 3670 4280 5430 5260 2470 5030 5790 2000 3910 2950 1840 3440 3820 6950 2850 4800 4530 5110 1190 1190 4540 4980 4360 2640 4990 1220 1790 3350 3600 3060 5390 3550 5230 2890 600 5320 4600 4040 2320 2040 1820 4870 280 6560 6990 5330 5630 3290 2970 6130 4570 5830 3760 1980 6010 1900 3390 1030 6950 220 3750 5000 4080 3500 1810 6250 1310 3600 3000 6600 4990 1310 4260 4510 5550 2370 6140 6520 4710 5750 2970 3920 5290 3620 4640 5490 4550 4860 2680 2820 760 6130 5290 3030 3880 5820 5790 4040 4640 1560 5620 5360 3780 3950 2920 4050 1720 2120 1400 6390 6640 4980 7080 3000 4750 4770 2310 5820 5910 4950 1930 1170 4670 2550 690 4720 4350 1480 1210 2730 5320 2390 1790 3020 5890 3380 5460 1210 2380 2390 4890 5990 1560 3640 4630 3080 6580 1190 4430 1410 5530 2410 3170 6590 4030 1590 4680 3290 5890 2290 1640 4650 6080 4150 5440 6680 3880 5480 2260 2480 6020 3820 6850 1550 4700 1620 2230 6480 2530 2980 3910 6280 2890 6160 2220 5530 690 3140 2020 3630 4620 2680 5360 250 4650 230 3040 5350 4560 2030 3640 2840 5290 1690 5170 6000 3140 5330 2780 3540 1660 4970 690 6550 1490 6540 4160 4080 3950 6080 3040 6540 2380 550 2420 5390 2610 5840 3010 5690 5750 1270 1140 5600 3300 4940 5630 4870 3850 3990 3830 2600 5110 5690 1730 4420 5380 5060 1470 5780 4470 4400 5010 6770 1180 3470 6280 2070 3310 4010 5380 5390 3080 4540 5350 3350 5730 2930 2110 6980 1080 2400 5290 4110 4410 2630 5530 2560 2830 2370 6890 3660 5260 1830 2830 4600 3730 2630 5410 7500 6600 6440 2580 5020 2080 4010 2480 1310 6350 5410 3520 2670 1180 3510 2970 4870 4750 5050 2640 2770 
2142 1337 4200 1148 2443 1659 2289 1225 3248 3773 2317 2660 2576 1526 4172 2464 1722 2968 1463 2849 3059 1085 2660 294 2548 784 1701 1652 2317 1015 1596 2072 343 1610 3290 847 700 2107 1897 3136 4095 1085 546 2793 3017 3682 1610 1512 1848 2443 1771 2051 2408 2856 2905 1057 1876 3682 1897 1988 3612 4228 4109 2891 3493 763 2296 707 3108 3269 2422 2422 1190 3563 1792 2835 3633 1568 4193 4361 3248 497 2219 3444 3304 2688 2961 1148 1799 3689 3101 2037 2716 2142 2940 2835 1274 728 4298 1463 4487 2443 406 1890 2772 2919 1694 2233 2226 2737 1064 1561 2926 679 2611 2541 3458 3199 2856 2947 1953 2016 4095 4683 1484 3885 1421 2758 1554 2653 840 1519 812 1932 3563 1043 784 574 3143 4228 3402 1813 2800 1834 1407 1575 2520 329 2569 2716 1722 917 3640 3934 2135 1911 3297 2730 3129 1596 3087 630 2989 2037 1470 1127 2877 1813 2289 2723 3682 2310 910 2436 2919 4431 2058 3339 3619 1386 2002 2828 2975 1519 2982 623 2569 3388 4011 1624 4830 2464 2688 1694 2471 3185 2086 3073 2933 2387 3241 1827 4578 1953 2492 3150 434 3591 1568 3332 1736 2303 2065 4305 1617 2408 1211 1505 1939 1960 2695 1701 2821 2009 2947 2044 2464 2177 1337 2156 3493 2653 1582 3080 1358 2317 2408 2618 1820 2485 777 1778 2527 3010 4270 2982 2135 3010 1995 3598 441 1918 1134 2331 3570 1330 1225 1218 3115 3430 4025 1603 3010 2226 3409 2436 2996 2891 1435 1897 3416 1701 2457 2499 3773 3094 1092 1715 826 1981 1449 2800 2646 1043 819 2247 1295 532 1596 4389 1001 3325 3346 1624 2485 3927 1330 3472 2065 1323 4053 1568 910 2891 2989 2051 1533 1750 2450 826 1687 2520 2240 4319 875 917 1176 2989 3493 2366 2478 2681 1456 1610 2877 4179 1057 3822 2303 4046 2779 553 1162 1603 3311 3696 287 3843 2156 3213 2786 2177 1638 3381 2940 1568 3815 2646 1582 2464 4214 4011 2814 2933 3248 693 994 1428 1750 3472 
5960 4560 6940 3980 6620 5450 1940 2940 810 5340 6060 690 3340 5780 6170 5690 4890 8080 2690 2250 2210 4980 3140 4260 1780 3670 1510 5660 6540 4670 5960 6410 4280 5050 2460 2910 4820 6840 1120 6180 6350 4940 3960 7820 2440 1950 4770 1870 1230 5840 5620 1120 7070 1310 5930 5350 3130 6030 5890 1320 3440 3180 2650 7960 2290 3450 1000 4590 5140 5210 840 1350 5350 6490 6250 2950 5830 1620 2990 7110 1350 3960 6800 6590 4470 1520 570 2280 2070 3400 5610 1710 3790 4020 8030 1410 3900 2950 7010 5600 2900 2440 4070 2330 2360 2390 5370 3240 4650 4010 2320 5990 370 2910 5220 7430 5360 1160 6240 3020 1960 3840 2320 3340 5950 3470 4970 3090 5890 2110 3130 1720 4540 1070 1260 4170 4930 3920 1920 6860 4660 3800 1380 1420 5360 3670 7300 3380 790 5130 6290 4190 1790 2210 5520 5970 5650 2030 5310 5490 2950 4560 8100 5470 2350 2860 5800 3280 2740 1030 5970 2940 5120 5570 3480 2720 1170 3320 5180 4490 6580 5810 2560 1840 2020 3090 1810 3670 6430 4500 3410 7280 5100 5520 890 6540 4160 3210 430 2630 1480 1950 7210 4460 290 2940 3890 2080 6040 6100 3460 1120 6790 2810 6140 7270 5140 3220 1980 5020 2440 5630 7870 4230 650 4360 1810 6930 4180 1160 1440 7570 1830 2310 3650 2180 3790 930 4420 430 4940 4950 7170 4290 2460 4280 5610 1340 1440 6030 3250 1470 5440 4820 1350 4820 4640 5570 1770 1590 5390 6030 3580 7000 3430 7320 450 320 5420 3580 1990 5270 1660 3800 6410 1360 3050 6280 3780 6640 3780 4990 2910 4550 2770 6720 3860 4140 1580 3080 4870 2250 1150 6160 5030 1930 5740 1210 2770 5600 2140 1910 5120 3330 5060 940 5520 4370 730 4770 6220 7170 5730 2600 4750 2580 5240 6300 6050 4440 2960 1720 5910 5690 380 6680 4210 6540 1230 6420 3650 3060 3460 3480 6470 1480 3540 6610 2220 4130 7790 6930 4710 1110 2240 5600 6480 2760 4940 7120 3090 3430 2970 6620 1800 4800 5240 2760 4890 6520 
5040 2040 7390 1470 5540 2950 3170 440 3310 6300 5260 2180 4250 3450 7030 5270 2340 6090 160 3930 4100 3610 1790 2430 1640 2700 1900 4420 5370 2280 4340 5040 2570 4190 4430 870 3020 4910 1630 6110 7050 2590 1750 5800 2240 4420 2220 1950 1430 5310 4540 1420 5500 2230 5790 3390 880 6540 4760 2310 5220 5530 5110 5970 4500 1150 1640 2390 5630 5810 1840 1610 3780 6630 4610 4290 6410 1650 5380 7610 2860 2620 5240 6560 5480 1910 2710 860 2640 5260 5840 1010 4620 1710 6040 2170 1360 1910 7510 3220 5440 1410 2590 2950 1880 4070 4390 3870 2230 4750 1170 4260 2920 1700 5220 5570 6040 3620 5860 2150 800 4000 4860 5860 3920 5450 2460 1910 4290 1740 2300 1090 2240 1760 3740 1700 3130 1700 4020 7390 5660 1350 2120 2110 4070 1140 5620 1650 2030 5270 4330 1780 4290 4720 4890 4790 6040 3700 5730 3020 2340 2410 6100 4780 200 480 5710 930 1230 2130 6520 3780 3300 5200 4640 5270 1380 4930 6100 3740 4880 5670 4210 1920 2240 1940 1660 5150 7010 3970 5950 5500 5240 4430 1860 6290 1770 4640 2760 3690 2800 2590 7840 1970 2260 4560 1770 4450 3880 6260 3510 1580 4790 5320 4220 5150 3790 700 2770 4520 1770 4470 5880 4190 2640 4300 3290 4790 3540 2470 3970 5750 2060 2340 3250 1240 4330 2970 4110 2480 3100 4320 5680 5140 5010 5110 4930 2460 1140 6470 1850 2330 3390 4780 3500 2320 3650 3540 3910 4040 6540 4330 4770 4850 5050 5280 2990 2870 4120 1220 4270 2740 3200 4430 6790 2590 2540 4220 2820 4770 1230 5290 4090 2120 1790 5290 1320 1950 1220 5540 3490 4350 3150 4130 5020 4490 3730 3390 3440 3360 4690 670 3120 2130 5490 2010 3080 4020 2630 3260 4360 5670 5070 5150 2480 1660 2920 6020 6380 2140 3960 3470 4000 4370 2660 7260 1730 6890 2740 7030 2080 1660 940 3390 6380 3990 2050 6930 1000 2720 5900 4820 4080 3240 4010 4310 6850 4010 2400 5580 5460 5520 4280 6070 4040 2780 3410 210 4260 6560 
2412 4896 150 4728 2610 5058 3132 4548 4500 1236 2232 4632 2286 4662 798 1788 5226 4482 4656 3042 3180 3138 5610 3780 5064 3102 3684 2898 2748 4566 3432 3078 3642 2514 3156 4176 3696 4062 4038 1170 552 4548 4224 4482 5556 3990 5136 3534 4128 1890 2670 4374 3456 5004 1350 3912 5106 678 2724 3600 2688 3642 3984 4458 3474 4326 4542 4236 1230 1164 4560 4806 3372 768 3474 2580 792 3768 3786 36 5106 3330 3414 996 1674 5028 4632 4074 3180 2796 1098 4692 2016 5496 4470 5040 4824 3474 84 4710 4428 5256 3432 2982 5406 2976 2592 2382 5646 1884 3882 3618 4320 3606 1512 4050 1080 4014 1590 5730 4740 2190 4308 4302 4098 2946 4926 5652 3414 5250 3240 4086 4392 3984 4638 4650 3690 4248 3432 174 1578 5220 5016 3624 2988 5016 3684 3828 4632 1434 4020 4542 4068 4128 2112 2796 960 3132 1152 4962 5778 4152 4524 2208 4512 4434 1332 5100 5262 4824 708 2538 3714 1770 2244 4548 4410 2568 1266 2586 3606 1392 2898 3558 5364 3486 5082 2328 438 2364 4554 3876 1458 2706 4620 1338 5478 2496 4530 2712 5184 3240 270 5412 4272 2724 4128 3750 4350 912 2478 4614 4200 4164 3924 4536 3096 4860 3174 2124 5394 2796 4416 2076 4686 2028 3210 4500 2604 3636 4176 4014 3492 5526 2664 5082 2058 3756 2196 4044 3744 2298 3336 1728 4542 1728 2154 5070 4518 708 3606 3528 4086 1758 4974 4860 2784 4062 3504 3948 1404 3570 2208 4536 2532 4380 4368 4320 3006 5232 3618 5154 3300 2028 522 5094 3066 4206 3048 3918 4938 1410 2556 4626 3522 3180 4830 4200 4062 4014 3174 3342 4938 4134 1620 4446 4044 4908 2676 4428 4464 4356 3984 5802 1302 3912 4866 2256 3852 3348 3834 3360 2094 4446 4374 3594 4512 1440 762 5724 2514 3312 3894 3006 4518 312 4668 480 3558 462 5832 3672 4656 2550 1098 4602 3582 468 4992 6210 4206 4458 2376 4884 3090 2970 486 2658 5094 3408 3714 3120 2562 1788 3600 3984 3732 4650 2310 912 
2130 5360 2570 5050 2790 5720 2910 4750 5300 2170 2000 5220 1780 5180 2560 1190 5920 5650 4950 3140 3480 2690 6580 3540 5780 2350 3500 2600 2900 4860 3470 3210 3320 1730 3620 4120 3520 4650 4110 1410 2400 4860 4240 5550 6600 4900 5760 3200 4230 1440 2270 4650 4000 5800 1170 3970 5690 1800 2480 3480 3320 4870 5170 5570 4150 4380 4960 4330 1040 1300 5040 5380 3170 1800 3650 2490 1740 3600 5000 2800 6080 2760 3820 1830 1860 5770 5340 3990 2720 3520 1010 5110 1500 6320 5620 5840 5210 2960 2700 5220 5910 6020 2950 2430 6320 3110 2020 1590 6580 1300 3680 3740 4910 3180 450 4870 1570 4650 1590 6820 5160 930 5530 5900 4410 3850 5450 6660 3430 6070 2560 4080 4560 4040 5630 4940 3530 4280 3870 2600 1900 5860 5800 3460 2600 5530 4370 3550 5190 430 4400 4770 4970 5220 1430 2630 1260 3190 1020 5580 6920 4190 5710 1530 4730 4560 1030 5670 6000 5500 1800 1950 3620 1050 2090 6010 4710 2940 1960 1610 3960 1060 3050 3250 6330 2970 5810 2700 2270 1220 6270 4600 400 2270 5130 1800 6300 2590 5190 2310 6180 2840 3090 6190 4660 2960 4070 4550 4790 1430 1380 5070 4810 5500 4220 5420 2680 5270 2780 1070 6280 2450 5480 640 5410 540 3130 5260 1560 3600 5020 4880 3160 6580 1600 5740 1130 4000 870 4330 3620 1320 3910 1480 5900 1440 1560 5940 4840 1680 3170 3340 4250 200 6050 5330 2000 4250 3940 4690 2620 3690 2140 5320 2960 5240 5010 4890 2660 5890 4280 5840 3260 1210 1960 6010 2290 4660 2270 4390 5400 570 2280 4930 3050 3500 5220 4210 4060 5390 2710 3880 5910 4520 270 5590 4270 5920 2010 4800 5680 4500 4030 6910 860 3980 5440 960 4050 2960 4120 3940 1580 5830 4560 3170 4850 1580 1550 6700 2070 3410 4110 2770 5150 2510 4970 2050 3560 2320 6920 3280 4920 1460 1700 5650 3140 2100 5570 7560 5200 5210 1330 5850 3270 2680 2030 2440 5710 3970 4940 4150 2440 2070 4150 3960 3680 4930 1300 1780 
5243 5292 4725 4893 5740 5887 2261 4186 1799 3381 5222 2618 2674 5992 3920 4739 5565 7280 4053 1799 1547 4956 4347 4767 3381 4060 2821 5278 5754 5285 5677 5810 4725 4690 1393 4060 5089 6433 2821 4746 4179 5446 4739 7140 3717 847 5474 2982 2947 4907 5145 2968 6349 2926 4662 5488 4396 4165 5341 2513 1708 574 378 7210 1050 4452 2898 5138 3738 3682 2779 3122 5285 4746 5873 2170 4004 2989 413 4781 2646 4375 6174 4956 2947 3157 2275 3619 2723 1575 4207 3395 2877 5019 7252 3010 4865 3759 4725 5894 413 3878 4494 2723 3738 1785 4949 2884 5460 3031 3549 5775 1960 3808 4186 6769 3675 1407 5019 4186 3570 3451 644 217 5922 1386 5558 4291 5635 3584 3745 3248 5152 2744 1624 4991 5152 4725 1365 4620 3038 4851 3010 2674 5124 4746 6566 4228 2716 4025 6097 4984 945 651 4802 5425 4088 1848 3892 5887 4088 5089 7308 4823 3808 4109 4550 4494 4109 2800 4109 2646 5278 4641 2464 637 3003 1911 3360 4340 6118 4606 1799 2982 3402 3871 3395 2156 4326 4207 490 6622 4018 5103 2807 5096 5110 2107 2177 2422 2779 2681 4725 5313 2387 1841 4669 896 6055 4522 3381 2982 6447 238 5971 6839 5033 4431 2583 4445 3822 5215 7140 3738 2366 3829 2065 6629 4116 2352 1197 6839 2905 3584 3731 3710 3122 1911 4018 2205 5180 4501 6356 3038 763 3052 4886 2849 3199 4235 4046 2569 5607 4025 2100 5446 4557 5677 1379 1113 3213 5775 2450 6678 1925 6818 1939 1995 5173 4704 1078 5796 2044 3059 4501 2800 3563 6153 4102 6265 4802 3829 2338 5222 3668 6034 4837 4844 3143 140 4900 1246 2282 6055 4102 994 5775 2093 2758 5810 875 3479 5383 4438 3759 2576 5880 4025 2128 4914 5985 6370 4935 588 5278 3570 5614 4984 4347 5313 2513 1827 5824 5341 2233 4459 5019 4599 2184 4291 4704 3941 4550 3479 4921 1435 4221 4655 3745 4991 7028 6622 4368 2170 1694 5271 4536 2240 5572 6356 490 1183 2205 5362 1232 5180 5362 4095 4466 4858 
320 4072 2888 4016 456 4064 3784 4152 5592 3360 208 5264 3144 3384 3416 888 4480 2936 4400 4152 4432 1560 5784 2616 5448 2240 3864 984 608 3552 1592 1040 2448 1032 4592 3664 2296 2352 4304 1536 3144 3440 3312 2920 6064 5520 4368 3576 4344 680 752 4664 1560 5648 1360 2416 4912 2656 672 4000 4448 5648 5816 2896 4992 3648 4952 3104 2440 2632 5056 5208 1688 2056 1600 3712 2728 3848 5728 3064 5992 2264 1488 1736 3272 5536 5480 3808 3432 4600 2008 4864 2984 5200 2912 5656 4184 2920 3016 3504 6392 5464 2312 3288 5800 4152 840 2880 5224 2840 3600 1840 5240 3048 1616 2344 2816 5200 952 6080 4824 2240 6040 6432 2528 4872 3992 5880 1584 5632 2656 4072 3336 4288 5904 3840 2248 3360 4704 3000 3280 4832 5616 3904 1216 4568 1864 3056 5208 1856 2352 3672 5552 5792 696 736 2304 4136 2312 3896 6216 3000 2984 680 4336 4024 1448 4840 5336 5440 2704 3168 2216 984 3448 6440 4696 4136 3224 1464 1752 1352 4128 3608 5944 2848 5480 3960 2936 1456 6712 2112 1840 840 5128 1288 5128 3840 5392 3440 6032 3520 3400 4912 4904 4112 3208 5280 2872 1960 2384 5008 2544 6080 2240 2984 1440 4496 3544 1104 5728 872 2832 1904 5504 1808 4000 2960 1704 4152 5528 2304 3584 6096 2128 5280 2632 4584 1600 4720 2320 1088 1424 2984 6320 2952 600 5800 4720 2504 2880 3880 2632 1648 6128 3936 1440 2568 4744 5312 3752 1768 3504 3000 4160 2776 5320 5216 1208 4936 5048 4248 4080 2720 2504 5872 2624 2624 2144 2176 4408 2104 3512 3672 3048 1184 4216 3208 4112 6032 1648 4768 5952 2536 1632 6024 2496 6024 3088 3080 6120 4304 2584 6048 2320 4312 3752 1616 4544 1888 2104 1456 544 6296 3248 3208 3304 1144 2296 5424 3312 4256 2248 1104 5344 3048 3848 2496 4192 3000 5944 3032 4096 2312 1592 5976 2712 2480 5112 6440 2560 2904 1280 5944 4264 1096 2528 3616 4256 1504 5688 5096 3672 736 4920 2688 2200 4360 1136 1848 
4470 330 7600 350 4780 1150 4400 1370 5080 6940 4760 3990 5110 1710 7540 5070 870 4520 1700 5220 5470 2910 2940 1620 3380 2710 3270 3660 4550 580 3240 4070 1850 3830 5810 1470 2000 3450 3240 6060 7450 890 810 4220 3800 6060 710 3130 3090 5020 3920 3180 4320 4020 5730 2090 1810 6860 4050 3720 6430 7040 6730 4410 5990 920 3440 1020 6030 6260 3640 3410 2820 6680 3460 5370 6790 3010 6940 7840 4660 2310 4080 6490 6230 3690 4510 2090 3740 6510 6040 2820 5370 1740 4480 3960 550 2340 7740 1460 7140 2930 2140 3960 3450 5340 3880 4640 1660 5430 2230 3050 4670 2150 5340 4130 6520 5280 5620 3450 2590 4440 6560 7510 2460 6760 670 3120 3200 3390 2650 2620 730 3350 5520 140 2080 780 5480 7640 6390 1350 3910 3490 3340 1090 4330 1580 3830 5480 2900 290 5950 6390 4580 4020 6320 5010 6070 1210 3710 1130 4520 4430 1970 1420 5700 1640 2580 3940 6860 4680 2180 5040 5580 6990 3160 6080 6730 3570 3640 5630 5460 3120 3920 2240 3390 6210 7340 3920 7650 4130 5450 3810 3670 6100 1600 5720 4540 4720 4590 3730 8150 1270 4000 5760 980 6020 2280 6360 4010 3390 3270 6970 2840 3520 3070 1330 3920 4380 3300 3780 4320 4470 4440 4520 4610 3150 3510 3930 5660 4330 3250 3960 3510 2890 4960 4530 4200 4150 2000 4100 4540 5820 6740 5790 4570 4250 2940 6740 1980 3680 1960 4930 5320 520 3290 2110 5400 5670 7280 3140 5710 3210 6190 3710 4740 4610 3360 1580 5810 1010 4560 5080 6990 4380 3010 2690 2780 3380 850 5600 5120 380 2370 4240 600 870 2770 7150 2810 5790 4960 2640 5150 6220 2300 5200 4330 1720 6420 2380 1810 3240 5860 3590 1270 4100 4220 2500 3020 4520 4710 6860 930 2400 1240 5820 6590 1940 4910 4860 2640 3550 4450 7580 100 7060 4190 7380 2920 1970 870 3830 6300 5760 1930 7090 2670 3450 4410 3190 3930 5050 5330 3530 7050 5090 740 4420 7000 6890 5340 5670 5570 1550 2250 1620 4070 6540 
1165 1295 2655 1185 1405 1460 1595 1225 2450 2415 1290 2100 1650 1250 2675 1390 1570 2010 1385 1970 2135 455 2245 370 2100 325 1310 850 1325 1025 915 1185 260 780 2285 925 445 1395 1515 1875 2605 1030 750 1900 2460 2660 1495 1145 1505 1375 910 1675 1480 2280 1710 735 1695 2300 1015 1485 2445 2975 2940 1955 2465 915 1860 760 1910 2030 1940 1985 615 2185 1060 1890 2275 1245 2970 2770 2540 80 1345 2095 2115 2180 2290 1065 1255 2515 1875 1730 1715 1905 1990 2275 1285 585 2725 1240 3235 2065 80 1275 2285 2010 845 1405 1960 1715 965 940 2220 620 1525 1665 2165 2350 1665 2440 1690 1175 2970 3350 1030 2665 1325 2310 885 2195 530 1290 875 1525 2670 1100 485 775 2230 2680 2180 1670 2250 1385 680 1500 1585 540 2045 1605 1145 1005 2640 2840 1150 1030 2025 1900 1915 1395 2535 690 2030 1080 1360 1145 1695 1655 1975 2170 2305 1495 570 1370 1900 3215 1690 2245 2305 630 1230 1660 2035 1155 2410 515 2115 2250 2535 810 3475 1585 1590 850 1980 1905 1865 2050 2255 1585 2545 1290 2935 1760 1935 2130 675 2570 1160 2030 1010 1880 1400 3090 1060 1675 545 1440 1355 1035 2235 870 1910 1135 2290 1145 1730 1535 620 1600 2560 1730 1180 2495 715 1960 1480 1925 965 1890 510 900 1540 1900 3115 1880 1155 2385 1670 2235 465 1420 845 1330 2720 1265 500 880 2215 2485 2610 955 1960 1570 2290 1665 2270 2195 705 1720 2435 1515 1745 1550 2350 2440 660 1195 320 1285 1405 1680 1750 1070 670 1325 1295 715 1335 3125 395 2335 2580 1125 1435 2875 930 2650 1340 1070 2960 1380 695 2415 1820 1590 1330 920 1835 325 1075 1540 1230 3135 880 770 1045 1765 2150 2060 1620 1895 955 835 2215 2650 1115 2385 1685 2560 2345 575 1200 910 1995 2750 340 2395 1850 2655 1850 1525 810 2590 2040 800 2380 1765 1460 1510 2975 2770 1870 1720 2325 610 625 1360 880 2115 
2718 3012 2910 2700 3138 3456 180 2196 1476 1944 2724 1626 750 3432 2442 2376 3306 4422 2178 318 510 2424 2874 2340 2160 1668 936 2700 3132 2910 3048 3162 2280 2220 696 1956 2574 3696 1194 2556 2550 3018 2430 4308 2634 1254 3216 948 1314 2502 2604 1500 3618 2010 2430 2928 2592 2364 2772 714 1050 1518 1518 4362 918 2268 1614 2718 1848 1878 1596 1890 2712 2688 3210 534 2244 1086 1518 3006 2070 1956 3468 2784 1422 2070 1590 1626 582 1092 2166 1896 1020 3108 4398 2052 2718 1494 2952 3372 1920 2460 2070 516 2526 384 2436 768 3408 1158 1500 3132 1278 1572 1992 3978 1956 1056 2670 2898 1998 1224 1644 2004 3288 1230 3198 2880 3006 2364 1428 1428 2766 1116 1656 2736 2628 2430 660 2862 1536 2886 2034 816 2568 2730 3804 1950 1644 1908 3420 2694 1278 1464 2370 2844 2160 234 1956 3432 2898 2658 4446 2370 1968 2100 2340 2640 2556 1830 2328 558 2736 2298 834 1944 1542 876 1848 1902 3420 2364 456 960 2406 1584 2184 1032 2598 1812 2184 3852 1896 2562 1650 2808 3144 726 1488 348 2148 576 3066 3228 1266 654 2346 1086 3426 2460 1098 1692 3720 1710 3312 4062 2490 2484 462 2052 2544 2652 4302 1482 1650 1560 168 3894 1716 672 1284 4038 876 2574 1380 2280 1074 714 1680 1014 2658 2076 3630 1314 1854 1308 2436 2052 1698 2370 1746 684 3042 1794 1944 3102 2082 3096 672 1098 1998 3132 894 3936 948 4038 1332 1278 2616 2814 918 3420 258 1062 2604 2070 1248 3486 1704 3558 2730 1794 486 2880 1440 3354 2706 2490 1356 1716 2376 756 1902 3402 1890 1638 3168 1872 564 3252 1704 1710 2850 3030 1812 996 3402 1674 822 2400 3318 3642 2490 1836 2850 1392 3126 2682 2400 3372 528 312 3192 2760 1476 2748 2760 2688 552 2592 3150 1692 2454 1170 2724 1662 1878 2730 2232 3498 4200 3882 1950 1848 402 2694 2646 396 3264 3630 1518 1320 534 2940 804 2694 2802 2196 2040 2730 
3447 5823 2259 5454 4023 6291 2349 4950 4320 774 3303 4608 1107 5949 1494 2529 6318 6606 5031 2124 2331 3816 6309 4347 5346 3168 3330 3852 4131 5472 4608 4419 4167 3042 2322 4437 4455 5670 3825 2250 1665 5535 4815 6507 6075 3564 6174 3168 3987 2772 3564 4320 5130 5175 2214 4914 5697 1476 3762 3123 1728 3204 3627 6534 2808 4797 4536 5040 909 810 4536 4950 4266 2178 4788 1440 1269 3501 3375 2385 5274 3627 4959 2466 144 5247 4554 4131 2565 1899 1530 4869 738 6390 6570 5238 5553 3438 2295 5940 4302 5724 3807 2268 5886 2034 3330 1413 6732 639 3861 4833 4068 3627 1710 5904 828 3591 2736 6417 4977 1584 4077 4185 5364 2178 5985 6345 4563 5643 3141 4014 5211 3726 4518 5409 4491 4842 2718 2160 216 6003 5211 3204 3807 5724 5463 4104 4626 1458 5409 5292 3681 3798 2817 3897 1341 2277 1107 6192 6453 4923 6651 2907 4761 4779 2070 5733 5805 4905 1404 1530 4590 2421 936 4464 4383 1467 612 2808 5076 2160 1908 3204 5760 3510 5382 1143 1764 2484 4554 5661 1467 3546 4626 2727 6408 1314 4392 1719 5400 2646 2439 6417 4059 1665 4671 3213 5688 1908 1926 4653 5796 3906 5238 6345 3834 5418 2511 2475 5886 3717 6453 1737 4644 1764 2430 6183 2655 3132 3834 5922 3087 6003 2421 5454 1062 3240 2133 3699 4563 2682 5049 288 4428 315 2934 5256 4581 1539 3744 3024 5157 1710 5031 5859 3177 5184 2826 3483 1008 4797 873 6246 1440 6201 4140 4077 3870 5967 3006 6345 2556 954 1890 5283 2817 5616 3132 5436 5661 1170 1431 5499 3456 4680 5553 4842 3951 3735 3816 2592 5004 5481 1692 4248 5220 4932 1809 5616 4284 4446 4923 6579 981 3582 6093 2196 3411 3987 5175 5076 2943 4302 5256 3501 5589 2637 1665 6768 1431 2547 5121 3996 4392 1980 5445 2016 2979 1737 6687 3771 5220 2097 2448 4473 3816 2088 5346 7236 6201 6138 2637 4914 2196 3906 1944 1575 6174 5103 3294 2457 1413 3195 2970 4797 4662 5040 2655 2331 
6102 2817 8064 2439 6552 3582 3870 1836 3015 6921 6300 1980 5031 4284 7623 6282 2817 6813 1530 4419 4473 4806 261 3699 981 3987 2808 5535 6390 3267 5418 6075 3843 5337 4734 2349 4221 5814 2322 7002 7686 3546 2997 6543 774 4302 2790 2997 2160 6336 5661 1854 6453 1575 6723 4491 1116 7272 5841 3051 5571 5445 4914 6714 4635 2493 1737 3528 6444 6579 1836 1359 4923 7434 5652 4914 7137 2646 5256 8244 2061 3924 6219 7407 6147 1269 2394 2241 3573 5562 6696 1269 5409 1539 6777 1476 2250 3249 8154 4050 5013 414 3888 3870 558 4554 5526 4761 2124 5562 2511 5310 2835 3069 6174 6417 6768 3618 6813 378 1170 5013 4527 5463 4905 5661 3204 207 5373 720 3591 2151 3321 2439 3294 2709 4320 2943 4275 8037 6318 1638 1467 2943 5220 1773 6525 3042 1863 6192 5301 2853 4140 4491 5958 5868 6840 4203 6552 3717 585 3573 6813 5859 1602 1962 6642 1269 468 1719 7236 4608 4455 6210 5310 4779 1791 5391 6750 4923 5868 6615 4698 2952 1080 3294 963 5661 7686 5103 5436 6381 6165 5553 1773 7191 1710 5202 2529 4446 1926 3492 8433 2151 2403 5040 3060 4455 4797 7101 4572 1620 5670 5022 5220 5922 4968 1584 3627 5607 423 5589 6633 5238 2286 5337 3888 5589 4725 3096 3798 6588 3069 963 4419 684 5220 3303 5202 2763 4275 5436 6624 5886 4536 5859 5994 1719 1566 7227 3231 3123 4437 5778 2817 3114 4851 4572 4149 3996 7065 5382 5418 5634 5499 6084 2853 2799 5265 1377 4374 3303 3780 5292 7533 1809 3771 5148 4095 5715 1989 6174 4788 3087 3123 6282 2205 3177 2196 5301 4698 4581 2502 5085 5994 4104 4743 2763 4338 4293 4284 1755 4230 432 6327 2610 3834 5130 3015 4482 5364 6615 6120 4725 3537 2979 3870 6948 7164 1791 4725 3942 5022 5481 2466 7911 2727 7632 3312 7695 720 3060 2079 4491 7254 3546 3411 7677 792 1143 6687 5625 5220 2637 4455 5436 7587 4680 3006 6534 5355 5652 4905 7020 4194 3942 4545 1575 5391 7389 
4420 680 7820 1190 4600 400 5080 2210 5910 7350 4720 4830 5640 970 7890 5170 910 3850 2540 5900 6170 2900 3670 1800 4210 3080 4010 3550 4350 530 2950 3810 2020 3910 6500 2240 1940 2890 4040 6200 7750 490 1320 3540 4600 6840 840 3840 3900 5080 3870 4020 3910 4860 5870 1790 2590 7140 3940 4460 7060 7780 7500 3740 6720 1680 4280 1010 6360 6600 4480 4250 2670 6850 3110 5980 7090 3770 7690 8050 5500 2590 3700 6610 6690 4520 5340 2880 4390 7160 6280 3660 5850 2320 3810 4790 1350 2910 7960 700 7940 3730 2400 4580 4250 6020 3890 5160 2010 5890 2970 2700 5490 2750 5570 3560 6870 6080 5670 4200 3430 4850 7360 8290 1950 7420 280 3850 2930 4210 3160 3420 800 4150 6350 950 1980 1320 6220 7880 6840 2020 4750 4230 3270 1840 3860 2130 4670 5750 2380 920 6740 7170 4650 3880 6590 5700 6370 370 4470 1150 3840 4490 2810 2250 5870 2410 3360 4780 7150 5250 2000 5170 6130 7800 3990 6690 7130 3770 3220 5780 6120 3830 4740 2790 4230 6790 7610 4140 8450 3600 5710 3770 4510 6160 2140 6320 5380 5330 5420 4410 8390 1690 4820 6390 1460 6780 1670 6560 4460 4230 2660 7750 2380 2820 3020 2150 4590 4530 4090 3690 3660 4800 5280 4840 5300 2460 3790 4690 6460 3760 3960 4760 3900 3710 5410 5310 4470 4950 1890 4250 4160 6280 7550 6240 4610 5090 3780 7000 2510 4410 1570 5200 6160 350 3430 1690 6140 6460 7720 2800 6260 2500 6800 3050 5570 5430 3270 2290 6560 530 5270 5550 7220 5220 3520 2110 3120 2870 1610 5910 5710 570 2980 3920 1400 1240 3570 7920 2820 6510 5800 2100 5400 7030 1850 6040 4900 1130 7230 3210 1550 3940 6190 4370 440 4380 5010 2520 2570 4130 4750 7670 780 3050 690 5900 6820 2390 5490 5580 2220 3410 5280 7830 910 7270 4940 7660 3580 2560 1710 4260 6410 6590 2370 7290 3490 4050 3800 2510 4110 5890 6020 3410 7270 5700 610 4020 7740 7570 5940 5650 6320 1450 2030 2460 4230 6680 
4437 846 7002 396 4779 1665 3672 675 3996 6237 4680 2970 4482 2259 6831 4860 1089 4770 891 4392 4581 3051 1953 1863 2349 2583 2574 3762 4599 1224 3492 4203 2052 3771 4887 1053 2313 3780 2430 5697 6795 1503 1080 4500 2709 4968 990 2520 2268 4842 3951 2295 4500 2943 5400 2502 918 6291 4095 2970 5526 5931 5589 4671 4986 738 2484 1521 5508 5688 2664 2412 3060 6228 3708 4626 6201 2340 5814 7209 3519 2331 4275 6102 5544 2628 3447 1503 3123 5580 5589 1881 4761 1053 4734 2880 225 2061 7119 2025 5904 1917 2223 3357 2394 4509 3879 4086 1251 4842 1701 3348 3645 1863 4977 4392 5922 4257 5373 2403 1674 4032 5382 6273 2880 5778 1242 2106 3456 2340 2394 1899 1296 2547 4383 666 2403 1026 4545 7020 5697 630 2844 2772 3456 333 4545 1494 2826 5076 3276 819 4860 5247 4446 4095 5814 4194 5562 1764 2628 1584 4770 4320 1179 801 5364 774 1602 2898 6282 4068 2520 4815 4869 5760 2259 5238 6048 3465 3897 5310 4626 2502 2817 2016 2358 5391 6714 3735 6363 4374 5040 3852 2682 5787 990 4941 3492 4050 3447 3096 7461 918 3042 4923 1188 4977 2754 5922 3609 2421 3627 5778 3213 3879 3204 486 3267 4194 2250 3843 4590 4122 3375 4194 3825 3546 3357 3141 4572 4572 2628 2844 3249 1890 4437 3636 3942 3231 2349 3969 4689 5202 5517 5175 4455 3150 2034 6201 1818 2961 2421 4599 4149 1134 3276 2556 4455 4626 6498 3429 4995 3600 5337 4041 3708 3591 3483 774 4797 1458 3762 4536 6453 3267 2691 3114 2673 3699 171 5148 4419 1053 2025 4383 180 1224 2034 5976 2943 4833 3816 3051 4806 5049 2727 4050 3744 2250 5229 1593 2241 2223 5364 2763 1845 3861 3339 2691 3366 4671 4581 5652 1503 1989 1827 5535 6084 1350 4257 4023 3024 3681 3411 6939 684 6525 3384 6750 1980 1737 261 3465 5931 4608 1881 6561 1701 2493 4662 3582 3789 3906 4482 3645 6507 4365 1152 4581 5877 5868 4599 5472 4590 1971 2592 819 3933 6129 
1971 3006 4131 2727 2529 3375 2286 2547 4086 3582 2106 3627 2214 3024 4077 2043 3501 4176 2772 2907 3213 1170 4320 1413 3834 288 2070 1674 2448 2574 2106 2367 1233 1152 3474 1971 1548 3096 2538 2826 3978 2610 1989 4005 4536 4266 3357 1746 2574 2079 1620 2934 3015 4041 2538 2052 3411 3447 1863 2286 3681 4725 4725 4086 3843 2133 3258 2115 2709 2925 3375 3555 1611 3339 2358 2682 3384 2025 4743 4338 4437 693 2781 3231 3033 3915 3888 2007 1737 3816 2718 3177 2313 3915 4140 4050 2871 999 4248 3006 5301 3897 873 1692 4239 2961 1413 1773 4104 2313 1755 2241 3672 1170 2097 3510 3159 3780 2574 4608 3150 1341 4842 5463 2556 4095 3105 4410 2052 4041 675 2277 2304 2529 4464 2619 1602 2016 3429 4158 3150 3492 4005 2151 1431 3186 3267 1386 3555 2214 2709 2466 4257 4590 1710 1944 2961 2817 2736 3267 4743 1998 4212 1629 2646 2385 2484 3375 3798 3807 3447 1962 1737 1980 2664 5292 2970 3312 3393 675 2673 2430 2997 1773 4374 954 3861 3303 3879 873 5715 3321 2178 1539 3456 2961 3870 2952 3807 2169 4482 1827 4608 3753 3240 3132 1836 4068 2826 3033 1053 3321 3150 5004 2538 3672 1287 2997 1908 1359 4176 1638 3996 1296 3915 1341 2547 3447 486 2484 4158 3600 1773 4563 513 3672 1890 3033 1062 3078 1665 1188 3060 2646 5130 2610 1755 4212 2997 3348 1071 2160 2268 1719 4644 2988 738 2322 3429 3978 3933 2241 2772 3510 3393 3609 3771 3645 1494 3537 3816 3456 2592 2016 3582 4293 675 2844 216 2880 3051 2313 2430 2628 1134 2646 2880 1971 2313 5031 1107 3591 4428 2709 1926 4725 2394 4527 1710 2691 4869 2556 2007 4617 2556 2583 3159 981 2925 1170 2529 3069 1890 5139 2331 1305 2655 2709 3213 4239 2187 2853 2367 1728 3744 4095 2646 3645 2583 3915 4563 1206 2637 873 3069 4581 999 3681 3492 5139 3843 3420 972 4428 3042 1638 3636 2484 3321 3042 4734 4293 2646 2772 3627 1872 1827 2745 1134 3249 
1800 3996 810 3804 2118 4206 2214 3600 3618 774 1656 3702 1386 3864 810 1128 4332 3960 3702 2190 2358 2346 4650 2904 4110 2184 2724 2208 2226 3690 2748 2490 2766 1734 2376 3228 2868 3426 3090 714 666 3690 3318 3924 4602 3204 4236 2574 3174 1278 1986 3420 2934 4068 768 3126 4152 306 2076 2658 2010 2994 3264 3924 2700 3396 3594 3372 294 312 3618 3858 2610 600 2826 1734 288 2814 3108 936 4188 2436 2856 804 942 4080 3720 3114 2226 2124 270 3738 1122 4554 3942 4098 3900 2526 876 3894 3720 4296 2550 2034 4446 2142 1866 1440 4716 984 2928 2922 3420 2658 666 3498 372 3162 1122 4770 3780 1230 3552 3648 3354 2310 4050 4692 2724 4296 2292 3126 3510 3036 3780 3744 2874 3342 2610 798 882 4278 4074 2676 2250 4080 3162 2898 3696 528 3324 3636 3270 3366 1416 2166 48 2268 192 4116 4818 3288 3996 1506 3558 3486 690 4152 4302 3882 306 1614 2916 1074 1416 3816 3456 1830 702 1722 2994 762 2076 2598 4416 2544 4128 1614 588 1494 3888 3330 552 2004 3678 1026 4542 1698 3618 1800 4260 2292 1086 4488 3348 1938 3222 2970 3600 426 1524 3666 3546 3456 3216 3900 2322 3912 2232 1320 4440 2106 3870 1140 3768 1098 2310 3834 1710 2700 3348 3486 2532 4572 1722 4122 1110 2856 1296 3120 2928 1494 2844 882 3786 876 1482 4134 3558 252 2670 2580 3294 858 4086 3978 1950 3288 2676 3126 1068 2886 1398 3870 1818 3774 3474 3420 2274 4284 2826 4284 2394 1092 468 4164 2112 3492 2136 3276 4008 456 1680 3738 2574 2640 3906 3306 3102 3342 2364 2556 4038 3414 744 3654 3288 4020 1728 3630 3684 3396 3168 4842 342 2970 4032 1350 2934 2526 3150 2868 1452 3714 3510 2634 3678 1014 264 4782 1608 2430 3168 2316 3606 738 3762 546 2640 612 4872 2730 3720 1596 810 3762 2658 588 4032 5250 3684 3798 1536 3990 2250 2268 510 1782 4206 2898 3048 2490 1710 1416 2784 3144 2946 3696 1494 708 
6453 4851 7182 4338 7038 5670 2727 3411 630 5652 6543 1062 3960 6084 6408 6192 5076 8271 3123 2835 2682 5544 2979 4824 1809 4383 2439 6174 6966 5049 6408 6840 4860 5634 2835 3510 5346 7155 2025 6597 6615 5310 4464 8028 2079 1881 4986 2763 2070 6336 6138 1827 7425 1161 6381 5796 3330 6372 6381 2268 3726 3051 2412 8163 2502 3960 1557 5049 5598 5643 1368 1611 5859 6840 6669 3510 6183 2511 2808 7326 675 4617 7182 6966 4896 1494 639 2988 2934 3645 6057 2124 4356 4068 8226 1251 4230 3699 7236 5895 2340 2448 4698 3159 2160 2934 5922 3924 4671 4563 3069 6426 909 3654 5742 7704 5751 1431 6687 2709 2340 4509 1908 2817 6336 3618 5238 2880 6354 2007 3888 2493 4968 2007 648 4545 5445 4428 2340 7101 5058 3969 1278 2367 5895 3933 7614 4023 1188 5643 6660 4599 1710 1962 6048 6453 6066 2673 5760 5742 2547 5031 8289 6012 2871 3384 6264 3492 2799 1125 6309 3636 5616 6084 4005 2088 1836 3708 5535 5130 6966 6282 3078 2727 1683 3825 1818 4059 6714 5139 2745 7587 5616 6048 1341 6948 4221 3690 702 3339 837 2826 7389 4572 1269 3393 4428 2169 6381 6507 4185 1593 7101 2430 6525 7506 5697 3546 2844 5598 2295 6156 8082 4869 657 4995 2565 7191 4851 2115 1377 7839 2736 1890 4365 2295 4410 1746 5049 1458 5445 5544 7515 4779 1854 4779 6129 999 1998 6381 3951 2403 5868 5391 135 5112 5256 5985 2205 1701 5634 6462 4077 7254 3798 7569 828 927 5949 3735 2214 5472 2439 4410 6732 909 3834 6624 4482 6993 4068 5499 3537 4914 3546 7119 4194 4635 2385 2754 5445 2574 216 6525 5571 1458 6147 45 3528 5949 1620 2538 5580 3051 5535 1926 5787 5013 1692 5337 6606 7524 6246 2052 5166 3366 5598 6732 6426 4410 3618 2403 6318 6192 765 6930 4581 6858 2124 6696 3429 3771 3870 4203 6858 882 4212 6921 2421 3735 8028 7200 5319 99 2781 6111 6795 3384 5166 7470 2934 3501 3537 7029 2133 5283 5724 3195 5490 6894 
5064 3032 6336 2592 5536 3768 2408 1792 1480 5176 5192 544 3520 4200 5824 5032 3200 6272 1512 2816 2816 4064 1440 3256 336 3136 1640 4680 5432 3264 4752 5240 3328 4336 3040 2000 3736 5312 1144 5552 5936 3512 2808 6048 904 2608 3128 1880 1056 5112 4720 720 5680 344 5328 4088 1640 5616 4912 1728 3808 3624 3160 6176 2920 2344 472 3336 4880 4976 464 160 4280 5872 4984 3312 5472 1568 3456 6488 848 3224 5464 5904 4480 168 928 1632 2288 3792 5192 632 3864 2304 6240 304 2480 2464 6408 4016 3264 904 3256 2552 800 2928 4560 3344 2832 4024 1800 4728 1304 2360 4792 5824 5120 2000 5496 1328 792 3696 2824 3656 4536 3856 3384 1384 4712 592 2712 1296 3224 1216 1760 2792 3832 2776 2616 6296 4632 2208 264 1688 4416 2184 5816 2560 448 4760 4848 2864 2464 2784 4808 4960 5272 2624 5000 3840 1280 3336 6280 4752 1336 1800 5240 1784 1184 328 5576 3152 3968 4944 3704 3072 680 3680 5040 3912 5224 5232 3064 1848 624 2544 360 3944 5960 4008 3656 5744 4736 4632 400 5792 2432 3552 1040 2960 800 2200 6616 2744 960 3368 2808 2744 4528 5568 3336 376 5232 3256 4752 5544 4208 1856 2288 4448 864 4696 6104 3952 832 4056 2384 5256 3696 1712 2160 5960 1912 840 3328 728 3776 1776 4016 1296 3808 4344 5800 4288 2856 4272 4864 528 656 5592 2584 1824 4112 4448 1432 3280 3944 4224 2504 2336 5264 4776 3792 5304 3776 5632 1320 1272 4456 2000 2680 3568 2272 3816 5888 632 2768 4784 3232 5184 2320 4696 3240 3136 2328 5464 2440 2968 1256 3496 3976 2888 1136 4704 4632 2456 4376 1360 2952 4120 2616 1144 3880 1576 4800 1304 3896 3960 1536 3832 4848 5800 4976 3008 3416 2168 3776 5584 5576 2608 3224 2384 4568 4672 976 6168 2824 5984 1864 5960 1848 2416 2176 3296 5784 1984 2800 6032 824 2216 6096 5272 4144 1232 2824 4608 5944 3128 3296 5736 3544 3832 3320 5744 2528 3608 4064 1576 4296 5872 
4886 3542 5565 3150 5334 4179 2072 2422 567 4403 4963 609 3045 4515 4991 4718 3710 6237 2198 2212 2128 4144 2093 3563 1169 3255 1757 4641 5271 3703 4809 5166 3591 4249 2261 2520 3969 5376 1407 5061 5138 3913 3255 6048 1407 1603 3647 2009 1421 4823 4634 1218 5600 665 4886 4312 2352 4928 4816 1659 2961 2520 2037 6153 2037 2863 994 3717 4319 4361 854 1015 4382 5271 5012 2730 4788 1792 2338 5677 329 3416 5411 5348 3808 924 343 2121 2184 2905 4662 1421 3360 2926 6202 742 3059 2709 5614 4361 2023 1666 3479 2373 1456 2303 4466 2996 3395 3521 2198 4816 679 2660 4389 5810 4452 1183 5103 1890 1589 3430 1673 2394 4725 2905 3843 2016 4767 1330 2870 1743 3647 1400 686 3311 4046 3227 1869 5509 3941 2849 756 1715 4424 2821 5747 2933 707 4326 4984 3360 1470 1694 4592 4872 4676 2079 4445 4235 1771 3703 6244 4557 2009 2408 4795 2478 1939 637 4886 2779 4179 4634 3115 1841 1218 2926 4305 3857 5236 4809 2415 1981 1092 2807 1176 3192 5201 3878 2352 5719 4305 4557 819 5320 3045 2891 441 2555 462 2100 5740 3318 840 2667 3234 1799 4753 5005 3157 1008 5327 2072 4879 5628 4263 2527 2121 4242 1554 4634 6090 3696 322 3794 1967 5383 3640 1547 1197 5915 1995 1267 3276 1547 3381 1330 3829 1036 4046 4193 5684 3703 1652 3696 4648 553 1337 4935 2891 1764 4361 4116 336 3745 3941 4452 1771 1428 4410 4844 3171 5432 2996 5691 623 672 4473 2667 1813 4025 1862 3381 5208 490 2842 4949 3332 5250 2933 4221 2730 3598 2590 5369 3031 3395 1666 2317 4067 2072 84 4872 4256 1330 4578 266 2674 4417 1463 1757 4144 2156 4270 1358 4277 3794 1239 3976 4949 5684 4739 1799 3801 2443 4137 5152 4956 3192 2779 1862 4718 4655 469 5376 3332 5299 1589 5194 2443 2744 2779 3171 5264 882 3094 5348 1645 2688 6055 5397 4018 161 2184 4599 5250 2618 3780 5642 2429 2835 2751 5369 1729 3906 4263 2254 4151 5299 
786 3006 1752 2862 1188 3150 2046 2784 3450 1758 714 3312 1488 2766 1920 324 3330 2910 2928 2268 2478 1242 3948 1878 3558 1272 2250 1104 1248 2664 1638 1440 1734 618 2586 2400 1788 2334 2610 810 1776 2640 2346 2856 4044 3312 3240 2046 2658 432 888 2910 1908 3630 606 2022 3360 1398 1008 2298 2460 3366 3510 2868 2892 2496 3114 2328 1056 1212 3174 3348 1500 1176 1728 1914 1398 2274 3432 1896 3846 1452 1806 1074 1608 3582 3426 2394 1848 2574 858 3138 1362 3684 2892 3648 2970 1734 1842 2808 3948 3648 1542 1704 3864 2262 756 1314 3792 1260 2214 1812 3204 1854 450 2442 1368 3114 666 4128 3144 840 3696 3966 2244 2778 3018 4014 1614 3720 1494 2514 2484 2580 3672 2772 1782 2376 2694 1800 1626 3402 3624 2256 1134 3198 2136 1998 3282 606 2214 2658 3342 3510 366 1098 1074 2274 1002 3054 4206 2244 2946 432 2832 2676 588 3336 3606 3462 1410 1530 1818 252 1716 3990 2940 2226 1638 684 1908 546 2238 2076 3912 1716 3582 2100 1656 498 4176 2274 588 894 3234 900 3654 2004 3348 1740 3894 1920 2112 3552 3000 2214 2250 3120 2484 996 1014 3168 2442 3708 2106 2802 1212 3084 1908 210 3828 1002 2814 582 3456 504 2196 2724 756 2394 3348 2448 2040 4050 960 3492 1104 2682 438 2832 1842 390 1854 1380 3918 1356 444 3732 3000 1296 1800 2208 2190 366 3882 2958 876 2178 2730 3168 2040 1776 1752 2760 2244 2682 3264 3186 1164 3444 2952 3246 2262 1170 1398 3780 1392 2376 1212 2178 3102 780 1776 2724 1806 1608 2982 2310 2520 3660 1266 2724 3780 2298 396 3708 2172 3804 1506 2532 3768 2742 2082 4152 954 2568 2958 480 2676 1440 2040 1872 462 3882 2466 1908 2604 732 1170 3894 1626 2382 2052 1206 3318 1782 2784 1428 2394 1698 4122 1890 2832 1002 960 3702 1734 1440 3378 4506 2640 2688 474 3756 2352 1158 1428 1860 3192 1890 3402 2952 1884 882 2862 2076 1842 2916 396 1092 
3546 1416 4944 1128 3840 1950 2286 690 2034 4248 3684 1314 3000 2370 4698 3696 1482 4032 492 2706 2772 2676 546 1932 750 2154 1536 3156 3732 1680 3078 3516 2028 3048 2964 1038 2280 3354 1272 4194 4722 1866 1470 3858 936 2814 1440 1614 1146 3720 3246 1020 3768 1182 4002 2466 282 4428 3366 1740 3480 3534 3234 3966 2952 1128 1044 1824 3882 3984 1146 882 2748 4500 3234 2976 4344 1398 3432 5070 1566 2088 3612 4464 3744 960 1626 1026 2022 3492 4020 624 3234 774 4008 1128 1014 1674 5010 2220 3366 414 2064 2214 726 2790 3162 2796 1170 3324 1212 3006 1848 1548 3654 3756 4116 2340 4050 786 480 2904 3024 3642 2754 3582 1680 618 3048 702 1908 1050 1704 1350 2262 1302 2346 1434 2682 4938 3858 708 1110 1644 2952 726 3822 1500 1218 3678 3012 1392 2718 2976 3462 3378 4128 2556 3942 2028 918 1854 4032 3396 582 774 3954 396 222 1200 4410 2712 2436 3648 3216 3240 984 3330 4128 2778 3384 3930 2880 1590 1026 1692 756 3486 4710 2910 3666 3732 3660 3174 1134 4308 870 3180 1692 2634 1494 1980 5208 1104 1494 3102 1506 2874 2688 4278 2610 978 3264 3330 2958 3444 2784 540 2082 3240 636 3198 3912 3036 1566 3102 2328 3228 2652 1806 2508 3870 1674 1032 2472 426 3084 2028 2994 1692 2316 3120 3882 3552 3078 3534 3486 1314 810 4386 1638 1776 2436 3390 2028 1614 2712 2526 2604 2598 4374 3054 3288 3258 3402 3546 1878 1818 2976 540 2796 1782 2262 3138 4584 1386 2046 2916 2220 3282 852 3684 2874 1566 1602 3654 984 1584 1110 3492 2604 2886 1806 2874 3534 2766 2640 1974 2520 2358 2892 762 2292 750 3798 1494 2088 2940 1824 2454 3048 3876 3576 3180 1842 1512 2076 4140 4338 1020 2808 2406 2820 3126 1638 4860 1320 4644 1962 4722 732 1530 864 2544 4356 2424 1752 4674 330 1110 3942 3246 2982 1884 2736 3090 4626 2814 1578 3822 3486 3606 2970 4170 2658 2100 2496 516 3090 4458 
3555 1715 4620 1515 3805 2135 2255 1185 1700 3965 3660 1150 2920 2530 4360 3645 1700 3945 1010 2550 2565 2835 225 2220 605 2370 1685 3240 3715 1970 3175 3540 2300 3125 2710 1470 2510 3390 1405 4040 4400 2125 1830 3795 365 2430 1690 1795 1315 3675 3305 1135 3750 890 3885 2655 775 4175 3410 1805 3180 3070 2765 3885 2640 1550 1050 2120 3715 3790 1090 830 2900 4275 3305 2835 4100 1600 2960 4720 1130 2340 3620 4265 3535 735 1360 1400 2110 3175 3865 830 3125 970 3920 835 1405 1960 4670 2400 2795 360 2325 2275 315 2620 3230 2775 1285 3215 1550 3115 1620 1865 3580 3730 3890 2060 3945 45 790 2925 2535 3050 2890 3220 1925 135 3150 440 2150 1335 2005 1465 1840 1660 2565 1800 2445 4605 3630 1050 835 1750 3065 1140 3790 1855 1095 3585 3105 1745 2340 2525 3465 3425 3940 2430 3780 2210 175 2150 3940 3415 1045 1255 3840 860 425 995 4155 2680 2640 3605 3065 2665 1100 3090 3875 2890 3425 3825 2700 1775 570 1985 590 3245 4405 2990 3030 3710 3570 3250 1055 4150 1070 2990 1440 2585 1045 2065 4815 1315 1405 2895 1865 2525 2820 4090 2685 985 3310 2815 3065 3445 2925 1040 2135 3270 275 3270 3845 3055 1295 3115 2260 3260 2780 1825 2145 3825 1835 475 2605 505 3035 1915 3045 1610 2540 3175 3845 3390 2530 3380 3490 955 985 4150 1955 1850 2625 3360 1555 1880 2855 2705 2375 2270 4040 3155 3125 3290 3150 3535 1625 1600 3090 910 2490 1975 2195 3070 4325 1000 2245 3020 2430 3335 1255 3570 2770 1875 1890 3655 1380 1925 1355 2975 2775 2615 1385 2985 3475 2290 2800 1530 2535 2545 2390 1120 2515 190 3655 1555 2275 3005 1760 2655 3140 3840 3560 2635 2125 1805 2305 4015 4125 1090 2740 2280 2955 3210 1410 4530 1670 4380 1935 4410 420 1860 1315 2640 4180 1980 2060 4405 585 575 3880 3280 3055 1465 2560 3180 4355 2710 1810 3795 3020 3210 2835 4060 2395 2355 2690 1040 3150 4255 
1320 3468 1278 3288 1680 3660 1980 3126 3414 1188 1200 3396 1242 3312 1344 672 3798 3468 3240 2076 2268 1794 4224 2364 3738 1668 2370 1680 1764 3150 2214 1998 2226 1188 2334 2748 2316 2910 2736 606 1218 3144 2796 3426 4230 3126 3708 2190 2808 834 1464 3060 2454 3744 498 2574 3690 846 1572 2346 2094 3054 3258 3426 2658 2892 3246 2826 492 642 3288 3498 2064 810 2304 1656 834 2430 3144 1416 3906 1902 2364 840 1122 3732 3456 2670 1896 2214 336 3342 1032 4062 3450 3774 3390 2046 1362 3342 3708 3888 2010 1716 4068 2046 1332 1182 4212 900 2484 2388 3186 2178 132 3006 798 3006 810 4368 3372 822 3498 3684 2814 2412 3510 4272 2190 3912 1812 2724 2970 2688 3606 3216 2322 2820 2508 1296 1122 3786 3744 2340 1710 3582 2688 2394 3378 48 2790 3108 3174 3312 912 1662 516 2118 426 3570 4428 2742 3504 990 3114 3012 402 3678 3876 3564 852 1392 2364 600 1386 3780 3096 1878 1080 1176 2478 444 1998 2220 4068 2052 3762 1710 1122 948 3912 2838 54 1470 3348 876 4044 1692 3360 1602 3966 1968 1602 3978 3054 1920 2694 2910 3054 582 1104 3312 3018 3456 2682 3378 1776 3432 1926 774 4044 1578 3378 660 3498 594 2106 3300 1176 2418 3216 3000 2166 4218 1230 3720 876 2634 762 2850 2376 948 2388 936 3726 918 984 3828 3180 762 2172 2262 2742 324 3870 3438 1398 2736 2562 3012 1482 2352 1398 3336 1884 3258 3246 3180 1740 3804 2748 3744 2184 900 912 3864 1650 2952 1614 2754 3504 240 1554 3204 2100 2160 3396 2772 2706 3378 1818 2496 3792 2868 192 3552 2736 3792 1446 3078 3600 2976 2622 4422 396 2646 3480 822 2676 1974 2616 2406 966 3672 2964 2178 3132 774 666 4290 1440 2262 2622 1782 3342 1260 3234 960 2382 1158 4428 2238 3222 1152 774 3612 2142 984 3618 4812 3198 3264 984 3756 2148 1734 948 1650 3672 2430 3102 2592 1626 1122 2682 2598 2394 3234 942 804 
1146 2268 3414 2358 984 2070 3276 2700 4392 3612 1314 3960 3096 1482 3744 1812 2508 1074 2922 3678 3888 966 3894 1470 3888 1758 3024 762 828 1866 348 474 1410 1302 4050 2424 1116 510 3270 2388 3564 1722 1920 1002 4272 4596 2448 2826 3246 1680 960 3444 384 4152 2232 942 3198 3186 852 3222 4110 4884 4896 1026 4302 2256 3660 1596 2910 3066 3768 3786 714 2784 174 3468 3216 2952 4902 3552 4482 1548 252 2556 3420 4008 4194 2682 2898 4212 2664 3456 3066 3246 1056 4140 2502 2154 3510 1608 5280 3762 1488 2874 4062 3708 1110 2826 3150 3006 2586 378 4116 2184 2292 612 3222 4248 1956 4170 3378 2400 4974 5388 804 4410 2118 3990 390 3972 2070 2982 1758 3288 4656 2190 1044 1956 4038 3486 3462 3000 4110 3108 822 2826 450 1986 3888 2460 582 2070 4584 4812 1512 768 2892 3618 2850 1938 4308 1548 1110 1428 2958 2640 2280 3114 3606 4032 3210 3000 948 1854 3378 5274 3456 3864 3492 1530 60 2208 3720 2838 4260 2070 3906 3798 3420 1704 5562 468 2442 960 3810 2220 3162 3624 4164 3162 4482 2952 3798 2928 3780 3780 1878 4458 1038 2694 2352 3678 660 5088 546 984 888 2874 3018 1680 3984 852 972 2208 4194 2166 3444 972 1698 3360 4506 654 2862 4332 2016 3672 2772 3744 1926 3720 1068 1536 528 3174 5160 3150 1452 4284 3414 3078 1992 3144 1032 2202 4716 2112 1314 948 4032 4398 3894 330 3438 996 3900 840 4176 4092 780 3126 4290 2256 3474 2850 3108 4350 2178 792 1704 378 2682 2634 3300 1986 2262 432 2526 1806 3042 5100 1020 4140 4542 750 2256 4884 852 4638 2862 1296 4980 3048 1116 4086 2808 3360 1818 1896 3648 1062 426 516 1488 5172 1638 2376 1548 2106 2928 3354 3138 3648 630 666 4116 3516 2190 3108 3450 3468 3930 2118 2544 2250 2448 4752 1818 3096 3534 4266 828 924 1584 4560 3762 732 3126 3354 2328 450 4890 4560 3444 1800 4170 1296 888 2886 1554 2634 
828 2070 2736 1974 1152 2172 2100 2034 3306 2622 972 2970 1926 1794 2856 1140 2388 2250 2226 2490 2700 288 3258 942 3042 660 1950 528 1074 1710 864 990 798 384 2862 1674 810 1560 2250 1752 2736 1668 1446 2148 3486 3426 2304 1740 2256 1098 540 2484 1422 3222 1554 1056 2610 2364 684 2106 2940 3696 3720 2190 3120 1668 2700 1368 1956 2112 2790 2880 588 2142 1014 2286 2352 1908 3714 2874 3510 624 1272 1998 2340 3120 3162 1800 1746 3036 1830 2598 1926 2850 2226 3222 2100 1152 2826 1830 4110 3030 660 1698 3288 2520 444 1650 2898 1884 1656 984 3030 1236 1404 1794 2274 3108 1458 3486 2562 1248 3810 4206 1320 3228 2058 3336 828 3168 990 2028 1530 2250 3564 1860 804 1482 2856 2778 2394 2568 3192 2010 372 2364 1596 1212 2910 1536 1350 1740 3426 3642 834 726 2034 2436 1932 2076 3594 1284 2274 744 2178 1938 1554 2562 2928 3078 2376 1812 846 1134 2214 4110 2502 2688 2496 384 1230 1500 2532 1758 3414 1092 3060 2640 2634 606 4386 1656 1518 474 2844 1746 2802 2448 3114 1974 3528 1800 3090 2664 2730 2598 1362 3282 1548 1974 1164 2736 1626 3906 1236 1986 306 2298 1854 762 3228 522 2136 1098 3174 1080 2268 1866 522 2238 3360 1842 1764 3522 828 2898 1626 2610 834 2634 858 588 1452 2082 4002 2058 828 3342 2508 2268 1092 2022 1224 1218 3672 2004 138 1224 2862 3234 2880 972 2280 1902 2730 1914 3096 3006 414 2640 3114 2280 2304 1716 2376 3402 1038 1482 594 1404 2250 1668 2118 1776 1254 1176 2118 1386 2064 3918 294 2952 3516 1398 1320 3738 1236 3588 1674 1560 3828 2178 1104 3462 1848 2292 1980 786 2532 462 1200 1458 912 4008 1494 1380 1626 1584 2148 3030 1956 2472 1152 564 3066 2760 1872 2406 2310 2670 3384 1212 2010 1062 1884 3636 960 2418 2766 3762 2010 1836 534 3522 2580 504 2406 2166 2244 1440 3708 3378 2262 1500 2994 1098 876 2196 576 2040 
3738 3395 4165 2996 4221 3976 700 2310 973 3017 3780 1183 1645 4081 3605 3444 3682 5488 2212 861 854 3206 2793 2891 1890 2282 910 3619 4186 3374 3927 4158 2863 3122 1064 2149 3234 4620 959 3710 3745 3535 2828 5327 2401 1085 3584 1085 1099 3570 3549 1211 4662 1631 3556 3633 2625 3528 3745 609 1715 1764 1533 5411 1050 2541 1260 3234 2919 2961 1204 1568 3507 3892 4130 1344 3388 1078 1680 4277 1652 2555 4480 3990 2415 1743 1092 1708 973 1708 3283 1687 1960 3255 5460 1694 2975 1890 4214 3983 1883 2303 2660 1085 2310 959 3367 1631 3661 2121 1638 3990 721 1918 3052 4998 3052 616 3808 2765 1841 2107 1491 2093 4060 1785 3647 2779 3885 2121 1925 1358 3241 868 1211 3087 3311 2814 721 4109 2548 3045 1673 770 3437 2905 4851 2324 1232 2961 4263 3073 1036 1330 3374 3815 3290 700 3052 3976 2737 3185 5509 3360 1960 2226 3458 2709 2464 1421 3486 1393 3437 3353 1722 1834 1260 1610 2912 2730 4368 3479 1071 1085 2114 2002 1911 1855 3801 2688 2233 4872 2947 3486 1260 3997 3325 1526 966 1162 1757 896 4340 3479 770 1337 2758 1029 4172 3626 1890 1358 4620 1715 4144 4984 3311 2590 861 3017 2352 3584 5341 2394 1169 2492 567 4767 2506 441 917 5082 1022 2317 2114 2100 2002 63 2576 476 3325 3003 4704 2303 1687 2296 3451 1659 1463 3535 2156 679 3738 2793 1505 3542 2884 3815 637 826 3045 4004 1785 4816 1694 4991 784 721 3486 2919 889 3892 469 1995 3808 1673 1799 4298 2345 4466 2940 2842 1330 3311 1785 4382 2954 2933 1260 1827 3143 959 1449 4207 2926 1358 3913 1421 1330 3913 1477 1631 3507 2954 2877 693 3969 2555 273 3115 4179 4711 3528 1722 3367 1680 3710 3836 3563 3556 1386 483 3990 3661 966 3976 3115 3899 308 3794 3136 2051 2660 1932 3913 1260 2345 3955 2086 3514 5257 4760 2842 1386 861 3591 3857 1218 3675 4683 1722 1799 1358 4102 721 3297 3521 2247 2961 3934 
5310 3750 6690 3170 5940 4630 1810 2140 1650 5250 5440 910 3170 4940 6060 5150 4110 7260 1930 2400 2470 4220 2750 3430 1540 2950 860 4940 5840 3830 5170 5670 3460 4390 2790 2070 4000 6020 310 5750 6190 4100 3110 7000 2350 2630 3980 1210 390 5280 4930 450 6310 1440 5480 4520 2480 5790 5190 930 3680 3770 3330 7140 2770 2610 640 3750 4870 4990 680 1090 4570 6130 5460 2950 5610 870 3610 6880 1810 3180 6030 6190 4380 1440 1230 1440 1640 3690 5270 1140 3610 3380 7210 1490 3110 2170 6780 4760 3670 2050 3270 1960 2150 2540 4700 2950 3970 3800 1480 5190 1210 2110 4790 6620 5170 1840 5730 2770 1350 3420 3090 4070 5120 3820 4150 2740 5110 1880 2400 870 3700 320 2100 3340 4120 3080 2310 6640 4580 3100 1450 890 4620 2930 6520 2550 850 4740 5470 3360 2500 2940 4930 5270 5360 2160 5030 4660 2770 3710 7280 4870 1580 2050 5360 2610 2250 1150 5740 2710 4300 5040 3420 3520 520 3470 5080 3840 5790 5360 2700 1170 2010 2310 1580 3770 6220 3910 4180 6480 4710 4820 780 6070 3490 3270 1180 2480 1870 1520 7030 3740 550 3080 3050 2670 5200 5750 2980 770 5970 3530 5320 6430 4390 2480 1630 4440 2170 4930 7050 3760 1230 3890 1810 6090 3550 930 2190 6770 1220 2280 3050 1750 3490 1220 3880 700 4120 4350 6410 4130 3270 4120 5010 1600 810 5760 2450 1040 4610 4370 2100 4000 3940 4740 2190 2250 5380 5240 3540 6160 3590 6490 1290 1150 4680 2910 2520 4460 1680 3540 6130 1670 2390 5450 3060 5830 3010 4650 2840 3710 2000 5970 3070 3290 740 3760 4110 2650 1810 5330 4590 2740 4910 1960 2460 4750 2940 1110 4290 3000 4770 410 4680 3820 880 3990 5400 6420 5140 3390 3910 1790 4390 5820 5750 3810 2800 1880 5090 4950 1100 6480 3380 6250 1160 6220 3220 2240 2660 2950 6040 2320 2730 6310 1700 3780 6980 6100 4100 1830 2440 4860 6200 2710 4140 6360 3690 3850 2960 6060 2290 3960 4420 2000 4290 6140 
4284 2706 5130 2394 4644 3252 2142 1812 1080 4200 4374 630 2982 3612 4698 4230 2796 5196 1590 2358 2322 3546 1236 2940 570 2838 1662 4008 4566 2910 4068 4428 2994 3738 2466 1998 3300 4476 1302 4596 4800 3096 2592 5022 606 1974 2754 1860 1254 4302 4032 1014 4764 276 4434 3558 1602 4584 4176 1674 3060 2754 2358 5124 2310 2238 798 2982 4044 4098 732 618 3708 4818 4236 2778 4476 1632 2610 5238 330 2916 4596 4854 3684 402 720 1722 2118 3024 4296 960 3252 2040 5166 270 2292 2340 5178 3474 2340 936 2940 2304 690 2442 3906 2892 2442 3378 1842 4044 1074 2262 4020 4866 4194 1578 4578 1026 1062 3192 2046 2658 3894 3042 2976 1164 4032 624 2520 1458 2892 1332 1200 2550 3372 2562 2130 5094 3798 2022 300 1674 3810 2040 4860 2418 636 3990 4128 2616 1860 2058 4080 4218 4344 2232 4140 3318 918 2988 5202 4038 1482 1830 4362 1716 1182 450 4554 2724 3474 4164 3090 2178 990 2994 4110 3414 4416 4362 2544 1830 348 2406 564 3210 4836 3474 2610 4806 3972 3966 672 4788 2148 2934 834 2562 222 2052 5316 2412 990 2766 2592 2124 3876 4590 2934 756 4410 2388 4056 4638 3654 1812 2100 3798 786 4014 5070 3402 648 3480 2088 4422 3246 1626 1626 4968 1872 480 2958 888 3216 1566 3468 1236 3354 3726 4848 3558 2016 3552 4122 198 990 4578 2436 1752 3570 3768 834 2898 3444 3660 2040 1806 4242 4080 3150 4464 3066 4716 1056 1056 3840 1854 2118 3096 1998 3234 4800 204 2550 4074 2910 4380 2154 3924 2742 2808 2232 4596 2262 2712 1428 2592 3480 2316 636 4020 3900 1746 3768 810 2598 3564 1860 1356 3402 1260 3990 1368 3366 3426 1428 3372 4128 4848 4206 2148 3036 2112 3300 4632 4578 2238 2760 2040 3918 4002 816 4986 2568 4878 1710 4830 1530 2310 2088 2916 4770 1362 2604 4914 1008 1710 5064 4440 3576 738 2352 3954 4842 2652 2886 4806 2682 3000 2784 4770 2028 3198 3546 1638 3690 4824 
5271 4879 5110 4473 5761 5495 2170 3752 1197 3794 5285 2044 2828 5677 4361 4858 5117 7126 3584 1862 1631 4837 3731 4522 2779 3913 2520 5222 5754 4928 5558 5761 4501 4676 1568 3689 4872 6258 2415 4977 4592 5110 4403 6965 3059 637 5033 2723 2527 5012 5124 2485 6272 2303 4858 5264 3864 4522 5320 2240 2100 1148 623 7049 1190 4074 2373 4830 4018 3990 2240 2548 5145 5040 5754 2352 4361 2667 938 5187 1974 4193 6097 5208 3290 2541 1680 3241 2576 1988 4459 2870 3087 4480 7098 2380 4424 3528 5124 5558 371 3283 4298 2632 3108 1890 4935 2968 4935 3248 3220 5621 1435 3549 4361 6636 4018 1022 5180 3542 3045 3521 203 749 5698 1862 5159 3668 5509 2968 3563 2856 4816 2352 966 4599 4949 4389 1358 5019 3395 4347 2387 2394 5047 4263 6475 3941 2149 4228 5901 4606 616 420 4865 5397 4382 1848 4165 5516 3430 4795 7147 4872 3346 3689 4753 3983 3528 2198 4466 2716 5075 4767 2702 203 2513 2233 3745 4305 5999 4788 1946 2709 2744 3633 2793 2506 4718 4214 700 6503 4214 5068 2247 5299 4585 2359 1596 2471 2100 2513 5166 4816 1897 2079 4347 882 5803 4795 3381 2436 6258 511 5782 6622 4928 3948 2443 4501 3199 5173 6979 3822 1757 3913 1974 6398 4081 2072 735 6713 2660 2919 3682 3129 3269 1610 4060 1785 4963 4529 6307 3318 70 3325 4942 2205 2702 4571 3787 2317 5362 4158 1400 5054 4487 5446 1316 833 3675 5635 2716 6447 2268 6629 1393 1470 5096 4186 1071 5376 1925 3227 4844 2142 3423 5929 3969 6104 4340 4053 2471 4851 3416 5985 4396 4522 2751 777 4774 1365 1610 5838 4256 343 5551 1414 2765 5523 196 3031 5138 3808 4018 2198 5523 4053 1778 4753 5817 6314 5012 147 4956 3304 5299 5173 4655 4767 2618 1743 5628 5271 1659 4865 4627 4942 1946 4683 4088 3668 4116 3458 5159 770 3976 4998 3185 4347 6888 6398 4375 1498 1771 5201 4886 2359 5152 6293 1043 1687 2380 5509 1162 4921 5159 3633 4487 5124 
4437 540 7461 1062 4608 387 4779 1989 5337 6975 4716 4320 5382 1269 7479 5103 414 3843 2241 5517 5742 3069 3051 2016 3681 3132 3762 3663 4383 837 3123 3897 2223 3969 6048 2142 2205 3033 3726 6012 7371 900 1458 3564 3951 6255 423 3645 3573 5022 3942 3636 3978 4293 5715 2079 2151 6831 4014 4167 6597 7164 6867 3744 6210 1647 3834 1332 6111 6327 4023 3762 2871 6597 3267 5643 6777 3537 7065 7668 4869 2718 3789 6390 6363 3978 4797 2700 4176 6678 6066 3240 5589 1773 3807 4221 1134 2889 7587 1026 7227 3186 2547 4374 3654 5625 3951 4950 1404 5634 2826 2898 4977 2736 5427 3618 6570 5562 5553 3537 3024 4716 6696 7569 2214 6903 297 3222 3105 3636 3150 3168 1098 3825 5733 945 2241 1449 5760 7506 6498 1566 4185 3960 3411 1485 3915 2196 4185 5580 2592 1017 6156 6552 4626 3960 6336 5337 6129 567 3780 1458 3825 4491 2520 2070 5715 1980 2835 4248 6831 5004 2268 5085 5805 7083 3600 6282 6777 3807 3366 5634 5724 3627 4113 2790 3690 6381 7254 4140 7686 3672 5544 3852 4041 5994 1593 5958 4842 5058 4788 4176 7974 1152 4383 5994 1602 6237 1926 6327 4347 3780 2817 7074 2592 2907 3177 1827 4347 4509 3501 3789 3681 4707 4734 4743 4968 2592 3807 4365 5895 3807 3753 4113 3870 3204 5211 4896 4428 4536 2160 4257 4203 5985 6858 5958 4599 4500 3393 6714 2547 4131 1881 5085 5508 414 3519 1989 5679 5913 7290 2988 5931 2628 6381 3132 5049 4932 3411 1827 6048 99 4923 5328 6912 4617 3474 2331 3186 3024 1305 5715 5409 774 2934 3996 1170 1440 3303 7254 2988 6030 5175 2331 5274 6381 2133 5409 4689 1458 6561 2916 1872 3276 5958 4041 729 4338 4608 2709 2772 4176 4725 6975 1143 2970 1089 5751 6561 1764 5220 5202 2457 3537 4761 7461 909 6966 4599 7299 2916 2565 1521 4176 6210 5949 2466 6984 3024 3294 3825 2646 4122 5265 5625 3537 6966 5391 207 4077 7119 7020 5616 5544 5832 1755 2295 2178 4230 6444 
3810 3378 3996 3030 4224 3900 1164 2418 456 2934 3840 1062 1884 4044 3438 3528 3594 5304 2286 1074 942 3366 2556 3060 1728 2568 1344 3720 4200 3408 3978 4182 3042 3282 1020 2346 3366 4566 1260 3714 3594 3558 2952 5166 2070 480 3522 1524 1356 3642 3654 1350 4608 1380 3588 3702 2568 3462 3822 1110 1614 1248 900 5244 798 2682 1290 3318 2970 2982 1194 1488 3618 3828 4152 1536 3330 1464 1116 4080 1224 2796 4452 3942 2442 1548 810 1962 1446 1554 3312 1716 2142 3108 5280 1440 2994 2214 4026 3948 1074 2142 2880 1530 2058 1134 3498 1932 3480 2280 1938 4026 492 2226 3156 4896 3036 102 3828 2448 1866 2376 726 1314 4068 1542 3612 2514 3936 1914 2256 1632 3306 1200 522 3126 3432 2940 696 3936 2550 2964 1440 1236 3558 2880 4770 2556 1140 3066 4248 3132 384 636 3492 3888 3288 996 3090 3912 2388 3288 5328 3480 2076 2358 3504 2658 2334 1242 3420 1716 3540 3450 1866 996 1380 1614 2868 2952 4356 3528 1218 1512 1806 2304 1746 1854 3672 2904 1380 4788 3054 3606 1218 3972 3186 1626 708 1506 1338 1386 4104 3360 846 1410 2904 600 4152 3606 2208 1362 4554 996 4152 4866 3450 2610 1344 3180 2118 3684 5184 2628 888 2712 1014 4668 2760 966 186 4968 1476 1968 2418 1992 2232 582 2802 714 3444 3180 4644 2400 852 2400 3552 1344 1548 3480 2430 1182 3780 2952 900 3522 3090 3852 618 282 2904 4038 1902 4716 1668 4872 486 522 3600 2838 606 3804 942 2214 3720 1320 2154 4272 2622 4434 2934 2946 1584 3342 2118 4374 2976 3054 1542 1158 3306 846 954 4194 3054 558 3942 852 1704 3912 666 1800 3588 2652 2946 1068 3918 2790 702 3282 4182 4656 3618 912 3426 2016 3720 3840 3528 3360 1674 846 4020 3756 744 3810 3150 3798 876 3654 2862 2328 2724 2256 3882 504 2598 3846 2022 3132 5112 4668 3042 864 1026 3696 3756 1482 3612 4632 1182 1482 1554 4092 552 3396 3612 2322 3144 3882 
7550 6530 7690 5950 8240 7420 3130 4900 1180 5850 7600 2350 4260 7760 6670 7060 6830 9980 4630 2880 2590 6780 4670 6200 3340 5450 3350 7390 8200 6660 7790 8160 6190 6670 2600 4890 6730 8740 3090 7330 6970 6930 5940 9740 3680 1230 6720 3680 3210 7260 7290 3080 8870 2630 7140 7280 4970 6810 7570 3010 3480 2310 1550 9870 2090 5430 2860 6570 6040 6030 2660 3050 7190 7490 8080 3630 6590 3520 2020 7810 2120 5810 8600 7690 5070 2990 1810 4260 3610 3340 6640 3560 4670 5820 9940 2740 5860 4820 7720 7580 1270 4060 5940 3750 3770 2950 7020 4380 6480 4910 4270 7860 1610 4820 6420 9310 6090 1350 7560 4380 3810 5140 900 1810 7890 3210 6940 4570 7730 3590 4930 3700 6520 3020 750 6140 6840 5910 2170 7570 5240 5670 2760 3200 7120 5580 9120 5330 2500 6250 8210 6180 1090 1100 7010 7670 6570 2790 6250 7470 4200 6530 10010 7000 4310 4840 6990 5140 4430 2530 6740 4020 7030 6930 4160 960 3110 3600 5760 6120 8430 7040 3060 3660 3240 4970 3350 4000 7130 6040 1690 9140 6230 7200 2660 7770 5980 3710 1730 3670 2300 3500 7810 6340 2270 3320 5870 1630 8000 7130 4880 2940 8710 1460 8050 9210 6930 5140 3440 6490 3910 7340 9770 5560 1910 5700 2870 8880 5800 2780 960 9440 3610 3470 5230 3860 4860 2150 5870 2220 6860 6500 8930 5060 710 5060 7120 2470 3350 6870 5170 3140 7390 6090 1280 6790 6340 7520 2070 1310 5730 7890 4200 8950 3670 9240 1520 1660 7190 5420 1830 7230 2760 4820 7260 2380 4770 8220 5550 8530 5710 6030 3750 6530 4660 8470 5810 6110 3560 1840 6680 2290 1610 8100 6250 470 7680 1320 4020 7570 550 3880 7070 4760 6020 2830 7500 5840 2300 6620 8110 8940 7220 960 6730 4480 7220 7570 6960 6210 3920 2570 7820 7450 1830 7350 6180 7400 2650 7090 5180 4980 5420 4960 7610 500 5450 7480 3970 5520 9670 8880 6270 1450 2770 7350 7320 3580 6900 8900 2170 3010 3670 8000 1880 6750 7150 4700 6440 7590 
4374 5670 3654 5211 5004 6282 1503 4518 3060 1989 4302 3564 1035 6138 2745 3618 6120 7290 4500 927 1008 4320 5535 4473 4437 3348 2646 4572 5058 5445 5220 5229 4347 3762 927 4113 4734 6264 3024 3564 3006 5571 4734 7155 5112 2169 5985 2628 3204 3843 4347 3474 5940 4131 3465 5256 5130 2889 4581 2313 477 1854 2214 7209 1395 4563 3609 5103 2268 2214 3564 4023 4779 3573 5436 540 2682 2871 1998 3762 4122 3816 5742 3834 1305 4275 3402 3654 2025 630 2871 4077 1197 5895 7263 4212 5265 3294 3681 6075 2898 4914 3996 1809 4977 801 4095 1449 6336 1377 3438 5391 2889 3447 2871 6597 2241 2286 3942 5553 4230 2097 2664 2808 5769 936 5913 5544 5166 4734 3105 3384 5211 2907 3204 5247 4806 4743 1377 3546 1440 5553 4185 2466 4446 5319 6246 3996 3609 2646 5904 5166 2286 2385 3771 4707 2736 1134 2466 6219 5535 5004 7335 3825 4194 4365 3321 5202 5067 3870 2817 1242 4941 3492 657 3042 3537 108 1908 3384 5751 3393 648 2646 4761 3411 4464 351 3150 3141 3159 6381 2646 4302 3645 4014 5949 243 3231 1125 4266 2043 3762 6057 3024 315 4599 1809 6030 3285 2169 3735 6336 2502 5733 6876 4383 4950 1872 3339 5013 4464 7128 2430 3510 2529 1440 6651 3141 2232 2475 6660 2520 5013 2718 4644 1584 2115 2835 2646 4860 3465 5904 1368 3015 1386 3879 4167 3771 2952 3663 2268 5454 2700 3762 5778 3717 5517 1494 2124 1935 5382 621 6723 198 6786 2943 2898 4500 5454 1620 6264 1548 1476 3303 4167 2790 6048 3357 6030 5301 2394 783 5427 3249 5508 5247 4806 3276 2349 4275 1206 3789 5922 2772 2853 5598 3681 1530 5841 2880 3807 5184 5769 2295 2718 6156 2862 2358 4374 5715 5931 3933 2889 5310 3213 5706 3888 3069 6291 1017 1413 5571 4689 3249 3348 5283 3429 2016 3114 5958 3618 4878 2340 3789 3123 3816 3501 4590 6471 6921 6624 3330 3681 936 4590 3357 792 6039 5931 1926 1188 567 4392 1611 4986 5031 4527 3420 3708 
4545 4941 4563 4446 5184 5625 711 3654 2016 3006 4545 2466 1413 5625 3762 3987 5355 7137 3582 180 270 4140 4491 3996 3357 3006 1746 4554 5184 4806 5076 5238 3915 3807 576 3330 4365 6048 2025 4176 3969 4986 4095 6966 4023 1431 5220 1827 2205 4185 4392 2430 5931 3033 4014 4887 4176 3753 4644 1350 1296 1782 1782 7047 873 3816 2538 4545 3024 3033 2484 2943 4572 4320 5319 873 3564 1980 1773 4689 3024 3438 5706 4500 2241 3177 2313 2817 1341 1305 3555 3042 1782 4968 7101 3114 4464 2718 4608 5526 2403 3861 3600 1278 3897 297 4140 1557 5445 1998 2646 5202 1791 2817 3366 6471 3123 1278 4410 4482 3222 2268 2007 2511 5427 1458 5229 4482 5013 3654 2637 2457 4608 1899 2214 4518 4446 4086 504 4473 2412 4653 3087 1548 4356 4446 6201 3384 2520 3204 5634 4473 1485 1737 4005 4752 3501 144 3204 5598 4455 4464 7173 4014 3267 3519 3870 4266 4041 2772 3690 1233 4599 3870 1368 2457 2493 1134 2889 3348 5634 3915 441 1836 3663 2853 3384 1449 4077 3195 2781 6282 3186 4329 2556 4581 5040 1044 2142 918 3168 1314 4743 5193 1926 783 3978 1152 5634 3996 2124 2664 6084 2070 5472 6597 4239 4059 1161 3537 3942 4473 6957 2655 2412 2772 495 6345 3060 1224 1566 6561 1719 3915 2565 3600 1962 1017 2979 1548 4482 3591 5940 2160 2340 2160 4113 3069 2745 3789 3096 1359 5058 3087 2718 5085 3618 5139 567 1242 3006 5202 1431 6408 1233 6561 1854 1809 4419 4527 891 5562 558 1917 4140 3069 2376 5724 3060 5841 4464 3006 954 4761 2619 5526 4446 4194 2331 2070 4077 630 2709 5598 3222 2052 5247 2628 1314 5364 2133 2853 4770 4707 2997 1692 5562 2970 1269 4104 5481 5958 4185 2295 4743 2538 5166 4401 3861 5364 1116 324 5292 4635 2151 4293 4554 4266 981 4059 4923 2997 4068 2241 4419 2178 3294 4338 3555 5418 6804 6327 3402 2610 171 4545 4203 801 5310 5940 1782 1548 900 4824 756 4527 4698 3618 3537 4410 
4806 4923 4905 4428 5436 5643 855 3591 1683 3330 4815 2205 1746 5697 4086 4284 5328 7317 3492 513 405 4320 4302 4095 3132 3168 1701 4770 5436 4842 5256 5463 4023 4050 666 3321 4491 6219 1890 4500 4311 5031 4122 7128 3771 1152 5193 1836 2079 4473 4635 2259 6138 2763 4329 5013 4050 4095 4878 1296 1512 1701 1575 7218 747 3816 2331 4608 3357 3375 2250 2718 4743 4653 5508 1206 3897 1935 1647 5031 2718 3573 5913 4833 2574 2934 2007 2772 1449 1494 3888 2871 2115 4851 7272 2853 4428 2799 4950 5589 2160 3672 3726 1458 3672 612 4383 1863 5355 2331 2637 5373 1485 2880 3681 6660 3456 936 4716 4257 3060 2556 1728 2313 5562 1593 5229 4284 5202 3429 2763 2376 4644 1773 1872 4518 4572 4113 297 4815 2745 4563 2826 1503 4563 4374 6408 3438 2268 3528 5778 4482 1188 1467 4284 4986 3843 414 3546 5625 4212 4536 7344 4284 3168 3465 4194 4149 3870 2511 4032 1530 4734 4167 1710 2187 2322 1413 3222 3582 5823 4239 756 1845 3402 2943 3159 1746 4419 3456 2565 6480 3510 4563 2322 4905 4941 1368 1836 1215 2871 1395 5076 5121 1683 1080 4023 909 5742 4329 2376 2448 6237 1854 5625 6741 4437 3978 1269 3816 3726 4707 7128 2943 2115 3069 603 6471 3294 1125 1233 6750 1737 3663 2781 3411 2277 765 3249 1314 4608 3852 6165 2502 2052 2502 4383 2781 2574 4131 3168 1332 5166 3393 2394 5094 3834 5256 279 927 3321 5382 1764 6534 1512 6714 1548 1503 4626 4419 666 5562 576 2241 4482 2781 2529 5859 3222 6003 4401 3339 1287 4779 2691 5751 4401 4239 2250 1908 4257 567 2394 5733 3537 1737 5373 2295 1575 5454 1827 2745 4878 4509 3330 1548 5598 3240 1062 4266 5643 6183 4464 2025 4797 2583 5229 4716 4194 5247 1431 297 5436 4851 1854 4626 4554 4608 882 4392 4743 3060 4023 2484 4752 1836 3393 4671 3384 5220 6993 6462 3654 2286 459 4752 4536 1134 5292 6165 1674 1620 1242 5121 477 4626 4842 3537 3798 4743 
3465 3030 3575 2740 3815 3470 1260 2220 400 2670 3490 995 1840 3620 3085 3225 3195 4700 2095 1150 1020 3090 2220 2815 1535 2425 1390 3390 3795 3075 3600 3775 2810 3030 1045 2190 3080 4080 1280 3370 3225 3205 2705 4580 1760 415 3135 1545 1350 3325 3335 1315 4130 1200 3270 3355 2300 3130 3475 1205 1515 1050 695 4645 815 2465 1230 3015 2735 2735 1135 1360 3300 3455 3740 1530 3020 1480 915 3640 1000 2610 4000 3555 2270 1370 745 1870 1495 1455 3030 1585 2045 2740 4680 1255 2700 2120 3595 3530 715 1890 2680 1565 1780 1190 3205 1890 3060 2165 1865 3635 560 2125 2910 4360 2775 370 3475 2100 1715 2265 440 960 3660 1415 3230 2175 3565 1675 2165 1590 3000 1240 280 2830 3130 2695 805 3520 2355 2640 1260 1305 3255 2585 4260 2390 1070 2830 3815 2840 320 445 3200 3530 3000 1100 2835 3490 2025 2995 4715 3195 1930 2180 3195 2380 2065 1120 3095 1710 3225 3160 1805 610 1335 1550 2615 2755 3915 3215 1255 1535 1535 2195 1545 1750 3300 2715 960 4275 2820 3295 1145 3585 2810 1585 680 1530 1095 1445 3650 2975 895 1395 2670 600 3725 3275 2130 1280 4070 720 3735 4320 3160 2360 1410 2940 1840 3365 4595 2475 805 2545 1130 4160 2590 1090 185 4420 1505 1665 2310 1775 2135 770 2625 835 3140 2940 4160 2250 480 2250 3250 1145 1465 3155 2295 1270 3415 2740 635 3155 2865 3475 750 380 2625 3650 1825 4195 1590 4335 530 590 3290 2525 665 3385 1075 2115 3350 1110 2085 3825 2470 3975 2640 2725 1585 3015 2040 3930 2680 2790 1520 890 3040 895 745 3765 2825 215 3555 620 1705 3515 320 1705 3255 2280 2720 1140 3500 2615 855 3015 3765 4165 3305 560 3105 1950 3345 3480 3195 2940 1665 980 3620 3420 725 3415 2850 3420 1020 3280 2475 2205 2480 2170 3505 180 2435 3460 1815 2670 4540 4160 2825 665 1100 3370 3380 1500 3220 4150 985 1330 1550 3695 665 3095 3285 2130 2910 3505 
1740 3504 1434 3288 2130 3768 1596 3030 3012 882 1650 3072 792 3492 1212 1146 3840 3846 3114 1620 1800 2028 4044 2460 3480 1692 2100 2016 2196 3234 2532 2388 2334 1482 1854 2664 2490 3240 2460 1068 1188 3258 2826 3786 3978 2658 3744 1956 2550 1302 1818 2790 2862 3438 996 2784 3564 900 1950 2034 1590 2556 2772 3804 2178 2862 2964 2928 342 450 2988 3228 2322 1152 2646 1182 810 2190 2646 1548 3564 1980 2754 1266 654 3450 3096 2520 1602 1710 636 3114 552 3990 3828 3474 3366 1968 1488 3498 3222 3678 2100 1404 3828 1584 1668 810 4176 408 2334 2688 2808 2100 606 3378 600 2574 1314 4158 3168 654 3024 3192 3060 1908 3582 4080 2502 3672 1746 2514 3054 2406 3186 3240 2508 2844 2052 1410 678 3720 3450 2052 2004 3522 3084 2376 3066 450 3078 3144 2712 2832 1320 2040 636 1680 432 3690 4200 2850 3882 1380 2958 2916 894 3570 3696 3258 876 990 2568 1062 888 3300 2832 1374 756 1362 2832 942 1524 1980 3792 1998 3504 1206 1170 1134 3420 3216 450 1812 3048 1362 3984 1194 3000 1188 3630 1662 1668 3954 2718 1428 2724 2436 3288 930 936 3036 3330 2970 2964 3696 2034 3342 1602 1098 3816 1926 3750 660 3144 660 1698 3594 1284 2076 2778 3390 1914 3948 1200 3504 486 2244 906 2496 2556 1242 2808 438 3258 420 1398 3510 2940 870 2142 1956 2946 582 3480 3510 1608 2958 2106 2562 1140 2658 900 3630 1380 3594 2862 2802 2040 3714 2280 3822 1782 474 1092 3540 1548 3222 1662 3084 3462 276 1098 3264 2004 2562 3372 2826 2484 2880 2034 2022 3420 3138 570 3096 2976 3408 1104 3264 3138 2784 2796 4230 282 2340 3618 954 2310 2166 2916 2826 1404 3198 3072 2052 3270 1272 870 4230 1008 1836 2892 2118 2982 1326 3258 1170 2016 1182 4272 2184 3168 1032 1224 3180 2154 1212 3414 4650 3582 3564 1224 3378 1686 2058 1134 1200 3726 2844 2598 2088 1152 1620 2226 2736 2610 3114 1224 1206 
5790 2960 7740 2410 6340 3870 3070 1420 2530 6450 5980 1340 4360 4430 7230 5870 3180 7060 1060 3720 3800 4450 1440 3340 680 3380 1880 5240 6190 3260 5250 5900 3460 4900 4120 1760 3940 5870 1350 6620 7310 3560 2720 6780 1390 3820 3090 2100 1160 5950 5320 860 6410 1260 6310 4350 1280 6860 5550 2160 5010 5030 4520 6950 4070 2130 870 3370 5940 6080 1040 660 4660 7070 5520 4230 6700 1710 4850 7950 1900 3410 6140 7060 5590 930 1870 1420 2730 5010 6240 180 4770 2160 7020 1190 2270 2530 7850 4200 4750 770 3420 3060 1070 3870 5140 4060 2800 4940 1690 5180 2220 2370 5680 6530 6290 3030 6460 1560 170 4360 4180 5200 4890 5150 3400 1460 5190 850 2890 1180 3220 1480 2930 2660 4060 2670 3630 7710 5780 1970 1150 2030 4900 1910 6550 2500 1180 5690 5300 2760 3660 4080 5540 5600 6390 3480 6060 3960 1650 3390 7070 5450 870 1450 6220 1440 920 1200 6820 3880 4230 5780 4670 4540 800 4780 6260 4400 5810 6190 4020 2050 1290 2610 700 5070 7310 4570 5250 6440 5650 5210 1030 6860 2300 4560 1960 3700 1820 2640 8140 2640 1620 4400 2730 3920 4860 6700 3880 760 5760 4680 5180 6130 4630 1490 2790 5120 1010 5270 6850 4630 1780 4750 3110 5770 4150 2230 3310 6700 2170 1450 3760 480 4570 2540 4640 1960 4030 4960 6570 5300 4270 5280 5600 1490 520 6810 2610 2240 4360 5250 2600 3260 4370 4510 3500 3460 6620 5250 4790 5830 4910 6260 2260 2160 4950 1730 3800 3630 2990 4640 7160 1620 3040 5190 3500 5730 2070 5650 4090 3090 2380 6160 2220 2920 1220 4950 4330 3970 2230 5100 5480 3750 4690 2500 3580 4340 3960 800 4080 1720 5810 1690 4040 4560 2200 4120 5310 6560 5740 4440 3460 2190 3900 6590 6760 2570 4010 3200 4950 5210 1870 7570 2690 7270 2480 7320 1900 2400 1890 3800 6900 3200 2860 7320 380 2480 6860 5800 4710 2340 3770 5140 7220 3970 3290 6490 4940 5170 4230 6720 3580 3740 4340 1140 4900 7040 
1720 5450 2460 5190 2330 5720 3410 4990 5800 2470 1530 5660 2320 5100 2710 670 6000 5300 5210 3680 4020 2560 6890 3580 6160 2500 3910 2320 2470 4900 3220 2850 3350 1530 4160 4350 3460 4370 4520 1000 2460 4870 4340 5220 6970 5430 5840 3600 4630 940 1960 5050 3610 6220 700 3860 5940 1830 2130 3940 3850 5410 5710 5230 4690 4550 5380 4340 1300 1560 5460 5780 2990 1540 3360 3030 1840 3990 5540 2690 6540 2840 3450 1450 2310 6170 5810 4290 3180 4040 940 5470 2030 6520 5270 6260 5360 3210 2600 5160 6450 6350 3010 2900 6680 3650 1750 2120 6730 1830 3980 3510 5400 3420 260 4520 1810 5170 1050 7160 5500 1400 6070 6440 4230 4380 5490 6980 3180 6440 2810 4430 4600 4460 6140 5050 3460 4380 4400 2520 2320 6060 6220 3890 2380 5720 3990 3710 5620 550 4180 4860 5500 5750 1030 2280 1290 3720 1190 5560 7270 4210 5360 1170 5020 4800 600 5910 6300 5930 1860 2480 3520 540 2630 6550 5100 3470 2280 1590 3650 580 3590 3640 6730 3200 6190 3220 2270 1230 6810 4240 530 1980 5560 1300 6480 3130 5660 2840 6630 3300 3040 6340 5120 3500 4180 5090 4640 1210 1790 5480 4550 6040 4000 5150 2510 5490 3260 840 6630 2150 5140 1010 5870 880 3650 5030 1650 4070 5540 4520 3560 6960 1860 6090 1670 4500 1000 4800 3550 1140 3500 1960 6440 1930 1150 6380 5220 1670 3360 3790 4140 420 6540 5380 1930 4130 4470 5220 2950 3450 2670 5090 3490 4940 5500 5380 2430 6100 4820 5870 3770 1750 1860 6450 2580 4460 2400 4110 5570 860 2820 4990 3320 3110 5380 4280 4430 5930 2600 4420 6390 4320 280 6120 4120 6410 2510 4710 6220 4830 3950 7220 1140 4420 5410 1090 4530 2880 3890 3530 1140 6370 4570 3470 4820 1070 1470 6880 2600 3930 3910 2500 5620 2490 5070 1910 4050 2340 7200 3500 5110 1830 1280 6170 3290 1940 5900 7840 4840 4970 1240 6340 3810 2420 1910 2980 5770 3570 5480 4670 2980 1530 4690 3930 3560 5190 1140 1440 
2988 1341 5769 1170 3321 1737 3294 1494 4392 5247 3231 3564 3708 1620 5751 3483 1836 3681 1827 4023 4284 1593 3303 396 3303 1404 2466 2295 3132 909 2088 2763 594 2367 4581 1116 891 2592 2646 4374 5652 999 378 3429 3861 5031 1701 2241 2556 3447 2493 2781 3123 3753 4068 1215 2268 5112 2637 2844 5022 5769 5589 3573 4824 837 3078 531 4383 4599 3249 3195 1611 4932 2322 4032 5058 2277 5724 5976 4293 999 2889 4761 4644 3510 3978 1620 2664 5121 4365 2673 3888 2502 3636 3726 1359 1287 5895 1512 6048 3087 846 2799 3537 4113 2430 3267 2547 3924 1575 1989 3978 1188 3726 3177 4833 4383 3978 3708 2538 2988 5535 6327 1728 5364 1431 3438 2043 3411 1476 2115 648 2709 4797 999 990 432 4374 5805 4779 2088 3681 2646 1998 1791 3213 639 3438 3870 2079 819 4959 5346 3042 2628 4617 3861 4401 1656 3906 459 3690 2916 1899 1404 4050 2160 2862 3609 5112 3357 1125 3456 4149 5967 2781 4680 5049 2133 2556 3978 4194 2241 3852 1161 3330 4743 5535 2448 6507 3105 3834 2394 3303 4410 2412 4338 3960 3447 4266 2691 6264 2196 3402 4428 270 4932 1773 4644 2628 3078 2502 5841 1962 2889 1737 1782 2844 2853 3420 2385 3492 2979 3951 3015 3510 2583 2088 3060 4761 3330 2340 3951 2142 2961 3492 3645 2709 3429 945 2610 3294 4275 5760 4239 3042 3969 2664 5004 918 2772 1251 3375 4752 1314 1881 1377 4320 4689 5571 2052 4266 2637 4770 2970 4059 3933 2016 2223 4707 1782 3492 3609 5220 4077 1800 2016 1458 2457 1602 3987 3789 945 1377 2961 1386 297 2232 5958 1485 4617 4455 1917 3564 5301 1539 4635 3051 1395 5472 2106 981 3600 4230 2880 1584 2628 3411 1224 2079 3285 3168 5832 738 1485 1152 4158 4860 2754 3573 3780 1755 2214 3879 5751 1017 5274 3267 5580 3402 1008 1296 2457 4581 4977 765 5301 2745 3942 3474 2592 2448 4509 4140 2178 5265 3789 1647 3204 5751 5517 3996 4041 4500 675 1224 1773 2583 4806 
4680 459 7506 675 4932 1062 4437 1476 4770 6867 4941 3735 5166 1863 7425 5238 315 4455 1665 5166 5355 3276 2367 2124 3033 3087 3348 3942 4725 1062 3510 4275 2331 4113 5661 1773 2448 3573 3231 6120 7353 1278 1395 4176 3267 5769 261 3285 3069 5193 4185 3078 4437 3654 5823 2466 1485 6831 4293 3753 6282 6723 6390 4356 5778 1341 3258 1539 6075 6273 3438 3150 3177 6678 3690 5355 6759 3114 6615 7713 4239 2736 4239 6507 6201 3330 4212 2277 3861 6345 6093 2637 5418 1107 4419 3582 630 2691 7623 1620 6705 2520 2592 4086 2979 5283 4158 4752 864 5490 2457 3321 4428 2511 5463 4185 6507 5058 5724 2853 2412 4626 6174 7065 2709 6552 738 2538 3483 2970 2997 2691 1278 3339 5157 756 2511 1350 5337 7533 6345 882 3546 3555 3654 828 4428 2034 3591 5589 3105 927 5652 6048 4788 4257 6336 4968 6102 1215 3096 1656 4446 4653 1971 1584 5796 1314 2160 3636 6822 4770 2583 5211 5580 6543 3042 5976 6669 3879 3825 5733 5391 3267 3447 2619 3033 6120 7254 4185 7164 4212 5553 4086 3447 6156 936 5679 4266 4779 4149 3843 7992 531 3834 5679 1539 5769 2484 6390 4221 3186 3384 6579 3078 3528 3411 1206 4014 4608 2826 4050 4284 4662 4140 4716 4599 3204 3825 3933 5373 4365 3393 3438 3798 2547 5067 4428 4437 4032 2439 4365 4653 5841 6309 5814 4779 3861 2817 6723 2394 3735 2313 5094 4887 702 3627 2430 5247 5427 7155 3402 5697 3240 6084 3735 4491 4383 3672 1143 5598 774 4536 5175 6957 3978 3312 2880 3159 3537 693 5688 5139 909 2691 4410 648 1458 2826 6777 3186 5625 4563 2853 5301 5841 2592 4797 4446 1980 6021 2394 2214 2592 5922 3564 1350 4347 4140 2907 3249 4635 4905 6444 1413 2691 1557 5904 6588 1170 4968 4806 2916 3834 4185 7470 729 7020 4167 7290 2241 2358 1026 4059 6336 5382 2376 7047 2376 2655 4410 3249 4203 4662 5256 3816 7002 5103 477 4536 6669 6642 5337 5769 5382 2025 2628 1611 4329 6552 
5590 7230 4140 6720 6270 7910 2550 5920 3910 2220 5470 4640 2000 7740 2970 4660 7730 8940 5880 1810 1750 5660 6950 5890 5670 4630 3820 5890 6350 6980 6650 6590 5750 4980 1490 5490 6170 7810 4190 4420 3350 7130 6190 8790 6390 2640 7570 3820 4400 4920 5610 4660 7380 5270 4370 6740 6570 3390 5860 3420 510 1810 2440 8850 1830 5990 4770 6600 2920 2780 4700 5220 6180 4290 6880 1530 3160 4070 2060 4210 5160 5150 7170 4640 1740 5460 4390 4970 3160 550 3610 5340 2040 7430 8900 5360 6770 4590 4140 7680 3140 6250 5360 2940 6270 1660 5330 2480 7940 2180 4740 6850 3800 4760 3770 8160 2710 3020 4930 6920 5530 3140 3050 2900 7300 660 7500 6940 6590 6010 4380 4630 6720 4060 3970 6760 6240 6200 2040 3990 1820 7070 5340 3610 5770 6810 7740 5370 4720 3490 7440 6670 2820 2770 4900 6010 3370 2050 3140 7840 6880 6490 8990 4970 5530 5750 4210 6650 6450 4980 3300 2290 6390 4520 1510 3380 4730 820 2220 4590 7220 4300 1510 3850 5970 4720 5700 810 3570 4290 3320 7910 3500 5580 4780 4940 7500 1190 4200 2180 5330 3190 4120 7630 4070 1160 6050 2260 7600 4010 3290 4910 7910 2710 7250 8510 5730 6400 2990 4450 6330 5760 8760 3480 4510 3560 2430 8280 4340 3300 3120 8210 3700 6260 3900 5960 2520 3050 3940 3650 6300 4620 7330 2020 3420 2050 5020 5270 5000 3510 5000 3390 6970 3670 4650 7350 4980 7040 2190 2730 1960 6830 1410 8350 710 8400 3850 3830 5840 6940 2140 7890 2540 2390 3870 5260 4030 7610 4640 7560 6800 3180 1800 6960 4540 6900 6750 6270 4510 2430 5630 1740 4740 7470 3700 3390 7120 4570 2630 7410 3360 5090 6670 7190 3000 3830 7770 3980 3360 5750 7210 7360 5060 3230 6830 4500 7270 4830 3700 7870 2040 2320 7080 6030 4230 3750 6800 4010 3050 3510 7430 4950 6340 3490 4630 3820 5170 4090 5910 7980 8520 8250 4500 4600 1760 5920 3920 1810 7640 7370 1930 940 1560 5450 2240 6470 6490 5920 4580 4480 
2696 1888 4648 1528 3128 2400 1992 1232 3080 3960 2856 2456 2464 2376 4480 2856 2312 4024 1424 2648 2872 1640 2800 984 2464 792 1296 2256 3016 1664 2352 2808 984 2000 3144 720 1416 3032 1544 3552 4448 1800 1032 3824 3056 3560 2184 1072 1504 2888 2312 1776 3272 2736 3288 1848 1992 4000 2504 1616 3560 4200 4048 3928 3352 952 2064 1408 3296 3464 2200 2264 1872 3984 2584 2696 3920 1152 4152 4824 3160 792 3056 3904 3368 2576 2776 808 1440 3640 3392 1872 2680 2472 3984 2728 1624 248 4752 2280 4472 2448 832 1576 2784 2736 2176 2088 2704 2736 632 2360 2704 120 2864 3504 3664 3000 3328 3072 1816 1992 4024 4704 2336 3856 2080 2888 2304 2624 536 1152 1464 1576 3440 1512 1504 1040 2952 4656 3504 2104 2688 1440 1984 1840 3424 376 2368 2936 2592 1416 3504 3840 2544 2544 3576 2504 3352 2360 3200 1336 4040 2456 1320 1080 3240 1968 2344 2560 3992 2128 1656 2800 2840 4408 1792 3264 3792 1624 2840 3200 2808 1080 2960 200 2488 3352 4384 1816 4872 3392 2904 2224 2256 3680 2456 2976 2736 2176 3168 1456 5048 2400 2232 3024 912 3456 2448 3704 1624 2096 3000 4272 2472 3400 1776 1632 1600 2248 2712 2280 3856 2080 2768 2144 2184 3136 1472 1808 3336 3624 1152 3096 1296 2272 2368 2336 1952 2192 1512 2088 3376 3056 4232 3024 2576 2904 1760 3928 168 1544 1952 2520 3472 1960 1568 2048 2912 3264 4216 2400 2944 3192 3352 3424 2784 2672 2032 2120 3256 2392 2176 2464 4160 2992 808 2608 888 2872 1744 2984 2488 1648 296 3032 1624 1104 1232 4368 1544 3168 3232 2504 2704 3832 2168 3360 1840 2160 3976 1312 1688 3072 3176 1704 2312 1880 2144 1416 2536 3376 2696 4288 1576 400 1952 3456 3832 2776 2312 2432 2288 2240 2672 4584 1544 4232 1984 4408 3008 40 1360 1488 3760 3584 392 4264 2096 3520 3792 3136 1896 3256 2744 2184 4208 2472 2208 3320 4176 3976 2672 3488 3072 1448 1752 1400 2048 3912 
3690 2900 3995 2610 4025 3350 1565 2090 370 3120 3735 785 2220 3570 3540 3515 3025 4760 1940 1560 1460 3220 1870 2845 1220 2565 1485 3555 3990 2995 3705 3935 2860 3240 1520 2135 3130 4140 1280 3715 3665 3140 2660 4630 1360 925 2975 1660 1315 3600 3530 1200 4265 860 3605 3390 2065 3545 3665 1360 2005 1555 1190 4700 1310 2390 1060 2985 3130 3145 955 1105 3405 3835 3855 1945 3440 1540 1420 4070 580 2710 4130 3915 2705 1045 530 1835 1715 1950 3400 1385 2435 2475 4735 910 2555 2200 4025 3465 1110 1575 2760 1825 1410 1615 3405 2225 2810 2555 1870 3720 585 2180 3245 4440 3195 750 3785 1710 1505 2570 890 1380 3690 1920 3110 1815 3675 1330 2290 1555 2945 1260 240 2725 3190 2645 1255 3950 2795 2420 925 1430 3405 2390 4380 2405 860 3180 3865 2750 830 945 3455 3710 3390 1485 3225 3385 1620 2975 4770 3440 1790 2075 3535 2155 1770 835 3515 2055 3280 3455 2225 965 1205 2015 3060 2960 4020 3550 1685 1645 1140 2275 1225 2215 3730 2950 1325 4370 3170 3480 945 3920 2560 2030 535 1885 670 1660 4095 2750 850 1850 2640 1105 3720 3645 2400 1085 4115 1180 3790 4345 3300 2180 1655 3200 1485 3540 4655 2770 555 2840 1460 4170 2800 1265 665 4510 1640 1255 2525 1490 2485 1020 2890 915 3190 3180 4310 2660 835 2660 3500 770 1310 3560 2350 1435 3430 3060 160 3040 3040 3500 1185 860 3095 3745 2255 4205 2065 4375 535 600 3440 2290 1155 3245 1390 2480 3755 715 2250 3850 2615 4045 2470 3090 1975 2925 2115 4085 2530 2755 1495 1365 3165 1370 335 3795 3155 640 3585 190 2015 3490 720 1600 3275 1905 3105 1200 3410 2870 1020 3115 3830 4315 3560 955 3055 2020 3295 3805 3590 2665 2035 1345 3675 3575 580 3845 2740 3825 1250 3715 2120 2250 2350 2425 3860 335 2495 3860 1555 2280 4620 4175 3055 265 1525 3525 3790 1890 3075 4290 1490 1845 1960 3985 1125 3110 3340 1975 3145 3870 
2051 1379 4151 1218 2345 1666 2338 1330 3339 3752 2233 2758 2583 1491 4137 2387 1764 2877 1568 2891 3108 987 2758 217 2653 756 1778 1547 2212 1036 1491 1967 238 1533 3332 952 602 2016 1988 3073 4060 1078 609 2702 3122 3752 1659 1582 1939 2366 1673 2149 2303 2954 2835 966 1974 3640 1799 2058 3633 4277 4172 2800 3549 861 2394 700 3073 3241 2520 2527 1085 3500 1687 2863 3598 1652 4249 4312 3353 441 2114 3374 3297 2786 3052 1246 1848 3717 3052 2142 2709 2226 2849 2940 1351 784 4249 1442 4557 2548 329 1925 2877 2961 1603 2240 2296 2730 1155 1463 3010 749 2562 2443 3423 3276 2779 3052 2058 1995 4165 4746 1400 3920 1442 2863 1449 2758 868 1610 826 2023 3654 1099 686 637 3199 4179 3395 1904 2905 1904 1309 1666 2415 427 2667 2667 1631 966 3710 4004 2051 1813 3255 2779 3087 1589 3192 616 2898 1960 1575 1232 2814 1904 2394 2821 3640 2324 812 2366 2926 4501 2156 3367 3598 1323 1897 2765 3017 1589 3087 679 2674 3402 3969 1568 4900 2359 2646 1596 2569 3108 2170 3094 3024 2415 3346 1876 4536 2023 2583 3178 497 3654 1505 3276 1729 2408 1981 4368 1526 2324 1113 1603 1988 1890 2800 1603 2730 1981 3045 2009 2520 2100 1288 2226 3570 2555 1645 3185 1337 2422 2394 2688 1771 2569 679 1701 2415 2996 4347 2975 2058 3115 2100 3549 511 1988 1064 2282 3661 1358 1148 1141 3171 3493 4011 1505 3017 2149 3437 2352 3080 2982 1337 1988 3472 1722 2513 2492 3724 3192 1106 1631 798 1883 1533 2765 2667 1078 882 2142 1372 567 1687 4445 903 3374 3444 1540 2436 4004 1246 3570 2093 1274 4130 1673 833 2996 2954 2135 1526 1701 2527 721 1589 2415 2156 4396 868 994 1155 2912 3437 2443 2499 2737 1358 1505 2968 4137 1120 3766 2373 4004 2877 630 1253 1589 3241 3780 329 3787 2261 3304 2688 2093 1575 3472 2989 1470 3759 2674 1624 2359 4270 4046 2835 2849 3311 630 896 1533 1680 3409 
1782 3420 1572 3192 2184 3702 1452 2916 2874 942 1710 2934 654 3444 1308 1218 3750 3864 2994 1482 1668 2004 3918 2394 3348 1620 1968 2028 2244 3162 2526 2418 2268 1488 1728 2556 2442 3240 2328 1194 1308 3192 2742 3798 3840 2526 3660 1824 2418 1374 1836 2658 2892 3300 1110 2748 3450 1032 1980 1890 1494 2442 2652 3816 2052 2766 2826 2862 480 564 2850 3090 2304 1290 2652 1050 936 2058 2532 1686 3420 1914 2778 1404 630 3312 2952 2400 1464 1614 774 2982 420 3882 3846 3330 3270 1866 1626 3444 3102 3552 2034 1266 3690 1446 1680 672 4080 288 2214 2682 2664 1998 702 3396 702 2436 1416 4026 3036 558 2892 3072 3036 1812 3510 3954 2496 3534 1650 2382 2982 2268 3042 3150 2466 2760 1914 1542 678 3612 3306 1914 1998 3420 3114 2286 2928 558 3060 3060 2580 2706 1368 2064 780 1542 576 3630 4062 2784 3900 1422 2838 2802 1014 3456 3570 3114 1008 846 2532 1134 774 3174 2694 1272 810 1332 2844 1056 1398 1848 3654 1902 3366 1116 1302 1110 3300 3234 552 1830 2910 1482 3876 1080 2856 1044 3492 1530 1800 3852 2580 1308 2646 2304 3252 1068 834 2898 3324 2844 2952 3690 2016 3234 1464 1116 3684 1938 3762 618 3006 636 1554 3582 1242 1932 2640 3414 1782 3810 1122 3378 342 2100 882 2352 2514 1248 2844 384 3126 360 1446 3366 2802 1014 2046 1812 2910 624 3336 3432 1578 2922 1968 2424 1176 2658 792 3618 1278 3594 2718 2658 2034 3600 2148 3750 1638 330 1236 3396 1446 3204 1590 3084 3360 408 960 3186 1896 2592 3276 2748 2352 2766 2004 1890 3282 3114 648 2964 2946 3264 960 3216 3006 2658 2754 4104 420 2202 3558 924 2172 2130 2904 2862 1458 3066 3006 1944 3216 1386 1014 4122 864 1692 2868 2124 2838 1452 3174 1308 1872 1308 4146 2082 3066 936 1356 3042 2070 1350 3288 4524 3600 3552 1212 3234 1554 2064 1278 1062 3648 2874 2490 1992 1026 1716 2088 2682 2574 3000 1230 1344 
1260 5319 2169 5175 1557 5427 4041 5148 6174 2853 981 6003 3060 4743 2817 567 5805 4374 5382 4293 4599 2520 6930 3627 6372 2880 4410 2025 1764 4770 2799 2241 3420 1638 4716 4581 3384 3717 4950 657 2484 4689 4383 4365 7101 5877 5679 4113 5031 558 1701 5400 2826 6489 549 3618 6012 1953 1728 4464 4392 5823 6111 4329 5202 4671 5715 4266 1872 2061 5796 6057 2790 1233 2853 3699 2061 4455 5949 2376 6795 3069 2754 882 2907 6417 6156 4608 3789 4563 1296 5733 2781 6453 4347 6516 5346 3600 2313 4842 6777 6489 3177 3564 6822 4266 1638 2889 6561 2592 4347 3087 5814 3780 1098 3717 2232 5625 36 7209 5742 2214 6444 6768 3834 4869 5292 7029 2781 6615 3258 4806 4509 4905 6489 5004 3348 4428 4941 2295 2880 6030 6471 4410 2214 5724 3168 3933 5958 1323 3681 4824 5931 6156 963 1836 1611 4329 1701 5265 7335 4140 4437 1098 5256 4986 684 5967 6408 6228 2016 3213 3357 648 3312 6876 5454 4059 2718 1953 3042 585 4203 4149 6903 3564 6408 3807 2232 1746 7101 3456 1323 1764 5886 405 6390 3771 6039 3537 6867 3897 2745 6210 5526 4113 4248 5562 4221 1152 2538 5796 3924 6408 3546 4428 2412 5580 3879 1242 6768 1872 4266 1854 6210 1728 4257 4392 2124 4608 5967 3663 4095 7101 2475 6264 2484 5013 1701 5265 3438 1431 2664 2646 6777 2619 981 6633 5526 1782 3663 4329 3870 1350 6840 5211 2133 3825 5004 5679 3294 3006 3348 4437 4068 4203 5904 5796 2232 6111 5319 5607 4365 2556 1746 6705 3114 3969 2781 3510 5571 1593 3519 4887 3726 2412 5373 4302 4815 6300 2592 4950 6687 3861 1215 6489 3771 6723 3231 4392 6579 5139 3771 7227 1773 4887 5103 1755 5031 2871 3402 2700 855 6714 4446 3879 4581 207 1539 6750 3321 4518 3519 2187 5994 2358 5022 1728 4599 2313 7164 3816 5184 2529 711 6525 3537 1710 6084 7740 3960 4329 1638 6651 4410 2142 1764 3663 5580 2763 5886 5139 3654 441 5202 3825 3357 5355 1476 999 
5166 4172 5509 3766 5635 4802 2142 3038 511 4263 5215 1211 3031 5089 4851 4893 4361 6720 2828 2093 1939 4536 2786 4046 1862 3612 2107 4998 5593 4291 5229 5530 4060 4536 2002 3073 4438 5852 1848 5152 5033 4494 3815 6545 2079 1141 4291 2345 1911 5019 4949 1771 5999 1358 4998 4809 3031 4879 5138 1911 2674 2009 1491 6643 1694 3444 1589 4263 4305 4319 1449 1680 4802 5299 5432 2632 4725 2198 1813 5607 987 3829 5810 5418 3689 1617 840 2646 2387 2597 4697 2065 3332 3612 6685 1435 3696 3122 5537 4949 1372 2359 3906 2534 2142 2163 4774 3066 4081 3500 2681 5257 833 3101 4494 6265 4382 959 5257 2569 2233 3556 1064 1750 5229 2541 4466 2709 5187 2023 3234 2254 4214 1813 238 3920 4515 3787 1645 5432 3815 3521 1449 2023 4795 3479 6167 3430 1323 4396 5467 3955 1008 1148 4816 5208 4676 2002 4445 4844 2443 4242 6734 4802 2618 3003 4900 3150 2625 1309 4830 2821 4648 4802 3024 1169 1785 2709 4186 4144 5670 4921 2261 2331 1771 3227 1869 2989 5124 4123 1680 6160 4382 4886 1435 5439 3731 2737 826 2576 1113 2310 5628 3990 1253 2478 3773 1400 5285 5040 3332 1631 5817 1477 5362 6146 4648 3171 2296 4459 2247 4970 6573 3843 896 3941 1988 5908 3920 1764 798 6363 2310 1932 3535 2233 3423 1386 4025 1302 4522 4438 6062 3640 987 3640 4886 1239 1939 4907 3346 2016 4872 4242 399 4368 4270 4963 1554 1071 4214 5285 3066 5957 2772 6188 763 861 4837 3346 1484 4655 1897 3409 5180 1169 3157 5460 3682 5712 3577 4263 2681 4200 3003 5747 3661 3941 2163 1736 4466 1792 630 5376 4368 714 5082 427 2772 4970 833 2338 4648 2835 4270 1715 4879 4004 1421 4403 5418 6069 4970 1155 4368 2870 4704 5285 4949 3885 2779 1813 5201 5026 889 5292 3941 5271 1722 5103 3136 3206 3402 3374 5348 301 3542 5327 2324 3367 6517 5915 4270 525 2037 4956 5222 2562 4417 6034 1911 2429 2660 5551 1456 4417 4732 2884 4396 5355 
7720 7310 7330 6730 8430 8180 3320 5700 2070 5420 7730 3270 4160 8430 6210 7100 7660 10450 5460 2810 2460 7160 5690 6750 4330 5840 3900 7680 8420 7370 8190 8460 6710 6890 2330 5600 7240 9220 3780 7210 6560 7620 6610 10230 4730 1110 7540 4180 3940 7320 7530 3900 9200 3650 7060 7810 5880 6490 7810 3490 3000 1500 840 10340 1790 6150 3740 7210 5810 5760 3550 4000 7610 7270 8470 3460 6260 4110 1220 7420 3170 6260 8950 7530 4730 3990 2760 4960 3930 2820 6460 4460 4510 6760 10410 3760 6660 5320 7340 8260 190 5050 6420 3990 4800 2830 7260 4400 7410 4740 4910 8300 2400 5360 6360 9740 5780 1760 7540 5420 4710 5200 480 740 8430 2600 7710 5600 8130 4600 5360 4410 7200 3680 1740 6900 7350 6590 2110 7190 4880 6570 3770 3710 7450 6440 9490 5930 3430 6150 8710 6910 1130 750 7130 7930 6330 2820 6030 8210 5250 7150 10480 7140 5120 5610 6900 6040 5400 3500 6410 4040 7530 6960 3940 130 3940 3220 5370 6360 8830 6970 2900 4170 4280 5480 4350 3610 6760 6220 640 9550 6140 7460 3570 7690 6900 3450 2640 3690 3360 3850 7360 7230 3050 3050 6520 1400 8580 6930 5030 3840 9220 560 8540 9750 7290 5990 3740 6610 4930 7610 10240 5630 2870 5760 3040 9430 6040 3250 1360 9850 4080 4520 5480 4830 4810 2590 5990 2880 7370 6660 9240 4810 360 4830 7240 3510 4210 6570 5710 3590 7960 6080 2350 7550 6640 8070 2070 1440 5220 8310 3950 9510 3270 9750 2340 2450 7520 6330 1680 8020 2980 4730 6960 3420 5140 8760 5920 8990 6550 5890 3660 7260 5170 8780 6630 6770 4260 910 7070 2060 2660 8630 6220 850 8220 2370 4140 8200 640 4670 7630 5800 5820 3460 8220 5980 2850 7060 8580 9250 7330 160 7400 5020 7880 7510 6710 7170 3880 2700 8320 7770 2730 6960 6940 7100 3050 6710 6200 5540 6220 5150 7470 1460 5970 7180 4910 6560 10110 9430 6450 2490 2670 7660 7020 3500 7700 9230 1360 2340 3510 8010 1850 7330 7650 5530 6600 7410 
3564 1554 4890 1254 3870 2094 2172 750 1866 4164 3696 1146 2910 2490 4620 3684 1638 4140 534 2580 2640 2712 570 1992 594 2148 1434 3192 3768 1794 3138 3564 2082 3054 2826 1068 2340 3444 1152 4164 4656 1986 1548 3960 828 2658 1590 1530 1026 3714 3270 876 3834 1020 3978 2550 444 4368 3396 1626 3354 3384 3078 4068 2808 1200 888 1920 3816 3912 984 714 2808 4458 3300 2868 4284 1308 3276 5016 1404 2112 3678 4434 3654 798 1464 990 1932 3366 3978 474 3150 942 4110 966 1146 1656 4956 2346 3204 306 2100 2130 612 2664 3180 2712 1338 3246 1176 3078 1692 1542 3618 3846 4044 2184 4038 750 342 2850 2862 3480 2850 3450 1818 618 3108 564 1890 966 1806 1230 2100 1422 2412 1518 2538 4878 3768 870 942 1536 2988 876 3900 1536 1056 3636 3102 1500 2562 2814 3462 3414 4074 2436 3888 2166 858 1944 4140 3402 558 822 3924 558 222 1032 4350 2622 2508 3636 3114 3072 840 3216 4050 2772 3456 3906 2760 1506 882 1686 594 3378 4644 2898 3504 3816 3618 3204 966 4290 1038 3066 1524 2532 1338 1884 5148 1266 1338 2982 1578 2718 2796 4236 2562 816 3360 3168 3042 3558 2820 666 1980 3228 528 3228 4014 2994 1404 3060 2208 3336 2640 1686 2346 3960 1584 906 2442 270 3012 1884 2964 1542 2382 3114 3942 3468 2910 3456 3486 1152 666 4332 1650 1662 2532 3354 1860 1746 2724 2622 2460 2442 4278 3126 3192 3372 3288 3648 1716 1656 3012 708 2646 1932 2142 3060 4536 1224 2010 3018 2220 3372 996 3630 2772 1686 1578 3714 1116 1668 1014 3336 2640 2742 1638 2970 3498 2604 2736 1806 2436 2472 2724 684 2376 762 3738 1362 2226 2916 1680 2496 3132 3936 3576 3018 1950 1482 2196 4122 4290 1182 2712 2274 2910 3168 1476 4800 1440 4596 1836 4656 810 1530 966 2496 4332 2262 1776 4626 162 1176 4038 3354 2970 1716 2610 3126 4572 2706 1728 3882 3330 3462 2862 4170 2514 2178 2568 570 3084 4428 
2608 1464 5488 1672 2688 1200 3976 2312 5040 5328 2864 4280 4168 520 5680 3312 1760 2216 2616 4608 4856 1504 3768 1056 3976 2040 3312 1904 2480 960 1344 2032 1144 2336 5120 2096 832 1336 3488 4144 5520 728 1264 1984 4400 5584 1688 3104 3408 3208 2184 3592 2088 4424 3896 472 2848 5016 2200 3648 5424 6200 6072 2128 5368 1736 3848 744 4464 4672 4008 3920 1208 4680 1456 4536 5008 3152 6168 5680 4912 1624 1920 4448 4888 4184 4664 2568 3416 5528 4312 3448 4264 2800 2184 4384 1856 2208 5616 616 6504 3696 1456 3496 4112 4688 2248 3768 2624 4248 2536 1136 4672 2152 3744 1880 4888 5024 3672 4168 3304 3384 6048 6728 544 5768 1240 3904 1336 4032 2280 3016 880 3544 5400 1440 800 1304 4968 5560 4984 2504 4344 3472 1720 2296 2064 1696 4168 3920 896 1304 5536 5872 2880 2144 4584 4480 4440 1032 4368 744 2224 2752 2744 2280 3912 2720 3440 4312 5032 3904 736 3328 4568 6432 3592 5112 5152 2344 1544 3832 4744 3104 4448 2080 3992 5120 5376 2648 6896 1880 3896 2120 4048 4064 2672 4792 4656 4040 4880 3456 5976 2344 4160 4912 1288 5480 448 4480 3144 3840 1192 6296 872 1464 1560 2432 3584 2880 4000 2032 2056 3264 4632 3264 4184 1176 2432 3840 5360 2040 3184 4504 2656 3624 3880 4368 2944 4184 736 2640 2288 4544 6248 4512 2840 4608 3472 4896 1880 3576 248 3488 5344 1240 2024 320 4936 5288 5656 1216 4664 1224 5184 1568 4752 4632 1704 2688 5280 1432 4184 3992 5024 4704 2536 728 2040 1280 2104 4088 4312 1120 2312 2104 1896 1104 3120 6392 1472 5168 5080 688 3632 5848 448 5248 3656 208 5992 2976 416 4008 4320 3696 872 2880 4168 1256 1024 2272 2936 6312 696 2424 480 3856 4728 2904 4104 4440 736 1776 4584 5544 1432 5056 4016 5424 3760 2000 2000 2984 4296 5560 1688 5064 3440 4184 2104 1192 2576 5128 4720 1792 5064 4336 1520 2184 6184 5920 4504 3600 5096 584 712 2552 2632 4520 
336 3528 2317 3444 714 3584 3010 3493 4613 2625 154 4368 2422 3031 2709 462 3899 2835 3696 3311 3556 1330 4907 2226 4564 1771 3129 917 819 3087 1526 1134 2065 714 3689 3059 1995 2261 3528 1113 2485 3010 2828 2807 5110 4515 3801 2884 3563 287 665 3850 1638 4711 931 2163 4165 2051 693 3227 3556 4613 4767 2793 4046 3080 4102 2695 1813 1988 4186 4340 1512 1582 1575 2912 2107 3129 4683 2478 4998 1848 1547 1337 2527 4627 4536 3143 2716 3689 1463 4053 2275 4466 2814 4718 3584 2359 2429 3115 5271 4606 1911 2583 4886 3311 637 2198 4515 2149 2954 1743 4305 2485 1092 2303 2156 4249 637 5152 4039 1638 4970 5306 2324 3927 3486 4991 1512 4732 2114 3353 2891 3507 4879 3304 1967 2863 3801 2401 2541 4137 4690 3157 1071 3899 1911 2534 4319 1295 2212 3157 4543 4753 287 784 1722 3304 1715 3451 5264 2597 2884 322 3626 3374 987 4116 4515 4522 2086 2450 1967 539 2681 5313 3885 3283 2506 1057 1743 903 3283 2912 4991 2310 4592 3129 2317 994 5544 2107 1281 721 4249 973 4403 3024 4452 2688 5040 2800 2758 4242 4032 3262 2723 4298 2625 1470 1785 4158 2415 4998 2100 2821 1239 3815 2814 651 4830 798 2737 1344 4564 1253 3192 2772 1246 3353 4536 2289 2884 5131 1596 4438 1974 3724 1092 3857 2037 686 1540 2275 5222 2247 224 4837 3920 1925 2359 3122 2359 1106 5089 3430 1106 2317 3836 4340 2968 1687 2730 2807 3304 2653 4375 4284 1085 4214 4102 3731 3262 2051 1953 4900 2058 2436 1687 2093 3766 1519 2744 3185 2471 1295 3605 2751 3374 4949 1393 3850 4949 2352 1099 4963 2275 4998 2394 2758 5040 3577 2282 5145 1708 3514 3325 1106 3696 1610 1995 1568 147 5187 2828 2597 2919 805 1743 4676 2569 3416 2079 1043 4410 2429 3311 1953 3381 2373 5068 2485 3486 1736 1204 4935 2233 1946 4291 5509 2513 2723 861 4935 3409 1008 1974 2842 3717 1603 4648 4123 2877 609 3990 2345 1960 3675 728 1421 
3216 3852 2778 3534 3642 4284 1014 3024 1788 1656 3180 2202 984 4242 2148 2742 4140 5106 2982 528 468 3108 3594 3138 2820 2412 1752 3312 3666 3732 3720 3762 3060 2784 324 2790 3342 4404 1950 2730 2334 3834 3258 5004 3252 1116 4050 1782 2076 2886 3174 2220 4230 2580 2658 3690 3384 2274 3336 1500 276 894 1122 5052 600 3102 2286 3534 1866 1830 2238 2550 3414 2736 3876 570 2136 1908 978 2844 2526 2718 4092 2910 1218 2694 2058 2454 1410 264 2262 2628 1128 3912 5082 2634 3552 2310 2790 4188 1578 3174 2838 1308 3180 450 3006 1218 4224 1260 2334 3828 1710 2394 2250 4650 1842 1254 2970 3570 2748 1680 1428 1524 4044 402 4026 3582 3684 3024 2214 2232 3588 1872 1854 3570 3390 3258 654 2700 1308 3702 2622 1620 3216 3552 4434 2772 2250 2112 4152 3522 1206 1242 2820 3420 2178 666 1998 4260 3546 3474 5136 2850 2772 2928 2562 3444 3300 2406 2226 1038 3486 2658 774 1680 2262 312 1608 2514 4086 2604 378 1794 3006 2394 2838 546 2442 2364 1758 4512 2106 3144 2286 3030 3954 468 1944 900 2628 1410 2832 4050 1860 258 3174 876 4200 2544 1686 2364 4446 1314 4038 4800 3162 3300 1296 2526 3216 3246 4992 1920 2136 1986 912 4644 2340 1416 1350 4692 1710 3174 2034 2994 1362 1248 2178 1608 3420 2598 4218 1266 1662 1278 2898 2586 2430 2322 2562 1494 3816 2124 2244 3936 2724 3864 744 1116 1578 3822 762 4686 348 4752 1734 1722 3258 3618 762 4254 966 1302 2550 2580 2016 4236 2436 4254 3558 1944 738 3714 2262 3948 3540 3318 2154 1218 3078 498 2280 4146 2184 1578 3924 2196 1200 4050 1584 2502 3630 3732 1884 1728 4224 2190 1434 3126 4032 4236 2934 1578 3666 2220 3942 2934 2400 4176 900 816 3924 3384 1962 2568 3594 2634 1260 2412 3882 2514 3288 1794 2874 1782 2682 2682 2970 4212 4872 4626 2502 2202 486 3324 2586 690 4098 4230 936 516 600 3264 792 3486 3552 3006 2568 2826 
4392 3960 4380 3606 4812 4488 1734 2988 786 3264 4410 1512 2358 4656 3756 4068 4158 5928 2838 1524 1338 3984 2958 3678 2142 3186 1968 4326 4800 4008 4596 4788 3666 3876 1320 2946 3990 5190 1854 4200 3942 4164 3564 5790 2388 492 4086 2148 1944 4194 4254 1896 5226 1734 4092 4326 3078 3858 4422 1734 1830 1116 660 5862 1008 3276 1794 3936 3408 3396 1680 1944 4242 4278 4770 1962 3720 2082 936 4446 1458 3420 5070 4416 2808 1938 1194 2562 2052 1746 3774 2220 2592 3600 5904 1800 3564 2838 4398 4554 558 2568 3504 2118 2424 1554 4092 2454 3990 2736 2550 4644 996 2850 3666 5514 3426 696 4356 2796 2376 2916 276 870 4692 1656 4200 2904 4560 2304 2880 2226 3918 1800 588 3720 4056 3546 1092 4302 2904 3492 1806 1860 4170 3420 5388 3174 1602 3558 4872 3726 426 390 4056 4488 3726 1488 3534 4506 2706 3900 5946 4056 2640 2940 4002 3174 2784 1644 3810 2238 4164 3990 2280 414 1920 1914 3210 3552 4980 4032 1620 2136 2118 2928 2154 2154 4044 3486 846 5406 3546 4206 1692 4476 3690 1998 1128 2022 1572 1998 4440 3888 1398 1758 3516 732 4776 4068 2778 1854 5178 624 4776 5490 4068 3150 1944 3744 2502 4290 5808 3174 1266 3258 1572 5292 3360 1590 438 5586 2094 2268 3018 2442 2730 1200 3372 1314 4068 3756 5256 2814 252 2820 4122 1650 2082 3894 3054 1806 4404 3474 978 4110 3696 4476 1038 588 3180 4662 2298 5334 1956 5496 960 1032 4212 3348 870 4386 1512 2694 4128 1602 2772 4896 3240 5058 3492 3420 2046 3942 2742 4980 3540 3666 2142 846 3924 1140 1146 4818 3570 60 4566 978 2256 4530 72 2370 4206 3024 3396 1680 4518 3360 1326 3900 4806 5262 4182 366 4038 2640 4332 4356 3960 3846 2166 1374 4644 4368 1182 4170 3744 4212 1494 4020 3264 2952 3300 2838 4362 420 3222 4260 2490 3486 5736 5292 3624 1050 1452 4308 4164 1950 4188 5244 1026 1530 1986 4632 918 4020 4236 2880 3720 4344 
2790 3600 4580 3190 3460 4150 1810 2750 3860 3680 2900 3460 1900 3900 4320 2620 4140 5370 2920 2510 2850 2040 4550 2050 3830 800 1690 2570 3400 3220 3080 3350 1900 1880 3140 2130 2340 4160 2260 3340 4290 3330 2480 5170 4640 4010 3980 1340 2340 2730 2480 2750 4080 3960 3030 2920 3670 3750 2750 1860 3440 4530 4510 5270 3530 2470 3100 2790 2860 3060 3210 3470 2510 3830 3360 2330 3640 1700 4540 4800 4360 1310 3820 3790 2960 3870 3700 1960 1200 3580 3030 3130 2100 4340 5330 3990 3310 970 4700 3840 5150 4010 1510 1140 4340 2580 2220 1410 4650 2160 1650 3210 3410 1190 2420 4630 3310 3470 3210 4810 3160 1220 4640 5330 3510 3880 3780 4640 3010 4100 610 2100 2940 2230 4270 3140 2420 2500 3080 4590 3110 3890 3940 1730 2320 3560 4360 1680 3390 2460 3710 3000 4000 4370 2380 2850 3230 2390 2940 4060 4930 2670 5410 2320 2700 2550 2940 3660 3970 3690 3730 1540 2580 2520 2390 5150 2800 3040 3460 1330 3710 2920 2630 1380 4420 1030 3870 3070 4220 1360 5610 4430 2430 2390 3300 3590 4330 2650 3590 1720 4420 1310 5060 4280 2980 2810 2320 3780 3780 3460 750 3190 4210 4830 3520 4780 2160 3270 1380 1900 4290 2520 5170 1390 3740 1490 2090 4510 1010 2060 3900 4730 1340 4640 500 3740 1690 2660 1360 2760 2480 1800 4120 2550 4970 2520 2460 4140 2890 3670 1290 1710 3140 1980 4520 3640 1530 3210 3070 3690 4000 3220 2520 4590 3140 4730 3510 3380 2390 3880 3500 4180 2140 1810 3980 4220 270 3830 840 3920 3460 2490 2050 3240 1030 3670 3310 2520 2100 4860 1960 3270 4300 3690 2220 4530 3320 4380 1230 3560 4680 2490 2830 4880 2700 2240 3970 1290 2560 2000 3530 4140 2590 4980 3030 1140 3440 3320 3570 4730 1790 2430 3330 2640 3530 4480 3170 4080 2160 4250 4890 1330 2970 590 3620 4380 1370 4120 3560 5530 5000 4490 1550 4280 2650 2540 4040 2080 3980 4110 4540 4090 2290 3520 3290 2620 2690 2910 1740 3770 
2760 1680 4816 1336 3168 2208 2184 1096 3184 4160 2936 2512 2664 2200 4664 2976 2112 3928 1320 2832 3056 1648 2704 872 2440 912 1432 2280 3040 1464 2312 2808 904 2080 3328 592 1328 2944 1632 3688 4624 1608 832 3720 3016 3712 1984 1232 1576 2992 2360 1824 3240 2760 3424 1736 1864 4176 2536 1768 3752 4376 4208 3840 3528 760 2104 1232 3480 3648 2248 2272 1840 4136 2544 2896 4096 1272 4328 4992 3200 816 3024 4048 3568 2584 2848 800 1624 3832 3560 1856 2880 2312 3896 2744 1432 448 4920 2096 4616 2384 824 1768 2736 2920 2240 2288 2520 2936 688 2304 2808 312 3024 3432 3856 3144 3448 2992 1784 2176 4168 4856 2224 4048 1880 2800 2272 2592 720 1208 1280 1680 3544 1312 1424 840 3128 4832 3696 1936 2704 1584 2008 1664 3384 192 2416 3096 2496 1216 3648 3992 2648 2568 3752 2688 3528 2168 3136 1168 3944 2552 1256 952 3384 1824 2256 2600 4168 2328 1568 2928 3040 4544 1832 3464 3984 1736 2792 3336 3000 1232 2944 384 2464 3552 4560 1952 5016 3328 3072 2272 2304 3800 2280 3176 2824 2376 3200 1640 5216 2216 2320 3224 720 3616 2312 3856 1808 2120 2896 4424 2376 3280 1792 1488 1784 2376 2664 2312 3760 2248 2840 2312 2368 3016 1600 1960 3472 3552 1320 3072 1472 2216 2560 2480 2104 2312 1416 2200 3360 3248 4368 3224 2672 2936 1776 4096 216 1704 1824 2680 3544 1760 1640 1920 3080 3408 4408 2344 3144 3072 3552 3320 2888 2776 2048 1968 3424 2192 2352 2656 4328 3024 1000 2488 1000 2792 1568 3160 2688 1448 488 3024 1440 912 1296 4528 1552 3344 3296 2392 2864 3960 2056 3440 2040 2000 4112 1296 1568 2976 3352 1816 2128 2032 2280 1392 2448 3352 2792 4424 1400 560 1776 3576 4000 2608 2512 2608 2192 2256 2752 4752 1336 4392 2136 4584 2896 160 1184 1672 3904 3696 376 4424 2040 3400 3712 3016 2016 3336 2936 2200 4376 2672 2008 3296 4352 4168 2872 3592 3232 1312 1664 1288 2160 4064 
3480 5650 3130 5220 4170 6200 1860 4640 4180 1710 3390 4370 460 5870 2470 2620 6190 6840 4730 1830 2130 3610 6170 4060 5140 2750 2870 3780 4250 5280 4560 4480 3880 2870 2220 4080 4230 5740 3440 2650 2580 5360 4540 6700 5950 3560 6030 2680 3610 2870 3500 3990 5270 4990 2500 4770 5480 2220 3750 2670 1900 3440 3760 6750 2770 4490 4250 4820 1350 1410 4260 4700 4130 2780 4790 1100 2030 3050 3580 3300 5150 3270 5060 2990 910 5050 4360 3730 2020 2090 1930 4580 70 6250 6800 5060 5320 2980 3200 5850 4510 5530 3480 1690 5730 1760 3220 710 6630 200 3440 4790 3860 3190 1800 6060 1560 3430 3000 6310 4690 1060 4170 4480 5300 2430 5840 6220 4500 5460 2660 3620 4990 3330 4450 5190 4280 4560 2540 3060 1080 5820 5020 2740 3680 5510 5630 3730 4380 1580 5390 5050 3650 3850 2800 3890 1880 1930 1550 6100 6350 4690 6890 2870 4440 4450 2340 5510 5610 4690 2160 890 4410 2490 660 4640 4060 1510 1510 2510 5120 2410 1670 2720 5620 3070 5170 1310 2630 2190 4860 5810 1570 3460 4360 3120 6270 1160 4190 1160 5280 2110 3430 6280 3770 1540 4370 3190 5630 2420 1350 4370 5860 4090 5200 6460 3660 5160 1970 2340 5730 3650 6660 1360 4460 1450 2000 6250 2290 2710 3760 6100 2590 5890 1940 5240 430 2920 1830 3380 4360 2510 5220 540 4550 520 2930 5090 4260 2230 3340 2560 5030 1600 4960 5700 2910 5070 2640 3400 1970 4760 720 6320 1540 6330 3940 3850 3740 5770 2930 6240 2150 280 2620 5130 2300 5600 2730 5480 5440 1330 960 5300 2990 4780 5320 4570 3550 3970 3590 2500 4890 5450 1690 4290 5130 4850 1170 5510 4350 4090 4750 6470 1310 3190 5990 1870 3060 3750 5150 5240 2970 4460 5060 3030 5450 2950 2280 6660 840 2210 5050 3920 4180 2880 5220 2750 2580 2620 6580 3350 4950 1550 2910 4440 3430 2820 5110 7200 6410 6210 2390 4810 1940 3820 2680 1130 6040 5260 3510 2720 1050 3490 2830 4590 4500 4740 2470 2880 
2460 2080 2985 1795 2795 2495 510 1320 865 2240 2505 760 1205 2580 2645 2315 2290 3615 1260 815 875 2015 1760 1740 1165 1355 315 2335 2760 2065 2520 2715 1725 2010 1040 1195 1995 2995 375 2565 2720 2180 1675 3500 1560 1110 2220 460 480 2390 2300 615 3060 1070 2440 2275 1575 2530 2435 130 1460 1595 1440 3560 1075 1475 710 1970 2080 2125 705 940 2220 2730 2665 1080 2440 425 1540 3075 1180 1525 2925 2775 1805 1100 810 880 505 1470 2300 950 1425 2020 3595 1100 1790 1035 3025 2500 1675 1415 1595 640 1465 885 2175 1120 2295 1525 825 2550 640 1045 2085 3275 2210 755 2590 1780 1045 1395 1395 1840 2580 1550 2260 1765 2485 1330 1085 640 1975 310 1075 1860 2050 1670 830 2955 1900 1855 1080 220 2190 1750 3185 1325 760 2045 2735 1850 1070 1285 2230 2485 2330 695 2160 2495 1780 1940 3630 2210 1080 1250 2375 1625 1505 915 2505 980 2140 2255 1320 1630 650 1345 2155 1730 2835 2380 965 450 1385 1110 1180 1490 2740 1725 1930 3190 2030 2255 755 2745 2065 1240 745 855 1230 445 3145 2165 470 1155 1630 1080 2655 2540 1200 775 2985 1565 2650 3245 2090 1530 465 1980 1480 2315 3510 1585 840 1655 510 3085 1570 70 965 3340 425 1520 1300 1265 1390 340 1680 315 2060 1950 3100 1685 1520 1680 2280 1125 780 2525 1220 205 2345 1885 1195 2185 1815 2400 780 925 2295 2565 1375 3120 1405 3255 690 625 2225 1775 975 2435 450 1405 2710 1150 1025 2750 1400 2890 1770 1985 1025 2020 955 2870 1775 1755 570 1645 1965 995 1105 2685 1990 1275 2475 1130 875 2460 1365 845 2180 1890 2035 195 2490 1655 225 1935 2680 3105 2340 1555 2065 870 2310 2625 2525 2235 1020 565 2540 2355 720 2870 1880 2775 195 2740 1995 1135 1565 1210 2710 1145 1355 2805 1235 2280 3460 3080 1830 1085 840 2310 2745 960 2285 3080 1570 1580 1085 2780 855 2025 2205 1285 1920 2745 
2130 3635 1015 3435 2425 3880 1695 3160 2745 55 2030 2945 1020 3660 460 1585 3910 3920 3205 1525 1615 2445 3915 2790 3375 2140 2260 2410 2500 3425 2850 2695 2685 1975 1575 2880 2825 3435 2535 1295 625 3450 3070 3880 3775 2260 3830 2175 2620 1715 2240 2805 3080 3265 1325 3075 3580 660 2335 2135 1155 1950 2235 3885 1825 3070 2920 3180 620 495 2915 3150 2690 1145 2935 1155 550 2360 2070 1055 3300 2385 3000 1350 405 3310 2900 2710 1840 1245 905 3110 825 3965 3905 3300 3490 2315 1015 3665 2605 3590 2490 1675 3670 1465 2120 1200 4155 765 2560 2985 2625 2425 1140 3530 390 2320 1625 3970 3175 1255 2515 2500 3305 1370 3715 3935 2825 3540 2145 2645 3280 2475 2840 3405 2840 3085 1820 940 310 3750 3285 2185 2410 3595 3270 2680 2960 995 3310 3335 2330 2365 1790 2410 740 1620 695 3820 3985 3115 3950 1850 3060 3070 1255 3600 3635 3115 615 1260 2895 1530 890 2710 2840 1075 125 1890 3090 1315 1390 2195 3595 2355 3390 870 730 1700 2710 3395 1005 2240 2965 1555 3975 1045 2810 1355 3375 1880 1030 3970 2645 1225 2990 2055 3495 1045 1465 2985 3515 2385 3220 3820 2445 3425 1805 1640 3680 2330 3840 1300 2955 1305 1730 3740 1825 2135 2435 3530 2130 3730 1725 3440 995 2165 1510 2435 2885 1770 3020 570 2705 585 1850 3300 2950 735 2480 2085 3210 1210 3140 3645 2095 3220 1885 2240 205 2960 840 3775 1035 3730 2660 2625 2440 3725 1955 3915 1800 935 895 3310 1970 3435 2120 3305 3555 845 1180 3445 2330 2830 3490 3080 2605 2260 2450 1730 3135 3365 1160 2640 3235 3090 1420 3470 2650 2885 3085 4065 700 2395 3760 1550 2275 2560 3175 3035 1840 2625 3300 2355 3475 1540 855 4175 1195 1775 3160 2495 2810 825 3425 965 2045 700 4125 2500 3310 1555 1365 2795 2510 1005 3385 4435 3695 3715 1770 3080 1555 2450 920 1255 3825 3055 2010 1520 1145 1875 1955 3030 2930 3215 1765 1260 
5528 3200 6864 2792 5992 3920 2928 2056 1776 5696 5672 976 4040 4440 6352 5528 3296 6584 1752 3304 3296 4496 1200 3624 400 3600 2160 5120 5880 3504 5144 5656 3712 4808 3504 2360 4104 5640 1672 6072 6456 3752 3112 6360 424 2960 3248 2400 1576 5608 5176 1240 6080 496 5840 4424 1696 6144 5368 2248 4280 4000 3488 6496 3344 2640 992 3632 5408 5504 984 648 4680 6400 5368 3824 6000 2080 3816 7016 864 3656 5864 6424 5000 352 1248 2056 2816 4256 5712 992 4392 2264 6552 408 2656 2920 6936 4240 3520 800 3672 3080 464 3424 5016 3872 2800 4552 2248 5096 1696 2808 5312 6168 5648 2392 6000 952 1088 4216 3104 3936 4856 4304 3552 1104 5104 384 3184 1768 3496 1736 1992 3008 4200 3072 3064 6824 5152 2256 416 2216 4848 2296 6192 2952 920 5288 5184 3104 2808 3104 5304 5408 5800 3120 5528 4016 840 3648 6592 5232 1648 2096 5752 1848 1120 704 6104 3680 4336 5456 4224 3312 1192 4168 5560 4392 5600 5744 3552 2360 104 3000 384 4440 6488 4504 3896 6104 5264 5088 904 6304 2408 4056 1392 3488 736 2728 7136 2768 1440 3864 3128 3136 4816 6096 3856 904 5544 3560 5088 5832 4640 2008 2816 4944 592 5144 6424 4472 1144 4576 2896 5536 4184 2232 2504 6312 2432 320 3832 768 4304 2256 4520 1784 4176 4832 6200 4808 3096 4800 5352 576 1120 6120 3016 2344 4424 4968 1544 3456 4400 4544 2952 2720 5776 5152 4312 5592 4264 5944 1688 1664 4888 2024 3096 3704 2776 4344 6416 648 3264 5088 3696 5528 2456 5224 3752 3360 2792 5872 2608 3280 1752 3816 4400 3328 1264 5024 5144 2720 4696 1496 3480 4392 2872 1552 4208 1256 5328 1832 4088 4472 2032 4240 5200 6200 5464 3264 3688 2632 4032 6088 6104 2528 3744 2880 4904 5104 1344 6696 3032 6512 2376 6488 1592 2848 2400 3816 6304 2216 3224 6560 936 1864 6432 5560 4632 1392 3312 5040 6464 3640 3424 6136 3912 4264 3832 6240 2960 3936 4424 1816 4784 6392 
1434 1482 3258 1362 1710 1668 1980 1440 2982 2982 1590 2538 2064 1416 3288 1728 1812 2364 1638 2430 2628 552 2670 360 2520 468 1614 1032 1602 1152 1068 1416 228 990 2814 1092 456 1620 1848 2322 3204 1152 840 2226 2946 3252 1722 1422 1824 1704 1122 2028 1758 2748 2118 810 2004 2844 1236 1830 3012 3642 3588 2298 3024 1056 2244 828 2376 2520 2346 2388 708 2694 1242 2346 2808 1530 3630 3402 3066 156 1596 2580 2622 2622 2772 1284 1572 3096 2328 2076 2142 2232 2334 2736 1482 738 3348 1404 3942 2460 66 1596 2736 2484 1056 1764 2292 2142 1170 1086 2700 762 1902 1956 2682 2868 2058 2904 2022 1494 3618 4086 1170 3276 1512 2748 1032 2628 696 1566 972 1866 3246 1260 510 870 2736 3294 2700 1956 2706 1710 822 1752 1878 624 2472 2004 1314 1140 3228 3468 1440 1254 2508 2352 2376 1590 3024 750 2382 1356 1620 1350 2106 1950 2346 2616 2844 1872 612 1710 2364 3912 2040 2772 2850 828 1440 2058 2520 1434 2892 648 2538 2778 3120 1044 4230 1860 1986 1050 2394 2346 2184 2538 2742 1980 3072 1608 3600 2052 2358 2634 750 3144 1320 2508 1296 2268 1620 3768 1212 1950 660 1692 1692 1308 2670 1068 2238 1440 2772 1458 2142 1776 828 1968 3126 2034 1464 2988 942 2346 1860 2364 1236 2304 540 1146 1836 2364 3786 2340 1440 2874 2016 2760 570 1758 936 1674 3294 1440 660 978 2724 3042 3216 1110 2436 1818 2826 1938 2760 2676 852 2022 2982 1740 2154 1944 2898 2940 864 1368 468 1488 1638 2100 2178 1206 840 1584 1500 792 1620 3810 480 2874 3120 1284 1800 3504 1050 3210 1686 1200 3606 1662 750 2868 2268 1944 1512 1182 2244 360 1236 1836 1524 3816 972 954 1170 2178 2658 2418 2022 2340 1080 1008 2694 3258 1272 2934 2076 3150 2778 696 1398 1176 2460 3342 408 2946 2208 3150 2172 1764 1044 3138 2520 966 2928 2196 1680 1794 3636 3396 2322 2118 2850 648 684 1608 1128 2610 
1876 2569 3129 2289 2345 2940 1309 2002 2772 2520 1946 2506 1302 2744 2961 1750 2947 3724 2121 1785 2023 1386 3276 1456 2772 553 1267 1743 2310 2296 2114 2289 1344 1246 2226 1568 1638 2884 1673 2254 2933 2359 1778 3591 3339 2856 2842 1022 1722 1827 1666 2016 2800 2863 2037 2044 2646 2548 1862 1372 2408 3199 3199 3654 2506 1792 2254 1981 1932 2072 2331 2520 1729 2590 2310 1631 2471 1274 3206 3283 3136 924 2625 2562 2023 2800 2667 1456 903 2506 2044 2282 1435 3108 3696 2877 2380 749 3213 2709 3654 2898 1064 840 3129 1827 1484 959 3325 1463 1239 2219 2464 903 1610 3206 2247 2492 2156 3458 2296 784 3304 3773 2450 2723 2688 3332 2072 2961 483 1554 2093 1645 3059 2247 1694 1799 2198 3129 2128 2793 2849 1295 1575 2562 3003 1232 2457 1638 2576 2149 2856 3108 1582 1932 2184 1708 1981 2870 3542 1897 3752 1540 1974 1862 1974 2639 2863 2667 2534 1078 1799 1680 1652 3654 2051 2128 2366 854 2555 1953 1855 1050 3178 784 2793 2135 2884 868 3976 3059 1617 1603 2401 2422 3101 1848 2590 1218 3178 980 3465 3059 2170 1974 1666 2688 2639 2338 462 2317 2926 3423 2443 3332 1470 2366 1022 1239 3094 1701 3584 889 2695 959 1505 3143 630 1519 2786 3276 1022 3339 266 2709 1134 1925 868 2002 1729 1176 2828 1736 3528 1708 1638 2982 2114 2485 952 1274 2198 1302 3241 2597 1008 2247 2198 2632 2751 2219 1743 3199 2191 3283 2534 2443 1624 2793 2492 2968 1547 1218 2702 3038 266 2667 567 2716 2485 1659 1428 2310 798 2506 2380 1799 1561 3437 1337 2317 3087 2569 1463 3227 2310 3143 861 2499 3332 1834 1988 3507 1820 1652 2807 819 1862 1379 2443 2842 1729 3535 2149 882 2429 2240 2415 3388 1253 1743 2310 1799 2548 3059 2275 2772 1575 2905 3507 994 2149 343 2450 3136 1001 2807 2583 3955 3465 3129 1001 3073 1883 1722 2751 1463 2835 2821 3206 2877 1603 2380 2352 1848 1876 2114 1134 2555 
2360 5568 752 5344 2704 5792 3408 5128 5296 1392 2136 5376 2320 5280 1200 1480 6008 5192 5280 3400 3624 3248 6576 4080 5888 3176 4048 2968 2872 5136 3688 3272 3896 2416 3648 4624 3976 4560 4536 728 888 5112 4672 5176 6544 4752 5888 3832 4648 1648 2664 4976 3816 5856 912 4280 5872 448 2752 3984 3144 4456 4832 5152 4080 4816 5216 4688 864 888 5256 5560 3568 352 3768 2792 600 4152 4616 936 6032 3480 3736 688 1720 5864 5408 4504 3392 3296 512 5376 1968 6384 5176 5896 5472 3688 864 5336 5432 6112 3616 3136 6336 3336 2536 2360 6568 1784 4256 3928 5024 3864 1056 4600 912 4688 1320 6752 5424 2008 5216 5328 4552 3536 5608 6640 3656 6128 3376 4552 4896 4472 5512 5240 3976 4704 3960 800 1632 6008 5864 3992 3064 5744 4128 4152 5368 968 4472 5096 4840 4968 1904 2864 440 3496 704 5664 6824 4584 5248 2032 5096 4976 856 5864 6112 5616 512 2608 4016 1440 2368 5568 5024 2920 1328 2488 3968 944 3248 3872 6312 3704 5920 2624 672 2192 5656 4368 1000 2704 5328 1080 6352 2744 5280 2864 6128 3480 1216 6256 4904 3064 4544 4440 4880 296 2400 5304 4728 5088 4336 5192 3192 5536 3408 1880 6312 2824 5096 1832 5480 1752 3544 5128 2512 4048 4944 4568 3784 6520 2600 5888 1920 4272 1968 4608 4048 2112 3680 1656 5528 1648 1976 5952 5152 304 3856 3872 4512 1384 5920 5520 2760 4488 4040 4648 1752 3872 2344 5176 2896 5008 5096 5016 3096 6032 4248 5912 3656 1912 272 6000 3152 4712 3112 4368 5632 984 2712 5208 3760 3440 5488 4640 4528 4928 3288 3888 5848 4608 1208 5352 4472 5824 2744 4968 5392 4904 4368 6832 904 4392 5536 2048 4368 3512 4224 3712 1904 5424 4872 3864 5064 1136 128 6680 2616 3712 4288 3112 5264 800 5264 320 3968 736 6856 3944 5256 2480 752 5496 3816 352 5760 7360 4824 5080 2208 5784 3480 3056 312 2848 5832 3768 4536 3784 2760 1672 4192 4360 4040 5272 2128 544 
5288 5432 4864 4976 5848 6096 1872 4200 1728 3344 5272 2568 2368 6176 3984 4728 5768 7616 4064 1344 1056 4952 4552 4760 3456 3928 2576 5312 5864 5392 5776 5928 4704 4648 896 4008 5112 6640 2640 4784 4256 5568 4760 7456 3912 544 5656 2736 2792 4912 5168 2864 6544 2992 4672 5576 4504 4192 5392 2216 1408 512 336 7536 488 4456 2832 5208 3648 3608 2712 3120 5328 4816 6000 1800 4008 2776 360 4936 2760 4296 6344 5032 2784 3216 2232 3512 2416 1272 4176 3384 2624 5224 7584 3080 4960 3616 4872 6072 936 4000 4440 2400 3896 1328 4944 2600 5704 2808 3416 5888 1808 3680 4112 7024 3616 1112 5064 4424 3576 3240 776 960 6064 1128 5720 4504 5728 3704 3576 3112 5232 2536 1656 5080 5192 4752 856 4752 2904 5008 3072 2408 5144 4864 6784 4168 2664 3944 6264 5056 696 560 4784 5488 4064 1400 3824 6088 4336 5144 7648 4808 3776 4096 4544 4608 4232 2808 4128 2320 5336 4616 2160 1080 2912 1576 3296 4240 6280 4600 1360 2736 3560 3736 3472 1888 4408 4104 1224 6856 3936 5120 2752 5168 5312 1760 2096 2056 2912 2368 4904 5520 2224 1440 4672 384 6232 4544 3152 2928 6664 600 6120 7112 5040 4504 2248 4376 3976 5248 7456 3576 2336 3680 1656 6880 3992 2040 1000 7104 2648 3776 3552 3784 2888 1568 3888 1968 5224 4440 6552 2848 1072 2864 4880 2936 3144 4256 3936 2272 5720 3912 2224 5600 4488 5800 888 768 3200 5896 2160 6936 1616 7088 1800 1840 5200 4848 544 6000 1640 2824 4568 2896 3368 6336 3976 6456 4912 3728 1976 5328 3512 6184 4936 4872 2992 568 4888 720 2368 6224 4008 1064 5904 2184 2440 5960 1024 3400 5456 4688 3664 2344 6072 3888 1832 4904 6136 6568 4944 944 5368 3408 5752 5032 4368 5568 2168 1384 5952 5392 2144 4568 5112 4680 1840 4368 4960 3832 4600 3264 4984 1488 4136 4744 3808 5328 7320 6864 4288 2240 1224 5312 4616 1864 5760 6552 432 960 1840 5456 736 5232 5424 4112 4392 4928 
2682 3915 3645 3528 3321 4419 1305 3051 3393 2664 2709 3249 1026 4176 3285 2259 4401 5337 3159 1782 2106 2340 4554 2520 3762 1359 1701 2682 3312 3591 3258 3366 2376 1935 2331 2529 2745 4284 2250 2718 3294 3681 2916 5184 4500 3276 4257 1440 2358 2421 2520 2736 4059 3762 2475 3258 3843 2853 2763 1692 2475 3573 3654 5247 2736 2871 3015 3195 2025 2178 3078 3393 2790 3060 3492 1485 2727 1800 3618 3825 4032 1836 3843 3105 1989 3744 3375 2268 1008 2610 2295 3177 1215 4500 5301 3807 3627 1512 3735 4140 4275 4014 2016 774 4257 1818 2268 585 4815 1278 1989 3411 3024 1701 1854 4653 2385 2907 2754 4734 3249 612 3852 4374 3771 2898 4086 4617 3204 4032 1224 2259 3330 2178 3726 3492 2808 2934 2376 3618 2133 4104 3762 1656 2511 3816 4347 2187 3222 1809 3906 3375 3294 3591 2178 2880 2421 1737 2133 4338 4806 3087 5382 2178 2925 2880 2367 3852 4032 3501 2826 765 2943 2151 1476 4302 2790 2106 2475 1476 3807 2367 1827 1485 4248 1593 3789 2097 3267 1332 4662 4455 1782 2457 3168 3024 4500 1746 3249 999 4113 1116 4023 4491 2754 1935 2772 3015 4032 2718 261 3114 4347 3942 3735 4878 2421 3519 1089 1710 4239 2601 5166 936 3429 1062 1548 4653 1197 1818 3267 4725 1395 4473 720 3762 864 2241 1152 2475 2862 1728 4068 1629 4167 1602 2277 3897 2925 2799 1836 1557 3465 1476 4050 3960 1773 3519 2403 3024 2934 3411 1593 4716 2187 4797 3114 3006 2574 4077 2763 4446 1638 963 3114 3951 900 4050 1368 4059 3735 1755 1224 3600 1530 3654 3627 2952 2223 3933 2286 2484 3897 3915 1674 3825 3600 3933 549 3861 3933 2664 3195 4842 1908 2124 4257 1125 2241 2376 3726 4086 2367 4149 3411 1593 3771 2808 2754 4860 981 1845 3573 2781 3213 3501 3528 3213 1809 3285 4887 1845 3303 369 2979 3780 1917 3258 3618 5463 4986 4626 1539 3861 1917 2682 3168 1287 4266 4077 3600 3105 1440 3105 2601 3024 3033 3168 1674 3060 
4249 1295 6118 1092 4529 1855 3213 987 3017 5411 4431 2177 3983 2450 5908 4529 1246 4452 896 3731 3829 3178 819 2254 1491 2737 2324 3731 4389 1708 3528 4088 2401 3710 4060 1428 2618 3717 2072 5159 5908 1911 1652 4235 1554 3927 1225 2373 1932 4536 3878 1820 4305 2002 4935 2751 392 5544 3997 2597 4634 4760 4417 4368 4060 1337 1862 1981 4914 5047 1988 1673 3192 5551 3689 4004 5460 2149 4641 6272 2436 2576 4130 5474 4837 1743 2548 1596 2856 4655 5026 1365 4235 259 4424 1932 931 2247 6209 2261 4578 1022 2513 3073 1344 3829 3808 3710 728 4319 1806 3416 2807 2093 4571 4193 5208 3367 4935 1190 1197 3759 4179 4900 3024 4774 1582 945 3500 1386 2520 1750 1799 2163 3283 1295 2681 1610 3738 6125 4963 357 1911 2464 3500 553 4333 1897 2072 4627 3332 1428 3822 4116 4228 3990 5180 3563 4970 1967 1386 2044 4445 4137 1127 1120 4893 350 735 2044 5523 3647 2772 4487 4256 4424 1778 4445 5264 3444 3836 4858 3927 2345 1743 2233 1491 4606 5873 3640 4928 4193 4599 3794 1967 5257 385 4249 2618 3584 2345 2814 6454 707 2380 4186 1729 3990 2891 5306 3423 1785 3584 4529 3290 3738 3297 630 2940 4004 1225 3794 4319 3871 2471 3934 3283 3486 3339 2688 3570 4333 2443 1694 3192 1113 4025 2982 3773 2604 2639 3843 4452 4592 4235 4571 4235 2149 1575 5481 2121 2618 2674 4263 2996 1526 3318 2779 3654 3668 5579 3472 4347 3521 4529 3885 2835 2772 3514 210 3885 1631 3213 4088 5691 2233 2723 3185 2807 3668 714 4655 3871 1568 2184 4228 896 1771 1834 4718 3094 3976 2737 3150 4431 3878 2912 2933 3409 2499 4018 1421 2548 994 4809 2338 2072 3710 2744 2898 3409 4445 4340 4361 1953 2114 2156 5061 5404 546 3773 3395 3143 3675 2562 6048 1302 5761 2877 5894 742 2023 945 3325 5348 3479 2205 5789 1029 1127 4389 3514 3689 2828 3780 3647 5740 3808 1400 4375 4704 4809 3997 5033 3731 2345 2828 889 3815 5488 
3020 1185 4195 960 3255 1625 1980 630 1750 3620 3135 1145 2580 1990 3995 3150 1220 3385 470 2330 2385 2285 390 1660 660 1860 1355 2690 3165 1420 2610 2980 1745 2600 2545 930 1945 2825 1135 3565 4015 1575 1265 3240 770 2410 1195 1425 1035 3170 2765 920 3185 1020 3405 2090 230 3770 2865 1530 2975 3015 2760 3330 2530 985 935 1555 3310 3395 1015 785 2340 3825 2740 2560 3700 1245 2925 4305 1335 1805 3055 3790 3200 835 1410 930 1765 2985 3425 585 2775 595 3365 975 860 1465 4255 1860 2860 345 1780 1925 600 2400 2695 2405 930 2850 1085 2550 1605 1365 3120 3165 3505 2015 3445 610 475 2500 2580 3095 2325 3060 1405 460 2585 600 1665 955 1445 1205 1935 1105 2000 1235 2305 4190 3295 565 960 1445 2515 605 3225 1310 1070 3140 2540 1185 2330 2540 2955 2875 3520 2210 3365 1695 730 1580 3385 2895 560 705 3370 320 150 1045 3755 2340 2075 3110 2760 2750 890 2855 3520 2380 2860 3350 2480 1405 865 1480 660 2985 4000 2495 3110 3145 3125 2705 1000 3660 680 2730 1465 2275 1275 1725 4415 890 1310 2665 1300 2460 2265 3640 2255 875 2750 2835 2500 2895 2375 475 1815 2770 520 2720 3285 2605 1355 2660 2020 2710 2280 1580 2150 3260 1470 855 2135 385 2650 1760 2565 1480 1975 2670 3280 3035 2615 3025 2970 1130 745 3735 1430 1555 2065 2900 1730 1350 2325 2140 2245 2230 3720 2590 2820 2740 2915 2980 1625 1575 2535 425 2395 1480 1965 2690 3895 1190 1780 2460 1920 2770 720 3145 2475 1325 1405 3095 830 1360 1000 2975 2225 2475 1545 2425 3020 2360 2235 1685 2180 1990 2465 715 1945 560 3240 1320 1750 2525 1590 2100 2575 3275 3045 2705 1565 1335 1755 3520 3695 795 2420 2080 2390 2655 1420 4130 1115 3950 1710 4010 530 1340 750 2195 3705 2075 1525 3970 325 850 3315 2730 2550 1610 2360 2630 3930 2425 1310 3230 2970 3075 2555 3545 2285 1785 2125 490 2645 3790 
2340 2390 5580 2270 2730 2600 3630 2540 5270 5210 2620 4510 3740 2090 5690 2950 2930 3620 2880 4380 4710 790 4580 530 4420 1100 3000 1590 2530 1790 1510 2170 310 1700 5020 2000 440 2380 3370 3970 5530 1740 1400 3380 5100 5740 2780 2690 3320 2890 1800 3650 2670 4830 3640 1020 3450 4910 1960 3370 5340 6400 6310 3510 5370 1850 4010 1230 4170 4420 4180 4220 920 4610 1800 4230 4870 2860 6380 5810 5370 590 2400 4390 4640 4600 4910 2380 2950 5480 4040 3690 3850 3760 3570 4810 2480 1540 5720 2090 6900 4280 420 2990 4750 4460 1740 3240 3800 3840 2220 1510 4800 1560 3330 2950 4690 5100 3480 5000 3570 2760 6350 7140 1620 5780 2380 4720 1460 4580 1490 2880 1500 3400 5720 2060 520 1450 4890 5640 4760 3300 4760 3160 1250 2960 2850 1230 4390 3520 1860 1850 5700 6100 2440 1960 4360 4250 4150 2450 5200 1090 3650 2290 2890 2400 3630 3340 4060 4620 4920 3430 690 2940 4240 6850 3670 4940 4990 1530 2120 3540 4520 2700 5040 1390 4440 4940 5370 1910 7380 2800 3490 1690 4250 3970 3660 4540 4860 3620 5380 3010 6160 3400 4220 4710 1270 5570 1880 4310 2450 4030 2370 6610 1690 2920 960 2910 3150 2290 4640 1680 3410 2630 4900 2650 3900 2630 1590 3610 5530 3090 2760 5180 1850 4100 3370 4260 2260 4150 580 2010 2820 4210 6640 4170 2430 5050 3600 4770 1230 3250 1250 2970 5780 2280 1190 1310 4870 5390 5610 1560 4360 2700 5030 2900 4900 4760 1280 3440 5300 2750 3920 3510 4980 5160 1770 1950 1080 2170 2760 3700 3940 1910 1700 2420 2520 1270 2970 6680 680 5120 5480 1810 3170 6160 1420 5640 3130 1720 6330 3000 950 4910 3990 3550 2300 2170 4060 400 1750 2820 2570 6680 1450 1890 1720 3690 4590 4040 3680 4230 1470 1510 4780 5600 2080 5030 3790 5430 4730 1430 2400 2250 4190 5890 940 5050 3870 5340 3310 2610 1870 5510 4520 1460 5030 3980 2680 2740 6390 5990 4190 3530 5080 830 810 2830 1990 4450 
2241 4842 2421 4527 2844 5220 2304 4185 4464 1773 2133 4446 1242 4788 2232 1431 5337 5355 4338 2484 2781 2592 5769 3249 4995 2115 2925 2601 2934 4419 3357 3186 3060 1791 2898 3636 3285 4419 3474 1566 2151 4446 3825 5256 5733 4059 5202 2673 3591 1656 2313 3960 3897 4977 1377 3726 5013 1665 2520 2871 2637 4032 4293 5283 3384 3906 4239 3951 873 1071 4293 4626 3042 1836 3537 1881 1566 3033 4149 2610 5202 2529 3726 1926 1386 4968 4527 3456 2196 2808 1062 4410 990 5616 5328 5022 4653 2583 2520 4806 4959 5247 2709 1926 5490 2448 2079 1116 5886 819 3177 3591 4122 2781 729 4653 1314 3852 1782 5967 4473 630 4626 4959 4140 3114 4950 5841 3312 5265 2232 3492 4149 3402 4752 4446 3312 3852 3132 2412 1449 5211 4977 2871 2565 4914 4230 3168 4428 603 4167 4302 4122 4347 1611 2655 1197 2529 927 5103 6039 3834 5409 1692 4122 4014 1242 5013 5247 4707 1647 1431 3402 1305 1530 5058 4023 2286 1584 1593 3825 1278 2385 2718 5472 2610 5022 2079 2088 1251 5283 4410 576 2304 4383 1944 5607 1971 4383 1746 5301 2304 2835 5535 3933 2304 3672 3744 4482 1494 1071 4338 4554 4590 4005 5103 2601 4653 2232 1233 5472 2466 5202 540 4590 540 2502 4941 1476 2970 4185 4671 2628 5706 1395 4986 666 3294 909 3618 3384 1431 3825 1017 4968 981 1728 5094 4158 1584 2817 2745 3969 513 5148 4833 1962 3987 3204 3879 2160 3555 1575 5004 2313 4950 4212 4113 2619 5211 3501 5301 2619 738 1881 5148 1953 4383 2061 4185 4806 531 1701 4473 2646 3447 4662 3816 3456 4491 2601 3132 5031 4257 594 4689 4014 5031 1512 4446 4770 3888 3753 6057 720 3330 4986 981 3357 2799 3933 3852 1755 4896 4167 2736 4464 1764 1521 5967 1512 2736 3888 2745 4356 2313 4473 1980 2916 2115 6093 2889 4374 1179 1818 4761 2817 2034 4842 6669 4959 4896 1386 4977 2601 2655 1944 1845 5166 3870 4086 3375 1836 2223 3393 3663 3465 4329 1404 1854 
1926 2646 5283 2763 1944 2439 4392 3276 5940 5328 2214 5229 4302 1611 5625 2826 3033 2070 3609 5040 5346 1008 5058 1449 5076 2079 3897 1161 1710 2043 432 1197 1377 1827 5607 2871 909 963 4221 3744 5409 1836 2097 1881 5643 6336 2934 3609 4176 2664 1494 4455 1359 5490 3474 639 4014 4833 1458 4212 5805 6858 6822 1971 5958 2610 4770 1620 4311 4545 4932 4932 549 4356 576 4815 4851 3762 6867 5499 6003 1692 1134 4059 4941 5265 5607 3294 3798 5940 4032 4428 4329 4104 2034 5463 2970 2574 5427 1764 7371 4869 1566 3798 5319 5103 1629 3870 3969 4266 3168 216 5517 2592 3420 1458 4788 5778 3159 5472 4311 3303 6885 7569 639 6228 2448 5202 423 5193 2502 3762 1863 4257 6336 2511 810 2151 5535 5382 5022 3726 5418 4032 1044 3456 1431 2241 5121 3654 585 2331 6300 6660 2340 1368 4356 4932 4248 2241 5679 1539 2106 2196 3672 3186 3519 3888 4626 5319 4860 4095 648 2862 4743 7335 4464 5436 5148 2007 774 3420 5139 3627 5625 2439 5094 5382 5220 2331 7803 1341 3627 1440 4995 3591 3969 5067 5562 4311 5994 3861 5850 3636 4986 5265 2043 6156 1026 4158 3141 4788 1017 7101 423 1548 972 3528 3978 2448 5202 1314 1890 3078 5598 3042 4644 1359 2205 4428 6156 1593 3672 5733 2601 4743 3879 5013 2673 4932 828 2196 1557 4554 7155 4518 2268 5688 4383 4680 2286 4104 819 3204 6390 2421 1638 711 5526 6021 5733 297 4842 1422 5508 1467 5607 5481 999 3906 5913 2691 4671 4005 4788 5796 2709 819 2025 765 3249 3879 4554 2214 2727 1296 3015 1926 3852 7146 1035 5724 6111 693 3330 6723 612 6264 3852 1287 6876 3834 900 5346 4149 4383 2070 2610 4842 981 396 1539 2358 7191 1692 2898 1611 3384 4473 4266 4311 4950 333 999 5490 5391 2511 4806 4581 5283 5112 2475 3033 2970 3888 6489 2034 4806 4527 5625 1782 1323 2187 6147 5175 1044 4824 4617 2763 1449 6867 6435 4770 3024 5715 1161 549 3546 2205 4158 
7410 3700 9500 3310 7910 4520 4730 2670 3480 8160 7620 2430 6070 5340 8960 7580 3650 8170 2330 5290 5310 5970 710 4740 1390 5040 3620 6780 7730 4230 6650 7380 4900 6550 5590 3240 5320 7070 3040 8360 9050 4540 3960 7870 730 4960 3630 3850 2870 7640 6910 2500 7800 1870 8050 5610 1840 8610 7120 3840 6540 6250 5620 8060 5420 3400 2300 4530 7690 7830 2360 1840 6110 8830 6910 5880 8450 3460 6020 9700 2290 4980 7540 8810 7300 1610 2820 3090 4470 6520 8000 1910 6490 2170 8130 1760 3100 4210 9600 5080 5640 1000 4950 4800 780 5430 6760 5800 2770 6670 3390 6530 3360 4020 7430 7750 8030 4240 8170 210 1850 6120 5130 6160 6070 6600 4120 530 6600 1050 4590 2940 4310 3160 3730 3610 5430 3900 5050 9470 7490 2360 1770 3740 6430 2550 7880 4010 2340 7440 6500 3780 4770 5140 7230 7150 8140 5050 7820 4690 210 4590 8170 7120 2390 2810 7960 2010 1150 2110 8570 5600 5580 7500 6350 5370 2430 6370 7980 6080 7150 7930 5600 3810 1180 4270 1350 6690 9060 6270 6090 7710 7410 6800 2270 8590 2370 6190 2990 5400 2110 4370 9890 2870 2980 5980 4030 5170 5930 8450 5640 2160 6910 5700 6420 7170 6150 2380 4510 6830 750 6840 7970 6380 2690 6500 4730 6800 5850 3860 4390 7940 3920 940 5500 1270 6320 4000 6370 3400 5380 6650 7990 7020 5100 7010 7270 1960 2220 8560 4210 3930 5550 6990 3130 4030 6010 5700 4910 4650 8300 6610 6470 6860 6490 7360 3360 3320 6480 2090 5120 4200 4590 6390 8910 2040 4770 6330 5160 6970 2790 7410 5760 4030 4070 7610 3040 4150 2970 6030 5850 5380 2800 6260 7230 4640 5890 3090 5320 5370 4830 2520 5320 490 7570 3330 4820 6290 3700 5610 6580 7980 7420 5320 4540 3900 4890 8310 8510 2370 5720 4750 6200 6730 2930 9320 3630 9020 4080 9070 970 4020 2930 5550 8640 4010 4420 9080 1450 1110 8050 6850 6400 2960 5310 6670 8980 5630 3880 7890 6140 6560 5880 8410 4930 5000 5680 2380 6590 8790 
2208 4752 1736 4480 2712 5080 2336 4168 4232 1184 2072 4296 1272 4672 1536 1376 5200 5048 4288 2376 2616 2696 5552 3328 4824 2328 2984 2624 2816 4368 3328 3096 3152 1928 2680 3672 3336 4264 3464 1216 1464 4392 3848 4976 5480 3760 5072 2776 3584 1592 2352 3904 3720 4776 1128 3712 4896 1040 2512 2904 2312 3608 3904 4992 3120 3920 4136 3952 320 512 4176 4488 3080 1320 3464 1792 944 3096 3736 1896 4952 2696 3584 1472 1008 4784 4336 3504 2320 2472 632 4328 944 5440 5024 4824 4592 2744 1816 4696 4504 5072 2848 2064 5280 2328 2160 1280 5680 760 3256 3544 3952 2920 648 4432 728 3648 1568 5712 4384 992 4248 4456 4072 2736 4848 5608 3288 5072 2432 3512 4136 3392 4464 4400 3352 3872 2952 1712 1008 5080 4792 2920 2632 4816 4024 3264 4288 424 4064 4272 3832 3992 1656 2632 656 2456 392 4968 5768 3848 5096 1744 4096 4016 1000 4896 5088 4536 1016 1528 3432 1280 1400 4616 3960 2032 1024 1816 3712 1064 2248 2808 5240 2776 4856 1792 1408 1504 4768 4208 424 2352 4256 1608 5432 1800 4200 1792 5040 2408 2080 5376 3824 2120 3712 3464 4376 1024 1384 4232 4392 4168 3920 4880 2688 4584 2328 1392 5264 2496 4920 928 4400 896 2480 4752 1744 2968 3920 4432 2720 5448 1688 4840 840 3200 1208 3528 3424 1600 3632 760 4552 736 1752 4872 4096 984 2952 2792 3936 704 4848 4744 2136 3944 3024 3632 1552 3504 1408 4808 2032 4736 4024 3944 2672 5080 3256 5160 2592 840 1272 4912 2184 4272 2280 4056 4728 168 1680 4424 2792 3320 4600 3840 3480 4048 2704 2912 4768 4160 640 4344 3960 4752 1664 4368 4400 3872 3752 5808 192 3312 4864 1280 3288 2896 3848 3664 1752 4472 4144 2872 4400 1504 960 5752 1552 2664 3832 2760 4184 1616 4432 1368 2896 1432 5848 3016 4336 1496 1416 4456 2952 1416 4720 6352 4688 4712 1608 4712 2464 2688 1328 1816 5040 3688 3672 2976 1752 1984 3184 3680 3480 4288 1592 1392 
2989 5194 1274 4921 3381 5516 2534 4557 4018 112 2835 4291 1582 5201 476 2212 5579 5495 4627 2303 2429 3479 5628 3990 4879 3094 3311 3402 3500 4886 4018 3780 3843 2807 2373 4151 4025 4837 3696 1757 714 4921 4403 5446 5439 3332 5467 3192 3822 2394 3157 4081 4312 4732 1820 4368 5152 819 3283 3150 1785 2891 3297 5453 2730 4417 4242 4536 875 693 4242 4564 3815 1505 4137 1785 679 3444 3059 1316 4788 3430 4207 1806 721 4795 4228 3927 2723 1904 1232 4508 1295 5684 5474 4788 5005 3360 1260 5208 3808 5173 3570 2492 5299 2219 2996 1813 5936 1197 3717 4214 3843 3507 1603 4956 518 3423 2233 5712 4592 1855 3689 3654 4683 2079 5299 5656 3990 5110 3115 3850 4683 3619 4144 4879 4046 4424 2723 1162 588 5376 4760 3213 3416 5152 4578 3864 4305 1407 4676 4774 3430 3479 2513 3388 980 2436 959 5432 5740 4445 5544 2604 4424 4424 1722 5173 5236 4522 756 1911 4116 2135 1414 3955 4130 1673 259 2702 4347 1806 2114 3220 5187 3409 4900 1386 875 2436 3948 4760 1421 3164 4305 2114 5691 1638 4102 2051 4886 2779 1274 5677 3864 1883 4284 3052 4949 1393 2163 4333 4956 3500 4550 5383 3472 4921 2674 2331 5306 3290 5390 1897 4305 1890 2583 5278 2625 3150 3584 4949 3122 5383 2513 4970 1512 3199 2170 3570 4109 2520 4221 931 3955 945 2597 4788 4284 938 3584 3073 4557 1729 4564 5208 2989 4564 2814 3304 329 4179 1344 5320 1624 5243 3892 3843 3451 5348 2912 5572 2688 1435 1141 4802 2870 4858 3059 4655 5096 1211 1820 4921 3381 3962 5005 4410 3794 3325 3486 2590 4557 4760 1645 3871 4585 4494 2135 4928 3878 4179 4389 5838 1001 3507 5348 2233 3346 3647 4480 4242 2576 3843 4704 3423 4942 2107 1113 5971 1827 2653 4473 3521 4102 994 4900 1225 3024 833 5922 3619 4753 2282 1841 4088 3619 1281 4886 6356 5180 5243 2527 4480 2345 3465 1162 1918 5460 4277 2975 2282 1771 2583 2912 4319 4158 4634 2506 1680 
6400 4950 7240 4370 7070 5850 2270 3330 380 5580 6500 830 3640 6220 6420 6100 5260 8540 3060 2450 2340 5440 3300 4720 1920 4140 1970 6120 6990 5100 6420 6870 4740 5500 2550 3340 5280 7300 1580 6560 6630 5370 4400 8280 2470 1770 5150 2330 1670 6260 6070 1510 7540 1310 6310 5810 3430 6330 6340 1750 3540 3060 2450 8430 2280 3870 1300 5040 5460 5520 1110 1550 5810 6840 6710 3190 6130 2080 2840 7400 1120 4420 7270 6960 4720 1610 370 2720 2480 3480 5960 2010 4090 4310 8490 1420 4280 3410 7310 6030 2600 2630 4530 2730 2450 2580 5830 3590 4950 4320 2770 6460 250 3380 5600 7890 5650 1060 6650 3100 2260 4230 2030 3070 6410 3500 5370 3220 6360 2220 3590 2160 4970 1530 820 4570 5400 4360 1990 7160 4910 4120 1410 1880 5820 4020 7760 3840 980 5490 6750 4610 1590 1980 5950 6430 5980 2250 5640 5900 2990 5000 8560 5910 2740 3270 6180 3600 2960 1100 6270 3270 5580 5980 3730 2380 1540 3470 5440 4940 7050 6200 2740 2300 2020 3560 1940 3850 6720 4940 3090 7750 5470 5970 1120 6940 4450 3410 200 2950 1290 2360 7490 4790 730 3110 4340 1980 6490 6460 3870 1390 7250 2570 6600 7720 5600 3570 2380 5440 2550 6090 8330 4630 500 4770 2100 7380 4630 1570 1210 8040 2290 2300 4080 2390 4130 1190 4840 850 5400 5390 7630 4570 2110 4570 6040 1260 1780 6340 3720 1900 5900 5210 910 5220 5090 6030 1840 1460 5590 6500 3820 7450 3580 7780 190 250 5890 3880 1960 5660 1960 4130 6730 1230 3510 6740 4240 7100 4140 5340 3190 4970 3240 7180 4240 4580 2030 2870 5340 2300 780 6620 5410 1600 6200 780 3140 6040 1800 2310 5580 3450 5390 1410 5940 4790 1100 5240 6680 7640 6160 2290 5190 3050 5670 6700 6380 4720 3270 1940 6370 6150 280 6970 4610 6860 1580 6700 3810 3520 3850 3900 6840 1060 4000 6930 2460 4240 8250 7390 5150 700 2410 6060 6800 3020 5320 7580 2950 3420 3210 7030 1810 5250 5700 3130 5330 6890 
4023 711 7119 1188 4167 243 4698 2115 5445 6714 4302 4464 5193 819 7191 4725 855 3402 2403 5436 5679 2673 3393 1710 3906 2871 3735 3240 3942 594 2673 3447 1908 3591 5976 2142 1809 2565 3771 5652 7065 522 1305 3123 4239 6282 810 3582 3636 4635 3528 3744 3510 4491 5355 1638 2439 6516 3582 4149 6480 7128 6876 3303 6174 1638 3978 1008 5823 6039 4158 3951 2448 6237 2808 5499 6471 3519 7056 7326 5067 2430 3321 6012 6129 4185 4932 2718 4077 6570 5733 3411 5382 2160 3366 4428 1323 2736 7245 576 7272 3465 2250 4239 3933 5535 3555 4752 1845 5409 2799 2439 5067 2601 5094 3159 6282 5598 5166 3870 3213 4464 6750 7596 1746 6804 324 3564 2655 3897 2961 3213 837 3861 5841 981 1845 1314 5724 7173 6264 1908 4392 3933 2997 1755 3456 2043 4329 5265 2124 954 6192 6588 4248 3528 6021 5256 5823 207 4113 1125 3384 4104 2655 2151 5355 2268 3132 4428 6525 4842 1854 4716 5634 7146 3717 6147 6525 3474 2898 5274 5625 3573 4374 2628 3915 6228 6930 3816 7731 3213 5229 3447 4185 5607 1998 5814 4968 4914 4995 4086 7641 1575 4464 5877 1431 6228 1467 5976 4122 3933 2358 7101 2133 2466 2781 2052 4257 4158 3789 3375 3240 4419 4878 4446 4896 2151 3501 4347 5949 3348 3690 4392 3618 3447 4977 4905 4113 4590 1755 3897 3735 5751 6930 5724 4212 4707 3528 6390 2376 4095 1422 4770 5661 423 3159 1530 5652 5940 7047 2529 5751 2187 6237 2691 5139 5022 2988 2160 6030 441 4869 5103 6579 4815 3285 1872 2916 2556 1557 5409 5256 648 2799 3537 1377 1233 3339 7254 2610 5985 5337 1863 4950 6453 1665 5562 4527 999 6633 3015 1440 3636 5661 4068 297 4032 4635 2331 2313 3717 4338 7029 792 2862 639 5373 6228 2205 5058 5148 1998 3105 4878 7137 945 6624 4572 6984 3294 2430 1656 3942 5841 6057 2250 6642 3258 3708 3366 2205 3780 5427 5544 3114 6624 5247 594 3609 7092 6939 5472 5139 5814 1368 1863 2340 3879 6084 
1768 3152 4776 3312 1488 2824 4664 3816 6136 5088 1992 5544 4424 2016 5248 2664 3440 1136 4112 5200 5480 1584 5376 2192 5416 2632 4312 1304 1288 2624 752 856 2128 2032 5704 3464 1712 528 4632 3416 5000 2416 2752 1056 5920 6424 3376 4048 4600 2480 1560 4856 456 5784 3216 1432 4448 4496 1400 4584 5784 6808 6832 1072 6040 3216 5136 2304 4160 4360 5280 5288 1232 3936 528 4928 4552 4208 6832 4952 6232 2344 408 3624 4856 5584 5864 3832 4160 5912 3808 4848 4384 4480 1112 5760 3496 3152 4904 2208 7336 5232 2256 4128 5632 5240 1768 4072 4312 4304 3712 728 5768 3184 3328 512 4568 5952 2832 5752 4736 3496 6920 7488 1144 6184 2928 5504 808 5520 3048 4232 2504 4656 6496 3080 1624 2800 5680 4880 4904 4160 5720 4432 1400 3936 384 2896 5448 3552 808 2928 6408 6712 2288 1288 4112 5128 4064 2648 5944 2248 1184 2176 4176 3736 3288 4336 5008 5632 4536 4304 1488 2736 4800 7328 4864 5456 4936 2344 248 3184 5256 4064 5904 3032 5440 5368 4800 2576 7712 328 3536 1568 5336 3168 4352 5136 5824 4520 6224 4232 5288 4032 5312 5344 2712 6240 1408 3832 3440 5152 752 7080 808 1120 1488 4016 4320 2528 5528 1424 1000 3240 5856 3184 4888 1160 2568 4768 6296 568 4104 6000 2984 5120 3992 5280 2864 5240 1648 2344 680 4528 7168 4496 2192 5960 4800 4352 2920 4480 1512 3216 6560 2928 2056 1392 5680 6152 5472 680 4880 1184 5504 888 5848 5728 1344 4336 6024 3080 4928 4104 4384 6056 3192 1056 2568 432 3744 3784 4704 2784 3288 712 3536 2600 4312 7104 1648 5816 6320 1040 3280 6800 1248 6448 4120 1808 6928 4312 1664 5632 4024 4760 2488 2824 5144 1688 664 656 2232 7192 2336 3440 2168 3024 4144 4592 4488 5160 968 1192 5760 4928 3072 4376 4888 4864 5408 3080 3576 3296 3480 6616 2688 4360 4928 5848 800 1096 2408 6344 5320 1272 4408 4776 3200 560 6824 6376 4888 2592 5856 1912 1392 4056 2368 3736 
7570 3230 10120 3040 7980 3880 5660 2840 4770 8980 7830 3640 6900 4830 9730 7940 2980 7710 2620 6310 6390 6050 1170 4730 2530 5370 4440 6840 7770 3870 6530 7330 4930 6790 6690 3480 5240 6720 3950 8820 9770 4150 3870 7400 2080 6210 3020 4590 3750 7960 7040 3460 7620 3150 8500 5400 1880 9270 7210 4750 7600 7490 6900 7600 6590 3410 3370 4310 8360 8530 3480 2960 6060 9350 6760 6820 9140 4220 7280 10340 3640 5170 7380 9270 8140 2830 4090 3590 5260 7600 8580 2780 7290 1560 7670 3040 2810 4620 10240 4560 6970 1870 5090 5590 2000 6460 6940 6560 1910 7440 3900 6350 4590 4410 7950 7400 8760 5460 8530 1380 2610 6730 6440 7480 5740 7720 3580 1220 6490 2220 5020 3650 4030 4080 5060 3320 5330 3810 6180 10120 8320 1970 3040 4600 6500 2290 7640 4190 3520 8000 6180 3520 6040 6420 7520 7210 8770 6070 8460 4080 1580 4400 7690 7400 2850 3030 8430 1930 1680 3340 9240 6420 5450 7880 7240 6710 3390 7380 8780 6390 6950 8380 6620 4550 2520 4630 2510 7670 9740 6650 7440 7420 7970 6930 3420 8980 1720 7150 4240 6270 3460 5180 10570 2170 4110 7000 3980 6390 5520 8990 6240 3230 6520 7000 6140 6670 6220 2370 5350 7190 1880 6930 7520 6930 3960 7030 5710 6320 6220 4830 5650 7600 4680 2300 5970 2160 7040 5100 6820 4500 5260 6970 7840 7820 6440 7790 7540 3290 3120 9200 4490 4820 5270 7510 4480 3540 6230 5410 6040 5880 9180 6440 7360 6360 7500 6910 4600 4550 6530 1810 6300 3530 5590 7130 9520 3380 5270 5950 5480 6670 2510 8020 6660 3670 4520 7530 2770 4030 3730 7320 5930 6520 4150 5920 7740 5960 5600 4440 6100 4960 6160 3170 5110 1000 8220 4290 4250 6740 4770 5650 6320 7830 7690 6650 4240 4390 4480 8700 9110 1490 6570 5790 5950 6750 4170 9990 3320 9620 5080 9760 690 4340 2850 6120 9090 5340 4630 9670 2210 300 7660 6370 6740 4310 6360 6710 9590 6560 3260 7720 7390 7720 6820 8690 6100 4830 5530 2630 6920 9280 
5418 4302 6174 3771 6021 5094 1683 2844 585 4698 5499 819 2934 5373 5454 5130 4599 7398 2628 1899 1827 4581 3033 3978 1809 3393 1458 5175 5949 4383 5472 5859 3987 4599 2043 2799 4473 6282 1170 5544 5634 4626 3735 7182 2385 1539 4500 1764 1278 5274 5121 1215 6462 1350 5319 4950 3033 5355 5373 1224 2934 2655 2169 7299 1863 3285 1116 4302 4563 4626 972 1431 4923 5796 5733 2547 5175 1575 2475 6318 1305 3672 6219 5904 3924 1566 585 2223 1872 2889 5013 1755 3339 3834 7362 1440 3708 2772 6237 5211 2403 2412 3780 2097 2322 2016 4905 2880 4401 3537 2232 5508 171 2745 4680 6813 4743 828 5625 2916 1971 3447 1881 2790 5499 2934 4662 2988 5418 2097 2907 1719 4257 1107 990 3942 4572 3708 1548 6102 4095 3636 1422 1350 4914 3510 6678 3195 918 4581 5796 3960 1395 1773 5004 5454 5031 1710 4725 5130 2844 4266 7425 4968 2322 2772 5202 3168 2682 1107 5301 2592 4743 5022 3033 2241 1260 2844 4563 4095 6039 5220 2160 1746 1998 2898 1827 3168 5706 4095 2862 6669 4563 5040 1017 5886 3951 2763 423 2304 1440 1773 6408 4230 459 2502 3672 1656 5589 5454 3123 1224 6246 2313 5661 6687 4725 3105 1782 4545 2394 5148 7209 3807 684 3933 1548 6390 3816 1053 1080 6930 1728 2250 3321 2178 3366 729 3996 423 4581 4500 6543 3780 2016 3771 5085 1350 1503 5364 3060 1359 5049 4329 1179 4527 4248 5166 1413 1215 4725 5544 3114 6453 2943 6723 261 135 4968 3438 1593 4941 1413 3366 5706 1350 2817 5796 3492 6102 3609 4446 2529 4275 2610 6138 3672 3888 1593 2556 4491 1845 1053 5688 4509 1539 5310 1062 2466 5202 1719 1917 4761 3204 4500 954 5148 3960 630 4410 5724 6552 5193 2133 4446 2448 4887 5670 5391 4212 2592 1431 5454 5211 423 5931 3978 5823 1062 5697 3492 2889 3312 3150 5796 1161 3312 5886 2214 3924 7137 6390 4284 990 1881 5121 5769 2385 4644 6507 2565 2898 2565 5976 1422 4464 4851 2691 4446 5841 
1309 2093 3878 2135 1393 2009 3171 2464 4417 3878 1526 3899 3080 1421 4123 1967 2422 1841 2716 3668 3913 518 3871 1015 3822 1379 2828 693 1225 1624 322 868 924 1162 4116 2114 609 1001 3101 2688 3955 1491 1575 1708 4284 4697 2338 2597 3073 1855 945 3304 1134 4123 2471 574 3066 3514 952 3066 4249 5082 5068 1771 4389 1953 3549 1260 3094 3276 3675 3696 154 3157 518 3486 3521 2730 5096 4046 4508 1099 945 2940 3577 3962 4179 2415 2716 4361 2891 3318 3094 3185 1813 4109 2296 1806 3990 1519 5502 3696 1022 2709 4039 3717 1029 2751 3122 3045 2296 336 4095 1834 2408 1344 3465 4270 2254 4186 3227 2303 5131 5649 728 4585 1981 3976 287 3927 1722 2758 1463 3122 4732 1946 532 1617 4067 3948 3640 2884 4074 2926 567 2660 1246 1596 3822 2583 728 1806 4676 4949 1582 896 3143 3591 3045 1869 4340 1183 1869 1470 2744 2380 2499 2975 3528 3983 3535 2926 448 1988 3423 5481 3311 3962 3738 1295 735 2422 3738 2611 4256 1701 3843 3920 3815 1540 5831 1225 2562 896 3724 2590 3094 3682 4144 3094 4508 2772 4312 2856 3696 3836 1512 4550 1022 3003 2184 3570 1050 5285 595 1470 490 2681 2856 1645 3955 805 1701 2128 4179 2100 3374 1330 1442 3227 4571 1428 2646 4354 1764 3584 2744 3682 1813 3633 574 1449 1260 3276 5341 3248 1533 4277 3262 3395 1603 2975 756 2233 4788 1946 1008 707 4060 4459 4193 350 3500 1372 4018 1400 4165 4067 539 3010 4361 2191 3395 2849 3486 4361 1876 896 1330 826 2506 2758 3283 1750 1925 1001 2324 1449 2828 5320 546 4200 4585 798 2331 5012 665 4690 2737 1155 5131 2842 735 4102 2968 3213 1736 1764 3556 532 560 1253 1617 5362 1351 2058 1351 2415 3241 3339 3094 3605 511 581 4088 3955 1953 3507 3339 3864 3941 1750 2303 2051 2807 4844 1400 3507 3423 4347 1603 1295 1435 4606 3773 595 3521 3332 2219 1190 5089 4746 3451 2170 4207 882 406 2674 1456 3010 
3888 3618 4896 3132 4500 4320 657 2367 2088 3636 3969 1881 1755 4365 4347 3618 4041 6084 2331 1377 1584 3150 3465 2781 2493 1962 486 3699 4446 3510 4077 4383 2727 3078 1890 2016 3204 4977 963 4086 4446 3690 2790 5886 3231 2331 3906 513 1125 3753 3618 1458 5022 2412 3852 3717 2970 4086 3870 315 2511 3033 2862 5985 2088 2502 1701 3267 3258 3366 1737 2106 3537 4401 4329 1674 3924 702 2979 5067 2655 2313 4788 4464 2862 2430 2007 1512 360 2565 3627 2007 2133 3735 6048 2457 3159 1485 4977 4248 3366 2862 2457 639 3024 1494 3384 1530 4185 2304 1332 4149 1692 1548 3222 5454 3528 1773 4113 3555 2133 1980 2880 3600 4266 2763 3915 3492 4014 2781 1503 1224 3312 873 2457 3204 3294 2781 1638 4851 3033 3402 2421 342 3447 3168 5256 2097 1863 3159 4518 3159 2295 2655 3474 3960 3699 1179 3393 4293 3591 3204 6111 3438 2025 2223 3735 3033 2970 2142 4041 1332 3456 3510 2034 3321 1521 2241 3474 2583 4644 3744 1611 522 2943 1620 2529 2448 4473 2565 3807 5292 3132 3537 1827 4401 3789 1980 1890 1161 2745 252 5211 3906 1377 1917 2682 2196 4428 4059 1611 1809 4977 3123 4365 5454 3285 2790 351 3015 3024 3654 5895 2313 2061 2430 810 5175 2295 468 2160 5562 405 3177 1800 2592 2016 1017 2475 1116 3321 2970 5085 2610 3141 2592 3555 2529 1710 4059 1845 180 3861 2853 2700 3771 2754 3960 1584 2016 3780 4176 2142 5247 2349 5454 1782 1665 3510 3294 1971 4248 765 2061 4392 2583 1341 4572 2034 4770 3168 3060 1512 3447 1359 4671 3141 2907 1125 3213 3069 1890 2538 4446 3042 2727 4077 2583 1089 4122 2871 1647 3564 3717 3168 765 4266 2430 909 3033 4401 5094 3663 3177 3456 1251 3888 4176 4050 4122 1440 1053 4167 3744 1845 4707 3240 4500 576 4473 3852 1719 2763 1629 4347 2556 2070 4554 2502 4392 5787 5175 2754 2502 1467 3654 4455 1422 3996 5058 3006 2862 1665 4455 1755 3303 3564 2367 2916 4419 
3840 3456 3972 3108 4254 3978 1182 2496 534 2898 3864 1152 1878 4116 3402 3540 3678 5364 2370 1056 906 3408 2646 3120 1818 2616 1410 3756 4236 3480 4026 4224 3102 3318 966 2424 3426 4620 1338 3708 3564 3630 3024 5226 2160 390 3600 1578 1434 3660 3690 1434 4656 1464 3594 3762 2658 3438 3858 1170 1554 1158 810 5298 732 2754 1380 3390 2952 2958 1284 1578 3666 3816 4200 1512 3306 1530 1026 4056 1308 2850 4494 3936 2412 1638 900 2040 1482 1494 3306 1806 2124 3192 5334 1530 3078 2274 4002 4020 996 2232 2934 1560 2142 1110 3528 1938 3570 2268 2010 4074 582 2286 3156 4944 3012 126 3840 2538 1950 2388 648 1230 4134 1476 3690 2604 3990 2004 2310 1710 3384 1272 558 3210 3486 3012 660 3912 2520 3054 1530 1296 3600 2964 4818 2622 1230 3060 4308 3210 294 552 3510 3918 3276 990 3078 3990 2472 3354 5382 3504 2160 2442 3504 2748 2424 1332 3396 1722 3600 3462 1842 924 1464 1566 2832 2988 4404 3528 1188 1572 1890 2364 1836 1806 3642 2934 1302 4836 3054 3636 1308 3972 3270 1596 792 1506 1416 1428 4074 3450 936 1374 2976 516 4218 3600 2232 1452 4614 906 4206 4926 3498 2694 1380 3198 2208 3726 5238 2640 978 2724 1026 4734 2796 1026 126 5016 1530 2052 2454 2082 2226 630 2820 792 3504 3204 4686 2376 792 2376 3576 1428 1638 3462 2496 1236 3846 2958 960 3600 3126 3912 582 204 2862 4092 1878 4776 1626 4932 576 612 3642 2922 540 3888 960 2208 3702 1398 2196 4332 2670 4488 3018 2940 1572 3420 2178 4410 3054 3126 1620 1068 3354 792 1026 4254 3060 504 4002 912 1716 3984 606 1884 3648 2742 2934 1140 3996 2808 768 3330 4236 4692 3636 840 3498 2082 3792 3846 3510 3444 1668 846 4074 3798 834 3786 3234 3780 924 3624 2952 2394 2808 2280 3876 516 2658 3828 2112 3222 5166 4728 3066 936 996 3738 3738 1470 3690 4674 1092 1404 1536 4104 498 3462 3672 2412 3168 3876 
595 1785 2445 1780 700 1765 2180 1940 3165 2495 755 2850 2015 1350 2645 1075 2030 1460 2115 2505 2680 300 2965 920 2860 950 2030 160 595 1455 325 425 830 545 2815 1665 680 915 2255 1590 2515 1375 1355 1385 3215 3285 1965 1855 2255 990 340 2435 760 3040 1440 740 2395 2195 350 2170 2860 3505 3530 1415 3030 1595 2615 1180 1920 2050 2695 2745 280 1925 430 2330 2210 1980 3525 2560 3295 830 630 1765 2310 2940 3025 1830 1880 2945 1755 2490 1995 2530 1440 3035 1890 1325 2520 1420 3855 2805 815 1850 3040 2530 415 1790 2515 1950 1725 465 2935 1375 1420 1070 2185 3015 1270 3170 2445 1435 3605 3940 845 3110 1725 3035 300 2950 1220 2050 1325 2265 3380 1655 645 1385 2815 2495 2345 2305 3010 2085 125 2140 900 1280 2800 1550 800 1550 3280 3465 805 325 1935 2465 1880 1665 3275 1120 1485 725 2110 1875 1460 2345 2700 2925 2215 1935 615 1095 2250 3855 2445 2655 2395 710 600 1405 2535 1865 3170 1260 2875 2605 2405 865 4085 955 1535 305 2735 1510 2475 2455 2990 2075 3305 1930 2755 2320 2670 2585 1295 3165 1060 1820 1395 2635 990 3690 710 1295 215 2130 1975 880 2985 240 1365 1285 3030 1255 2325 1225 855 2285 3225 1105 1880 3250 1120 2715 1750 2595 1050 2600 685 750 795 2100 3765 2080 765 3145 2430 2110 1225 2105 875 1310 3455 1695 530 840 2815 3125 2725 435 2300 1255 2690 1210 2985 2915 90 2385 3025 1885 2350 1820 2165 3200 1285 945 900 785 2035 1680 2190 1535 1415 570 1910 1275 2085 3695 360 2895 3320 880 1370 3540 810 3390 1825 1160 3620 2140 840 3130 1830 2310 1570 1025 2525 470 655 800 820 3770 1260 1515 1290 1390 1995 2655 2050 2495 680 85 2950 2500 1660 2175 2350 2445 3035 1335 1865 1310 1670 3450 1095 2175 2600 3340 1255 1195 770 3330 2580 90 2185 2230 1890 775 3520 3235 2305 1215 2925 915 600 2085 760 1820 
4430 5200 4590 4680 5140 5910 540 3880 2700 2970 4430 2990 1010 5830 3800 3810 5690 7380 3860 500 860 4040 5050 3990 3880 2820 1800 4460 5150 4990 5070 5230 3880 3630 1120 3440 4360 6180 2250 4050 3980 5150 4190 7190 4660 2210 5540 1780 2450 4030 4280 2770 6000 3630 3850 4940 4560 3690 4550 1450 1560 2510 2580 7280 1560 3960 2960 4650 2830 2870 2940 3420 4530 4250 5340 620 3480 2040 2540 4750 3720 3320 5750 4430 2100 3730 2920 2920 1130 1640 3380 3420 1450 5410 7340 3700 4720 2610 4660 5740 3290 4370 3510 940 4480 550 4000 1110 5900 1680 2690 5230 2390 2760 3130 6630 3000 1970 4280 5100 3590 1900 2850 3380 5530 1910 5480 5070 5010 4210 2460 2620 4740 2130 2980 4730 4440 4190 1190 4510 2290 5030 3670 1610 4260 4770 6310 3380 3020 2970 5740 4650 2270 2550 3830 4680 3360 490 3020 5860 5110 4550 7420 3840 3510 3710 3710 4630 4520 3320 3620 750 4610 3680 1110 3350 2840 1230 2810 3120 5690 3750 610 1800 4290 2750 3910 1460 4070 2940 3700 6410 2950 4210 3030 4490 5470 950 2740 390 3860 1140 4840 5590 2380 890 4050 1900 5780 3880 1750 3100 6240 2910 5550 6810 4140 4360 950 3310 4510 4370 7180 2330 3020 2460 550 6540 2810 1390 2320 6720 1660 4570 2270 4070 1580 1460 2690 1970 4490 3370 6000 1920 3220 1920 3940 3700 3090 3700 3030 1390 5140 2820 3490 5330 3440 5220 1240 1990 3050 5230 1220 6610 1350 6750 2470 2390 4330 4920 1610 5870 700 1550 4090 3720 2140 5860 2860 5940 4760 2770 540 4950 2530 5550 4710 4290 2510 2890 3970 1280 3430 5720 2970 2890 5340 3370 860 5520 2980 3090 4820 5320 2780 1930 5800 2690 1650 4030 5550 6020 4030 3170 4870 2470 5330 4290 3760 5850 650 730 5360 4560 2730 4320 4770 4230 1190 4060 5510 2950 4290 1890 4330 2980 3230 4300 3990 6090 7000 6520 3170 3330 650 4460 4160 380 5610 6010 2520 2080 620 4740 1460 4580 4720 3890 3310 4330 
1776 2910 2130 2658 2202 3228 996 2352 2430 1464 1758 2406 486 3030 1872 1386 3234 3684 2424 1188 1398 1716 3342 1944 2784 1158 1404 1866 2220 2676 2304 2310 1836 1338 1518 1998 2052 3000 1770 1590 1884 2724 2238 3594 3282 2232 3138 1254 1854 1512 1722 2100 2784 2760 1452 2382 2874 1602 1884 1356 1500 2328 2436 3630 1824 2226 2274 2400 1050 1140 2310 2538 2022 1782 2448 876 1512 1488 2376 2250 2910 1470 2646 1836 1026 2760 2460 1824 912 1602 1266 2412 528 3312 3660 2790 2730 1320 2190 3018 2868 2976 1596 726 3126 1188 1554 234 3528 546 1644 2424 2196 1446 1020 3222 1278 2046 1680 3450 2460 240 2616 2904 2706 1800 3018 3378 2268 2970 1116 1806 2502 1716 2628 2634 2088 2250 1614 2112 1116 3048 2766 1362 1782 2856 2988 1758 2394 960 2778 2550 2262 2430 1398 1968 1326 1194 1128 3168 3498 2322 3714 1416 2262 2238 1368 2886 2994 2580 1578 450 2172 1302 774 2910 2136 1254 1338 1074 2658 1386 1170 1278 3102 1368 2808 1200 1872 918 3108 3078 942 1692 2364 1830 3318 1014 2370 660 2976 978 2370 3306 2058 1188 2136 2040 2904 1554 318 2346 3060 2634 2664 3420 1752 2664 930 1092 3114 1800 3570 492 2502 576 1134 3288 918 1422 2274 3258 1212 3258 678 2802 264 1650 732 1854 2130 1152 2766 780 2838 762 1470 2838 2238 1572 1524 1272 2532 798 2880 2934 1302 2562 1650 2088 1650 2412 840 3330 1290 3354 2256 2184 1824 3030 1872 3258 1206 336 1788 2874 900 2892 1146 2850 2808 894 714 2688 1338 2502 2730 2256 1782 2598 1692 1650 2796 2802 912 2628 2604 2802 456 2814 2694 2082 2364 3528 972 1662 3102 738 1680 1776 2640 2784 1518 2802 2544 1374 2778 1692 1554 3558 558 1308 2568 1944 2346 2028 2652 1854 1386 1884 3570 1542 2514 438 1764 2646 1566 1890 2712 3948 3438 3264 1050 2760 1272 1884 1824 792 3138 2784 2352 1956 846 1944 1782 2262 2226 2424 1116 1800 
2880 1368 5769 1296 3168 1638 3492 1728 4635 5328 3132 3816 3843 1413 5805 3438 1854 3429 2061 4221 4482 1467 3510 333 3555 1485 2700 2160 2979 846 1872 2574 540 2304 4779 1368 693 2340 2889 4347 5688 873 549 3177 4095 5256 1728 2466 2808 3384 2376 3033 2907 4014 4041 972 2466 5139 2502 3078 5193 5985 5814 3321 5040 1053 3330 378 4437 4653 3510 3447 1431 4914 2106 4194 5094 2511 5940 5985 4545 1044 2673 4725 4752 3762 4230 1872 2862 5292 4374 2925 4005 2646 3384 3978 1494 1485 5895 1332 6282 3321 864 2979 3771 4311 2340 3402 2646 4023 1818 1764 4230 1404 3735 2934 4896 4626 3915 3924 2781 3078 5778 6552 1476 5553 1386 3654 1836 3654 1629 2376 576 2952 5049 1080 783 603 4590 5814 4878 2241 3933 2871 1863 1953 2988 873 3690 3888 1827 891 5193 5580 2979 2484 4644 4059 4446 1530 4122 270 3438 2844 2151 1647 4032 2349 3078 3870 5148 3510 909 3420 4284 6201 3033 4842 5130 2124 2322 3960 4383 2475 4095 1350 3573 4896 5562 2448 6732 2862 3861 2286 3555 4347 2547 4500 4212 3618 4518 2898 6282 2286 3654 4599 486 5148 1521 4635 2736 3330 2250 6066 1719 2637 1611 1980 3042 2826 3654 2250 3240 3033 4203 3060 3717 2322 2115 3294 4995 3087 2565 4194 2232 3195 3600 3879 2736 3672 729 2574 3078 4374 5994 4338 2970 4221 2916 5022 1116 2997 999 3393 5004 1287 1836 1125 4545 4923 5661 1836 4401 2385 4932 2709 4311 4185 1881 2403 4932 1728 3708 3717 5229 4329 1944 1755 1521 2205 1755 4023 3951 936 1593 2763 1530 387 2484 6174 1377 4824 4707 1665 3582 5544 1287 4887 3204 1161 5715 2358 729 3798 4275 3123 1440 2655 3654 1098 1836 3069 3096 6066 594 1710 963 4104 4869 2871 3735 3996 1512 2061 4131 5769 1098 5283 3492 5607 3591 1233 1485 2565 4545 5229 918 5301 2988 4122 3231 2340 2439 4761 4338 2034 5274 3960 1638 2988 5958 5706 4167 3951 4716 423 999 1998 2556 4779 
2754 4206 1728 3936 3144 4548 1656 3552 2826 582 2664 3120 948 4356 1062 2142 4530 4854 3576 1374 1458 2970 4362 3270 3666 2484 2382 3018 3216 3996 3516 3402 3162 2472 1392 3234 3366 4224 2688 1920 1266 4050 3546 4782 4140 2202 4434 2316 2802 2304 2826 3000 3876 3504 1914 3690 4014 1266 2964 2202 870 1830 2166 4806 1686 3498 3120 3726 1026 924 3102 3396 3276 1812 3636 972 1128 2514 1968 1782 3516 2796 3762 2028 354 3576 3036 2988 1902 978 1434 3390 798 4506 4830 3552 3990 2604 1734 4344 2610 3960 2922 1716 4032 1296 2670 1224 4758 804 2820 3660 2694 2718 1596 4386 864 2304 2262 4404 3480 1452 2502 2490 3996 1128 4332 4380 3480 3870 2418 2868 3828 2610 2922 3930 3396 3558 1698 1644 354 4254 3534 2280 2982 4080 4098 3060 3144 1422 4038 3852 2292 2322 2334 3054 1272 1506 1152 4494 4410 3648 4890 2400 3384 3438 1818 4050 4038 3324 1218 1224 3474 2070 702 2736 3048 786 564 2298 3834 1878 1200 2340 3912 2658 3690 546 1386 2088 2736 4224 1428 2820 3156 2232 4524 798 2928 1284 3612 1938 1752 4554 2760 990 3450 1962 4200 1656 1644 3198 4302 2346 3924 4668 2988 3858 1836 2106 4050 2928 4752 1584 3108 1614 1662 4554 2184 2178 2430 4398 2250 4080 1998 3780 1080 2166 1860 2502 3444 2238 3822 600 2730 624 2412 3534 3192 1338 2826 2154 3846 1596 3294 4248 2550 3864 1782 2190 504 3636 624 4596 738 4578 2736 2706 3018 4212 1848 4572 1752 996 1554 3540 2202 4170 2472 4068 4050 1230 1044 4002 2598 3576 3990 3570 2808 2196 2964 1572 3300 4080 1584 2664 3900 3234 1434 4134 2664 3156 3678 4530 1092 2496 4428 1902 2310 3072 3882 3840 2418 2634 3870 2604 4104 2190 1458 4758 1110 1692 3840 3108 2928 1506 3948 1638 2058 1356 4632 2826 3756 1764 2034 2862 2886 1686 3720 4986 4590 4524 2196 3234 1398 3048 1584 1116 4446 3858 1896 1308 966 2574 1854 3588 3522 3588 2220 1938 
4272 5248 3576 4832 4832 5816 1472 4160 2560 2056 4216 3112 1296 5736 2712 3616 5640 6840 4120 848 792 4184 4952 4256 3928 3280 2472 4432 4880 5080 4992 5016 4152 3720 608 3840 4520 5912 2752 3560 2968 5208 4440 6704 4512 1640 5520 2496 2920 3808 4240 3120 5648 3608 3472 4984 4656 2904 4448 2144 192 1256 1616 6768 952 4256 3208 4800 2392 2336 3152 3568 4584 3552 5192 784 2720 2680 1392 3656 3544 3688 5472 3784 1504 3760 2920 3408 1992 224 2928 3664 1456 5360 6808 3688 4856 3176 3584 5664 2216 4392 3848 1832 4408 736 4008 1640 5776 1616 3232 5144 2448 3296 2944 6224 2336 1848 3896 4928 3824 2240 2040 2112 5448 464 5480 4944 4944 4200 3032 3120 4880 2648 2640 4872 4584 4448 1048 3464 1616 5072 3672 2304 4304 4872 5920 3792 3168 2744 5584 4808 1768 1800 3744 4560 2800 1040 2568 5776 4904 4720 6880 3784 3840 4032 3344 4736 4560 3384 2840 1424 4704 3504 976 2368 3176 312 2008 3368 5472 3408 624 2512 4176 3288 3952 600 3120 3160 2432 6040 2744 4200 3216 3960 5416 592 2768 1264 3680 2000 3632 5536 2656 392 4328 1320 5664 3296 2280 3320 5976 1864 5432 6440 4248 4536 1848 3352 4456 4336 6688 2544 3016 2632 1352 6240 3144 2040 1968 6280 2400 4408 2752 4160 1792 1832 2896 2320 4624 3456 5624 1600 2352 1616 3840 3624 3400 2976 3504 2128 5160 2792 3168 5360 3656 5216 1168 1656 1944 5128 944 6296 328 6376 2488 2472 4360 4968 1184 5784 1432 1704 3280 3616 2768 5696 3304 5712 4872 2520 1016 5056 3120 5272 4840 4520 3016 1704 4144 832 3216 5584 2856 2256 5296 3104 1656 5480 2256 3480 4904 5144 2424 2464 5728 2920 2080 4216 5416 5648 3888 2232 4984 3072 5344 3848 3096 5712 1232 1248 5288 4528 2792 3288 4904 3392 1832 3080 5336 3448 4512 2424 3752 2544 3656 3456 4120 5776 6512 6216 3336 3112 800 4448 3328 968 5576 5648 1320 672 824 4296 1224 4720 4792 4152 3424 3672 
5992 5232 6072 4768 6552 5944 2456 3936 960 4592 6024 1904 3344 6208 5256 5592 5480 7968 3720 2232 2000 5392 3784 4944 2712 4336 2664 5872 6520 5328 6208 6488 4936 5296 2000 3912 5368 6976 2464 5800 5496 5544 4744 7776 3000 904 5392 2920 2568 5752 5792 2472 7056 2152 5648 5808 4000 5376 6008 2376 2704 1760 1152 7880 1592 4352 2312 5248 4760 4752 2152 2472 5728 5920 6440 2832 5192 2800 1520 6168 1752 4624 6848 6088 3976 2440 1480 3408 2840 2584 5240 2872 3664 4688 7928 2240 4696 3832 6096 6064 936 3288 4728 2952 3064 2288 5576 3448 5216 3856 3408 6264 1288 3840 5072 7424 4800 1032 5984 3560 3072 4056 632 1376 6296 2480 5560 3704 6152 2912 3912 2960 5216 2408 632 4920 5456 4720 1664 5976 4112 4560 2248 2536 5656 4488 7264 4256 2032 4936 6552 4944 784 792 5560 6096 5184 2168 4928 5984 3416 5216 7984 5552 3464 3880 5528 4136 3584 2056 5312 3160 5600 5488 3256 704 2504 2792 4520 4856 6712 5568 2376 2904 2648 3960 2728 3120 5624 4784 1288 7288 4920 5720 2152 6152 4816 2896 1408 2872 1896 2760 6168 5096 1816 2576 4688 1224 6392 5632 3848 2376 6952 1080 6416 7352 5512 4128 2712 5144 3176 5832 7800 4392 1560 4504 2240 7088 4600 2192 712 7520 2856 2832 4144 3128 3824 1680 4640 1760 5464 5144 7112 3968 496 3976 5648 2032 2704 5416 4112 2480 5904 4808 1088 5440 5032 6000 1584 976 4496 6288 3288 7144 2856 7376 1224 1328 5712 4368 1384 5800 2160 3792 5728 1960 3784 6560 4408 6808 4584 4760 2928 5232 3704 6744 4664 4888 2840 1384 5320 1752 1344 6464 4944 288 6128 1112 3160 6048 344 3112 5640 3864 4744 2256 6000 4624 1816 5272 6464 7120 5728 688 5384 3560 5768 5992 5496 5008 3072 2000 6240 5920 1480 5800 4952 5840 2080 5592 4192 3968 4352 3920 6016 416 4336 5904 3208 4472 7712 7088 4968 1216 2144 5840 5784 2792 5528 7088 1640 2312 2864 6344 1432 5384 5704 3776 5096 6000 
1695 1295 2835 1070 1985 1630 1120 830 1830 2375 1790 1465 1420 1610 2705 1755 1560 2610 930 1525 1670 1080 1775 730 1515 490 700 1450 1920 1165 1550 1810 715 1250 1835 520 985 1990 880 2170 2695 1255 770 2490 1895 2105 1480 550 870 1785 1475 1050 2115 1660 2010 1265 1295 2425 1595 895 2095 2495 2405 2555 1970 700 1230 1005 1980 2080 1310 1375 1245 2435 1695 1560 2365 620 2470 2945 1910 555 1980 2395 2000 1575 1655 490 770 2145 2050 1145 1565 1620 2590 1660 1120 70 2895 1550 2675 1535 600 855 1730 1580 1375 1195 1785 1605 355 1560 1595 55 1730 2280 2200 1765 2055 1930 1125 1155 2400 2815 1570 2280 1425 1825 1515 1625 265 665 1045 895 2050 1060 1040 775 1720 2835 2080 1395 1635 785 1285 1230 2220 365 1415 1765 1725 1010 2075 2280 1575 1625 2160 1435 2015 1605 2005 965 2625 1530 845 735 1975 1290 1485 1545 2415 1205 1135 1715 1655 2640 1065 1915 2270 1000 1860 1955 1625 555 1820 115 1530 1970 2660 1100 2925 2205 1750 1420 1350 2265 1615 1735 1625 1235 1920 785 3075 1600 1305 1765 700 2035 1650 2255 920 1260 1980 2550 1645 2230 1165 1090 870 1380 1695 1455 2505 1230 1655 1275 1240 2075 890 1015 1975 2350 600 1915 745 1415 1375 1345 1170 1270 1050 1285 2170 1805 2530 1785 1600 1765 1065 2375 210 845 1335 1515 2085 1350 990 1390 1695 1920 2525 1580 1720 2110 1970 2245 1645 1575 1315 1395 1910 1620 1235 1435 2530 1815 410 1740 550 1890 1185 1785 1430 1155 55 1955 1120 820 705 2605 1020 1855 1945 1675 1630 2285 1465 2020 1030 1470 2375 795 1170 1945 1900 965 1575 1130 1230 955 1680 2175 1675 2560 1115 140 1350 2125 2325 1820 1325 1390 1530 1450 1585 2785 1080 2575 1120 2675 1920 150 940 840 2305 2140 345 2595 1310 2245 2460 2070 1165 1955 1590 1410 2560 1420 1500 2145 2485 2360 1545 2170 1795 1020 1195 920 1260 2395 
3033 1269 5841 1116 3357 1647 3366 1494 4437 5328 3285 3600 3789 1557 5832 3546 1764 3654 1827 4095 4356 1638 3285 441 3321 1485 2520 2340 3168 819 2097 2790 648 2430 4653 1143 900 2574 2691 4437 5733 918 333 3402 3861 5094 1629 2313 2601 3501 2547 2817 3132 3780 4140 1197 2250 5193 2673 2916 5094 5841 5661 3546 4896 828 3114 459 4464 4680 3285 3222 1638 5004 2331 4113 5130 2331 5787 6048 4320 1071 2898 4824 4725 3537 4014 1656 2736 5193 4437 2700 3969 2457 3609 3753 1314 1368 5967 1440 6111 3087 918 2871 3537 4194 2484 3348 2493 4005 1629 1989 4032 1260 3798 3159 4914 4446 4041 3699 2556 3069 5598 6390 1701 5445 1350 3429 2052 3420 1557 2169 567 2763 4842 936 999 387 4446 5877 4860 2052 3708 2709 2034 1755 3213 702 3474 3942 2052 756 5022 5409 3105 2664 4698 3933 4482 1575 3897 396 3663 2970 1917 1413 4122 2133 2853 3645 5193 3438 1134 3519 4230 6030 2817 4761 5130 2196 2556 4050 4275 2313 3870 1242 3339 4824 5616 2520 6570 3096 3906 2448 3339 4473 2367 4419 4005 3528 4293 2763 6336 2133 3456 4500 261 4995 1728 4716 2718 3105 2475 5904 1944 2853 1782 1764 2916 2925 3420 2430 3465 3051 3987 3096 3582 2538 2169 3123 4815 3321 2403 3960 2223 2970 3573 3708 2790 3483 954 2673 3303 4356 5814 4320 3096 3996 2691 5076 990 2835 1224 3447 4788 1233 1944 1350 4392 4752 5652 2061 4347 2601 4851 2934 4113 3987 2061 2196 4779 1701 3564 3699 5292 4104 1881 1980 1530 2439 1566 4068 3870 873 1449 2979 1341 225 2286 6021 1539 4689 4491 1890 3636 5355 1512 4680 3123 1332 5526 2133 954 3582 4311 2934 1503 2700 3474 1269 2070 3294 3231 5895 657 1557 1080 4221 4932 2709 3654 3852 1737 2250 3924 5823 954 5355 3330 5661 3375 1080 1269 2538 4653 5031 846 5373 2754 3915 3456 2547 2520 4545 4212 2223 5346 3870 1575 3213 5823 5589 4077 4095 4563 648 1224 1773 2646 4869 
6363 4689 7173 4176 6948 5508 2700 3240 684 5670 6462 900 3942 5931 6426 6129 4905 8127 2961 2844 2718 5427 2817 4689 1638 4275 2340 6066 6867 4887 6282 6732 4734 5544 2880 3366 5211 7020 1908 6552 6624 5157 4311 7893 1917 1989 4815 2664 1935 6264 6039 1683 7308 990 6336 5661 3159 6363 6282 2196 3780 3159 2538 8028 2574 3807 1395 4896 5580 5625 1215 1440 5742 6813 6543 3519 6174 2403 2925 7317 522 4491 7056 6921 4896 1323 513 2844 2871 3699 6030 1953 4338 3897 8091 1080 4068 3582 7236 5733 2493 2277 4572 3096 1989 2961 5823 3897 4500 4545 2943 6291 882 3528 5697 7578 5742 1485 6624 2547 2169 4455 2052 2970 6192 3690 5076 2718 6228 1836 3780 2358 4815 1890 783 4383 5319 4275 2385 7101 5067 3798 1098 2286 5787 3762 7497 3888 1035 5598 6516 4446 1809 2088 5976 6354 6048 2673 5742 5571 2394 4887 8145 5931 2709 3222 6219 3321 2619 954 6300 3600 5481 6021 4014 2250 1683 3744 5544 5040 6840 6228 3096 2628 1521 3708 1647 4086 6705 5058 2907 7461 5580 5949 1179 6894 4050 3708 621 3312 693 2763 7389 4401 1170 3420 4275 2259 6228 6471 4122 1431 6957 2574 6390 7362 5580 3375 2781 5526 2124 6048 7938 4806 513 4932 2556 7047 4761 2052 1467 7713 2646 1737 4284 2124 4383 1728 4986 1395 5310 5463 7398 4779 2007 4770 6057 828 1845 6372 3825 2331 5724 5337 297 4950 5157 5841 2250 1782 5661 6336 4086 7101 3834 7434 810 891 5841 3564 2286 5301 2421 4383 6723 747 3735 6480 4374 6858 3897 5463 3528 4752 3429 7002 4023 4482 2250 2880 5328 2637 54 6381 5526 1602 6003 216 3483 5796 1773 2385 5445 2889 5517 1827 5625 4941 1638 5220 6471 7407 6165 2205 5013 3240 5436 6678 6399 4239 3600 2403 6183 6084 666 6930 4419 6840 2079 6687 3267 3636 3699 4140 6813 1026 4086 6903 2250 3573 7893 7056 5238 90 2799 6003 6777 3375 4995 7353 3042 3591 3537 6966 2187 5139 5589 3024 5409 6858 
2720 2600 4176 2216 3232 3136 1296 1736 2664 3336 2832 2248 1768 3072 3896 2648 3016 4528 1840 1936 2176 1936 3112 1624 2512 880 856 2456 3160 2392 2744 3064 1552 1992 2432 1280 1968 3536 1288 3224 3896 2520 1760 4344 3160 2952 2888 568 1328 2728 2424 1656 3608 2632 2976 2432 2440 3496 2640 1080 2832 3512 3408 4440 2680 1632 1936 2120 2760 2912 2040 2232 2264 3600 2976 1968 3384 832 3488 4344 2968 1176 3392 3576 2712 2552 2480 1048 736 2912 2952 1952 2008 3024 4488 2648 2288 488 4264 2992 3872 2664 1304 848 2920 2016 2240 1408 3320 2096 800 2808 2296 616 2480 3968 3096 2456 3120 3304 1976 1456 3440 4072 2920 3128 2808 3176 2696 2728 456 1128 2192 1272 3008 2224 2048 1768 2288 4168 2848 2672 2616 936 2224 2424 3808 1104 2192 2496 3136 2144 2920 3240 2432 2704 3088 1800 2840 3088 3392 2040 4552 2376 1640 1584 2904 2456 2648 2424 3472 1408 2192 2568 2128 3840 1696 2536 3168 1552 3248 2880 2088 600 2984 600 2544 2624 3864 1616 4264 3824 2472 2344 2112 3424 3032 2248 2400 1448 3016 776 4536 3040 1896 2296 1648 2816 3080 3296 1064 2008 3544 3648 2992 3976 2056 2160 896 2056 2888 2432 4360 1640 2496 1736 1496 3736 1320 1264 2792 4064 608 3160 952 2448 1744 1776 1640 1768 2080 1960 3672 2408 3672 2384 2488 2784 1760 3432 824 976 2568 2128 3152 2688 1640 2648 2256 2672 3560 2832 2232 3792 2624 3968 2376 2264 2272 2648 2608 3120 1504 1824 3696 2856 392 3192 960 3360 2368 2488 1760 2376 440 3312 2280 1832 1128 3712 1856 2480 2952 3080 2312 3296 2760 3040 1128 2832 3432 1448 2312 3368 2648 1312 3040 1584 1648 1816 3032 3680 2592 3704 2296 440 2664 3208 3368 3352 1592 1752 2824 2488 2344 4072 2256 3776 1392 3888 3392 768 1976 976 3448 3120 992 3816 2304 3904 4256 3720 1760 2952 2040 2408 3752 1744 2928 3640 3504 3264 1944 3360 2424 2096 2288 1840 1912 3560 
3088 6384 64 6160 3360 6608 4064 5928 5896 1576 2848 6064 2936 6080 1040 2248 6832 5856 6072 3952 4144 4048 7352 4896 6624 4000 4784 3728 3544 5952 4440 3976 4712 3216 4120 5432 4792 5288 5264 1424 680 5928 5496 5856 7280 5232 6704 4584 5384 2384 3432 5704 4488 6552 1664 5080 6672 784 3496 4680 3512 4792 5240 5824 4544 5632 5928 5512 1520 1440 5960 6288 4360 888 4504 3336 944 4896 4976 128 6696 4304 4424 1208 2144 6576 6064 5296 4112 3656 1320 6128 2576 7192 5840 6600 6296 4496 88 6144 5832 6880 4440 3848 7080 3872 3320 3056 7392 2400 5048 4688 5648 4672 1872 5280 1336 5256 1992 7512 6192 2784 5664 5672 5328 3864 6424 7408 4416 6872 4176 5320 5712 5192 6088 6064 4784 5528 4480 168 2016 6824 6568 4712 3848 6552 4792 4968 6064 1776 5224 5912 5336 5416 2680 3600 1152 4072 1408 6480 7576 5400 5912 2808 5888 5776 1640 6664 6888 6312 832 3264 4816 2224 2896 5992 5760 3344 1616 3304 4680 1720 3768 4616 7032 4512 6656 3024 504 3016 6008 5048 1808 3472 6040 1664 7168 3232 5928 3504 6792 4200 464 7080 5584 3544 5360 4912 5664 1072 3176 6024 5464 5480 5096 5920 3984 6344 4112 2688 7064 3592 5768 2632 6136 2560 4168 5872 3336 4728 5480 5232 4528 7240 3408 6648 2616 4904 2792 5272 4856 2920 4328 2192 5976 2200 2744 6640 5896 808 4672 4576 5304 2208 6528 6336 3576 5280 4576 5168 1824 4624 2848 5912 3296 5712 5720 5648 3872 6840 4736 6728 4288 2584 552 6672 3952 5472 3928 5096 6448 1752 3304 6024 4560 4120 6304 5456 5280 5288 4088 4368 6480 5376 2024 5840 5256 6432 3448 5768 5864 5672 5176 7608 1608 5096 6352 2864 5024 4328 4984 4360 2664 5856 5688 4656 5880 1792 880 7496 3240 4312 5056 3872 5912 360 6080 496 4632 544 7640 4752 6072 3272 1344 6040 4632 488 6528 8152 5488 5816 3032 6408 4016 3824 504 3440 6656 4424 4888 4096 3312 2264 4712 5176 4840 6064 2936 1088 
1280 4060 5050 4130 1050 3860 5110 4560 7100 5420 1560 6460 4680 2920 5620 2390 4500 2350 4920 5730 6080 1360 6590 2490 6450 2670 4830 760 780 3380 670 190 2340 1650 6340 4040 1940 1480 5280 3340 5310 3180 3320 2270 7140 7320 4390 4480 5270 2170 1030 5630 770 6830 3090 1840 5440 4680 810 5110 6370 7720 7790 2280 6790 3840 5990 2880 4250 4510 6150 6240 1130 4010 560 5330 4740 4730 7770 5280 7350 2420 530 3630 5140 6620 6820 4400 4520 6550 3820 5720 4600 5630 2320 6820 4360 3420 5210 3110 8460 6320 2370 4440 6790 5770 1300 4250 5530 4480 4200 940 6640 3510 3210 1570 4770 6790 2630 7030 5610 3500 7960 8600 1790 6880 3860 6740 690 6620 3210 4850 3160 5300 7530 3860 1840 3380 6360 5180 5200 5200 6770 4940 990 4880 1100 3270 6360 3500 1510 3650 7320 7680 1910 660 4200 5650 4140 3640 7240 2770 2410 1780 4930 4440 3170 5320 6090 6610 4730 4560 1720 2470 5130 8460 5650 5960 5230 2100 730 3050 5770 4510 7070 3290 6480 5830 5070 2350 8910 1300 3480 1060 6230 3070 5500 5570 6750 4850 7370 4620 5690 5150 6110 5850 3230 7070 2220 3860 3480 6030 1720 8110 1400 2270 1200 4900 4700 2230 6680 870 2190 3160 6830 3080 5390 2240 2410 5340 7210 1580 4530 7220 2960 6140 4110 5960 2690 5970 1900 2020 820 4740 8280 4700 1800 7050 5610 4500 3200 4970 2050 3090 7680 3830 1790 1940 6370 7000 5900 840 5230 2290 6020 2030 6740 6600 920 5380 6790 4140 5450 4240 4550 7150 3330 1860 2570 1250 4660 3790 5060 3560 3590 380 4400 3140 4940 8110 1480 6510 7410 1760 3160 7840 1810 7550 4360 2570 7990 5020 2100 6920 4080 5400 3440 2660 5820 1650 1210 830 1850 8290 2990 3800 2930 2870 4250 5840 4780 5730 1460 660 6670 5230 3870 4540 5460 5150 6700 3420 4360 3330 3440 7670 2930 4530 5910 7290 1900 2160 2130 7430 5880 770 4580 5150 4210 790 7740 7140 5280 2370 6590 2340 1650 4860 2060 3760 
4470 2510 6570 1940 5040 3360 2350 1010 2950 5440 4660 2020 3390 3640 6180 4570 2930 6020 1000 3140 3340 3180 2540 2200 1950 2060 1110 3950 4900 2540 4040 4640 2270 3590 3680 770 2790 4790 1040 5350 6210 2800 1810 5750 2710 3840 2790 1100 910 4640 4020 1150 5200 2300 5040 3270 1740 5710 4260 1550 4410 4850 4510 5900 3800 1320 1490 2450 4800 4970 1680 1700 3440 5840 4330 3450 5570 850 4740 6780 2860 2120 4930 5800 4620 2090 2470 140 1790 4460 5040 1210 3760 2550 5970 2290 1920 1220 6680 3450 4930 2010 2160 2090 2380 3270 3830 3010 3030 3900 370 4020 2510 1060 4440 5420 5190 3070 5160 2800 1170 3170 4350 5300 3860 4670 2880 2620 3980 2170 1580 420 2390 1140 3410 2080 2910 1780 3300 6560 4800 2160 2230 1330 3620 1900 5370 1310 1890 4470 4230 2080 3740 4170 4230 4310 5210 2910 4900 3380 2940 2420 6030 4140 700 860 4950 1790 1960 2100 5680 2920 3090 4490 3790 4800 1150 4100 5240 3080 4630 4920 3400 1070 2570 1300 1980 4310 6180 3260 5440 5300 4440 3910 1740 5570 2600 3800 2460 2830 2850 1740 7010 2720 1860 3750 1750 3810 3910 5470 2680 1510 4710 4750 4090 5160 3350 1490 1930 3820 2310 3980 5800 3400 2440 3510 2500 4810 2840 1740 3460 5580 1210 2750 2490 1750 3480 2320 3360 1950 2890 3650 5340 4280 4550 4250 4290 2520 1080 5640 1320 1540 3340 4000 3330 2730 3060 3470 3210 3460 5680 4070 3920 4880 4220 5240 2600 2460 3670 2060 3600 3220 2430 3570 5970 2640 1760 4180 2180 4620 1910 4470 3240 2430 1070 4920 1900 1990 570 4940 3060 3620 3010 4070 4230 4030 3650 3200 2580 3450 4230 510 3030 2870 4660 1370 3390 3280 2010 2880 4190 5340 4430 4660 2600 890 3090 5300 5570 2980 3100 2720 3860 3930 2370 6430 2120 6070 2010 6200 2890 1110 1470 2580 5630 3620 1590 6130 1560 3520 5760 4820 3400 3060 3230 3860 6040 3170 2910 5270 4800 4770 3430 5410 3370 2690 3210 1020 3590 5790 
973 3185 2345 3010 1463 3381 2163 2912 3773 2191 959 3570 1638 2968 2457 679 3570 3311 3080 2478 2730 1204 4270 1876 3829 1148 2324 1169 1491 2800 1764 1638 1715 539 2877 2464 1813 2590 2737 1274 2317 2786 2415 3234 4396 3682 3465 2086 2793 763 959 3080 2198 3934 1043 2114 3584 1883 1127 2401 2807 3815 3941 3255 3227 2576 3325 2415 1407 1589 3402 3591 1540 1694 1897 2121 1862 2345 3878 2513 4193 1365 2051 1589 1932 3871 3717 2464 1883 2933 1267 3332 1540 3962 3290 3948 3136 1687 2443 3003 4438 3927 1477 1736 4179 2485 770 1379 4095 1449 2254 1946 3472 1827 770 2765 1778 3409 1092 4487 3339 819 4130 4487 2408 3171 3220 4347 1729 4018 1414 2611 2590 2709 4039 2912 1813 2443 2968 2387 1974 3640 3913 2345 1148 3395 2450 1995 3528 917 2401 2779 3703 3920 546 1232 1498 2471 1372 3276 4578 2317 3353 553 2968 2779 1015 3556 3871 3738 1890 1624 1869 616 1932 4480 3115 2520 2051 483 2121 966 2471 2114 4249 1666 3857 2408 2198 245 4725 2583 889 938 3465 1386 3927 2254 3626 1855 4242 1967 2744 3815 3220 2478 2303 3465 2681 1470 938 3388 2695 4172 2275 3115 1197 3255 1974 182 4137 1071 3192 539 3752 476 2352 3003 546 2527 3689 2786 2079 4403 798 3745 1211 2884 252 3031 1876 266 2156 1638 4382 1610 623 4053 3178 1778 1764 2296 2310 546 4263 3143 742 2303 2996 3493 2513 1911 1988 3052 2555 3003 3542 3458 1190 3682 3269 3486 2422 1302 1925 4109 1295 2583 1078 2408 3290 1071 1939 2870 1778 1855 3150 2373 2625 4137 1225 3024 4130 2485 665 4116 2310 4172 1554 2695 4200 2870 2163 4508 1281 2709 3171 266 2863 1407 2212 2177 693 4354 2576 1890 2758 1190 1645 4207 1757 2576 2198 1281 3591 2359 2926 1967 2541 2240 4473 1869 2975 896 1456 4088 1687 1981 3612 4921 3010 2968 252 4109 2583 1211 1960 2023 3416 2184 3850 3360 2086 1309 3150 2135 1904 3066 238 1603 
3141 6300 1179 5985 3618 6651 3330 5625 5382 756 2925 5589 2061 6165 801 2133 6795 6372 5751 3204 3420 3897 7137 4680 6264 3573 4194 3726 3780 5859 4536 4176 4482 2997 3411 5076 4662 5571 4725 1494 702 5877 5274 6318 7002 4662 6651 3987 4869 2358 3402 5229 4833 6156 1593 5067 6426 387 3546 4050 2781 4248 4707 6318 3897 5355 5463 5391 576 405 5490 5868 4311 1206 4662 2511 180 4338 4437 1314 6291 3969 4716 1566 1197 6192 5580 4860 3438 2943 846 5733 1665 7065 6345 6210 6111 4023 1233 6201 5373 6579 4149 3132 6786 3114 3213 2232 7335 1467 4581 4797 5112 4221 1404 5688 261 4662 2115 7290 5814 2052 5166 5238 5427 3204 6390 7191 4500 6543 3681 4833 5589 4635 5598 5904 4680 5310 3807 1098 1062 6651 6174 4104 3780 6363 5184 4626 5598 1170 5400 5760 4770 4887 2556 3672 513 3339 576 6516 7344 5265 6435 2682 5517 5445 1476 6435 6615 5877 315 2448 4752 2043 2007 5544 5283 2556 684 2943 4914 1584 2997 4032 6705 4068 6291 2205 711 2592 5607 5427 1197 3420 5580 1953 7056 2403 5427 2700 6408 3528 1440 6993 5049 2754 5130 4302 5787 1026 2484 5580 5733 4986 5238 6273 3870 6093 3411 2376 6777 3573 6246 1989 5661 1944 3447 6165 2889 4095 4923 5670 3924 6948 2853 6318 1764 4266 2277 4698 4752 2628 4707 1224 5517 1224 2655 6246 5454 477 4275 3942 5319 1647 6093 6282 3294 5319 3906 4581 1179 4743 1962 6219 2511 6084 5184 5112 3825 6651 4095 6750 3582 1701 810 6282 3393 5643 3510 5337 6264 981 2466 5922 4077 4392 6120 5265 4788 4788 3924 3690 6048 5517 1494 5346 5319 5994 2673 5814 5373 5247 5121 7416 729 4527 6399 2358 4410 4158 5139 4743 2610 5391 5598 4158 5868 1953 675 7416 2412 3600 5148 3888 5409 936 5931 936 3978 711 7479 4338 5823 2619 1602 5553 4275 1008 6192 8046 5958 6111 2673 5958 3276 3816 855 2619 6624 4788 4347 3483 2484 2556 4059 5067 4797 5751 2628 1413 
2277 2331 5607 2484 2304 2079 4446 3069 5877 5580 2565 5121 4455 1251 5904 3141 2691 2106 3402 5121 5418 1215 4806 1323 4905 2142 3861 1494 2070 1728 792 1557 1305 2097 5688 2709 819 999 4149 4068 5697 1503 1872 1881 5436 6354 2601 3582 4086 2997 1827 4338 1656 5346 3798 369 3762 5130 1809 4203 5940 6930 6867 2007 6021 2394 4644 1350 4572 4806 4815 4788 783 4680 918 4941 5139 3708 6930 5823 5877 1719 1449 4392 5157 5112 5517 3177 3834 6066 4329 4275 4509 3807 2070 5319 2691 2547 5751 1404 7389 4662 1557 3870 5112 5184 1935 4023 3645 4464 3078 549 5463 2538 3708 1584 5049 5769 3501 5238 4131 3492 6894 7605 333 6345 2115 4959 783 4995 2529 3654 1575 4194 6282 2223 720 1917 5589 5697 5247 3438 5274 4014 1341 3186 1674 2124 5004 3924 504 2052 6309 6678 2655 1719 4644 5004 4518 1881 5454 1287 2133 2511 3501 2997 3834 3636 4401 5193 5157 4221 558 3168 4905 7344 4347 5571 5391 2223 1044 3735 5229 3600 5445 2412 4923 5544 5517 2556 7830 1521 3897 1764 4878 3933 3672 5211 5481 4410 5859 3897 6165 3321 4914 5382 1836 6192 693 4473 3294 4653 954 7128 369 1440 1224 3285 4023 2727 4995 1647 1917 3294 5499 3276 4689 1197 2385 4419 6147 1737 3663 5544 2745 4545 4059 5013 2898 4887 711 2466 1863 4770 7146 4734 2592 5553 4248 4977 2232 4104 477 3465 6300 2097 1845 360 5562 6030 5976 639 5004 1260 5643 1431 5553 5418 1305 3636 5958 2340 4716 4185 5103 5661 2772 585 2106 855 2970 4140 4680 1908 2691 1647 2736 1692 3762 7200 1215 5787 6012 459 3600 6714 252 6174 3960 927 6867 3690 630 5094 4410 4329 1710 2835 4815 1071 495 1845 2691 7200 1386 2853 1260 3717 4779 3951 4446 4995 162 1332 5409 5697 2223 5121 4590 5580 4842 2403 2790 3114 4221 6444 1971 5121 4338 5346 1881 1170 2439 6057 5247 1377 5139 4725 2421 1746 6930 6543 4896 3384 5751 927 450 3348 2466 4482 
4767 2072 6370 1813 5096 2653 3164 1421 2562 5516 4928 1750 4053 3227 6055 4942 2044 5208 1197 3612 3654 3738 14 2856 973 3143 2324 4305 4970 2450 4179 4704 2975 4179 3871 1841 3248 4445 1960 5516 6097 2667 2289 4998 805 3556 2030 2450 1827 4970 4410 1610 4977 1442 5292 3437 798 5761 4550 2527 4508 4438 4039 5131 3801 1904 1540 2674 5117 5229 1624 1260 3808 5866 4354 3976 5663 2184 4291 6517 1827 3066 4795 5831 4921 1204 2079 1813 2912 4508 5306 1141 4333 1015 5180 1365 1659 2583 6447 3038 4116 497 3031 3143 658 3710 4312 3829 1463 4445 2030 4088 2415 2436 4886 4921 5383 3017 5355 392 1036 3990 3738 4466 3745 4592 2366 147 4144 777 2856 1785 2513 2051 2779 2016 3325 2247 3514 6356 5054 1141 1358 2429 4060 1274 5026 2373 1659 4907 4053 2142 3430 3710 4669 4564 5425 3437 5201 2765 588 2723 5208 4592 1295 1526 5236 896 399 1554 5740 3717 3423 4886 4277 3941 1561 4361 5383 3871 4522 5215 3822 2415 1057 2604 959 4564 6083 4025 4445 4900 4879 4333 1582 5656 1162 4207 2177 3605 1715 2849 6671 1505 2065 4088 2345 3668 3640 5607 3654 1449 4326 4116 3997 4508 3864 1176 2961 4410 553 4347 5075 4158 1995 4235 3192 4249 3724 2576 3164 5054 2506 959 3507 700 4179 2751 4116 2338 3283 4270 5110 4704 3745 4690 4697 1554 1372 5719 2541 2576 3381 4578 2415 2310 3794 3493 3416 3318 5642 4144 4361 4284 4445 4641 2429 2380 4088 945 3598 2429 3101 4235 5957 1631 3003 3920 3220 4382 1442 4900 3871 2310 2492 4858 1617 2422 1834 4333 3654 3752 2163 3878 4739 3409 3626 2373 3500 3248 3549 1463 3234 245 5026 2198 2856 4060 2527 3472 4109 5103 4802 3892 2674 2387 2912 5460 5670 1190 3815 3241 3843 4256 2128 6265 2030 6027 2744 6097 343 2415 1561 3577 5712 2975 2674 6062 749 721 5124 4277 4109 2275 3640 4221 5999 3794 2198 5040 4368 4592 3976 5495 3458 3017 3493 1225 4235 5824 
2815 2750 2900 2470 3165 3160 600 1985 765 2020 2830 1105 1145 3220 2445 2545 2960 4165 1915 465 370 2515 2305 2345 1640 1860 965 2780 3155 2725 3030 3165 2315 2390 475 1860 2580 3550 1020 2675 2565 2835 2330 4060 1980 505 2895 1070 1120 2645 2710 1190 3535 1410 2575 2865 2205 2450 2845 740 970 925 790 4115 415 2140 1205 2610 2045 2050 1155 1415 2740 2760 3175 850 2345 1090 870 2970 1365 2075 3410 2860 1605 1520 975 1550 905 945 2335 1530 1350 2655 4145 1460 2460 1625 2925 3150 1080 1955 2160 930 1935 515 2570 1200 2950 1470 1490 3090 680 1660 2215 3805 2100 345 2785 2265 1640 1580 825 1200 3175 975 2930 2290 3000 1805 1625 1305 2625 955 865 2530 2630 2325 200 2850 1695 2510 1450 855 2660 2410 3680 1960 1150 2135 3305 2515 510 685 2530 2905 2310 405 2145 3160 2235 2575 4185 2530 1735 1920 2500 2270 2080 1275 2415 1020 2720 2475 1125 1075 1225 940 1960 2120 3350 2525 585 1070 1770 1705 1655 1130 2630 2060 1320 3710 2125 2670 1190 2895 2710 930 880 840 1445 865 2995 2820 835 760 2275 420 3265 2580 1470 1275 3560 930 3215 3830 2580 2185 805 2270 1970 2745 4065 1795 1035 1865 460 3680 1960 630 510 3860 1015 1910 1680 1810 1440 355 1960 640 2645 2285 3555 1565 995 1565 2585 1410 1370 2470 1825 775 2950 2050 1160 2850 2255 3000 130 355 2010 3095 1155 3715 990 3825 705 690 2695 2420 305 3105 425 1420 2665 1405 1510 3340 1900 3440 2435 2030 890 2685 1560 3325 2445 2400 1235 990 2470 365 1170 3270 2135 805 3070 1110 1030 3090 860 1500 2785 2410 2025 830 3150 1950 525 2470 3235 3560 2635 990 2710 1490 2955 2790 2510 2875 970 295 3110 2820 890 2745 2550 2735 505 2615 2555 1755 2235 1520 2810 845 1955 2775 1805 2810 3990 3675 2175 1105 425 2765 2700 805 2955 3550 900 965 865 3010 185 2640 2775 1940 2255 2810 
1224 3834 4581 3915 900 3618 4806 4329 6615 4995 1458 6048 4392 2754 5139 2232 4230 1998 4653 5355 5679 1458 6147 2466 6039 2628 4572 882 666 3231 783 207 2331 1665 5904 3861 1953 1332 4986 3060 4851 3033 3195 1953 6651 6804 4131 4257 4977 2016 1089 5292 504 6381 2835 1836 5112 4293 864 4824 5913 7146 7218 1944 6309 3681 5625 2790 3942 4167 5769 5841 1242 3645 630 4986 4356 4491 7191 4788 6849 2412 342 3285 4770 6192 6372 4194 4284 6075 3528 5373 4302 5265 1971 6372 4122 3303 4725 2943 7821 5913 2358 4212 6336 5391 1341 4014 5166 4185 4014 990 6201 3384 3006 1314 4392 6327 2403 6543 5283 3330 7380 7947 1737 6372 3654 6291 819 6183 3123 4599 3042 4995 7002 3681 1863 3258 5931 4707 4815 4878 6327 4671 1116 4599 828 3177 5958 3267 1449 3492 6804 7119 1827 729 3861 5292 3825 3429 6741 2700 2061 1719 4662 4221 2925 5004 5697 6183 4338 4302 1755 2322 4797 7830 5319 5544 4824 2088 666 2808 5391 4284 6597 3186 6057 5418 4617 2295 8226 1053 3240 1125 5841 2781 5148 5193 6300 4563 6858 4374 5157 4824 5733 5454 3123 6570 2106 3528 3330 5661 1566 7506 1368 2034 1305 4626 4446 2151 6237 972 1872 3006 6381 2934 5067 2043 2367 5031 6714 1296 4302 6732 2871 5751 3870 5589 2601 5607 1917 1980 513 4419 7668 4383 1728 6570 5283 4122 3114 4698 2016 2916 7146 3627 1827 1908 5940 6516 5427 900 4878 2079 5598 1791 6291 6165 1053 5049 6318 3888 5121 3987 4149 6669 3222 1764 2538 1152 4401 3537 4743 3402 3465 117 4167 3042 4671 7506 1557 6057 6903 1692 2970 7281 1773 7020 4122 2466 7416 4752 2079 6444 3789 5085 3249 2565 5463 1719 1188 522 1755 7677 2880 3645 2808 2619 3888 5454 4500 5373 1449 819 6237 4761 3681 4140 5139 4698 6246 3303 4140 3195 3123 7128 2871 4122 5544 6768 1593 1971 2097 6912 5490 909 4176 4833 3960 495 7173 6606 4941 2133 6147 2304 1683 4599 2016 3411 
4080 5600 3810 5120 4780 6240 1270 4420 3480 2180 4020 3770 360 6030 3010 3310 6120 7280 4450 1080 1380 3970 5760 4180 4630 2910 2450 4260 4830 5310 4970 5000 4030 3370 1490 3910 4450 6130 2960 3400 3190 5430 4530 7120 5420 2800 5960 2340 3150 3550 4020 3500 5780 4410 3240 5020 5170 2910 4280 2160 1360 2760 3030 7190 2020 4380 3720 4900 2080 2100 3710 4180 4480 3530 5220 350 2700 2670 2880 3970 4510 3430 5560 3740 1310 4500 3710 3470 1650 1520 2680 4130 710 6000 7240 4480 5190 2930 3870 5970 3770 5090 3640 1350 5230 1010 3740 780 6440 950 3200 5170 3180 3110 2530 6510 2220 2690 3720 5840 4280 1520 3420 3770 5590 1860 5840 5780 4910 4960 2680 3250 5040 2840 3730 5130 4520 4540 1790 3720 1500 5590 4450 2280 4110 5300 6120 3710 3800 2330 5730 5020 2890 3100 3420 4420 2620 1200 2290 6160 5860 4790 7330 3470 4120 4240 3080 5230 5210 4100 2840 590 4670 3170 350 3890 3570 950 2020 2930 5570 3140 920 2370 5060 3050 4660 950 3290 2670 4130 6270 2320 3970 3800 3870 6040 550 3530 610 4650 1710 4050 6100 3170 840 4380 2440 5880 3170 1590 3850 6220 3360 5540 6810 4050 4920 1530 2930 5250 4140 7090 1920 3810 2030 1340 6570 2660 2150 3010 6570 2230 5340 2190 4790 1000 2250 2350 2760 4580 3050 5760 1140 3800 1140 3550 4490 3800 2940 3330 2070 5250 2280 4260 5690 3300 5320 1890 2650 2300 5150 470 6640 1030 6710 3260 3180 4180 5510 2170 6230 1490 910 3330 4510 2320 5900 2920 5880 5260 2090 240 5300 2890 5310 5180 4600 3160 3260 3930 1750 4210 5750 2400 3530 5400 4150 940 5690 3600 3730 4950 6040 2060 2670 6080 2370 2430 4040 5520 5780 3610 3710 5140 2880 5560 3690 3010 6420 350 1490 5370 4390 3520 3530 5170 3470 1970 3270 6190 3290 4790 1780 3660 3700 3470 3540 4690 6790 6870 6540 2890 4120 1190 4280 3400 400 6000 5780 2820 2110 300 4200 2080 4750 4770 4470 3000 3630 
6770 4970 7720 4400 7420 5880 2740 3360 650 6070 6880 750 4130 6330 6910 6520 5230 8750 3050 2950 2830 5740 3030 4930 1680 4450 2300 6440 7330 5180 6690 7180 4970 5860 3030 3470 5500 7520 1820 7010 7120 5470 4520 8490 2100 2140 5130 2660 1860 6670 6410 1590 7820 990 6760 6000 3320 6820 6680 2150 4030 3450 2790 8630 2730 3970 1300 5170 5940 6000 1090 1400 6080 7300 6980 3680 6610 2370 3210 7890 640 4700 7550 7420 5210 1330 280 2880 2900 3960 6430 1950 4570 4170 8700 1100 4290 3690 7790 6120 2830 2400 4790 3160 2140 3070 6180 4060 4830 4800 2980 6700 740 3620 6050 8130 6140 1510 7070 2770 2200 4670 2300 3330 6600 3960 5400 2940 6630 1940 3900 2330 5080 1800 920 4630 5620 4480 2470 7640 5400 4030 1110 2240 6130 3970 8030 4040 900 5950 6960 4690 1950 2300 6340 6760 6460 2750 6120 5950 2630 5150 8770 6300 2760 3330 6630 3500 2770 870 6750 3740 5800 6400 4230 2570 1600 3970 5930 5300 7310 6640 3230 2630 1650 3820 1700 4340 7210 5320 3300 8000 5920 6310 1060 7370 4330 3910 400 3430 820 2780 7980 4700 1000 3600 4480 2410 6650 6920 4290 1350 7450 2860 6810 7900 5900 3540 2810 5840 2270 6420 8540 5060 290 5200 2580 7550 4990 1990 1570 8280 2640 1910 4470 2200 4600 1670 5250 1260 5610 5770 7930 5060 2300 5060 6430 860 1800 6820 3960 2300 6080 5650 590 5260 5430 6210 2320 1880 6090 6750 4310 7620 4070 7970 680 740 6190 3770 2410 5670 2440 4600 7210 800 3850 6920 4560 7330 4120 5800 3680 5030 3510 7480 4240 4710 2220 3190 5630 2770 320 6810 5860 1820 6390 460 3590 6180 2020 2390 5770 3140 5870 1730 6000 5200 1540 5500 6910 7930 6550 2510 5310 3310 5780 7130 6850 4550 3750 2440 6580 6460 450 7450 4660 7340 2040 7190 3540 3750 3880 4310 7290 1200 4240 7410 2320 3920 8480 7560 5530 320 2910 6370 7270 3510 5320 7880 3330 3870 3700 7450 2280 5430 5920 3130 5710 7350 
2888 5416 1448 5120 3360 5776 2592 4744 4392 464 2720 4608 1464 5392 888 2008 5864 5752 4840 2448 2632 3424 6040 4024 5224 3008 3400 3344 3480 5056 4048 3792 3856 2656 2624 4272 4056 4984 3864 1584 952 5088 4512 5688 5880 3736 5736 3240 4000 2224 3064 4304 4400 5112 1616 4440 5440 752 3216 3256 2064 3376 3776 5696 3056 4552 4512 4656 464 272 4528 4880 3808 1424 4184 1832 568 3544 3544 1560 5216 3384 4272 1720 656 5152 4584 4040 2720 2224 944 4768 1112 6032 5728 5160 5224 3352 1488 5408 4376 5536 3544 2456 5696 2368 2872 1656 6296 960 3800 4264 4160 3528 1296 5128 176 3744 2088 6160 4856 1608 4184 4256 4800 2456 5528 6080 4008 5488 3056 3992 4824 3784 4576 5064 4080 4536 2976 1368 544 5672 5128 3312 3352 5416 4704 3912 4616 1064 4792 4936 3832 3936 2336 3336 712 2568 592 5672 6200 4544 5800 2440 4624 4592 1496 5456 5584 4864 688 1824 4152 1920 1384 4520 4360 1864 320 2536 4424 1584 2264 3272 5608 3400 5256 1560 1016 2232 4584 4904 1088 3072 4608 2008 6032 1728 4440 2032 5320 2800 1632 6000 4120 2040 4384 3416 5104 1216 1976 4616 5120 4024 4648 5600 3416 5160 2696 2112 5696 3216 5624 1624 4656 1608 2688 5480 2456 3280 3968 5128 3168 5824 2352 5296 1264 3408 1936 3800 4144 2328 4304 704 4496 712 2432 5184 4520 816 3592 3160 4656 1424 5024 5424 2864 4664 3072 3664 848 4224 1344 5528 1824 5448 4224 4160 3400 5656 3232 5848 2800 1192 1120 5208 2792 5000 2960 4776 5344 832 1808 5104 3384 4000 5224 4512 3936 3856 3432 2872 4984 4888 1336 4344 4688 4936 2040 5088 4368 4368 4472 6280 600 3672 5568 2000 3552 3616 4568 4328 2416 4384 4848 3448 5104 1968 952 6352 1768 2808 4560 3480 4432 1208 5088 1232 3168 1000 6352 3640 4952 2104 1728 4536 3616 1296 5192 6856 5384 5440 2336 4912 2512 3408 1168 1936 5720 4368 3464 2704 1808 2496 3200 4392 4200 4848 2312 1592 
2784 4044 1968 3762 3180 4404 1416 3348 2556 828 2706 2856 780 4242 1320 2202 4356 4836 3366 1110 1188 2910 4122 3144 3414 2364 2154 2994 3240 3852 3474 3402 3042 2454 1122 3042 3270 4182 2442 2052 1512 3918 3390 4758 3882 1938 4266 2100 2562 2364 2820 2754 3882 3240 2022 3600 3798 1476 2964 1962 630 1608 1926 4788 1422 3318 2868 3594 1152 1080 2844 3144 3216 1992 3606 720 1338 2292 1734 2022 3246 2676 3762 2190 450 3318 2772 2778 1686 744 1566 3150 696 4296 4812 3288 3810 2436 1974 4218 2370 3714 2802 1506 3780 1026 2658 1074 4560 750 2622 3612 2430 2550 1668 4368 1056 2034 2358 4152 3240 1380 2250 2268 3918 918 4176 4134 3444 3618 2268 2640 3684 2370 2646 3762 3306 3402 1428 1884 510 4050 3270 2046 2946 3882 4098 2898 2886 1500 3978 3690 2028 2064 2364 3054 1434 1236 1284 4356 4152 3522 4866 2418 3168 3240 1926 3834 3804 3060 1428 1032 3384 2124 492 2490 2802 516 792 2250 3810 1980 930 2118 3648 2502 3438 276 1626 2052 2514 4212 1500 2802 2898 2364 4320 534 2658 1056 3342 1716 2004 4362 2496 714 3294 1698 4116 1812 1530 2946 4254 2106 3864 4620 2940 3654 1608 2106 3798 2916 4728 1548 2838 1590 1410 4494 2112 1932 2160 4392 2034 3822 1890 3534 996 1902 1830 2244 3348 2226 3840 618 2478 636 2442 3270 2946 1536 2664 1920 3750 1620 3024 4092 2490 3774 1512 1926 774 3594 414 4530 474 4536 2466 2436 2982 4002 1578 4416 1494 912 1764 3276 2052 4098 2358 4026 3858 1308 816 3852 2424 3582 3804 3426 2580 1968 2898 1308 3030 4008 1632 2400 3816 2964 1248 4032 2406 2928 3576 4290 1200 2250 4302 1860 2052 2994 3834 3852 2454 2388 3738 2424 3978 2298 1638 4554 906 1428 3774 3084 2664 1746 3786 1848 1800 1596 4392 2658 3570 1650 2178 2592 2742 1896 3486 4746 4578 4470 2166 2964 1128 3024 1794 876 4284 3864 1674 1098 720 2670 1584 3474 3438 3378 2202 2100 
3129 1883 4522 1484 3535 2478 1512 840 1967 3703 3248 1344 2261 2653 4228 3164 2184 4284 819 2065 2205 2247 1848 1610 1365 1435 644 2786 3437 1890 2877 3276 1645 2499 2443 651 2016 3423 616 3689 4256 2072 1372 4102 1918 2562 2086 651 539 3220 2821 742 3682 1575 3472 2366 1330 3913 2989 952 2954 3262 3031 4207 2527 1043 987 1813 3269 3388 1113 1169 2450 4025 3073 2289 3815 462 3185 4669 1946 1512 3493 4004 3129 1449 1645 203 1134 2996 3451 861 2527 1904 4256 1568 1477 847 4599 2527 3332 1456 1547 1351 1694 2156 2681 2009 2247 2625 259 2870 1652 749 3045 3857 3542 2030 3577 2016 861 2142 2926 3584 2779 3136 2142 1904 2835 1533 1078 203 1785 679 2282 1582 2100 1351 2177 4508 3255 1638 1533 798 2548 1456 3808 987 1260 3059 3031 1575 2492 2793 2940 3031 3570 1904 3346 2485 2100 1785 4298 2877 595 735 3409 1372 1442 1421 3892 1925 2226 3101 2534 3241 749 2744 3570 2135 3297 3395 2254 623 1799 917 1393 2891 4235 2247 3689 3773 3038 2744 1162 3857 1946 2534 1631 1862 1953 1092 4823 2037 1197 2492 1323 2534 2828 3759 1799 1015 3374 3199 2933 3696 2373 1169 1225 2639 1652 2793 4137 2310 1631 2394 1617 3458 1960 1085 2303 3962 728 1932 1687 1267 2338 1498 2303 1246 2093 2527 3773 2891 3073 2870 2975 1722 735 3871 959 945 2422 2737 2254 2037 2142 2513 2114 2296 3864 2905 2625 3507 2828 3745 1715 1617 2590 1568 2394 2380 1568 2401 4102 1799 1183 3010 1519 3297 1470 3045 2149 1820 728 3472 1463 1498 287 3325 2170 2401 2030 2926 2898 2709 2632 2163 1694 2520 2842 392 2198 2079 3178 833 2492 2247 1281 2051 2996 3773 3080 3143 1925 595 2268 3668 3822 2212 2051 1771 2772 2779 1568 4417 1610 4179 1274 4249 2107 812 1162 1729 3885 2429 1155 4214 1141 2555 4102 3465 2352 2065 2128 2723 4151 2093 2170 3724 3227 3206 2282 3759 2226 1967 2310 840 2485 3990 
978 3300 1452 3150 1332 3450 2136 3048 3570 1530 858 3480 1482 3066 1650 330 3630 3132 3186 2298 2502 1536 4194 2172 3768 1548 2430 1368 1422 2964 1908 1662 2034 912 2592 2670 2088 2586 2796 534 1488 2940 2640 3090 4260 3354 3540 2238 2856 486 1146 3108 2112 3816 342 2316 3624 1110 1242 2448 2400 3336 3516 3090 2910 2778 3306 2628 834 984 3360 3546 1788 882 1986 1908 1128 2472 3420 1596 4008 1740 2028 804 1458 3780 3570 2640 1992 2514 576 3354 1308 3966 3114 3840 3258 1986 1542 3108 3960 3882 1836 1830 4080 2286 1026 1362 4080 1188 2454 2082 3330 2112 216 2670 1134 3192 534 4362 3372 930 3732 3960 2532 2718 3318 4254 1884 3936 1746 2736 2784 2760 3774 3066 2082 2664 2736 1500 1464 3684 3810 2418 1416 3480 2346 2274 3456 390 2484 2952 3396 3546 576 1326 798 2328 756 3354 4434 2544 3168 666 3078 2940 300 3600 3846 3642 1128 1578 2112 252 1668 4026 3138 2172 1428 984 2154 276 2244 2262 4116 1974 3792 2016 1368 780 4182 2502 384 1164 3414 696 3936 1968 3486 1794 4062 2064 1812 3840 3156 2190 2544 3144 2778 696 1158 3366 2706 3714 2382 3060 1500 3348 2040 510 4050 1266 3042 690 3606 612 2280 2994 1032 2532 3420 2664 2220 4254 1182 3720 1098 2790 660 2970 2142 690 2040 1260 3960 1236 648 3906 3210 1008 2070 2358 2490 342 4014 3252 1176 2472 2778 3228 1824 2046 1692 3030 2184 2934 3390 3318 1440 3714 2982 3546 2352 1146 1098 3948 1620 2658 1488 2436 3384 582 1788 3024 2052 1818 3270 2604 2730 3648 1566 2742 3918 2580 252 3768 2466 3936 1596 2826 3822 2970 2376 4398 738 2736 3258 714 2808 1740 2310 2058 624 3918 2766 2148 2904 552 876 4176 1656 2454 2334 1476 3462 1488 3078 1128 2520 1404 4380 2154 3114 1176 696 3792 2016 1140 3612 4764 2856 2958 768 3888 2382 1428 1128 1878 3492 2088 3378 2892 1878 822 2904 2376 2136 3174 696 810 
5216 4872 5232 4408 5776 5560 1672 3600 968 3768 5240 1824 2496 5720 4432 4776 5176 7328 3440 1384 1152 4704 3816 4368 2712 3656 2096 5144 5760 4888 5536 5768 4336 4536 1168 3480 4760 6344 2040 4960 4664 5080 4272 7152 3152 232 5072 2312 2176 4944 5040 2192 6352 2232 4808 5216 3824 4528 5264 1760 1912 1264 792 7248 792 3928 2128 4752 3912 3904 2000 2392 5064 5072 5760 1984 4352 2272 1080 5328 2000 3976 6144 5240 3136 2472 1480 2968 2128 1816 4392 2688 2816 4544 7296 2320 4368 3224 5256 5600 1088 3264 4104 2192 3144 1440 4824 2616 5040 3008 2912 5608 1064 3264 4232 6768 3952 408 5160 3672 2888 3240 632 1368 5712 1760 5176 3760 5480 2960 3256 2536 4752 1952 928 4536 4848 4256 816 5136 3272 4352 2320 1944 4944 4232 6576 3720 1936 4096 5936 4528 120 464 4760 5352 4336 1336 4080 5568 3576 4696 7360 4768 3152 3512 4688 3944 3520 2064 4472 2328 4992 4672 2408 1032 2240 1976 3688 4104 6040 4728 1528 2304 2800 3352 2728 2296 4784 4008 1488 6616 4080 4976 2032 5320 4648 2048 1344 2040 2144 2056 5336 4872 1536 1736 4200 456 5840 4784 3064 2224 6344 936 5800 6768 4816 3864 1976 4344 3232 5096 7168 3584 1584 3688 1448 6520 3848 1568 248 6856 2240 3016 3392 3064 2984 1048 3848 1328 4864 4368 6392 3120 880 3128 4856 2176 2464 4568 3536 1848 5336 3984 1488 5056 4304 5424 736 136 3688 5624 2440 6576 2040 6768 1056 1104 5000 4184 560 5440 1384 2944 4888 2136 3088 5976 3720 6168 4296 3912 2088 4808 3112 6024 4344 4400 2416 1136 4640 920 1608 5872 4112 576 5544 1440 2360 5536 664 2784 5072 3944 3896 1768 5568 3832 1264 4616 5832 6400 4928 904 4896 2984 5288 5160 4648 4880 2232 1184 5624 5208 1400 4968 4568 4992 1408 4760 4224 3408 4008 3144 5176 800 3752 5056 3104 4576 7056 6512 4192 1488 1296 5120 4936 1952 5184 6376 1176 1640 2016 5520 584 4832 5088 3488 4320 5152 
3325 1372 4991 966 3675 1995 2121 245 2366 4256 3479 1610 2835 2296 4760 3493 1624 4102 259 2667 2800 2331 1456 1512 1316 1687 1239 2891 3556 1484 2849 3332 1603 2730 3038 413 1925 3269 1113 4081 4767 1694 1064 3906 1757 3087 1533 1246 987 3521 2975 1036 3661 1687 3857 2205 784 4403 3129 1547 3556 3836 3570 4025 3108 658 1225 1526 3766 3899 1372 1253 2450 4452 3038 2891 4312 1064 3745 5145 2121 1624 3479 4396 3689 1484 1967 448 1729 3598 3906 833 3080 1316 4074 1659 917 1141 5075 2149 3829 1183 1610 1932 1512 2765 2870 2555 1645 3171 651 2793 2079 994 3465 3731 4060 2541 3906 1708 714 2618 3416 4102 2583 3738 1659 1540 2814 1400 1414 700 1435 1197 2674 1106 2009 1036 2758 4991 3815 1036 1624 1393 2653 854 3752 952 1505 3507 2870 1141 3003 3311 3220 3150 4046 2506 3836 2030 1841 1533 4109 3143 224 189 3808 791 1064 1603 4389 2506 2128 3437 3122 3717 1022 3346 4116 2415 3234 3780 2856 1225 1736 1155 1330 3493 4732 2576 4186 3675 3479 2898 1393 4207 1344 3136 1988 2457 2086 1694 5313 1435 1610 3101 1071 3087 2569 4193 2282 1204 3192 3724 2786 3458 2457 567 1827 2961 1435 2926 3955 2751 1932 2821 2219 3206 2275 1673 2793 3850 1323 1820 2086 1057 2870 2044 2681 1736 1981 2821 3780 3444 3535 3423 3248 1855 875 4347 1092 1547 2212 3157 2548 1554 2345 2310 2688 2821 4431 2842 3213 3255 3430 3542 2135 2044 2681 973 2954 1869 2163 2940 4571 1939 1596 2793 1771 3164 875 3521 2744 1386 1064 3507 896 1211 798 3871 2247 2989 2296 2730 3325 3171 2443 2464 2261 2212 3311 476 2016 1694 3668 1372 2065 2618 1820 2086 2877 3780 3346 3626 1596 980 1918 4011 4284 1617 2639 2366 2625 2856 1925 4907 1127 4634 1862 4753 1652 966 609 2191 4270 2842 1232 4669 896 2100 3962 3220 2653 2359 2730 2814 4613 2688 1638 3717 3794 3801 2877 4046 2793 1778 2205 259 2786 4396 
4347 1106 6419 1113 4564 1505 3717 1379 3633 5803 4543 2793 4417 2184 6279 4725 882 4193 1386 4249 4368 3255 1351 2331 2114 2975 2828 3787 4410 1575 3479 4067 2492 3864 4599 1764 2625 3528 2625 5390 6251 1750 1729 3976 2128 4522 917 2842 2485 4704 3962 2401 4207 2618 5159 2667 966 5866 4053 3122 5152 5341 5012 4116 4634 1540 2464 1932 5250 5397 2597 2289 3199 5803 3619 4487 5796 2653 5222 6573 3052 2758 4053 5698 5257 2359 3164 2037 3325 5180 5313 1967 4648 350 4165 2548 980 2569 6510 1995 5187 1631 2660 3521 1939 4347 3920 4123 133 4718 2226 3332 3409 2415 4837 3997 5572 3962 5117 1708 1792 4102 4788 5502 2863 5313 1309 1470 3458 1995 2835 2268 1729 2716 3899 1260 2681 1694 4298 6433 5376 553 2534 2975 3556 763 4193 2128 2681 4914 3164 1407 4417 4718 4389 4039 5488 4088 5292 1645 1911 2016 4179 4291 1638 1505 5131 875 1351 2660 5852 4088 2744 4690 4711 5040 2366 4949 5656 3647 3731 5082 4445 2821 2338 2534 2107 5089 6195 3871 5537 4025 4893 3885 2583 5446 259 4732 3234 4053 2961 3290 6776 336 2975 4690 1834 4571 2674 5572 3773 2394 3374 5131 3150 3465 3367 1022 3423 4214 1820 3864 4067 4179 3094 4228 3808 3220 3570 3227 4172 4144 2919 2275 3493 1729 4410 3556 4039 3185 2625 4039 4375 4998 4851 4977 4389 2765 2163 5789 2387 3129 2548 4543 3612 1302 3479 2646 4221 4263 5999 3402 4802 3248 5026 3640 3444 3374 3570 665 4466 1260 3745 4480 5985 2849 3059 2989 3045 3507 833 4970 4340 1449 2534 4179 959 1813 2359 5313 3178 4536 3353 2975 4704 4487 2772 3556 3843 2296 4634 1960 2471 1463 5138 2891 1771 3969 3318 2968 3283 4361 4494 4970 1848 2492 1967 5250 5698 168 4228 3934 3024 3710 3171 6370 1253 6041 3416 6223 1141 2324 1169 3661 5565 4095 2422 6069 1645 1372 4165 3262 3899 3451 4312 3689 6027 4291 1085 4284 5285 5362 4473 5173 4305 2310 2793 1358 4011 5726 
3320 4440 3152 4048 3880 4960 920 3472 2680 1840 3280 2920 352 4808 2504 2720 4848 5848 3488 768 1008 3192 4520 3328 3608 2320 1880 3440 3912 4216 4000 4032 3216 2736 1112 3080 3560 4920 2288 2808 2656 4320 3592 5712 4248 2152 4728 1808 2440 2904 3256 2712 4664 3432 2672 4016 4072 2432 3472 1640 1072 2152 2352 5776 1536 3464 2880 3896 1768 1784 2872 3248 3600 2920 4200 216 2264 2064 2232 3272 3504 2736 4480 3088 1144 3504 2872 2712 1248 1192 2240 3224 664 4728 5816 3488 4104 2312 3200 4760 2936 3984 2904 1024 4096 712 3032 648 5096 856 2504 4152 2440 2448 2112 5232 1872 2056 3056 4584 3336 1264 2648 2944 4472 1456 4640 4544 3952 3880 2120 2528 4000 2192 2880 4056 3616 3600 1336 3080 1296 4408 3464 1744 3320 4184 4936 2936 2944 1952 4600 3976 2224 2400 2800 3576 2192 864 1928 4904 4592 3808 5888 2832 3232 3328 2552 4120 4088 3184 2376 448 3736 2608 360 3024 2768 744 1712 2376 4480 2600 648 1832 3952 2408 3640 792 2728 2176 3232 5048 1936 3216 2944 3184 4768 432 2728 416 3616 1296 3344 4824 2432 624 3472 1864 4704 2632 1288 2992 4984 2616 4448 5456 3256 3872 1152 2400 4112 3352 5696 1592 2952 1680 976 5264 2152 1624 2312 5288 1712 4176 1760 3744 872 1696 1928 2104 3664 2488 4648 1016 2952 1008 2896 3488 2960 2448 2632 1576 4200 1904 3312 4520 2664 4248 1416 2024 1928 4144 456 5320 816 5384 2504 2440 3368 4336 1648 4952 1096 808 2768 3512 1840 4728 2336 4720 4160 1760 96 4208 2272 4288 4096 3648 2448 2536 3152 1320 3272 4608 2000 2736 4320 3216 720 4536 2792 2912 3952 4744 1744 2048 4840 1944 1848 3240 4432 4664 2952 2880 4088 2256 4432 3032 2504 5072 248 1096 4304 3544 2720 2928 4088 2872 1480 2712 4872 2600 3776 1432 3024 2856 2752 2936 3664 5352 5528 5240 2352 3192 856 3456 2816 224 4760 4664 2192 1656 176 3440 1568 3784 3816 3504 2448 3000 
2282 1155 4753 1309 2387 1015 3318 1848 4221 4564 2499 3563 3514 546 4886 2863 1449 2114 2107 3871 4088 1267 3136 763 3297 1652 2723 1673 2212 693 1239 1834 861 1995 4319 1652 630 1323 2870 3591 4760 518 924 1911 3675 4711 1372 2541 2793 2786 1904 2961 1939 3689 3367 420 2331 4326 1939 3017 4599 5257 5145 2037 4529 1337 3185 469 3822 3997 3318 3248 1057 4053 1358 3822 4305 2576 5229 4921 4116 1281 1778 3864 4165 3479 3892 2065 2828 4690 3703 2835 3605 2317 2086 3654 1470 1764 4858 560 5509 3066 1134 2905 3423 3941 1939 3164 2184 3605 2037 1071 3906 1708 3206 1799 4193 4221 3192 3479 2709 2849 5117 5719 623 4893 994 3255 1218 3346 1841 2457 602 2919 4543 1106 623 959 4179 4809 4249 2044 3619 2856 1491 1855 1932 1302 3465 3353 931 973 4662 4963 2485 1890 3941 3759 3808 882 3654 469 2121 2373 2219 1813 3374 2219 2842 3584 4333 3276 602 2870 3857 5446 2954 4326 4410 1967 1463 3304 3990 2541 3710 1659 3311 4347 4641 2233 5859 1792 3332 1841 3353 3535 2205 4053 3885 3381 4088 2856 5173 1932 3458 4151 938 4627 574 3864 2625 3178 1211 5341 889 1463 1337 1960 2975 2457 3325 1778 1974 2758 3871 2765 3500 1211 2030 3185 4508 1932 2611 3766 2205 2996 3276 3640 2485 3479 560 2254 2107 3864 5285 3836 2457 3850 2849 4221 1477 2954 280 2975 4494 980 1701 378 4144 4452 4844 1134 3948 1260 4396 1547 3969 3871 1484 2205 4452 1190 3493 3374 4340 3934 2072 812 1652 1267 1687 3493 3626 833 1848 1925 1505 784 2548 5418 1225 4361 4263 756 3108 4935 511 4403 3052 294 5068 2415 280 3353 3696 3052 756 2429 3465 1029 1015 2086 2548 5341 448 1946 350 3353 4081 2422 3451 3717 756 1568 3822 4795 1099 4375 3339 4683 3143 1575 1582 2485 3724 4683 1309 4382 2828 3521 2009 1225 2184 4305 3969 1575 4375 3640 1239 2016 5243 5026 3794 3150 4284 357 602 2058 2247 3920 
5720 5360 5568 4896 6288 6056 2184 4072 1240 4072 5736 2184 2936 6240 4720 5256 5648 7864 3896 1832 1568 5232 4152 4896 3056 4184 2624 5672 6272 5392 6064 6288 4864 5048 1512 3984 5296 6872 2536 5392 4984 5592 4784 7680 3424 424 5544 2840 2664 5424 5560 2640 6880 2528 5256 5744 4248 4888 5784 2288 2152 1160 560 7776 1080 4424 2536 5264 4304 4280 2392 2760 5592 5464 6288 2392 4704 2792 928 5656 2200 4512 6672 5664 3480 2792 1792 3472 2656 2024 4808 3104 3232 4960 7832 2616 4848 3760 5592 6112 576 3624 4632 2712 3448 1856 5336 3096 5472 3424 3424 6144 1456 3792 4688 7296 4312 912 5624 3960 3312 3720 112 936 6240 1896 5672 4080 6008 3280 3784 3032 5264 2448 1032 5024 5376 4768 1248 5472 3608 4792 2616 2464 5472 4680 7104 4240 2304 4528 6472 5032 408 208 5256 5872 4720 1808 4472 6072 3848 5224 7888 5264 3616 4000 5136 4376 3896 2392 4824 2800 5528 5144 2800 504 2680 2280 4008 4616 6568 5176 1928 2832 3064 3880 3072 2600 5120 4520 984 7144 4520 5496 2416 5760 5072 2416 1680 2520 2352 2584 5640 5320 1968 2096 4712 720 6368 5192 3568 2616 6872 544 6328 7296 5344 4320 2504 4840 3544 5616 7696 4064 1888 4176 1960 7048 4360 2096 600 7384 2768 3264 3912 3432 3440 1568 4344 1808 5400 4872 6912 3504 376 3512 5352 2432 2896 4944 4064 2376 5864 4448 1584 5552 4832 5952 1208 664 3952 6160 2816 7104 2328 7296 1416 1496 5528 4608 928 5928 1904 3392 5256 2376 3624 6504 4248 6696 4760 4336 2520 5312 3640 6544 4816 4912 2912 832 5168 1272 1784 6400 4568 328 6072 1576 2856 6056 256 3248 5600 4256 4296 2272 6080 4336 1776 5152 6368 6920 5424 368 5416 3512 5808 5608 5032 5288 2688 1696 6160 5728 1744 5288 5056 5368 1944 5088 4560 3928 4488 3656 5600 824 4280 5432 3488 4880 7592 7040 4704 1656 1728 5648 5304 2392 5672 6904 1048 1728 2424 5992 1032 5360 5624 3944 4824 5568 
5490 6129 4788 5634 6120 6822 1917 4806 2448 3069 5445 3249 2142 6831 3780 4797 6534 8262 4707 1197 927 5256 5436 5193 4230 4167 2907 5598 6156 6012 6183 6273 5103 4824 630 4518 5535 7191 3096 4779 4095 6183 5292 8091 4815 1215 6408 3015 3285 5013 5409 3438 6975 3780 4671 6066 5256 4041 5652 2502 891 666 1053 8172 567 5013 3465 5751 3474 3402 3366 3834 5697 4770 6417 1512 3834 3141 792 4869 3600 4608 6768 5040 2466 3996 2952 3987 2547 729 4077 4050 2376 6057 8226 3870 5634 3915 4797 6732 1719 4806 4779 2448 4752 1125 5148 2466 6570 2574 3834 6327 2430 4023 4059 7578 3402 1665 5139 5346 4248 3177 1575 1602 6606 585 6426 5409 6129 4527 3816 3591 5805 2979 2439 5715 5616 5292 945 4662 2592 5778 3861 2709 5436 5589 7272 4581 3348 3852 6786 5670 1377 1323 4905 5769 3933 1341 3672 6804 5283 5670 8298 4941 4383 4680 4527 5355 5040 3546 3969 2178 5769 4671 1845 1899 3492 1125 3024 4392 6732 4590 1089 3033 4419 4050 4257 1449 4275 4194 1962 7380 3843 5355 3420 5220 6147 1386 2781 1926 3762 2520 4824 6336 2790 1053 5184 882 6822 4482 3150 3591 7236 1323 6624 7758 5346 5193 2358 4455 4824 5508 8082 3546 3060 3654 1701 7506 4122 2340 1674 7650 2916 4680 3645 4554 2718 1926 3924 2448 5661 4554 6975 2574 1908 2592 5013 3753 3753 4122 4293 2529 6246 3870 3069 6282 4698 6318 1062 1341 2898 6327 1818 7578 1143 7704 2448 2457 5499 5625 846 6750 1737 2628 4473 3726 3546 6894 4203 6966 5616 3600 1746 5958 3825 6561 5616 5400 3465 1143 5193 648 3186 6768 3960 1872 6426 3015 2376 6561 1845 3960 5949 5625 3501 2754 6768 3933 2232 5247 6624 6993 5076 1755 5940 3735 6363 5085 4257 6453 1980 1458 6444 5697 2826 4455 5751 4599 2097 4230 5886 4203 5229 3294 4995 2286 4491 4671 4545 6345 7911 7488 4392 3051 1071 5607 4518 1647 6498 6984 720 459 1557 5580 1008 5724 5868 4752 4500 4914 
5049 810 7866 1026 5292 1233 4716 1710 4923 7209 5310 3861 5490 2115 7776 5607 441 4698 1845 5436 5625 3645 2286 2493 3087 3447 3618 4302 5076 1413 3852 4617 2700 4482 5931 2079 2808 3861 3447 6489 7713 1602 1764 4419 3249 5967 504 3564 3276 5562 4545 3258 4761 3735 6192 2799 1530 7191 4653 4014 6570 6957 6597 4599 6021 1674 3402 1899 6426 6624 3573 3249 3528 7047 4023 5661 7119 3384 6831 8073 4302 3105 4563 6885 6543 3402 4347 2547 4158 6624 6453 2763 5760 963 4662 3654 927 3033 7992 1872 6876 2529 2961 4392 2970 5553 4518 5085 549 5832 2745 3654 4599 2844 5832 4464 6858 5256 6093 2772 2538 4977 6354 7263 3015 6822 1008 2457 3825 2988 3348 2934 1638 3564 5292 1125 2871 1719 5580 7902 6687 891 3618 3816 4023 963 4725 2385 3717 5949 3402 1296 5850 6237 5157 4617 6696 5238 6462 1422 3024 2016 4680 5022 2169 1845 6165 1368 2160 3735 7182 5085 2934 5580 5895 6714 3213 6273 7020 4248 4149 6102 5670 3546 3465 2961 3087 6426 7614 4554 7335 4500 5922 4455 3573 6525 774 5976 4410 5085 4203 4140 8352 324 4014 5967 1908 5994 2763 6759 4572 3321 3654 6777 3393 3762 3780 1368 4311 4977 2817 4410 4536 5022 4266 5085 4869 3447 4185 4176 5553 4644 3672 3420 4158 2601 5409 4653 4797 4230 2790 4734 4977 6183 6471 6156 5148 3933 2970 7083 2745 4005 2628 5463 4986 1008 3996 2754 5490 5625 7488 3735 6012 3483 6381 3987 4653 4545 4032 1143 5823 927 4806 5517 7317 4041 3654 3159 3519 3843 900 6048 5445 1260 3024 4743 936 1827 3060 6984 3555 5868 4653 3150 5661 6003 2907 4905 4770 2268 6192 2592 2556 2484 6273 3789 1584 4716 4356 3276 3564 4959 5274 6615 1764 3006 1863 6273 6957 909 5283 5067 3231 4194 4329 7830 1098 7380 4419 7650 2097 2700 1296 4410 6705 5526 2736 7407 2448 2448 4671 3501 4572 4761 5526 4176 7371 5400 702 4860 6894 6912 5643 6129 5616 2376 2979 1791 4698 6921 
2709 4774 1470 4494 3136 5110 2135 4123 3668 315 2576 3899 1169 4809 847 1960 5152 5201 4193 1960 2107 3108 5208 3584 4473 2681 2891 3080 3234 4473 3689 3493 3444 2464 2086 3724 3640 4508 3283 1631 987 4515 3983 5138 5033 3052 5047 2765 3409 2149 2842 3668 4032 4340 1645 3990 4718 889 2982 2737 1568 2716 3073 5152 2457 3990 3836 4130 616 469 3843 4158 3451 1498 3815 1428 721 3024 2863 1554 4417 3024 3920 1750 357 4396 3857 3500 2296 1701 1064 4088 875 5250 5180 4389 4578 2933 1491 4816 3598 4760 3164 2065 4886 1883 2667 1386 5509 770 3290 3871 3479 3080 1330 4662 392 3094 2058 5299 4172 1442 3437 3486 4312 1904 4879 5243 3654 4697 2688 3423 4270 3206 3822 4452 3661 4004 2408 1386 245 4949 4368 2800 3073 4725 4298 3437 3913 1120 4326 4354 3143 3220 2226 3087 868 2079 742 5026 5327 4039 5243 2310 3997 3990 1533 4739 4816 4130 826 1498 3738 1876 1043 3731 3717 1407 168 2331 4032 1610 1785 2793 4795 2982 4494 1134 1078 2065 3773 4466 1134 2842 3913 2002 5257 1309 3731 1652 4515 2366 1582 5250 3472 1582 3864 2779 4578 1316 1736 3927 4620 3290 4200 5047 3115 4494 2261 2002 4893 2968 5089 1505 3927 1512 2198 4935 2233 2751 3276 4662 2702 4984 2100 4550 1078 2828 1799 3192 3717 2177 3955 504 3710 518 2310 4403 3871 959 3157 2667 4179 1393 4221 4788 2618 4193 2492 3003 588 3843 987 4977 1372 4921 3535 3479 3115 4921 2625 5159 2303 1001 1218 4417 2443 4501 2646 4326 4669 903 1428 4501 2954 3689 4578 3990 3374 3136 3115 2303 4200 4403 1344 3591 4214 4144 1708 4543 3612 3752 4004 5418 714 3101 4942 1855 2961 3269 4137 3983 2303 3612 4298 2989 4543 1960 1085 5537 1421 2296 4116 3199 3724 1239 4480 1316 2632 1057 5495 3192 4326 1862 1757 3773 3199 1372 4466 5929 4886 4893 2163 4130 2009 3129 1253 1540 5040 4004 2786 2121 1407 2415 2604 3927 3787 4200 2163 1638 
1785 3010 4368 3178 1470 2667 4417 3647 5712 4718 1960 5187 4193 1953 4823 2569 3241 721 3906 4886 5131 1722 4991 2247 5061 2646 4116 1449 1309 2562 1001 987 2191 2079 5320 3353 1827 581 4389 3192 4592 2366 2709 714 5488 5957 3185 3885 4361 2401 1652 4578 483 5390 3031 1547 4186 4165 1498 4347 5376 6293 6314 686 5621 3122 4823 2303 3899 4074 4956 4956 1421 3640 798 4641 4214 4025 6314 4522 5782 2394 560 3353 4536 5215 5467 3682 3983 5495 3570 4564 4144 4179 707 5369 3339 3094 4480 2135 6762 4886 2310 3955 5236 4921 1841 3885 4004 4067 3584 966 5383 3122 3171 217 4249 5551 2674 5334 4459 3374 6398 6888 1246 5726 2793 5110 1043 5145 3010 4039 2471 4410 6020 2975 1743 2751 5306 4466 4571 3913 5334 4214 1554 3724 224 2863 5103 3374 938 2842 5943 6209 2254 1393 3836 4823 3815 2513 5502 2261 770 2170 3969 3584 3101 4081 4683 5257 4200 4088 1624 2639 4515 6748 4592 5089 4585 2373 560 3017 4935 3899 5488 2996 5075 5005 4410 2562 7084 77 3353 1666 4998 2954 4067 4809 5432 4284 5775 4046 4816 3766 4984 4998 2681 5803 1428 3563 3332 4837 763 6531 980 945 1638 3808 4116 2492 5145 1540 637 3136 5460 3087 4620 1064 2576 4515 5852 175 3927 5565 2947 4795 3801 4963 2814 4928 1764 2345 637 4249 6615 4221 2177 5544 4529 4032 2891 4263 1596 3094 6076 2800 2128 1491 5306 5726 5054 938 4585 1071 5131 707 5460 5355 1505 4074 5607 2905 4655 3899 4039 5628 3136 1120 2590 602 3556 3577 4445 2702 3213 812 3374 2576 4109 6552 1785 5425 5866 1127 3143 6293 1358 5985 3934 1806 6405 4102 1750 5215 3780 4508 2373 2786 4844 1820 868 609 2198 6629 2317 3353 2135 2842 3850 4263 4249 4858 1134 1351 5376 4515 2968 4025 4620 4473 5012 3031 3423 3213 3234 6132 2688 4011 4627 5383 399 1008 2415 5894 4991 1428 4053 4508 3031 539 6307 5908 4606 2429 5460 1981 1540 3857 2373 3458 
3824 4528 3672 4112 4392 5104 752 3448 2184 2272 3808 2560 920 5040 2944 3272 4920 6256 3416 232 440 3584 4304 3576 3328 2624 1760 3896 4408 4368 4408 4504 3480 3208 568 3120 3856 5304 2080 3376 3136 4504 3728 6112 3936 1584 4800 1776 2240 3456 3728 2472 5120 3072 3248 4320 3960 2952 3952 1448 888 1664 1792 6176 976 3536 2592 4096 2320 2320 2552 2960 3976 3480 4616 392 2776 1968 1712 3784 3080 3024 4928 3656 1600 3184 2440 2688 1272 944 2800 3008 1224 4656 6224 3136 4136 2472 3704 4968 2384 3752 3184 1136 3808 152 3504 1136 5064 1416 2512 4536 1992 2584 2680 5648 2384 1528 3616 4320 3152 1776 2080 2416 4800 1144 4760 4312 4360 3592 2344 2416 4176 1976 2352 4152 3928 3736 776 3584 1744 4360 3112 1600 3744 4160 5376 3080 2600 2520 4952 4088 1656 1824 3320 4056 2744 400 2488 5064 4304 4016 6288 3344 3136 3320 3120 4032 3896 2832 2896 864 4056 3160 824 2464 2528 664 2168 2816 4896 3168 112 1792 3616 2584 3352 912 3232 2656 2688 5472 2512 3680 2624 3752 4712 536 2296 624 3200 1280 3824 4816 2080 360 3624 1296 5000 3192 1712 2704 5352 2064 4808 5816 3664 3824 1128 2912 3840 3816 6096 2112 2528 2216 664 5600 2576 1368 1760 5712 1680 3848 2152 3512 1432 1280 2432 1736 3968 2984 5120 1536 2384 1544 3416 3104 2744 2984 2808 1424 4488 2456 2816 4640 3088 4552 856 1464 2280 4536 880 5656 760 5760 2048 2000 3800 4264 1080 5064 760 1376 3304 3112 2088 5056 2656 5104 4160 2328 512 4336 2408 4752 4120 3808 2320 2008 3536 752 2808 4944 2560 2168 4640 2736 1024 4792 2224 2784 4240 4512 2304 1800 5024 2432 1488 3584 4800 5136 3480 2320 4280 2352 4640 3600 3056 5008 704 648 4648 3984 2296 3424 4184 3416 1176 3208 4680 2736 3792 1840 3592 2320 2960 3472 3464 5136 5944 5584 2840 2720 296 3896 3352 400 4856 5128 1688 1288 424 4000 1008 4040 4144 3440 2944 3568 
3760 1864 5504 1400 4192 2568 2112 600 2432 4608 3920 1608 2968 2856 5200 3872 2168 4848 552 2736 2880 2680 1792 1824 1408 1840 1104 3312 4072 1952 3328 3840 1896 3056 3152 576 2304 3880 960 4512 5224 2176 1416 4624 1984 3216 2064 1128 824 3920 3384 920 4264 1768 4264 2656 1136 4824 3560 1448 3760 4064 3768 4752 3224 976 1168 1936 4088 4232 1328 1264 2856 4912 3552 3008 4712 896 3960 5680 2240 1848 4040 4872 3952 1560 2000 280 1680 3800 4280 824 3264 1792 4808 1736 1368 1176 5600 2696 4072 1392 1856 1928 1720 2840 3240 2672 2192 3376 528 3296 2088 1032 3792 4392 4416 2592 4352 2024 752 2792 3600 4376 3112 3952 2184 1864 3288 1560 1480 480 1864 1056 2784 1544 2392 1384 2832 5496 4096 1488 1696 1280 3040 1296 4384 1128 1496 3824 3424 1568 3128 3472 3592 3600 4424 2552 4176 2600 2144 1928 4856 3512 304 504 4200 1176 1328 1632 4800 2592 2536 3808 3280 3952 912 3520 4448 2672 3792 4168 2952 1104 1912 1224 1432 3696 5192 2832 4480 4312 3792 3288 1368 4688 1840 3288 2008 2520 2216 1640 5864 1960 1552 3232 1392 3216 3128 4616 2400 1160 3800 3944 3320 4136 2824 952 1784 3272 1648 3336 4680 2960 1960 3048 2224 3856 2488 1592 2888 4528 1216 2040 2224 1200 3040 2016 2920 1680 2376 3128 4384 3680 3744 3656 3632 1944 792 4768 1208 1448 2688 3440 2672 2064 2632 2800 2752 2912 4800 3344 3384 3904 3616 4216 2152 2048 3080 1400 3056 2440 2160 3112 5024 2040 1648 3360 1944 3752 1320 3824 2840 1848 1064 4056 1336 1568 592 4104 2584 3096 2400 3280 3632 3328 2944 2576 2320 2736 3488 296 2448 2056 3976 1248 2624 2856 1760 2416 3408 4376 3744 3848 2040 936 2424 4464 4704 2136 2736 2384 3136 3288 1936 5400 1576 5112 1808 5208 2056 1040 1000 2304 4736 2968 1408 5152 1032 2568 4664 3864 2928 2456 2800 3232 5080 2776 2176 4320 4016 4024 2992 4536 2872 2176 2632 568 3080 4872 
4581 1071 7065 630 4941 1890 3600 567 3816 6237 4815 2772 4455 2484 6849 4959 1269 4995 711 4311 4482 3204 1728 2025 2124 2664 2475 3924 4761 1449 3681 4383 2205 3897 4788 1044 2493 4005 2295 5787 6831 1737 1251 4725 2475 4824 1170 2457 2124 4959 4104 2124 4698 2727 5490 2709 693 6336 4257 2871 5445 5805 5445 4896 4869 846 2295 1728 5544 5724 2475 2205 3231 6300 3897 4572 6237 2241 5679 7263 3312 2439 4464 6192 5535 2412 3249 1422 3069 5499 5652 1683 4752 954 4959 2664 450 2088 7173 2259 5742 1692 2349 3321 2160 4428 4014 4077 1260 4842 1647 3546 3474 1890 5049 4617 5940 4104 5481 2178 1467 4059 5220 6120 3096 5688 1467 1881 3645 2106 2439 1782 1512 2412 4194 891 2592 1197 4428 7074 5688 531 2628 2673 3618 234 4752 1575 2628 5130 3492 1035 4707 5094 4563 4257 5859 4104 5607 1989 2403 1791 4995 4437 1017 720 5445 558 1377 2691 6318 4041 2709 4914 4842 5589 2079 5175 6057 3564 4104 5391 4545 2430 2592 2061 2133 5346 6759 3825 6201 4590 5103 3996 2484 5895 927 4887 3312 4005 3231 3033 7506 963 2880 4851 1350 4842 2979 5994 3636 2232 3852 5634 3420 4104 3357 261 3204 4293 2025 3996 4815 4176 3186 4248 3735 3771 3438 3033 4419 4788 2565 2619 3294 1665 4446 3501 4014 3078 2529 4077 4878 5202 5346 5175 4572 2934 1854 6246 1890 2862 2637 4662 3942 1359 3393 2772 4338 4473 6489 3627 4959 3825 5274 4266 3528 3420 3645 603 4671 1665 3663 4545 6507 3051 2718 3330 2763 3915 261 5193 4365 1278 2043 4572 405 1413 1908 5832 3096 4725 3609 3276 4869 4878 2943 3843 3717 2475 5067 1440 2448 2016 5400 2637 2070 3933 3204 2844 3573 4869 4707 5481 1719 1980 2052 5643 6138 1296 4221 3924 3231 3843 3222 6984 909 6588 3276 6795 1782 1782 333 3492 6021 4419 1971 6624 1476 2322 4878 3807 3888 3708 4392 3807 6570 4311 1350 4779 5742 5769 4554 5598 4464 2169 2790 648 4041 6210 
3760 940 7040 1040 4020 1220 4330 1820 5360 6530 4050 4350 4830 1230 7070 4430 1460 3860 2200 5140 5420 2200 3640 990 3900 2250 3330 2920 3790 320 2470 3300 1220 3170 5760 1640 1260 2730 3440 5440 6950 420 590 3560 4420 6180 1320 3120 3320 4360 3200 3500 3550 4480 5110 1330 2480 6340 3310 3770 6270 7060 6820 3740 6000 1130 3800 260 5550 5790 4010 3860 2070 6080 2690 5180 6290 3100 6990 7270 5110 1780 3310 5860 5870 4180 4850 2270 3630 6380 5490 3260 5030 2510 3810 4430 1270 2120 7180 1050 7300 3540 1580 3800 4060 5250 3180 4340 2410 5060 2290 2280 4920 1980 4780 3410 6060 5440 4950 4130 3070 4020 6730 7630 1730 6650 910 3810 2440 3960 2350 2830 30 3530 5810 750 1330 620 5500 7090 6010 2100 4380 3540 2610 1820 3580 1360 4210 4950 2170 560 6090 6520 3920 3270 5790 4960 5560 1130 4380 380 3860 3760 2380 1800 5100 2330 3220 4360 6340 4440 1410 4410 5320 7190 3490 5900 6310 2980 2880 5020 5350 3120 4480 1990 3920 5980 6810 3350 7810 3390 4910 3100 4050 5440 2370 5520 4850 4530 5050 3650 7600 2020 4260 5610 700 6090 1620 5780 3630 3780 2570 7090 2100 2890 2350 1960 3830 3760 3910 3050 3650 3990 4800 4020 4560 2530 2980 4000 5840 3600 3230 4550 3080 3450 4590 4640 3670 4340 1250 3480 3770 5450 6950 5410 3890 4720 3320 6210 1710 3700 1220 4400 5690 810 2660 1370 5430 5800 6890 2370 5450 2590 6000 3040 5010 4870 2620 2320 5860 1300 4530 4720 6430 4840 2710 1990 2300 2640 1580 5100 4910 450 2200 3470 1320 450 2970 7230 2110 5780 5350 1930 4610 6430 1560 5570 4090 1090 6620 2710 1040 3950 5370 3740 1060 3570 4360 1800 2270 3760 4030 7040 210 2290 680 5170 6030 2710 4680 4850 1890 2800 4760 7040 740 6490 4240 6860 3660 1780 1420 3440 5670 6030 1560 6510 3220 4210 3710 2560 3330 5420 5270 2790 6490 4910 1210 3650 7030 6810 5150 4970 5620 790 1480 2120 3460 5920 
3880 5150 4050 4670 4590 5800 950 3970 3290 2530 3860 3460 450 5610 3340 3210 5670 6960 4010 1060 1410 3630 5350 3760 4260 2510 2040 3980 4610 4870 4650 4730 3620 3120 1610 3470 4060 5790 2580 3440 3480 5000 4090 6790 5070 2810 5510 1910 2760 3430 3770 3120 5510 4090 3240 4630 4740 3140 4040 1790 1730 2970 3140 6870 2110 3930 3360 4470 2250 2320 3370 3820 4140 3650 4910 610 2940 2250 3050 4210 4240 3030 5280 3820 1670 4160 3450 3030 1210 1870 2780 3740 900 5550 6920 4160 4740 2490 4120 5550 3860 4690 3230 910 4860 1060 3480 520 5990 1120 2760 4830 2950 2660 2520 6200 2470 2580 3670 5450 3870 1320 3450 3920 5210 2180 5400 5380 4590 4590 2250 2830 4600 2460 3580 4680 4130 4100 1780 3970 1860 5150 4120 1890 3810 4860 5840 3270 3470 2360 5380 4570 2880 3140 3260 4170 2780 1100 2440 5720 5490 4360 7010 3280 3690 3790 3090 4790 4800 3780 3080 180 4290 3080 780 3940 3190 1320 2360 2640 5260 3140 1030 1940 4720 2610 4300 1390 3540 2420 4260 5970 2340 3710 3460 3880 5590 930 3280 250 4370 1280 4340 5660 2860 1120 3940 2480 5490 3270 1260 3490 5870 3470 5190 6450 3720 4480 1120 2740 4870 3880 6770 1740 3540 1870 1100 6200 2350 1810 2930 6270 1800 5000 1840 4390 970 2010 2130 2460 4190 2830 5500 1420 3820 1400 3380 4180 3410 3140 2890 1690 4860 2210 4070 5250 2990 4930 1850 2600 2700 4820 910 6270 1420 6370 3040 2940 3880 5070 2200 5790 1240 940 3520 4220 1900 5530 2530 5540 4820 2160 330 4860 2450 5050 4730 4160 2740 3410 3580 1830 3980 5380 2360 3500 5020 3950 500 5280 3590 3310 4550 5640 2190 2300 5650 2140 2150 3670 5170 5530 3450 3760 4710 2430 5140 3670 3170 5980 90 1340 5000 4100 3260 3790 4720 3660 1660 3530 5780 2850 4340 1430 3720 3590 3040 3730 4280 6390 6560 6170 2650 3900 1200 3990 3590 410 5560 5520 3010 2410 570 4140 2060 4340 4390 4030 2770 3720 
1456 2792 3520 2584 1952 3064 2272 2504 3920 3160 1584 3520 2088 2672 3552 1568 3240 3512 2720 2792 3072 848 4096 1320 3696 496 2128 1216 1888 2376 1664 1832 1144 728 3296 2000 1336 2576 2552 2312 3440 2376 1904 3368 4312 4048 3112 1848 2584 1592 1152 2904 2424 3888 2048 1752 3272 2952 1368 2312 3424 4400 4432 3432 3632 2096 3192 1944 2336 2528 3296 3448 1248 2792 1872 2544 2912 2096 4424 3712 4240 712 2216 2664 2720 3768 3752 2064 1808 3544 2272 3112 2128 3688 3480 3896 2728 1168 3632 2680 4952 3736 848 1744 4056 2832 960 1704 3824 2096 1848 1800 3552 1312 1712 2912 2744 3624 2040 4368 3080 1224 4552 5080 2168 3800 2848 4192 1616 3880 896 2312 2136 2544 4256 2472 1368 1944 3280 3560 2816 3312 3856 2200 1016 3032 2656 1432 3456 1840 2256 2320 4040 4328 1248 1440 2512 2720 2336 2952 4488 1832 3544 1160 2616 2360 2008 3232 3640 3680 2960 1904 1456 1520 2480 4960 2936 3088 2992 328 2160 1960 2856 1872 4184 1112 3720 3048 3328 576 5320 2728 1808 1072 3368 2400 3640 2768 3680 2112 4280 1888 3968 3504 3176 2952 1776 3848 2432 2528 1056 3248 2640 4688 2104 3120 920 2888 1952 976 3992 1176 3360 1104 3776 1112 2504 2936 264 2488 3968 2976 1872 4344 584 3544 1728 2968 816 3024 1432 792 2456 2376 4816 2344 1280 4040 2960 2848 1192 2200 1960 1400 4424 2752 376 1984 3288 3792 3488 1792 2568 2992 3152 3040 3640 3528 1072 3368 3624 3160 2552 1848 3032 4112 896 2400 400 2376 2904 1968 2320 2440 1296 2088 2744 1864 2352 4696 808 3416 4232 2288 1568 4472 2032 4312 1712 2368 4584 2560 1752 4368 2192 2592 2840 744 2880 928 2080 2464 1400 4816 2128 1448 2376 2176 2712 3960 2104 2776 1968 1272 3624 3512 2496 3088 2568 3368 4304 1328 2552 904 2512 4344 1080 3112 3376 4808 3200 2904 608 4224 2912 1192 3080 2376 3064 2440 4416 3992 2512 2192 3464 1664 1528 2696 752 2688 
2744 3304 3136 2954 3234 3780 399 2443 2072 2121 2751 2107 658 3696 2674 2366 3661 4760 2457 749 994 2422 3395 2408 2639 1575 1071 2730 3234 3129 3150 3269 2317 2163 1190 2100 2646 3927 1456 2611 2765 3241 2576 4634 3213 1890 3549 987 1582 2506 2611 1841 3808 2541 2457 3059 2968 2499 2807 917 1442 2156 2191 4690 1484 2443 2016 2877 1869 1932 2030 2331 2765 2807 3339 686 2366 1225 2177 3262 2674 1925 3633 2891 1519 2576 2135 1778 504 1519 2198 2268 959 3542 4732 2583 2996 1463 3192 3633 2667 2933 2058 301 3059 791 2415 532 3864 1092 1596 3255 1806 1575 1953 4242 2051 1631 2716 3472 2359 1022 2345 2758 3472 1715 3493 3416 3108 2870 1330 1631 2954 1379 2303 2975 2709 2583 1190 3094 1652 3262 2562 973 2583 3066 4018 2002 2114 1862 3612 2912 1911 2135 2338 2891 2219 693 1988 3738 3500 2807 4795 2338 2233 2317 2359 3010 3010 2331 2464 329 2821 2275 889 2695 1890 1183 1995 1799 3584 2380 826 1008 2975 1554 2667 1274 2793 1687 2968 4088 1848 2562 2093 2898 3577 931 2023 231 2758 546 3360 3633 1694 980 2478 1694 3647 2541 854 2107 3962 2415 3479 4361 2499 2793 434 1974 3059 2674 4627 1316 2191 1414 567 4172 1575 945 1904 4305 910 3164 1190 2723 917 1162 1533 1428 2744 1995 3815 1323 2590 1316 2415 2618 2044 2492 1750 833 3206 1694 2604 3388 2009 3255 1211 1701 2240 3255 980 4228 1260 4319 1876 1799 2632 3206 1491 3766 644 924 2758 2646 1106 3696 1603 3752 3045 1757 511 3115 1421 3493 2989 2639 1568 2415 2380 1288 2520 3598 1827 2331 3332 2513 238 3472 2408 1967 2982 3598 1806 1281 3689 1526 1218 2415 3486 3829 2485 2569 3038 1393 3353 2737 2499 3843 413 784 3346 2800 2002 2968 3003 2842 875 2793 3696 1708 2709 938 2814 2331 1876 2891 2646 4123 4494 4158 1848 2471 847 2730 2800 490 3591 3815 2170 1855 665 3024 1365 2814 2898 2478 1960 2842 
3444 3955 3339 3584 3941 4473 644 2989 1792 2107 3430 2142 924 4438 2695 2975 4291 5537 2947 91 266 3199 3696 3157 2821 2345 1505 3486 3955 3829 3920 4018 3080 2898 413 2716 3416 4704 1757 3080 2870 3955 3269 5404 3353 1267 4186 1540 1904 3129 3353 2093 4564 2583 2961 3822 3423 2709 3542 1218 812 1386 1463 5467 749 3080 2184 3605 2156 2156 2149 2506 3542 3171 4109 469 2555 1687 1414 3430 2583 2695 4389 3318 1519 2695 2030 2324 1120 840 2576 2562 1197 4032 5509 2646 3605 2177 3367 4368 1974 3213 2828 1022 3248 14 3150 1092 4396 1365 2184 4032 1624 2268 2457 5012 2212 1211 3283 3696 2695 1652 1701 2016 4242 1001 4165 3696 3878 3059 2086 2072 3661 1666 1939 3626 3479 3269 553 3262 1652 3780 2625 1358 3353 3605 4781 2709 2184 2324 4389 3577 1323 1484 3010 3633 2527 259 2303 4445 3682 3535 5565 3024 2702 2877 2849 3486 3346 2380 2660 847 3598 2877 854 2037 2142 658 2016 2548 4354 2891 119 1554 3073 2282 2849 896 2954 2408 2247 4858 2317 3304 2205 3402 4081 581 1897 623 2695 1113 3465 4186 1722 385 3178 1015 4417 2919 1582 2282 4739 1701 4256 5138 3269 3311 980 2653 3283 3423 5397 1953 2107 2044 525 4949 2331 1134 1407 5075 1456 3269 1953 3003 1372 1015 2219 1428 3514 2702 4564 1470 1967 1477 3094 2611 2331 2744 2471 1204 3969 2261 2345 4060 2772 4025 623 1155 2107 4032 889 4998 742 5096 1673 1638 3402 3689 826 4431 602 1323 3017 2618 1869 4473 2380 4529 3612 2163 567 3801 2114 4242 3591 3346 1981 1666 3157 553 2338 4375 2359 1771 4102 2268 966 4221 1820 2387 3745 3871 2142 1505 4403 2226 1211 3192 4263 4578 3150 1911 3759 2058 4081 3269 2800 4340 721 469 4123 3563 1904 3122 3654 3115 959 2933 4032 2408 3297 1687 3262 1897 2618 3164 2961 4424 5271 4935 2569 2261 133 3486 3059 455 4242 4571 1400 1099 497 3612 756 3570 3675 2975 2667 3241 
4698 2010 6288 1938 4920 2352 3648 1896 3132 5622 4854 2448 4374 2940 6066 4944 1824 4662 1776 4044 4092 3768 966 2976 1788 3402 2904 4242 4794 2406 4026 4518 3102 4242 4278 2280 3264 4098 2622 5484 6084 2562 2454 4476 1512 3996 1860 2988 2502 4950 4374 2334 4668 2160 5286 3336 1332 5778 4464 3102 4818 4764 4404 4596 4218 2208 2286 2688 5232 5340 2352 2040 3762 5808 4152 4344 5700 2772 4632 6414 2448 3270 4524 5754 5118 1968 2718 2370 3396 4824 5352 1926 4608 1038 4638 2094 1806 2970 6360 2778 4446 1386 3210 3594 1470 4134 4320 4164 1164 4698 2556 3906 3024 2838 4968 4500 5478 3540 5292 1092 1818 4254 4134 4752 3522 4896 2196 996 4002 1602 3210 2424 2520 2700 3300 2094 3318 2418 3972 6282 5232 1308 2088 3012 4038 1512 4662 2688 2376 5010 3780 2220 3888 4122 4680 4464 5472 3900 5292 2478 1206 2748 4650 4602 1932 2010 5250 1344 1260 2274 5766 4086 3384 4908 4590 4290 2292 4686 5502 4014 4260 5220 4230 2964 1776 2970 1770 4848 6060 4176 4728 4518 4986 4302 2316 5568 1116 4542 2814 4008 2340 3354 6564 1350 2730 4452 2526 4098 3366 5598 3960 2202 3966 4464 3762 4038 3870 1596 3456 4494 1398 4296 4554 4362 2646 4422 3684 3828 3918 3150 3660 4620 3048 1638 3786 1560 4452 3324 4290 2964 3276 4356 4806 4926 4128 4908 4692 2238 2124 5736 2880 3138 3246 4704 2952 2184 3906 3330 3888 3798 5748 3966 4662 3852 4758 4188 3030 2994 4056 1242 4050 2142 3612 4506 5922 2292 3372 3630 3468 4074 1632 5022 4242 2292 2916 4626 1782 2544 2478 4656 3702 4176 2754 3618 4848 3846 3438 2928 3894 3036 3960 2142 3162 864 5148 2832 2586 4236 3126 3528 3876 4794 4782 4254 2634 2844 2754 5400 5676 930 4182 3738 3654 4182 2772 6216 2094 5982 3300 6078 672 2790 1866 3882 5640 3468 2952 6006 1584 408 4644 3864 4224 2850 4074 4164 5958 4182 1998 4728 4698 4896 4338 5376 3924 3006 3426 1782 4332 5760 
2928 1216 5200 904 3280 1744 2632 928 3480 4600 3128 2728 3136 1808 5096 3264 1648 3712 1216 3288 3504 1720 2560 728 2504 1264 1816 2368 3128 1008 2256 2832 848 2312 3776 552 1200 2744 1936 4016 5040 1176 368 3496 3008 4104 1520 1656 1848 3256 2504 2032 3184 2896 3752 1528 1656 4584 2656 2168 4224 4808 4616 3624 3960 392 2296 840 3896 4072 2448 2400 1816 4488 2472 3368 4512 1632 4752 5384 3368 1016 2976 4368 4032 2680 3096 1008 2088 4304 3936 1936 3336 1984 3680 2872 1024 920 5304 1680 5000 2336 944 2240 2720 3384 2416 2760 2120 3392 1000 2192 3120 784 3392 3264 4280 3512 3720 2904 1816 2608 4544 5264 1976 4504 1408 2680 2216 2600 1168 1456 840 2000 3840 848 1288 368 3560 5216 4152 1608 2832 1984 2088 1336 3288 312 2616 3488 2288 744 4032 4376 2904 2664 4144 3136 3936 1712 3072 808 3728 2800 1256 832 3720 1584 2144 2768 4576 2800 1424 3224 3512 4912 2032 3936 4432 2024 2696 3664 3464 1648 2992 840 2520 4024 4960 2272 5408 3192 3456 2416 2496 4096 1928 3648 3088 2848 3352 2096 5616 1808 2600 3688 288 4032 2008 4224 2256 2296 2672 4824 2192 3008 1864 1240 2240 2680 2624 2424 3544 2656 3072 2704 2816 2728 1936 2360 3840 3400 1744 3088 1880 2208 3016 2872 2472 2648 1264 2480 3328 3704 4720 3680 2912 3080 1928 4488 632 2120 1560 3056 3784 1288 1864 1672 3504 3800 4864 2248 3616 2784 4024 3080 3192 3080 2120 1688 3840 1720 2792 3112 4704 3176 1456 2232 1336 2624 1200 3560 3160 976 960 3024 1040 488 1560 4944 1632 3784 3520 2144 3240 4312 1816 3688 2512 1640 4464 1424 1320 2832 3768 2160 1680 2400 2648 1416 2288 3320 3032 4800 984 1008 1376 3872 4384 2248 2984 3040 2000 2312 3016 5152 872 4768 2552 4992 2688 632 848 2112 4224 4008 624 4800 2016 3184 3536 2736 2312 3568 3384 2272 4752 3144 1536 3256 4784 4624 3344 3824 3648 1048 1512 1168 2448 4400 
