80 160 400
80 80 80 80 80 80 80 80 80 80 80 80 80 80 80 80 80 80 80 80 80 80 80 80 80 80 80 80 80 80 80 80 80 80 80 80 80 80 80 80 80 80 80 80 80 80 80 80 80 80 80 80 80 80 80 80 80 80 80 80 80 80 80 80 80 80 80 80 80 80 80 80 80 80 80 80 80 80 80 80 
22 21 8 25 13 19 10 20 6 12 13 7 13 21 12 15 23 25 26 10 20 20 24 19 8 9 9 11 6 8 11 17 21 16 26 18 26 14 14 17 22 17 12 11 25 15 23 7 24 25 22 25 21 21 19 16 14 8 10 7 16 17 12 10 20 23 6 18 20 8 21 10 10 9 12 8 23 10 20 26 12 22 22 26 17 13 16 20 6 16 22 10 26 7 19 7 14 7 14 24 9 22 16 12 17 15 8 8 14 13 11 23 8 9 9 13 19 12 10 14 9 25 23 21 16 6 23 9 18 12 7 23 22 16 8 22 15 11 8 8 9 26 20 14 22 9 26 25 15 12 10 12 14 6 11 17 25 7 14 9 24 17 22 21 25 8 22 8 11 13 26 9 7 18 26 15 15 21 11 21 18 26 18 22 10 26 13 25 20 16 16 9 16 6 10 17 9 18 11 8 25 22 6 13 19 14 14 17 24 23 9 15 7 11 23 21 14 23 20 17 23 10 6 17 14 17 17 12 17 11 10 9 26 12 14 24 9 13 14 7 13 20 8 20 6 26 9 16 22 7 18 17 15 10 19 25 13 6 12 8 11 19 8 21 24 8 8 12 8 7 24 11 25 6 17 21 10 9 7 17 14 9 26 10 26 8 10 21 16 19 23 24 17 18 11 13 9 25 13 6 18 21 26 26 25 26 25 7 13 9 23 23 26 21 23 10 9 11 11 17 15 21 9 25 8 11 26 12 25 9 9 22 12 23 27 12 23 19 19 26 7 14 24 27 19 13 7 23 9 25 17 12 16 26 22 20 10 24 22 23 25 21 9 21 13 15 26 25 19 9 27 16 12 26 8 21 9 20 8 13 26 19 17 23 27 11 14 25 11 19 7 21 10 13 15 14 13 26 19 25 
155 435 421 887 576 803 553 906 251 71 150 516 760 432 716 640 774 767 687 717 113 318 634 728 674 764 589 799 27 184 564 215 613 81 559 676 793 470 61 694 680 919 773 989 588 886 529 630 614 615 794 332 847 597 558 669 442 232 294 485 594 441 411 867 648 136 439 798 690 715 966 767 632 357 605 599 432 229 218 356 558 578 660 702 813 543 661 468 712 546 773 171 423 603 678 268 231 226 516 538 452 553 712 412 471 851 678 503 431 686 120 612 640 480 849 537 692 646 616 156 860 390 398 737 533 455 990 774 774 798 751 83 634 898 757 834 288 557 717 609 442 179 637 484 835 958 419 959 687 643 880 538 985 475 748 290 729 940 621 707 
431 143 227 342 521 239 519 342 388 588 493 287 545 185 226 196 235 207 250 392 476 493 284 389 241 353 426 299 592 399 262 373 172 517 28 312 356 304 532 341 358 381 200 424 203 378 302 140 38 142 468 403 306 124 64 134 136 421 290 379 105 208 283 300 406 440 175 264 200 429 389 200 549 242 33 258 293 420 386 318 317 157 88 363 244 413 111 139 506 286 205 406 207 309 292 465 363 380 327 358 384 255 393 168 345 402 203 253 225 118 486 245 114 161 275 201 569 273 164 455 306 363 450 397 282 122 435 209 271 287 416 516 516 321 433 298 372 448 433 359 246 419 230 344 336 408 159 399 475 285 307 507 416 326 185 344 418 363 382 182 
334 394 234 601 126 568 106 650 489 407 502 181 309 465 674 354 510 533 686 802 355 147 690 804 359 396 762 487 446 327 233 413 346 373 422 311 432 605 459 757 762 620 568 723 299 560 643 582 480 370 371 577 564 368 390 584 363 230 395 83 381 247 542 624 225 377 288 711 411 292 764 633 182 430 456 267 568 501 443 174 187 570 529 311 585 107 454 318 263 643 553 380 257 234 715 186 287 271 653 687 66 625 306 396 109 484 393 591 232 493 337 289 421 289 682 576 239 688 594 306 743 107 56 335 195 392 704 644 721 737 342 461 180 704 341 549 195 108 293 206 537 302 652 114 512 669 385 687 844 293 651 91 730 128 624 481 314 726 206 633 
260 138 25 473 355 399 345 498 311 409 380 150 448 214 424 224 362 362 431 544 304 282 432 546 261 362 516 383 424 232 173 257 197 343 184 280 386 362 385 499 505 504 378 581 175 471 393 330 246 200 426 375 433 184 164 341 105 220 195 204 185 30 305 462 307 285 35 474 274 358 579 409 396 199 227 200 328 337 282 107 198 313 298 320 411 257 259 71 400 390 373 261 7 225 457 256 185 194 406 441 196 370 339 144 168 443 262 339 32 292 306 207 232 65 476 319 434 430 339 271 517 157 246 358 159 134 578 419 475 494 375 376 372 513 386 420 165 290 362 255 291 239 395 174 419 545 131 549 592 246 480 332 580 154 396 284 362 548 276 389 
626 439 362 214 394 248 409 279 676 760 754 270 282 512 520 164 182 233 568 723 667 546 624 717 118 25 775 106 784 601 217 629 194 702 337 110 13 650 756 672 695 217 285 333 199 148 652 468 344 213 153 722 190 235 305 431 407 557 560 341 251 344 617 273 214 656 362 497 151 173 420 400 384 541 323 181 632 704 653 426 239 503 358 114 266 317 251 349 270 636 260 635 366 189 621 558 551 554 677 708 372 605 133 463 334 71 146 602 351 275 663 168 236 319 394 551 364 610 500 626 487 412 460 112 252 418 302 411 538 539 121 748 345 382 138 177 497 336 176 213 586 600 565 322 109 268 447 296 819 138 308 408 348 322 408 641 146 380 219 464 
454 258 187 292 356 245 360 331 492 597 572 142 349 334 409 33 190 210 443 589 497 417 481 586 67 177 614 191 616 426 91 447 28 534 175 116 194 478 581 538 555 319 247 409 25 277 488 334 207 59 274 539 252 72 137 313 224 398 376 240 91 167 439 302 214 480 179 418 91 232 441 328 373 358 181 68 456 521 470 267 146 353 242 167 262 251 143 165 312 476 231 456 187 120 488 414 378 384 510 543 260 446 196 280 216 251 74 436 178 182 496 50 111 136 364 391 383 470 360 460 435 274 345 203 127 238 398 340 443 453 222 571 336 381 238 238 338 283 236 172 411 430 427 208 226 364 264 374 670 87 328 353 413 198 325 457 221 403 193 357 
491 311 473 649 803 536 793 622 318 619 425 586 874 234 259 541 560 517 198 149 522 671 110 162 588 700 79 636 594 466 582 374 515 555 363 654 703 103 508 141 116 689 484 690 538 706 55 245 354 488 811 244 621 468 399 298 347 553 331 652 450 467 171 581 731 467 425 353 546 765 594 393 844 276 373 589 145 340 359 526 628 195 356 704 532 703 449 407 830 61 502 431 450 635 153 620 468 492 54 37 642 91 733 303 616 746 550 108 478 437 545 581 460 446 476 146 877 132 210 534 425 592 673 740 588 320 718 391 301 326 759 487 818 538 775 617 537 738 769 680 162 502 162 622 671 700 316 678 145 623 570 779 672 602 371 285 758 589 702 296 
205 110 95 529 409 446 397 548 236 361 308 222 519 167 418 291 417 409 414 510 251 286 400 514 331 435 462 447 369 174 248 183 262 292 207 355 457 306 322 468 470 563 418 631 246 535 344 324 267 259 501 302 489 240 201 346 95 195 120 261 236 105 244 509 379 223 84 481 336 433 615 429 455 133 254 275 269 262 208 127 271 293 318 395 456 319 303 110 471 345 416 195 82 300 431 248 134 150 353 388 246 330 414 102 227 514 326 293 104 330 258 280 281 127 504 285 497 402 325 226 532 192 275 433 233 119 632 438 473 494 450 310 435 548 461 477 154 350 436 328 238 190 372 236 484 601 95 601 545 320 524 382 627 217 413 210 437 587 348 392 
525 358 263 279 321 273 332 335 585 658 657 169 263 436 495 99 206 246 534 684 566 447 578 680 60 85 716 163 682 501 115 534 123 600 275 22 115 580 657 633 652 294 293 402 108 234 590 428 299 152 173 637 245 170 238 399 323 455 468 246 189 247 541 317 149 557 270 490 125 142 465 395 323 455 275 79 558 612 559 324 141 452 326 70 292 231 218 262 234 577 271 537 270 92 582 456 451 453 612 645 275 547 101 380 235 172 109 538 253 253 561 70 193 229 411 492 318 567 456 525 495 311 363 102 150 339 379 406 523 529 121 649 284 415 138 230 395 255 146 128 513 499 522 223 185 344 364 365 769 36 349 329 412 222 397 553 125 425 141 440 
712 452 454 29 596 84 607 61 702 863 802 416 502 501 389 244 91 108 448 602 757 695 524 593 233 243 697 116 876 682 360 678 263 796 322 295 212 606 829 554 583 69 136 131 303 109 588 375 288 253 369 719 30 269 311 323 433 670 597 509 271 432 596 61 420 731 427 332 186 390 201 245 594 555 282 325 602 734 695 541 405 429 267 324 90 504 210 398 488 567 118 701 446 362 506 691 637 647 617 642 534 534 349 478 490 208 203 549 446 198 760 303 226 388 201 489 581 506 410 725 300 552 621 330 399 429 124 253 385 378 341 816 555 171 357 44 611 530 393 403 557 692 464 481 114 93 466 96 716 303 94 603 138 473 262 659 364 161 416 336 
540 410 292 335 266 343 281 396 622 662 684 174 189 490 568 170 275 318 606 754 577 431 647 750 134 103 778 219 690 519 137 565 190 609 341 52 140 638 674 702 721 343 366 457 163 276 651 498 370 221 116 682 305 237 303 472 374 459 505 224 256 280 593 382 86 576 310 565 199 68 531 469 259 501 345 115 613 647 592 334 131 519 399 14 362 191 292 310 160 640 344 560 303 87 653 449 469 467 673 706 256 611 31 429 224 189 183 598 282 327 570 120 265 273 484 556 248 636 525 533 569 305 341 48 158 393 429 481 597 603 65 668 220 484 77 291 401 208 72 89 569 512 592 211 233 395 413 420 835 77 415 280 469 216 471 593 56 490 91 513 
280 214 51 480 278 421 269 515 369 413 422 89 381 290 489 221 374 384 501 619 319 237 507 621 247 331 592 378 436 257 131 305 201 354 239 243 360 438 412 573 580 507 410 595 164 463 469 397 300 215 374 441 440 206 211 401 180 212 257 127 213 62 379 482 243 313 103 531 278 301 611 458 320 271 277 166 403 391 334 79 137 385 350 274 436 181 290 133 332 466 399 297 74 174 530 226 206 206 482 517 122 446 288 221 92 419 262 416 47 327 315 180 259 106 516 395 359 504 409 278 567 97 183 311 103 209 586 468 538 554 326 406 297 547 335 426 151 214 304 194 367 253 467 98 411 551 207 561 669 211 504 256 597 79 447 347 309 576 212 449 
525 510 352 540 89 546 113 602 661 604 690 235 117 590 736 350 478 518 764 900 549 341 788 899 328 303 892 425 643 514 251 590 358 570 487 250 339 739 653 851 863 546 564 661 315 476 767 654 532 390 220 741 511 399 449 640 474 423 555 184 417 355 682 588 122 567 396 748 394 158 736 657 55 575 506 262 706 679 620 337 197 660 572 217 564 123 472 414 79 761 543 565 374 209 803 383 469 457 782 817 209 737 195 521 215 376 376 713 346 511 533 281 441 376 682 683 56 781 676 501 762 277 253 219 235 500 631 669 773 783 215 655 21 687 205 497 380 97 156 157 669 493 740 206 437 598 506 625 963 255 620 123 675 225 655 645 186 696 137 686 
158 216 117 589 337 519 320 618 275 294 308 207 481 270 524 334 479 482 521 614 197 180 505 619 365 454 554 494 315 136 253 202 310 232 299 366 482 398 291 573 574 619 499 700 280 580 442 429 361 317 491 361 549 303 283 448 197 100 180 203 305 139 332 582 353 193 152 583 388 415 700 524 389 221 344 288 358 291 232 51 253 399 413 395 531 265 379 188 431 446 493 182 126 295 537 142 87 84 448 481 178 433 407 208 177 540 374 393 125 412 194 301 352 185 594 390 438 507 431 157 630 111 179 431 224 224 695 534 578 598 446 286 375 633 453 536 48 290 418 307 334 130 479 190 528 661 202 667 641 333 600 305 699 176 510 265 426 668 323 495 
607 477 361 337 290 368 309 404 691 724 752 242 158 556 617 225 300 348 659 810 643 485 704 805 182 100 841 229 754 586 206 634 249 673 401 110 132 703 740 758 778 338 399 455 228 265 715 553 425 278 48 751 314 296 364 523 441 523 575 279 315 349 661 397 119 643 379 605 241 57 544 508 270 570 400 183 679 716 661 400 196 578 449 61 386 237 340 378 147 702 374 628 373 156 708 508 536 533 737 770 313 673 41 497 285 162 229 662 351 372 634 185 317 341 512 618 243 693 582 598 603 367 393 23 226 460 421 520 642 646 4 735 233 504 14 301 466 245 58 146 635 578 648 271 232 389 481 419 895 142 431 312 471 279 513 662 30 504 139 561 
506 505 345 559 62 560 86 619 647 581 673 233 144 584 740 359 493 531 766 899 529 317 787 899 341 323 886 443 621 496 255 574 366 548 489 265 360 733 633 850 862 566 576 680 321 496 762 657 537 397 245 729 528 405 452 645 469 403 543 172 422 349 674 604 138 549 391 756 406 181 752 666 36 566 510 269 699 664 605 323 199 660 577 236 578 113 481 411 107 757 555 548 367 217 804 361 452 439 777 811 194 734 215 515 204 399 387 708 339 520 512 289 449 373 694 680 66 781 677 481 772 261 231 240 234 496 651 677 779 789 238 635 5 701 228 514 362 82 179 166 662 474 741 196 456 617 500 644 960 267 636 97 693 216 663 633 209 712 147 691 
766 479 531 175 730 140 738 107 716 923 826 527 655 505 306 354 206 174 369 509 811 792 455 497 360 396 633 267 928 734 475 709 362 852 354 434 368 574 869 467 499 200 145 136 409 264 543 331 299 341 526 711 185 348 361 277 472 744 625 625 342 509 583 99 561 777 492 223 298 540 56 171 735 572 308 445 582 748 719 625 527 393 256 470 123 631 266 457 637 518 155 743 518 490 425 777 696 710 573 590 645 487 497 504 600 366 318 516 525 232 820 423 295 460 85 455 728 434 363 787 167 650 728 481 512 459 177 171 281 265 494 852 696 25 511 196 689 660 543 537 541 752 400 593 272 177 495 140 632 434 65 733 114 582 194 670 515 28 553 266 
548 264 319 231 565 121 568 222 509 705 615 340 543 302 221 188 138 96 271 427 594 585 335 420 219 310 501 218 711 516 297 495 181 635 137 302 301 402 653 376 401 271 78 303 228 283 387 179 88 151 440 518 200 150 145 134 254 529 412 439 137 297 393 180 419 560 276 211 156 422 272 118 582 363 91 278 399 542 508 414 354 228 66 350 124 458 66 241 512 366 86 526 304 329 326 565 478 493 416 441 452 333 381 290 409 334 170 346 314 27 602 258 99 248 167 287 590 318 214 570 226 446 529 376 329 243 317 130 243 248 394 637 545 204 412 195 475 492 426 381 354 534 274 405 250 292 280 279 531 285 185 559 294 390 117 465 404 243 401 165 
249 95 223 568 546 468 533 571 159 400 268 348 646 60 345 369 458 435 323 391 290 404 287 397 415 527 327 509 391 219 362 157 339 329 221 458 543 170 319 355 351 606 428 652 340 594 213 258 261 323 612 189 531 301 238 299 126 290 80 397 289 224 107 529 504 242 187 426 399 551 607 400 591 15 261 381 132 192 162 261 395 208 301 503 473 453 333 187 599 218 434 203 203 416 326 356 208 231 219 253 383 209 527 70 362 596 395 166 231 347 308 381 324 223 486 176 631 294 245 288 488 327 406 542 355 117 663 406 403 427 560 301 569 539 573 521 270 486 555 452 105 252 274 370 547 635 86 628 412 424 535 519 643 351 380 116 551 585 473 335 
543 271 419 459 733 347 729 426 421 694 538 501 760 235 63 404 383 334 34 182 584 668 95 177 446 550 272 464 683 513 479 447 384 624 242 523 545 229 605 131 155 499 294 491 420 524 186 76 204 353 674 384 435 338 281 112 294 571 374 587 319 404 262 386 623 535 364 158 392 642 394 194 764 309 229 475 251 452 444 499 533 89 183 574 340 627 290 333 722 161 316 497 396 526 80 629 494 517 216 229 588 134 604 282 552 580 401 175 420 267 602 460 311 366 276 125 786 75 57 580 230 555 643 605 497 266 521 191 116 142 624 585 732 337 642 434 535 662 647 576 224 544 38 553 496 505 286 481 286 498 373 717 472 534 173 377 629 389 599 97 
99 271 192 664 363 593 343 692 261 220 266 274 528 311 581 409 554 556 572 652 130 150 547 658 439 524 574 568 243 90 323 183 385 161 368 435 553 422 231 615 611 694 572 774 354 654 471 486 429 392 552 355 624 378 355 510 259 31 193 249 379 214 353 656 409 141 225 645 463 474 772 592 418 250 414 359 380 269 213 114 316 451 480 460 605 309 452 259 479 479 567 144 200 361 583 96 58 36 472 504 218 470 470 258 230 611 449 426 200 484 122 374 426 259 665 433 473 551 485 86 696 152 187 495 291 283 770 601 636 658 509 230 411 705 515 610 47 329 477 367 364 68 527 244 602 736 255 742 666 403 674 327 774 233 576 264 487 741 380 556 
765 495 511 69 662 115 674 12 743 918 847 481 564 537 389 307 151 150 451 600 810 758 533 589 299 307 709 181 929 734 425 724 324 850 365 362 274 630 878 554 585 87 158 71 366 155 607 391 322 311 430 753 96 325 359 337 479 728 642 574 325 489 627 55 486 782 481 319 249 455 144 244 660 596 322 390 631 775 739 601 471 449 293 389 110 570 257 450 552 584 149 751 503 428 509 752 691 703 637 658 598 551 414 521 554 262 266 572 504 236 815 368 278 444 179 511 646 513 426 780 274 614 685 394 464 473 84 249 376 364 404 864 621 133 420 110 670 596 458 470 586 747 474 546 174 69 510 45 719 369 66 670 72 537 265 699 428 107 482 341 
594 300 408 323 688 213 689 286 510 751 625 457 679 302 94 321 259 207 154 308 639 674 235 298 355 445 412 343 748 562 421 517 310 680 209 437 433 351 679 259 289 362 161 351 354 394 317 109 148 278 576 494 302 271 237 61 307 598 436 553 254 389 366 247 552 596 357 83 292 558 262 54 710 375 172 406 362 543 522 500 478 171 99 486 204 580 197 321 646 293 185 559 388 459 212 645 533 552 348 366 562 262 517 321 520 461 306 292 406 162 652 388 227 342 140 232 721 215 139 624 130 544 631 512 448 285 381 53 107 114 530 661 674 201 548 303 551 615 562 511 324 587 176 518 371 365 317 341 422 419 233 679 333 501 33 464 540 252 532 43 
507 511 350 566 58 568 83 627 651 580 675 239 147 589 747 367 501 539 773 906 530 316 794 906 349 331 892 451 621 498 262 577 373 549 496 273 368 738 634 857 869 574 583 688 328 504 767 664 544 404 252 733 536 412 459 652 475 405 547 176 429 354 679 612 146 550 397 764 414 188 760 673 28 571 518 277 704 667 608 326 206 666 585 244 586 119 488 417 112 763 563 550 372 225 810 361 455 441 782 817 197 740 223 520 209 406 395 714 344 528 513 297 456 380 702 687 64 787 683 482 780 264 231 248 241 502 659 685 786 797 245 636 12 709 236 522 364 86 186 174 667 476 747 201 464 625 506 652 965 275 644 94 701 221 671 637 216 720 155 698 
377 183 113 358 359 292 358 388 411 524 490 126 396 262 387 108 248 255 410 546 420 367 435 545 148 257 553 267 540 348 105 366 81 459 134 186 276 410 501 496 510 388 279 469 68 354 426 301 185 87 342 460 318 76 97 293 147 330 294 221 84 92 366 354 253 401 98 414 158 288 481 335 387 279 160 112 385 439 388 203 156 307 232 233 306 252 160 85 353 417 269 376 109 157 449 354 301 309 447 480 232 390 258 203 189 333 145 373 105 198 422 109 129 55 388 335 410 427 321 386 445 225 307 271 121 165 463 346 429 443 290 491 355 417 304 304 271 287 292 203 341 355 386 186 303 430 187 436 616 152 375 348 470 170 326 377 283 446 226 340 
206 134 232 611 542 513 528 616 116 353 220 359 657 108 393 400 499 479 368 426 244 378 327 433 445 556 344 546 343 178 380 108 370 283 264 482 573 191 270 393 386 648 474 698 367 632 241 307 308 358 633 165 573 337 278 348 158 259 37 396 326 238 123 574 516 194 206 475 435 568 655 449 590 34 306 403 149 148 113 251 407 255 349 525 518 455 375 214 608 251 479 156 215 433 367 327 174 198 241 273 379 247 547 107 364 629 429 199 241 391 264 405 364 246 535 219 634 335 293 247 538 318 391 563 369 156 707 455 451 475 581 251 571 588 594 563 247 486 571 465 135 212 319 373 584 679 121 672 435 447 581 512 690 354 429 78 570 633 485 385 
596 520 380 446 206 471 229 512 708 694 754 253 55 601 701 303 402 448 737 883 626 438 774 880 268 208 897 337 729 580 240 642 320 652 467 186 241 751 728 832 849 447 498 564 287 373 770 629 501 352 101 778 422 367 429 605 483 501 595 248 386 375 702 504 95 636 412 698 333 65 652 603 173 602 475 233 723 729 671 393 204 645 532 138 489 191 426 419 42 761 474 627 397 187 782 472 531 524 790 824 281 734 108 537 268 268 317 717 371 461 613 245 398 381 614 678 137 764 654 579 701 345 346 122 243 506 529 614 730 737 111 727 140 610 96 409 450 184 61 147 681 565 721 255 341 497 521 528 960 207 538 236 580 269 605 685 88 611 126 647 
438 154 300 431 618 319 613 415 343 592 458 388 659 135 156 313 334 295 153 279 480 549 169 278 359 470 310 406 586 406 371 352 289 521 137 429 472 203 514 230 244 471 270 491 318 479 189 64 123 260 585 331 399 242 176 106 175 456 273 470 223 286 203 373 519 435 245 231 315 545 424 213 651 210 142 372 204 375 355 379 423 40 135 480 319 512 218 215 618 171 284 397 276 421 183 512 383 404 217 245 470 139 510 167 435 515 320 147 301 210 496 360 229 249 301 88 676 160 61 471 294 435 523 515 386 146 511 217 212 235 534 495 621 359 550 394 418 548 549 470 161 434 120 437 442 489 169 473 357 401 370 601 478 418 191 297 535 408 492 140 
489 279 223 253 384 210 391 293 519 634 603 179 358 351 397 5 152 176 436 586 533 456 481 582 44 158 622 154 652 461 125 478 34 570 181 118 170 491 615 534 554 280 216 371 63 241 496 329 201 55 270 562 214 76 146 302 247 436 404 275 93 203 457 265 232 515 211 398 53 238 405 305 397 381 176 96 472 549 500 305 177 355 229 169 227 282 123 192 325 483 198 490 222 144 484 452 414 420 520 552 297 452 199 303 253 223 36 446 214 160 533 74 95 168 334 397 402 469 358 497 410 312 383 200 163 258 359 317 427 435 219 604 360 348 236 200 376 313 243 195 426 467 424 245 190 325 287 336 672 98 292 384 375 235 305 483 224 368 214 343 
750 488 492 30 627 113 640 42 738 901 839 453 525 535 408 281 130 143 470 622 795 733 548 611 268 269 723 145 914 720 396 715 301 834 358 327 235 636 867 574 604 51 163 95 340 115 616 402 321 292 390 753 63 307 348 349 470 708 634 545 309 470 629 68 450 769 465 345 224 417 185 264 624 591 317 361 635 770 731 579 440 458 298 352 115 537 247 436 514 594 148 739 485 396 527 729 675 686 646 669 570 562 376 514 526 222 241 579 484 232 798 339 264 426 208 519 608 529 437 763 305 589 657 356 436 466 86 270 400 390 365 853 584 168 381 78 649 562 420 436 589 731 488 517 135 57 502 59 738 337 94 636 105 510 282 695 390 146 448 358 
287 180 316 636 635 530 622 631 129 421 246 441 740 110 352 455 529 501 314 344 320 474 256 353 501 615 248 588 401 263 455 173 425 355 294 549 628 99 319 317 305 675 485 710 430 670 155 281 321 407 704 109 601 385 318 330 215 353 132 488 371 318 33 588 597 266 280 442 480 644 649 437 682 92 327 473 57 159 160 346 489 220 351 595 533 545 404 278 692 169 496 229 296 509 300 421 267 291 149 179 472 175 619 159 454 681 478 125 324 411 343 472 400 315 526 167 723 268 257 331 511 413 488 633 449 200 726 441 408 434 652 297 661 583 665 592 344 577 648 545 68 299 263 462 625 700 175 688 341 515 589 607 699 443 415 87 643 632 566 357 
390 127 164 352 454 262 452 365 377 546 473 221 488 194 293 155 240 226 314 451 436 431 340 449 202 317 468 287 554 359 200 349 126 477 38 263 327 333 501 401 415 388 233 448 147 372 341 205 98 104 421 408 313 82 17 201 104 368 268 312 68 143 299 325 347 405 116 329 177 375 432 258 483 233 76 200 314 408 366 257 252 212 148 313 271 347 119 81 446 329 231 374 146 249 353 407 319 333 364 396 317 300 341 153 277 378 175 289 161 145 443 190 103 96 325 245 506 332 225 410 367 298 385 349 217 105 452 268 338 353 368 487 451 364 384 302 316 382 379 298 267 375 290 277 325 422 139 419 525 232 339 440 443 259 246 337 367 402 320 249 
133 382 296 765 377 699 353 797 325 150 287 354 566 417 691 507 657 662 680 751 124 117 650 759 532 606 660 664 190 152 409 251 485 125 479 515 638 514 219 717 711 792 680 878 449 748 566 597 541 496 614 422 725 483 465 622 371 82 288 301 485 318 445 762 466 171 334 757 563 534 881 704 433 350 525 446 471 322 275 206 389 560 592 533 712 353 560 369 519 577 674 196 308 438 688 72 155 132 564 594 267 571 538 368 295 695 547 525 303 593 99 463 533 366 775 538 493 656 594 88 808 214 201 565 372 395 871 713 747 769 576 229 436 815 580 711 137 363 536 433 461 115 634 308 696 837 366 845 755 487 781 339 879 304 688 341 552 849 441 667 
326 138 294 571 622 463 611 563 193 470 310 413 709 57 286 403 466 435 253 307 363 489 207 314 450 565 247 528 456 298 419 220 374 401 234 505 575 93 377 273 267 610 417 641 385 608 129 211 255 353 662 178 536 331 262 260 175 374 157 472 315 291 52 520 565 312 250 374 423 607 579 367 665 95 263 432 65 225 216 342 458 151 283 553 465 526 342 239 663 134 428 273 272 473 248 440 291 315 138 172 460 127 578 124 437 625 422 81 300 345 384 428 341 278 456 103 702 215 189 367 442 408 489 590 418 154 658 371 343 369 609 356 641 513 624 528 354 559 611 513 22 332 203 443 565 633 139 621 329 471 520 597 629 423 345 148 603 562 535 288 
687 404 449 145 653 65 660 101 646 843 754 445 589 437 277 273 133 94 339 489 733 709 420 479 283 332 596 207 850 655 394 635 280 774 277 360 308 521 793 443 473 181 64 171 327 227 495 280 226 258 465 649 137 266 281 225 394 663 551 544 259 427 522 63 487 700 410 214 220 471 138 132 660 501 231 365 524 679 647 542 447 339 188 399 46 552 183 376 568 472 73 666 436 412 396 695 616 630 525 546 563 440 428 430 518 317 239 463 443 151 740 343 213 378 84 401 656 400 314 708 182 567 645 415 431 383 196 138 268 259 429 777 621 78 446 143 607 582 475 460 481 672 361 512 221 180 420 156 607 357 50 654 158 500 152 601 447 105 477 228 
542 251 376 372 674 260 672 342 448 697 564 441 684 242 72 326 294 246 113 269 585 637 181 262 365 465 355 376 692 510 412 459 309 626 182 444 459 286 621 218 244 412 207 411 349 436 254 45 130 277 592 429 347 265 217 24 263 553 379 533 246 358 301 302 551 541 322 125 308 565 327 117 701 316 157 403 297 480 462 464 468 107 98 495 253 566 207 288 649 231 228 503 354 455 167 604 483 504 285 304 538 199 526 268 499 492 319 228 375 180 600 387 231 314 205 167 718 163 74 573 187 513 601 525 435 238 438 118 118 137 543 602 667 265 561 345 510 601 569 506 259 536 120 498 407 421 267 398 375 422 291 661 395 480 94 402 550 316 528 34 
261 338 187 605 200 559 180 648 416 346 429 177 372 404 631 349 506 523 638 746 284 105 634 749 363 420 696 495 382 254 234 339 335 306 385 331 454 540 388 702 706 628 552 725 291 575 581 538 446 354 417 504 567 348 357 546 310 159 325 104 357 205 475 618 269 304 241 677 407 337 752 604 254 364 423 271 501 428 369 110 202 519 496 342 574 156 433 275 324 583 540 306 209 251 662 125 213 197 589 623 71 567 343 337 106 510 390 530 188 472 269 292 402 252 661 520 310 634 546 236 714 50 38 371 195 339 710 615 681 699 381 390 249 689 383 552 121 170 339 238 474 229 601 118 524 675 327 689 781 306 642 165 729 121 594 409 356 716 245 594 
413 178 341 532 671 420 662 514 279 559 396 449 735 113 201 402 435 396 164 231 451 562 123 236 449 562 217 506 544 383 443 309 376 489 224 514 567 103 465 191 191 572 370 588 398 580 91 140 223 349 672 246 500 329 260 194 212 454 242 520 311 333 121 472 592 400 290 294 410 625 512 300 709 178 239 449 113 310 304 405 489 78 235 564 418 569 317 270 691 78 385 362 318 495 161 517 372 396 117 147 513 53 592 177 484 612 414 46 346 311 471 441 325 308 389 17 741 129 111 452 363 468 553 600 450 184 610 302 258 284 619 445 682 449 635 495 427 603 629 541 82 417 114 489 542 589 187 571 279 483 467 649 574 469 278 235 618 499 563 212 
634 342 418 234 663 128 667 195 573 792 685 441 628 362 183 283 184 132 245 397 679 684 326 387 307 382 502 268 794 602 397 570 280 721 225 389 365 432 731 349 379 272 81 262 327 309 404 189 165 251 515 567 216 251 241 135 339 623 487 540 238 396 439 156 512 642 372 133 241 508 190 39 678 431 180 375 439 606 579 512 453 250 117 435 116 558 166 336 601 380 106 606 401 425 302 663 567 583 434 454 553 348 465 366 510 385 258 374 413 126 690 354 199 347 71 313 683 306 222 659 129 546 630 457 429 323 290 48 181 177 473 714 641 123 491 219 571 590 512 476 397 623 267 506 291 274 359 250 513 377 142 659 245 491 58 527 487 172 496 134 
616 342 485 463 792 356 790 420 490 766 607 559 806 307 50 447 402 350 46 169 656 737 128 158 486 583 299 486 754 585 533 518 431 696 299 566 574 289 676 125 157 501 304 476 470 536 239 134 251 399 712 447 445 386 336 146 363 642 446 649 368 469 329 384 673 607 430 120 427 687 365 190 821 381 278 525 315 520 515 567 588 160 218 616 345 685 327 398 770 214 328 569 462 577 87 700 566 588 266 272 652 192 647 353 614 603 439 238 485 297 674 509 352 428 257 195 839 107 127 652 189 621 709 645 554 335 511 183 63 87 664 655 787 317 681 446 606 720 691 628 292 616 97 614 514 500 357 472 290 544 365 778 456 596 173 446 671 367 650 107 
474 265 208 268 379 220 384 306 504 619 588 168 361 338 394 10 164 185 431 579 517 443 473 576 56 170 612 170 637 446 115 463 20 555 171 123 184 479 599 528 547 295 223 384 50 257 486 323 195 47 278 548 228 65 135 298 233 421 389 265 84 187 444 277 231 499 195 399 66 242 415 307 393 367 170 89 460 534 485 290 170 346 226 174 236 275 123 177 326 473 206 474 206 140 478 438 398 405 510 542 286 443 204 289 241 238 50 435 199 161 517 69 93 152 340 388 401 462 351 481 413 299 371 207 152 244 373 319 426 435 226 589 357 356 243 214 361 306 247 192 414 451 418 234 205 339 273 350 664 99 303 377 388 223 306 468 229 378 212 341 
612 381 347 135 469 136 480 187 630 758 720 293 388 445 413 129 69 120 464 620 656 575 526 613 107 131 686 32 776 584 236 595 154 694 262 168 112 571 736 569 594 157 171 257 185 120 566 369 253 157 265 662 98 177 238 327 355 560 518 383 187 326 548 171 295 637 331 384 79 271 319 287 469 487 236 200 560 660 615 429 279 411 256 201 154 376 158 307 368 548 146 610 344 234 519 574 537 544 593 622 409 516 228 407 366 141 90 520 338 172 657 179 155 288 281 464 459 511 403 621 374 432 497 214 275 359 239 298 427 427 228 725 430 274 245 83 500 402 275 276 513 590 466 356 70 204 392 220 722 175 204 476 265 350 296 591 247 279 289 356 
645 369 508 459 812 355 810 413 520 796 637 579 819 336 65 460 405 353 76 181 686 763 155 168 497 591 322 489 784 614 550 548 445 725 319 578 580 318 706 142 175 496 304 465 486 535 267 157 268 413 721 477 443 402 355 161 388 670 476 670 384 492 359 378 688 637 454 105 436 699 348 187 839 410 295 540 345 550 545 592 606 189 231 628 343 704 338 421 785 243 329 599 486 593 111 727 595 617 295 299 674 222 659 381 635 607 449 269 508 306 704 523 365 450 246 225 855 135 154 681 169 645 734 656 573 361 501 179 47 65 674 685 805 304 692 445 633 740 703 644 322 645 127 635 516 492 384 462 304 558 357 799 443 617 173 476 683 353 666 117 
496 259 421 544 748 431 740 515 351 639 467 521 799 198 157 453 458 413 102 148 534 648 37 151 498 608 182 536 623 468 509 389 429 571 278 570 608 142 541 105 108 584 378 583 458 603 92 140 258 400 725 301 517 382 316 192 291 540 327 598 363 410 189 475 657 481 368 252 451 685 489 287 784 263 280 511 172 379 382 489 559 100 253 621 426 644 352 344 757 67 398 443 397 560 78 603 458 481 121 134 593 47 650 261 562 649 458 96 424 336 554 500 367 380 371 78 812 46 106 537 324 550 636 655 521 262 611 285 205 231 674 520 755 432 691 514 513 679 689 608 157 502 57 565 570 594 270 571 217 541 464 727 566 546 264 309 675 484 630 190 
619 424 587 689 916 578 907 650 444 745 546 692 971 352 272 624 615 566 211 66 649 796 145 81 669 777 116 696 719 594 682 502 601 682 450 742 774 231 632 106 76 728 525 707 630 756 179 301 426 572 897 363 666 554 489 344 458 680 458 765 535 578 299 612 830 595 536 350 619 858 593 417 954 401 450 684 273 464 486 647 731 272 413 793 570 813 518 514 930 174 547 559 563 733 154 747 595 619 181 156 758 191 822 420 729 811 627 227 591 498 673 673 535 551 488 244 984 159 269 662 415 711 795 826 692 429 742 411 292 311 845 610 926 548 862 665 662 848 862 780 287 630 204 734 728 730 432 702 59 714 595 894 687 714 398 412 847 598 803 324 
412 282 436 683 761 571 749 664 231 532 334 557 853 201 325 541 586 548 271 242 440 606 188 254 588 703 117 655 506 390 563 294 513 471 365 646 710 53 419 231 209 723 521 737 527 731 76 286 373 489 804 152 651 468 398 341 320 484 263 612 451 434 108 622 709 385 394 421 555 750 654 445 806 219 387 576 82 251 275 475 602 227 387 695 570 667 466 383 807 101 537 351 415 617 235 553 398 422 48 57 598 130 722 268 577 758 557 105 443 462 464 571 470 422 532 165 845 208 253 457 493 542 619 732 562 297 761 445 374 400 752 397 783 593 766 646 476 700 754 657 122 427 225 585 691 740 283 722 212 614 616 734 722 565 422 203 746 644 679 351 
354 60 186 422 507 321 501 424 306 511 410 280 563 110 262 240 312 288 266 387 398 440 274 388 287 402 387 368 512 321 271 291 211 440 75 346 412 248 450 339 349 460 283 506 228 450 260 167 118 189 504 327 384 168 99 186 65 355 207 358 152 172 214 383 420 360 131 321 261 454 470 273 543 159 115 278 228 338 303 268 318 150 164 395 327 403 187 103 519 250 288 325 163 324 295 406 289 308 281 314 357 223 423 85 322 462 259 207 187 200 410 271 180 139 353 169 571 270 174 381 373 322 410 432 280 42 516 280 315 335 451 434 513 402 467 375 311 438 458 369 182 344 232 325 405 489 77 481 450 314 390 488 499 306 255 263 448 445 392 231 
187 149 84 545 376 467 363 568 252 338 310 205 497 207 457 298 433 430 454 550 231 246 440 554 335 433 499 457 351 158 239 190 271 271 237 349 458 343 312 509 510 577 443 651 249 544 382 362 299 272 489 327 505 255 226 382 131 160 141 231 254 101 278 531 360 212 98 517 347 417 642 461 424 167 283 269 304 274 217 88 253 333 350 385 478 290 325 130 448 385 439 189 81 288 472 209 112 123 391 425 213 370 403 142 199 516 335 332 94 355 235 278 301 137 534 325 468 442 364 201 566 155 235 423 218 157 649 470 511 532 440 302 405 575 450 492 115 320 421 311 275 167 412 208 493 617 135 620 583 315 547 348 649 191 446 231 424 612 329 428 
678 387 456 212 688 121 693 163 619 836 731 470 640 408 216 306 186 137 279 426 724 722 362 415 324 387 540 266 839 646 424 616 307 765 268 405 366 476 776 381 412 248 88 222 355 294 446 233 209 280 521 613 202 282 281 179 383 664 532 570 272 434 485 129 530 687 412 147 258 520 144 74 700 477 222 399 484 652 625 550 479 295 162 448 104 584 197 376 616 422 111 652 440 448 336 702 610 626 476 495 585 390 477 411 542 380 276 418 451 158 733 377 229 385 31 357 700 342 265 702 119 582 664 466 458 368 254 77 202 192 482 760 662 77 500 208 611 616 524 498 443 666 305 536 284 243 404 214 545 397 107 686 204 523 97 574 498 126 516 171 
406 293 443 702 766 591 754 684 221 521 320 566 863 212 347 555 604 566 292 259 432 604 210 272 603 717 123 672 494 385 573 287 527 462 381 659 726 69 407 251 227 742 541 758 540 749 98 307 391 504 817 137 670 483 413 362 330 481 263 618 466 443 113 642 719 377 403 443 571 762 675 466 812 223 404 587 90 239 267 478 611 247 406 708 589 674 483 394 816 123 556 343 422 627 256 550 396 420 69 74 603 151 734 277 583 774 572 124 450 480 457 583 487 432 553 185 852 229 274 451 515 546 621 745 572 309 781 466 396 422 764 385 790 614 779 664 476 707 766 667 133 422 247 591 708 760 293 742 221 626 636 739 743 572 443 196 758 665 689 373 
449 167 313 432 630 320 626 414 351 604 466 400 669 145 143 322 337 297 140 268 492 562 158 267 367 477 304 411 597 418 383 362 298 532 147 438 478 203 524 218 233 472 269 489 328 482 186 53 129 269 594 336 401 251 186 100 188 469 284 483 232 299 207 371 529 446 258 220 321 555 419 207 663 220 149 382 207 383 365 392 434 30 135 490 318 524 224 228 629 167 285 408 289 432 171 525 395 416 215 241 483 134 519 180 447 521 327 146 314 213 508 370 236 262 295 86 688 149 48 483 284 448 536 523 397 160 510 210 200 223 543 505 633 354 559 396 431 560 559 481 166 446 108 449 446 488 182 471 348 411 367 613 475 430 184 305 544 403 503 130 
115 271 309 743 559 650 540 753 81 223 85 428 710 254 536 513 630 615 506 541 131 338 454 551 553 656 425 668 203 107 464 41 484 160 401 574 680 294 124 516 503 778 614 836 469 755 352 453 450 478 713 176 703 458 408 494 286 213 124 432 451 324 231 713 579 77 307 620 556 640 800 596 613 180 445 494 254 75 37 280 476 399 493 610 657 494 509 327 661 368 618 54 302 512 498 280 146 162 342 366 405 373 627 246 406 737 547 323 319 529 157 501 493 350 680 356 665 465 437 159 684 338 385 648 442 293 842 601 594 619 664 105 603 732 674 692 237 518 643 532 262 140 456 419 705 812 256 809 523 539 722 524 829 404 575 111 648 777 549 530 
272 50 195 523 523 423 513 526 204 427 309 315 613 47 320 325 413 390 305 391 315 403 282 395 371 484 346 464 422 241 325 193 295 356 176 417 499 192 355 350 351 561 384 608 298 548 225 229 218 278 573 233 485 256 193 264 83 298 110 373 244 193 137 485 469 271 152 395 354 514 567 363 566 57 217 342 159 236 202 247 361 185 260 464 429 427 288 147 566 225 390 233 173 379 316 359 220 242 237 271 362 210 488 27 338 552 350 173 201 302 331 340 278 184 447 167 603 285 221 306 455 311 395 502 321 71 618 369 377 401 520 337 542 499 534 476 268 460 518 417 121 270 260 344 502 590 43 583 425 383 491 498 600 324 343 161 512 544 439 304 
704 413 525 363 800 271 801 308 604 860 721 571 776 403 128 425 332 280 182 301 748 791 270 288 453 531 442 415 854 672 532 620 418 789 326 536 513 420 782 264 297 397 229 350 463 446 376 204 265 387 664 574 354 382 354 171 422 713 541 668 366 506 450 279 656 703 474 37 388 655 227 118 819 478 288 514 441 636 622 617 589 259 215 582 256 692 302 438 747 350 254 665 505 566 230 761 645 665 405 414 677 324 613 431 636 531 404 365 523 264 762 494 334 459 138 312 827 249 221 736 48 661 748 605 561 399 390 107 79 56 622 762 782 189 640 360 667 726 659 618 410 699 227 633 435 385 429 352 426 522 252 792 327 617 120 559 635 235 638 128 
655 378 411 130 609 24 616 107 624 810 729 402 547 417 288 230 91 50 347 502 700 669 424 492 239 292 597 169 818 623 351 608 237 741 248 317 269 511 764 453 482 169 38 188 284 202 490 276 203 217 425 633 110 226 247 223 364 626 525 501 221 389 507 65 444 669 375 237 176 429 180 145 616 477 203 322 511 656 621 504 404 332 173 357 11 508 147 342 525 468 33 637 399 368 405 656 583 596 520 543 520 435 386 403 476 283 195 454 404 119 707 299 174 341 121 393 612 405 311 673 216 526 603 373 388 356 203 154 287 282 387 749 577 122 405 113 570 538 432 416 466 639 363 469 188 181 393 165 615 313 74 610 180 457 161 580 405 144 433 235 
292 211 50 465 281 407 273 501 376 427 432 80 376 289 480 207 360 370 493 614 332 250 501 615 233 319 591 364 449 268 119 314 187 367 229 231 347 437 424 567 575 493 396 581 149 449 467 389 289 201 365 446 426 192 200 391 176 225 262 131 200 56 380 468 236 325 98 520 264 293 597 446 321 274 266 154 404 398 342 93 129 378 339 263 422 181 277 125 327 464 386 308 72 164 524 241 218 219 481 516 129 442 279 220 95 406 248 414 43 314 328 167 246 96 503 390 358 498 401 291 556 109 194 300 94 204 571 457 528 544 316 417 297 533 326 412 165 215 296 186 367 265 461 99 397 537 205 547 666 198 491 260 583 80 436 352 300 563 205 440 
121 248 161 634 350 563 331 662 265 250 282 246 508 293 558 379 524 526 551 636 157 158 530 642 409 495 565 538 272 106 294 188 355 190 340 406 524 411 255 598 596 663 542 744 324 624 459 463 402 362 527 356 593 347 326 485 234 57 185 228 349 183 343 626 385 161 195 620 433 449 743 565 404 236 385 330 370 277 219 86 290 430 453 433 575 289 423 230 458 465 537 157 170 333 564 111 62 49 462 494 199 455 444 237 207 582 418 412 170 455 151 344 396 229 636 415 457 533 463 114 670 131 180 468 263 258 739 574 613 634 482 252 395 676 489 580 29 311 452 342 350 91 507 220 572 706 233 712 655 374 644 316 744 208 549 263 462 712 356 531 
804 517 568 187 760 172 769 117 753 961 864 560 677 542 335 386 235 208 398 535 849 828 485 522 390 418 663 289 966 772 508 747 396 891 392 462 388 609 907 494 526 205 182 121 442 275 576 366 338 376 545 748 204 384 399 313 510 782 664 658 378 546 619 123 589 815 529 249 330 564 25 206 763 610 346 477 618 786 757 661 559 428 294 495 156 662 302 495 661 552 190 781 555 520 453 814 734 748 606 623 678 521 521 542 634 381 349 551 562 269 858 454 331 497 118 490 753 464 397 825 187 685 762 504 545 497 166 205 307 289 516 890 724 57 532 217 726 690 567 566 578 790 432 627 289 173 534 135 658 463 91 763 96 616 229 708 538 15 581 299 
318 348 186 559 153 522 139 606 460 409 483 134 311 421 625 309 465 487 638 755 345 163 643 758 317 363 720 447 445 307 189 386 299 368 372 275 399 564 448 710 716 580 521 681 252 523 600 533 431 322 354 544 522 320 341 535 316 219 360 43 332 199 502 579 206 360 240 662 367 274 717 584 204 391 406 224 527 475 416 137 148 522 479 282 539 93 405 270 262 599 506 359 210 197 667 189 263 250 611 645 17 580 282 352 61 453 348 548 184 445 330 246 373 240 634 530 255 641 546 297 694 72 74 310 150 345 663 595 672 688 319 448 193 657 321 507 173 110 276 178 495 287 605 68 473 629 340 645 801 254 605 124 687 79 575 448 293 680 182 583 
818 557 559 87 677 180 690 85 807 969 908 514 558 603 462 345 198 212 524 673 863 795 606 661 328 310 782 198 983 788 457 784 366 902 427 379 274 701 936 627 658 67 227 56 404 139 679 463 389 359 420 821 127 375 417 409 539 775 703 603 378 537 696 126 497 838 533 390 289 457 190 317 668 660 386 420 701 839 800 645 498 521 363 398 179 591 316 504 552 656 215 808 552 451 581 793 743 753 709 731 629 624 418 583 587 247 305 644 550 300 866 399 333 494 249 582 647 586 498 831 341 652 717 395 496 535 18 322 447 434 402 922 629 197 416 141 715 614 459 488 656 799 547 577 177 16 571 34 792 392 138 688 79 570 338 764 429 160 498 414 
275 98 65 458 394 377 386 478 298 429 378 180 477 177 383 220 345 340 389 503 320 320 390 505 262 369 479 376 439 244 192 253 191 360 148 293 389 327 393 457 464 491 352 561 179 463 354 289 211 187 444 353 418 168 135 301 64 249 181 243 165 58 273 440 334 294 17 435 264 381 551 374 434 173 193 214 295 326 275 147 226 271 262 336 387 294 234 39 430 351 348 266 42 246 415 291 201 214 369 404 238 330 358 109 207 446 254 301 69 264 325 217 211 58 444 278 469 388 297 292 480 199 287 374 186 93 561 383 435 454 393 381 408 484 405 406 198 328 385 282 256 257 353 212 413 529 93 531 553 258 456 372 558 192 359 266 382 521 304 349 
384 412 249 568 83 545 71 620 530 463 551 166 253 487 676 331 483 511 694 817 408 203 704 818 329 353 787 452 502 375 211 456 328 428 422 272 390 632 511 770 778 584 549 691 280 522 666 587 477 355 318 615 533 356 388 584 378 282 431 72 370 258 570 597 174 427 301 706 386 240 740 623 134 460 452 240 596 545 486 208 158 580 523 265 562 59 440 327 207 664 533 427 272 199 726 242 332 318 678 713 80 644 258 418 107 440 367 613 245 480 391 262 407 293 666 593 187 700 602 359 732 143 112 286 177 407 669 634 721 735 292 513 126 683 289 518 241 52 240 163 562 353 663 106 475 634 405 654 866 259 626 58 700 125 617 519 263 702 159 632 
627 345 480 427 780 321 778 382 511 780 628 547 784 319 36 426 370 318 76 207 669 738 163 195 462 555 337 454 770 596 517 534 411 709 288 543 545 317 694 164 196 465 270 437 452 502 270 131 235 379 686 473 410 368 323 127 363 648 459 639 350 463 352 347 654 621 425 81 401 664 326 154 806 394 261 506 340 541 533 565 573 171 196 593 310 672 303 392 750 245 295 583 458 558 125 702 574 596 299 307 644 220 624 359 604 572 414 264 479 271 686 489 330 419 218 215 821 142 134 662 151 617 705 621 540 336 473 146 27 53 639 673 772 278 657 411 608 707 668 610 313 625 123 604 481 462 361 433 329 523 327 767 417 586 139 466 648 328 632 82 
643 460 380 221 396 264 412 289 696 775 773 285 273 533 541 185 199 251 589 744 683 558 646 738 139 33 797 119 800 618 233 649 215 718 359 123 18 671 774 693 716 221 302 338 218 148 673 490 366 235 140 743 200 257 326 451 428 572 580 352 273 363 639 285 216 674 382 516 172 169 431 418 383 562 345 197 654 724 673 442 250 525 379 118 281 324 272 369 264 658 277 653 385 201 642 571 568 570 699 729 383 627 133 484 347 57 168 624 370 295 679 186 258 339 409 573 360 631 521 642 504 425 470 108 266 440 304 429 558 558 115 766 344 395 130 189 512 341 172 221 607 617 587 334 116 272 468 302 841 153 320 412 354 335 427 662 141 391 224 484 
548 364 527 673 857 560 848 640 373 674 476 637 923 289 266 583 590 544 203 107 578 729 119 122 629 740 65 669 648 524 631 431 558 611 406 698 740 161 562 117 86 712 507 703 584 734 112 272 390 530 855 294 647 511 444 321 400 611 389 706 492 520 229 600 780 524 478 354 583 812 599 408 897 334 412 637 203 393 415 583 678 231 385 749 554 757 485 458 880 112 527 488 504 683 148 678 526 550 111 85 698 136 778 358 670 781 589 163 532 469 602 627 498 497 486 191 929 139 238 592 424 648 730 784 639 372 735 404 299 321 803 540 870 547 820 644 595 791 816 729 220 560 179 676 702 719 371 695 90 669 587 834 684 656 387 341 803 598 752 311 
377 161 122 355 388 281 386 380 397 528 482 155 424 238 358 117 243 243 381 517 422 384 406 516 162 274 526 271 541 347 134 357 88 461 105 209 290 385 498 467 481 387 264 462 89 358 399 272 158 82 366 442 315 65 68 265 127 338 282 248 67 99 343 344 282 399 92 388 159 314 465 311 417 261 133 139 361 426 378 215 186 277 206 257 294 280 143 70 382 389 256 371 111 185 420 368 302 312 420 453 256 362 284 183 215 345 150 346 115 179 425 132 114 53 368 307 439 398 292 390 421 245 329 294 150 142 459 322 401 416 313 486 385 400 328 302 281 316 318 232 316 357 357 213 308 427 167 430 588 176 363 375 461 196 302 361 309 432 255 312 
598 325 469 462 778 353 776 421 473 749 590 545 795 290 45 437 397 346 30 168 639 721 116 159 476 575 290 481 737 567 520 501 420 678 285 556 567 273 659 121 153 501 301 480 458 533 224 119 239 388 703 431 442 375 322 135 346 625 429 634 356 453 312 384 661 590 414 127 418 676 371 189 807 363 266 513 299 503 497 551 575 143 209 606 344 671 318 382 759 199 325 551 446 564 79 683 549 571 253 260 636 177 637 336 599 598 430 222 469 289 657 497 342 413 261 178 826 95 110 635 198 605 694 636 541 318 513 183 74 99 654 638 774 321 672 443 589 706 680 616 275 598 80 600 509 501 340 474 286 533 366 764 460 581 171 429 661 372 638 101 
514 354 253 294 306 287 317 350 578 645 648 155 255 433 501 104 220 258 539 688 554 432 581 684 70 97 716 178 670 490 102 526 125 588 277 15 128 578 646 636 655 310 305 417 104 250 589 432 304 155 173 632 260 172 239 405 319 442 461 230 191 238 537 331 136 546 263 499 136 135 479 404 309 450 278 68 556 604 551 312 125 454 333 66 305 215 226 256 224 577 283 527 261 76 586 442 440 441 612 644 259 548 96 375 220 186 119 537 243 261 549 63 198 222 423 493 306 570 459 512 506 296 347 101 137 336 395 416 530 537 120 638 270 428 136 246 382 240 139 113 511 487 526 208 201 360 359 381 771 23 363 313 427 207 406 546 121 439 127 447 
750 457 535 253 767 187 773 190 679 908 793 551 712 469 235 385 255 211 297 430 795 801 385 417 401 455 562 330 909 718 504 682 387 837 343 480 431 519 843 390 422 282 166 222 435 341 481 280 282 361 588 664 255 363 359 230 456 741 599 650 352 513 536 171 607 756 489 145 336 593 99 125 778 541 297 478 532 712 689 629 559 342 233 521 169 664 277 454 689 457 186 720 518 526 351 780 684 701 512 526 666 427 550 480 622 437 354 461 530 238 806 456 310 464 49 402 776 364 308 776 82 662 745 538 538 439 264 120 202 184 552 826 739 64 569 264 689 695 597 576 494 740 334 617 341 263 474 227 554 474 138 766 198 603 146 633 570 106 594 207 
183 208 93 565 323 497 308 595 292 319 331 183 460 268 513 310 456 459 512 611 222 189 501 615 340 428 558 469 340 161 228 221 286 258 282 340 457 402 316 569 571 595 478 676 255 555 443 418 344 294 467 374 525 280 264 434 186 122 190 184 283 116 337 559 330 217 133 568 364 392 679 507 374 225 326 263 363 309 251 32 229 391 396 370 509 246 358 169 411 445 471 205 105 270 532 157 111 110 450 484 162 431 383 203 156 515 349 393 101 391 219 276 330 163 575 386 421 502 422 183 614 98 175 406 199 213 671 517 566 586 421 310 358 613 429 511 65 273 395 284 335 156 472 168 503 637 195 644 643 307 578 293 676 153 493 278 402 647 300 481 
463 186 235 292 502 193 502 297 436 619 537 270 508 237 250 151 183 159 284 433 508 501 328 429 194 303 477 245 626 431 236 415 132 549 55 270 305 358 571 381 401 330 160 379 171 324 354 176 48 100 422 456 254 87 59 154 171 442 333 367 69 213 336 256 373 476 190 269 148 389 358 190 525 289 24 225 347 468 430 329 293 204 87 321 201 394 57 154 471 338 161 443 218 277 331 480 392 407 380 410 377 306 351 212 335 349 153 307 230 73 516 209 62 164 252 253 540 316 205 484 300 365 450 353 262 164 387 201 287 299 372 556 490 291 389 246 389 428 394 329 300 448 272 332 282 359 201 352 522 245 267 492 373 316 181 393 376 329 351 199 
524 235 364 385 667 272 665 357 429 680 545 434 683 223 80 326 303 256 109 263 568 624 170 257 366 469 341 384 674 492 407 440 307 608 174 444 464 268 602 212 236 425 219 427 345 446 238 26 127 276 594 410 358 262 210 33 249 537 361 524 243 347 282 316 548 523 310 143 311 564 346 135 695 298 153 400 278 461 443 451 462 88 102 495 267 560 210 277 646 215 239 485 342 452 161 590 467 487 268 289 528 182 526 252 490 499 321 209 364 186 583 384 232 304 223 149 713 153 57 557 206 501 590 526 429 223 453 136 131 151 545 583 662 283 562 356 495 595 569 503 240 520 109 490 416 435 251 414 365 421 307 654 411 472 112 383 550 334 525 52 
662 395 542 508 851 404 848 460 525 809 641 618 864 354 108 506 453 401 91 141 701 791 145 127 543 638 295 538 795 632 592 560 489 740 358 624 628 315 714 111 144 545 353 510 529 584 260 192 310 458 768 474 492 445 395 204 418 694 491 707 427 526 363 426 732 650 487 151 483 745 389 236 880 426 337 583 346 554 554 623 647 212 276 674 392 744 384 455 829 236 378 612 519 636 98 752 616 638 284 283 710 221 705 405 672 656 496 271 542 353 720 567 410 486 292 236 898 128 181 700 210 678 766 703 613 390 547 227 94 107 721 693 846 348 738 494 659 779 749 687 329 663 137 673 564 539 409 508 266 602 404 837 487 654 222 483 729 396 709 163 
225 74 120 520 444 431 432 534 223 383 307 246 545 129 384 293 407 395 377 472 271 324 362 476 335 444 426 445 387 193 265 182 263 312 186 368 463 270 332 430 432 555 400 617 254 532 307 289 243 255 518 280 481 235 187 315 69 228 107 294 228 124 210 495 403 236 92 449 333 453 594 402 488 103 232 289 235 252 203 165 294 256 292 410 440 350 289 105 497 308 400 204 101 319 394 284 159 178 317 351 281 292 432 64 259 520 325 255 128 313 281 292 271 133 480 247 528 364 289 251 503 229 313 449 255 87 621 410 439 461 467 318 466 526 479 469 190 383 457 352 201 215 335 267 482 591 59 589 507 333 507 417 612 248 385 191 455 567 372 359 
712 429 473 142 672 82 680 88 670 868 778 467 602 460 290 294 149 114 353 502 757 733 436 490 302 344 613 217 875 680 415 659 302 798 302 377 318 541 818 456 487 175 88 151 349 228 514 299 250 281 476 672 141 289 306 244 419 687 576 565 283 451 544 58 505 725 435 221 239 486 115 147 678 525 255 386 546 703 671 567 468 360 211 415 64 572 208 401 583 491 96 691 460 431 410 719 641 655 545 565 585 459 443 454 541 323 258 483 467 176 765 364 237 402 84 422 672 416 333 732 182 590 668 428 453 408 180 151 277 266 442 802 639 60 459 149 631 601 489 479 503 697 377 534 227 167 445 140 620 376 32 674 136 522 168 625 461 81 495 244 
404 192 143 329 380 261 380 357 429 553 513 149 402 268 368 85 218 224 395 536 449 398 426 534 130 242 552 241 568 375 117 388 56 487 120 179 258 413 527 485 501 360 249 439 61 328 426 286 165 56 337 474 288 45 81 273 159 360 314 246 56 121 374 323 261 428 122 391 130 289 450 308 405 293 139 114 391 458 410 233 172 297 208 229 275 272 130 101 361 414 239 401 137 164 437 385 329 338 447 480 259 386 256 215 216 313 119 373 135 169 451 105 99 79 358 331 423 417 309 415 418 256 336 266 140 172 434 319 408 421 285 516 371 386 300 275 301 307 293 214 346 383 374 212 277 401 199 406 611 148 344 370 439 197 301 393 282 415 236 319 
537 529 370 557 89 565 114 620 677 612 703 254 117 608 756 370 497 537 784 920 560 347 808 919 347 319 910 443 652 527 271 604 378 579 507 268 355 758 664 870 883 563 583 678 335 492 785 675 553 410 230 757 529 419 469 660 493 434 572 200 437 373 700 606 141 579 415 769 413 173 754 677 44 592 526 282 724 693 634 352 217 680 592 235 583 140 492 433 87 780 562 578 392 229 823 392 482 470 801 836 223 756 211 540 232 391 395 732 364 531 543 301 461 395 702 702 38 801 695 512 782 291 262 234 254 519 647 689 793 803 229 666 26 706 218 515 393 111 171 177 687 505 760 223 454 614 525 641 982 275 639 126 692 242 675 661 201 714 157 706 
176 277 345 754 613 656 595 759 34 272 83 468 757 242 513 536 642 623 478 497 190 399 418 508 579 686 372 687 245 167 500 76 507 215 407 607 707 251 159 476 460 791 617 841 497 773 310 436 451 497 751 118 716 476 420 482 299 273 136 481 467 357 195 718 623 137 333 602 575 681 795 587 666 175 450 527 214 14 46 328 517 379 490 647 662 543 519 349 708 328 623 114 334 550 463 340 201 219 296 318 456 338 665 251 454 763 568 288 355 535 216 532 506 376 673 329 717 431 416 220 668 389 442 685 481 300 851 591 571 596 702 137 654 728 712 705 293 569 684 574 231 201 427 465 724 822 264 816 470 572 724 579 833 449 565 79 687 774 592 514 
727 460 473 50 626 81 637 30 709 880 811 442 534 504 373 268 112 114 434 586 772 719 513 576 261 276 688 148 891 696 386 688 284 812 329 326 245 603 842 539 569 84 129 109 327 138 582 367 290 272 402 722 62 286 322 314 443 689 606 536 287 450 597 34 451 745 443 311 210 423 168 228 626 562 288 352 602 741 704 562 433 424 264 356 80 533 220 412 520 560 116 714 464 390 492 713 653 664 612 635 560 527 381 486 516 240 228 546 465 202 777 330 240 405 176 485 613 494 402 742 274 575 646 363 425 438 114 235 366 356 374 828 586 141 390 76 631 559 426 433 557 709 453 507 147 89 474 79 702 332 64 633 111 498 247 665 397 128 447 322 
502 461 307 486 119 487 138 546 626 595 664 184 125 541 678 290 420 459 707 845 531 338 733 844 269 251 842 370 631 488 194 557 299 554 431 192 288 691 634 795 809 494 505 608 256 425 716 597 474 331 187 702 455 340 392 582 424 405 516 154 358 307 636 531 65 543 348 689 334 114 679 597 109 531 448 203 660 645 587 305 142 605 513 163 506 94 413 362 76 710 484 537 327 150 747 373 441 431 733 767 185 685 144 473 179 330 316 662 299 452 517 221 382 324 623 630 112 726 619 483 702 251 246 170 181 449 579 609 714 724 170 633 70 629 164 441 356 83 113 98 620 471 684 167 384 545 458 571 911 196 563 142 620 184 596 607 141 639 77 627 
1550 4350 4210 8870 5760 8030 5530 9060 2510 710 1500 5160 7600 4320 7160 6400 7740 7670 6870 7170 1130 3180 6340 7280 6740 7640 5890 7990 270 1840 5640 2150 6130 810 5590 6760 7930 4700 610 6940 6800 9190 7730 9890 5880 8860 5290 6300 6140 6150 7940 3320 8470 5970 5580 6690 4420 2320 2940 4850 5940 4410 4110 8670 6480 1360 4390 7980 6900 7150 9660 7670 6320 3570 6050 5990 4320 2290 2180 3560 5580 5780 6600 7020 8130 5430 6610 4680 7120 5460 7730 1710 4230 6030 6780 2680 2310 2260 5160 5380 4520 5530 7120 4120 4710 8510 6780 5030 4310 6860 1200 6120 6400 4800 8490 5370 6920 6460 6160 1560 8600 3900 3980 7370 5330 4550 9900 7740 7740 7980 7510 830 6340 8980 7570 8340 2880 5570 7170 6090 4420 1790 6370 4840 8350 9580 4190 9590 6870 6430 8800 5380 9850 4750 7480 2900 7290 9400 6210 7070 
5172 1716 2724 4104 6252 2868 6228 4104 4656 7056 5916 3444 6540 2220 2712 2352 2820 2484 3000 4704 5712 5916 3408 4668 2892 4236 5112 3588 7104 4788 3144 4476 2064 6204 336 3744 4272 3648 6384 4092 4296 4572 2400 5088 2436 4536 3624 1680 456 1704 5616 4836 3672 1488 768 1608 1632 5052 3480 4548 1260 2496 3396 3600 4872 5280 2100 3168 2400 5148 4668 2400 6588 2904 396 3096 3516 5040 4632 3816 3804 1884 1056 4356 2928 4956 1332 1668 6072 3432 2460 4872 2484 3708 3504 5580 4356 4560 3924 4296 4608 3060 4716 2016 4140 4824 2436 3036 2700 1416 5832 2940 1368 1932 3300 2412 6828 3276 1968 5460 3672 4356 5400 4764 3384 1464 5220 2508 3252 3444 4992 6192 6192 3852 5196 3576 4464 5376 5196 4308 2952 5028 2760 4128 4032 4896 1908 4788 5700 3420 3684 6084 4992 3912 2220 4128 5016 4356 4584 2184 
4008 4728 2808 7212 1512 6816 1272 7800 5868 4884 6024 2172 3708 5580 8088 4248 6120 6396 8232 9624 4260 1764 8280 9648 4308 4752 9144 5844 5352 3924 2796 4956 4152 4476 5064 3732 5184 7260 5508 9084 9144 7440 6816 8676 3588 6720 7716 6984 5760 4440 4452 6924 6768 4416 4680 7008 4356 2760 4740 996 4572 2964 6504 7488 2700 4524 3456 8532 4932 3504 9168 7596 2184 5160 5472 3204 6816 6012 5316 2088 2244 6840 6348 3732 7020 1284 5448 3816 3156 7716 6636 4560 3084 2808 8580 2232 3444 3252 7836 8244 792 7500 3672 4752 1308 5808 4716 7092 2784 5916 4044 3468 5052 3468 8184 6912 2868 8256 7128 3672 8916 1284 672 4020 2340 4704 8448 7728 8652 8844 4104 5532 2160 8448 4092 6588 2340 1296 3516 2472 6444 3624 7824 1368 6144 8028 4620 8244 10128 3516 7812 1092 8760 1536 7488 5772 3768 8712 2472 7596 
2860 1518 275 5203 3905 4389 3795 5478 3421 4499 4180 1650 4928 2354 4664 2464 3982 3982 4741 5984 3344 3102 4752 6006 2871 3982 5676 4213 4664 2552 1903 2827 2167 3773 2024 3080 4246 3982 4235 5489 5555 5544 4158 6391 1925 5181 4323 3630 2706 2200 4686 4125 4763 2024 1804 3751 1155 2420 2145 2244 2035 330 3355 5082 3377 3135 385 5214 3014 3938 6369 4499 4356 2189 2497 2200 3608 3707 3102 1177 2178 3443 3278 3520 4521 2827 2849 781 4400 4290 4103 2871 77 2475 5027 2816 2035 2134 4466 4851 2156 4070 3729 1584 1848 4873 2882 3729 352 3212 3366 2277 2552 715 5236 3509 4774 4730 3729 2981 5687 1727 2706 3938 1749 1474 6358 4609 5225 5434 4125 4136 4092 5643 4246 4620 1815 3190 3982 2805 3201 2629 4345 1914 4609 5995 1441 6039 6512 2706 5280 3652 6380 1694 4356 3124 3982 6028 3036 4279 
8138 5707 4706 2782 5122 3224 5317 3627 8788 9880 9802 3510 3666 6656 6760 2132 2366 3029 7384 9399 8671 7098 8112 9321 1534 325 10075 1378 10192 7813 2821 8177 2522 9126 4381 1430 169 8450 9828 8736 9035 2821 3705 4329 2587 1924 8476 6084 4472 2769 1989 9386 2470 3055 3965 5603 5291 7241 7280 4433 3263 4472 8021 3549 2782 8528 4706 6461 1963 2249 5460 5200 4992 7033 4199 2353 8216 9152 8489 5538 3107 6539 4654 1482 3458 4121 3263 4537 3510 8268 3380 8255 4758 2457 8073 7254 7163 7202 8801 9204 4836 7865 1729 6019 4342 923 1898 7826 4563 3575 8619 2184 3068 4147 5122 7163 4732 7930 6500 8138 6331 5356 5980 1456 3276 5434 3926 5343 6994 7007 1573 9724 4485 4966 1794 2301 6461 4368 2288 2769 7618 7800 7345 4186 1417 3484 5811 3848 10647 1794 4004 5304 4524 4186 5304 8333 1898 4940 2847 6032 
6356 3612 2618 4088 4984 3430 5040 4634 6888 8358 8008 1988 4886 4676 5726 462 2660 2940 6202 8246 6958 5838 6734 8204 938 2478 8596 2674 8624 5964 1274 6258 392 7476 2450 1624 2716 6692 8134 7532 7770 4466 3458 5726 350 3878 6832 4676 2898 826 3836 7546 3528 1008 1918 4382 3136 5572 5264 3360 1274 2338 6146 4228 2996 6720 2506 5852 1274 3248 6174 4592 5222 5012 2534 952 6384 7294 6580 3738 2044 4942 3388 2338 3668 3514 2002 2310 4368 6664 3234 6384 2618 1680 6832 5796 5292 5376 7140 7602 3640 6244 2744 3920 3024 3514 1036 6104 2492 2548 6944 700 1554 1904 5096 5474 5362 6580 5040 6440 6090 3836 4830 2842 1778 3332 5572 4760 6202 6342 3108 7994 4704 5334 3332 3332 4732 3962 3304 2408 5754 6020 5978 2912 3164 5096 3696 5236 9380 1218 4592 4942 5782 2772 4550 6398 3094 5642 2702 4998 
5401 3421 5203 7139 8833 5896 8723 6842 3498 6809 4675 6446 9614 2574 2849 5951 6160 5687 2178 1639 5742 7381 1210 1782 6468 7700 869 6996 6534 5126 6402 4114 5665 6105 3993 7194 7733 1133 5588 1551 1276 7579 5324 7590 5918 7766 605 2695 3894 5368 8921 2684 6831 5148 4389 3278 3817 6083 3641 7172 4950 5137 1881 6391 8041 5137 4675 3883 6006 8415 6534 4323 9284 3036 4103 6479 1595 3740 3949 5786 6908 2145 3916 7744 5852 7733 4939 4477 9130 671 5522 4741 4950 6985 1683 6820 5148 5412 594 407 7062 1001 8063 3333 6776 8206 6050 1188 5258 4807 5995 6391 5060 4906 5236 1606 9647 1452 2310 5874 4675 6512 7403 8140 6468 3520 7898 4301 3311 3586 8349 5357 8998 5918 8525 6787 5907 8118 8459 7480 1782 5522 1782 6842 7381 7700 3476 7458 1595 6853 6270 8569 7392 6622 4081 3135 8338 6479 7722 3256 
2460 1320 1140 6348 4908 5352 4764 6576 2832 4332 3696 2664 6228 2004 5016 3492 5004 4908 4968 6120 3012 3432 4800 6168 3972 5220 5544 5364 4428 2088 2976 2196 3144 3504 2484 4260 5484 3672 3864 5616 5640 6756 5016 7572 2952 6420 4128 3888 3204 3108 6012 3624 5868 2880 2412 4152 1140 2340 1440 3132 2832 1260 2928 6108 4548 2676 1008 5772 4032 5196 7380 5148 5460 1596 3048 3300 3228 3144 2496 1524 3252 3516 3816 4740 5472 3828 3636 1320 5652 4140 4992 2340 984 3600 5172 2976 1608 1800 4236 4656 2952 3960 4968 1224 2724 6168 3912 3516 1248 3960 3096 3360 3372 1524 6048 3420 5964 4824 3900 2712 6384 2304 3300 5196 2796 1428 7584 5256 5676 5928 5400 3720 5220 6576 5532 5724 1848 4200 5232 3936 2856 2280 4464 2832 5808 7212 1140 7212 6540 3840 6288 4584 7524 2604 4956 2520 5244 7044 4176 4704 
7350 5012 3682 3906 4494 3822 4648 4690 8190 9212 9198 2366 3682 6104 6930 1386 2884 3444 7476 9576 7924 6258 8092 9520 840 1190 10024 2282 9548 7014 1610 7476 1722 8400 3850 308 1610 8120 9198 8862 9128 4116 4102 5628 1512 3276 8260 5992 4186 2128 2422 8918 3430 2380 3332 5586 4522 6370 6552 3444 2646 3458 7574 4438 2086 7798 3780 6860 1750 1988 6510 5530 4522 6370 3850 1106 7812 8568 7826 4536 1974 6328 4564 980 4088 3234 3052 3668 3276 8078 3794 7518 3780 1288 8148 6384 6314 6342 8568 9030 3850 7658 1414 5320 3290 2408 1526 7532 3542 3542 7854 980 2702 3206 5754 6888 4452 7938 6384 7350 6930 4354 5082 1428 2100 4746 5306 5684 7322 7406 1694 9086 3976 5810 1932 3220 5530 3570 2044 1792 7182 6986 7308 3122 2590 4816 5096 5110 10766 504 4886 4606 5768 3108 5558 7742 1750 5950 1974 6160 
9968 6328 6356 406 8344 1176 8498 854 9828 12082 11228 5824 7028 7014 5446 3416 1274 1512 6272 8428 10598 9730 7336 8302 3262 3402 9758 1624 12264 9548 5040 9492 3682 11144 4508 4130 2968 8484 11606 7756 8162 966 1904 1834 4242 1526 8232 5250 4032 3542 5166 10066 420 3766 4354 4522 6062 9380 8358 7126 3794 6048 8344 854 5880 10234 5978 4648 2604 5460 2814 3430 8316 7770 3948 4550 8428 10276 9730 7574 5670 6006 3738 4536 1260 7056 2940 5572 6832 7938 1652 9814 6244 5068 7084 9674 8918 9058 8638 8988 7476 7476 4886 6692 6860 2912 2842 7686 6244 2772 10640 4242 3164 5432 2814 6846 8134 7084 5740 10150 4200 7728 8694 4620 5586 6006 1736 3542 5390 5292 4774 11424 7770 2394 4998 616 8554 7420 5502 5642 7798 9688 6496 6734 1596 1302 6524 1344 10024 4242 1316 8442 1932 6622 3668 9226 5096 2254 5824 4704 
7020 5330 3796 4355 3458 4459 3653 5148 8086 8606 8892 2262 2457 6370 7384 2210 3575 4134 7878 9802 7501 5603 8411 9750 1742 1339 10114 2847 8970 6747 1781 7345 2470 7917 4433 676 1820 8294 8762 9126 9373 4459 4758 5941 2119 3588 8463 6474 4810 2873 1508 8866 3965 3081 3939 6136 4862 5967 6565 2912 3328 3640 7709 4966 1118 7488 4030 7345 2587 884 6903 6097 3367 6513 4485 1495 7969 8411 7696 4342 1703 6747 5187 182 4706 2483 3796 4030 2080 8320 4472 7280 3939 1131 8489 5837 6097 6071 8749 9178 3328 7943 403 5577 2912 2457 2379 7774 3666 4251 7410 1560 3445 3549 6292 7228 3224 8268 6825 6929 7397 3965 4433 624 2054 5109 5577 6253 7761 7839 845 8684 2860 6292 1001 3783 5213 2704 936 1157 7397 6656 7696 2743 3029 5135 5369 5460 10855 1001 5395 3640 6097 2808 6123 7709 728 6370 1183 6669 
3360 2568 612 5760 3336 5052 3228 6180 4428 4956 5064 1068 4572 3480 5868 2652 4488 4608 6012 7428 3828 2844 6084 7452 2964 3972 7104 4536 5232 3084 1572 3660 2412 4248 2868 2916 4320 5256 4944 6876 6960 6084 4920 7140 1968 5556 5628 4764 3600 2580 4488 5292 5280 2472 2532 4812 2160 2544 3084 1524 2556 744 4548 5784 2916 3756 1236 6372 3336 3612 7332 5496 3840 3252 3324 1992 4836 4692 4008 948 1644 4620 4200 3288 5232 2172 3480 1596 3984 5592 4788 3564 888 2088 6360 2712 2472 2472 5784 6204 1464 5352 3456 2652 1104 5028 3144 4992 564 3924 3780 2160 3108 1272 6192 4740 4308 6048 4908 3336 6804 1164 2196 3732 1236 2508 7032 5616 6456 6648 3912 4872 3564 6564 4020 5112 1812 2568 3648 2328 4404 3036 5604 1176 4932 6612 2484 6732 8028 2532 6048 3072 7164 948 5364 4164 3708 6912 2544 5388 
6300 6120 4224 6480 1068 6552 1356 7224 7932 7248 8280 2820 1404 7080 8832 4200 5736 6216 9168 10800 6588 4092 9456 10788 3936 3636 10704 5100 7716 6168 3012 7080 4296 6840 5844 3000 4068 8868 7836 10212 10356 6552 6768 7932 3780 5712 9204 7848 6384 4680 2640 8892 6132 4788 5388 7680 5688 5076 6660 2208 5004 4260 8184 7056 1464 6804 4752 8976 4728 1896 8832 7884 660 6900 6072 3144 8472 8148 7440 4044 2364 7920 6864 2604 6768 1476 5664 4968 948 9132 6516 6780 4488 2508 9636 4596 5628 5484 9384 9804 2508 8844 2340 6252 2580 4512 4512 8556 4152 6132 6396 3372 5292 4512 8184 8196 672 9372 8112 6012 9144 3324 3036 2628 2820 6000 7572 8028 9276 9396 2580 7860 252 8244 2460 5964 4560 1164 1872 1884 8028 5916 8880 2472 5244 7176 6072 7500 11556 3060 7440 1476 8100 2700 7860 7740 2232 8352 1644 8232 
2370 3240 1755 8835 5055 7785 4800 9270 4125 4410 4620 3105 7215 4050 7860 5010 7185 7230 7815 9210 2955 2700 7575 9285 5475 6810 8310 7410 4725 2040 3795 3030 4650 3480 4485 5490 7230 5970 4365 8595 8610 9285 7485 10500 4200 8700 6630 6435 5415 4755 7365 5415 8235 4545 4245 6720 2955 1500 2700 3045 4575 2085 4980 8730 5295 2895 2280 8745 5820 6225 10500 7860 5835 3315 5160 4320 5370 4365 3480 765 3795 5985 6195 5925 7965 3975 5685 2820 6465 6690 7395 2730 1890 4425 8055 2130 1305 1260 6720 7215 2670 6495 6105 3120 2655 8100 5610 5895 1875 6180 2910 4515 5280 2775 8910 5850 6570 7605 6465 2355 9450 1665 2685 6465 3360 3360 10425 8010 8670 8970 6690 4290 5625 9495 6795 8040 720 4350 6270 4605 5010 1950 7185 2850 7920 9915 3030 10005 9615 4995 9000 4575 10485 2640 7650 3975 6390 10020 4845 7425 
6070 4770 3610 3370 2900 3680 3090 4040 6910 7240 7520 2420 1580 5560 6170 2250 3000 3480 6590 8100 6430 4850 7040 8050 1820 1000 8410 2290 7540 5860 2060 6340 2490 6730 4010 1100 1320 7030 7400 7580 7780 3380 3990 4550 2280 2650 7150 5530 4250 2780 480 7510 3140 2960 3640 5230 4410 5230 5750 2790 3150 3490 6610 3970 1190 6430 3790 6050 2410 570 5440 5080 2700 5700 4000 1830 6790 7160 6610 4000 1960 5780 4490 610 3860 2370 3400 3780 1470 7020 3740 6280 3730 1560 7080 5080 5360 5330 7370 7700 3130 6730 410 4970 2850 1620 2290 6620 3510 3720 6340 1850 3170 3410 5120 6180 2430 6930 5820 5980 6030 3670 3930 230 2260 4600 4210 5200 6420 6460 40 7350 2330 5040 140 3010 4660 2450 580 1460 6350 5780 6480 2710 2320 3890 4810 4190 8950 1420 4310 3120 4710 2790 5130 6620 300 5040 1390 5610 
6578 6565 4485 7267 806 7280 1118 8047 8411 7553 8749 3029 1872 7592 9620 4667 6409 6903 9958 11687 6877 4121 10231 11687 4433 4199 11518 5759 8073 6448 3315 7462 4758 7124 6357 3445 4680 9529 8229 11050 11206 7358 7488 8840 4173 6448 9906 8541 6981 5161 3185 9477 6864 5265 5876 8385 6097 5239 7059 2236 5486 4537 8762 7852 1794 7137 5083 9828 5278 2353 9776 8658 468 7358 6630 3497 9087 8632 7865 4199 2587 8580 7501 3068 7514 1469 6253 5343 1391 9841 7215 7124 4771 2821 10452 4693 5876 5707 10101 10543 2522 9542 2795 6695 2652 5187 5031 9204 4407 6760 6656 3757 5837 4849 9022 8840 858 10153 8801 6253 10036 3393 3003 3120 3042 6448 8463 8801 10127 10257 3094 8255 65 9113 2964 6682 4706 1066 2327 2158 8606 6162 9633 2548 5928 8021 6500 8372 12480 3471 8268 1261 9009 2808 8619 8229 2717 9256 1911 8983 
9958 6227 6903 2275 9490 1820 9594 1391 9308 11999 10738 6851 8515 6565 3978 4602 2678 2262 4797 6617 10543 10296 5915 6461 4680 5148 8229 3471 12064 9542 6175 9217 4706 11076 4602 5642 4784 7462 11297 6071 6487 2600 1885 1768 5317 3432 7059 4303 3887 4433 6838 9243 2405 4524 4693 3601 6136 9672 8125 8125 4446 6617 7579 1287 7293 10101 6396 2899 3874 7020 728 2223 9555 7436 4004 5785 7566 9724 9347 8125 6851 5109 3328 6110 1599 8203 3458 5941 8281 6734 2015 9659 6734 6370 5525 10101 9048 9230 7449 7670 8385 6331 6461 6552 7800 4758 4134 6708 6825 3016 10660 5499 3835 5980 1105 5915 9464 5642 4719 10231 2171 8450 9464 6253 6656 5967 2301 2223 3653 3445 6422 11076 9048 325 6643 2548 8957 8580 7059 6981 7033 9776 5200 7709 3536 2301 6435 1820 8216 5642 845 9529 1482 7566 2522 8710 6695 364 7189 3458 
7124 3432 4147 3003 7345 1573 7384 2886 6617 9165 7995 4420 7059 3926 2873 2444 1794 1248 3523 5551 7722 7605 4355 5460 2847 4030 6513 2834 9243 6708 3861 6435 2353 8255 1781 3926 3913 5226 8489 4888 5213 3523 1014 3939 2964 3679 5031 2327 1144 1963 5720 6734 2600 1950 1885 1742 3302 6877 5356 5707 1781 3861 5109 2340 5447 7280 3588 2743 2028 5486 3536 1534 7566 4719 1183 3614 5187 7046 6604 5382 4602 2964 858 4550 1612 5954 858 3133 6656 4758 1118 6838 3952 4277 4238 7345 6214 6409 5408 5733 5876 4329 4953 3770 5317 4342 2210 4498 4082 351 7826 3354 1287 3224 2171 3731 7670 4134 2782 7410 2938 5798 6877 4888 4277 3159 4121 1690 3159 3224 5122 8281 7085 2652 5356 2535 6175 6396 5538 4953 4602 6942 3562 5265 3250 3796 3640 3627 6903 3705 2405 7267 3822 5070 1521 6045 5252 3159 5213 2145 
2988 1140 2676 6816 6552 5616 6396 6852 1908 4800 3216 4176 7752 720 4140 4428 5496 5220 3876 4692 3480 4848 3444 4764 4980 6324 3924 6108 4692 2628 4344 1884 4068 3948 2652 5496 6516 2040 3828 4260 4212 7272 5136 7824 4080 7128 2556 3096 3132 3876 7344 2268 6372 3612 2856 3588 1512 3480 960 4764 3468 2688 1284 6348 6048 2904 2244 5112 4788 6612 7284 4800 7092 180 3132 4572 1584 2304 1944 3132 4740 2496 3612 6036 5676 5436 3996 2244 7188 2616 5208 2436 2436 4992 3912 4272 2496 2772 2628 3036 4596 2508 6324 840 4344 7152 4740 1992 2772 4164 3696 4572 3888 2676 5832 2112 7572 3528 2940 3456 5856 3924 4872 6504 4260 1404 7956 4872 4836 5124 6720 3612 6828 6468 6876 6252 3240 5832 6660 5424 1260 3024 3288 4440 6564 7620 1032 7536 4944 5088 6420 6228 7716 4212 4560 1392 6612 7020 5676 4020 
6516 3252 5028 5508 8796 4164 8748 5112 5052 8328 6456 6012 9120 2820 756 4848 4596 4008 408 2184 7008 8016 1140 2124 5352 6600 3264 5568 8196 6156 5748 5364 4608 7488 2904 6276 6540 2748 7260 1572 1860 5988 3528 5892 5040 6288 2232 912 2448 4236 8088 4608 5220 4056 3372 1344 3528 6852 4488 7044 3828 4848 3144 4632 7476 6420 4368 1896 4704 7704 4728 2328 9168 3708 2748 5700 3012 5424 5328 5988 6396 1068 2196 6888 4080 7524 3480 3996 8664 1932 3792 5964 4752 6312 960 7548 5928 6204 2592 2748 7056 1608 7248 3384 6624 6960 4812 2100 5040 3204 7224 5520 3732 4392 3312 1500 9432 900 684 6960 2760 6660 7716 7260 5964 3192 6252 2292 1392 1704 7488 7020 8784 4044 7704 5208 6420 7944 7764 6912 2688 6528 456 6636 5952 6060 3432 5772 3432 5976 4476 8604 5664 6408 2076 4524 7548 4668 7188 1164 
1386 3794 2688 9296 5082 8302 4802 9688 3654 3080 3724 3836 7392 4354 8134 5726 7756 7784 8008 9128 1820 2100 7658 9212 6146 7336 8036 7952 3402 1260 4522 2562 5390 2254 5152 6090 7742 5908 3234 8610 8554 9716 8008 10836 4956 9156 6594 6804 6006 5488 7728 4970 8736 5292 4970 7140 3626 434 2702 3486 5306 2996 4942 9184 5726 1974 3150 9030 6482 6636 10808 8288 5852 3500 5796 5026 5320 3766 2982 1596 4424 6314 6720 6440 8470 4326 6328 3626 6706 6706 7938 2016 2800 5054 8162 1344 812 504 6608 7056 3052 6580 6580 3612 3220 8554 6286 5964 2800 6776 1708 5236 5964 3626 9310 6062 6622 7714 6790 1204 9744 2128 2618 6930 4074 3962 10780 8414 8904 9212 7126 3220 5754 9870 7210 8540 658 4606 6678 5138 5096 952 7378 3416 8428 10304 3570 10388 9324 5642 9436 4578 10836 3262 8064 3696 6818 10374 5320 7784 
11475 7425 7665 1035 9930 1725 10110 180 11145 13770 12705 7215 8460 8055 5835 4605 2265 2250 6765 9000 12150 11370 7995 8835 4485 4605 10635 2715 13935 11010 6375 10860 4860 12750 5475 5430 4110 9450 13170 8310 8775 1305 2370 1065 5490 2325 9105 5865 4830 4665 6450 11295 1440 4875 5385 5055 7185 10920 9630 8610 4875 7335 9405 825 7290 11730 7215 4785 3735 6825 2160 3660 9900 8940 4830 5850 9465 11625 11085 9015 7065 6735 4395 5835 1650 8550 3855 6750 8280 8760 2235 11265 7545 6420 7635 11280 10365 10545 9555 9870 8970 8265 6210 7815 8310 3930 3990 8580 7560 3540 12225 5520 4170 6660 2685 7665 9690 7695 6390 11700 4110 9210 10275 5910 6960 7095 1260 3735 5640 5460 6060 12960 9315 1995 6300 1650 10050 8940 6870 7050 8790 11205 7110 8190 2610 1035 7650 675 10785 5535 990 10050 1080 8055 3975 10485 6420 1605 7230 5115 
5940 3000 4080 3230 6880 2130 6890 2860 5100 7510 6250 4570 6790 3020 940 3210 2590 2070 1540 3080 6390 6740 2350 2980 3550 4450 4120 3430 7480 5620 4210 5170 3100 6800 2090 4370 4330 3510 6790 2590 2890 3620 1610 3510 3540 3940 3170 1090 1480 2780 5760 4940 3020 2710 2370 610 3070 5980 4360 5530 2540 3890 3660 2470 5520 5960 3570 830 2920 5580 2620 540 7100 3750 1720 4060 3620 5430 5220 5000 4780 1710 990 4860 2040 5800 1970 3210 6460 2930 1850 5590 3880 4590 2120 6450 5330 5520 3480 3660 5620 2620 5170 3210 5200 4610 3060 2920 4060 1620 6520 3880 2270 3420 1400 2320 7210 2150 1390 6240 1300 5440 6310 5120 4480 2850 3810 530 1070 1140 5300 6610 6740 2010 5480 3030 5510 6150 5620 5110 3240 5870 1760 5180 3710 3650 3170 3410 4220 4190 2330 6790 3330 5010 330 4640 5400 2520 5320 430 
5070 5110 3500 5660 580 5680 830 6270 6510 5800 6750 2390 1470 5890 7470 3670 5010 5390 7730 9060 5300 3160 7940 9060 3490 3310 8920 4510 6210 4980 2620 5770 3730 5490 4960 2730 3680 7380 6340 8570 8690 5740 5830 6880 3280 5040 7670 6640 5440 4040 2520 7330 5360 4120 4590 6520 4750 4050 5470 1760 4290 3540 6790 6120 1460 5500 3970 7640 4140 1880 7600 6730 280 5710 5180 2770 7040 6670 6080 3260 2060 6660 5850 2440 5860 1190 4880 4170 1120 7630 5630 5500 3720 2250 8100 3610 4550 4410 7820 8170 1970 7400 2230 5200 2090 4060 3950 7140 3440 5280 5130 2970 4560 3800 7020 6870 640 7870 6830 4820 7800 2640 2310 2480 2410 5020 6590 6850 7860 7970 2450 6360 120 7090 2360 5220 3640 860 1860 1740 6670 4760 7470 2010 4640 6250 5060 6520 9650 2750 6440 940 7010 2210 6710 6370 2160 7200 1550 6980 
3770 1830 1130 3580 3590 2920 3580 3880 4110 5240 4900 1260 3960 2620 3870 1080 2480 2550 4100 5460 4200 3670 4350 5450 1480 2570 5530 2670 5400 3480 1050 3660 810 4590 1340 1860 2760 4100 5010 4960 5100 3880 2790 4690 680 3540 4260 3010 1850 870 3420 4600 3180 760 970 2930 1470 3300 2940 2210 840 920 3660 3540 2530 4010 980 4140 1580 2880 4810 3350 3870 2790 1600 1120 3850 4390 3880 2030 1560 3070 2320 2330 3060 2520 1600 850 3530 4170 2690 3760 1090 1570 4490 3540 3010 3090 4470 4800 2320 3900 2580 2030 1890 3330 1450 3730 1050 1980 4220 1090 1290 550 3880 3350 4100 4270 3210 3860 4450 2250 3070 2710 1210 1650 4630 3460 4290 4430 2900 4910 3550 4170 3040 3040 2710 2870 2920 2030 3410 3550 3860 1860 3030 4300 1870 4360 6160 1520 3750 3480 4700 1700 3260 3770 2830 4460 2260 3400 
2678 1742 3016 7943 7046 6669 6864 8008 1508 4589 2860 4667 8541 1404 5109 5200 6487 6227 4784 5538 3172 4914 4251 5629 5785 7228 4472 7098 4459 2314 4940 1404 4810 3679 3432 6266 7449 2483 3510 5109 5018 8424 6162 9074 4771 8216 3133 3991 4004 4654 8229 2145 7449 4381 3614 4524 2054 3367 481 5148 4238 3094 1599 7462 6708 2522 2678 6175 5655 7384 8515 5837 7670 442 3978 5239 1937 1924 1469 3263 5291 3315 4537 6825 6734 5915 4875 2782 7904 3263 6227 2028 2795 5629 4771 4251 2262 2574 3133 3549 4927 3211 7111 1391 4732 8177 5577 2587 3133 5083 3432 5265 4732 3198 6955 2847 8242 4355 3809 3211 6994 4134 5083 7319 4797 2028 9191 5915 5863 6175 7553 3263 7423 7644 7722 7319 3211 6318 7423 6045 1755 2756 4147 4849 7592 8827 1573 8736 5655 5811 7553 6656 8970 4602 5577 1014 7410 8229 6305 5005 
7152 6240 4560 5352 2472 5652 2748 6144 8496 8328 9048 3036 660 7212 8412 3636 4824 5376 8844 10596 7512 5256 9288 10560 3216 2496 10764 4044 8748 6960 2880 7704 3840 7824 5604 2232 2892 9012 8736 9984 10188 5364 5976 6768 3444 4476 9240 7548 6012 4224 1212 9336 5064 4404 5148 7260 5796 6012 7140 2976 4632 4500 8424 6048 1140 7632 4944 8376 3996 780 7824 7236 2076 7224 5700 2796 8676 8748 8052 4716 2448 7740 6384 1656 5868 2292 5112 5028 504 9132 5688 7524 4764 2244 9384 5664 6372 6288 9480 9888 3372 8808 1296 6444 3216 3216 3804 8604 4452 5532 7356 2940 4776 4572 7368 8136 1644 9168 7848 6948 8412 4140 4152 1464 2916 6072 6348 7368 8760 8844 1332 8724 1680 7320 1152 4908 5400 2208 732 1764 8172 6780 8652 3060 4092 5964 6252 6336 11520 2484 6456 2832 6960 3228 7260 8220 1056 7332 1512 7764 
5256 1848 3600 5172 7416 3828 7356 4980 4116 7104 5496 4656 7908 1620 1872 3756 4008 3540 1836 3348 5760 6588 2028 3336 4308 5640 3720 4872 7032 4872 4452 4224 3468 6252 1644 5148 5664 2436 6168 2760 2928 5652 3240 5892 3816 5748 2268 768 1476 3120 7020 3972 4788 2904 2112 1272 2100 5472 3276 5640 2676 3432 2436 4476 6228 5220 2940 2772 3780 6540 5088 2556 7812 2520 1704 4464 2448 4500 4260 4548 5076 480 1620 5760 3828 6144 2616 2580 7416 2052 3408 4764 3312 5052 2196 6144 4596 4848 2604 2940 5640 1668 6120 2004 5220 6180 3840 1764 3612 2520 5952 4320 2748 2988 3612 1056 8112 1920 732 5652 3528 5220 6276 6180 4632 1752 6132 2604 2544 2820 6408 5940 7452 4308 6600 4728 5016 6576 6588 5640 1932 5208 1440 5244 5304 5868 2028 5676 4284 4812 4440 7212 5736 5016 2292 3564 6420 4896 5904 1680 
7335 4185 3345 3795 5760 3150 5865 4395 7785 9510 9045 2685 5370 5265 5955 75 2280 2640 6540 8790 7995 6840 7215 8730 660 2370 9330 2310 9780 6915 1875 7170 510 8550 2715 1770 2550 7365 9225 8010 8310 4200 3240 5565 945 3615 7440 4935 3015 825 4050 8430 3210 1140 2190 4530 3705 6540 6060 4125 1395 3045 6855 3975 3480 7725 3165 5970 795 3570 6075 4575 5955 5715 2640 1440 7080 8235 7500 4575 2655 5325 3435 2535 3405 4230 1845 2880 4875 7245 2970 7350 3330 2160 7260 6780 6210 6300 7800 8280 4455 6780 2985 4545 3795 3345 540 6690 3210 2400 7995 1110 1425 2520 5010 5955 6030 7035 5370 7455 6150 4680 5745 3000 2445 3870 5385 4755 6405 6525 3285 9060 5400 5220 3540 3000 5640 4695 3645 2925 6390 7005 6360 3675 2850 4875 4305 5040 10080 1470 4380 5760 5625 3525 4575 7245 3360 5520 3210 5145 
10500 6832 6888 420 8778 1582 8960 588 10332 12614 11746 6342 7350 7490 5712 3934 1820 2002 6580 8708 11130 10262 7672 8554 3752 3766 10122 2030 12796 10080 5544 10010 4214 11676 5012 4578 3290 8904 12138 8036 8456 714 2282 1330 4760 1610 8624 5628 4494 4088 5460 10542 882 4298 4872 4886 6580 9912 8876 7630 4326 6580 8806 952 6300 10766 6510 4830 3136 5838 2590 3696 8736 8274 4438 5054 8890 10780 10234 8106 6160 6412 4172 4928 1610 7518 3458 6104 7196 8316 2072 10346 6790 5544 7378 10206 9450 9604 9044 9366 7980 7868 5264 7196 7364 3108 3374 8106 6776 3248 11172 4746 3696 5964 2912 7266 8512 7406 6118 10682 4270 8246 9198 4984 6104 6524 1204 3780 5600 5460 5110 11942 8176 2352 5334 1092 9086 7868 5880 6104 8246 10234 6832 7238 1890 798 7028 826 10332 4718 1316 8904 1470 7140 3948 9730 5460 2044 6272 5012 
3157 1980 3476 6996 6985 5830 6842 6941 1419 4631 2706 4851 8140 1210 3872 5005 5819 5511 3454 3784 3520 5214 2816 3883 5511 6765 2728 6468 4411 2893 5005 1903 4675 3905 3234 6039 6908 1089 3509 3487 3355 7425 5335 7810 4730 7370 1705 3091 3531 4477 7744 1199 6611 4235 3498 3630 2365 3883 1452 5368 4081 3498 363 6468 6567 2926 3080 4862 5280 7084 7139 4807 7502 1012 3597 5203 627 1749 1760 3806 5379 2420 3861 6545 5863 5995 4444 3058 7612 1859 5456 2519 3256 5599 3300 4631 2937 3201 1639 1969 5192 1925 6809 1749 4994 7491 5258 1375 3564 4521 3773 5192 4400 3465 5786 1837 7953 2948 2827 3641 5621 4543 5368 6963 4939 2200 7986 4851 4488 4774 7172 3267 7271 6413 7315 6512 3784 6347 7128 5995 748 3289 2893 5082 6875 7700 1925 7568 3751 5665 6479 6677 7689 4873 4565 957 7073 6952 6226 3927 
4290 1397 1804 3872 4994 2882 4972 4015 4147 6006 5203 2431 5368 2134 3223 1705 2640 2486 3454 4961 4796 4741 3740 4939 2222 3487 5148 3157 6094 3949 2200 3839 1386 5247 418 2893 3597 3663 5511 4411 4565 4268 2563 4928 1617 4092 3751 2255 1078 1144 4631 4488 3443 902 187 2211 1144 4048 2948 3432 748 1573 3289 3575 3817 4455 1276 3619 1947 4125 4752 2838 5313 2563 836 2200 3454 4488 4026 2827 2772 2332 1628 3443 2981 3817 1309 891 4906 3619 2541 4114 1606 2739 3883 4477 3509 3663 4004 4356 3487 3300 3751 1683 3047 4158 1925 3179 1771 1595 4873 2090 1133 1056 3575 2695 5566 3652 2475 4510 4037 3278 4235 3839 2387 1155 4972 2948 3718 3883 4048 5357 4961 4004 4224 3322 3476 4202 4169 3278 2937 4125 3190 3047 3575 4642 1529 4609 5775 2552 3729 4840 4873 2849 2706 3707 4037 4422 3520 2739 
1596 4584 3552 9180 4524 8388 4236 9564 3900 1800 3444 4248 6792 5004 8292 6084 7884 7944 8160 9012 1488 1404 7800 9108 6384 7272 7920 7968 2280 1824 4908 3012 5820 1500 5748 6180 7656 6168 2628 8604 8532 9504 8160 10536 5388 8976 6792 7164 6492 5952 7368 5064 8700 5796 5580 7464 4452 984 3456 3612 5820 3816 5340 9144 5592 2052 4008 9084 6756 6408 10572 8448 5196 4200 6300 5352 5652 3864 3300 2472 4668 6720 7104 6396 8544 4236 6720 4428 6228 6924 8088 2352 3696 5256 8256 864 1860 1584 6768 7128 3204 6852 6456 4416 3540 8340 6564 6300 3636 7116 1188 5556 6396 4392 9300 6456 5916 7872 7128 1056 9696 2568 2412 6780 4464 4740 10452 8556 8964 9228 6912 2748 5232 9780 6960 8532 1644 4356 6432 5196 5532 1380 7608 3696 8352 10044 4392 10140 9060 5844 9372 4068 10548 3648 8256 4092 6624 10188 5292 8004 
3260 1380 2940 5710 6220 4630 6110 5630 1930 4700 3100 4130 7090 570 2860 4030 4660 4350 2530 3070 3630 4890 2070 3140 4500 5650 2470 5280 4560 2980 4190 2200 3740 4010 2340 5050 5750 930 3770 2730 2670 6100 4170 6410 3850 6080 1290 2110 2550 3530 6620 1780 5360 3310 2620 2600 1750 3740 1570 4720 3150 2910 520 5200 5650 3120 2500 3740 4230 6070 5790 3670 6650 950 2630 4320 650 2250 2160 3420 4580 1510 2830 5530 4650 5260 3420 2390 6630 1340 4280 2730 2720 4730 2480 4400 2910 3150 1380 1720 4600 1270 5780 1240 4370 6250 4220 810 3000 3450 3840 4280 3410 2780 4560 1030 7020 2150 1890 3670 4420 4080 4890 5900 4180 1540 6580 3710 3430 3690 6090 3560 6410 5130 6240 5280 3540 5590 6110 5130 220 3320 2030 4430 5650 6330 1390 6210 3290 4710 5200 5970 6290 4230 3450 1480 6030 5620 5350 2880 
6870 4040 4490 1450 6530 650 6600 1010 6460 8430 7540 4450 5890 4370 2770 2730 1330 940 3390 4890 7330 7090 4200 4790 2830 3320 5960 2070 8500 6550 3940 6350 2800 7740 2770 3600 3080 5210 7930 4430 4730 1810 640 1710 3270 2270 4950 2800 2260 2580 4650 6490 1370 2660 2810 2250 3940 6630 5510 5440 2590 4270 5220 630 4870 7000 4100 2140 2200 4710 1380 1320 6600 5010 2310 3650 5240 6790 6470 5420 4470 3390 1880 3990 460 5520 1830 3760 5680 4720 730 6660 4360 4120 3960 6950 6160 6300 5250 5460 5630 4400 4280 4300 5180 3170 2390 4630 4430 1510 7400 3430 2130 3780 840 4010 6560 4000 3140 7080 1820 5670 6450 4150 4310 3830 1960 1380 2680 2590 4290 7770 6210 780 4460 1430 6070 5820 4750 4600 4810 6720 3610 5120 2210 1800 4200 1560 6070 3570 500 6540 1580 5000 1520 6010 4470 1050 4770 2280 
5420 2510 3760 3720 6740 2600 6720 3420 4480 6970 5640 4410 6840 2420 720 3260 2940 2460 1130 2690 5850 6370 1810 2620 3650 4650 3550 3760 6920 5100 4120 4590 3090 6260 1820 4440 4590 2860 6210 2180 2440 4120 2070 4110 3490 4360 2540 450 1300 2770 5920 4290 3470 2650 2170 240 2630 5530 3790 5330 2460 3580 3010 3020 5510 5410 3220 1250 3080 5650 3270 1170 7010 3160 1570 4030 2970 4800 4620 4640 4680 1070 980 4950 2530 5660 2070 2880 6490 2310 2280 5030 3540 4550 1670 6040 4830 5040 2850 3040 5380 1990 5260 2680 4990 4920 3190 2280 3750 1800 6000 3870 2310 3140 2050 1670 7180 1630 740 5730 1870 5130 6010 5250 4350 2380 4380 1180 1180 1370 5430 6020 6670 2650 5610 3450 5100 6010 5690 5060 2590 5360 1200 4980 4070 4210 2670 3980 3750 4220 2910 6610 3950 4800 940 4020 5500 3160 5280 340 
2610 3380 1870 6050 2000 5590 1800 6480 4160 3460 4290 1770 3720 4040 6310 3490 5060 5230 6380 7460 2840 1050 6340 7490 3630 4200 6960 4950 3820 2540 2340 3390 3350 3060 3850 3310 4540 5400 3880 7020 7060 6280 5520 7250 2910 5750 5810 5380 4460 3540 4170 5040 5670 3480 3570 5460 3100 1590 3250 1040 3570 2050 4750 6180 2690 3040 2410 6770 4070 3370 7520 6040 2540 3640 4230 2710 5010 4280 3690 1100 2020 5190 4960 3420 5740 1560 4330 2750 3240 5830 5400 3060 2090 2510 6620 1250 2130 1970 5890 6230 710 5670 3430 3370 1060 5100 3900 5300 1880 4720 2690 2920 4020 2520 6610 5200 3100 6340 5460 2360 7140 500 380 3710 1950 3390 7100 6150 6810 6990 3810 3900 2490 6890 3830 5520 1210 1700 3390 2380 4740 2290 6010 1180 5240 6750 3270 6890 7810 3060 6420 1650 7290 1210 5940 4090 3560 7160 2450 5940 
5782 2492 4774 7448 9394 5880 9268 7196 3906 7826 5544 6286 10290 1582 2814 5628 6090 5544 2296 3234 6314 7868 1722 3304 6286 7868 3038 7084 7616 5362 6202 4326 5264 6846 3136 7196 7938 1442 6510 2674 2674 8008 5180 8232 5572 8120 1274 1960 3122 4886 9408 3444 7000 4606 3640 2716 2968 6356 3388 7280 4354 4662 1694 6608 8288 5600 4060 4116 5740 8750 7168 4200 9926 2492 3346 6286 1582 4340 4256 5670 6846 1092 3290 7896 5852 7966 4438 3780 9674 1092 5390 5068 4452 6930 2254 7238 5208 5544 1638 2058 7182 742 8288 2478 6776 8568 5796 644 4844 4354 6594 6174 4550 4312 5446 238 10374 1806 1554 6328 5082 6552 7742 8400 6300 2576 8540 4228 3612 3976 8666 6230 9548 6286 8890 6930 5978 8442 8806 7574 1148 5838 1596 6846 7588 8246 2618 7994 3906 6762 6538 9086 8036 6566 3892 3290 8652 6986 7882 2968 
7608 4104 5016 2808 7956 1536 8004 2340 6876 9504 8220 5292 7536 4344 2196 3396 2208 1584 2940 4764 8148 8208 3912 4644 3684 4584 6024 3216 9528 7224 4764 6840 3360 8652 2700 4668 4380 5184 8772 4188 4548 3264 972 3144 3924 3708 4848 2268 1980 3012 6180 6804 2592 3012 2892 1620 4068 7476 5844 6480 2856 4752 5268 1872 6144 7704 4464 1596 2892 6096 2280 468 8136 5172 2160 4500 5268 7272 6948 6144 5436 3000 1404 5220 1392 6696 1992 4032 7212 4560 1272 7272 4812 5100 3624 7956 6804 6996 5208 5448 6636 4176 5580 4392 6120 4620 3096 4488 4956 1512 8280 4248 2388 4164 852 3756 8196 3672 2664 7908 1548 6552 7560 5484 5148 3876 3480 576 2172 2124 5676 8568 7692 1476 5892 2628 6852 7080 6144 5712 4764 7476 3204 6072 3492 3288 4308 3000 6156 4524 1704 7908 2940 5892 696 6324 5844 2064 5952 1608 
6160 3420 4850 4630 7920 3560 7900 4200 4900 7660 6070 5590 8060 3070 500 4470 4020 3500 460 1690 6560 7370 1280 1580 4860 5830 2990 4860 7540 5850 5330 5180 4310 6960 2990 5660 5740 2890 6760 1250 1570 5010 3040 4760 4700 5360 2390 1340 2510 3990 7120 4470 4450 3860 3360 1460 3630 6420 4460 6490 3680 4690 3290 3840 6730 6070 4300 1200 4270 6870 3650 1900 8210 3810 2780 5250 3150 5200 5150 5670 5880 1600 2180 6160 3450 6850 3270 3980 7700 2140 3280 5690 4620 5770 870 7000 5660 5880 2660 2720 6520 1920 6470 3530 6140 6030 4390 2380 4850 2970 6740 5090 3520 4280 2570 1950 8390 1070 1270 6520 1890 6210 7090 6450 5540 3350 5110 1830 630 870 6640 6550 7870 3170 6810 4460 6060 7200 6910 6280 2920 6160 970 6140 5140 5000 3570 4720 2900 5440 3650 7780 4560 5960 1730 4460 6710 3670 6500 1070 
6636 3710 2912 3752 5306 3080 5376 4284 7056 8666 8232 2352 5054 4732 5516 140 2296 2590 6034 8106 7238 6202 6622 8064 784 2380 8568 2380 8918 6244 1610 6482 280 7770 2394 1722 2576 6706 8386 7392 7658 4130 3122 5376 700 3598 6804 4522 2730 658 3892 7672 3192 910 1890 4172 3262 5894 5446 3710 1176 2618 6216 3878 3234 6986 2730 5586 924 3388 5810 4298 5502 5138 2380 1246 6440 7476 6790 4060 2380 4844 3164 2436 3304 3850 1722 2478 4564 6622 2884 6636 2884 1960 6692 6132 5572 5670 7140 7588 4004 6202 2856 4046 3374 3332 700 6090 2786 2254 7238 966 1302 2128 4760 5432 5614 6468 4914 6734 5782 4186 5194 2898 2128 3416 5222 4466 5964 6090 3164 8246 4998 4984 3402 2996 5054 4284 3458 2688 5796 6314 5852 3276 2870 4746 3822 4900 9296 1386 4242 5278 5432 3122 4284 6552 3206 5292 2968 4774 
6732 4191 3817 1485 5159 1496 5280 2057 6930 8338 7920 3223 4268 4895 4543 1419 759 1320 5104 6820 7216 6325 5786 6743 1177 1441 7546 352 8536 6424 2596 6545 1694 7634 2882 1848 1232 6281 8096 6259 6534 1727 1881 2827 2035 1320 6226 4059 2783 1727 2915 7282 1078 1947 2618 3597 3905 6160 5698 4213 2057 3586 6028 1881 3245 7007 3641 4224 869 2981 3509 3157 5159 5357 2596 2200 6160 7260 6765 4719 3069 4521 2816 2211 1694 4136 1738 3377 4048 6028 1606 6710 3784 2574 5709 6314 5907 5984 6523 6842 4499 5676 2508 4477 4026 1551 990 5720 3718 1892 7227 1969 1705 3168 3091 5104 5049 5621 4433 6831 4114 4752 5467 2354 3025 3949 2629 3278 4697 4697 2508 7975 4730 3014 2695 913 5500 4422 3025 3036 5643 6490 5126 3916 770 2244 4312 2420 7942 1925 2244 5236 2915 3850 3256 6501 2717 3069 3179 3916 
7740 4428 6096 5508 9744 4260 9720 4956 6240 9552 7644 6948 9828 4032 780 5520 4860 4236 912 2172 8232 9156 1860 2016 5964 7092 3864 5868 9408 7368 6600 6576 5340 8700 3828 6936 6960 3816 8472 1704 2100 5952 3648 5580 5832 6420 3204 1884 3216 4956 8652 5724 5316 4824 4260 1932 4656 8040 5712 8040 4608 5904 4308 4536 8256 7644 5448 1260 5232 8388 4176 2244 10068 4920 3540 6480 4140 6600 6540 7104 7272 2268 2772 7536 4116 8448 4056 5052 9420 2916 3948 7188 5832 7116 1332 8724 7140 7404 3540 3588 8088 2664 7908 4572 7620 7284 5388 3228 6096 3672 8448 6276 4380 5400 2952 2700 10260 1620 1848 8172 2028 7740 8808 7872 6876 4332 6012 2148 564 780 8088 8220 9660 3648 8304 5340 7596 8880 8436 7728 3864 7740 1524 7620 6192 5904 4608 5544 3648 6696 4284 9588 5316 7404 2076 5712 8196 4236 7992 1404 
6944 3626 5894 7616 10472 6034 10360 7210 4914 8946 6538 7294 11186 2772 2198 6342 6412 5782 1428 2072 7476 9072 518 2114 6972 8512 2548 7504 8722 6552 7126 5446 6006 7994 3892 7980 8512 1988 7574 1470 1512 8176 5292 8162 6412 8442 1288 1960 3612 5600 10150 4214 7238 5348 4424 2688 4074 7560 4578 8372 5082 5740 2646 6650 9198 6734 5152 3528 6314 9590 6846 4018 10976 3682 3920 7154 2408 5306 5348 6846 7826 1400 3542 8694 5964 9016 4928 4816 10598 938 5572 6202 5558 7840 1092 8442 6412 6734 1694 1876 8302 658 9100 3654 7868 9086 6412 1344 5936 4704 7756 7000 5138 5320 5194 1092 11368 644 1484 7518 4536 7700 8904 9170 7294 3668 8554 3990 2870 3234 9436 7280 10570 6048 9674 7196 7182 9506 9646 8512 2198 7028 798 7910 7980 8316 3780 7994 3038 7574 6496 10178 7924 7644 3696 4326 9450 6776 8820 2660 
6190 4240 5870 6890 9160 5780 9070 6500 4440 7450 5460 6920 9710 3520 2720 6240 6150 5660 2110 660 6490 7960 1450 810 6690 7770 1160 6960 7190 5940 6820 5020 6010 6820 4500 7420 7740 2310 6320 1060 760 7280 5250 7070 6300 7560 1790 3010 4260 5720 8970 3630 6660 5540 4890 3440 4580 6800 4580 7650 5350 5780 2990 6120 8300 5950 5360 3500 6190 8580 5930 4170 9540 4010 4500 6840 2730 4640 4860 6470 7310 2720 4130 7930 5700 8130 5180 5140 9300 1740 5470 5590 5630 7330 1540 7470 5950 6190 1810 1560 7580 1910 8220 4200 7290 8110 6270 2270 5910 4980 6730 6730 5350 5510 4880 2440 9840 1590 2690 6620 4150 7110 7950 8260 6920 4290 7420 4110 2920 3110 8450 6100 9260 5480 8620 6650 6620 8480 8620 7800 2870 6300 2040 7340 7280 7300 4320 7020 590 7140 5950 8940 6870 7140 3980 4120 8470 5980 8030 3240 
4120 2820 4360 6830 7610 5710 7490 6640 2310 5320 3340 5570 8530 2010 3250 5410 5860 5480 2710 2420 4400 6060 1880 2540 5880 7030 1170 6550 5060 3900 5630 2940 5130 4710 3650 6460 7100 530 4190 2310 2090 7230 5210 7370 5270 7310 760 2860 3730 4890 8040 1520 6510 4680 3980 3410 3200 4840 2630 6120 4510 4340 1080 6220 7090 3850 3940 4210 5550 7500 6540 4450 8060 2190 3870 5760 820 2510 2750 4750 6020 2270 3870 6950 5700 6670 4660 3830 8070 1010 5370 3510 4150 6170 2350 5530 3980 4220 480 570 5980 1300 7220 2680 5770 7580 5570 1050 4430 4620 4640 5710 4700 4220 5320 1650 8450 2080 2530 4570 4930 5420 6190 7320 5620 2970 7610 4450 3740 4000 7520 3970 7830 5930 7660 6460 4760 7000 7540 6570 1220 4270 2250 5850 6910 7400 2830 7220 2120 6140 6160 7340 7220 5650 4220 2030 7460 6440 6790 3510 
3894 660 2046 4642 5577 3531 5511 4664 3366 5621 4510 3080 6193 1210 2882 2640 3432 3168 2926 4257 4378 4840 3014 4268 3157 4422 4257 4048 5632 3531 2981 3201 2321 4840 825 3806 4532 2728 4950 3729 3839 5060 3113 5566 2508 4950 2860 1837 1298 2079 5544 3597 4224 1848 1089 2046 715 3905 2277 3938 1672 1892 2354 4213 4620 3960 1441 3531 2871 4994 5170 3003 5973 1749 1265 3058 2508 3718 3333 2948 3498 1650 1804 4345 3597 4433 2057 1133 5709 2750 3168 3575 1793 3564 3245 4466 3179 3388 3091 3454 3927 2453 4653 935 3542 5082 2849 2277 2057 2200 4510 2981 1980 1529 3883 1859 6281 2970 1914 4191 4103 3542 4510 4752 3080 462 5676 3080 3465 3685 4961 4774 5643 4422 5137 4125 3421 4818 5038 4059 2002 3784 2552 3575 4455 5379 847 5291 4950 3454 4290 5368 5489 3366 2805 2893 4928 4895 4312 2541 
2431 1937 1092 7085 4888 6071 4719 7384 3276 4394 4030 2665 6461 2691 5941 3874 5629 5590 5902 7150 3003 3198 5720 7202 4355 5629 6487 5941 4563 2054 3107 2470 3523 3523 3081 4537 5954 4459 4056 6617 6630 7501 5759 8463 3237 7072 4966 4706 3887 3536 6357 4251 6565 3315 2938 4966 1703 2080 1833 3003 3302 1313 3614 6903 4680 2756 1274 6721 4511 5421 8346 5993 5512 2171 3679 3497 3952 3562 2821 1144 3289 4329 4550 5005 6214 3770 4225 1690 5824 5005 5707 2457 1053 3744 6136 2717 1456 1599 5083 5525 2769 4810 5239 1846 2587 6708 4355 4316 1222 4615 3055 3614 3913 1781 6942 4225 6084 5746 4732 2613 7358 2015 3055 5499 2834 2041 8437 6110 6643 6916 5720 3926 5265 7475 5850 6396 1495 4160 5473 4043 3575 2171 5356 2704 6409 8021 1755 8060 7579 4095 7111 4524 8437 2483 5798 3003 5512 7956 4277 5564 
8814 5031 5928 2756 8944 1573 9009 2119 8047 10868 9503 6110 8320 5304 2808 3978 2418 1781 3627 5538 9412 9386 4706 5395 4212 5031 7020 3458 10907 8398 5512 8008 3991 9945 3484 5265 4758 6188 10088 4953 5356 3224 1144 2886 4615 3822 5798 3029 2717 3640 6773 7969 2626 3666 3653 2327 4979 8632 6916 7410 3536 5642 6305 1677 6890 8931 5356 1911 3354 6760 1872 962 9100 6201 2886 5187 6292 8476 8125 7150 6227 3835 2106 5824 1352 7592 2561 4888 8008 5486 1443 8476 5720 5824 4368 9126 7930 8138 6188 6435 7605 5070 6201 5343 7046 4940 3588 5434 5863 2054 9529 4901 2977 5005 403 4641 9100 4446 3445 9126 1547 7566 8632 6058 5954 4784 3302 1001 2626 2496 6266 9880 8606 1001 6500 2704 7943 8008 6812 6474 5759 8658 3965 6968 3692 3159 5252 2782 7085 5161 1391 8918 2652 6799 1261 7462 6474 1638 6708 2223 
5278 3809 5759 9126 9958 7683 9802 8892 2873 6773 4160 7358 11219 2756 4511 7215 7852 7358 3796 3367 5616 7852 2730 3536 7839 9321 1599 8736 6422 5005 7449 3731 6851 6006 4953 8567 9438 897 5291 3263 2951 9646 7033 9854 7020 9737 1274 3991 5083 6552 10621 1781 8710 6279 5369 4706 4290 6253 3419 8034 6058 5759 1469 8346 9347 4901 5239 5759 7423 9906 8775 6058 10556 2899 5252 7631 1170 3107 3471 6214 7943 3211 5278 9204 7657 8762 6279 5122 10608 1599 7228 4459 5486 8151 3328 7150 5148 5460 897 962 7839 1963 9542 3601 7579 10062 7436 1612 5850 6240 5941 7579 6331 5616 7189 2405 11076 2977 3562 5863 6695 7098 8073 9685 7436 4017 10153 6058 5148 5486 9932 5005 10270 7982 10127 8632 6188 9191 9958 8671 1729 5486 3211 7683 9204 9880 3809 9646 2873 8138 8268 9607 9659 7436 5759 2548 9854 8645 8957 4849 
6735 2505 4695 6480 9450 4800 9390 6210 5265 9060 6990 6000 10035 2175 2145 4830 5055 4455 2100 4020 7380 8430 2370 4005 5505 7155 4560 6165 8955 6270 5745 5430 4470 7980 2205 6570 7170 3045 7860 3270 3495 7080 4035 7335 4920 7230 2790 795 1935 4035 8910 5040 6015 3765 2790 1500 2820 7035 4260 7245 3480 4485 3105 5565 7935 6690 3870 3300 4815 8325 6285 3105 9945 3300 2235 5730 3105 5745 5475 5880 6510 450 2025 7350 4770 7860 3360 3420 9435 2505 4275 6120 4335 6480 2565 7875 5925 6240 3225 3615 7245 2010 7785 2700 6705 7815 4905 2190 4710 3195 7620 5550 3540 3930 4425 1290 10320 2235 720 7245 4260 6720 8040 7845 5955 2400 7650 3150 3000 3345 8145 7575 9495 5310 8385 5940 6465 8400 8385 7215 2490 6690 1620 6735 6690 7320 2730 7065 5220 6165 5505 9195 7125 6450 2760 4575 8160 6045 7545 1950 
1495 3523 4017 9659 7267 8450 7020 9789 1053 2899 1105 5564 9230 3302 6968 6669 8190 7995 6578 7033 1703 4394 5902 7163 7189 8528 5525 8684 2639 1391 6032 533 6292 2080 5213 7462 8840 3822 1612 6708 6539 10114 7982 10868 6097 9815 4576 5889 5850 6214 9269 2288 9139 5954 5304 6422 3718 2769 1612 5616 5863 4212 3003 9269 7527 1001 3991 8060 7228 8320 10400 7748 7969 2340 5785 6422 3302 975 481 3640 6188 5187 6409 7930 8541 6422 6617 4251 8593 4784 8034 702 3926 6656 6474 3640 1898 2106 4446 4758 5265 4849 8151 3198 5278 9581 7111 4199 4147 6877 2041 6513 6409 4550 8840 4628 8645 6045 5681 2067 8892 4394 5005 8424 5746 3809 10946 7813 7722 8047 8632 1365 7839 9516 8762 8996 3081 6734 8359 6916 3406 1820 5928 5447 9165 10556 3328 10517 6799 7007 9386 6812 10777 5252 7475 1443 8424 10101 7137 6890 
3264 600 2340 6276 6276 5076 6156 6312 2448 5124 3708 3780 7356 564 3840 3900 4956 4680 3660 4692 3780 4836 3384 4740 4452 5808 4152 5568 5064 2892 3900 2316 3540 4272 2112 5004 5988 2304 4260 4200 4212 6732 4608 7296 3576 6576 2700 2748 2616 3336 6876 2796 5820 3072 2316 3168 996 3576 1320 4476 2928 2316 1644 5820 5628 3252 1824 4740 4248 6168 6804 4356 6792 684 2604 4104 1908 2832 2424 2964 4332 2220 3120 5568 5148 5124 3456 1764 6792 2700 4680 2796 2076 4548 3792 4308 2640 2904 2844 3252 4344 2520 5856 324 4056 6624 4200 2076 2412 3624 3972 4080 3336 2208 5364 2004 7236 3420 2652 3672 5460 3732 4740 6024 3852 852 7416 4428 4524 4812 6240 4044 6504 5988 6408 5712 3216 5520 6216 5004 1452 3240 3120 4128 6024 7080 516 6996 5100 4596 5892 5976 7200 3888 4116 1932 6144 6528 5268 3648 
9856 5782 7350 5082 11200 3794 11214 4312 8456 12040 10094 7994 10864 5642 1792 5950 4648 3920 2548 4214 10472 11074 3780 4032 6342 7434 6188 5810 11956 9408 7448 8680 5852 11046 4564 7504 7182 5880 10948 3696 4158 5558 3206 4900 6482 6244 5264 2856 3710 5418 9296 8036 4956 5348 4956 2394 5908 9982 7574 9352 5124 7084 6300 3906 9184 9842 6636 518 5432 9170 3178 1652 11466 6692 4032 7196 6174 8904 8708 8638 8246 3626 3010 8148 3584 9688 4228 6132 10458 4900 3556 9310 7070 7924 3220 10654 9030 9310 5670 5796 9478 4536 8582 6034 8904 7434 5656 5110 7322 3696 10668 6916 4676 6426 1932 4368 11578 3486 3094 10304 672 9254 10472 8470 7854 5586 5460 1498 1106 784 8708 10668 10948 2646 8960 5040 9338 10164 9226 8652 5740 9786 3178 8862 6090 5390 6006 4928 5964 7308 3528 11088 4578 8638 1680 7826 8890 3290 8932 1792 
7205 4158 4521 1430 6699 264 6776 1177 6864 8910 8019 4422 6017 4587 3168 2530 1001 550 3817 5522 7700 7359 4664 5412 2629 3212 6567 1859 8998 6853 3861 6688 2607 8151 2728 3487 2959 5621 8404 4983 5302 1859 418 2068 3124 2222 5390 3036 2233 2387 4675 6963 1210 2486 2717 2453 4004 6886 5775 5511 2431 4279 5577 715 4884 7359 4125 2607 1936 4719 1980 1595 6776 5247 2233 3542 5621 7216 6831 5544 4444 3652 1903 3927 121 5588 1617 3762 5775 5148 363 7007 4389 4048 4455 7216 6413 6556 5720 5973 5720 4785 4246 4433 5236 3113 2145 4994 4444 1309 7777 3289 1914 3751 1331 4323 6732 4455 3421 7403 2376 5786 6633 4103 4268 3916 2233 1694 3157 3102 4257 8239 6347 1342 4455 1243 6270 5918 4752 4576 5126 7029 3993 5159 2068 1991 4323 1815 6765 3443 814 6710 1980 5027 1771 6380 4455 1584 4763 2585 
4380 3165 750 6975 4215 6105 4095 7515 5640 6405 6480 1200 5640 4335 7200 3105 5400 5550 7395 9210 4980 3750 7515 9225 3495 4785 8865 5460 6735 4020 1785 4710 2805 5505 3435 3465 5205 6555 6360 8505 8625 7395 5940 8715 2235 6735 7005 5835 4335 3015 5475 6690 6390 2880 3000 5865 2640 3375 3930 1965 3000 840 5700 7020 3540 4875 1470 7800 3960 4395 8955 6690 4815 4110 3990 2310 6060 5970 5130 1395 1935 5670 5085 3945 6330 2715 4155 1875 4905 6960 5790 4620 1080 2460 7860 3615 3270 3285 7215 7740 1935 6630 4185 3300 1425 6090 3720 6210 645 4710 4920 2505 3690 1440 7545 5850 5370 7470 6015 4365 8340 1635 2910 4500 1410 3060 8565 6855 7920 8160 4740 6255 4455 7995 4890 6180 2475 3225 4440 2790 5505 3975 6915 1485 5955 8055 3075 8205 9990 2970 7365 3900 8745 1200 6540 5280 4500 8445 3075 6600 
1210 2480 1610 6340 3500 5630 3310 6620 2650 2500 2820 2460 5080 2930 5580 3790 5240 5260 5510 6360 1570 1580 5300 6420 4090 4950 5650 5380 2720 1060 2940 1880 3550 1900 3400 4060 5240 4110 2550 5980 5960 6630 5420 7440 3240 6240 4590 4630 4020 3620 5270 3560 5930 3470 3260 4850 2340 570 1850 2280 3490 1830 3430 6260 3850 1610 1950 6200 4330 4490 7430 5650 4040 2360 3850 3300 3700 2770 2190 860 2900 4300 4530 4330 5750 2890 4230 2300 4580 4650 5370 1570 1700 3330 5640 1110 620 490 4620 4940 1990 4550 4440 2370 2070 5820 4180 4120 1700 4550 1510 3440 3960 2290 6360 4150 4570 5330 4630 1140 6700 1310 1800 4680 2630 2580 7390 5740 6130 6340 4820 2520 3950 6760 4890 5800 290 3110 4520 3420 3500 910 5070 2200 5720 7060 2330 7120 6550 3740 6440 3160 7440 2080 5490 2630 4620 7120 3560 5310 
9648 6204 6816 2244 9120 2064 9228 1404 9036 11532 10368 6720 8124 6504 4020 4632 2820 2496 4776 6420 10188 9936 5820 6264 4680 5016 7956 3468 11592 9264 6096 8964 4752 10692 4704 5544 4656 7308 10884 5928 6312 2460 2184 1452 5304 3300 6912 4392 4056 4512 6540 8976 2448 4608 4788 3756 6120 9384 7968 7896 4536 6552 7428 1476 7068 9780 6348 2988 3960 6768 300 2472 9156 7320 4152 5724 7416 9432 9084 7932 6708 5136 3528 5940 1872 7944 3624 5940 7932 6624 2280 9372 6660 6240 5436 9768 8808 8976 7272 7476 8136 6252 6252 6504 7608 4572 4188 6612 6744 3228 10296 5448 3972 5964 1416 5880 9036 5568 4764 9900 2244 8220 9144 6048 6540 5964 1992 2460 3684 3468 6192 10680 8688 684 6384 2604 8712 8280 6804 6792 6936 9480 5184 7524 3468 2076 6408 1620 7896 5556 1092 9156 1152 7392 2748 8496 6456 180 6972 3588 
4134 4524 2418 7267 1989 6786 1807 7878 5980 5317 6279 1742 4043 5473 8125 4017 6045 6331 8294 9815 4485 2119 8359 9854 4121 4719 9360 5811 5785 3991 2457 5018 3887 4784 4836 3575 5187 7332 5824 9230 9308 7540 6773 8853 3276 6799 7800 6929 5603 4186 4602 7072 6786 4160 4433 6955 4108 2847 4680 559 4316 2587 6526 7527 2678 4680 3120 8606 4771 3562 9321 7592 2652 5083 5278 2912 6851 6175 5408 1781 1924 6786 6227 3666 7007 1209 5265 3510 3406 7787 6578 4667 2730 2561 8671 2457 3419 3250 7943 8385 221 7540 3666 4576 793 5889 4524 7124 2392 5785 4290 3198 4849 3120 8242 6890 3315 8333 7098 3861 9022 936 962 4030 1950 4485 8619 7735 8736 8944 4147 5824 2509 8541 4173 6591 2249 1430 3588 2314 6435 3731 7865 884 6149 8177 4420 8385 10413 3302 7865 1612 8931 1027 7475 5824 3809 8840 2366 7579 
9816 6684 6708 1044 8124 2160 8280 1020 9684 11628 10896 6168 6696 7236 5544 4140 2376 2544 6288 8076 10356 9540 7272 7932 3936 3720 9384 2376 11796 9456 5484 9408 4392 10824 5124 4548 3288 8412 11232 7524 7896 804 2724 672 4848 1668 8148 5556 4668 4308 5040 9852 1524 4500 5004 4908 6468 9300 8436 7236 4536 6444 8352 1512 5964 10056 6396 4680 3468 5484 2280 3804 8016 7920 4632 5040 8412 10068 9600 7740 5976 6252 4356 4776 2148 7092 3792 6048 6624 7872 2580 9696 6624 5412 6972 9516 8916 9036 8508 8772 7548 7488 5016 6996 7044 2964 3660 7728 6600 3600 10392 4788 3996 5928 2988 6984 7764 7032 5976 9972 4092 7824 8604 4740 5952 6420 216 3864 5364 5208 4824 11064 7548 2364 4992 1692 8580 7368 5508 5856 7872 9588 6564 6924 2124 192 6852 408 9504 4704 1656 8256 948 6840 4056 9168 5148 1920 5976 4968 
3300 1176 780 5496 4728 4524 4632 5736 3576 5148 4536 2160 5724 2124 4596 2640 4140 4080 4668 6036 3840 3840 4680 6060 3144 4428 5748 4512 5268 2928 2304 3036 2292 4320 1776 3516 4668 3924 4716 5484 5568 5892 4224 6732 2148 5556 4248 3468 2532 2244 5328 4236 5016 2016 1620 3612 768 2988 2172 2916 1980 696 3276 5280 4008 3528 204 5220 3168 4572 6612 4488 5208 2076 2316 2568 3540 3912 3300 1764 2712 3252 3144 4032 4644 3528 2808 468 5160 4212 4176 3192 504 2952 4980 3492 2412 2568 4428 4848 2856 3960 4296 1308 2484 5352 3048 3612 828 3168 3900 2604 2532 696 5328 3336 5628 4656 3564 3504 5760 2388 3444 4488 2232 1116 6732 4596 5220 5448 4716 4572 4896 5808 4860 4872 2376 3936 4620 3384 3072 3084 4236 2544 4956 6348 1116 6372 6636 3096 5472 4464 6696 2304 4308 3192 4584 6252 3648 4188 
4608 4944 2988 6816 996 6540 852 7440 6360 5556 6612 1992 3036 5844 8112 3972 5796 6132 8328 9804 4896 2436 8448 9816 3948 4236 9444 5424 6024 4500 2532 5472 3936 5136 5064 3264 4680 7584 6132 9240 9336 7008 6588 8292 3360 6264 7992 7044 5724 4260 3816 7380 6396 4272 4656 7008 4536 3384 5172 864 4440 3096 6840 7164 2088 5124 3612 8472 4632 2880 8880 7476 1608 5520 5424 2880 7152 6540 5832 2496 1896 6960 6276 3180 6744 708 5280 3924 2484 7968 6396 5124 3264 2388 8712 2904 3984 3816 8136 8556 960 7728 3096 5016 1284 5280 4404 7356 2940 5760 4692 3144 4884 3516 7992 7116 2244 8400 7224 4308 8784 1716 1344 3432 2124 4884 8028 7608 8652 8820 3504 6156 1512 8196 3468 6216 2892 624 2880 1956 6744 4236 7956 1272 5700 7608 4860 7848 10392 3108 7512 696 8400 1500 7404 6228 3156 8424 1908 7584 
7524 4140 5760 5124 9360 3852 9336 4584 6132 9360 7536 6564 9408 3828 432 5112 4440 3816 912 2484 8028 8856 1956 2340 5544 6660 4044 5448 9240 7152 6204 6408 4932 8508 3456 6516 6540 3804 8328 1968 2352 5580 3240 5244 5424 6024 3240 1572 2820 4548 8232 5676 4920 4416 3876 1524 4356 7776 5508 7668 4200 5556 4224 4164 7848 7452 5100 972 4812 7968 3912 1848 9672 4728 3132 6072 4080 6492 6396 6780 6876 2052 2352 7116 3720 8064 3636 4704 9000 2940 3540 6996 5496 6696 1500 8424 6888 7152 3588 3684 7728 2640 7488 4308 7248 6864 4968 3168 5748 3252 8232 5868 3960 5028 2616 2580 9852 1704 1608 7944 1812 7404 8460 7452 6480 4032 5676 1752 324 636 7668 8076 9264 3336 7884 4932 7296 8484 8016 7320 3756 7500 1476 7248 5772 5544 4332 5196 3948 6276 3924 9204 5004 7032 1668 5592 7776 3936 7584 984 
8359 5980 4940 2873 5148 3432 5356 3757 9048 10075 10049 3705 3549 6929 7033 2405 2587 3263 7657 9672 8879 7254 8398 9594 1807 429 10361 1547 10400 8034 3029 8437 2795 9334 4667 1599 234 8723 10062 9009 9308 2873 3926 4394 2834 1924 8749 6370 4758 3055 1820 9659 2600 3341 4238 5863 5564 7436 7540 4576 3549 4719 8307 3705 2808 8762 4966 6708 2236 2197 5603 5434 4979 7306 4485 2561 8502 9412 8749 5746 3250 6825 4927 1534 3653 4212 3536 4797 3432 8554 3601 8489 5005 2613 8346 7423 7384 7410 9087 9477 4979 8151 1729 6292 4511 741 2184 8112 4810 3835 8827 2418 3354 4407 5317 7449 4680 8203 6773 8346 6552 5525 6110 1404 3458 5720 3952 5577 7254 7254 1495 9958 4472 5135 1690 2457 6656 4433 2236 2873 7891 8021 7631 4342 1508 3536 6084 3926 10933 1989 4160 5356 4602 4355 5551 8606 1833 5083 2912 6292 
6576 4368 6324 8076 10284 6720 10176 7680 4476 8088 5712 7644 11076 3468 3192 6996 7080 6528 2436 1284 6936 8748 1428 1464 7548 8880 780 8028 7776 6288 7572 5172 6696 7332 4872 8376 8880 1932 6744 1404 1032 8544 6084 8436 7008 8808 1344 3264 4680 6360 10260 3528 7764 6132 5328 3852 4800 7332 4668 8472 5904 6240 2748 7200 9360 6288 5736 4248 6996 9744 7188 4896 10764 4008 4944 7644 2436 4716 4980 6996 8136 2772 4620 8988 6648 9084 5820 5496 10560 1344 6324 5856 6048 8196 1776 8136 6312 6600 1332 1020 8376 1632 9336 4296 8040 9372 7068 1956 6384 5628 7224 7524 5976 5964 5832 2292 11148 1668 2856 7104 5088 7776 8760 9408 7668 4464 8820 4848 3588 3852 9636 6480 10440 6564 9840 7728 7140 9492 9792 8748 2640 6720 2148 8112 8424 8628 4452 8340 1080 8028 7044 10008 8208 7872 4644 4092 9636 7176 9024 3732 
5278 2254 1708 4970 5432 3934 5404 5320 5558 7392 6748 2170 5936 3332 5012 1638 3402 3402 5334 7238 5908 5376 5684 7224 2268 3836 7364 3794 7574 4858 1876 4998 1232 6454 1470 2926 4060 5390 6972 6538 6734 5418 3696 6468 1246 5012 5586 3808 2212 1148 5124 6188 4410 910 952 3710 1778 4732 3948 3472 938 1386 4802 4816 3948 5586 1288 5432 2226 4396 6510 4354 5838 3654 1862 1946 5054 5964 5292 3010 2604 3878 2884 3598 4116 3920 2002 980 5348 5446 3584 5194 1554 2590 5880 5152 4228 4368 5880 6342 3584 5068 3976 2562 3010 4830 2100 4844 1610 2506 5950 1848 1596 742 5152 4298 6146 5572 4088 5460 5894 3430 4606 4116 2100 1988 6426 4508 5614 5824 4382 6804 5390 5600 4592 4228 3934 4424 4452 3248 4424 4998 4998 2982 4312 5978 2338 6020 8232 2464 5082 5250 6454 2744 4228 5054 4326 6048 3570 4368 
6578 3575 5159 5082 8558 3883 8536 4631 5203 8239 6490 5995 8745 3190 495 4807 4367 3806 330 1848 7029 7931 1276 1749 5236 6325 3190 5291 8107 6237 5720 5511 4620 7458 3135 6116 6237 3003 7249 1331 1683 5511 3311 5280 5038 5863 2464 1309 2629 4268 7733 4741 4862 4125 3542 1485 3806 6875 4719 6974 3916 4983 3432 4224 7271 6490 4554 1397 4598 7436 4081 2079 8877 3993 2926 5643 3289 5533 5467 6061 6325 1573 2299 6666 3784 7381 3498 4202 8349 2189 3575 6061 4906 6204 869 7513 6039 6281 2783 2860 6996 1947 7007 3696 6589 6578 4730 2442 5159 3179 7227 5467 3762 4543 2871 1958 9086 1045 1210 6985 2178 6655 7634 6996 5951 3498 5643 2013 814 1089 7194 7018 8514 3531 7392 4873 6479 7766 7480 6776 3025 6578 880 6600 5599 5511 3740 5214 3146 5863 4026 8404 5060 6391 1881 4719 7271 4092 7018 1111 
5654 3894 2783 3234 3366 3157 3487 3850 6358 7095 7128 1705 2805 4763 5511 1144 2420 2838 5929 7568 6094 4752 6391 7524 770 1067 7876 1958 7370 5390 1122 5786 1375 6468 3047 165 1408 6358 7106 6996 7205 3410 3355 4587 1144 2750 6479 4752 3344 1705 1903 6952 2860 1892 2629 4455 3509 4862 5071 2530 2101 2618 5907 3641 1496 6006 2893 5489 1496 1485 5269 4444 3399 4950 3058 748 6116 6644 6061 3432 1375 4994 3663 726 3355 2365 2486 2816 2464 6347 3113 5797 2871 836 6446 4862 4840 4851 6732 7084 2849 6028 1056 4125 2420 2046 1309 5907 2673 2871 6039 693 2178 2442 4653 5423 3366 6270 5049 5632 5566 3256 3817 1111 1507 3696 4345 4576 5830 5907 1320 7018 2970 4708 1496 2706 4202 2640 1529 1243 5621 5357 5786 2288 2211 3960 3949 4191 8481 253 3993 3443 4697 2277 4466 6006 1331 4829 1397 4917 
9000 5484 6420 3036 9204 2244 9276 2280 8148 10896 9516 6612 8544 5628 2820 4620 3060 2532 3564 5160 9540 9612 4620 5004 4812 5460 6744 3960 10908 8616 6048 8184 4644 10044 4116 5760 5172 6228 10116 4680 5064 3384 1992 2664 5220 4092 5772 3360 3384 4332 7056 7968 3060 4356 4308 2760 5472 8892 7188 7800 4224 6156 6432 2052 7284 9072 5868 1740 4032 7116 1188 1500 9336 6492 3564 5736 6384 8544 8268 7548 6708 4104 2796 6252 2028 7968 3324 5448 8268 5484 2232 8640 6216 6312 4212 9360 8208 8412 6144 6312 7992 5124 6600 5760 7464 5244 4248 5532 6360 2856 9672 5472 3720 5568 588 4824 9312 4368 3696 9312 984 7944 8940 6456 6456 5268 3168 1440 2424 2208 6624 9912 8868 768 6828 3168 8268 8340 7164 6912 5928 8880 4008 7404 4092 3156 5688 2724 6648 5688 1656 9192 2376 7236 1752 7596 6840 1272 7128 2484 
2379 2704 1209 7345 4199 6461 4004 7735 3796 4147 4303 2379 5980 3484 6669 4030 5928 5967 6656 7943 2886 2457 6513 7995 4420 5564 7254 6097 4420 2093 2964 2873 3718 3354 3666 4420 5941 5226 4108 7397 7423 7735 6214 8788 3315 7215 5759 5434 4472 3822 6071 4862 6825 3640 3432 5642 2418 1586 2470 2392 3679 1508 4381 7267 4290 2821 1729 7384 4732 5096 8827 6591 4862 2925 4238 3419 4719 4017 3263 416 2977 5083 5148 4810 6617 3198 4654 2197 5343 5785 6123 2665 1365 3510 6916 2041 1443 1430 5850 6292 2106 5603 4979 2639 2028 6695 4537 5109 1313 5083 2847 3588 4290 2119 7475 5018 5473 6526 5486 2379 7982 1274 2275 5278 2587 2769 8723 6721 7358 7618 5473 4030 4654 7969 5577 6643 845 3549 5135 3692 4355 2028 6136 2184 6539 8281 2535 8372 8359 3991 7514 3809 8788 1989 6409 3614 5226 8411 3900 6253 
6482 2604 3290 4088 7028 2702 7028 4158 6104 8666 7518 3780 7112 3318 3500 2114 2562 2226 3976 6062 7112 7014 4592 6006 2716 4242 6678 3430 8764 6034 3304 5810 1848 7686 770 3780 4270 5012 7994 5334 5614 4620 2240 5306 2394 4536 4956 2464 672 1400 5908 6384 3556 1218 826 2156 2394 6188 4662 5138 966 2982 4704 3584 5222 6664 2660 3766 2072 5446 5012 2660 7350 4046 336 3150 4858 6552 6020 4606 4102 2856 1218 4494 2814 5516 798 2156 6594 4732 2254 6202 3052 3878 4634 6720 5488 5698 5320 5740 5278 4284 4914 2968 4690 4886 2142 4298 3220 1022 7224 2926 868 2296 3528 3542 7560 4424 2870 6776 4200 5110 6300 4942 3668 2296 5418 2814 4018 4186 5208 7784 6860 4074 5446 3444 5446 5992 5516 4606 4200 6272 3808 4648 3948 5026 2814 4928 7308 3430 3738 6888 5222 4424 2534 5502 5264 4606 4914 2786 
5240 2350 3640 3850 6670 2720 6650 3570 4290 6800 5450 4340 6830 2230 800 3260 3030 2560 1090 2630 5680 6240 1700 2570 3660 4690 3410 3840 6740 4920 4070 4400 3070 6080 1740 4440 4640 2680 6020 2120 2360 4250 2190 4270 3450 4460 2380 260 1270 2760 5940 4100 3580 2620 2100 330 2490 5370 3610 5240 2430 3470 2820 3160 5480 5230 3100 1430 3110 5640 3460 1350 6950 2980 1530 4000 2780 4610 4430 4510 4620 880 1020 4950 2670 5600 2100 2770 6460 2150 2390 4850 3420 4520 1610 5900 4670 4870 2680 2890 5280 1820 5260 2520 4900 4990 3210 2090 3640 1860 5830 3840 2320 3040 2230 1490 7130 1530 570 5570 2060 5010 5900 5260 4290 2230 4530 1360 1310 1510 5450 5830 6620 2830 5620 3560 4950 5950 5690 5030 2400 5200 1090 4900 4160 4350 2510 4140 3650 4210 3070 6540 4110 4720 1120 3830 5500 3340 5250 520 
6620 3950 5420 5080 8510 4040 8480 4600 5250 8090 6410 6180 8640 3540 1080 5060 4530 4010 910 1410 7010 7910 1450 1270 5430 6380 2950 5380 7950 6320 5920 5600 4890 7400 3580 6240 6280 3150 7140 1110 1440 5450 3530 5100 5290 5840 2600 1920 3100 4580 7680 4740 4920 4450 3950 2040 4180 6940 4910 7070 4270 5260 3630 4260 7320 6500 4870 1510 4830 7450 3890 2360 8800 4260 3370 5830 3460 5540 5540 6230 6470 2120 2760 6740 3920 7440 3840 4550 8290 2360 3780 6120 5190 6360 980 7520 6160 6380 2840 2830 7100 2210 7050 4050 6720 6560 4960 2710 5420 3530 7200 5670 4100 4860 2920 2360 8980 1280 1810 7000 2100 6780 7660 7030 6130 3900 5470 2270 940 1070 7210 6930 8460 3480 7380 4940 6590 7790 7490 6870 3290 6630 1370 6730 5640 5390 4090 5080 2660 6020 4040 8370 4870 6540 2220 4830 7290 3960 7090 1630 
2250 740 1200 5200 4440 4310 4320 5340 2230 3830 3070 2460 5450 1290 3840 2930 4070 3950 3770 4720 2710 3240 3620 4760 3350 4440 4260 4450 3870 1930 2650 1820 2630 3120 1860 3680 4630 2700 3320 4300 4320 5550 4000 6170 2540 5320 3070 2890 2430 2550 5180 2800 4810 2350 1870 3150 690 2280 1070 2940 2280 1240 2100 4950 4030 2360 920 4490 3330 4530 5940 4020 4880 1030 2320 2890 2350 2520 2030 1650 2940 2560 2920 4100 4400 3500 2890 1050 4970 3080 4000 2040 1010 3190 3940 2840 1590 1780 3170 3510 2810 2920 4320 640 2590 5200 3250 2550 1280 3130 2810 2920 2710 1330 4800 2470 5280 3640 2890 2510 5030 2290 3130 4490 2550 870 6210 4100 4390 4610 4670 3180 4660 5260 4790 4690 1900 3830 4570 3520 2010 2150 3350 2670 4820 5910 590 5890 5070 3330 5070 4170 6120 2480 3850 1910 4550 5670 3720 3590 
7120 4290 4730 1420 6720 820 6800 880 6700 8680 7780 4670 6020 4600 2900 2940 1490 1140 3530 5020 7570 7330 4360 4900 3020 3440 6130 2170 8750 6800 4150 6590 3020 7980 3020 3770 3180 5410 8180 4560 4870 1750 880 1510 3490 2280 5140 2990 2500 2810 4760 6720 1410 2890 3060 2440 4190 6870 5760 5650 2830 4510 5440 580 5050 7250 4350 2210 2390 4860 1150 1470 6780 5250 2550 3860 5460 7030 6710 5670 4680 3600 2110 4150 640 5720 2080 4010 5830 4910 960 6910 4600 4310 4100 7190 6410 6550 5450 5650 5850 4590 4430 4540 5410 3230 2580 4830 4670 1760 7650 3640 2370 4020 840 4220 6720 4160 3330 7320 1820 5900 6680 4280 4530 4080 1800 1510 2770 2660 4420 8020 6390 600 4590 1490 6310 6010 4890 4790 5030 6970 3770 5340 2270 1670 4450 1400 6200 3760 320 6740 1360 5220 1680 6250 4610 810 4950 2440 
4848 2304 1716 3948 4560 3132 4560 4284 5148 6636 6156 1788 4824 3216 4416 1020 2616 2688 4740 6432 5388 4776 5112 6408 1560 2904 6624 2892 6816 4500 1404 4656 672 5844 1440 2148 3096 4956 6324 5820 6012 4320 2988 5268 732 3936 5112 3432 1980 672 4044 5688 3456 540 972 3276 1908 4320 3768 2952 672 1452 4488 3876 3132 5136 1464 4692 1560 3468 5400 3696 4860 3516 1668 1368 4692 5496 4920 2796 2064 3564 2496 2748 3300 3264 1560 1212 4332 4968 2868 4812 1644 1968 5244 4620 3948 4056 5364 5760 3108 4632 3072 2580 2592 3756 1428 4476 1620 2028 5412 1260 1188 948 4296 3972 5076 5004 3708 4980 5016 3072 4032 3192 1680 2064 5208 3828 4896 5052 3420 6192 4452 4632 3600 3300 3612 3684 3516 2568 4152 4596 4488 2544 3324 4812 2388 4872 7332 1776 4128 4440 5268 2364 3612 4716 3384 4980 2832 3828 
7518 7406 5180 7798 1246 7910 1596 8680 9478 8568 9842 3556 1638 8512 10584 5180 6958 7518 10976 12880 7840 4858 11312 12866 4858 4466 12740 6202 9128 7378 3794 8456 5292 8106 7098 3752 4970 10612 9296 12180 12362 7882 8162 9492 4690 6888 10990 9450 7742 5740 3220 10598 7406 5866 6566 9240 6902 6076 8008 2800 6118 5222 9800 8484 1974 8106 5810 10766 5782 2422 10556 9478 616 8288 7364 3948 10136 9702 8876 4928 3038 9520 8288 3290 8162 1960 6888 6062 1218 10920 7868 8092 5488 3206 11522 5488 6748 6580 11214 11704 3122 10584 2954 7560 3248 5474 5530 10248 5096 7434 7602 4214 6454 5530 9828 9828 532 11214 9730 7168 10948 4074 3668 3276 3556 7266 9058 9646 11102 11242 3206 9324 364 9884 3052 7210 5502 1554 2394 2478 9618 7070 10640 3122 6356 8596 7350 8974 13748 3850 8946 1764 9688 3388 9450 9254 2814 9996 2198 9884 
2464 3878 4830 10556 8582 9184 8330 10626 476 3808 1162 6552 10598 3388 7182 7504 8988 8722 6692 6958 2660 5586 5852 7112 8106 9604 5208 9618 3430 2338 7000 1064 7098 3010 5698 8498 9898 3514 2226 6664 6440 11074 8638 11774 6958 10822 4340 6104 6314 6958 10514 1652 10024 6664 5880 6748 4186 3822 1904 6734 6538 4998 2730 10052 8722 1918 4662 8428 8050 9534 11130 8218 9324 2450 6300 7378 2996 196 644 4592 7238 5306 6860 9058 9268 7602 7266 4886 9912 4592 8722 1596 4676 7700 6482 4760 2814 3066 4144 4452 6384 4732 9310 3514 6356 10682 7952 4032 4970 7490 3024 7448 7084 5264 9422 4606 10038 6034 5824 3080 9352 5446 6188 9590 6734 4200 11914 8274 7994 8344 9828 1918 9156 10192 9968 9870 4102 7966 9576 8036 3234 2814 5978 6510 10136 11508 3696 11424 6580 8008 10136 8106 11662 6286 7910 1106 9618 10836 8288 7196 
8724 5520 5676 600 7512 972 7644 360 8508 10560 9732 5304 6408 6048 4476 3216 1344 1368 5208 7032 9264 8628 6156 6912 3132 3312 8256 1776 10692 8352 4632 8256 3408 9744 3948 3912 2940 7236 10104 6468 6828 1008 1548 1308 3924 1656 6984 4404 3480 3264 4824 8664 744 3432 3864 3768 5316 8268 7272 6432 3444 5400 7164 408 5412 8940 5316 3732 2520 5076 2016 2736 7512 6744 3456 4224 7224 8892 8448 6744 5196 5088 3168 4272 960 6396 2640 4944 6240 6720 1392 8568 5568 4680 5904 8556 7836 7968 7344 7620 6720 6324 4572 5832 6192 2880 2736 6552 5580 2424 9324 3960 2880 4860 2112 5820 7356 5928 4824 8904 3288 6900 7752 4356 5100 5256 1368 2820 4392 4272 4488 9936 7032 1692 4680 912 7572 6708 5112 5196 6684 8508 5436 6084 1764 1068 5688 948 8424 3984 768 7596 1332 5976 2964 7980 4764 1536 5364 3864 
5522 5071 3377 5346 1309 5357 1518 6006 6886 6545 7304 2024 1375 5951 7458 3190 4620 5049 7777 9295 5841 3718 8063 9284 2959 2761 9262 4070 6941 5368 2134 6127 3289 6094 4741 2112 3168 7601 6974 8745 8899 5434 5555 6688 2816 4675 7876 6567 5214 3641 2057 7722 5005 3740 4312 6402 4664 4455 5676 1694 3938 3377 6996 5841 715 5973 3828 7579 3674 1254 7469 6567 1199 5841 4928 2233 7260 7095 6457 3355 1562 6655 5643 1793 5566 1034 4543 3982 836 7810 5324 5907 3597 1650 8217 4103 4851 4741 8063 8437 2035 7535 1584 5203 1969 3630 3476 7282 3289 4972 5687 2431 4202 3564 6853 6930 1232 7986 6809 5313 7722 2761 2706 1870 1991 4939 6369 6699 7854 7964 1870 6963 770 6919 1804 4851 3916 913 1243 1078 6820 5181 7524 1837 4224 5995 5038 6281 10021 2156 6193 1562 6820 2024 6556 6677 1551 7029 847 6897 
233 528 132 631 74 601 609 463 341 402 162 601 469 532 91 87 601 301 738 454 451 596 776 499 132 407 249 741 183 622 457 436 665 499 381 105 146 655 279 733 270 219 590 766 152 566 612 407 233 439 538 647 80 718 649 255 700 675 456 352 677 591 380 732 533 625 394 433 746 505 445 163 723 240 387 656 794 327 201 381 709 370 216 741 418 137 539 561 482 589 140 444 98 51 442 799 429 195 240 585 77 564 343 393 304 387 782 594 777 357 485 108 231 747 338 261 512 610 809 417 426 360 196 136 402 100 273 844 449 413 463 814 419 123 477 348 282 618 636 630 711 476 245 608 509 437 669 564 17 897 427 602 493 501 598 728 292 188 879 568 590 363 700 802 119 563 546 358 371 441 372 621 525 825 316 388 715 548 591 366 364 319 607 538 717 271 650 632 95 770 429 394 638 416 178 284 533 198 383 689 201 699 540 316 222 792 548 127 559 483 631 502 39 515 527 362 337 382 651 326 303 614 796 807 689 232 628 303 77 197 119 242 586 590 597 108 587 668 351 622 446 617 267 494 217 433 355 532 405 523 242 503 377 172 552 205 458 636 682 525 201 458 421 227 113 426 573 600 348 305 566 94 86 183 334 281 404 474 314 639 573 627 761 462 566 303 173 782 37 589 515 665 490 71 183 757 613 215 506 477 739 453 541 126 583 198 99 161 48 598 432 285 576 380 455 629 549 335 294 176 262 517 674 550 83 413 431 408 399 360 633 260 780 535 854 499 303 807 150 460 447 129 114 185 655 135 393 598 518 160 849 404 531 371 674 669 492 495 607 450 117 603 454 549 324 294 662 563 324 574 182 410 267 140 703 493 756 337 550 265 389 196 501 400 208 362 197 147 683 468 550 100 497 449 42 197 412 659 41 409 
281 238 426 358 359 361 314 413 227 108 323 322 496 458 306 256 399 299 490 235 235 458 482 421 219 275 214 485 276 371 266 258 503 280 227 296 310 408 364 504 51 184 301 502 152 302 365 139 68 147 264 457 319 437 363 286 406 382 176 110 384 355 129 500 247 557 261 415 476 348 334 268 437 311 118 365 518 327 243 161 478 219 232 493 195 158 314 377 320 411 192 155 392 334 333 516 314 300 207 320 276 399 131 105 72 119 508 334 517 233 206 187 301 481 417 143 353 316 554 373 173 172 116 290 356 208 194 561 309 284 454 542 139 295 234 291 66 337 349 394 447 182 157 353 216 157 389 322 281 621 231 307 234 207 315 499 38 362 601 366 315 212 406 531 386 381 317 175 185 460 193 374 343 563 241 154 467 403 339 169 248 257 364 314 500 40 369 514 249 477 206 425 436 123 229 149 541 231 112 401 244 436 273 50 362 531 285 234 345 210 460 290 331 297 366 92 273 453 371 393 300 499 509 543 450 67 469 11 246 297 211 174 297 513 515 400 377 475 186 468 430 460 177 354 288 348 385 269 125 331 230 272 374 302 388 382 184 357 419 542 110 272 134 209 300 195 554 309 245 183 278 319 209 336 40 288 188 181 119 357 311 418 484 438 282 213 246 513 269 582 287 372 258 307 173 485 414 78 423 360 446 466 464 400 380 307 261 272 250 507 255 9 363 407 191 519 451 113 324 376 390 251 487 265 341 166 302 152 220 207 370 135 490 339 576 516 249 553 216 167 411 173 305 172 508 161 138 417 271 134 584 192 345 89 380 381 219 243 342 185 350 391 258 541 286 95 433 457 49 299 118 172 237 432 429 217 486 408 259 106 235 253 221 265 176 82 151 258 398 447 490 203 358 158 261 106 275 451 315 143 
374 366 379 500 341 338 413 259 85 238 208 362 333 314 227 280 335 136 475 191 188 346 560 278 270 150 57 480 149 362 428 419 407 234 115 324 202 392 211 466 194 52 366 509 131 454 522 298 174 281 298 620 327 477 492 131 503 463 323 273 494 327 292 466 381 415 414 255 493 245 200 152 489 163 167 435 544 163 329 324 443 374 90 478 159 184 476 540 219 574 247 293 355 284 198 557 466 371 318 470 293 561 292 199 103 278 531 340 519 382 352 175 155 491 259 19 251 420 547 217 182 97 102 187 199 230 322 601 466 438 294 562 204 200 221 425 216 472 407 365 455 297 278 351 313 306 524 302 249 645 393 408 244 326 365 461 127 241 631 302 348 366 501 548 310 299 479 94 106 297 106 530 260 565 83 318 452 293 332 329 396 389 521 476 450 184 410 392 278 552 369 261 372 255 307 25 381 99 271 526 109 442 424 134 227 533 438 282 292 247 371 453 292 460 527 154 408 291 508 234 137 375 561 549 424 171 371 173 263 164 147 291 364 373 377 349 320 638 84 366 270 360 305 239 145 203 222 283 278 256 76 241 211 362 292 258 336 396 426 380 196 435 216 64 209 170 398 431 98 39 344 335 190 391 177 399 351 305 274 402 320 581 514 280 337 55 318 528 229 425 251 479 420 314 257 505 577 145 281 231 522 304 322 328 543 378 291 334 219 372 165 157 525 244 215 394 318 99 163 264 247 403 650 323 271 167 456 171 380 361 519 28 552 502 606 354 86 545 279 290 254 206 214 257 403 157 158 580 260 148 592 355 265 174 486 506 256 243 491 341 366 553 421 383 124 247 396 327 144 442 123 160 75 376 454 260 503 249 382 56 124 121 272 419 59 166 243 315 527 288 343 222 243 290 223 184 153 614 266 180 
755 379 851 469 806 136 296 465 419 404 670 174 594 433 699 722 190 524 31 280 284 318 261 424 692 373 510 8 610 110 614 626 274 239 372 765 668 81 619 99 525 524 223 48 582 492 557 475 543 399 216 717 780 132 407 558 305 246 437 515 343 147 504 89 401 472 669 511 64 301 381 619 163 595 360 218 110 525 720 547 87 632 551 30 314 617 584 679 305 707 665 409 825 756 383 156 714 777 678 491 740 717 549 376 435 476 94 142 48 659 437 629 593 44 628 473 296 313 77 473 310 374 539 656 469 670 656 181 690 685 532 109 338 670 255 734 532 428 192 114 44 357 628 124 316 441 445 169 716 187 594 303 244 359 193 97 458 695 182 205 172 629 295 93 781 241 579 377 365 570 367 559 258 93 458 528 33 309 141 573 673 707 564 585 132 516 149 367 717 250 552 575 178 403 707 450 585 565 473 405 571 46 476 434 668 62 491 707 197 267 249 596 762 590 702 386 718 631 445 608 523 368 185 80 70 542 276 474 708 618 617 644 229 442 433 822 185 723 389 286 517 278 640 329 593 417 565 207 450 246 526 231 524 779 275 707 455 152 60 598 585 625 348 528 680 305 550 368 424 439 237 784 649 812 440 754 557 373 560 162 165 663 105 507 220 454 723 76 697 581 221 330 551 767 650 74 676 541 416 365 245 564 430 799 650 784 729 749 684 415 321 482 626 567 286 383 392 398 556 722 668 476 741 234 743 322 695 330 608 625 512 473 210 641 162 588 478 76 692 376 485 637 684 649 305 604 345 706 214 582 121 564 250 387 327 398 258 238 495 477 816 642 606 561 487 549 107 379 430 449 556 323 507 848 89 261 67 617 367 467 365 582 262 668 531 394 628 733 420 513 465 663 329 396 691 578 366 683 737 334 
659 667 496 807 515 480 683 133 279 553 299 579 10 177 371 526 408 196 584 393 388 300 788 175 542 268 284 605 283 516 758 748 372 401 307 560 314 525 181 537 522 323 610 646 414 771 842 624 497 593 529 950 541 670 785 225 762 707 641 602 767 467 620 542 687 215 739 93 649 301 230 304 694 224 463 672 703 166 616 653 527 700 284 587 395 468 803 870 306 904 528 607 494 437 228 737 790 638 623 786 527 891 621 506 427 605 687 523 645 705 668 436 235 636 125 349 305 695 653 140 443 356 411 324 152 493 636 772 793 763 66 708 493 337 436 738 544 774 635 488 607 596 593 519 597 626 822 467 447 785 723 681 472 624 593 533 455 285 781 395 562 692 757 692 405 357 806 351 351 34 342 850 345 682 252 647 567 291 502 658 718 702 843 803 503 513 618 286 528 778 698 71 427 569 590 344 76 296 598 813 286 593 741 458 244 657 756 548 410 500 370 782 457 789 856 462 722 85 808 134 195 273 754 676 530 494 347 502 508 265 378 602 611 205 216 470 415 967 333 337 84 340 621 272 251 193 113 498 601 361 272 423 118 620 323 277 656 605 582 64 508 764 511 296 347 409 127 721 261 313 593 554 436 639 502 696 680 609 602 616 515 909 683 91 578 280 596 673 429 134 420 751 747 531 555 661 905 465 184 237 754 35 184 419 871 643 539 599 435 229 328 486 853 88 471 274 218 404 181 310 209 722 980 570 400 431 782 446 709 688 833 357 761 832 760 41 243 649 558 595 116 486 347 555 345 436 441 910 456 443 713 685 353 484 756 794 505 461 805 665 577 881 750 99 206 575 492 235 468 752 427 417 258 476 630 512 656 124 678 386 305 283 528 744 335 478 548 580 817 86 160 486 272 601 429 495 274 941 430 462 
653 266 776 362 724 115 188 458 367 297 610 62 587 443 629 632 207 480 138 220 225 344 204 424 598 336 449 120 550 80 501 513 325 193 320 674 605 96 576 190 425 456 110 124 499 381 448 364 447 289 115 607 692 80 304 507 216 152 325 407 246 126 394 181 289 503 557 497 97 290 360 555 104 544 267 119 142 488 619 436 167 521 489 139 244 528 472 567 284 595 571 298 747 680 363 155 602 677 574 381 651 604 440 275 348 366 130 68 141 548 324 545 540 103 596 400 287 205 183 453 225 307 456 591 446 581 550 198 577 573 525 163 240 603 183 624 430 321 84 124 72 245 525 71 204 330 343 123 636 245 482 194 160 246 80 187 366 639 228 204 64 519 207 152 713 247 467 311 300 558 305 451 246 186 408 418 122 318 88 463 563 599 454 472 212 417 43 404 626 193 440 553 216 294 608 379 591 502 364 308 509 67 364 342 616 155 379 613 182 170 287 483 684 477 589 293 609 607 342 574 480 400 166 164 133 446 313 375 620 561 541 542 116 465 459 747 189 614 326 321 506 312 535 319 537 398 536 120 341 229 467 175 498 681 282 653 342 40 54 601 489 512 246 464 613 233 565 259 376 376 124 695 566 715 341 649 445 261 453 53 83 553 110 500 108 398 625 133 619 597 173 232 438 680 553 106 565 449 418 354 175 555 441 730 538 685 638 652 603 442 277 386 514 542 196 419 406 317 514 664 623 363 631 123 672 239 583 243 497 514 405 399 171 528 203 587 428 183 596 265 474 547 617 551 351 519 258 594 146 496 204 452 240 290 230 298 161 160 387 364 726 531 493 571 444 445 152 396 336 338 471 244 451 775 51 161 107 585 255 387 316 521 159 556 460 298 530 638 321 507 478 575 320 285 611 484 328 574 661 243 
642 665 472 805 493 489 685 145 275 548 278 585 35 195 349 506 421 185 597 396 391 317 795 191 524 271 272 618 265 526 748 738 391 408 307 540 293 536 160 552 512 310 614 658 399 767 837 617 485 589 533 941 520 678 784 210 765 711 636 594 769 477 612 557 684 239 727 100 660 312 237 285 701 206 460 677 714 156 599 644 541 689 269 600 396 452 796 860 314 895 511 603 471 415 235 746 777 619 607 782 507 881 611 502 420 598 698 530 658 693 663 419 217 647 102 340 316 696 667 145 443 354 398 304 154 475 622 783 781 750 82 720 492 316 439 723 534 772 640 499 618 594 579 528 597 621 820 475 426 798 713 682 475 623 598 548 447 261 793 406 568 681 760 704 381 370 799 349 350 40 340 845 356 696 246 638 580 305 510 648 705 687 837 796 519 502 625 307 509 785 690 58 442 565 573 336 100 281 591 813 270 604 737 451 222 670 751 530 420 502 386 774 435 781 846 457 707 61 807 113 184 293 763 689 543 482 365 494 489 246 360 588 614 227 238 446 426 959 330 355 94 358 607 283 233 200 99 503 595 371 260 429 113 601 336 253 651 612 592 88 495 754 509 283 326 410 152 721 258 306 596 534 418 619 495 679 671 606 591 623 522 901 694 105 581 274 578 685 409 158 427 753 740 510 539 672 897 453 199 247 760 48 203 395 863 624 520 580 416 251 331 477 846 76 472 295 236 399 166 286 185 717 971 573 377 430 770 445 698 676 829 348 768 823 772 65 235 663 540 592 126 469 325 540 364 420 439 901 462 428 727 675 363 480 758 794 507 465 801 659 556 874 741 124 199 564 505 254 461 749 414 417 247 452 639 514 667 102 677 377 306 267 530 732 322 473 533 562 817 101 182 468 283 597 409 482 277 934 408 461 
755 351 877 424 826 179 258 523 458 398 705 162 652 496 728 735 251 567 99 312 317 383 195 484 701 418 544 68 645 145 589 604 343 278 410 777 701 131 663 168 528 553 200 35 602 455 515 460 551 386 219 676 796 75 359 598 250 196 417 506 291 192 492 158 371 540 651 567 7 355 433 651 104 635 370 175 46 571 722 533 157 617 584 97 341 631 551 645 356 672 675 394 849 781 435 87 694 780 676 452 754 684 539 379 450 465 31 160 56 645 412 647 632 25 677 499 351 274 99 526 327 404 558 688 521 684 651 116 667 666 590 60 343 701 280 722 532 385 158 168 49 342 627 151 299 425 395 204 738 144 573 266 260 337 175 167 469 733 131 261 167 615 240 48 811 300 545 407 396 627 399 517 311 90 498 514 101 370 170 560 659 698 522 552 202 520 122 435 729 184 532 628 243 394 711 478 647 598 463 352 605 63 443 445 708 64 456 716 247 273 316 567 785 560 672 396 707 683 398 656 566 435 115 66 136 549 343 479 723 654 641 644 206 508 499 848 241 681 421 353 573 345 637 384 630 470 615 221 438 297 561 264 576 785 335 745 434 130 77 660 593 600 349 560 711 330 614 328 464 471 218 798 668 818 444 749 540 356 553 136 181 623 35 565 207 490 728 30 720 645 258 280 523 783 656 5 637 552 476 420 183 622 493 829 613 788 741 755 705 481 362 489 589 619 299 451 456 418 600 758 712 446 698 223 772 340 674 345 591 611 467 498 142 609 107 648 518 100 699 361 541 650 715 654 374 622 361 670 241 598 102 546 304 394 276 348 264 259 453 456 829 603 582 625 530 547 171 443 439 411 574 344 544 875 54 265 5 666 336 488 404 616 262 650 559 401 633 741 368 571 529 678 384 381 713 588 411 640 761 346 
46 434 291 504 206 611 531 581 416 335 336 568 620 642 273 104 640 426 740 477 476 675 704 606 71 480 347 736 331 622 293 269 732 524 439 104 318 659 438 753 202 306 540 751 206 433 462 300 186 359 513 469 144 679 538 388 615 607 353 242 582 604 267 750 431 741 216 564 724 570 531 311 676 389 368 597 764 456 12 246 727 204 333 743 436 150 382 385 543 410 86 357 255 241 530 756 243 49 69 452 117 382 218 352 303 286 754 585 767 182 377 176 378 730 501 315 576 527 805 535 422 396 229 301 518 120 108 801 267 231 599 788 389 293 483 157 198 502 588 644 697 404 108 604 445 337 548 571 195 866 270 523 485 420 558 748 274 369 844 606 563 198 618 779 309 615 390 396 409 587 414 471 576 813 408 261 717 622 589 223 185 131 456 381 747 211 613 723 97 700 286 542 678 343 24 336 679 318 284 578 327 687 413 296 395 781 416 67 589 460 692 342 224 356 346 342 148 544 529 483 428 707 745 792 700 188 696 253 117 351 235 94 536 701 706 280 620 490 399 693 578 686 112 568 362 532 500 520 311 566 351 519 510 60 615 388 348 602 670 674 146 291 381 328 288 439 709 501 429 369 518 133 178 92 287 89 262 395 192 600 562 456 729 592 525 385 18 761 203 731 534 574 343 141 78 733 440 198 610 562 669 597 650 314 413 57 93 40 189 703 480 245 411 525 441 725 648 347 433 363 435 391 495 509 275 414 248 401 238 197 495 309 722 366 819 648 403 803 55 384 570 129 291 80 731 180 387 419 521 183 833 259 579 339 583 559 469 493 473 332 149 435 292 690 435 189 682 658 298 453 208 417 372 310 677 467 734 496 457 296 448 329 468 223 293 333 99 46 569 599 668 127 572 367 200 156 482 487 233 394 
329 684 32 781 98 749 766 563 477 559 243 757 536 635 189 214 740 409 886 602 599 717 933 606 265 538 381 891 292 772 591 567 789 646 520 197 236 803 353 876 425 359 747 918 308 714 754 560 389 596 694 771 158 874 803 362 857 833 610 503 833 739 531 876 688 718 517 524 900 636 567 276 880 335 543 813 948 429 313 526 854 501 343 889 568 293 677 686 616 711 282 600 59 126 565 955 543 279 365 733 194 683 490 551 460 540 936 747 928 483 638 265 330 899 401 409 643 767 958 520 580 508 352 239 508 250 402 1000 569 532 546 968 576 224 628 453 435 771 793 777 864 633 384 760 667 591 821 713 171 1051 564 759 646 658 754 871 449 244 1034 709 746 495 858 955 122 699 684 505 518 515 517 763 662 975 445 536 863 673 742 507 486 432 749 676 857 427 806 743 223 928 572 470 776 573 298 432 602 325 536 843 324 851 689 473 285 943 696 254 702 639 761 638 122 652 647 519 447 441 802 398 411 726 953 959 835 389 753 460 216 296 265 377 744 689 698 63 728 792 495 747 534 743 401 621 322 548 438 686 559 662 370 652 470 254 683 249 610 792 834 590 354 589 578 361 212 577 650 755 480 446 723 168 243 242 491 377 547 631 461 795 726 757 916 552 723 438 286 935 187 660 662 822 632 163 323 911 741 373 614 599 896 528 644 107 714 277 218 261 204 702 572 442 710 460 610 739 660 489 392 216 317 667 796 707 145 566 549 563 534 493 779 409 938 666 1009 567 429 956 280 617 544 282 209 325 776 292 548 721 669 318 1001 545 668 529 830 823 648 648 755 600 156 735 589 623 440 444 807 675 481 726 339 562 393 50 857 650 910 403 706 418 528 315 658 524 352 520 341 257 837 556 645 252 624 606 194 352 545 788 145 565 
125 550 214 621 138 703 645 622 478 445 332 674 638 689 261 114 722 460 837 563 561 739 818 654 134 544 395 834 348 718 405 379 802 610 509 72 316 754 448 843 307 357 649 853 263 550 576 416 283 472 615 569 89 787 655 416 730 720 469 358 698 696 383 841 547 784 322 596 828 639 590 327 785 406 466 708 870 488 128 364 818 316 369 840 523 214 494 488 614 509 160 471 185 204 587 865 339 75 186 569 105 480 334 456 393 401 860 684 867 292 493 220 397 832 508 383 646 642 904 575 516 475 299 304 559 164 224 910 368 334 628 893 491 292 575 248 308 619 697 735 798 516 224 701 556 453 665 664 182 972 384 637 581 534 665 838 368 357 952 688 667 311 733 883 264 691 503 474 487 608 491 585 652 914 461 378 813 688 686 340 291 233 570 493 833 314 720 781 116 814 402 562 760 454 128 405 701 352 399 695 358 787 530 391 391 882 533 119 674 561 765 454 183 469 445 440 245 552 646 495 462 764 856 894 793 285 765 356 132 364 265 211 645 747 754 215 704 590 472 761 610 755 229 633 382 584 522 619 425 645 393 608 540 56 686 372 464 708 770 693 241 401 485 374 283 528 739 618 488 434 627 75 209 30 390 171 378 508 309 707 661 562 836 625 632 442 111 864 200 757 622 690 458 98 180 837 544 285 660 622 783 620 698 262 520 71 103 82 196 753 556 345 520 547 539 781 702 433 459 342 432 508 593 616 244 506 348 496 352 311 610 378 834 473 927 667 452 902 135 497 608 193 284 182 797 237 481 520 615 251 935 375 657 440 699 677 570 588 589 449 62 543 404 716 478 302 772 714 396 571 278 507 417 238 781 569 838 506 573 372 518 356 572 329 344 433 203 93 686 631 709 172 637 480 201 247 548 591 205 491 
500 433 458 574 438 293 454 136 49 322 255 364 234 187 302 397 257 96 422 171 166 230 574 151 392 54 117 435 199 326 540 534 299 195 75 439 257 347 191 397 315 154 387 471 251 539 611 397 300 361 308 726 436 468 552 135 537 486 410 384 538 281 398 399 454 288 535 145 464 146 79 214 487 170 230 453 518 100 455 436 378 494 150 426 165 307 577 649 129 684 371 375 440 370 76 542 588 494 445 553 407 674 407 274 205 380 503 319 476 505 436 292 170 456 209 145 153 465 496 99 211 123 228 251 83 350 448 583 585 559 183 530 260 267 214 551 336 541 418 313 423 363 405 322 365 396 589 268 349 613 506 451 249 391 374 392 237 273 603 229 348 487 532 515 375 211 579 118 118 199 109 619 178 520 50 427 401 183 303 445 519 515 612 577 373 304 408 270 396 564 477 177 290 338 432 130 269 168 373 581 168 409 509 234 242 490 524 404 231 271 269 559 383 564 642 231 534 225 575 186 95 253 554 508 368 296 263 284 379 200 249 418 387 246 250 428 250 743 100 257 159 252 431 130 174 76 151 280 373 183 123 212 119 483 191 282 426 394 394 272 323 548 278 138 279 179 277 489 31 94 368 446 302 511 278 526 462 375 393 404 306 683 493 164 355 71 443 495 328 306 215 523 521 424 384 477 681 272 154 111 538 201 195 393 647 501 409 456 323 246 111 272 628 162 241 270 192 175 128 302 240 491 756 345 346 198 577 213 496 482 600 152 554 610 579 249 62 493 403 362 135 329 282 384 289 278 208 689 243 273 549 467 185 253 527 562 278 240 572 436 476 655 532 266 59 367 333 203 243 519 249 185 99 449 434 284 473 198 445 175 76 176 300 539 167 247 371 437 585 173 217 342 133 369 323 311 61 714 354 229 
794 681 685 819 692 409 665 168 345 595 477 536 195 112 545 678 318 328 472 388 384 180 728 148 682 295 401 499 444 444 829 825 225 372 345 717 489 438 363 411 612 442 580 542 542 800 874 678 598 627 504 1005 706 597 781 373 728 666 680 675 745 399 685 419 704 22 832 195 555 256 237 464 626 389 499 630 605 301 749 726 410 790 420 474 410 599 854 934 278 969 663 642 678 615 237 648 885 783 742 810 684 962 701 544 497 664 589 467 534 802 701 577 397 537 319 443 255 681 530 214 458 402 525 494 231 636 746 676 879 855 170 602 519 509 424 849 633 780 591 403 516 616 703 455 602 669 821 413 612 669 796 666 458 639 555 409 531 472 671 322 519 783 721 586 594 279 854 398 391 205 382 881 291 562 343 715 461 211 442 738 816 814 877 854 374 601 562 128 678 717 763 247 318 609 725 428 141 437 657 800 430 505 771 525 431 544 788 691 347 496 245 842 633 845 931 508 832 287 812 319 326 126 673 563 425 595 218 578 659 432 524 716 583 62 66 657 335 1020 385 209 183 217 730 235 410 222 278 469 652 311 399 395 251 769 245 469 698 551 498 158 621 837 538 421 520 420 84 720 328 392 571 718 582 793 565 823 750 631 689 565 469 958 594 166 551 369 734 570 592 102 384 729 801 694 680 567 960 570 147 216 700 191 106 609 926 789 690 744 593 82 333 567 905 256 475 112 128 461 333 500 402 757 1035 549 581 451 872 470 789 777 852 451 689 893 655 168 346 526 695 621 181 620 521 680 193 568 472 973 426 567 593 756 295 530 731 785 498 444 826 712 744 931 821 111 313 663 390 132 531 771 544 438 377 667 551 506 560 315 686 474 338 433 521 835 456 526 668 725 809 161 81 628 232 633 590 608 297 988 604 488 
230 228 439 323 363 422 322 493 307 126 373 362 573 539 342 249 469 373 544 307 308 536 494 503 202 356 286 536 334 427 190 179 579 351 308 282 357 465 430 566 48 251 331 547 193 258 311 99 84 148 311 385 312 470 343 356 408 396 150 45 378 418 72 561 229 638 180 494 519 426 415 322 465 376 183 386 555 402 201 87 539 138 298 546 269 173 249 302 399 336 180 148 403 355 414 546 233 260 152 278 270 322 52 153 153 80 547 387 564 153 178 213 365 526 487 219 431 318 604 453 240 253 169 337 436 210 128 590 228 203 533 581 192 339 301 216 28 310 378 456 494 193 103 408 234 132 361 383 299 657 154 313 293 210 350 560 119 413 635 437 358 131 410 572 415 456 254 255 265 537 273 320 419 609 320 87 521 482 395 89 168 185 308 248 565 56 405 594 241 490 136 500 506 132 195 228 620 293 77 383 306 485 232 128 419 578 240 216 415 262 535 220 347 229 287 161 199 524 342 463 374 579 535 588 509 87 545 74 244 356 254 119 325 594 596 416 447 404 267 545 509 536 112 434 351 429 459 324 102 405 300 340 451 269 466 433 150 394 468 620 107 195 180 278 342 267 634 298 325 263 309 309 233 302 96 226 114 184 38 392 364 350 521 518 317 292 212 555 291 662 356 369 194 302 146 526 343 116 504 440 459 543 545 427 309 268 249 241 271 588 333 84 295 482 250 599 532 193 395 422 451 209 415 301 370 235 221 219 140 126 326 211 511 266 610 594 326 603 193 173 490 179 347 143 585 190 207 343 334 165 627 118 421 149 378 363 269 304 300 141 336 323 183 621 364 22 496 537 124 266 163 244 311 449 470 266 528 478 251 183 315 315 265 183 241 146 124 232 376 526 572 208 438 156 284 113 356 383 338 207 
484 80 723 62 648 385 120 635 469 208 631 257 748 652 615 534 472 574 445 369 373 593 255 622 486 483 501 423 581 365 238 260 600 385 440 564 618 397 656 498 322 482 202 411 461 79 139 185 360 165 259 299 597 303 58 576 157 186 136 243 114 390 216 489 63 737 320 656 375 499 534 575 281 606 285 202 387 596 468 233 473 300 529 446 355 455 178 270 478 295 465 155 688 637 535 354 349 526 411 74 555 309 262 246 342 204 386 324 432 330 107 491 598 393 701 429 501 104 476 609 306 390 425 599 595 495 375 390 316 327 693 416 253 605 332 405 310 28 225 411 374 150 373 345 153 155 80 361 582 469 237 114 298 122 234 494 330 670 443 452 267 302 164 414 693 490 171 395 395 712 404 142 468 466 501 218 430 548 346 259 339 394 146 179 516 322 268 657 525 256 203 688 496 191 469 422 776 532 209 98 544 372 77 314 665 441 85 499 424 260 557 203 631 192 302 292 395 728 63 676 574 648 329 442 439 361 578 298 530 600 521 386 196 694 691 700 448 306 414 583 670 573 367 521 586 564 655 294 187 448 520 362 631 540 518 689 135 267 362 781 391 249 235 504 610 342 770 49 486 444 199 592 513 572 277 458 223 140 289 255 310 246 356 671 221 477 486 404 572 802 375 113 167 587 428 377 259 383 619 546 231 715 654 707 236 532 533 516 552 677 430 318 212 672 282 669 627 349 605 684 690 92 323 216 648 316 329 301 264 299 100 422 294 236 422 760 516 477 474 154 642 463 615 425 620 466 305 292 333 439 471 228 465 270 122 79 258 312 78 147 618 225 233 766 549 302 448 624 303 36 427 330 519 733 331 250 382 690 69 395 443 555 235 316 477 278 407 510 91 680 689 493 524 155 565 395 478 266 619 284 
551 323 598 460 559 122 311 253 161 255 411 197 380 257 443 488 125 269 258 40 40 202 407 230 466 122 252 266 352 153 497 500 232 20 113 532 409 177 365 248 326 269 231 300 340 444 519 342 330 279 151 658 541 294 423 300 383 326 332 356 393 111 358 247 347 340 522 288 290 102 152 361 315 337 167 291 344 274 510 403 224 480 292 261 80 384 507 594 82 627 440 294 573 503 154 368 574 561 480 453 503 625 388 207 211 332 329 145 306 500 349 387 335 283 382 223 103 325 331 243 112 125 300 398 234 436 469 408 560 543 319 357 173 412 65 564 340 421 253 147 249 260 432 147 244 324 463 93 468 440 468 310 99 282 211 243 243 437 429 91 180 474 377 342 524 109 506 126 113 349 112 525 75 352 200 388 235 152 128 422 515 531 522 507 235 315 237 265 484 397 430 341 163 266 492 199 393 308 326 445 313 235 417 225 410 321 433 480 75 137 188 501 511 502 599 187 546 393 453 361 268 254 380 338 206 328 200 277 472 359 366 448 232 296 293 567 105 671 134 201 298 192 452 125 334 188 322 117 314 58 267 41 285 558 126 449 351 224 220 402 368 507 192 270 423 81 378 362 166 183 217 547 405 590 251 563 423 277 386 235 134 608 318 294 199 196 507 321 448 411 40 377 457 528 436 302 612 317 226 154 372 347 258 542 580 569 497 528 437 279 64 277 557 329 120 275 230 168 302 464 413 404 686 194 488 113 558 131 469 469 494 225 382 552 405 384 220 328 471 269 267 405 427 435 242 365 140 630 74 347 380 430 75 201 380 428 139 85 468 368 578 581 489 378 232 366 177 227 226 413 320 104 248 593 259 147 299 371 327 226 107 324 162 523 277 202 416 511 453 302 294 428 128 283 442 359 114 637 484 146 
645 298 741 410 694 47 237 392 316 299 564 95 521 375 589 609 139 426 124 172 176 276 273 357 579 278 403 121 504 13 522 532 260 136 268 652 561 48 522 153 414 415 150 147 470 419 490 376 431 301 113 645 667 146 356 456 279 215 344 411 305 58 402 146 322 434 570 433 134 224 297 511 172 493 247 180 187 430 609 447 126 531 444 127 203 504 504 598 219 629 553 312 714 645 299 213 618 665 568 422 627 634 445 267 322 374 172 33 157 557 348 516 490 129 538 362 221 254 190 390 197 264 427 548 384 557 548 252 596 588 459 201 228 561 143 630 422 369 141 60 94 262 518 12 225 345 397 63 604 285 499 241 131 270 118 148 345 591 272 135 84 528 270 186 672 178 500 267 256 494 258 494 180 204 356 429 101 250 29 472 571 602 495 505 165 405 106 337 604 262 458 491 151 300 595 340 523 458 371 365 464 80 399 322 566 172 414 594 115 157 221 510 650 506 615 274 614 546 393 516 425 332 229 187 93 429 247 363 596 513 505 535 155 397 390 711 121 654 280 254 441 245 532 253 488 334 476 96 350 163 420 123 437 667 214 604 362 98 64 534 473 533 239 420 571 194 497 305 322 331 154 671 536 700 330 646 460 280 453 112 55 592 162 434 133 349 612 166 586 529 116 289 465 655 539 146 602 428 351 288 243 490 373 690 573 673 616 637 572 373 221 370 549 481 174 351 338 286 459 617 570 394 671 142 634 209 599 217 511 523 451 362 237 558 249 521 376 188 580 279 409 524 576 537 286 491 232 629 102 470 229 467 173 276 289 354 150 125 430 384 703 568 514 503 389 441 96 328 318 379 444 210 402 738 105 154 143 526 291 354 263 475 158 570 420 282 517 621 377 441 410 550 254 299 579 466 270 616 626 222 
621 251 739 358 687 95 185 427 331 267 572 44 556 416 592 597 189 444 157 183 188 324 231 396 563 301 412 144 512 65 480 492 312 159 284 639 567 95 540 198 392 418 99 156 463 370 440 339 413 263 81 596 657 115 304 471 228 165 303 378 252 104 367 190 274 481 533 466 132 261 329 518 135 508 231 129 179 452 587 411 173 496 451 159 207 492 457 552 253 582 537 273 710 643 331 192 579 644 543 372 615 589 412 242 311 339 166 36 172 522 304 508 503 135 561 362 259 202 211 421 188 269 419 553 413 545 520 235 556 550 494 199 206 566 146 597 398 317 90 113 102 222 493 48 182 306 344 92 599 282 460 189 122 226 66 194 330 602 265 180 37 493 220 187 676 223 453 273 263 527 267 443 218 218 371 392 137 293 60 437 536 571 445 458 214 384 60 386 590 220 418 520 203 266 575 342 562 464 337 313 472 92 351 306 580 186 366 578 156 135 272 466 647 461 571 258 581 573 341 539 444 381 201 197 139 412 297 342 584 523 504 510 104 442 436 710 168 605 288 304 475 294 505 290 500 366 501 83 314 200 429 140 465 648 258 616 321 49 76 573 455 491 213 427 575 195 539 254 340 338 105 659 529 681 308 619 421 239 424 62 46 543 148 469 86 361 592 168 582 572 139 237 421 644 519 142 554 414 390 324 199 524 415 693 526 652 603 618 567 420 241 352 501 509 160 400 381 280 478 627 587 348 622 99 635 202 560 206 473 488 400 361 202 512 240 557 391 210 562 240 443 511 580 517 337 483 222 581 110 459 238 428 212 256 237 301 126 122 380 343 691 520 472 544 408 414 148 372 301 329 434 207 414 738 88 127 142 550 242 350 280 483 127 532 422 263 497 604 325 476 453 539 291 260 574 449 294 566 624 207 
443 113 702 60 623 436 181 662 488 216 627 312 769 685 604 508 520 587 504 403 407 635 316 653 458 510 509 483 581 419 182 206 648 425 464 534 613 452 663 555 307 485 258 473 452 16 84 168 345 174 306 240 569 365 107 584 218 249 130 220 173 440 192 546 88 774 268 680 437 536 564 572 344 612 304 264 450 611 432 198 530 253 533 506 384 438 115 207 514 232 439 161 666 620 564 417 292 487 374 18 528 246 232 261 349 189 449 377 494 282 101 476 602 454 712 436 538 165 538 633 335 411 419 593 618 473 336 453 258 272 717 479 277 598 369 354 291 68 285 464 434 176 341 398 193 148 105 409 564 532 186 174 338 152 290 551 331 667 506 497 321 256 226 477 679 534 108 416 417 733 427 90 508 529 517 186 488 588 398 220 290 347 89 116 571 310 328 699 499 318 159 706 546 199 436 432 802 534 195 143 547 432 32 319 666 503 28 470 470 298 603 142 612 131 239 306 345 743 87 687 587 689 392 505 495 347 624 293 505 601 513 352 252 730 728 681 496 248 434 627 693 617 331 557 590 592 670 340 179 489 527 403 650 504 559 686 120 326 421 806 372 192 258 509 602 373 800 112 506 458 252 563 497 534 278 413 182 161 261 314 361 186 419 697 273 491 452 466 556 832 417 175 112 560 399 439 198 373 651 578 293 737 688 691 173 493 505 482 536 715 461 313 149 689 316 710 663 364 616 679 693 55 265 266 634 343 272 326 216 254 66 428 357 173 485 784 531 538 445 173 667 443 607 397 666 452 328 230 377 427 534 185 506 283 183 129 298 353 38 123 587 164 178 794 565 278 502 662 308 28 419 357 529 713 392 290 444 702 114 400 468 557 276 263 479 290 381 478 130 705 722 472 560 166 549 377 506 209 602 309 
449 267 750 167 666 593 334 798 618 344 716 469 897 828 680 552 675 705 659 550 554 786 444 795 502 648 622 637 678 575 173 196 802 576 600 568 700 609 771 711 392 591 414 624 536 144 74 271 428 309 462 87 606 514 234 694 352 394 257 301 306 596 279 702 243 920 252 811 588 684 704 666 489 718 440 415 595 732 453 257 686 262 639 660 526 508 94 100 660 104 489 295 714 680 704 557 246 499 399 140 571 132 295 395 467 290 596 533 645 283 236 549 707 606 825 550 687 317 688 766 479 544 513 680 750 530 361 589 211 242 850 624 418 681 519 333 372 204 439 620 587 324 384 555 347 270 205 565 625 670 202 328 490 304 446 707 441 756 643 651 478 269 361 623 745 686 90 549 553 861 563 72 659 677 642 257 644 737 554 266 282 341 67 95 727 399 482 850 543 448 207 829 702 329 466 551 936 636 297 254 649 586 168 436 763 653 152 511 624 450 758 127 668 115 148 436 331 860 197 801 706 839 529 653 652 430 777 397 555 700 596 389 408 876 874 734 651 92 566 780 825 771 364 703 693 729 791 495 293 640 638 555 776 521 710 776 240 481 576 938 442 174 398 617 683 516 939 263 636 581 408 597 568 545 392 407 231 307 323 469 517 35 566 831 429 614 479 615 622 970 569 312 150 600 446 588 56 460 793 722 429 866 832 755 57 503 546 506 602 862 603 415 54 812 464 860 809 491 731 763 795 180 109 422 702 485 231 467 231 271 124 542 492 101 624 915 652 689 485 316 801 507 687 444 820 530 466 97 530 507 679 229 657 413 319 250 450 505 136 229 615 33 176 931 689 348 659 809 426 183 507 499 644 766 545 443 594 816 271 513 605 658 429 245 582 418 433 507 237 839 864 531 706 304 615 451 645 53 665 449 
249 572 89 672 36 645 653 493 382 446 181 646 490 564 111 112 643 332 782 498 495 633 821 532 162 446 288 785 213 667 491 468 703 543 422 112 167 699 299 776 313 260 635 811 197 605 649 449 277 483 584 677 76 764 692 285 744 720 498 393 720 635 421 775 576 654 422 461 792 545 482 194 769 267 432 701 839 357 223 419 753 402 253 785 462 181 574 591 522 618 175 488 54 43 479 844 455 205 268 625 95 592 382 438 349 429 827 639 822 387 527 153 259 792 356 305 551 654 854 448 471 404 241 162 434 139 304 889 477 440 488 859 465 147 522 369 324 660 681 674 756 521 280 653 554 479 711 608 60 942 462 646 538 545 643 771 337 199 925 611 636 395 745 847 102 604 581 402 414 463 415 658 567 869 354 427 759 586 635 402 392 343 644 573 759 314 695 666 121 815 466 417 680 460 203 328 555 234 425 731 236 744 580 361 237 837 587 154 602 529 671 537 23 550 555 408 360 399 692 346 334 649 842 852 733 276 666 347 109 224 162 275 632 621 628 70 629 698 394 660 473 656 300 532 246 468 379 577 448 565 279 547 405 180 592 213 499 682 727 545 242 490 466 266 136 471 597 643 387 347 612 90 131 183 378 298 441 518 353 684 618 659 807 490 612 343 194 827 79 612 559 709 527 73 218 802 644 260 539 514 784 476 573 103 616 206 120 176 93 630 474 330 610 403 500 663 583 380 323 181 276 557 703 596 83 458 458 454 433 393 672 304 826 568 899 520 340 851 179 504 476 170 135 220 692 180 438 628 562 206 894 440 572 417 718 711 538 540 647 490 102 636 488 573 358 334 705 597 369 615 227 455 304 102 748 539 802 356 594 310 431 230 546 429 250 408 233 166 726 495 579 141 536 493 86 240 452 691 52 455 
453 626 235 753 265 573 680 313 291 494 77 623 271 384 136 307 538 186 704 437 433 483 826 360 340 336 212 716 121 604 631 614 559 471 339 331 94 627 100 678 401 221 632 751 257 699 759 535 365 537 561 828 303 736 753 150 770 729 571 493 760 561 518 681 639 459 585 269 741 424 345 128 750 113 434 701 794 192 415 536 660 553 176 708 415 293 699 742 410 773 336 547 237 189 342 813 629 420 441 717 301 753 498 462 361 514 779 591 757 548 601 251 117 735 137 278 430 686 778 276 447 354 282 114 268 293 467 856 642 607 286 808 471 117 475 557 421 730 671 595 701 560 429 597 579 553 782 544 217 892 596 674 504 588 628 674 372 39 880 511 608 545 768 793 145 490 704 349 358 252 353 768 459 801 251 536 683 448 578 530 558 524 756 698 653 396 670 498 313 818 585 208 570 511 390 292 337 170 507 788 159 687 669 388 41 771 681 341 513 513 538 668 210 678 716 418 544 176 765 137 187 481 821 789 650 362 525 407 292 102 197 432 630 434 444 211 532 848 333 517 277 515 456 402 122 317 182 541 521 466 193 484 220 398 466 20 580 657 671 325 354 634 481 203 121 428 386 693 285 284 610 318 239 409 425 498 562 565 471 664 574 798 766 295 602 260 390 773 205 395 490 745 644 295 374 753 788 333 369 373 788 265 394 158 756 423 320 384 219 451 387 387 743 200 480 491 415 366 156 52 54 647 857 589 149 432 626 437 574 541 766 283 815 710 856 302 231 775 358 550 292 302 117 375 540 266 425 781 511 286 830 564 467 437 752 768 521 500 738 580 334 771 625 359 223 445 616 432 399 694 286 422 206 215 707 525 750 140 644 308 344 147 538 591 225 428 377 367 788 297 389 288 404 547 208 344 343 831 187 447 
376 175 658 137 576 499 263 687 505 233 609 383 785 718 577 460 576 593 580 443 446 681 404 684 410 537 510 560 568 486 100 126 702 472 489 482 594 521 660 625 284 480 330 553 429 71 79 158 320 200 367 178 518 448 194 583 307 334 148 192 262 501 168 617 152 812 189 699 518 577 594 557 428 607 329 347 534 619 372 153 599 182 528 581 417 405 30 125 553 155 394 185 622 583 594 503 207 424 315 84 480 163 191 284 355 177 532 442 573 209 130 446 597 534 713 437 580 248 618 654 371 433 404 573 637 433 276 540 172 190 737 563 309 575 415 277 264 156 364 528 511 221 291 464 250 159 185 468 527 619 115 255 388 205 362 621 329 649 593 551 390 187 314 560 646 584 27 437 441 748 451 87 554 611 529 149 562 631 461 167 214 274 74 31 638 289 405 745 451 406 104 717 606 219 380 438 824 525 185 228 538 508 78 324 654 584 65 421 524 347 657 55 572 42 152 324 270 748 169 689 594 733 479 587 565 323 675 285 461 590 490 298 325 767 766 639 552 192 454 678 713 668 275 594 583 618 678 397 180 536 526 452 663 443 605 669 130 401 495 826 338 108 290 506 578 408 827 196 524 469 321 511 465 471 280 341 129 203 220 391 424 130 502 718 340 501 395 549 522 858 467 263 43 511 352 521 133 351 683 612 381 753 722 657 101 429 456 424 502 754 494 303 78 699 358 754 701 379 619 658 685 79 207 331 602 376 187 358 146 187 114 429 444 88 571 802 540 618 394 210 689 407 582 350 718 425 356 155 430 401 617 129 553 301 271 216 349 403 99 117 532 102 98 819 576 243 568 701 314 114 399 389 532 672 472 342 526 704 186 400 494 548 330 184 471 306 336 422 214 727 754 433 598 196 515 346 534 160 567 340 
460 261 759 155 676 586 324 798 618 344 722 460 898 826 687 561 669 707 649 547 550 782 430 793 511 647 624 626 682 567 182 207 797 571 599 578 706 600 775 702 397 594 405 613 542 137 64 272 433 307 455 100 616 503 221 697 339 383 256 306 293 589 282 693 236 917 264 811 577 681 702 671 478 721 439 404 583 733 464 263 677 272 642 650 524 515 100 116 657 120 498 293 723 688 703 544 260 510 409 132 580 148 301 394 469 292 584 525 634 294 233 556 711 595 828 552 683 307 678 765 476 544 518 685 750 538 371 576 225 255 849 612 416 687 515 346 377 193 429 613 577 320 393 547 341 269 192 559 633 657 211 318 485 299 438 698 444 762 630 646 470 279 348 612 753 681 94 548 552 862 562 61 655 666 642 261 634 733 547 273 294 353 59 101 719 403 472 846 552 435 213 831 696 328 476 553 935 640 299 240 653 576 163 438 768 642 147 520 618 445 752 136 677 123 164 435 344 862 184 804 708 835 516 642 643 436 772 399 564 704 602 398 400 873 871 743 645 102 566 775 825 766 373 700 697 728 793 489 294 635 641 550 777 532 705 782 240 471 566 938 448 185 396 620 689 514 937 253 636 582 401 607 575 557 394 419 237 303 329 459 510 50 554 830 422 615 489 604 629 969 564 300 154 610 455 577 72 465 791 719 416 866 830 763 72 515 555 516 609 859 601 418 66 813 460 856 806 491 733 769 799 177 120 415 710 483 244 465 240 280 111 544 479 114 611 915 654 678 494 313 801 514 694 453 814 536 465 112 525 513 667 236 653 412 307 237 445 500 125 230 625 48 185 930 690 354 651 806 428 175 512 497 646 775 534 438 583 819 264 515 604 662 424 257 586 418 441 518 223 839 862 539 703 301 623 457 643 62 673 447 
596 363 628 498 594 111 341 238 184 302 434 216 367 228 472 527 82 282 236 87 86 158 421 206 508 131 279 250 376 147 544 547 185 51 139 572 434 162 376 216 372 301 257 287 378 485 560 388 375 325 180 702 579 300 457 318 407 347 377 403 422 99 405 216 387 304 569 278 284 71 142 387 324 355 214 311 338 282 554 450 195 527 318 240 126 424 552 639 64 673 483 339 605 534 144 368 621 604 526 494 542 671 435 254 256 379 322 153 291 547 393 425 354 273 386 259 70 357 311 235 159 164 340 425 230 475 515 406 607 590 305 347 219 439 108 611 387 458 272 128 241 303 478 149 283 370 498 97 502 429 514 342 137 324 234 211 289 457 420 49 199 522 401 332 551 62 550 165 152 339 149 566 32 334 220 435 215 113 132 469 562 578 564 552 198 361 250 223 524 410 476 337 120 312 535 236 372 335 373 476 339 228 459 271 427 305 475 522 45 177 140 547 543 547 645 234 593 392 489 366 281 212 384 323 182 372 154 324 511 381 399 494 260 262 258 597 68 715 168 155 286 146 498 99 355 179 323 145 361 12 292 72 284 600 82 467 396 238 214 383 412 554 238 299 451 128 351 397 185 214 247 585 442 632 298 609 470 320 433 250 149 652 315 280 227 222 550 312 482 384 61 406 502 566 480 296 657 360 201 134 388 335 229 569 624 612 537 570 472 242 87 323 601 327 164 234 197 212 313 484 426 447 730 225 516 160 605 178 516 516 533 262 391 598 398 367 239 307 513 313 254 446 454 479 195 404 187 675 102 388 364 476 29 249 408 461 178 123 508 413 617 625 535 355 244 413 149 191 272 453 360 151 271 621 260 186 292 375 366 267 131 349 200 571 310 250 461 553 485 287 266 468 101 328 476 402 124 680 516 193 
706 465 710 593 685 155 427 239 269 415 506 289 362 196 553 629 62 342 219 202 201 79 471 193 613 205 363 244 452 188 657 660 71 162 233 673 509 179 427 168 485 392 339 287 479 589 663 501 487 435 273 809 676 339 546 385 479 416 487 517 502 147 519 173 490 237 683 288 297 106 180 466 368 418 328 380 348 332 664 564 160 642 400 222 240 528 660 749 129 783 589 449 691 620 183 390 736 712 638 596 642 783 549 368 368 493 332 217 282 661 501 524 420 280 420 359 99 444 285 258 273 271 444 503 261 578 628 419 721 705 302 348 332 519 218 725 500 553 341 144 258 410 590 202 385 481 587 171 594 420 628 430 243 428 310 164 401 522 419 80 274 636 471 332 627 53 658 271 258 343 253 668 92 315 297 549 206 80 193 583 677 692 667 661 135 474 308 136 626 460 589 357 61 424 644 336 347 418 487 560 419 246 564 384 487 293 580 627 108 283 26 657 632 657 757 348 708 413 581 404 340 133 414 312 169 484 46 438 612 452 491 606 343 203 195 680 84 821 270 53 291 43 611 123 425 209 357 238 474 104 373 179 315 706 60 528 506 299 239 361 522 667 351 384 530 242 311 490 264 309 335 684 539 737 413 721 584 428 548 313 225 758 336 278 313 307 658 315 574 342 164 486 613 663 590 309 764 469 184 152 444 335 192 645 733 719 639 677 566 177 187 436 709 352 276 150 155 324 368 551 477 554 837 316 597 275 719 292 630 631 632 363 430 708 401 353 314 281 620 421 261 550 534 588 88 505 302 785 201 492 346 590 89 363 487 547 282 228 608 524 715 732 648 323 306 527 132 140 386 553 465 265 349 701 292 289 302 410 465 372 224 427 302 685 403 364 571 659 571 283 226 570 120 438 568 511 199 785 603 307 
316 347 635 304 551 659 440 794 608 364 645 553 874 837 596 444 729 673 751 581 583 819 580 801 397 653 586 733 619 650 122 123 850 616 603 449 628 687 722 792 347 549 502 729 472 248 215 277 373 345 528 132 488 625 368 652 483 512 296 274 438 659 264 785 326 935 137 796 694 711 711 603 605 668 456 524 711 703 333 222 766 171 593 752 548 429 149 68 684 74 392 331 600 580 711 681 101 367 289 257 460 42 250 413 452 288 709 607 749 174 290 471 657 709 781 521 715 425 793 755 507 547 462 608 738 436 257 718 80 116 835 740 447 605 560 192 325 331 539 690 684 378 294 629 414 298 351 625 528 797 153 431 539 369 533 788 420 684 771 700 558 179 491 737 648 728 156 550 558 838 567 220 695 787 622 234 732 767 624 212 166 213 206 148 802 357 579 880 435 583 189 800 761 354 352 530 922 585 294 398 598 680 255 424 699 760 243 402 674 499 805 130 565 137 25 442 197 821 337 759 675 867 656 763 732 377 820 373 451 641 526 291 496 890 891 624 704 152 564 821 811 812 267 723 641 729 759 555 305 678 599 599 753 391 745 704 277 574 667 922 371 112 428 576 604 542 935 374 626 564 490 477 484 410 383 269 198 360 267 565 587 142 679 820 508 594 361 725 530 964 615 440 174 486 351 697 119 406 802 735 558 845 842 655 112 370 435 383 512 881 621 386 129 782 503 888 826 488 694 685 735 251 153 497 609 508 98 490 161 184 269 513 622 91 749 896 628 793 378 362 792 421 608 349 862 457 484 84 582 441 794 192 695 422 448 388 503 553 266 256 489 136 130 923 666 295 731 829 417 291 449 520 611 655 647 496 702 774 361 486 610 604 487 131 537 424 345 390 382 828 870 439 727 344 525 383 651 162 568 473 
696 379 757 495 718 56 322 349 316 364 567 180 477 319 602 644 74 414 105 190 193 208 344 308 619 264 410 123 508 71 596 604 179 144 269 688 566 50 508 90 465 429 234 164 498 501 573 445 477 372 187 727 699 211 441 451 361 297 419 475 388 59 469 88 404 366 638 395 170 185 266 518 241 487 297 262 222 413 657 515 65 598 450 108 230 539 584 677 191 708 593 385 733 662 268 262 687 711 621 505 660 713 509 325 360 441 206 112 163 622 426 545 486 154 514 382 180 339 178 357 241 283 457 556 354 592 604 293 667 657 415 225 286 570 179 692 476 453 225 25 129 337 571 91 303 418 482 94 627 303 571 326 185 348 202 85 389 589 298 90 168 594 352 209 682 124 580 285 272 454 272 577 143 203 353 497 85 193 92 538 637 662 578 584 88 455 187 263 639 333 530 459 71 368 641 359 470 466 437 449 470 117 480 367 560 176 496 634 87 220 144 588 670 585 692 322 675 515 478 495 413 261 285 195 50 474 171 414 629 513 525 588 239 332 324 727 69 737 293 180 400 171 588 213 487 302 450 160 418 134 424 144 410 709 159 600 438 181 110 483 517 607 301 429 581 224 437 389 317 342 237 704 563 742 383 702 530 355 513 195 129 674 207 390 216 353 656 191 607 469 130 374 542 686 584 182 684 468 300 248 319 448 316 700 654 718 652 679 596 306 217 418 630 451 227 279 279 319 445 617 558 474 753 223 646 249 669 262 580 589 536 384 302 637 278 472 372 175 622 353 368 560 585 583 207 522 276 709 144 503 234 537 135 329 373 438 215 173 514 458 736 650 588 448 377 498 18 266 365 462 476 246 403 751 163 220 176 503 374 383 262 480 228 638 437 334 563 663 462 396 352 584 212 372 601 508 256 699 644 272 
299 679 72 769 92 765 765 597 499 558 277 764 577 669 216 202 761 440 902 618 615 746 934 639 250 563 404 905 321 786 569 545 817 663 541 175 268 819 391 895 420 379 751 931 316 700 736 551 386 592 702 744 140 881 795 393 854 834 602 493 828 755 520 895 681 755 491 560 911 661 595 304 886 369 550 816 958 462 288 511 872 480 368 905 582 293 657 660 639 684 271 595 77 147 593 962 514 248 343 720 181 655 477 553 468 532 946 759 942 459 629 270 363 911 442 425 668 764 973 553 590 524 359 268 541 244 382 1007 542 506 584 978 581 252 641 423 428 761 798 793 876 632 368 773 667 584 810 728 180 1061 544 757 657 655 760 890 454 283 1043 729 754 473 856 966 162 722 665 521 534 555 535 745 685 989 470 523 879 701 755 491 461 405 730 656 878 423 813 775 211 929 555 509 798 570 277 448 643 349 529 834 349 863 677 477 324 957 682 238 721 647 787 618 136 632 620 525 419 482 792 437 442 758 958 971 853 386 781 459 207 327 281 359 747 724 733 97 748 765 513 774 571 770 382 648 352 578 476 696 553 683 394 667 506 224 708 290 601 800 846 631 348 567 582 383 241 591 690 749 504 465 727 146 249 207 492 346 531 628 448 802 737 732 925 589 728 461 263 946 199 701 679 818 615 149 309 921 715 374 646 627 897 568 678 148 690 245 203 236 212 736 592 443 687 498 619 771 692 499 426 257 358 654 768 712 175 577 522 572 513 472 764 424 941 642 1018 608 455 971 264 615 579 279 238 311 805 297 557 694 682 321 1014 529 690 533 827 815 656 660 741 590 127 712 568 664 469 434 825 707 485 715 345 574 418 95 867 657 921 444 701 430 549 342 664 498 370 524 329 234 828 593 681 249 651 602 206 348 568 763 164 573 
222 496 164 601 103 571 577 447 317 370 161 569 462 516 95 75 574 285 708 425 423 575 744 482 111 383 227 711 171 592 431 411 642 471 355 105 144 625 273 705 238 194 558 736 120 536 583 376 201 407 507 623 93 687 618 240 668 643 425 322 645 562 350 704 502 610 371 420 716 481 423 151 692 230 355 624 762 312 185 352 681 346 197 712 388 105 511 536 457 566 115 412 130 78 421 767 409 189 219 555 73 541 314 361 273 356 751 564 747 334 453 76 220 716 335 233 487 578 780 401 395 332 164 130 386 72 250 812 427 391 452 783 387 119 447 330 251 587 604 601 681 444 219 578 477 405 638 534 22 866 400 569 462 469 566 700 260 193 848 542 559 338 668 771 142 538 518 330 343 432 344 592 500 794 294 359 685 525 561 338 341 300 579 510 690 239 618 612 81 738 401 386 612 384 161 256 525 179 351 657 184 669 510 284 222 762 518 110 531 452 607 475 70 488 504 330 318 379 620 320 287 595 764 777 660 200 605 271 60 188 95 218 554 574 581 139 559 644 323 599 433 594 243 471 205 413 345 501 373 496 222 474 364 168 528 211 427 605 651 517 170 432 389 205 113 397 562 568 325 278 534 104 54 185 301 267 376 442 285 607 542 601 730 449 534 279 159 751 26 580 486 633 462 81 158 726 588 183 488 456 706 444 525 152 558 193 89 152 21 581 405 253 550 371 424 611 531 304 282 185 262 486 651 518 101 382 409 377 373 335 603 231 748 510 823 492 282 777 131 428 432 98 115 160 633 103 362 575 488 128 819 376 505 339 642 637 461 465 577 419 132 577 427 540 306 264 634 544 292 543 150 380 246 172 672 462 726 332 518 235 363 180 469 378 183 330 169 135 652 455 535 72 475 417 25 165 388 633 62 378 
526 406 510 547 485 237 415 149 71 307 310 316 266 179 353 434 200 153 365 126 121 191 526 144 425 5 163 379 253 271 537 533 254 141 53 478 311 290 248 340 325 194 343 415 286 518 592 388 316 342 263 716 479 416 520 191 495 441 393 383 500 225 394 342 428 278 542 174 409 94 54 266 436 227 211 407 463 154 483 434 321 500 200 369 130 339 565 643 73 678 402 357 491 419 54 489 595 526 465 531 446 670 410 256 207 372 447 266 419 513 417 329 226 400 261 169 100 428 439 127 179 110 256 304 115 385 464 529 588 564 209 474 235 319 169 566 344 512 371 256 367 337 422 268 333 381 558 213 394 556 504 414 205 364 328 335 242 330 547 172 299 493 490 459 429 156 566 106 100 233 90 599 121 463 97 423 344 139 249 447 528 531 594 565 317 314 357 239 432 516 471 221 235 321 460 148 290 217 365 546 219 353 489 233 299 433 505 437 174 233 220 551 431 555 639 218 548 272 545 240 152 223 501 451 311 312 217 287 417 255 292 436 344 233 235 480 193 731 94 212 186 206 447 84 229 79 200 233 362 126 173 161 164 517 140 339 410 344 339 296 345 545 254 184 331 143 287 457 63 116 326 487 342 546 273 548 459 351 399 354 255 670 438 186 311 108 473 438 374 319 161 484 511 466 409 421 671 292 144 80 491 233 185 447 637 533 446 489 367 227 61 278 616 208 205 242 171 169 185 358 297 473 746 303 398 169 582 186 498 487 576 175 503 603 524 275 115 436 434 339 157 361 334 409 248 312 185 682 193 303 492 464 128 239 488 528 238 194 549 423 518 642 529 281 116 374 276 178 240 494 277 155 149 502 380 245 417 250 416 192 46 228 261 545 205 235 393 470 552 194 214 377 88 349 369 333 7 701 403 203 
124 445 233 533 151 578 535 513 358 330 257 553 545 577 195 35 597 355 712 437 436 619 707 541 15 423 281 710 254 594 344 321 680 484 386 66 239 629 361 718 191 241 532 730 143 465 504 315 162 361 493 530 95 667 559 315 623 607 367 257 595 571 284 716 446 675 276 493 706 517 472 234 667 313 342 593 749 384 85 276 693 255 262 715 397 90 428 444 491 472 38 363 197 169 470 746 311 101 122 484 55 446 241 335 267 298 738 560 744 240 394 104 302 709 424 260 523 534 780 467 392 350 174 223 450 45 156 791 331 294 527 772 369 215 450 230 196 525 579 610 675 403 134 577 441 349 574 539 119 852 315 527 457 424 545 713 244 291 832 563 545 248 625 761 237 567 435 349 362 513 366 513 528 791 345 287 689 567 561 257 246 200 499 427 708 196 599 664 26 702 322 467 635 341 61 282 606 246 294 599 254 664 441 267 317 758 447 10 548 439 642 390 154 403 409 316 219 468 556 407 357 647 739 771 668 163 643 236 40 274 160 128 527 636 641 217 579 551 348 639 507 633 153 512 286 469 426 495 319 521 282 483 438 89 564 310 365 587 646 600 120 343 365 261 210 403 638 515 370 312 508 92 101 117 270 167 297 398 212 587 537 512 715 521 512 324 60 742 125 659 497 585 382 86 74 715 497 161 546 504 671 524 585 244 468 107 32 62 111 639 432 223 463 451 415 664 586 308 359 285 357 419 557 496 200 381 313 371 286 246 530 255 719 420 806 573 338 778 32 385 501 68 212 76 676 116 356 481 490 127 812 296 532 318 594 580 447 463 506 354 120 489 341 617 368 199 646 597 272 479 154 382 305 249 659 447 716 420 468 247 395 255 451 283 227 311 93 43 592 528 600 53 516 371 122 124 427 543 158 368 
521 305 573 444 533 144 302 259 144 229 391 199 382 270 420 459 155 256 281 12 10 226 409 241 437 117 231 287 332 171 471 473 261 41 96 503 388 199 352 275 296 245 226 319 312 424 499 316 300 256 146 635 513 304 410 284 378 324 308 327 385 134 330 274 328 358 493 290 306 121 157 339 322 321 138 290 359 264 480 375 251 451 271 284 50 355 484 569 97 603 411 271 548 478 158 379 546 531 450 434 475 600 359 180 181 305 344 156 326 471 327 359 318 301 374 196 124 315 354 243 86 97 272 376 232 407 439 421 533 515 323 374 147 390 52 534 310 406 254 172 266 240 402 162 227 300 450 110 441 457 441 300 89 264 211 270 213 418 445 121 182 446 373 359 502 138 483 99 87 350 87 505 102 373 184 360 258 175 143 393 486 502 502 484 264 285 242 289 455 400 403 338 193 240 462 173 400 286 299 434 292 253 396 195 394 341 412 451 104 122 217 476 485 477 573 157 517 388 439 352 255 276 389 358 231 298 228 247 444 340 340 418 227 313 311 543 135 648 109 229 301 220 422 140 316 191 315 116 288 86 247 49 281 528 151 431 327 229 237 408 338 480 167 248 401 52 389 348 152 159 210 519 377 560 222 533 396 256 357 238 141 586 331 299 194 176 477 339 422 422 57 369 433 500 406 318 589 287 238 164 374 349 273 519 556 539 468 498 410 299 56 247 534 325 99 298 247 138 289 444 399 383 664 187 464 85 530 103 441 440 477 198 388 528 421 389 204 351 441 247 270 376 405 405 269 336 111 606 78 318 400 402 102 173 373 417 125 77 450 343 550 559 462 388 220 337 204 246 196 395 291 74 230 569 272 133 316 363 311 198 92 303 149 495 252 173 386 481 441 307 308 400 143 260 416 329 110 615 459 119 
274 613 51 711 35 683 695 519 417 488 201 687 506 590 136 147 679 360 821 537 534 665 862 559 197 480 322 825 240 706 526 503 735 581 459 137 190 738 318 813 354 296 676 851 238 644 686 489 318 524 624 709 97 805 732 313 785 762 539 432 761 674 460 813 617 678 454 484 832 579 513 223 810 291 473 742 879 383 252 457 790 437 286 824 501 222 610 624 557 650 213 529 15 66 511 885 484 226 301 664 128 623 420 480 390 469 867 679 862 419 567 194 284 831 371 344 586 695 893 474 511 442 282 188 461 178 338 930 508 471 510 900 506 172 561 397 364 700 723 712 796 562 316 693 596 520 750 647 101 982 497 687 578 586 684 808 379 212 965 647 676 430 786 887 98 640 618 440 453 482 453 695 602 909 388 466 798 619 675 439 424 372 681 609 796 355 736 695 156 856 504 436 716 501 234 366 572 267 465 772 268 784 619 402 252 877 626 188 639 569 704 572 54 586 587 449 389 414 732 364 362 678 883 892 771 317 699 388 146 248 200 310 673 646 654 42 666 730 431 693 495 688 335 566 273 497 401 618 488 601 312 586 428 201 626 222 539 723 767 562 283 525 507 301 161 510 617 684 421 383 653 110 172 197 420 323 478 559 391 725 658 693 847 513 653 378 224 867 118 630 597 750 564 99 255 842 678 301 567 546 825 495 600 92 650 226 153 203 133 657 510 371 645 424 541 692 612 420 348 189 289 596 735 637 98 498 489 494 468 428 710 343 867 602 940 537 373 890 214 546 501 211 159 257 724 221 479 659 602 247 934 477 608 458 759 752 579 580 686 530 110 671 523 591 388 374 743 626 410 655 269 495 336 69 789 580 842 372 635 350 467 260 588 461 288 449 271 195 766 517 604 181 569 534 125 280 486 724 82 496 
408 174 540 314 481 239 214 386 215 77 402 193 494 412 404 384 292 322 362 140 142 379 369 379 348 234 256 356 346 244 319 321 410 176 188 425 393 282 408 382 177 244 178 371 260 281 355 163 198 106 133 484 445 309 296 329 305 269 158 181 294 235 180 377 193 505 347 404 346 272 289 345 312 362 32 246 388 342 372 226 355 306 289 364 111 282 333 416 247 450 322 120 509 445 289 388 398 429 331 295 403 447 215 31 110 154 378 205 386 328 180 303 354 351 449 187 275 221 425 357 66 136 217 375 342 333 311 434 383 367 441 412 8 385 121 398 185 281 224 272 317 103 281 225 114 148 331 200 397 492 289 208 109 132 187 377 119 438 472 261 185 301 303 401 488 287 333 141 141 459 151 362 254 433 248 210 339 327 212 247 343 368 357 333 382 169 240 441 377 362 251 434 327 88 360 175 525 296 148 328 307 306 252 95 426 401 268 363 237 80 365 324 446 325 420 50 381 475 316 424 322 428 385 412 325 197 379 127 372 363 310 297 175 460 460 513 268 498 160 380 417 371 295 288 345 315 401 141 135 237 275 161 377 432 304 455 176 228 289 530 240 328 18 262 392 102 524 234 232 192 155 447 325 466 93 409 245 115 219 229 182 436 355 420 155 224 377 382 381 556 177 280 281 433 304 355 438 201 378 306 331 461 416 504 405 437 389 403 364 448 188 137 383 418 67 450 394 100 353 458 446 236 513 139 445 70 382 51 292 296 340 182 369 375 447 508 264 423 347 103 391 299 397 302 420 276 52 454 151 251 453 252 253 41 286 309 89 121 312 191 478 409 310 518 295 205 312 395 88 259 229 83 270 543 299 87 356 438 187 160 191 318 91 348 244 49 281 388 330 429 448 328 292 112 374 235 230 466 426 33 
631 442 620 578 597 182 424 167 182 369 416 298 296 147 464 545 109 252 285 153 150 88 499 129 533 117 275 305 362 219 609 610 142 130 152 589 419 224 339 246 418 306 340 346 396 562 637 455 414 396 263 775 591 374 539 295 490 429 449 462 505 170 467 250 466 222 626 212 348 21 91 376 400 328 275 393 402 244 588 511 232 584 311 289 183 447 624 709 49 743 509 411 602 531 94 437 679 633 566 572 558 739 492 318 298 443 386 232 345 601 467 440 330 335 336 277 16 439 357 176 226 198 363 413 176 495 560 472 668 648 233 407 287 429 184 660 435 539 354 187 307 379 520 225 362 440 579 177 506 486 578 425 217 401 316 242 333 432 480 95 281 578 483 391 537 58 623 196 185 271 178 644 50 384 208 497 267 35 209 528 616 626 640 624 218 406 329 149 543 489 542 278 135 380 567 255 294 329 436 559 329 293 535 319 397 358 552 546 113 256 108 616 543 617 712 290 642 334 570 319 250 136 457 377 231 411 105 374 528 361 404 535 343 179 175 590 114 789 192 102 218 95 543 33 335 123 273 227 427 70 284 153 231 626 30 439 467 317 282 306 447 619 307 296 441 190 270 478 175 225 329 599 454 655 353 649 533 396 486 330 231 726 384 208 310 220 580 372 486 303 143 489 573 578 514 361 730 394 122 67 468 266 147 555 697 640 556 597 479 161 114 369 674 271 238 157 114 255 279 461 389 522 804 308 508 223 664 242 577 573 613 282 466 668 460 293 224 353 541 387 186 469 444 513 140 422 247 746 185 411 415 539 56 309 491 543 257 203 587 483 630 699 601 275 216 464 193 109 323 532 384 211 260 611 332 265 355 326 446 295 143 338 280 629 317 308 496 578 568 215 184 487 32 400 481 436 112 755 514 258 
724 459 741 584 713 139 414 277 297 420 539 273 400 233 584 653 53 375 184 214 214 113 445 230 635 234 392 210 483 168 660 665 79 170 258 697 541 152 462 130 500 420 326 253 503 583 657 506 504 437 265 806 702 312 534 418 460 396 487 526 485 133 525 136 484 267 692 326 266 137 214 497 342 452 338 361 315 367 683 571 123 651 430 187 254 551 659 750 157 782 610 451 721 649 217 359 743 732 654 589 667 784 559 375 384 498 299 202 247 671 499 549 453 247 457 383 131 431 248 295 282 291 466 534 297 601 643 386 727 712 340 314 338 550 223 737 514 543 323 121 227 408 606 184 380 483 575 162 622 384 633 417 243 424 295 127 417 556 384 83 259 645 451 298 659 75 656 291 279 381 274 662 113 278 328 555 172 117 178 591 687 705 661 659 97 489 287 163 649 434 593 394 29 428 663 360 384 448 493 545 449 216 559 399 521 257 576 649 107 283 43 658 660 657 760 360 720 451 569 441 374 163 384 276 136 501 71 451 636 484 519 622 330 237 228 710 77 817 293 80 328 73 626 157 458 245 394 232 478 120 403 183 352 728 94 563 506 279 211 398 541 671 355 413 561 254 345 479 293 335 324 709 565 759 424 737 589 426 559 293 213 754 305 316 302 336 678 281 601 376 167 470 613 689 609 277 762 489 222 188 420 373 228 677 731 740 663 698 593 210 209 451 707 389 279 179 191 340 403 585 512 551 834 307 628 285 727 302 637 640 623 387 402 709 367 390 345 244 641 421 298 573 565 607 106 529 313 784 200 514 310 596 108 373 470 533 280 228 600 526 740 729 652 359 339 540 101 176 400 546 487 277 380 732 264 287 270 447 457 394 250 458 299 693 430 375 589 680 557 320 262 594 155 439 596 530 228 780 632 316 
206 274 504 301 420 546 377 643 457 239 492 461 719 689 446 306 605 518 655 448 449 682 541 653 256 506 430 642 463 545 74 50 721 488 457 321 475 583 566 687 192 393 417 645 316 229 246 159 217 234 422 261 359 552 348 496 445 455 200 132 405 544 133 681 261 788 35 643 613 572 565 448 540 512 321 456 640 548 206 88 660 16 437 657 412 276 164 174 545 204 247 225 468 438 564 620 86 255 152 247 325 183 101 282 304 161 635 502 664 39 210 318 501 624 625 367 577 367 707 603 376 402 305 455 585 289 115 662 78 55 682 668 320 453 434 112 171 309 460 579 595 277 143 524 319 193 348 509 384 736 56 368 419 280 444 682 270 531 711 574 461 24 450 662 505 597 172 405 413 683 422 254 562 707 469 106 634 628 515 66 46 104 239 162 691 203 495 741 297 541 90 645 640 235 219 377 768 429 165 386 442 589 217 277 544 677 215 265 550 382 676 124 425 138 146 303 102 665 330 603 519 727 602 683 628 221 688 224 310 486 372 144 411 744 746 488 581 281 417 688 658 680 119 582 485 580 603 443 185 546 443 474 598 276 610 551 185 488 574 767 216 72 303 420 453 407 784 327 475 413 399 350 333 302 240 171 77 261 113 481 480 240 607 667 414 441 232 647 383 811 490 401 133 354 203 618 226 250 654 590 512 691 695 513 197 260 300 259 364 737 480 234 192 627 379 748 682 342 538 534 580 199 289 400 464 375 71 357 28 28 284 359 572 149 688 742 474 706 239 258 640 271 457 202 729 303 348 213 462 285 719 71 562 286 410 370 388 432 266 163 368 218 74 770 511 140 620 686 271 260 293 385 456 520 564 383 622 618 294 332 465 448 377 35 381 286 194 261 374 675 722 291 586 237 377 227 506 272 424 342 
212 607 127 691 68 723 698 595 473 492 285 709 593 665 214 133 729 434 859 577 575 729 869 632 176 539 382 860 315 741 485 460 797 624 510 96 271 776 403 858 353 350 691 882 270 621 653 476 322 524 648 657 71 825 720 387 786 769 529 418 757 714 445 857 608 757 405 564 860 637 578 295 827 370 496 754 905 459 203 432 834 395 350 862 539 235 573 573 613 597 200 525 104 146 576 905 427 161 260 640 113 568 399 494 416 459 893 711 895 373 555 223 362 862 460 387 643 696 929 549 541 485 312 265 535 182 298 950 455 419 592 927 525 250 596 336 358 685 738 753 827 565 289 726 603 511 733 684 150 1008 461 690 608 587 703 853 397 302 989 696 700 389 788 915 193 694 581 483 496 567 498 662 655 942 449 445 835 681 709 410 375 318 648 572 844 357 757 765 140 864 474 521 767 503 194 411 659 331 456 759 335 815 599 421 340 909 603 162 685 593 763 534 127 548 533 470 332 503 714 450 436 748 899 923 812 322 760 396 143 327 251 278 687 722 730 134 714 678 478 755 576 750 300 627 349 566 483 647 481 651 376 625 508 137 684 314 526 744 798 649 281 482 523 360 239 546 701 677 480 434 668 70 205 120 430 259 450 560 371 745 688 646 871 593 671 435 179 896 171 716 638 748 533 83 233 870 629 315 639 610 833 580 674 186 604 158 130 151 176 731 560 381 602 507 568 763 683 452 426 281 378 576 681 654 185 529 435 522 430 388 684 385 880 557 963 624 436 926 186 547 579 217 239 235 788 247 506 607 637 268 965 448 661 475 756 740 602 612 661 513 43 626 484 676 458 360 787 697 428 638 294 528 400 152 815 602 870 459 630 385 519 329 608 412 339 467 254 152 752 598 682 188 630 533 175 283 543 676 155 520 
431 216 722 126 639 542 286 749 569 295 677 419 850 777 644 524 624 659 610 499 503 734 405 744 473 598 577 588 637 525 150 176 751 524 550 543 662 558 728 661 352 547 364 577 497 93 32 225 388 259 411 134 580 468 193 650 311 349 207 260 264 545 236 653 191 869 237 762 541 633 654 626 445 675 390 368 550 685 431 220 636 239 596 612 476 473 61 116 609 133 459 244 686 649 654 515 242 480 375 91 543 154 258 345 420 245 551 482 598 263 185 514 664 559 781 504 636 270 642 717 428 495 472 641 701 499 336 548 206 232 801 579 367 643 468 323 332 160 391 569 539 272 354 504 295 221 170 514 593 629 174 279 439 252 397 657 396 717 602 600 428 245 319 578 712 635 53 500 503 813 513 36 607 632 594 217 595 686 503 233 266 326 23 62 677 358 433 798 515 409 170 782 651 280 441 505 887 593 252 218 606 538 116 390 722 607 100 484 572 398 706 101 638 86 159 387 318 814 158 757 660 787 487 608 602 391 726 352 525 658 558 361 358 825 823 704 599 142 517 729 777 719 337 652 651 679 745 443 245 588 593 504 728 501 658 737 191 432 527 890 406 155 348 573 645 465 889 215 587 534 358 572 533 527 346 393 195 255 287 420 466 80 521 781 379 567 455 569 588 920 518 270 110 574 416 542 94 420 743 671 387 818 781 723 75 485 519 483 568 811 553 371 54 765 413 809 758 443 686 726 753 129 159 371 669 435 224 416 204 246 86 496 451 97 582 866 605 642 457 265 752 473 650 414 768 493 416 129 479 469 635 195 605 364 277 210 399 454 91 182 592 60 151 882 642 310 608 758 379 134 467 448 598 737 497 391 548 771 220 467 555 616 378 231 539 370 402 483 201 790 814 499 655 253 581 414 594 104 633 399 
413 240 711 159 628 566 316 762 580 308 676 446 859 793 640 513 647 666 639 517 520 754 438 759 463 612 582 618 638 551 134 159 773 544 564 530 660 585 732 688 352 551 391 607 496 120 65 232 387 275 435 107 568 499 225 655 343 381 222 261 297 569 239 680 216 886 217 774 571 651 669 626 476 678 404 398 582 693 416 217 663 224 599 640 492 468 54 84 627 100 450 260 675 641 669 547 216 463 361 121 532 121 255 359 429 251 582 508 628 246 203 509 668 589 786 511 654 300 672 729 445 508 473 640 712 490 323 580 181 209 812 611 384 641 488 300 332 192 420 595 568 292 345 530 318 234 203 537 585 661 163 309 460 274 424 684 402 716 634 622 454 231 352 610 705 656 50 512 516 823 526 68 627 662 603 217 623 705 528 226 247 306 56 55 703 359 462 818 504 442 167 791 675 294 428 512 899 596 258 251 609 566 140 398 723 638 124 472 594 419 728 88 629 75 128 399 298 821 191 762 667 806 520 638 629 390 747 357 516 660 556 350 386 841 841 695 622 118 529 750 788 740 325 669 653 693 752 467 255 608 598 524 738 484 678 736 205 460 555 901 402 137 364 578 642 482 903 245 599 543 384 559 527 509 354 373 190 275 282 449 491 55 552 793 405 576 441 600 582 933 539 302 110 562 407 573 64 419 758 687 420 828 797 715 42 468 507 468 562 829 569 375 22 773 432 828 775 454 692 723 755 148 134 396 663 451 200 432 192 232 119 502 484 69 614 877 614 673 446 283 764 467 647 405 789 489 431 97 500 467 666 189 626 376 309 244 420 475 123 192 578 30 137 894 650 308 634 776 388 162 466 464 605 727 527 413 579 777 247 473 569 618 400 210 542 381 393 470 234 802 829 491 672 270 575 411 609 85 625 415 
793 419 882 506 839 164 335 477 445 443 697 214 604 440 728 757 202 547 27 311 314 320 287 434 728 396 538 33 637 143 654 666 269 268 398 800 695 109 640 83 562 554 263 59 615 531 595 514 580 439 255 756 814 164 443 583 339 281 477 554 378 174 543 74 441 471 709 524 90 317 398 647 194 619 396 255 121 546 757 587 83 672 578 24 346 652 624 719 324 747 701 449 856 786 401 172 754 814 716 530 774 757 588 414 470 516 108 179 44 698 477 662 618 68 646 504 311 352 46 488 345 405 573 684 486 705 694 188 730 725 543 111 376 698 288 773 570 466 230 138 82 397 666 160 356 481 481 201 748 177 634 342 280 399 233 84 494 721 178 222 212 669 329 96 810 254 619 407 395 582 396 598 276 72 483 568 50 318 176 613 713 746 602 625 120 553 188 365 752 277 592 590 182 442 743 481 591 593 513 440 599 86 516 470 692 51 530 742 219 304 249 636 793 630 741 422 757 646 482 627 545 368 205 70 82 578 276 511 743 644 648 683 269 443 434 852 201 762 418 286 529 279 679 344 618 433 583 244 490 267 553 261 542 815 287 731 495 191 100 605 621 665 386 556 709 338 552 406 448 468 277 818 682 849 478 793 597 413 599 202 202 702 127 518 260 481 760 85 729 583 250 366 591 802 687 96 715 576 425 379 275 576 435 828 689 821 764 785 716 416 347 519 665 583 323 381 398 432 578 748 690 516 779 274 773 356 735 365 648 664 550 505 234 680 162 596 503 43 728 416 498 672 713 686 300 638 381 745 248 617 103 604 268 425 362 434 296 273 533 517 850 680 646 566 509 588 119 383 467 488 590 356 533 878 125 299 88 635 407 500 391 609 301 708 561 431 665 770 455 523 470 698 343 436 723 614 388 721 768 370 
610 213 751 311 694 146 137 471 360 253 594 23 598 464 608 598 240 475 191 215 220 375 188 442 562 338 435 172 535 116 449 462 363 199 315 639 588 143 571 241 386 437 58 172 472 328 395 315 411 241 87 554 660 94 254 498 177 114 274 361 201 155 346 233 236 531 508 507 140 307 370 538 103 535 236 78 176 486 579 388 217 473 474 192 232 496 419 514 296 542 535 249 721 655 372 175 552 637 532 329 618 551 394 238 319 319 167 85 190 500 272 516 530 151 596 380 306 154 234 462 203 293 428 572 453 548 506 220 526 523 537 201 205 584 174 577 389 270 39 164 124 196 483 100 154 280 295 139 609 278 431 142 143 194 29 238 333 626 258 230 39 470 169 192 692 273 414 297 288 568 294 399 265 233 401 369 174 342 110 415 514 552 401 420 261 379 26 437 592 178 389 559 255 249 569 361 608 485 317 262 494 119 311 309 606 203 326 577 205 141 323 430 657 425 536 261 561 610 292 573 475 431 175 210 183 410 348 338 587 547 517 499 64 492 486 722 219 561 314 355 517 345 492 335 525 407 538 107 293 246 454 178 502 643 307 641 291 14 107 618 453 460 208 448 593 218 586 207 371 362 73 661 537 677 303 604 396 212 408 16 86 500 142 512 62 387 586 175 592 619 180 186 386 648 514 147 512 416 436 368 153 566 463 709 485 645 603 613 576 470 277 350 461 547 171 451 430 293 509 649 616 310 579 78 650 218 532 218 447 466 354 377 168 475 233 601 420 233 559 216 485 513 598 512 388 489 232 541 145 465 248 402 260 255 186 251 131 148 335 313 692 478 441 591 441 402 197 421 302 286 441 225 440 752 91 130 149 585 202 363 312 506 123 506 440 263 491 600 274 520 500 542 337 236 585 449 331 522 636 214 
835 421 959 477 909 254 323 588 536 478 785 243 716 555 810 818 312 644 139 393 397 436 217 546 784 494 624 116 725 223 660 676 386 356 488 860 782 201 739 200 610 635 276 76 685 517 572 537 633 464 301 732 878 139 411 676 295 252 492 585 339 266 569 191 439 588 726 634 89 424 503 732 157 713 453 239 51 646 803 609 200 693 665 136 423 714 615 708 427 733 757 471 931 863 506 91 767 862 757 512 837 747 618 461 533 542 57 242 76 721 484 730 711 92 750 581 419 337 86 596 410 485 641 769 592 767 731 82 738 739 654 23 426 782 362 798 613 441 231 237 127 419 708 231 376 500 443 283 821 64 646 331 343 412 254 201 552 812 61 328 250 691 285 34 893 364 608 488 477 693 480 572 381 55 576 590 154 431 250 636 734 775 579 616 237 602 199 482 812 208 605 698 297 473 793 560 706 679 541 397 685 140 507 528 786 66 520 799 319 356 366 634 868 625 737 479 784 754 449 730 643 485 124 47 191 632 393 561 806 734 724 724 282 560 551 930 308 735 501 403 640 396 716 452 709 540 687 304 516 369 641 344 647 867 398 824 507 210 157 719 675 671 431 641 792 412 669 389 542 552 296 881 751 900 526 829 614 433 633 213 263 679 85 630 287 570 810 54 803 699 337 332 592 866 738 79 695 635 538 488 219 687 550 910 674 869 824 837 788 533 440 572 650 689 382 498 513 501 676 838 788 513 752 303 854 423 746 428 665 687 521 581 161 673 47 710 596 90 782 439 608 733 797 736 418 705 444 730 322 681 37 621 373 476 325 397 347 341 510 529 912 661 652 682 607 627 229 499 522 473 657 427 623 958 135 348 79 739 404 571 483 697 344 724 640 484 715 823 414 635 585 761 452 458 796 670 486 694 844 429 
517 343 543 484 507 181 347 214 102 255 353 247 335 232 387 442 168 211 315 56 51 208 457 200 425 69 195 325 294 211 493 492 255 78 55 486 352 236 307 301 299 215 273 358 293 459 534 339 298 286 193 664 493 350 453 242 426 371 338 343 431 169 350 301 366 325 507 243 349 98 113 304 369 279 159 338 402 218 474 393 279 465 235 319 69 340 513 595 70 629 400 301 519 448 114 425 560 522 449 471 456 624 373 204 180 326 387 201 365 482 360 339 276 342 327 173 102 360 389 196 117 82 256 341 185 391 442 466 550 529 276 415 177 356 99 541 316 447 302 205 308 276 403 205 268 328 492 152 416 499 461 346 135 301 259 296 214 378 487 135 230 459 420 401 467 137 513 81 69 302 64 541 97 410 141 380 293 154 186 409 497 507 536 513 284 288 290 266 439 448 426 290 206 268 454 150 356 251 320 479 255 294 431 200 351 379 447 438 127 165 214 502 457 505 595 172 524 340 480 304 210 252 436 397 263 295 220 254 426 301 313 418 274 280 279 512 154 679 82 218 254 210 425 109 275 145 267 164 312 91 210 94 233 517 139 390 356 276 279 363 333 502 197 214 366 79 348 391 107 128 257 499 356 548 234 533 416 291 367 286 188 617 376 253 241 138 468 380 396 380 98 415 460 480 400 361 619 280 198 126 422 302 236 485 585 530 452 488 385 268 8 250 564 277 139 273 214 136 244 405 355 416 693 233 432 110 546 128 459 453 515 177 436 554 464 343 161 386 431 280 224 362 371 399 257 318 131 633 125 303 438 422 101 191 419 461 170 125 487 371 531 589 484 345 174 345 232 215 204 433 276 97 190 537 317 177 358 316 352 183 48 266 193 510 224 190 382 470 485 261 269 383 112 292 390 322 62 647 430 146 
781 441 843 543 806 138 369 411 400 442 650 233 536 370 687 731 142 494 58 278 280 248 349 366 706 345 495 89 592 135 667 677 194 232 355 775 650 97 585 10 550 515 287 129 586 559 628 521 563 446 258 786 786 218 484 533 388 327 489 554 423 144 547 1 464 397 715 460 153 257 339 603 250 569 381 296 193 490 743 592 21 676 535 60 317 627 647 742 269 772 680 457 820 749 342 242 763 797 706 561 748 779 588 407 447 519 179 178 117 700 493 633 568 131 586 469 252 386 112 426 326 371 545 641 426 679 688 262 741 733 475 185 367 656 265 773 560 502 265 105 127 407 656 156 370 491 523 177 714 250 645 374 267 414 255 10 475 671 252 169 226 672 379 170 767 192 643 373 360 516 359 631 220 143 436 574 61 251 165 616 715 744 634 648 46 540 222 291 727 338 603 527 115 445 727 446 520 551 515 486 555 122 541 453 640 125 556 721 173 299 176 655 757 651 760 407 756 584 522 569 493 294 273 144 52 561 203 499 716 596 612 672 293 370 360 813 148 794 380 213 463 207 671 283 570 373 523 237 495 215 509 232 481 796 222 681 508 221 128 534 603 678 381 514 667 312 480 439 401 428 295 792 651 829 467 785 605 425 595 234 200 732 193 451 276 438 743 157 695 509 218 410 610 773 671 162 743 555 358 317 332 509 365 785 716 805 740 766 683 342 303 504 691 521 310 307 327 406 524 700 636 538 811 287 732 335 744 347 656 667 586 471 299 702 237 527 455 108 709 425 432 648 671 669 226 610 362 771 228 591 174 612 213 413 407 477 292 257 567 529 823 709 659 494 457 581 68 312 451 518 564 332 487 837 172 297 154 576 432 470 347 565 303 715 524 418 649 750 500 456 398 672 282 444 688 595 338 754 731 356 
264 244 561 250 477 540 345 668 482 238 539 443 752 710 497 363 606 552 640 455 457 693 503 674 313 526 465 624 507 534 16 11 726 491 476 379 523 572 607 676 226 430 395 624 361 179 189 152 256 224 411 210 417 526 301 534 405 422 180 147 363 539 137 670 227 808 74 672 590 584 584 493 511 552 329 427 614 581 265 96 650 73 475 642 421 326 106 125 557 158 301 211 525 493 584 589 101 313 210 196 382 143 126 287 326 162 610 490 643 96 181 368 541 603 664 398 588 333 687 630 381 420 345 502 613 343 172 629 73 78 711 642 322 502 436 161 204 262 436 572 577 261 196 513 301 178 298 505 438 706 26 336 416 258 424 672 295 579 681 576 446 80 411 637 559 603 114 423 431 716 440 197 569 684 498 107 620 640 506 89 100 160 182 104 684 235 473 754 354 503 65 679 639 230 277 405 798 469 168 338 482 571 172 298 590 655 167 322 551 377 681 65 480 80 109 315 155 702 280 642 553 740 569 661 617 260 695 247 366 529 419 200 389 763 764 545 581 230 437 696 687 687 175 596 526 602 638 435 180 552 479 475 630 334 619 599 162 467 557 798 262 17 303 457 502 415 810 288 500 439 380 408 384 360 256 227 71 244 148 459 469 184 580 695 397 470 290 624 436 838 491 361 82 411 258 595 172 290 675 607 475 722 715 568 141 318 357 317 417 754 494 261 135 661 379 761 699 361 574 583 624 158 240 384 517 382 81 363 43 82 229 390 537 94 658 773 505 686 296 244 667 322 507 256 736 350 357 165 459 331 695 65 569 296 370 323 382 430 213 140 426 161 17 798 542 175 613 702 290 214 335 394 490 577 542 376 599 656 262 362 483 490 367 69 419 297 247 319 325 703 744 344 600 224 430 273 524 217 478 347 
413 32 633 149 560 342 134 553 381 113 536 231 661 576 521 448 420 482 428 295 299 529 304 544 401 401 408 411 486 330 210 225 547 319 355 481 523 366 562 470 231 387 181 409 367 116 190 102 268 70 210 333 511 310 149 482 212 213 49 161 179 344 136 463 32 666 276 571 375 429 455 480 297 512 196 213 399 505 392 166 444 246 435 430 275 364 187 280 406 311 379 60 599 545 455 377 316 451 337 127 469 316 186 154 248 118 394 286 428 275 33 399 503 388 608 335 431 126 472 524 226 303 330 504 509 407 303 418 288 288 609 427 168 510 263 353 221 123 220 372 363 67 294 308 93 66 175 311 491 493 195 125 233 48 211 466 235 575 468 395 236 245 215 422 600 430 184 308 309 625 319 197 402 469 411 148 409 481 305 194 287 334 193 187 482 230 258 593 439 302 154 599 449 96 390 329 693 437 121 187 450 358 88 219 570 440 104 415 368 193 502 193 540 188 298 200 340 637 158 584 483 582 359 445 410 269 521 204 442 505 427 309 175 622 620 610 396 345 326 524 585 514 293 448 492 482 565 241 97 383 426 298 543 463 453 594 59 253 344 697 302 221 149 410 515 263 691 99 398 352 167 508 421 496 182 395 166 52 210 244 267 282 365 588 186 386 408 408 480 722 312 171 147 501 344 379 288 290 542 469 272 628 579 614 258 458 448 437 461 607 351 224 234 583 208 604 555 258 512 590 595 78 361 175 555 234 295 217 215 242 173 328 329 240 444 675 425 472 391 64 558 374 520 342 563 373 219 312 274 346 479 172 400 177 180 167 194 248 145 80 535 256 202 685 459 218 412 554 208 92 333 248 426 642 327 186 384 598 54 300 359 460 173 273 382 185 323 429 183 596 613 403 452 60 472 304 396 309 527 200 
444 125 599 265 537 227 151 431 270 88 465 148 545 450 466 436 297 380 334 168 171 401 308 419 397 280 317 323 409 223 313 321 421 191 237 476 455 261 469 365 220 307 122 333 319 243 318 163 247 89 100 459 498 258 240 390 242 207 137 199 233 226 189 359 148 538 357 454 304 301 331 407 258 423 93 186 342 399 412 234 338 318 351 337 151 336 310 400 278 432 371 102 567 505 332 337 405 471 366 254 456 434 233 75 172 161 333 180 350 344 150 361 416 312 507 249 303 159 391 406 102 191 276 438 393 387 341 382 384 375 490 367 57 447 135 418 222 229 169 259 280 60 317 202 53 135 276 192 455 444 288 146 107 83 137 360 177 501 423 270 144 315 240 358 549 302 308 196 194 511 203 325 274 395 305 216 313 353 193 258 358 391 321 310 371 213 191 465 429 301 247 489 328 87 402 237 572 358 158 270 369 271 216 154 489 364 233 412 243 66 376 308 505 307 411 111 402 532 263 483 381 454 330 373 306 246 394 173 426 425 371 333 118 494 492 572 272 472 215 397 467 387 327 321 407 361 458 122 137 255 337 171 431 477 325 518 156 180 255 578 288 324 48 325 454 139 567 177 286 252 99 499 383 510 139 440 247 77 244 179 158 409 308 468 104 283 420 340 440 599 186 218 263 486 348 312 414 255 416 343 270 512 453 565 382 479 440 447 423 479 226 187 359 473 80 475 428 161 413 520 507 204 487 87 505 113 386 99 298 310 296 245 312 359 398 557 322 390 393 71 438 352 459 346 436 334 107 434 149 308 413 254 272 98 224 251 69 122 269 176 529 382 305 563 352 236 300 426 145 214 287 127 331 603 256 63 314 497 134 223 240 381 55 357 306 107 325 435 273 476 487 382 324 89 433 285 275 437 485 84 
508 273 579 412 534 141 271 290 162 202 404 174 412 302 427 455 171 277 278 20 25 255 384 273 429 145 243 281 344 162 444 447 284 52 117 499 400 195 373 280 279 253 197 309 311 393 468 289 288 226 118 605 511 284 379 302 349 296 279 304 355 133 305 278 297 389 470 319 293 152 188 350 300 339 116 263 345 288 468 350 255 429 283 281 42 350 454 540 129 574 403 241 552 483 189 361 522 521 435 403 471 572 336 154 171 279 331 140 318 449 297 358 334 290 398 200 154 284 349 272 60 102 269 387 261 402 422 404 508 491 353 361 119 400 24 515 293 374 227 172 255 209 386 150 195 271 418 103 443 445 415 269 59 232 184 275 200 433 431 138 158 423 344 347 511 161 453 106 95 379 98 474 128 365 203 335 254 205 132 370 464 483 470 454 272 269 220 318 450 374 377 365 208 212 451 178 432 297 273 403 304 242 365 179 411 333 382 444 117 90 240 448 489 449 546 138 498 415 407 375 277 306 369 349 231 286 253 230 440 354 344 402 198 345 343 549 149 618 120 255 331 245 405 172 331 221 341 91 261 111 261 44 308 520 179 447 298 206 225 439 327 454 139 259 410 35 421 316 173 170 180 515 377 552 202 517 370 225 336 214 122 556 315 329 165 191 467 327 425 454 59 339 404 498 395 305 560 278 269 196 348 379 305 528 527 529 463 490 412 330 85 231 504 352 68 327 278 129 311 458 419 352 634 157 472 63 506 79 417 418 445 200 366 499 406 419 223 347 432 216 301 371 414 394 295 334 91 577 60 314 391 377 128 150 343 386 94 50 418 315 547 529 436 419 243 318 208 277 179 363 287 56 245 576 256 101 303 387 279 195 114 315 117 472 258 152 375 473 410 338 340 395 175 230 418 319 138 585 464 94 
779 591 728 723 718 290 560 202 321 526 517 423 294 133 576 682 196 352 336 309 306 69 603 155 676 257 402 364 471 322 767 768 87 279 302 725 525 310 416 273 573 439 472 407 536 713 788 612 567 551 402 930 721 470 678 399 613 550 604 620 635 281 625 281 615 116 784 249 422 178 207 489 500 425 433 514 470 332 735 669 274 742 431 338 341 590 779 865 206 899 653 566 715 646 209 515 837 777 718 722 692 897 650 476 453 601 455 351 398 758 621 577 430 403 390 421 174 576 392 241 383 353 508 524 252 635 715 541 826 806 245 466 444 540 336 815 591 683 475 277 385 531 673 336 510 596 719 302 631 531 736 562 365 552 443 271 488 523 534 209 407 735 605 450 639 170 778 351 340 288 332 794 196 424 335 655 327 122 327 686 773 781 792 779 236 562 442 18 681 592 700 318 187 537 713 401 259 450 594 693 447 374 687 476 483 407 704 688 237 406 114 773 661 774 869 448 798 370 712 381 350 34 542 426 292 564 88 530 664 465 533 688 476 101 89 698 217 943 343 80 245 90 697 171 439 215 334 367 584 215 406 300 295 768 145 524 623 433 369 275 597 776 463 423 551 347 209 620 309 368 466 731 588 796 511 801 691 549 643 447 358 880 462 227 445 355 725 435 611 235 287 620 729 708 662 433 884 544 147 175 577 277 124 656 852 784 694 740 607 74 271 525 829 320 392 30 101 411 368 552 463 676 958 446 617 380 822 399 735 730 760 428 561 824 518 276 345 388 686 541 224 612 554 661 55 563 405 902 327 554 455 697 198 467 620 679 405 350 735 640 760 853 758 229 324 620 259 85 480 680 529 368 381 714 422 413 426 382 592 444 293 453 427 786 452 466 646 721 704 228 142 627 167 555 607 586 255 908 632 416 
59 416 382 460 297 641 518 655 481 343 430 579 705 713 369 201 682 506 763 518 518 733 688 676 164 541 423 754 420 646 230 204 784 563 496 196 412 684 528 784 232 382 543 765 285 388 403 285 231 355 529 386 236 682 503 472 594 596 336 234 556 636 252 779 407 813 142 643 735 624 596 401 674 477 398 592 769 537 88 218 757 148 415 765 478 230 320 305 597 326 171 350 348 338 594 755 156 110 80 406 213 297 202 372 348 277 761 606 782 119 353 263 466 743 590 380 630 511 822 610 455 447 297 394 593 212 90 798 185 151 679 795 411 387 516 65 219 465 589 674 712 401 126 627 444 323 506 601 292 868 215 509 511 412 565 779 315 465 845 649 576 145 598 787 406 663 329 449 460 671 467 411 624 827 479 236 740 679 614 190 114 54 396 318 782 243 619 785 194 686 243 627 719 346 113 398 762 401 278 542 412 703 373 333 489 795 372 163 628 481 742 279 320 294 262 374 62 634 488 572 508 769 740 804 728 234 749 281 213 441 323 110 537 771 775 374 660 407 455 746 657 739 107 627 449 601 585 542 303 613 430 554 591 135 667 484 325 610 687 758 201 224 399 406 383 478 788 476 496 433 522 223 268 153 311 13 223 388 186 606 583 380 734 670 533 453 115 771 299 812 570 551 291 235 143 742 361 254 680 626 656 681 720 410 339 113 190 130 284 770 532 281 340 610 468 788 715 392 517 459 528 354 410 517 372 449 165 433 185 147 443 373 713 293 821 731 477 821 145 381 646 212 386 143 786 261 421 336 551 257 843 218 627 365 560 525 488 522 425 306 232 362 231 770 512 197 714 723 332 416 278 455 449 402 686 485 745 585 438 354 505 415 483 149 369 361 154 142 531 678 740 217 631 361 296 214 542 408 329 423 
718 353 811 451 766 96 277 433 380 368 630 145 562 405 659 682 160 485 53 240 244 293 266 393 653 335 470 48 570 69 584 596 258 200 332 726 628 42 581 102 487 484 198 82 542 469 537 442 505 367 181 695 740 132 392 519 297 236 407 480 331 108 470 93 376 450 636 477 84 266 345 579 164 556 321 204 136 487 682 514 81 599 511 55 274 577 559 654 268 683 626 377 785 715 348 176 683 738 641 470 700 691 514 339 395 442 120 104 87 625 408 589 554 69 592 432 262 294 117 438 270 334 499 616 434 630 619 207 660 653 499 142 301 630 215 699 494 410 173 78 44 326 591 85 286 410 431 129 676 223 564 283 205 329 166 99 419 656 216 171 141 596 288 126 741 209 555 337 325 537 326 540 223 133 419 496 33 279 101 539 639 672 543 560 127 478 130 347 677 255 522 540 154 368 668 410 556 525 439 394 531 34 452 395 629 102 467 667 160 229 227 569 721 564 674 347 683 596 430 571 484 346 201 119 51 503 254 436 669 578 576 607 204 417 409 781 151 703 348 264 484 255 604 295 553 382 529 169 417 210 486 190 489 740 244 667 425 129 36 569 546 595 311 488 640 265 523 348 384 399 208 744 609 773 403 718 525 343 524 142 127 642 122 474 190 415 685 107 657 555 181 318 524 728 612 96 654 501 385 331 245 532 402 759 626 746 690 710 644 391 282 444 602 531 247 362 365 358 518 683 630 450 720 203 703 282 664 290 576 591 494 433 220 615 194 558 439 115 653 344 452 597 644 610 287 564 306 682 174 543 161 532 215 349 315 385 221 199 476 447 776 619 576 534 448 513 82 352 391 427 516 282 467 808 84 224 90 581 343 427 326 542 227 636 490 355 590 694 408 481 438 624 295 364 650 539 327 663 696 295 
487 260 563 400 516 160 265 298 157 182 393 180 417 315 413 435 193 273 296 34 37 273 387 284 409 149 233 298 333 179 424 426 305 74 115 479 388 213 368 301 258 239 197 324 292 378 452 269 267 208 119 587 492 292 370 294 347 296 261 283 349 153 284 298 283 404 449 325 307 168 197 338 306 331 94 264 357 286 447 329 275 407 272 299 28 330 436 522 144 555 383 223 536 467 198 371 501 500 413 389 452 553 315 133 150 259 344 153 335 427 280 339 326 305 396 184 171 277 367 277 39 90 250 374 265 383 400 415 487 470 359 375 100 386 34 493 271 363 230 192 270 194 364 166 184 252 408 122 426 459 394 263 60 218 187 296 178 423 444 160 165 402 342 362 497 182 436 94 84 383 90 459 148 382 197 314 273 222 148 349 443 461 455 437 294 247 227 336 430 378 357 367 230 193 430 163 440 285 253 395 292 257 350 157 402 350 366 423 139 82 261 429 472 430 526 116 476 415 396 373 273 324 377 365 250 264 274 208 421 344 328 381 197 360 358 533 171 601 110 275 337 266 383 186 322 228 341 97 241 131 250 65 309 499 198 437 280 213 240 446 306 434 120 247 396 16 432 307 170 159 178 496 359 532 180 495 350 210 314 220 134 539 327 336 165 183 446 342 408 464 81 333 385 479 374 318 542 257 281 208 350 384 318 514 509 508 443 469 394 345 92 209 487 353 55 345 293 110 307 447 412 336 616 155 457 41 485 58 396 396 432 184 372 480 419 426 217 364 411 200 307 351 401 373 315 315 69 558 75 294 407 356 148 129 338 378 88 56 405 296 528 511 416 429 240 296 229 292 157 350 268 35 237 561 267 94 317 385 268 177 114 304 110 450 244 130 353 452 401 345 352 376 190 213 401 298 143 568 448 73 
425 210 534 350 479 217 239 347 180 114 383 194 458 373 391 388 261 290 346 103 105 342 384 340 357 195 231 343 325 228 355 357 375 143 150 431 375 264 380 360 194 225 191 363 255 320 394 200 209 144 131 523 448 311 329 301 328 286 197 213 322 211 215 356 230 466 379 367 341 234 250 326 318 336 26 260 386 310 388 259 333 337 266 349 72 284 371 454 208 489 330 159 504 438 250 392 431 443 350 333 407 485 245 64 103 189 375 193 377 358 219 300 329 343 418 167 238 248 413 320 31 101 211 359 305 337 334 437 417 400 404 408 37 369 92 425 205 317 233 250 308 139 300 210 143 186 365 177 392 490 325 235 90 167 193 355 123 418 472 229 183 332 325 396 476 252 371 106 105 423 114 401 218 424 215 244 323 290 195 279 373 394 396 371 357 184 243 403 382 377 288 399 297 126 373 151 488 275 183 360 285 297 291 99 403 391 307 372 206 76 331 362 440 364 457 51 408 442 351 393 291 390 391 404 306 207 344 143 375 341 300 317 188 421 421 505 238 537 125 344 380 335 317 249 321 277 368 128 172 201 250 131 342 444 267 434 215 229 279 492 250 365 56 240 378 64 486 266 197 163 168 451 321 477 113 431 280 153 246 233 170 475 354 383 163 194 389 377 375 517 147 307 319 435 316 351 477 206 339 267 346 425 377 492 444 451 395 414 359 409 149 148 422 384 48 412 355 78 323 439 420 275 552 148 433 31 415 12 326 327 378 163 379 413 446 470 232 411 357 141 353 303 383 315 385 274 18 492 127 251 446 286 218 60 313 340 85 98 350 230 482 448 347 480 262 229 289 356 96 296 226 44 242 534 296 87 351 407 221 146 154 297 97 381 226 63 295 398 363 391 410 330 253 150 368 243 191 505 418 5 
462 27 666 158 596 299 82 539 376 133 554 180 653 556 545 487 382 484 377 273 277 499 254 525 442 387 416 358 501 283 264 280 510 290 345 522 543 318 569 422 267 400 128 355 393 149 222 151 301 95 168 374 550 256 133 490 167 160 99 207 142 302 185 414 51 642 330 562 321 403 438 497 242 522 194 158 344 505 439 218 396 300 447 378 259 397 233 328 382 358 418 92 632 576 439 322 370 498 385 155 507 365 235 160 260 163 340 240 375 329 88 429 514 335 611 345 405 78 419 514 210 297 354 524 500 443 353 364 343 343 598 372 160 532 236 407 260 122 166 327 310 62 340 262 57 113 169 272 522 438 250 73 203 33 159 418 254 592 414 360 187 299 169 367 627 397 229 302 301 618 310 227 373 415 410 200 359 453 261 246 341 387 227 234 436 264 205 563 479 251 209 596 409 118 435 335 680 451 164 167 463 306 127 235 584 386 143 456 332 164 466 244 572 238 349 205 393 637 156 587 484 553 305 391 362 302 486 232 480 519 451 355 122 598 595 641 358 384 321 490 575 480 341 425 504 469 563 202 138 353 435 268 538 509 423 610 112 200 293 686 338 275 144 421 538 246 673 72 393 354 117 548 451 542 204 446 220 60 257 191 224 322 310 576 137 387 453 354 510 706 280 131 200 539 386 325 331 319 523 449 221 620 558 641 302 505 488 482 491 581 334 250 278 580 186 574 531 261 516 609 606 124 401 129 582 221 350 206 270 295 193 339 277 289 390 665 426 419 434 74 546 409 543 384 528 402 212 357 240 376 425 226 370 185 139 147 162 217 167 134 576 297 257 670 458 261 367 529 224 112 359 235 431 673 273 155 329 601 26 313 348 474 140 328 397 194 364 472 168 584 593 439 428 85 503 339 382 346 557 190 
309 252 425 379 364 336 318 376 190 119 304 309 461 421 295 268 368 266 468 203 203 422 482 384 235 238 183 465 254 349 301 295 469 250 190 310 292 385 336 478 84 157 295 484 145 327 393 168 89 162 248 491 328 426 379 257 410 381 198 145 392 329 162 475 264 520 298 379 461 312 297 248 429 284 97 361 505 293 269 197 452 257 205 471 163 164 346 412 284 447 209 172 393 331 296 506 352 323 237 345 286 435 168 98 35 148 494 314 498 270 227 186 274 464 387 110 317 322 534 337 148 136 103 273 320 217 227 551 346 321 418 527 125 280 208 326 102 355 341 369 429 189 189 332 217 180 407 296 280 608 267 312 212 217 304 473 3 343 589 334 301 250 410 516 377 348 349 138 148 425 156 401 309 545 206 189 444 367 316 206 285 292 392 346 472 72 357 478 261 476 240 391 405 136 253 113 505 206 141 415 219 418 298 22 339 513 311 250 315 194 427 324 330 331 402 71 309 421 390 363 267 462 502 525 426 86 434 45 255 274 200 205 291 476 478 398 347 509 148 433 394 425 210 318 262 311 352 249 150 298 200 244 339 323 354 362 208 345 401 506 129 309 126 181 287 165 517 321 208 147 271 330 208 356 50 320 223 192 156 346 291 451 471 402 272 178 269 497 266 546 259 380 290 316 196 470 447 85 386 323 444 431 427 393 413 330 274 293 248 470 219 35 396 373 170 483 414 78 292 358 365 276 521 256 333 138 339 127 257 244 394 102 486 374 564 481 214 532 235 177 374 182 292 195 473 159 112 452 246 134 567 228 312 77 387 395 203 219 366 212 362 424 294 505 252 131 407 420 29 320 113 142 205 429 415 202 471 378 271 73 198 229 208 302 151 68 175 277 414 410 453 211 322 172 258 122 238 484 311 122 
327 540 170 658 162 552 608 368 275 408 57 575 365 439 15 181 538 209 689 407 403 515 766 408 213 336 180 696 90 579 515 496 587 449 320 208 42 608 174 675 296 164 574 726 151 599 653 435 258 449 512 710 185 692 666 162 700 666 477 387 683 542 413 676 550 528 463 335 710 433 365 73 702 141 368 642 761 232 289 425 654 434 140 693 376 174 588 624 413 655 210 458 153 85 362 772 505 295 316 618 177 633 386 386 287 414 747 557 735 426 507 132 133 707 234 219 440 612 762 324 395 314 187 37 310 167 343 817 520 484 362 778 404 21 437 431 313 639 617 579 672 479 307 568 506 458 691 518 93 862 481 601 459 507 576 670 287 87 847 508 563 426 699 765 93 496 594 311 322 338 321 662 460 781 242 428 666 470 549 416 435 399 650 587 656 293 624 544 186 759 475 291 574 424 264 240 430 124 408 704 121 659 571 307 117 750 581 214 502 459 558 555 103 566 596 347 418 278 674 222 211 527 774 766 637 256 551 313 166 98 90 309 571 496 504 140 527 731 299 544 347 540 333 418 122 347 253 499 426 461 167 457 279 273 480 106 483 610 642 421 239 517 410 160 10 387 471 611 277 248 551 199 116 287 337 371 451 481 359 615 537 683 730 364 547 237 263 745 79 487 466 670 535 176 250 722 672 230 416 397 728 350 449 111 641 299 194 258 92 506 372 293 630 277 427 541 461 306 197 84 158 548 739 532 57 381 504 381 457 422 667 221 763 594 822 396 225 760 232 467 351 179 9 252 574 152 367 663 477 176 808 452 466 362 678 684 468 459 640 480 221 658 510 447 238 334 607 476 318 600 184 375 190 162 671 470 720 232 561 237 327 112 481 470 159 352 256 241 701 369 454 163 421 460 82 230 342 716 74 387 
158 365 299 462 223 500 453 470 300 247 264 470 521 529 218 112 525 321 632 362 361 558 624 493 71 363 238 629 242 513 294 274 615 409 322 149 247 550 350 641 108 196 448 648 100 395 442 239 79 280 411 488 175 584 483 289 542 525 289 183 515 493 210 638 368 629 242 457 623 453 416 225 584 297 261 510 666 352 114 211 615 212 230 635 322 49 371 402 426 433 45 282 264 219 414 663 287 161 108 415 132 411 173 252 190 220 655 479 662 205 317 90 285 627 411 199 459 452 699 425 312 279 113 227 408 71 126 708 299 264 494 689 286 225 371 224 115 450 496 532 593 321 86 496 358 271 501 460 163 769 261 445 377 343 462 636 163 303 749 491 462 204 544 678 282 498 377 280 292 486 297 451 459 709 295 218 609 505 481 197 216 188 438 370 633 113 516 607 104 620 260 443 563 259 93 219 577 218 216 522 229 582 370 186 320 677 377 86 474 356 575 336 209 348 374 234 208 453 482 391 323 591 656 689 590 80 579 152 105 265 147 91 444 588 592 278 505 509 282 576 472 569 113 451 269 418 401 413 240 450 244 406 405 159 498 323 290 504 565 573 37 295 281 221 224 326 603 436 314 253 425 174 105 192 187 185 235 316 144 504 456 463 632 484 429 270 107 660 158 627 420 505 321 164 42 632 451 82 497 447 588 496 537 293 420 169 114 129 138 588 364 140 411 426 334 609 534 232 333 305 357 347 517 413 239 302 284 291 235 200 462 193 636 373 723 547 292 697 71 303 461 43 228 42 614 79 276 441 411 72 730 235 463 236 514 503 365 383 437 280 203 438 289 585 326 124 569 543 190 405 93 304 263 310 577 364 633 405 388 179 331 233 368 249 183 228 35 112 516 492 556 69 455 289 151 42 365 496 203 286 
523 525 416 664 413 387 551 115 136 406 204 463 154 187 267 399 338 50 510 271 266 276 673 158 407 149 135 526 165 421 607 598 352 292 174 438 213 439 107 478 372 176 486 564 272 624 694 474 348 447 407 799 426 566 646 93 635 585 494 452 635 374 470 481 543 277 590 87 559 222 141 185 585 112 320 552 613 21 478 503 462 551 143 514 263 328 653 719 213 753 390 460 405 338 138 639 642 507 479 640 404 740 471 360 277 455 597 417 567 557 521 301 119 549 111 198 228 562 584 72 307 215 264 215 61 360 490 679 643 614 122 623 352 231 313 592 394 632 517 403 517 454 446 418 460 478 681 364 332 705 572 548 348 483 474 473 305 210 696 315 447 543 631 608 326 288 656 210 212 118 204 703 262 609 104 496 490 241 400 508 570 557 695 653 450 362 507 295 400 664 548 84 367 423 453 194 206 159 448 676 151 503 594 308 171 580 609 416 321 369 331 632 355 638 706 315 576 126 667 90 48 278 652 599 455 345 318 352 381 154 246 457 486 243 251 386 336 817 191 309 101 308 474 198 131 110 52 379 452 271 127 310 33 492 261 213 508 493 489 203 362 614 369 150 242 277 232 583 120 164 467 438 305 515 352 556 530 465 452 503 404 759 589 116 454 131 461 588 312 255 312 620 597 414 413 571 755 317 166 166 637 126 196 343 721 513 412 468 313 254 209 336 703 67 338 290 212 257 55 239 157 575 829 444 306 294 632 307 558 538 688 207 652 681 674 177 92 580 422 451 99 347 244 413 333 296 300 759 342 299 639 534 269 338 625 657 376 339 659 516 464 731 600 213 56 424 419 228 318 607 281 281 109 401 531 382 567 100 538 235 175 153 398 595 189 331 404 449 680 122 202 352 200 455 310 349 156 791 325 322 
475 241 563 381 514 168 249 316 169 164 398 172 433 334 415 429 208 284 302 53 56 292 376 302 401 166 239 302 338 184 406 409 323 89 128 473 392 219 378 310 245 242 184 326 289 359 433 251 256 189 110 568 487 287 352 303 333 284 242 266 334 161 267 307 264 423 432 341 307 187 215 342 300 339 79 253 355 299 436 312 284 391 277 305 39 324 417 503 163 537 375 204 535 466 216 367 484 491 401 370 447 534 299 116 142 241 343 154 337 411 261 336 334 306 409 186 190 261 371 294 22 96 246 377 281 377 386 411 469 453 376 375 81 389 40 478 257 345 221 201 271 175 352 168 166 234 390 129 424 458 377 247 54 199 177 305 168 429 442 176 158 386 329 362 499 200 417 101 93 399 100 440 166 384 208 297 278 241 151 332 427 447 436 418 305 235 220 355 424 368 338 381 244 175 420 165 457 289 235 379 297 258 331 146 410 352 347 416 153 67 278 410 471 411 508 102 461 428 378 385 284 343 371 366 258 254 292 195 415 351 327 368 184 379 377 533 185 582 118 293 353 284 369 205 329 246 354 93 223 149 257 78 324 490 217 444 261 207 241 464 297 416 101 252 399 25 450 289 183 166 165 491 356 523 166 483 332 191 299 213 132 519 325 354 153 192 437 342 406 482 94 318 366 474 364 317 523 249 300 227 339 400 337 516 490 498 437 460 392 365 110 198 468 367 37 364 312 105 318 453 422 316 597 142 458 29 468 43 379 380 413 184 364 462 417 443 227 368 403 181 324 344 403 363 333 311 56 540 79 289 409 339 166 113 323 361 74 55 386 277 522 492 398 447 252 282 239 312 145 331 263 30 244 561 265 80 316 398 249 174 129 309 95 434 246 116 343 444 384 362 371 370 209 194 399 289 160 549 447 56 
383 348 401 484 361 316 393 259 76 222 230 339 341 310 249 296 316 148 453 169 166 334 538 273 282 138 76 459 171 340 422 414 393 213 99 340 224 371 228 446 192 75 344 487 146 440 509 287 176 265 276 612 345 455 474 149 483 441 309 266 474 306 283 445 365 411 413 259 471 230 192 174 466 182 148 414 522 174 339 317 423 372 111 457 137 196 466 533 204 567 259 278 376 305 190 535 465 383 324 456 310 555 287 182 90 268 508 318 497 381 337 192 174 469 273 26 236 400 526 218 160 75 113 209 201 245 325 579 463 436 298 539 184 222 198 428 214 456 385 344 433 279 282 329 294 293 506 280 269 623 387 388 221 308 342 441 118 263 608 283 326 364 480 526 332 282 469 73 85 304 85 517 243 543 85 310 430 281 310 324 396 392 509 466 431 182 388 382 293 530 361 271 353 240 317 7 385 122 261 507 131 420 410 121 248 511 424 295 272 225 355 445 313 451 522 136 411 304 491 249 149 366 538 527 403 173 356 165 279 186 167 295 343 368 371 371 300 630 64 352 274 346 308 227 166 199 233 261 266 238 95 219 218 375 276 279 322 374 403 385 202 429 197 85 232 148 399 412 93 29 322 352 208 405 165 406 344 287 271 380 298 571 491 282 315 57 330 506 250 427 230 459 410 332 266 482 568 150 276 222 501 310 317 350 534 390 306 346 239 366 147 151 516 254 193 385 310 80 177 286 266 390 642 301 293 145 454 149 376 359 505 32 530 494 583 360 94 523 291 273 255 219 236 265 390 172 137 573 238 160 570 348 248 157 466 488 234 220 476 329 383 544 414 385 131 244 376 319 131 426 134 137 91 398 432 238 481 263 364 52 108 143 250 417 80 149 251 327 509 291 340 237 231 274 243 190 141 604 287 159 
161 288 439 343 356 525 389 589 405 220 423 453 659 638 377 241 574 457 642 413 413 641 560 602 191 458 369 631 396 527 138 116 684 456 410 259 407 565 501 667 137 330 416 640 249 271 301 157 156 228 407 329 296 554 381 432 467 467 207 108 430 521 123 662 280 738 86 585 609 531 515 381 546 446 287 463 642 487 149 90 640 52 373 644 374 208 222 242 503 273 179 222 403 371 514 627 137 204 92 291 260 251 74 255 255 149 635 486 657 52 226 250 435 619 560 310 536 383 699 547 344 356 242 386 529 221 53 670 142 109 624 669 294 385 405 112 117 343 461 558 588 273 74 507 316 195 388 486 316 741 109 381 395 283 439 662 220 463 717 542 452 44 471 661 437 562 230 358 368 623 376 310 524 702 413 108 620 586 496 63 66 83 296 221 668 148 493 697 232 558 124 583 611 221 157 322 710 364 151 420 377 579 253 232 477 671 255 200 520 362 641 184 358 198 214 266 95 601 369 539 458 682 612 679 610 159 651 178 244 419 304 78 410 695 697 423 552 350 368 650 600 642 53 537 419 528 541 423 176 510 381 444 538 221 571 483 197 484 563 708 149 138 280 357 384 372 728 350 422 358 396 288 265 251 201 139 101 260 67 479 463 307 607 610 407 385 172 645 315 755 460 424 181 290 136 616 293 188 604 542 528 631 645 446 263 210 235 201 296 690 438 184 257 565 353 703 634 297 475 465 513 232 357 392 395 341 128 324 80 41 332 302 584 215 693 682 416 698 174 253 584 202 388 134 690 235 313 281 437 219 717 97 526 253 433 402 369 407 311 179 309 283 135 713 453 88 598 640 229 294 228 349 395 455 560 365 619 553 310 277 418 383 361 91 318 251 126 200 410 618 670 223 542 234 309 161 458 339 356 311 
713 310 840 388 787 157 220 504 427 356 671 120 634 482 692 695 239 538 115 280 284 375 181 468 660 391 511 87 611 121 548 563 343 249 379 737 667 117 634 181 487 518 158 72 563 417 479 418 510 344 178 639 756 48 325 567 221 163 375 464 259 170 449 171 331 533 609 546 37 336 411 617 79 604 330 138 78 544 680 490 164 575 551 115 307 592 511 606 333 633 634 352 811 743 413 99 653 739 634 414 714 645 497 337 411 422 66 127 92 603 371 609 601 52 652 463 332 236 136 504 289 369 519 653 498 644 609 138 626 624 571 100 303 666 245 679 490 349 118 153 43 299 585 122 256 382 363 176 700 181 532 227 223 295 132 179 429 700 165 244 126 573 211 89 776 285 506 373 362 607 366 481 292 131 467 472 109 356 141 517 617 655 486 512 211 479 79 431 689 170 490 605 238 352 670 442 633 564 420 322 571 51 403 405 677 103 417 675 226 233 311 527 747 520 632 356 664 660 364 630 537 429 118 108 136 509 339 437 683 622 604 601 164 499 491 811 226 645 387 347 554 339 594 365 598 448 590 183 396 276 528 233 552 743 321 714 392 88 57 645 552 559 308 526 675 295 603 290 434 437 176 758 630 777 403 707 497 314 511 93 145 586 48 546 164 458 687 72 682 635 229 248 483 743 614 44 600 512 461 400 162 602 480 793 575 746 701 714 667 474 333 448 551 595 260 446 443 380 571 725 682 406 662 180 736 303 633 306 549 569 432 462 134 569 140 632 487 136 658 319 522 610 680 613 373 583 322 631 207 559 145 504 284 353 244 316 224 223 417 414 789 565 540 612 502 505 167 432 399 373 534 307 512 839 12 224 46 640 296 450 374 583 221 608 523 361 592 700 337 553 517 638 365 339 675 547 384 604 724 306 
657 547 581 686 575 309 542 55 202 454 370 422 173 31 431 548 231 206 405 254 250 123 626 7 547 152 267 427 326 346 686 682 199 247 202 589 378 350 267 357 469 307 461 469 406 662 737 536 456 488 381 864 582 502 653 253 612 553 540 531 624 297 542 362 569 131 688 105 474 134 94 345 527 277 358 517 527 184 612 582 347 646 292 408 272 463 713 792 148 826 527 503 569 501 94 564 741 649 602 674 556 819 557 403 354 521 511 359 466 658 562 444 283 459 245 302 136 556 473 93 320 258 385 378 105 503 604 597 736 711 113 531 380 394 294 707 489 649 479 313 432 479 561 352 470 528 692 303 490 606 652 541 330 504 439 353 388 374 603 222 405 639 606 514 492 181 714 255 248 155 238 744 176 502 204 572 389 112 336 594 673 672 739 713 323 458 455 130 547 616 620 175 247 468 588 286 167 310 514 676 305 419 634 381 335 478 650 558 241 365 191 700 517 703 788 366 690 230 682 234 204 114 584 498 352 452 170 434 529 318 396 575 463 88 93 551 240 879 241 160 104 162 587 106 293 80 186 347 510 195 268 270 147 637 145 376 557 444 409 179 480 694 399 288 406 283 147 591 186 250 448 593 452 663 422 683 607 494 546 456 355 818 510 90 430 228 599 496 470 180 263 608 659 570 541 486 819 429 5 78 594 147 38 508 785 655 560 610 468 92 195 424 764 175 341 125 47 317 221 404 315 618 894 425 471 312 729 330 645 634 718 309 594 751 583 167 210 469 559 483 78 484 408 541 175 433 331 830 304 429 534 613 183 388 611 659 368 316 691 571 621 790 677 149 183 520 314 64 388 636 406 299 244 566 459 375 481 236 554 331 195 310 391 691 320 384 528 591 683 94 66 495 104 494 466 468 154 848 487 348 
196 527 140 622 61 623 612 503 373 405 206 615 513 572 135 58 629 341 760 478 475 631 782 538 108 439 283 761 225 643 437 414 698 524 410 62 190 677 322 758 268 250 600 785 170 555 596 401 234 440 553 622 37 731 645 295 702 682 452 344 677 614 372 757 530 665 367 474 763 537 480 204 735 283 401 664 809 367 168 367 734 348 253 763 440 141 521 536 513 563 123 444 104 86 478 811 399 155 213 575 40 537 331 402 319 382 798 613 797 332 480 123 273 765 382 287 544 612 830 457 444 385 213 179 442 92 249 857 422 385 505 831 431 166 497 315 278 612 647 653 730 479 226 628 515 433 662 585 57 913 408 605 510 503 610 753 303 232 894 596 605 341 704 819 153 594 528 383 396 484 398 605 555 844 351 377 736 582 611 350 337 288 591 519 744 271 663 669 67 776 414 437 667 418 148 310 577 235 378 685 240 718 531 327 266 812 537 99 585 498 664 483 67 496 500 375 305 427 644 370 343 651 807 826 712 234 661 307 57 240 152 221 596 630 637 124 614 643 378 656 487 651 246 528 259 470 398 549 402 551 278 526 418 130 584 249 452 650 700 568 197 436 430 262 158 447 616 598 381 334 576 50 105 139 340 245 389 476 302 652 591 604 776 504 578 336 140 799 76 633 538 666 474 26 165 774 589 222 544 512 745 496 581 156 561 157 65 123 77 637 460 291 556 423 471 667 587 354 336 219 306 508 648 562 123 431 403 425 379 339 621 284 790 513 869 543 339 828 125 462 487 126 159 167 690 148 409 573 538 171 868 388 560 382 675 665 507 514 596 442 76 582 434 592 362 285 687 601 334 567 196 430 303 156 719 507 773 381 550 286 419 236 514 374 239 373 182 111 678 509 590 96 531 450 79 196 444 636 82 424 
355 312 407 445 358 317 363 300 114 183 253 323 383 348 261 281 329 190 454 172 169 362 515 311 261 170 111 456 197 337 379 372 417 218 125 326 245 370 266 453 152 95 321 482 135 399 467 244 140 226 259 569 335 440 438 186 454 416 268 223 442 308 240 451 327 448 372 301 463 255 226 196 449 216 118 390 511 216 312 275 428 331 141 457 133 178 423 490 228 525 236 238 379 310 225 520 425 359 291 416 297 513 245 146 49 225 499 310 493 342 297 182 208 462 313 39 261 369 525 260 144 82 94 228 242 229 289 565 422 395 340 531 154 238 192 391 173 418 364 347 427 244 247 324 262 251 469 279 268 614 345 357 209 273 323 448 75 289 598 295 311 323 452 518 345 300 426 82 94 347 99 476 261 540 128 267 430 308 306 282 356 356 467 423 441 141 372 414 277 507 318 313 367 200 291 35 427 147 218 473 158 414 369 79 278 507 383 275 281 206 377 402 315 408 480 101 374 345 453 289 190 398 522 522 406 137 381 123 266 214 171 261 319 405 408 377 311 587 84 378 316 371 272 255 198 237 275 249 224 253 130 219 261 354 300 306 281 358 397 428 171 386 164 115 247 142 440 378 132 69 299 341 201 385 123 374 301 250 230 362 289 529 480 324 294 100 305 498 250 468 232 428 367 323 238 474 525 118 314 255 477 353 355 362 491 366 290 324 236 401 165 109 473 296 175 417 345 53 217 309 300 349 599 279 304 129 413 128 334 318 465 33 510 452 572 403 137 522 267 236 297 199 252 237 416 159 114 530 233 141 565 306 265 121 435 453 215 211 436 287 373 501 372 427 174 204 381 353 90 387 114 125 130 406 421 217 473 303 329 20 133 169 228 376 95 112 220 306 473 333 379 222 259 235 243 160 171 561 291 134 
575 138 799 119 727 358 88 649 500 268 689 223 770 656 681 615 451 612 390 379 384 581 162 629 569 502 548 364 635 330 334 356 577 383 464 648 678 356 700 449 397 534 173 345 528 170 214 269 434 228 249 373 678 233 52 621 66 113 216 327 20 365 301 440 137 734 416 677 309 499 547 632 206 654 324 142 310 630 557 324 427 394 580 390 375 530 269 357 482 378 546 222 765 710 548 271 445 615 501 160 636 396 350 293 394 285 312 295 365 424 191 562 646 328 739 477 499 75 408 630 329 421 489 659 617 573 465 303 411 423 712 339 288 667 337 500 388 87 176 378 316 196 460 313 178 233 86 343 656 384 332 89 301 169 202 446 389 726 357 436 238 396 75 339 762 478 261 427 423 736 432 214 462 394 536 308 378 542 319 351 434 488 222 270 473 396 217 645 607 165 298 717 468 252 556 467 791 585 288 48 597 318 173 370 717 373 179 582 409 270 535 297 706 285 392 337 489 762 89 714 612 637 243 371 394 434 559 366 610 653 586 474 170 692 687 775 428 375 446 565 689 555 456 524 636 580 688 285 264 442 567 360 660 629 509 744 220 221 311 798 469 344 275 553 673 361 778 68 516 483 182 675 585 661 339 552 317 194 376 207 288 321 283 689 202 515 574 333 644 810 369 29 262 668 511 308 338 453 625 553 143 736 657 776 319 622 616 603 625 672 444 385 296 702 299 658 627 392 644 744 738 188 393 205 717 342 424 330 359 393 162 472 206 326 338 778 553 410 559 209 660 540 678 509 600 536 338 374 327 510 394 322 458 318 33 39 265 314 154 236 702 304 328 778 583 385 411 621 359 130 494 355 562 807 271 258 314 728 116 447 465 608 242 412 531 327 490 596 61 697 694 570 527 218 636 471 496 334 691 315 
585 307 651 438 609 66 277 301 218 264 468 150 430 295 497 532 104 327 203 80 83 217 356 272 507 179 308 210 409 95 503 509 228 38 170 576 466 121 423 202 355 323 192 242 387 431 505 349 365 280 117 651 588 239 395 358 341 281 330 372 357 56 370 200 332 368 537 340 232 137 203 417 261 395 188 245 286 332 545 415 177 496 349 207 118 427 503 593 127 626 481 294 626 555 205 311 588 599 511 438 549 627 405 221 248 342 271 90 249 518 343 434 393 225 439 273 136 293 276 295 131 174 346 454 288 480 496 351 571 557 368 299 182 468 70 587 367 398 206 95 191 252 462 90 227 326 435 35 518 382 476 279 86 270 168 197 277 494 371 77 133 491 334 284 579 114 501 177 164 401 165 510 97 295 258 399 180 177 71 437 533 556 509 503 195 345 185 282 528 346 436 395 137 271 529 250 438 363 337 412 369 177 406 256 468 264 422 522 50 126 184 501 563 500 603 212 570 449 427 418 326 273 324 281 154 363 203 305 517 416 417 478 195 326 322 621 79 663 187 207 349 197 479 165 391 240 378 82 321 77 324 32 340 597 143 506 349 172 162 448 405 514 199 326 478 112 417 335 224 237 183 593 453 630 275 592 433 270 408 184 83 600 260 343 163 253 545 263 499 450 19 341 456 575 473 244 606 356 267 198 323 398 295 597 575 607 541 567 487 306 122 307 551 384 123 294 262 207 360 521 471 396 679 162 542 138 571 152 481 486 475 274 328 552 347 432 278 273 510 264 317 448 483 471 245 411 165 627 43 391 323 440 92 222 343 397 124 71 450 369 624 574 495 421 290 391 130 256 255 396 364 134 306 647 202 131 241 428 308 272 165 380 144 538 330 225 452 551 422 351 332 473 167 282 492 396 172 627 537 164 
712 562 649 699 641 290 545 123 253 483 438 415 225 57 497 609 202 273 367 270 267 70 611 75 605 193 328 392 393 326 720 718 138 251 241 651 445 323 336 312 514 366 459 435 464 682 757 567 504 512 384 891 645 481 660 320 608 546 565 568 625 280 577 318 586 101 730 171 444 137 137 411 509 345 387 510 496 252 667 619 307 687 355 370 296 520 740 823 160 857 584 527 636 568 139 536 783 707 653 692 618 852 597 432 396 554 480 347 429 702 585 504 350 428 312 354 135 560 431 161 342 296 440 445 172 562 653 567 775 752 171 496 403 461 305 755 533 660 471 287 404 498 611 336 483 555 700 293 554 567 688 545 338 521 434 309 430 443 567 203 399 681 600 480 560 159 740 293 284 214 275 763 170 461 262 607 354 90 323 633 717 720 760 740 276 503 443 62 608 600 653 240 209 495 644 335 201 373 547 679 369 392 654 420 403 440 671 616 227 376 141 730 583 732 823 399 738 294 691 302 271 45 559 460 317 501 117 475 591 385 458 625 462 59 54 619 217 906 283 106 167 111 636 119 360 139 254 348 540 190 330 274 215 696 125 444 583 432 383 216 532 729 423 349 472 305 163 599 239 301 450 656 514 723 459 736 642 514 588 445 348 843 482 151 430 284 656 463 534 194 264 609 688 633 595 456 846 479 67 108 581 204 49 576 813 714 621 669 531 41 220 467 791 241 357 58 21 356 289 472 383 641 920 428 538 337 769 356 684 675 733 361 573 782 549 211 271 427 616 505 145 541 475 595 111 491 359 861 305 485 493 648 175 419 611 664 378 324 707 599 684 816 712 176 246 563 280 12 426 652 460 324 306 635 436 386 450 303 567 380 233 375 401 733 379 417 580 650 688 153 79 554 115 517 530 520 193 873 554 373 
780 340 949 362 889 305 237 651 560 430 796 225 780 631 808 787 387 674 242 413 418 523 85 616 747 532 637 211 736 268 570 589 487 389 513 826 789 266 770 310 569 639 229 171 669 413 458 470 598 404 288 615 850 114 296 699 178 159 419 524 224 317 503 301 352 681 645 692 149 483 556 740 98 736 434 166 109 683 754 538 300 617 676 240 433 688 512 602 479 623 721 407 918 853 558 57 680 813 702 404 807 641 554 427 517 480 122 264 187 647 404 711 731 169 792 581 480 246 217 649 405 494 625 774 642 739 671 63 649 655 718 128 400 785 373 725 567 331 183 302 186 359 655 265 319 432 323 318 805 143 562 246 344 344 223 310 527 827 116 392 239 617 170 138 893 433 505 499 489 753 495 457 439 191 600 519 245 505 283 565 659 706 466 513 345 563 177 577 780 80 523 749 384 420 747 563 781 687 480 275 696 197 410 504 807 185 420 762 374 341 457 537 855 527 636 457 712 803 331 770 674 576 30 173 279 598 485 524 777 749 716 671 233 647 639 921 374 616 515 494 700 486 659 512 727 593 731 307 454 422 655 370 694 822 469 842 431 191 205 793 639 580 399 650 794 420 751 290 570 564 253 850 733 855 490 766 537 369 574 185 276 563 109 693 254 588 765 145 789 783 369 221 499 838 695 139 582 607 609 547 103 749 628 909 564 820 791 793 773 621 472 539 541 738 372 593 592 494 708 851 816 420 633 269 850 419 659 418 585 614 405 579 42 570 102 780 620 220 741 379 668 704 799 693 517 685 433 618 340 659 176 543 432 448 213 278 332 348 398 451 880 548 563 760 639 574 312 580 495 370 637 427 641 951 155 329 146 781 319 563 510 707 319 642 641 457 672 782 292 700 665 733 513 397 782 636 524 575 834 413 
569 128 758 195 692 261 26 559 421 226 628 126 682 562 628 586 353 535 302 290 295 484 150 537 543 415 478 279 571 234 364 382 479 290 381 623 618 261 626 358 365 470 77 266 480 222 284 258 397 195 155 444 649 159 136 548 81 53 207 313 87 268 292 349 144 638 435 590 230 405 457 570 139 583 256 58 245 551 544 326 335 406 513 303 291 491 319 413 389 439 518 196 725 665 458 218 473 604 491 219 606 452 342 236 335 269 243 198 287 436 193 519 576 248 661 412 404 41 331 543 249 344 438 601 531 539 460 258 443 447 623 273 219 610 247 513 361 154 83 281 229 152 446 216 117 220 176 246 614 334 353 35 211 133 105 354 337 663 309 339 141 406 78 271 711 381 313 349 344 649 352 286 367 322 459 307 288 447 222 354 448 495 290 320 379 361 125 548 578 146 313 634 371 214 539 398 700 521 270 145 531 229 211 315 650 296 224 557 312 185 438 337 664 329 441 275 500 681 174 637 535 541 198 298 301 397 462 324 577 587 534 461 74 596 592 732 331 450 368 468 601 458 448 431 568 491 607 190 243 347 497 266 576 613 413 680 219 127 220 708 437 375 211 487 617 277 684 95 435 409 89 648 541 647 293 554 326 159 363 114 190 391 213 599 107 439 557 260 600 717 274 71 295 638 489 232 404 411 532 461 115 649 563 727 380 611 588 586 582 576 355 341 356 620 217 561 532 323 568 683 667 217 467 113 667 263 453 254 375 402 238 407 169 377 286 689 477 332 536 171 571 505 623 486 503 492 265 437 233 466 328 332 362 259 73 133 178 222 222 240 677 370 357 685 504 365 315 526 305 178 447 275 489 763 187 172 238 650 109 386 381 543 157 433 469 269 466 575 156 607 600 535 433 187 592 436 408 410 646 242 
711 694 552 835 571 483 703 141 312 586 355 591 46 161 426 579 404 243 577 411 406 283 798 172 594 290 329 600 337 520 799 790 351 414 334 614 370 524 237 525 565 369 626 642 463 802 875 660 542 624 545 988 596 675 809 276 778 721 674 642 787 471 659 531 715 174 784 118 648 305 244 358 700 278 493 686 701 212 667 694 518 744 333 580 419 518 840 909 315 944 579 639 551 493 242 738 836 691 672 816 581 932 663 537 465 642 685 530 639 751 700 488 288 633 181 391 308 716 643 164 467 387 458 379 180 545 684 771 837 808 80 704 521 393 454 786 587 800 647 487 606 624 640 525 622 660 846 474 502 778 764 701 490 652 606 522 495 341 776 396 574 737 772 688 461 355 842 382 380 77 370 883 349 673 291 686 562 285 508 700 764 750 876 840 490 555 627 258 582 787 737 122 418 602 642 383 21 347 635 835 337 593 773 495 301 651 788 601 414 521 355 821 513 826 898 494 770 141 834 190 241 248 758 670 524 539 331 542 562 320 430 650 627 173 185 526 414 1005 364 320 104 325 668 277 304 210 164 512 636 367 320 436 160 674 319 333 690 614 583 9 556 805 540 343 402 432 78 745 293 350 611 610 488 693 539 747 720 637 645 627 525 946 684 102 594 319 648 669 484 78 431 770 784 586 605 660 943 511 179 243 765 68 166 475 909 697 593 652 489 200 347 527 890 139 493 244 203 438 231 366 265 755 1018 588 456 457 826 473 751 732 863 399 767 871 757 17 284 639 610 625 131 537 402 605 321 486 469 949 470 492 705 725 356 517 774 817 525 478 835 700 633 918 791 50 246 618 487 219 504 781 475 443 303 532 633 533 654 180 704 427 330 335 549 789 382 511 597 633 840 93 135 538 275 632 483 543 296 978 485 490 
176 303 365 396 288 467 394 484 303 192 317 422 548 537 277 174 502 346 595 338 337 551 566 500 128 361 259 589 286 476 236 219 602 384 315 208 300 514 389 610 55 220 396 605 139 330 378 174 50 220 366 433 237 534 418 321 481 467 225 117 453 461 145 606 304 637 197 477 578 443 417 271 531 335 223 455 618 377 138 147 583 161 261 597 297 105 309 347 415 379 105 221 329 284 416 611 247 196 103 350 195 359 109 205 167 156 608 439 620 162 253 147 324 584 449 205 448 392 658 440 278 266 131 280 423 136 98 656 253 220 515 642 242 280 340 201 54 385 443 500 550 263 56 458 302 207 435 427 227 720 202 386 339 283 412 604 134 356 699 469 416 153 483 632 346 482 315 267 278 513 285 387 443 666 307 153 572 497 444 136 175 165 374 308 605 65 467 605 165 562 196 472 540 201 127 220 601 253 152 458 265 540 305 153 368 634 312 142 449 314 560 275 275 286 323 198 184 489 417 427 348 589 602 645 556 53 567 106 169 309 197 71 391 594 598 343 481 453 273 565 492 557 81 445 308 426 430 374 177 432 270 377 429 201 486 377 225 456 523 598 40 239 234 247 281 298 621 373 320 256 373 234 165 235 140 186 172 256 80 454 415 404 583 503 379 279 144 614 222 647 392 443 257 227 73 586 394 78 503 446 530 521 544 357 361 204 174 172 202 592 350 101 351 455 296 609 536 211 364 362 403 281 462 363 302 271 240 257 179 148 397 197 580 315 674 572 308 657 120 244 477 107 285 71 604 128 243 387 377 109 686 172 446 193 452 438 322 348 372 215 262 378 230 605 345 59 539 544 154 340 117 276 285 376 530 320 588 442 326 175 324 272 322 203 208 187 50 160 451 511 567 134 450 229 215 51 362 437 267 249 
447 151 587 292 527 211 173 405 245 97 446 148 519 424 450 429 276 356 326 142 146 377 323 393 393 253 296 317 389 211 331 337 399 167 211 470 437 249 446 352 219 288 132 330 307 269 344 178 242 107 92 483 491 263 266 367 262 224 158 208 256 209 202 346 174 513 370 428 303 275 304 389 265 401 74 199 344 375 413 247 325 331 331 328 125 328 333 421 252 454 367 121 556 492 305 342 420 471 369 280 449 454 243 69 156 174 334 169 346 355 174 350 394 309 483 230 278 182 385 380 76 166 263 420 366 379 346 388 400 389 464 368 38 430 110 427 223 256 178 244 276 85 319 190 78 154 302 174 443 447 305 169 86 109 141 347 166 481 427 248 141 327 260 358 534 279 331 171 168 485 178 350 250 392 281 229 303 328 180 271 370 399 347 333 355 211 195 441 423 316 264 463 308 100 401 216 546 339 170 295 349 266 241 142 468 360 258 408 222 47 354 329 493 329 430 96 411 507 290 459 356 429 338 371 293 241 371 169 418 405 357 336 129 468 466 559 252 496 190 374 440 364 331 295 386 334 433 108 151 231 315 148 406 475 301 498 178 183 250 552 284 342 39 304 438 112 540 202 261 229 108 492 372 509 135 445 262 102 251 183 146 433 310 442 108 260 419 339 428 572 163 241 284 479 346 312 437 247 390 317 285 486 427 550 405 478 434 445 411 453 200 181 382 448 55 451 402 141 389 502 485 229 511 92 491 87 401 74 312 322 323 225 323 380 402 531 298 384 390 94 412 345 443 344 413 323 84 456 129 298 411 269 248 87 247 276 53 100 296 196 523 406 323 536 328 240 285 400 134 241 275 101 308 590 256 48 313 472 160 205 213 361 47 370 288 95 323 432 299 450 461 374 298 110 420 280 248 461 472 61 
551 398 547 538 520 203 398 162 104 308 347 290 287 177 390 465 163 190 328 107 103 165 500 146 453 41 198 343 290 237 544 543 223 113 72 509 349 255 284 303 342 227 322 380 315 514 588 392 336 340 241 718 511 385 507 229 474 418 393 393 482 190 401 305 421 271 555 195 375 60 60 303 407 264 212 383 429 190 508 443 284 513 236 332 123 367 567 648 36 682 429 355 526 455 61 457 608 553 488 526 478 676 421 257 222 378 414 236 383 528 414 360 264 365 294 196 66 412 402 150 172 122 283 341 141 415 483 496 599 577 227 439 232 356 149 584 360 501 346 220 333 331 443 236 322 382 546 182 428 521 512 397 185 356 304 298 257 367 512 135 273 506 468 424 466 119 567 119 110 256 101 595 84 426 134 431 308 111 217 458 543 550 591 567 280 331 330 219 463 490 478 248 197 322 487 175 303 253 371 531 255 319 485 246 336 397 501 465 138 218 186 555 466 558 647 223 567 302 534 274 189 204 471 416 274 333 186 300 448 293 326 457 323 226 226 516 156 733 113 182 205 176 466 59 266 95 232 209 365 89 209 134 194 545 107 376 411 317 305 311 368 553 251 219 368 134 294 444 99 145 306 519 374 575 283 571 467 346 413 328 227 671 405 203 290 142 500 404 408 326 132 466 514 498 434 387 673 315 144 71 465 254 181 484 639 560 476 517 400 216 46 294 618 237 193 224 161 181 221 396 333 470 747 283 434 164 594 183 508 501 569 202 474 607 490 293 152 399 461 335 174 389 371 433 220 342 185 686 167 330 456 473 91 243 470 514 222 173 542 425 550 643 536 291 153 390 239 163 251 487 304 151 186 538 348 229 383 283 406 215 63 265 245 558 238 241 417 498 538 211 214 407 63 346 403 357 34 701 438 200 
174 284 463 328 379 536 387 612 427 228 450 459 684 660 404 265 589 482 649 428 429 659 555 623 215 479 394 638 423 536 114 91 701 470 430 281 433 575 527 677 160 356 419 645 276 257 281 158 181 232 415 303 319 556 370 458 461 465 205 117 423 533 126 672 274 760 60 609 613 549 537 407 546 473 302 463 644 512 168 86 650 25 399 652 391 235 201 216 522 246 205 224 427 396 536 627 112 220 112 275 284 224 83 267 276 154 638 494 663 30 221 277 462 624 587 334 554 379 705 570 359 375 268 413 553 247 74 669 115 84 648 671 306 411 418 103 139 332 463 569 593 276 101 516 319 195 375 498 342 742 88 378 407 284 443 672 241 489 718 557 458 18 465 664 463 578 209 378 387 648 396 290 541 706 436 105 628 605 506 59 46 82 275 200 680 170 496 717 256 554 110 608 625 227 179 345 734 390 157 409 403 586 240 251 504 676 241 224 534 372 657 161 383 175 187 282 88 627 356 565 483 702 611 684 619 184 668 197 269 446 331 102 413 716 718 447 566 324 389 667 624 659 77 557 446 550 567 433 180 527 406 458 563 239 588 510 193 488 570 733 176 113 291 383 411 388 751 343 444 381 399 310 292 267 218 145 89 262 84 482 472 281 610 634 412 408 193 649 341 779 474 417 163 313 161 620 268 213 625 563 524 656 667 471 238 226 259 221 322 710 456 205 233 591 365 722 654 316 500 492 540 221 331 397 421 356 103 338 57 16 315 326 582 190 694 707 440 704 198 256 607 228 415 160 708 262 328 255 449 245 721 84 542 268 427 392 378 419 295 173 330 259 111 737 477 108 610 660 247 283 254 365 420 479 564 374 623 579 306 300 438 409 369 65 344 266 152 221 398 642 692 249 561 236 335 188 478 313 382 325 
46 467 276 534 192 642 564 601 440 368 342 601 634 664 276 105 669 443 772 506 505 701 736 628 87 505 367 768 343 654 318 293 759 553 465 91 325 690 450 784 234 327 573 784 227 462 489 332 216 392 545 489 130 712 569 404 647 640 386 275 614 635 299 781 463 762 237 581 757 596 555 323 708 402 400 630 796 473 43 277 758 229 350 775 466 172 408 405 569 429 108 390 242 237 553 789 259 17 99 482 113 400 249 384 333 318 787 617 799 206 409 193 391 763 512 341 602 560 837 554 453 424 254 309 538 134 137 833 287 251 616 821 421 300 514 170 231 532 621 674 729 436 141 636 478 370 578 602 196 898 296 555 516 453 591 779 304 374 877 635 595 224 650 811 304 643 416 424 437 602 442 498 604 845 430 292 749 648 621 253 206 150 483 407 777 243 646 747 100 733 315 557 707 376 52 362 695 334 317 609 343 719 443 327 403 813 446 78 618 492 719 368 218 382 365 374 164 556 560 495 445 731 778 824 731 219 722 285 121 363 249 126 568 722 728 268 650 510 425 719 596 712 143 594 375 554 515 552 343 595 370 549 527 31 642 392 379 635 702 689 176 315 413 348 294 469 727 533 453 394 551 117 191 61 319 95 291 427 225 633 594 478 762 610 558 408 37 793 207 748 564 606 371 130 109 765 461 227 632 587 702 613 672 307 436 25 92 29 196 725 508 277 435 540 473 749 671 376 448 365 443 422 513 542 273 444 267 432 265 224 523 335 755 389 852 662 424 835 76 417 589 150 296 110 757 201 418 439 552 207 865 288 607 371 615 591 501 524 502 364 128 458 318 706 455 222 712 682 329 484 233 447 392 297 709 499 767 508 489 323 474 344 501 244 314 365 130 46 600 617 688 142 598 400 205 185 508 508 231 425 
94 448 247 529 163 597 541 542 385 339 287 566 576 606 223 54 620 385 730 458 457 646 714 570 30 450 309 727 285 611 330 307 705 506 411 65 269 648 392 738 200 269 542 746 170 460 495 316 175 367 508 513 102 679 559 345 628 615 369 258 598 590 284 736 448 704 258 523 720 543 499 264 678 344 359 602 762 414 59 271 713 241 291 733 418 116 417 427 516 453 54 368 211 192 497 758 289 72 105 479 69 427 238 348 287 300 752 577 760 223 394 134 333 725 454 286 549 539 797 496 410 373 199 252 479 75 142 803 312 275 557 786 383 244 469 206 202 524 590 630 691 411 127 594 450 351 572 558 145 865 304 533 474 430 558 733 261 320 845 586 559 234 630 775 260 592 425 373 386 543 390 504 552 807 373 283 707 593 579 250 227 178 490 416 730 207 612 691 47 710 314 498 658 349 38 308 636 276 297 599 284 680 438 284 347 774 442 19 570 454 667 378 175 392 390 332 196 498 553 437 387 674 749 787 687 177 669 248 66 305 190 118 538 665 670 234 601 534 373 665 537 659 141 539 317 497 456 511 323 544 311 503 468 62 589 338 366 600 663 630 134 329 378 290 239 423 668 517 397 339 519 94 132 94 283 140 290 404 210 600 553 497 728 551 525 351 31 757 153 689 517 589 374 97 74 730 481 179 575 531 678 554 614 265 454 78 44 34 140 668 456 237 449 481 432 692 614 328 390 313 387 415 539 508 225 400 293 389 273 232 524 280 728 406 819 604 366 795 27 392 530 94 241 76 702 143 374 463 508 152 828 288 556 333 598 580 463 481 501 352 118 475 328 647 397 200 667 625 288 476 178 402 334 265 673 461 730 450 471 271 420 285 465 265 256 326 96 15 591 558 630 83 543 376 150 140 453 528 183 384 
370 453 301 583 278 422 505 262 143 321 114 455 298 329 145 247 406 102 558 278 274 390 654 295 254 204 48 566 55 449 483 470 459 318 188 288 110 477 136 543 246 48 460 597 122 532 595 370 214 365 392 680 280 570 580 66 596 557 402 334 585 411 357 544 466 425 453 240 583 303 238 60 582 81 260 529 635 132 326 382 522 416 10 562 250 177 542 596 282 629 238 375 281 210 236 650 503 354 331 549 254 612 346 288 188 349 621 430 605 418 432 148 71 579 193 104 309 512 632 215 276 187 126 98 199 207 345 693 508 476 275 651 297 112 311 446 267 558 501 448 544 386 302 440 405 384 609 389 189 735 448 500 337 415 459 538 201 147 721 375 441 408 594 637 224 364 546 184 194 264 192 604 328 651 111 380 536 343 421 381 430 411 594 541 524 238 504 425 248 646 430 220 442 338 301 119 356 8 342 615 15 531 502 215 136 620 515 263 370 342 428 515 223 523 577 244 430 233 593 171 104 408 654 636 506 211 423 241 229 71 94 311 458 387 394 271 395 699 170 417 254 412 331 289 57 226 178 375 354 329 36 327 185 339 349 164 413 490 515 351 219 488 307 30 123 262 385 520 145 119 438 291 152 363 255 405 409 392 323 496 412 645 605 268 431 105 308 617 169 407 336 571 486 268 263 595 638 181 301 271 616 274 338 242 604 360 260 315 166 394 240 222 589 203 309 423 344 193 110 170 161 480 709 417 189 261 496 265 430 404 599 109 646 561 696 324 97 629 269 377 249 195 127 264 449 145 252 636 350 151 679 412 334 263 578 595 350 335 570 415 319 617 477 365 119 295 475 357 226 524 138 253 60 294 546 354 593 186 471 135 195 26 366 459 54 254 257 296 615 275 350 199 293 374 165 206 210 678 194 274 
549 461 498 602 482 284 472 96 94 357 290 371 210 139 343 445 233 124 405 182 177 186 581 103 441 58 164 421 238 319 582 577 258 194 102 487 295 335 210 373 361 202 399 459 300 572 645 436 347 394 319 765 483 467 576 169 551 497 445 426 557 271 439 376 483 240 581 117 456 117 37 255 489 201 263 463 510 115 504 478 356 539 194 408 186 356 615 690 108 725 420 409 482 412 35 539 634 543 493 585 454 716 451 308 248 420 494 318 462 551 469 340 203 446 214 193 123 485 478 70 235 158 277 291 60 398 496 577 629 604 152 519 289 307 225 599 382 567 426 299 414 392 453 318 389 432 614 264 394 601 548 470 261 419 383 368 281 304 593 209 354 532 546 504 412 183 616 153 150 177 140 652 156 504 98 468 385 143 299 489 565 563 646 615 346 350 411 222 444 571 518 166 263 373 481 177 235 212 412 603 210 400 542 276 269 475 558 452 217 289 232 599 425 603 684 267 581 220 601 195 122 205 553 494 350 344 223 328 427 236 295 466 400 197 201 468 230 781 137 216 129 212 479 94 209 28 151 288 411 167 168 215 112 532 158 310 462 398 386 240 372 590 308 185 319 199 236 513 77 141 383 493 350 559 318 575 503 405 438 409 308 720 487 130 367 120 492 484 373 267 214 541 560 470 433 468 720 320 106 68 546 176 147 430 686 549 457 505 369 197 117 317 666 155 261 222 143 214 150 333 261 525 795 359 385 224 622 240 540 527 631 200 556 650 570 219 107 475 452 393 101 377 321 432 246 327 238 729 248 321 534 509 164 289 545 585 295 251 603 473 522 693 574 228 90 412 314 155 284 549 297 210 143 487 430 302 464 203 472 222 98 217 318 584 215 284 419 485 608 139 170 390 97 401 369 359 64 752 396 257 
353 94 587 176 511 384 196 559 379 105 506 284 659 589 484 396 456 471 481 316 319 555 365 555 348 408 391 465 460 376 156 168 580 347 360 427 492 414 544 519 187 365 237 466 331 119 186 48 226 73 254 306 459 371 195 465 272 275 21 106 237 385 79 512 86 683 215 572 433 450 465 451 358 492 200 274 459 496 334 104 492 183 414 483 289 320 155 241 425 274 327 58 551 502 465 438 257 392 277 137 417 274 127 155 232 68 454 333 485 213 31 357 483 445 595 318 453 188 528 526 243 305 298 472 510 358 243 480 232 229 610 487 181 477 290 291 173 162 279 416 418 103 237 355 142 30 213 351 446 554 136 188 266 99 265 514 211 545 530 428 287 183 276 481 560 459 155 309 313 623 323 194 428 527 404 86 461 504 349 132 225 272 186 155 527 189 315 618 388 363 94 593 487 90 333 316 696 414 74 235 426 412 89 202 545 497 102 362 402 225 534 149 495 149 251 196 277 627 194 570 472 606 421 503 459 227 551 172 393 480 392 251 231 638 638 564 431 320 326 553 586 544 233 466 470 489 556 280 58 410 408 328 538 406 479 565 3 309 398 699 255 167 162 390 481 280 699 156 397 344 221 455 378 438 159 333 104 85 153 301 312 258 425 591 238 377 351 467 438 730 343 230 104 450 290 438 260 252 555 483 334 627 594 573 227 399 396 380 418 626 366 192 205 576 233 627 572 252 499 558 573 67 335 225 515 248 237 229 154 179 186 310 392 200 506 676 416 528 337 87 562 327 486 288 593 333 227 277 308 307 538 110 427 173 239 216 228 280 158 19 481 231 148 691 452 164 457 573 191 118 298 261 412 597 384 222 442 585 116 281 365 436 212 213 358 179 270 373 228 600 625 356 470 70 430 259 405 289 484 212 
479 98 648 231 584 229 100 471 317 123 516 122 589 485 516 481 309 429 319 202 207 425 258 455 440 321 368 304 460 216 318 330 437 216 282 519 507 253 519 358 262 358 82 307 369 221 295 180 292 105 97 445 544 221 197 440 191 158 141 226 183 231 211 351 122 569 373 497 275 331 369 459 216 474 145 140 308 447 450 252 331 337 402 321 193 383 300 393 310 425 415 113 616 554 370 297 418 509 400 228 501 430 259 124 223 184 301 173 325 365 143 409 467 286 556 301 332 109 368 449 146 239 326 489 436 433 372 341 394 389 532 334 108 498 163 441 261 192 129 258 257 61 352 195 20 145 235 199 504 408 298 96 129 65 105 353 226 552 386 286 125 335 189 327 600 323 297 244 240 555 249 301 300 369 354 233 299 380 191 279 378 417 300 301 369 256 159 490 473 252 256 535 337 116 442 288 613 410 182 223 420 251 198 203 540 338 214 455 259 92 392 305 554 301 410 163 426 579 224 532 429 480 287 346 298 291 413 217 471 476 422 368 77 526 523 621 285 456 263 417 509 407 359 353 458 401 505 129 158 280 387 194 477 516 350 569 159 150 236 619 332 329 99 376 506 180 604 134 333 302 61 543 432 550 184 470 261 77 275 145 154 393 273 509 76 333 459 311 489 636 207 168 260 532 389 282 401 302 452 379 221 555 487 615 371 516 484 487 471 508 265 233 347 520 118 501 459 212 462 572 558 191 472 63 556 159 398 147 312 330 266 296 266 353 361 599 371 367 435 81 480 398 511 387 455 382 157 425 166 356 383 268 297 148 174 205 90 144 241 181 573 368 310 601 400 271 298 456 194 186 336 172 381 652 226 82 285 545 99 274 283 432 66 372 357 157 366 476 228 518 522 428 356 101 482 330 316 418 535 134 
673 492 643 628 625 219 472 150 217 420 434 342 273 111 487 581 134 267 305 204 201 44 539 104 572 152 304 328 383 255 660 660 114 180 193 624 439 255 346 257 464 338 387 371 432 614 688 505 459 447 311 826 623 411 588 313 535 473 500 511 552 208 517 262 516 173 675 200 378 70 108 399 438 344 325 437 430 253 629 561 247 633 337 309 233 486 675 760 97 794 549 462 626 556 111 469 728 673 610 623 592 790 541 369 344 493 414 274 367 649 518 475 347 362 334 316 67 488 373 173 277 244 403 436 177 532 606 501 718 697 213 432 338 452 235 706 482 589 398 218 337 430 565 264 413 491 629 220 536 507 628 473 267 452 361 253 379 446 505 130 326 626 527 416 557 87 675 242 231 254 223 695 98 403 236 547 290 17 250 577 664 672 692 675 224 453 370 98 579 528 592 269 147 431 607 295 262 355 487 607 354 324 586 367 409 379 603 584 154 306 94 667 569 669 762 340 689 325 620 320 265 85 490 398 253 455 79 421 563 380 435 580 390 132 127 612 146 840 235 71 202 69 589 63 354 129 272 275 478 118 310 203 230 664 52 451 518 359 314 275 490 669 358 325 463 241 230 528 206 263 377 632 487 693 402 693 583 447 534 373 275 777 415 189 357 253 620 398 515 263 192 536 624 610 555 390 781 437 95 76 509 246 108 574 748 680 592 636 510 112 162 415 726 265 289 106 71 302 290 475 395 574 855 356 530 273 713 292 626 621 663 322 503 719 485 266 250 369 581 438 172 508 466 555 102 459 298 797 233 450 434 589 102 359 538 592 308 253 638 535 662 750 651 240 234 511 215 62 371 582 424 261 286 631 366 315 384 325 496 337 185 361 331 677 351 357 539 617 616 194 144 524 59 452 511 478 149 806 540 309 
657 261 787 351 733 134 178 476 382 300 623 64 605 461 641 640 225 496 146 235 240 363 186 443 605 353 463 125 563 98 497 511 342 210 335 682 618 113 592 202 431 468 106 123 510 373 438 364 454 289 123 598 701 64 291 522 200 137 323 408 232 145 395 193 283 521 556 515 92 308 378 568 86 559 276 104 132 504 624 436 180 521 503 147 258 537 465 560 302 588 579 297 758 691 380 141 600 683 578 372 659 598 442 281 357 367 122 85 142 549 320 555 555 102 613 412 306 195 185 471 237 320 466 603 464 589 553 185 574 572 543 155 247 616 197 625 434 311 73 142 76 245 529 89 202 329 331 141 646 236 480 184 172 243 78 199 374 653 217 222 71 519 191 145 725 265 460 324 314 576 319 441 265 185 423 417 132 336 106 463 562 600 445 466 226 423 30 422 634 175 438 571 233 296 614 392 609 515 365 294 523 73 357 350 631 154 371 620 200 179 305 478 694 472 583 301 610 624 330 591 495 418 149 162 147 453 331 381 628 575 552 546 112 484 477 758 207 605 340 339 524 330 539 337 551 415 553 132 341 247 481 191 516 687 301 667 340 34 64 620 496 508 252 477 625 246 583 249 392 390 122 703 576 721 347 651 444 260 456 43 98 544 99 518 109 412 631 128 629 616 190 218 434 688 559 100 557 457 436 372 157 573 460 742 531 690 646 658 614 460 293 393 506 560 206 437 424 328 530 678 639 358 622 125 684 251 580 253 495 514 394 411 153 522 192 605 443 185 602 265 492 555 630 557 369 528 269 587 162 505 200 451 258 297 216 285 169 173 377 362 734 522 489 590 460 449 168 414 344 330 480 256 466 787 43 169 102 602 248 398 332 534 165 555 472 305 536 644 308 525 497 583 338 285 622 491 345 565 672 252 
584 559 470 700 473 384 576 62 172 447 260 476 108 134 326 461 322 112 498 287 282 238 686 111 469 161 194 517 225 420 658 650 314 299 199 499 271 433 151 458 426 235 504 556 333 664 736 520 405 486 424 847 487 571 677 154 656 602 535 502 660 372 518 462 579 217 646 25 556 209 130 245 593 170 356 568 610 82 540 553 445 605 205 501 287 389 700 769 207 803 452 500 461 396 128 641 697 569 539 679 466 792 523 399 324 502 594 422 557 613 561 363 178 544 128 251 213 588 570 37 335 249 322 275 45 421 548 678 698 669 63 617 386 290 330 651 448 666 531 396 513 489 505 421 490 521 714 367 393 697 623 573 366 517 488 454 354 260 691 304 459 598 651 601 380 271 702 244 244 73 234 744 252 597 150 546 479 213 402 560 627 615 737 700 428 416 516 247 462 676 597 65 347 463 514 243 149 221 495 705 213 500 635 355 220 570 650 477 316 393 300 680 414 686 758 355 635 121 700 116 110 231 656 589 443 401 283 401 443 213 308 516 505 186 195 442 325 864 226 274 40 274 532 181 191 93 68 393 497 265 187 320 32 554 239 260 551 503 487 149 421 665 404 210 301 301 171 614 154 210 487 499 366 577 399 616 580 501 506 514 413 805 588 54 472 178 522 582 373 195 318 644 644 476 474 568 803 373 120 145 651 76 143 396 769 575 474 530 375 200 222 387 750 59 363 240 165 299 114 289 197 616 877 464 363 323 688 338 611 593 726 259 660 730 669 124 144 566 483 488 41 408 302 474 292 357 333 809 353 360 628 585 259 378 649 686 398 355 698 560 525 778 651 153 107 479 406 182 364 645 340 309 168 455 532 405 563 119 571 287 197 215 421 650 248 372 464 510 710 61 143 414 181 494 371 408 168 837 385 354 
520 206 634 339 581 132 187 374 243 176 474 96 497 381 488 490 203 359 249 105 110 316 301 353 458 230 315 243 414 133 408 415 329 109 200 533 467 171 453 273 289 317 112 261 357 329 404 256 308 184 33 550 550 212 299 379 264 211 232 287 271 131 281 267 231 462 449 405 238 225 272 418 223 416 125 178 284 372 484 326 246 410 354 252 113 386 402 494 206 526 431 197 605 538 273 292 498 541 443 337 509 528 321 141 205 253 273 93 275 434 243 402 410 241 482 260 225 201 313 358 84 173 313 452 347 439 423 337 479 468 438 306 103 464 62 506 297 299 145 165 206 152 393 113 126 230 340 97 493 388 383 187 26 168 101 268 224 505 370 178 83 406 258 294 573 214 400 177 169 465 175 409 191 322 283 308 227 272 101 350 449 477 408 403 277 280 145 381 484 292 342 450 233 179 471 241 515 365 249 321 374 195 304 200 486 290 321 473 151 32 285 403 541 401 506 152 489 500 330 459 358 371 295 302 215 307 304 238 478 427 399 410 112 419 415 605 178 562 195 308 416 298 407 249 405 306 426 29 229 171 333 86 393 543 241 520 251 131 178 523 350 419 114 328 473 99 502 238 256 242 95 553 423 577 205 521 341 170 328 136 70 499 252 414 80 268 488 274 476 534 98 254 357 538 415 248 506 307 349 277 264 464 382 590 474 549 497 513 461 401 170 247 451 437 53 392 353 175 392 529 498 295 578 72 531 98 480 100 391 401 375 258 287 453 345 504 303 311 457 166 385 405 478 413 347 376 115 527 57 353 344 348 188 152 258 305 26 38 350 271 584 473 400 501 325 316 206 349 195 295 328 105 321 634 194 32 248 471 207 245 199 385 43 449 320 158 393 499 329 422 418 432 251 184 469 344 224 526 518 100 
364 278 439 413 387 292 327 315 129 152 289 289 407 357 296 304 312 219 427 150 149 359 479 321 279 174 145 428 233 310 361 356 408 197 126 348 281 344 299 431 147 132 286 452 163 370 439 220 145 194 225 548 361 406 404 219 418 380 239 206 407 284 219 428 294 456 362 322 432 249 233 232 414 251 82 355 479 243 323 257 405 320 176 430 110 199 400 470 222 505 253 207 410 343 232 487 415 373 296 386 321 495 231 111 28 202 467 280 464 334 267 209 243 432 344 74 255 333 497 278 111 72 120 264 261 252 289 532 409 385 360 499 118 274 164 389 166 385 329 323 397 209 249 295 226 223 436 253 299 582 327 321 178 238 288 425 62 325 565 279 277 313 416 487 380 289 402 75 85 370 93 447 250 511 151 248 404 304 277 268 349 355 439 399 421 136 338 414 299 471 298 339 350 169 304 65 447 183 194 438 194 385 340 55 314 478 354 293 262 171 367 381 346 386 463 66 372 374 420 320 219 399 487 493 381 142 373 108 290 250 204 265 283 412 414 410 293 564 85 371 336 363 272 254 233 249 303 217 197 239 164 195 285 370 292 342 253 324 367 449 181 369 128 150 282 115 456 343 147 91 263 365 229 402 99 379 283 217 220 328 258 505 447 343 259 124 319 467 281 485 209 392 344 348 249 442 503 129 322 259 441 375 363 397 469 381 312 340 266 406 157 99 450 322 141 419 350 21 248 345 335 320 577 244 338 98 402 94 319 308 434 69 475 431 540 425 163 495 283 202 314 220 287 247 410 184 79 510 205 163 535 288 253 86 399 418 180 181 406 261 397 477 354 445 199 195 359 356 64 355 137 96 162 439 389 183 442 334 294 50 134 205 193 366 131 78 229 323 438 351 390 245 258 203 274 171 174 537 323 99 
745 644 638 783 643 387 635 119 298 554 429 509 158 69 496 628 299 279 463 351 347 166 707 103 632 252 352 489 395 423 785 781 224 340 301 667 440 421 315 406 566 393 551 532 493 761 836 636 550 587 474 964 656 578 748 323 701 641 640 630 716 376 642 413 667 49 785 146 542 224 194 415 606 340 458 604 593 251 700 682 402 744 370 466 371 550 813 891 242 926 613 602 630 566 194 634 838 734 694 773 634 918 655 503 452 620 577 442 526 755 662 527 348 525 275 395 224 650 525 165 419 358 476 445 181 586 698 664 834 809 124 593 479 460 389 802 586 746 565 385 502 578 655 432 567 628 788 387 562 663 751 635 424 603 527 403 485 425 663 299 492 737 694 577 546 256 813 354 348 162 338 843 262 556 294 671 451 185 418 693 770 766 838 813 369 555 538 128 629 697 719 202 306 568 676 381 115 387 614 769 381 489 733 480 384 536 749 642 322 461 236 799 584 803 887 466 785 245 778 273 277 120 657 555 414 547 210 532 610 383 475 668 554 43 54 610 314 979 340 200 135 206 682 199 361 175 230 438 610 282 349 363 202 720 220 422 657 527 481 131 573 793 499 371 471 381 67 686 281 345 540 668 533 744 521 774 706 593 643 541 442 917 580 117 521 320 685 560 543 97 354 700 759 645 631 554 918 522 103 176 677 149 66 562 885 740 641 695 543 71 294 521 864 210 439 114 97 416 284 454 356 718 993 518 532 412 826 430 744 731 816 403 671 851 646 135 296 521 645 582 131 570 472 631 193 519 431 930 395 517 588 712 267 487 702 753 463 410 789 671 695 890 777 85 264 617 377 106 487 734 496 398 327 621 533 471 547 270 651 426 295 383 487 789 407 484 619 675 778 113 33 578 196 593 540 560 254 948 555 448 
285 221 575 225 492 522 321 662 476 224 545 422 749 701 506 377 590 551 619 441 444 680 478 666 327 517 464 603 510 515 18 36 711 477 468 395 529 552 609 657 226 430 373 602 366 154 168 138 259 206 392 207 433 502 276 534 380 397 160 142 338 521 127 650 203 798 99 667 568 572 576 497 487 554 317 403 590 579 283 91 630 92 477 621 409 334 86 124 546 159 314 193 539 505 575 565 126 333 227 171 396 148 126 274 321 150 587 471 621 118 159 376 543 581 665 396 576 309 665 625 368 411 347 508 608 355 188 605 96 103 706 619 307 509 421 186 205 237 413 553 555 241 209 493 280 160 273 487 449 682 27 312 400 237 403 652 290 585 657 561 425 97 386 614 570 589 94 415 422 713 431 176 556 662 494 99 599 628 487 92 123 182 161 85 665 235 451 742 368 478 50 677 622 215 293 401 793 471 156 313 484 550 146 291 594 633 141 336 535 360 666 48 493 61 119 305 178 702 256 642 552 728 544 638 597 262 681 243 380 533 425 214 367 754 754 559 565 226 429 682 682 673 189 585 529 595 637 417 166 538 479 460 627 353 605 605 141 445 536 794 269 29 288 457 510 403 803 263 495 435 359 424 393 380 248 250 64 224 151 437 450 175 557 690 376 466 307 601 447 833 476 336 57 426 271 572 165 292 666 598 451 719 707 579 133 338 372 335 427 744 483 258 122 659 363 750 689 353 574 591 628 133 236 363 527 369 105 351 56 98 206 387 512 88 634 769 502 665 310 225 661 332 514 269 722 357 345 165 443 336 672 60 555 284 345 298 364 414 189 119 444 150 10 792 539 178 594 692 283 189 338 381 488 591 520 358 576 657 238 359 475 492 349 94 420 287 258 335 300 698 736 355 589 206 440 278 516 208 490 334 
619 233 748 336 694 121 161 451 348 262 586 27 579 442 603 600 215 462 170 201 206 351 206 421 565 322 426 154 526 91 467 479 338 181 302 642 580 118 558 218 392 430 78 159 470 350 419 329 415 254 84 577 661 99 280 487 201 138 290 372 227 130 359 210 256 508 522 489 130 286 352 531 114 524 236 102 172 472 586 402 193 487 466 172 221 497 440 534 276 564 539 263 719 652 354 178 568 644 540 352 619 572 406 242 318 332 161 61 176 514 290 515 519 138 581 374 284 179 218 444 198 283 426 566 435 549 516 223 543 539 518 195 208 578 161 589 396 294 64 138 107 211 491 75 169 295 320 117 607 275 447 166 134 212 46 214 334 617 257 206 31 484 193 184 687 249 435 288 278 550 283 422 244 221 388 383 152 319 86 428 528 564 425 440 236 384 36 412 594 196 405 542 229 259 575 354 587 477 329 287 486 101 332 310 596 190 347 580 182 139 298 450 655 445 555 262 574 594 317 559 462 407 184 199 159 413 323 342 588 538 513 507 84 468 463 719 195 584 304 330 498 321 501 314 515 389 522 95 306 225 444 160 486 648 284 631 308 23 87 597 457 478 213 440 587 209 564 231 358 353 90 663 536 682 308 614 411 227 418 36 67 523 139 493 73 376 592 166 590 597 162 212 405 649 519 139 535 417 415 348 173 547 441 704 507 651 606 619 574 446 262 353 483 530 167 426 407 289 496 641 604 331 601 88 646 212 548 214 462 479 378 372 181 496 231 581 408 218 563 230 466 515 592 517 363 489 229 563 129 465 238 418 237 258 211 276 130 137 358 330 694 500 459 569 427 411 172 398 304 309 441 218 430 748 82 129 140 570 223 359 298 497 125 522 434 266 497 605 300 500 478 543 316 250 583 452 315 545 633 212 
171 490 178 584 99 596 576 495 355 369 215 582 515 562 148 24 606 334 731 451 449 615 746 528 71 421 269 732 223 614 400 377 680 498 389 54 198 648 327 733 231 233 565 754 144 517 558 363 198 403 521 587 56 698 607 290 665 646 414 306 639 587 333 731 492 658 333 470 732 518 465 203 701 283 368 629 777 362 137 329 708 311 243 735 413 107 483 501 493 528 85 406 142 114 463 778 367 136 178 536 21 503 293 368 289 344 766 583 767 296 441 98 272 734 388 264 524 575 801 449 413 360 185 184 433 56 213 823 388 351 503 799 398 173 469 284 240 574 612 626 699 443 189 599 479 395 624 557 67 880 371 568 480 466 577 727 270 246 862 573 573 304 667 787 182 572 490 359 372 485 374 567 533 814 336 339 708 565 582 312 302 256 554 482 720 234 630 656 31 741 376 438 644 381 115 287 578 225 340 647 232 687 492 294 276 782 499 64 560 465 644 446 97 459 466 342 274 432 605 373 336 638 773 795 685 198 643 271 18 241 139 184 561 621 627 161 590 608 354 638 484 633 209 510 257 458 397 519 364 528 267 498 414 114 565 264 413 617 670 570 159 399 396 248 166 419 614 560 364 313 542 62 83 132 304 218 351 439 264 618 560 568 744 499 544 318 110 768 79 632 512 629 436 44 127 742 554 188 534 497 709 496 571 187 525 139 36 99 71 627 437 256 519 423 440 655 576 325 333 236 316 469 614 528 146 401 369 394 342 302 583 260 755 477 836 544 326 799 89 426 481 90 168 129 673 120 379 538 509 140 837 350 538 348 638 627 475 485 558 403 93 545 397 591 352 247 661 588 301 529 167 401 291 193 687 475 742 385 512 259 398 230 481 339 220 340 144 84 640 505 583 61 514 413 78 159 425 600 104 393 
360 344 386 477 342 333 394 279 99 215 224 349 356 332 236 274 336 160 470 186 183 357 544 295 259 161 79 474 166 356 405 396 416 231 121 318 216 387 234 465 173 65 350 502 124 431 498 274 155 258 285 597 325 465 470 154 485 445 300 250 474 323 268 464 359 433 393 277 484 253 214 167 475 184 148 419 534 187 316 301 441 352 109 473 151 174 452 517 226 551 236 270 359 290 213 545 445 360 301 447 288 538 269 178 80 255 521 331 512 361 328 171 176 483 282 7 259 400 542 238 168 92 90 200 220 223 303 589 444 416 316 552 185 211 212 406 194 450 392 362 447 276 260 343 293 283 501 296 251 636 370 388 232 305 350 460 103 259 620 303 336 345 482 539 320 304 455 90 103 320 105 506 264 559 104 294 447 304 325 306 375 370 497 452 451 162 397 405 271 536 345 285 374 232 294 18 403 116 247 505 127 434 401 110 247 527 414 272 292 233 377 430 296 437 504 133 389 315 485 258 161 389 548 542 421 151 379 149 258 183 150 273 348 390 394 356 320 615 85 375 292 369 286 250 166 221 246 272 254 259 98 235 234 352 299 275 312 383 418 403 179 412 196 83 220 161 419 410 115 51 327 331 188 382 153 383 327 283 252 389 311 557 503 302 321 76 307 519 232 446 247 460 396 312 243 495 553 127 298 245 506 326 339 337 519 367 284 323 220 388 168 134 502 267 201 408 333 81 187 279 268 380 627 307 280 154 435 155 357 339 496 9 538 479 595 377 109 539 268 268 275 196 225 242 413 150 141 557 252 137 584 332 269 153 466 485 241 233 468 317 363 530 398 404 147 225 394 342 121 419 111 148 99 383 444 245 494 272 361 33 130 138 256 397 67 144 228 305 505 310 362 215 254 267 225 167 164 590 271 163 
579 450 545 590 526 242 450 111 120 357 338 339 238 128 389 482 185 173 358 160 155 143 547 94 475 58 204 376 285 278 590 587 212 161 107 525 342 290 260 324 379 239 373 415 335 565 639 439 369 390 292 767 523 430 559 217 525 468 442 436 534 229 446 327 472 224 596 148 413 69 12 301 453 250 260 433 467 164 534 487 308 554 237 362 174 389 616 695 65 729 452 405 527 457 15 498 649 576 519 577 493 723 463 306 261 424 452 282 416 567 465 376 252 402 260 220 74 464 431 105 223 163 307 338 101 434 518 536 642 618 177 475 282 353 201 620 399 553 395 254 371 382 476 279 374 431 598 226 436 556 557 449 237 408 354 319 296 353 549 163 322 547 519 460 460 134 616 160 152 209 143 646 110 457 137 476 339 95 261 500 582 585 641 616 297 368 377 187 480 537 524 207 213 371 512 201 252 256 418 583 255 357 536 287 318 430 552 487 173 270 184 603 470 606 692 269 603 262 587 242 171 170 514 448 303 366 176 341 464 284 336 490 374 180 181 514 184 782 148 169 157 165 501 45 257 49 197 259 413 123 211 183 156 567 109 360 460 364 344 260 398 598 302 226 365 186 242 496 108 167 358 533 388 595 327 601 512 397 453 375 274 720 446 152 341 154 524 440 415 274 179 518 562 511 462 426 721 345 93 26 514 206 132 478 687 583 493 539 410 173 98 332 666 198 245 189 117 222 200 382 310 521 796 335 432 215 636 233 551 542 621 227 520 654 527 242 150 428 484 386 125 411 368 461 202 362 234 733 217 353 488 517 118 290 521 566 274 225 594 473 563 692 581 239 138 429 267 124 293 539 328 201 186 534 390 282 421 250 458 245 99 263 298 599 252 287 446 520 590 160 164 426 47 396 411 386 59 751 441 250 
423 165 700 94 619 491 239 702 523 249 642 369 804 728 613 503 573 616 562 449 453 684 368 696 453 550 535 541 600 475 147 173 700 474 503 526 628 508 688 611 318 508 314 531 464 43 41 184 355 211 360 183 562 422 156 609 272 306 160 226 226 494 200 603 140 820 236 716 495 583 606 590 401 635 342 322 507 642 417 192 586 229 556 563 427 444 65 151 560 175 436 196 664 623 606 473 252 470 360 46 523 190 230 298 377 205 506 432 551 256 136 484 625 512 739 462 586 223 595 670 379 448 436 607 655 474 321 508 216 236 755 536 319 610 418 323 299 119 343 519 491 222 333 454 244 175 142 463 566 588 161 232 388 202 347 607 355 682 561 549 378 233 280 534 685 584 56 453 456 768 466 49 557 586 550 186 546 636 453 210 261 321 40 66 627 322 385 748 494 371 145 738 600 233 425 461 840 555 212 186 568 489 66 347 685 561 49 464 521 347 655 100 613 86 186 340 317 772 126 715 617 737 447 562 552 358 675 313 503 621 525 342 309 775 774 681 548 192 471 678 730 668 319 602 612 632 701 393 202 538 552 453 684 489 608 702 145 383 478 844 377 155 299 533 613 416 841 169 542 490 308 555 504 517 303 388 171 205 259 372 415 130 476 735 328 523 440 524 561 872 467 229 86 554 394 497 141 385 694 622 348 772 732 696 116 475 499 469 541 761 504 332 92 721 363 758 709 397 644 693 715 80 209 321 641 386 232 368 192 233 67 454 411 120 541 820 562 596 438 215 705 446 618 392 717 461 368 172 428 437 591 172 555 318 237 176 348 403 55 139 577 107 145 834 597 281 558 708 336 85 432 399 556 713 450 340 502 730 170 426 508 578 327 230 500 324 378 467 171 743 765 473 605 204 554 384 546 155 606 350 
396 592 190 716 210 570 653 342 286 460 37 608 318 414 78 249 544 196 704 429 425 503 805 387 283 340 197 714 97 599 581 563 578 466 334 272 48 625 132 684 357 196 612 747 211 658 716 494 320 502 544 778 245 723 719 152 745 707 534 449 731 559 474 685 604 496 532 302 734 434 358 94 735 119 409 681 786 211 358 489 664 502 158 708 402 241 652 691 417 723 280 511 186 132 355 802 575 362 386 677 243 701 451 433 331 473 772 582 754 495 564 199 117 729 182 254 440 658 779 301 428 340 242 68 290 237 413 845 589 554 325 802 446 65 463 501 376 694 653 594 695 529 376 590 552 515 746 538 158 886 548 647 489 557 611 679 337 23 872 516 594 494 743 788 99 498 658 336 346 295 342 724 465 799 249 491 682 464 571 481 504 469 713 652 661 353 656 525 255 798 539 249 578 476 333 271 383 146 466 756 137 681 629 355 64 769 640 283 514 494 553 620 153 631 664 390 488 225 729 177 198 508 807 786 651 317 543 369 234 88 150 378 610 468 477 163 536 798 321 535 312 533 402 414 114 334 217 528 483 469 180 477 249 339 478 37 541 642 665 373 305 584 454 183 65 414 430 662 284 271 589 260 185 351 390 441 515 532 424 648 563 750 757 330 583 251 333 767 147 441 485 717 599 237 320 746 739 290 395 388 768 308 424 114 707 365 262 326 162 482 385 349 696 238 461 519 441 343 174 18 100 607 807 569 93 414 573 417 524 490 726 258 798 661 848 348 229 775 302 517 322 248 61 321 562 217 403 731 501 239 828 517 472 408 725 736 502 487 699 539 277 724 576 404 231 398 618 457 366 657 243 406 199 173 697 506 744 184 612 279 340 126 518 539 196 398 324 309 754 334 423 233 417 512 151 295 347 783 129 425 
251 471 198 582 150 525 545 399 267 340 132 529 420 467 81 113 525 237 662 379 376 524 709 433 133 333 176 666 128 547 430 411 591 424 305 150 115 579 234 657 218 144 521 692 81 520 572 357 180 380 466 625 142 647 595 194 637 609 403 307 617 516 334 656 478 562 378 374 673 431 373 108 653 188 316 588 721 266 210 342 633 348 148 666 342 90 505 539 407 569 127 387 169 103 371 727 420 225 232 539 117 547 304 326 233 337 708 520 703 341 432 49 177 672 297 186 437 548 734 353 352 284 125 96 337 85 259 772 435 399 406 741 350 91 402 348 234 566 566 554 637 414 222 534 445 383 617 488 59 824 397 538 419 440 527 652 225 169 807 493 518 340 637 728 154 488 511 282 295 389 296 581 450 750 244 347 639 475 516 332 350 315 569 504 641 216 578 562 115 703 392 343 563 356 184 209 482 130 331 633 135 624 493 247 191 718 502 137 483 411 557 471 105 482 510 292 335 341 599 280 239 545 726 732 613 178 555 242 95 148 45 224 517 525 532 170 511 646 275 549 387 544 248 421 161 364 302 458 351 447 172 428 318 207 478 189 407 565 607 475 156 432 353 155 88 351 517 542 275 229 497 153 31 228 270 292 368 414 276 568 499 599 689 403 496 229 187 708 40 537 439 604 453 130 166 683 588 155 439 406 672 401 476 168 556 230 126 187 29 532 356 223 546 327 382 561 481 261 237 169 231 470 654 480 109 339 419 335 372 337 588 184 711 509 781 449 232 732 152 399 385 94 92 167 583 72 320 578 443 99 775 369 456 303 613 613 420 421 561 402 182 574 425 495 257 252 586 494 256 524 115 336 196 201 630 422 683 293 492 191 314 133 430 384 133 294 170 168 629 409 487 80 424 390 33 149 338 632 84 338 
271 491 185 604 146 534 564 391 269 360 111 543 405 460 57 129 530 229 671 387 384 522 726 426 154 333 175 675 114 557 454 435 591 431 309 162 93 588 217 663 240 147 536 702 100 543 596 380 202 400 480 649 149 661 616 183 656 626 424 330 636 524 357 663 499 553 402 363 684 432 371 93 668 173 331 604 733 256 231 366 640 372 143 674 352 114 528 563 409 593 150 407 158 89 368 741 444 243 256 562 129 571 328 343 248 359 720 531 713 365 454 72 163 683 279 194 439 567 743 345 365 292 141 76 330 107 282 786 459 423 394 752 365 68 413 371 257 587 581 562 648 433 246 544 463 405 639 497 56 836 421 557 431 460 542 658 242 146 819 498 531 364 655 739 133 491 535 290 303 375 303 605 453 760 243 370 648 474 526 356 374 338 592 528 646 238 592 558 132 720 416 329 567 375 205 216 468 124 353 654 128 635 515 264 170 728 525 157 489 425 558 495 95 506 534 308 358 323 621 264 231 541 741 743 621 200 554 262 112 132 50 248 533 518 525 156 516 670 281 548 376 544 272 420 148 359 288 471 373 452 168 436 307 223 479 166 429 579 618 461 180 456 369 154 65 362 505 562 275 234 513 161 55 241 289 313 391 433 299 582 510 623 701 392 511 230 206 719 36 523 447 624 476 137 189 695 612 176 433 403 689 387 469 148 580 247 142 204 38 525 361 243 570 313 395 556 476 274 225 145 210 492 678 495 88 351 442 349 396 361 611 193 727 533 794 435 229 741 173 419 375 118 68 191 581 95 333 602 453 120 785 392 459 320 632 634 434 432 584 424 188 598 449 482 251 276 593 490 274 546 134 347 193 185 642 436 694 276 512 203 318 124 445 408 138 311 194 186 650 398 478 102 424 410 33 172 339 656 70 352 
247 274 552 277 468 567 375 685 499 263 542 472 765 728 497 355 631 564 669 478 480 715 533 692 306 545 477 653 513 562 40 20 750 516 495 368 525 600 615 705 237 440 425 654 366 208 210 178 265 251 439 210 407 556 330 543 435 452 209 166 392 566 159 698 257 827 51 687 620 606 603 498 541 560 352 457 644 593 252 115 678 67 485 671 444 327 127 123 579 154 297 239 516 488 603 620 71 297 200 223 373 133 140 310 344 185 640 519 673 82 211 369 549 633 673 412 610 363 716 646 405 439 353 505 628 340 163 660 44 49 726 672 346 504 461 137 215 291 466 599 606 290 193 541 330 206 325 531 434 736 52 366 442 287 454 700 311 581 711 601 475 74 441 667 555 627 136 443 450 729 459 218 592 714 513 130 649 662 533 103 81 140 203 125 711 247 503 775 346 533 94 691 665 256 267 420 812 477 191 366 490 600 201 316 594 685 195 314 576 404 705 87 474 102 97 336 132 712 308 651 565 762 599 690 645 268 719 264 360 535 422 194 419 783 784 538 607 231 455 719 702 710 169 617 534 620 650 463 206 576 490 500 643 319 642 601 191 497 586 812 266 31 328 467 503 438 826 318 517 455 409 397 384 343 276 207 94 273 157 489 497 192 611 710 426 484 279 654 434 854 516 391 111 402 254 625 176 298 693 627 506 736 734 563 149 302 348 305 415 775 515 276 147 673 404 783 719 380 585 584 630 188 238 413 514 405 50 387 51 78 254 403 567 101 688 787 519 716 288 272 683 321 507 252 760 353 379 162 486 335 725 88 593 318 400 352 409 456 240 169 414 171 45 813 556 185 641 723 309 244 342 416 502 569 572 403 629 666 292 376 503 497 395 45 429 319 245 308 353 719 762 342 621 252 428 277 544 223 475 371 
266 295 577 281 493 596 393 719 533 294 574 497 799 763 527 382 662 599 694 510 512 748 546 727 333 579 511 678 546 589 57 50 781 547 530 392 557 627 649 732 272 474 448 676 399 215 206 208 299 279 466 182 431 576 339 578 448 469 234 200 404 595 192 725 276 861 72 721 642 639 637 531 560 594 384 477 664 628 276 149 705 98 519 696 476 359 124 97 612 123 326 267 542 517 637 638 64 317 226 229 399 100 175 342 378 217 661 546 696 108 234 401 583 656 707 446 643 381 740 680 437 473 388 537 663 369 191 677 28 58 760 693 377 535 492 148 250 300 487 628 630 316 224 568 355 234 330 560 463 754 81 385 472 312 478 727 345 613 729 632 500 106 455 688 584 659 133 477 484 763 493 213 625 736 547 162 674 695 561 137 103 159 198 123 739 282 526 809 373 547 121 725 695 286 292 455 847 511 223 373 524 625 213 350 627 708 205 340 607 433 736 89 502 102 63 369 147 747 313 685 600 795 616 712 672 302 750 298 388 568 455 224 442 816 818 564 637 203 490 751 736 742 199 651 568 655 684 491 236 608 524 531 678 340 674 634 216 520 611 847 299 46 359 501 535 471 861 333 551 490 434 421 415 362 309 222 126 298 192 512 525 170 631 745 451 519 303 675 464 889 547 404 125 427 283 647 152 332 728 661 520 770 768 591 129 321 374 328 445 808 548 311 132 708 435 816 753 414 619 616 663 204 209 438 543 438 47 419 86 111 254 438 583 84 706 821 553 739 315 299 717 352 539 282 792 386 412 133 515 368 746 120 625 351 413 360 438 486 243 194 436 152 65 848 591 220 669 756 343 255 375 449 536 595 594 432 651 700 311 411 537 531 423 65 463 352 276 332 359 753 796 372 655 280 458 310 578 199 503 403 
500 529 382 667 382 411 561 148 146 406 171 480 169 220 235 372 367 35 537 288 283 309 689 191 383 171 122 552 134 444 598 587 384 313 188 410 181 464 76 507 361 159 500 589 251 624 693 470 335 448 422 792 396 586 652 65 648 599 493 444 645 399 464 510 547 308 577 115 582 251 171 154 604 79 324 567 636 18 456 494 490 538 121 541 276 306 648 710 240 745 368 461 372 306 168 661 627 482 460 640 376 730 461 363 274 451 621 437 592 542 521 277 87 574 94 191 257 571 611 105 318 223 248 184 95 335 473 701 630 600 147 648 358 199 330 574 383 637 533 429 541 459 429 440 467 477 687 386 302 730 563 558 363 488 489 502 299 176 720 342 464 530 644 632 293 317 651 218 223 134 215 701 289 635 108 489 516 273 421 498 555 539 693 648 480 352 525 329 374 680 540 92 397 423 430 190 226 135 443 684 126 527 594 305 138 606 608 391 347 382 363 625 323 632 695 317 558 120 672 70 34 312 672 624 482 331 350 345 354 122 220 439 499 275 284 353 363 810 199 342 128 341 457 228 100 142 51 396 450 298 109 330 59 466 292 180 507 511 512 221 345 604 374 133 210 290 258 590 132 164 480 408 279 487 349 534 521 469 441 520 424 753 611 144 468 131 437 612 283 278 333 630 592 385 393 595 748 302 199 198 653 144 229 309 714 487 385 443 285 287 229 328 698 75 350 324 245 259 23 206 126 574 822 457 273 304 619 315 548 525 689 199 671 673 697 195 92 607 398 454 130 325 212 393 367 274 306 751 360 280 665 525 297 340 635 665 389 356 660 513 435 725 591 236 63 413 447 261 315 610 264 292 97 368 553 395 591 83 544 228 191 126 410 581 172 332 385 423 687 150 233 327 230 457 281 332 179 786 294 329 
298 189 577 205 495 489 289 637 452 194 534 389 728 675 499 379 558 531 586 412 414 651 449 640 329 491 445 570 497 482 51 66 680 446 442 400 519 519 593 624 211 413 340 569 354 133 160 108 246 174 359 225 437 470 251 517 351 366 127 122 310 489 103 617 172 771 123 645 535 543 549 485 455 539 289 371 558 559 292 75 597 106 460 588 380 327 87 147 517 182 313 161 541 503 549 534 157 345 234 151 399 176 114 244 297 122 554 438 588 135 126 368 528 548 648 375 547 278 632 601 338 385 332 498 584 353 196 574 128 132 683 587 277 500 390 209 191 212 380 521 522 208 209 461 247 128 252 455 447 650 40 280 368 204 370 619 268 574 625 529 392 110 357 582 566 558 93 389 395 691 405 169 525 629 472 77 566 599 454 87 143 200 155 86 633 218 418 712 370 449 26 657 590 184 299 380 770 456 129 289 469 517 120 267 582 600 118 339 503 328 635 58 492 66 149 277 199 684 234 624 532 699 513 605 564 249 650 221 380 519 415 217 334 727 727 559 534 243 404 652 659 642 194 557 513 570 617 385 136 508 461 429 605 363 576 595 108 412 503 772 261 62 258 439 501 373 779 234 471 412 326 430 387 392 224 267 49 191 141 404 418 187 525 666 343 444 315 568 442 808 444 307 38 430 271 540 182 278 640 571 421 697 680 577 148 351 375 343 422 716 455 238 132 639 332 721 661 328 555 582 614 104 255 330 523 340 136 321 69 109 191 367 482 108 602 747 481 632 313 192 638 327 506 269 692 348 316 187 411 326 639 49 525 257 316 273 332 382 171 86 451 160 43 768 518 166 562 664 258 163 325 352 469 591 487 326 544 639 207 338 448 478 316 119 403 260 256 342 277 675 710 353 561 173 436 269 489 221 487 304 
693 523 650 659 636 247 503 140 235 448 440 373 256 88 496 597 159 273 327 233 230 38 568 91 590 171 317 351 391 284 688 687 114 211 216 639 446 281 345 275 488 353 417 394 450 644 719 534 481 477 342 856 637 438 619 319 565 503 529 538 582 237 545 281 547 142 701 190 403 99 121 408 466 348 353 467 455 256 649 588 268 659 348 330 262 504 705 789 125 823 567 491 635 565 123 495 754 691 632 654 607 819 567 398 369 521 439 304 390 674 548 491 352 387 328 335 97 518 393 170 306 268 422 444 177 549 629 526 745 723 198 456 368 460 265 730 507 620 428 245 362 460 588 293 443 520 659 250 548 529 656 504 298 482 392 272 404 449 527 160 356 652 558 439 562 116 704 266 256 240 248 725 129 423 250 575 313 48 280 604 690 696 722 705 240 477 400 73 595 557 621 260 169 460 627 315 239 366 515 638 364 350 617 392 411 401 633 602 184 337 106 696 580 698 790 367 713 316 651 316 271 57 517 420 276 478 85 447 579 386 449 602 420 102 97 620 174 869 258 75 190 77 612 87 360 134 268 306 506 149 322 234 227 682 82 452 548 389 341 253 511 697 388 339 471 269 204 559 223 282 408 646 502 710 429 715 611 477 560 402 305 807 440 175 388 269 639 422 527 236 222 566 653 624 576 415 810 458 82 89 538 231 84 580 777 698 608 654 523 81 188 440 755 258 319 78 46 327 293 478 394 603 885 387 538 302 740 321 653 647 694 341 531 748 509 246 261 389 599 468 163 526 474 575 94 477 326 826 264 468 455 617 133 386 568 622 338 283 668 564 676 780 679 215 242 536 239 33 397 613 443 290 298 637 393 346 409 319 527 358 207 371 361 704 366 385 560 635 647 179 119 541 83 481 523 499 169 836 550 338 
255 255 405 369 337 387 336 425 240 129 314 348 504 473 291 232 423 304 516 259 259 478 505 437 193 293 217 511 270 398 259 249 526 305 245 271 299 435 363 530 27 183 326 528 138 310 370 146 43 166 290 453 295 462 379 287 426 405 188 106 403 381 129 526 262 573 246 425 503 368 350 260 462 309 144 389 544 333 217 155 504 205 231 519 219 136 314 371 341 405 167 171 372 315 349 541 299 273 181 329 252 391 122 130 91 125 534 361 543 216 218 168 299 507 419 150 374 336 581 385 199 192 106 279 367 184 171 586 296 269 464 568 165 284 260 270 47 350 374 420 473 203 133 379 238 168 402 348 262 647 224 328 260 227 340 525 57 353 627 390 341 198 427 557 369 404 318 194 204 467 212 379 366 590 251 152 493 424 365 159 231 235 368 313 525 16 394 533 224 500 203 430 461 142 203 159 551 227 119 417 240 463 282 74 356 557 293 208 370 237 483 287 312 296 357 118 252 455 384 395 305 518 534 569 476 42 491 31 222 292 199 149 322 529 532 381 402 472 203 489 440 481 153 374 285 363 390 295 136 354 232 297 382 276 410 373 194 383 446 550 84 265 160 210 288 219 566 326 258 195 303 295 191 309 65 264 182 200 104 382 337 417 510 449 307 223 220 539 250 593 313 392 258 283 147 512 411 60 439 377 469 474 480 383 377 281 236 246 231 525 276 22 361 413 217 538 469 134 327 365 387 259 483 291 324 191 287 178 210 192 378 142 514 334 601 525 257 579 190 186 422 150 293 145 529 142 164 411 297 116 610 186 368 115 400 397 245 269 351 191 325 390 252 552 294 78 459 475 74 310 105 197 241 413 455 244 513 410 277 114 253 249 247 250 174 109 125 232 414 457 505 180 378 176 242 81 293 450 297 170 
493 490 406 629 397 367 519 135 103 370 196 436 190 204 253 374 326 29 495 244 239 279 645 171 379 127 102 509 148 400 571 562 353 269 144 414 202 420 117 466 337 143 456 545 241 589 659 438 314 412 378 763 405 542 612 76 605 555 458 416 603 355 434 469 509 298 555 117 538 212 133 167 560 105 285 523 592 27 449 467 449 516 116 498 233 298 617 683 199 717 361 425 392 323 131 616 607 480 447 604 380 704 435 325 241 419 577 393 549 522 485 273 108 530 137 162 218 530 569 89 275 182 231 201 74 332 457 657 608 579 154 604 318 217 285 560 359 598 489 386 497 420 413 396 427 442 647 342 312 686 536 516 319 448 445 462 269 208 677 300 420 508 601 589 319 278 620 177 180 154 172 667 248 593 68 460 474 238 377 472 536 524 659 617 441 327 481 306 374 636 512 120 357 387 424 158 239 133 412 643 128 483 559 272 173 563 573 388 304 339 328 596 339 602 670 280 543 158 633 113 27 288 628 581 440 310 317 316 356 142 221 424 456 262 269 376 321 781 157 310 132 307 441 190 117 110 84 352 416 255 96 286 68 465 254 214 472 467 468 238 329 578 334 119 228 247 263 550 89 128 437 416 279 490 316 525 494 430 417 476 379 723 567 144 424 95 432 568 292 287 289 588 561 393 382 551 719 282 178 163 609 161 213 336 685 486 387 441 291 269 185 300 667 103 307 302 222 222 55 237 167 539 793 414 294 262 598 274 523 503 652 171 627 645 653 212 56 565 393 416 122 318 231 382 337 266 266 723 316 268 622 498 255 303 593 624 346 311 624 480 444 695 564 245 20 389 405 237 282 572 249 249 76 393 508 352 547 126 504 199 147 132 367 560 156 295 372 421 646 152 223 325 193 420 289 316 135 755 309 288 
779 495 799 612 771 169 439 324 356 467 596 298 442 273 642 710 103 432 166 267 267 149 449 276 692 292 450 195 541 189 705 711 86 222 316 754 599 162 517 100 553 478 352 237 561 618 690 551 559 480 300 843 760 315 558 475 475 412 529 575 505 166 573 109 519 289 740 374 257 195 270 555 346 508 389 378 301 422 738 618 106 699 488 168 307 608 698 790 215 822 667 494 779 708 273 349 791 788 708 622 724 825 608 423 439 545 286 229 227 721 539 607 510 237 508 441 188 457 219 347 332 348 524 592 350 659 696 371 774 760 384 295 385 608 272 788 567 571 341 142 225 449 659 208 417 526 599 200 680 358 678 443 287 462 320 99 471 612 361 136 285 694 466 279 717 133 695 348 335 426 332 694 171 251 386 601 161 168 207 640 736 757 695 698 63 542 302 183 707 438 638 443 66 473 719 418 419 506 540 566 507 216 595 452 577 235 611 706 157 326 80 700 719 697 803 412 771 500 595 493 430 188 378 253 131 556 101 504 694 541 577 676 357 265 255 768 125 853 350 112 375 108 679 213 515 299 446 270 524 177 461 232 404 784 150 618 548 297 216 434 596 715 402 471 619 307 376 507 351 393 354 767 623 816 476 790 635 467 610 311 244 790 298 361 332 394 734 265 659 404 216 490 654 747 664 267 799 544 267 242 427 417 267 735 769 796 720 755 651 237 267 504 745 440 326 199 230 396 458 641 567 589 869 339 686 337 774 353 684 689 653 445 401 749 346 430 403 215 697 463 346 630 623 663 118 586 365 823 244 571 282 642 166 423 489 555 322 273 631 568 798 765 696 392 396 592 107 214 453 579 544 330 438 790 267 329 260 499 490 450 308 516 339 741 488 426 644 737 579 365 297 651 211 481 654 586 286 815 690 365 
580 317 637 450 597 81 292 283 202 267 452 168 411 277 483 523 101 309 217 69 71 205 375 254 499 160 293 226 393 112 507 512 221 23 154 567 450 137 405 212 351 309 208 259 376 440 515 352 359 285 132 659 577 258 409 341 359 299 336 372 373 70 372 210 342 353 538 321 250 120 184 401 280 378 186 263 304 313 539 417 187 497 333 221 109 418 510 599 108 632 473 299 612 542 186 329 590 592 507 449 539 632 405 221 241 345 289 109 265 518 351 423 376 243 421 260 119 308 291 276 129 162 335 439 269 470 493 369 574 559 349 316 184 453 69 585 364 411 224 108 209 260 457 108 237 331 449 54 506 399 479 293 93 279 185 206 271 478 389 70 151 492 352 301 564 103 508 164 151 382 151 521 81 311 241 401 195 162 90 438 533 554 519 510 202 340 204 269 518 364 440 376 137 275 522 237 420 348 339 427 354 195 415 251 451 280 431 513 46 133 176 507 550 507 608 209 568 430 441 399 308 260 343 297 167 357 194 301 507 400 404 474 211 311 306 607 78 672 173 197 330 187 476 147 375 221 359 96 325 61 308 30 321 590 129 489 356 191 180 429 398 518 202 311 463 105 400 349 207 222 198 582 442 622 273 589 435 278 406 203 102 609 279 324 178 237 538 281 486 433 14 357 462 564 466 262 614 348 249 180 341 379 278 582 582 600 531 560 474 291 104 303 559 365 126 281 246 199 342 504 453 404 687 176 528 134 573 150 483 487 487 262 347 558 365 413 261 288 502 271 298 439 468 465 236 400 162 634 54 382 339 442 77 220 359 412 133 78 462 374 614 582 499 403 272 389 140 240 250 407 355 128 289 632 221 140 259 410 319 261 148 364 154 539 316 223 446 543 436 332 314 463 149 288 480 389 153 636 523 162 
250 216 528 252 446 494 319 614 428 189 492 404 699 656 454 330 557 499 599 403 405 641 484 620 279 472 413 585 457 491 63 57 675 441 423 351 476 529 556 633 174 378 360 588 313 180 209 105 206 180 368 259 387 494 294 482 388 397 142 93 348 493 85 627 203 754 91 618 555 532 531 444 482 502 277 398 582 528 242 42 606 62 424 602 369 282 134 176 505 210 265 169 492 455 530 562 137 296 185 199 350 196 74 236 273 111 577 448 607 92 151 324 491 567 613 345 536 309 650 576 330 366 294 456 559 305 146 603 117 107 657 610 272 456 386 169 152 255 402 527 539 220 160 470 262 136 298 458 399 678 28 310 369 222 387 628 241 532 653 527 406 64 393 604 519 552 141 370 377 662 386 218 518 649 444 55 579 588 461 40 103 156 204 133 639 183 438 701 321 483 33 626 591 183 250 352 744 419 117 332 432 532 164 244 541 619 164 290 502 331 630 98 444 110 163 262 158 650 279 590 501 687 543 626 574 209 644 193 331 480 372 167 354 710 711 510 533 279 383 645 633 636 144 543 476 549 586 390 132 502 427 426 576 314 567 552 126 431 518 744 216 70 254 405 457 364 756 270 447 386 342 380 341 343 203 221 21 204 98 424 426 228 549 641 358 416 265 590 396 785 442 344 88 380 222 561 218 239 621 554 454 669 662 529 185 302 325 294 376 701 441 208 174 608 330 708 646 307 522 538 575 144 289 344 476 331 118 312 30 62 240 337 513 140 629 719 451 649 264 202 613 280 462 220 685 304 305 216 412 283 662 14 518 243 353 316 336 382 219 105 401 202 56 744 489 125 568 649 236 206 285 342 437 542 507 330 565 605 236 308 430 440 323 90 368 245 208 292 321 650 690 305 547 182 389 226 471 261 439 296 
383 365 388 500 351 329 410 252 75 238 214 356 328 306 235 290 325 133 466 183 179 336 555 269 280 140 59 472 155 354 433 424 397 225 105 334 208 384 212 457 201 60 361 501 141 455 524 301 182 281 292 625 338 471 491 132 500 458 324 277 491 319 295 456 381 406 421 249 486 234 190 159 483 165 165 430 536 160 339 329 434 380 95 469 151 194 479 545 209 579 257 293 364 293 189 550 473 381 326 472 303 566 297 198 105 281 523 332 510 389 353 185 157 483 257 26 241 417 539 209 176 89 111 194 192 240 330 594 472 444 288 554 201 207 213 433 222 472 401 356 448 296 287 343 311 308 523 294 259 638 398 405 237 325 359 452 130 247 623 292 342 373 497 540 318 289 482 86 98 292 97 532 250 557 75 322 443 283 324 335 403 397 523 479 441 190 404 382 288 547 373 257 362 255 316 22 375 106 274 524 114 434 425 136 231 525 439 292 283 242 360 457 301 464 533 152 416 289 507 233 134 366 554 541 415 179 360 177 273 169 156 299 359 364 368 358 310 642 75 356 264 350 313 229 149 194 219 276 280 246 78 232 206 372 281 262 337 390 418 374 205 440 214 69 217 163 391 429 89 29 339 345 200 401 179 408 355 304 280 396 313 585 506 273 332 48 328 520 239 418 242 477 423 325 267 497 581 154 272 221 517 298 313 336 547 388 301 344 229 363 155 162 529 240 210 384 308 97 161 269 249 405 655 318 280 162 463 166 386 368 520 34 546 507 598 349 81 536 289 289 247 216 222 266 393 168 154 585 252 158 583 360 255 174 483 504 251 236 492 343 376 557 426 376 119 253 387 318 146 442 132 153 74 384 447 255 495 247 381 61 114 126 267 425 68 165 253 325 525 282 335 232 233 290 233 192 143 617 275 176 
532 181 663 308 607 145 149 413 283 178 509 65 537 418 521 512 227 398 244 145 150 348 262 391 477 270 351 233 450 134 398 408 355 145 240 554 502 172 492 277 304 351 72 245 384 305 378 252 327 177 13 529 573 182 265 417 224 171 220 289 232 147 279 270 206 497 446 445 218 261 311 452 189 453 149 139 260 411 498 323 250 408 389 246 152 409 384 477 244 508 451 188 633 567 312 262 494 556 454 311 531 513 323 154 232 251 249 91 261 434 226 428 448 224 522 293 261 164 301 398 117 210 340 486 387 462 431 307 471 464 477 283 119 497 102 508 309 268 107 175 191 138 404 113 103 221 305 116 521 363 375 150 66 148 64 272 247 541 344 205 56 405 218 272 605 244 381 215 207 505 214 383 225 307 322 305 222 306 107 349 449 482 383 385 286 296 113 412 506 253 333 491 253 178 487 275 554 400 248 284 409 182 282 222 523 275 298 492 178 53 310 388 570 385 492 174 492 540 297 498 398 403 262 285 217 325 332 254 501 463 429 421 72 454 450 635 202 539 233 336 456 326 415 286 442 346 466 48 226 205 370 122 433 560 273 557 239 100 165 562 368 409 125 363 506 138 539 205 295 279 55 575 450 594 220 529 336 156 334 103 70 477 226 454 40 306 504 254 504 572 131 216 342 561 431 227 485 329 387 315 225 504 419 622 455 564 518 530 488 435 210 265 431 477 85 424 389 206 432 564 536 275 556 33 563 132 475 130 387 400 346 291 252 437 319 544 341 300 475 155 425 427 511 429 374 402 145 509 89 378 326 343 221 170 219 268 44 77 322 260 606 452 390 540 365 325 215 384 216 268 354 141 358 664 171 42 228 511 179 275 239 421 38 446 353 177 409 517 293 462 455 456 288 175 497 364 264 502 548 126 
275 587 74 690 54 646 666 481 378 459 164 654 471 552 97 136 641 321 784 500 497 625 832 521 185 441 283 788 201 670 513 491 696 544 420 138 152 701 282 775 328 258 644 815 205 624 669 466 291 497 590 701 102 771 708 274 757 731 515 411 735 637 439 775 592 640 447 446 797 540 474 183 777 252 440 711 845 344 248 439 752 425 246 787 465 195 596 615 518 642 197 502 45 26 472 851 480 232 292 644 120 617 401 449 357 446 832 644 826 411 543 164 245 796 337 307 547 667 856 436 477 405 249 149 423 158 327 896 501 465 473 864 473 133 525 395 341 677 690 675 760 534 302 657 566 495 728 610 69 948 484 659 543 559 651 770 347 178 931 609 642 418 758 852 76 601 603 403 415 446 415 678 564 873 349 447 761 579 639 423 416 368 665 595 758 329 702 656 145 826 487 400 677 474 228 329 537 228 441 747 228 748 599 370 217 840 606 178 601 536 665 559 19 572 580 416 386 380 709 328 323 639 850 856 734 291 660 360 131 210 163 297 641 608 616 49 628 722 394 653 458 649 322 526 234 458 364 582 463 563 273 549 391 207 587 191 516 689 731 527 259 513 476 262 122 474 581 658 382 345 621 117 141 209 390 324 462 532 372 692 622 682 813 475 620 340 220 832 84 594 560 723 548 99 240 807 668 272 528 506 795 459 561 77 639 233 145 203 101 619 472 342 632 387 506 653 573 385 309 158 255 575 728 604 62 463 483 460 455 416 691 306 835 591 905 502 333 853 203 518 463 187 120 242 684 191 444 652 566 217 898 461 570 426 731 727 545 545 666 508 127 659 510 555 349 353 705 587 379 633 237 459 297 82 754 546 806 337 608 315 428 221 555 453 250 417 254 192 742 480 566 159 530 507 91 255 447 714 43 462 
555 382 562 522 532 181 379 183 117 298 365 268 308 192 405 474 146 210 308 90 85 165 478 162 459 60 212 321 307 215 536 535 217 91 78 518 365 233 305 285 340 239 301 358 324 500 575 383 337 328 221 707 521 363 489 247 454 397 381 387 462 169 393 286 405 282 550 217 353 55 81 319 385 283 202 362 407 211 512 436 265 508 251 312 111 374 555 638 28 672 435 343 541 469 82 434 603 558 489 511 487 667 416 247 221 370 391 214 362 524 401 369 283 344 316 204 61 393 382 172 158 121 289 357 163 423 483 474 593 572 248 417 219 372 130 583 358 484 324 199 311 316 443 214 305 371 528 159 441 500 504 378 166 341 282 280 255 386 491 116 251 502 448 402 483 105 555 119 108 278 101 581 68 405 151 423 287 111 195 452 540 548 577 556 263 329 308 223 471 468 469 271 182 310 491 181 323 268 363 512 271 297 472 242 356 376 488 472 117 200 178 545 480 548 639 216 565 324 517 296 209 209 448 394 254 334 181 297 457 311 338 458 302 238 237 531 137 721 116 178 227 171 466 65 284 117 254 188 355 70 225 112 216 552 100 396 399 295 283 331 371 545 239 233 383 120 311 426 115 154 286 529 384 582 277 572 459 332 410 306 205 659 383 223 269 155 504 382 420 343 110 446 503 508 438 365 661 318 159 86 443 276 195 501 628 565 484 523 412 225 37 292 606 260 177 230 171 178 242 414 354 457 736 263 450 152 589 171 502 496 554 208 452 597 468 313 169 379 466 321 195 396 387 437 217 350 175 676 146 337 435 465 74 235 450 495 203 154 527 414 560 631 528 310 173 387 219 172 247 472 310 139 202 554 326 211 361 305 389 219 69 281 227 553 249 233 420 504 519 231 230 415 69 333 415 360 52 689 452 188 
511 229 610 365 559 132 218 342 211 179 445 126 465 351 462 472 189 326 260 72 77 293 333 323 442 197 285 258 385 141 418 423 313 83 167 516 439 178 421 275 280 289 145 280 335 351 425 263 295 194 66 568 531 240 328 348 296 244 245 288 302 128 285 271 253 435 452 372 260 197 240 389 253 384 111 211 308 339 474 330 249 412 324 263 81 368 419 508 177 541 416 208 581 513 241 320 503 529 435 360 490 541 322 138 185 257 295 108 292 435 259 381 379 260 449 233 198 232 327 325 60 142 291 424 314 421 417 364 486 472 406 328 99 437 30 505 289 326 177 165 225 169 385 124 149 240 368 93 471 411 390 217 7 189 133 270 208 476 395 161 112 408 291 315 546 193 417 147 138 432 144 431 166 339 251 313 237 246 109 352 450 475 429 419 275 270 174 357 467 324 350 417 222 185 459 213 483 336 252 352 344 213 324 185 455 307 341 457 135 43 267 416 518 415 517 137 488 467 358 426 326 347 324 321 220 293 285 229 459 397 374 402 145 391 388 580 165 581 163 288 383 278 401 220 375 274 393 46 236 147 303 62 360 530 217 490 264 160 196 491 336 428 114 299 446 68 471 267 223 212 127 535 401 563 197 515 347 186 326 167 86 518 277 382 113 237 475 295 453 504 77 286 371 518 403 270 523 291 319 246 297 431 353 563 491 537 480 500 438 374 137 235 468 404 40 368 325 151 360 499 466 313 596 104 506 73 486 80 396 402 399 232 318 467 369 472 270 325 443 180 353 387 451 401 327 356 96 543 44 333 363 354 164 142 290 335 44 14 374 283 566 491 409 471 293 311 205 322 182 318 308 77 290 609 218 52 270 438 232 221 166 356 67 453 293 147 381 484 359 390 389 414 223 196 446 329 191 545 494 86 
396 305 444 443 399 276 344 276 91 184 279 291 371 318 295 324 286 189 413 130 127 323 489 282 304 136 124 416 221 297 400 395 376 176 88 369 273 330 275 410 184 122 295 443 177 403 473 256 178 225 227 585 378 407 429 196 434 392 272 244 427 266 258 409 323 418 401 285 425 215 194 223 418 230 101 364 475 211 353 296 386 359 161 416 93 221 436 509 187 543 279 239 417 348 193 487 454 401 330 418 340 534 270 139 66 239 462 272 453 372 299 224 223 424 316 66 220 353 484 240 111 39 137 257 223 272 325 531 448 424 323 494 137 269 153 426 203 413 336 305 388 235 284 285 247 257 463 238 308 577 366 340 174 264 293 405 101 313 562 252 277 352 431 480 379 258 438 40 52 335 58 481 219 500 117 286 389 269 266 307 387 391 474 436 398 173 339 377 320 481 336 306 324 201 333 46 410 171 232 462 180 376 373 94 297 468 387 318 238 176 335 418 354 423 502 93 409 343 448 291 189 361 490 483 364 175 340 146 309 235 209 299 293 374 376 415 268 602 46 337 299 330 308 217 215 210 271 213 233 210 144 178 250 396 259 329 287 325 359 412 212 408 151 135 279 102 418 367 110 59 273 383 243 428 137 413 321 244 258 331 252 542 444 305 266 92 347 460 290 447 190 412 381 365 279 437 540 159 284 221 451 339 325 396 506 408 333 367 277 368 124 137 487 289 144 382 312 35 220 335 314 353 615 252 339 96 441 100 358 347 466 65 481 469 537 388 131 482 310 230 276 242 284 278 376 201 88 548 193 184 526 327 223 116 418 442 185 174 437 296 415 514 392 407 165 234 339 318 102 386 157 89 137 442 385 189 435 305 320 63 96 192 201 404 126 109 261 349 464 314 352 265 221 234 283 201 136 574 329 110 
657 217 836 258 773 259 114 589 472 310 695 139 716 582 701 669 352 587 257 330 335 489 73 560 627 455 539 229 636 224 450 469 470 317 428 707 687 240 681 321 449 536 120 205 556 299 352 346 480 282 194 513 732 95 192 606 80 36 296 401 122 269 380 311 231 646 523 625 170 425 489 637 66 642 325 51 169 600 631 415 302 495 577 257 341 572 398 490 415 514 602 284 804 742 490 133 560 691 579 293 689 529 431 312 407 357 171 201 226 524 281 598 636 191 710 478 424 124 268 579 305 399 513 670 570 621 548 171 529 534 655 198 289 680 287 602 446 222 84 270 184 238 533 212 199 308 226 257 692 250 441 123 253 221 127 319 414 728 223 346 156 494 70 198 785 389 391 404 397 686 403 353 383 253 511 396 249 459 225 442 536 583 360 399 349 444 106 549 661 65 401 676 361 299 626 462 726 586 358 182 596 188 293 391 712 233 303 642 322 239 433 420 742 410 521 347 589 726 230 687 587 545 111 230 271 480 459 406 660 651 607 549 122 608 602 809 333 516 422 466 635 457 536 454 630 525 653 222 331 364 558 295 619 700 424 744 308 116 186 736 520 461 285 550 688 327 704 172 484 468 143 731 620 734 373 642 415 246 451 103 204 460 142 631 150 495 643 192 677 737 299 113 380 721 574 168 476 491 555 487 36 684 581 801 455 698 672 672 660 585 394 422 431 663 272 564 547 389 621 750 725 301 533 163 741 320 539 315 463 491 302 475 80 456 202 720 531 270 621 257 603 587 693 572 497 571 329 511 262 545 253 421 377 334 107 179 231 261 291 329 761 442 443 709 553 452 295 538 382 255 524 330 547 840 138 226 175 699 196 456 426 608 214 520 537 344 552 661 198 638 618 617 455 274 670 518 448 475 722 307 
299 155 553 210 474 438 258 583 398 139 494 344 675 619 463 358 505 480 540 356 359 595 425 584 308 436 396 525 453 433 102 109 626 392 387 384 479 470 545 575 169 365 298 527 314 141 189 53 206 122 310 278 419 433 243 468 330 336 81 77 292 437 52 569 144 716 153 591 494 488 494 442 420 492 233 337 521 507 284 48 548 122 413 542 325 294 132 203 462 237 290 110 517 473 494 501 196 341 226 161 379 231 82 189 244 67 516 389 546 151 91 334 481 506 599 325 491 249 589 547 283 330 288 458 531 325 189 542 173 167 630 549 222 461 335 229 150 206 341 470 478 161 191 412 201 77 253 403 417 616 77 249 315 161 326 570 216 534 592 475 346 121 335 543 535 503 136 334 340 639 350 198 470 588 419 36 520 543 404 74 163 212 186 132 582 174 377 657 349 424 35 605 538 130 287 327 717 410 74 282 423 472 118 214 538 558 123 320 450 276 581 111 465 117 203 222 216 634 234 576 481 644 483 565 516 208 596 171 356 475 375 203 293 671 671 533 480 295 350 597 606 588 182 502 467 515 566 334 80 453 412 375 553 356 521 554 65 370 457 718 227 112 203 391 463 318 724 212 417 359 282 413 354 387 170 275 42 144 111 363 368 237 487 612 297 391 303 528 411 754 390 287 76 410 249 500 233 236 585 515 394 644 625 546 199 347 356 333 391 661 399 189 181 588 278 665 606 273 506 543 569 96 308 284 491 285 177 266 92 118 207 316 453 162 568 694 429 589 295 143 584 297 468 247 637 311 261 242 358 287 600 48 470 201 296 265 280 329 182 43 437 209 94 714 466 131 511 608 205 158 283 297 419 565 446 274 503 590 176 287 393 432 266 151 356 204 231 328 273 621 655 324 505 123 404 234 434 269 457 249 
760 712 612 853 629 476 712 157 341 611 412 593 106 148 483 632 391 288 558 423 418 260 795 171 644 309 372 583 390 513 832 825 320 418 356 668 426 513 294 501 603 413 631 626 510 825 898 689 582 648 552 1018 652 668 822 326 783 724 699 676 795 464 690 509 734 126 823 153 635 304 256 411 695 332 516 688 687 258 716 727 497 782 381 561 436 566 868 941 318 976 628 662 610 551 255 726 875 742 717 838 635 966 698 561 497 672 671 528 621 791 723 537 341 619 241 428 306 726 621 193 485 411 501 435 210 596 727 758 874 846 115 687 542 449 463 830 625 816 649 476 594 643 683 520 637 686 861 472 557 758 797 711 499 670 610 499 528 400 758 387 576 775 777 671 521 345 870 407 403 130 393 906 346 652 326 719 545 273 505 736 804 794 900 868 465 593 625 223 634 784 769 177 400 626 691 418 40 396 665 846 386 581 795 526 359 631 811 651 409 533 332 851 570 856 933 520 813 201 849 247 286 216 748 651 508 579 305 576 614 374 481 694 633 139 149 586 404 1034 390 295 138 301 711 277 357 227 216 518 664 365 365 441 204 726 309 393 715 613 572 54 599 839 561 388 459 448 28 759 323 383 618 665 539 747 570 794 753 658 682 626 526 974 672 128 600 354 698 654 539 18 434 779 813 641 651 647 973 552 175 247 764 118 150 535 939 748 645 703 543 167 360 562 919 191 508 208 186 466 281 426 325 779 1048 596 514 475 865 492 787 770 883 436 761 902 740 75 322 617 659 646 156 585 459 651 289 534 491 981 475 537 683 758 352 543 782 829 537 486 855 727 689 946 824 25 285 655 471 199 535 801 519 461 346 592 624 544 641 239 721 463 351 386 560 827 426 538 642 684 853 120 113 588 275 655 538 586 313 1005 542 510 
391 158 667 117 587 483 243 680 500 226 612 365 780 709 582 470 562 590 561 432 436 669 383 676 420 529 508 541 570 469 119 144 688 459 481 493 597 504 660 608 287 479 312 534 433 50 71 156 324 190 351 191 529 428 173 581 285 313 138 195 241 485 170 600 134 802 207 693 498 566 585 560 407 607 321 327 513 616 385 160 582 198 528 562 408 412 50 144 542 172 403 176 631 590 585 482 227 438 327 64 491 183 198 276 351 176 512 426 554 226 118 452 597 514 712 435 569 228 598 647 360 426 406 577 631 441 289 519 192 209 731 542 299 579 403 295 268 135 344 512 492 207 301 448 234 151 165 453 534 598 130 235 375 190 344 603 327 652 572 537 373 202 293 540 653 571 44 430 434 744 444 80 542 591 525 154 544 620 445 177 232 290 68 51 622 292 386 733 461 385 113 713 591 211 392 435 817 526 183 208 539 489 58 320 656 564 45 431 510 334 643 76 581 64 173 317 287 745 149 688 591 721 458 567 548 326 662 284 470 591 494 309 306 757 756 648 537 203 447 665 707 655 286 584 583 610 675 382 176 523 525 439 659 457 593 672 122 383 477 820 345 128 280 505 582 398 820 176 518 464 303 522 472 485 276 358 138 190 227 372 408 141 482 712 323 497 408 529 529 851 454 242 54 522 362 501 147 354 674 603 360 748 713 664 117 444 467 437 509 744 485 303 92 696 347 743 691 373 617 662 686 63 219 314 609 366 207 348 161 202 97 427 423 108 550 797 536 598 405 198 683 414 587 360 704 430 347 172 416 406 597 139 540 294 250 195 335 390 80 112 544 114 116 812 572 249 552 691 310 92 401 380 529 681 452 328 506 702 167 398 486 548 315 202 471 300 345 435 194 721 745 441 588 185 522 352 526 169 574 330 
390 63 624 143 548 376 165 574 398 124 538 266 679 600 518 434 452 495 463 322 325 558 331 567 386 422 417 446 490 364 176 191 578 348 375 465 525 400 571 505 223 393 216 444 365 94 167 86 261 83 243 302 497 344 157 492 236 243 39 144 200 377 117 498 50 692 244 590 409 456 477 482 330 520 215 246 432 519 371 140 479 215 442 465 298 356 153 246 432 277 365 69 589 538 478 409 282 430 315 109 455 282 165 171 257 105 428 320 463 245 9 393 511 423 620 344 458 155 507 544 251 321 331 505 528 396 280 450 254 255 628 461 190 510 292 323 210 125 254 406 398 96 275 343 127 58 176 344 483 525 162 156 264 82 246 501 239 577 500 426 271 216 241 456 595 460 151 326 328 643 338 174 431 503 426 123 444 509 339 167 257 306 168 154 516 224 293 622 426 329 122 615 482 107 371 340 713 443 110 197 455 393 64 227 575 475 79 400 399 223 533 158 532 154 263 215 310 651 158 595 496 610 390 480 445 263 551 204 430 510 425 288 210 647 646 601 427 314 344 554 604 544 271 474 499 504 579 273 90 412 435 328 559 443 482 596 35 288 379 717 292 187 171 417 514 288 713 119 416 366 202 493 414 475 186 369 136 79 191 279 301 252 399 608 221 400 389 442 474 744 343 193 113 487 328 414 257 286 566 494 300 646 604 608 225 437 434 418 454 633 375 224 202 598 236 632 581 272 524 591 602 48 330 210 550 257 262 239 183 213 158 336 360 206 477 694 439 507 375 87 578 364 519 326 594 368 240 279 305 342 513 142 429 192 203 178 225 279 130 51 519 225 168 706 474 202 446 580 216 84 331 271 437 634 361 217 418 610 82 308 380 466 205 241 387 199 308 411 191 616 637 393 478 76 466 296 418 280 520 222 
278 560 107 668 84 611 637 446 341 432 132 621 441 517 63 132 604 286 748 464 461 589 802 485 176 405 246 753 166 634 500 479 660 508 384 146 119 665 251 739 304 222 613 780 174 604 652 443 267 470 557 691 115 738 683 239 729 701 490 390 707 601 417 739 567 606 438 413 762 503 438 147 745 219 408 680 811 309 246 421 716 414 210 751 430 171 580 605 482 633 183 476 81 11 435 818 474 238 285 623 121 609 383 418 325 423 798 609 790 401 520 136 211 761 308 271 510 639 820 401 443 370 217 114 387 141 317 863 494 457 440 830 442 99 490 393 318 653 658 639 726 505 288 622 537 471 705 575 47 913 469 630 509 531 619 734 317 152 897 572 609 406 729 817 74 564 587 367 380 415 379 661 527 837 312 427 725 543 604 407 408 364 648 579 721 304 669 620 140 795 470 368 641 446 223 294 507 192 418 722 192 713 577 339 189 805 586 172 565 503 629 544 25 557 572 384 382 352 686 298 288 603 818 821 698 265 623 333 122 176 127 286 610 573 581 78 591 712 358 617 425 613 311 490 199 422 331 548 439 526 237 514 357 215 550 167 493 656 696 497 237 501 445 225 88 439 549 632 346 309 589 130 114 222 362 326 445 505 354 659 588 670 779 442 588 303 218 797 54 563 524 696 531 109 227 773 656 245 492 470 764 428 526 83 626 241 143 205 74 584 436 314 619 355 473 617 537 351 275 136 228 554 719 572 39 429 476 426 442 404 671 271 804 579 872 472 297 818 195 490 429 167 87 228 648 162 411 642 531 189 863 445 533 396 704 702 512 510 645 486 147 646 496 524 313 333 669 552 349 610 207 425 261 109 720 514 772 307 582 281 392 185 522 445 214 386 238 192 718 447 532 141 493 481 62 232 410 702 8 429 
644 201 857 185 787 349 119 666 531 322 735 220 790 665 732 677 443 645 355 398 403 579 94 641 632 523 587 327 679 317 406 428 565 394 490 711 725 337 736 420 457 577 181 301 581 242 280 334 492 285 262 436 740 193 120 658 29 89 281 392 54 358 368 410 204 735 488 698 267 507 563 677 162 693 364 125 258 661 624 393 401 465 622 355 401 588 340 426 493 445 608 282 823 765 565 213 517 683 568 230 698 465 417 340 440 350 263 289 322 495 258 618 686 288 771 520 506 114 363 651 359 454 540 707 640 633 534 240 483 495 730 285 327 716 355 572 450 158 165 364 282 248 526 303 220 298 144 342 712 321 404 125 319 223 202 417 439 771 294 434 236 467 35 288 814 477 332 459 454 758 462 279 467 344 569 376 347 545 313 420 506 558 288 341 447 455 198 641 669 99 369 743 456 308 622 507 805 629 352 96 640 287 245 419 759 327 251 646 409 295 526 368 762 357 463 381 561 791 153 747 645 635 182 322 369 492 552 421 670 696 637 540 180 695 690 831 423 437 478 559 709 549 524 534 677 599 716 294 327 447 606 371 685 695 510 788 287 206 284 814 529 416 317 595 722 387 787 134 545 519 198 738 641 728 392 622 387 250 442 192 287 385 235 706 213 549 640 285 700 820 377 60 334 730 575 263 403 509 636 565 84 757 665 829 387 690 678 669 681 673 463 440 364 729 327 655 632 432 678 790 777 259 454 221 770 373 496 363 431 464 226 515 144 397 277 796 587 364 623 264 678 600 728 573 591 592 374 441 337 565 340 392 462 364 51 101 288 330 222 305 766 370 401 790 614 449 392 625 408 202 548 385 599 863 237 282 270 760 178 492 490 651 267 484 576 374 553 661 113 714 702 630 536 276 692 530 517 396 746 352 
434 503 324 637 317 430 547 212 147 374 115 481 232 283 172 305 399 52 562 294 289 360 686 251 317 195 79 573 68 460 548 536 434 327 195 342 120 484 74 539 310 107 493 608 189 589 655 430 281 417 420 744 329 593 629 7 636 592 458 398 629 418 419 541 518 374 520 182 598 287 213 88 608 29 303 562 650 76 390 446 520 483 61 566 273 242 604 661 271 695 302 429 310 242 210 670 570 415 397 606 309 678 411 336 239 409 636 447 614 485 487 211 28 591 127 153 294 555 636 167 308 213 192 120 153 268 412 713 575 543 214 664 339 135 332 513 332 609 531 452 557 434 370 454 449 441 661 400 235 748 513 542 362 463 488 534 258 131 736 371 466 475 633 650 237 353 608 209 217 199 211 663 320 658 107 443 540 319 434 447 497 477 654 604 516 302 528 387 306 678 494 155 432 392 365 160 292 71 402 662 60 543 559 269 102 628 572 324 371 374 408 578 258 587 643 290 497 166 645 105 54 370 678 645 508 277 398 301 286 60 153 378 492 339 347 294 392 763 191 391 196 388 398 269 35 191 112 399 412 325 61 341 126 398 332 141 470 514 528 286 286 553 352 81 147 286 326 567 141 145 472 341 212 420 311 470 473 442 389 522 431 708 623 211 463 118 371 629 215 345 347 614 548 318 329 609 702 247 258 243 649 210 292 254 668 420 318 376 217 349 244 283 652 138 341 383 304 235 45 159 112 538 774 450 212 293 563 301 496 470 655 160 673 625 712 260 87 633 332 427 196 260 149 330 419 210 289 701 367 219 687 477 327 311 620 643 382 357 627 474 367 681 541 304 85 361 474 319 280 578 205 283 65 311 564 387 607 119 519 188 200 58 400 526 117 303 324 356 663 217 299 261 271 427 213 273 202 741 229 312 
492 591 320 725 336 498 633 220 224 463 120 561 189 292 191 352 455 109 625 370 365 392 769 268 374 258 168 639 116 531 631 617 468 399 270 384 135 551 14 595 394 193 577 676 262 677 742 517 362 506 501 828 363 670 717 93 721 675 546 483 716 486 505 598 607 368 597 176 669 339 259 135 687 66 390 645 722 107 450 530 578 562 145 629 354 310 690 743 328 777 364 517 316 257 256 745 645 466 466 694 351 759 494 424 328 496 707 522 680 561 576 273 76 661 56 241 345 642 699 184 392 296 273 148 178 325 485 787 653 620 195 734 426 159 411 582 415 698 612 517 627 522 443 526 536 529 749 472 269 817 596 629 442 551 569 590 346 107 807 430 545 553 718 719 228 405 694 292 298 165 291 751 377 723 184 528 604 359 507 529 573 548 741 689 568 386 607 405 356 760 578 119 485 480 425 248 254 149 489 750 136 613 647 357 66 694 660 379 434 457 449 663 277 672 723 378 567 100 733 47 110 389 755 712 570 358 435 388 335 94 213 450 576 342 352 293 451 847 273 426 185 425 471 316 92 228 90 478 499 386 149 415 128 446 379 103 558 593 598 244 362 635 439 168 168 368 300 655 214 231 556 376 268 463 399 532 557 530 470 601 507 793 696 203 545 200 428 699 253 312 418 701 634 353 397 681 786 328 277 284 732 178 301 243 752 471 366 428 261 358 314 369 737 109 425 398 322 322 76 134 40 625 857 534 220 377 640 386 577 549 743 248 753 709 784 219 164 696 392 515 199 324 167 398 448 279 376 784 444 292 753 560 385 400 707 730 465 436 715 561 398 766 624 274 146 443 535 339 368 667 284 366 152 301 638 470 677 55 607 276 274 128 484 603 201 391 394 409 751 206 297 319 318 515 253 350 266 826 250 399 
711 523 676 657 660 235 497 168 255 455 466 364 283 114 521 618 143 299 305 238 235 10 554 119 610 190 340 331 417 270 696 696 86 210 232 661 472 264 373 251 502 375 411 374 470 645 720 541 497 481 338 860 659 423 615 346 556 494 533 548 575 225 554 257 547 152 712 218 384 107 143 433 452 375 361 457 435 283 667 597 245 670 372 308 269 524 709 795 134 828 587 496 660 590 146 476 765 711 648 654 629 825 578 405 382 529 419 294 368 687 551 512 378 367 357 354 102 513 369 198 311 282 441 469 205 569 644 506 755 734 225 435 373 485 266 744 520 617 418 229 344 462 603 281 443 525 655 242 572 506 665 499 297 483 384 248 417 476 506 149 348 664 548 419 589 106 708 280 269 268 261 726 127 400 273 584 293 51 269 614 702 710 723 709 215 491 388 63 616 543 628 288 148 466 645 333 262 390 523 632 389 332 618 404 438 379 635 622 175 337 81 702 604 703 798 377 727 344 647 344 297 53 500 398 256 494 57 459 600 412 472 618 414 117 109 646 161 873 273 47 218 50 627 101 386 160 296 302 513 147 346 232 255 702 77 480 552 378 324 277 528 705 393 362 497 276 224 555 244 301 403 669 524 730 439 731 619 479 572 392 297 810 422 203 382 290 658 402 551 255 220 559 658 647 594 396 814 475 110 111 526 258 108 606 782 718 629 674 546 91 199 453 759 287 322 74 71 340 320 505 422 606 888 382 564 309 750 328 663 658 693 360 515 753 488 271 285 366 619 471 191 546 500 593 67 497 334 831 261 488 432 626 130 395 561 617 338 282 668 569 699 783 687 237 268 549 219 55 409 613 462 297 321 663 377 345 389 348 526 375 223 396 360 715 388 394 577 655 642 206 141 561 97 485 547 517 187 839 575 344 
511 428 476 569 455 276 444 134 54 320 273 351 240 179 320 411 239 114 404 159 154 214 561 142 405 37 133 418 218 310 543 537 282 179 67 454 275 330 208 379 321 168 375 454 265 536 609 397 308 358 296 726 452 453 545 153 526 474 408 387 529 264 400 381 449 279 541 148 448 128 64 232 472 188 227 441 502 115 467 439 360 499 167 408 156 320 577 651 111 686 383 372 458 387 62 527 594 507 454 550 422 676 411 271 208 381 486 304 459 511 433 306 188 439 223 154 134 456 479 102 203 120 239 269 87 364 456 567 589 564 186 513 255 285 202 559 342 535 405 296 406 358 413 306 358 395 582 252 365 596 509 442 237 385 362 374 241 292 586 211 334 492 521 498 394 192 578 116 113 205 103 616 159 502 65 429 383 166 287 449 525 524 610 577 355 310 394 256 410 551 478 187 272 336 444 137 271 185 374 573 185 392 506 237 260 473 522 417 213 261 251 560 400 565 644 229 542 237 569 201 113 239 539 491 350 304 246 288 393 219 264 427 375 236 240 446 232 743 99 240 162 235 439 112 192 68 164 267 373 165 140 197 130 497 173 300 424 380 378 275 333 550 273 155 297 169 275 482 38 102 357 461 317 525 279 536 464 371 398 390 291 682 477 165 343 84 455 478 344 305 199 513 521 439 395 460 681 281 145 96 525 207 186 411 647 514 423 469 339 235 96 277 628 174 231 257 180 175 145 320 258 488 756 334 364 191 582 206 500 487 596 161 540 611 563 252 80 475 416 358 136 341 300 395 273 292 203 690 229 285 532 469 167 252 518 555 267 228 568 435 491 654 535 266 77 373 315 190 244 514 260 178 116 467 419 274 456 212 439 183 65 194 290 544 181 246 381 450 578 174 210 356 115 365 340 321 44 714 371 223 
303 226 443 351 378 339 298 401 215 94 331 301 490 444 318 277 378 295 467 214 214 440 464 408 240 261 212 463 282 349 275 269 484 259 212 317 318 386 365 482 72 185 281 480 166 299 364 139 90 136 242 463 339 415 353 286 389 364 169 119 370 333 134 478 237 543 277 407 454 329 319 275 417 313 95 345 497 322 266 170 455 234 234 470 174 177 317 385 302 419 214 145 410 350 319 495 330 322 229 316 296 408 144 84 60 119 486 312 494 250 199 204 303 459 416 139 334 300 532 364 151 156 126 299 347 227 215 540 322 299 445 520 117 305 212 310 86 328 328 372 425 167 179 331 198 151 380 299 298 600 240 291 211 193 293 477 31 370 580 345 293 228 390 509 399 361 320 159 168 453 177 372 324 541 234 162 444 385 316 181 265 277 363 317 478 62 347 497 270 459 212 419 415 110 252 142 532 234 112 390 247 414 269 32 367 509 282 255 324 188 440 296 348 302 376 70 293 450 363 392 296 482 489 521 428 88 450 23 266 302 223 196 277 499 500 416 356 481 171 449 421 440 198 337 290 336 381 247 121 310 229 250 367 324 369 389 179 335 397 533 132 282 113 210 311 174 543 296 234 174 258 340 226 358 23 310 196 167 135 335 289 422 463 429 261 206 269 491 284 572 266 357 261 327 196 464 419 96 409 344 427 459 450 414 385 330 282 294 266 492 237 28 367 402 168 503 436 97 321 384 394 247 493 244 355 144 316 130 232 222 365 132 471 346 554 509 243 530 238 153 400 193 316 194 489 177 116 425 249 150 562 201 325 67 365 370 197 220 337 183 370 395 267 531 280 113 411 441 28 292 132 151 234 448 408 195 464 407 246 102 219 257 199 279 179 60 174 280 388 437 478 222 341 146 277 127 260 455 331 121 
849 447 956 513 910 241 353 563 525 493 776 256 689 525 804 823 287 629 112 386 389 404 261 519 791 478 616 97 716 214 686 701 349 345 477 866 774 186 723 163 620 630 296 71 685 549 607 557 641 482 309 768 882 168 448 664 333 286 514 602 377 253 588 155 467 552 748 610 101 401 483 725 190 701 458 269 87 629 815 629 168 714 656 108 419 718 646 740 408 765 764 490 930 860 485 135 791 873 770 545 841 779 635 470 536 561 84 242 58 742 509 732 699 92 731 577 396 368 44 573 411 480 642 762 571 771 746 130 764 763 628 60 434 775 359 818 625 476 255 219 126 438 721 227 395 521 482 275 820 95 670 361 345 434 271 165 557 801 102 307 260 712 324 57 887 339 640 482 471 668 472 608 360 13 564 610 131 403 245 656 755 794 614 647 200 612 218 446 817 252 628 675 268 489 803 555 675 671 559 437 677 137 538 534 773 43 551 806 301 363 332 663 866 655 767 485 803 732 486 712 628 450 169 31 166 640 359 570 810 724 721 737 302 526 516 927 286 771 494 369 614 363 731 429 698 518 667 306 534 350 632 336 626 876 372 812 530 226 155 689 683 697 441 633 786 410 636 421 529 545 315 885 752 910 536 844 636 453 648 232 264 714 114 603 302 560 820 67 802 665 327 368 620 869 747 95 730 640 511 464 260 661 520 905 707 880 830 846 788 498 427 580 682 668 386 462 483 501 661 828 773 541 789 318 849 424 771 431 687 707 557 578 205 704 94 681 584 48 790 458 583 738 790 745 381 707 446 763 318 684 19 643 352 484 363 435 354 341 545 553 917 695 678 650 592 641 204 468 529 505 659 426 613 953 150 356 91 720 432 570 471 688 354 747 636 491 725 832 453 609 554 765 428 478 795 677 471 730 841 433 
573 130 766 187 699 272 27 571 432 233 637 137 694 574 637 592 364 546 310 302 306 496 145 548 549 426 488 286 581 244 363 382 490 301 392 629 628 271 637 367 371 480 89 272 488 218 277 261 404 201 167 438 655 163 127 559 70 51 209 317 76 279 295 357 143 649 436 601 236 416 468 580 142 594 266 63 248 562 548 328 344 407 523 311 303 498 315 409 401 434 524 201 733 673 470 219 473 608 495 214 613 448 346 244 344 273 247 209 293 437 194 527 587 254 672 422 416 37 337 554 260 355 446 610 543 546 463 258 442 447 635 277 229 619 259 515 367 147 92 292 237 159 450 227 125 223 167 257 621 335 353 36 222 138 116 363 345 673 310 350 152 407 68 275 720 392 309 360 355 661 363 279 378 327 470 310 296 458 233 356 449 497 284 316 388 367 134 559 584 141 314 645 382 221 544 408 711 531 274 134 541 237 208 324 660 302 220 563 324 196 449 335 671 326 438 284 502 692 165 648 546 552 198 303 310 404 473 332 584 597 542 465 86 608 603 740 342 443 379 479 613 469 452 442 579 503 618 202 248 358 507 278 587 618 424 690 221 136 228 720 443 374 220 497 627 289 696 90 446 420 101 654 549 651 300 557 327 165 367 123 202 385 217 611 119 450 562 264 608 729 286 60 294 644 494 237 399 419 544 472 110 661 575 736 375 615 594 591 589 587 367 349 351 631 228 572 543 333 579 693 678 215 461 124 676 274 452 264 376 404 231 417 167 373 287 701 488 337 541 177 582 512 632 492 514 500 275 432 245 474 332 334 373 268 62 122 190 234 215 242 683 364 356 697 515 370 325 537 314 174 455 286 500 771 193 183 243 661 109 395 392 553 168 433 479 278 472 581 146 619 611 542 445 192 600 442 420 403 654 253 
540 129 781 61 706 400 125 672 513 261 685 267 789 685 671 592 491 621 443 403 408 617 218 656 544 522 552 418 634 375 286 309 618 414 481 622 673 404 705 500 379 534 213 400 517 119 156 243 417 218 282 315 654 289 6 626 124 169 193 301 78 406 274 491 117 766 371 697 364 529 571 628 263 657 331 194 367 642 525 290 477 353 581 443 394 513 215 301 510 321 522 209 746 694 572 329 396 582 468 106 613 340 320 295 394 262 369 337 421 383 165 548 649 383 748 479 530 108 465 650 346 434 480 653 636 553 431 361 362 376 733 396 297 660 363 457 367 36 225 423 369 197 431 357 191 212 35 381 639 442 288 122 328 168 244 497 383 723 415 474 280 355 133 397 749 514 207 439 438 754 447 156 495 451 547 275 430 576 361 315 391 447 164 216 522 379 267 682 583 222 257 732 512 244 527 471 814 585 266 41 597 370 127 367 718 429 131 557 446 293 576 245 689 233 338 340 447 774 32 724 621 673 301 428 444 418 599 354 588 653 577 443 209 724 720 758 468 318 458 604 710 594 424 553 638 603 701 318 244 475 570 391 675 597 544 742 193 269 362 820 449 295 281 555 665 381 805 67 530 491 217 650 570 629 331 513 278 190 347 256 327 263 340 710 238 524 544 389 629 837 401 85 215 645 485 364 280 440 653 580 201 756 687 763 262 589 591 573 610 705 466 374 239 717 319 694 658 397 653 739 741 146 335 237 705 357 376 343 317 354 104 473 264 271 396 800 563 466 532 205 681 521 670 483 640 522 349 316 359 496 452 283 491 319 91 25 289 342 97 205 676 246 281 803 595 360 458 654 356 84 483 371 568 790 324 282 370 738 112 447 483 608 266 366 530 328 465 567 33 719 722 550 556 208 622 452 517 276 676 327 
566 148 805 82 730 401 127 683 528 281 705 266 801 693 692 616 493 637 435 413 418 622 198 665 568 534 569 409 653 374 312 335 619 420 494 647 693 400 723 494 403 553 214 389 539 144 176 268 440 239 287 333 679 278 24 643 107 158 217 326 62 407 299 485 139 772 397 709 353 536 581 648 250 675 347 187 353 657 551 316 472 379 600 435 406 536 239 323 518 342 547 231 770 717 582 312 421 608 493 130 637 362 345 313 413 286 356 338 410 409 189 571 667 373 764 498 537 111 453 662 358 449 501 674 649 577 457 343 387 402 744 382 312 681 372 483 391 62 221 421 361 215 456 356 204 236 41 384 663 424 314 125 336 186 244 491 403 743 397 477 280 382 116 383 772 518 230 454 451 767 461 175 501 438 563 301 423 581 362 341 418 473 184 240 517 402 262 685 608 202 283 746 511 265 552 488 825 604 290 15 616 363 154 386 737 417 157 582 450 303 577 270 712 258 361 358 473 789 49 740 637 678 283 415 439 441 601 376 612 672 598 469 211 730 726 781 470 334 473 607 721 597 450 561 657 614 715 323 268 481 588 397 689 623 548 762 217 266 356 831 473 321 297 574 686 392 813 81 544 507 221 675 593 654 352 539 304 209 372 252 329 281 327 722 242 540 569 377 652 846 407 74 241 670 510 352 299 462 661 589 183 768 694 786 283 615 616 599 633 711 477 395 261 731 330 698 665 414 669 759 759 173 351 243 727 370 401 357 343 380 122 492 246 295 378 811 579 454 557 224 692 545 691 508 642 545 364 337 365 519 437 309 497 338 78 7 299 350 119 230 701 266 307 812 610 384 455 660 375 111 505 384 585 814 316 291 359 754 130 466 496 627 275 392 549 347 490 593 17 730 730 574 564 229 645 476 528 293 699 342 
729 542 688 675 675 250 515 174 272 474 478 380 282 113 534 634 157 311 314 257 254 20 568 124 627 207 355 340 430 284 715 715 82 229 250 677 484 276 382 256 521 391 427 383 487 664 739 560 515 500 355 879 675 436 632 358 572 509 553 567 592 240 573 263 566 139 731 223 395 126 159 447 465 386 381 473 445 294 685 617 253 689 387 317 288 541 728 814 153 848 604 515 673 604 161 488 784 728 666 673 645 845 597 424 401 548 429 310 377 706 570 529 390 377 363 371 122 531 376 206 331 301 458 482 215 586 663 516 774 753 227 444 392 498 285 763 539 635 434 242 356 481 622 296 461 545 673 258 586 513 684 516 316 502 400 254 436 487 514 165 364 683 564 428 601 123 727 298 288 270 280 745 146 407 288 603 302 70 285 633 721 729 742 728 220 509 403 44 633 557 647 293 157 485 663 351 258 405 542 649 403 344 637 423 448 387 654 639 192 356 87 721 618 722 817 396 746 348 665 352 309 36 512 406 265 512 60 478 616 425 487 636 431 107 98 658 176 892 291 50 221 57 645 119 399 172 303 320 532 165 361 251 263 719 95 490 571 393 337 273 546 724 412 377 510 295 216 573 260 318 420 684 540 747 458 749 639 498 591 407 314 829 434 206 400 306 675 411 566 246 238 576 677 662 611 406 833 493 115 126 540 260 106 618 801 735 646 691 561 80 218 472 778 293 341 56 72 359 331 516 431 625 907 400 576 328 770 347 682 678 712 377 528 773 497 269 300 372 636 490 196 563 512 611 57 514 353 850 279 505 438 645 148 414 577 635 356 301 686 588 714 802 706 231 281 568 229 55 428 631 479 316 336 676 390 364 400 354 544 393 241 410 379 734 404 413 595 672 659 208 136 578 115 504 561 534 204 858 589 364 
190 588 144 670 76 711 679 594 466 474 288 694 597 663 217 117 720 432 846 566 564 724 851 630 157 532 376 847 314 729 463 438 791 613 502 77 273 763 406 847 335 342 675 868 259 600 632 457 305 505 633 635 58 810 700 386 767 752 509 398 738 702 425 846 588 756 383 564 846 629 573 294 811 370 482 737 890 458 182 411 823 374 346 850 528 221 552 551 605 575 182 507 118 151 570 889 405 139 238 619 98 546 379 478 403 440 879 697 881 352 535 212 362 848 464 378 636 678 916 548 528 474 300 265 533 168 277 934 433 397 593 912 510 251 584 314 340 665 722 741 813 547 268 713 585 492 713 672 147 993 439 671 594 568 688 842 383 307 974 687 685 368 769 901 203 685 560 473 486 570 488 641 647 928 444 424 823 675 696 389 353 296 626 550 834 340 741 761 123 846 453 523 758 486 173 401 662 327 437 739 331 802 578 407 345 896 582 143 675 578 756 512 131 526 511 455 310 507 694 453 434 744 883 909 800 306 754 379 129 327 244 257 671 721 728 148 704 656 468 749 576 743 279 620 348 562 485 633 462 642 371 613 507 115 677 321 506 729 784 652 264 460 507 355 241 534 703 658 474 425 651 54 195 99 413 237 429 542 351 730 674 624 856 593 655 428 158 882 167 718 627 729 512 71 214 855 607 300 636 605 815 582 672 199 582 136 112 129 170 729 551 365 580 509 554 759 680 440 425 288 384 556 659 639 191 516 413 508 408 367 663 375 863 535 948 627 432 914 166 529 578 202 241 216 783 235 493 585 624 255 951 426 652 460 738 720 588 599 640 493 23 604 462 679 454 340 776 693 413 617 281 516 395 169 800 587 856 463 611 374 511 327 592 390 331 451 235 131 732 598 681 174 624 515 170 267 536 654 157 506 
697 661 555 801 569 444 666 105 283 555 353 553 57 122 423 569 365 225 538 375 371 245 759 133 581 256 309 561 328 481 772 765 314 376 301 606 366 485 235 486 542 350 589 603 447 771 844 631 521 593 509 960 590 636 774 263 741 683 643 616 750 432 632 493 682 147 761 91 609 267 207 349 662 270 462 648 662 194 653 668 479 721 318 541 385 503 811 882 277 917 565 607 552 491 206 699 813 680 654 784 573 906 638 506 437 614 646 492 600 729 668 474 279 594 185 367 269 680 604 134 433 355 438 374 150 533 664 732 813 785 53 665 489 388 417 767 563 766 610 448 567 591 621 486 587 630 812 436 495 739 738 665 454 618 569 483 468 343 737 357 536 714 735 649 464 316 813 351 348 71 338 851 310 634 265 659 523 246 470 675 743 731 845 811 452 531 588 223 571 749 710 117 379 571 627 357 36 333 607 799 323 554 741 467 302 612 757 589 375 485 317 793 510 798 873 464 750 150 800 189 223 212 719 631 485 517 293 516 551 313 418 631 590 140 151 529 375 976 334 282 76 287 648 238 294 175 155 475 607 328 302 399 141 663 280 337 659 576 544 44 536 779 507 325 398 397 64 711 264 323 574 603 476 684 511 731 694 605 621 588 487 917 645 69 557 293 635 630 477 80 393 734 755 579 588 621 915 489 140 205 727 58 128 479 881 685 583 640 481 165 311 502 862 130 458 210 164 409 219 369 269 724 990 551 455 423 804 440 726 708 830 375 728 843 718 35 260 601 596 592 98 522 399 588 285 471 437 922 432 474 666 699 317 487 738 781 490 441 802 670 628 889 765 39 223 594 448 180 476 748 456 409 283 536 594 497 615 182 670 402 297 323 513 766 363 481 579 621 805 60 98 525 237 600 476 523 261 948 482 457 
714 277 881 317 821 256 174 599 497 362 730 160 728 584 741 719 344 612 222 352 356 482 70 566 679 473 572 192 671 219 511 530 454 331 452 758 723 225 708 290 501 572 161 161 601 360 412 405 530 338 223 571 782 65 250 635 133 97 355 458 178 267 438 280 292 640 584 638 128 431 501 674 37 672 366 99 114 622 687 474 275 555 611 221 369 620 459 551 425 574 654 341 850 786 503 73 621 746 635 353 739 590 489 359 449 414 119 208 180 584 342 643 667 150 732 515 429 185 220 593 339 430 557 707 585 671 605 110 590 595 666 141 332 719 311 662 500 282 115 259 154 293 589 212 251 367 282 264 737 188 502 183 280 278 156 288 459 762 162 344 176 554 124 145 825 387 452 434 425 699 431 412 388 200 538 455 219 458 229 502 596 643 420 460 321 495 115 539 712 59 462 692 347 353 680 497 732 621 414 236 630 162 354 436 743 184 365 694 323 274 420 481 787 472 583 389 648 745 288 709 612 537 50 178 248 529 447 456 709 684 649 604 165 604 597 853 328 574 451 456 647 447 593 460 662 538 673 244 388 370 590 311 637 754 423 777 368 128 165 743 571 522 331 585 727 356 705 234 508 499 185 782 665 788 422 701 475 303 508 120 217 519 92 641 186 524 698 142 722 738 311 172 441 770 628 123 536 539 559 495 59 696 582 842 515 754 723 726 705 580 412 471 491 681 306 554 546 427 646 785 754 362 591 201 783 354 600 351 524 550 360 512 31 518 140 728 558 222 674 312 615 636 732 625 483 617 366 571 279 591 197 481 381 380 165 235 265 285 351 389 812 502 505 712 577 507 277 536 427 317 569 362 578 883 112 262 130 721 257 495 449 642 252 581 575 389 605 714 252 648 619 665 461 330 714 568 466 533 766 346 
740 559 692 693 681 267 533 172 282 490 482 398 275 107 539 643 175 315 329 274 271 38 586 123 637 218 363 355 435 302 731 731 90 247 263 686 489 293 383 270 534 400 446 398 497 681 756 576 528 517 373 896 683 454 650 363 590 527 569 582 610 258 588 277 583 122 746 220 411 141 168 452 483 390 396 491 461 297 696 632 268 704 393 332 304 551 745 830 168 864 614 532 679 609 170 504 799 738 679 690 653 861 612 440 415 564 445 328 392 720 587 538 394 393 361 382 137 549 389 208 347 314 469 487 217 596 676 532 789 768 221 459 409 503 303 777 553 653 452 259 372 498 634 314 479 561 691 276 593 528 699 534 333 519 418 267 450 489 529 183 382 698 582 443 604 141 744 312 302 264 294 762 163 421 296 618 318 86 303 648 735 742 759 745 234 523 421 27 642 574 663 290 174 502 674 362 247 412 558 667 409 360 654 438 450 402 671 649 210 373 102 737 624 739 833 411 759 344 683 351 314 18 529 421 281 525 75 492 625 429 495 649 449 92 83 663 194 909 304 65 217 72 658 132 403 178 303 338 549 183 368 268 263 729 113 491 588 411 354 262 558 740 428 385 515 311 203 591 270 329 438 692 549 757 473 762 654 515 605 425 332 846 450 201 418 316 686 426 573 232 256 594 694 670 623 422 850 505 114 136 558 254 99 621 817 745 655 701 569 65 233 486 795 291 358 38 69 373 334 518 431 642 924 418 581 344 785 363 698 692 729 389 545 789 512 259 307 385 647 507 194 573 517 622 61 524 369 867 297 515 452 660 166 430 595 653 374 318 704 605 722 819 722 219 287 582 246 51 442 649 490 332 343 679 407 381 416 353 562 405 254 415 396 749 413 428 607 682 677 203 125 588 128 521 569 546 216 875 595 380 
708 351 798 453 754 82 278 418 366 361 616 143 547 391 645 671 146 471 61 227 230 280 276 379 642 320 456 62 556 57 580 591 247 186 318 714 614 27 566 100 477 470 197 97 530 469 537 436 494 361 174 695 729 142 394 505 303 241 402 473 336 93 464 91 374 437 630 463 98 251 330 565 173 541 310 208 151 473 672 508 76 593 497 64 261 566 557 652 254 681 615 372 772 702 333 189 678 728 631 470 688 689 507 330 384 436 135 95 101 618 404 576 539 84 577 419 247 296 129 423 259 321 487 602 419 619 611 221 655 648 485 157 291 616 203 692 485 411 175 64 57 321 581 75 282 405 434 116 663 238 559 284 194 326 164 96 408 642 230 156 137 589 294 141 727 194 553 324 311 522 313 540 208 147 405 489 38 265 90 533 633 664 543 558 122 468 133 334 666 265 517 525 141 362 658 397 542 511 432 398 517 45 450 385 614 116 465 656 145 220 215 566 709 561 671 337 676 581 432 557 470 333 213 133 43 492 242 426 657 564 563 598 202 404 396 768 136 703 335 251 469 243 595 280 539 367 514 159 411 195 472 177 474 729 230 653 420 131 42 554 536 591 302 474 626 253 509 349 370 385 205 733 596 763 393 709 520 338 516 144 118 641 135 460 186 401 675 122 644 541 167 322 521 716 602 110 653 490 371 316 253 517 388 745 625 736 678 699 631 378 268 434 601 516 237 350 351 346 503 668 615 448 720 198 690 270 659 279 571 584 495 420 231 612 209 543 424 127 642 339 437 586 631 600 276 552 295 681 162 531 175 527 200 340 320 389 213 187 476 442 764 618 572 520 433 504 70 338 381 427 505 270 453 794 94 216 104 566 341 414 312 528 220 630 477 345 580 684 411 466 424 612 280 359 638 529 313 663 683 285 
342 498 230 622 213 492 559 317 214 365 59 520 329 387 73 204 478 155 629 348 344 457 714 354 224 275 119 636 38 519 496 480 528 388 259 239 46 548 143 615 266 106 521 667 122 565 624 401 230 408 456 694 224 636 625 109 651 615 440 358 637 482 383 615 509 479 454 287 652 373 306 17 646 97 316 590 702 181 300 401 593 421 80 632 317 163 564 608 353 640 214 417 212 141 303 716 500 317 317 584 206 620 363 338 237 380 689 498 675 418 470 123 87 648 205 163 380 565 702 271 340 255 148 29 257 175 338 760 511 477 318 720 353 41 379 433 286 600 563 519 613 434 298 509 458 421 652 459 130 804 462 553 402 462 521 610 243 98 789 447 506 413 650 706 153 435 569 252 263 299 261 633 399 721 182 402 606 411 490 395 428 399 622 563 595 261 568 488 207 706 450 252 513 382 274 182 392 63 374 661 60 600 536 261 107 690 548 229 442 404 498 533 155 543 584 297 419 249 635 189 157 471 719 706 577 227 491 275 187 56 65 303 518 444 451 200 466 714 239 485 300 481 326 358 72 290 212 442 389 400 106 397 231 299 419 118 447 554 583 384 221 500 361 100 52 329 429 567 216 189 498 237 117 318 295 382 427 438 337 560 479 663 672 316 493 176 277 686 111 447 406 623 509 213 248 663 654 198 361 338 676 310 396 171 621 322 218 278 114 453 311 255 609 237 372 485 406 252 149 112 144 514 723 478 118 325 496 326 440 409 633 166 709 576 764 358 165 700 241 423 301 175 56 249 516 134 312 648 418 152 749 430 406 314 631 641 413 401 605 446 263 637 491 406 181 310 546 420 272 563 151 318 130 223 613 416 661 201 517 186 267 52 427 460 103 304 248 260 660 322 404 168 362 418 109 210 281 696 126 333 
612 594 482 735 490 411 610 71 208 482 275 507 73 134 343 485 345 140 521 320 315 249 717 120 495 195 225 541 245 448 692 684 325 330 234 522 287 459 159 478 459 265 537 581 361 700 772 555 437 522 457 882 508 600 712 178 689 634 571 536 694 399 553 483 615 204 679 23 582 234 159 266 623 188 391 600 636 109 567 588 466 639 232 524 322 417 735 803 236 838 479 536 475 413 157 668 730 595 569 714 489 826 557 434 359 537 620 452 581 645 597 389 197 570 123 285 238 622 592 67 369 284 353 293 79 448 579 705 731 702 34 643 421 307 363 682 481 701 563 422 540 524 536 449 524 556 749 396 413 721 658 608 399 552 521 474 389 269 716 329 490 631 684 627 391 294 737 279 279 39 269 779 278 620 185 580 503 231 432 594 659 646 772 735 446 449 547 250 487 707 631 50 367 498 542 277 116 247 530 739 238 526 670 390 228 594 685 503 342 427 316 715 431 721 792 391 666 104 735 117 138 234 685 613 467 433 296 436 467 231 333 547 538 180 190 454 349 899 261 287 23 288 564 205 211 122 75 425 532 293 216 351 55 579 260 267 586 534 514 115 452 699 439 240 318 335 145 648 189 244 520 520 392 600 434 645 614 536 539 545 444 840 616 40 505 213 549 608 394 166 349 678 679 497 503 595 838 406 129 169 682 40 143 406 804 600 498 555 397 198 255 421 785 54 397 240 171 334 134 298 201 651 912 497 378 358 721 373 645 626 761 293 690 765 695 90 178 588 510 523 50 436 319 503 301 385 368 844 384 389 651 619 285 414 682 721 432 388 733 595 546 813 685 124 140 512 429 189 399 680 371 344 199 465 561 439 590 116 606 321 232 239 455 683 278 407 494 536 744 42 134 440 205 530 393 439 201 873 402 390 
715 566 651 703 643 294 549 124 256 487 439 419 224 56 500 612 205 275 369 275 271 72 614 77 608 197 331 395 395 330 724 722 140 256 245 654 447 327 337 314 518 369 464 438 467 686 761 571 508 517 388 896 648 485 664 322 612 550 569 572 629 284 581 321 590 97 734 171 447 141 141 413 513 347 391 514 499 254 671 623 309 691 358 372 300 523 744 827 164 861 587 532 638 570 142 540 787 710 657 696 621 856 601 436 399 558 483 351 432 706 589 507 353 431 312 357 139 564 433 163 346 300 443 447 174 565 657 570 779 756 170 499 408 463 309 759 537 664 475 291 407 502 615 340 487 560 705 297 557 570 692 549 342 525 438 311 434 444 570 206 403 685 604 483 561 163 744 297 288 214 279 768 174 464 265 611 357 94 327 637 721 724 764 744 278 506 446 60 611 604 657 240 212 499 648 339 199 376 551 684 372 395 659 424 405 443 675 620 231 381 144 734 585 737 827 403 741 294 695 303 273 44 563 462 320 505 119 479 594 388 461 628 466 55 50 621 220 910 287 108 167 113 640 123 363 142 255 352 544 194 333 278 216 699 129 446 588 436 387 214 536 733 427 352 475 309 160 604 242 304 454 658 517 726 463 739 647 519 592 449 352 847 486 151 434 287 659 466 537 191 268 613 692 636 599 459 850 483 69 112 585 203 48 578 817 717 624 672 534 36 224 471 795 242 362 55 24 360 290 474 384 645 925 432 540 341 773 360 688 679 738 364 577 786 552 210 274 429 619 509 146 545 477 598 112 494 363 865 310 488 495 653 179 423 615 668 382 328 711 603 687 820 716 173 249 567 283 16 430 656 464 328 309 636 439 390 453 304 571 383 237 378 405 737 382 421 584 653 693 152 77 557 119 522 533 523 197 877 556 377 
607 501 545 642 534 286 502 61 151 405 334 389 190 83 391 501 219 167 395 212 207 141 597 46 498 101 220 414 287 323 634 630 217 212 151 543 341 332 241 354 417 258 424 455 357 615 689 486 404 440 344 814 537 477 611 215 577 519 491 480 586 274 491 358 523 183 636 103 456 108 45 304 501 242 309 484 510 150 562 531 341 594 247 398 225 413 663 741 113 776 477 454 530 461 44 543 689 600 551 628 510 768 505 354 302 470 494 330 455 607 514 396 247 443 231 250 112 516 466 69 274 207 335 339 73 455 553 579 684 659 128 516 332 355 253 656 438 605 446 295 414 433 510 326 426 479 650 274 447 595 601 501 289 459 404 350 336 343 589 203 372 587 570 500 457 167 664 203 198 163 188 697 152 494 155 520 377 109 309 543 621 620 691 663 324 406 426 168 500 586 569 169 242 419 538 234 200 265 463 635 262 400 586 329 306 468 602 509 217 322 198 649 476 653 737 316 638 225 638 215 166 151 561 487 340 401 183 382 483 281 350 523 426 140 143 515 223 830 190 175 110 174 536 79 255 31 168 310 460 168 222 234 126 589 135 347 509 413 388 208 429 643 352 241 367 237 190 548 135 198 410 547 406 615 371 632 556 448 494 425 324 768 490 103 392 178 549 481 426 222 229 570 609 525 491 468 769 377 48 43 563 158 89 474 735 607 513 562 423 139 149 372 714 163 297 166 87 266 187 373 291 570 844 387 433 265 677 283 594 582 672 258 568 701 568 191 163 462 510 436 77 435 369 490 199 384 282 780 268 379 525 562 159 338 573 618 326 277 645 521 576 741 626 187 139 468 303 99 337 590 355 251 198 532 436 334 463 221 510 279 145 268 350 640 272 333 477 543 642 110 116 447 79 446 422 417 104 799 447 300 
201 246 464 306 383 489 348 572 387 181 431 413 649 619 390 267 542 448 603 382 383 614 518 582 216 436 361 592 398 490 122 106 655 424 387 290 414 528 499 631 122 324 375 600 252 236 272 115 149 187 369 319 325 513 341 428 425 426 165 70 389 486 82 625 239 718 101 572 569 504 494 384 504 445 256 421 601 478 185 49 604 59 369 606 345 219 198 233 477 266 201 180 428 391 494 585 154 242 128 255 287 248 36 220 233 109 594 448 617 77 184 260 434 578 558 297 509 341 659 532 312 332 238 394 515 241 91 628 149 123 611 628 259 394 371 149 100 304 420 522 548 232 97 469 275 153 350 451 335 699 88 339 360 242 399 625 199 471 676 510 412 52 429 620 455 532 205 335 344 613 352 281 495 661 398 66 582 560 459 25 92 124 267 197 633 132 452 672 258 516 90 575 578 181 190 307 698 362 111 381 375 540 215 208 481 631 218 227 487 325 611 162 380 174 213 236 133 597 332 535 450 658 570 639 572 152 622 153 267 421 311 106 369 674 676 446 519 339 346 622 587 613 84 513 419 509 534 386 135 481 374 411 528 258 543 491 155 443 524 697 154 125 244 351 395 342 713 309 405 342 355 319 278 289 172 181 65 219 42 438 425 290 566 596 367 370 206 604 332 741 427 383 150 318 158 575 279 182 584 520 486 620 625 465 247 249 263 235 312 668 412 163 237 557 318 679 612 272 469 476 516 194 348 352 412 309 141 292 65 47 299 288 542 201 651 671 404 658 201 212 569 216 399 156 662 242 282 273 402 222 677 63 496 221 392 363 331 372 276 137 341 265 116 699 441 70 563 617 202 256 227 319 386 479 520 327 578 550 268 262 395 382 323 104 313 220 144 232 371 605 651 241 517 192 325 164 436 323 375 278 
257 523 142 631 100 579 600 432 315 395 131 586 438 502 61 110 576 270 717 433 430 568 765 469 148 380 221 721 152 602 467 447 637 477 356 134 115 634 247 710 267 193 577 747 137 568 617 407 230 433 522 660 112 703 646 224 692 665 454 354 671 570 381 709 530 594 408 401 729 478 416 132 709 209 372 644 777 296 222 386 686 382 187 720 397 135 546 573 456 602 152 439 113 47 414 783 446 222 256 587 104 578 348 382 289 386 764 576 758 371 483 99 200 728 307 240 485 602 789 386 409 338 181 104 371 109 287 828 464 428 431 797 406 91 457 367 282 616 623 608 693 469 255 589 500 434 668 543 19 880 436 593 475 494 584 704 280 160 863 544 574 374 692 784 107 538 552 336 349 409 349 626 500 805 288 392 694 520 571 372 378 337 613 545 693 267 634 602 116 759 435 362 613 409 198 262 502 169 381 685 171 680 541 303 191 773 549 147 535 468 604 510 49 523 541 348 355 351 650 295 272 585 782 788 667 228 600 296 97 166 96 254 574 559 566 114 563 680 328 594 414 590 279 466 186 403 323 514 402 498 214 482 345 200 525 177 457 621 663 493 201 468 409 200 82 407 541 595 321 280 553 125 77 213 325 303 410 468 319 624 555 637 745 431 552 277 195 764 17 558 493 659 496 102 195 739 624 208 475 448 728 421 511 118 594 225 123 186 37 568 407 277 585 348 438 599 520 317 263 150 232 518 687 537 65 395 447 392 409 371 635 239 768 546 837 468 274 786 168 453 416 132 84 196 627 125 376 611 498 152 830 410 506 359 667 665 477 477 609 450 149 612 463 518 294 297 639 533 312 574 170 391 238 145 686 478 738 305 545 247 364 166 487 414 184 350 205 170 681 436 519 107 470 444 25 196 385 669 29 394 
392 114 653 111 574 439 204 639 460 185 584 323 741 666 559 458 517 554 519 388 392 625 355 633 408 487 473 500 540 425 138 160 644 415 440 484 570 460 626 564 262 447 270 494 407 41 103 124 300 148 306 236 518 389 153 548 257 278 97 172 214 440 145 557 91 758 221 653 459 522 543 531 371 574 279 288 476 579 381 147 539 203 495 520 365 391 91 186 498 215 389 133 617 572 543 447 249 436 323 61 478 223 182 235 315 145 474 382 514 232 74 430 564 474 677 400 525 191 558 607 317 385 377 550 591 425 285 486 216 227 691 505 256 554 358 306 245 114 304 468 451 163 291 404 190 112 156 408 516 564 138 196 330 145 302 560 293 624 538 492 329 205 263 502 632 526 87 390 393 705 403 111 498 552 487 136 501 576 401 169 241 297 104 92 578 265 345 688 449 355 108 675 546 170 385 399 777 495 152 191 507 447 23 284 626 525 23 420 465 289 599 106 563 98 210 277 297 709 137 653 554 677 424 528 505 302 617 252 456 561 468 301 264 714 712 632 493 248 407 620 667 611 280 541 551 569 638 338 140 479 491 394 621 453 549 644 82 341 435 780 324 148 237 472 557 354 778 142 478 427 260 512 450 483 241 363 131 145 211 331 364 185 444 672 279 460 401 490 509 809 409 213 67 510 349 462 191 328 632 560 329 709 670 644 161 442 455 431 489 700 442 272 137 658 302 698 647 334 581 636 654 18 264 270 588 324 228 305 166 204 109 392 391 147 516 757 499 558 394 154 642 395 562 347 660 407 305 215 371 382 559 134 496 254 221 175 290 345 83 79 536 159 132 771 534 229 508 647 273 66 375 337 494 665 412 283 467 667 126 364 445 517 270 216 439 260 331 427 180 680 703 423 544 142 501 330 484 213 555 288 
504 490 419 630 410 358 516 123 101 372 209 430 185 191 267 386 315 42 484 238 233 265 640 157 390 119 112 499 162 392 577 568 339 261 140 426 216 411 128 455 344 153 452 536 252 590 661 441 322 413 373 768 418 535 611 89 601 551 460 421 601 346 438 458 509 286 563 107 530 200 121 180 553 118 285 518 584 34 459 472 438 523 128 488 229 309 621 688 188 723 372 426 405 337 118 609 615 491 457 606 393 710 441 326 245 423 568 385 540 530 487 285 122 521 142 169 206 527 558 77 273 180 240 214 61 344 465 649 615 586 146 595 318 230 280 569 365 598 484 376 488 420 422 388 425 445 647 334 325 677 542 513 314 448 440 450 273 221 668 290 414 515 597 579 332 266 624 175 178 149 169 669 237 582 70 465 464 225 369 478 544 533 661 621 429 333 474 292 386 631 516 118 346 389 435 162 232 146 416 642 141 474 560 276 185 554 575 400 294 335 315 600 352 607 676 281 552 160 633 120 40 275 620 572 430 318 304 320 368 156 233 433 452 249 256 389 311 785 156 297 122 294 449 178 130 96 86 346 419 245 107 279 63 477 242 227 475 460 459 231 338 583 334 129 242 243 253 548 85 131 433 429 291 502 320 535 499 431 423 470 372 727 559 134 420 98 443 559 305 278 281 585 565 406 392 542 723 290 164 150 604 155 200 349 689 497 399 452 304 256 177 305 671 102 303 289 209 223 67 250 178 541 798 410 308 259 605 272 529 510 653 177 620 650 645 205 62 555 404 417 111 329 244 392 324 277 265 728 309 278 612 503 244 304 590 623 342 306 625 483 457 699 569 236 24 396 394 223 286 573 258 246 86 407 500 348 538 131 503 205 141 145 363 567 167 297 382 433 645 142 211 336 180 421 302 325 126 759 323 287 
734 411 791 522 754 93 348 367 348 401 599 207 493 330 635 681 93 443 85 227 229 213 353 323 657 293 443 110 540 100 631 640 171 181 303 725 598 68 535 53 503 463 262 153 534 532 602 481 515 408 221 758 735 219 466 481 379 316 453 512 410 97 506 52 435 367 674 414 166 208 290 551 250 517 335 283 215 440 695 551 31 635 483 88 267 576 616 710 219 741 631 420 768 697 293 260 723 748 659 535 697 746 546 362 398 478 199 143 147 659 460 581 517 148 538 418 203 365 154 379 279 319 494 589 378 629 642 286 703 693 432 214 323 604 217 729 514 480 247 60 130 372 609 121 336 453 506 131 663 286 607 352 222 381 230 48 426 620 285 117 197 631 370 198 715 144 613 321 308 472 307 606 170 182 384 534 72 208 125 575 674 700 608 617 52 493 207 262 676 342 566 480 73 404 678 394 482 499 474 472 503 121 511 405 589 159 527 671 121 257 143 622 705 618 726 360 713 537 503 520 442 263 286 178 36 512 171 452 666 545 560 626 267 337 328 761 96 767 328 180 419 173 626 235 519 325 474 196 455 164 457 182 433 747 176 630 472 203 119 495 554 642 338 462 615 262 445 417 349 376 267 741 600 780 421 739 566 389 551 216 162 705 206 408 246 386 694 181 643 476 168 396 576 722 622 177 715 505 315 270 331 465 326 733 686 756 690 717 632 310 251 456 662 474 265 278 289 356 473 648 585 507 784 255 680 287 705 300 616 626 564 420 307 670 267 486 403 151 659 388 387 597 619 621 201 559 314 741 181 540 214 573 162 367 394 462 251 211 543 493 772 681 623 457 406 536 19 274 403 492 513 283 435 785 171 256 171 528 404 420 295 513 264 675 472 371 601 700 485 413 361 621 234 407 637 546 286 729 679 309 
822 429 924 503 878 207 338 528 491 467 742 232 655 491 771 793 253 594 77 352 356 371 264 485 761 443 582 63 682 182 667 681 318 311 443 835 740 152 689 132 592 596 275 47 654 535 595 534 612 459 282 756 851 155 439 629 328 276 493 577 370 218 564 124 450 521 727 575 82 367 448 691 182 666 429 255 88 594 787 606 134 691 622 73 386 688 630 725 373 751 735 467 897 828 450 140 770 844 743 532 810 763 611 443 505 537 79 211 28 719 489 700 664 67 696 545 362 354 21 538 380 447 611 728 536 741 720 146 744 742 594 69 406 742 327 795 598 465 237 184 98 415 694 195 373 499 474 241 788 126 650 345 314 413 248 134 527 767 128 272 234 689 318 58 853 304 625 449 437 633 439 597 325 21 530 588 96 369 213 633 733 769 603 631 169 584 197 415 787 254 608 640 234 465 775 522 642 637 534 431 643 108 522 504 739 16 535 776 266 334 300 646 834 639 751 455 779 697 477 677 593 418 174 23 132 610 326 542 779 689 689 710 281 494 484 894 251 761 461 336 580 330 705 394 664 484 632 276 511 315 598 303 591 847 338 778 510 204 125 656 654 678 414 600 752 377 603 408 495 511 292 855 720 881 508 819 615 431 623 211 234 703 107 569 278 526 792 56 769 633 293 360 602 838 719 81 717 610 477 430 258 627 486 871 693 852 799 817 756 466 393 551 669 633 356 431 449 470 626 794 738 525 778 293 816 392 751 400 666 684 547 545 208 688 116 648 549 24 761 435 548 707 757 717 350 675 416 749 286 653 52 621 317 455 355 427 326 309 533 532 886 683 659 617 557 614 169 434 499 491 627 394 579 920 129 327 74 685 415 538 437 654 327 725 603 462 696 802 447 574 521 734 394 455 762 648 436 720 809 403 
270 255 409 373 342 373 331 410 224 125 308 338 490 457 290 240 407 291 503 243 243 462 499 421 203 276 205 499 263 384 272 263 509 289 228 280 295 421 353 516 44 173 318 516 136 316 377 152 53 164 279 465 302 452 380 276 423 399 191 117 401 367 139 512 263 557 262 411 491 352 334 254 453 300 130 381 534 319 231 168 489 220 221 506 203 141 324 384 324 418 177 171 375 317 333 532 315 286 197 334 260 405 135 121 75 131 523 348 531 232 221 170 289 495 407 136 357 333 568 370 184 175 101 275 353 191 187 577 311 285 449 557 154 280 245 286 63 352 365 406 461 199 149 366 233 172 404 333 264 637 237 324 247 224 330 510 40 348 617 374 330 213 423 546 369 388 328 178 188 454 196 386 350 578 237 163 480 407 351 173 247 252 376 323 510 32 384 517 233 494 214 417 445 140 216 144 536 218 125 418 231 451 287 58 349 545 298 218 354 225 467 299 314 306 371 104 269 444 387 384 292 502 526 557 462 51 475 26 230 284 196 165 314 513 516 383 386 484 187 473 426 465 170 357 276 347 377 283 140 338 220 282 368 288 394 367 198 372 434 536 95 278 150 199 284 204 551 326 242 179 294 303 193 322 57 280 195 198 120 372 325 428 500 434 298 208 233 528 252 578 297 389 268 291 160 500 422 61 423 361 462 460 464 383 388 294 245 258 233 508 259 8 372 400 204 522 452 118 315 361 378 264 495 281 324 176 303 163 224 208 384 128 507 346 591 511 243 566 202 184 407 156 289 158 513 144 149 424 283 117 598 199 352 104 397 397 233 255 356 198 334 400 264 537 280 94 444 459 60 314 102 181 229 415 445 232 501 399 276 100 236 241 236 265 164 96 138 243 414 443 489 186 361 174 244 90 276 461 298 156 
812 407 928 474 879 219 313 552 502 456 751 219 679 518 777 790 276 608 103 359 363 400 226 510 757 458 591 79 692 188 646 661 351 321 454 833 748 165 704 165 585 603 258 41 655 509 567 518 607 444 275 728 850 128 408 641 295 246 475 564 338 231 549 156 427 552 709 597 63 387 467 699 151 678 425 229 50 610 779 591 164 675 631 100 391 686 606 700 391 725 731 452 901 832 470 102 752 837 734 505 809 739 597 435 504 523 45 211 40 703 469 701 676 59 714 549 382 328 60 559 380 452 611 736 556 739 709 108 724 724 618 30 399 749 330 780 589 436 215 200 94 399 684 198 357 482 443 249 790 101 631 321 313 395 233 166 524 778 97 291 224 673 285 19 860 327 600 455 444 656 446 568 344 37 541 572 117 394 217 618 717 756 574 607 202 577 179 446 784 217 589 661 261 452 768 527 669 645 521 398 652 107 498 500 751 31 511 772 282 329 330 623 837 615 727 451 765 717 447 694 607 449 136 15 154 605 357 535 778 700 692 701 263 524 515 898 271 732 468 367 603 360 694 415 675 503 651 274 496 332 607 310 611 841 361 790 491 188 124 683 649 657 406 608 759 381 632 381 507 519 276 853 721 875 501 807 597 414 611 193 233 675 74 593 265 536 785 27 772 663 302 329 580 837 712 56 690 607 502 451 223 650 514 878 667 845 797 811 758 497 405 545 642 653 353 462 476 471 641 804 753 502 749 280 821 393 731 399 648 669 518 549 171 664 80 673 561 63 756 419 571 705 764 710 382 675 414 723 290 652 45 604 336 450 324 396 320 310 505 513 884 655 638 645 571 604 192 462 495 465 627 396 589 926 112 321 53 703 392 540 448 663 319 708 608 457 690 797 414 598 549 732 415 439 765 643 450 691 813 400 
414 370 733 290 648 695 450 864 678 418 736 577 951 901 689 540 771 752 772 634 636 873 568 866 493 718 666 751 706 681 189 201 897 665 668 547 719 716 807 820 426 630 524 741 559 253 195 334 456 391 562 47 586 633 357 734 475 514 339 345 429 696 329 812 346 997 231 870 705 767 776 691 610 753 514 532 716 781 431 293 794 260 676 773 604 520 165 78 741 43 487 376 698 676 775 680 199 465 385 255 557 61 326 469 523 349 716 638 762 268 325 562 742 722 865 598 770 433 806 827 560 612 545 698 810 530 352 712 175 212 909 744 498 697 608 290 405 325 553 724 702 415 386 660 446 346 330 664 624 793 224 442 582 401 556 816 492 775 766 745 585 268 484 743 744 777 168 616 621 915 631 195 746 796 696 301 755 822 657 290 261 310 187 165 834 435 596 935 532 572 251 879 801 406 449 604 996 670 356 379 682 699 270 493 788 771 255 499 718 542 852 170 661 168 98 504 295 903 321 842 754 923 652 772 760 460 869 445 547 728 616 385 518 952 952 722 747 62 631 871 885 862 360 782 726 796 839 593 360 728 680 646 829 489 797 795 320 593 688 997 459 183 479 657 696 596 1005 379 697 637 515 575 577 508 450 367 267 398 348 582 620 89 686 892 535 668 459 734 625 1035 661 435 213 583 444 707 71 490 866 797 552 921 906 751 95 468 532 481 606 942 680 460 119 861 551 944 887 554 775 777 823 274 57 526 704 564 194 545 241 272 247 589 615 119 747 972 704 806 474 403 864 514 701 443 911 547 541 40 624 529 800 262 745 482 442 374 544 597 256 302 587 105 196 994 742 376 764 889 485 296 534 576 690 752 661 537 712 857 379 561 675 690 525 224 620 486 437 488 362 901 936 533 786 387 619 471 715 90 664 528 
596 419 590 557 564 183 408 164 149 339 388 288 293 159 433 511 127 226 299 126 123 122 494 134 498 84 242 316 332 220 579 578 177 113 117 555 390 232 316 267 383 272 326 356 361 538 613 425 380 368 247 747 557 374 521 267 478 419 421 430 490 171 436 270 442 244 593 205 355 14 71 346 398 302 244 383 409 221 553 479 250 551 279 303 153 413 596 680 16 714 474 383 570 499 74 441 646 598 531 548 523 709 459 289 264 412 393 227 357 568 441 406 302 343 319 242 21 423 372 164 198 163 328 383 160 461 526 477 636 616 231 416 259 399 162 626 401 518 345 195 312 354 485 223 340 412 560 171 473 497 547 408 197 377 305 262 299 405 490 104 271 545 472 401 508 78 596 162 151 265 143 619 51 398 177 466 280 68 206 495 583 592 615 596 241 372 323 180 508 484 511 266 158 352 532 220 299 297 406 542 298 299 510 285 372 370 526 511 115 234 141 587 511 589 681 258 608 321 550 300 224 166 458 389 244 376 140 340 494 333 371 501 328 200 198 559 125 761 157 137 212 130 509 27 306 108 256 213 397 65 252 136 215 591 61 413 439 311 286 309 412 588 279 263 410 161 281 459 143 190 314 565 420 621 321 614 502 370 453 323 222 699 388 206 295 187 545 381 453 314 129 474 544 544 479 367 702 359 129 60 462 261 161 526 669 605 522 562 445 185 80 335 647 257 213 187 133 221 255 434 366 496 776 291 477 193 632 212 545 540 590 247 465 639 468 293 193 369 506 360 180 435 413 478 175 388 217 717 169 376 429 508 58 277 477 526 236 183 564 455 596 672 570 283 189 430 208 132 290 508 349 181 229 581 333 244 362 309 424 260 108 307 260 596 283 276 461 543 550 213 197 453 30 373 448 401 78 728 482 229 
716 300 856 368 801 189 205 535 451 359 692 128 665 515 710 706 272 563 146 303 308 409 147 500 669 418 532 116 632 152 539 555 378 275 403 747 687 151 660 213 493 537 155 91 577 401 460 416 518 343 191 621 767 20 303 591 194 140 370 464 235 201 448 203 319 568 604 577 55 367 440 637 49 628 342 121 70 571 685 487 198 571 572 145 327 603 498 592 363 618 643 349 826 759 443 72 646 744 637 397 725 631 497 345 425 422 64 151 112 600 363 622 624 76 679 481 364 220 155 534 305 389 533 673 527 655 610 115 618 618 602 97 313 685 266 677 495 329 110 187 77 298 589 150 255 379 339 204 714 171 525 213 241 290 135 211 440 722 151 276 139 570 184 92 794 318 492 393 383 637 388 461 323 143 491 469 142 389 168 515 613 654 467 499 244 486 81 465 699 136 483 634 272 353 676 461 665 584 420 296 592 86 390 416 700 119 403 684 258 246 346 515 763 507 619 368 662 688 342 657 563 463 86 119 171 517 373 445 694 644 621 605 161 533 525 827 259 626 409 382 584 373 597 396 620 478 618 202 395 306 550 258 580 750 354 736 386 93 91 677 560 550 316 546 694 315 636 273 459 459 176 768 643 784 411 708 493 311 512 94 166 568 36 577 168 481 693 81 697 668 255 224 472 755 621 54 582 523 493 431 130 633 513 811 559 752 711 721 682 508 359 457 535 624 275 481 477 396 597 747 707 394 643 185 753 320 625 321 543 566 412 479 100 556 125 664 511 156 666 318 552 621 699 619 407 596 337 615 230 572 150 499 316 362 220 292 237 242 398 408 799 548 532 644 527 508 201 465 409 357 548 325 534 856 39 236 61 668 284 466 399 603 230 602 541 371 598 707 312 584 550 649 397 337 690 556 411 585 740 319 
626 653 458 793 478 485 675 144 264 536 262 578 48 198 334 491 419 171 595 388 383 319 788 191 508 262 258 615 249 521 734 724 393 401 297 524 277 532 145 551 497 295 605 655 383 754 825 604 471 577 525 927 505 673 774 195 757 703 624 580 760 472 599 556 673 248 712 96 656 308 231 270 695 190 449 669 710 143 583 630 540 674 254 598 386 437 783 846 309 881 495 590 456 400 229 742 763 604 592 770 492 866 597 490 407 584 694 524 655 678 651 403 201 643 87 326 312 687 665 138 433 343 383 288 147 459 607 779 766 736 84 716 481 301 431 707 519 761 633 495 614 583 564 522 587 608 810 469 411 795 699 673 467 611 590 547 434 247 790 403 561 666 752 700 367 367 785 338 339 41 330 833 351 693 234 624 577 304 504 634 690 672 825 782 519 488 618 311 494 778 676 45 440 553 557 323 114 265 577 803 254 600 724 438 207 668 739 515 416 492 387 760 420 767 832 445 692 47 796 98 170 297 758 687 540 467 366 480 473 230 344 572 606 233 244 432 423 945 319 356 92 358 592 279 217 194 85 495 582 366 245 422 102 585 334 239 638 605 587 102 480 740 498 268 310 400 164 711 247 294 588 518 402 604 482 664 657 594 577 616 515 888 689 106 573 261 562 681 393 172 420 744 726 495 524 668 884 438 200 243 753 52 206 381 850 609 504 565 400 256 323 463 832 62 462 300 239 387 151 272 171 705 957 564 362 420 755 434 684 661 817 334 762 809 769 79 222 662 525 581 123 454 310 524 367 405 428 887 455 413 725 661 359 468 749 784 498 457 789 646 541 860 727 137 186 549 503 256 448 737 399 407 233 438 634 505 663 87 666 363 296 251 521 717 307 461 518 546 807 103 188 452 279 585 393 467 269 920 393 450 
825 405 958 456 905 260 305 599 540 468 787 235 728 568 809 812 324 649 155 394 399 452 192 559 777 500 626 129 727 227 643 660 404 360 492 854 783 209 745 219 602 635 264 86 681 498 551 524 626 452 296 711 873 125 389 680 273 232 478 573 318 272 556 210 423 605 711 644 89 433 512 733 139 717 448 222 39 652 794 595 216 679 666 152 423 709 596 689 435 713 751 458 929 861 515 67 751 853 747 492 831 728 605 453 529 530 52 242 92 708 469 727 714 98 758 580 429 319 109 605 407 485 637 770 601 762 720 57 722 724 666 25 419 783 362 785 604 421 218 246 130 406 698 233 363 487 421 286 818 63 630 314 341 398 244 220 546 815 49 338 244 677 263 41 893 375 589 489 478 704 481 551 390 79 580 577 167 444 252 623 721 763 559 597 255 595 190 499 806 184 589 707 312 462 784 559 720 680 529 375 687 144 489 522 790 84 501 792 326 351 382 616 865 607 719 474 771 763 427 737 648 501 99 67 204 625 409 553 801 736 722 714 270 576 567 928 318 713 503 419 650 412 706 462 712 549 695 301 504 377 643 346 655 858 410 828 493 201 159 733 668 654 424 642 792 412 684 370 546 553 285 875 748 892 519 817 600 420 622 203 262 658 73 641 277 573 802 59 800 715 340 311 575 861 730 77 675 629 551 498 196 698 564 910 654 861 818 829 785 549 444 565 630 698 378 515 527 498 682 841 793 496 731 294 853 421 731 424 650 673 500 579 137 654 28 723 600 113 774 426 619 727 797 728 435 701 440 710 322 677 62 606 382 470 304 375 342 340 490 514 906 641 636 696 612 617 242 513 516 454 652 425 626 956 130 342 80 747 387 568 486 698 337 709 640 478 707 816 391 647 600 756 462 446 793 664 492 672 842 424 
487 472 413 611 400 350 500 139 84 353 205 417 205 204 258 371 312 40 479 225 220 271 626 170 374 111 94 492 154 383 557 548 344 251 126 412 209 404 134 452 324 135 437 528 235 571 642 422 302 394 359 748 405 523 594 83 586 536 441 401 584 338 419 454 491 301 543 127 521 198 122 171 541 116 267 504 575 46 442 452 434 503 115 482 214 291 601 668 184 703 355 407 397 328 120 598 595 475 439 587 379 690 421 307 225 403 560 375 533 510 468 269 118 513 156 149 205 511 553 93 256 163 221 206 76 328 447 639 595 567 165 587 300 222 267 550 346 580 470 370 480 401 403 379 408 425 629 324 313 669 522 497 300 430 427 447 254 220 659 285 401 495 582 571 327 264 604 158 161 169 153 650 233 576 51 445 458 228 359 458 524 514 642 601 427 314 462 302 371 617 496 137 344 370 418 142 251 133 396 624 128 466 541 256 186 547 556 384 288 320 317 581 342 587 657 262 533 177 615 132 39 284 609 565 424 299 308 301 353 150 219 414 437 263 269 383 306 765 139 301 142 298 431 179 124 103 103 333 400 240 91 268 83 462 242 227 455 448 451 251 319 564 316 113 234 228 271 531 70 111 418 416 276 487 300 517 479 412 404 457 361 707 549 153 405 78 427 551 293 297 271 569 545 393 374 533 704 271 176 153 590 174 213 344 669 482 384 436 291 269 167 286 651 120 288 299 219 204 71 249 183 522 778 395 301 243 585 255 509 490 635 157 608 630 636 225 42 550 387 398 129 312 237 374 330 261 247 708 298 260 606 484 240 285 574 605 327 293 606 463 444 679 549 255 6 376 390 233 266 555 240 230 69 401 490 333 530 145 486 185 128 134 348 548 149 278 364 417 628 161 226 320 181 402 289 306 118 739 313 270 
547 106 740 180 673 269 5 557 412 207 614 136 678 563 612 566 360 526 319 286 291 489 171 536 522 410 466 296 558 245 342 359 487 290 374 602 604 274 616 373 345 456 82 286 463 202 266 236 378 175 156 426 629 180 125 538 93 75 184 291 88 275 270 364 121 640 412 586 250 406 454 556 162 572 243 79 266 543 522 303 349 383 501 320 285 473 298 392 389 419 498 175 707 648 456 240 450 582 469 200 586 431 320 220 320 247 264 206 307 413 170 501 565 267 652 399 406 23 351 538 240 335 421 586 526 520 437 281 421 424 620 295 206 595 244 491 340 139 99 292 247 133 424 225 100 198 166 251 596 357 331 13 208 112 113 369 320 650 332 344 149 383 92 292 695 385 292 340 335 645 344 268 369 343 450 285 304 449 230 331 425 472 272 299 392 341 141 553 558 167 290 628 380 194 518 386 698 508 248 140 519 246 190 299 638 316 203 537 317 179 445 315 646 307 419 260 477 674 161 628 526 545 221 319 315 378 469 306 558 575 518 439 78 598 594 714 337 432 359 474 597 464 426 431 556 488 599 191 222 349 486 267 570 592 416 667 196 141 236 705 417 353 196 474 602 271 684 76 427 399 89 628 524 625 275 531 303 138 341 129 196 372 234 596 109 430 536 281 582 717 276 72 273 618 468 253 385 393 532 460 136 645 564 711 360 589 568 565 564 579 351 323 336 613 209 566 533 311 559 669 656 194 449 111 651 254 430 244 352 379 222 394 192 356 308 686 468 351 515 151 567 486 607 466 510 474 254 417 234 448 349 310 364 244 77 125 173 220 204 217 657 351 335 684 495 344 327 528 289 158 430 266 478 746 205 166 258 641 86 372 375 530 150 410 455 253 446 555 149 604 600 516 433 166 575 416 404 392 628 231 
72 388 321 460 237 571 485 560 389 290 338 524 609 619 281 124 604 411 699 440 439 645 658 583 77 451 328 693 325 581 256 233 700 486 408 138 320 618 433 714 160 287 495 708 189 390 422 254 148 313 470 440 176 634 493 376 569 561 308 196 536 565 221 710 385 719 185 547 681 538 505 306 630 381 328 551 719 441 35 202 687 167 319 702 399 133 343 354 511 381 78 312 285 261 503 711 220 95 31 409 142 355 172 309 267 240 710 543 724 149 331 168 370 687 495 288 544 481 762 515 382 363 203 302 498 120 68 755 240 203 584 744 346 296 444 143 154 457 543 604 654 358 62 562 399 291 504 531 209 821 230 477 443 375 514 708 236 374 799 570 519 160 572 735 328 581 351 364 376 575 382 431 542 770 385 216 676 591 548 179 154 111 417 342 708 169 569 696 116 655 243 531 642 298 36 307 666 305 239 533 316 644 369 256 396 738 372 83 552 418 659 304 245 318 318 302 130 538 485 476 412 679 700 749 660 150 664 211 131 346 228 48 490 678 682 307 583 461 367 661 562 654 69 538 354 508 489 478 265 532 334 480 495 106 583 394 302 558 627 662 112 255 338 311 293 401 693 455 404 342 473 167 175 138 244 94 219 349 146 556 520 423 685 575 481 360 52 717 213 716 495 528 301 171 48 689 407 165 587 535 624 585 627 335 380 102 117 81 196 678 448 205 375 514 400 698 623 311 421 371 435 347 466 465 290 374 221 361 200 159 452 281 676 332 774 635 382 761 58 338 551 117 296 48 700 165 347 390 481 162 789 216 545 298 538 514 426 452 430 287 188 401 254 674 416 143 642 632 258 409 183 379 354 338 633 424 691 490 411 265 417 319 425 192 273 292 63 79 524 582 647 125 543 321 208 123 453 454 249 353 
716 548 665 683 654 267 526 145 257 473 454 394 253 83 512 617 177 288 339 258 255 42 587 96 611 194 337 365 407 303 713 712 111 235 240 659 461 298 356 284 512 374 440 408 471 669 744 559 505 502 365 881 656 456 643 335 587 525 554 563 605 257 570 290 572 120 726 194 418 125 142 425 485 362 379 489 469 269 671 613 279 684 366 342 287 525 730 814 150 848 589 517 651 582 144 510 779 713 655 678 627 844 592 423 393 546 453 325 402 699 573 512 366 401 335 357 122 542 403 180 331 293 444 460 189 570 653 540 770 748 197 469 393 475 290 754 531 644 449 262 378 485 611 313 468 545 683 272 566 540 681 527 322 507 414 281 428 461 539 180 378 677 579 453 576 137 729 290 281 240 272 750 152 434 270 600 327 72 301 628 714 720 747 730 248 501 420 50 616 576 646 264 182 486 649 338 229 385 540 661 382 366 642 417 422 413 658 623 205 362 113 721 596 723 815 392 737 319 674 324 286 33 534 432 290 502 88 471 599 401 468 626 443 83 76 635 193 895 282 78 192 83 636 111 376 150 276 330 532 173 341 258 236 703 104 463 573 410 358 244 534 722 413 358 487 295 190 583 244 304 431 666 522 731 454 738 636 502 584 423 327 832 456 176 411 290 661 436 545 221 246 589 678 643 599 430 835 481 87 110 558 230 76 594 802 720 629 675 542 59 213 464 780 264 344 53 43 352 306 491 404 628 910 410 553 327 765 346 678 672 719 364 549 773 522 239 280 399 621 493 168 547 490 598 86 498 351 851 288 490 465 642 156 412 591 646 363 308 693 589 695 805 704 204 259 561 253 25 422 637 465 315 316 651 411 370 423 326 551 381 231 388 386 729 387 410 583 656 670 179 107 562 107 506 541 522 193 861 567 363 
762 328 920 367 862 265 225 612 524 408 762 192 741 590 777 762 347 638 203 377 382 483 101 576 724 494 603 173 703 228 563 581 447 351 477 802 757 225 734 272 546 606 204 134 640 411 462 454 574 386 256 621 825 77 300 664 182 148 405 506 228 277 487 262 343 640 635 653 109 443 517 707 68 701 405 147 75 646 734 524 261 605 642 201 398 662 510 602 439 625 698 389 889 824 519 25 672 793 683 404 782 641 538 401 488 463 86 226 151 634 392 684 696 130 754 549 440 237 185 610 373 460 596 741 603 713 654 59 642 646 679 99 372 753 338 712 546 332 156 262 145 340 636 226 298 416 330 280 777 137 553 234 310 327 193 271 500 794 111 352 206 604 173 107 861 393 503 464 455 714 460 462 399 161 564 505 205 464 244 551 647 692 470 511 306 540 144 537 755 92 513 711 344 400 726 530 741 654 463 283 662 157 405 476 772 152 416 738 334 310 417 533 826 523 634 429 699 764 337 732 637 536 11 141 239 573 445 500 752 715 686 652 208 607 599 891 334 623 480 454 661 445 641 472 692 554 693 272 437 383 621 333 656 801 429 808 418 158 165 753 615 574 372 617 762 386 711 285 533 530 227 825 705 834 466 750 525 351 556 153 240 569 69 654 225 553 744 110 761 743 331 222 493 813 673 100 586 581 569 508 105 710 588 878 566 801 767 772 744 581 434 514 542 700 341 552 552 462 671 817 780 414 640 241 820 387 652 387 574 601 410 547 45 569 90 740 584 188 719 360 629 678 767 671 477 657 402 621 303 632 153 532 392 421 215 284 301 313 401 439 856 552 556 720 602 555 272 540 468 368 609 394 607 921 115 299 107 743 308 532 473 674 290 632 609 430 650 760 300 660 625 708 473 378 753 612 486 582 805 383 
626 523 555 664 546 301 523 46 172 427 344 408 175 61 403 517 229 178 405 233 228 138 614 25 516 124 236 425 298 338 657 653 214 231 173 559 351 345 245 361 439 276 444 467 375 638 712 508 425 462 364 837 552 493 632 226 596 538 514 502 606 289 514 366 546 162 658 94 469 123 67 317 517 251 331 503 523 158 581 554 349 616 262 408 247 432 686 764 131 798 496 477 542 473 67 557 711 618 571 650 526 790 528 377 324 493 507 347 465 628 537 413 256 456 229 271 126 537 475 69 296 230 354 351 78 472 574 593 706 681 113 528 355 366 274 677 459 627 464 308 427 455 531 342 448 502 671 291 461 606 623 522 310 481 424 357 358 350 601 215 391 609 590 512 466 178 687 226 220 151 210 719 167 503 173 543 388 114 325 565 643 641 714 686 329 428 443 156 517 604 592 163 250 442 557 255 180 280 486 656 276 414 609 352 311 478 625 527 232 343 200 672 489 676 759 338 659 219 660 216 176 139 576 497 351 422 183 404 499 291 366 544 445 119 124 525 235 852 212 173 98 174 557 94 266 49 167 330 483 184 238 253 126 606 144 353 531 431 402 189 450 665 374 257 378 259 168 570 155 219 430 563 422 632 393 652 578 470 516 443 342 791 504 88 412 197 568 493 440 200 248 590 632 540 510 481 791 398 29 59 581 145 69 483 758 625 530 580 438 122 171 394 737 159 318 152 72 288 195 380 294 593 866 407 444 288 699 305 616 604 694 278 584 723 581 174 179 471 528 459 67 453 380 510 194 402 305 803 287 398 535 584 174 360 593 639 347 297 667 544 591 763 649 166 153 490 313 87 359 612 374 274 214 541 451 355 476 219 531 300 167 281 371 661 289 356 497 560 663 94 94 464 93 469 437 437 127 822 459 323 
490 47 708 118 636 329 71 585 424 178 601 201 700 599 591 525 416 532 392 317 321 537 229 570 479 434 464 371 548 309 268 287 544 330 392 558 590 341 618 443 306 448 146 362 438 127 194 180 343 137 203 352 588 256 85 538 135 145 127 238 102 333 214 434 51 683 343 608 326 445 483 544 237 570 242 155 342 553 470 241 418 317 495 393 305 439 222 316 425 343 456 131 674 619 484 314 378 529 414 127 546 355 263 208 308 196 340 267 382 347 105 472 562 342 660 393 446 57 426 561 257 345 399 570 547 483 380 353 347 353 644 371 208 578 278 424 298 78 173 355 321 110 372 288 102 144 122 305 565 430 260 63 244 81 179 439 300 639 405 396 211 317 139 368 671 434 216 350 349 666 358 198 413 419 458 223 376 493 290 268 358 408 200 223 460 305 215 602 516 228 221 643 440 162 468 383 726 499 198 119 511 319 114 282 632 392 127 493 368 207 500 240 615 231 343 253 412 686 110 635 533 592 292 395 384 343 522 275 519 567 496 386 140 640 637 684 392 360 369 527 621 517 370 468 552 515 612 238 173 393 483 307 586 541 462 657 134 213 308 732 378 279 193 469 584 292 718 24 441 403 143 585 494 574 249 470 237 105 288 202 253 299 310 622 164 435 485 357 553 751 319 93 199 578 422 329 311 363 567 493 199 667 601 686 285 535 525 515 534 622 379 294 261 628 231 613 574 309 564 656 654 120 377 159 626 268 358 254 284 314 156 387 260 280 382 711 474 427 469 120 593 449 589 419 564 445 260 341 278 419 425 243 409 233 102 99 204 258 134 153 613 276 262 716 506 295 392 570 271 84 404 282 480 716 281 196 334 649 25 361 394 522 180 340 444 242 400 507 119 631 637 479 471 127 546 380 428 320 600 238 
1398 3168 792 3786 444 3606 3654 2778 2046 2412 972 3606 2814 3192 546 522 3606 1806 4428 2724 2706 3576 4656 2994 792 2442 1494 4446 1098 3732 2742 2616 3990 2994 2286 630 876 3930 1674 4398 1620 1314 3540 4596 912 3396 3672 2442 1398 2634 3228 3882 480 4308 3894 1530 4200 4050 2736 2112 4062 3546 2280 4392 3198 3750 2364 2598 4476 3030 2670 978 4338 1440 2322 3936 4764 1962 1206 2286 4254 2220 1296 4446 2508 822 3234 3366 2892 3534 840 2664 588 306 2652 4794 2574 1170 1440 3510 462 3384 2058 2358 1824 2322 4692 3564 4662 2142 2910 648 1386 4482 2028 1566 3072 3660 4854 2502 2556 2160 1176 816 2412 600 1638 5064 2694 2478 2778 4884 2514 738 2862 2088 1692 3708 3816 3780 4266 2856 1470 3648 3054 2622 4014 3384 102 5382 2562 3612 2958 3006 3588 4368 1752 1128 5274 3408 3540 2178 4200 4812 714 3378 3276 2148 2226 2646 2232 3726 3150 4950 1896 2328 4290 3288 3546 2196 2184 1914 3642 3228 4302 1626 3900 3792 570 4620 2574 2364 3828 2496 1068 1704 3198 1188 2298 4134 1206 4194 3240 1896 1332 4752 3288 762 3354 2898 3786 3012 234 3090 3162 2172 2022 2292 3906 1956 1818 3684 4776 4842 4134 1392 3768 1818 462 1182 714 1452 3516 3540 3582 648 3522 4008 2106 3732 2676 3702 1602 2964 1302 2598 2130 3192 2430 3138 1452 3018 2262 1032 3312 1230 2748 3816 4092 3150 1206 2748 2526 1362 678 2556 3438 3600 2088 1830 3396 564 516 1098 2004 1686 2424 2844 1884 3834 3438 3762 4566 2772 3396 1818 1038 4692 222 3534 3090 3990 2940 426 1098 4542 3678 1290 3036 2862 4434 2718 3246 756 3498 1188 594 966 288 3588 2592 1710 3456 2280 2730 3774 3294 2010 1764 1056 1572 3102 4044 3300 498 2478 2586 2448 2394 2160 3798 1560 4680 3210 5124 2994 1818 4842 900 2760 2682 774 684 1110 3930 810 2358 3588 3108 960 5094 2424 3186 2226 4044 4014 2952 2970 3642 2700 702 3618 2724 3294 1944 1764 3972 3378 1944 3444 1092 2460 1602 840 4218 2958 4536 2022 3300 1590 2334 1176 3006 2400 1248 2172 1182 882 4098 2808 3300 600 2982 2694 252 1182 2472 3954 246 2454 
2810 2380 4260 3580 3590 3610 3140 4130 2270 1080 3230 3220 4960 4580 3060 2560 3990 2990 4900 2350 2350 4580 4820 4210 2190 2750 2140 4850 2760 3710 2660 2580 5030 2800 2270 2960 3100 4080 3640 5040 510 1840 3010 5020 1520 3020 3650 1390 680 1470 2640 4570 3190 4370 3630 2860 4060 3820 1760 1100 3840 3550 1290 5000 2470 5570 2610 4150 4760 3480 3340 2680 4370 3110 1180 3650 5180 3270 2430 1610 4780 2190 2320 4930 1950 1580 3140 3770 3200 4110 1920 1550 3920 3340 3330 5160 3140 3000 2070 3200 2760 3990 1310 1050 720 1190 5080 3340 5170 2330 2060 1870 3010 4810 4170 1430 3530 3160 5540 3730 1730 1720 1160 2900 3560 2080 1940 5610 3090 2840 4540 5420 1390 2950 2340 2910 660 3370 3490 3940 4470 1820 1570 3530 2160 1570 3890 3220 2810 6210 2310 3070 2340 2070 3150 4990 380 3620 6010 3660 3150 2120 4060 5310 3860 3810 3170 1750 1850 4600 1930 3740 3430 5630 2410 1540 4670 4030 3390 1690 2480 2570 3640 3140 5000 400 3690 5140 2490 4770 2060 4250 4360 1230 2290 1490 5410 2310 1120 4010 2440 4360 2730 500 3620 5310 2850 2340 3450 2100 4600 2900 3310 2970 3660 920 2730 4530 3710 3930 3000 4990 5090 5430 4500 670 4690 110 2460 2970 2110 1740 2970 5130 5150 4000 3770 4750 1860 4680 4300 4600 1770 3540 2880 3480 3850 2690 1250 3310 2300 2720 3740 3020 3880 3820 1840 3570 4190 5420 1100 2720 1340 2090 3000 1950 5540 3090 2450 1830 2780 3190 2090 3360 400 2880 1880 1810 1190 3570 3110 4180 4840 4380 2820 2130 2460 5130 2690 5820 2870 3720 2580 3070 1730 4850 4140 780 4230 3600 4460 4660 4640 4000 3800 3070 2610 2720 2500 5070 2550 90 3630 4070 1910 5190 4510 1130 3240 3760 3900 2510 4870 2650 3410 1660 3020 1520 2200 2070 3700 1350 4900 3390 5760 5160 2490 5530 2160 1670 4110 1730 3050 1720 5080 1610 1380 4170 2710 1340 5840 1920 3450 890 3800 3810 2190 2430 3420 1850 3500 3910 2580 5410 2860 950 4330 4570 490 2990 1180 1720 2370 4320 4290 2170 4860 4080 2590 1060 2350 2530 2210 2650 1760 820 1510 2580 3980 4470 4900 2030 3580 1580 2610 1060 2750 4510 3150 1430 
1870 1830 1895 2500 1705 1690 2065 1295 425 1190 1040 1810 1665 1570 1135 1400 1675 680 2375 955 940 1730 2800 1390 1350 750 285 2400 745 1810 2140 2095 2035 1170 575 1620 1010 1960 1055 2330 970 260 1830 2545 655 2270 2610 1490 870 1405 1490 3100 1635 2385 2460 655 2515 2315 1615 1365 2470 1635 1460 2330 1905 2075 2070 1275 2465 1225 1000 760 2445 815 835 2175 2720 815 1645 1620 2215 1870 450 2390 795 920 2380 2700 1095 2870 1235 1465 1775 1420 990 2785 2330 1855 1590 2350 1465 2805 1460 995 515 1390 2655 1700 2595 1910 1760 875 775 2455 1295 95 1255 2100 2735 1085 910 485 510 935 995 1150 1610 3005 2330 2190 1470 2810 1020 1000 1105 2125 1080 2360 2035 1825 2275 1485 1390 1755 1565 1530 2620 1510 1245 3225 1965 2040 1220 1630 1825 2305 635 1205 3155 1510 1740 1830 2505 2740 1550 1495 2395 470 530 1485 530 2650 1300 2825 415 1590 2260 1465 1660 1645 1980 1945 2605 2380 2250 920 2050 1960 1390 2760 1845 1305 1860 1275 1535 125 1905 495 1355 2630 545 2210 2120 670 1135 2665 2190 1410 1460 1235 1855 2265 1460 2300 2635 770 2040 1455 2540 1170 685 1875 2805 2745 2120 855 1855 865 1315 820 735 1455 1820 1865 1885 1745 1600 3190 420 1830 1350 1800 1525 1195 725 1015 1110 1415 1390 1280 380 1205 1055 1810 1460 1290 1680 1980 2130 1900 980 2175 1080 320 1045 850 1990 2155 490 195 1720 1675 950 1955 885 1995 1755 1525 1370 2010 1600 2905 2570 1400 1685 275 1590 2640 1145 2125 1255 2395 2100 1570 1285 2525 2885 725 1405 1155 2610 1520 1610 1640 2715 1890 1455 1670 1095 1860 825 785 2625 1220 1075 1970 1590 495 815 1320 1235 2015 3250 1615 1355 835 2280 855 1900 1805 2595 140 2760 2510 3030 1770 430 2725 1395 1450 1270 1030 1070 1285 2015 785 790 2900 1300 740 2960 1775 1325 870 2430 2530 1280 1215 2455 1705 1830 2765 2105 1915 620 1235 1980 1635 720 2210 615 800 375 1880 2270 1300 2515 1245 1910 280 620 605 1360 2095 295 830 1215 1575 2635 1440 1715 1110 1215 1450 1115 920 765 3070 1330 900 
6795 3411 7659 4221 7254 1224 2664 4185 3771 3636 6030 1566 5346 3897 6291 6498 1710 4716 279 2520 2556 2862 2349 3816 6228 3357 4590 72 5490 990 5526 5634 2466 2151 3348 6885 6012 729 5571 891 4725 4716 2007 432 5238 4428 5013 4275 4887 3591 1944 6453 7020 1188 3663 5022 2745 2214 3933 4635 3087 1323 4536 801 3609 4248 6021 4599 576 2709 3429 5571 1467 5355 3240 1962 990 4725 6480 4923 783 5688 4959 270 2826 5553 5256 6111 2745 6363 5985 3681 7425 6804 3447 1404 6426 6993 6102 4419 6660 6453 4941 3384 3915 4284 846 1278 432 5931 3933 5661 5337 396 5652 4257 2664 2817 693 4257 2790 3366 4851 5904 4221 6030 5904 1629 6210 6165 4788 981 3042 6030 2295 6606 4788 3852 1728 1026 396 3213 5652 1116 2844 3969 4005 1521 6444 1683 5346 2727 2196 3231 1737 873 4122 6255 1638 1845 1548 5661 2655 837 7029 2169 5211 3393 3285 5130 3303 5031 2322 837 4122 4752 297 2781 1269 5157 6057 6363 5076 5265 1188 4644 1341 3303 6453 2250 4968 5175 1602 3627 6363 4050 5265 5085 4257 3645 5139 414 4284 3906 6012 558 4419 6363 1773 2403 2241 5364 6858 5310 6318 3474 6462 5679 4005 5472 4707 3312 1665 720 630 4878 2484 4266 6372 5562 5553 5796 2061 3978 3897 7398 1665 6507 3501 2574 4653 2502 5760 2961 5337 3753 5085 1863 4050 2214 4734 2079 4716 7011 2475 6363 4095 1368 540 5382 5265 5625 3132 4752 6120 2745 4950 3312 3816 3951 2133 7056 5841 7308 3960 6786 5013 3357 5040 1458 1485 5967 945 4563 1980 4086 6507 684 6273 5229 1989 2970 4959 6903 5850 666 6084 4869 3744 3285 2205 5076 3870 7191 5850 7056 6561 6741 6156 3735 2889 4338 5634 5103 2574 3447 3528 3582 5004 6498 6012 4284 6669 2106 6687 2898 6255 2970 5472 5625 4608 4257 1890 5769 1458 5292 4302 684 6228 3384 4365 5733 6156 5841 2745 5436 3105 6354 1926 5238 1089 5076 2250 3483 2943 3582 2322 2142 4455 4293 7344 5778 5454 5049 4383 4941 963 3411 3870 4041 5004 2907 4563 7632 801 2349 603 5553 3303 4203 3285 5238 2358 6012 4779 3546 5652 6597 3780 4617 4185 5967 2961 3564 6219 5202 3294 6147 6633 3006 
4613 4669 3472 5649 3605 3360 4781 931 1953 3871 2093 4053 70 1239 2597 3682 2856 1372 4088 2751 2716 2100 5516 1225 3794 1876 1988 4235 1981 3612 5306 5236 2604 2807 2149 3920 2198 3675 1267 3759 3654 2261 4270 4522 2898 5397 5894 4368 3479 4151 3703 6650 3787 4690 5495 1575 5334 4949 4487 4214 5369 3269 4340 3794 4809 1505 5173 651 4543 2107 1610 2128 4858 1568 3241 4704 4921 1162 4312 4571 3689 4900 1988 4109 2765 3276 5621 6090 2142 6328 3696 4249 3458 3059 1596 5159 5530 4466 4361 5502 3689 6237 4347 3542 2989 4235 4809 3661 4515 4935 4676 3052 1645 4452 875 2443 2135 4865 4571 980 3101 2492 2877 2268 1064 3451 4452 5404 5551 5341 462 4956 3451 2359 3052 5166 3808 5418 4445 3416 4249 4172 4151 3633 4179 4382 5754 3269 3129 5495 5061 4767 3304 4368 4151 3731 3185 1995 5467 2765 3934 4844 5299 4844 2835 2499 5642 2457 2457 238 2394 5950 2415 4774 1764 4529 3969 2037 3514 4606 5026 4914 5901 5621 3521 3591 4326 2002 3696 5446 4886 497 2989 3983 4130 2408 532 2072 4186 5691 2002 4151 5187 3206 1708 4599 5292 3836 2870 3500 2590 5474 3199 5523 5992 3234 5054 595 5656 938 1365 1911 5278 4732 3710 3458 2429 3514 3556 1855 2646 4214 4277 1435 1512 3290 2905 6769 2331 2359 588 2380 4347 1904 1757 1351 791 3486 4207 2527 1904 2961 826 4340 2261 1939 4592 4235 4074 448 3556 5348 3577 2072 2429 2863 889 5047 1827 2191 4151 3878 3052 4473 3514 4872 4760 4263 4214 4312 3605 6363 4781 637 4046 1960 4172 4711 3003 938 2940 5257 5229 3717 3885 4627 6335 3255 1288 1659 5278 245 1288 2933 6097 4501 3773 4193 3045 1603 2296 3402 5971 616 3297 1918 1526 2828 1267 2170 1463 5054 6860 3990 2800 3017 5474 3122 4963 4816 5831 2499 5327 5824 5320 287 1701 4543 3906 4165 812 3402 2429 3885 2415 3052 3087 6370 3192 3101 4991 4795 2471 3388 5292 5558 3535 3227 5635 4655 4039 6167 5250 693 1442 4025 3444 1645 3276 5264 2989 2919 1806 3332 4410 3584 4592 868 4746 2702 2135 1981 3696 5208 2345 3346 3836 4060 5719 602 1120 3402 1904 4207 3003 3465 1918 6587 3010 3234 
6530 2660 7760 3620 7240 1150 1880 4580 3670 2970 6100 620 5870 4430 6290 6320 2070 4800 1380 2200 2250 3440 2040 4240 5980 3360 4490 1200 5500 800 5010 5130 3250 1930 3200 6740 6050 960 5760 1900 4250 4560 1100 1240 4990 3810 4480 3640 4470 2890 1150 6070 6920 800 3040 5070 2160 1520 3250 4070 2460 1260 3940 1810 2890 5030 5570 4970 970 2900 3600 5550 1040 5440 2670 1190 1420 4880 6190 4360 1670 5210 4890 1390 2440 5280 4720 5670 2840 5950 5710 2980 7470 6800 3630 1550 6020 6770 5740 3810 6510 6040 4400 2750 3480 3660 1300 680 1410 5480 3240 5450 5400 1030 5960 4000 2870 2050 1830 4530 2250 3070 4560 5910 4460 5810 5500 1980 5770 5730 5250 1630 2400 6030 1830 6240 4300 3210 840 1240 720 2450 5250 710 2040 3300 3430 1230 6360 2450 4820 1940 1600 2460 800 1870 3660 6390 2280 2040 640 5190 2070 1520 7130 2470 4670 3110 3000 5580 3050 4510 2460 1860 4080 4180 1220 3180 880 4630 5630 5990 4540 4720 2120 4170 430 4040 6260 1930 4400 5530 2160 2940 6080 3790 5910 5020 3640 3080 5090 670 3640 3420 6160 1550 3790 6130 1820 1700 2870 4830 6840 4770 5890 2930 6090 6070 3420 5740 4800 4000 1660 1640 1330 4460 3130 3750 6200 5610 5410 5420 1160 4650 4590 7470 1890 6140 3260 3210 5060 3120 5350 3190 5370 3980 5360 1200 3410 2290 4670 1750 4980 6810 2820 6530 3420 400 540 6010 4890 5120 2460 4640 6130 2330 5650 2590 3760 3760 1240 6950 5660 7150 3410 6490 4450 2610 4530 530 830 5530 1100 5000 1080 3980 6250 1330 6190 5970 1730 2320 4380 6800 5530 1060 5650 4490 4180 3540 1750 5550 4410 7300 5380 6850 6380 6520 6030 4420 2770 3860 5140 5420 1960 4190 4060 3170 5140 6640 6230 3630 6310 1230 6720 2390 5830 2430 4970 5140 4050 3990 1710 5280 2030 5870 4280 1830 5960 2650 4740 5470 6170 5510 3510 5190 2580 5940 1460 4960 2040 4520 2400 2900 2300 2980 1610 1600 3870 3640 7260 5310 4930 5710 4440 4450 1520 3960 3360 3380 4710 2440 4510 7750 510 1610 1070 5850 2550 3870 3160 5210 1590 5560 4600 2980 5300 6380 3210 5070 4780 5750 3200 2850 6110 4840 3280 5740 6610 2430 
4494 4655 3304 5635 3451 3423 4795 1015 1925 3836 1946 4095 245 1365 2443 3542 2947 1295 4179 2772 2737 2219 5565 1337 3668 1897 1904 4326 1855 3682 5236 5166 2737 2856 2149 3780 2051 3752 1120 3864 3584 2170 4298 4606 2793 5369 5859 4319 3395 4123 3731 6587 3640 4746 5488 1470 5355 4977 4452 4158 5383 3339 4284 3899 4788 1673 5089 700 4620 2184 1659 1995 4907 1442 3220 4739 4998 1092 4193 4508 3787 4823 1883 4200 2772 3164 5572 6020 2198 6265 3577 4221 3297 2905 1645 5222 5439 4333 4249 5474 3549 6167 4277 3514 2940 4186 4886 3710 4606 4851 4641 2933 1519 4529 714 2380 2212 4872 4669 1015 3101 2478 2786 2128 1078 3325 4354 5481 5467 5250 574 5040 3444 2212 3073 5061 3738 5404 4480 3493 4326 4158 4053 3696 4179 4347 5740 3325 2982 5586 4991 4774 3325 4361 4186 3836 3129 1827 5551 2842 3976 4767 5320 4928 2667 2590 5593 2443 2450 280 2380 5915 2492 4872 1722 4466 4060 2135 3570 4536 4935 4809 5859 5572 3633 3514 4375 2149 3563 5495 4830 406 3094 3955 4011 2352 700 1967 4137 5691 1890 4228 5159 3157 1554 4690 5257 3710 2940 3514 2702 5418 3045 5467 5922 3199 4949 427 5649 791 1288 2051 5341 4823 3801 3374 2555 3458 3423 1722 2520 4116 4298 1589 1666 3122 2982 6713 2310 2485 658 2506 4249 1981 1631 1400 693 3521 4165 2597 1820 3003 791 4207 2352 1771 4557 4284 4144 616 3465 5278 3563 1981 2282 2870 1064 5047 1806 2142 4172 3738 2926 4333 3465 4753 4697 4242 4137 4361 3654 6307 4858 735 4067 1918 4046 4795 2863 1106 2989 5271 5180 3570 3773 4704 6279 3171 1393 1729 5320 336 1421 2765 6041 4368 3640 4060 2912 1757 2317 3339 5922 532 3304 2065 1652 2793 1162 2002 1295 5019 6797 4011 2639 3010 5390 3115 4886 4732 5803 2436 5376 5761 5404 455 1645 4641 3780 4144 882 3283 2275 3780 2548 2940 3073 6307 3234 2996 5089 4725 2541 3360 5306 5558 3549 3255 5607 4613 3892 6118 5187 868 1393 3948 3535 1778 3227 5243 2898 2919 1729 3164 4473 3598 4669 714 4739 2639 2142 1869 3710 5124 2254 3311 3731 3934 5719 707 1274 3276 1981 4179 2863 3374 1939 6538 2856 3227 
6040 2808 7016 3392 6608 1432 2064 4184 3664 3184 5640 1296 5216 3968 5824 5880 2008 4536 792 2496 2536 3064 1560 3872 5608 3344 4352 544 5160 1160 4712 4832 2744 2224 3280 6216 5608 1048 5304 1344 4224 4424 1600 280 4816 3640 4120 3680 4408 3088 1752 5408 6368 600 2872 4784 2000 1568 3336 4048 2328 1536 3936 1264 2968 4320 5208 4536 56 2840 3464 5208 832 5080 2960 1400 368 4568 5776 4264 1256 4936 4672 776 2728 5048 4408 5160 2848 5376 5400 3152 6792 6248 3480 696 5552 6240 5408 3616 6032 5472 4312 3032 3600 3720 248 1280 448 5160 3296 5176 5056 200 5416 3992 2808 2192 792 4208 2616 3232 4464 5504 4168 5472 5208 928 5336 5328 4720 480 2744 5608 2240 5776 4256 3080 1264 1344 392 2736 5016 1208 2392 3400 3160 1632 5904 1152 4584 2128 2080 2696 1400 1336 3752 5864 1048 2088 1336 4920 1920 384 6488 2400 4360 3256 3168 5016 3192 4136 2488 720 3984 4112 808 2960 1360 4480 5272 5584 4176 4416 1616 4160 976 3480 5832 1472 4256 5024 1944 3152 5688 3824 5176 4784 3704 2816 4840 504 3544 3560 5664 512 3648 5728 1976 2184 2528 4536 6280 4480 5376 3168 5656 5464 3184 5248 4528 3480 920 528 1088 4392 2744 3832 5784 5232 5128 5152 1648 4064 3992 6784 1928 5448 3368 2824 4584 2760 5096 3072 5040 3760 4920 1768 3504 2376 4488 2112 4608 6280 2680 5960 3472 1040 616 5280 4744 4800 2792 4480 5688 2640 4912 2624 3712 3768 1744 6384 5344 6544 3552 5992 4320 2848 4424 1088 1448 4984 280 4520 1656 3920 5824 240 5760 5160 2064 2240 4184 6264 5248 40 5096 4416 3808 3360 1464 4976 3944 6632 4904 6304 5928 6040 5640 3848 2896 3912 4712 4952 2392 3608 3648 3344 4800 6064 5696 3568 5584 1784 6176 2720 5392 2760 4728 4888 3736 3984 1136 4872 856 5184 4144 800 5592 2888 4328 5200 5720 5232 2992 4976 2888 5360 1928 4784 816 4368 2432 3152 2208 2784 2112 2072 3624 3648 6632 4824 4656 5000 4240 4376 1368 3544 3512 3288 4592 2752 4352 7000 432 2120 40 5328 2688 3904 3232 4928 2096 5200 4472 3208 5064 5928 2944 4568 4232 5424 3072 3048 5704 4704 3288 5120 6088 2768 
276 2604 1746 3024 1236 3666 3186 3486 2496 2010 2016 3408 3720 3852 1638 624 3840 2556 4440 2862 2856 4050 4224 3636 426 2880 2082 4416 1986 3732 1758 1614 4392 3144 2634 624 1908 3954 2628 4518 1212 1836 3240 4506 1236 2598 2772 1800 1116 2154 3078 2814 864 4074 3228 2328 3690 3642 2118 1452 3492 3624 1602 4500 2586 4446 1296 3384 4344 3420 3186 1866 4056 2334 2208 3582 4584 2736 72 1476 4362 1224 1998 4458 2616 900 2292 2310 3258 2460 516 2142 1530 1446 3180 4536 1458 294 414 2712 702 2292 1308 2112 1818 1716 4524 3510 4602 1092 2262 1056 2268 4380 3006 1890 3456 3162 4830 3210 2532 2376 1374 1806 3108 720 648 4806 1602 1386 3594 4728 2334 1758 2898 942 1188 3012 3528 3864 4182 2424 648 3624 2670 2022 3288 3426 1170 5196 1620 3138 2910 2520 3348 4488 1644 2214 5064 3636 3378 1188 3708 4674 1854 3690 2340 2376 2454 3522 2484 2826 3456 4878 2448 1566 4302 3732 3534 1338 1110 786 2736 2286 4482 1266 3678 4338 582 4200 1716 3252 4068 2058 144 2016 4074 1908 1704 3468 1962 4122 2478 1776 2370 4686 2496 402 3534 2760 4152 2052 1344 2136 2076 2052 888 3264 3174 2898 2568 4242 4470 4752 4200 1128 4176 1518 702 2106 1410 564 3216 4206 4236 1680 3720 2940 2394 4158 3468 4116 672 3408 2172 3192 3000 3120 1866 3396 2106 3114 3060 360 3690 2328 2088 3612 4020 4044 876 1746 2286 1968 1728 2634 4254 3006 2574 2214 3108 798 1068 552 1722 534 1572 2370 1152 3600 3372 2736 4374 3552 3150 2310 108 4566 1218 4386 3204 3444 2058 846 468 4398 2640 1188 3660 3372 4014 3582 3900 1884 2478 342 558 240 1134 4218 2880 1470 2466 3150 2646 4350 3888 2082 2598 2178 2610 2346 2970 3054 1650 2484 1488 2406 1428 1182 2970 1854 4332 2196 4914 3888 2418 4818 330 2304 3420 774 1746 480 4386 1080 2322 2514 3126 1098 4998 1554 3474 2034 3498 3354 2814 2958 2838 1992 894 2610 1752 4140 2610 1134 4092 3948 1788 2718 1248 2502 2232 1860 4062 2802 4404 2976 2742 1776 2688 1974 2808 1338 1758 1998 594 276 3414 3594 4008 762 3432 2202 1200 936 2892 2922 1398 2364 
1974 4104 192 4686 588 4494 4596 3378 2862 3354 1458 4542 3216 3810 1134 1284 4440 2454 5316 3612 3594 4302 5598 3636 1590 3228 2286 5346 1752 4632 3546 3402 4734 3876 3120 1182 1416 4818 2118 5256 2550 2154 4482 5508 1848 4284 4524 3360 2334 3576 4164 4626 948 5244 4818 2172 5142 4998 3660 3018 4998 4434 3186 5256 4128 4308 3102 3144 5400 3816 3402 1656 5280 2010 3258 4878 5688 2574 1878 3156 5124 3006 2058 5334 3408 1758 4062 4116 3696 4266 1692 3600 354 756 3390 5730 3258 1674 2190 4398 1164 4098 2940 3306 2760 3240 5616 4482 5568 2898 3828 1590 1980 5394 2406 2454 3858 4602 5748 3120 3480 3048 2112 1434 3048 1500 2412 6000 3414 3192 3276 5808 3456 1344 3768 2718 2610 4626 4758 4662 5184 3798 2304 4560 4002 3546 4926 4278 1026 6306 3384 4554 3876 3948 4524 5226 2694 1464 6204 4254 4476 2970 5148 5730 732 4194 4104 3030 3108 3090 3102 4578 3972 5850 2670 3216 5178 4038 4452 3042 2916 2592 4494 4056 5142 2562 4836 4458 1338 5568 3432 2820 4656 3438 1788 2592 3612 1950 3216 5058 1944 5106 4134 2838 1710 5658 4176 1524 4212 3834 4566 3828 732 3912 3882 3114 2682 2646 4812 2388 2466 4356 5718 5754 5010 2334 4518 2760 1296 1776 1590 2262 4464 4134 4188 378 4368 4752 2970 4482 3204 4458 2406 3726 1932 3288 2628 4116 3354 3972 2220 3912 2820 1524 4098 1494 3660 4752 5004 3540 2124 3534 3468 2166 1272 3462 3900 4530 2880 2676 4338 1008 1458 1452 2946 2262 3282 3786 2766 4770 4356 4542 5496 3312 4338 2628 1716 5610 1122 3960 3972 4932 3792 978 1938 5466 4446 2238 3684 3594 5376 3168 3864 642 4284 1662 1308 1566 1224 4212 3432 2652 4260 2760 3660 4434 3960 2934 2352 1296 1902 4002 4776 4242 870 3396 3294 3378 3204 2958 4674 2454 5628 3996 6054 3402 2574 5736 1680 3702 3264 1692 1254 1950 4656 1752 3288 4326 4014 1908 6006 3270 4008 3174 4980 4938 3888 3888 4530 3600 936 4410 3534 3738 2640 2664 4842 4050 2886 4356 2034 3372 2358 300 5142 3900 5460 2418 4236 2508 3168 1890 3948 3144 2112 3120 2046 1542 5022 3336 3870 1512 3744 3636 1164 2112 3270 4728 870 3390 
1000 4400 1712 4968 1104 5624 5160 4976 3824 3560 2656 5392 5104 5512 2088 912 5776 3680 6696 4504 4488 5912 6544 5232 1072 4352 3160 6672 2784 5744 3240 3032 6416 4880 4072 576 2528 6032 3584 6744 2456 2856 5192 6824 2104 4400 4608 3328 2264 3776 4920 4552 712 6296 5240 3328 5840 5760 3752 2864 5584 5568 3064 6728 4376 6272 2576 4768 6624 5112 4720 2616 6280 3248 3728 5664 6960 3904 1024 2912 6544 2528 2952 6720 4184 1712 3952 3904 4912 4072 1280 3768 1480 1632 4696 6920 2712 600 1488 4552 840 3840 2672 3648 3144 3208 6880 5472 6936 2336 3944 1760 3176 6656 4064 3064 5168 5136 7232 4600 4128 3800 2392 2432 4472 1312 1792 7280 2944 2672 5024 7144 3928 2336 4600 1984 2464 4952 5576 5880 6384 4128 1792 5608 4448 3624 5320 5312 1456 7776 3072 5096 4648 4272 5320 6704 2944 2856 7616 5504 5336 2488 5864 7064 2112 5528 4024 3792 3896 4864 3928 4680 5216 7312 3688 3024 6504 5504 5488 2720 2328 1864 4560 3944 6664 2512 5760 6248 928 6512 3216 4496 6080 3632 1024 3240 5608 2816 3192 5560 2864 6296 4240 3128 3128 7056 4264 952 5392 4488 6120 3632 1464 3752 3560 3520 1960 4416 5168 3960 3696 6112 6848 7152 6344 2280 6120 2848 1056 2912 2120 1688 5160 5976 6032 1720 5632 4720 3776 6088 4880 6040 1832 5064 3056 4672 4176 4952 3400 5160 3144 4864 4320 448 5488 2976 3712 5664 6160 5544 1928 3208 3880 2992 2264 4224 5912 4944 3904 3472 5016 600 1672 240 3120 1368 3024 4064 2472 5656 5288 4496 6688 5000 5056 3536 888 6912 1600 6056 4976 5520 3664 784 1440 6696 4352 2280 5280 4976 6264 4960 5584 2096 4160 568 824 656 1568 6024 4448 2760 4160 4376 4312 6248 5616 3464 3672 2736 3456 4064 4744 4928 1952 4048 2784 3968 2816 2488 4880 3024 6672 3784 7416 5336 3616 7216 1080 3976 4864 1544 2272 1456 6376 1896 3848 4160 4920 2008 7480 3000 5256 3520 5592 5416 4560 4704 4712 3592 496 4344 3232 5728 3824 2416 6176 5712 3168 4568 2224 4056 3336 1904 6248 4552 6704 4048 4584 2976 4144 2848 4576 2632 2752 3464 1624 744 5488 5048 5672 1376 5096 3840 1608 1976 4384 4728 1640 3928 
3500 3031 3206 4018 3066 2051 3178 952 343 2254 1785 2548 1638 1309 2114 2779 1799 672 2954 1197 1162 1610 4018 1057 2744 378 819 3045 1393 2282 3780 3738 2093 1365 525 3073 1799 2429 1337 2779 2205 1078 2709 3297 1757 3773 4277 2779 2100 2527 2156 5082 3052 3276 3864 945 3759 3402 2870 2688 3766 1967 2786 2793 3178 2016 3745 1015 3248 1022 553 1498 3409 1190 1610 3171 3626 700 3185 3052 2646 3458 1050 2982 1155 2149 4039 4543 903 4788 2597 2625 3080 2590 532 3794 4116 3458 3115 3871 2849 4718 2849 1918 1435 2660 3521 2233 3332 3535 3052 2044 1190 3192 1463 1015 1071 3255 3472 693 1477 861 1596 1757 581 2450 3136 4081 4095 3913 1281 3710 1820 1869 1498 3857 2352 3787 2926 2191 2961 2541 2835 2254 2555 2772 4123 1876 2443 4291 3542 3157 1743 2737 2618 2744 1659 1911 4221 1603 2436 3409 3724 3605 2625 1477 4053 826 826 1393 763 4333 1246 3640 350 2989 2807 1281 2121 3115 3633 3605 4284 4039 2611 2128 2856 1890 2772 3948 3339 1239 2030 2366 3024 910 1883 1176 2611 4067 1176 2863 3563 1638 1694 3430 3668 2828 1617 1897 1883 3913 2681 3948 4494 1617 3738 1575 4025 1302 665 1771 3878 3556 2576 2072 1841 1988 2653 1400 1743 2926 2709 1722 1750 2996 1750 5201 700 1799 1113 1764 3017 910 1218 532 1057 1960 2611 1281 861 1484 833 3381 1337 1974 2982 2758 2758 1904 2261 3836 1946 966 1953 1253 1939 3423 217 658 2576 3122 2114 3577 1946 3682 3234 2625 2751 2828 2142 4781 3451 1148 2485 497 3101 3465 2296 2142 1505 3661 3647 2968 2688 3339 4767 1904 1078 777 3766 1407 1365 2751 4529 3507 2863 3192 2261 1722 777 1904 4396 1134 1687 1890 1344 1225 896 2114 1680 3437 5292 2415 2422 1386 4039 1491 3472 3374 4200 1064 3878 4270 4053 1743 434 3451 2821 2534 945 2303 1974 2688 2023 1946 1456 4823 1701 1911 3843 3269 1295 1771 3689 3934 1946 1680 4004 3052 3332 4585 3724 1862 413 2569 2331 1421 1701 3633 1743 1295 693 3143 3038 1988 3311 1386 3115 1225 532 1232 2100 3773 1169 1729 2597 3059 4095 1211 1519 2394 931 2583 2261 2177 427 4998 2478 1603 
7940 6810 6850 8190 6920 4090 6650 1680 3450 5950 4770 5360 1950 1120 5450 6780 3180 3280 4720 3880 3840 1800 7280 1480 6820 2950 4010 4990 4440 4440 8290 8250 2250 3720 3450 7170 4890 4380 3630 4110 6120 4420 5800 5420 5420 8000 8740 6780 5980 6270 5040 10050 7060 5970 7810 3730 7280 6660 6800 6750 7450 3990 6850 4190 7040 220 8320 1950 5550 2560 2370 4640 6260 3890 4990 6300 6050 3010 7490 7260 4100 7900 4200 4740 4100 5990 8540 9340 2780 9690 6630 6420 6780 6150 2370 6480 8850 7830 7420 8100 6840 9620 7010 5440 4970 6640 5890 4670 5340 8020 7010 5770 3970 5370 3190 4430 2550 6810 5300 2140 4580 4020 5250 4940 2310 6360 7460 6760 8790 8550 1700 6020 5190 5090 4240 8490 6330 7800 5910 4030 5160 6160 7030 4550 6020 6690 8210 4130 6120 6690 7960 6660 4580 6390 5550 4090 5310 4720 6710 3220 5190 7830 7210 5860 5940 2790 8540 3980 3910 2050 3820 8810 2910 5620 3430 7150 4610 2110 4420 7380 8160 8140 8770 8540 3740 6010 5620 1280 6780 7170 7630 2470 3180 6090 7250 4280 1410 4370 6570 8000 4300 5050 7710 5250 4310 5440 7880 6910 3470 4960 2450 8420 6330 8450 9310 5080 8320 2870 8120 3190 3260 1260 6730 5630 4250 5950 2180 5780 6590 4320 5240 7160 5830 620 660 6570 3350 10200 3850 2090 1830 2170 7300 2350 4100 2220 2780 4690 6520 3110 3990 3950 2510 7690 2450 4690 6980 5510 4980 1580 6210 8370 5380 4210 5200 4200 840 7200 3280 3920 5710 7180 5820 7930 5650 8230 7500 6310 6890 5650 4690 9580 5940 1660 5510 3690 7340 5700 5920 1020 3840 7290 8010 6940 6800 5670 9600 5700 1470 2160 7000 1910 1060 6090 9260 7890 6900 7440 5930 820 3330 5670 9050 2560 4750 1120 1280 4610 3330 5000 4020 7570 10350 5490 5810 4510 8720 4700 7890 7770 8520 4510 6890 8930 6550 1680 3460 5260 6950 6210 1810 6200 5210 6800 1930 5680 4720 9730 4260 5670 5930 7560 2950 5300 7310 7850 4980 4440 8260 7120 7440 9310 8210 1110 3130 6630 3900 1320 5310 7710 5440 4380 3770 6670 5510 5060 5600 3150 6860 4740 3380 4330 5210 8350 4560 5260 6680 7250 8090 1610 810 6280 2320 6330 5900 6080 2970 9880 6040 4880 
1150 1140 2195 1615 1815 2110 1610 2465 1535 630 1865 1810 2865 2695 1710 1245 2345 1865 2720 1535 1540 2680 2470 2515 1010 1780 1430 2680 1670 2135 950 895 2895 1755 1540 1410 1785 2325 2150 2830 240 1255 1655 2735 965 1290 1555 495 420 740 1555 1925 1560 2350 1715 1780 2040 1980 750 225 1890 2090 360 2805 1145 3190 900 2470 2595 2130 2075 1610 2325 1880 915 1930 2775 2010 1005 435 2695 690 1490 2730 1345 865 1245 1510 1995 1680 900 740 2015 1775 2070 2730 1165 1300 760 1390 1350 1610 260 765 765 400 2735 1935 2820 765 890 1065 1825 2630 2435 1095 2155 1590 3020 2265 1200 1265 845 1685 2180 1050 640 2950 1140 1015 2665 2905 960 1695 1505 1080 140 1550 1890 2280 2470 965 515 2040 1170 660 1805 1915 1495 3285 770 1565 1465 1050 1750 2800 595 2065 3175 2185 1790 655 2050 2860 2075 2280 1270 1275 1325 2685 1365 1600 2095 3045 1600 435 2605 2410 1975 445 840 925 1540 1240 2825 280 2025 2970 1205 2450 680 2500 2530 660 975 1140 3100 1465 385 1915 1530 2425 1160 640 2095 2890 1200 1080 2075 1310 2675 1100 1735 1145 1435 805 995 2620 1710 2315 1870 2895 2675 2940 2545 435 2725 370 1220 1780 1270 595 1625 2970 2980 2080 2235 2020 1335 2725 2545 2680 560 2170 1755 2145 2295 1620 510 2025 1500 1700 2255 1345 2330 2165 750 1970 2340 3100 535 975 900 1390 1710 1335 3170 1490 1625 1315 1545 1545 1165 1510 480 1130 570 920 190 1960 1820 1750 2605 2590 1585 1460 1060 2775 1455 3310 1780 1845 970 1510 730 2630 1715 580 2520 2200 2295 2715 2725 2135 1545 1340 1245 1205 1355 2940 1665 420 1475 2410 1250 2995 2660 965 1975 2110 2255 1045 2075 1505 1850 1175 1105 1095 700 630 1630 1055 2555 1330 3050 2970 1630 3015 965 865 2450 895 1735 715 2925 950 1035 1715 1670 825 3135 590 2105 745 1890 1815 1345 1520 1500 705 1680 1615 915 3105 1820 110 2480 2685 620 1330 815 1220 1555 2245 2350 1330 2640 2390 1255 915 1575 1575 1325 915 1205 730 620 1160 1880 2630 2860 1040 2190 780 1420 565 1780 1915 1690 1035 
3872 640 5784 496 5184 3080 960 5080 3752 1664 5048 2056 5984 5216 4920 4272 3776 4592 3560 2952 2984 4744 2040 4976 3888 3864 4008 3384 4648 2920 1904 2080 4800 3080 3520 4512 4944 3176 5248 3984 2576 3856 1616 3288 3688 632 1112 1480 2880 1320 2072 2392 4776 2424 464 4608 1256 1488 1088 1944 912 3120 1728 3912 504 5896 2560 5248 3000 3992 4272 4600 2248 4848 2280 1616 3096 4768 3744 1864 3784 2400 4232 3568 2840 3640 1424 2160 3824 2360 3720 1240 5504 5096 4280 2832 2792 4208 3288 592 4440 2472 2096 1968 2736 1632 3088 2592 3456 2640 856 3928 4784 3144 5608 3432 4008 832 3808 4872 2448 3120 3400 4792 4760 3960 3000 3120 2528 2616 5544 3328 2024 4840 2656 3240 2480 224 1800 3288 2992 1200 2984 2760 1224 1240 640 2888 4656 3752 1896 912 2384 976 1872 3952 2640 5360 3544 3616 2136 2416 1312 3312 5544 3920 1368 3160 3160 5696 3232 1136 3744 3728 4008 1744 3440 4384 2768 2072 2712 3152 1168 1432 4128 2576 2144 5256 4200 2048 1624 5504 3968 1528 3752 3376 6208 4256 1672 784 4352 2976 616 2512 5320 3528 680 3992 3392 2080 4456 1624 5048 1536 2416 2336 3160 5824 504 5408 4592 5184 2632 3536 3512 2888 4624 2384 4240 4800 4168 3088 1568 5552 5528 5600 3584 2448 3312 4664 5360 4584 2936 4168 4688 4512 5240 2352 1496 3584 4160 2896 5048 4320 4144 5512 1080 2136 2896 6248 3128 1992 1880 4032 4880 2736 6160 392 3888 3552 1592 4736 4104 4576 2216 3664 1784 1120 2312 2040 2480 1968 2848 5368 1768 3816 3888 3232 4576 6416 3000 904 1336 4696 3424 3016 2072 3064 4952 4368 1848 5720 5232 5656 1888 4256 4264 4128 4416 5416 3440 2544 1696 5376 2256 5352 5016 2792 4840 5472 5520 736 2584 1728 5184 2528 2632 2408 2112 2392 800 3376 2352 1888 3376 6080 4128 3816 3792 1232 5136 3704 4920 3400 4960 3728 2440 2336 2664 3512 3768 1824 3720 2160 976 632 2064 2496 624 1176 4944 1800 1864 6128 4392 2416 3584 4992 2424 288 3416 2640 4152 5864 2648 2000 3056 5520 552 3160 3544 4440 1880 2528 3816 2224 3256 4080 728 5440 5512 3944 4192 1240 4520 3160 3824 2128 4952 2272 
4408 2584 4784 3680 4472 976 2488 2024 1288 2040 3288 1576 3040 2056 3544 3904 1000 2152 2064 320 320 1616 3256 1840 3728 976 2016 2128 2816 1224 3976 4000 1856 160 904 4256 3272 1416 2920 1984 2608 2152 1848 2400 2720 3552 4152 2736 2640 2232 1208 5264 4328 2352 3384 2400 3064 2608 2656 2848 3144 888 2864 1976 2776 2720 4176 2304 2320 816 1216 2888 2520 2696 1336 2328 2752 2192 4080 3224 1792 3840 2336 2088 640 3072 4056 4752 656 5016 3520 2352 4584 4024 1232 2944 4592 4488 3840 3624 4024 5000 3104 1656 1688 2656 2632 1160 2448 4000 2792 3096 2680 2264 3056 1784 824 2600 2648 1944 896 1000 2400 3184 1872 3488 3752 3264 4480 4344 2552 2856 1384 3296 520 4512 2720 3368 2024 1176 1992 2080 3456 1176 1952 2592 3704 744 3744 3520 3744 2480 792 2256 1688 1944 1944 3496 3432 728 1440 3792 3016 2736 4192 872 4048 1008 904 2792 896 4200 600 2816 1600 3104 1880 1216 1024 3376 4120 4248 4176 4056 1880 2520 1896 2120 3872 3176 3440 2728 1304 2128 3936 1592 3144 2464 2608 3560 2504 1880 3336 1800 3280 2568 3464 3840 600 1096 1504 4008 4088 4016 4792 1496 4368 3144 3624 2888 2144 2032 3040 2704 1648 2624 1600 2216 3776 2872 2928 3584 1856 2368 2344 4536 840 5368 1072 1608 2384 1536 3616 1000 2672 1504 2576 936 2512 464 2136 328 2280 4464 1008 3592 2808 1792 1760 3216 2944 4056 1536 2160 3384 648 3024 2896 1328 1464 1736 4376 3240 4720 2008 4504 3384 2216 3088 1880 1072 4864 2544 2352 1592 1568 4056 2568 3584 3288 320 3016 3656 4224 3488 2416 4896 2536 1808 1232 2976 2776 2064 4336 4640 4552 3976 4224 3496 2232 512 2216 4456 2632 960 2200 1840 1344 2416 3712 3304 3232 5488 1552 3904 904 4464 1048 3752 3752 3952 1800 3056 4416 3240 3072 1760 2624 3768 2152 2136 3240 3416 3480 1936 2920 1120 5040 592 2776 3040 3440 600 1608 3040 3424 1112 680 3744 2944 4624 4648 3912 3024 1856 2928 1416 1816 1808 3304 2560 832 1984 4744 2072 1176 2392 2968 2616 1808 856 2592 1296 4184 2216 1616 3328 4088 3624 2416 2352 3424 1024 2264 3536 2872 912 5096 3872 1168 
6450 2980 7410 4100 6940 470 2370 3920 3160 2990 5640 950 5210 3750 5890 6090 1390 4260 1240 1720 1760 2760 2730 3570 5790 2780 4030 1210 5040 130 5220 5320 2600 1360 2680 6520 5610 480 5220 1530 4140 4150 1500 1470 4700 4190 4900 3760 4310 3010 1130 6450 6670 1460 3560 4560 2790 2150 3440 4110 3050 580 4020 1460 3220 4340 5700 4330 1340 2240 2970 5110 1720 4930 2470 1800 1870 4300 6090 4470 1260 5310 4440 1270 2030 5040 5040 5980 2190 6290 5530 3120 7140 6450 2990 2130 6180 6650 5680 4220 6270 6340 4450 2670 3220 3740 1720 330 1570 5570 3480 5160 4900 1290 5380 3620 2210 2540 1900 3900 1970 2640 4270 5480 3840 5570 5480 2520 5960 5880 4590 2010 2280 5610 1430 6300 4220 3690 1410 600 940 2620 5180 120 2250 3450 3970 630 6040 2850 4990 2410 1310 2700 1180 1480 3450 5910 2720 1350 840 5280 2700 1860 6720 1780 5000 2670 2560 4940 2580 4940 1800 2040 3560 4290 1010 2500 290 4720 5710 6020 4950 5050 1650 4050 1060 3370 6040 2620 4580 4910 1510 3000 5950 3400 5230 4580 3710 3650 4640 800 3990 3220 5660 1720 4140 5940 1150 1570 2210 5100 6500 5060 6150 2740 6140 5460 3930 5160 4250 3320 2290 1870 930 4290 2470 3630 5960 5130 5050 5350 1550 3970 3900 7110 1210 6540 2800 2540 4410 2450 5320 2530 4880 3340 4760 960 3500 1630 4200 1230 4370 6670 2140 6040 3620 980 640 5340 4730 5330 2390 4200 5710 1940 4970 3050 3220 3310 1540 6710 5360 7000 3300 6460 4600 2800 4530 1120 550 5920 1620 4340 1330 3490 6120 1660 5860 5290 1160 2890 4650 6550 5390 1460 6020 4280 3510 2880 2430 4900 3730 6900 5730 6730 6160 6370 5720 3730 2210 3700 5490 4810 1740 3510 3380 2860 4590 6170 5700 3940 6710 1420 6340 2090 5990 2170 5110 5230 4510 3620 2370 5580 2490 5210 3760 1880 5800 2790 4090 5240 5760 5370 2860 4910 2320 6290 1020 4700 2290 4670 1730 2760 2890 3540 1500 1250 4300 3840 7030 5680 5140 5030 3890 4410 960 3280 3180 3790 4440 2100 4020 7380 1050 1540 1430 5260 2910 3540 2630 4750 1580 5700 4200 2820 5170 6210 3770 4410 4100 5500 2540 2990 5790 4660 2700 6160 6260 2220 
6210 2510 7390 3580 6870 950 1850 4270 3310 2670 5720 440 5560 4160 5920 5970 1890 4440 1570 1830 1880 3240 2310 3960 5630 3010 4120 1440 5120 650 4800 4920 3120 1590 2840 6390 5670 950 5400 1980 3920 4180 990 1560 4630 3700 4400 3390 4130 2630 810 5960 6570 1150 3040 4710 2280 1650 3030 3780 2520 1040 3670 1900 2740 4810 5330 4660 1320 2610 3290 5180 1350 5080 2310 1290 1790 4520 5870 4110 1730 4960 4510 1590 2070 4920 4570 5520 2530 5820 5370 2730 7100 6430 3310 1920 5790 6440 5430 3720 6150 5890 4120 2420 3110 3390 1660 360 1720 5220 3040 5080 5030 1350 5610 3620 2590 2020 2110 4210 1880 2690 4190 5530 4130 5450 5200 2350 5560 5500 4940 1990 2060 5660 1460 5970 3980 3170 900 1130 1020 2220 4930 480 1820 3060 3440 920 5990 2820 4600 1890 1220 2260 660 1940 3300 6020 2650 1800 370 4930 2200 1870 6760 2230 4530 2730 2630 5270 2670 4430 2180 2180 3710 3920 1370 2930 600 4370 5360 5710 4450 4580 2140 3840 600 3860 5900 2200 4180 5200 2030 2660 5750 3420 5620 4640 3370 3130 4720 920 3510 3060 5800 1860 3660 5780 1560 1350 2720 4660 6470 4610 5710 2580 5810 5730 3410 5390 4440 3810 2010 1970 1390 4120 2970 3420 5840 5230 5040 5100 1040 4420 4360 7100 1680 6050 2880 3040 4750 2940 5050 2900 5000 3660 5010 830 3140 2000 4290 1400 4650 6480 2580 6160 3210 490 760 5730 4550 4910 2130 4270 5750 1950 5390 2540 3400 3380 1050 6590 5290 6810 3080 6190 4210 2390 4240 620 460 5430 1480 4690 860 3610 5920 1680 5820 5720 1390 2370 4210 6440 5190 1420 5540 4140 3900 3240 1990 5240 4150 6930 5260 6520 6030 6180 5670 4200 2410 3520 5010 5090 1600 4000 3810 2800 4780 6270 5870 3480 6220 990 6350 2020 5600 2060 4730 4880 4000 3610 2020 5120 2400 5570 3910 2100 5620 2400 4430 5110 5800 5170 3370 4830 2220 5810 1100 4590 2380 4280 2120 2560 2370 3010 1260 1220 3800 3430 6910 5200 4720 5440 4080 4140 1480 3720 3010 3290 4340 2070 4140 7380 880 1270 1420 5500 2420 3500 2800 4830 1270 5320 4220 2630 4970 6040 3250 4760 4530 5390 2910 2600 5740 4490 2940 5660 6240 2070 
2658 678 4212 360 3738 2616 1086 3972 2928 1296 3762 1872 4614 4110 3624 3048 3120 3522 3024 2418 2442 3810 1896 3918 2748 3060 3054 2898 3486 2514 1092 1236 3888 2550 2784 3204 3678 2712 3978 3330 1842 2910 1548 2838 2712 96 504 1008 2070 1044 1836 1440 3414 2190 642 3504 1308 1494 780 1320 1038 2640 1152 3276 528 4644 1608 4080 2622 3216 3384 3432 2064 3672 1824 1584 2700 3666 2592 1188 3180 1518 3198 3036 2304 2628 690 1242 3084 1392 2634 966 3996 3720 3384 2502 1752 2922 2244 108 3168 1476 1392 1566 2094 1134 2694 2262 2964 1692 606 2856 3612 2724 4272 2616 3228 990 3228 3798 2010 2466 2514 3558 3708 2838 2016 2718 1548 1632 4302 2874 1662 3588 2214 2124 1746 408 1710 2784 2604 1056 2046 2388 1158 888 630 2454 3384 3192 1116 1044 2028 912 1740 3306 1986 4002 3036 2982 1926 1536 1356 2862 4074 3204 648 2496 2502 4398 2562 540 3048 3174 3102 1116 2928 3528 2388 1320 1740 2082 534 696 3426 1860 1968 4194 2994 1908 954 4236 3276 1194 2616 2592 4812 3204 1170 858 3282 2592 192 1914 3996 3018 168 2820 2820 1788 3618 852 3672 786 1434 1836 2070 4458 522 4122 3522 4134 2352 3030 2970 2082 3744 1758 3030 3606 3078 2112 1512 4380 4368 4086 2976 1488 2604 3762 4158 3702 1986 3342 3540 3552 4020 2040 1074 2934 3162 2418 3900 3024 3354 4116 720 1956 2526 4836 2232 1152 1548 3054 3612 2238 4800 672 3036 2748 1512 3378 2982 3204 1668 2478 1092 966 1566 1884 2166 1116 2514 4182 1638 2946 2712 2796 3336 4992 2502 1050 672 3360 2394 2634 1188 2238 3906 3468 1758 4422 4128 4146 1038 2958 3030 2892 3216 4290 2766 1878 894 4134 1896 4260 3978 2184 3696 4074 4158 330 1590 1596 3804 2058 1632 1956 1296 1524 396 2568 2142 1038 2910 4704 3186 3228 2670 1038 4002 2658 3642 2382 3996 2712 1968 1380 2262 2562 3204 1110 3036 1698 1098 774 1788 2118 228 738 3522 984 1068 4764 3390 1668 3012 3972 1848 168 2514 2142 3174 4278 2352 1740 2664 4212 684 2400 2808 3342 1656 1578 2874 1740 2286 2868 780 4230 4332 2832 3360 996 3294 2262 3036 1254 3612 1854 
4041 2403 6750 1503 5994 5337 3006 7182 5562 3096 6444 4221 8073 7452 6120 4968 6075 6345 5931 4950 4986 7074 3996 7155 4518 5832 5598 5733 6102 5175 1557 1764 7218 5184 5400 5112 6300 5481 6939 6399 3528 5319 3726 5616 4824 1296 666 2439 3852 2781 4158 783 5454 4626 2106 6246 3168 3546 2313 2709 2754 5364 2511 6318 2187 8280 2268 7299 5292 6156 6336 5994 4401 6462 3960 3735 5355 6588 4077 2313 6174 2358 5751 5940 4734 4572 846 900 5940 936 4401 2655 6426 6120 6336 5013 2214 4491 3591 1260 5139 1188 2655 3555 4203 2610 5364 4797 5805 2547 2124 4941 6363 5454 7425 4950 6183 2853 6192 6894 4311 4896 4617 6120 6750 4770 3249 5301 1899 2178 7650 5616 3762 6129 4671 2997 3348 1836 3951 5580 5283 2916 3456 4995 3123 2430 1845 5085 5625 6030 1818 2952 4410 2736 4014 6363 3969 6804 5787 5859 4302 2421 3249 5607 6705 6174 810 4941 4977 7749 5067 648 5931 6093 5778 2313 5796 6633 4986 2394 2538 3069 603 855 6543 3591 4338 7650 4887 4032 1863 7461 6318 2961 4194 4959 8424 5724 2673 2286 5841 5274 1512 3924 6867 5877 1368 4599 5616 4050 6822 1143 6012 1035 1332 3924 2979 7740 1773 7209 6354 7551 4761 5877 5868 3870 6993 3573 4995 6300 5364 3501 3672 7884 7866 6606 5859 828 5094 7020 7425 6939 3276 6327 6237 6561 7119 4455 2637 5760 5742 4995 6984 4689 6390 6984 2160 4329 5184 8442 3978 1566 3582 5553 6147 4644 8451 2367 5724 5229 3672 5373 5112 4905 3528 3663 2079 2763 2907 4221 4653 315 5094 7479 3861 5526 4311 5535 5598 8730 5121 2808 1350 5400 4014 5292 504 4140 7137 6498 3861 7794 7488 6795 513 4527 4914 4554 5418 7758 5427 3735 486 7308 4176 7740 7281 4419 6579 6867 7155 1620 981 3798 6318 4365 2079 4203 2079 2439 1116 4878 4428 909 5616 8235 5868 6201 4365 2844 7209 4563 6183 3996 7380 4770 4194 873 4770 4563 6111 2061 5913 3717 2871 2250 4050 4545 1224 2061 5535 297 1584 8379 6201 3132 5931 7281 3834 1647 4563 4491 5796 6894 4905 3987 5346 7344 2439 4617 5445 5922 3861 2205 5238 3762 3897 4563 2133 7551 7776 4779 6354 2736 5535 4059 5805 477 5985 4041 
2490 5720 890 6720 360 6450 6530 4930 3820 4460 1810 6460 4900 5640 1110 1120 6430 3320 7820 4980 4950 6330 8210 5320 1620 4460 2880 7850 2130 6670 4910 4680 7030 5430 4220 1120 1670 6990 2990 7760 3130 2600 6350 8110 1970 6050 6490 4490 2770 4830 5840 6770 760 7640 6920 2850 7440 7200 4980 3930 7200 6350 4210 7750 5760 6540 4220 4610 7920 5450 4820 1940 7690 2670 4320 7010 8390 3570 2230 4190 7530 4020 2530 7850 4620 1810 5740 5910 5220 6180 1750 4880 540 430 4790 8440 4550 2050 2680 6250 950 5920 3820 4380 3490 4290 8270 6390 8220 3870 5270 1530 2590 7920 3560 3050 5510 6540 8540 4480 4710 4040 2410 1620 4340 1390 3040 8890 4770 4400 4880 8590 4650 1470 5220 3690 3240 6600 6810 6740 7560 5210 2800 6530 5540 4790 7110 6080 600 9420 4620 6460 5380 5450 6430 7710 3370 1990 9250 6110 6360 3950 7450 8470 1020 6040 5810 4020 4140 4630 4150 6580 5670 8690 3540 4270 7590 5860 6350 4020 3920 3430 6440 5730 7590 3140 6950 6660 1210 8150 4660 4170 6800 4600 2030 3280 5550 2340 4250 7310 2360 7440 5800 3610 2370 8370 5870 1540 6020 5290 6710 5370 230 5500 5550 4080 3600 3990 6920 3460 3340 6490 8420 8520 7330 2760 6660 3470 1090 2240 1620 2750 6320 6210 6280 700 6290 6980 3940 6600 4730 6560 3000 5320 2460 4680 3790 5770 4480 5650 2790 5470 4050 1800 5920 2130 4990 6820 7270 5450 2420 4900 4660 2660 1360 4710 5970 6430 3870 3470 6120 900 1310 1830 3780 2980 4410 5180 3530 6840 6180 6590 8070 4900 6120 3430 1940 8270 790 6120 5590 7090 5270 730 2180 8020 6440 2600 5390 5140 7840 4760 5730 1030 6160 2060 1200 1760 930 6300 4740 3300 6100 4030 5000 6630 5830 3800 3230 1810 2760 5570 7030 5960 830 4580 4580 4540 4330 3930 6720 3040 8260 5680 8990 5200 3400 8510 1790 5040 4760 1700 1350 2200 6920 1800 4380 6280 5620 2060 8940 4400 5720 4170 7180 7110 5380 5400 6470 4900 1020 6360 4880 5730 3580 3340 7050 5970 3690 6150 2270 4550 3040 1020 7480 5390 8020 3560 5940 3100 4310 2300 5460 4290 2500 4080 2330 1660 7260 4950 5790 1410 5360 4930 860 2400 4520 6910 520 4550 
3171 4382 1645 5271 1855 4011 4760 2191 2037 3458 539 4361 1897 2688 952 2149 3766 1302 4928 3059 3031 3381 5782 2520 2380 2352 1484 5012 847 4228 4417 4298 3913 3297 2373 2317 658 4389 700 4746 2807 1547 4424 5257 1799 4893 5313 3745 2555 3759 3927 5796 2121 5152 5271 1050 5390 5103 3997 3451 5320 3927 3626 4767 4473 3213 4095 1883 5187 2968 2415 896 5250 791 3038 4907 5558 1344 2905 3752 4620 3871 1232 4956 2905 2051 4893 5194 2870 5411 2352 3829 1659 1323 2394 5691 4403 2940 3087 5019 2107 5271 3486 3234 2527 3598 5453 4137 5299 3836 4207 1757 819 5145 959 1946 3010 4802 5446 1932 3129 2478 1974 798 1876 2051 3269 5992 4494 4249 2002 5656 3297 819 3325 3899 2947 5110 4697 4165 4907 3920 3003 4179 4053 3871 5474 3808 1519 6244 4172 4718 3528 4116 4396 4718 2604 273 6160 3577 4256 3815 5376 5551 1015 3430 4928 2443 2506 1764 2471 5376 3213 5607 1757 3752 4781 3136 4046 3710 3906 3668 5292 4886 4571 2772 4690 3486 2191 5726 4095 1456 3990 3577 2730 2044 2359 1190 3549 5516 1113 4809 4683 2716 287 5397 4767 2387 3591 3591 3766 4676 1470 4746 5012 2926 3808 1232 5355 959 1309 3367 5747 5523 4550 2534 3675 2849 2044 714 1379 3024 4410 3038 3108 1477 3724 5936 2331 3619 1939 3605 3192 2814 854 2219 1274 3787 3647 3262 1351 3388 1540 2786 3262 140 4060 4599 4697 2275 2478 4438 3367 1421 847 2996 2702 4851 1995 1988 4270 2226 1673 2863 2975 3486 3934 3955 3297 4648 4018 5586 5362 2065 4214 1820 2730 5411 1435 2765 3430 5215 4508 2065 2618 5271 5516 2331 2583 2611 5516 1855 2758 1106 5292 2961 2240 2688 1533 3157 2709 2709 5201 1400 3360 3437 2905 2562 1092 364 378 4529 5999 4123 1043 3024 4382 3059 4018 3787 5362 1981 5705 4970 5992 2114 1617 5425 2506 3850 2044 2114 819 2625 3780 1862 2975 5467 3577 2002 5810 3948 3269 3059 5264 5376 3647 3500 5166 4060 2338 5397 4375 2513 1561 3115 4312 3024 2793 4858 2002 2954 1442 1505 4949 3675 5250 980 4508 2156 2408 1029 3766 4137 1575 2996 2639 2569 5516 2079 2723 2016 2828 3829 1456 2408 2401 5817 1309 3129 
2256 1050 3948 822 3456 2994 1578 4122 3030 1398 3654 2298 4710 4308 3462 2760 3456 3558 3480 2658 2676 4086 2424 4104 2460 3222 3060 3360 3408 2916 600 756 4212 2832 2934 2892 3564 3126 3960 3750 1704 2880 1980 3318 2574 426 474 948 1920 1200 2202 1068 3108 2688 1164 3498 1842 2004 888 1152 1572 3006 1008 3702 912 4872 1134 4194 3108 3462 3564 3342 2568 3642 1974 2082 3204 3714 2232 918 3594 1092 3168 3486 2502 2430 180 750 3318 930 2364 1110 3732 3498 3564 3018 1242 2544 1890 504 2880 978 1146 1704 2130 1062 3192 2652 3438 1254 780 2676 3582 3204 4278 2622 3480 1488 3708 3924 2226 2598 2424 3438 3822 2598 1656 3240 1032 1140 4422 3378 1854 3450 2490 1662 1584 936 2184 3168 3066 1326 1746 2784 1500 954 1110 2808 3162 3714 690 1530 2328 1230 2172 3726 1974 3894 3558 3306 2340 1122 1884 3360 3876 3504 162 2622 2646 4488 2706 522 3324 3666 3174 894 3372 3786 2766 1002 1284 1644 444 186 3828 1734 2430 4470 2706 2436 624 4302 3636 1314 2280 2628 4944 3150 1110 1368 3228 3048 468 1944 3924 3504 390 2526 3144 2082 3942 330 3432 252 912 1944 1620 4488 1014 4134 3564 4398 2874 3522 3390 1938 4050 1710 2766 3540 2940 1788 1950 4602 4596 3834 3312 1152 2724 4068 4278 4008 1650 3564 3498 3708 4068 2382 1080 3216 3156 2712 3978 2658 3630 4014 780 2406 2970 4956 2028 648 1740 3036 3468 2448 4962 1176 3144 2814 1926 3066 2790 2826 1680 2046 774 1218 1320 2346 2544 780 3012 4308 2040 3006 2370 3294 3132 5148 2802 1578 258 3066 2112 3126 798 2106 4098 3672 2286 4518 4332 3942 606 2574 2736 2544 3012 4524 2964 1818 468 4194 2148 4524 4206 2274 3714 3948 4110 474 1242 1986 3612 2256 1122 2148 876 1122 684 2574 2664 528 3426 4812 3240 3708 2364 1260 4134 2442 3492 2100 4308 2550 2136 930 2580 2406 3702 774 3318 1806 1626 1296 2094 2418 594 702 3192 612 588 4914 3456 1458 3408 4206 1884 684 2394 2334 3192 4032 2832 2052 3156 4224 1116 2400 2964 3288 1980 1104 2826 1836 2016 2532 1284 4362 4524 2598 3588 1176 3090 2076 3204 960 3402 2040 
2300 1305 3795 775 3380 2930 1620 3990 3090 1720 3610 2300 4490 4130 3435 2805 3345 3535 3245 2735 2750 3910 2150 3965 2555 3235 3120 3130 3410 2835 910 1035 3985 2855 2995 2890 3530 3000 3875 3510 1985 2970 2025 3065 2710 685 320 1360 2165 1535 2275 500 3080 2515 1105 3485 1695 1915 1280 1530 1465 2945 1410 3465 1180 4585 1320 4055 2885 3405 3510 3355 2390 3605 2195 2020 2915 3665 2320 1315 3385 1360 3210 3250 2620 2575 500 580 3285 600 2490 1465 3615 3440 3515 2720 1300 2550 2045 660 2900 740 1505 1970 2345 1460 2920 2625 3170 1470 1165 2780 3555 2975 4140 2760 3415 1535 3390 3825 2380 2720 2590 3425 3750 2690 1855 2880 1125 1275 4245 3060 2080 3435 2575 1730 1885 965 2145 3065 2885 1600 1965 2735 1705 1345 960 2795 3165 3285 1055 1590 2425 1495 2190 3490 2220 3810 3150 3230 2350 1395 1740 3060 3765 3405 470 2740 2760 4310 2810 305 3275 3330 3210 1305 3170 3665 2735 1365 1470 1765 295 505 3595 2015 2360 4230 2760 2175 1065 4155 3480 1640 2380 2765 4675 3200 1495 1200 3265 2880 815 2190 3840 3210 735 2600 3090 2225 3760 680 3385 615 820 2175 1720 4310 920 4020 3540 4175 2580 3210 3215 2180 3860 1995 2820 3520 3010 1990 2000 4365 4355 3715 3225 510 2830 3875 4125 3830 1865 3500 3485 3640 3965 2445 1470 3175 3205 2750 3885 2660 3525 3910 1200 2355 2830 4690 2240 925 1980 3100 3445 2570 4685 1265 3180 2910 2005 3035 2875 2785 1970 2095 1185 1515 1645 2295 2550 250 2770 4150 2110 3075 2445 3020 3145 4845 2820 1500 770 3050 2275 2885 360 2325 3955 3595 2080 4330 4150 3815 360 2575 2775 2580 3045 4295 3005 2090 330 4065 2300 4280 4030 2455 3665 3845 3995 885 600 2075 3550 2415 1220 2325 1200 1400 555 2720 2395 570 3055 4575 3270 3390 2470 1565 4005 2570 3470 2265 4070 2680 2325 560 2625 2565 3335 1180 3265 2060 1535 1185 2225 2500 625 1150 3125 240 925 4650 3450 1770 3255 4030 2140 875 2560 2485 3230 3875 2670 2190 2915 4095 1320 2575 3020 3310 2120 1285 2930 2090 2205 2590 1115 4195 4310 2695 3515 1505 3115 2285 3215 310 3365 2235 
4172 2541 4396 3486 4158 777 2387 1666 1288 2114 3038 1512 2569 1596 3304 3689 574 1974 1652 609 602 1106 2947 1442 3556 917 1953 1750 2632 1029 3808 3829 1295 357 973 4004 3038 1134 2632 1512 2604 2107 1799 2009 2646 3395 3920 2716 2625 2275 1260 4914 4053 2100 3199 2226 2849 2429 2639 2821 2954 693 2835 1512 2709 2128 3983 1946 1988 497 994 2709 2268 2485 1498 2177 2366 1974 3878 3150 1365 3689 2226 1680 882 2968 3864 4473 448 4711 3381 2373 4235 3738 1008 2576 4347 4228 3682 3458 3794 4697 3045 1778 1792 2653 2254 1071 2037 3829 2751 2975 2478 1911 2702 1813 490 2499 2177 1645 1113 1148 2380 2975 1610 3325 3605 2842 4249 4130 2135 2429 1533 3073 756 4277 2709 3206 1904 896 1687 2121 3346 1043 1981 2590 3486 679 3514 3003 3598 2394 959 2268 1638 1477 2023 3199 2940 343 1393 3654 2807 2324 3857 434 3850 1155 1064 2373 1043 3962 224 2338 1540 3045 1505 791 924 3283 3934 4046 3948 3864 1386 2527 1750 1561 3668 2870 3332 2359 840 2184 3745 1652 2604 2345 2611 3332 2373 1596 3213 1897 2989 2135 3325 3654 315 1239 980 3829 3801 3829 4515 1638 4151 2744 3423 2562 1967 1484 2688 2261 1274 2604 1078 2268 3577 2667 2793 3458 1820 1834 1806 4179 476 5005 1176 1085 2002 1022 3486 693 2485 1253 2261 1015 2527 84 2044 504 1988 4200 574 3269 2772 1666 1498 2681 2884 3878 1666 2093 3157 896 2457 2779 1295 1498 1729 4095 3094 4424 2086 4263 3290 2240 3031 1750 1043 4564 2205 1960 1589 1554 3850 2184 3374 2688 427 2842 3514 3962 3360 2072 4599 2520 1407 938 2716 2345 1603 3983 4368 4284 3759 3990 3304 1694 609 2261 4207 2289 1148 1638 1379 1484 2191 3388 2982 3129 5110 1575 3612 1120 4235 1246 3612 3612 3731 1834 2737 4186 2786 2569 1673 2149 3591 2191 1778 3122 3178 3353 1365 2828 1309 4725 714 2716 2548 3332 203 1743 2856 3227 1246 861 3556 2891 4319 4375 3745 2485 1708 2891 1043 1337 1904 3171 2520 1057 1897 4347 1820 1302 2044 2625 2562 1869 917 2443 1400 3997 2170 1750 3227 3871 3395 2009 1862 3276 707 2296 3332 2814 868 4760 3612 1351 
7060 4650 7100 5930 6850 1550 4270 2390 2690 4150 5060 2890 3620 1960 5530 6290 620 3420 2190 2020 2010 790 4710 1930 6130 2050 3630 2440 4520 1880 6570 6600 710 1620 2330 6730 5090 1790 4270 1680 4850 3920 3390 2870 4790 5890 6630 5010 4870 4350 2730 8090 6760 3390 5460 3850 4790 4160 4870 5170 5020 1470 5190 1730 4900 2370 6830 2880 2970 1060 1800 4660 3680 4180 3280 3800 3480 3320 6640 5640 1600 6420 4000 2220 2400 5280 6600 7490 1290 7830 5890 4490 6910 6200 1830 3900 7360 7120 6380 5960 6420 7830 5490 3680 3680 4930 3320 2170 2820 6610 5010 5240 4200 2800 4200 3590 990 4440 2850 2580 2730 2710 4440 5030 2610 5780 6280 4190 7210 7050 3020 3480 3320 5190 2180 7250 5000 5530 3410 1440 2580 4100 5900 2020 3850 4810 5870 1710 5940 4200 6280 4300 2430 4280 3100 1640 4010 5220 4190 800 2740 6360 4710 3320 6270 530 6580 2710 2580 3430 2530 6680 920 3150 2970 5490 2060 800 1930 5830 6770 6920 6670 6610 1350 4740 3080 1360 6260 4600 5890 3570 610 4240 6440 3360 3470 4180 4870 5600 4190 2460 5640 3840 4870 2930 5800 6270 1080 2830 260 6570 6320 6570 7570 3480 7080 4130 5810 4040 3400 1330 4140 3120 1690 4840 460 4380 6120 4520 4910 6060 3430 2030 1950 6800 840 8210 2700 530 2910 430 6110 1230 4250 2090 3570 2380 4740 1040 3730 1790 3150 7060 600 5280 5060 2990 2390 3610 5220 6670 3510 3840 5300 2420 3110 4900 2640 3090 3350 6840 5390 7370 4130 7210 5840 4280 5480 3130 2250 7580 3360 2780 3130 3070 6580 3150 5740 3420 1640 4860 6130 6630 5900 3090 7640 4690 1840 1520 4440 3350 1920 6450 7330 7190 6390 6770 5660 1770 1870 4360 7090 3520 2760 1500 1550 3240 3680 5510 4770 5540 8370 3160 5970 2750 7190 2920 6300 6310 6320 3630 4300 7080 4010 3530 3140 2810 6200 4210 2610 5500 5340 5880 880 5050 3020 7850 2010 4920 3460 5900 890 3630 4870 5470 2820 2280 6080 5240 7150 7320 6480 3230 3060 5270 1320 1400 3860 5530 4650 2650 3490 7010 2920 2890 3020 4100 4650 3720 2240 4270 3020 6850 4030 3640 5710 6590 5710 2830 2260 5700 1200 4380 5680 5110 1990 7850 6030 3070 
2844 3123 5715 2736 4959 5931 3960 7146 5472 3276 5805 4977 7866 7533 5364 3996 6561 6057 6759 5229 5247 7371 5220 7209 3573 5877 5274 6597 5571 5850 1098 1107 7650 5544 5427 4041 5652 6183 6498 7128 3123 4941 4518 6561 4248 2232 1935 2493 3357 3105 4752 1188 4392 5625 3312 5868 4347 4608 2664 2466 3942 5931 2376 7065 2934 8415 1233 7164 6246 6399 6399 5427 5445 6012 4104 4716 6399 6327 2997 1998 6894 1539 5337 6768 4932 3861 1341 612 6156 666 3528 2979 5400 5220 6399 6129 909 3303 2601 2313 4140 378 2250 3717 4068 2592 6381 5463 6741 1566 2610 4239 5913 6381 7029 4689 6435 3825 7137 6795 4563 4923 4158 5472 6642 3924 2313 6462 720 1044 7515 6660 4023 5445 5040 1728 2925 2979 4851 6210 6156 3402 2646 5661 3726 2682 3159 5625 4752 7173 1377 3879 4851 3321 4797 7092 3780 6156 6939 6300 5022 1611 4419 6633 5832 6552 1404 4950 5022 7542 5103 1980 6255 7083 5598 2106 6588 6903 5616 1908 1494 1917 1854 1332 7218 3213 5211 7920 3915 5247 1701 7200 6849 3186 3168 4770 8298 5265 2646 3582 5382 6120 2295 3816 6291 6840 2187 3618 6066 4491 7245 1170 5085 1233 225 3978 1773 7389 3033 6831 6075 7803 5904 6867 6588 3393 7380 3357 4059 5769 4734 2619 4464 8010 8019 5616 6336 1368 5076 7389 7299 7308 2403 6507 5769 6561 6831 4995 2745 6102 5391 5391 6777 3519 6705 6336 2493 5166 6003 8298 3339 1008 3852 5184 5436 4878 8415 3366 5634 5076 4410 4293 4356 3690 3447 2421 1782 3240 2403 5085 5283 1278 6111 7380 4572 5346 3249 6525 4770 8676 5535 3960 1566 4374 3159 6273 1071 3654 7218 6615 5022 7605 7578 5895 1008 3330 3915 3447 4608 7929 5589 3474 1161 7038 4527 7992 7434 4392 6246 6165 6615 2259 1377 4473 5481 4572 882 4410 1449 1656 2421 4617 5598 819 6741 8064 5652 7137 3402 3258 7128 3789 5472 3141 7758 4113 4356 756 5238 3969 7146 1728 6255 3798 4032 3492 4527 4977 2394 2304 4401 1224 1170 8307 5994 2655 6579 7461 3753 2619 4041 4680 5499 5895 5823 4464 6318 6966 3249 4374 5490 5436 4383 1179 4833 3816 3105 3510 3438 7452 7830 3951 6543 3096 4725 3447 5859 1458 5112 4257 
3480 1895 3785 2475 3590 280 1610 1745 1580 1820 2835 900 2385 1595 3010 3220 370 2070 525 950 965 1040 1720 1540 3095 1320 2050 615 2540 355 2980 3020 895 720 1345 3440 2830 250 2540 450 2325 2145 1170 820 2490 2505 2865 2225 2385 1860 935 3635 3495 1055 2205 2255 1805 1485 2095 2375 1940 295 2345 440 2020 1830 3190 1975 850 925 1330 2590 1205 2435 1485 1310 1110 2065 3285 2575 325 2990 2250 540 1150 2695 2920 3385 955 3540 2965 1925 3665 3310 1340 1310 3435 3555 3105 2525 3300 3565 2545 1625 1800 2205 1030 560 815 3110 2130 2725 2430 770 2570 1910 900 1695 890 1785 1205 1415 2285 2780 1770 2960 3020 1465 3335 3285 2075 1125 1430 2850 895 3460 2380 2265 1125 125 645 1685 2855 455 1515 2090 2410 470 3135 1515 2855 1630 925 1740 1010 425 1945 2945 1490 450 840 2970 1760 1045 3410 620 2900 1425 1360 2270 1360 2885 715 1015 1765 2485 425 965 460 2690 3185 3310 2890 2920 440 2275 935 1315 3195 1665 2650 2295 355 1840 3205 1795 2350 2330 2185 2245 2350 585 2400 1835 2800 880 2480 3170 435 1100 720 2940 3350 2925 3460 1610 3375 2575 2390 2475 2065 1305 1425 975 250 2370 855 2070 3145 2565 2625 2940 1195 1660 1620 3635 345 3685 1465 900 2000 855 2940 1065 2435 1510 2250 800 2090 670 2120 720 2050 3545 795 3000 2190 905 550 2415 2585 3035 1505 2145 2905 1120 2185 1945 1585 1710 1185 3520 2815 3710 1915 3510 2650 1775 2565 975 645 3370 1035 1950 1080 1765 3280 955 3035 2345 650 1870 2710 3430 2920 910 3420 2340 1500 1240 1595 2240 1580 3500 3270 3590 3260 3395 2980 1530 1085 2090 3150 2255 1135 1395 1395 1595 2225 3085 2790 2370 3765 1115 3230 1245 3345 1310 2900 2945 2680 1920 1510 3185 1390 2360 1860 875 3110 1765 1840 2800 2925 2915 1035 2610 1380 3545 720 2515 1170 2685 675 1645 1865 2190 1075 865 2570 2290 3680 3250 2940 2240 1885 2490 90 1330 1825 2310 2380 1230 2015 3755 815 1100 880 2515 1870 1915 1310 2400 1140 3190 2185 1670 2815 3315 2310 1980 1760 2920 1060 1860 3005 2540 1280 3495 3220 1360 
1495 3395 360 3845 460 3825 3825 2985 2495 2790 1385 3820 2885 3345 1080 1010 3805 2200 4510 3090 3075 3730 4670 3195 1250 2815 2020 4525 1605 3930 2845 2725 4085 3315 2705 875 1340 4095 1955 4475 2100 1895 3755 4655 1580 3500 3680 2755 1930 2960 3510 3720 700 4405 3975 1965 4270 4170 3010 2465 4140 3775 2600 4475 3405 3775 2455 2800 4555 3305 2975 1520 4430 1845 2750 4080 4790 2310 1440 2555 4360 2400 1840 4525 2910 1465 3285 3300 3195 3420 1355 2975 385 735 2965 4810 2570 1240 1715 3600 905 3275 2385 2765 2340 2660 4730 3795 4710 2295 3145 1350 1815 4555 2210 2125 3340 3820 4865 2765 2950 2620 1795 1340 2705 1220 1910 5035 2710 2530 2920 4890 2905 1260 3205 2115 2140 3805 3990 3965 4380 3160 1840 3865 3335 2920 4050 3640 900 5305 2720 3785 3285 3275 3800 4450 2270 1415 5215 3645 3770 2365 4280 4830 810 3610 3325 2605 2670 2775 2675 3725 3425 4945 2350 2615 4395 3505 3775 2455 2305 2025 3650 3280 4390 2115 4065 3875 1055 4645 2775 2545 3990 2850 1385 2240 3215 1745 2645 4170 1745 4315 3385 2385 1620 4785 3410 1190 3605 3235 3935 3090 680 3160 3100 2625 2095 2410 3960 2185 2210 3790 4790 4855 4265 1930 3905 2295 1035 1635 1405 1795 3735 3620 3665 485 3740 3825 2565 3870 2855 3850 1910 3240 1760 2890 2380 3480 2765 3415 1970 3335 2530 1120 3540 1450 3005 4000 4230 3155 1740 2835 2910 1915 1205 2955 3450 3745 2520 2325 3635 730 1245 1035 2460 1730 2655 3140 2240 4010 3685 3660 4625 2945 3640 2305 1315 4730 995 3505 3395 4090 3075 745 1545 4605 3575 1870 3230 3135 4485 2840 3390 740 3450 1225 1015 1180 1060 3680 2960 2215 3435 2490 3095 3855 3460 2495 2130 1285 1790 3270 3840 3560 875 2885 2610 2860 2565 2360 3820 2120 4705 3210 5090 3040 2275 4855 1320 3075 2895 1395 1190 1555 4025 1485 2785 3470 3410 1605 5070 2645 3450 2665 4135 4075 3280 3300 3705 2950 635 3560 2840 3320 2345 2170 4125 3535 2425 3575 1725 2870 2090 475 4335 3285 4605 2220 3505 2150 2745 1710 3320 2490 1850 2620 1645 1170 4140 2965 3405 1245 3255 3010 1030 1740 2840 3815 820 2865 
2220 4960 1640 6010 1030 5710 5770 4470 3170 3700 1610 5690 4620 5160 950 750 5740 2850 7080 4250 4230 5750 7440 4820 1110 3830 2270 7110 1710 5920 4310 4110 6420 4710 3550 1050 1440 6250 2730 7050 2380 1940 5580 7360 1200 5360 5830 3760 2010 4070 5070 6230 930 6870 6180 2400 6680 6430 4250 3220 6450 5620 3500 7040 5020 6100 3710 4200 7160 4810 4230 1510 6920 2300 3550 6240 7620 3120 1850 3520 6810 3460 1970 7120 3880 1050 5110 5360 4570 5660 1150 4120 1300 780 4210 7670 4090 1890 2190 5550 730 5410 3140 3610 2730 3560 7510 5640 7470 3340 4530 760 2200 7160 3350 2330 4870 5780 7800 4010 3950 3320 1640 1300 3860 720 2500 8120 4270 3910 4520 7830 3870 1190 4470 3300 2510 5870 6040 6010 6810 4440 2190 5780 4770 4050 6380 5340 220 8660 4000 5690 4620 4690 5660 7000 2600 1930 8480 5420 5590 3380 6680 7710 1420 5380 5180 3300 3430 4320 3440 5920 5000 7940 2940 3590 6850 5250 5610 3380 3410 3000 5790 5100 6900 2390 6180 6120 810 7380 4010 3860 6120 3840 1610 2560 5250 1790 3510 6570 1840 6690 5100 2840 2220 7620 5180 1100 5310 4520 6070 4750 700 4880 5040 3300 3180 3790 6200 3200 2870 5950 7640 7770 6600 2000 6050 2710 600 1880 950 2180 5540 5740 5810 1390 5590 6440 3230 5990 4330 5940 2430 4710 2050 4130 3450 5010 3730 4960 2220 4740 3640 1680 5280 2110 4270 6050 6510 5170 1700 4320 3890 2050 1130 3970 5620 5680 3250 2780 5340 1040 540 1850 3010 2670 3760 4420 2850 6070 5420 6010 7300 4490 5340 2790 1590 7510 260 5800 4860 6330 4620 810 1580 7260 5880 1830 4880 4560 7060 4440 5250 1520 5580 1930 890 1520 210 5810 4050 2530 5500 3710 4240 6110 5310 3040 2820 1850 2620 4860 6510 5180 1010 3820 4090 3770 3730 3350 6030 2310 7480 5100 8230 4920 2820 7770 1310 4280 4320 980 1150 1600 6330 1030 3620 5750 4880 1280 8190 3760 5050 3390 6420 6370 4610 4650 5770 4190 1320 5770 4270 5400 3060 2640 6340 5440 2920 5430 1500 3800 2460 1720 6720 4620 7260 3320 5180 2350 3630 1800 4690 3780 1830 3300 1690 1350 6520 4550 5350 720 4750 4170 250 1650 3880 6330 620 3780 
3682 2842 3570 3829 3395 1659 2905 1043 497 2149 2170 2212 1862 1253 2471 3038 1400 1071 2555 882 847 1337 3682 1008 2975 35 1141 2653 1771 1897 3759 3731 1778 987 371 3346 2177 2030 1736 2380 2275 1358 2401 2905 2002 3626 4144 2716 2212 2394 1841 5012 3353 2912 3640 1337 3465 3087 2751 2681 3500 1575 2758 2394 2996 1946 3794 1218 2863 658 378 1862 3052 1589 1477 2849 3241 1078 3381 3038 2247 3500 1400 2583 910 2373 3955 4501 511 4746 2814 2499 3437 2933 378 3423 4165 3682 3255 3717 3122 4690 2870 1792 1449 2604 3129 1862 2933 3591 2919 2303 1582 2800 1827 1183 700 2996 3073 889 1253 770 1792 2128 805 2695 3248 3703 4116 3948 1463 3318 1645 2233 1183 3962 2408 3584 2597 1792 2569 2359 2954 1876 2331 2667 3906 1491 2758 3892 3528 2898 1435 2548 2296 2345 1694 2310 3829 1204 2093 3451 3430 3213 3003 1092 3962 742 700 1631 630 4193 847 3241 679 2961 2408 973 1743 3129 3696 3717 4158 3955 2219 2198 2499 1673 3024 3612 3297 1547 1645 2247 3220 1036 2030 1519 2555 3822 1533 2471 3423 1631 2093 3031 3535 3059 1218 1631 1540 3857 3017 3885 4473 1526 3836 1904 3815 1680 1064 1561 3507 3157 2177 2184 1519 2009 2919 1785 2044 3052 2408 1631 1645 3360 1351 5117 658 1484 1302 1442 3129 588 1603 553 1400 1631 2534 882 1211 1127 1148 3619 980 2373 2870 2408 2373 2072 2415 3815 1778 1288 2317 1001 2009 3199 441 812 2282 3409 2394 3822 1911 3836 3213 2457 2793 2478 1785 4690 3066 1302 2177 756 3311 3066 2618 2233 1127 3388 3577 3262 2863 2947 4697 2044 1008 560 3437 1631 1295 3129 4459 3731 3122 3423 2569 1589 427 1946 4312 1456 1435 1694 1197 1183 1295 2506 2079 3311 5222 2121 2786 1183 4074 1302 3486 3409 4032 1225 3521 4221 3668 1925 805 3052 3038 2373 1099 2527 2338 2863 1736 2184 1295 4774 1351 2121 3444 3248 896 1673 3416 3696 1666 1358 3843 2961 3626 4494 3703 1967 812 2618 1932 1246 1680 3458 1939 1085 1043 3514 2660 1715 2919 1750 2912 1344 322 1596 1827 3815 1435 1645 2751 3290 3864 1358 1498 2639 616 2443 2583 2331 49 4907 2821 1421 
620 2225 1165 2665 755 2890 2675 2565 1790 1650 1285 2765 2725 2885 975 175 2985 1775 3560 2185 2180 3095 3535 2705 75 2115 1405 3550 1270 2970 1720 1605 3400 2420 1930 330 1195 3145 1805 3590 955 1205 2660 3650 715 2325 2520 1575 810 1805 2465 2650 475 3335 2795 1575 3115 3035 1835 1285 2975 2855 1420 3580 2230 3375 1380 2465 3530 2585 2360 1170 3335 1565 1710 2965 3745 1920 425 1380 3465 1275 1310 3575 1985 450 2140 2220 2455 2360 190 1815 985 845 2350 3730 1555 505 610 2420 275 2230 1205 1675 1335 1490 3690 2800 3720 1200 1970 520 1510 3545 2120 1300 2615 2670 3900 2335 1960 1750 870 1115 2250 225 780 3955 1655 1470 2635 3860 1845 1075 2250 1150 980 2625 2895 3050 3375 2015 670 2885 2205 1745 2870 2695 595 4260 1575 2635 2285 2120 2725 3565 1220 1455 4160 2815 2725 1240 3125 3805 1185 2835 2175 1745 1810 2565 1830 2565 2640 3955 1725 1435 3445 2835 2805 1285 1230 1000 2495 2135 3540 980 2995 3320 130 3510 1610 2335 3175 1705 305 1410 3030 1230 1470 2995 1270 3320 2205 1335 1585 3790 2235 50 2740 2195 3210 1950 770 2015 2045 1580 1095 2340 2780 2035 1785 3235 3695 3855 3340 815 3215 1180 200 1370 800 640 2635 3180 3205 1085 2895 2755 1740 3195 2535 3165 765 2560 1430 2345 2130 2475 1595 2605 1410 2415 2190 445 2820 1550 1825 2935 3230 3000 600 1715 1825 1305 1050 2015 3190 2575 1850 1560 2540 460 505 585 1350 835 1485 1990 1060 2935 2685 2560 3575 2605 2560 1620 300 3710 625 3295 2485 2925 1910 430 370 3575 2485 805 2730 2520 3355 2620 2925 1220 2340 535 160 310 555 3195 2160 1115 2315 2255 2075 3320 2930 1540 1795 1425 1785 2095 2785 2480 1000 1905 1565 1855 1430 1230 2650 1275 3595 2100 4030 2865 1690 3890 160 1925 2505 340 1060 380 3380 580 1780 2405 2450 635 4060 1480 2660 1590 2970 2900 2235 2315 2530 1770 600 2445 1705 3085 1840 995 3230 2985 1360 2395 770 1910 1525 1245 3295 2235 3580 2100 2340 1235 1975 1275 2255 1415 1135 1555 465 215 2960 2640 3000 265 2580 1855 610 620 2135 2715 790 1840 
3647 2135 4011 3108 3731 1008 2114 1813 1008 1603 2737 1393 2674 1890 2940 3213 1085 1792 1967 84 70 1582 2863 1687 3059 819 1617 2009 2324 1197 3297 3311 1827 287 672 3521 2716 1393 2464 1925 2072 1715 1582 2233 2184 2968 3493 2212 2100 1792 1022 4445 3591 2128 2870 1988 2646 2268 2156 2289 2695 938 2310 1918 2296 2506 3451 2030 2142 847 1099 2373 2254 2247 966 2030 2513 1848 3360 2625 1757 3157 1897 1988 350 2485 3388 3983 679 4221 2877 1897 3836 3346 1106 2653 3822 3717 3150 3038 3325 4200 2513 1260 1267 2135 2408 1092 2282 3297 2289 2513 2226 2107 2618 1372 868 2205 2478 1701 602 679 1904 2632 1624 2849 3073 2947 3731 3605 2261 2618 1029 2730 364 3738 2170 2842 1778 1204 1862 1680 2814 1134 1589 2100 3150 770 3087 3199 3087 2100 623 1848 1477 1890 1491 2926 3115 847 1274 3122 2611 2513 3514 966 3381 693 609 2450 609 3535 714 2611 1288 2520 1806 1225 1001 2751 3402 3514 3514 3388 1848 1995 1694 2023 3185 2800 2821 2366 1351 1680 3234 1211 2800 2002 2093 3038 2044 1771 2772 1365 2758 2387 2884 3157 728 854 1519 3332 3395 3339 4011 1099 3619 2716 3073 2464 1785 1932 2723 2506 1617 2086 1596 1729 3108 2380 2380 2926 1589 2191 2177 3801 945 4536 763 1603 2107 1540 2954 980 2212 1337 2205 812 2016 602 1729 343 1967 3696 1057 3017 2289 1603 1659 2856 2366 3360 1169 1736 2807 364 2723 2436 1064 1113 1470 3633 2639 3920 1554 3731 2772 1792 2499 1666 987 4102 2317 2093 1358 1232 3339 2373 2954 2954 399 2583 3031 3500 2842 2226 4123 2009 1666 1148 2618 2443 1911 3633 3892 3773 3276 3486 2870 2093 392 1729 3738 2275 693 2086 1729 966 2023 3108 2793 2681 4648 1309 3248 595 3710 721 3087 3080 3339 1386 2716 3696 2947 2723 1428 2457 3087 1729 1890 2632 2835 2835 1883 2352 777 4242 546 2226 2800 2814 714 1211 2611 2919 875 539 3150 2401 3850 3913 3234 2716 1540 2359 1428 1722 1372 2765 2037 518 1610 3983 1904 931 2212 2541 2177 1386 644 2121 1043 3465 1764 1211 2702 3367 3087 2149 2156 2800 1001 1820 2912 2303 770 4305 3213 833 
2192 4904 408 5688 280 5464 5560 4152 3336 3904 1608 5496 4048 4720 1088 1176 5432 2880 6568 4296 4272 5320 6896 4472 1576 3840 2576 6600 1920 5648 4208 4024 5880 4648 3672 1096 1520 5904 2544 6504 2832 2368 5408 6808 1904 5152 5488 3912 2544 4192 4992 5672 776 6440 5856 2504 6280 6096 4312 3456 6088 5392 3680 6504 4936 5424 3632 3872 6656 4632 4104 1784 6480 2328 3784 5936 7032 3064 2016 3656 6320 3496 2288 6592 4008 1776 4880 4992 4456 5200 1704 4232 120 528 4088 7080 3872 1808 2408 5312 1024 4984 3360 3840 3120 3752 6936 5432 6896 3352 4536 1552 2272 6648 2968 2752 4688 5560 7144 3792 4088 3536 2256 1504 3688 1424 2704 7440 4064 3768 4080 7200 4048 1376 4488 3176 2912 5600 5784 5696 6368 4496 2528 5544 4768 4160 6000 5176 808 7856 3976 5496 4624 4688 5472 6464 3032 1696 7720 5176 5408 3440 6288 7096 784 5120 4944 3520 3624 3856 3624 5560 4816 7272 3104 3728 6384 4952 5400 3512 3392 2976 5448 4872 6368 2840 5888 5560 1248 6848 4032 3488 5728 4008 1872 2928 4576 2136 3720 6176 2144 6272 4952 3216 2016 7016 5008 1504 5112 4552 5632 4576 432 4688 4696 3592 3112 3312 5856 2912 2896 5424 7064 7136 6168 2536 5592 3104 1168 1984 1600 2480 5384 5168 5232 336 5328 5840 3448 5544 3960 5504 2680 4528 2184 3976 3208 4944 3904 4808 2496 4688 3424 1608 5008 1776 4312 5784 6136 4496 2264 4200 4056 2408 1288 4080 4936 5472 3368 3064 5224 880 1376 1576 3360 2584 3824 4472 3128 5800 5264 5544 6776 4104 5224 3024 1792 6936 944 5040 4776 6000 4512 792 2040 6736 5424 2408 4536 4368 6600 3960 4800 736 5200 1808 1224 1624 1064 5256 4080 2968 5160 3392 4328 5536 4896 3360 2784 1512 2312 4768 5880 5096 784 3984 3912 3952 3744 3424 5680 2744 6936 4816 7520 4296 2984 7120 1712 4368 4008 1688 1272 2056 5792 1768 3832 5272 4816 1976 7472 3816 4864 3664 6072 6016 4632 4640 5488 4240 880 5368 4184 4728 3104 2992 5944 5008 3280 5240 2152 3960 2688 552 6312 4640 6736 2976 5080 2800 3736 2080 4704 3688 2304 3592 2168 1560 6128 4136 4832 1448 4552 4272 1000 2240 3888 5792 656 3968 
3672 1566 4860 2826 4329 2151 1926 3474 1935 693 3618 1737 4446 3708 3636 3456 2628 2898 3258 1260 1278 3411 3321 3411 3132 2106 2304 3204 3114 2196 2871 2889 3690 1584 1692 3825 3537 2538 3672 3438 1593 2196 1602 3339 2340 2529 3195 1467 1782 954 1197 4356 4005 2781 2664 2961 2745 2421 1422 1629 2646 2115 1620 3393 1737 4545 3123 3636 3114 2448 2601 3105 2808 3258 288 2214 3492 3078 3348 2034 3195 2754 2601 3276 999 2538 2997 3744 2223 4050 2898 1080 4581 4005 2601 3492 3582 3861 2979 2655 3627 4023 1935 279 990 1386 3402 1845 3474 2952 1620 2727 3186 3159 4041 1683 2475 1989 3825 3213 594 1224 1953 3375 3078 2997 2799 3906 3447 3303 3969 3708 72 3465 1089 3582 1665 2529 2016 2448 2853 927 2529 2025 1026 1332 2979 1800 3573 4428 2601 1872 981 1188 1683 3393 1071 3942 4248 2349 1665 2709 2727 3609 4392 2583 2997 1269 1269 4131 1359 3258 2286 3897 2232 1890 3051 2943 1908 2223 3087 3312 3213 2997 3438 1521 2160 3969 3393 3258 2259 3906 2943 792 3240 1575 4725 2664 1332 2952 2763 2754 2268 855 3834 3609 2412 3267 2133 720 3285 2916 4014 2925 3780 450 3429 4275 2844 3816 2898 3852 3465 3708 2925 1773 3411 1143 3348 3267 2790 2673 1575 4140 4140 4617 2412 4482 1440 3420 3753 3339 2655 2592 3105 2835 3609 1269 1215 2133 2475 1449 3393 3888 2736 4095 1584 2052 2601 4770 2160 2952 162 2358 3528 918 4716 2106 2088 1728 1395 4023 2925 4194 837 3681 2205 1035 1971 2061 1638 3924 3195 3780 1395 2016 3393 3438 3429 5004 1593 2520 2529 3897 2736 3195 3942 1809 3402 2754 2979 4149 3744 4536 3645 3933 3501 3627 3276 4032 1692 1233 3447 3762 603 4050 3546 900 3177 4122 4014 2124 4617 1251 4005 630 3438 459 2628 2664 3060 1638 3321 3375 4023 4572 2376 3807 3123 927 3519 2691 3573 2718 3780 2484 468 4086 1359 2259 4077 2268 2277 369 2574 2781 801 1089 2808 1719 4302 3681 2790 4662 2655 1845 2808 3555 792 2331 2061 747 2430 4887 2691 783 3204 3942 1683 1440 1719 2862 819 3132 2196 441 2529 3492 2970 3861 4032 2952 2628 1008 3366 2115 2070 4194 3834 297 
4417 3094 4340 4046 4179 1274 2968 1169 1274 2583 2912 2086 2072 1029 3248 3815 763 1764 1995 1071 1050 616 3493 903 3731 819 1925 2135 2534 1533 4263 4270 994 910 1064 4123 2933 1568 2373 1722 2926 2142 2380 2422 2772 3934 4459 3185 2898 2772 1841 5425 4137 2618 3773 2065 3430 3003 3143 3234 3535 1190 3269 1750 3262 1554 4382 1484 2436 147 637 2632 2800 2296 1925 2751 2814 1708 4116 3577 1624 4088 2177 2023 1281 3129 4368 4963 343 5201 3563 2877 4214 3717 658 3059 4753 4431 3962 4004 3906 5173 3444 2226 2086 3101 2702 1624 2415 4207 3269 3080 2310 2345 2352 1939 112 3073 2499 1232 1582 1386 2541 2891 1232 3465 3920 3304 4676 4536 1631 2849 2009 3003 1288 4620 3045 3773 2478 1309 2149 2653 3640 1575 2534 3080 4053 1239 3542 3402 4046 2975 1519 2807 2212 1694 2331 3024 3360 665 1967 4046 3381 2737 3759 406 4361 1372 1295 1897 1246 4508 350 2688 1456 3479 1869 245 1463 3696 4312 4382 4480 4368 1526 2842 2303 1043 3801 3423 3794 1946 945 2660 3969 1785 2058 2303 3052 3913 2303 2051 3745 2233 2779 2506 3864 3822 791 1792 756 4312 3801 4319 4984 2030 4494 2338 3990 2233 1750 952 3199 2639 1617 2877 735 2618 3696 2527 2828 3745 2401 1253 1225 4130 798 5523 1344 714 1526 665 3801 231 2345 861 1911 1589 2989 490 1988 1071 1617 4382 210 3073 3269 2219 1974 2142 3129 4333 2149 2072 3087 1330 1890 3346 1225 1575 2303 4193 3178 4585 2471 4543 3731 2772 3402 2310 1617 5082 2688 1456 2170 1540 4060 2604 3402 2121 1001 3423 4011 4046 3598 2527 5110 2758 854 469 3276 1862 1029 3885 4879 4480 3892 4179 3353 1127 798 2583 4718 1897 1666 1099 798 1785 1953 3227 2723 3654 5628 2156 3556 1561 4648 1694 4039 4011 4291 1974 3262 4676 3220 2051 1568 2471 3787 2709 1302 3283 3108 3591 980 2954 1729 5222 1295 2877 2905 3773 392 2163 3437 3801 1799 1421 4109 3381 4410 4893 4207 1925 1512 3248 1351 763 2261 3724 2688 1477 1820 4277 2324 1855 2485 2282 3122 2065 1001 2366 1960 4403 2219 2156 3472 4046 3976 1505 1288 3409 224 2800 3367 3052 784 5285 3598 1806 
3620 2295 3705 2920 3565 695 2070 1385 1485 2100 2695 1365 2000 1165 2920 3265 265 1875 920 1070 1070 565 2225 1150 3175 1170 1960 1050 2415 840 3300 3325 395 850 1290 3485 2705 760 2310 650 2500 2100 1630 1265 2515 2915 3285 2530 2520 2185 1325 4030 3510 1560 2670 2090 2300 1980 2435 2630 2425 665 2625 680 2420 1335 3460 1630 1330 685 1070 2485 1710 2260 1690 1805 1575 1835 3415 2855 615 3255 2150 935 1270 2755 3295 3750 785 3910 3050 2255 3605 3245 1085 1795 3715 3660 3270 2945 3335 3920 2795 1875 1920 2490 1495 1010 1235 3355 2495 2745 2265 1235 2285 1915 655 2155 1240 1475 1410 1455 2330 2670 1485 3005 3215 1930 3635 3560 1700 1570 1690 2750 1115 3685 2570 2715 1615 605 1135 2040 3030 920 1900 2415 2875 810 3110 1920 3165 2085 1215 2120 1475 635 2085 2780 1920 415 1295 3225 2255 1490 3295 375 3280 1455 1395 1905 1370 3310 565 1390 1640 2775 860 585 890 2955 3435 3525 3305 3295 485 2445 1435 815 3245 2170 2965 1970 145 2140 3315 1800 1920 2240 2465 2725 2245 1080 2795 1995 2605 1285 2880 3245 535 1415 215 3290 3300 3285 3800 1800 3600 2255 2845 2205 1870 815 1920 1380 680 2505 355 2255 3180 2420 2595 3110 1650 1185 1140 3550 385 4085 1465 400 1640 365 3130 785 2290 1225 1970 1160 2390 600 2015 915 1760 3640 470 2815 2530 1395 1055 1990 2705 3355 1775 2065 2805 1270 1725 2395 1465 1675 1620 3545 2825 3795 2120 3685 2945 2130 2795 1465 1065 3770 1525 1580 1510 1680 3390 1405 3005 1880 835 2350 3065 3445 3045 1385 3810 2445 1110 940 2100 1865 1140 3385 3655 3700 3315 3490 2965 1050 1045 2255 3535 1945 1395 895 955 1700 2015 2925 2560 2755 4170 1535 3140 1425 3635 1510 3185 3200 3115 1935 2010 3545 1835 1950 1725 1220 3205 2105 1490 2865 2825 3035 530 2645 1565 3920 1000 2570 1550 2980 540 1865 2350 2665 1400 1140 3000 2630 3700 3645 3260 1795 1695 2700 505 880 2000 2730 2435 1385 1900 3660 1320 1435 1350 2235 2285 1970 1250 2290 1495 3465 2150 1875 2945 3400 2785 1600 1310 2970 775 2195 2980 2650 1140 3900 3160 1580 
1648 2192 4032 2408 3360 4368 3016 5144 3656 1912 3936 3688 5752 5512 3568 2448 4840 4144 5240 3584 3592 5456 4328 5224 2048 4048 3440 5136 3704 4360 592 400 5768 3904 3656 2568 3800 4664 4528 5496 1536 3144 3336 5160 2528 1832 1968 1272 1736 1872 3376 2088 2872 4416 2784 3968 3560 3640 1600 1056 3240 4352 1064 5448 2088 6304 280 5144 4904 4576 4520 3584 4320 4096 2568 3648 5120 4384 1648 704 5280 128 3496 5256 3296 2208 1312 1392 4360 1632 1976 1800 3744 3504 4512 4960 688 2040 1216 1976 2600 1464 808 2256 2432 1288 5080 4016 5312 312 1680 2544 4008 4992 5000 2936 4616 2936 5656 4824 3008 3216 2440 3640 4680 2312 920 5296 624 440 5456 5344 2560 3624 3472 896 1368 2472 3680 4632 4760 2216 1144 4192 2552 1544 2784 4072 3072 5888 448 2944 3352 2240 3552 5456 2160 4248 5688 4592 3688 192 3600 5296 4040 4776 1376 3240 3304 5464 3376 2032 4496 5656 3752 848 5072 5024 4120 528 368 832 1912 1296 5528 1624 3960 5928 2376 4328 720 5160 5120 1880 1752 3016 6144 3432 1320 3088 3536 4712 1736 2216 4352 5416 1720 2120 4400 3056 5408 992 3400 1104 1168 2424 816 5320 2640 4824 4152 5816 4816 5464 5024 1768 5504 1792 2480 3888 2976 1152 3288 5952 5968 3904 4648 2248 3336 5504 5264 5440 952 4656 3880 4640 4824 3544 1480 4368 3544 3792 4784 2208 4880 4408 1480 3904 4592 6136 1728 576 2424 3360 3624 3256 6272 2616 3800 3304 3192 2800 2664 2416 1920 1368 616 2088 904 3848 3840 1920 4856 5336 3312 3528 1856 5176 3064 6488 3920 3208 1064 2832 1624 4944 1808 2000 5232 4720 4096 5528 5560 4104 1576 2080 2400 2072 2912 5896 3840 1872 1536 5016 3032 5984 5456 2736 4304 4272 4640 1592 2312 3200 3712 3000 568 2856 224 224 2272 2872 4576 1192 5504 5936 3792 5648 1912 2064 5120 2168 3656 1616 5832 2424 2784 1704 3696 2280 5752 568 4496 2288 3280 2960 3104 3456 2128 1304 2944 1744 592 6160 4088 1120 4960 5488 2168 2080 2344 3080 3648 4160 4512 3064 4976 4944 2352 2656 3720 3584 3016 280 3048 2288 1552 2088 2992 5400 5776 2328 4688 1896 3016 1816 4048 2176 3392 2736 
1272 3642 762 4146 408 4338 4188 3570 2838 2952 1710 4254 3558 3990 1284 798 4374 2604 5154 3462 3450 4374 5214 3792 1056 3234 2292 5160 1890 4446 2910 2760 4782 3744 3060 576 1626 4656 2418 5148 2118 2100 4146 5292 1620 3726 3918 2856 1932 3144 3888 3942 426 4950 4320 2322 4716 4614 3174 2508 4542 4284 2670 5142 3648 4542 2430 3384 5160 3822 3468 1770 4962 2220 2976 4524 5430 2754 1218 2592 5004 2370 2100 5172 3234 1410 3438 3438 3678 3582 1200 3150 624 876 3456 5430 2562 966 1560 3840 678 3408 2394 2964 2496 2754 5358 4266 5370 2238 3330 1338 2172 5172 2760 2322 3858 4176 5574 3294 3246 2910 1872 1590 3210 1092 1788 5700 2730 2514 3552 5562 3150 1500 3576 2016 2148 4110 4428 4518 4962 3390 1734 4356 3618 3066 4398 4104 900 6048 2766 4140 3648 3522 4218 5118 2382 1812 5934 4176 4200 2334 4728 5490 1158 4164 3486 2898 2976 3402 2988 3972 3930 5652 2694 2670 5010 4086 4254 2460 2250 1908 3888 3432 5064 2142 4542 4590 840 5184 2844 3126 4602 3018 1164 2466 3954 1986 2736 4554 2010 4890 3594 2526 2040 5454 3618 972 4110 3558 4578 3204 762 3288 3198 2820 1992 3018 4284 2700 2616 4488 5394 5538 4872 1932 4560 2376 858 1962 1506 1668 4122 4332 4380 804 4284 4068 2868 4530 3456 4500 1800 3762 2094 3396 2898 3882 2886 3906 2256 3750 3048 822 4104 1884 3156 4464 4788 3894 1686 2892 3138 2160 1434 3276 4206 4062 2880 2604 4008 420 1230 720 2580 1554 2700 3360 2226 4470 4128 3876 5226 3558 4026 2610 1074 5376 1026 4296 3828 4488 3198 498 1398 5220 3774 1890 3834 3660 4998 3480 4044 1116 3624 948 780 906 1056 4386 3360 2286 3612 3042 3408 4578 4098 2712 2556 1686 2268 3456 4086 3924 1110 3174 2610 3132 2580 2328 4104 2310 5280 3342 5778 3744 2616 5556 1116 3282 3474 1302 1434 1410 4728 1482 3036 3642 3822 1608 5790 2688 3966 2850 4536 4440 3612 3672 3966 3078 258 3756 2904 4056 2748 2160 4722 4182 2568 3828 1764 3168 2400 912 4890 3612 5220 2754 3780 2310 3114 1974 3648 2472 2034 2802 1524 912 4512 3588 4092 1128 3780 3198 1050 1698 3258 4056 930 3120 
3448 1728 5776 1008 5112 4336 2288 5992 4552 2360 5416 3352 6800 6216 5152 4192 4992 5272 4880 3992 4024 5872 3240 5952 3784 4784 4616 4704 5096 4200 1200 1408 6008 4192 4400 4344 5296 4464 5824 5288 2816 4376 2912 4616 3976 744 256 1800 3104 2072 3288 1072 4640 3744 1544 5200 2488 2792 1656 2080 2112 4360 1888 5224 1528 6952 1896 6096 4328 5064 5232 5008 3560 5400 3120 2944 4400 5480 3448 1760 5088 1912 4768 4896 3808 3784 488 928 4872 1064 3672 1952 5488 5192 5232 4120 1936 3840 3000 728 4344 1232 2064 2760 3360 1960 4408 3856 4784 2104 1480 4112 5312 4472 6248 4032 5088 2160 5136 5736 3424 3960 3776 5128 5608 3992 2688 4384 1648 1856 6408 4632 2936 5144 3744 2584 2656 1280 3128 4552 4312 2176 2832 4032 2360 1768 1360 4112 4744 5032 1392 2232 3512 2016 3176 5256 3168 5736 4816 4800 3424 1960 2552 4624 5696 5080 424 4000 4024 6504 4104 288 4856 5056 4752 1736 4760 5488 4024 1864 2128 2608 184 496 5416 2864 3464 6384 4120 3272 1360 6256 5208 2240 3528 4040 7096 4744 2016 1744 4848 4304 928 3120 5776 4856 800 3872 4576 3184 5648 808 5104 688 1272 3096 2544 6512 1264 6056 5280 6296 3896 4864 4816 3128 5808 2816 4200 5264 4464 2888 2864 6600 6584 5632 4792 1136 4136 5832 6216 5752 2696 5216 5208 5432 5960 3544 1960 4704 4744 4032 5824 4008 5264 5896 1528 3456 4216 7120 3248 1240 2784 4584 5160 3720 7112 1720 4696 4272 2864 4576 4264 4216 2768 3144 1560 2040 2296 3360 3728 640 4168 6248 3032 4536 3640 4552 4704 7360 4144 2160 880 4592 3328 4336 752 3360 5944 5368 3096 6544 6248 5784 600 3880 4152 3864 4544 6488 4424 2968 432 6120 3304 6472 6064 3544 5488 5808 6024 1032 1272 2968 5352 3480 1792 3328 1632 1968 688 3968 3608 776 4656 6928 4840 5136 3656 2120 6016 3784 5200 3312 6144 3944 3328 1032 3832 3752 5080 1560 4840 2912 2216 1680 3192 3632 728 1456 4736 480 1208 7056 5136 2480 4864 6064 3032 1072 3736 3584 4784 5896 3976 3128 4384 6168 1760 3736 4440 4928 3024 1848 4312 2960 3216 3864 1608 6320 6512 3992 5240 2024 4648 3312 4752 832 5064 3192 
2478 1440 4266 954 3768 3396 1896 4572 3480 1848 4056 2676 5154 4758 3840 3078 3882 3996 3834 3102 3120 4524 2628 4554 2778 3672 3492 3708 3828 3306 804 954 4638 3264 3384 3180 3960 3510 4392 4128 2112 3306 2346 3642 2976 720 390 1392 2322 1650 2610 642 3408 2994 1350 3930 2058 2286 1332 1566 1782 3414 1434 4080 1296 5316 1302 4644 3426 3906 4014 3756 2856 4068 2424 2388 3492 4158 2496 1302 3978 1344 3594 3840 2952 2808 324 504 3762 600 2700 1560 4050 3846 4014 3282 1296 2778 2166 726 3192 726 1530 2154 2574 1506 3492 3048 3768 1476 1218 3054 4008 3534 4716 3066 3924 1800 4032 4374 2670 3048 2838 3840 4272 2940 1938 3480 1086 1254 4872 3666 2304 3846 2928 1800 1992 1152 2520 3570 3408 1752 2070 3180 1908 1404 1218 3222 3510 3966 978 1854 2760 1644 2544 4104 2412 4296 3804 3732 2724 1386 2112 3660 4230 3936 300 3072 3096 4938 3156 408 3762 3972 3618 1302 3738 4230 3168 1356 1482 1836 336 330 4218 2154 2772 4908 3024 2652 1002 4746 4050 1764 2568 3072 5394 3576 1548 1506 3654 3396 840 2388 4338 3828 744 2832 3564 2514 4368 528 3774 450 768 2394 1788 4926 1146 4572 4002 4836 3120 3828 3774 2340 4482 2142 3096 3960 3336 2100 2316 5046 5046 4170 3732 708 3174 4500 4728 4440 1950 4014 3918 4158 4512 2802 1530 3648 3588 3144 4428 2904 4068 4416 1230 2760 3330 5406 2412 822 2184 3468 3852 2892 5418 1470 3594 3258 2304 3354 3162 3054 2124 2238 1140 1650 1692 2694 2946 330 3312 4758 2430 3456 2646 3600 3492 5598 3234 1812 660 3372 2442 3438 384 2514 4548 4122 2520 4968 4782 4290 252 2808 3042 2808 3372 4974 3414 2250 132 4638 2592 4968 4650 2724 4152 4338 4530 888 804 2376 3978 2706 1200 2592 1152 1392 714 3012 2904 414 3684 5262 3684 4038 2676 1698 4584 2802 3882 2430 4734 2934 2586 582 3000 2802 3996 1134 3756 2256 1854 1464 2520 2850 738 1152 3468 180 822 5364 3900 1848 3804 4656 2328 972 2796 2784 3630 4362 3162 2478 3474 4662 1482 2838 3414 3708 2400 1260 3252 2286 2358 2820 1404 4812 4974 2946 4032 1620 3450 2466 3654 510 3750 2490 
4758 2514 5292 3036 5034 984 2010 2862 2670 2658 4182 1284 3624 2640 4368 4542 1212 3282 162 1866 1884 1920 1722 2604 4368 2376 3228 198 3822 858 3924 3996 1614 1608 2388 4800 4170 654 3840 498 3372 3324 1578 354 3690 3186 3570 3084 3480 2634 1530 4536 4884 984 2658 3498 2034 1686 2862 3324 2268 1044 3258 444 2646 2826 4254 3144 540 1902 2388 3882 1164 3714 2376 1530 726 3276 4542 3522 498 4032 3468 144 2076 3912 3744 4314 1944 4482 4206 2694 5136 4716 2406 1032 4524 4884 4296 3180 4644 4542 3528 2484 2820 3096 648 1074 264 4188 2862 3972 3708 408 3876 3024 1866 2112 276 2928 2070 2430 3438 4104 2916 4230 4164 1128 4380 4350 3258 666 2256 4188 1728 4638 3420 2796 1380 828 492 2382 3996 960 2136 2886 2886 1206 4488 1062 3804 2052 1680 2394 1398 504 2964 4326 1068 1332 1272 4014 1974 576 4860 1524 3714 2442 2370 3492 2376 3588 1656 432 2898 3408 300 1908 1056 3678 4278 4476 3612 3750 720 3318 1128 2190 4512 1662 3552 3540 1092 2652 4458 2886 3546 3558 3078 2640 3594 516 3096 2820 4152 306 3180 4452 1314 1824 1494 3816 4758 3780 4446 2532 4542 3876 2892 3762 3270 2208 1230 420 492 3468 1656 3066 4458 3864 3888 4098 1614 2658 2604 5112 1206 4572 2508 1716 3174 1674 4074 2064 3708 2598 3498 1464 2940 1602 3318 1566 3252 4890 1722 4386 2970 1146 600 3630 3726 3990 2316 3336 4254 2028 3312 2436 2688 2808 1662 4908 4092 5094 2868 4758 3582 2478 3594 1212 1212 4212 762 3108 1560 2886 4560 510 4374 3498 1500 2196 3546 4812 4122 576 4290 3456 2550 2274 1650 3456 2610 4968 4134 4926 4584 4710 4296 2496 2082 3114 3990 3498 1938 2286 2388 2592 3468 4488 4140 3096 4674 1644 4638 2136 4410 2190 3888 3984 3300 3030 1404 4080 972 3576 3018 258 4368 2496 2988 4032 4278 4116 1800 3828 2286 4470 1488 3702 618 3624 1608 2550 2172 2604 1776 1638 3198 3102 5100 4080 3876 3396 3054 3528 714 2298 2802 2928 3540 2136 3198 5268 750 1794 528 3810 2442 3000 2346 3654 1806 4248 3366 2586 3990 4620 2730 3138 2820 4188 2058 2616 4338 3684 2328 4326 4608 2220 
4880 1704 6008 2488 5552 1168 1096 3768 2880 2024 4752 184 4784 3712 4864 4784 1920 3800 1528 1720 1760 3000 1504 3536 4496 2704 3480 1376 4280 928 3592 3696 2904 1592 2520 5112 4704 1144 4568 1928 3088 3496 464 1376 3776 2624 3160 2520 3288 1928 696 4432 5280 752 2032 3984 1416 912 2192 2888 1608 1240 2768 1864 1888 4248 4064 4056 1120 2456 2960 4304 824 4280 1888 624 1408 3888 4632 3104 1736 3784 3792 1536 1856 3968 3352 4112 2368 4336 4280 1992 5768 5240 2976 1400 4416 5096 4256 2632 4944 4408 3152 1904 2552 2552 1336 680 1520 4000 2176 4128 4240 1208 4768 3040 2448 1232 1872 3696 1624 2344 3424 4576 3624 4384 4048 1760 4208 4184 4296 1608 1640 4672 1392 4616 3112 2160 312 1312 992 1568 3864 800 1232 2240 2360 1112 4872 2224 3448 1136 1144 1552 232 1904 2664 5008 2064 1840 312 3760 1352 1536 5536 2184 3312 2376 2304 4544 2352 3192 2120 1864 3208 2952 1392 2736 880 3320 4112 4416 3208 3360 2088 3032 208 3496 4736 1424 3112 4472 2040 1992 4552 2888 4864 3880 2536 2096 3952 952 2488 2472 4848 1624 2608 4616 1640 1128 2584 3440 5256 3400 4288 2088 4488 4880 2336 4584 3800 3448 1400 1680 1464 3280 2784 2704 4696 4376 4136 3992 512 3936 3888 5776 1752 4488 2512 2840 4136 2760 3936 2680 4200 3256 4304 856 2344 1968 3632 1424 4016 5144 2456 5128 2328 112 856 4944 3624 3680 1664 3584 4744 1744 4688 1656 2968 2896 584 5288 4296 5416 2424 4832 3168 1696 3264 128 688 4000 1136 4096 496 3096 4688 1400 4736 4952 1440 1488 3088 5184 4112 1176 4096 3328 3488 2944 1224 4528 3704 5672 3880 5160 4824 4904 4608 3760 2216 2800 3688 4376 1368 3608 3440 2344 4072 5192 4928 2480 4632 624 5200 1744 4256 1744 3576 3728 2832 3016 1344 3800 1864 4808 3360 1864 4472 1728 3880 4104 4784 4096 3104 3912 1856 4328 1160 3720 1984 3216 2080 2040 1488 2008 1048 1184 2680 2504 5536 3824 3528 4728 3528 3216 1576 3368 2416 2288 3528 1800 3520 6016 728 1040 1192 4680 1616 2904 2496 4048 984 4048 3520 2104 3928 4800 2192 4160 4000 4336 2696 1888 4680 3592 2648 4176 5088 1712 
5845 2947 6713 3339 6363 1778 2261 4116 3752 3346 5495 1701 5012 3885 5670 5726 2184 4508 973 2751 2779 3052 1519 3822 5488 3458 4368 812 5075 1561 4620 4732 2702 2492 3416 6020 5474 1407 5173 1400 4270 4445 1932 532 4795 3619 4004 3759 4431 3248 2107 5124 6146 973 2877 4732 2065 1764 3444 4095 2373 1862 3983 1337 3073 4116 5082 4438 623 2968 3521 5124 1099 4991 3171 1673 357 4522 5621 4263 1400 4851 4655 952 2961 4998 4305 4956 2989 5131 5299 3297 6517 6041 3542 637 5369 6034 5299 3584 5859 5229 4326 3227 3731 3794 399 1694 532 5047 3388 5110 4977 644 5250 4067 2933 2359 602 4172 2870 3395 4487 5383 4144 5369 5117 574 5166 5173 4578 161 2982 5474 2534 5586 4291 3087 1617 1659 889 2933 4956 1617 2632 3500 3101 1981 5747 448 4522 2317 2401 2884 1778 1407 3864 5684 427 2296 1750 4837 1995 238 6251 2548 4256 3416 3339 4851 3360 4004 2667 385 4032 4130 1078 3017 1750 4452 5138 5425 4053 4312 1659 4214 1393 3374 5684 1456 4235 4886 2079 3311 5551 3920 4942 4753 3787 2779 4795 980 3549 3696 5502 462 3640 5593 2233 2492 2562 4438 6076 4375 5159 3353 5488 5278 3143 5110 4501 3395 868 329 1337 4424 2751 3927 5642 5138 5068 5068 1974 3920 3857 6510 2156 5145 3507 2821 4480 2772 5012 3164 4963 3780 4809 2128 3612 2583 4487 2408 4529 6069 2786 5768 3549 1470 1099 5033 4725 4697 3017 4487 5544 2884 4683 2723 3794 3864 2072 6167 5257 6300 3682 5803 4298 3031 4431 1491 1841 4753 595 4410 2009 3990 5670 378 5621 4893 2359 2324 4144 6062 5166 553 4865 4445 3766 3416 1533 4809 3850 6370 4718 6083 5768 5859 5516 3731 3080 4004 4550 4823 2674 3486 3591 3507 4732 5866 5516 3591 5264 2121 5978 2961 5222 2996 4655 4809 3647 4067 1127 4711 329 4970 4172 630 5474 3073 4256 5131 5579 5152 2926 4935 3108 5110 2254 4767 259 4347 2611 3332 2275 2779 2429 2387 3570 3703 6384 4627 4564 4774 4249 4389 1603 3493 3654 3311 4599 2989 4361 6706 945 2436 553 5173 2828 3997 3381 4879 2408 5068 4480 3388 5005 5761 2898 4445 4095 5327 3164 3206 5572 4690 3402 4858 5908 3003 
4136 2744 4344 3872 4056 1448 2776 1712 816 2040 2824 1976 2680 1856 3096 3536 1344 1688 2520 448 408 1664 3656 1600 3400 552 1560 2600 2352 1688 3944 3936 2040 624 440 3888 2816 1888 2456 2408 2392 1720 2184 2864 2344 3672 4272 2712 2384 2288 1544 5312 3944 2800 3624 1936 3408 2968 2704 2744 3448 1352 2800 2408 2928 2600 4056 1944 2792 784 904 2432 2952 2232 1272 2704 3216 1744 3792 3144 2232 3720 1880 2552 552 2720 4104 4760 560 5032 3200 2408 4152 3584 912 3400 4480 4176 3592 3768 3648 4992 2984 1632 1440 2608 3096 1608 2920 3856 2880 2712 2208 2736 2616 1384 816 2880 3112 1568 936 656 2048 2728 1480 3128 3536 3728 4400 4232 2208 3320 1416 2848 792 4328 2528 3576 2416 1640 2464 2208 3224 1640 2144 2624 3936 1216 3328 3992 3688 2768 1080 2408 2072 2368 1712 3024 3896 1080 1840 3672 3360 3208 3736 1096 4104 648 552 2416 512 4328 776 3280 1128 3040 2344 1232 1488 3272 3976 4056 4288 4104 2272 2304 2320 2128 3512 3584 3408 2320 1648 2144 3632 1200 2848 2008 2560 3832 2040 2352 3448 1600 2808 3032 3576 3504 1016 1320 1712 4016 3656 4040 4760 1376 4192 2720 3840 2432 1680 2016 3488 3176 2104 2360 1760 2032 3408 2408 2504 3344 2192 2240 2232 4096 1232 5432 656 1744 2032 1680 3400 872 2200 1160 2136 1312 2496 728 1680 752 1864 4136 1112 3120 2848 2208 2232 2904 2664 4016 1576 1712 2928 632 2784 3128 856 1024 2056 3992 2848 4384 1872 4264 3328 2328 2936 2288 1504 4936 3008 2024 1928 1104 3744 3040 3168 3040 784 3320 3680 3840 3200 2888 4952 2240 1584 1008 3376 2416 1888 3880 4680 4240 3616 3904 3080 2144 64 2000 4512 2216 1112 2184 1712 1088 1952 3240 2840 3328 5544 1864 3456 880 4368 1024 3672 3624 4120 1416 3488 4432 3712 2744 1288 3088 3448 2240 1792 2896 2968 3192 2056 2544 1048 5064 1000 2424 3504 3376 808 1528 3352 3688 1360 1000 3896 2968 4248 4712 3872 2760 1392 2760 1856 1720 1632 3464 2208 776 1520 4296 2536 1416 2864 2528 2816 1464 384 2128 1544 4080 1792 1520 3056 3760 3880 2088 2152 3064 896 2336 3120 2576 496 5176 3440 1168 
3905 2205 4215 2715 4030 690 1845 2055 2000 2210 3250 1165 2680 1850 3435 3655 710 2470 290 1390 1400 1240 1745 1830 3530 1725 2475 445 2960 675 3335 3385 970 1160 1775 3875 3250 485 2925 50 2750 2575 1435 645 2930 2795 3140 2605 2815 2230 1290 3930 3930 1090 2420 2665 1940 1635 2445 2770 2115 720 2735 5 2320 1985 3575 2300 765 1285 1695 3015 1250 2845 1905 1480 965 2450 3715 2960 105 3380 2675 300 1585 3135 3235 3710 1345 3860 3400 2285 4100 3745 1710 1210 3815 3985 3530 2805 3740 3895 2940 2035 2235 2595 895 890 585 3500 2465 3165 2840 655 2930 2345 1260 1930 560 2130 1630 1855 2725 3205 2130 3395 3440 1310 3705 3665 2375 925 1835 3280 1325 3865 2800 2510 1325 525 635 2035 3280 780 1850 2455 2615 885 3570 1250 3225 1870 1335 2070 1275 50 2375 3355 1260 845 1130 3360 1895 850 3835 960 3215 1865 1800 2580 1795 3155 1100 715 2180 2870 305 1255 825 3080 3575 3720 3170 3240 230 2700 1110 1455 3635 1690 3015 2635 575 2225 3635 2230 2600 2755 2575 2430 2775 610 2705 2265 3200 625 2780 3605 865 1495 880 3275 3785 3255 3800 2035 3780 2920 2610 2845 2465 1470 1365 720 260 2805 1015 2495 3580 2980 3060 3360 1465 1850 1800 4065 740 3970 1900 1065 2315 1035 3355 1415 2850 1865 2615 1185 2475 1075 2545 1160 2405 3980 1110 3405 2540 1105 640 2670 3015 3390 1905 2570 3335 1560 2400 2195 2005 2140 1475 3960 3255 4145 2335 3925 3025 2125 2975 1170 1000 3660 965 2255 1380 2190 3715 785 3475 2545 1090 2050 3050 3865 3355 810 3715 2775 1790 1585 1660 2545 1825 3925 3580 4025 3700 3830 3415 1710 1515 2520 3455 2605 1550 1535 1635 2030 2620 3500 3180 2690 4055 1435 3660 1675 3720 1735 3280 3335 2930 2355 1495 3510 1185 2635 2275 540 3545 2125 2160 3240 3355 3345 1130 3050 1810 3855 1140 2955 870 3060 1065 2065 2035 2385 1460 1285 2835 2645 4115 3545 3295 2470 2285 2905 340 1560 2255 2590 2820 1660 2435 4185 860 1485 770 2880 2160 2350 1735 2825 1515 3575 2620 2090 3245 3750 2500 2280 1990 3360 1410 2220 3440 2975 1690 3770 3655 1780 
2640 2440 5610 2500 4770 5400 3450 6680 4820 2380 5390 4430 7520 7100 4970 3630 6060 5520 6400 4550 4570 6930 5030 6740 3130 5260 4650 6240 5070 5340 160 110 7260 4910 4760 3790 5230 5720 6070 6760 2260 4300 3950 6240 3610 1790 1890 1520 2560 2240 4110 2100 4170 5260 3010 5340 4050 4220 1800 1470 3630 5390 1370 6700 2270 8080 740 6720 5900 5840 5840 4930 5110 5520 3290 4270 6140 5810 2650 960 6500 730 4750 6420 4210 3260 1060 1250 5570 1580 3010 2110 5250 4930 5840 5890 1010 3130 2100 1960 3820 1430 1260 2870 3260 1620 6100 4900 6430 960 1810 3680 5410 6030 6640 3980 5880 3330 6870 6300 3810 4200 3450 5020 6130 3430 1720 6290 730 780 7110 6420 3220 5020 4360 1610 2040 2620 4360 5720 5770 2610 1960 5130 3010 1780 2980 5050 4380 7060 260 3360 4160 2580 4240 6720 2950 5790 6810 5760 4460 800 4110 6370 5590 6030 1140 4230 4310 7160 4400 1970 5690 6840 4980 1070 6200 6400 5060 890 1000 1600 1820 1040 6840 2350 4730 7540 3540 5030 650 6790 6390 2300 2770 4050 7980 4690 1680 3380 4820 5710 1720 2980 5900 6550 1670 3220 5510 3770 6810 650 4800 800 1090 3150 1550 7020 2800 6420 5530 7400 5690 6610 6170 2600 6950 2470 3660 5290 4190 2000 3890 7630 7640 5450 5810 2300 4370 6960 6870 6870 1750 5960 5260 6020 6380 4350 1800 5520 4790 4750 6300 3340 6190 5990 1620 4670 5570 7980 2620 170 3030 4570 5020 4150 8100 2880 5000 4390 3800 4080 3840 3600 2560 2270 710 2440 1480 4590 4690 1840 5800 6950 3970 4700 2900 6240 4360 8380 4910 3610 820 4110 2580 5950 1720 2900 6750 6070 4750 7220 7150 5680 1410 3180 3570 3170 4170 7540 4940 2610 1350 6610 3790 7610 6990 3610 5740 5830 6240 1580 2400 3840 5170 3820 810 3630 430 820 2290 3900 5370 940 6580 7730 5050 6860 2960 2440 6670 3220 5070 2560 7360 3500 3570 1650 4590 3310 6950 650 5690 2960 3700 3230 3820 4300 2130 1400 4260 1610 170 7980 5420 1750 6130 7020 2900 2140 3350 3940 4900 5770 5420 3760 5990 6560 2620 3620 4830 4900 3670 690 4190 2970 2470 3190 3250 7030 7440 3440 6000 2240 4300 2730 5240 2170 4780 3470 
3717 288 5697 1341 5040 3078 1206 4977 3429 1017 4824 2079 5949 5184 4689 4032 3780 4338 3852 2655 2691 4761 2736 4896 3609 3609 3672 3699 4374 2970 1890 2025 4923 2871 3195 4329 4707 3294 5058 4230 2079 3483 1629 3681 3303 1044 1710 918 2412 630 1890 2997 4599 2790 1341 4338 1908 1917 441 1449 1611 3096 1224 4167 288 5994 2484 5139 3375 3861 4095 4320 2673 4608 1764 1917 3591 4545 3528 1494 3996 2214 3915 3870 2475 3276 1683 2520 3654 2799 3411 540 5391 4905 4095 3393 2844 4059 3033 1143 4221 2844 1674 1386 2232 1062 3546 2574 3852 2475 297 3591 4527 3492 5472 3015 3879 1134 4248 4716 2034 2727 2970 4536 4581 3663 2727 3762 2592 2592 5481 3843 1512 4590 2367 3177 1989 1107 1980 3348 3267 603 2646 2772 837 594 1575 2799 4419 4437 1755 1125 2097 432 1899 4194 2115 5175 4212 3555 2124 2205 1935 3798 5400 3870 1656 2772 2781 5625 2871 1773 3618 4221 3699 1332 3681 4329 2745 1746 2583 3006 1737 1683 4338 2070 2322 5337 3951 2718 1386 5391 4041 864 3510 2961 6237 3933 1089 1683 4050 3222 792 1971 5130 3960 936 3735 3312 1737 4518 1737 4860 1692 2682 1800 3060 5733 1422 5256 4347 5238 3231 4005 3690 2421 4689 1836 3978 4545 3843 2781 1575 5598 5580 5490 3564 3105 2934 4716 5265 4626 2637 4032 4428 4338 5085 2169 873 3447 3834 2682 4887 4167 4077 5346 531 2277 3096 6273 2718 1989 1341 3690 4635 2367 6219 891 3582 3168 1503 4572 3789 4464 1638 3555 1494 468 1890 2196 2403 2538 3285 5292 1674 3474 3672 3672 4320 6498 2808 1539 1323 4509 3096 3411 2592 2610 4878 4221 2448 5652 5211 5526 2322 4122 4032 3933 4149 5463 3159 2016 2106 5247 1872 5436 4995 2322 4608 5310 5355 702 3249 1575 4995 2106 2655 1953 1935 2178 1557 2952 2961 2160 3996 6075 3825 4248 3519 576 5022 3366 4680 3078 5067 3357 1971 2808 2466 3114 4311 1548 3600 1593 1620 1503 1746 2232 1305 720 4815 2304 1818 6165 4131 1962 3708 4986 1872 828 2997 2232 3834 5778 2943 1674 3456 5382 486 2700 3231 4140 1557 2457 3438 1665 2907 3861 1647 5364 5517 3627 4068 540 4248 2736 3564 2781 4743 1800 
4440 1250 5990 2650 5370 2270 1510 4310 2700 880 4650 1480 5450 4500 4660 4360 2970 3800 3340 1680 1710 4010 3080 4190 3970 2800 3170 3230 4090 2230 3130 3210 4210 1910 2370 4760 4550 2610 4690 3650 2200 3070 1220 3330 3190 2430 3180 1630 2470 890 1000 4590 4980 2580 2400 3900 2420 2070 1370 1990 2330 2260 1890 3590 1480 5380 3570 4540 3040 3010 3310 4070 2580 4230 930 1860 3420 3990 4120 2340 3380 3180 3510 3370 1510 3360 3100 4000 2780 4320 3710 1020 5670 5050 3320 3370 4050 4710 3660 2540 4560 4340 2330 750 1720 1610 3330 1800 3500 3440 1500 3610 4160 3120 5070 2490 3030 1590 3910 4060 1020 1910 2760 4380 3930 3870 3410 3820 3840 3750 4900 3670 570 4470 1350 4180 2220 2290 1690 2590 2800 600 3170 2020 530 1350 2760 1920 4550 4440 2880 1460 1070 830 1370 3600 1770 5010 4230 2700 1440 3150 2400 3580 5490 3020 3080 1960 1940 5110 2030 3250 2740 3950 3050 2160 3130 3530 1930 2580 3580 3910 3210 3100 3710 2130 1910 4650 4290 3010 2470 4890 3280 870 4020 2370 5720 3580 1580 2700 3690 2710 2160 1540 4890 3640 2330 4120 2430 660 3760 3080 5050 3070 4110 1110 4020 5320 2630 4830 3810 4540 3300 3730 3060 2460 3940 1730 4260 4250 3710 3330 1180 4940 4920 5720 2720 4720 2150 3970 4670 3870 3270 3210 4070 3610 4580 1220 1370 2550 3370 1710 4310 4770 3250 5180 1560 1800 2550 5780 2880 3240 480 3250 4540 1390 5670 1770 2860 2520 990 4990 3830 5100 1390 4400 2470 770 2440 1790 1580 4090 3080 4680 1040 2830 4200 3400 4400 5990 1860 2180 2630 4860 3480 3120 4140 2550 4160 3430 2700 5120 4530 5650 3820 4790 4400 4470 4230 4790 2260 1870 3590 4730 800 4750 4280 1610 4130 5200 5070 2040 4870 870 5050 1130 3860 990 2980 3100 2960 2450 3120 3590 3980 5570 3220 3900 3930 710 4380 3520 4590 3460 4360 3340 1070 4340 1490 3080 4130 2540 2720 980 2240 2510 690 1220 2690 1760 5290 3820 3050 5630 3520 2360 3000 4260 1450 2140 2870 1270 3310 6030 2560 630 3140 4970 1340 2230 2400 3810 550 3570 3060 1070 3250 4350 2730 4760 4870 3820 3240 890 4330 2850 2750 4370 4850 840 
5080 2730 5790 4120 5340 1410 2710 2900 1620 2020 4040 1740 4120 3020 4270 4550 1710 2770 2780 200 250 2550 3840 2730 4290 1450 2430 2810 3440 1620 4440 4470 2840 520 1170 4990 4000 1950 3730 2800 2790 2530 1970 3090 3110 3930 4680 2890 2880 2260 1180 6050 5110 2840 3790 3020 3490 2960 2790 3040 3550 1330 3050 2780 2970 3890 4700 3190 2930 1520 1880 3500 3000 3390 1160 2630 3450 2880 4680 3500 2550 4290 2830 2810 420 3500 4540 5400 1290 5740 4030 2410 5520 4830 1890 3610 5220 5210 4350 4030 4710 5720 3360 1540 1710 2790 3310 1400 3180 4490 2970 3580 3340 2900 3980 2000 1540 2840 3490 2720 600 1020 2690 3870 2610 4020 4220 4040 5080 4910 3530 3610 1190 4000 240 5150 2930 3740 2270 1720 2550 2090 3860 1500 1950 2710 4180 1030 4430 4450 4150 2690 590 2320 1840 2750 2000 4330 4310 1380 1580 4230 3440 3470 5110 1610 4530 1060 950 3790 980 4740 1280 3650 2030 3350 2540 2050 1320 3700 4640 4830 4700 4540 2720 2690 2200 3180 4500 3740 3770 3650 2080 2120 4510 1780 4320 2970 2730 4030 3040 2420 3650 1790 4110 3330 3820 4440 1170 900 2400 4480 4890 4490 5460 1380 4980 4150 4070 3750 2770 3060 3690 3490 2310 2860 2530 2300 4400 3540 3440 4020 1980 3450 3430 5490 1490 6180 1200 2550 3310 2450 4050 1720 3310 2210 3410 910 2610 1110 2610 440 3080 5200 1790 4470 2980 2060 2250 4390 3270 4540 1390 2590 4100 350 4210 3160 1730 1700 1800 5150 3770 5520 2020 5170 3700 2250 3360 2140 1220 5560 3150 3290 1650 1910 4670 3270 4250 4540 590 3390 4040 4980 3950 3050 5600 2780 2690 1960 3480 3790 3050 5280 5270 5290 4630 4900 4120 3300 850 2310 5040 3520 680 3270 2780 1290 3110 4580 4190 3520 6340 1570 4720 630 5060 790 4170 4180 4450 2000 3660 4990 4060 4190 2230 3470 4320 2160 3010 3710 4140 3940 2950 3340 910 5770 600 3140 3910 3770 1280 1500 3430 3860 940 500 4180 3150 5470 5290 4360 4190 2430 3180 2080 2770 1790 3630 2870 560 2450 5760 2560 1010 3030 3870 2790 1950 1140 3150 1170 4720 2580 1520 3750 4730 4100 3380 3400 3950 1750 2300 4180 3190 1380 5850 4640 940 
7011 5319 6552 6507 6462 2610 5040 1818 2889 4734 4653 3807 2646 1197 5184 6138 1764 3168 3024 2781 2754 621 5427 1395 6084 2313 3618 3276 4239 2898 6903 6912 783 2511 2718 6525 4725 2790 3744 2457 5157 3951 4248 3663 4824 6417 7092 5508 5103 4959 3618 8370 6489 4230 6102 3591 5517 4950 5436 5580 5715 2529 5625 2529 5535 1044 7056 2241 3798 1602 1863 4401 4500 3825 3897 4626 4230 2988 6615 6021 2466 6678 3879 3042 3069 5310 7011 7785 1854 8091 5877 5094 6435 5814 1881 4635 7533 6993 6462 6498 6228 8073 5850 4284 4077 5409 4095 3159 3582 6822 5589 5193 3870 3627 3510 3789 1566 5184 3528 2169 3447 3177 4572 4716 2268 5715 6435 4869 7434 7254 2205 4194 3996 4860 3024 7335 5319 6147 4275 2493 3465 4779 6057 3024 4590 5364 6471 2718 5679 4779 6624 5058 3285 4968 3987 2439 4392 4707 4806 1881 3663 6615 5445 4050 5751 1530 7002 3159 3060 2592 2988 7146 1764 3816 3015 5895 2943 1098 2943 6174 6957 7029 7128 7011 2124 5058 3978 162 6129 5328 6300 2862 1683 4833 6417 3609 2331 4050 5346 6237 4023 3366 6183 4284 4347 3663 6336 6192 2133 3654 1026 6957 5949 6966 7821 4032 7182 3330 6408 3429 3150 306 4878 3834 2628 5076 792 4770 5976 4185 4797 6192 4284 909 801 6282 1953 8487 3087 720 2205 810 6273 1539 3951 1935 3006 3303 5256 1935 3654 2700 2655 6912 1305 4716 5607 3897 3321 2475 5373 6984 4167 3807 4959 3123 1881 5580 2781 3312 4194 6579 5292 7164 4599 7209 6219 4941 5787 4023 3222 7920 4158 2043 4005 3195 6525 3915 5499 2115 2583 5580 6561 6372 5958 3897 7956 4896 1323 1575 5193 2493 1116 5904 7668 7056 6246 6660 5463 666 2439 4725 7461 2880 3528 270 909 3699 3312 4968 4167 6084 8622 4014 5553 3420 7398 3591 6615 6570 6840 3852 5049 7416 4662 2484 3105 3492 6174 4869 2016 5508 4986 5949 495 5067 3645 8118 2943 4986 4095 6273 1782 4203 5580 6111 3645 3150 6615 5760 6840 7677 6822 2061 2916 5580 2331 765 4320 6120 4761 3312 3429 6426 3798 3717 3834 3438 5328 3996 2637 4077 3843 7074 4068 4194 5814 6489 6336 2052 1278 5643 1503 4995 5463 5274 2295 8172 5688 3744 
590 4160 3820 4600 2970 6410 5180 6550 4810 3430 4300 5790 7050 7130 3690 2010 6820 5060 7630 5180 5180 7330 6880 6760 1640 5410 4230 7540 4200 6460 2300 2040 7840 5630 4960 1960 4120 6840 5280 7840 2320 3820 5430 7650 2850 3880 4030 2850 2310 3550 5290 3860 2360 6820 5030 4720 5940 5960 3360 2340 5560 6360 2520 7790 4070 8130 1420 6430 7350 6240 5960 4010 6740 4770 3980 5920 7690 5370 880 2180 7570 1480 4150 7650 4780 2300 3200 3050 5970 3260 1710 3500 3480 3380 5940 7550 1560 1100 800 4060 2130 2970 2020 3720 3480 2770 7610 6060 7820 1190 3530 2630 4660 7430 5900 3800 6300 5110 8220 6100 4550 4470 2970 3940 5930 2120 900 7980 1850 1510 6790 7950 4110 3870 5160 650 2190 4650 5890 6740 7120 4010 1260 6270 4440 3230 5060 6010 2920 8680 2150 5090 5110 4120 5650 7790 3150 4650 8450 6490 5760 1450 5980 7870 4060 6630 3290 4490 4600 6710 4670 4110 6240 8270 4790 2360 7400 6790 6140 1900 1140 540 3960 3180 7820 2430 6190 7850 1940 6860 2430 6270 7190 3460 1130 3980 7620 4010 2780 5420 4120 7030 3730 3330 4890 7950 3720 1630 6280 4810 7420 2790 3200 2940 2620 3740 620 6340 4880 5720 5080 7690 7400 8040 7280 2340 7490 2810 2130 4410 3230 1100 5370 7710 7750 3740 6600 4070 4550 7460 6570 7390 1070 6270 4490 6010 5850 5420 3030 6130 4300 5540 5910 1350 6670 4840 3250 6100 6870 7580 2010 2240 3990 4060 3830 4780 7880 4760 4960 4330 5220 2230 2680 1530 3110 130 2230 3880 1860 6060 5830 3800 7340 6700 5330 4530 1150 7710 2990 8120 5700 5510 2910 2350 1430 7420 3610 2540 6800 6260 6560 6810 7200 4100 3390 1130 1900 1300 2840 7700 5320 2810 3400 6100 4680 7880 7150 3920 5170 4590 5280 3540 4100 5170 3720 4490 1650 4330 1850 1470 4430 3730 7130 2930 8210 7310 4770 8210 1450 3810 6460 2120 3860 1430 7860 2610 4210 3360 5510 2570 8430 2180 6270 3650 5600 5250 4880 5220 4250 3060 2320 3620 2310 7700 5120 1970 7140 7230 3320 4160 2780 4550 4490 4020 6860 4850 7450 5850 4380 3540 5050 4150 4830 1490 3690 3610 1540 1420 5310 6780 7400 2170 6310 3610 2960 2140 5420 4080 3290 4230 
5026 2471 5677 3157 5362 672 1939 3031 2660 2576 4410 1015 3934 2835 4613 4774 1120 3395 371 1680 1708 2051 1862 2751 4571 2345 3290 336 3990 483 4088 4172 1806 1400 2324 5082 4396 294 4067 714 3409 3388 1386 574 3794 3283 3759 3094 3535 2569 1267 4865 5180 924 2744 3633 2079 1652 2849 3360 2317 756 3290 651 2632 3150 4452 3339 588 1862 2415 4053 1148 3892 2247 1428 952 3409 4774 3598 567 4193 3577 385 1918 4039 3913 4578 1876 4781 4382 2639 5495 5005 2436 1232 4781 5166 4487 3290 4900 4837 3598 2373 2765 3094 840 728 609 4375 2856 4123 3878 483 4144 3024 1834 2058 819 3066 1890 2338 3493 4312 3038 4410 4333 1449 4620 4571 3493 994 2107 4410 1505 4893 3458 2870 1211 546 308 2282 4137 595 2002 2870 3017 903 4732 1561 3948 1981 1435 2303 1162 693 2933 4592 1512 1197 987 4172 2016 882 5187 1463 3885 2359 2275 3759 2282 3780 1561 931 2933 3472 231 1953 707 3773 4473 4704 3801 3920 889 3346 910 2429 4739 1785 3654 3780 1078 2576 4676 2870 3892 3675 3073 2758 3717 238 3164 2765 4403 714 3269 4669 1120 1603 1589 3983 5047 3948 4718 2429 4781 4172 3010 3997 3388 2422 1407 833 357 3521 1778 3052 4683 4046 4032 4249 1428 2919 2863 5467 1057 4921 2436 1848 3388 1785 4228 2065 3871 2674 3703 1183 2919 1470 3402 1330 3423 5180 1708 4669 2975 903 252 3983 3822 4165 2177 3416 4480 1855 3661 2436 2688 2793 1456 5208 4263 5411 2821 5026 3675 2401 3668 994 889 4494 854 3318 1330 2905 4795 749 4599 3885 1267 2226 3668 5096 4284 672 4578 3507 2695 2317 1715 3724 2814 5313 4382 5222 4830 4970 4508 2737 1974 3108 4214 3717 1729 2534 2555 2506 3626 4781 4410 3150 5040 1421 4921 1974 4648 2030 4032 4137 3458 3031 1540 4305 1358 3906 3073 805 4571 2408 3164 4179 4508 4270 2009 3948 2142 4774 1218 3801 1127 3724 1505 2443 2205 2695 1547 1393 3332 3129 5432 4333 4032 3738 3136 3591 574 2464 2737 2989 3612 1974 3269 5656 588 1568 630 4067 2401 2989 2282 3794 1589 4452 3430 2485 4130 4858 2856 3367 3066 4368 2065 2548 4550 3773 2289 4641 4872 2065 
2922 1560 3378 2400 3096 960 1590 1788 942 1092 2358 1080 2502 1890 2478 2610 1158 1638 1776 204 222 1638 2322 1704 2454 894 1398 1788 1998 1074 2544 2556 1830 444 690 2874 2328 1278 2208 1806 1548 1434 1182 1944 1752 2268 2712 1614 1602 1248 714 3522 2952 1752 2220 1764 2082 1776 1566 1698 2094 918 1704 1788 1698 2424 2694 1950 1842 1008 1182 2028 1836 1986 564 1584 2142 1716 2682 1974 1650 2442 1632 1794 168 1980 2616 3132 864 3330 2298 1338 3216 2802 1188 2226 3006 3000 2478 2334 2712 3318 1890 798 900 1554 2064 918 2010 2562 1680 2034 1956 1830 2376 1104 1026 1662 2202 1662 234 540 1500 2244 1590 2298 2400 2490 2922 2820 2154 2250 600 2316 204 2958 1626 2178 1380 1152 1620 1164 2184 996 1104 1512 2448 732 2556 2754 2364 1578 360 1308 1122 1776 1068 2538 2664 960 990 2412 2052 2172 2982 1092 2616 564 504 2298 540 2754 888 2292 1182 1884 1638 1332 888 2094 2658 2766 2730 2622 1764 1482 1362 2016 2580 2268 2142 2202 1380 1158 2580 978 2640 1710 1518 2370 1752 1542 2100 942 2412 2100 2196 2538 834 492 1566 2574 2832 2580 3156 696 2856 2490 2376 2238 1638 1944 2262 2190 1500 1584 1644 1248 2526 2064 1968 2286 1182 2160 2148 3198 1026 3606 660 1650 2022 1596 2298 1116 1932 1368 2046 582 1446 786 1500 390 1854 2994 1188 2622 1680 1278 1440 2676 1836 2604 720 1482 2376 96 2592 1842 1020 954 1068 2976 2154 3192 1080 2970 2100 1260 1884 1320 804 3234 1962 2016 990 1098 2676 2052 2448 2784 486 1998 2310 2874 2244 1908 3252 1542 1686 1248 2100 2304 1908 3084 3054 3048 2658 2814 2364 2070 552 1254 2922 2118 330 2070 1758 660 1842 2682 2472 2016 3696 930 2742 246 2910 348 2376 2376 2592 1104 2232 2880 2514 2556 1302 2184 2466 1200 1842 2106 2406 2238 1890 1890 414 3348 450 1764 2442 2136 888 774 2028 2268 528 336 2430 1776 3168 3066 2496 2574 1440 1776 1374 1752 942 2100 1608 210 1422 3366 1602 564 1902 2310 1608 1062 684 1824 660 2700 1464 780 2118 2712 2406 2070 2112 2256 1140 1278 2406 1788 858 3408 2688 438 
3825 1890 4806 3150 4311 1953 2151 3123 1620 1026 3447 1746 4122 3357 3519 3492 2349 2610 3114 927 945 3078 3456 3060 3213 1755 2079 3087 2925 2052 3195 3213 3375 1287 1350 3879 3375 2376 3420 3240 1746 2025 1719 3267 2295 2880 3546 1800 1881 1296 1179 4707 4032 2799 2961 2709 2952 2574 1773 1917 2898 1899 1935 3204 2070 4194 3411 3303 3069 2106 2250 2934 2862 3024 234 2340 3474 2790 3492 2331 2997 3033 2394 3141 648 2556 3339 4086 1872 4401 2970 1431 4536 3942 2250 3528 3879 3987 3150 2997 3663 4365 2205 576 927 1701 3375 1737 3393 3222 1971 2700 2961 3087 3762 1503 2142 2232 3717 2880 279 909 1899 3231 2745 3033 3006 3933 3753 3600 3636 3672 333 3321 828 3825 1845 2853 2097 2250 2772 1251 2700 1890 1287 1674 3285 1593 3528 4410 2925 2115 810 1503 1737 3195 1107 3762 4248 2061 1647 2988 2925 3564 4284 2268 3339 954 945 3807 1026 3609 1962 3816 1935 2196 2907 2610 1755 2511 3357 3546 3564 3339 3213 1656 2187 3627 3438 3393 2592 3591 2673 1134 3357 1359 4392 2475 1647 3240 2565 2673 2619 891 3627 3519 2763 3348 1854 684 2979 3258 3960 3276 4113 459 3672 3978 3159 3537 2619 3510 3519 3636 2754 1863 3096 1287 3375 3069 2700 2853 1692 3789 3789 4545 2142 4833 1125 3096 3420 3015 2853 2241 2889 2493 3312 1152 1548 1809 2250 1179 3078 3996 2403 3906 1935 2061 2511 4428 2250 3285 504 2160 3402 576 4374 2394 1773 1467 1512 4059 2889 4293 1017 3879 2520 1377 2214 2097 1530 4275 3186 3447 1467 1746 3501 3393 3375 4653 1323 2763 2871 3915 2844 3159 4293 1854 3051 2403 3114 3825 3393 4428 3996 4059 3555 3726 3231 3681 1341 1332 3798 3456 432 3708 3195 702 2907 3951 3780 2475 4968 1332 3897 279 3735 108 2934 2943 3402 1467 3411 3717 4014 4230 2088 3699 3213 1269 3177 2727 3447 2835 3465 2466 162 4428 1143 2259 4014 2574 1962 540 2817 3060 765 882 3150 2070 4338 4032 3123 4320 2358 2061 2601 3204 864 2664 2034 396 2178 4806 2664 783 3159 3663 1989 1314 1386 2673 873 3429 2034 567 2655 3582 3267 3519 3690 2970 2277 1350 3312 2187 1719 4545 3762 45 
4158 243 5994 1422 5364 2691 738 4851 3384 1197 4986 1620 5877 5004 4905 4383 3438 4356 3393 2457 2493 4491 2286 4725 3978 3483 3744 3222 4509 2547 2376 2520 4590 2610 3105 4698 4887 2862 5121 3798 2403 3600 1152 3195 3537 1341 1998 1359 2709 855 1512 3366 4950 2304 1197 4410 1503 1440 891 1863 1278 2718 1665 3726 459 5778 2970 5058 2889 3627 3942 4473 2178 4698 1746 1422 3096 4545 3951 1962 3564 2700 4023 3402 2331 3573 2097 2952 3438 3222 3762 828 5688 5184 3951 2898 3330 4482 3465 1395 4563 3285 2115 1440 2340 1467 3060 2160 3375 2961 792 3861 4626 3015 5499 3105 3645 702 3771 4626 1890 2673 3186 4716 4500 3987 3177 3276 3087 3087 5382 3348 1440 4788 2124 3663 2340 1098 1494 2943 2790 558 3060 2358 513 1017 1521 2448 4698 3942 2250 657 1827 297 1431 3762 2286 5328 3726 3240 1683 2691 1521 3303 5643 3573 2061 2718 2709 5562 2790 2043 3357 3735 3690 1800 3231 4077 2349 2214 3069 3483 2043 2106 3924 2376 1845 5067 4311 2259 1881 5364 3681 1062 3915 3015 6120 4059 1476 1503 4167 2754 1143 2115 5256 3474 1287 4104 2988 1476 4194 2196 5148 2142 3141 1845 3537 5733 1404 5283 4356 4977 2745 3519 3258 2718 4374 2088 4320 4671 4059 3195 1098 5382 5355 5769 3222 3456 2889 4410 5175 4320 3069 3825 4536 4221 5067 1818 1242 3177 3915 2412 4842 4581 3807 5490 1008 1800 2637 6174 3042 2475 1296 3789 4842 2214 6057 648 3537 3186 1053 4932 4059 4878 1836 4014 1980 540 2313 1719 2016 2898 2790 5184 1233 3483 4077 3186 4590 6354 2520 1179 1800 4851 3474 2925 2979 2871 4707 4041 1989 5580 5022 5769 2718 4545 4392 4338 4419 5229 3006 2250 2502 5220 1674 5166 4779 2349 4644 5481 5454 1116 3609 1161 5238 1989 3150 1854 2430 2655 1737 3051 2493 2601 3510 5985 3834 3771 3906 666 4914 3681 4887 3456 4752 3618 1908 3213 2160 3384 3825 2034 3330 1665 1251 1323 1458 1953 1503 1206 5184 2673 2313 6030 4122 2349 3303 4761 2016 1008 3231 2115 3879 6057 2457 1395 2961 5409 234 2817 3132 4266 1260 2952 3573 1746 3276 4248 1512 5256 5337 3951 3852 765 4527 3051 3438 3114 5013 1710 
2163 1764 2975 2653 2548 2352 2226 2632 1330 833 2128 2163 3227 2947 2065 1876 2576 1862 3276 1421 1421 2954 3374 2688 1645 1666 1281 3255 1778 2443 2107 2065 3283 1750 1330 2170 2044 2695 2352 3346 588 1099 2065 3388 1015 2289 2751 1176 623 1134 1736 3437 2296 2982 2653 1799 2870 2667 1386 1015 2744 2303 1134 3325 1848 3640 2086 2653 3227 2184 2079 1736 3003 1988 679 2527 3535 2051 1883 1379 3164 1799 1435 3297 1141 1148 2422 2884 1988 3129 1463 1204 2751 2317 2072 3542 2464 2261 1659 2415 2002 3045 1176 686 245 1036 3458 2198 3486 1890 1589 1302 1918 3248 2709 770 2219 2254 3738 2359 1036 952 721 1911 2240 1519 1589 3857 2422 2247 2926 3689 875 1960 1456 2282 714 2485 2387 2583 3003 1323 1323 2324 1519 1260 2849 2072 1960 4256 1869 2184 1484 1519 2128 3311 21 2401 4123 2338 2107 1750 2870 3612 2639 2436 2443 966 1036 2975 1092 2807 2163 3815 1442 1323 3108 2569 2212 1442 1995 2044 2744 2422 3304 504 2499 3346 1827 3332 1680 2737 2835 952 1771 791 3535 1442 987 2905 1533 2926 2086 154 2373 3591 2177 1750 2205 1358 2989 2268 2310 2317 2814 497 2163 2947 2730 2541 1869 3234 3514 3675 2982 602 3038 315 1785 1918 1400 1435 2037 3332 3346 2786 2429 3563 1036 3031 2758 2975 1470 2226 1834 2177 2464 1743 1050 2086 1400 1708 2373 2261 2478 2534 1456 2415 2807 3542 903 2163 882 1267 2009 1155 3619 2247 1456 1029 1897 2310 1456 2492 350 2240 1561 1344 1092 2422 2037 3157 3297 2814 1904 1246 1883 3479 1862 3822 1813 2660 2030 2212 1372 3290 3129 595 2702 2261 3108 3017 2989 2751 2891 2310 1918 2051 1736 3290 1533 245 2772 2611 1190 3381 2898 546 2044 2506 2555 1932 3647 1792 2331 966 2373 889 1799 1708 2758 714 3402 2618 3948 3367 1498 3724 1645 1239 2618 1274 2044 1365 3311 1113 784 3164 1722 938 3969 1596 2184 539 2709 2765 1421 1533 2562 1484 2534 2968 2058 3535 1764 917 2849 2940 203 2240 791 994 1435 3003 2905 1414 3297 2646 1897 511 1386 1603 1456 2114 1057 476 1225 1939 2898 2870 3171 1477 2254 1204 1806 854 1666 3388 2177 854 
2943 4860 1530 5922 1458 4968 5472 3312 2475 3672 513 5175 3285 3951 135 1629 4842 1881 6201 3663 3627 4635 6894 3672 1917 3024 1620 6264 810 5211 4635 4464 5283 4041 2880 1872 378 5472 1566 6075 2664 1476 5166 6534 1359 5391 5877 3915 2322 4041 4608 6390 1665 6228 5994 1458 6300 5994 4293 3483 6147 4878 3717 6084 4950 4752 4167 3015 6390 3897 3285 657 6318 1269 3312 5778 6849 2088 2601 3825 5886 3906 1260 6237 3384 1566 5292 5616 3717 5895 1890 4122 1377 765 3258 6948 4545 2655 2844 5562 1593 5697 3474 3474 2583 3726 6723 5013 6615 3834 4563 1188 1197 6363 2106 1971 3960 5508 6858 2916 3555 2826 1683 333 2790 1503 3087 7353 4680 4356 3258 7002 3636 189 3933 3879 2817 5751 5553 5211 6048 4311 2763 5112 4554 4122 6219 4662 837 7758 4329 5409 4131 4563 5184 6030 2583 783 7623 4572 5067 3834 6291 6885 837 4464 5346 2799 2898 3042 2889 5958 4140 7029 2178 3852 5994 4230 4941 3744 3915 3591 5850 5283 5904 2637 5616 4896 1674 6831 4275 2619 5166 3816 2376 2160 3870 1116 3672 6336 1089 5931 5139 2763 1053 6750 5229 1926 4518 4131 5022 4995 927 5094 5364 3123 3762 2502 6066 1998 1899 4743 6966 6894 5733 2304 4959 2817 1494 882 810 2781 5139 4464 4536 1260 4743 6579 2691 4896 3123 4860 2997 3762 1098 3123 2277 4491 3834 4149 1503 4113 2511 2457 4320 954 4347 5490 5778 3789 2151 4653 3690 1440 90 3483 4239 5499 2493 2232 4959 1791 1044 2583 3033 3339 4059 4329 3231 5535 4833 6147 6570 3276 4923 2133 2367 6705 711 4383 4194 6030 4815 1584 2250 6498 6048 2070 3744 3573 6552 3150 4041 999 5769 2691 1746 2322 828 4554 3348 2637 5670 2493 3843 4869 4149 2754 1773 756 1422 4932 6651 4788 513 3429 4536 3429 4113 3798 6003 1989 6867 5346 7398 3564 2025 6840 2088 4203 3159 1611 81 2268 5166 1368 3303 5967 4293 1584 7272 4068 4194 3258 6102 6156 4212 4131 5760 4320 1989 5922 4590 4023 2142 3006 5463 4284 2862 5400 1656 3375 1710 1458 6039 4230 6480 2088 5049 2133 2943 1008 4329 4230 1431 3168 2304 2169 6309 3321 4086 1467 3789 4140 738 2070 3078 6444 666 3483 
1422 3285 2691 4158 2007 4500 4077 4230 2700 2223 2376 4230 4689 4761 1962 1008 4725 2889 5688 3258 3249 5022 5616 4437 639 3267 2142 5661 2178 4617 2646 2466 5535 3681 2898 1341 2223 4950 3150 5769 972 1764 4032 5832 900 3555 3978 2151 711 2520 3699 4392 1575 5256 4347 2601 4878 4725 2601 1647 4635 4437 1890 5742 3312 5661 2178 4113 5607 4077 3744 2025 5256 2673 2349 4590 5994 3168 1026 1899 5535 1908 2070 5715 2898 441 3339 3618 3834 3897 405 2538 2376 1971 3726 5967 2583 1449 972 3735 1188 3699 1557 2268 1710 1980 5895 4311 5958 1845 2853 810 2565 5643 3699 1791 4131 4068 6291 3825 2808 2511 1017 2043 3672 639 1134 6372 2691 2376 4446 6201 2574 2025 3339 2016 1035 4050 4464 4788 5337 2889 774 4464 3222 2439 4509 4140 1467 6921 2349 4005 3393 3087 4158 5724 1467 2727 6741 4419 4158 1836 4896 6102 2538 4482 3393 2520 2628 4374 2673 4059 4131 6381 2655 1962 5481 4545 4329 1773 1944 1692 3942 3330 5697 1017 4644 5463 936 5580 2340 3987 5067 2331 837 1971 5193 1962 1944 4698 2061 5238 3330 1674 2880 6093 3393 774 4266 3204 5175 3024 1881 3132 3366 2106 1872 4077 4338 3519 2907 5319 5904 6201 5310 720 5211 1368 945 2385 1323 819 3996 5292 5328 2502 4545 4581 2538 5184 4248 5121 1017 4059 2421 3762 3609 3717 2160 4050 2196 3654 3645 1431 4482 2907 2610 4536 5085 5157 333 2655 2529 1989 2016 2934 5427 3924 2826 2277 3825 1566 945 1728 1683 1665 2115 2844 1296 4536 4104 4167 5688 4356 3861 2430 963 5940 1422 5643 3780 4545 2889 1476 378 5688 4059 738 4473 4023 5292 4464 4833 2637 3780 1521 1026 1161 1242 5292 3276 1260 3699 3834 3006 5481 4806 2088 2997 2745 3213 3123 4653 3717 2151 2718 2556 2619 2115 1800 4158 1737 5724 3357 6507 4923 2628 6273 639 2727 4149 387 2052 378 5526 711 2484 3969 3699 648 6570 2115 4167 2124 4626 4527 3285 3447 3933 2520 1827 3942 2601 5265 2934 1116 5121 4887 1710 3645 837 2736 2367 2790 5193 3276 5697 3645 3492 1611 2979 2097 3312 2241 1647 2052 315 1008 4644 4428 5004 621 4095 2601 1359 378 3285 4464 1827 2574 
3661 3675 2912 4648 2891 2709 3857 805 952 2842 1428 3241 1078 1309 1869 2793 2366 350 3570 1897 1862 1932 4711 1106 2849 1043 945 3682 1155 2947 4249 4186 2464 2044 1218 3066 1491 3073 749 3346 2604 1232 3402 3948 1904 4368 4858 3318 2436 3129 2849 5593 2982 3962 4522 651 4445 4095 3458 3164 4445 2618 3290 3367 3801 1939 4130 609 3913 1554 987 1295 4095 784 2240 3864 4291 147 3346 3521 3234 3857 1001 3598 1841 2296 4571 5033 1491 5271 2730 3220 2835 2366 966 4473 4494 3549 3353 4480 2828 5180 3297 2520 1939 3185 4179 2919 3969 3899 3647 2107 833 3843 777 1386 1596 3934 4088 504 2149 1505 1848 1505 427 2520 3430 4753 4501 4298 854 4361 2464 1617 2191 4144 2758 4424 3619 2821 3619 3178 3122 2926 3220 3346 4767 2548 2324 4935 4004 3836 2436 3381 3318 3311 2135 1470 4872 2205 3129 3801 4417 4256 2282 2016 4592 1470 1484 826 1428 4921 1834 4263 728 3472 3430 1687 2800 3556 3990 3899 4865 4571 3150 2534 3549 2065 2800 4648 3836 588 2569 2961 3171 1358 1442 1113 3136 4732 1057 3521 4158 2156 1197 4060 4263 2912 2247 2583 2317 4424 2485 4466 4942 2205 4032 882 4669 630 336 1946 4564 4193 3185 2415 2226 2464 2667 1078 1722 3199 3402 1701 1757 2702 2352 5719 1337 2163 707 2156 3318 1386 917 770 364 2653 3164 1897 889 2170 231 3444 1827 1491 3556 3451 3423 1421 2534 4298 2583 1050 1694 1939 1624 4081 840 1148 3269 3066 2135 3605 2464 3892 3710 3255 3164 3521 2828 5313 4123 812 3178 917 3227 4116 2184 1785 2184 4340 4179 2898 2891 3997 5285 2219 1162 1162 4459 882 1372 2401 5047 3591 2884 3276 2191 1778 1463 2352 4921 469 2366 2030 1484 1799 385 1673 1099 4025 5803 3108 2142 2058 4424 2149 3906 3766 4816 1449 4564 4767 4718 1239 644 4060 2954 3157 693 2429 1708 2891 2331 2072 2100 5313 2394 2093 4473 3738 1883 2366 4375 4599 2632 2373 4613 3612 3248 5117 4200 1491 392 2968 2933 1596 2226 4249 1967 1967 763 2807 3717 2674 3969 700 3766 1645 1225 1071 2786 4165 1323 2317 2828 3143 4760 854 1414 2464 1400 3185 2170 2443 1092 5537 2275 2254 
3325 1687 3941 2667 3598 1176 1743 2212 1183 1148 2786 1204 3031 2338 2905 3003 1456 1988 2114 371 392 2044 2632 2114 2807 1162 1673 2114 2366 1288 2842 2863 2261 623 896 3311 2744 1533 2646 2170 1715 1694 1288 2282 2023 2513 3031 1757 1792 1323 770 3976 3409 2009 2464 2121 2331 1988 1694 1862 2338 1127 1869 2149 1848 2961 3024 2387 2149 1309 1505 2394 2100 2373 553 1771 2485 2093 3052 2184 1988 2737 1939 2135 273 2268 2919 3521 1141 3759 2625 1428 3745 3262 1512 2569 3388 3437 2807 2590 3129 3738 2093 812 994 1687 2401 1078 2359 2877 1827 2352 2338 2142 2863 1302 1330 1827 2597 2058 154 672 1722 2639 1967 2639 2702 2877 3283 3171 2632 2625 567 2723 280 3346 1799 2415 1547 1407 1897 1225 2464 1176 1162 1638 2730 903 2968 3206 2639 1729 378 1393 1239 2135 1176 3003 3094 1232 1106 2702 2303 2534 3493 1400 2919 707 651 2793 700 3080 1162 2688 1456 2079 1946 1687 1057 2324 2989 3129 3052 2926 2135 1645 1540 2485 2968 2576 2366 2667 1708 1225 2940 1155 3199 2023 1645 2653 2079 1806 2317 1022 2870 2464 2429 2912 1071 469 1946 2870 3297 2877 3556 714 3227 2996 2646 2695 1988 2401 2597 2562 1806 1778 2044 1365 2905 2457 2289 2576 1288 2653 2639 3731 1295 4074 826 2051 2471 1988 2583 1435 2303 1722 2478 651 1561 1043 1799 546 2268 3430 1519 3108 1827 1449 1687 3248 2079 2912 707 1764 2793 175 3150 2023 1281 1162 1155 3437 2492 3661 1162 3381 2324 1337 2093 1491 924 3633 2275 2478 1071 1344 3059 2394 2842 3374 658 2226 2562 3318 2548 2219 3661 1743 2100 1589 2373 2800 2359 3612 3430 3486 3059 3220 2744 2555 770 1386 3276 2569 259 2548 2184 735 2226 3171 2954 2212 4179 994 3206 203 3276 301 2653 2660 2891 1288 2548 3234 2919 3101 1589 2576 2821 1267 2268 2408 2821 2541 2331 2177 392 3780 553 2023 2863 2373 1162 791 2261 2527 518 385 2702 1939 3654 3444 2786 3129 1764 1974 1673 2184 1015 2317 1841 210 1708 3927 1855 560 2212 2786 1743 1218 903 2163 665 3038 1722 812 2401 3108 2688 2534 2597 2590 1463 1358 2793 2023 1120 3843 3129 392 
3830 3480 4010 4840 3610 3160 3930 2590 760 2220 2300 3390 3410 3100 2490 2960 3160 1480 4530 1690 1660 3340 5380 2730 2820 1380 760 4590 1710 3400 4220 4140 3930 2130 990 3400 2240 3710 2280 4460 1920 750 3440 4870 1460 4400 5090 2870 1760 2650 2760 6120 3450 4550 4740 1490 4830 4410 3090 2660 4740 3060 2830 4450 3650 4110 4130 2590 4710 2300 1920 1740 4660 1820 1480 4140 5220 1740 3390 3170 4230 3720 1110 4570 1370 1960 4660 5330 2040 5670 2590 2780 3760 3050 1900 5350 4650 3830 3240 4560 3100 5550 2870 1820 900 2680 5080 3180 4970 3810 3370 1920 1740 4690 2730 260 2360 4000 5260 2180 1600 750 1130 2090 2010 2450 3250 5790 4630 4360 2980 5390 1840 2220 1980 4280 2140 4560 3850 3440 4330 2790 2820 3290 2940 2930 5060 2800 2690 6230 3870 3880 2210 3080 3420 4410 1180 2630 6080 2830 3260 3640 4800 5260 3320 2820 4690 730 850 3040 850 5170 2430 5430 850 3100 4300 2810 3100 3240 3960 3920 5090 4660 4310 1820 3880 3820 2930 5300 3610 2710 3530 2400 3170 70 3850 1220 2610 5070 1310 4200 4100 1210 2480 5110 4240 2950 2720 2250 3550 4450 3130 4510 5220 1360 4110 3040 4910 2490 1490 3660 5380 5270 4030 1730 3560 1650 2790 1860 1670 2950 3430 3680 3710 3710 3000 6300 640 3520 2740 3460 3080 2270 1660 1990 2330 2610 2660 2380 950 2190 2180 3750 2760 2790 3220 3740 4030 3850 2020 4290 1970 850 2320 1480 3990 4120 930 290 3220 3520 2080 4050 1650 4060 3440 2870 2710 3800 2980 5710 4910 2820 3150 570 3300 5060 2500 4270 2300 4590 4100 3320 2660 4820 5680 1500 2760 2220 5010 3100 3170 3500 5340 3900 3060 3460 2390 3660 1470 1510 5160 2540 1930 3850 3100 800 1770 2860 2660 3900 6420 3010 2930 1450 4540 1490 3760 3590 5050 320 5300 4940 5830 3600 940 5230 2910 2730 2550 2190 2360 2650 3900 1720 1370 5730 2380 1600 5700 3480 2480 1570 4660 4880 2340 2200 4760 3290 3830 5440 4140 3850 1310 2440 3760 3190 1310 4260 1340 1370 910 3980 4320 2380 4810 2630 3640 520 1080 1430 2500 4170 800 1490 2510 3270 5090 2910 3400 2370 2310 2740 2430 1900 1410 6040 2870 1590 
966 1728 2634 2058 2136 3150 2334 3534 2430 1320 2538 2718 3954 3828 2262 1446 3444 2742 3852 2478 2478 3846 3360 3612 1146 2748 2214 3786 2376 3162 828 696 4104 2736 2460 1554 2442 3390 3006 4002 822 1980 2496 3840 1494 1626 1806 942 936 1368 2442 1974 1776 3324 2286 2592 2802 2802 1242 648 2580 3126 738 3972 1680 4428 516 3510 3654 3186 3090 2286 3276 2676 1722 2778 3852 2922 894 540 3840 312 2238 3864 2244 1248 1332 1452 3018 1638 1074 1332 2418 2226 3084 3762 822 1224 552 1746 1560 1506 444 1530 1530 894 3810 2916 3942 312 1356 1500 2610 3714 3360 1860 3216 2298 4194 3282 2064 2136 1452 2316 3174 1326 318 4020 852 654 3744 4014 1764 2310 2430 672 702 2058 2766 3348 3528 1638 444 3042 1896 1170 2328 2916 1896 4446 654 2286 2370 1698 2634 3972 1320 2778 4302 3252 2712 264 2826 3966 2622 3372 1380 2148 2208 3738 2256 1860 3144 4212 2478 648 3720 3516 2976 378 396 498 1776 1326 4008 888 2958 4182 1392 3348 744 3498 3666 1326 942 1932 4260 2184 906 2520 2262 3474 1518 1392 2862 4026 1530 1200 3120 2172 3846 1104 2148 1188 1284 1596 570 3606 2214 3234 2748 4092 3672 4074 3660 954 3906 1068 1464 2514 1824 468 2460 4170 4182 2538 3312 2100 2208 3900 3600 3852 318 3222 2514 3168 3246 2538 1056 3060 2286 2664 3228 1326 3426 2898 1182 2904 3378 4248 894 828 1680 2142 2304 2232 4368 2100 2532 2148 2376 1728 1590 1506 1206 834 606 1560 402 2874 2778 1842 3642 3660 2442 2310 1032 3870 1890 4530 2760 2544 1086 1740 816 3696 1758 1128 3624 3252 3168 3786 3870 2676 1578 1260 1410 1206 1776 4140 2628 1104 1542 3390 2118 4218 3804 1782 2850 2790 3078 1392 2142 2352 2370 2046 768 1944 480 246 1992 1812 3504 1290 4158 4092 2496 4188 1044 1518 3504 1212 2328 804 4140 1410 1878 1686 2622 1314 4302 582 3156 1518 2598 2412 2214 2442 1866 1074 1854 1698 810 4278 2718 528 3588 3840 1374 1764 1368 2094 2370 2730 3360 2190 3714 3318 1860 1662 2508 2298 2166 546 1908 1506 756 1200 2460 3708 4020 1338 3252 1404 1854 966 2748 2034 2136 1866 
5704 2480 6720 3104 6296 1256 1760 4032 3416 2848 5368 960 5072 3856 5536 5560 1912 4304 920 2240 2272 3000 1448 3744 5280 3128 4088 696 4888 968 4384 4504 2744 1992 3032 5896 5336 936 5072 1448 3896 4144 1264 576 4504 3336 3832 3344 4080 2752 1424 5112 6048 384 2600 4536 1768 1304 3000 3712 2072 1360 3592 1368 2648 4264 4872 4368 296 2688 3288 4936 632 4832 2640 1104 624 4352 5440 3920 1312 4600 4408 920 2456 4736 4088 4848 2664 5064 5072 2816 6488 5944 3304 792 5224 5912 5072 3312 5712 5160 3976 2696 3288 3376 528 1016 736 4824 2968 4872 4808 416 5216 3704 2656 1888 1088 4032 2312 2952 4152 5224 3984 5152 4872 1104 5008 4992 4568 800 2424 5328 1960 5432 3920 2792 944 1224 344 2392 4680 976 2048 3056 2904 1408 5600 1448 4256 1816 1784 2360 1056 1432 3432 5600 1320 1952 1008 4584 1688 712 6208 2280 4048 2984 2896 4856 2928 3848 2336 1048 3736 3776 872 2848 1128 4136 4936 5240 3888 4096 1688 3832 632 3448 5512 1360 3920 4840 1904 2816 5360 3536 5064 4512 3360 2576 4568 408 3224 3240 5416 824 3336 5400 1808 1864 2488 4216 5976 4160 5056 2848 5312 5280 2912 5040 4296 3432 944 864 1088 4072 2712 3496 5464 4976 4832 4808 1312 3992 3928 6488 1808 5160 3096 2776 4432 2712 4752 2920 4784 3584 4720 1464 3168 2208 4224 1864 4416 5944 2568 5712 3136 704 456 5160 4416 4472 2464 4208 5400 2360 4824 2320 3472 3496 1408 6064 5040 6216 3224 5656 3976 2512 4088 744 1160 4688 384 4368 1312 3664 5496 576 5456 5080 1832 1984 3864 5944 4912 352 4800 4096 3688 3200 1296 4816 3840 6344 4600 5968 5608 5712 5336 3792 2664 3584 4408 4760 2080 3568 3544 3040 4568 5800 5456 3248 5296 1440 5888 2424 5064 2448 4392 4552 3456 3696 1072 4552 1120 5056 3896 1088 5264 2552 4176 4880 5440 4904 2984 4664 2576 5048 1656 4472 1160 4032 2272 2824 1952 2528 1792 1784 3336 3312 6312 4520 4320 4896 4016 4040 1336 3456 3192 2984 4272 2456 4096 6712 96 1792 368 5120 2368 3600 2992 4664 1768 4864 4184 2888 4736 5600 2696 4424 4136 5104 2920 2712 5400 4376 3072 4832 5792 2448 
3942 3282 3486 4116 3450 1854 3252 330 1212 2724 2220 2532 1038 186 2586 3288 1386 1236 2430 1524 1500 738 3756 42 3282 912 1602 2562 1956 2076 4116 4092 1194 1482 1212 3534 2268 2100 1602 2142 2814 1842 2766 2814 2436 3972 4422 3216 2736 2928 2286 5184 3492 3012 3918 1518 3672 3318 3240 3186 3744 1782 3252 2172 3414 786 4128 630 2844 804 564 2070 3162 1662 2148 3102 3162 1104 3672 3492 2082 3876 1752 2448 1632 2778 4278 4752 888 4956 3162 3018 3414 3006 564 3384 4446 3894 3612 4044 3336 4914 3342 2418 2124 3126 3066 2154 2796 3948 3372 2664 1698 2754 1470 1812 816 3336 2838 558 1920 1548 2310 2268 630 3018 3624 3582 4416 4266 678 3186 2280 2364 1764 4242 2934 3894 2874 1878 2592 2874 3366 2112 2820 3168 4152 1818 2940 3636 3912 3246 1980 3024 2634 2118 2328 2244 3618 1332 2430 3834 3636 3084 2952 1086 4284 1530 1488 930 1428 4464 1056 3012 1224 3432 2334 672 2016 3564 4038 4032 4434 4278 1938 2748 2730 780 3282 3696 3720 1050 1482 2808 3528 1716 1002 1860 3084 4056 1830 2514 3804 2286 2010 2868 3900 3348 1446 2190 1146 4200 3102 4218 4728 2196 4140 1380 4092 1404 1224 684 3504 2988 2112 2712 1020 2604 3174 1908 2376 3450 2778 528 558 3306 1440 5274 1446 960 624 972 3522 636 1758 480 1116 2082 3060 1170 1608 1620 882 3822 870 2256 3342 2664 2454 1074 2880 4164 2394 1728 2436 1698 882 3546 1116 1500 2688 3558 2712 3978 2532 4098 3642 2964 3276 2736 2130 4908 3060 540 2580 1368 3594 2976 2820 1080 1578 3648 3954 3420 3246 2916 4914 2574 30 468 3564 882 228 3048 4710 3930 3360 3660 2808 552 1170 2544 4584 1050 2046 750 282 1902 1326 2424 1890 3708 5364 2550 2826 1872 4374 1980 3870 3804 4308 1854 3564 4506 3498 1002 1260 2814 3354 2898 468 2904 2448 3246 1050 2598 1986 4980 1824 2574 3204 3678 1098 2328 3666 3954 2208 1896 4146 3426 3726 4740 4062 894 1098 3120 1884 384 2328 3816 2436 1794 1464 3396 2754 2250 2886 1416 3324 1986 1170 1860 2346 4146 1920 2304 3168 3546 4098 564 396 2970 624 2964 2796 2808 924 5088 2922 2088 
980 2635 700 3110 305 3115 3060 2515 1865 2025 1030 3075 2565 2860 675 290 3145 1705 3800 2390 2375 3155 3910 2690 540 2195 1415 3805 1125 3215 2185 2070 3490 2620 2050 310 950 3385 1610 3790 1340 1250 3000 3925 850 2775 2980 2005 1170 2200 2765 3110 185 3655 3225 1475 3510 3410 2260 1720 3385 3070 1860 3785 2650 3325 1835 2370 3815 2685 2400 1020 3675 1415 2005 3320 4045 1835 840 1835 3670 1740 1265 3815 2200 705 2605 2680 2565 2815 615 2220 520 430 2390 4055 1995 775 1065 2875 200 2685 1655 2010 1595 1910 3990 3065 3985 1660 2400 615 1365 3825 1910 1435 2720 3060 4150 2285 2220 1925 1065 895 2210 460 1245 4285 2110 1925 2525 4155 2155 830 2485 1575 1390 3060 3235 3265 3650 2395 1130 3140 2575 2165 3310 2925 285 4565 2040 3025 2550 2515 3050 3765 1515 1160 4470 2980 3025 1705 3520 4095 765 2970 2640 1915 1980 2420 1990 3025 2775 4220 1755 1885 3680 2910 3055 1750 1685 1440 2955 2595 3720 1355 3315 3345 335 3880 2070 2185 3335 2090 740 1550 2885 1175 1890 3425 1200 3590 2655 1635 1330 4060 2685 495 2925 2490 3320 2415 335 2480 2500 1875 1525 2135 3220 1850 1715 3255 4035 4130 3560 1170 3305 1535 285 1200 760 1105 2980 3150 3185 620 3070 3215 1890 3280 2435 3255 1230 2640 1295 2350 1990 2745 2010 2755 1390 2630 2090 650 2920 1245 2260 3250 3500 2840 985 2180 2150 1310 790 2235 3080 2990 1905 1670 2880 250 525 695 1700 1225 1945 2380 1510 3260 2955 3020 3880 2520 2890 1680 700 3995 380 3165 2690 3330 2370 130 825 3870 2945 1110 2720 2560 3725 2480 2905 780 2805 785 325 615 385 3185 2300 1455 2780 2115 2355 3335 2935 1770 1680 1095 1530 2540 3240 2810 615 2155 2015 2125 1895 1695 3105 1420 3950 2565 4345 2715 1695 4140 625 2310 2435 630 795 835 3450 740 2045 2865 2690 855 4340 1940 2800 1910 3375 3325 2535 2570 2980 2210 380 2910 2170 2960 1810 1425 3435 3005 1670 2835 980 2150 1515 780 3595 2535 3865 1905 2750 1430 2095 1180 2570 1870 1195 1865 910 555 3390 2545 2950 480 2655 2250 395 980 2220 3180 410 2120 
2485 2184 2849 3115 2506 2219 2541 2100 798 1281 1771 2261 2681 2436 1827 1967 2303 1330 3178 1204 1183 2534 3605 2177 1827 1190 777 3192 1379 2359 2653 2604 2919 1526 875 2282 1715 2590 1862 3171 1064 665 2247 3374 945 2793 3269 1708 980 1582 1813 3983 2345 3080 3066 1302 3178 2912 1876 1561 3094 2156 1680 3157 2289 3136 2604 2107 3241 1785 1582 1372 3143 1512 826 2730 3577 1512 2184 1925 2996 2317 987 3199 931 1246 2961 3430 1596 3675 1652 1666 2653 2170 1575 3640 2975 2513 2037 2912 2079 3591 1715 1022 343 1575 3493 2170 3451 2394 2079 1274 1456 3234 2191 273 1827 2583 3675 1820 1008 574 658 1596 1694 1603 2023 3955 2954 2765 2380 3717 1078 1666 1344 2737 1211 2926 2548 2429 2989 1708 1729 2268 1834 1757 3283 1953 1876 4298 2415 2499 1463 1911 2261 3136 525 2023 4186 2065 2177 2261 3164 3626 2415 2100 2982 574 658 2429 693 3332 1827 3780 896 1869 3010 2156 2142 1974 2492 2492 3269 2961 3087 987 2604 2898 1939 3549 2226 2191 2569 1400 2037 245 2989 1029 1526 3311 1106 2898 2583 553 1946 3549 2681 1925 1967 1442 2639 2814 2205 2856 3360 707 2618 2415 3171 2023 1330 2786 3654 3654 2842 959 2667 861 1862 1498 1197 1827 2233 2835 2856 2639 2177 4109 588 2646 2212 2597 1904 1785 1386 1659 1925 1743 1568 1771 910 1533 1827 2478 2100 2142 1967 2506 2779 2996 1197 2702 1148 805 1729 994 3080 2646 924 483 2093 2387 1407 2695 861 2618 2107 1750 1610 2534 2023 3703 3360 2268 2058 700 2135 3486 1750 3276 1624 2996 2569 2261 1666 3318 3675 826 2198 1785 3339 2471 2485 2534 3437 2562 2030 2268 1652 2807 1155 763 3311 2072 1225 2919 2415 371 1519 2163 2100 2443 4193 1953 2128 903 2891 896 2338 2226 3255 231 3570 3164 4004 2821 959 3654 1869 1652 2079 1393 1764 1659 2912 1113 798 3710 1631 987 3955 2142 1855 847 3045 3171 1505 1477 3052 2009 2611 3507 2604 2989 1218 1428 2667 2471 630 2709 798 875 910 2842 2947 1519 3311 2121 2303 140 931 1183 1596 2632 665 784 1540 2142 3311 2331 2653 1554 1813 1645 1701 1120 1197 3927 2037 938 
5175 1242 7191 1071 6543 3222 792 5841 4500 2412 6201 2007 6930 5904 6129 5535 4059 5508 3510 3411 3456 5229 1458 5661 5121 4518 4932 3276 5715 2970 3006 3204 5193 3447 4176 5832 6102 3204 6300 4041 3573 4806 1557 3105 4752 1530 1926 2421 3906 2052 2241 3357 6102 2097 468 5589 594 1017 1944 2943 180 3285 2709 3960 1233 6606 3744 6093 2781 4491 4923 5688 1854 5886 2916 1278 2790 5670 5013 2916 3843 3546 5220 3510 3375 4770 2421 3213 4338 3402 4914 1998 6885 6390 4932 2439 4005 5535 4509 1440 5724 3564 3150 2637 3546 2565 2808 2655 3285 3816 1719 5058 5814 2952 6651 4293 4491 675 3672 5670 2961 3789 4401 5931 5553 5157 4185 2727 3699 3807 6408 3051 2592 6003 3033 4500 3492 783 1584 3402 2844 1764 4140 2817 1602 2097 774 3087 5904 3456 2988 801 2709 1521 1818 4014 3501 6534 3213 3924 2142 3564 675 3051 6858 4302 2349 3843 3807 6624 3888 1926 4158 3546 4824 2772 3402 4878 2871 3159 3906 4392 1998 2430 4257 3564 1953 5805 5463 1485 2682 6453 4212 2268 5004 4203 7119 5265 2592 432 5373 2862 1557 3330 6453 3357 1611 5238 3681 2430 4815 2673 6354 2565 3528 3033 4401 6858 801 6426 5508 5733 2187 3339 3546 3906 5031 3294 5490 5877 5274 4266 1530 6228 6183 6975 3852 3375 4014 5085 6201 4995 4104 4716 5724 5220 6192 2565 2376 3978 5103 3240 5940 5661 4581 6696 1980 1989 2799 7182 4221 3096 2475 4977 6057 3249 7002 612 4644 4347 1638 6075 5265 5949 3051 4968 2853 1746 3384 1863 2592 2889 2547 6201 1818 4635 5166 2997 5796 7290 3321 261 2358 6012 4599 2772 3042 4077 5625 4977 1287 6624 5913 6984 2871 5598 5544 5427 5625 6048 3996 3465 2664 6318 2691 5922 5643 3528 5796 6696 6642 1692 3537 1845 6453 3078 3816 2970 3231 3537 1458 4248 1854 2934 3042 7002 4977 3690 5031 1881 5940 4860 6102 4581 5400 4824 3042 3366 2943 4590 3546 2898 4122 2862 297 351 2385 2826 1386 2124 6318 2736 2952 7002 5247 3465 3699 5589 3231 1170 4446 3195 5058 7263 2439 2322 2826 6552 1044 4023 4185 5472 2178 3708 4779 2943 4410 5364 549 6273 6246 5130 4743 1962 5724 4239 4464 3006 6219 2835 
4680 2456 5208 3504 4872 528 2216 2408 1744 2112 3744 1200 3440 2360 3976 4256 832 2616 1624 640 664 1736 2848 2176 4056 1432 2464 1680 3272 760 4024 4072 1824 304 1360 4608 3728 968 3384 1616 2840 2584 1536 1936 3096 3448 4040 2792 2920 2240 936 5208 4704 1912 3160 2864 2728 2248 2640 2976 2856 448 2960 1600 2656 2944 4296 2720 1856 1096 1624 3336 2088 3160 1504 1960 2288 2656 4360 3320 1416 3968 2792 1656 944 3416 4024 4744 1016 5008 3848 2352 5008 4440 1640 2488 4704 4792 4088 3504 4392 5016 3240 1768 1984 2736 2168 720 1992 4144 2744 3472 3144 1800 3512 2184 1088 2344 2208 2360 1048 1392 2768 3632 2304 3840 3968 2808 4568 4456 2944 2392 1456 3744 560 4696 2936 3184 1648 760 1528 2016 3696 720 1816 2608 3480 280 4144 3056 3808 2232 688 2160 1344 1576 2216 3952 2968 616 1064 3928 2672 2272 4632 912 4008 1416 1312 3208 1320 4080 776 2360 2064 3192 1440 1416 568 3496 4264 4448 4072 4024 1560 2760 1480 2256 4224 2768 3488 3160 1096 2168 4232 2000 3504 2904 2696 3296 2952 1416 3248 2048 3744 2112 3376 4176 400 1008 1472 4008 4504 4000 4824 1696 4560 3592 3416 3344 2608 2184 2592 2248 1232 2904 1624 2440 4136 3328 3336 3824 1560 2608 2576 4968 632 5304 1496 1656 2792 1576 3832 1320 3128 1920 3024 656 2568 616 2592 256 2720 4776 1144 4048 2792 1376 1296 3584 3240 4112 1592 2608 3824 896 3336 2680 1792 1896 1464 4744 3624 5040 2200 4736 3464 2160 3264 1472 664 4800 2080 2744 1304 2024 4360 2104 3992 3600 152 2728 3648 4600 3784 1952 4848 2848 2136 1584 2584 3184 2360 4776 4600 4856 4328 4536 3896 2448 976 2456 4408 3072 984 2352 2096 1656 2880 4168 3768 3168 5432 1296 4336 1104 4568 1216 3848 3888 3800 2192 2624 4416 2776 3456 2224 2184 4080 2112 2536 3584 3864 3768 1960 3288 1320 5016 344 3128 2584 3520 736 1776 2744 3176 992 568 3600 2952 4992 4592 3960 3368 2320 3128 1040 2048 2040 3168 2912 1072 2448 5176 1616 1048 1928 3424 2464 2176 1320 3040 1152 4304 2640 1800 3616 4408 3376 2808 2656 3784 1336 2256 3936 3168 1376 5016 4296 1312 
4984 3934 4543 4893 4487 2030 3815 861 1771 3381 3066 2905 1575 399 3479 4263 1414 1911 2569 1890 1869 490 4277 525 4235 1351 2296 2744 2751 2282 5040 5026 966 1757 1687 4557 3115 2261 2352 2184 3598 2562 3213 3045 3248 4774 5299 3969 3528 3584 2688 6237 4515 3367 4620 2240 4256 3822 3955 3976 4375 1960 4039 2226 4102 707 5110 1197 3108 959 959 2877 3563 2415 2709 3570 3472 1764 4669 4333 2149 4809 2485 2590 2072 3640 5180 5761 1120 5999 4088 3689 4452 3976 973 3752 5481 4949 4571 4844 4326 5964 4179 3024 2772 3878 3360 2429 3003 4914 4095 3528 2450 2996 2184 2478 945 3920 3017 1127 2394 2072 3080 3115 1204 3934 4571 3969 5425 5264 1197 3472 2821 3227 2135 5285 3731 4620 3297 2009 2828 3486 4277 2352 3381 3885 4900 2051 3878 3969 4816 3815 2366 3647 3038 2163 3010 3101 3969 1421 2793 4767 4200 3360 3920 1113 5180 2051 1988 1498 1925 5341 1190 3227 1834 4249 2478 630 2261 4431 5019 5040 5320 5180 1932 3521 3101 434 4256 4200 4571 1680 1463 3465 4508 2345 1407 2611 3829 4753 2583 2744 4578 2940 2821 3080 4697 4312 1589 2632 987 5110 4081 5124 5761 2793 5166 2058 4837 2114 1897 315 3913 3220 2219 3507 819 3325 4137 2695 3206 4375 3234 413 378 4333 1519 6342 1981 742 1169 777 4452 833 2520 973 1778 2436 3780 1330 2310 1918 1505 4872 875 3108 4081 3024 2681 1512 3724 5103 2961 2443 3304 2135 1141 4193 1673 2107 3150 4592 3598 5061 3213 5152 4494 3598 4116 3115 2436 5901 3374 1057 3010 1988 4592 3241 3738 1358 1848 4263 4816 4431 4165 3192 5922 3353 469 756 4067 1428 343 4032 5691 4998 4347 4683 3717 287 1540 3269 5537 1687 2499 406 147 2492 2023 3304 2681 4487 6440 2996 3766 2359 5383 2492 4788 4725 5131 2527 4011 5474 3843 1477 1897 2989 4312 3535 1015 3787 3325 4165 777 3437 2513 6027 2135 3395 3451 4536 1225 2933 4277 4648 2646 2268 4949 4193 4788 5712 4984 1232 1722 3941 1960 84 2982 4564 3220 2268 2142 4445 3052 2702 3150 2121 3969 2660 1631 2625 2807 5131 2653 2919 4060 4550 4816 1071 553 3878 805 3619 3710 3640 1351 6111 3878 2611 
6240 2720 7592 2896 7112 2440 1896 5208 4480 3440 6368 1800 6240 5048 6464 6296 3096 5392 1936 3304 3344 4184 680 4928 5976 4256 5096 1688 5888 2144 4560 4712 3896 3112 4104 6608 6312 2128 6160 2480 4552 5112 1832 1368 5352 3304 3664 3760 4784 3232 2304 4920 6800 912 2368 5592 1424 1272 3352 4192 1792 2536 4024 2408 2816 5448 5160 5536 1192 3864 4448 5920 784 5888 3472 1328 872 5464 6032 4304 2400 4936 5408 1920 3464 5504 4096 4816 3832 4984 5768 3256 7344 6824 4464 456 5440 6504 5616 3232 6456 5128 4432 3416 4136 3840 976 2112 1496 5176 3232 5688 5848 1352 6336 4648 3840 1968 1736 5192 3240 3952 5000 6192 5136 5912 5368 504 5192 5240 5744 1024 3200 6280 2984 5800 4536 2648 1464 2416 1488 2872 5240 2120 2552 3456 2584 2544 6440 1144 4496 1968 2752 2752 1784 2480 4216 6616 928 3136 1912 4936 1360 1104 7144 3464 4040 3992 3912 6024 3960 3656 3512 1528 4800 4152 1960 4040 2264 4520 5272 5648 3728 4104 2760 4504 1416 4616 6240 640 4184 5992 3072 3360 5976 4504 6248 5496 3840 2200 5568 1576 3280 4032 6456 1480 3360 6096 2992 2728 3656 4296 6840 4216 5088 3656 5696 6424 2648 6160 5392 4608 240 1384 2232 4784 3880 4192 6216 5992 5728 5368 1864 5176 5112 7368 2992 4928 4120 3952 5600 3888 5272 4096 5816 4744 5848 2456 3632 3376 5240 2960 5552 6576 3752 6736 3448 1528 1640 6344 5112 4640 3192 5200 6352 3360 6008 2320 4560 4512 2024 6800 5864 6840 3920 6128 4296 2952 4592 1480 2208 4504 872 5544 2032 4704 6120 1160 6312 6264 2952 1768 3992 6704 5560 1112 4656 4856 4872 4376 824 5992 5024 7272 4512 6560 6328 6344 6184 4968 3776 4312 4328 5904 2976 4744 4736 3952 5664 6808 6528 3360 5064 2152 6800 3352 5272 3344 4680 4912 3240 4632 336 4560 816 6240 4960 1760 5928 3032 5344 5632 6392 5544 4136 5480 3464 4944 2720 5272 1408 4344 3456 3584 1704 2224 2656 2784 3184 3608 7040 4384 4504 6080 5112 4592 2496 4640 3960 2960 5096 3416 5128 7608 1240 2632 1168 6248 2552 4504 4080 5656 2552 5136 5128 3656 5376 6256 2336 5600 5320 5864 4104 3176 6256 5088 4192 4600 6672 3304 
3414 768 4548 1170 4152 1566 156 3354 2526 1356 3768 756 4092 3372 3768 3516 2118 3210 1812 1740 1770 2904 900 3222 3258 2490 2868 1674 3426 1404 2184 2292 2874 1740 2286 3738 3708 1566 3756 2148 2190 2820 462 1596 2880 1332 1704 1548 2382 1170 930 2664 3894 954 816 3288 486 318 1242 1878 522 1608 1752 2094 864 3828 2610 3540 1380 2430 2742 3420 834 3498 1536 348 1470 3306 3264 1956 2010 2436 3078 1818 1746 2946 1914 2478 2334 2634 3108 1176 4350 3990 2748 1308 2838 3624 2946 1314 3636 2712 2052 1416 2010 1614 1458 1188 1722 2616 1158 3114 3456 1488 3966 2472 2424 246 1986 3258 1494 2064 2628 3606 3186 3234 2760 1548 2658 2682 3738 1638 1314 3660 1482 3078 2166 924 498 1686 1374 912 2676 1296 702 1320 1056 1476 3684 2004 2118 210 1266 798 630 2124 2022 3978 1854 2034 846 2436 468 1626 4266 2286 1878 2094 2064 3894 2112 1716 2202 1932 2754 1842 1728 2682 1332 2124 2688 2970 1740 1920 2274 2166 750 3288 3468 876 1878 3804 2226 1284 3234 2388 4200 3126 1620 870 3186 1374 1266 1890 3900 1776 1344 3342 1872 1110 2628 2022 3984 1974 2646 1650 3000 4086 1044 3822 3210 3246 1188 1788 1806 2382 2772 1944 3462 3522 3204 2766 444 3576 3552 4392 1986 2700 2208 2808 3606 2748 2688 2586 3408 2946 3642 1140 1458 2082 2982 1596 3456 3678 2478 4080 1314 762 1320 4248 2622 2250 1266 2922 3702 1662 4104 570 2610 2454 534 3888 3246 3882 1758 3324 1956 954 2178 684 1140 2346 1278 3594 642 2634 3342 1560 3600 4302 1644 426 1770 3828 2934 1392 2424 2466 3192 2766 690 3894 3378 4362 2280 3666 3528 3516 3492 3456 2130 2046 2136 3720 1302 3366 3192 1938 3408 4098 4002 1302 2802 678 4002 1578 2718 1524 2250 2412 1428 2442 1014 2262 1716 4134 2862 1992 3216 1026 3426 3030 3738 2916 3018 2952 1590 2622 1398 2796 1968 1992 2172 1554 438 798 1068 1332 1332 1440 4062 2220 2142 4110 3024 2190 1890 3156 1830 1068 2682 1650 2934 4578 1122 1032 1428 3900 654 2316 2286 3258 942 2598 2814 1614 2796 3450 936 3642 3600 3210 2598 1122 3552 2616 2448 2460 3876 1452 
3555 3470 2760 4175 2855 2415 3515 705 1560 2930 1775 2955 230 805 2130 2895 2020 1215 2885 2055 2030 1415 3990 860 2970 1450 1645 3000 1685 2600 3995 3950 1755 2070 1670 3070 1850 2620 1185 2625 2825 1845 3130 3210 2315 4010 4375 3300 2710 3120 2725 4940 2980 3375 4045 1380 3890 3605 3370 3210 3935 2355 3295 2655 3575 870 3920 590 3240 1525 1220 1790 3500 1390 2465 3430 3505 1060 3335 3470 2590 3720 1665 2900 2095 2590 4200 4545 1575 4720 2895 3195 2755 2465 1210 3690 4180 3455 3360 4080 2905 4660 3315 2685 2325 3210 3425 2650 3195 3755 3500 2440 1440 3165 905 1955 1540 3580 3215 820 2335 1935 2290 1895 900 2725 3420 3855 4185 4040 400 3520 2605 1965 2270 3930 2935 4000 3235 2435 3030 3120 3200 2625 3110 3300 4230 2370 2510 3890 3820 3505 2450 3260 3030 2610 2475 1705 3880 1980 2870 3685 3860 3440 2305 1775 4210 1910 1900 385 1850 4415 1745 3365 1455 3430 2810 1425 2540 3500 3820 3750 4380 4200 2450 2775 3135 1290 2910 3935 3685 610 2090 3010 3210 1915 105 1735 3175 4175 1685 2965 3865 2475 1505 3255 3940 3005 2070 2605 1775 4105 2565 4130 4490 2470 3850 705 4170 950 1205 1240 3790 3350 2620 2695 1655 2710 2810 1600 2150 3250 3135 865 925 2630 2070 5025 1820 1600 520 1625 3340 1385 1520 1050 820 2560 3180 1835 1600 2180 800 3370 1595 1665 3450 3070 2915 45 2780 4025 2700 1715 2010 2160 390 3725 1465 1750 3055 3050 2440 3465 2695 3735 3600 3185 3225 3135 2625 4730 3420 510 2970 1595 3240 3345 2420 390 2155 3850 3920 2930 3025 3300 4715 2555 895 1215 3825 340 830 2375 4545 3485 2965 3260 2445 1000 1735 2635 4450 695 2465 1220 1015 2190 1155 1830 1325 3775 5090 2940 2280 2285 4130 2365 3755 3660 4315 1995 3835 4355 3785 85 1420 3195 3050 3125 655 2685 2010 3025 1605 2430 2345 4745 2350 2460 3525 3625 1780 2585 3870 4085 2625 2390 4175 3500 3165 4590 3955 250 1230 3090 2435 1095 2520 3905 2375 2215 1515 2660 3165 2665 3270 900 3520 2135 1650 1675 2745 3945 1910 2555 2985 3165 4200 465 675 2690 1375 3160 2415 2715 1480 4890 2425 2450 
1584 2727 3285 3564 2592 4203 3546 4356 2727 1728 2853 3798 4932 4833 2493 1566 4518 3114 5355 3042 3033 4959 5094 4500 1152 3249 2331 5301 2574 4284 2124 1971 5418 3456 2835 1872 2700 4626 3501 5490 495 1980 3564 5445 1251 2970 3402 1566 450 1980 3294 3897 2133 4806 3762 2889 4329 4203 2025 1053 4077 4149 1305 5454 2736 5733 1773 4293 5202 3987 3753 2439 4779 3015 2007 4095 5562 3393 1242 1323 5247 1449 2349 5373 2673 945 2781 3123 3735 3411 945 1989 2961 2556 3744 5499 2223 1764 927 3150 1755 3231 981 1845 1503 1404 5472 3951 5580 1458 2277 1323 2916 5256 4041 1845 4032 3528 5922 3960 2502 2394 1179 2520 3807 1224 882 5904 2277 1980 4635 5778 2178 2520 3060 1809 486 3465 3987 4500 4950 2367 504 4122 2718 1863 3915 3843 2043 6480 1818 3474 3051 2547 3708 5436 1206 3204 6291 4221 3744 1377 4347 5688 3114 4338 2835 2403 2502 4617 2565 3483 3987 5994 2763 1377 5148 4473 3996 1224 1575 1485 3366 2772 5445 585 4203 5445 1485 5058 1764 4248 4860 1809 1143 1980 5409 2277 1368 4122 2385 4860 2745 1377 3312 5706 2808 1278 4041 2826 5040 2475 2475 2574 2907 1782 1656 4401 3753 3843 3132 5301 5418 5805 5004 477 5103 954 1521 2781 1773 639 3519 5346 5382 3087 4329 4077 2457 5085 4428 5013 729 4005 2772 3834 3870 3366 1593 3888 2430 3393 3861 1809 4374 3393 2025 4104 4707 5382 360 2151 2106 2223 2529 2682 5589 3357 2880 2304 3357 2106 1485 2115 1260 1674 1548 2304 720 4086 3735 3636 5247 4527 3411 2511 1296 5526 1998 5823 3528 3987 2313 2043 657 5274 3546 702 4527 4014 4770 4689 4896 3213 3249 1836 1566 1548 1818 5328 3150 909 3159 4095 2664 5481 4824 1899 3276 3258 3627 2529 4158 3267 2718 2439 2160 2313 1611 1332 3573 1773 5220 2835 6066 5148 2772 5913 1080 2196 4293 963 2565 639 5436 1152 2187 3483 3393 981 6174 1548 4014 1737 4068 3942 2898 3132 3348 1935 2358 3402 2070 5445 3105 531 4851 4896 1386 3060 1053 2484 2565 3384 4770 2880 5292 3978 2934 1575 2916 2448 2898 1827 1872 1683 450 1440 4059 4599 5103 1206 4050 2061 1935 459 3258 3933 2403 2241 
2682 906 3522 1752 3162 1266 1038 2430 1470 582 2676 888 3114 2544 2700 2574 1656 2136 1956 852 876 2262 1938 2358 2358 1518 1776 1902 2334 1266 1986 2022 2394 1002 1266 2820 2622 1494 2676 2112 1314 1728 792 1980 1842 1614 2064 1068 1452 642 552 2898 2946 1578 1596 2202 1572 1344 948 1248 1536 1254 1212 2076 1044 3078 2220 2568 1818 1650 1824 2334 1590 2406 444 1194 2064 2250 2478 1482 1950 1986 1986 1968 750 1968 1998 2526 1512 2724 2202 726 3336 2952 1830 2052 2520 2826 2214 1680 2694 2724 1458 414 936 1044 2004 1014 2076 2130 1044 2100 2364 1854 2898 1380 1668 1092 2310 2280 456 996 1578 2520 2196 2274 2076 2328 2400 2334 2784 2208 228 2580 660 2562 1338 1536 1068 1464 1656 510 1914 1140 468 924 1812 1044 2658 2682 1830 1014 516 654 846 2082 996 2886 2562 1488 846 1962 1560 2148 3204 1674 1986 1026 1008 2910 1068 2100 1500 2352 1686 1374 1818 1968 1080 1626 2220 2394 2082 1998 2130 1266 1170 2646 2538 1896 1584 2778 1848 600 2406 1296 3276 2034 1020 1770 2094 1596 1446 852 2808 2160 1548 2448 1332 282 2124 1974 2958 1974 2580 576 2466 3042 1740 2754 2136 2574 2028 2226 1758 1446 2226 1014 2508 2430 2142 2016 774 2808 2796 3354 1512 2976 1140 2244 2640 2184 1986 1770 2316 2004 2598 648 906 1386 1890 888 2436 2850 1806 2988 1068 1098 1500 3312 1704 2052 234 1824 2628 672 3240 1212 1566 1374 648 2952 2232 3054 810 2670 1572 612 1506 1098 876 2598 1860 2652 648 1560 2514 2034 2568 3432 978 1446 1704 2874 2076 1872 2622 1482 2340 1902 1710 2916 2562 3300 2430 2868 2604 2670 2466 2718 1200 1086 2292 2688 330 2706 2412 846 2334 3012 2910 1374 3066 552 2946 522 2406 444 1872 1932 1938 1350 1938 2280 2412 3186 1788 2304 2340 564 2472 2070 2658 2064 2478 1938 504 2736 774 1788 2466 1614 1488 522 1482 1656 318 600 1776 1176 3138 2436 1938 3216 1968 1440 1710 2400 804 1446 1650 606 1848 3540 1536 288 1878 2832 960 1230 1278 2166 282 2220 1728 570 1938 2592 1794 2700 2766 2244 1788 660 2520 1680 1488 2766 2832 366 
4959 3582 4923 4842 4680 1827 3582 1458 936 2772 3123 2610 2583 1593 3510 4185 1467 1710 2952 963 927 1485 4500 1314 4077 369 1782 3087 2610 2133 4896 4887 2007 1017 648 4581 3141 2295 2556 2727 3078 2043 2898 3420 2835 4626 5292 3528 3024 3060 2169 6462 4599 3465 4563 2061 4266 3762 3537 3537 4338 1710 3609 2745 3789 2439 4995 1755 3375 540 540 2727 3663 2376 1908 3447 3861 1710 4572 3987 2556 4617 2124 2988 1107 3303 5103 5832 324 6138 3861 3195 4734 4095 549 4113 5472 4977 4392 4734 4302 6084 3789 2313 1998 3402 3726 2124 3447 4752 3726 3240 2376 3285 2646 1764 594 3708 3618 1350 1548 1098 2547 3069 1269 3735 4347 4464 5391 5193 2043 3951 2088 3204 1341 5256 3240 4509 3114 1980 2997 2979 3987 2124 2898 3438 4914 1638 3852 4689 4608 3573 1665 3204 2736 2682 2313 3303 4608 1215 2457 4554 4212 3816 4194 1071 5103 1071 990 2304 909 5355 756 3834 1206 3879 2772 999 1953 4122 4887 4950 5319 5103 2520 2979 2970 1971 4167 4410 4302 2232 1773 2898 4383 1575 2727 2277 3339 4779 2295 2871 4365 2214 3024 3573 4509 4185 1242 1962 1674 4995 4194 5022 5823 2007 5103 2718 4806 2466 1701 1836 4239 3744 2466 2997 1674 2700 4032 2637 2934 4113 2907 2034 2034 4644 1404 6597 1017 1638 1845 1584 4194 531 2394 855 2088 1881 3285 801 1881 1206 1746 4905 963 3384 3699 2853 2745 2799 3312 4977 2259 1971 3312 1206 2646 3996 891 1305 2754 4671 3366 5175 2547 5139 4203 3114 3717 2952 2043 6039 3645 1827 2610 1278 4500 3636 3672 2934 1188 4194 4626 4482 3906 3483 6057 2835 1296 639 4185 2286 1629 4356 5751 5040 4284 4653 3600 1944 414 2646 5562 2133 1737 2016 1449 1629 1989 3564 2997 4230 6723 2547 3906 1476 5346 1647 4572 4509 5121 1818 4266 5463 4410 2637 1368 3591 4149 3015 1566 3501 3339 3897 1980 3078 1665 6174 1503 2970 4104 4257 819 2187 4230 4626 1998 1557 4878 3825 4950 5787 4824 2619 1377 3510 2151 1467 2259 4383 2736 1359 1674 4842 3132 2061 3447 2547 3654 1935 567 2385 2205 5022 2142 2169 3753 4482 4842 1899 1926 3663 567 3114 3627 3213 306 6309 3942 1800 
1218 1988 3241 2296 2653 3752 2709 4284 2989 1596 3150 3213 4788 4620 2828 1855 4123 3374 4543 2996 3003 4613 3885 4361 1505 3353 2758 4466 2961 3752 798 637 4907 3290 3010 1967 3031 4025 3689 4739 1120 2492 2933 4515 1932 1799 1967 1106 1267 1624 2905 2121 2233 3892 2590 3206 3227 3255 1435 819 2961 3731 882 4704 1918 5320 420 4263 4291 3843 3759 2849 3822 3311 2114 3241 4508 3584 1176 602 4550 175 2793 4564 2737 1645 1407 1512 3654 1722 1435 1568 2989 2772 3752 4389 784 1540 784 1925 1988 1568 581 1869 1932 1078 4466 3458 4641 210 1547 1939 3234 4368 4109 2338 3878 2653 4935 3990 2513 2625 1876 2891 3871 1729 518 4683 805 588 4536 4697 2142 2877 2926 721 973 2324 3241 3983 4151 1932 707 3612 2233 1365 2625 3486 2394 5194 616 2646 2849 1988 3101 4704 1687 3423 5026 3899 3206 126 3255 4648 3241 4046 1463 2646 2709 4536 2772 2030 3787 4942 3052 735 4396 4235 3542 413 322 574 1925 1400 4760 1190 3472 5019 1792 3878 770 4256 4375 1589 1253 2415 5138 2730 1099 2863 2821 4102 1680 1757 3528 4732 1687 1568 3738 2604 4599 1127 2681 1225 1309 1974 616 4389 2492 3955 3381 4914 4277 4788 4333 1288 4676 1379 1883 3122 2317 714 2891 5012 5026 3129 3962 2268 2723 4669 4368 4613 539 3899 3122 3850 3969 3031 1260 3689 2842 3206 3941 1673 4116 3570 1351 3416 3990 5131 1232 791 2037 2681 2877 2716 5257 2401 3108 2667 2793 2170 2044 1869 1526 1015 623 1834 588 3374 3304 1967 4270 4438 2884 2856 1351 4543 2387 5453 3318 2919 1141 2191 1127 4340 1876 1491 4375 3941 3668 4592 4669 3297 1666 1582 1813 1547 2254 4970 3192 1435 1631 4137 2555 5054 4578 2212 3500 3444 3780 1547 2317 2779 2947 2492 721 2366 399 112 2205 2282 4074 1330 4858 4949 3080 4928 1386 1792 4249 1596 2905 1120 4956 1834 2296 1785 3143 1715 5047 588 3794 1876 2989 2744 2646 2933 2065 1211 2310 1813 777 5159 3339 756 4270 4620 1729 1981 1778 2555 2940 3353 3948 2618 4361 4053 2142 2100 3066 2863 2583 455 2408 1862 1064 1547 2786 4494 4844 1743 3927 1652 2345 1316 3346 2191 2674 2275 
460 4670 2760 5340 1920 6420 5640 6010 4400 3680 3420 6010 6340 6640 2760 1050 6690 4430 7720 5060 5050 7010 7360 6280 870 5050 3670 7680 3430 6540 3180 2930 7590 5530 4650 910 3250 6900 4500 7840 2340 3270 5730 7840 2270 4620 4890 3320 2160 3920 5450 4890 1300 7120 5690 4040 6470 6400 3860 2750 6140 6350 2990 7810 4630 7620 2370 5810 7570 5960 5550 3230 7080 4020 4000 6300 7960 4730 430 2770 7580 2290 3500 7750 4660 1720 4080 4050 5690 4290 1080 3900 2420 2370 5530 7890 2590 170 990 4820 1130 4000 2490 3840 3330 3180 7870 6170 7990 2060 4090 1930 3910 7630 5120 3410 6020 5600 8370 5540 4530 4240 2540 3090 5380 1340 1370 8330 2870 2510 6160 8210 4210 3000 5140 1700 2310 5320 6210 6740 7290 4360 1410 6360 4780 3700 5780 6020 1960 8980 2960 5550 5160 4530 5910 7790 3040 3740 8770 6350 5950 2240 6500 8110 3040 6430 4160 4240 4370 6020 4420 4980 6040 8450 4300 2920 7490 6480 6210 2530 2060 1500 4830 4070 7770 2430 6460 7470 1000 7330 3150 5570 7070 3760 520 3620 6950 3340 3170 6090 3430 7190 4430 3270 4030 8130 4460 780 6180 4920 7190 3680 2180 3820 3650 3740 1640 5560 5600 4950 4450 7310 7780 8240 7310 2190 7220 2850 1210 3630 2490 1260 5680 7220 7280 2680 6500 5100 4250 7190 5960 7120 1430 5940 3750 5540 5150 5520 3430 5950 3700 5490 5270 310 6420 3920 3790 6350 7020 6890 1760 3150 4130 3480 2940 4690 7270 5330 4530 3940 5510 1170 1910 610 3190 950 2910 4270 2250 6330 5940 4780 7620 6100 5580 4080 370 7930 2070 7480 5640 6060 3710 1300 1090 7650 4610 2270 6320 5870 7020 6130 6720 3070 4360 250 920 290 1960 7250 5080 2770 4350 5400 4730 7490 6710 3760 4480 3650 4430 4220 5130 5420 2730 4440 2670 4320 2650 2240 5230 3350 7550 3890 8520 6620 4240 8350 760 4170 5890 1500 2960 1100 7570 2010 4180 4390 5520 2070 8650 2880 6070 3710 6150 5910 5010 5240 5020 3640 1280 4580 3180 7060 4550 2220 7120 6820 3290 4840 2330 4470 3920 2970 7090 4990 7670 5080 4890 3230 4740 3440 5010 2440 3140 3650 1300 460 6000 6170 6880 1420 5980 4000 2050 1850 5080 5080 2310 4250 
846 4032 2223 4761 1467 5373 4869 4878 3465 3051 2583 5094 5184 5454 2007 486 5580 3465 6570 4122 4113 5814 6426 5130 270 4050 2781 6543 2565 5499 2970 2763 6345 4554 3699 585 2421 5832 3528 6642 1800 2421 4878 6714 1530 4140 4455 2844 1575 3303 4572 4617 918 6111 5031 3105 5652 5535 3321 2322 5382 5310 2556 6624 4032 6336 2322 4707 6480 4887 4491 2376 6102 3096 3231 5418 6858 3726 531 2439 6417 2169 2619 6597 3762 1044 3753 3843 4644 4077 486 3312 1899 1728 4473 6822 2601 648 945 4311 621 3843 2142 3132 2583 2700 6768 5193 6840 2007 3546 1206 2997 6525 4086 2574 4941 4851 7173 4464 3690 3357 1791 2268 4311 675 1278 7227 2808 2475 5013 7074 3447 2196 4221 1854 1818 4716 5310 5670 6219 3699 1143 5346 4050 3159 5148 5022 1305 7785 2736 4797 4266 3870 5022 6597 2349 2880 7605 5274 5031 2106 5670 6975 2340 5328 3825 3357 3474 4887 3510 4536 4968 7263 3357 2547 6363 5337 5211 2250 2043 1602 4410 3744 6570 1863 5508 6219 423 6390 2826 4482 5922 3141 342 2772 5724 2484 2673 5391 2556 6120 3942 2556 3123 6966 3978 171 5130 4086 6003 3402 1575 3528 3510 2988 1764 4482 4977 3933 3483 6066 6741 7083 6183 1593 6021 2232 594 2745 1710 1062 4842 5985 6030 2106 5409 4806 3357 5985 4833 5931 1269 4851 2853 4473 4104 4599 2907 4896 2799 4527 4212 558 5301 3042 3294 5400 5967 5670 1206 2961 3402 2610 2151 3807 6012 4653 3573 3051 4671 846 1188 846 2547 1260 2610 3636 1890 5400 4977 4473 6552 4959 4725 3159 279 6813 1377 6201 4653 5301 3366 873 666 6570 4329 1611 5175 4779 6102 4986 5526 2385 4086 702 396 306 1260 6012 4104 2133 4041 4329 3888 6228 5526 2952 3510 2817 3483 3735 4851 4572 2025 3600 2637 3501 2457 2088 4716 2520 6552 3654 7371 5436 3294 7155 243 3528 4770 846 2169 684 6318 1287 3366 4167 4572 1368 7452 2592 5004 2997 5382 5220 4167 4329 4509 3168 1062 4275 2952 5823 3573 1800 6003 5625 2592 4284 1602 3618 3006 2385 6057 4149 6570 4050 4239 2439 3780 2565 4185 2385 2304 2934 864 135 5319 5022 5670 747 4887 3384 1350 1260 4077 4752 1647 3456 
3330 4077 2709 5247 2502 3798 4545 2358 1287 2889 1026 4095 2682 2961 1305 2223 3654 918 5022 2502 2466 3510 5886 2655 2286 1836 432 5094 495 4041 4347 4230 4131 2862 1692 2592 990 4293 1224 4887 2214 432 4140 5373 1098 4788 5355 3330 1926 3285 3528 6120 2520 5130 5220 594 5364 5013 3618 3006 5265 3699 3213 4896 4194 3825 4077 2160 5247 2727 2142 540 5238 729 2340 4761 5715 1188 2934 3438 4698 3744 90 5058 2250 1593 4878 5364 2538 5661 2142 3375 2529 1890 2124 5850 4527 3186 2979 4941 2286 5508 3114 2592 1692 3141 5589 3870 5445 3762 3888 1332 639 5211 1737 936 2781 4608 5688 1935 2484 1683 1134 882 1791 1863 3105 6237 4572 4284 2475 5859 2673 1008 2799 4014 2403 5022 4509 4032 4896 3474 2718 3960 3645 3456 5481 3501 1701 6615 4032 4500 3033 3735 4131 4842 1809 1323 6489 3375 3969 3672 5346 5733 2016 3276 4914 1656 1746 2376 1728 5436 2952 5859 999 3420 4824 3087 3789 3429 3870 3699 5346 4869 4716 2142 4536 3825 2232 5814 3870 1980 3978 3042 2709 1071 3204 72 3078 5535 135 4779 4518 1935 1224 5580 4635 2367 3330 3078 3852 4635 2007 4707 5193 2196 3870 2097 5337 1539 936 3672 5886 5724 4554 1899 3807 2169 2061 639 846 2799 4122 3483 3546 2439 3555 6291 1530 3753 2286 3708 2979 2601 513 2034 1602 3375 3186 2961 324 2943 1665 3051 3141 1476 3717 4410 4635 3159 1971 4392 2763 270 1107 2358 3465 4680 1305 1071 3942 2619 1368 3267 2295 3645 3681 3528 2907 4464 3708 5805 5445 2412 3879 945 2772 5553 1521 3663 3024 5139 4374 2412 2367 5355 5742 1629 2709 2439 5544 2466 3042 2178 5436 3240 2340 2835 1494 3546 2160 1998 5301 1827 2781 3807 3096 1737 990 1530 1449 4320 6381 3753 1701 2349 4464 2385 3870 3636 5391 981 5814 5049 6264 2916 873 5661 2421 3393 2241 1755 1143 2376 4041 1305 2268 5724 3150 1359 6111 3708 3006 2367 5202 5355 3150 3015 5130 3735 2871 5553 4293 3285 1071 2655 4275 3213 2034 4716 1242 2277 540 2646 4914 3186 5337 1674 4239 1215 1755 234 3294 4131 486 2286 2313 2664 5535 2475 3150 1791 2637 3366 1485 1854 1890 6102 1746 2466 
4941 4149 4482 5418 4338 2556 4248 864 846 3213 2610 3339 1890 1251 3087 4005 2097 1116 3645 1638 1593 1674 5229 927 3969 522 1476 3789 2142 2871 5238 5193 2322 1746 918 4383 2655 3015 1890 3357 3249 1818 3591 4131 2700 5148 5805 3924 3123 3546 2871 6885 4347 4203 5184 1521 4959 4473 4005 3834 5013 2439 3951 3384 4347 2160 5229 1053 4104 1053 333 2295 4401 1809 2367 4167 4590 1035 4536 4302 3204 4851 1746 3672 1674 3204 5535 6210 972 6525 3780 3681 4338 3708 315 4851 5706 4887 4437 5265 4086 6444 4059 2772 2232 3780 4446 2862 4158 4959 4221 3060 1827 4014 1926 1737 1107 4365 4302 630 2115 1422 2493 2619 540 3582 4464 5193 5661 5436 1368 4671 2601 2763 2025 5391 3438 5103 3834 2691 3726 3528 4077 2862 3501 3888 5526 2376 3546 5409 4932 4230 2349 3771 3447 3312 2529 2736 5337 1881 3186 4788 4914 4536 3708 1647 5544 1377 1350 1593 1260 5868 1404 4536 882 4212 3465 1287 2691 4401 5085 5067 5814 5535 3114 3150 3699 1998 3996 5139 4662 1494 2367 3357 4329 1593 2115 1908 3708 5427 1890 3600 4878 2484 2421 4275 5022 4068 1953 2601 2088 5391 3825 5427 6156 2403 5229 1980 5409 1755 1098 1845 4977 4446 3150 3096 2007 2952 3843 2124 2655 4194 3600 1773 1809 4212 2070 7029 1233 1944 1161 1908 4311 846 1881 252 1359 2592 3699 1503 1512 1935 1008 4788 1422 2790 4158 3582 3474 2160 3348 5310 2772 1665 2871 1791 2124 4617 693 1269 3447 4437 3150 5031 2862 5175 4527 3645 3942 3681 2772 6480 4383 1170 3303 1080 4428 4356 3357 2403 1926 4869 5040 4230 3897 4212 6480 2880 954 612 4914 1584 1323 3870 6174 4941 4113 4545 3321 1773 1053 2853 5994 1395 2349 1998 1287 1926 1350 2997 2349 4725 7155 3231 3465 2016 5598 2160 4860 4743 5679 1800 5004 5850 5130 1971 963 4275 4068 3537 909 3393 2889 3888 2214 2943 2142 6561 2232 2889 4806 4581 1476 2601 4905 5265 2655 2259 5427 4257 4698 6237 5166 2052 810 3708 2826 1395 2556 4941 2673 1890 1287 4383 3870 2718 4176 1827 4248 1998 882 1953 2862 5256 1935 2556 3771 4365 5472 1251 1530 3510 873 3609 3321 3231 576 6768 3564 2313 
1765 470 2935 880 2555 1920 980 2795 1895 525 2530 1420 3295 2945 2420 1980 2280 2355 2405 1580 1595 2775 1825 2775 1740 2040 1955 2325 2300 1880 780 840 2900 1735 1800 2135 2460 2070 2720 2595 935 1825 1185 2330 1655 595 930 240 1130 365 1270 1530 2295 1855 975 2325 1360 1375 105 530 1185 1925 395 2560 430 3415 1075 2860 2165 2250 2325 2255 1790 2460 1000 1370 2295 2480 1670 520 2460 915 2070 2415 1445 1600 775 1205 2125 1370 1635 290 2755 2510 2325 2190 1285 1960 1385 685 2085 1370 635 775 1160 340 2270 1665 2425 1065 155 1785 2415 2225 2975 1590 2265 940 2640 2630 1215 1525 1490 2360 2550 1790 1215 2400 1160 1145 3050 2435 905 2385 1450 1455 865 810 1395 2080 2090 515 1185 1775 710 150 1065 1755 2230 2770 680 940 1330 495 1325 2570 1055 2725 2650 2140 1435 915 1380 2405 2800 2295 775 1545 1565 3115 1615 970 2140 2635 2020 430 2305 2520 1745 660 1125 1360 930 775 2635 945 1575 3090 1940 1815 470 2965 2435 450 1665 1580 3480 2070 370 1175 2130 2060 445 1010 2725 2485 510 1810 2010 1125 2670 745 2475 745 1255 980 1385 3135 970 2850 2360 3030 2105 2515 2295 1135 2755 860 1965 2400 1960 1255 1155 3190 3190 2820 2155 1600 1630 2765 2930 2720 1165 2330 2350 2445 2780 1400 290 2050 2040 1640 2690 2030 2395 2825 15 1545 1990 3495 1275 835 810 1950 2405 1400 3495 780 1985 1720 1105 2275 1890 2190 795 1665 520 425 765 1505 1560 1290 2125 2955 1190 1885 1755 2335 2190 3650 1715 1150 520 2250 1450 2190 1300 1260 2775 2415 1670 3135 2970 2865 1135 1995 1980 1900 2090 3130 1830 960 1025 2880 1165 3135 2860 1260 2495 2790 2865 335 1675 1125 2575 1240 1185 1145 770 895 930 1550 1960 1000 2530 3380 2080 2640 1685 435 2810 1635 2430 1440 2965 1665 1135 1385 1540 1535 2690 550 2135 865 1195 1080 1140 1400 790 95 2405 1155 740 3455 2260 820 2285 2865 955 590 1490 1305 2060 2985 1920 1110 2210 2925 580 1405 1825 2180 1060 1065 1790 895 1350 1865 1140 3000 3125 1780 2350 350 2150 1295 2025 1445 2420 1060 
4790 980 6480 2310 5840 2290 1000 4710 3170 1230 5160 1220 5890 4850 5160 4810 3090 4290 3190 2020 2070 4250 2580 4550 4400 3210 3680 3040 4600 2160 3180 3300 4370 2160 2820 5190 5070 2530 5190 3580 2620 3580 820 3070 3690 2210 2950 1800 2920 1050 970 4450 5440 2210 1970 4400 1910 1580 1410 2260 1830 2310 2110 3510 1220 5690 3730 4970 2750 3310 3690 4590 2160 4740 1450 1400 3080 4470 4500 2520 3310 3370 4020 3210 1930 3830 3000 3930 3100 4250 4150 1130 6160 5540 3700 2970 4180 5090 4000 2280 5010 4300 2590 1240 2230 1840 3010 1730 3250 3650 1430 4090 4670 2860 5560 3010 3320 1090 3680 4490 1460 2390 3260 4890 4360 4330 3720 3410 3940 3890 5320 3340 1080 4980 1630 4410 2610 1920 1290 2580 2570 610 3520 1950 200 1450 2350 1990 5040 4080 2980 960 1290 650 1050 3530 2260 5520 3860 2860 1250 3350 1890 3270 6000 3230 2970 2440 2400 5550 2490 3010 3000 3690 3540 2330 2990 3800 1910 2790 3780 4170 3000 3010 3690 2560 1590 4900 4730 2520 2560 5350 3370 1160 4420 2880 6130 4100 1820 2230 4200 2510 1980 2030 5400 3380 2140 4550 2590 920 3920 3050 5540 3010 4100 1630 4260 5790 2240 5320 4290 4800 2870 3460 2980 2910 4130 2170 4710 4760 4220 3680 770 5260 5230 6210 2850 4560 2630 4170 5090 4070 3590 3530 4580 4010 5050 1290 1580 2800 3870 1940 4770 5160 3500 5690 1590 1500 2360 6190 3320 3290 990 3760 5060 1800 6040 1340 3330 3020 610 5430 4320 5500 1840 4700 2610 770 2750 1450 1540 3930 2730 5090 760 3330 4590 3110 4890 6360 2070 1680 2600 5320 3890 2820 4010 3020 4520 3790 2210 5550 4870 6150 3710 5160 4840 4870 4710 5080 2650 2330 3470 5200 1180 5010 4590 2120 4620 5720 5580 1910 4720 630 5560 1590 3980 1470 3120 3300 2660 2960 2660 3530 3610 5990 3710 3670 4350 810 4800 3980 5110 3870 4550 3820 1570 4250 1660 3560 3830 2680 2970 1480 1740 2050 900 1440 2410 1810 5730 3680 3100 6010 4000 2710 2980 4560 1940 1860 3360 1720 3810 6520 2260 820 2850 5450 990 2740 2830 4320 660 3720 3570 1570 3660 4760 2280 5180 5220 4280 3560 1010 4820 3300 3160 4180 5350 1340 
5384 3936 5144 5024 5000 1752 3776 1200 1736 3360 3472 2736 2184 888 3896 4648 1072 2136 2440 1632 1608 352 4312 832 4576 1216 2432 2624 3064 2040 5280 5280 912 1440 1544 4992 3512 2040 2768 2056 3712 2704 3096 2968 3456 4912 5504 4040 3672 3576 2488 6608 4984 3288 4704 2504 4280 3784 4000 4088 4416 1664 4136 2096 4128 1384 5400 1600 3024 560 864 3192 3504 2752 2600 3496 3440 2024 5032 4488 1976 5064 2696 2472 1864 3888 5400 6080 776 6352 4392 3696 5008 4448 888 3752 5824 5384 4880 4984 4736 6320 4328 2952 2752 3944 3312 2192 2936 5192 4144 3800 2776 2896 2672 2528 536 3904 2984 1384 2216 1952 3224 3488 1416 4256 4848 4008 5744 5576 1704 3456 2704 3616 1880 5648 3856 4712 3184 1744 2696 3440 4520 2112 3304 3928 5032 1760 4288 4056 5024 3784 2136 3616 2888 2024 3032 3568 4040 1040 2608 5008 4216 3328 4456 696 5400 1936 1848 2032 1784 5560 784 3224 1888 4376 2320 136 2000 4616 5312 5376 5536 5400 1792 3624 2960 784 4632 4224 4736 2152 1176 3448 4856 2360 2096 2840 3896 4856 2832 2592 4688 2936 3272 3032 4824 4672 1232 2448 752 5336 4552 5352 6096 2720 5512 2600 4960 2560 2120 680 3920 3184 2024 3640 632 3368 4504 3040 3480 4640 3120 1056 1016 4896 1168 6720 1880 568 1616 552 4712 504 2832 1032 2176 2200 3824 944 2480 1624 1840 5312 416 3608 4144 2872 2512 2200 3920 5352 2864 2600 3704 1928 1840 4224 1648 2104 3016 5056 3896 5544 3216 5544 4664 3576 4272 2984 2200 6216 3320 1512 2856 2024 4960 3184 4120 2104 1536 4288 4992 4880 4440 3120 6248 3496 760 608 4072 1968 864 4592 5984 5440 4736 5088 4080 896 1296 3320 5808 2120 2312 848 568 2416 2320 3800 3160 4592 6840 2848 4240 2184 5704 2336 5008 4968 5304 2576 4024 5752 3880 2128 2000 2952 4648 3504 1376 4064 3728 4440 816 3672 2384 6376 1864 3600 3472 4712 816 2872 4304 4736 2464 2024 5104 4280 5296 6000 5208 1920 1872 4088 1720 496 2968 4656 3392 2088 2288 5048 2928 2520 3072 2600 3968 2696 1480 2888 2648 5416 2808 2856 4312 4936 4928 1552 1152 4192 472 3616 4088 3824 1192 6448 4320 2472 
3285 1305 3935 1755 3665 670 890 2380 1910 1500 3115 320 3025 2305 3205 3200 1125 2480 730 1175 1200 1815 930 2215 3025 1765 2315 625 2815 490 2485 2555 1710 1050 1675 3410 3090 565 2960 1010 2155 2340 530 615 2550 1865 2190 1820 2270 1445 615 2990 3505 320 1455 2610 1000 685 1615 2040 1160 725 1975 965 1415 2605 2780 2575 460 1540 1890 2840 430 2795 1380 520 660 2520 3120 2180 900 2605 2515 735 1290 2685 2325 2800 1510 2940 2895 1485 3790 3455 1900 705 3000 3415 2890 1860 3295 2990 2210 1405 1785 1835 610 425 710 2745 1600 2775 2775 510 3065 2060 1530 975 925 2355 1185 1600 2330 3015 2320 2945 2765 925 2870 2860 2715 775 1235 3080 985 3125 2170 1555 365 710 380 1225 2645 445 1010 1645 1655 705 3230 1180 2400 920 860 1215 390 995 1870 3265 1085 1110 355 2595 955 725 3625 1325 2300 1620 1570 2880 1595 2205 1325 925 2115 2085 660 1680 530 2315 2810 3000 2225 2330 1130 2115 150 2110 3170 875 2190 2855 1165 1480 3070 1960 3045 2575 1825 1470 2615 365 1785 1750 3155 770 1855 3100 1000 895 1525 2390 3470 2360 2915 1505 3050 3120 1650 2955 2475 2090 745 810 735 2265 1655 1905 3140 2875 2760 2730 560 2420 2385 3790 1035 3025 1700 1695 2620 1650 2695 1685 2755 2075 2765 660 1705 1235 2405 955 2580 3435 1505 3335 1700 170 320 3100 2480 2540 1260 2385 3125 1230 2915 1245 1960 1950 610 3515 2880 3605 1735 3255 2220 1300 2280 215 490 2720 495 2590 545 2060 3155 640 3145 3080 950 1090 2170 3440 2795 500 2785 2285 2180 1860 785 2865 2300 3710 2655 3450 3230 3290 3070 2300 1465 1965 2530 2800 1030 2185 2120 1640 2650 3390 3195 1790 3110 625 3420 1255 2900 1265 2475 2570 1970 2055 765 2610 960 3025 2215 925 3010 1325 2460 2775 3150 2785 1845 2640 1345 2935 810 2525 1000 2255 1290 1485 1080 1425 845 865 1885 1810 3670 2610 2445 2950 2300 2245 840 2070 1720 1650 2400 1280 2330 3935 215 845 510 3010 1240 1990 1660 2670 825 2775 2360 1525 2680 3220 1540 2625 2485 2915 1690 1425 3110 2455 1725 2825 3360 1260 
4672 4472 3760 5600 3784 3072 4608 496 1376 3576 2080 3808 864 1072 2608 3688 2576 896 3984 2296 2256 1904 5488 888 3752 1288 1552 4136 1800 3360 5264 5200 2512 2392 1592 3992 2168 3464 1208 3664 3408 1880 4032 4448 2664 5312 5888 4160 3240 3888 3392 6776 3896 4568 5416 1232 5248 4816 4280 4016 5280 2976 4144 3696 4632 1736 5168 200 4448 1672 1040 1960 4744 1360 2848 4544 4880 656 4320 4424 3560 4840 1640 4008 2296 3112 5600 6152 1656 6424 3616 4000 3688 3168 1024 5128 5576 4552 4312 5432 3728 6336 4184 3192 2592 4016 4752 3376 4456 4904 4488 2904 1424 4352 1024 2008 1704 4704 4560 296 2680 1992 2576 2200 360 3368 4384 5424 5584 5352 504 4936 3088 2320 2640 5208 3584 5328 4248 3168 4104 3912 4040 3368 3920 4168 5712 2936 3144 5576 4984 4584 2928 4136 3904 3632 2832 2080 5528 2432 3672 4784 5208 4808 3040 2168 5616 1952 1952 584 1872 5952 2016 4776 1200 4368 3832 1704 3216 4480 5016 4920 5896 5600 3424 3328 4128 1976 3696 5408 4776 520 2776 3704 4112 1944 1192 1768 3960 5640 1704 4000 5080 2840 1760 4560 5200 3816 2528 3144 2400 5440 3312 5488 6064 2840 5080 968 5600 928 880 1848 5248 4712 3544 3208 2264 3208 3544 1704 2464 4128 4040 1488 1560 3536 2600 6912 1808 2192 320 2192 4256 1448 1528 744 544 3144 3976 2120 1496 2560 256 4432 1912 2080 4408 4024 3896 1192 3368 5320 3232 1680 2408 2408 1368 4912 1232 1680 3896 3992 2928 4616 3192 4928 4640 4008 4048 4112 3304 6440 4704 432 3776 1424 4176 4656 2984 1560 2544 5152 5152 3808 3792 4544 6424 2984 960 1160 5208 608 1144 3168 6152 4600 3792 4240 3000 1600 1776 3096 6000 472 2904 1920 1320 2392 912 2312 1576 4928 7016 3712 2904 2584 5504 2704 4888 4744 5808 2072 5280 5840 5352 992 1152 4528 3864 3904 328 3264 2416 3792 2336 2856 2664 6472 2824 2880 5024 4680 2072 3024 5192 5488 3184 2840 5584 4480 4200 6224 5208 1224 856 3832 3248 1456 2912 5160 2720 2472 1344 3640 4256 3240 4504 952 4568 2296 1576 1720 3368 5200 1984 2976 3712 4080 5680 488 1144 3312 1448 3952 2968 3264 1344 6696 3080 2832 
5200 2060 6340 3390 5810 1320 1870 3740 2430 1760 4740 960 4970 3810 4880 4900 2030 3590 2490 1050 1100 3160 3010 3530 4580 2300 3150 2430 4140 1330 4080 4150 3290 1090 2000 5330 4670 1710 4530 2730 2890 3170 1120 2610 3570 3290 4040 2560 3080 1840 330 5500 5500 2120 2990 3790 2640 2110 2320 2870 2710 1310 2810 2670 2310 4620 4490 4050 2380 2250 2720 4180 2230 4160 1250 1780 2840 3720 4840 3260 2460 4100 3540 2520 1130 3860 4020 4940 2060 5260 4310 1970 6050 5380 2730 2920 4980 5410 4430 3370 5090 5280 3210 1410 2050 2530 2730 930 2750 4340 2430 4020 4100 2410 4820 2600 2250 2010 3130 3580 840 1730 3130 4520 3470 4390 4230 3370 4790 4680 4380 3060 1030 4640 620 5060 2970 2990 1450 1650 2060 1520 3930 1130 1260 2300 3400 970 4930 3880 3830 1870 260 1680 1010 2680 2240 5050 3700 1780 830 4060 2580 2940 5730 2140 4000 1770 1690 4650 1750 4090 1910 3220 2830 3080 2270 2720 1010 3500 4490 4770 4080 4030 2770 2800 1450 3810 4840 2920 3420 4500 2330 1790 4710 2410 5150 3650 2490 3210 3740 1950 3040 2000 4860 2900 3210 4730 1510 320 2850 4030 5410 4010 5060 1520 4890 5000 3300 4590 3580 3710 2950 3020 2150 3070 3040 2380 4780 4270 3990 4100 1120 4190 4150 6050 1780 5620 1950 3080 4160 2980 4070 2490 4050 3060 4260 290 2290 1710 3330 860 3930 5430 2410 5200 2510 1310 1780 5230 3500 4190 1140 3280 4730 990 5020 2380 2560 2420 950 5530 4230 5770 2050 5210 3410 1700 3280 1360 700 4990 2520 4140 800 2680 4880 2740 4760 5340 980 2540 3570 5380 4150 2480 5060 3070 3490 2770 2640 4640 3820 5900 4740 5490 4970 5130 4610 4010 1700 2470 4510 4370 530 3920 3530 1750 3920 5290 4980 2950 5780 720 5310 980 4800 1000 3910 4010 3750 2580 2870 4530 3450 5040 3030 3110 4570 1660 3850 4050 4780 4130 3470 3760 1150 5270 570 3530 3440 3480 1880 1520 2580 3050 260 380 3500 2710 5840 4730 4000 5010 3250 3160 2060 3490 1950 2950 3280 1050 3210 6340 1940 320 2480 4710 2070 2450 1990 3850 430 4490 3200 1580 3930 4990 3290 4220 4180 4320 2510 1840 4690 3440 2240 5260 5180 1000 
2548 1946 3073 2891 2709 2044 2289 2205 903 1064 2023 2023 2849 2499 2072 2128 2184 1533 2989 1050 1043 2513 3353 2247 1953 1218 1015 2996 1631 2170 2527 2492 2856 1379 882 2436 1967 2408 2093 3017 1029 924 2002 3164 1141 2590 3073 1540 1015 1358 1575 3836 2527 2842 2828 1533 2926 2660 1673 1442 2849 1988 1533 2996 2058 3192 2534 2254 3024 1743 1631 1624 2898 1757 574 2485 3353 1701 2261 1799 2835 2240 1232 3010 770 1393 2800 3290 1554 3535 1771 1449 2870 2401 1624 3409 2905 2611 2072 2702 2247 3465 1617 777 196 1414 3269 1960 3248 2338 1869 1463 1701 3024 2408 518 1785 2331 3479 1946 777 504 840 1848 1827 1764 2023 3724 2863 2695 2520 3493 826 1918 1148 2723 1162 2695 2303 2261 2779 1463 1743 2065 1582 1561 3052 1771 2093 4074 2289 2247 1246 1666 2016 2975 434 2275 3955 1953 1939 2191 2912 3409 2660 2023 2814 525 595 2590 651 3129 1750 3577 1057 1736 2828 2128 1939 1876 2443 2485 3073 2793 2947 952 2366 2898 2093 3297 2086 2373 2450 1183 2128 455 3129 1281 1358 3066 1358 2695 2380 385 2198 3346 2478 2051 1834 1197 2569 2667 2422 2702 3241 462 2604 2618 2940 2240 1533 2793 3409 3451 2667 994 2611 756 2030 1750 1428 1855 1981 2884 2898 2870 2051 3948 595 2597 2352 2541 1904 1778 1631 1743 2121 1519 1379 1673 1148 1365 1995 2590 2044 2394 1771 2268 2569 3143 1267 2583 896 1050 1974 805 3192 2401 1029 637 1841 2555 1603 2814 693 2653 1981 1519 1540 2296 1806 3535 3129 2401 1813 868 2233 3269 1967 3395 1463 2744 2408 2436 1743 3094 3521 903 2254 1813 3087 2625 2541 2779 3283 2667 2184 2380 1862 2842 1099 693 3150 2254 987 2933 2450 147 1736 2415 2345 2240 4039 1708 2366 686 2814 658 2233 2156 3038 483 3325 3017 3780 2975 1141 3465 1981 1414 2198 1540 2009 1729 2870 1288 553 3570 1435 1141 3745 2016 1771 602 2793 2926 1260 1267 2842 1827 2779 3339 2478 3115 1393 1365 2513 2492 448 2485 959 672 1134 3073 2723 1281 3094 2338 2058 350 938 1435 1351 2562 917 546 1603 2261 3066 2457 2730 1715 1806 1421 1918 1197 1218 3759 2261 693 
5215 4508 4466 5481 4501 2709 4445 833 2086 3878 3003 3563 1106 483 3472 4396 2093 1953 3241 2457 2429 1162 4949 721 4424 1764 2464 3423 2765 2961 5495 5467 1568 2380 2107 4669 3080 2947 2205 2842 3962 2751 3857 3724 3451 5327 5852 4452 3850 4109 3318 6748 4592 4046 5236 2261 4907 4487 4480 4410 5012 2632 4494 2891 4669 343 5495 1022 3794 1568 1358 2905 4242 2380 3206 4228 4151 1757 4900 4774 2814 5208 2590 3262 2597 3850 5691 6237 1694 6482 4291 4214 4410 3962 1358 4438 5866 5138 4858 5411 4438 6426 4585 3521 3164 4340 4039 3094 3682 5285 4634 3689 2436 3675 1925 2765 1568 4550 3675 1155 2933 2506 3332 3115 1267 4102 4886 4648 5838 5663 868 4151 3353 3220 2723 5614 4102 5222 3955 2695 3514 4046 4585 3024 3969 4396 5516 2709 3934 4641 5257 4445 2968 4221 3689 2821 3395 2975 4641 2093 3444 5159 4858 4039 3822 1792 5691 2478 2436 1134 2366 5901 1834 3892 2058 4697 3157 1295 2926 4851 5390 5362 5866 5691 2583 3885 3766 896 4403 4879 5033 1414 2142 3976 4732 2667 805 2709 4298 5383 2667 3423 5131 3360 2688 3752 5243 4494 2254 3227 1652 5593 4088 5621 6209 3262 5495 1715 5446 1911 1939 840 4599 3885 2898 3829 1470 3724 4270 2681 3325 4676 3878 301 378 4270 2198 6853 2380 1400 945 1442 4774 1393 2527 1225 1610 3066 4270 1974 2443 2541 1414 5040 1540 2954 4599 3689 3367 917 4011 5551 3493 2597 3297 2667 469 4802 1967 2415 3780 4676 3731 5208 3647 5418 4942 4151 4501 3787 3094 6419 4060 819 3647 2240 4795 3920 3801 679 2478 4900 5313 4515 4417 3878 6426 3654 721 1232 4739 1043 462 3934 6195 5180 4487 4865 3801 497 2058 3647 6048 1470 3073 798 679 2912 1988 3178 2492 5026 6951 3626 3724 2884 5782 3010 5208 5117 5712 2821 4697 5957 4522 945 2072 3647 4515 4074 917 3990 3304 4417 1351 3633 3017 6510 2765 3619 4116 4984 1869 3409 4914 5271 3241 2870 5523 4697 4865 6230 5439 595 1848 4319 2639 742 3409 5138 3472 2786 2289 4347 3731 3297 3829 1890 4557 2982 2065 2681 3409 5523 2849 3388 4333 4725 5446 791 231 4046 1372 4151 3780 3920 1778 6636 3885 3136 
1710 1326 3450 1350 2952 3132 1926 3972 2856 1344 3270 2532 4494 4206 3036 2262 3540 3306 3714 2646 2664 4080 2868 3996 1962 3102 2784 3618 3060 3090 108 216 4266 2862 2808 2370 3174 3312 3654 3942 1356 2580 2238 3612 2196 924 1008 828 1554 1236 2352 1242 2598 3012 1656 3204 2280 2382 960 852 2028 3126 762 3900 1218 4788 594 4002 3408 3432 3456 2982 2922 3324 1902 2418 3540 3474 1698 546 3780 552 2862 3726 2454 2004 516 744 3276 954 1884 1158 3234 3030 3450 3390 756 1998 1362 1026 2376 888 756 1644 1926 900 3522 2826 3726 708 954 2256 3258 3486 3990 2376 3456 1854 3990 3750 2208 2466 2082 3048 3648 2130 1128 3630 576 618 4236 3714 1842 3054 2526 1116 1230 1422 2478 3318 3330 1446 1254 2958 1680 960 1638 2922 2694 4092 162 1872 2400 1422 2418 3912 1740 3510 3942 3366 2550 582 2316 3684 3420 3534 564 2490 2532 4278 2586 1056 3336 3972 2964 594 3594 3768 2922 552 738 1092 966 510 3990 1410 2706 4452 2208 2868 300 4062 3732 1290 1758 2406 4758 2826 936 1878 2904 3300 876 1746 3564 3798 846 2016 3210 2160 3996 288 2958 366 714 1830 1068 4212 1536 3852 3312 4368 3264 3828 3582 1572 4086 1458 2280 3198 2550 1284 2202 4524 4524 3354 3390 1356 2574 4092 4092 4038 1134 3510 3174 3570 3822 2502 996 3228 2874 2760 3762 2118 3630 3630 846 2670 3216 4764 1614 174 1728 2742 3060 2418 4818 1578 2970 2610 2154 2544 2358 2280 1488 1500 384 1344 906 2622 2700 1050 3342 4140 2256 2796 1842 3606 2682 4998 2856 2016 342 2556 1626 3432 990 1752 3996 3588 2706 4314 4242 3474 798 2028 2232 2010 2562 4464 2898 1548 732 3954 2178 4500 4134 2118 3444 3546 3768 798 1416 2178 3162 2214 630 2106 336 588 1236 2322 3072 528 3804 4614 3012 3990 1860 1350 3966 1992 3084 1614 4332 2142 2070 990 2658 2016 4032 360 3330 1704 2070 1788 2184 2484 1134 714 2664 900 60 4752 3234 1068 3564 4152 1698 1134 2028 2286 2928 3546 3120 2148 3456 3942 1428 2154 2850 2952 2094 564 2520 1722 1548 2010 1800 4188 4416 2130 3534 1236 2640 1668 3096 1248 2940 2004 
5571 2097 6732 3024 6246 1089 1449 4059 3132 2358 5274 243 5211 3978 5427 5400 1935 4158 1530 1809 1854 3159 1854 3789 5085 2898 3834 1386 4734 819 4203 4311 3042 1629 2718 5778 5220 1062 5022 1962 3528 3870 702 1431 4230 3150 3771 2961 3735 2286 756 5193 5949 891 2520 4383 1809 1242 2610 3348 2043 1170 3231 1890 2304 4572 4698 4401 1170 2574 3168 4779 1026 4716 2124 918 1548 4248 5274 3618 1737 4383 4194 1548 1989 4473 3960 4806 2484 5076 4851 2367 6471 5868 3186 1602 5112 5796 4860 3168 5571 5148 3654 2178 2862 2988 1449 549 1584 4626 2610 4635 4671 1242 5229 3366 2556 1611 1962 3996 1782 2547 3834 5094 3915 4941 4644 2007 4887 4851 4662 1755 1872 5202 1449 5301 3564 2646 576 1242 963 1899 4419 675 1521 2655 2880 1053 5463 2475 4023 1494 1206 1908 414 1926 3006 5553 2313 1854 279 4356 1737 1656 6183 2241 3915 2592 2502 4950 2547 3798 2196 1989 3492 3447 1368 2871 774 3852 4752 5076 3825 3960 2124 3456 324 3708 5346 1764 3645 4878 2061 2331 5175 3186 5283 4293 2961 2583 4374 909 2988 2790 5364 1710 3123 5220 1638 1251 2682 4050 5895 4005 4995 2358 5166 5346 2853 5031 4158 3663 1656 1791 1431 3717 2907 3078 5292 4842 4617 4563 756 4212 4167 6471 1755 5256 2736 2970 4482 2889 4509 2826 4635 3501 4698 855 2754 2025 3996 1440 4374 5832 2556 5679 2772 207 783 5373 4113 4302 1917 3960 5283 1881 5076 2079 3222 3177 810 5967 4824 6138 2772 5526 3699 2043 3762 324 603 4707 1251 4437 657 3384 5328 1494 5310 5373 1458 1908 3645 5841 4671 1251 4815 3753 3735 3132 1557 4923 3969 6336 4563 5859 5454 5571 5166 4014 2358 3177 4347 4770 1503 3834 3663 2601 4464 5769 5436 2979 5409 792 5814 1908 4932 1926 4158 4311 3402 3348 1629 4464 2079 5229 3672 1962 5067 2070 4194 4635 5328 4653 3267 4401 2061 5067 1161 4185 2142 3762 2133 2322 1899 2484 1170 1233 3222 2970 6246 4500 4131 5121 3843 3699 1548 3582 2736 2781 3969 1962 3870 6732 738 1161 1260 5130 2007 3231 2682 4473 1125 4698 3906 2394 4473 5445 2700 4500 4302 4887 2844 2250 5247 4068 2835 4905 5697 1908 
1539 4410 1602 5256 891 5364 5184 4455 3195 3321 1935 5238 4635 5058 1332 216 5454 3006 6579 4059 4041 5535 6714 4752 639 3789 2421 6588 2007 5526 3600 3393 6120 4482 3501 486 1782 5832 2943 6597 2079 2097 5085 6786 1296 4653 5022 3267 1782 3627 4689 5283 504 6282 5463 2610 5985 5814 3726 2754 5751 5283 2997 6579 4428 5922 2997 4230 6588 4662 4185 1827 6309 2547 3312 5661 6993 3258 1233 2961 6372 2799 2187 6615 3717 963 4347 4509 4437 4752 765 3654 1278 1026 4167 7002 3303 1224 1602 4824 189 4527 2637 3312 2601 3096 6894 5247 6903 2664 3969 882 2448 6606 3492 2376 4716 5175 7209 4041 3717 3240 1665 1656 3897 504 1917 7407 3492 3159 4527 7191 3582 1557 4221 2556 2160 5166 5508 5634 6291 3987 1701 5391 4311 3555 5616 5013 603 7920 3339 5112 4320 4194 5193 6543 2430 2214 7758 5157 5157 2736 6003 7083 1638 5148 4410 3231 3348 4365 3366 5103 4797 7326 3024 3051 6372 5085 5238 2808 2718 2304 4986 4338 6480 2106 5670 5904 279 6669 3384 3942 5796 3429 1035 2583 5202 2025 3060 5823 2088 6183 4428 2646 2484 7038 4491 576 5040 4185 5796 4014 873 4131 4194 3078 2466 3888 5445 3357 3024 5742 6957 7155 6165 1782 5787 2439 162 2169 1251 1656 5049 5589 5643 1449 5310 5472 3186 5742 4356 5697 1881 4590 2313 4122 3573 4671 3276 4752 2403 4482 3726 1026 5085 2376 3717 5553 6030 5130 1431 3591 3564 2232 1494 3771 5526 5040 3276 2817 4878 558 747 1188 2736 1962 3159 3951 2376 5562 5040 5112 6696 4491 4896 2862 990 6912 711 5688 4608 5661 3924 396 1143 6678 4986 1692 4806 4473 6381 4464 5139 1683 4725 1251 324 891 639 5643 3933 2304 4671 3807 3960 5895 5184 2925 2997 2124 2844 4221 5526 4752 1314 3609 3321 3546 3078 2718 5247 2340 6795 4293 7524 4896 2934 7191 801 3834 4329 810 1512 1161 6057 1080 3411 4842 4581 1260 7533 3150 4842 3132 5742 5643 4275 4365 5022 3627 837 4905 3573 5319 3168 2223 5949 5292 2709 4761 1503 3609 2619 1737 6183 4275 6678 3465 4608 2331 3582 2070 4329 3051 1980 3060 1296 756 5760 4545 5247 549 4626 3717 702 1431 3825 5400 936 3537 
2520 2408 2702 3339 2394 2331 2758 1953 693 1505 1568 2443 2492 2324 1652 1918 2352 1120 3290 1302 1281 2499 3808 2065 1813 1127 553 3318 1162 2492 2835 2772 2912 1617 847 2226 1512 2709 1638 3255 1211 455 2450 3514 868 3017 3486 1918 1085 1806 1995 4179 2275 3255 3290 1078 3395 3115 2100 1750 3318 2261 1876 3248 2513 3031 2751 1939 3388 1771 1498 1169 3325 1288 1036 2933 3738 1309 2212 2107 3087 2464 763 3311 1057 1218 3164 3619 1582 3857 1652 1890 2513 2030 1491 3815 3115 2520 2107 3129 2016 3766 1883 1246 560 1785 3647 2317 3584 2527 2296 1197 1232 3381 1974 49 1813 2800 3794 1666 1176 644 630 1400 1540 1561 2121 4123 3108 2912 2212 3864 1295 1477 1484 2842 1358 3150 2744 2534 3129 1932 1820 2401 2051 1981 3507 2072 1757 4452 2590 2716 1624 2135 2450 3220 721 1813 4340 2121 2352 2415 3374 3773 2240 2128 3185 630 721 2240 735 3542 1848 3913 728 2058 3129 2128 2275 2142 2625 2590 3479 3164 3157 1134 2779 2835 1897 3752 2415 1995 2618 1624 2058 126 2821 812 1729 3535 889 3038 2807 770 1729 3689 2898 1904 2044 1631 2639 3010 2072 3059 3528 931 2723 2205 3395 1806 1127 2723 3836 3794 2947 1057 2653 1043 1806 1281 1050 1911 2436 2730 2758 2492 2240 4305 595 2625 2044 2583 2002 1750 1162 1547 1722 1904 1778 1813 686 1645 1638 2464 2093 1925 2184 2681 2926 2821 1253 2884 1372 581 1540 1127 2933 2870 805 357 2289 2317 1316 2674 1071 2681 2289 1981 1764 2723 2177 3899 3521 2114 2247 532 2149 3633 1624 3122 1729 3220 2772 2184 1701 3465 3871 889 2086 1715 3542 2282 2373 2359 3633 2569 1988 2261 1540 2716 1176 938 3514 1869 1407 2856 2331 567 1309 1953 1876 2660 4389 2149 1960 1078 3045 1085 2499 2373 3472 63 3766 3353 4165 2639 763 3773 1876 1876 1925 1372 1575 1694 2891 1050 987 3899 1764 959 4088 2324 1883 1071 3262 3395 1687 1631 3276 2219 2541 3710 2786 2828 1029 1575 2758 2394 847 2933 777 1036 693 2681 3108 1715 3458 1904 2527 231 910 966 1792 2779 469 1008 1596 2135 3535 2170 2534 1505 1778 1869 1575 1169 1148 4130 1897 1141 
4632 3600 4360 4720 4208 1936 3600 888 960 2856 2704 2712 1904 1024 3112 3856 1480 1384 2864 1280 1240 1144 4376 752 3800 464 1632 3008 2280 2224 4720 4696 1696 1288 856 4200 2736 2320 2080 2592 3032 1912 2984 3320 2680 4520 5112 3512 2952 3120 2336 6136 4184 3440 4472 1736 4200 3744 3536 3488 4272 1832 3568 2616 3776 1792 4768 1184 3304 552 96 2408 3624 2000 2080 3464 3736 1312 4272 3896 2464 4432 1896 2896 1392 3112 4928 5560 520 5832 3616 3240 4216 3656 120 3984 5192 4608 4152 4616 3944 5784 3704 2448 2088 3392 3616 2256 3328 4536 3720 3008 2016 3216 2080 1760 592 3712 3448 840 1784 1304 2456 2704 808 3472 4144 4288 5136 4944 1416 3800 2256 2824 1608 4960 3192 4424 3160 2032 2968 3056 3808 2232 2992 3448 4784 1808 3488 4448 4456 3592 1896 3264 2832 2552 2368 2824 4392 1304 2576 4376 4152 3680 3680 1072 4928 1280 1216 1672 1144 5168 880 3656 1096 3808 2712 760 2088 4000 4656 4680 5128 4928 2376 2944 3016 1496 3840 4296 4192 1656 1704 2968 4096 1608 2016 2048 3344 4664 2040 2856 4288 2296 2544 3440 4416 3896 1384 2160 1472 4824 3760 4848 5536 2152 4824 2096 4696 1936 1368 1360 4112 3584 2424 2928 1408 2728 3712 2272 2688 3920 2992 1440 1448 4112 1472 6256 1184 1352 1256 1320 4008 360 2056 392 1576 2072 3304 984 1688 1464 1248 4536 872 2880 3680 2912 2752 2080 3184 4784 2416 1808 2920 1488 1936 3968 864 1336 2864 4264 3104 4760 2616 4808 4096 3176 3624 3000 2192 5760 3568 1216 2728 1232 4192 3520 3320 2192 1432 4144 4496 4088 3696 3408 5768 2760 744 208 4112 1648 1056 3824 5496 4664 3944 4312 3280 1384 784 2656 5328 1584 1960 1512 936 1776 1600 3056 2480 4168 6368 2680 3456 1720 5088 1864 4408 4336 4968 1816 4160 5232 4216 1936 1200 3424 3872 3088 1000 3288 2944 3688 1616 2896 1872 5864 1736 2824 3904 4136 944 2320 4168 4528 2192 1800 4752 3784 4504 5536 4648 1912 1104 3432 2136 992 2344 4312 2624 1608 1488 4272 3120 2256 3368 2000 3664 1960 792 2104 2384 4792 2016 2296 3568 4160 4720 1280 1312 3408 376 3168 3288 3088 472 6008 3528 2000 
4230 1650 7000 940 6190 4910 2390 7020 5230 2490 6420 3690 8040 7280 6130 5030 5730 6160 5620 4490 4530 6840 3680 6960 4530 5500 5350 5410 6000 4750 1470 1730 7000 4740 5030 5260 6280 5080 6880 6110 3180 5080 3140 5310 4640 430 410 1840 3550 2110 3600 1830 5620 4220 1560 6090 2720 3060 1600 2260 2260 4940 2000 6030 1400 8200 2360 7160 4950 5830 6060 5900 4010 6350 3420 3220 5070 6420 4170 1920 5860 2290 5560 5630 4270 4440 650 1510 5600 1750 4360 1960 6640 6230 6060 4730 2520 4700 3600 460 5230 1900 2300 2980 3770 2050 5060 4320 5510 2560 1360 4840 6250 5120 7390 4620 5860 2230 5950 6700 3790 4480 4360 6070 6550 4740 3210 5080 2160 2360 7550 5360 3190 6100 4180 3230 2990 1190 3430 5190 4910 2220 3330 4540 2440 1750 1420 4630 5660 5880 1610 2320 3880 2020 3470 6070 3550 6820 5610 5490 3780 2330 2800 5340 6850 5840 560 4530 4560 7680 4660 490 5570 5860 5500 1860 5460 6360 4530 2100 2610 3210 400 660 6270 3220 3850 7480 4940 3710 1450 7380 6000 2330 4250 4610 8400 5550 2120 1860 5680 4890 660 3470 6850 5610 490 4640 5210 3470 6550 1000 6130 860 1860 3400 3170 7720 1260 7150 6170 7370 4470 5620 5520 3580 6750 3130 5030 6210 5250 3420 3090 7750 7740 6810 5480 1920 4710 6780 7300 6680 3190 6020 6120 6320 7010 3930 2020 5380 5520 4530 6840 4890 6080 7020 1450 3830 4780 8440 3770 1550 2990 5330 6130 4160 8410 1690 5420 4900 3080 5550 5040 5170 3030 3880 1710 2050 2590 3720 4150 1300 4760 7350 3280 5230 4400 5240 5610 8720 4670 2290 860 5540 3940 4970 1410 3850 6940 6220 3480 7720 7320 6960 1160 4750 4990 4690 5410 7610 5040 3320 920 7210 3630 7580 7090 3970 6440 6930 7150 800 2090 3210 6410 3860 2320 3680 1920 2330 670 4540 4110 1200 5410 8200 5620 5960 4380 2150 7050 4460 6180 3920 7170 4610 3680 1720 4280 4370 5910 1720 5550 3180 2370 1760 3480 4030 550 1390 5770 1070 1450 8340 5970 2810 5580 7080 3360 850 4320 3990 5560 7130 4500 3400 5020 7300 1700 4260 5080 5780 3270 2300 5000 3240 3780 4670 1710 7430 7650 4730 6050 2040 5540 3840 5460 1550 6060 3500 
2376 3552 1140 4296 1260 3420 3918 2052 1716 2760 222 3648 1908 2484 468 1494 3264 1176 4224 2574 2550 3018 4830 2322 1698 2040 1182 4284 582 3594 3486 3378 3468 2796 2004 1632 288 3750 792 4104 2142 1176 3672 4482 1266 3948 4296 2964 1920 3012 3264 4668 1470 4338 4314 912 4470 4242 3204 2694 4386 3354 2844 4110 3624 2976 3192 1812 4404 2604 2148 564 4410 714 2454 4086 4716 1266 2148 2934 3984 3012 948 4248 2412 1446 3912 4146 2502 4338 1680 3066 1116 792 2130 4812 3450 2172 2316 4062 1458 4206 2706 2598 1986 2838 4632 3492 4524 2970 3384 1194 702 4374 1092 1524 2640 3948 4674 1806 2568 2040 1452 408 1740 1422 2478 5070 3534 3324 1950 4812 2676 390 2778 3006 2256 4164 3918 3564 4170 3174 2256 3540 3312 3090 4476 3228 948 5316 3288 3882 2934 3342 3666 4074 2022 138 5232 3096 3564 2964 4458 4728 594 2988 3948 2016 2076 1770 2052 4344 2790 4794 1494 2946 4092 2784 3426 2886 3024 2814 4278 3912 3966 2118 3936 3150 1530 4788 3234 1494 3468 2856 1998 1626 2298 876 2796 4536 822 4086 3774 2130 384 4614 3840 1698 3084 2964 3318 3720 918 3786 3984 2340 2928 1350 4374 1062 1188 3048 4842 4716 3906 1902 3258 2214 1404 528 900 2268 3660 2808 2862 978 3216 4788 1926 3210 1872 3198 2412 2484 684 2004 1302 3168 2898 2814 1080 2862 1494 2034 2868 222 3246 3852 3990 2238 1830 3504 2724 1098 390 2484 2580 3972 1704 1626 3534 1560 1110 2106 2340 2646 3090 3192 2544 3888 3378 4500 4542 1980 3498 1506 1998 4602 882 2646 2910 4302 3594 1422 1920 4476 4434 1740 2370 2328 4608 1848 2544 684 4242 2190 1572 1956 972 2892 2310 2094 4176 1428 2766 3114 2646 2058 1044 108 600 3642 4842 3414 558 2484 3438 2502 3144 2940 4356 1548 4788 3966 5088 2088 1374 4650 1812 3102 1932 1488 366 1926 3372 1302 2418 4386 3006 1434 4968 3102 2832 2448 4350 4416 3012 2922 4194 3234 1662 4344 3456 2424 1386 2388 3708 2742 2196 3942 1458 2436 1194 1038 4182 3036 4464 1104 3672 1674 2040 756 3108 3234 1176 2388 1944 1854 4524 2004 2538 1398 2502 3072 906 1770 2082 4698 774 2550 
2510 4710 1980 5820 1500 5250 5450 3990 2670 3400 1320 5290 4200 4670 810 1130 5250 2370 6620 3790 3760 5240 7090 4330 1330 3330 1760 6660 1280 5470 4300 4110 5910 4240 3050 1500 1150 5790 2340 6570 2180 1440 5210 6920 810 5200 5720 3570 1800 3800 4660 6250 1420 6470 5950 1940 6370 6090 4030 3070 6170 5160 3340 6560 4780 5620 3780 3740 6730 4310 3730 1080 6530 1880 3160 5880 7210 2660 2100 3420 6330 3480 1480 6660 3420 900 5050 5390 4070 5690 1270 3870 1690 1030 3710 7270 4200 2250 2320 5390 1170 5470 3040 3260 2330 3370 7080 5200 7030 3410 4320 490 1770 6720 2970 1860 4370 5480 7340 3530 3520 2840 1250 960 3370 850 2590 7720 4350 3990 4060 7410 3500 910 4020 3480 2340 5660 5660 5540 6370 4140 2220 5340 4450 3830 6170 4880 590 8240 3970 5380 4190 4400 5270 6520 2250 1690 8070 4930 5180 3400 6370 7280 1540 4880 5110 2820 2950 3890 2960 5810 4500 7500 2440 3470 6390 4750 5160 3320 3500 3150 5690 5040 6410 2160 5780 5620 1150 7030 3920 3430 5630 3560 1840 2090 4820 1300 3310 6330 1350 6240 4930 2470 1910 7180 5020 1370 4830 4110 5570 4710 1050 4820 5100 2920 3350 3410 5990 2800 2390 5450 7260 7320 6130 1780 5550 2420 950 1480 450 2240 5170 5250 5320 1700 5110 6460 2750 5490 3870 5440 2480 4210 1610 3640 3020 4580 3510 4470 1720 4280 3180 2070 4780 1890 4070 5650 6070 4750 1560 4320 3530 1550 880 3510 5170 5420 2750 2290 4970 1530 310 2280 2700 2920 3680 4140 2760 5680 4990 5990 6890 4030 4960 2290 1870 7080 400 5370 4390 6040 4530 1300 1660 6830 5880 1550 4390 4060 6720 4010 4760 1680 5560 2300 1260 1870 290 5320 3560 2230 5460 3270 3820 5610 4810 2610 2370 1690 2310 4700 6540 4800 1090 3390 4190 3350 3720 3370 5880 1840 7110 5090 7810 4490 2320 7320 1520 3990 3850 940 920 1670 5830 720 3200 5780 4430 990 7750 3690 4560 3030 6130 6130 4200 4210 5610 4020 1820 5740 4250 4950 2570 2520 5860 4940 2560 5240 1150 3360 1960 2010 6300 4220 6830 2930 4920 1910 3140 1330 4300 3840 1330 2940 1700 1680 6290 4090 4870 800 4240 3900 330 1490 3380 6320 840 3380 
2168 3928 1480 4832 1168 4272 4512 3128 2152 2880 888 4344 3240 3680 456 1032 4240 1832 5368 3096 3072 4176 5808 3408 1232 2664 1400 5400 912 4456 3632 3480 4728 3448 2472 1296 744 4704 1736 5304 1920 1176 4288 5616 800 4344 4768 3040 1616 3200 3840 5192 1192 5288 4928 1464 5248 5008 3392 2640 5088 4192 2856 5304 3992 4424 3216 2904 5472 3456 2968 744 5344 1384 2648 4832 5864 2048 1848 2928 5120 2976 1144 5392 2816 912 4224 4504 3272 4744 1200 3256 1264 712 2944 5928 3552 1944 2048 4496 1032 4568 2624 2744 1984 2872 5760 4248 5704 2920 3632 576 1304 5464 2232 1552 3512 4536 5944 2760 2920 2336 1128 608 2640 856 2256 6288 3672 3384 3152 6016 2920 544 3304 2968 2056 4696 4648 4496 5184 3464 1968 4352 3704 3240 5112 3976 448 6688 3368 4456 3448 3680 4336 5264 1936 1168 6552 3984 4248 2912 5240 5912 1064 3928 4280 2320 2424 3000 2424 4840 3624 6080 1944 2960 5184 3792 4208 2848 2992 2704 4736 4224 5168 1904 4736 4464 1056 5760 3328 2632 4536 3000 1640 1728 3744 992 2824 5232 1024 5080 4120 2112 1360 5824 4200 1256 3912 3400 4464 3960 760 4048 4272 2464 2864 2584 4968 2112 1848 4328 5928 5944 4968 1600 4432 2096 896 1056 400 1984 4264 4144 4200 1248 4128 5360 2248 4384 3008 4352 2176 3360 1184 2872 2304 3768 2984 3616 1344 3488 2456 1784 3832 1328 3432 4632 4944 3688 1440 3648 2952 1232 520 2896 4040 4496 2200 1872 4104 1288 440 1928 2312 2504 3128 3464 2392 4656 4080 4984 5608 3136 4088 1840 1648 5752 288 4184 3576 4992 3808 1096 1512 5560 4896 1408 3464 3224 5512 3096 3752 1184 4640 1976 1136 1632 304 4200 2888 1944 4560 2504 3160 4448 3808 2192 1800 1160 1680 3936 5424 3960 704 2808 3536 2792 3168 2888 4888 1544 5816 4264 6352 3480 1832 5928 1384 3352 3000 944 544 1528 4648 760 2664 4816 3624 960 6280 3136 3672 2560 5056 5072 3472 3456 4672 3392 1504 4784 3592 3856 2008 2208 4744 3920 2192 4368 1072 2776 1544 1480 5136 3488 5552 2208 4096 1624 2544 992 3560 3264 1104 2488 1552 1488 5200 3184 3824 816 3392 3280 264 1376 2712 5248 560 2816 
1729 1918 3864 1939 3276 3969 2625 4795 3493 1841 3794 3304 5355 5096 3479 2485 4417 3948 4683 3346 3360 5005 3731 4844 2142 3815 3339 4571 3591 3934 280 140 5250 3612 3465 2576 3675 4200 4305 4935 1659 3080 2975 4578 2562 1456 1470 1246 1855 1757 3073 1470 2849 3892 2310 3801 3045 3164 1463 1162 2744 3962 1113 4886 1799 5789 357 4809 4340 4242 4221 3486 3787 3920 2464 3199 4508 4151 1764 805 4746 469 3395 4697 3108 2289 889 861 4053 1078 2079 1673 3612 3416 4221 4340 497 2079 1400 1561 2611 931 980 2170 2408 1295 4480 3633 4711 574 1477 2583 3843 4431 4711 2884 4270 2541 5012 4522 2835 3073 2471 3535 4396 2380 1141 4620 308 343 5082 4704 2422 3528 3227 959 1505 2037 3262 4193 4242 2030 1351 3787 2310 1442 2275 3717 3038 5152 364 2562 3094 2009 3178 4900 2177 4067 4977 4207 3325 518 3087 4669 3885 4389 952 3101 3150 5103 3213 1526 4144 4998 3591 910 4543 4634 3731 721 567 980 1421 875 4977 1729 3521 5425 2422 3731 658 4837 4655 1792 1869 2940 5684 3339 1337 2562 3430 4200 1407 2212 4158 4795 1365 2198 4032 2828 4935 609 3318 714 679 2352 924 4984 2156 4557 3955 5334 4193 4830 4515 1876 5033 1848 2520 3745 2954 1358 2933 5481 5488 3766 4249 1617 3185 5033 4914 4970 1183 4319 3738 4340 4550 3241 1442 4032 3430 3500 4501 2233 4494 4207 1337 3479 4102 5684 1862 217 2296 3269 3521 3066 5782 2226 3619 3185 2863 2779 2688 2401 1932 1449 658 1911 1099 3423 3479 1344 4277 4970 2982 3388 1953 4578 3038 5978 3612 2737 777 2814 1778 4375 1232 2086 4851 4389 3542 5152 5138 3941 1043 2114 2436 2135 2905 5425 3605 1932 1029 4711 2828 5481 5033 2660 4095 4088 4410 1316 1666 2891 3598 2835 350 2709 357 546 1778 2821 3969 707 4816 5509 3633 5012 2016 1904 4781 2247 3549 1764 5320 2471 2653 1134 3402 2345 5075 616 4151 2226 2800 2464 2863 3192 1680 1183 2898 1197 315 5691 3892 1295 4487 5061 2163 1708 2394 2912 3514 3983 4004 2821 4403 4662 2044 2632 3521 3479 2765 315 3003 2233 1715 2156 2471 5033 5334 2394 4347 1764 2996 1939 3808 1561 3325 2597 
1596 1770 3462 1686 2958 3576 2358 4314 3198 1764 3444 2982 4794 4578 3162 2292 3972 3594 4164 3060 3072 4488 3276 4362 1998 3474 3066 4068 3276 3534 342 300 4686 3282 3180 2352 3342 3762 3894 4392 1632 2844 2688 4056 2394 1290 1236 1248 1794 1674 2796 1092 2586 3456 2034 3468 2688 2814 1404 1200 2424 3570 1152 4350 1656 5166 432 4326 3852 3834 3822 3186 3360 3564 2304 2862 3984 3768 1656 894 4230 588 3114 4176 2856 2154 744 582 3672 738 1956 1602 3252 3102 3822 3828 384 1902 1356 1374 2394 600 1050 2052 2268 1302 3966 3276 4176 648 1404 2406 3498 3936 4242 2676 3858 2286 4440 4080 2622 2838 2328 3222 3978 2214 1146 4062 168 348 4560 4158 2262 3210 2952 888 1500 1800 2922 3768 3780 1896 1344 3408 2130 1404 1980 3360 2778 4524 486 2310 2832 1872 2868 4362 2070 3678 4374 3792 3000 636 2730 4128 3504 3954 798 2862 2904 4578 2958 1278 3750 4416 3282 972 4044 4170 3366 822 618 954 1188 738 4434 1692 3156 4854 2238 3282 726 4350 4170 1716 1752 2730 5082 3066 1338 2238 3144 3750 1278 2100 3762 4248 1230 2040 3642 2598 4416 534 3012 612 378 2214 882 4482 1878 4110 3600 4770 3696 4272 4032 1812 4500 1788 2328 3408 2730 1344 2652 4896 4908 3384 3822 1218 2940 4506 4416 4452 1194 3906 3408 3930 4104 2946 1416 3648 3144 3186 4068 2040 4044 3804 1296 3120 3666 5082 1794 276 2154 3006 3210 2826 5166 1998 3306 2940 2604 2526 2490 2172 1854 1332 756 1788 1152 3072 3150 1020 3786 4470 2706 3114 1818 4050 2784 5334 3282 2424 750 2562 1698 3882 912 1992 4368 3966 3120 4620 4608 3546 774 1926 2244 1968 2670 4848 3288 1866 792 4248 2610 4896 4518 2484 3714 3696 3978 1224 1254 2628 3258 2628 282 2514 516 666 1524 2628 3498 504 4236 4926 3318 4434 1890 1794 4302 2112 3234 1692 4752 2316 2472 798 3090 2208 4476 720 3750 2106 2478 2160 2628 2916 1458 1164 2616 912 390 5088 3546 1320 4014 4536 2058 1530 2250 2694 3216 3570 3564 2592 3906 4200 1866 2466 3222 3186 2538 390 2778 2112 1656 1992 2154 4518 4776 2232 3930 1680 2748 1860 3468 1194 3018 2418 
3500 3703 2674 4669 2674 2877 3927 1036 1022 2842 1197 3360 1183 1540 1645 2604 2569 245 3759 2016 1981 2163 4823 1337 2681 1197 854 3864 938 3108 4186 4109 2688 2191 1316 2870 1267 3248 532 3549 2527 1113 3500 4123 1757 4368 4851 3290 2345 3136 2954 5544 2772 4102 4564 455 4536 4193 3451 3108 4515 2793 3248 3570 3829 2156 4039 805 4074 1757 1197 1078 4228 553 2268 3969 4452 126 3192 3458 3430 3766 847 3787 1932 2142 4536 4970 1680 5215 2576 3227 2604 2142 1176 4627 4389 3374 3220 4480 2632 5110 3227 2541 1918 3157 4347 3059 4144 3794 3647 1939 609 4018 658 1337 1799 3997 4277 735 2226 1561 1736 1288 665 2345 3311 4907 4410 4200 1029 4536 2506 1393 2310 4018 2681 4459 3731 3003 3787 3213 3003 3080 3269 3339 4809 2702 2114 5110 3941 3906 2541 3416 3423 3514 2093 1232 5040 2394 3248 3710 4508 4424 2051 2219 4557 1526 1561 938 1505 4907 2023 4445 756 3423 3612 1911 2947 3486 3885 3773 4851 4536 3360 2464 3675 2303 2618 4760 3780 644 2779 2961 3010 1330 1582 945 3101 4788 882 3689 4158 2135 966 4242 4256 2737 2429 2674 2541 4375 2261 4424 4865 2219 3906 840 4704 490 238 2184 4704 4368 3374 2317 2450 2415 2478 854 1540 3073 3493 1925 1988 2471 2541 5670 1393 2394 896 2387 3199 1596 700 994 357 2772 3150 2086 763 2310 413 3262 2044 1260 3549 3577 3584 1547 2415 4228 2618 931 1470 2030 1806 4130 924 1148 3360 2856 1953 3409 2443 3738 3647 3283 3087 3640 2968 5271 4277 1008 3276 917 3059 4284 1981 1946 2331 4410 4144 2695 2751 4165 5236 2114 1393 1386 4571 1008 1603 2163 4998 3409 2695 3101 1995 2009 1603 2296 4886 525 2450 2268 1715 1813 161 1442 882 4018 5754 3199 1911 2128 4333 2205 3836 3675 4823 1393 4697 4711 4879 1365 644 4249 2786 3178 910 2275 1484 2751 2569 1918 2142 5257 2520 1960 4655 3675 2079 2380 4445 4655 2723 2492 4620 3591 3045 5075 4137 1652 441 2891 3129 1827 2205 4270 1848 2044 679 2576 3871 2765 4137 581 3808 1596 1337 882 2870 4067 1204 2324 2695 2961 4809 1050 1631 2289 1610 3199 1967 2324 1253 5502 2058 2303 
1788 1134 3462 1230 2970 2934 1734 3822 2712 1164 3204 2334 4368 4050 2994 2274 3348 3186 3516 2472 2484 3906 2694 3840 1974 2946 2670 3420 2982 2892 306 396 4080 2676 2652 2400 3114 3114 3558 3744 1266 2478 2040 3414 2124 798 960 648 1476 1044 2154 1350 2622 2820 1506 3102 2106 2196 762 732 1860 2934 618 3702 1032 4626 738 3870 3210 3258 3294 2910 2730 3234 1734 2226 3348 3354 1752 450 3582 636 2760 3528 2280 1962 522 882 3102 1092 1878 966 3246 3018 3294 3204 942 2070 1404 906 2394 1056 684 1464 1782 732 3324 2628 3528 810 756 2208 3168 3288 3888 2250 3282 1668 3792 3606 2028 2310 1992 2988 3504 2118 1176 3444 768 792 4098 3522 1662 3000 2340 1254 1146 1272 2280 3126 3132 1248 1254 2766 1482 768 1512 2730 2682 3900 240 1680 2208 1224 2220 3714 1608 3444 3750 3174 2352 660 2142 3492 3396 3348 558 2334 2370 4146 2430 1014 3150 3774 2832 462 3396 3594 2724 522 858 1200 930 516 3798 1308 2508 4272 2220 2694 156 3942 3540 1104 1794 2280 4620 2736 774 1734 2814 3102 720 1602 3492 3600 708 2034 3018 1968 3810 348 2952 396 894 1662 1194 4104 1404 3744 3192 4194 3078 3630 3384 1494 3900 1326 2280 3114 2490 1302 2004 4362 4362 3354 3204 1458 2424 3912 3954 3852 1164 3342 3078 3420 3702 2310 816 3048 2766 2574 3630 2178 3456 3570 648 2472 3018 4632 1566 372 1548 2634 3006 2238 4674 1404 2826 2472 1956 2580 2322 2352 1344 1602 294 1146 846 2424 2508 1122 3150 3996 2058 2664 1890 3408 2652 4848 2664 1842 228 2580 1626 3240 1092 1668 3840 3426 2526 4182 4080 3462 888 2106 2250 2058 2532 4296 2730 1428 792 3834 1992 4326 3966 1968 3330 3492 3684 624 1530 1980 3138 2040 816 1926 414 654 1146 2202 2892 648 3612 4482 2886 3792 1878 1152 3828 1962 3036 1614 4152 2088 1896 1122 2466 1956 3834 294 3150 1542 1896 1638 1992 2292 1026 516 2706 960 258 4608 3108 996 3372 3984 1548 978 1950 2112 2814 3546 2922 1956 3264 3834 1242 2028 2688 2868 1896 714 2418 1560 1536 2052 1662 4050 4260 2118 3366 1038 2616 1614 2934 1326 2922 1824 
4851 3661 4550 4613 4452 1729 3521 980 1645 3136 3080 2611 1792 616 3472 4179 1113 1911 2289 1631 1610 266 3976 637 4130 1197 2219 2457 2737 1988 4816 4809 798 1477 1512 4473 3122 1967 2415 1925 3416 2471 2919 2758 3150 4508 5033 3738 3367 3339 2394 5992 4459 3066 4333 2233 3955 3521 3703 3766 4074 1659 3815 1967 3829 994 4907 1330 2821 693 847 2856 3262 2436 2471 3269 3185 1792 4543 4116 1876 4613 2436 2310 1834 3528 4935 5523 875 5761 3969 3437 4445 3955 861 3465 5278 4837 4424 4578 4249 5733 3969 2786 2583 3647 3073 2128 2730 4718 3836 3437 2464 2709 2296 2345 679 3626 2751 1190 2142 1876 2954 3108 1239 3843 4403 3682 5215 5061 1386 3192 2576 3220 1855 5110 3549 4340 2996 1715 2534 3220 4116 2051 3101 3640 4613 1750 3836 3703 4592 3528 2086 3374 2744 1904 2828 3143 3689 1120 2492 4564 3906 3073 3934 812 4928 1862 1792 1680 1736 5075 903 2961 1750 4025 2191 336 1960 4228 4830 4872 5054 4935 1680 3339 2800 511 4165 3899 4347 1820 1183 3220 4389 2205 1673 2562 3605 4466 2548 2450 4319 2744 2877 2807 4431 4214 1288 2359 742 4872 4060 4886 5530 2569 4991 2212 4557 2212 1897 399 3619 2940 1932 3346 595 3129 4053 2702 3143 4214 2940 714 679 4340 1218 6083 1806 525 1330 539 4284 609 2520 938 1876 2142 3542 1043 2254 1638 1589 4774 574 3164 3836 2723 2387 1771 3577 4879 2716 2373 3297 1883 1428 3913 1561 1974 2856 4522 3514 4970 3003 5005 4277 3339 3920 2814 2135 5649 3080 1225 2716 1883 4473 2954 3689 1652 1554 3962 4571 4368 4032 2905 5670 3206 574 623 3766 1617 588 4060 5439 4886 4256 4578 3661 567 1316 3080 5285 1806 2233 546 322 2289 2051 3346 2758 4221 6195 2709 3766 2114 5180 2247 4571 4529 4858 2387 3717 5236 3563 1722 1827 2723 4193 3276 1141 3682 3318 4025 658 3339 2282 5782 1848 3276 3185 4319 931 2702 3976 4354 2366 1981 4676 3948 4732 5460 4753 1505 1694 3752 1673 231 2779 4291 3101 2030 2086 4459 2751 2422 2863 2233 3689 2506 1449 2597 2527 4928 2562 2695 3920 4445 4529 1253 833 3787 581 3367 3661 3493 1183 5852 3850 2366 
1785 1785 2835 2583 2359 2709 2352 2975 1680 903 2198 2436 3528 3311 2037 1624 2961 2128 3612 1813 1813 3346 3535 3059 1351 2051 1519 3577 1890 2786 1813 1743 3682 2135 1715 1897 2093 3045 2541 3710 189 1281 2282 3696 966 2170 2590 1022 301 1162 2030 3171 2065 3234 2653 2009 2982 2835 1316 742 2821 2667 903 3682 1834 4011 1722 2975 3521 2576 2450 1820 3234 2163 1008 2723 3808 2331 1519 1085 3528 1435 1617 3633 1533 952 2198 2597 2387 2835 1169 1197 2604 2205 2443 3787 2093 1911 1267 2303 1764 2737 854 910 637 875 3738 2527 3801 1512 1526 1176 2093 3549 2933 1050 2618 2352 4067 2695 1393 1344 742 1953 2569 1288 1197 4102 2072 1883 3248 3976 1155 1988 1820 1890 329 2450 2618 2940 3311 1421 931 2653 1666 1176 2814 2436 1834 4529 1568 2296 1820 1589 2380 3675 399 2471 4389 2730 2387 1386 2989 3899 2583 2828 2226 1358 1428 3269 1484 2653 2562 4130 1757 1064 3451 2968 2555 1113 1617 1645 2576 2191 3675 112 2758 3731 1568 3500 1421 3010 3227 994 1421 1113 3857 1589 833 2919 1680 3241 1974 518 2492 3899 2051 1456 2590 1659 3381 2009 2184 2072 2499 826 1764 3185 2688 2765 2135 3626 3738 3983 3332 294 3437 217 1554 2044 1393 1043 2254 3703 3724 2667 2814 3304 1421 3423 3080 3367 1071 2618 1995 2541 2730 2065 952 2478 1624 2079 2674 1932 2870 2611 1358 2681 3122 3850 588 1855 1120 1470 2016 1533 3962 2282 1806 1365 2121 2065 1337 2163 455 1848 1274 1400 728 2674 2359 2919 3570 3143 2149 1561 1540 3773 1750 4151 2191 2744 1806 1981 1029 3584 2877 420 3073 2639 3283 3318 3360 2681 2639 1967 1652 1722 1617 3675 1932 154 2527 2891 1519 3766 3283 938 2289 2555 2709 1813 3381 2037 2268 1337 2009 1246 1470 1344 2646 994 3598 2338 4207 3675 1799 4053 1330 1302 2954 1050 2051 1015 3703 994 1148 2877 2079 812 4270 1302 2576 805 2800 2779 1715 1883 2457 1337 2275 2730 1764 3864 2058 546 3213 3325 518 2170 735 1379 1687 2891 3185 1708 3591 2870 1939 798 1771 1743 1729 1750 1218 763 875 1624 2898 3199 3535 1260 2646 1232 1694 567 2051 3150 2079 1190 
3451 3430 2842 4403 2779 2569 3633 945 721 2590 1372 3052 1330 1428 1771 2618 2282 203 3465 1708 1673 1953 4515 1197 2653 889 714 3563 1036 2800 3997 3934 2471 1883 1008 2898 1414 2940 819 3262 2359 1001 3192 3815 1687 4123 4613 3066 2198 2884 2646 5341 2835 3794 4284 532 4235 3885 3206 2912 4221 2485 3038 3283 3563 2086 3885 819 3766 1484 931 1169 3920 735 1995 3661 4144 189 3143 3269 3143 3612 812 3486 1631 2086 4319 4781 1393 5019 2527 2975 2744 2261 917 4312 4249 3360 3129 4228 2660 4928 3045 2275 1687 2933 4039 2751 3843 3654 3395 1911 756 3710 959 1134 1526 3710 3983 623 1925 1274 1617 1407 518 2324 3199 4599 4256 4053 1078 4228 2226 1519 1995 3920 2513 4186 3423 2702 3479 2940 2891 2772 2989 3094 4529 2394 2184 4802 3752 3612 2233 3136 3115 3234 1883 1456 4739 2100 2940 3556 4207 4123 2233 1946 4340 1239 1260 1078 1204 4669 1736 4151 476 3220 3318 1666 2639 3304 3752 3668 4613 4319 3087 2289 3367 2142 2618 4452 3584 840 2499 2709 2968 1106 1673 931 2884 4501 896 3381 3913 1904 1211 3941 4011 2716 2128 2373 2296 4172 2373 4214 4690 1960 3801 1106 4431 791 189 2016 4396 4067 3080 2170 2219 2212 2492 994 1547 2968 3192 1834 1883 2632 2247 5467 1099 2170 924 2149 3087 1330 819 770 588 2464 2912 1785 672 2002 476 3255 1778 1498 3304 3269 3276 1666 2303 4046 2338 833 1596 1729 1841 3850 623 896 3059 2912 1953 3430 2212 3675 3458 3010 2919 3332 2653 5061 3969 1008 2968 665 3024 3976 2044 2009 2023 4116 3927 2751 2674 3857 5033 1974 1246 1141 4263 1127 1491 2352 4795 3402 2709 3087 2037 1883 1295 2100 4669 721 2149 2114 1554 1554 385 1659 1169 3773 5551 2898 2058 1834 4186 1918 3661 3521 4564 1197 4389 4515 4571 1484 392 3955 2751 2912 854 2226 1617 2674 2359 1862 1862 5061 2212 1876 4354 3486 1785 2121 4151 4368 2422 2177 4368 3360 3108 4865 3948 1715 140 2723 2835 1659 1974 4004 1743 1743 532 2751 3556 2464 3829 882 3528 1393 1029 924 2569 3920 1092 2065 2604 2947 4522 1064 1561 2275 1351 2940 2023 2212 945 5285 2163 2016 
6232 3960 6392 4896 6168 1352 3512 2592 2848 3736 4768 2384 3536 2184 5136 5680 824 3456 1328 2136 2136 1192 3592 2208 5536 2336 3600 1560 4328 1512 5640 5688 688 1776 2528 6032 4792 1296 4136 800 4424 3824 2816 1896 4488 4944 5520 4408 4472 3840 2400 6744 6080 2520 4464 3800 3800 3296 4232 4600 4040 1328 4584 872 4152 2312 5920 2992 2056 1560 2160 4440 2768 4064 3112 3024 2408 3376 5904 4944 848 5592 3904 1344 2456 4864 5584 6320 1720 6576 5336 3952 6232 5664 2184 2792 6328 6304 5664 4976 5792 6600 4864 3384 3512 4360 2288 1832 1816 5768 4312 4856 4080 1896 4064 3528 1504 3656 1752 2776 2656 2784 4192 4736 2800 5272 5568 2968 6192 6080 3072 2360 3080 4864 2176 6304 4536 4568 2728 1136 1800 3592 5272 1664 3336 4208 4792 1600 5440 2864 5424 3544 2296 3696 2560 792 3768 4896 2888 1088 2280 5552 3728 2232 5736 1064 5560 2784 2680 3408 2656 5552 1368 2008 3088 4808 1288 1344 1656 5120 5888 6056 5560 5584 504 4336 2416 1464 5656 3504 5104 3544 528 3784 5752 3344 3352 4048 4320 4528 4056 1728 4760 3616 4616 1880 4888 5648 1256 2608 640 5600 5752 5576 6424 3296 6168 4000 4760 3944 3440 1504 3024 2024 1048 4448 808 4032 5552 4328 4616 5408 2856 2120 2040 6144 1000 6824 2800 896 3000 864 5432 1704 4120 2392 3568 2160 4192 1416 3688 1856 3232 6272 1200 4944 4384 2376 1728 3472 4768 5720 3216 3768 4952 2456 3008 4056 2808 3144 2832 6136 4984 6528 3808 6320 5080 3736 4880 2488 1952 6320 2384 2888 2656 3152 5872 2120 5272 3232 1728 3920 5232 5976 5312 2136 6392 4352 2136 1936 3416 3336 2136 5880 6152 6368 5760 6040 5208 1896 2136 4032 5960 3520 2608 1592 1840 3168 3664 5128 4536 4712 6952 2712 5488 2696 6192 2824 5472 5512 5224 3560 3208 5992 2768 3440 3224 1720 5576 3704 2768 5040 4984 5304 944 4688 2920 6584 1952 4568 2256 5136 1328 3384 3912 4440 2576 2184 5048 4544 6384 6120 5568 3136 3168 4736 856 1712 3624 4632 4352 2640 3504 6320 2136 2632 2080 3992 3920 3600 2464 4128 2712 5928 3904 3408 5152 5896 4632 2920 2376 5208 1688 3848 5232 4688 2288 6520 5520 2920 
5800 3170 6370 4500 5970 810 2920 2830 2020 2670 4520 1680 4110 2770 4830 5230 1010 3090 2170 690 710 2050 3750 2540 4990 1600 2930 2260 3930 1120 5070 5120 2210 230 1540 5670 4500 1370 4050 2120 3510 3090 2080 2590 3760 4400 5150 3520 3590 2850 1320 6590 5770 2580 4090 3410 3590 2990 3360 3720 3730 700 3720 2100 3420 3530 5380 3210 2500 1200 1840 4010 2800 3780 1860 2630 3040 3130 5390 4170 1870 4970 3330 2210 1090 4180 5100 5990 1080 6320 4730 2990 6120 5420 1860 3290 5900 5920 5070 4490 5390 6320 4050 2210 2410 3450 2890 1090 2650 5180 3510 4230 3760 2430 4210 2600 1190 3080 2910 2760 1290 1620 3350 4390 2690 4700 4930 3690 5740 5590 3490 3160 1840 4530 690 5850 3640 4110 2240 1080 2090 2600 4570 1080 2370 3310 4490 540 5060 3990 4790 2930 930 2790 1850 2060 2710 4780 3890 700 1510 4920 3520 3010 5640 1030 5080 1640 1510 3820 1510 5210 810 3110 2410 4010 1950 1620 900 4380 5330 5540 5190 5100 2020 3400 2040 2690 5180 3640 4400 3760 1370 2750 5220 2370 4200 3480 3390 4270 3540 1950 4150 2510 4510 2800 4310 5130 460 1330 1760 5070 5500 5070 6080 2090 5680 4300 4410 3990 3080 2600 3430 2970 1670 3570 1940 3010 5070 4000 4040 4740 2110 3110 3060 6070 780 6720 1730 1970 3300 1870 4760 1470 3750 2210 3590 960 3250 610 3080 300 3210 5900 1290 4890 3560 1910 1800 4290 3980 5180 2020 3110 4630 1050 4000 3490 2070 2220 1980 5820 4420 6220 2730 5890 4350 2780 4060 2030 1020 6090 2790 3240 1780 2370 5380 2810 4860 4330 140 3570 4620 5640 4660 2620 6140 3480 2490 1800 3410 3790 2780 5820 5820 6000 5310 5600 4740 2910 1040 3030 5590 3650 1260 2810 2460 1990 3420 5040 4530 4040 6870 1760 5280 1340 5730 1500 4830 4870 4870 2620 3470 5580 3650 4130 2610 2880 5020 2710 2980 4390 4680 4650 2360 4000 1620 6340 540 3820 3390 4420 770 2200 3590 4120 1330 780 4620 3740 6140 5820 4990 4030 2720 3890 1400 2400 2500 4070 3550 1280 2890 6320 2210 1400 2590 4100 3190 2610 1480 3640 1540 5390 3160 2230 4460 5430 4360 3320 3140 4630 1490 2880 4800 3890 1530 6360 5230 1620 
2250 1944 4752 2268 4014 4446 2871 5526 3852 1701 4428 3636 6291 5904 4086 2970 5013 4491 5391 3627 3645 5769 4356 5580 2511 4248 3717 5265 4113 4419 567 513 6075 3969 3807 3159 4284 4761 5004 5697 1566 3402 3240 5292 2817 1620 1881 945 1854 1620 3312 2331 3483 4446 2646 4338 3492 3573 1278 837 3132 4437 765 5643 1827 6786 819 5562 4995 4788 4779 3996 4338 4518 2493 3582 5238 4752 2178 378 5454 558 3816 5418 3321 2538 1206 1584 4545 1890 2385 1521 4428 4095 4770 5058 1233 2664 1665 1791 3150 1764 666 2124 2457 999 5193 4032 5463 828 1359 2916 4419 5103 5517 3105 4824 2781 5850 5184 2970 3294 2646 4104 5031 2745 1314 5427 1053 963 5913 5490 2448 4104 3474 1521 1368 2295 3618 4743 4851 1980 1440 4230 2358 1224 2682 4122 3591 6102 252 2790 3321 1998 3483 5652 2169 4788 5877 4743 3654 576 3537 5436 4671 4968 1269 3330 3393 5958 3474 1962 4662 5841 3996 495 5211 5292 4149 360 927 1404 1836 1197 5751 1647 3942 6309 2889 4347 297 5634 5319 1647 2250 3168 6696 3771 1053 2988 3888 4788 1476 2196 4869 5571 1476 2610 4518 2979 5670 882 3996 990 1467 2358 1422 5850 2511 5310 4509 6183 4887 5634 5166 1881 5796 1737 2979 4320 3348 1503 3186 6390 6399 4590 4797 2511 3447 5805 5697 5724 1296 4887 4284 4941 5274 3510 1188 4518 3843 3834 5184 2826 5103 4968 1134 3879 4662 6696 1944 630 2286 3645 4113 3276 6804 2430 4023 3474 3078 3420 3069 3087 1827 1989 189 1836 882 3816 3834 2052 4941 5769 3222 3744 2385 5310 3564 7065 3978 3096 792 3420 1998 5049 1962 2151 5589 4986 4086 6021 5958 4761 1665 2718 2925 2646 3384 6309 3969 1872 1566 5472 2970 6372 5814 2763 4698 4842 5175 1296 2601 3096 4284 2979 1062 2808 270 558 2160 3033 4617 1260 5661 6471 4059 5841 2376 1818 5517 2520 4158 1980 6165 2736 2745 1944 3708 2547 5958 126 4662 2187 3177 2844 3024 3438 1971 945 3609 1818 504 6696 4401 1125 5112 5841 2124 1854 2565 3078 3933 4878 4563 2970 5085 5445 2124 2772 3870 3960 2907 810 3312 2205 1872 2628 2889 5850 6210 2745 4923 1638 3501 2034 4239 2349 3951 2664 
3830 3650 3880 5000 3510 3290 4100 2520 750 2380 2140 3560 3280 3060 2350 2900 3250 1330 4660 1830 1790 3360 5550 2690 2800 1400 590 4720 1550 3540 4330 4240 3970 2250 1050 3340 2080 3840 2120 4570 2010 600 3610 5010 1410 4550 5240 3010 1820 2810 2920 6250 3380 4710 4910 1320 5000 4580 3240 2770 4910 3190 2950 4560 3810 4060 4210 2490 4860 2340 1900 1590 4830 1650 1650 4300 5360 1600 3390 3290 4340 3800 950 4690 1510 1940 4790 5450 2090 5790 2570 2930 3640 2930 1890 5500 4730 3810 3260 4720 3030 5660 2970 1980 1050 2810 5230 3320 5100 3890 3530 1850 1570 4830 2570 260 2410 4170 5390 2090 1760 890 1110 1940 1920 2400 3300 5940 4720 4440 2880 5540 2010 2070 2130 4330 2220 4720 4010 3560 4480 2960 2870 3430 3110 3080 5230 2940 2590 6380 3980 4050 2370 3250 3590 4520 1300 2470 6230 2920 3420 3730 4970 5400 3180 2890 4820 860 980 2920 970 5320 2500 5570 750 3220 4430 2830 3240 3350 4030 3970 5230 4790 4410 1900 4040 3820 2880 5470 3730 2570 3620 2550 3160 220 3750 1060 2740 5240 1140 4340 4250 1360 2310 5250 4390 2920 2830 2420 3600 4570 3010 4640 5330 1520 4160 2890 5070 2330 1340 3660 5540 5410 4150 1790 3600 1770 2730 1690 1560 2990 3590 3640 3680 3580 3100 6420 750 3560 2640 3500 3130 2290 1490 1940 2190 2760 2800 2460 780 2320 2060 3720 2810 2620 3370 3900 4180 3740 2050 4400 2140 690 2170 1630 3910 4290 890 290 3390 3450 2000 4010 1790 4080 3550 3040 2800 3960 3130 5850 5060 2730 3320 480 3280 5200 2390 4180 2420 4770 4230 3250 2670 4970 5810 1540 2720 2210 5170 2980 3130 3360 5470 3880 3010 3440 2290 3630 1550 1620 5290 2400 2100 3840 3080 970 1610 2690 2490 4050 6550 3180 2800 1620 4630 1660 3860 3680 5200 340 5460 5070 5980 3490 810 5360 2890 2890 2470 2160 2220 2660 3930 1680 1540 5850 2520 1580 5830 3600 2550 1740 4830 5040 2510 2360 4920 3430 3760 5570 4260 3760 1190 2530 3870 3180 1460 4420 1320 1530 740 3840 4470 2550 4950 2470 3810 610 1140 1260 2670 4250 680 1650 2530 3250 5250 2820 3350 2320 2330 2900 2330 1920 1430 6170 2750 1760 
5320 1810 6630 3080 6070 1450 1490 4130 2830 1780 5090 650 5370 4180 5210 5120 2270 3980 2440 1450 1500 3480 2620 3910 4770 2700 3510 2330 4500 1340 3980 4080 3550 1450 2400 5540 5020 1720 4920 2770 3040 3510 720 2450 3840 3050 3780 2520 3270 1770 130 5290 5730 1820 2650 4170 2240 1710 2200 2890 2320 1470 2790 2700 2060 4970 4460 4450 2180 2610 3110 4520 1890 4530 1490 1390 2600 4110 4980 3230 2500 4080 3890 2460 1520 4090 3840 4770 2440 5080 4510 1880 6330 5670 3120 2620 4940 5560 4540 3110 5310 5130 3230 1540 2320 2510 2490 910 2610 4340 2260 4280 4480 2240 5220 2930 2610 1640 3010 3980 1170 2100 3400 4860 3870 4620 4310 3070 4710 4640 4770 2830 1190 4970 1020 5080 3090 2680 1070 1750 1910 1380 4040 1130 1030 2210 3050 1160 5210 3630 3750 1500 660 1480 640 2720 2470 5410 3440 2050 560 4050 2180 2720 6050 2440 3810 2150 2070 5050 2140 3830 2250 3070 3220 3050 2220 3060 1070 3490 4490 4820 3830 3850 2860 2960 1130 4120 5060 2530 3330 4910 2530 1780 4870 2750 5540 4000 2480 2840 4090 1820 2820 2220 5230 2750 2980 4920 1780 530 3100 3880 5700 3850 4920 1740 4920 5400 2970 4980 3980 4030 2620 2850 2170 3250 3320 2540 5010 4630 4290 4210 720 4540 4500 6350 2020 5390 2330 3360 4560 3260 4150 2860 4420 3460 4660 480 2260 2050 3700 1220 4330 5600 2730 5570 2390 1000 1650 5620 3680 4090 1250 3630 5060 1380 5390 2050 2950 2790 550 5750 4500 5940 2200 5290 3360 1560 3340 1030 700 4770 2260 4540 400 3060 5040 2540 5040 5720 1310 2160 3420 5610 4310 2270 4850 3290 3870 3150 2250 5040 4190 6220 4550 5640 5180 5300 4880 4350 2100 2650 4310 4770 850 4240 3890 2060 4320 5640 5360 2750 5560 330 5630 1320 4750 1300 3870 4000 3460 2910 2520 4370 3190 5440 3410 3000 4750 1550 4250 4270 5110 4290 3740 4020 1450 5090 890 3780 3260 3430 2210 1700 2190 2680 440 770 3220 2600 6060 4520 3900 5400 3650 3250 2150 3840 2160 2680 3540 1410 3580 6640 1710 420 2280 5110 1790 2750 2390 4210 380 4460 3530 1770 4090 5170 2930 4620 4550 4560 2880 1750 4970 3640 2640 5020 5480 1260 
2200 4696 592 5520 432 5168 5328 3848 3024 3672 1312 5232 3768 4416 776 1088 5128 2568 6272 4000 3976 5000 6656 4168 1480 3528 2264 6304 1608 5360 4104 3928 5568 4352 3360 1104 1216 5608 2256 6200 2624 2064 5152 6520 1640 4992 5352 3728 2328 3976 4720 5608 816 6168 5664 2192 6056 5848 4120 3288 5880 5096 3512 6200 4736 5120 3576 3568 6376 4320 3792 1464 6216 2016 3520 5688 6760 2752 1984 3512 6016 3400 1968 6296 3720 1560 4768 4920 4144 5136 1576 4016 360 208 3776 6808 3840 1856 2336 5152 960 4936 3208 3592 2856 3568 6656 5152 6608 3288 4344 1312 1960 6368 2696 2456 4376 5336 6848 3488 3816 3240 1992 1192 3384 1264 2616 7168 4008 3720 3784 6912 3784 1064 4200 3160 2728 5416 5520 5400 6080 4272 2416 5256 4528 3960 5824 4880 552 7584 3872 5272 4344 4472 5208 6160 2776 1424 7448 4872 5136 3344 6064 6816 608 4808 4824 3224 3320 3568 3320 5424 4512 6984 2792 3576 6088 4632 5112 3384 3328 2944 5320 4760 6064 2632 5616 5248 1160 6608 3896 3200 5416 3792 1824 2632 4296 1824 3528 5976 1824 5984 4792 2960 1736 6720 4848 1424 4808 4288 5320 4472 152 4576 4640 3328 3088 3040 5672 2624 2584 5112 6800 6848 5872 2328 5280 2880 1048 1680 1304 2376 5128 4864 4928 392 5024 5776 3152 5224 3664 5192 2576 4208 1872 3664 2912 4656 3704 4504 2184 4392 3128 1656 4696 1528 4128 5512 5848 4216 2072 4104 3808 2096 976 3792 4648 5264 3056 2760 4968 936 1128 1672 3120 2592 3696 4256 2976 5536 4976 5456 6504 3800 4960 2720 1760 6656 672 4752 4480 5784 4384 792 1920 6456 5344 2176 4224 4048 6360 3672 4488 616 5112 1864 1160 1624 808 4952 3776 2736 5056 3096 4048 5224 4584 3080 2472 1264 2040 4600 5824 4832 496 3704 3864 3680 3640 3328 5528 2448 6680 4728 7240 4016 2664 6824 1624 4144 3704 1496 960 1936 5472 1528 3552 5216 4528 1736 7184 3688 4560 3408 5848 5816 4360 4360 5328 4064 1016 5272 4080 4440 2792 2824 5640 4696 3032 5064 1896 3672 2376 656 6032 4368 6448 2696 4864 2520 3424 1768 4440 3624 2000 3336 2032 1536 5936 3840 4528 1272 4240 4056 728 2040 3576 5712 344 3696 
5550 3820 5620 5220 5320 1810 3790 1830 1170 2980 3650 2680 3080 1920 4050 4740 1460 2100 3080 900 850 1650 4780 1620 4590 600 2120 3210 3070 2150 5360 5350 2170 910 780 5180 3650 2330 3050 2850 3400 2390 3010 3580 3240 5000 5750 3830 3370 3280 2210 7070 5210 3630 4890 2470 4540 3970 3810 3870 4620 1690 3930 2860 4050 2820 5500 2170 3530 550 810 3190 3850 2830 2020 3620 4070 2110 5120 4360 2650 5080 2510 3120 1110 3740 5550 6380 280 6720 4350 3430 5410 4690 820 4340 6030 5580 4890 5110 4870 6670 4160 2470 2210 3700 3910 2140 3620 5240 4010 3690 2830 3440 3160 2040 610 3930 3820 1720 1580 1210 2890 3570 1630 4230 4830 4740 5930 5720 2480 4170 2190 3720 1300 5830 3580 4840 3240 1990 3110 3160 4430 2140 3050 3710 5280 1590 4410 5000 5040 3780 1660 3410 2820 2800 2550 3860 4910 1160 2510 5020 4480 4020 4830 1050 5550 1190 1080 2780 1010 5810 680 4050 1510 4230 2870 1110 1950 4520 5400 5480 5770 5560 2630 3290 3080 2230 4710 4680 4690 2710 1820 3100 4910 1810 3230 2680 3630 5120 2710 2970 4720 2420 3560 3760 4880 4720 1170 2000 1780 5450 4800 5480 6390 2160 5650 3240 5170 2960 2090 2090 4480 3940 2540 3340 1810 2970 4570 3110 3380 4580 3020 2380 2370 5310 1370 7210 1160 1780 2270 1710 4660 650 2840 1170 2540 1880 3550 700 2250 1120 2160 5520 1000 3960 3990 2950 2830 3310 3710 5450 2390 2330 3830 1200 3110 4260 1150 1540 2860 5290 3840 5820 2770 5720 4590 3320 4100 3060 2050 6590 3830 2230 2690 1550 5040 3820 4200 3430 1100 4460 5030 5080 4380 3650 6610 3180 1590 860 4430 2760 1950 5010 6280 5650 4840 5230 4120 2250 370 2920 6060 2600 1770 2300 1710 1780 2420 4140 3540 4570 7360 2630 4500 1520 5890 1710 5020 4960 5540 2080 4520 5970 4680 3130 1690 3790 4660 3210 1950 3960 3870 4370 2170 3500 1750 6760 1460 3370 4350 4650 740 2350 4500 4950 2030 1540 5270 4140 5600 6310 5280 3100 1730 3870 2190 1720 2470 4720 3100 1390 2020 5540 3260 2110 3610 3050 3890 2190 690 2810 2270 5530 2490 2330 4200 5040 5190 2310 2300 4150 690 3330 4150 3600 520 6890 4520 1880 
5110 2290 6100 3650 5590 1320 2180 3420 2110 1790 4450 1260 4650 3510 4620 4720 1890 3260 2600 720 770 2930 3330 3230 4420 1970 2850 2580 3850 1410 4180 4230 3130 830 1670 5160 4390 1780 4210 2750 2800 2890 1450 2800 3350 3510 4250 2630 2950 1940 660 5680 5310 2400 3280 3480 2960 2440 2450 2880 3020 1280 2850 2710 2530 4350 4520 3720 2600 1970 2400 3890 2530 3840 1110 2110 3080 3390 4740 3300 2490 4120 3240 2630 810 3680 4190 5080 1770 5410 4160 2080 5810 5130 2410 3200 5030 5290 4350 3600 4900 5410 3220 1380 1850 2570 2950 1080 2920 4350 2590 3810 3790 2600 4490 2330 1980 2320 3270 3250 600 1420 2910 4240 3140 4210 4170 3640 4860 4720 4060 3280 990 4370 300 5050 2890 3260 1770 1650 2250 1690 3850 1240 1490 2400 3680 930 4710 4110 3900 2170 70 1890 1330 2700 2080 4760 3950 1610 1120 4080 2910 3150 5460 1930 4170 1470 1380 4320 1440 4310 1660 3390 2510 3130 2370 2460 1090 3520 4500 4750 4290 4190 2750 2700 1740 3570 4670 3240 3500 4170 2220 1850 4590 2130 4830 3360 2520 3520 3440 2130 3240 1850 4550 3070 3410 4570 1350 430 2670 4160 5180 4150 5170 1370 4880 4670 3580 4260 3260 3470 3240 3210 2200 2930 2850 2290 4590 3970 3740 4020 1450 3910 3880 5800 1650 5810 1630 2880 3830 2780 4010 2200 3750 2740 3930 460 2360 1470 3030 620 3600 5300 2170 4900 2640 1600 1960 4910 3360 4280 1140 2990 4460 680 4710 2670 2230 2120 1270 5350 4010 5630 1970 5150 3470 1860 3260 1670 860 5180 2770 3820 1130 2370 4750 2950 4530 5040 770 2860 3710 5180 4030 2700 5230 2910 3190 2460 2970 4310 3530 5630 4910 5370 4800 5000 4380 3740 1370 2350 4680 4040 400 3680 3250 1510 3600 4990 4660 3130 5960 1040 5060 730 4860 800 3960 4020 3990 2320 3180 4670 3690 4720 2700 3250 4430 1800 3530 3870 4510 4010 3270 3560 960 5430 440 3330 3630 3540 1640 1420 2900 3350 440 140 3740 2830 5660 4910 4090 4710 2930 3110 2050 3220 1820 3180 3080 770 2900 6090 2180 520 2700 4380 2320 2210 1660 3560 670 4530 2930 1470 3810 4840 3590 3900 3890 4140 2230 1960 4460 3290 1910 5450 4940 860 
3960 3050 4440 4430 3990 2760 3440 2760 910 1840 2790 2910 3710 3180 2950 3240 2860 1890 4130 1300 1270 3230 4890 2820 3040 1360 1240 4160 2210 2970 4000 3950 3760 1760 880 3690 2730 3300 2750 4100 1840 1220 2950 4430 1770 4030 4730 2560 1780 2250 2270 5850 3780 4070 4290 1960 4340 3920 2720 2440 4270 2660 2580 4090 3230 4180 4010 2850 4250 2150 1940 2230 4180 2300 1010 3640 4750 2110 3530 2960 3860 3590 1610 4160 930 2210 4360 5090 1870 5430 2790 2390 4170 3480 1930 4870 4540 4010 3300 4180 3400 5340 2700 1390 660 2390 4620 2720 4530 3720 2990 2240 2230 4240 3160 660 2200 3530 4840 2400 1110 390 1370 2570 2230 2720 3250 5310 4480 4240 3230 4940 1370 2690 1530 4260 2030 4130 3360 3050 3880 2350 2840 2850 2470 2570 4630 2380 3080 5770 3660 3400 1740 2640 2930 4050 1010 3130 5620 2520 2770 3520 4310 4800 3790 2580 4380 400 520 3350 580 4810 2190 5000 1170 2860 3890 2690 2660 3070 3870 3910 4740 4360 3980 1730 3390 3770 3200 4810 3360 3060 3240 2010 3330 460 4100 1710 2320 4620 1800 3760 3730 940 2970 4680 3870 3180 2380 1760 3350 4180 3540 4230 5020 930 4090 3430 4480 2910 1890 3610 4900 4830 3640 1750 3400 1460 3090 2350 2090 2990 2930 3740 3760 4150 2680 6020 460 3370 2990 3300 3080 2170 2150 2100 2710 2130 2330 2100 1440 1780 2500 3960 2590 3290 2870 3250 3590 4120 2120 4080 1510 1350 2790 1020 4180 3670 1100 590 2730 3830 2430 4280 1370 4130 3210 2440 2580 3310 2520 5420 4440 3050 2660 920 3470 4600 2900 4470 1900 4120 3810 3650 2790 4370 5400 1590 2840 2210 4510 3390 3250 3960 5060 4080 3330 3670 2770 3680 1240 1370 4870 2890 1440 3820 3120 350 2200 3350 3140 3530 6150 2520 3390 960 4410 1000 3580 3470 4660 650 4810 4690 5370 3880 1310 4820 3100 2300 2760 2420 2840 2780 3760 2010 880 5480 1930 1840 5260 3270 2230 1160 4180 4420 1850 1740 4370 2960 4150 5140 3920 4070 1650 2340 3390 3180 1020 3860 1570 890 1370 4420 3850 1890 4350 3050 3200 630 960 1920 2010 4040 1260 1090 2610 3490 4640 3140 3520 2650 2210 2340 2830 2010 1360 5740 3290 1100 
4599 1519 5852 1806 5411 1813 798 4123 3304 2170 4865 973 5012 4074 4907 4683 2464 4109 1799 2310 2345 3423 511 3920 4389 3185 3773 1603 4452 1568 3150 3283 3290 2219 2996 4949 4809 1680 4767 2247 3143 3752 840 1435 3892 2093 2464 2422 3360 1974 1358 3591 5124 665 1344 4242 560 252 2072 2807 854 1883 2660 2177 1617 4522 3661 4375 1190 2975 3423 4459 462 4494 2275 357 1183 4200 4417 2905 2114 3465 4039 1799 2387 4004 2786 3430 2905 3598 4214 1988 5628 5194 3430 931 3920 4837 4053 2051 4823 3703 3017 2184 2849 2499 1197 1407 1582 3668 1967 4186 4452 1337 4970 3346 2968 868 1876 4053 2135 2793 3591 4690 3990 4347 3836 1197 3703 3738 4585 1386 2023 4760 2009 4214 3122 1554 588 1890 1288 1666 3731 1484 1393 2156 1582 1799 4844 1750 3087 861 1771 1547 889 2233 2898 5096 1561 2422 1092 3458 490 1386 5495 2723 2737 2828 2779 4802 2821 2471 2681 1771 3577 2772 1743 3213 1575 3094 3752 4081 2520 2793 2443 3108 742 3843 4627 455 2807 4732 2527 2093 4382 3234 5082 4102 2506 1274 4172 1316 2051 2737 4984 1631 2121 4494 2254 1673 3031 2940 5194 2870 3647 2429 4123 5082 1610 4809 4109 3815 777 1610 1897 3360 3213 2842 4620 4557 4249 3843 854 4256 4214 5663 2331 3612 2954 3262 4445 3199 3752 3178 4410 3675 4571 1554 2317 2548 3906 2065 4333 4900 2968 5208 2156 812 1302 5152 3640 3227 1995 3850 4816 2289 4928 1204 3388 3276 1001 5117 4340 5138 2611 4494 2905 1722 3157 721 1428 3220 994 4417 1050 3465 4501 1344 4739 5159 2093 791 2660 5047 4018 1176 3332 3437 3885 3409 252 4788 4067 5607 3185 4886 4704 4704 4620 4095 2758 2954 3017 4641 1904 3948 3829 2723 4347 5250 5075 2107 3731 1141 5187 2240 3773 2205 3241 3437 2114 3325 560 3192 1414 5040 3717 1890 4347 1799 4221 4109 4851 4004 3479 3997 2303 3577 1834 3815 1771 2947 2639 2338 749 1253 1617 1827 2037 2303 5327 3094 3101 4963 3871 3164 2065 3766 2674 1785 3668 2310 3829 5880 966 1582 1225 4893 1372 3192 2982 4256 1498 3640 3759 2408 3864 4627 1386 4466 4326 4319 3185 1918 4690 3626 3136 3325 5054 2149 
2990 1550 5530 2100 4740 4380 2580 5830 3980 1390 4940 3440 6750 6190 4630 3580 5050 4800 5400 3560 3590 5950 4250 5840 3080 4360 3960 5250 4530 4330 1020 1090 6260 3920 3870 3840 4790 4700 5450 5750 1690 3650 2980 5270 3140 1410 1890 530 2060 1220 3100 2780 4190 4330 2430 4680 3300 3360 810 770 2920 4370 520 5690 1440 7160 1530 5910 4940 4880 4940 4420 4200 4920 2330 3370 5210 5070 2840 480 5480 1220 4130 5420 3250 2940 1320 2030 4620 2370 2900 1100 5170 4730 4940 5010 1960 3410 2260 1610 3790 2310 820 1890 2440 670 5160 3890 5460 1510 910 3340 4810 5060 5990 3250 4910 2490 5890 5470 2830 3300 2880 4580 5310 3250 1890 5420 1730 1670 6300 5490 2220 4610 3350 2290 1500 2060 3410 4700 4780 1610 1910 4120 2010 770 2530 4030 4170 6160 770 2490 3150 1610 3260 5700 2160 5340 5920 4750 3460 1210 3350 5430 5350 5030 1360 3340 3400 6390 3500 1980 4700 5880 4190 360 5200 5430 4040 740 1630 2120 1860 1320 5820 1740 3770 6570 3490 4240 350 6050 5380 1300 2870 3270 7170 4100 740 2820 4230 4720 1180 2140 5380 5580 1230 3200 4500 2760 5810 1110 4650 1170 2030 2220 2160 6340 2340 5760 4810 6440 4830 5650 5160 2080 5960 1710 3560 4750 3750 2030 2930 6710 6710 5330 4800 2950 3500 5970 6060 5880 1820 5020 4670 5150 5660 3340 800 4530 4120 3750 5530 3560 5210 5540 650 3700 4570 7180 2270 1120 2030 3910 4630 3180 7240 2120 4170 3590 2820 4130 3540 3870 1700 2750 420 1440 1110 3630 3680 2370 4870 6120 2970 3910 3030 5280 4110 7540 3900 2870 760 4100 2490 5000 2330 2360 5850 5150 3940 6440 6250 5460 1990 3470 3560 3330 3910 6610 3990 1890 1810 5880 2780 6650 6060 2730 5060 5430 5690 960 3080 2840 4910 2850 1770 2660 920 1180 2070 3160 4530 1620 5680 6940 4290 5890 2950 1430 5840 2970 4680 2470 6370 3110 2610 2420 3580 2870 6000 480 4700 2010 2960 2650 2800 3290 1820 430 4370 2090 940 7140 4660 1310 5110 6080 2050 1580 2830 2970 4190 5650 4460 2740 5030 5900 1760 2870 3930 4320 2660 1510 3560 2040 2310 3280 2730 6210 6550 3240 5050 1230 4040 2340 4340 2690 4570 2490 
7600 7120 6120 8530 6290 4760 7120 1570 3410 6110 4120 5930 1060 1480 4830 6320 3910 2880 5580 4230 4180 2600 7950 1710 6440 3090 3720 5830 3900 5130 8320 8250 3200 4180 3560 6680 4260 5130 2940 5010 6030 4130 6310 6260 5100 8250 8980 6890 5820 6480 5520 10180 6520 6680 8220 3260 7830 7240 6990 6760 7950 4640 6900 5090 7340 1260 8230 1530 6350 3040 2560 4110 6950 3320 5160 6880 6870 2580 7160 7270 4970 7820 3810 5610 4360 5660 8680 9410 3180 9760 6280 6620 6100 5510 2550 7260 8750 7420 7170 8380 6350 9660 6980 5610 4970 6720 6710 5280 6210 7910 7230 5370 3410 6190 2410 4280 3060 7260 6210 1930 4850 4110 5010 4350 2100 5960 7270 7580 8740 8460 1150 6870 5420 4490 4630 8300 6250 8160 6490 4760 5940 6430 6830 5200 6370 6860 8610 4720 5570 7580 7970 7110 4990 6700 6100 4990 5280 4000 7580 3870 5760 7750 7770 6710 5210 3450 8700 4070 4030 1300 3930 9060 3460 6520 3260 7190 5450 2730 5050 7360 8040 7940 9000 8680 4650 5930 6250 2230 6340 7840 7690 1770 4000 6260 6910 4180 400 3960 6650 8460 3860 5810 7950 5260 3590 6310 8110 6510 4090 5330 3320 8510 5700 8560 9330 5200 8130 2010 8490 2470 2860 2160 7480 6510 5080 5790 3050 5760 6140 3740 4810 6940 6330 1390 1490 5860 4040 10340 3900 2950 1380 3010 7110 2770 3570 2270 2160 5180 6640 3650 3650 4410 2040 7260 3090 3930 7150 6130 5720 540 5990 8390 5610 3880 4590 4480 280 7590 3230 3830 6180 6650 5390 7470 5700 7940 7530 6580 6820 6260 5260 9740 6720 1280 6000 3540 6980 6540 5390 180 4340 7790 8130 6410 6510 6470 9730 5520 1750 2470 7640 1180 1500 5350 9390 7480 6450 7030 5430 1670 3600 5620 9190 1910 5080 2080 1860 4660 2810 4260 3250 7790 10480 5960 5140 4750 8650 4920 7870 7700 8830 4360 7610 9020 7400 750 3220 6170 6590 6460 1560 5850 4590 6510 2890 5340 4910 9810 4750 5370 6830 7580 3520 5430 7820 8290 5370 4860 8550 7270 6890 9460 8240 250 2850 6550 4710 1990 5350 8010 5190 4610 3460 5920 6240 5440 6410 2390 7210 4630 3510 3860 5600 8270 4260 5380 6420 6840 8530 1200 1130 5880 2750 6550 5380 5860 3130 10050 5420 5100 
3128 1264 5336 936 4696 3864 1944 5440 4000 1808 4896 2920 6240 5672 4656 3760 4496 4720 4488 3456 3488 5352 3064 5408 3360 4232 4064 4328 4560 3752 952 1152 5504 3672 3848 3944 4776 4032 5280 4864 2296 3832 2496 4272 3464 400 568 1248 2592 1520 2808 1528 4232 3424 1384 4648 2280 2504 1104 1560 1928 3880 1360 4800 1072 6416 1656 5544 3984 4528 4680 4480 3256 4856 2568 2616 4104 4928 3080 1280 4656 1584 4224 4496 3264 3296 400 1152 4336 1376 3224 1408 5048 4720 4680 3856 1816 3504 2616 512 3928 1464 1584 2208 2808 1408 4096 3408 4432 1808 944 3616 4776 4112 5696 3480 4552 1824 4784 5176 2880 3408 3248 4616 5048 3528 2312 4152 1536 1672 5848 4336 2392 4632 3224 2360 2144 1080 2752 4096 3936 1656 2408 3584 1872 1208 1320 3624 4272 4784 1040 1880 3000 1520 2752 4824 2616 5216 4576 4296 2984 1616 2344 4320 5224 4568 352 3440 3472 5952 3552 640 4336 4728 4200 1232 4352 4960 3560 1416 1856 2320 544 408 4976 2336 3088 5864 3688 3080 904 5704 4728 1688 3136 3480 6536 4208 1464 1664 4312 3912 464 2560 5248 4512 360 3448 4080 2672 5144 608 4648 512 1384 2536 2296 5960 1192 5504 4728 5768 3664 4536 4384 2608 5296 2272 3760 4728 3952 2472 2448 6056 6048 5184 4296 1624 3576 5320 5656 5240 2288 4672 4664 4880 5400 3056 1408 4184 4200 3512 5272 3656 4744 5376 976 3064 3816 6560 2760 1024 2240 4040 4656 3184 6560 1408 4144 3712 2424 4176 3776 3880 2208 2864 1104 1520 1816 2976 3264 1128 3856 5696 2584 3976 3264 4232 4232 6808 3632 1936 432 4176 2896 4008 1176 2832 5392 4824 2880 5984 5704 5312 936 3552 3736 3496 4072 5952 3880 2424 736 5568 2776 5944 5528 2984 4936 5296 5488 504 1752 2512 4872 2928 1656 2784 1288 1616 776 3416 3384 864 4400 6376 4288 4784 3240 1584 5464 3312 4696 2880 5632 3440 2776 1376 3328 3248 4776 1112 4320 2352 2000 1560 2680 3120 640 896 4352 912 928 6496 4576 1992 4416 5528 2480 736 3208 3040 4232 5448 3616 2624 4048 5616 1336 3184 3888 4384 2520 1616 3768 2400 2760 3480 1552 5768 5960 3528 4704 1480 4176 2816 4208 1352 4592 2640 
3900 630 6240 1430 5480 3760 1650 5740 3980 1240 5380 2660 6790 6000 5180 4340 4520 4950 4630 3220 3250 5580 3310 5670 3860 4220 4170 4460 4900 3640 1760 1910 5780 3480 3750 4650 5250 4000 5710 5050 2230 3930 2160 4440 3650 940 1670 860 2610 830 2430 3020 4970 3440 1570 4920 2360 2430 390 1440 2000 3770 1170 4980 500 6920 2440 5900 4090 4560 4770 4820 3300 5200 2150 2460 4320 5190 3710 1400 4790 2150 4420 4650 2980 3560 1530 2460 4320 2770 3650 690 5890 5380 4780 4090 2820 4300 3150 1090 4550 2820 1650 1710 2570 1050 4280 3200 4630 2450 90 3930 5110 4230 6200 3440 4580 1550 5070 5440 2510 3210 3310 5050 5280 3960 2800 4500 2540 2550 6280 4610 1900 5100 2920 3230 2100 1250 2540 4060 3980 960 2750 3430 1270 580 1760 3440 4830 5250 1620 1560 2640 820 2460 5010 2390 5770 5000 4260 2710 2160 2410 4560 5950 4600 1510 3260 3280 6430 3380 1740 4310 5030 4260 1230 4440 5090 3390 1670 2570 3060 1680 1540 5160 2240 2930 6220 4260 3290 1220 6150 4820 1070 3710 3400 7130 4430 1100 1970 4550 3930 640 2270 5750 4750 790 4000 3990 2230 5330 1580 5320 1540 2630 2150 3100 6510 1580 5950 4960 6100 3900 4800 4450 2630 5510 2040 4300 5100 4250 2880 2100 6470 6460 6010 4270 3140 3440 5540 6040 5440 2710 4740 4990 5040 5790 2730 900 4120 4350 3280 5590 4430 4820 5960 350 2880 3790 7170 2920 1870 1710 4170 5140 2880 7130 1190 4160 3660 2020 4930 4140 4750 1860 3690 1360 790 1910 2790 3010 2520 3990 6080 2210 4000 3890 4420 4740 7440 3430 1930 1130 4870 3280 4140 2570 2860 5660 4940 3000 6460 6040 6080 2250 4370 4340 4180 4540 6330 3750 2240 2020 5980 2360 6320 5810 2720 5240 5910 6020 480 3300 2100 5500 2570 2620 2390 1830 2130 1580 3360 3600 2060 4770 6940 4390 5070 3750 870 5780 3640 5190 3260 5940 3680 2400 2790 3050 3420 5130 1420 4290 1920 2030 1780 2250 2790 1300 510 5190 2250 1680 7060 4740 2020 4460 5800 2160 840 3310 2710 4370 6340 3610 2170 4180 6100 820 3080 3800 4660 2050 2410 3870 1990 3080 4110 1910 6160 6370 3930 4780 760 4660 2960 4180 2800 5200 2220 
2224 4480 856 5344 672 4888 5096 3568 2728 3456 1056 4968 3528 4136 504 1056 4832 2288 5984 3712 3688 4712 6416 3880 1408 3240 1968 6024 1328 5072 4000 3832 5280 4064 3072 1168 952 5320 2008 5912 2432 1776 4904 6240 1392 4832 5216 3544 2136 3760 4456 5528 920 5904 5464 1912 5832 5608 3920 3120 5656 4808 3336 5912 4536 4848 3504 3304 6096 4024 3504 1176 5960 1752 3264 5440 6488 2472 1968 3368 5728 3312 1680 6008 3440 1368 4640 4840 3856 5064 1464 3808 648 88 3480 6544 3792 1904 2280 4984 968 4872 3064 3344 2600 3384 6384 4872 6320 3208 4160 1088 1688 6088 2464 2168 4080 5112 6560 3208 3544 2960 1736 912 3096 1128 2536 6904 3952 3656 3520 6640 3536 792 3920 3144 2544 5224 5264 5112 5808 4040 2304 4976 4296 3768 5640 4600 376 7304 3752 5040 4072 4248 4952 5872 2536 1216 7176 4576 4872 3248 5832 6536 592 4512 4696 2936 3040 3320 3032 5288 4216 6696 2496 3416 5800 4344 4832 3256 3264 2912 5184 4632 5768 2432 5352 4960 1120 6360 3760 2944 5128 3568 1784 2352 4056 1536 3344 5776 1536 5704 4616 2712 1512 6440 4688 1376 4520 4024 5032 4352 200 4456 4576 3072 3056 2816 5488 2384 2304 4824 6544 6568 5584 2120 4984 2664 976 1408 1016 2288 4880 4584 4648 624 4728 5696 2864 4936 3400 4904 2488 3920 1592 3376 2648 4384 3512 4208 1896 4112 2856 1720 4400 1336 3944 5248 5568 3976 1896 4008 3560 1800 704 3512 4392 5056 2768 2472 4712 1040 912 1776 2896 2608 3560 4040 2832 5272 4704 5360 6232 3536 4704 2424 1744 6376 432 4504 4192 5568 4248 872 1816 6184 5248 1960 3936 3760 6112 3424 4208 664 5008 1928 1144 1640 592 4672 3488 2512 4952 2840 3784 4936 4296 2808 2200 1088 1824 4432 5752 4576 312 3432 3808 3408 3536 3232 5368 2168 6432 4632 6976 3776 2376 6544 1560 3920 3432 1336 696 1824 5184 1296 3288 5136 4248 1512 6904 3560 4264 3168 5632 5616 4096 4080 5160 3888 1176 5168 3968 4192 2504 2664 5352 4416 2792 4880 1656 3400 2088 872 5760 4112 6176 2456 4656 2248 3136 1480 4176 3560 1712 3088 1904 1536 5744 3576 4256 1128 3944 3848 496 1856 3280 5616 64 3432 
5796 1809 7713 1665 7083 3141 1071 5994 4779 2898 6615 1980 7110 5985 6588 6093 3987 5805 3195 3582 3627 5211 846 5769 5688 4707 5283 2943 6111 2853 3654 3852 5085 3546 4410 6399 6525 3033 6624 3780 4113 5193 1629 2709 5229 2178 2520 3006 4428 2565 2358 3924 6660 1737 1080 5922 261 801 2529 3528 486 3222 3312 3690 1836 6615 4392 6282 2403 4563 5067 6093 1458 6237 3276 1125 2322 5949 5616 3537 3609 4185 5598 3195 3609 5292 3060 3834 4437 4005 5472 2538 7407 6885 5085 1917 4653 6147 5112 2070 6282 4185 3753 3060 3960 3150 2367 2601 2898 4455 2322 5562 6174 2592 6939 4680 4554 1026 3267 5859 3231 4086 4860 6363 5760 5697 4806 2160 4347 4455 6570 2565 2943 6444 3195 5148 4050 1422 1485 3276 2538 2232 4734 2727 1980 2682 1296 3078 6408 2889 3636 1125 2871 2007 1818 3753 3951 6939 2646 3906 2124 4203 315 2592 7326 4293 2988 4131 4086 6822 4158 2511 4203 3096 5121 3384 3123 4905 2817 3780 4554 5022 2592 3069 4023 4095 1782 5769 6021 891 3321 6687 4104 2772 5598 4563 7245 5661 3168 864 5760 2583 2205 3771 6831 2943 2259 5814 3681 2655 4734 3312 6858 3213 4167 3429 5049 7119 1377 6723 5805 5715 1638 2898 3321 4428 4968 3789 6030 6264 5733 4860 1620 6255 6210 7479 3807 3933 4302 5031 6381 4941 4716 4806 6093 5391 6444 2646 2943 4023 5454 3339 6165 6255 4590 7092 2583 1854 2556 7326 4761 3744 2853 5355 6498 3483 7083 1206 4905 4671 1782 6642 5769 6552 3528 5598 3483 2250 3978 1728 2583 3465 2115 6354 1917 4941 5760 2565 6300 7380 3393 540 3006 6570 5175 2367 3627 4581 5724 5085 756 6813 5985 7461 3483 6210 6102 6021 6129 6057 4167 3960 3276 6561 2943 5895 5688 3888 6102 7110 6993 2331 4086 1989 6930 3357 4464 3267 3879 4176 2034 4635 1296 3573 2493 7164 5283 3276 5607 2376 6102 5400 6552 5157 5319 5328 3366 3969 3033 5085 3060 3528 4158 3276 459 909 2592 2970 1998 2745 6894 3330 3609 7110 5526 4041 3528 5625 3672 1818 4932 3465 5391 7767 2133 2538 2430 6840 1602 4428 4410 5859 2403 4356 5184 3366 4977 5949 1017 6426 6318 5670 4824 2484 6228 4770 4653 3564 6714 3168 
4340 5030 3240 6370 3170 4300 5470 2120 1470 3740 1150 4810 2320 2830 1720 3050 3990 520 5620 2940 2890 3600 6860 2510 3170 1950 790 5730 680 4600 5480 5360 4340 3270 1950 3420 1200 4840 740 5390 3100 1070 4930 6080 1890 5890 6550 4300 2810 4170 4200 7440 3290 5930 6290 70 6360 5920 4580 3980 6290 4180 4190 5410 5180 3740 5200 1820 5980 2870 2130 880 6080 290 3030 5620 6500 760 3900 4460 5200 4830 610 5660 2730 2420 6040 6610 2710 6950 3020 4290 3100 2420 2100 6700 5700 4150 3970 6060 3090 6780 4110 3360 2390 4090 6360 4470 6140 4850 4870 2110 280 5910 1270 1530 2940 5550 6360 1670 3080 2130 1920 1200 1530 2680 4120 7130 5750 5430 2140 6640 3390 1350 3320 5130 3320 6090 5310 4520 5570 4340 3700 4540 4490 4410 6610 4000 2350 7480 5130 5420 3620 4630 4880 5340 2580 1310 7360 3710 4660 4750 6330 6500 2370 3530 6080 2090 2170 1990 2110 6630 3200 6580 1070 4430 5400 3190 4340 4470 4970 4770 6540 6040 5160 3020 5280 3870 3060 6780 4940 1550 4320 3920 3650 1600 2920 710 4020 6620 600 5430 5590 2690 1020 6280 5720 3240 3710 3740 4080 5780 2580 5870 6430 2900 4970 1660 6450 1050 540 3700 6780 6450 5080 2770 3980 3010 2860 600 1530 3780 4920 3390 3470 2940 3920 7630 1910 3910 1960 3880 3980 2690 350 1910 1120 3990 4120 3250 610 3410 1260 3980 3320 1410 4700 5140 5280 2860 2860 5530 3520 810 1470 2860 3260 5670 1410 1450 4720 3410 2120 4200 3110 4700 4730 4420 3890 5220 4310 7080 6230 2110 4630 1180 3710 6290 2150 3450 3470 6140 5480 3180 3290 6090 7020 2470 2580 2430 6490 2100 2920 2540 6680 4200 3180 3760 2170 3490 2440 2830 6520 1380 3410 3830 3040 2350 450 1590 1120 5380 7740 4500 2120 2930 5630 3010 4960 4700 6550 1600 6730 6250 7120 2600 870 6330 3320 4270 1960 2600 1490 3300 4190 2100 2890 7010 3670 2190 6870 4770 3270 3110 6200 6430 3820 3570 6270 4740 3670 6810 5410 3040 850 3610 4740 3190 2800 5780 2050 2830 650 3110 5640 3870 6070 1190 5190 1880 2000 580 4000 5260 1170 3030 3240 3560 6630 2170 2990 2610 2710 4270 2130 2730 2020 7410 2290 3120 
3936 4728 2560 5800 2688 3984 5064 1760 1792 3704 960 4488 1512 2336 1528 2816 3640 872 5000 2960 2920 3136 6152 2144 2992 2064 1344 5112 928 4248 5048 4936 3744 3192 2160 3072 1080 4408 112 4760 3152 1544 4616 5408 2096 5416 5936 4136 2896 4048 4008 6624 2904 5360 5736 744 5768 5400 4368 3864 5728 3888 4040 4784 4856 2944 4776 1408 5352 2712 2072 1080 5496 528 3120 5160 5776 856 3600 4240 4624 4496 1160 5032 2832 2480 5520 5944 2624 6216 2912 4136 2528 2056 2048 5960 5160 3728 3728 5552 2808 6072 3952 3392 2624 3968 5656 4176 5440 4488 4608 2184 608 5288 448 1928 2760 5136 5592 1472 3136 2368 2184 1184 1424 2600 3880 6296 5224 4960 1560 5872 3408 1272 3288 4656 3320 5584 4896 4136 5016 4176 3544 4208 4288 4232 5992 3776 2152 6536 4768 5032 3536 4408 4552 4720 2768 856 6456 3440 4360 4424 5744 5752 1824 3240 5552 2336 2384 1320 2328 6008 3016 5784 1472 4224 4832 2872 4056 4232 4584 4384 5928 5512 4544 3088 4856 3240 2848 6080 4624 952 3880 3840 3400 1984 2032 1192 3912 6000 1088 4904 5176 2856 528 5552 5280 3032 3472 3656 3592 5304 2216 5376 5784 3024 4536 800 5864 376 880 3112 6040 5696 4560 2864 3480 3104 2680 752 1704 3600 4608 2736 2816 2344 3608 6776 2184 3408 1480 3400 3768 2528 736 1824 720 3824 3992 3088 1192 3320 1024 3568 3032 824 4464 4744 4784 1952 2896 5080 3512 1344 1344 2944 2400 5240 1712 1848 4448 3008 2144 3704 3192 4256 4456 4240 3760 4808 4056 6344 5568 1624 4360 1600 3424 5592 2024 2496 3344 5608 5072 2824 3176 5448 6288 2624 2216 2272 5856 1424 2408 1944 6016 3768 2928 3424 2088 2864 2512 2952 5896 872 3400 3184 2576 2576 608 1072 320 5000 6856 4272 1760 3016 5120 3088 4616 4392 5944 1984 6024 5672 6272 1752 1312 5568 3136 4120 1592 2592 1336 3184 3584 2232 3008 6272 3552 2336 6024 4480 3080 3200 5656 5840 3720 3488 5720 4488 3184 6128 4992 2192 1168 3544 4280 2712 2944 5336 2272 2928 1216 2408 5104 3760 5416 440 4856 2208 2192 1024 3872 4824 1608 3128 3152 3272 6008 1648 2376 2552 2544 4120 2024 2800 2128 6608 2000 3192 
4977 3661 4732 4599 4620 1645 3479 1176 1785 3185 3262 2548 1981 798 3647 4326 1001 2093 2135 1666 1645 70 3878 833 4270 1330 2380 2317 2919 1890 4872 4872 602 1470 1624 4627 3304 1848 2611 1757 3514 2625 2877 2618 3290 4515 5040 3787 3479 3367 2366 6020 4613 2961 4305 2422 3892 3458 3731 3836 4025 1575 3878 1799 3829 1064 4984 1526 2688 749 1001 3031 3164 2625 2527 3199 3045 1981 4669 4179 1715 4690 2604 2156 1883 3668 4963 5565 938 5796 4109 3472 4620 4130 1022 3332 5355 4977 4536 4578 4403 5775 4046 2835 2674 3703 2933 2058 2576 4809 3857 3584 2646 2569 2499 2478 714 3591 2583 1386 2177 1974 3087 3283 1435 3983 4508 3542 5285 5138 1575 3045 2611 3395 1862 5208 3640 4319 2926 1603 2408 3234 4221 1967 3101 3675 4585 1694 4004 3542 4655 3493 2079 3381 2688 1736 2919 3332 3542 1043 2436 4648 3836 2933 4123 742 4956 1960 1883 1876 1827 5082 889 2800 1911 4088 2051 357 1883 4298 4914 4970 5061 4963 1505 3437 2716 441 4312 3801 4396 2016 1036 3262 4515 2331 1834 2730 3661 4424 2723 2324 4326 2828 3066 2653 4445 4354 1225 2359 567 4914 4228 4921 5586 2639 5089 2408 4529 2408 2079 371 3500 2786 1792 3458 399 3213 4200 2884 3304 4326 2898 819 763 4522 1127 6111 1911 329 1526 350 4389 707 2702 1120 2072 2114 3591 1029 2422 1624 1785 4914 539 3360 3864 2646 2268 1939 3696 4935 2751 2534 3479 1932 1568 3885 1708 2107 2821 4683 3668 5110 3073 5117 4333 3353 4004 2744 2079 5670 2954 1421 2674 2030 4606 2814 3857 1785 1540 3913 4606 4529 4158 2772 5698 3325 770 777 3682 1806 756 4242 5474 5026 4403 4718 3822 637 1393 3171 5313 2009 2254 518 497 2380 2240 3535 2954 4242 6216 2674 3948 2163 5250 2296 4641 4606 4851 2520 3605 5271 3416 1897 1995 2562 4333 3297 1337 3822 3500 4151 469 3479 2338 5817 1827 3416 3024 4382 910 2765 3927 4319 2366 1974 4676 3983 4893 5481 4809 1659 1876 3843 1533 385 2863 4291 3234 2079 2247 4641 2639 2415 2723 2436 3682 2625 1561 2772 2520 5005 2716 2758 4039 4585 4494 1442 987 3927 679 3395 3829 3619 1309 5873 4025 2408 
3577 2996 3332 3983 3185 1932 3108 938 378 2240 1911 2457 1680 1253 2240 2877 1673 798 2828 1113 1078 1498 3927 994 2835 259 931 2926 1526 2170 3801 3759 1974 1253 469 3178 1925 2310 1456 2653 2247 1176 2625 3178 1855 3752 4263 2779 2156 2506 2072 5082 3164 3171 3815 1071 3682 3318 2856 2709 3703 1848 2800 2667 3143 1953 3787 1036 3136 896 448 1624 3304 1316 1589 3087 3514 805 3269 3073 2520 3493 1169 2856 1092 2240 4039 4557 777 4802 2681 2604 3206 2709 434 3689 4158 3549 3178 3850 2954 4732 2877 1897 1456 2667 3402 2128 3213 3577 3031 2142 1316 3073 1561 1078 938 3192 3353 714 1421 840 1673 1883 609 2548 3192 3969 4123 3948 1302 3591 1785 1995 1414 3913 2394 3745 2835 2072 2842 2506 2891 2142 2506 2765 4074 1764 2555 4172 3563 3094 1659 2695 2534 2618 1687 2044 4102 1477 2338 3444 3647 3486 2758 1344 4046 812 791 1435 721 4312 1113 3514 455 3003 2681 1162 2009 3143 3675 3668 4270 4039 2485 2170 2758 1792 2870 3857 3346 1309 1904 2352 3108 959 1897 1295 2618 4011 1295 2744 3542 1659 1820 3311 3654 2919 1491 1827 1757 3920 2800 3955 4508 1603 3794 1659 3983 1407 791 1673 3773 3437 2450 2128 1722 2016 2751 1533 1848 2989 2625 1652 1680 3122 1624 5201 693 1680 1134 1645 3073 784 1344 476 1148 1869 2611 1155 980 1379 910 3479 1211 2100 2968 2660 2646 1925 2331 3850 1911 1085 2079 1183 1925 3374 266 714 2499 3227 2219 3675 1953 3752 3248 2597 2786 2730 2037 4774 3339 1155 2401 588 3185 3346 2408 2135 1393 3591 3647 3073 2765 3220 4767 1967 1015 672 3675 1449 1302 2877 4529 3598 2961 3283 2373 1645 672 1939 4396 1218 1617 1799 1260 1225 1015 2240 1806 3416 5292 2338 2548 1337 4074 1442 3500 3409 4172 1127 3780 4277 3941 1764 560 3325 2912 2506 952 2387 2100 2765 1911 2044 1421 4830 1603 1995 3724 3283 1169 1764 3626 3885 1869 1596 3976 3045 3437 4578 3745 1862 539 2611 2205 1330 1708 3598 1820 1246 812 3269 2933 1918 3192 1484 3073 1281 455 1358 2030 3808 1267 1722 2667 3150 4046 1218 1470 2492 805 2555 2380 2247 308 4998 2597 1561 
2424 1808 3544 2808 3024 2712 2384 3208 1720 752 2648 2408 3920 3552 2544 2216 3024 2360 3736 1712 1712 3520 3712 3264 1920 2088 1696 3704 2256 2792 2200 2152 3872 2072 1696 2536 2544 3088 2920 3856 576 1480 2248 3840 1328 2392 2912 1112 720 1088 1936 3704 2712 3320 2824 2288 3112 2912 1352 952 2960 2664 1072 3824 1896 4344 2216 3256 3632 2632 2552 2200 3336 2504 760 2760 3976 2576 2128 1360 3640 1872 1872 3760 1392 1416 2536 3080 2416 3352 1712 1160 3280 2800 2552 3960 2640 2576 1832 2528 2368 3264 1152 672 480 952 3888 2496 3952 2000 1592 1632 2424 3672 3328 1112 2672 2400 4256 2912 1208 1248 1008 2392 2776 1816 1720 4320 2576 2392 3560 4160 936 2440 1696 2480 688 2624 2624 2976 3400 1336 1432 2648 1584 1208 3040 2392 2384 4800 1920 2328 1688 1544 2344 3816 248 2960 4640 2760 2344 1824 3120 4072 3192 2888 2560 1272 1344 3624 1416 2976 2592 4328 1872 1296 3552 3080 2528 1448 2120 2216 2904 2536 3824 496 2776 3976 2160 3672 1696 3352 3320 880 2016 1136 4256 1872 896 3120 1976 3312 2152 256 2936 4072 2256 2040 2592 1504 3520 2368 2784 2416 3008 560 2344 3600 2904 3136 2368 3856 3912 4168 3424 704 3600 184 2128 2416 1784 1568 2216 3992 4000 3328 2848 3848 1368 3592 3368 3520 1584 2696 2320 2688 3048 1976 968 2480 1832 2000 2936 2592 2952 3112 1432 2680 3176 4264 1056 2256 904 1680 2488 1392 4344 2368 1872 1392 2064 2720 1808 2864 184 2480 1568 1336 1080 2680 2312 3376 3704 3432 2088 1648 2152 3928 2272 4576 2128 2856 2088 2616 1568 3712 3352 768 3272 2752 3416 3672 3600 3312 3080 2640 2256 2352 2128 3936 1896 224 2936 3216 1344 4024 3488 776 2568 3072 3152 1976 3944 1952 2840 1152 2528 1040 1856 1776 2920 1056 3768 2768 4432 4072 1944 4240 1904 1224 3200 1544 2528 1552 3912 1416 928 3400 1992 1200 4496 1608 2600 536 2920 2960 1576 1760 2696 1464 2960 3160 2136 4248 2240 904 3288 3528 224 2336 1056 1208 1872 3584 3264 1560 3712 3256 1968 816 1752 2056 1592 2232 1432 480 1392 2240 3104 3496 3824 1776 2728 1168 2216 1016 2080 3640 2648 968 
8490 4470 9560 5130 9100 2410 3530 5630 5250 4930 7760 2560 6890 5250 8040 8230 2870 6290 1120 3860 3890 4040 2610 5190 7910 4780 6160 970 7160 2140 6860 7010 3490 3450 4770 8660 7740 1860 7230 1630 6200 6300 2960 710 6850 5490 6070 5570 6410 4820 3090 7680 8820 1680 4480 6640 3330 2860 5140 6020 3770 2530 5880 1550 4670 5520 7480 6100 1010 4010 4830 7250 1900 7010 4580 2690 870 6290 8150 6290 1680 7140 6560 1080 4190 7180 6460 7400 4080 7650 7640 4900 9300 8600 4850 1350 7910 8730 7700 5450 8410 7790 6350 4700 5360 5610 840 2420 580 7420 5090 7320 6990 920 7310 5770 3960 3680 440 5730 4110 4800 6420 7620 5710 7710 7460 1300 7640 7630 6280 600 4340 7750 3590 8180 6250 4760 2550 2190 1260 4380 7210 2270 3950 5210 4820 2750 8200 950 6700 3610 3450 4340 2710 1650 5570 8010 1020 3070 2600 7120 3240 570 8870 3390 6400 4820 4710 6680 4720 6080 3600 130 5640 6100 1310 4030 2450 6560 7550 7940 6140 6470 2000 6120 2180 4460 8170 2520 6280 6750 2680 4890 8030 5550 6750 6710 5590 4370 6770 1370 5380 5340 7730 430 5510 8060 3010 3630 3320 6630 8660 6550 7670 4850 8030 7320 4860 7120 6280 4500 1690 310 1660 6400 3590 5700 8100 7240 7210 7370 3020 5260 5160 9270 2860 7710 4940 3690 6140 3630 7310 4290 6980 5180 6670 3060 5340 3500 6320 3360 6260 8760 3720 8120 5300 2260 1550 6890 6830 6970 4410 6330 7860 4100 6360 4210 5290 5450 3150 8850 7520 9100 5360 8440 6360 4530 6480 2320 2640 7140 1140 6030 3020 5600 8200 670 8020 6650 3270 3680 6200 8690 7470 950 7300 6400 5110 4640 2600 6610 5200 9050 7070 8800 8300 8460 7880 4980 4270 5800 6820 6680 3860 4620 4830 5010 6610 8280 7730 5410 7890 3180 8490 4240 7710 4310 6870 7070 5570 5780 2050 7040 940 6810 5840 480 7900 4580 5830 7380 7900 7450 3810 7070 4460 7630 3180 6840 190 6430 3520 4840 3630 4350 3540 3410 5450 5530 9170 6950 6780 6500 5920 6410 2040 4680 5290 5050 6590 4260 6130 9530 1500 3560 910 7200 4320 5700 4710 6880 3540 7470 6360 4910 7250 8320 4530 6090 5540 7650 4280 4780 7950 6770 4710 7300 8410 4330 
4011 910 5362 1309 4893 1904 189 3997 3024 1631 4459 959 4858 4018 4459 4144 2548 3822 2170 2114 2142 3472 1015 3836 3843 2982 3416 2002 4067 1708 2541 2674 3430 2107 2744 4403 4396 1897 4459 2569 2597 3360 623 1904 3416 1526 1939 1827 2828 1407 1169 3066 4585 1141 889 3913 490 357 1463 2219 532 1953 2065 2499 1001 4543 3052 4207 1652 2912 3276 4060 994 4158 1862 441 1736 3934 3836 2296 2408 2849 3661 2177 2121 3486 2205 2863 2807 3038 3668 1407 5131 4711 3290 1533 3311 4256 3465 1498 4291 3136 2422 1708 2408 1911 1729 1463 2051 3059 1358 3689 4109 1778 4704 2954 2912 259 2359 3878 1820 2485 3122 4270 3801 3822 3241 1806 3094 3129 4445 1939 1603 4333 1813 3605 2569 1029 644 2044 1659 1113 3150 1589 875 1561 1169 1799 4347 2345 2471 252 1554 966 812 2541 2415 4711 2170 2450 1064 2849 476 1925 5040 2744 2163 2520 2485 4627 2541 1953 2646 2289 3290 2170 2072 3206 1631 2492 3143 3479 1988 2212 2716 2569 938 3913 4088 987 2198 4515 2674 1547 3808 2856 4977 3717 1918 938 3787 1659 1456 2268 4620 2114 1540 3941 2268 1372 3143 2345 4697 2282 3066 1988 3514 4844 1155 4536 3822 3864 1386 2121 2170 2828 3311 2324 4088 4179 3794 3255 602 4256 4221 5180 2394 3101 2653 3353 4291 3283 3164 3094 4053 3521 4326 1414 1736 2506 3549 1946 4109 4326 2968 4830 1547 952 1596 5040 3101 2618 1540 3479 4389 2023 4872 630 3122 2940 707 4578 3843 4557 2100 3899 2289 1155 2569 861 1414 2695 1519 4277 833 3150 3934 1848 4256 5103 2002 420 2058 4508 3458 1659 2793 2933 3808 3304 770 4627 4025 5152 2625 4305 4158 4137 4123 4109 2569 2443 2457 4417 1596 4004 3801 2331 4053 4851 4746 1505 3227 868 4732 1918 3164 1848 2632 2828 1617 2919 1169 2611 2009 4907 3416 2359 3787 1239 4074 3584 4424 3444 3598 3500 1925 3024 1715 3318 2324 2338 2611 1876 434 854 1330 1638 1505 1694 4781 2548 2492 4879 3605 2590 2275 3759 2198 1218 3185 2002 3500 5397 1351 1281 1701 4627 763 2765 2744 3871 1176 3031 3353 1946 3304 4067 1022 4333 4277 3794 3115 1344 4200 3094 2940 2821 4578 1771 
4320 1032 6248 488 5648 3200 1000 5376 4104 2088 5480 2136 6312 5480 5368 4736 3928 4968 3544 3224 3264 4936 1744 5248 4352 4176 4416 3344 5072 3000 2288 2472 4944 3312 3848 4976 5384 3232 5640 4000 3032 4272 1704 3200 4136 952 1248 1944 3336 1744 2256 2520 5232 2312 48 5008 992 1352 1544 2408 624 3248 2192 3928 936 6128 2968 5576 2912 4232 4568 5024 2104 5256 2648 1552 2936 5136 4200 2320 3816 2824 4648 3544 3152 4104 1720 2408 4080 2568 4176 1672 5968 5552 4576 2632 3168 4656 3744 848 4904 2720 2560 2360 3152 2096 2952 2696 3368 3064 1320 4384 5192 3064 5984 3832 4240 864 3720 5200 2768 3472 3840 5224 5088 4424 3448 2888 2896 3008 5864 3168 2376 5280 2904 3656 2936 288 1800 3384 2952 1576 3448 2856 1528 1696 280 3048 5112 3536 2304 976 2624 1344 1952 3976 3064 5784 3320 3792 2240 2840 1064 3176 5992 4112 1656 3512 3504 6032 3576 1248 3960 3608 4376 2200 3440 4608 2888 2520 3128 3576 1312 1728 4176 3032 2136 5456 4664 1776 2056 5856 4096 1952 4216 3768 6512 4680 2128 328 4776 2960 1016 2936 5744 3432 1048 4456 3568 2344 4608 1960 5512 1864 2704 2720 3576 6192 256 5792 4968 5384 2408 3424 3552 3344 4792 2832 4704 5224 4616 3544 1672 5792 5760 6064 3744 2544 3664 4832 5680 4752 3392 4424 5104 4824 5608 2544 1952 3800 4560 3128 5400 4776 4352 5936 1544 2152 2896 6560 3592 2360 2248 4440 5320 3048 6440 536 4240 3928 1736 5200 4560 5032 2648 4104 2224 1520 2776 2048 2616 2104 2720 5680 1904 4192 4352 3112 5032 6696 3208 680 1720 5160 3880 2912 2240 3520 5224 4640 1608 6048 5496 6104 2096 4712 4728 4584 4880 5640 3728 2992 1912 5736 2552 5552 5264 3176 5224 5912 5928 1168 2680 1896 5640 2856 3008 2744 2536 2832 832 3784 2112 2168 3168 6400 4504 3728 4256 1640 5448 4168 5360 3864 5120 4176 2792 2528 2872 3968 3616 2264 3928 2552 728 200 2312 2736 776 1640 5408 1968 2248 6424 4760 2880 3664 5232 2848 672 3864 2968 4544 6320 2592 2256 2960 5904 896 3576 3864 4864 2128 2928 4240 2624 3720 4536 264 5752 5776 4400 4448 1664 4976 3616 4136 2208 5408 2616 
4528 1184 6440 656 5840 3208 1016 5464 4224 2248 5640 2128 6408 5544 5536 4928 3944 5096 3480 3304 3344 4976 1584 5320 4544 4272 4552 3272 5224 2992 2496 2680 4952 3360 3952 5176 5544 3200 5784 3952 3224 4424 1712 3112 4312 1152 1408 2144 3520 1912 2296 2664 5432 2224 192 5144 856 1264 1736 2608 496 3256 2392 3880 1112 6176 3176 5672 2824 4288 4648 5184 2000 5400 2776 1496 2824 5256 4408 2528 3776 3032 4800 3480 3248 4288 1912 2584 4144 2736 4376 1848 6160 5736 4656 2496 3368 4864 3944 1040 5096 2896 2760 2504 3304 2288 2848 2704 3280 3272 1512 4568 5336 2984 6112 3984 4296 888 3624 5296 2864 3592 4008 5392 5192 4616 3656 2744 3096 3216 5952 3056 2496 5448 2976 3864 3128 496 1768 3368 2888 1720 3648 2848 1632 1888 328 3072 5304 3392 2512 1000 2688 1488 1952 3928 3224 5944 3176 3816 2240 3056 928 3064 6176 4144 1840 3632 3608 6136 3688 1400 4008 3504 4504 2408 3384 4648 2896 2728 3344 3784 1472 1920 4136 3216 2096 5480 4864 1616 2264 5968 4088 2120 4416 3904 6600 4832 2320 120 4928 2904 1232 3088 5896 3336 1256 4656 3600 2424 4616 2160 5696 2064 2888 2864 3784 6312 392 5920 5096 5424 2264 3320 3512 3528 4808 3008 4896 5376 4784 3752 1688 5840 5808 6248 3760 2672 3784 4856 5768 4776 3600 4488 5256 4912 5720 2584 2144 3848 4704 3176 5512 4984 4384 6096 1736 2128 2848 6648 3784 2568 2376 4592 5488 3136 6504 648 4352 4056 1768 5400 4744 5232 2816 4312 2432 1672 2976 2016 2632 2248 2616 5776 1936 4320 4552 3016 5216 6768 3256 592 1928 5360 4080 2816 2392 3696 5288 4712 1464 6144 5552 6288 2264 4920 4928 4792 5064 5688 3816 3160 2088 5848 2640 5584 5320 3312 5352 6072 6072 1384 2808 1944 5816 2960 3208 2856 2744 3040 976 3936 1968 2360 3024 6488 4632 3632 4456 1792 5536 4360 5528 4064 5136 4360 2912 2696 2920 4152 3496 2472 3976 2704 624 56 2392 2800 952 1840 5608 2128 2456 6496 4880 3072 3640 5280 3000 888 4040 3072 4680 6512 2528 2328 2872 6032 1040 3728 3968 5016 2200 3136 4392 2776 3920 4744 136 5840 5840 4592 4512 1832 5160 3808 4224 2344 5592 2736 
4374 3252 4128 4050 4050 1500 3090 1044 1632 2844 2868 2280 1692 678 3204 3804 942 1866 1884 1542 1524 120 3408 744 3762 1242 2130 2040 2580 1704 4290 4290 492 1374 1500 4062 2904 1656 2292 1536 3126 2346 2562 2298 2922 3984 4434 3360 3090 3000 2130 5274 4050 2616 3792 2148 3432 3054 3318 3402 3552 1440 3438 1578 3396 834 4386 1338 2370 756 954 2682 2790 2316 2286 2838 2670 1764 4110 3702 1518 4134 2322 1902 1728 3246 4368 4884 918 5088 3624 3090 4038 3624 966 2928 4704 4368 3996 4038 3870 5070 3582 2544 2406 3288 2574 1860 2262 4236 3420 3174 2340 2262 2178 2226 732 3186 2256 1236 1986 1806 2748 2892 1290 3516 3978 3096 4644 4518 1362 2664 2352 2988 1710 4578 3234 3810 2604 1452 2136 2886 3732 1776 2766 3270 4038 1548 3516 3078 4104 3096 1896 3012 2400 1524 2616 2922 3084 990 2184 4098 3384 2568 3606 738 4362 1788 1728 1620 1680 4470 876 2442 1728 3618 1812 420 1710 3798 4326 4374 4452 4368 1320 3054 2418 264 3798 3342 3882 1758 942 2910 3978 2106 1548 2430 3252 3894 2418 2064 3822 2538 2688 2322 3924 3834 1152 2136 522 4326 3708 4332 4902 2376 4476 2088 3990 2112 1854 216 3072 2436 1590 3072 360 2868 3696 2550 2922 3816 2586 642 588 3948 1056 5352 1746 300 1326 342 3870 714 2394 1032 1818 1920 3192 990 2166 1506 1578 4314 570 2940 3426 2358 2022 1638 3276 4344 2472 2262 3060 1770 1296 3438 1560 1908 2520 4104 3240 4482 2748 4494 3834 2988 3546 2442 1884 4974 2604 1236 2400 1836 4050 2466 3396 1476 1428 3456 4062 3972 3666 2436 4998 2958 690 756 3240 1560 636 3708 4806 4410 3876 4146 3366 480 1308 2832 4668 1758 2046 336 432 2154 1986 3096 2586 3750 5442 2400 3456 1968 4620 2082 4092 4068 4272 2262 3168 4638 2982 1614 1800 2232 3816 2940 1176 3378 3072 3666 342 3084 2118 5100 1674 3030 2628 3870 888 2484 3462 3810 2136 1806 4116 3528 4284 4812 4236 1386 1686 3408 1374 330 2568 3786 2874 1896 2016 4056 2340 2184 2400 2124 3264 2358 1446 2460 2274 4404 2424 2478 3570 4032 3954 1248 816 3468 690 3024 3366 3204 1224 5148 3534 2184 
1140 3528 864 4020 456 4266 4074 3564 2796 2844 1728 4164 3582 3978 1302 702 4320 2592 5076 3396 3384 4344 5106 3780 942 3192 2256 5082 1884 4374 2778 2628 4746 3678 3012 462 1638 4578 2436 5082 2010 2052 4050 5208 1554 3600 3792 2742 1830 3030 3798 3810 348 4860 4200 2316 4602 4512 3054 2388 4428 4212 2550 5076 3528 4536 2298 3384 5076 3774 3438 1764 4866 2220 2892 4422 5340 2748 1092 2466 4938 2244 2076 5100 3168 1326 3312 3306 3630 3450 1092 3042 708 906 3420 5334 2430 834 1428 3714 588 3276 2274 2868 2418 2640 5274 4182 5286 2112 3210 1272 2172 5088 2784 2268 3816 4068 5496 3288 3168 2844 1800 1590 3198 1008 1662 5604 2598 2382 3558 5472 3060 1506 3504 1884 2040 3990 4332 4446 4878 3282 1608 4278 3510 2952 4278 4032 882 5958 2634 4026 3564 3408 4128 5052 2298 1842 5844 4122 4110 2208 4614 5406 1218 4110 3360 2838 2916 3420 2928 3846 3882 5568 2664 2544 4938 4050 4176 2334 2118 1776 3756 3300 5004 2040 4446 4566 738 5076 2718 3138 4548 2916 1038 2406 3972 1962 2622 4434 1986 4812 3468 2442 2070 5376 3492 858 4050 3468 4536 3072 786 3156 3066 2730 1860 3042 4164 2718 2604 4464 5298 5454 4800 1836 4524 2274 774 1962 1464 1542 4026 4326 4368 888 4224 3936 2808 4494 3456 4458 1674 3720 2088 3372 2910 3798 2772 3852 2226 3678 3042 690 4062 1926 3036 4374 4704 3912 1584 2760 3042 2130 1446 3204 4218 3948 2844 2550 3906 324 1170 594 2478 1422 2574 3252 2106 4380 4044 3744 5136 3558 3930 2568 948 5292 1002 4308 3762 4374 3072 426 1284 5130 3642 1800 3816 3630 4890 3492 4032 1194 3492 816 672 774 1020 4374 3306 2190 3480 3054 3324 4554 4080 2640 2550 1728 2304 3336 3954 3834 1146 3096 2478 3048 2448 2202 3978 2250 5178 3210 5688 3762 2592 5484 996 3174 3468 1212 1446 1296 4698 1410 2958 3510 3744 1530 5706 2556 3912 2760 4428 4320 3528 3594 3840 2958 138 3624 2772 4074 2724 2040 4656 4158 2478 3702 1686 3096 2370 1014 4800 3522 5136 2778 3666 2244 3066 1962 3552 2340 1986 2706 1410 786 4392 3588 4086 1044 3744 3090 1020 1602 3216 3924 942 3036 
4879 4627 3885 5607 3983 3108 4662 735 1981 3885 2471 3871 399 854 2961 3983 2555 1575 3766 2625 2597 1715 5313 931 4067 1792 2163 3927 2296 3367 5404 5355 2198 2632 2107 4242 2562 3395 1645 3402 3794 2450 4123 4221 3129 5397 5908 4417 3647 4151 3563 6720 4130 4452 5418 1841 5187 4781 4501 4312 5250 3024 4424 3451 4774 1029 5327 637 4263 1869 1449 2443 4634 1890 3234 4536 4634 1358 4571 4676 3353 5047 2226 3787 2695 3521 5677 6174 1939 6419 3955 4249 3864 3437 1442 4893 5691 4760 4578 5488 4011 6342 4466 3542 3059 4298 4522 3444 4200 5103 4676 3318 1953 4158 1295 2569 1883 4760 4228 938 3031 2485 3066 2618 1050 3731 4648 5124 5691 5495 371 4655 3423 2716 2919 5369 3941 5362 4270 3136 3969 4137 4347 3402 4109 4410 5684 3052 3465 5173 5166 4655 3178 4326 3983 3381 3276 2401 5159 2499 3752 4998 5145 4543 3248 2212 5691 2457 2436 497 2366 5957 2170 4438 1855 4613 3661 1722 3290 4725 5201 5117 5915 5677 3164 3717 4116 1561 3997 5243 4970 819 2653 3997 4389 2499 252 2331 4249 5593 2261 3878 5187 3269 2114 4284 5299 4123 2625 3395 2219 5551 3570 5586 6111 3248 5250 1050 5600 1323 1561 1484 5033 4417 3395 3619 2051 3612 3857 2191 2926 4417 4130 980 1057 3703 2625 6832 2338 1974 532 2009 4536 1666 2058 1225 1085 3325 4249 2296 2114 2793 987 4641 1960 2359 4613 4032 3808 308 3752 5453 3549 2275 2786 2779 448 4977 1848 2261 4018 4221 3332 4788 3577 5117 4858 4235 4347 4116 3409 6419 4515 483 3899 2051 4445 4410 3339 560 2751 5138 5285 4053 4116 4347 6405 3423 980 1435 5089 406 896 3353 6167 4795 4081 4480 3367 1155 2177 3514 6034 910 3206 1470 1148 2863 1533 2583 1883 5068 6930 3857 3185 2961 5628 3080 5082 4956 5810 2625 5096 5901 5026 245 1820 4207 4172 4144 686 3654 2793 4116 1995 3297 3059 6454 3024 3318 4662 4893 2219 3409 5166 5467 3430 3087 5614 4690 4396 6223 5355 273 1561 4158 3136 1260 3332 5236 3192 2863 1981 3752 4158 3479 4305 1274 4690 2814 2079 2261 3591 5362 2541 3367 4053 4347 5635 420 686 3675 1659 4200 3332 3661 1827 6636 3374 3199 
3570 1385 4405 1585 4105 1280 870 2995 2485 1810 3650 800 3640 2920 3705 3595 1720 3060 1110 1760 1780 2410 350 2830 3395 2365 2860 960 3355 1095 2555 2650 2270 1655 2260 3790 3615 1125 3540 1450 2505 2860 805 805 3005 1800 2060 2025 2650 1690 1115 2855 3910 325 1250 3175 665 485 1775 2290 890 1335 2190 1400 1460 3200 2920 3190 640 2155 2505 3370 185 3360 1830 495 570 3110 3435 2370 1375 2775 3055 1105 1845 3100 2295 2755 2125 2870 3270 1705 4250 3930 2515 365 3105 3730 3175 1765 3695 2950 2445 1795 2245 2070 595 1040 900 2920 1710 3215 3335 750 3660 2575 2145 925 1100 2965 1695 2150 2785 3535 2925 3355 3025 550 2950 2975 3330 705 1660 3595 1555 3310 2500 1410 575 1295 770 1465 2945 1060 1255 1835 1410 1320 3685 940 2510 915 1400 1390 780 1440 2295 3810 810 1720 880 2770 620 725 4125 1935 2260 2170 2125 3495 2155 2060 1940 1000 2690 2275 1095 2290 1145 2510 2980 3215 2100 2300 1605 2475 575 2695 3560 295 2310 3460 1735 1765 3400 2485 3660 3105 2070 1180 3150 810 1770 2180 3715 920 1825 3470 1615 1370 2100 2405 3935 2360 2915 1945 3240 3725 1440 3545 3060 2685 250 890 1240 2645 2235 2280 3545 3420 3245 3020 825 3020 2985 4265 1640 2870 2255 2280 3235 2235 2965 2300 3310 2690 3365 1220 1940 1850 2950 1555 3185 3770 2115 3885 1840 640 825 3715 2855 2610 1655 2925 3635 1780 3525 1170 2540 2495 925 3910 3325 3940 2110 3505 2375 1515 2540 600 1085 2595 460 3205 930 2620 3490 710 3610 3690 1555 860 2205 3850 3140 615 2680 2695 2795 2475 295 3480 2910 4210 2575 3770 3615 3630 3525 2900 2060 2355 2455 3405 1530 2770 2730 2135 3230 3925 3770 1810 2955 1005 3915 1770 3000 1755 2620 2750 1800 2560 155 2590 700 3640 2790 1110 3370 1560 3075 3180 3660 3125 2415 3085 1830 2855 1395 2955 985 2405 1905 1900 825 1175 1325 1425 1755 1945 4060 2510 2525 3560 2885 2535 1385 2680 2135 1585 2845 1810 2890 4415 560 1310 650 3605 1285 2475 2245 3210 1260 2905 2875 1945 3025 3570 1260 3240 3095 3325 2305 1650 3570 2840 2330 2665 3830 1730 
7400 5590 6920 6930 6810 2670 5330 1720 2820 4900 4820 3980 2750 1070 5390 6430 1750 3150 3290 2740 2710 380 5860 1230 6370 2180 3630 3550 4350 3020 7310 7310 900 2470 2630 6860 4890 2930 3830 2700 5340 4000 4460 3980 4970 6810 7560 5760 5280 5170 3730 8960 6830 4540 6500 3630 5900 5270 5690 5820 6100 2580 5880 2770 5830 1220 7460 2200 4110 1410 1680 4520 4830 3900 3960 4910 4610 2970 6960 6320 2680 7040 3930 3320 3040 5510 7450 8300 1680 8640 6140 5320 6790 6090 1700 5040 7990 7380 6790 6900 6530 8610 6120 4400 4150 5640 4450 3280 3920 7200 5870 5380 3940 3930 3610 3820 1370 5490 3890 2080 3470 3140 4690 4870 2170 5960 6760 5320 7890 7680 2210 4590 4090 5030 3030 7770 5530 6530 4520 2590 3720 4980 6340 3140 4790 5610 6910 2760 5930 5280 6990 5340 3330 5190 4180 2670 4500 4890 5290 1830 3820 6980 5820 4430 6040 1410 7440 3120 3020 2640 2940 7620 1630 4210 2960 6180 3180 860 3030 6480 7350 7420 7590 7450 2340 5230 4210 270 6420 5740 6630 2900 1740 5020 6740 3620 2470 4120 5580 6670 4090 3600 6540 4380 4500 4020 6710 6490 2100 3730 1020 7370 6240 7390 8330 4110 7590 3440 6830 3510 3140 180 5290 4210 2810 5250 750 4920 6250 4290 4950 6490 4490 920 830 6630 1940 9090 3040 650 2170 720 6580 1320 4030 1780 3030 3380 5490 1830 3680 2680 2630 7290 1130 4910 5880 4110 3540 2620 5580 7400 4280 3850 5150 3110 2030 5910 2700 3290 4380 6920 5490 7570 4730 7620 6540 5150 6050 4250 3320 8460 4500 2010 4180 3160 6860 4260 5730 2320 2560 5940 6940 6700 6230 4220 8500 5050 1140 1360 5580 2540 990 6210 8170 7450 6550 7010 5690 650 2330 4860 7950 2910 3580 380 690 3730 3340 5180 4310 6420 9240 4180 5810 3440 7850 3630 6980 6920 7290 3890 5450 7890 5120 2590 3070 3850 6470 5070 1940 5730 5170 6220 610 5240 3690 8670 2970 5150 4520 6600 1660 4300 5950 6530 3740 3180 7040 6050 7220 8190 7220 2190 2870 5820 2460 510 4420 6490 4900 3320 3430 6790 4070 3810 4160 3530 5620 4050 2540 4150 3960 7490 4130 4280 6070 6820 6770 2030 1250 5880 1280 5210 5690 5460 2160 8750 5950 3800 
3540 1755 3990 2265 3770 410 1390 2090 1830 1805 3080 715 2735 1955 3225 3355 730 2355 305 1135 1150 1400 1380 1895 3210 1600 2280 310 2780 285 2900 2955 1235 930 1590 3570 3070 135 2830 500 2385 2350 985 485 2650 2345 2685 2180 2470 1805 870 3475 3645 710 1970 2525 1515 1205 2010 2365 1680 465 2320 455 1870 2185 3150 2315 490 1255 1650 2825 865 2705 1550 1040 755 2365 3360 2540 380 2965 2485 320 1305 2830 2785 3260 1270 3405 3075 1860 3860 3510 1665 945 3390 3640 3155 2350 3440 3445 2535 1650 1920 2180 675 475 505 3090 2020 2880 2695 420 2885 2095 1235 1480 645 2115 1295 1605 2435 3010 2095 3095 3055 1105 3275 3240 2425 785 1455 3080 1015 3460 2425 2055 875 320 285 1605 2905 375 1410 2025 2170 580 3315 1190 2795 1420 970 1630 820 480 2040 3210 1150 780 685 2945 1470 705 3635 970 2765 1620 1555 2610 1565 2700 1040 735 2025 2445 190 1325 450 2665 3165 3320 2715 2790 610 2340 665 1670 3330 1325 2585 2625 705 1810 3290 1985 2710 2555 2160 1990 2585 225 2250 1925 3070 580 2325 3280 725 1100 1075 2830 3545 2805 3355 1685 3380 2905 2160 2785 2350 1665 1065 665 215 2460 1210 2130 3285 2820 2815 2990 1010 2020 1980 3840 680 3515 1675 1255 2345 1215 2975 1400 2695 1835 2570 795 2055 975 2360 885 2370 3645 1150 3265 2100 655 210 2770 2680 2955 1510 2370 3130 1265 2545 1745 1850 1925 1025 3665 2980 3815 1965 3545 2600 1690 2580 720 590 3205 675 2300 930 2005 3375 610 3220 2705 835 1610 2605 3580 3010 550 3265 2450 1855 1580 1265 2585 1940 3725 3125 3680 3390 3495 3155 1890 1340 2170 3005 2580 1185 1750 1755 1730 2515 3340 3075 2240 3600 990 3450 1350 3295 1395 2855 2920 2475 2100 1155 3060 1045 2715 2120 635 3210 1695 2185 2930 3155 3000 1380 2760 1475 3405 810 2655 875 2635 1000 1700 1600 1945 1065 935 2380 2210 3820 3090 2860 2600 2165 2520 350 1690 1905 2135 2525 1350 2265 3970 470 1080 520 2830 1705 2070 1560 2640 1100 3150 2385 1725 2900 3420 2055 2330 2120 3060 1400 1795 3190 2645 1565 3315 3415 1425 
1710 2490 1150 3110 1065 2460 2795 1585 1070 1825 295 2600 1645 1935 365 1020 2390 775 3145 1740 1720 2285 3570 1770 1120 1375 595 3180 190 2595 2480 2400 2640 1940 1295 1195 230 2740 715 3075 1330 530 2605 3335 610 2825 3120 2005 1150 2040 2280 3470 1120 3180 3125 545 3255 3075 2200 1790 3185 2410 1915 3075 2545 2395 2270 1435 3260 1865 1530 85 3230 485 1580 2950 3510 905 1500 2005 2965 2105 400 3160 1585 815 2820 3040 1765 3200 1070 2085 1060 705 1515 3580 2500 1585 1585 2920 1030 3100 1815 1690 1185 1900 3445 2490 3375 2090 2350 615 435 3240 1025 815 1900 2825 3510 1355 1700 1275 740 145 1285 875 1690 3800 2555 2385 1590 3600 1765 205 1895 2165 1430 3000 2815 2595 3065 2170 1490 2545 2290 2105 3260 2295 650 4020 2310 2765 2010 2310 2605 3050 1215 490 3945 2235 2530 2065 3250 3530 765 2175 2845 1260 1315 1495 1305 3165 1995 3605 910 2010 3030 2055 2450 1975 2140 1995 3110 2815 2975 1305 2840 2440 1035 3530 2250 1260 2565 1910 1370 910 1960 315 1870 3305 300 3000 2680 1305 535 3450 2740 1145 2210 2020 2490 2665 775 2715 2920 1485 2095 1245 3175 945 785 2355 3595 3530 2885 1135 2455 1375 935 280 325 1515 2590 2220 2255 1000 2330 3570 1195 2425 1500 2405 1630 1790 360 1450 1060 2210 1945 2000 530 1985 1155 1495 2095 590 2235 2770 2915 1920 1105 2500 1805 500 260 1645 2145 2835 1080 945 2490 1185 585 1590 1475 1910 2135 2190 1685 2800 2395 3315 3360 1580 2465 880 1385 3430 555 2235 2030 3115 2545 1065 1240 3315 3270 990 1805 1690 3380 1550 1980 855 3105 1610 1090 1390 570 2265 1555 1275 3045 1185 1860 2425 2030 1260 745 560 720 2570 3615 2390 590 1625 2480 1630 2200 2045 3165 830 3545 2880 3820 1790 825 3500 1205 2115 1505 875 280 1245 2580 670 1560 3240 2090 760 3745 2150 2030 1570 3155 3205 2065 2005 3025 2230 1315 3185 2455 2030 905 1550 2730 2100 1360 2815 755 1590 650 1115 3065 2080 3305 1005 2585 930 1335 260 2135 2300 515 1520 1240 1300 3300 1610 2020 840 1810 2090 545 1050 1405 3480 630 1665 
5508 5346 4338 6615 4410 3699 5490 639 1872 4338 2475 4563 657 1206 3087 4365 3105 1260 4689 2880 2835 2241 6453 1080 4455 1755 2025 4869 2205 4032 6228 6156 2925 2970 2106 4698 2583 4131 1431 4302 4131 2385 4833 5229 3249 6300 6948 4995 3933 4698 4113 7938 4572 5400 6408 1602 6201 5706 5139 4824 6246 3591 4977 4347 5535 1836 6111 207 5238 2106 1431 2394 5607 1692 3519 5400 5724 981 5103 5292 4194 5751 2088 4716 2898 3753 6615 7227 2124 7542 4311 4824 4275 3717 1413 6012 6570 5355 5121 6426 4401 7434 5013 3906 3231 4833 5580 4068 5229 5805 5373 3501 1773 5130 1107 2565 2142 5598 5328 603 3321 2556 3177 2637 711 4032 5211 6345 6579 6318 306 5787 3789 2763 3267 6138 4329 6309 5067 3798 4860 4716 4824 4041 4716 5004 6741 3564 3717 6489 5922 5472 3591 4968 4689 4266 3501 2421 6444 2961 4410 5679 6156 5643 3519 2646 6633 2511 2511 351 2421 7011 2502 5580 1665 5220 4527 2079 3888 5346 5931 5814 6948 6615 4014 4041 4923 2250 4383 6363 5679 450 3303 4482 4878 2493 1044 2223 4770 6651 2142 4734 6030 3510 2052 5346 6165 4527 3078 3843 2844 6435 3879 6489 7128 3519 5994 936 6615 1053 1242 2106 6165 5517 4203 3897 2664 3924 4203 2079 2997 4923 4842 1620 1710 4086 3141 8091 2349 2583 207 2592 5076 1845 1899 1098 675 3825 4788 2637 1944 3159 495 5211 2340 2403 5274 4806 4626 1035 4068 6291 3951 2160 2862 3015 1305 5832 1701 2196 4680 4680 3528 5400 3906 5805 5526 4824 4851 4905 3996 7560 5544 360 4545 1917 4941 5472 3546 1494 3141 6102 6111 4473 4527 5355 7542 3654 1161 1521 6138 360 1287 3654 7236 5400 4482 4995 3573 1782 2295 3789 7065 486 3573 2160 1539 3006 1206 2682 1809 5859 8208 4473 3402 3222 6489 3357 5805 5634 6849 2637 6210 6885 6255 810 1602 5292 4590 4707 450 3924 2871 4527 2709 3465 3312 7596 3456 3501 5859 5571 2565 3726 6138 6489 3888 3492 6597 5355 4914 7317 6165 1116 1260 4608 3861 1701 3591 6120 3339 3096 1791 4185 5049 3951 5310 1044 5454 2889 2088 2151 4095 6147 2502 3663 4446 4824 6696 378 1206 3960 1845 4770 3537 3951 1809 7857 3618 3510 
4290 3396 3906 4218 3858 1764 3294 744 1536 2922 2634 2514 1344 336 3000 3672 1230 1650 2214 1650 1626 432 3684 462 3648 1182 1986 2370 2370 1980 4344 4332 840 1536 1470 3924 2682 1962 2022 1884 3108 2214 2784 2628 2802 4116 4566 3426 3048 3102 2328 5376 3888 2910 3984 1932 3672 3300 3414 3432 3774 1704 3486 1926 3540 582 4404 1026 2682 846 846 2478 3078 2082 2346 3084 2994 1524 4026 3738 1854 4146 2148 2232 1800 3138 4464 4962 984 5166 3522 3192 3828 3420 852 3240 4722 4260 3942 4176 3726 5136 3606 2616 2394 3348 2898 2106 2592 4236 3534 3042 2118 2586 1872 2142 834 3384 2598 978 2076 1800 2658 2682 1044 3390 3942 3420 4674 4536 1020 2994 2448 2778 1854 4554 3222 3984 2850 1746 2442 3012 3690 2040 2922 3360 4230 1782 3342 3420 4152 3294 2052 3150 2628 1866 2604 2664 3420 1236 2418 4110 3624 2898 3366 978 4464 1782 1728 1284 1674 4608 1044 2784 1590 3666 2142 564 1962 3822 4326 4344 4584 4464 1668 3036 2676 360 3666 3624 3942 1440 1272 2994 3888 2034 1194 2256 3306 4104 2232 2370 3954 2544 2430 2658 4050 3720 1386 2286 864 4404 3510 4422 4962 2418 4446 1764 4170 1818 1638 264 3378 2772 1920 3030 714 2874 3564 2328 2766 3768 2796 330 300 3726 1320 5460 1722 648 1002 678 3840 738 2178 852 1530 2112 3264 1164 1998 1668 1296 4194 774 2676 3528 2616 2322 1284 3216 4398 2562 2112 2850 1854 960 3624 1452 1824 2724 3948 3102 4356 2778 4434 3882 3114 3552 2694 2112 5082 2916 906 2604 1722 3954 2796 3222 1146 1608 3678 4152 3816 3594 2754 5100 2898 414 672 3510 1218 288 3468 4902 4302 3744 4032 3204 216 1344 2826 4770 1452 2172 330 144 2160 1740 2844 2304 3870 5550 2592 3240 2046 4638 2160 4128 4074 4428 2184 3462 4716 3312 1260 1644 2574 3714 3054 876 3270 2862 3588 672 2964 2178 5190 1860 2928 2970 3918 1074 2538 3690 4008 2292 1968 4266 3618 4122 4920 4296 1038 1494 3402 1698 96 2580 3936 2784 1968 1854 3816 2634 2340 2718 1824 3426 2298 1422 2268 2430 4422 2292 2526 3504 3918 4158 912 462 3342 714 3132 3198 3138 1182 5262 3336 2262 
3642 3006 3270 3852 3204 1716 3012 366 906 2430 2004 2334 1140 498 2346 3006 1314 1002 2370 1272 1242 846 3582 276 2988 606 1320 2484 1722 1938 3804 3780 1302 1272 906 3258 2046 1992 1446 2124 2502 1548 2544 2730 2142 3690 4134 2916 2424 2640 2064 4884 3222 2862 3666 1290 3462 3114 2946 2880 3516 1644 2946 2148 3138 1098 3816 618 2736 648 270 1824 3006 1452 1854 2904 3060 900 3372 3186 2046 3564 1482 2388 1350 2478 3978 4446 678 4656 2862 2724 3180 2766 264 3258 4134 3600 3306 3768 3060 4608 3030 2124 1812 2820 2964 1980 2730 3642 3084 2376 1482 2658 1386 1500 672 3096 2796 414 1644 1242 2010 2034 438 2730 3318 3474 4104 3954 768 3096 1992 2130 1518 3936 2628 3630 2676 1770 2484 2598 3060 1956 2556 2874 3900 1644 2682 3570 3606 3006 1734 2754 2424 2100 2016 2058 3534 1218 2232 3522 3420 3000 2742 1002 3984 1218 1188 978 1128 4182 912 2964 930 3120 2262 654 1854 3258 3726 3720 4146 3978 1944 2436 2556 1008 3000 3516 3414 1014 1452 2514 3228 1404 1200 1590 2778 3810 1572 2400 3516 1974 1836 2808 3612 3054 1302 1932 1188 3894 2856 3918 4422 1896 3828 1350 3828 1290 996 906 3366 2922 2040 2406 1098 2292 2898 1686 2100 3138 2556 840 858 3090 1338 4980 1140 1050 660 1044 3216 474 1530 186 1008 1860 2760 1008 1332 1404 756 3534 810 2082 3054 2478 2328 1248 2574 3858 2112 1446 2202 1422 1140 3288 810 1188 2460 3282 2436 3690 2226 3792 3336 2688 2964 2550 1944 4608 2940 618 2352 1068 3294 2886 2556 1332 1374 3420 3654 3150 2946 2808 4614 2262 288 258 3378 948 534 2844 4410 3642 3078 3372 2538 834 894 2232 4284 978 1782 996 522 1596 1122 2238 1746 3420 5064 2322 2598 1590 4062 1698 3564 3492 4032 1548 3408 4206 3408 1146 978 2772 3060 2616 462 2610 2214 2940 1194 2304 1692 4680 1608 2274 3150 3372 954 2028 3438 3708 1956 1662 3870 3126 3456 4446 3756 1122 834 2808 1818 594 2022 3540 2130 1506 1188 3192 2616 2004 2778 1326 3060 1674 870 1608 2100 3840 1632 1998 2862 3258 3852 660 696 2682 474 2676 2532 2502 624 4794 2682 1800 
1608 1968 3712 2448 3064 3912 2784 4576 3096 1448 3448 3304 5192 4952 3120 2136 4336 3584 4824 3056 3064 4912 4144 4656 1728 3488 2888 4736 3184 3920 976 848 5240 3392 3096 2320 3312 4224 3992 5048 976 2592 3000 4800 2016 1888 2176 920 1192 1496 2952 2552 2600 4104 2728 3424 3400 3408 1320 560 3112 3888 656 5000 1912 5744 808 4576 4552 4032 3952 3072 4032 3560 2048 3368 4808 3824 1480 392 4832 472 2952 4848 2760 1752 1584 1864 3816 2128 1608 1440 3424 3128 3952 4680 1232 1936 1024 2040 2296 1984 288 1760 1864 872 4752 3584 4936 616 1472 2080 3472 4624 4464 2376 4072 2728 5272 4256 2496 2656 1904 3152 4120 1928 728 5024 1192 984 4888 5024 2072 3152 2968 1192 800 2432 3360 4176 4384 1856 776 3752 2200 1224 2800 3608 2680 5592 704 2712 2880 1936 3192 5000 1592 3768 5408 4080 3296 416 3432 4960 3640 4256 1640 2680 2752 4904 2816 2248 3960 5288 3184 528 4656 4480 3672 200 736 992 2136 1576 5064 1056 3616 5376 2064 4128 720 4600 4624 1448 1520 2456 5584 2896 888 3048 3000 4320 1720 1664 3848 5048 1744 1816 3896 2600 4888 1296 3040 1392 1704 1888 1064 4776 2656 4280 3600 5264 4560 5112 4576 1216 4976 1224 2136 3368 2488 848 2952 5392 5408 3568 4152 2712 2768 4976 4696 4904 672 4104 3352 4072 4272 3088 1080 3848 2992 3288 4224 2064 4344 3928 1240 3544 4192 5576 1232 1000 1952 2808 3160 2736 5704 2472 3240 2736 2840 2552 2224 2312 1376 1448 520 1752 336 3504 3400 2320 4528 4768 2936 2960 1648 4832 2656 5928 3416 3064 1200 2544 1264 4600 2232 1456 4672 4160 3888 4960 5000 3720 1976 1992 2104 1880 2496 5344 3296 1304 1896 4456 2544 5432 4896 2176 3752 3808 4128 1552 2784 2816 3296 2472 1128 2336 520 376 2392 2304 4336 1608 5208 5368 3232 5264 1608 1696 4552 1728 3192 1248 5296 1936 2256 2184 3216 1776 5416 504 3968 1768 3136 2904 2648 2976 2208 1096 2728 2120 928 5592 3528 560 4504 4936 1616 2048 1816 2552 3088 3832 4160 2616 4624 4400 2144 2096 3160 3056 2584 832 2504 1760 1152 1856 2968 4840 5208 1928 4136 1536 2600 1312 3488 2584 3000 2224 
1285 2615 710 3155 500 2895 3000 2160 1575 1975 655 2930 2190 2510 305 550 2880 1350 3585 2165 2150 2840 3825 2345 740 1900 1105 3605 760 3010 2335 2235 3185 2385 1780 670 575 3170 1235 3550 1335 965 2885 3735 685 2840 3085 2035 1150 2165 2610 3300 560 3515 3230 1120 3460 3325 2270 1770 3355 2850 1905 3545 2650 2970 2040 2005 3645 2390 2080 660 3545 1045 1860 3220 3885 1480 1110 1930 3430 1910 935 3600 1985 675 2730 2865 2280 3010 760 2195 565 235 2070 3915 2230 1110 1280 2935 520 2890 1740 1910 1445 1930 3820 2880 3790 1855 2415 495 1000 3640 1535 1200 2425 3010 3945 1930 2045 1690 905 520 1855 545 1435 4140 2320 2140 2155 3985 2030 455 2285 1835 1410 3080 3115 3040 3465 2345 1275 2945 2500 2170 3340 2715 95 4400 2180 2965 2375 2470 2920 3520 1400 800 4315 2720 2870 1870 3460 3920 535 2690 2760 1680 1745 2045 1745 3130 2500 4025 1440 1960 3470 2600 2855 1860 1890 1685 3065 2725 3465 1335 3170 3010 580 3795 2175 1810 3065 2045 990 1310 2510 845 1905 3425 855 3400 2705 1515 955 3865 2745 735 2675 2340 3020 2550 245 2615 2705 1740 1775 1755 3250 1475 1360 2925 3910 3940 3335 1140 3000 1480 485 830 480 1270 2870 2795 2830 570 2815 3400 1640 2970 2070 2950 1395 2330 930 2015 1615 2570 2010 2490 1070 2410 1725 1000 2625 885 2285 3105 3315 2465 1005 2340 2045 1000 410 2035 2705 2975 1605 1400 2765 625 385 1065 1625 1515 2050 2340 1595 3120 2775 3185 3725 2155 2760 1385 975 3820 85 2790 2465 3295 2480 510 975 3695 3120 1040 2375 2240 3640 2105 2555 590 2970 1125 615 930 185 2840 2035 1385 2925 1740 2190 2995 2600 1585 1315 750 1160 2590 3435 2685 325 1975 2235 1960 2045 1855 3175 1195 3840 2730 4185 2340 1370 3930 840 2265 2080 660 420 980 3135 625 1880 3055 2490 760 4150 2050 2530 1795 3335 3325 2385 2385 3045 2250 745 3060 2315 2590 1470 1485 3195 2665 1560 2870 850 1955 1190 725 3430 2390 3690 1525 2725 1235 1820 830 2435 2070 920 1750 1025 850 3405 2180 2595 535 2350 2220 125 980 1925 3345 145 1970 
3136 912 5224 888 4592 3512 1632 5112 3680 1480 4672 2584 5928 5328 4472 3664 4136 4432 4152 3104 3136 5000 2840 5064 3264 3896 3784 4000 4320 3400 1104 1280 5152 3320 3520 3872 4560 3680 5008 4512 2096 3576 2160 3952 3256 328 824 992 2400 1184 2448 1888 4144 3112 1224 4384 2056 2224 776 1376 1712 3520 1160 4456 728 6064 1768 5224 3672 4176 4344 4248 2968 4592 2232 2304 3808 4632 3048 1176 4312 1624 3960 4160 2920 3128 728 1488 3984 1720 3112 1064 4936 4576 4344 3576 1992 3488 2584 488 3824 1784 1456 1880 2520 1160 3792 3056 4112 1856 592 3440 4512 3792 5416 3200 4200 1528 4464 4856 2536 3080 3016 4400 4728 3400 2280 3888 1728 1816 5528 4040 2048 4432 2864 2448 1960 912 2432 3744 3608 1304 2328 3232 1520 896 1248 3264 4128 4512 1104 1568 2640 1160 2416 4480 2344 4992 4304 3936 2632 1640 2104 4016 5056 4208 696 3120 3144 5640 3224 888 3984 4416 3896 1088 4008 4608 3208 1352 1928 2376 832 736 4624 2120 2760 5504 3592 2840 864 5400 4368 1360 3080 3192 6216 3960 1216 1528 4056 3576 184 2272 5008 4200 184 3360 3720 2312 4792 848 4504 784 1680 2216 2376 5672 1096 5224 4432 5416 3392 4224 4040 2416 4936 2016 3648 4488 3744 2408 2112 5712 5696 5056 3944 1984 3256 4960 5336 4888 2240 4328 4408 4552 5104 2704 1120 3832 3928 3152 4968 3624 4392 5152 656 2728 3480 6240 2592 1184 1896 3776 4456 2832 6224 1136 3824 3416 2080 4096 3600 3864 1928 2904 1048 1160 1688 2648 2912 1480 3552 5376 2232 3680 3208 3920 4072 6472 3272 1704 536 4080 2792 3696 1528 2624 5056 4480 2632 5672 5360 5152 1288 3536 3640 3448 3912 5600 3536 2176 1096 5264 2416 5584 5176 2672 4648 5088 5232 144 2112 2160 4704 2592 1824 2440 1328 1632 872 3136 3128 1176 4128 6056 3992 4464 3152 1232 5136 3160 4496 2776 5280 3256 2440 1720 2968 3056 4472 1072 3968 2032 1768 1400 2320 2760 664 632 4288 1272 1056 6168 4272 1832 4064 5176 2184 528 3000 2696 3952 5320 3296 2264 3736 5336 1008 2912 3560 4136 2160 1728 3512 2080 2648 3416 1440 5440 5624 3384 4352 1136 4008 2640 3872 1704 4440 2304 
2520 2450 2095 3150 2050 1790 2580 615 505 1860 1045 2150 925 955 1335 1930 1575 210 2420 1190 1165 1325 3200 785 1950 595 560 2495 810 1960 2885 2840 1695 1305 700 2130 1080 2055 640 2275 1720 765 2260 2680 1260 2950 3305 2205 1610 2065 1865 3840 2090 2675 3055 445 3005 2755 2300 2105 3005 1730 2190 2290 2545 1430 2815 535 2650 1000 605 900 2765 590 1425 2590 2920 170 2295 2360 2190 2615 640 2440 1145 1545 3105 3440 940 3615 1860 2130 2025 1685 590 3045 3075 2455 2285 3030 1965 3550 2205 1630 1225 2115 2840 1925 2700 2650 2435 1425 610 2605 710 845 1030 2635 2790 385 1365 900 1200 1070 305 1720 2325 3245 3075 2930 730 2975 1590 1150 1400 2845 1825 2990 2420 1880 2440 2100 2110 1940 2125 2225 3235 1670 1625 3385 2710 2565 1570 2240 2200 2250 1365 1105 3340 1450 2070 2575 2985 2895 1660 1330 3120 875 890 745 845 3345 1185 2910 350 2325 2320 1125 1845 2390 2720 2665 3305 3105 2145 1665 2370 1460 1930 3155 2580 590 1730 1945 2175 810 1160 730 2080 3210 705 2370 2800 1380 925 2770 2875 2000 1470 1675 1575 3000 1760 3035 3380 1405 2760 800 3165 600 200 1375 3100 2860 2150 1590 1520 1600 1840 780 1165 2165 2260 1245 1280 1945 1555 3925 780 1485 610 1470 2245 890 650 480 430 1730 2095 1225 535 1395 315 2385 1210 1135 2375 2300 2295 1155 1690 2915 1670 645 1210 1215 1265 2740 425 655 2165 2145 1455 2510 1600 2675 2495 2155 2115 2350 1860 3635 2795 670 2100 490 2215 2795 1525 1390 1405 2925 2825 2030 1960 2710 3615 1450 820 750 3020 775 1000 1745 3445 2485 1995 2260 1520 1280 885 1525 3355 510 1515 1445 1045 1115 335 1250 890 2705 3990 2050 1540 1295 3025 1360 2645 2550 3265 885 3100 3250 3225 1025 310 2775 2020 2085 555 1645 1220 1960 1620 1385 1325 3640 1545 1390 3060 2515 1220 1520 2950 3115 1710 1530 3125 2415 2285 3495 2845 1180 120 1980 1970 1115 1430 2865 1290 1230 430 2035 2500 1740 2690 655 2515 1025 705 725 1815 2835 835 1485 1910 2165 3225 710 1055 1680 900 2105 1510 1625 630 3795 1615 1435 
6606 3699 7119 4698 6786 837 3132 3303 3132 3609 5391 1863 4437 2970 5715 6129 837 3987 765 2043 2061 1917 3177 2907 5913 2637 3987 990 4860 900 5679 5760 1539 1629 2727 6525 5382 612 4815 477 4527 4167 2358 1377 4806 4788 5418 4329 4635 3672 1989 6822 6615 1971 4194 4329 3411 2844 4077 4608 3690 873 4554 468 3915 3303 6066 3726 1494 1872 2610 4959 2250 4653 3015 2547 1935 3960 6255 4959 279 5715 4347 792 2403 5184 5544 6390 1971 6669 5679 3780 6912 6273 2637 2340 6507 6732 5931 4815 6273 6714 4914 3258 3582 4302 1791 1287 1323 5931 4140 5229 4653 1332 4842 3762 1827 3285 1386 3411 2511 2871 4446 5301 3402 5661 5778 2574 6327 6237 3888 1926 2907 5436 1953 6561 4626 4320 2223 540 1170 3348 5481 1089 3024 4077 4554 1179 5967 2574 5463 3168 1998 3429 2070 432 3834 5580 2565 1053 1773 5679 3330 1782 6435 1296 5517 2889 2772 4248 2763 5454 1530 1638 3456 4806 648 1872 1125 5175 6066 6300 5472 5553 468 4437 1863 2358 6084 3078 5094 4320 657 3636 6102 3546 4338 4491 4266 4248 4527 1089 4599 3645 5301 1431 4743 6039 1089 2313 1287 5598 6345 5562 6534 3240 6417 4833 4527 4680 3978 2367 2574 1602 324 4608 1539 4068 5994 4905 5040 5634 2403 3033 2952 6849 864 6903 2952 1620 3771 1557 5634 2115 4671 2925 4266 1764 4095 1476 4113 1638 3897 6723 1584 5670 4248 1827 1071 4455 4986 5778 3042 4158 5535 2358 4005 3753 3141 3384 2403 6669 5400 7020 3789 6651 5094 3501 4959 1944 1458 6345 1854 3672 2214 3474 6246 1629 5787 4284 1512 3564 5184 6498 5598 1593 6435 4545 2835 2430 2979 4185 2934 6597 6174 6804 6210 6453 5688 2790 2259 4104 5958 4266 2385 2502 2601 3204 4257 5832 5265 4563 7056 2295 6120 2583 6345 2700 5544 5634 5076 3780 2763 6030 2403 4374 3627 1359 5931 3492 3483 5373 5571 5589 1809 5031 2826 6669 1629 4860 1926 5157 1458 3303 3546 4158 2259 1899 4887 4437 6948 6129 5607 4113 3654 4824 171 2466 3627 4428 4617 2547 3915 7065 1539 2304 1539 4752 3636 3780 2655 4617 2376 6075 4248 3339 5409 6300 4365 3717 3249 5589 2106 3663 5733 4914 2574 6561 6111 2781 
4932 2574 5544 3018 5268 1242 2028 3168 2946 2802 4452 1392 3930 2946 4626 4758 1518 3564 462 2112 2136 2226 1584 2910 4566 2658 3492 378 4092 1092 4002 4086 1908 1866 2658 5010 4440 912 4134 792 3552 3576 1650 282 3924 3210 3570 3204 3672 2754 1692 4536 5106 930 2634 3774 1968 1656 2958 3462 2220 1308 3384 744 2700 3126 4362 3450 492 2202 2688 4146 1092 3996 2574 1530 528 3564 4722 3636 804 4146 3732 438 2316 4128 3780 4350 2238 4506 4410 2802 5382 4968 2700 840 4620 5064 4458 3192 4860 4578 3666 2658 3030 3222 474 1266 168 4314 2934 4200 3984 402 4176 3270 2172 2124 126 3228 2280 2682 3666 4368 3216 4446 4320 876 4464 4452 3564 414 2436 4452 1962 4770 3588 2790 1422 1104 588 2490 4164 1170 2238 2994 2844 1446 4728 756 3900 2070 1884 2478 1488 804 3162 4602 768 1632 1404 4134 1908 348 5118 1824 3750 2694 2622 3798 2634 3582 1950 126 3180 3528 576 2214 1278 3798 4398 4614 3618 3786 1014 3504 1182 2490 4722 1524 3648 3840 1404 2790 4650 3132 3852 3822 3204 2586 3858 648 3132 3024 4434 96 3210 4656 1596 2004 1800 3876 5004 3834 4506 2730 4674 4182 2862 4062 3558 2508 1044 138 792 3660 1956 3252 4674 4134 4134 4260 1686 2964 2904 5364 1506 4566 2766 2016 3480 1980 4230 2364 3984 2904 3792 1656 3066 1890 3588 1818 3546 5082 2028 4668 3060 1224 750 3936 3924 4068 2484 3600 4512 2262 3618 2448 2970 3066 1752 5130 4320 5286 3048 4914 3690 2586 3738 1266 1404 4218 642 3414 1668 3156 4752 336 4614 3798 1758 2160 3612 5028 4314 486 4302 3660 2862 2580 1548 3762 2916 5226 4158 5112 4794 4902 4536 2796 2358 3306 4014 3798 2136 2586 2694 2820 3756 4764 4428 3150 4668 1758 4896 2352 4506 2400 3996 4104 3282 3270 1248 4128 696 3888 3294 144 4566 2610 3288 4242 4542 4302 2100 4050 2496 4494 1716 3918 312 3726 1902 2730 2130 2562 1956 1854 3198 3192 5316 4098 3954 3702 3342 3684 1014 2604 2994 2946 3762 2364 3474 5520 774 1962 444 4110 2490 3228 2622 3924 1962 4350 3618 2772 4176 4812 2682 3444 3126 4404 2364 2730 4572 3888 2616 4320 4854 2418 
2430 2295 3681 3357 3078 3357 2979 3690 2016 1125 2772 3042 4410 4113 2610 2160 3663 2619 4527 2187 2187 4158 4491 3789 1827 2484 1845 4491 2367 3456 2448 2367 4581 2601 2052 2520 2655 3789 3177 4644 396 1557 2862 4644 1224 2844 3393 1368 477 1476 2511 4185 2718 4068 3420 2484 3807 3591 1719 1053 3609 3303 1251 4608 2367 5013 2358 3699 4419 3168 3006 2286 4077 2700 1170 3429 4806 2871 2079 1512 4401 1980 1989 4554 1827 1269 2916 3456 2916 3762 1593 1539 3375 2853 2997 4788 2835 2574 1773 3006 2340 3645 1215 1089 675 1179 4707 3132 4779 2088 1989 1530 2601 4455 3663 1224 3213 2997 5112 3330 1656 1575 909 2475 3177 1719 1683 5193 2799 2565 4041 5013 1386 2520 2205 2574 567 3168 3285 3654 4149 1791 1341 3294 2097 1548 3636 2997 2376 5733 2133 2916 2223 2016 2970 4590 360 3132 5553 3366 2970 1917 3807 4914 3321 3492 2952 1602 1692 4086 1764 3474 3150 5202 2133 1467 4320 3663 3159 1557 2223 2268 3384 2907 4590 288 3456 4653 2097 4446 1926 3753 4005 1260 1944 1296 4824 1962 1125 3762 2079 4059 2583 522 3141 4905 2682 1962 3186 2025 4203 2691 2826 2754 3339 936 2421 3996 3483 3456 2628 4518 4734 5013 4158 459 4275 234 2070 2556 1764 1485 2826 4617 4644 3447 3474 4356 1683 4257 3834 4185 1530 3213 2484 3123 3393 2547 1260 3042 1980 2538 3312 2592 3546 3303 1782 3348 3906 4824 855 2502 1350 1791 2556 1836 4959 2934 2178 1611 2646 2727 1737 2898 513 2520 1755 1782 1080 3348 2925 3852 4500 3906 2682 1872 2097 4752 2268 5202 2673 3501 2412 2619 1440 4500 3798 549 3807 3249 4158 4140 4176 3447 3492 2646 2205 2322 2097 4572 2331 72 3348 3600 1836 4698 4068 1062 2835 3249 3402 2376 4455 2529 2916 1584 2727 1467 2016 1872 3456 1152 4563 3114 5319 4599 2187 5094 1818 1656 3663 1404 2601 1422 4617 1296 1341 3816 2547 1053 5382 1791 3168 936 3573 3573 2097 2295 3204 1782 3006 3600 2376 4833 2520 846 3996 4131 540 2826 918 1629 2061 3735 4005 2088 4509 3591 2484 900 2124 2169 2124 2385 1476 864 1242 2187 3726 3987 4401 1674 3249 1566 2196 810 2484 4149 2682 1404 
6496 3256 7424 3792 7032 1752 2504 4416 4016 3648 6008 1752 5432 4144 6216 6320 2208 4864 824 2872 2904 3200 1808 4080 6056 3664 4728 632 5536 1504 5168 5288 2808 2568 3632 6664 5984 1320 5632 1320 4680 4824 2064 328 5240 4072 4536 4144 4856 3552 2200 5824 6800 1024 3264 5128 2360 1968 3800 4512 2704 1848 4392 1248 3416 4416 5672 4776 504 3096 3736 5592 1208 5424 3400 1832 400 4880 6232 4728 1312 5400 5048 800 3128 5488 4848 5600 3128 5800 5848 3616 7208 6656 3760 816 6016 6696 5872 4040 6472 5912 4776 3480 4032 4184 360 1688 320 5624 3752 5608 5408 472 5712 4392 3056 2624 480 4472 3040 3616 4888 5888 4448 5912 5672 864 5792 5792 4944 240 3192 5992 2640 6240 4712 3488 1720 1600 752 3192 5472 1584 2856 3856 3544 1992 6320 808 5048 2568 2504 3160 1864 1328 4192 6224 776 2328 1792 5384 2280 152 6880 2616 4800 3640 3552 5248 3568 4544 2752 296 4328 4576 936 3152 1736 4944 5736 6048 4592 4856 1616 4616 1432 3568 6272 1736 4712 5288 2088 3616 6144 4216 5352 5160 4168 3184 5216 856 3984 4000 6008 248 4088 6176 2256 2632 2640 4984 6696 4920 5816 3608 6120 5736 3576 5552 4856 3592 1088 120 1232 4840 2856 4280 6224 5600 5536 5608 2104 4192 4120 7184 2168 5856 3744 2936 4824 2880 5552 3320 5400 4024 5208 2192 3968 2656 4856 2480 4888 6728 2888 6320 3928 1504 992 5464 5192 5256 3248 4864 6072 3048 5056 3048 4056 4152 2208 6824 5768 7000 4008 6456 4776 3312 4888 1544 1864 5400 592 4744 2120 4288 6280 216 6176 5304 2416 2632 4640 6696 5696 448 5520 4856 4016 3608 1784 5200 4112 7024 5336 6760 6376 6488 6064 3976 3240 4360 5136 5224 2824 3696 3808 3768 5128 6432 6024 4016 5992 2240 6568 3144 5848 3192 5184 5352 4144 4392 1368 5312 640 5384 4488 504 6048 3352 4568 5640 6112 5680 3056 5400 3312 5784 2320 5216 360 4832 2688 3600 2592 3168 2560 2480 4040 4104 7072 5240 5104 5160 4568 4832 1536 3696 3960 3720 5016 3168 4712 7408 896 2568 424 5624 3136 4320 3584 5304 2552 5664 4864 3656 5520 6376 3312 4784 4392 5856 3320 3512 6120 5144 3600 5528 6504 3200 
3726 3330 6597 2610 5832 6255 4050 7776 6102 3762 6624 5193 8559 8109 6201 4860 6939 6768 6948 5706 5724 7857 5112 7794 4437 6462 5994 6759 6354 6129 1701 1809 8073 5985 6012 4923 6471 6444 7263 7380 3834 5670 4716 6669 5031 2277 1755 3006 4104 3519 5058 423 5274 5697 3213 6606 4275 4626 3051 3105 3861 6264 2961 7308 3114 8973 2079 7830 6345 6903 6984 6219 5490 6777 4626 4788 6444 7029 3879 2637 7146 2340 6084 6957 5436 4680 1485 702 6669 387 4383 3384 6282 6084 6975 6120 1791 4185 3465 2295 5013 549 2934 4221 4707 3141 6444 5742 6858 2412 2925 5058 6678 6498 7785 5382 6930 3897 7254 7443 5040 5508 4905 6282 7290 4770 3168 6408 1575 1908 8181 6696 4482 6273 5472 2610 3645 2925 4977 6516 6318 3735 3474 5940 4014 3114 2970 5976 5616 7137 2016 3978 5238 3609 5004 7344 4428 6975 6894 6705 5265 2412 4356 6687 6696 6993 1512 5544 5589 8235 5679 1755 6714 7164 6264 2709 6795 7398 5913 2610 2349 2790 1683 1485 7506 3915 5364 8415 4788 5148 2259 7911 7209 3654 4041 5436 8964 6030 3204 3411 6138 6291 2430 4437 7092 6939 2295 4491 6462 4878 7668 1530 5949 1512 882 4536 2655 8127 2889 7578 6786 8307 5868 6948 6840 4140 7821 4005 4923 6552 5544 3465 4662 8568 8568 6498 6723 558 5679 7839 7965 7758 3240 7038 6534 7164 7551 5337 3240 6552 6120 5814 7461 4401 7173 7155 2880 5337 6192 8973 4131 1647 4311 5913 6264 5364 9045 3411 6273 5733 4635 5175 5193 4572 4050 3303 2403 3582 3132 5238 5580 801 6174 8028 4815 6012 4131 6606 5625 9315 5949 3915 1917 5247 3996 6363 639 4410 7794 7173 4968 8289 8154 6759 855 4212 4788 4329 5454 8478 6120 4140 1071 7749 4959 8496 7983 4986 6975 6993 7407 2466 513 4734 6336 5076 1746 4905 2169 2448 2223 5301 5535 1071 6723 8748 6336 7254 4266 3627 7776 4626 6309 3987 8199 4923 4869 360 5616 4761 7200 2358 6705 4338 3978 3366 4896 5373 2304 2718 5283 945 1764 8946 6678 3384 6876 8001 4365 2664 4806 5184 6210 6768 5949 4833 6408 7713 3411 5049 6075 6210 4725 2016 5580 4374 3933 4392 3258 8109 8424 4797 7074 3483 5571 4239 6435 810 5976 4752 
3576 2514 3540 3342 3384 1098 2448 984 894 2034 2328 1728 1758 954 2598 3066 762 1356 1794 756 738 732 2964 804 2988 504 1452 1896 1992 1320 3474 3468 1062 678 702 3330 2340 1392 1896 1602 2298 1632 1956 2136 2166 3228 3678 2550 2280 2208 1482 4482 3342 2244 3126 1602 2868 2514 2526 2580 2940 1026 2616 1620 2652 1464 3558 1230 2130 84 426 2076 2388 1812 1464 2298 2454 1326 3318 2874 1500 3306 1674 1818 918 2478 3576 4080 96 4284 2844 2298 3420 2994 444 2646 3876 3588 3186 3288 3138 4254 2754 1734 1584 2472 2358 1362 2142 3408 2646 2436 1812 2058 1914 1452 126 2538 2232 984 1188 978 1968 2298 960 2766 3156 2862 3816 3696 1386 2496 1554 2394 972 3756 2406 3108 2070 1170 1872 2124 2910 1338 2040 2472 3360 1026 2838 2982 3282 2448 1182 2262 1830 1572 1794 2430 2940 624 1626 3270 2832 2406 3048 468 3576 972 906 1590 858 3714 306 2388 1062 2796 1680 408 1236 2970 3498 3552 3690 3576 1446 2232 1938 1080 3048 2904 3066 1596 948 2112 3192 1320 1794 1782 2436 3252 1788 1794 3060 1710 2232 2220 3156 3066 690 1404 846 3522 3066 3534 4086 1548 3648 1926 3300 1800 1344 996 2748 2334 1464 2256 840 2040 2964 1998 2226 3006 1968 1200 1188 3354 750 4566 942 822 1272 780 3054 162 1836 648 1536 1278 2382 390 1512 816 1290 3546 366 2478 2634 1866 1716 1854 2472 3528 1674 1578 2460 966 1686 2754 858 1140 1884 3390 2520 3726 1926 3684 3012 2220 2718 1938 1332 4194 2328 1236 1770 1122 3270 2286 2718 1884 774 2844 3264 3264 2874 2202 4212 2154 774 360 2772 1566 966 3156 4014 3630 3132 3372 2670 1110 480 2010 3882 1542 1278 1122 798 1326 1530 2604 2196 2976 4656 1746 2862 1158 3792 1272 3270 3240 3540 1482 2790 3834 2808 1758 1158 2214 3036 2160 1080 2610 2478 2868 1050 2328 1302 4302 1014 2256 2574 3048 348 1662 2862 3156 1416 1098 3384 2730 3576 4032 3420 1698 1134 2580 1248 792 1740 3048 2094 1086 1374 3486 1998 1464 2172 1854 2544 1560 648 1842 1560 3576 1698 1656 2766 3258 3300 1278 1182 2718 180 2238 2688 2406 468 4368 2892 1374 
4296 1800 5136 2208 4806 1134 1230 3210 2706 2154 4152 768 3990 3090 4260 4236 1632 3378 876 1818 1848 2454 882 3000 4014 2508 3192 696 3792 912 3234 3330 2268 1650 2418 4482 4122 906 3960 1278 2958 3222 930 546 3462 2406 2760 2496 3108 2058 1146 3726 4602 120 1818 3546 1164 840 2220 2784 1410 1206 2688 1218 1914 3408 3624 3462 330 2202 2640 3822 294 3768 2052 726 420 3426 4110 2922 1188 3426 3432 870 1962 3618 2988 3552 2178 3708 3858 2094 4956 4554 2658 432 3876 4464 3822 2382 4350 3786 2982 2070 2550 2532 384 906 672 3600 2178 3732 3744 456 4074 2886 2184 1320 930 3204 1830 2334 3198 4038 3162 3930 3660 690 3708 3708 3612 582 1878 4110 1596 4062 2970 1974 660 1122 462 1788 3534 900 1530 2274 2034 1224 4284 1026 3150 1278 1446 1740 810 1266 2640 4332 906 1656 834 3420 1104 552 4764 1908 2952 2358 2298 3822 2328 2766 1938 858 2946 2814 852 2334 1008 3090 3678 3924 2802 2994 1464 2916 486 2790 4194 816 2898 3804 1632 2118 4056 2766 3990 3504 2520 1776 3552 516 2340 2496 4200 714 2418 4104 1548 1476 2076 3090 4578 3042 3714 2208 3972 4128 2052 3942 3378 2778 516 714 1026 3102 2238 2670 4164 3864 3726 3630 966 3198 3150 4962 1554 3756 2454 2292 3504 2238 3582 2376 3720 2868 3708 1212 2370 1836 3300 1548 3480 4500 2124 4416 2316 558 546 4062 3360 3300 1896 3276 4164 1890 3816 1638 2754 2754 1056 4608 3858 4704 2466 4248 2958 1866 3072 564 996 3408 216 3462 1008 2886 4158 486 4182 4008 1530 1344 2832 4530 3726 324 3492 3138 2958 2586 780 3798 3078 4866 3354 4512 4266 4326 4092 3048 2154 2742 3210 3744 1650 2886 2862 2376 3582 4482 4242 2364 3858 1110 4518 1920 3750 1926 3258 3396 2472 2874 600 3336 750 3984 3066 936 3996 1908 3312 3726 4194 3714 2442 3576 2022 3690 1380 3432 900 2994 1896 2172 1320 1752 1422 1452 2388 2448 4794 3288 3192 3864 3162 3048 1206 2790 2454 2142 3288 1950 3204 5136 234 1416 366 4008 1704 2796 2394 3618 1380 3612 3246 2226 3588 4242 1872 3504 3300 3894 2382 2022 4140 3336 2466 3510 4440 1914 
5634 5877 4122 7137 4302 4365 6075 1296 2376 4824 2358 5202 432 1782 3006 4419 3771 1539 5355 3492 3447 2871 7092 1719 4572 2358 2322 5535 2241 4689 6606 6516 3537 3609 2673 4716 2493 4788 1305 4959 4473 2655 5445 5895 3447 6786 7425 5436 4239 5193 4725 8343 4545 6057 6966 1755 6813 6327 5616 5220 6840 4248 5391 5004 6057 2232 6408 864 5904 2772 2079 2430 6255 1710 4041 6021 6390 1287 5247 5670 4860 6066 2286 5382 3474 3933 7047 7614 2781 7929 4455 5310 4104 3600 2061 6678 6867 5436 5328 6930 4428 7794 5373 4410 3663 5256 6246 4716 5895 6102 5859 3627 1809 5787 783 2934 2808 6183 5985 1242 3897 3087 3447 2592 1323 4131 5463 7011 6894 6624 756 6444 4329 2709 3879 6363 4671 6849 5697 4455 5526 5247 5076 4698 5283 5472 7290 4221 3699 7155 6291 6057 4203 5499 5310 4923 3906 2223 7110 3627 5049 5994 6768 6300 3303 3303 7065 3042 3051 369 2970 7497 3159 6237 2106 5616 5193 2736 4536 5706 6210 6048 7425 7038 4671 4392 5562 2799 4446 7002 6084 405 3960 4977 5013 2907 1026 2385 5193 7227 2286 5400 6516 3942 1863 6012 6651 4635 3744 4428 3483 6840 3780 6903 7488 4005 6228 423 7164 882 1530 2673 6822 6183 4860 4203 3294 4320 4257 2070 3096 5148 5454 2097 2196 3888 3807 8505 2871 3204 828 3222 5328 2511 1953 1746 765 4455 5238 3294 2205 3798 918 5265 3006 2151 5742 5445 5283 918 4320 6660 4482 2412 2790 3600 1476 6399 2223 2646 5292 4662 3618 5436 4338 5976 5913 5346 5193 5544 4635 7992 6201 954 5157 2349 5058 6129 3537 1548 3780 6696 6534 4455 4716 6012 7956 3942 1800 2187 6777 468 1854 3429 7650 5481 4536 5085 3600 2304 2907 4167 7488 558 4158 2700 2151 3483 1359 2448 1539 6345 8613 5076 3258 3780 6795 3906 6156 5949 7353 3006 6858 7281 6921 711 1998 5958 4725 5229 1107 4086 2790 4716 3303 3645 3852 7983 4095 3717 6525 5949 3231 4212 6741 7056 4482 4113 7101 5814 4869 7740 6543 1233 1674 4941 4527 2304 4032 6633 3591 3663 2097 3942 5706 4545 5967 783 5994 3267 2664 2259 4689 6453 2763 4149 4662 4914 7263 927 1692 4068 2511 5265 3537 4203 2421 8280 3537 4050 
4950 2430 5748 2736 5430 1560 1830 3594 3240 2808 4722 1410 4368 3408 4854 4872 1944 3894 930 2364 2394 2712 1152 3354 4662 3000 3756 774 4362 1362 3858 3960 2424 2160 2952 5124 4698 1254 4470 1314 3612 3810 1584 516 4086 2988 3306 3144 3756 2712 1776 4266 5238 750 2334 4080 1638 1392 2868 3438 1908 1632 3336 1260 2538 3630 4266 3864 534 2598 3072 4398 834 4302 2688 1332 234 3912 4764 3570 1296 4074 3996 912 2538 4254 3576 4134 2610 4278 4506 2748 5574 5166 3090 402 4506 5118 4482 2952 4986 4368 3630 2718 3174 3180 312 1452 552 4248 2814 4362 4284 588 4548 3480 2574 1914 654 3630 2442 2910 3822 4620 3606 4572 4320 342 4332 4344 3996 150 2514 4698 2172 4710 3624 2526 1308 1476 780 2436 4188 1398 2178 2922 2526 1716 4908 378 3780 1884 2046 2388 1464 1320 3276 4890 294 2028 1464 4062 1578 246 5358 2250 3534 2934 2868 4224 2886 3306 2340 474 3480 3462 1002 2664 1512 3738 4326 4578 3354 3582 1530 3570 1140 2994 4836 1104 3534 4242 1872 2772 4704 3354 4320 4080 3174 2250 4122 864 2934 3132 4740 504 3006 4752 1956 2106 2292 3696 5190 3642 4314 2844 4626 4578 2562 4422 3888 3006 594 402 1224 3750 2454 3318 4806 4416 4332 4284 1620 3456 3402 5568 1908 4278 3018 2514 3900 2472 4236 2772 4272 3294 4170 1806 3024 2262 3858 2076 3930 5148 2460 4968 2958 1206 954 4398 4008 3924 2544 3852 4752 2472 4104 2220 3276 3318 1710 5250 4488 5352 3114 4902 3600 2520 3732 1218 1572 3948 438 3846 1662 3438 4812 354 4800 4290 2040 1866 3450 5166 4380 462 4050 3774 3306 2988 1176 4188 3384 5460 3924 5166 4908 4974 4710 3294 2664 3390 3780 4188 2268 3090 3162 2988 4092 5046 4758 2976 4386 1764 5118 2526 4386 2544 3900 4038 3000 3474 822 3924 168 4338 3600 678 4644 2556 3714 4362 4782 4368 2610 4206 2640 4260 1932 4062 372 3636 2292 2820 1824 2250 2052 2040 2940 3084 5436 3846 3816 4176 3672 3702 1452 3078 3096 2724 3912 2550 3756 5736 780 2052 480 4482 2322 3408 2916 4188 2022 4254 3840 2868 4242 4896 2346 3882 3600 4536 2772 2676 4758 3984 2952 4032 5052 2544 
2922 2832 2478 3666 2400 2100 3000 834 504 2118 1230 2502 1230 1224 1548 2226 1872 240 2874 1350 1320 1626 3756 1020 2244 666 564 2952 924 2298 3342 3288 2064 1506 756 2472 1254 2424 804 2712 1944 810 2622 3168 1410 3426 3852 2532 1812 2364 2154 4488 2430 3138 3564 498 3516 3216 2646 2406 3504 2028 2514 2724 2946 1806 3258 762 3126 1188 732 1026 3246 696 1602 3024 3450 276 2652 2712 2604 3018 690 2892 1284 1746 3606 4008 1104 4218 2130 2442 2382 1968 720 3588 3570 2850 2634 3522 2274 4140 2526 1842 1350 2418 3360 2250 3198 3060 2808 1614 708 3078 936 894 1230 3066 3318 558 1536 978 1326 1236 456 1968 2682 3834 3570 3402 990 3522 1800 1332 1602 3300 2076 3480 2820 2220 2880 2406 2418 2274 2448 2550 3774 1944 1878 4014 3132 2982 1800 2580 2562 2682 1524 1320 3954 1710 2406 2970 3492 3426 1962 1584 3624 948 966 1014 918 3900 1398 3456 306 2670 2748 1368 2154 2748 3144 3084 3852 3606 2562 1884 2772 1812 2226 3702 2976 822 2064 2220 2508 852 1506 798 2376 3744 768 2796 3246 1536 1116 3282 3336 2304 1728 1920 1902 3486 2052 3522 3942 1572 3198 1062 3690 792 234 1704 3654 3390 2544 1794 1848 1806 2118 900 1314 2484 2622 1578 1614 2298 1836 4590 834 1806 852 1788 2586 1074 744 618 618 1998 2400 1440 546 1608 498 2772 1452 1362 2730 2688 2706 1506 1914 3384 1896 678 1404 1368 1626 3186 420 666 2508 2496 1656 2922 1800 3102 2874 2472 2424 2742 2166 4242 3294 918 2430 468 2562 3306 1758 1782 1626 3414 3270 2358 2244 3198 4224 1626 1056 918 3540 1044 1278 2064 4014 2892 2304 2616 1746 1614 1002 1716 3906 720 1728 1794 1314 1224 426 1494 1098 3132 4668 2370 1806 1458 3510 1530 3054 2940 3810 942 3648 3780 3816 1350 252 3300 2322 2388 774 1872 1422 2244 1980 1566 1482 4248 1788 1560 3636 2904 1440 1710 3444 3630 1962 1758 3636 2778 2664 4074 3294 1530 36 2256 2340 1398 1596 3330 1440 1380 414 2406 2940 1998 3180 870 2916 1110 768 804 2088 3288 894 1668 2184 2502 3768 966 1356 1920 1086 2412 1734 1836 708 4434 1878 1620 
2735 530 3700 900 3365 1345 25 2785 2060 1035 3070 680 3390 2815 3060 2830 1800 2630 1595 1430 1455 2445 855 2680 2610 2050 2330 1480 2790 1225 1710 1795 2435 1450 1870 3010 3020 1370 3080 1865 1725 2280 410 1430 2315 1010 1330 1180 1890 875 780 2130 3145 900 625 2690 465 375 920 1455 440 1375 1350 1820 605 3200 2060 2930 1250 2030 2270 2780 810 2860 1215 395 1330 2715 2610 1515 1745 1915 2505 1600 1425 2365 1490 1960 1945 2095 2490 875 3535 3240 2280 1200 2250 2910 2345 1000 2930 2155 1600 1100 1600 1235 1320 1030 1535 2065 850 2505 2825 1335 3260 1995 2030 115 1755 2690 1200 1675 2105 2930 2630 2600 2185 1405 2105 2120 3100 1475 1030 2975 1220 2455 1700 695 495 1460 1235 665 2120 1125 500 990 830 1255 2980 1785 1655 65 1040 560 565 1845 1600 3250 1660 1720 745 1915 460 1460 3475 1925 1460 1700 1675 3225 1720 1340 1845 1715 2250 1425 1520 2245 1150 1655 2125 2360 1360 1495 1960 1705 705 2765 2790 835 1450 3140 1900 970 2590 1930 3490 2540 1240 700 2595 1230 950 1495 3190 1580 1015 2685 1585 895 2225 1575 3230 1535 2095 1300 2385 3370 805 3140 2630 2725 1105 1595 1575 1890 2345 1530 2790 2875 2590 2195 390 2990 2970 3570 1685 2160 1795 2370 2985 2320 2130 2155 2780 2440 2995 955 1110 1745 2430 1335 2850 2960 2080 3335 980 705 1180 3525 2085 1765 980 2370 3010 1355 3420 380 2135 1995 445 3140 2620 3125 1375 2655 1515 690 1705 645 980 1860 1170 2980 545 2150 2680 1405 2910 3585 1380 360 1365 3090 2340 1265 1925 1965 2660 2300 680 3225 2820 3555 1800 2945 2840 2825 2820 2895 1755 1615 1680 3065 1045 2830 2665 1555 2795 3345 3280 970 2245 555 3255 1270 2150 1220 1760 1895 1110 1970 960 1780 1540 3430 2340 1755 2575 755 2835 2430 3035 2330 2550 2370 1270 2085 1170 2240 1745 1550 1820 1220 385 625 865 1100 1020 1085 3285 1755 1675 3420 2475 1720 1635 2640 1445 790 2150 1330 2390 3730 1025 830 1290 3205 430 1860 1875 2650 750 2050 2275 1265 2230 2775 745 3020 3000 2580 2165 830 2875 2080 2020 1960 3140 1155 
576 3104 2568 3680 1896 4568 3880 4480 3112 2320 2704 4192 4872 4952 2248 992 4832 3288 5592 3520 3512 5160 5264 4664 616 3608 2624 5544 2600 4648 2048 1864 5600 3888 3264 1104 2560 4944 3464 5712 1280 2296 3960 5664 1512 3120 3376 2032 1184 2504 3760 3520 1408 5072 3944 3008 4552 4488 2464 1568 4288 4520 1768 5680 3080 5752 1480 4376 5448 4304 4040 2448 5040 3048 2624 4408 5752 3528 280 1616 5496 1336 2552 5616 3192 1064 2744 2832 4088 3048 624 2496 2280 2088 4024 5688 1760 760 248 3272 1136 2840 1376 2472 2136 1920 5680 4344 5792 1192 2648 1344 2960 5496 3960 2304 4352 3848 6096 4120 3056 2904 1624 2416 3984 960 544 6040 1920 1624 4672 5952 2768 2368 3552 1144 1232 3656 4344 4832 5232 2864 496 4496 3192 2328 4032 4248 1672 6568 1840 3816 3544 3000 4112 5664 1888 2992 6392 4560 4152 1280 4576 5880 2624 4648 2808 2912 3008 4600 3056 3448 4336 6160 3080 1728 5408 4728 4384 1432 1232 888 3336 2736 5664 1352 4552 5568 928 5240 1944 4248 5136 2384 288 2456 5328 2440 1912 4264 2528 5152 2952 2048 3168 5904 2976 664 4416 3344 5272 2432 1960 2544 2544 2416 1040 4304 3880 3808 3296 5432 5600 5992 5280 1200 5312 1688 1048 2768 1824 384 3920 5424 5456 2456 4664 3688 2936 5288 4496 5232 552 4304 2832 4064 3912 3824 2120 4256 2672 3840 3960 848 4664 3152 2416 4464 5016 5296 896 2040 2704 2488 2344 3208 5544 3640 3232 2736 3784 1336 1400 1104 1952 752 1752 2792 1168 4448 4160 3384 5480 4600 3848 2880 416 5736 1704 5728 3960 4224 2408 1368 384 5512 3256 1320 4696 4280 4992 4680 5016 2680 3040 816 936 648 1568 5424 3584 1640 3000 4112 3200 5584 4984 2488 3368 2968 3480 2776 3728 3720 2320 2992 1768 2888 1600 1272 3616 2248 5408 2656 6192 5080 3056 6088 464 2704 4408 936 2368 384 5600 1320 2776 3120 3848 1296 6312 1728 4360 2384 4304 4112 3408 3616 3440 2296 1504 3208 2032 5392 3328 1144 5136 5056 2064 3272 1464 3032 2832 2704 5064 3392 5528 3920 3288 2120 3336 2552 3400 1536 2184 2336 504 632 4192 4656 5176 1000 4344 2568 1664 984 3624 3632 1992 2824 
5012 3836 4655 4781 4578 1869 3682 1015 1799 3311 3178 2758 1771 581 3584 4319 1239 2016 2373 1806 1785 294 4109 672 4277 1358 2359 2555 2849 2121 4991 4984 777 1645 1680 4613 3227 2086 2492 1988 3584 2618 3080 2856 3297 4683 5208 3913 3535 3514 2555 6167 4592 3192 4501 2345 4109 3675 3878 3941 4235 1799 3990 2030 4004 840 5082 1358 2926 875 994 2975 3395 2534 2653 3423 3283 1883 4697 4291 1953 4788 2562 2394 2009 3675 5110 5698 1050 5936 4123 3619 4557 4074 1008 3570 5453 4991 4585 4746 4389 5908 4144 2961 2751 3822 3171 2275 2814 4893 4011 3584 2562 2807 2345 2499 854 3794 2821 1260 2317 2051 3108 3220 1323 3990 4571 3780 5390 5236 1379 3283 2751 3325 2030 5278 3717 4508 3143 1834 2646 3395 4277 2191 3276 3815 4781 1904 3962 3780 4767 3689 2254 3549 2898 1967 2996 3227 3773 1260 2646 4739 4053 3171 4032 959 5103 2030 1967 1680 1904 5250 1064 3038 1890 4200 2289 504 2107 4396 4998 5040 5229 5110 1736 3507 2940 350 4312 4032 4522 1848 1274 3402 4543 2366 1603 2695 3780 4627 2674 2562 4494 2919 2954 2891 4606 4361 1435 2534 791 5047 4172 5061 5705 2744 5159 2233 4718 2268 2002 231 3738 3024 2030 3514 616 3297 4193 2807 3276 4382 3101 581 532 4445 1351 6265 1974 546 1344 581 4452 777 2632 1050 1932 2310 3724 1211 2387 1806 1652 4921 728 3241 4011 2870 2506 1708 3738 5054 2891 2506 3409 2065 1330 4081 1708 2128 3017 4662 3654 5117 3178 5166 4452 3514 4088 2961 2289 5824 3192 1232 2877 2030 4627 3052 3815 1547 1722 4123 4746 4501 4193 3010 5845 3367 609 770 3906 1610 532 4158 5614 5040 4403 4725 3794 413 1491 3248 5460 1848 2408 371 301 2464 2142 3437 2828 4396 6370 2870 3871 2289 5355 2422 4746 4704 5033 2548 3843 5411 3654 1673 1960 2793 4347 3451 1176 3829 3430 4186 602 3486 2457 5957 2016 3430 3255 4494 1092 2884 4137 4522 2541 2156 4851 4123 4865 5635 4928 1428 1813 3927 1771 175 2954 4459 3255 2205 2212 4557 2877 2590 2961 2282 3857 2667 1617 2716 2702 5103 2709 2870 4081 4592 4690 1253 749 3934 749 3542 3787 3654 1351 6027 3969 2541 
4572 1968 5520 2202 5172 1590 1350 3672 3144 2448 4572 1152 4446 3540 4662 4572 2082 3828 1218 2262 2292 2898 606 3456 4344 2964 3618 1038 4218 1368 3378 3486 2682 2106 2862 4812 4542 1350 4404 1632 3276 3636 1224 804 3840 2466 2772 2724 3444 2316 1536 3726 4950 462 1800 3984 1092 888 2430 3036 1368 1662 2922 1572 2058 3840 3810 3918 654 2658 3102 4242 408 4206 2430 882 450 3876 4404 3144 1566 3630 3852 1206 2388 3972 3060 3612 2634 3750 4188 2334 5334 4944 3114 150 4032 4758 4098 2424 4692 3846 3228 2406 2928 2778 516 1356 906 3804 2352 4104 4176 780 4524 3294 2640 1422 1110 3660 2238 2760 3576 4446 3618 4278 3924 354 3852 3876 4074 594 2232 4518 2028 4272 3276 1992 936 1572 870 2040 3816 1356 1788 2496 1980 1680 4662 822 3318 1404 1860 1962 1158 1626 3000 4764 666 2112 1236 3624 1038 642 5166 2358 3018 2784 2730 4284 2760 2772 2394 966 3384 3030 1230 2784 1464 3306 3882 4152 2820 3066 1836 3240 864 3222 4530 552 3078 4266 2064 2400 4356 3180 4446 3924 2778 1698 3972 942 2430 2856 4632 912 2496 4428 2004 1860 2502 3198 4956 3138 3804 2574 4194 4584 2022 4392 3822 3216 66 846 1434 3438 2670 3000 4512 4290 4116 3912 1248 3642 3594 5346 2004 3738 2880 2724 3966 2670 3846 2832 4152 3324 4158 1632 2622 2298 3726 1998 3936 4806 2574 4848 2508 948 990 4518 3690 3444 2232 3702 4572 2316 4266 1710 3198 3180 1362 4950 4230 5004 2796 4500 3150 2106 3336 918 1440 3414 414 3924 1350 3318 4464 660 4566 4458 1986 1332 2958 4878 4038 600 3516 3486 3414 3048 630 4260 3528 5268 3396 4806 4602 4632 4464 3486 2604 3084 3252 4200 2046 3312 3312 2772 4026 4902 4680 2484 3840 1446 4920 2322 3912 2322 3444 3606 2460 3282 270 3414 540 4440 3504 1128 4314 2160 3774 4068 4602 4026 2862 3942 2412 3726 1818 3792 918 3192 2352 2526 1290 1704 1806 1878 2406 2634 5136 3312 3336 4320 3612 3330 1632 3240 2808 2208 3654 2364 3642 5526 690 1794 642 4458 1848 3192 2838 4044 1740 3792 3654 2580 3900 4560 1800 3960 3750 4248 2838 2268 4518 3672 2916 3492 4830 2298 
3756 3138 3330 3984 3276 1806 3138 276 1032 2562 2064 2448 1050 366 2418 3102 1374 1068 2430 1398 1368 828 3684 150 3096 744 1416 2550 1788 2028 3942 3918 1284 1386 1038 3354 2106 2070 1470 2166 2634 1656 2664 2802 2250 3828 4272 3048 2550 2772 2184 5022 3312 2958 3792 1356 3576 3228 3084 3012 3636 1734 3084 2196 3276 972 3948 564 2814 738 402 1902 3102 1506 1986 3018 3138 948 3486 3324 2094 3696 1572 2448 1482 2592 4116 4584 786 4788 2976 2862 3252 2838 402 3342 4266 3708 3426 3900 3156 4740 3168 2262 1944 2958 3042 2082 2790 3768 3222 2478 1536 2736 1374 1626 756 3222 2850 414 1776 1380 2124 2106 468 2832 3444 3558 4236 4086 678 3168 2130 2196 1644 4062 2754 3762 2784 1848 2562 2730 3186 2052 2688 3012 4026 1746 2766 3636 3738 3132 1860 2886 2544 2142 2148 2100 3606 1290 2346 3654 3540 3072 2796 1068 4122 1356 1320 906 1260 4314 1002 3018 1038 3258 2328 684 1950 3390 3858 3846 4284 4116 1974 2568 2658 936 3102 3624 3552 978 1500 2652 3342 1530 1080 1680 2916 3936 1656 2484 3654 2112 1866 2868 3750 3162 1392 2058 1200 4032 2934 4056 4554 2028 3954 1314 3960 1296 1056 834 3456 2982 2106 2532 1098 2424 2994 1746 2196 3264 2670 714 744 3150 1410 5112 1272 1038 588 1044 3342 564 1596 294 1002 1980 2898 1104 1428 1518 756 3636 864 2118 3186 2586 2412 1134 2700 3990 2244 1542 2268 1554 1008 3420 930 1314 2580 3378 2532 3792 2358 3912 3468 2820 3096 2658 2052 4746 3024 528 2472 1182 3408 2958 2640 1200 1488 3540 3792 3240 3060 2886 4746 2388 174 354 3486 870 414 2898 4548 3750 3180 3480 2628 732 1026 2364 4422 954 1908 912 432 1728 1170 2280 1764 3558 5196 2442 2664 1728 4194 1830 3696 3624 4164 1668 3504 4338 3486 1044 1074 2826 3168 2754 402 2718 2280 3060 1164 2412 1830 4818 1722 2388 3210 3504 1044 2160 3558 3834 2082 1782 4002 3264 3546 4578 3894 996 918 2940 1878 522 2154 3672 2244 1644 1284 3246 2706 2130 2856 1314 3186 1800 1002 1686 2226 3966 1734 2136 2982 3360 3978 564 564 2784 558 2814 2622 2622 762 4932 2754 1938 
3920 376 5664 944 5088 2632 568 4680 3392 1424 4808 1608 5600 4792 4728 4200 3328 4256 3136 2536 2568 4296 1832 4560 3832 3472 3712 2968 4384 2472 2144 2296 4352 2640 3136 4464 4720 2728 4944 3544 2448 3584 1168 2896 3504 1016 1552 1440 2744 1096 1624 2816 4704 2048 680 4304 1080 1160 1016 1904 816 2664 1712 3472 408 5464 2744 4864 2608 3560 3864 4352 1896 4560 1936 1240 2736 4424 3760 1928 3344 2536 3960 3144 2440 3512 1776 2528 3400 2744 3648 1048 5392 4952 3872 2512 3024 4232 3312 1016 4368 2840 2104 1664 2464 1568 2720 2136 3056 2776 840 3776 4496 2736 5280 3144 3568 456 3408 4488 2056 2760 3192 4560 4376 3864 3040 2824 2776 2824 5152 2968 1664 4624 2224 3392 2384 624 1384 2840 2568 880 2976 2304 816 1152 976 2440 4520 3440 2080 504 1952 648 1432 3512 2400 5112 3240 3168 1688 2536 1112 2944 5368 3472 1728 2800 2792 5328 2864 1584 3304 3352 3664 1784 3008 3944 2320 2144 2864 3264 1600 1784 3680 2440 1720 4816 4128 1824 1768 5144 3520 1296 3744 3064 5808 3992 1584 952 4088 2552 912 2256 5056 3136 1016 3944 2944 1656 4000 1920 4920 1848 2744 2024 3296 5488 880 5080 4264 4736 2336 3160 3072 2744 4176 2200 4152 4536 3968 3088 1120 5120 5096 5472 3136 2880 2952 4216 4968 4136 2960 3744 4416 4120 4896 1904 1384 3144 3864 2456 4688 4328 3696 5256 1072 1704 2464 5856 3024 2232 1544 3752 4672 2336 5744 192 3528 3224 1144 4680 3952 4592 1992 3760 1896 840 2304 1616 2024 2392 2480 4976 1312 3480 3880 2856 4424 6008 2552 744 1592 4624 3376 2632 2488 2904 4536 3944 1592 5336 4808 5488 2280 4280 4200 4120 4272 4976 3032 2352 2088 5024 1848 4904 4592 2472 4512 5248 5232 960 3016 1272 5008 2144 2864 2032 2272 2512 1248 3096 2080 2240 3056 5688 3792 3416 3752 960 4744 3592 4712 3352 4512 3560 2080 2728 2224 3352 3400 1944 3272 1864 816 792 1632 2064 1072 1224 4904 2208 2096 5728 4048 2360 3136 4560 2168 672 3232 2256 3840 5728 2248 1568 2672 5192 200 2888 3152 4176 1440 2720 3552 1936 3200 4056 952 5048 5096 3832 3768 1016 4368 3040 3424 2560 4800 1904 
