45 90 180
80 80 80 80 80 80 80 80 80 80 80 80 80 80 80 80 80 80 80 80 80 80 80 80 80 80 80 80 80 80 80 80 80 80 80 80 80 80 80 80 80 80 80 80 80 
15 17 12 29 13 16 29 25 25 23 30 28 15 17 29 11 27 28 28 23 17 20 26 27 28 30 19 14 26 15 17 14 22 21 20 31 25 26 13 25 16 17 30 19 12 27 11 26 29 26 29 27 15 20 25 22 21 17 25 18 13 22 17 19 20 25 15 15 19 24 26 10 13 19 23 29 19 24 27 11 23 17 10 27 24 28 25 10 23 10 17 15 17 24 17 10 30 16 14 17 27 29 10 11 13 14 24 27 24 23 13 10 26 30 16 22 25 17 15 19 24 21 13 27 28 10 29 26 10 19 16 10 23 10 21 22 28 29 10 17 12 23 10 14 16 25 23 23 23 15 16 21 10 12 25 18 16 16 16 11 24 15 15 14 22 18 30 22 26 29 26 17 27 11 10 12 16 22 22 17 
679 395 384 491 596 857 594 381 516 224 122 542 767 340 622 641 577 667 497 400 211 795 98 599 706 410 613 752 614 342 667 560 247 507 302 280 431 119 567 544 546 434 429 508 564 671 553 877 372 217 535 458 632 256 604 649 106 376 466 199 736 531 527 880 93 748 778 193 747 218 509 450 108 285 553 645 102 277 81 382 449 534 142 506 262 248 109 189 366 387 
213 482 236 262 125 306 474 203 69 383 536 584 212 261 674 420 629 112 357 513 530 250 485 423 446 334 665 168 232 390 273 269 449 106 402 322 228 469 103 71 160 641 236 268 618 240 33 342 260 482 284 187 201 528 273 470 679 220 537 431 180 336 414 376 540 165 250 391 163 608 507 341 501 577 388 230 683 583 506 543 335 59 678 396 359 345 496 565 422 261 
427 389 209 345 344 641 528 147 277 37 252 546 547 89 642 425 591 443 280 412 299 580 158 508 595 310 632 513 365 155 498 317 133 258 260 27 266 132 355 298 354 508 268 364 578 421 318 669 215 261 395 205 380 326 448 565 337 128 471 87 515 305 450 685 194 507 569 71 505 363 484 231 156 379 341 465 354 379 187 418 346 292 374 302 40 12 152 315 329 235 
347 385 192 148 259 282 344 231 152 411 502 465 196 305 550 547 508 113 465 415 475 220 481 291 312 240 542 228 364 462 148 392 497 209 334 356 154 473 32 191 39 543 160 148 498 374 121 301 208 428 157 281 336 462 138 336 679 268 427 462 169 452 290 311 553 242 202 396 239 551 389 440 514 504 505 105 668 513 495 449 229 166 645 504 399 368 507 513 332 198 
330 348 103 146 230 381 369 126 99 304 413 460 290 201 553 486 506 191 385 378 398 319 380 325 377 201 544 289 323 362 240 331 392 147 266 250 93 370 90 150 91 506 102 159 495 349 103 404 126 350 184 200 305 394 206 379 578 166 407 355 259 379 299 417 449 293 305 292 291 477 384 353 409 442 432 202 571 448 396 407 208 124 556 423 293 262 403 435 286 125 
756 315 400 475 664 869 525 436 564 321 91 443 785 417 513 755 471 692 609 311 129 808 187 542 654 379 504 790 702 459 651 656 372 568 266 365 435 220 587 602 553 313 429 489 460 755 594 882 381 165 511 536 712 166 584 585 199 444 372 313 756 639 468 874 229 792 786 268 790 92 426 561 232 173 668 637 130 162 156 284 414 586 59 623 362 330 229 89 310 390 
191 541 279 383 127 504 605 169 160 265 484 678 412 157 774 248 724 317 153 569 514 451 396 564 615 411 764 338 128 206 461 98 289 103 425 210 312 370 281 133 319 687 320 397 712 182 198 543 303 468 424 46 143 529 441 618 565 138 613 299 381 140 531 581 420 321 454 306 321 586 604 136 387 583 193 418 591 586 425 589 431 151 612 192 227 244 384 538 474 316 
308 575 341 468 265 644 680 229 285 207 447 726 551 168 823 227 772 453 81 600 499 590 340 648 715 469 813 479 227 82 577 157 181 234 448 181 389 308 403 270 430 705 395 486 759 286 328 682 359 461 515 154 260 526 547 705 474 184 654 219 520 113 603 716 334 461 591 269 461 562 658 32 309 579 141 537 516 579 372 611 498 283 554 103 168 211 309 514 511 377 
456 529 404 310 403 116 400 448 345 629 703 553 118 521 614 700 585 182 649 555 662 90 694 343 286 410 609 232 506 671 144 556 714 396 519 573 356 689 237 363 242 673 359 297 579 492 302 104 415 620 282 476 467 641 210 356 892 482 544 680 134 627 386 93 770 262 60 613 258 734 489 633 730 674 678 147 875 684 706 594 381 348 843 688 616 586 724 703 495 401 
658 19 250 218 556 614 198 358 427 398 279 164 548 398 260 768 209 479 637 49 199 559 350 218 330 129 250 594 637 537 367 625 499 463 122 391 237 369 380 477 327 177 228 223 196 673 433 614 225 182 230 481 627 159 300 259 499 395 89 432 526 647 146 590 441 606 530 336 603 249 111 591 413 173 695 368 448 184 338 84 137 452 385 667 422 370 406 236 53 214 
614 476 394 520 542 849 660 355 486 172 222 632 755 296 718 541 670 652 401 487 309 788 127 655 756 456 708 722 542 246 688 479 146 464 364 233 448 114 561 505 552 540 448 539 657 601 528 875 390 301 568 401 566 353 631 709 147 336 553 127 723 439 587 887 36 714 775 182 713 333 588 358 67 390 454 659 198 384 141 476 496 500 261 404 200 211 74 297 435 408 
455 236 60 173 355 534 347 136 236 209 251 382 447 175 480 544 429 352 414 263 237 473 235 326 417 129 469 451 423 326 343 404 313 257 120 180 105 234 247 281 220 381 103 193 416 464 259 552 45 189 222 260 419 239 285 384 432 172 312 255 417 424 269 553 318 455 453 166 453 316 314 369 279 290 471 318 415 295 245 282 165 261 394 445 220 170 273 272 170 62 
740 398 426 523 655 901 604 436 569 286 129 536 813 400 609 706 567 714 561 398 207 840 155 614 724 435 600 804 677 406 700 623 311 564 323 340 470 181 612 601 587 413 466 539 555 733 604 919 412 227 564 518 693 251 636 662 99 433 462 263 782 595 541 918 155 802 821 250 800 191 511 514 173 268 618 681 48 258 130 375 473 589 83 570 325 308 173 175 380 425 
213 606 351 463 186 576 683 237 244 282 517 749 486 202 846 174 796 395 72 634 558 526 417 645 698 484 836 403 131 177 544 61 274 187 485 239 390 387 365 214 403 747 397 478 783 190 280 617 374 516 505 122 166 579 525 699 566 198 682 303 457 57 609 658 422 382 531 335 383 626 677 74 394 633 110 502 602 634 448 650 507 233 634 111 241 273 393 577 540 389 
793 196 391 415 693 818 396 467 574 415 190 287 746 475 347 843 309 665 699 178 119 761 304 427 538 315 338 775 753 564 578 721 493 595 224 439 404 335 561 620 514 145 397 425 299 799 593 823 366 160 437 585 754 100 510 460 368 490 227 426 721 722 357 802 375 783 734 350 781 79 288 650 365 49 760 574 298 43 277 142 339 599 214 721 452 408 360 114 225 366 
90 602 344 388 60 345 601 278 160 433 622 710 262 310 800 331 755 195 311 632 630 302 553 549 565 456 791 164 139 394 387 201 473 145 511 373 347 531 229 114 286 760 356 394 744 123 153 389 370 582 411 199 97 634 395 594 737 275 661 474 238 278 540 439 593 141 316 458 142 707 633 312 556 685 323 345 753 690 579 661 460 134 760 346 400 403 552 661 539 374 
721 360 394 487 633 868 565 410 543 272 91 499 781 379 574 699 531 684 554 360 169 807 137 576 686 398 565 775 660 401 665 610 309 540 286 322 436 166 581 576 553 380 432 503 519 716 576 885 378 189 528 499 675 213 600 623 135 411 425 255 751 586 503 883 159 775 787 228 773 159 473 506 168 233 611 646 84 224 108 338 436 563 81 565 312 289 167 139 341 390 
152 636 394 407 152 267 604 348 217 515 689 728 197 391 813 409 770 166 402 667 688 234 630 549 546 488 805 84 223 485 363 291 563 222 560 454 384 610 240 183 298 796 392 409 761 190 191 313 418 639 420 287 179 687 388 588 818 353 687 559 180 368 552 370 675 56 255 535 58 766 652 406 638 735 411 326 830 742 653 698 485 195 830 437 485 482 634 722 577 419 
524 364 309 180 443 291 224 392 338 551 571 376 256 466 439 734 409 246 650 387 516 249 586 167 133 265 434 348 549 630 48 579 648 396 378 505 252 587 219 378 180 500 252 161 403 554 308 279 309 479 135 464 518 489 68 186 777 435 370 601 250 638 212 245 671 373 215 518 370 583 313 621 633 516 692 88 748 526 591 426 229 353 704 688 549 508 626 557 340 291 
420 290 81 216 322 544 402 93 214 161 258 439 453 119 536 491 485 353 358 316 264 483 216 379 465 185 526 443 380 270 375 355 263 224 167 125 138 208 253 253 238 430 139 235 472 425 245 566 85 216 266 213 380 273 322 436 415 120 367 210 422 370 324 574 289 443 467 132 441 341 371 313 249 327 416 345 409 330 233 332 219 236 400 389 166 120 243 294 224 105 
863 282 495 394 766 676 177 610 638 680 547 127 646 664 79 1018 99 618 898 271 459 639 631 233 278 363 82 730 863 813 435 867 783 687 405 667 457 652 549 688 491 271 450 384 109 886 628 656 474 457 366 725 843 414 394 204 761 653 204 715 637 902 240 606 721 752 605 619 748 478 176 856 695 396 953 463 699 406 616 288 339 661 620 932 701 649 689 487 333 457 
84 710 445 522 152 502 743 345 278 443 668 836 426 341 930 175 882 362 213 740 697 465 577 695 723 571 921 319 58 349 549 110 445 232 601 393 465 549 380 228 433 862 473 533 871 46 293 548 470 651 554 226 75 711 550 745 735 321 778 471 403 171 676 602 591 292 481 489 294 770 760 241 561 765 197 506 768 768 607 762 584 255 794 237 404 427 559 722 644 480 
88 600 335 410 49 438 632 242 167 367 578 724 352 253 818 248 771 272 214 630 598 392 496 585 617 460 809 260 59 306 447 106 393 121 495 311 353 471 273 117 324 754 362 421 759 89 184 481 361 552 443 133 44 609 443 635 669 225 667 403 325 182 564 528 524 237 402 403 238 674 648 218 490 662 229 404 693 666 524 654 472 144 710 250 331 343 487 626 535 370 
477 198 78 88 376 479 262 193 246 300 310 321 400 251 417 603 368 316 482 228 272 420 318 237 325 55 408 426 460 410 265 454 403 284 129 267 57 321 211 297 166 356 49 106 356 493 254 491 59 227 134 311 448 257 202 294 509 236 261 346 373 486 184 483 404 435 396 256 432 347 247 440 367 300 536 246 484 308 323 257 79 272 449 516 308 260 360 311 136 41 
573 363 291 411 489 759 545 276 411 121 134 521 667 234 610 551 561 566 405 376 211 697 18 540 642 342 600 647 510 255 582 459 172 400 249 174 343 15 468 438 453 441 342 429 548 566 449 781 284 193 458 352 527 251 523 594 200 269 442 108 636 436 472 788 81 643 682 88 642 253 474 356 49 295 463 556 209 291 49 369 382 429 231 419 161 142 42 209 320 301 
303 555 359 318 260 136 479 363 237 547 671 618 43 428 695 552 657 68 515 585 649 83 637 422 399 414 688 83 358 560 220 414 618 277 509 487 327 625 172 238 213 711 334 313 649 340 193 174 378 602 313 357 318 637 261 452 835 387 591 597 20 488 441 219 701 111 96 547 107 726 546 505 661 679 538 190 831 688 655 620 399 230 814 553 527 508 656 687 506 371 
773 378 439 525 685 913 586 461 593 325 129 507 827 432 576 751 535 730 605 374 189 852 190 602 713 432 567 824 713 452 702 663 358 592 319 375 479 219 627 627 597 375 474 541 524 769 626 928 422 219 563 551 728 229 636 647 141 463 436 306 797 638 528 923 204 824 831 281 822 155 489 558 218 236 663 686 67 226 161 347 469 614 31 616 365 342 217 151 368 433 
206 536 302 306 149 247 504 276 142 455 607 626 156 332 712 444 669 78 402 567 598 196 558 450 454 389 704 95 251 453 273 303 517 170 466 394 287 541 138 130 196 696 295 308 659 240 104 286 325 549 319 249 212 593 290 491 752 292 585 502 127 376 451 330 613 94 204 464 92 676 550 393 574 641 426 233 756 648 579 599 384 128 749 440 430 418 569 633 479 324 
450 465 294 431 380 709 612 219 339 61 286 624 614 148 718 396 668 511 251 485 351 650 173 593 681 395 708 570 378 99 580 317 47 309 337 96 351 140 430 350 434 572 353 450 654 437 382 740 301 320 481 240 401 384 533 650 308 188 547 48 582 284 534 760 164 559 641 125 558 404 565 203 138 434 308 546 345 432 205 488 432 349 384 263 52 96 137 358 408 321 
259 498 279 263 192 224 453 274 147 458 589 580 129 338 663 490 622 30 438 528 573 166 550 398 400 352 655 115 298 473 219 344 529 190 437 398 255 537 99 154 153 656 262 263 612 292 103 258 300 525 271 271 261 565 238 438 747 298 543 507 97 415 403 293 612 127 166 459 124 651 504 424 573 610 466 179 746 618 569 562 343 142 733 476 437 418 567 610 443 295 
241 583 333 450 203 588 668 218 242 249 485 728 496 175 825 198 775 402 73 610 528 536 384 631 689 464 815 418 160 146 541 93 242 187 460 209 374 354 363 218 397 721 381 466 762 220 282 627 354 487 494 113 193 550 517 687 533 176 659 270 466 77 592 666 389 399 539 304 399 596 657 52 361 604 125 499 569 605 415 625 489 235 601 111 209 242 360 547 517 370 
708 239 332 398 612 795 447 382 504 297 62 375 713 374 451 731 407 622 585 237 50 735 177 463 575 301 441 724 659 444 573 619 368 514 189 330 362 209 517 545 480 261 357 412 395 709 531 807 311 88 432 491 665 90 506 507 259 396 301 301 685 611 389 796 246 728 712 235 726 58 351 536 236 111 646 561 200 103 149 214 335 527 139 604 336 296 232 15 230 318 
399 480 282 419 332 672 612 192 300 86 325 636 577 117 732 351 681 474 204 502 383 613 216 588 670 394 722 526 326 65 557 266 82 265 350 84 337 185 399 306 409 597 341 437 668 385 344 704 293 348 468 192 350 413 514 646 360 154 561 97 544 236 534 728 216 514 607 151 514 441 573 156 188 464 264 521 395 463 248 508 429 308 431 221 50 102 187 394 419 312 
199 670 412 519 205 594 741 299 289 343 580 811 508 267 908 112 858 425 78 697 623 548 478 700 748 545 898 415 117 225 587 51 324 232 549 303 448 447 408 251 451 812 455 533 845 167 321 637 435 580 559 180 159 644 573 754 618 261 745 361 481 36 667 684 477 391 558 398 392 690 738 113 452 698 73 545 659 699 509 714 566 274 694 103 302 337 451 641 604 450 
397 300 65 202 298 518 398 73 187 179 285 444 427 116 541 481 491 326 351 327 288 456 242 371 452 184 531 416 361 275 354 340 277 200 183 136 121 233 227 228 215 445 124 221 478 404 218 540 76 240 252 196 359 295 303 429 441 108 375 229 396 360 320 550 313 416 441 156 414 365 374 308 273 347 408 323 436 352 260 346 215 210 427 384 179 136 267 319 234 95 
792 470 497 597 711 972 677 499 633 336 204 604 883 456 674 737 633 783 596 469 279 910 216 689 799 510 665 869 725 440 775 667 341 623 398 395 543 235 682 661 659 473 539 614 621 783 670 991 484 302 639 572 745 322 711 736 58 492 532 305 852 632 616 991 185 866 892 310 864 253 583 551 214 334 649 755 31 323 196 444 548 652 117 600 373 364 217 245 454 497 
646 216 270 343 550 737 417 320 441 249 59 366 653 315 451 678 403 561 533 222 48 676 147 426 536 250 441 662 599 398 521 562 330 452 137 275 303 175 456 482 421 277 297 359 390 648 468 750 250 39 381 430 604 86 454 474 278 336 288 261 625 557 353 742 231 665 654 184 663 114 330 484 211 132 594 505 234 129 125 209 287 464 190 554 286 242 205 66 191 258 
425 253 14 137 323 485 333 123 198 240 299 388 399 181 485 535 435 304 411 282 281 424 281 305 387 122 475 405 399 341 300 388 341 227 153 201 60 278 199 246 171 406 60 156 422 437 216 503 13 233 187 244 391 278 244 362 479 166 323 289 369 417 255 506 361 410 405 206 408 360 315 370 322 328 467 272 464 334 293 306 150 224 442 445 244 198 315 318 187 29 
279 717 469 585 289 679 804 354 365 356 596 864 593 307 961 84 911 508 69 743 649 633 487 767 821 601 951 499 199 216 666 135 312 308 592 329 510 454 486 331 525 851 517 600 898 244 400 722 490 610 628 245 242 675 647 822 604 312 794 362 565 66 729 768 470 475 642 418 476 711 793 117 450 728 12 623 652 728 518 756 626 353 698 53 317 360 450 663 651 507 
643 156 277 173 546 512 66 392 416 487 415 159 461 451 241 797 199 414 681 172 339 464 468 75 187 152 233 529 641 608 258 645 591 465 231 463 236 482 333 467 275 275 229 164 190 665 408 504 259 316 151 505 622 302 200 118 634 436 144 528 445 683 19 470 560 548 431 433 544 392 88 640 528 314 734 273 588 325 462 210 120 440 527 716 502 451 521 378 164 241 
506 175 95 151 405 542 293 195 279 259 246 321 460 237 418 605 367 372 475 204 211 482 259 279 376 78 408 479 479 385 329 463 364 308 73 238 110 265 266 328 227 325 103 168 354 518 296 554 69 165 195 319 472 201 265 335 446 233 251 302 433 485 215 548 347 486 459 208 483 288 253 430 311 248 533 311 419 255 261 225 117 305 385 507 275 224 304 249 109 68 
467 220 102 39 367 434 241 212 236 340 359 324 358 278 417 612 369 279 499 251 317 375 366 207 286 74 408 393 458 441 216 460 442 282 174 302 52 368 179 287 127 379 46 58 358 486 235 444 94 274 88 320 441 299 153 264 558 257 272 388 333 499 167 435 451 405 350 301 402 391 247 460 413 339 551 198 533 348 371 284 72 261 497 534 345 299 406 357 166 74 
261 623 377 496 238 627 714 262 288 271 511 771 537 214 868 164 817 445 26 650 559 577 405 678 736 508 858 454 177 146 588 103 245 232 499 239 420 374 409 262 444 759 427 512 804 234 327 668 398 520 541 160 215 584 564 733 540 219 701 285 507 47 638 708 400 434 581 331 434 624 700 34 375 637 83 546 582 638 437 663 534 280 620 64 231 271 375 576 558 414 
612 375 326 441 529 797 564 316 450 158 122 530 705 273 616 582 568 604 437 385 208 735 36 563 667 368 606 687 548 284 615 495 194 440 268 213 377 52 506 478 488 439 375 460 555 605 488 818 317 199 488 391 565 251 555 616 162 309 451 137 674 469 493 824 65 683 719 127 681 238 488 389 54 290 494 590 169 284 39 374 408 469 198 448 197 181 51 198 337 333 
372 603 387 519 335 713 724 280 352 209 444 758 620 211 855 249 804 521 114 626 506 659 331 696 769 509 844 548 289 60 639 216 148 302 474 203 438 298 466 339 490 722 443 537 790 348 395 751 402 472 567 221 325 537 604 753 439 235 683 204 588 155 646 784 306 531 659 276 531 562 693 84 288 589 162 599 488 587 362 633 541 350 537 112 176 226 289 515 541 421 
8827 5135 4992 6383 7748 11141 7722 4953 6708 2912 1586 7046 9971 4420 8086 8333 7501 8671 6461 5200 2743 10335 1274 7787 9178 5330 7969 9776 7982 4446 8671 7280 3211 6591 3926 3640 5603 1547 7371 7072 7098 5642 5577 6604 7332 8723 7189 11401 4836 2821 6955 5954 8216 3328 7852 8437 1378 4888 6058 2587 9568 6903 6851 11440 1209 9724 10114 2509 9711 2834 6617 5850 1404 3705 7189 8385 1326 3601 1053 4966 5837 6942 1846 6578 3406 3224 1417 2457 4758 5031 
2769 6266 3068 3406 1625 3978 6162 2639 897 4979 6968 7592 2756 3393 8762 5460 8177 1456 4641 6669 6890 3250 6305 5499 5798 4342 8645 2184 3016 5070 3549 3497 5837 1378 5226 4186 2964 6097 1339 923 2080 8333 3068 3484 8034 3120 429 4446 3380 6266 3692 2431 2613 6864 3549 6110 8827 2860 6981 5603 2340 4368 5382 4888 7020 2145 3250 5083 2119 7904 6591 4433 6513 7501 5044 2990 8879 7579 6578 7059 4355 767 8814 5148 4667 4485 6448 7345 5486 3393 
4270 3890 2090 3450 3440 6410 5280 1470 2770 370 2520 5460 5470 890 6420 4250 5910 4430 2800 4120 2990 5800 1580 5080 5950 3100 6320 5130 3650 1550 4980 3170 1330 2580 2600 270 2660 1320 3550 2980 3540 5080 2680 3640 5780 4210 3180 6690 2150 2610 3950 2050 3800 3260 4480 5650 3370 1280 4710 870 5150 3050 4500 6850 1940 5070 5690 710 5050 3630 4840 2310 1560 3790 3410 4650 3540 3790 1870 4180 3460 2920 3740 3020 400 120 1520 3150 3290 2350 
5205 5775 2880 2220 3885 4230 5160 3465 2280 6165 7530 6975 2940 4575 8250 8205 7620 1695 6975 6225 7125 3300 7215 4365 4680 3600 8130 3420 5460 6930 2220 5880 7455 3135 5010 5340 2310 7095 480 2865 585 8145 2400 2220 7470 5610 1815 4515 3120 6420 2355 4215 5040 6930 2070 5040 10185 4020 6405 6930 2535 6780 4350 4665 8295 3630 3030 5940 3585 8265 5835 6600 7710 7560 7575 1575 10020 7695 7425 6735 3435 2490 9675 7560 5985 5520 7605 7695 4980 2970 
3300 3480 1030 1460 2300 3810 3690 1260 990 3040 4130 4600 2900 2010 5530 4860 5060 1910 3850 3780 3980 3190 3800 3250 3770 2010 5440 2890 3230 3620 2400 3310 3920 1470 2660 2500 930 3700 900 1500 910 5060 1020 1590 4950 3490 1030 4040 1260 3500 1840 2000 3050 3940 2060 3790 5780 1660 4070 3550 2590 3790 2990 4170 4490 2930 3050 2920 2910 4770 3840 3530 4090 4420 4320 2020 5710 4480 3960 4070 2080 1240 5560 4230 2930 2620 4030 4350 2860 1250 
7560 3150 4000 4750 6640 8690 5250 4360 5640 3210 910 4430 7850 4170 5130 7550 4710 6920 6090 3110 1290 8080 1870 5420 6540 3790 5040 7900 7020 4590 6510 6560 3720 5680 2660 3650 4350 2200 5870 6020 5530 3130 4290 4890 4600 7550 5940 8820 3810 1650 5110 5360 7120 1660 5840 5850 1990 4440 3720 3130 7560 6390 4680 8740 2290 7920 7860 2680 7900 920 4260 5610 2320 1730 6680 6370 1300 1620 1560 2840 4140 5860 590 6230 3620 3300 2290 890 3100 3900 
2483 7033 3627 4979 1651 6552 7865 2197 2080 3445 6292 8814 5356 2041 10062 3224 9412 4121 1989 7397 6682 5863 5148 7332 7995 5343 9932 4394 1664 2678 5993 1274 3757 1339 5525 2730 4056 4810 3653 1729 4147 8931 4160 5161 9256 2366 2574 7059 3939 6084 5512 598 1859 6877 5733 8034 7345 1794 7969 3887 4953 1820 6903 7553 5460 4173 5902 3978 4173 7618 7852 1768 5031 7579 2509 5434 7683 7618 5525 7657 5603 1963 7956 2496 2951 3172 4992 6994 6162 4108 
3696 6900 4092 5616 3180 7728 8160 2748 3420 2484 5364 8712 6612 2016 9876 2724 9264 5436 972 7200 5988 7080 4080 7776 8580 5628 9756 5748 2724 984 6924 1884 2172 2808 5376 2172 4668 3696 4836 3240 5160 8460 4740 5832 9108 3432 3936 8184 4308 5532 6180 1848 3120 6312 6564 8460 5688 2208 7848 2628 6240 1356 7236 8592 4008 5532 7092 3228 5532 6744 7896 384 3708 6948 1692 6444 6192 6948 4464 7332 5976 3396 6648 1236 2016 2532 3708 6168 6132 4524 
5472 6348 4848 3720 4836 1392 4800 5376 4140 7548 8436 6636 1416 6252 7368 8400 7020 2184 7788 6660 7944 1080 8328 4116 3432 4920 7308 2784 6072 8052 1728 6672 8568 4752 6228 6876 4272 8268 2844 4356 2904 8076 4308 3564 6948 5904 3624 1248 4980 7440 3384 5712 5604 7692 2520 4272 10704 5784 6528 8160 1608 7524 4632 1116 9240 3144 720 7356 3096 8808 5868 7596 8760 8088 8136 1764 10500 8208 8472 7128 4572 4176 10116 8256 7392 7032 8688 8436 5940 4812 
9212 266 3500 3052 7784 8596 2772 5012 5978 5572 3906 2296 7672 5572 3640 10752 2926 6706 8918 686 2786 7826 4900 3052 4620 1806 3500 8316 8918 7518 5138 8750 6986 6482 1708 5474 3318 5166 5320 6678 4578 2478 3192 3122 2744 9422 6062 8596 3150 2548 3220 6734 8778 2226 4200 3626 6986 5530 1246 6048 7364 9058 2044 8260 6174 8484 7420 4704 8442 3486 1554 8274 5782 2422 9730 5152 6272 2576 4732 1176 1918 6328 5390 9338 5908 5180 5684 3304 742 2996 
6754 5236 4334 5720 5962 9339 7260 3905 5346 1892 2442 6952 8305 3256 7898 5951 7370 7172 4411 5357 3399 8668 1397 7205 8316 5016 7788 7942 5962 2706 7568 5269 1606 5104 4004 2563 4928 1254 6171 5555 6072 5940 4928 5929 7227 6611 5808 9625 4290 3311 6248 4411 6226 3883 6941 7799 1617 3696 6083 1397 7953 4829 6457 9757 396 7854 8525 2002 7843 3663 6468 3938 737 4290 4994 7249 2178 4224 1551 5236 5456 5500 2871 4444 2200 2321 814 3267 4785 4488 
6370 3304 840 2422 4970 7476 4858 1904 3304 2926 3514 5348 6258 2450 6720 7616 6006 4928 5796 3682 3318 6622 3290 4564 5838 1806 6566 6314 5922 4564 4802 5656 4382 3598 1680 2520 1470 3276 3458 3934 3080 5334 1442 2702 5824 6496 3626 7728 630 2646 3108 3640 5866 3346 3990 5376 6048 2408 4368 3570 5838 5936 3766 7742 4452 6370 6342 2324 6342 4424 4396 5166 3906 4060 6594 4452 5810 4130 3430 3948 2310 3654 5516 6230 3080 2380 3822 3808 2380 868 
8880 4776 5112 6276 7860 10812 7248 5232 6828 3432 1548 6432 9756 4800 7308 8472 6804 8568 6732 4776 2484 10080 1860 7368 8688 5220 7200 9648 8124 4872 8400 7476 3732 6768 3876 4080 5640 2172 7344 7212 7044 4956 5592 6468 6660 8796 7248 11028 4944 2724 6768 6216 8316 3012 7632 7944 1188 5196 5544 3156 9384 7140 6492 11016 1860 9624 9852 3000 9600 2292 6132 6168 2076 3216 7416 8172 576 3096 1560 4500 5676 7068 996 6840 3900 3696 2076 2100 4560 5100 
2982 8484 4914 6482 2604 8064 9562 3318 3416 3948 7238 10486 6804 2828 11844 2436 11144 5530 1008 8876 7812 7364 5838 9030 9772 6776 11704 5642 1834 2478 7616 854 3836 2618 6790 3346 5460 5418 5110 2996 5642 10458 5558 6692 10962 2660 3920 8638 5236 7224 7070 1708 2324 8106 7350 9786 7924 2772 9548 4242 6398 798 8526 9212 5908 5348 7434 4690 5362 8764 9478 1036 5516 8862 1540 7028 8428 8876 6272 9100 7098 3262 8876 1554 3374 3822 5502 8078 7560 5446 
11895 2940 5865 6225 10395 12270 5940 7005 8610 6225 2850 4305 11190 7125 5205 12645 4635 9975 10485 2670 1785 11415 4560 6405 8070 4725 5070 11625 11295 8460 8670 10815 7395 8925 3360 6585 6060 5025 8415 9300 7710 2175 5955 6375 4485 11985 8895 12345 5490 2400 6555 8775 11310 1500 7650 6900 5520 7350 3405 6390 10815 10830 5355 12030 5625 11745 11010 5250 11715 1185 4320 9750 5475 735 11400 8610 4470 645 4155 2130 5085 8985 3210 10815 6780 6120 5400 1710 3375 5490 
1260 8428 4816 5432 840 4830 8414 3892 2240 6062 8708 9940 3668 4340 11200 4634 10570 2730 4354 8848 8820 4228 7742 7686 7910 6384 11074 2296 1946 5516 5418 2814 6622 2030 7154 5222 4858 7434 3206 1596 4004 10640 4984 5516 10416 1722 2142 5446 5180 8148 5754 2786 1358 8876 5530 8316 10318 3850 9254 6636 3332 3892 7560 6146 8302 1974 4424 6412 1988 9898 8862 4368 7784 9590 4522 4830 10542 9660 8106 9254 6440 1876 10640 4844 5600 5642 7728 9254 7546 5236 
10094 5040 5516 6818 8862 12152 7910 5740 7602 3808 1274 6986 10934 5306 8036 9786 7434 9576 7756 5040 2366 11298 1918 8064 9604 5572 7910 10850 9240 5614 9310 8540 4326 7560 4004 4508 6104 2324 8134 8064 7742 5320 6048 7042 7266 10024 8064 12390 5292 2646 7392 6986 9450 2982 8400 8722 1890 5754 5950 3570 10514 8204 7042 12362 2226 10850 11018 3192 10822 2226 6622 7084 2352 3262 8554 9044 1176 3136 1512 4732 6104 7882 1134 7910 4368 4046 2338 1946 4774 5460 
1824 7632 4728 4884 1824 3204 7248 4176 2604 6180 8268 8736 2364 4692 9756 4908 9240 1992 4824 8004 8256 2808 7560 6588 6552 5856 9660 1008 2676 5820 4356 3492 6756 2664 6720 5448 4608 7320 2880 2196 3576 9552 4704 4908 9132 2280 2292 3756 5016 7668 5040 3444 2148 8244 4656 7056 9816 4236 8244 6708 2160 4416 6624 4440 8100 672 3060 6420 696 9192 7824 4872 7656 8820 4932 3912 9960 8904 7836 8376 5820 2340 9960 5244 5820 5784 7608 8664 6924 5028 
7860 5460 4635 2700 6645 4365 3360 5880 5070 8265 8565 5640 3840 6990 6585 11010 6135 3690 9750 5805 7740 3735 8790 2505 1995 3975 6510 5220 8235 9450 720 8685 9720 5940 5670 7575 3780 8805 3285 5670 2700 7500 3780 2415 6045 8310 4620 4185 4635 7185 2025 6960 7770 7335 1020 2790 11655 6525 5550 9015 3750 9570 3180 3675 10065 5595 3225 7770 5550 8745 4695 9315 9495 7740 10380 1320 11220 7890 8865 6390 3435 5295 10560 10320 8235 7620 9390 8355 5100 4365 
4620 3190 891 2376 3542 5984 4422 1023 2354 1771 2838 4829 4983 1309 5896 5401 5335 3883 3938 3476 2904 5313 2376 4169 5115 2035 5786 4873 4180 2970 4125 3905 2893 2464 1837 1375 1518 2288 2783 2783 2618 4730 1529 2585 5192 4675 2695 6226 935 2376 2926 2343 4180 3003 3542 4796 4565 1320 4037 2310 4642 4070 3564 6314 3179 4873 5137 1452 4851 3751 4081 3443 2739 3597 4576 3795 4499 3630 2563 3652 2409 2596 4400 4279 1826 1320 2673 3234 2464 1155 
10356 3384 5940 4728 9192 8112 2124 7320 7656 8160 6564 1524 7752 7968 948 12216 1188 7416 10776 3252 5508 7668 7572 2796 3336 4356 984 8760 10356 9756 5220 10404 9396 8244 4860 8004 5484 7824 6588 8256 5892 3252 5400 4608 1308 10632 7536 7872 5688 5484 4392 8700 10116 4968 4728 2448 9132 7836 2448 8580 7644 10824 2880 7272 8652 9024 7260 7428 8976 5736 2112 10272 8340 4752 11436 5556 8388 4872 7392 3456 4068 7932 7440 11184 8412 7788 8268 5844 3996 5484 
1008 8520 5340 6264 1824 6024 8916 4140 3336 5316 8016 10032 5112 4092 11160 2100 10584 4344 2556 8880 8364 5580 6924 8340 8676 6852 11052 3828 696 4188 6588 1320 5340 2784 7212 4716 5580 6588 4560 2736 5196 10344 5676 6396 10452 552 3516 6576 5640 7812 6648 2712 900 8532 6600 8940 8820 3852 9336 5652 4836 2052 8112 7224 7092 3504 5772 5868 3528 9240 9120 2892 6732 9180 2364 6072 9216 9216 7284 9144 7008 3060 9528 2844 4848 5124 6708 8664 7728 5760 
1056 7200 4020 4920 588 5256 7584 2904 2004 4404 6936 8688 4224 3036 9816 2976 9252 3264 2568 7560 7176 4704 5952 7020 7404 5520 9708 3120 708 3672 5364 1272 4716 1452 5940 3732 4236 5652 3276 1404 3888 9048 4344 5052 9108 1068 2208 5772 4332 6624 5316 1596 528 7308 5316 7620 8028 2700 8004 4836 3900 2184 6768 6336 6288 2844 4824 4836 2856 8088 7776 2616 5880 7944 2748 4848 8316 7992 6288 7848 5664 1728 8520 3000 3972 4116 5844 7512 6420 4440 
5724 2376 936 1056 4512 5748 3144 2316 2952 3600 3720 3852 4800 3012 5004 7236 4416 3792 5784 2736 3264 5040 3816 2844 3900 660 4896 5112 5520 4920 3180 5448 4836 3408 1548 3204 684 3852 2532 3564 1992 4272 588 1272 4272 5916 3048 5892 708 2724 1608 3732 5376 3084 2424 3528 6108 2832 3132 4152 4476 5832 2208 5796 4848 5220 4752 3072 5184 4164 2964 5280 4404 3600 6432 2952 5808 3696 3876 3084 948 3264 5388 6192 3696 3120 4320 3732 1632 492 
6303 3993 3201 4521 5379 8349 5995 3036 4521 1331 1474 5731 7337 2574 6710 6061 6171 6226 4455 4136 2321 7667 198 5940 7062 3762 6600 7117 5610 2805 6402 5049 1892 4400 2739 1914 3773 165 5148 4818 4983 4851 3762 4719 6028 6226 4939 8591 3124 2123 5038 3872 5797 2761 5753 6534 2200 2959 4862 1188 6996 4796 5192 8668 891 7073 7502 968 7062 2783 5214 3916 539 3245 5093 6116 2299 3201 539 4059 4202 4719 2541 4609 1771 1562 462 2299 3520 3311 
4242 7770 5026 4452 3640 1904 6706 5082 3318 7658 9394 8652 602 5992 9730 7728 9198 952 7210 8190 9086 1162 8918 5908 5586 5796 9632 1162 5012 7840 3080 5796 8652 3878 7126 6818 4578 8750 2408 3332 2982 9954 4676 4382 9086 4760 2702 2436 5292 8428 4382 4998 4452 8918 3654 6328 11690 5418 8274 8358 280 6832 6174 3066 9814 1554 1344 7658 1498 10164 7644 7070 9254 9506 7532 2660 11634 9632 9170 8680 5586 3220 11396 7742 7378 7112 9184 9618 7084 5194 
7730 3780 4390 5250 6850 9130 5860 4610 5930 3250 1290 5070 8270 4320 5760 7510 5350 7300 6050 3740 1890 8520 1900 6020 7130 4320 5670 8240 7130 4520 7020 6630 3580 5920 3190 3750 4790 2190 6270 6270 5970 3750 4740 5410 5240 7690 6260 9280 4220 2190 5630 5510 7280 2290 6360 6470 1410 4630 4360 3060 7970 6380 5280 9230 2040 8240 8310 2810 8220 1550 4890 5580 2180 2360 6630 6860 670 2260 1610 3470 4690 6140 310 6160 3650 3420 2170 1510 3680 4330 
2266 5896 3322 3366 1639 2717 5544 3036 1562 5005 6677 6886 1716 3652 7832 4884 7359 858 4422 6237 6578 2156 6138 4950 4994 4279 7744 1045 2761 4983 3003 3333 5687 1870 5126 4334 3157 5951 1518 1430 2156 7656 3245 3388 7249 2640 1144 3146 3575 6039 3509 2739 2332 6523 3190 5401 8272 3212 6435 5522 1397 4136 4961 3630 6743 1034 2244 5104 1012 7436 6050 4323 6314 7051 4686 2563 8316 7128 6369 6589 4224 1408 8239 4840 4730 4598 6259 6963 5269 3564 
5850 6045 3822 5603 4940 9217 7956 2847 4407 793 3718 8112 7982 1924 9334 5148 8684 6643 3263 6305 4563 8450 2249 7709 8853 5135 9204 7410 4914 1287 7540 4121 611 4017 4381 1248 4563 1820 5590 4550 5642 7436 4589 5850 8502 5681 4966 9620 3913 4160 6253 3120 5213 4992 6929 8450 4004 2444 7111 624 7566 3692 6942 9880 2132 7267 8333 1625 7254 5252 7345 2639 1794 5642 4004 7098 4485 5616 2665 6344 5616 4537 4992 3419 676 1248 1781 4654 5304 4173 
3367 6474 3627 3419 2496 2912 5889 3562 1911 5954 7657 7540 1677 4394 8619 6370 8086 390 5694 6864 7449 2158 7150 5174 5200 4576 8515 1495 3874 6149 2847 4472 6877 2470 5681 5174 3315 6981 1287 2002 1989 8528 3406 3419 7956 3796 1339 3354 3900 6825 3523 3523 3393 7345 3094 5694 9711 3874 7059 6591 1261 5395 5239 3809 7956 1651 2158 5967 1612 8463 6552 5512 7449 7930 6058 2327 9698 8034 7397 7306 4459 1846 9529 6188 5681 5434 7371 7930 5759 3835 
2651 6413 3663 4950 2233 6468 7348 2398 2662 2739 5335 8008 5456 1925 9075 2178 8525 4422 803 6710 5808 5896 4224 6941 7579 5104 8965 4598 1760 1606 5951 1023 2662 2057 5060 2299 4114 3894 3993 2398 4367 7931 4191 5126 8382 2420 3102 6897 3894 5357 5434 1243 2123 6050 5687 7557 5863 1936 7249 2970 5126 847 6512 7326 4279 4389 5929 3344 4389 6556 7227 572 3971 6644 1375 5489 6259 6655 4565 6875 5379 2585 6611 1221 2299 2662 3960 6017 5687 4070 
8496 2868 3984 4776 7344 9540 5364 4584 6048 3564 744 4500 8556 4488 5412 8772 4884 7464 7020 2844 600 8820 2124 5556 6900 3612 5292 8688 7908 5328 6876 7428 4416 6168 2268 3960 4344 2508 6204 6540 5760 3132 4284 4944 4740 8508 6372 9684 3732 1056 5184 5892 7980 1080 6072 6084 3108 4752 3612 3612 8220 7332 4668 9552 2952 8736 8544 2820 8712 696 4212 6432 2832 1332 7752 6732 2400 1236 1788 2568 4020 6324 1668 7248 4032 3552 2784 180 2760 3816 
5586 6720 3948 5866 4648 9408 8568 2688 4200 1204 4550 8904 8078 1638 10248 4914 9534 6636 2856 7028 5362 8582 3024 8232 9380 5516 10108 7364 4564 910 7798 3724 1148 3710 4900 1176 4718 2590 5586 4284 5726 8358 4774 6118 9352 5390 4816 9856 4102 4872 6552 2688 4900 5782 7196 9044 5040 2156 7854 1358 7616 3304 7476 10192 3024 7196 8498 2114 7196 6174 8022 2184 2632 6496 3696 7294 5530 6482 3472 7112 6006 4312 6034 3094 700 1428 2618 5516 5866 4368 
2189 7370 4532 5709 2255 6534 8151 3289 3179 3773 6380 8921 5588 2937 9988 1232 9438 4675 858 7667 6853 6028 5258 7700 8228 5995 9878 4565 1287 2475 6457 561 3564 2552 6039 3333 4928 4917 4488 2761 4961 8932 5005 5863 9295 1837 3531 7007 4785 6380 6149 1980 1749 7084 6303 8294 6798 2871 8195 3971 5291 396 7337 7524 5247 4301 6138 4378 4312 7590 8118 1243 4972 7678 803 5995 7249 7689 5599 7854 6226 3014 7634 1133 3322 3707 4961 7051 6644 4950 
4367 3300 715 2222 3278 5698 4378 803 2057 1969 3135 4884 4697 1276 5951 5291 5401 3586 3861 3597 3168 5016 2662 4081 4972 2024 5841 4576 3971 3025 3894 3740 3047 2200 2013 1496 1331 2563 2497 2508 2365 4895 1364 2431 5258 4444 2398 5940 836 2640 2772 2156 3949 3245 3333 4719 4851 1188 4125 2519 4356 3960 3520 6050 3443 4576 4851 1716 4554 4015 4114 3388 3003 3817 4488 3553 4796 3872 2860 3806 2365 2310 4697 4224 1969 1496 2937 3509 2574 1045 
11088 6580 6958 8358 9954 13608 9478 6986 8862 4704 2856 8456 12362 6384 9436 10318 8862 10962 8344 6566 3906 12740 3024 9646 11186 7140 9310 12166 10150 6160 10850 9338 4774 8722 5572 5530 7602 3290 9548 9254 9226 6622 7546 8596 8694 10962 9380 13874 6776 4228 8946 8008 10430 4508 9954 10304 812 6888 7448 4270 11928 8848 8624 13874 2590 12124 12488 4340 12096 3542 8162 7714 2996 4676 9086 10570 434 4522 2744 6216 7672 9128 1638 8400 5222 5096 3038 3430 6356 6958 
9690 3240 4050 5145 8250 11055 6255 4800 6615 3735 885 5490 9795 4725 6765 10170 6045 8415 7995 3330 720 10140 2205 6390 8040 3750 6615 9930 8985 5970 7815 8430 4950 6780 2055 4125 4545 2625 6840 7230 6315 4155 4455 5385 5850 9720 7020 11250 3750 585 5715 6450 9060 1290 6810 7110 4170 5040 4320 3915 9375 8355 5295 11130 3465 9975 9810 2760 9945 1710 4950 7260 3165 1980 8910 7575 3510 1935 1875 3135 4305 6960 2850 8310 4290 3630 3075 990 2865 3870 
5950 3542 196 1918 4522 6790 4662 1722 2772 3360 4186 5432 5586 2534 6790 7490 6090 4256 5754 3948 3934 5936 3934 4270 5418 1708 6650 5670 5586 4774 4200 5432 4774 3178 2142 2814 840 3892 2786 3444 2394 5684 840 2184 5908 6118 3024 7042 182 3262 2618 3416 5474 3892 3416 5068 6706 2324 4522 4046 5166 5838 3570 7084 5054 5740 5670 2884 5712 5040 4410 5180 4508 4592 6538 3808 6496 4676 4102 4284 2100 3136 6188 6230 3416 2772 4410 4452 2618 406 
3627 9321 6097 7605 3757 8827 10452 4602 4745 4628 7748 11232 7709 3991 12493 1092 11843 6604 897 9659 8437 8229 6331 9971 10673 7813 12363 6487 2587 2808 8658 1755 4056 4004 7696 4277 6630 5902 6318 4303 6825 11063 6721 7800 11674 3172 5200 9386 6370 7930 8164 3185 3146 8775 8411 10686 7852 4056 10322 4706 7345 858 9477 9984 6110 6175 8346 5434 6188 9243 10309 1521 5850 9464 156 8099 8476 9464 6734 9828 8138 4589 9074 689 4121 4680 5850 8619 8463 6591 
9002 2184 3878 2422 7644 7168 924 5488 5824 6818 5810 2226 6454 6314 3374 11158 2786 5796 9534 2408 4746 6496 6552 1050 2618 2128 3262 7406 8974 8512 3612 9030 8274 6510 3234 6482 3304 6748 4662 6538 3850 3850 3206 2296 2660 9310 5712 7056 3626 4424 2114 7070 8708 4228 2800 1652 8876 6104 2016 7392 6230 9562 266 6580 7840 7672 6034 6062 7616 5488 1232 8960 7392 4396 10276 3822 8232 4550 6468 2940 1680 6160 7378 10024 7028 6314 7294 5292 2296 3374 
5060 1750 950 1510 4050 5420 2930 1950 2790 2590 2460 3210 4600 2370 4180 6050 3670 3720 4750 2040 2110 4820 2590 2790 3760 780 4080 4790 4790 3850 3290 4630 3640 3080 730 2380 1100 2650 2660 3280 2270 3250 1030 1680 3540 5180 2960 5540 690 1650 1950 3190 4720 2010 2650 3350 4460 2330 2510 3020 4330 4850 2150 5480 3470 4860 4590 2080 4830 2880 2530 4300 3110 2480 5330 3110 4190 2550 2610 2250 1170 3050 3850 5070 2750 2240 3040 2490 1090 680 
7005 3300 1530 585 5505 6510 3615 3180 3540 5100 5385 4860 5370 4170 6255 9180 5535 4185 7485 3765 4755 5625 5490 3105 4290 1110 6120 5895 6870 6615 3240 6900 6630 4230 2610 4530 780 5520 2685 4305 1905 5685 690 870 5370 7290 3525 6660 1410 4110 1320 4800 6615 4485 2295 3960 8370 3855 4080 5820 4995 7485 2505 6525 6765 6075 5250 4515 6030 5865 3705 6900 6195 5085 8265 2970 7995 5220 5565 4260 1080 3915 7455 8010 5175 4485 6090 5355 2490 1110 
3393 8099 4901 6448 3094 8151 9282 3406 3744 3523 6643 10023 6981 2782 11284 2132 10621 5785 338 8450 7267 7501 5265 8814 9568 6604 11154 5902 2301 1898 7644 1339 3185 3016 6487 3107 5460 4862 5317 3406 5772 9867 5551 6656 10452 3042 4251 8684 5174 6760 7033 2080 2795 7592 7332 9529 7020 2847 9113 3705 6591 611 8294 9204 5200 5642 7553 4303 5642 8112 9100 442 4875 8281 1079 7098 7566 8294 5681 8619 6942 3640 8060 832 3003 3523 4875 7488 7254 5382 
8568 5250 4564 6174 7406 11158 7896 4424 6300 2212 1708 7420 9870 3822 8624 8148 7952 8456 6118 5390 2912 10290 504 7882 9338 5152 8484 9618 7672 3976 8610 6930 2716 6160 3752 2982 5278 728 7084 6692 6832 6146 5250 6440 7770 8470 6832 11452 4438 2786 6832 5474 7910 3514 7770 8624 2268 4326 6314 1918 9436 6566 6902 11536 910 9562 10066 1778 9534 3332 6832 5446 756 4060 6916 8260 2366 3976 546 5236 5712 6566 2772 6272 2758 2534 714 2772 4718 4662 
4092 6633 4257 5709 3685 7843 7964 3080 3872 2299 4884 8338 6820 2321 9405 2739 8844 5731 1254 6886 5566 7249 3641 7656 8459 5599 9284 6028 3179 660 7029 2376 1628 3322 5214 2233 4818 3278 5126 3729 5390 7942 4873 5907 8690 3828 4345 8261 4422 5192 6237 2431 3575 5907 6644 8283 4829 2585 7513 2244 6468 1705 7106 8624 3366 5841 7249 3036 5841 6182 7623 924 3168 6479 1782 6589 5368 6457 3982 6963 5951 3850 5907 1232 1936 2486 3179 5665 5951 4631 
271 283 286 88 560 350 644 760 569 636 563 358 395 263 216 399 433 232 799 246 599 894 512 70 382 407 85 411 191 436 857 558 645 236 461 325 248 687 522 717 848 650 642 482 770 506 558 547 655 678 231 333 536 115 821 302 654 705 90 284 273 583 247 195 273 72 768 253 193 360 661 593 843 493 382 287 540 672 129 563 361 588 345 324 551 605 462 669 260 368 362 293 791 257 533 607 330 257 713 578 607 667 508 183 484 576 566 337 865 782 845 770 495 486 208 229 587 726 408 533 835 774 531 556 405 415 516 307 770 773 698 502 587 928 462 691 774 487 421 490 628 834 579 723 394 191 857 382 612 698 574 333 576 105 640 251 214 357 680 604 540 786 367 423 592 503 738 341 438 378 164 482 263 245 178 169 556 761 448 560 
409 632 407 592 470 546 484 361 288 71 225 326 496 419 602 363 311 603 238 680 380 244 639 644 638 430 643 286 724 295 185 116 357 652 321 450 603 446 161 220 185 97 433 313 323 214 223 412 339 123 595 641 240 567 246 727 292 374 602 524 678 490 518 578 497 605 473 426 603 480 474 222 168 199 503 399 216 258 547 221 314 110 404 398 158 354 465 70 737 540 445 430 145 432 328 99 462 457 58 353 124 214 457 615 225 377 236 358 201 330 172 227 250 349 466 537 367 122 356 542 169 161 561 226 291 426 442 581 344 167 84 588 121 310 660 343 347 533 366 218 511 161 213 164 528 726 200 310 258 60 231 358 171 672 512 701 462 321 154 316 338 182 493 404 256 411 86 341 287 312 520 561 448 561 508 557 138 409 457 162 
158 425 171 327 412 370 417 422 238 239 238 65 345 171 348 211 128 381 434 429 372 498 518 379 465 288 388 114 464 111 450 150 338 401 220 258 354 419 131 367 446 241 383 179 413 119 232 308 384 297 343 411 174 302 452 483 356 391 337 320 432 387 266 319 250 340 484 173 345 265 420 266 434 123 344 134 164 309 283 192 49 177 217 152 178 359 300 272 485 372 276 178 394 168 288 197 232 198 309 288 202 325 319 380 97 303 203 140 462 425 437 380 136 268 203 282 304 338 159 452 431 387 466 187 60 239 366 386 421 368 287 473 201 547 514 365 426 423 232 101 425 423 245 350 373 466 457 63 303 297 208 134 181 407 433 450 197 82 282 334 301 404 327 273 285 333 327 77 103 61 254 442 217 311 242 313 146 446 338 159 
200 394 186 398 289 310 540 507 346 179 106 191 266 207 460 127 261 366 330 543 237 427 425 456 405 200 424 59 564 243 401 139 445 515 101 212 472 532 81 252 386 266 501 306 486 217 100 436 248 208 458 538 277 378 352 601 222 490 414 287 550 517 384 427 373 407 589 218 453 399 541 136 395 42 270 242 257 389 355 284 160 207 167 281 85 223 437 208 596 306 209 301 325 271 154 222 364 312 258 405 243 204 453 383 203 423 299 133 403 497 393 424 249 144 274 396 421 258 296 343 375 304 359 282 197 376 247 344 500 387 296 376 124 457 435 460 504 322 135 202 553 394 117 253 297 566 393 198 170 240 301 137 251 494 560 563 273 123 326 197 167 316 258 177 151 213 320 195 234 196 337 346 219 429 328 331 190 541 238 224 
172 267 191 32 494 304 572 671 478 536 469 258 336 165 187 313 338 209 703 248 520 794 478 90 359 335 103 314 225 340 756 457 559 228 372 251 218 609 421 622 747 549 564 391 678 407 464 469 571 579 198 310 440 36 724 311 566 619 56 230 270 515 182 153 204 34 689 154 165 292 587 500 742 393 325 189 443 578 33 467 260 487 261 233 452 523 392 569 282 320 291 204 690 160 449 506 256 169 612 493 507 572 436 168 384 494 470 242 764 690 744 673 399 403 106 169 503 627 319 479 734 675 481 460 306 338 446 273 679 673 597 459 487 830 437 603 683 434 337 391 560 733 484 626 342 226 757 283 521 597 478 236 477 137 571 261 112 256 581 519 456 688 307 346 501 429 637 240 342 279 71 434 177 198 85 115 455 676 381 460 
353 137 321 420 236 107 875 895 712 565 419 478 137 343 576 278 586 187 620 639 329 762 96 465 39 204 333 375 604 574 767 543 812 619 312 217 606 888 485 537 741 670 849 644 881 592 419 763 405 560 586 698 649 425 644 702 434 865 445 175 661 832 548 540 559 412 957 353 555 636 883 435 771 446 133 458 636 780 409 665 450 609 257 527 474 352 720 586 669 102 199 518 679 457 324 625 593 498 638 758 645 494 754 235 571 769 677 335 757 893 764 827 611 289 393 544 772 609 596 163 736 641 150 661 519 654 223 118 892 790 699 106 512 754 46 840 897 132 268 573 875 777 435 579 106 605 741 504 423 618 682 343 643 513 885 651 402 394 728 377 320 643 148 229 410 242 719 465 570 499 431 106 283 578 436 275 588 921 180 618 
420 557 401 619 305 453 673 570 469 150 124 402 392 426 680 298 441 546 114 763 203 247 493 678 531 333 632 280 786 422 262 226 553 735 236 389 690 644 210 30 232 300 625 466 533 360 128 586 142 85 677 750 408 599 137 819 95 578 636 461 768 668 601 648 588 626 678 438 674 600 666 94 277 217 403 461 383 462 576 398 375 281 353 491 161 176 615 139 817 441 367 515 172 492 192 282 571 531 173 536 312 21 619 574 359 559 415 350 246 540 264 435 400 234 496 615 552 113 483 387 230 129 406 401 391 563 295 501 553 368 293 443 148 249 530 547 556 392 285 354 695 291 108 69 420 789 229 401 92 157 413 356 349 716 699 783 496 346 362 141 195 128 401 307 107 273 281 410 412 400 560 422 426 647 551 535 292 617 337 330 
140 414 173 239 484 387 383 446 251 352 345 50 381 151 234 271 110 360 549 314 463 610 555 282 476 338 324 198 352 110 557 261 340 286 302 281 239 404 247 481 555 329 362 167 449 180 339 271 486 412 228 299 210 212 568 368 462 399 242 322 317 338 151 206 135 254 479 143 232 165 392 375 537 235 376 43 213 348 198 237 79 271 252 42 292 454 228 386 370 395 312 62 506 70 378 289 126 86 419 278 285 437 260 344 159 284 240 176 572 461 543 443 169 348 133 167 290 452 104 509 540 501 519 230 81 162 435 388 452 448 378 517 316 661 537 380 456 472 297 166 381 524 355 465 404 355 568 61 410 408 248 166 250 304 391 335 124 131 354 433 390 518 356 331 391 405 422 44 112 59 162 486 211 196 148 272 239 457 392 236 
45 281 76 154 409 267 514 577 383 405 343 143 275 43 242 205 243 226 574 322 415 663 442 213 349 250 204 185 327 238 625 327 474 295 258 175 264 538 290 495 616 426 496 301 577 292 338 404 457 448 246 349 334 134 596 385 447 533 171 196 335 466 187 205 192 164 614 29 228 264 525 374 612 262 267 92 332 474 111 358 136 362 163 159 322 414 349 437 370 278 212 147 559 85 337 381 221 128 481 412 385 446 387 210 269 418 365 118 633 589 614 559 292 295 33 190 425 496 238 414 603 544 421 352 193 285 359 259 582 552 472 410 356 700 417 513 586 373 232 274 510 604 357 496 292 329 626 171 399 466 372 110 360 251 521 340 38 125 464 404 346 557 247 253 379 335 510 125 237 166 98 381 92 227 93 139 331 590 303 341 
325 595 357 372 652 571 201 313 148 418 472 207 563 335 277 443 116 539 627 331 615 646 737 393 660 516 478 354 401 135 574 328 194 309 461 465 260 233 346 578 584 324 188 90 333 196 466 93 622 489 263 259 166 346 641 359 589 253 364 506 318 153 211 275 184 389 313 327 292 108 213 496 545 355 559 222 189 253 342 190 240 294 433 155 396 600 62 447 385 579 493 174 550 232 530 304 126 207 461 128 283 543 78 518 193 121 180 354 598 345 557 372 156 509 304 232 134 515 85 685 567 561 697 184 182 42 604 571 328 407 371 698 404 715 722 244 332 651 468 199 197 524 476 543 587 403 601 187 537 458 188 344 235 393 207 350 293 300 313 573 543 581 540 505 521 572 419 216 144 191 304 667 395 232 291 446 271 307 569 241 
461 736 480 578 683 680 221 111 97 326 449 329 650 473 513 510 234 689 510 571 612 476 818 612 776 588 668 410 639 234 392 274 90 548 498 569 498 174 325 491 414 177 169 184 105 192 444 189 590 394 499 497 139 551 516 598 546 101 577 631 558 247 438 504 410 594 202 471 524 347 207 460 357 356 651 387 147 18 540 119 346 203 526 341 362 590 279 340 625 682 584 373 401 413 540 197 355 409 327 123 167 476 248 681 214 143 108 451 424 117 374 137 180 540 477 459 128 395 258 740 397 430 756 123 280 280 643 698 110 192 201 771 345 559 821 70 115 717 526 210 254 332 444 438 680 641 432 301 502 333 102 446 146 620 253 590 468 393 124 554 552 451 635 569 493 609 240 347 234 306 503 740 526 466 488 611 209 145 633 172 
519 697 508 714 461 597 638 492 446 159 254 463 539 528 745 428 465 679 102 826 359 104 649 770 681 476 746 381 862 448 107 251 508 797 371 521 749 595 271 142 76 251 586 472 448 369 255 571 294 115 739 794 399 691 99 876 249 518 728 595 825 648 662 718 643 724 611 537 744 634 626 232 128 297 548 532 375 403 669 380 444 268 479 543 239 332 624 125 882 587 504 573 22 565 342 258 613 597 101 511 283 175 616 701 378 535 395 456 90 452 112 339 408 380 587 679 524 64 511 543 75 26 562 385 436 583 450 642 471 263 219 598 203 152 684 488 473 547 421 372 666 148 236 88 569 865 75 452 245 105 389 459 330 803 667 846 584 434 296 297 347 38 544 449 256 426 185 476 440 453 646 576 542 706 636 653 293 544 487 321 
259 89 228 334 240 22 782 809 624 503 366 386 84 249 486 204 494 113 586 552 313 719 175 383 78 143 259 295 522 483 715 469 722 531 251 128 515 797 412 501 692 595 757 553 798 506 365 670 385 508 495 606 562 336 610 615 405 777 359 80 573 738 454 449 465 328 867 258 466 541 790 388 715 373 72 364 550 695 318 579 359 532 173 432 409 331 625 527 585 35 122 423 629 362 284 549 498 403 579 666 566 453 660 162 484 677 591 247 708 809 710 750 523 241 298 450 681 559 502 193 685 595 189 575 429 559 209 38 808 718 628 158 448 722 140 752 812 148 202 487 781 718 383 534 62 523 694 412 383 560 596 253 561 431 791 565 308 305 650 348 283 600 76 170 367 214 652 372 479 407 338 139 189 486 343 188 509 833 145 536 
208 472 243 254 559 455 325 418 230 401 413 117 452 218 198 346 105 416 605 272 537 652 626 285 540 412 356 271 324 117 592 308 304 245 376 352 194 355 304 542 595 351 311 143 430 200 407 216 557 466 188 237 208 228 622 318 531 365 251 386 268 274 116 181 90 271 434 208 204 91 337 441 569 299 447 102 220 335 221 237 151 301 326 34 352 527 158 434 329 464 384 50 550 108 452 317 56 85 462 238 306 500 195 393 184 239 235 250 611 442 577 443 173 422 179 136 248 502 69 583 579 551 592 229 124 93 510 451 429 460 401 589 372 710 605 350 433 545 372 191 318 553 421 520 474 327 609 113 478 453 243 240 264 294 329 292 169 205 363 504 464 569 427 406 460 480 448 118 123 114 183 559 277 154 169 322 271 421 466 257 
611 773 598 807 510 670 722 563 536 255 332 560 609 619 842 509 562 760 112 923 408 46 701 864 747 549 835 471 959 545 125 348 591 894 449 601 846 675 366 192 92 340 670 567 516 466 335 661 335 204 836 891 492 785 90 973 298 595 822 675 923 736 759 814 740 817 684 629 840 731 709 306 161 390 619 628 469 483 763 472 540 363 562 640 331 382 718 222 979 658 581 670 107 661 408 352 710 693 196 599 375 238 708 785 475 623 486 546 90 518 141 404 503 451 681 776 612 157 607 594 108 108 613 477 533 679 508 717 539 328 302 652 297 58 743 566 541 605 499 468 752 189 314 161 637 961 73 549 308 202 480 550 423 898 752 943 679 527 378 353 411 96 617 523 324 488 261 572 536 550 741 634 629 803 730 740 389 616 553 416 
443 540 472 266 791 597 569 741 581 764 736 460 634 441 178 601 478 488 956 104 811 1021 767 211 639 631 342 576 73 491 965 673 622 130 656 548 180 629 656 883 966 726 588 504 767 574 730 505 856 821 186 191 578 273 976 93 844 677 241 526 118 504 262 206 284 268 708 427 179 327 591 767 943 638 622 393 592 687 296 606 481 675 553 382 698 811 406 797 50 614 588 350 917 361 735 692 328 326 831 560 681 836 448 440 558 547 601 516 982 778 951 804 547 691 364 244 562 863 437 776 950 912 777 599 489 395 743 560 759 831 776 752 726 1072 719 674 763 731 627 565 540 928 749 873 639 71 979 471 795 820 610 507 638 163 552 85 362 507 734 802 744 929 605 641 775 724 823 448 498 470 300 729 470 220 305 408 644 724 679 632 
564 736 553 760 487 635 675 521 487 205 293 510 575 573 792 468 511 720 100 872 384 62 677 816 715 513 791 425 909 494 101 297 544 844 410 561 796 629 317 165 64 291 623 516 475 415 295 612 315 158 786 840 442 737 87 922 274 550 774 635 872 687 709 764 690 770 642 582 790 680 662 268 132 343 585 579 418 438 715 422 491 313 521 590 284 358 667 172 929 624 544 620 56 612 376 302 659 643 145 550 325 206 658 743 424 574 436 500 71 479 113 364 452 416 633 726 563 109 556 570 73 62 589 427 482 628 480 680 498 288 255 627 249 108 715 521 501 577 460 417 704 157 275 122 604 911 51 499 277 151 431 504 373 849 705 893 631 480 331 325 380 57 581 487 290 458 216 522 485 499 693 607 585 753 682 697 338 574 521 365 
155 136 126 254 275 93 679 714 525 439 321 284 114 145 395 144 392 107 555 466 318 675 270 309 179 124 209 213 447 383 659 391 623 443 204 51 421 695 338 469 641 513 655 452 705 411 318 567 381 457 402 511 465 250 579 530 388 678 278 28 485 634 356 357 364 251 767 154 376 438 688 348 655 299 103 260 456 601 230 484 259 448 94 328 344 328 521 467 504 105 80 320 579 259 263 466 395 301 518 565 481 419 556 134 389 575 495 153 658 716 652 664 425 214 197 354 580 509 399 257 631 550 260 479 329 456 230 94 713 639 550 242 384 690 243 654 718 212 156 393 678 655 338 492 123 448 646 311 355 500 500 157 470 357 688 480 206 209 565 334 267 558 85 144 336 219 579 270 379 306 243 215 85 390 246 116 423 735 162 446 
355 524 390 230 723 556 430 596 435 638 629 338 580 357 73 517 340 466 838 45 726 891 733 203 617 563 340 473 126 354 831 545 476 36 565 484 50 488 535 770 834 587 445 360 621 437 623 360 761 700 67 63 435 223 856 79 743 532 207 481 30 365 139 111 153 242 568 343 92 182 451 660 807 523 570 280 452 542 240 464 365 540 477 253 581 722 261 671 96 571 523 225 789 254 645 555 187 210 700 414 543 725 304 424 423 402 458 424 850 632 815 659 407 606 281 128 416 738 297 723 818 788 727 456 360 249 673 530 614 688 637 709 605 947 694 528 617 679 544 430 403 790 640 753 591 128 848 345 692 691 466 414 498 169 416 61 275 402 592 707 655 805 551 567 672 649 684 330 361 345 225 683 400 93 224 372 510 580 615 494 
439 662 438 622 491 574 493 358 302 95 248 355 524 450 630 392 336 633 232 707 399 221 664 674 666 457 673 316 752 320 157 146 364 679 348 479 629 452 191 226 161 106 441 334 318 237 246 427 354 134 622 665 258 597 238 753 306 377 632 554 704 503 546 606 524 635 473 456 631 504 482 243 138 229 530 428 235 261 577 237 344 134 434 425 186 373 484 84 764 568 474 458 128 461 351 120 487 485 50 366 141 226 474 645 251 390 252 388 176 324 143 216 273 374 496 564 379 119 380 565 144 152 584 243 319 448 466 610 339 150 78 612 148 292 686 346 342 558 394 244 521 130 235 166 555 754 176 338 276 61 246 389 189 701 522 727 492 351 154 334 361 173 521 431 277 435 64 370 312 340 549 586 478 588 537 587 164 408 483 184 
453 718 466 596 627 652 311 172 149 250 386 330 615 465 554 473 255 676 423 620 549 387 776 636 748 550 675 376 681 248 304 216 179 595 451 543 544 263 272 410 324 98 258 220 139 180 382 266 520 313 542 555 150 569 428 653 474 186 598 611 610 332 474 540 447 611 283 466 562 398 296 393 269 309 617 397 143 71 554 121 338 144 498 364 302 526 346 259 676 651 552 398 312 427 483 132 397 432 241 199 107 400 322 675 203 222 123 430 334 148 285 87 188 490 484 495 209 310 290 690 307 342 707 129 281 332 592 675 157 111 113 727 278 469 785 156 161 673 486 198 342 244 378 354 645 683 343 304 433 249 115 425 113 652 341 639 476 375 36 488 495 363 603 528 427 558 150 348 245 308 519 698 512 508 505 607 162 219 590 136 
293 115 260 374 216 46 814 834 651 512 369 416 82 283 526 219 524 150 581 592 299 718 134 423 60 149 297 315 562 513 719 485 751 571 258 155 554 827 428 496 695 612 788 583 821 531 369 702 373 511 535 646 588 376 605 655 397 804 399 119 613 771 493 489 503 368 896 293 506 578 822 389 721 389 75 398 575 719 358 604 388 550 196 467 420 318 660 534 625 41 139 460 632 399 280 567 535 441 587 696 585 451 694 199 510 707 616 274 711 832 715 769 549 241 336 490 711 562 535 160 688 596 154 600 458 594 192 74 832 734 643 120 458 716 104 778 836 118 212 512 815 726 386 534 52 563 696 442 380 567 621 281 583 471 824 605 345 333 669 339 277 599 88 175 365 203 664 404 508 437 377 103 223 525 382 228 529 860 135 557 
416 694 443 499 695 654 139 178 64 386 480 284 634 428 413 501 176 642 586 465 639 574 808 525 747 578 599 402 536 186 494 311 60 443 503 543 395 128 349 554 511 255 95 117 199 189 475 74 630 458 399 385 130 472 595 487 590 120 494 596 449 141 345 410 317 516 198 423 427 243 135 498 461 372 633 325 154 132 465 135 310 253 505 267 396 620 165 407 517 659 565 294 489 344 559 255 260 329 407 7 226 529 133 627 203 29 118 425 523 210 475 253 156 549 414 366 18 470 181 741 494 511 755 133 241 177 651 663 193 303 292 764 390 652 801 109 196 713 521 203 162 436 479 507 662 538 529 257 541 408 121 417 185 528 165 483 404 367 220 587 572 532 615 563 528 617 337 299 190 262 427 733 486 367 413 555 243 176 628 204 
374 499 352 571 254 395 670 585 466 163 76 369 334 379 642 243 420 489 170 725 154 304 439 631 474 275 579 235 744 401 314 219 555 696 181 333 654 647 189 84 286 314 624 453 551 348 81 577 107 117 640 718 401 553 194 783 61 586 589 404 731 659 565 608 553 578 687 391 634 573 665 44 325 185 345 424 377 472 529 396 340 283 298 459 139 127 597 164 778 384 310 481 224 452 134 288 541 494 208 532 317 36 606 518 344 554 413 302 300 559 314 459 388 176 451 578 548 159 461 334 282 184 353 397 365 541 240 443 570 398 316 388 141 306 474 555 573 337 229 340 690 337 63 122 363 746 284 372 35 190 412 308 349 670 694 744 451 304 378 90 138 185 343 249 49 216 312 375 392 370 515 366 374 611 507 481 287 629 279 327 
413 472 384 601 172 363 773 696 570 276 154 441 300 415 696 257 509 475 228 778 72 378 363 662 425 256 587 291 786 490 407 324 662 750 200 333 712 753 285 156 374 426 728 547 663 447 160 675 5 226 696 784 503 587 250 839 53 696 622 393 788 757 625 660 617 605 797 429 685 650 769 135 423 270 312 484 479 582 563 500 409 392 311 530 237 53 686 275 828 348 299 547 317 509 122 398 614 553 317 635 427 134 699 512 439 656 517 341 387 671 410 572 485 169 492 635 651 260 546 255 374 272 274 501 447 626 178 415 682 509 428 315 249 356 408 664 685 271 234 436 790 438 154 215 322 787 369 449 93 299 517 350 455 705 795 796 495 361 490 55 115 266 317 235 105 169 423 443 481 447 556 299 394 670 551 490 392 739 238 432 
262 489 259 450 377 409 472 415 270 108 146 197 366 272 480 226 223 457 304 561 308 368 523 505 504 300 496 140 596 204 326 39 365 533 198 307 486 455 19 244 318 166 428 252 391 147 141 376 296 165 475 538 203 427 322 614 257 404 463 381 563 459 398 451 380 462 504 279 478 384 469 165 314 57 370 265 179 297 406 202 177 108 261 281 62 287 398 141 617 406 308 309 263 298 234 122 357 330 182 335 146 207 405 468 143 355 219 210 335 401 315 324 187 237 324 414 351 205 266 437 304 255 454 202 176 345 339 441 406 288 197 474 71 415 535 373 410 419 235 139 490 308 146 219 398 598 328 189 207 167 219 211 161 536 495 582 320 174 226 253 246 271 358 277 194 305 225 209 195 189 381 444 300 443 369 409 97 452 337 136 
602 766 589 798 506 663 712 554 526 246 324 550 603 610 832 501 552 752 108 913 403 44 697 855 742 543 826 462 949 535 118 338 581 884 442 594 836 665 357 187 84 330 660 556 507 455 327 651 332 195 826 881 482 776 88 963 293 585 812 667 913 726 749 804 730 808 675 620 831 721 699 299 154 381 613 619 458 474 754 462 531 353 554 630 322 378 707 212 969 652 574 660 97 652 402 342 700 683 185 589 365 232 698 777 465 613 476 537 83 509 134 395 493 444 672 766 601 148 597 589 99 99 609 467 523 669 503 710 530 319 292 648 288 68 738 556 532 600 491 458 742 181 307 153 631 951 66 539 302 192 470 541 413 888 742 933 669 518 368 348 405 87 610 516 317 482 251 562 526 540 732 629 621 793 721 732 379 607 547 405 
239 51 220 243 351 127 751 808 615 555 436 372 185 226 403 260 477 10 668 460 414 791 277 284 147 226 150 327 421 471 775 504 710 442 318 167 434 775 452 582 757 623 733 536 803 511 433 640 483 573 414 527 561 252 692 522 496 767 267 93 484 700 388 369 404 233 851 230 381 488 762 462 771 414 172 329 554 700 239 582 353 558 210 395 460 428 581 583 487 145 187 378 695 317 370 576 447 351 634 648 588 532 621 52 488 655 591 260 774 815 768 771 519 323 246 379 662 625 475 308 748 666 303 576 420 519 315 76 810 750 662 270 500 803 227 745 815 263 269 492 745 770 453 607 173 422 762 400 466 616 597 262 574 331 756 471 257 311 672 439 372 673 164 250 448 313 692 355 468 395 267 253 175 411 276 107 530 825 247 551 
270 351 294 75 600 404 572 701 515 622 568 327 441 265 134 419 385 296 799 164 627 883 575 18 449 442 156 410 121 391 838 538 583 152 477 358 166 618 509 721 832 617 574 428 715 468 563 479 676 671 150 250 489 91 820 222 669 643 54 332 190 510 178 118 206 75 700 252 111 289 590 600 821 484 429 254 497 620 114 518 338 558 368 275 544 629 390 656 185 421 398 242 778 221 554 576 264 207 696 517 573 671 436 250 447 512 518 342 849 727 825 725 451 509 194 158 524 717 354 583 818 766 583 510 369 349 553 368 713 735 666 559 577 923 528 632 717 537 443 454 553 809 583 720 445 122 843 347 623 682 526 335 537 30 565 171 196 348 640 624 562 780 412 453 603 536 709 311 395 344 133 536 283 168 145 214 525 698 487 524 
356 590 393 317 720 594 275 443 297 550 576 282 601 363 174 506 236 531 757 201 701 788 770 316 671 568 433 435 280 254 720 456 324 185 540 500 146 332 462 700 728 470 289 235 471 331 570 206 721 618 158 112 312 298 773 215 694 378 301 521 181 210 152 191 137 333 412 351 195 73 296 604 692 461 594 254 333 399 304 338 315 434 480 196 512 691 107 580 248 605 536 187 690 244 616 446 112 199 601 265 428 660 149 498 323 250 329 409 742 481 703 519 294 586 303 164 265 649 191 737 711 697 746 331 282 118 670 581 462 557 518 737 527 854 742 377 465 698 533 329 250 672 584 672 620 282 744 275 642 595 337 399 380 299 263 216 294 369 463 669 628 716 574 564 624 641 566 282 263 277 273 708 419 140 264 433 407 425 622 383 
258 295 223 430 119 189 710 685 521 316 165 328 127 256 543 97 421 294 375 622 122 511 253 490 267 74 406 179 620 405 513 310 621 596 77 152 563 707 253 290 488 436 674 473 663 392 166 602 183 306 546 644 453 419 399 685 196 667 453 210 636 681 482 505 480 432 766 270 528 530 712 182 518 218 138 349 434 567 396 461 294 381 138 407 230 130 588 334 668 176 117 416 425 366 73 394 490 413 386 578 418 243 611 330 376 595 476 194 504 673 510 594 422 37 333 487 594 356 448 165 482 389 181 459 352 523 72 239 677 549 458 203 265 511 275 638 681 148 70 376 719 524 181 327 155 622 489 346 173 366 479 204 428 535 727 639 338 236 498 139 73 391 138 54 158 39 472 324 398 342 395 175 222 524 392 310 367 719 73 402 
288 416 317 123 641 458 509 651 472 617 581 314 488 286 64 447 351 359 804 95 657 876 632 88 511 480 226 421 87 361 825 528 532 79 500 398 94 559 506 730 823 593 515 387 669 441 576 422 700 671 80 175 455 123 824 157 688 591 98 384 119 446 131 65 158 132 641 272 46 231 528 612 805 486 477 243 466 579 145 484 331 538 400 245 546 657 329 650 130 474 438 211 772 210 580 555 214 182 687 466 548 682 375 315 423 459 482 360 839 680 811 689 419 537 209 110 472 715 315 631 808 764 634 476 349 296 592 426 665 706 643 613 576 923 590 582 669 586 472 430 488 791 594 722 496 89 835 328 640 674 490 352 509 60 500 107 207 353 610 647 589 780 459 488 620 572 688 300 366 327 144 588 317 106 150 269 506 644 529 499 
401 657 436 402 747 647 175 351 230 522 575 299 646 410 271 535 219 599 731 300 714 743 819 408 731 604 516 451 379 238 668 432 235 284 558 546 244 233 450 682 681 420 191 193 383 299 569 117 725 593 254 206 264 380 744 309 692 285 388 577 279 111 232 282 209 418 313 400 290 121 196 600 638 458 640 295 288 322 382 286 333 395 518 228 501 701 42 550 346 657 577 234 650 295 630 405 162 258 562 183 381 648 57 571 298 164 273 441 694 393 651 444 259 606 364 248 179 617 182 774 664 663 785 280 281 104 698 641 372 490 464 782 509 815 797 287 375 738 560 303 152 616 579 647 668 381 698 283 640 559 279 432 334 395 165 315 353 392 400 675 642 683 621 596 624 667 512 304 247 287 346 752 469 232 336 502 374 329 658 342 
102 309 133 112 465 312 493 577 383 447 396 160 326 101 185 263 243 251 624 264 473 707 489 166 387 305 192 237 272 243 664 364 468 238 315 228 208 524 333 547 657 451 480 297 582 309 391 386 514 495 189 294 342 88 645 327 502 528 123 238 278 440 136 147 146 126 602 87 171 227 507 427 648 308 318 91 345 481 68 369 165 390 220 141 368 471 320 480 312 324 267 119 602 64 394 408 185 89 521 403 409 498 361 225 286 406 373 174 674 594 651 575 301 352 24 135 415 541 227 468 643 590 473 362 207 259 416 297 584 575 499 460 401 747 459 510 588 425 289 292 485 638 410 544 341 274 667 184 454 507 381 166 378 200 496 282 20 172 483 461 404 604 298 309 434 392 541 142 244 181 43 432 144 172 35 154 358 585 358 362 
325 580 333 489 490 510 376 301 173 149 255 217 472 337 481 330 183 541 355 557 418 373 634 537 606 407 555 234 605 168 308 80 259 529 309 403 479 350 132 317 313 74 328 185 278 85 250 292 399 221 472 513 114 463 367 601 356 293 496 472 552 373 397 459 374 503 394 340 484 351 370 268 284 166 475 289 89 184 446 102 215 18 357 277 168 396 337 174 614 508 410 310 274 322 347 33 336 341 186 240 36 293 332 544 100 263 119 292 328 288 292 220 121 350 368 416 255 240 228 550 296 285 566 105 174 297 452 536 292 201 122 585 155 439 642 262 296 531 343 93 399 269 251 273 503 607 328 196 310 182 116 289 52 560 402 577 362 241 120 361 359 306 461 385 300 418 166 234 161 198 414 555 378 438 401 479 21 340 447 35 
265 534 299 314 603 513 262 362 181 403 437 155 506 276 235 392 89 478 611 299 572 644 681 339 600 462 418 308 362 107 577 310 245 274 415 408 223 292 318 555 584 329 248 100 377 185 431 153 585 471 222 243 175 288 626 336 555 306 308 446 290 213 161 227 133 331 372 267 246 81 274 464 551 320 502 161 193 288 282 203 190 289 377 94 368 560 104 434 355 521 437 113 544 171 487 302 78 146 455 179 286 517 135 456 176 177 197 299 599 389 561 402 150 462 242 182 188 502 44 632 567 550 643 196 141 38 555 511 375 427 379 642 381 707 663 293 379 597 417 182 257 533 443 526 530 364 599 140 503 449 206 290 240 344 268 319 232 249 331 535 500 569 482 453 485 523 427 162 116 144 244 612 336 189 231 385 261 361 516 239 
154 398 155 343 357 332 470 461 285 214 186 111 300 165 387 161 184 360 395 469 316 473 470 399 428 240 388 61 496 166 434 139 386 440 164 222 396 469 99 323 425 252 434 233 447 159 179 363 329 262 383 459 218 320 415 525 303 435 356 290 474 442 307 355 294 354 531 171 381 318 473 215 422 77 301 168 203 345 299 231 81 187 178 200 137 303 357 247 524 332 234 222 369 199 231 205 283 237 290 339 218 278 375 366 140 355 244 110 442 459 423 402 184 212 216 321 355 308 216 400 412 356 414 228 117 295 311 354 458 379 293 424 168 515 471 408 462 373 181 141 480 415 195 313 330 498 435 117 251 275 248 108 210 432 488 489 213 66 302 278 244 371 285 223 232 278 327 116 159 114 275 394 198 353 265 304 160 489 287 185 
402 679 430 474 695 644 132 207 82 401 487 272 627 414 383 496 164 626 605 433 643 599 801 498 736 573 577 399 505 177 520 322 88 412 502 534 364 138 356 569 536 277 98 107 231 195 482 44 638 474 368 352 140 448 615 455 599 147 468 583 417 120 317 381 289 491 214 408 398 213 134 507 488 376 625 307 165 164 442 150 301 269 497 246 404 625 132 425 485 649 557 271 512 324 562 273 232 306 428 25 246 542 101 609 205 18 134 417 548 242 502 285 158 549 395 338 28 489 161 738 519 531 752 147 232 148 650 650 224 333 317 758 401 676 792 139 227 708 518 207 148 464 488 525 654 508 554 246 549 428 138 408 201 499 153 451 385 359 248 593 575 552 606 559 536 616 363 286 183 251 404 727 473 338 390 537 256 201 624 218 
81 241 45 257 289 184 586 610 423 345 247 188 170 77 363 86 295 204 485 443 296 592 345 317 278 132 260 113 443 284 568 289 522 416 145 73 385 598 238 401 553 408 559 354 600 307 243 474 343 373 367 468 361 243 508 506 338 576 278 133 456 546 306 326 307 262 667 91 349 367 593 278 561 201 166 182 351 497 219 379 159 344 44 248 252 297 439 375 489 188 101 249 492 193 221 362 325 240 425 467 375 351 470 216 285 478 391 47 570 611 559 559 322 177 154 309 482 424 308 301 542 468 310 375 229 373 239 199 609 535 447 306 291 617 332 551 613 262 112 288 588 559 264 414 194 445 559 213 295 407 396 53 365 361 598 460 159 105 459 291 230 479 147 132 275 214 478 176 279 208 216 276 54 346 213 165 317 632 186 340 
94 268 117 104 440 275 534 612 418 456 392 186 294 88 213 245 277 210 625 288 455 715 453 163 347 279 159 235 284 275 676 378 505 263 301 198 238 563 342 545 668 474 519 333 615 336 387 425 501 500 219 328 373 85 646 352 493 565 122 200 304 481 174 175 186 113 641 76 195 268 546 423 663 313 284 122 374 513 62 399 183 410 197 180 373 456 361 489 332 288 238 159 611 102 379 429 226 130 532 441 432 495 402 184 313 445 404 165 685 627 665 603 331 335 32 170 453 547 265 437 654 595 441 392 235 300 391 257 618 599 520 425 408 751 420 546 623 393 270 319 526 654 407 547 307 286 677 212 447 517 412 159 405 204 537 304 42 177 509 448 388 609 265 286 426 370 560 168 275 208 61 398 115 206 63 113 379 622 330 386 
117 288 89 309 267 214 576 580 400 289 190 183 183 119 401 53 284 257 427 482 256 534 355 369 310 127 319 62 489 269 511 239 500 455 95 107 419 581 185 344 495 363 544 339 566 276 185 465 295 314 402 497 335 293 449 544 286 552 329 179 494 541 335 364 332 315 646 132 389 381 581 220 505 147 183 200 321 464 269 349 149 299 61 258 195 253 442 318 531 214 116 267 434 219 175 316 341 265 368 450 333 293 469 273 256 464 362 46 512 577 503 517 298 136 195 342 465 365 305 295 484 410 307 345 214 377 217 240 576 488 398 312 235 558 353 525 581 262 79 258 582 504 206 355 212 491 501 203 240 350 366 55 328 411 590 501 198 90 417 242 185 420 167 115 220 187 426 176 263 199 260 281 113 379 255 223 275 606 178 302 
567 789 566 747 597 699 540 363 374 217 363 477 646 578 743 518 442 761 262 817 499 168 777 797 789 580 801 445 868 428 80 274 408 790 471 607 740 486 320 295 111 194 487 427 315 345 363 496 442 228 734 767 350 721 255 859 395 402 756 682 812 563 659 722 636 760 486 584 747 605 524 351 43 357 654 550 331 300 702 323 469 247 562 540 312 472 569 195 874 692 600 573 138 583 464 229 594 603 143 430 239 315 550 774 362 453 334 517 115 317 62 204 374 492 622 679 440 187 485 675 98 184 695 330 436 544 578 737 338 130 144 726 272 256 805 376 340 673 518 355 573 15 348 233 678 870 130 457 377 162 326 518 284 822 571 838 617 479 204 435 472 199 645 554 383 549 97 493 422 460 673 701 607 700 660 716 279 417 602 288 
163 405 163 352 358 337 470 457 282 205 180 116 305 173 394 165 185 367 388 476 314 465 474 407 433 244 397 65 504 167 426 130 383 447 165 228 403 467 91 316 417 244 433 233 442 155 174 363 326 254 390 465 215 329 407 532 298 432 365 297 481 443 314 362 300 363 528 180 388 322 472 209 413 70 306 175 199 340 307 227 87 180 183 205 129 300 359 238 531 337 239 228 361 206 230 198 288 244 282 337 211 271 377 374 137 354 241 118 434 453 415 395 182 212 225 328 353 299 218 402 403 348 417 224 119 298 312 361 453 371 285 428 160 507 476 404 457 375 183 138 480 407 189 305 335 506 427 120 246 266 244 116 204 440 487 496 222 75 295 275 242 363 290 225 227 279 318 123 159 118 284 397 206 360 273 312 153 485 290 179 
210 391 193 408 272 303 559 523 364 181 91 209 256 216 475 120 281 365 320 558 218 422 411 467 396 189 429 69 577 262 400 150 463 530 86 209 488 550 92 241 384 277 519 325 501 235 85 455 229 203 474 555 295 388 342 617 205 507 425 284 565 536 400 441 389 416 606 228 467 418 559 122 396 56 261 258 275 405 365 301 177 220 164 298 86 203 456 208 611 298 202 318 322 286 135 234 382 328 259 424 257 192 472 384 221 442 317 140 401 511 393 436 268 127 285 411 440 254 315 327 373 299 343 299 216 395 230 339 515 397 306 362 126 449 424 477 519 307 125 220 572 397 104 245 287 579 390 217 153 241 319 146 266 505 579 578 285 137 338 178 148 309 250 165 134 196 327 213 254 214 349 332 223 445 341 335 205 557 225 240 
553 728 542 748 484 627 662 510 473 193 284 497 568 562 779 460 498 711 103 859 381 71 673 804 709 506 780 415 897 481 96 285 531 831 402 552 783 617 305 162 59 277 610 502 464 401 286 598 313 148 773 827 428 726 92 909 270 538 762 627 859 674 696 752 677 759 630 571 778 667 649 261 124 332 578 567 405 425 704 408 479 299 512 577 273 354 654 160 916 617 535 607 43 600 370 288 646 631 131 537 312 200 645 734 411 561 423 490 69 467 106 353 439 409 622 713 550 98 543 566 66 53 585 414 469 615 475 672 487 277 242 623 237 121 710 509 489 573 452 404 691 149 267 115 597 899 50 486 271 138 417 493 359 837 692 880 619 468 319 321 374 52 574 479 284 452 204 510 472 487 681 602 575 740 670 686 325 562 515 352 
292 321 310 96 594 386 631 755 568 654 587 367 430 284 193 428 434 270 822 214 630 913 550 53 420 440 123 433 154 439 873 573 639 206 488 357 224 676 539 741 865 659 632 481 768 512 583 537 685 698 209 306 538 121 844 267 682 699 89 319 241 569 236 177 263 85 758 274 171 347 649 618 857 512 418 295 544 672 141 566 374 598 374 324 571 636 449 687 224 404 395 292 809 263 563 617 321 256 729 572 616 691 495 221 491 569 568 361 882 780 860 774 499 516 223 216 580 746 407 569 851 794 568 559 412 406 550 345 767 780 708 539 606 949 500 687 771 523 450 497 612 848 603 745 430 154 875 390 639 715 576 355 582 73 624 218 227 375 686 633 570 807 402 455 618 536 750 351 442 386 170 519 291 227 184 203 566 754 482 567 
44 241 50 169 371 223 556 610 416 406 328 173 232 32 279 175 278 188 564 356 385 661 398 229 306 211 191 176 354 271 629 335 510 331 232 133 303 577 293 482 617 443 535 337 607 317 324 444 432 443 284 389 364 154 586 420 425 568 189 152 372 508 230 241 236 175 652 31 263 309 566 359 618 260 224 133 359 504 130 386 158 378 128 201 318 386 393 438 401 234 172 191 559 129 310 397 266 172 484 449 404 432 429 179 294 457 394 102 634 619 618 582 322 266 71 230 463 493 277 373 605 540 379 380 222 328 322 216 613 570 486 367 355 693 372 546 617 330 200 299 552 612 344 488 249 356 626 201 380 468 401 98 383 272 563 373 79 130 485 379 319 552 204 217 360 300 523 156 269 196 129 338 49 267 127 110 348 625 263 362 
382 184 349 463 209 137 901 910 732 564 413 502 148 373 617 289 609 232 603 681 308 747 49 510 86 211 379 388 649 597 758 549 832 661 314 241 646 910 491 522 731 677 872 667 894 608 414 789 383 552 626 737 667 467 626 745 416 884 488 211 703 859 585 580 595 456 977 384 596 669 907 427 765 453 149 488 652 794 449 680 473 618 277 556 476 332 749 582 712 127 217 551 669 490 314 633 626 532 634 779 654 481 783 280 588 792 694 357 746 905 756 835 630 285 428 582 795 601 622 130 726 629 114 677 541 684 206 160 906 794 703 68 512 734 29 857 911 109 275 590 902 772 429 567 120 650 730 527 410 614 698 365 656 558 912 694 437 415 736 361 308 629 167 233 399 229 720 490 591 522 469 80 314 617 474 317 599 938 176 630 
183 446 194 353 416 386 411 405 226 216 227 87 358 195 370 221 129 403 414 451 370 474 529 404 482 299 414 121 487 111 425 126 326 422 223 275 375 409 112 350 421 216 375 175 394 101 221 305 377 276 364 429 159 328 432 503 345 377 362 339 452 385 287 342 270 366 472 198 368 278 413 254 408 110 358 159 146 291 309 174 75 152 232 170 161 355 306 249 507 388 290 198 370 192 286 171 248 221 285 279 177 309 321 404 81 296 187 158 438 405 412 357 124 270 229 304 295 315 166 460 406 365 474 170 69 246 370 405 403 343 262 484 181 525 528 350 408 432 240 83 422 398 233 329 387 489 433 79 293 273 191 153 159 432 429 471 223 102 258 327 299 382 342 282 276 337 301 101 102 79 280 453 239 332 267 337 121 431 347 136 
405 671 418 548 591 606 307 201 122 227 352 282 570 417 512 429 210 628 416 580 516 397 734 590 702 507 627 331 638 202 318 179 179 554 410 497 503 268 233 393 334 81 255 181 177 132 348 246 492 295 500 520 106 522 423 616 447 200 552 564 571 319 430 496 404 564 301 418 519 360 296 362 286 267 573 349 96 85 507 77 290 107 452 318 267 494 316 242 636 606 507 352 313 379 447 98 356 387 233 182 70 377 298 627 155 206 83 382 346 187 300 135 142 451 436 451 194 300 247 651 317 337 668 85 233 296 553 629 191 146 115 685 247 475 741 169 195 631 443 149 335 264 347 341 601 641 352 256 404 238 75 378 65 606 336 600 428 327 50 457 459 358 558 485 396 519 161 300 198 260 472 656 464 466 458 559 119 242 548 89 
232 391 211 429 246 298 588 546 391 183 66 240 247 237 503 119 311 370 302 585 188 412 394 489 389 180 443 94 602 293 397 168 489 557 71 212 516 578 112 220 377 294 548 355 522 263 61 485 199 194 501 585 322 411 325 645 176 532 447 287 593 566 428 468 419 437 632 249 494 448 588 97 396 81 253 286 302 428 387 327 207 240 170 329 91 173 487 207 638 291 200 347 315 313 107 253 413 356 259 452 277 169 503 392 250 471 343 160 394 532 391 452 297 105 309 439 468 245 346 306 368 288 323 326 247 426 207 338 537 409 318 344 129 434 411 502 541 289 117 249 601 398 81 231 278 604 382 248 125 240 344 166 290 528 608 605 310 165 356 147 119 297 244 154 105 173 335 243 284 245 373 316 238 474 366 347 227 582 209 264 
170 386 206 136 540 393 431 538 349 473 446 169 406 174 119 332 216 327 664 202 540 732 570 166 467 382 244 288 230 223 680 383 423 174 378 307 135 469 363 591 678 451 424 262 549 301 441 328 575 529 119 217 321 110 683 262 558 483 131 318 211 374 56 86 67 153 549 160 113 153 446 477 661 346 398 100 329 453 107 349 188 394 295 106 405 536 252 506 255 405 345 73 627 69 458 412 115 38 542 356 407 545 295 296 281 355 350 237 695 561 666 557 283 420 103 58 366 571 188 546 663 620 553 342 205 197 490 377 548 568 501 540 433 780 539 469 552 504 359 288 419 648 458 580 422 232 690 184 508 530 358 228 369 181 431 222 94 218 472 521 469 637 378 383 488 465 546 156 227 182 71 512 223 95 60 229 362 539 435 357 
248 308 268 51 564 363 596 714 525 609 546 322 403 242 169 390 390 254 779 206 595 868 533 26 406 407 113 390 163 394 827 527 598 193 449 323 201 639 495 699 820 614 594 438 725 467 541 499 647 654 183 289 494 76 801 265 643 659 45 293 232 535 198 146 225 42 720 230 145 312 613 577 812 468 391 250 500 629 96 522 329 553 337 281 527 599 413 642 228 380 362 249 764 217 525 571 282 213 684 532 570 649 459 207 446 529 524 319 837 737 815 730 454 478 178 180 540 702 364 544 806 750 544 515 367 368 518 326 725 735 662 518 562 906 486 645 729 498 413 452 579 802 561 702 405 164 830 344 598 670 532 313 537 72 591 214 182 331 641 595 532 763 374 420 578 502 704 305 397 341 125 496 252 197 138 175 520 714 451 522 
451 709 461 605 599 637 355 212 184 212 355 335 597 463 575 456 272 670 379 644 517 343 754 649 733 531 679 362 702 263 260 192 224 618 428 531 567 308 250 369 280 66 303 246 175 186 351 306 483 273 564 585 170 579 383 681 437 231 610 601 635 374 493 558 467 620 326 465 582 425 341 359 227 288 600 405 157 116 563 142 339 125 485 379 273 492 380 219 700 635 536 413 267 436 455 108 420 446 197 240 92 361 360 672 208 263 148 421 290 182 242 93 203 465 489 514 250 266 311 665 263 297 682 149 287 361 565 664 195 82 68 704 246 425 766 201 198 649 466 202 386 203 346 311 628 704 298 310 398 206 140 418 116 667 386 664 481 369 14 455 466 318 587 508 394 532 105 353 258 314 529 675 506 530 515 606 150 261 568 134 
239 340 209 427 176 239 652 619 459 250 105 283 182 240 522 85 368 328 332 604 137 459 321 488 325 118 422 129 611 351 454 242 559 576 26 172 540 646 186 246 431 368 614 416 596 330 104 546 174 247 523 616 391 412 356 666 169 603 448 242 615 626 455 486 449 432 702 254 511 491 653 127 456 152 191 315 371 501 389 397 249 313 141 368 162 131 539 270 653 230 148 381 368 338 54 327 452 384 322 518 351 196 560 357 316 536 413 167 447 606 450 526 362 31 317 463 534 298 398 232 424 334 249 396 300 476 134 284 610 481 391 270 198 467 341 574 615 216 67 315 664 461 122 274 213 613 433 297 131 303 415 176 363 531 671 622 320 195 430 121 64 340 185 91 112 100 406 282 343 293 381 242 222 499 376 324 300 654 138 337 
425 528 401 620 252 421 724 630 520 208 130 426 359 429 697 285 478 524 148 779 149 295 442 680 493 305 622 289 796 458 321 273 607 751 222 371 709 698 246 71 289 359 677 509 594 404 136 632 80 148 695 775 455 603 171 838 39 635 640 439 787 714 621 662 609 627 736 442 688 631 718 100 338 243 370 479 431 520 579 449 396 334 340 516 195 123 654 200 832 408 344 537 232 507 160 337 598 549 237 586 367 57 662 556 400 608 466 352 302 601 325 498 444 208 503 633 602 176 518 335 289 187 354 451 422 598 249 471 614 432 355 393 194 281 484 604 617 346 267 396 744 354 120 130 385 798 284 429 70 221 464 359 401 721 748 799 504 358 422 95 159 181 371 280 91 232 345 432 449 427 567 375 420 666 560 524 340 675 299 380 
613 890 640 675 887 853 119 149 252 545 662 482 833 625 562 698 374 837 727 594 824 678 1006 692 946 776 782 599 673 384 591 487 152 578 697 742 537 72 534 711 618 397 115 315 199 381 657 211 807 613 546 497 320 650 731 597 764 118 666 794 572 184 510 568 483 692 31 619 580 397 97 676 554 561 831 518 340 234 646 315 509 419 703 455 576 803 297 560 638 857 764 477 614 533 748 415 426 511 544 201 385 696 250 819 397 192 298 624 625 200 573 308 352 742 604 529 187 613 372 937 601 645 952 315 439 342 845 861 176 382 416 961 562 765 1000 149 175 910 718 397 149 527 659 657 860 675 637 455 718 552 297 616 356 685 138 608 594 565 340 769 761 666 813 760 708 810 450 496 389 460 608 930 683 520 595 747 420 96 825 380 
169 432 204 224 525 415 364 449 257 393 391 94 414 178 194 311 121 376 592 273 507 649 586 260 500 375 321 242 316 128 593 301 338 245 345 313 197 393 290 526 593 359 349 170 457 207 385 255 531 455 187 254 226 197 610 325 507 398 224 346 274 314 110 170 91 241 471 167 195 123 376 420 572 280 408 63 234 360 188 254 125 304 288 12 336 498 198 426 330 424 346 22 545 68 422 321 83 56 458 272 314 482 235 354 188 275 255 215 609 469 579 462 188 391 140 128 283 493 97 546 578 543 555 247 117 134 475 411 458 473 409 550 359 703 565 381 462 507 338 195 359 558 400 508 435 319 607 99 455 448 263 205 275 276 369 294 129 174 378 478 434 560 388 370 436 446 454 89 132 99 150 520 237 154 136 283 272 455 429 264 
467 669 461 658 467 575 559 421 367 101 235 398 521 477 678 397 391 645 168 757 369 165 647 712 664 455 699 335 798 374 121 184 430 729 346 488 680 518 215 174 111 172 508 395 378 294 235 492 315 97 671 721 321 634 172 805 267 442 670 563 755 569 594 652 574 669 537 485 678 560 548 221 118 247 529 469 297 327 613 301 383 192 444 474 194 342 546 71 814 567 478 505 64 503 334 181 541 531 25 432 204 186 538 663 305 456 316 410 128 384 113 272 331 364 531 612 445 62 437 545 97 86 564 306 367 507 448 616 400 200 143 596 155 229 676 412 403 543 395 298 588 124 219 111 551 800 123 385 247 39 311 412 252 742 589 778 527 380 220 305 342 107 521 428 252 419 115 412 366 386 587 572 498 638 576 609 218 471 474 244 
374 642 407 409 703 621 156 297 160 456 518 258 614 385 299 494 164 586 665 343 664 674 788 425 709 567 519 404 418 182 599 368 177 324 511 515 278 197 391 619 612 350 153 128 324 235 512 61 669 528 284 259 196 385 677 362 635 233 400 555 326 104 243 303 217 426 279 376 316 131 171 542 568 402 610 270 220 256 382 216 291 328 484 203 441 649 39 483 394 629 544 218 581 278 580 336 160 249 494 118 313 586 27 563 236 103 203 405 625 335 581 377 194 559 350 262 118 550 136 736 594 596 748 211 232 78 655 620 315 421 395 749 446 746 772 230 318 702 518 241 148 546 522 581 638 420 629 238 583 492 210 395 265 420 159 360 339 351 331 621 592 616 590 556 567 623 442 267 191 242 345 718 445 256 333 492 308 283 620 275 
227 93 196 307 248 28 750 780 593 482 350 354 82 216 456 182 462 99 576 523 312 705 204 358 109 130 239 269 497 452 697 444 692 502 233 100 485 765 388 490 676 569 725 522 769 476 349 638 382 491 465 576 532 307 600 587 398 746 332 49 544 705 423 419 433 301 836 226 436 509 758 374 697 349 69 331 521 666 289 549 328 506 145 399 388 327 592 508 558 45 101 391 613 330 274 523 466 371 560 635 539 441 628 145 455 645 561 217 692 781 692 724 492 229 266 419 650 543 470 211 668 581 209 545 398 527 212 37 779 694 604 183 428 712 172 722 783 165 184 458 749 698 368 520 72 498 679 381 373 541 566 223 533 406 759 537 276 275 624 341 275 586 63 156 356 211 629 340 448 376 307 160 156 455 312 161 482 803 144 508 
343 493 376 199 706 531 468 628 461 645 626 342 558 343 60 505 356 436 841 22 715 901 707 165 587 545 304 468 87 369 844 553 508 8 555 464 59 524 539 770 845 604 481 382 651 453 621 393 754 705 65 105 456 195 860 85 738 565 175 456 41 403 142 95 162 209 604 329 71 209 488 657 822 524 548 279 470 568 215 484 366 554 462 261 583 712 295 679 77 546 504 231 798 249 635 570 206 210 711 444 559 724 340 392 436 434 480 414 861 662 829 684 425 594 266 126 448 745 315 701 830 794 705 477 369 276 657 501 644 709 654 685 609 954 665 560 648 657 531 444 442 806 638 757 568 89 859 352 688 700 488 405 516 129 455 42 261 398 612 700 645 811 529 551 668 634 701 332 376 351 205 660 382 98 207 344 523 615 596 510 
354 520 338 552 312 422 601 511 397 91 78 325 365 361 606 250 362 502 177 688 219 280 489 610 508 301 574 213 714 343 271 151 484 659 194 343 614 575 132 106 248 240 554 389 478 283 79 511 180 64 602 673 333 531 198 744 134 514 568 418 692 593 526 574 511 561 614 372 600 522 595 63 275 141 374 387 308 399 508 326 299 211 302 413 83 193 537 96 743 413 327 439 185 418 176 215 493 456 146 463 245 69 542 525 281 485 343 286 265 486 267 387 323 207 427 540 479 115 405 388 241 155 407 328 313 484 290 465 496 328 244 438 72 304 518 482 500 385 243 276 622 282 61 99 395 716 251 323 96 126 341 291 278 647 626 708 426 275 305 155 184 164 368 274 97 261 244 334 334 322 490 413 368 571 480 479 218 555 316 257 
405 245 369 510 156 175 911 905 733 537 384 515 159 397 658 286 619 287 555 726 259 703 35 560 152 209 434 386 699 605 720 534 834 704 298 260 685 916 477 477 691 660 880 675 885 607 386 800 332 517 665 775 666 510 577 790 369 883 535 249 746 874 619 620 626 504 980 409 638 695 916 393 730 441 166 511 650 787 491 678 483 605 288 577 454 285 769 552 761 159 228 575 630 516 281 619 652 561 603 785 642 439 800 336 588 800 692 368 705 896 720 819 632 261 460 617 801 564 637 73 688 588 54 675 550 703 167 211 899 773 683 23 488 684 92 855 903 76 268 589 916 739 398 527 140 700 688 538 371 584 695 377 649 608 925 740 468 424 722 317 273 586 185 225 363 197 695 505 599 533 507 54 341 653 510 364 589 936 161 623 
478 752 507 530 778 722 49 199 156 478 570 351 707 489 419 578 244 697 678 456 726 659 882 546 813 655 638 482 534 258 577 402 97 439 585 613 395 77 439 646 597 344 34 188 237 277 564 67 720 550 403 363 221 505 686 466 681 133 520 659 436 63 364 424 338 547 158 482 436 252 54 589 543 459 705 378 245 204 501 227 381 345 577 313 486 708 153 499 503 728 638 334 578 391 645 347 281 366 497 89 318 621 107 677 288 68 210 497 607 246 558 318 241 633 463 383 74 561 234 821 579 601 834 225 313 196 733 726 223 378 379 839 481 740 871 143 225 790 600 290 70 517 570 599 733 536 615 326 631 499 213 488 277 541 73 471 452 439 304 676 658 622 686 641 618 699 422 363 265 331 464 809 548 376 451 605 335 172 706 296 
240 75 226 221 379 156 743 808 615 570 455 371 213 228 383 278 475 31 689 437 441 809 305 259 174 250 123 339 395 470 791 515 707 420 338 186 414 770 464 603 774 631 727 534 805 514 452 634 508 591 394 506 562 232 713 498 519 766 244 115 461 691 373 349 390 210 847 229 360 476 755 482 786 426 200 324 557 702 221 584 355 566 226 388 475 454 571 598 462 174 210 369 712 310 394 585 435 340 649 645 595 553 611 27 491 651 593 269 791 817 784 777 520 346 238 363 658 642 470 337 764 685 333 579 421 510 342 105 811 758 672 299 515 824 254 745 816 292 290 496 736 784 473 626 202 396 779 400 488 631 599 270 579 305 747 447 249 318 678 463 396 692 191 273 469 339 704 354 468 395 252 282 181 394 262 96 538 823 274 556 
284 144 250 384 184 49 801 814 633 482 337 403 53 275 531 194 510 171 547 600 264 685 133 435 93 119 315 292 575 497 686 458 733 578 228 141 558 811 401 462 662 586 773 568 799 510 337 689 338 479 539 649 568 384 570 664 362 785 409 123 620 760 493 493 501 379 879 287 511 573 808 356 690 362 50 390 555 697 364 583 373 525 178 458 390 284 651 503 635 33 118 454 599 393 246 541 530 437 556 680 561 417 684 219 490 692 596 257 678 810 683 743 531 208 334 491 695 529 523 135 655 563 132 579 442 585 158 96 810 706 615 106 428 682 119 759 814 90 184 492 803 695 354 501 21 576 663 428 346 536 600 265 560 484 812 614 343 316 644 305 243 565 67 145 332 169 635 391 492 423 380 82 217 527 384 238 504 840 101 535 
324 601 353 405 624 566 205 267 85 360 427 195 550 336 331 422 87 549 568 391 578 581 725 434 658 498 505 326 457 101 508 273 154 367 431 456 317 216 298 523 519 258 176 34 281 139 421 96 578 432 318 324 101 379 581 422 542 214 401 505 379 176 257 323 229 422 291 330 342 167 210 449 479 312 548 230 125 192 371 124 224 232 420 172 348 561 124 387 446 572 481 200 487 249 495 241 174 235 399 89 219 492 120 532 143 96 113 340 533 293 491 309 99 479 319 278 102 454 86 664 502 500 677 118 156 101 578 572 279 341 305 682 351 652 715 199 283 633 444 147 213 458 430 485 577 459 536 169 491 396 121 331 171 440 221 410 309 282 247 531 508 520 529 484 476 545 353 208 108 174 333 652 395 285 319 460 211 271 549 179 
238 73 223 222 376 152 742 806 613 567 452 369 210 225 383 275 473 28 686 438 437 806 303 260 172 246 125 336 397 468 788 512 705 421 335 182 415 769 461 600 771 628 726 532 803 512 449 633 504 587 395 507 560 233 709 499 516 764 245 111 462 690 372 350 390 211 845 227 361 475 754 479 783 423 196 323 555 700 221 582 353 563 223 386 472 450 570 595 463 171 206 368 709 309 390 582 434 339 646 643 593 550 611 28 489 649 590 266 788 815 780 774 518 342 237 363 656 639 469 334 761 681 329 576 419 509 339 102 809 756 669 296 512 821 252 743 814 289 286 493 735 781 469 623 199 398 776 398 484 628 597 268 576 307 746 448 248 315 675 460 393 689 187 270 466 336 701 352 466 393 252 279 178 394 261 95 535 821 270 554 
531 796 545 671 693 728 327 142 207 303 449 408 689 544 622 548 328 755 452 685 610 389 848 711 824 624 753 452 749 323 301 286 201 660 522 620 610 268 343 453 329 160 276 288 95 258 445 308 574 359 610 614 223 645 452 714 527 183 673 688 672 361 544 610 517 687 264 544 632 461 309 452 264 381 692 474 220 103 631 196 417 217 575 438 368 585 398 306 739 726 628 471 331 503 549 201 464 506 276 242 181 450 367 754 281 262 195 507 335 99 283 19 264 560 561 565 247 345 360 759 313 368 777 203 358 394 660 753 118 93 151 798 340 476 859 159 120 744 559 276 362 236 439 392 720 751 348 381 491 288 186 503 192 724 359 704 553 453 98 548 560 388 678 601 487 627 169 426 321 385 595 769 590 576 581 685 238 195 662 214 
442 624 431 637 406 527 597 473 398 87 183 390 470 451 673 353 401 605 125 754 307 181 589 694 612 406 670 304 788 383 166 181 471 725 298 446 678 560 196 112 143 211 547 413 433 308 184 521 252 41 667 726 344 615 137 806 204 489 651 521 755 600 590 644 572 648 586 460 671 568 588 165 173 221 479 458 319 372 593 329 370 212 404 472 162 280 566 56 810 518 432 501 81 491 278 206 545 524 65 465 234 123 562 625 314 488 345 379 160 439 163 330 348 311 511 607 479 12 446 486 136 62 505 333 366 521 389 570 454 260 193 538 127 222 621 458 457 486 348 308 623 184 166 51 500 791 148 381 186 54 341 382 278 727 625 774 508 358 267 243 284 79 473 379 193 363 174 402 374 381 571 515 465 635 560 576 232 522 420 265 
329 522 365 232 699 544 387 548 386 595 593 298 563 333 72 490 292 463 796 91 697 846 722 217 611 541 347 438 168 307 784 501 428 73 534 464 39 443 494 730 788 539 400 311 572 390 587 312 728 658 58 58 387 219 814 125 708 484 212 469 78 322 105 102 113 246 523 319 95 133 408 623 760 484 554 246 403 492 232 415 327 493 454 211 540 691 214 627 145 558 503 186 744 222 614 509 140 176 655 365 495 686 259 424 376 354 409 395 803 584 768 610 359 577 260 101 368 695 249 704 772 744 710 407 316 200 649 522 565 639 589 695 563 904 687 480 569 662 517 383 362 742 603 711 577 170 802 302 656 646 417 385 450 192 375 110 253 368 543 675 625 762 534 542 637 624 637 291 315 302 210 668 380 64 206 366 463 534 594 446 
438 713 468 495 740 682 88 210 125 447 534 311 667 449 390 539 204 659 650 433 689 639 842 514 773 615 602 443 509 218 558 369 94 414 547 573 369 109 403 615 576 319 64 149 242 241 528 31 684 519 375 345 186 470 659 448 646 144 487 620 414 77 332 393 305 512 190 442 407 222 94 554 525 422 665 339 211 192 465 196 341 314 537 275 451 671 127 470 482 688 598 297 554 353 608 318 247 330 471 59 290 588 84 639 251 35 179 457 588 252 540 311 204 594 425 352 47 533 194 781 558 575 794 193 274 162 694 686 230 365 357 800 448 717 831 146 233 750 561 253 101 501 534 570 694 511 594 286 596 472 183 448 246 511 107 449 414 400 285 640 620 596 646 601 583 661 402 324 225 291 428 769 509 347 415 567 302 192 666 264 
500 753 508 658 624 677 389 222 233 228 378 387 634 512 629 494 326 715 368 698 537 312 786 702 772 567 729 403 755 316 226 228 258 672 462 573 621 336 286 371 250 103 337 298 177 239 375 351 497 279 618 637 224 631 369 733 449 254 663 644 689 415 547 612 521 673 343 515 635 477 374 379 190 325 638 457 211 150 615 195 389 168 527 433 302 511 430 227 754 674 576 467 249 489 481 149 474 500 193 284 140 371 407 719 261 306 201 466 258 182 207 71 257 496 540 568 292 262 364 693 234 285 711 203 340 413 594 706 200 29 75 736 270 397 802 227 202 681 502 254 423 163 368 310 665 758 269 362 415 207 193 463 170 721 421 717 533 416 67 473 491 305 626 543 413 561 86 404 312 366 582 707 553 583 568 654 196 275 601 185 
397 538 429 247 759 581 482 654 496 695 679 393 610 397 113 559 399 482 892 31 769 949 756 206 634 598 345 521 90 413 890 602 534 58 609 517 104 542 590 822 892 647 500 420 680 497 673 417 807 755 115 104 496 246 911 34 791 589 222 507 31 417 192 149 210 255 621 383 124 242 504 710 866 576 599 331 512 602 266 524 417 599 515 309 634 766 318 728 37 597 557 280 846 302 689 615 247 261 758 473 602 776 360 437 482 460 518 467 908 691 875 720 467 648 320 177 474 794 357 753 876 844 756 516 417 309 710 550 672 748 697 736 660 1004 713 587 675 708 585 489 453 850 691 808 619 91 906 401 741 749 526 458 558 163 465 17 315 451 652 753 699 861 581 604 721 688 744 383 421 400 258 711 435 146 260 393 568 636 649 553 
216 268 181 387 155 166 682 668 498 319 178 294 110 214 500 58 391 260 402 579 164 531 262 447 253 45 366 151 577 376 527 301 599 553 66 111 521 683 243 316 504 428 648 445 649 370 177 573 222 320 503 603 431 376 425 643 229 647 410 175 593 650 441 463 440 389 744 228 486 493 686 199 529 205 118 309 414 551 353 441 260 370 95 370 228 170 554 341 625 157 80 377 441 326 103 385 452 373 394 553 406 267 579 293 353 568 456 154 520 660 522 586 398 55 290 446 568 371 415 187 497 407 201 438 322 488 106 212 662 546 455 213 266 537 274 619 666 160 33 353 690 533 195 346 141 579 506 313 199 374 459 164 412 492 698 597 296 201 488 174 107 412 112 18 181 78 473 288 369 309 352 183 179 482 349 269 352 700 75 386 
612 891 637 697 859 844 175 80 237 498 625 480 819 625 598 680 373 840 669 638 789 610 989 720 939 759 799 580 716 380 522 450 141 621 672 733 576 107 501 660 551 347 148 314 127 359 621 238 766 563 583 546 300 671 671 648 721 84 691 790 618 236 538 600 510 714 48 620 614 429 151 636 485 532 819 525 316 187 664 288 502 379 692 467 539 767 334 509 686 847 751 493 552 544 717 372 452 528 488 205 343 649 289 826 379 205 274 614 557 126 504 239 338 716 614 558 194 557 381 914 535 586 930 291 433 367 819 857 104 315 359 943 521 698 989 111 102 890 698 377 211 457 620 603 848 718 570 452 678 497 270 607 322 718 201 654 604 555 285 731 729 607 802 741 670 785 388 495 383 457 626 912 681 554 613 754 385 30 805 348 
506 761 515 662 635 686 382 212 231 239 389 391 643 518 630 503 328 723 380 698 548 321 796 706 781 577 735 412 757 319 234 238 252 673 472 581 622 328 295 382 260 111 330 299 167 243 386 346 508 290 619 636 225 635 380 733 461 245 666 652 689 409 549 614 523 677 333 521 637 477 366 390 198 334 647 462 213 144 619 196 395 175 535 436 312 523 427 238 754 683 585 469 260 493 492 157 474 503 205 279 146 382 403 726 265 302 201 474 267 171 215 59 259 506 545 569 288 274 366 704 243 296 722 204 344 412 604 715 189 30 86 746 281 407 812 218 192 691 512 259 416 171 379 322 675 759 279 367 427 218 193 471 173 724 414 718 538 423 69 485 502 316 635 553 425 572 98 409 315 370 586 718 560 585 572 661 203 265 611 190 
435 714 460 526 701 670 148 148 65 377 480 303 647 448 444 512 196 663 574 496 641 554 820 554 764 590 625 412 567 203 472 308 36 475 510 559 426 121 350 545 491 239 98 137 168 194 475 103 628 448 429 416 134 500 582 519 587 94 522 614 481 162 375 440 347 543 181 443 457 275 139 496 438 375 647 348 154 104 491 131 327 245 519 292 394 621 196 397 549 674 579 320 473 369 563 245 290 356 392 39 216 524 163 649 210 56 114 440 502 179 454 224 166 556 438 396 41 457 206 750 474 496 765 131 257 208 658 681 162 277 273 775 385 634 816 79 165 723 531 210 176 414 478 497 676 569 510 275 539 395 115 433 178 558 176 514 428 381 199 587 576 517 629 573 528 624 317 318 207 280 454 744 504 398 440 577 239 151 638 200 
468 697 469 647 530 611 480 332 296 134 287 377 561 479 646 428 347 667 256 722 438 221 702 697 703 495 702 350 770 332 146 175 349 694 386 514 644 434 225 259 158 103 428 338 290 249 285 422 391 170 637 675 261 621 258 765 343 357 656 589 717 495 562 624 539 660 450 485 649 513 467 282 119 263 568 450 240 243 602 237 369 148 469 442 224 411 485 122 779 605 510 475 141 483 390 131 500 505 81 358 145 263 472 678 265 382 250 421 171 295 129 184 281 413 522 581 370 149 391 604 141 173 623 244 338 455 505 646 311 114 60 651 186 300 725 327 314 597 431 258 510 105 274 197 593 772 176 358 314 97 243 420 192 723 510 742 517 380 136 373 400 194 558 469 315 474 27 393 325 360 573 625 510 603 560 618 180 384 522 193 
267 475 259 462 341 390 513 451 310 100 106 221 342 277 503 206 259 447 277 586 268 355 494 518 483 276 498 133 615 240 323 70 405 557 169 293 511 495 27 211 310 195 469 291 425 187 101 416 255 142 499 567 243 439 296 640 217 442 476 368 589 499 422 473 407 472 543 285 499 417 510 125 315 46 348 286 220 334 417 242 197 143 248 308 23 247 435 131 641 385 289 335 252 318 197 154 387 353 179 375 180 171 444 462 182 396 259 208 327 435 314 353 226 204 335 437 391 188 301 404 298 237 421 242 207 381 305 424 441 310 219 443 48 395 509 412 445 389 211 178 530 313 105 194 374 618 319 218 167 162 259 210 200 552 535 606 333 182 257 213 209 251 337 251 154 271 240 231 231 217 395 415 296 468 385 407 136 490 308 175 
67 268 92 131 419 264 529 598 404 430 365 167 278 62 232 220 263 211 598 309 431 689 441 190 341 258 179 208 309 260 651 353 494 283 275 180 256 555 316 518 642 451 512 321 600 316 360 419 476 473 237 343 357 112 619 373 466 553 148 190 324 478 185 194 193 139 632 49 216 271 541 396 638 287 269 110 356 497 88 382 161 388 175 173 346 431 360 463 355 276 219 157 585 96 354 407 228 132 507 431 411 468 399 191 293 436 388 139 659 612 640 583 315 311 26 184 443 521 255 419 629 569 425 375 217 297 369 251 604 577 497 411 382 724 412 533 608 376 246 299 523 630 380 520 293 311 651 194 420 492 395 132 385 230 534 326 36 151 489 422 363 582 249 264 399 347 536 149 260 190 82 383 96 221 80 119 356 610 310 366 
603 879 623 711 815 823 243 39 231 437 575 471 791 616 630 651 372 832 594 679 739 527 958 740 919 729 806 551 752 374 439 403 159 659 634 712 611 174 458 593 468 287 203 317 50 335 570 275 708 497 615 593 281 684 595 696 662 104 708 774 662 297 562 627 534 728 136 613 644 460 220 582 402 492 793 526 290 145 675 262 489 331 669 475 490 715 374 444 730 824 726 505 474 550 671 320 477 541 417 224 293 587 333 823 357 233 251 594 474 43 421 157 323 676 616 583 219 487 389 876 453 511 892 267 422 394 778 841 33 233 290 909 467 615 962 108 29 855 666 353 281 374 568 534 821 754 487 443 622 428 246 589 283 745 273 696 607 537 223 678 683 531 777 708 616 744 312 488 375 448 637 879 669 584 623 752 343 73 771 309 
394 561 429 267 762 595 432 607 455 671 666 373 619 396 112 556 367 503 872 58 765 922 771 234 654 602 373 510 137 383 860 577 488 67 603 523 89 493 569 805 864 614 451 383 635 466 660 370 799 733 106 54 460 260 890 51 780 542 243 520 29 367 175 150 188 277 571 382 130 204 454 696 835 558 609 317 477 560 278 488 401 569 516 286 616 760 272 703 87 609 562 260 820 291 683 584 215 247 731 428 570 760 313 460 452 414 480 462 879 646 844 679 434 644 320 166 429 771 323 762 847 820 766 480 392 269 712 567 626 711 663 748 639 980 732 541 629 718 583 459 403 817 677 787 630 139 878 378 729 722 489 453 524 197 415 62 314 439 615 745 694 838 590 606 709 688 711 365 391 378 264 722 439 130 263 410 539 589 654 521 
306 570 340 336 647 553 230 353 186 438 479 199 549 316 237 435 126 514 647 291 616 673 723 355 639 505 445 352 361 145 604 346 234 269 459 449 220 268 358 593 612 354 223 118 374 217 473 128 628 508 223 222 196 312 661 320 597 293 328 485 278 176 173 235 146 353 349 306 252 68 245 505 576 362 544 201 217 292 309 222 234 319 420 132 408 603 60 468 345 562 480 145 575 206 531 331 88 175 486 168 312 556 96 489 211 161 213 343 627 385 587 410 179 506 277 193 174 536 85 676 595 584 686 215 184 5 599 550 368 443 402 685 419 739 704 284 372 640 461 217 221 556 485 562 572 363 628 184 545 481 222 333 264 354 232 310 266 292 348 578 543 603 524 497 528 567 450 205 154 187 271 654 376 192 259 419 293 346 559 267 
284 557 316 346 610 530 239 328 147 386 432 165 521 295 269 400 76 502 595 331 573 621 696 373 620 473 449 312 395 95 552 294 212 307 419 423 256 264 308 542 560 303 220 69 343 165 426 127 582 456 256 270 146 320 609 365 549 273 341 466 321 195 195 261 167 363 342 287 280 109 249 457 525 315 517 183 166 254 313 174 198 266 391 119 358 559 101 416 387 538 451 142 523 197 488 279 111 177 434 146 260 506 121 483 159 146 166 311 575 355 536 369 127 467 268 216 156 484 42 643 543 531 654 166 140 49 562 532 341 397 352 656 368 687 681 260 345 609 425 165 238 506 437 510 545 397 576 144 497 429 175 302 213 378 247 351 258 257 301 532 501 551 498 463 481 530 400 174 104 149 275 625 355 223 262 411 241 329 526 215 
432 708 462 492 733 676 94 209 119 440 527 305 661 444 389 532 198 654 643 433 682 633 836 512 767 609 598 436 508 212 552 362 92 414 540 567 368 113 396 608 570 313 68 142 240 234 521 29 677 512 374 346 179 466 653 449 639 143 484 614 415 83 329 391 302 509 193 437 405 220 99 546 519 415 659 334 204 187 462 189 335 307 531 270 444 664 127 463 482 682 592 292 547 349 601 311 244 326 464 53 283 581 86 634 244 29 172 451 581 250 534 306 197 587 420 349 42 527 189 775 552 568 788 186 267 159 687 681 229 360 351 793 441 711 825 144 232 744 555 246 109 495 527 563 687 510 588 280 589 465 176 442 239 509 114 449 410 393 279 633 613 589 640 595 576 654 396 318 219 285 424 763 503 345 411 563 295 193 660 257 
488 756 503 624 668 691 294 135 159 288 426 362 655 500 573 513 280 713 455 636 590 407 817 662 787 590 707 416 700 276 322 257 164 612 492 582 561 240 313 446 346 138 242 239 99 214 422 265 559 350 561 566 176 597 458 666 513 159 625 649 624 323 495 562 468 640 251 500 583 412 278 433 286 349 657 427 173 58 584 149 373 185 537 390 343 566 351 296 691 690 592 423 340 456 524 173 416 458 273 198 148 438 323 710 237 219 146 467 354 108 303 64 217 531 515 516 204 343 311 731 329 372 748 156 312 345 633 714 118 117 145 768 318 492 826 131 121 713 526 232 328 259 419 389 686 702 365 335 473 283 138 463 150 675 326 655 507 412 73 529 536 393 643 568 467 599 176 380 274 339 548 738 548 527 534 641 203 184 630 174 
347 581 348 527 450 501 446 351 244 78 206 260 455 358 536 317 248 548 282 615 369 308 607 579 595 389 581 232 658 231 252 55 325 587 283 399 537 416 109 246 251 83 397 256 320 152 202 365 340 150 529 578 187 502 294 662 295 352 537 473 613 445 452 512 431 540 453 364 537 417 438 212 233 148 460 332 162 237 482 173 249 55 353 332 124 345 408 101 672 497 399 364 207 366 305 54 398 391 118 311 84 226 405 558 162 334 190 301 267 329 238 240 191 317 402 471 326 168 294 516 235 214 534 177 225 366 417 533 337 197 106 557 97 370 623 321 341 502 324 155 470 224 198 200 487 660 265 244 253 111 187 300 123 606 473 635 397 259 148 308 316 234 449 364 246 384 134 275 223 246 454 529 390 495 442 497 76 394 422 107 
184 440 191 361 398 376 429 416 240 202 207 102 346 196 385 207 149 400 397 467 350 461 516 414 473 285 417 106 501 130 415 114 341 438 205 267 392 425 94 331 409 215 392 193 402 113 201 323 357 259 380 447 173 337 415 520 325 390 372 333 469 404 303 357 287 374 486 200 383 297 431 234 399 90 347 171 158 300 317 186 84 150 222 188 142 335 326 235 523 377 279 215 357 205 267 169 267 236 273 296 178 290 340 402 95 313 199 152 426 414 402 360 140 252 236 319 312 300 186 444 395 350 459 182 89 266 353 398 413 342 258 469 164 509 516 362 417 417 225 96 441 390 214 312 375 503 421 97 273 260 203 148 166 444 448 487 231 99 261 307 280 366 330 267 256 319 296 114 122 96 289 439 236 348 278 338 120 444 332 141 
2168 2264 2288 704 4480 2800 5152 6080 4552 5088 4504 2864 3160 2104 1728 3192 3464 1856 6392 1968 4792 7152 4096 560 3056 3256 680 3288 1528 3488 6856 4464 5160 1888 3688 2600 1984 5496 4176 5736 6784 5200 5136 3856 6160 4048 4464 4376 5240 5424 1848 2664 4288 920 6568 2416 5232 5640 720 2272 2184 4664 1976 1560 2184 576 6144 2024 1544 2880 5288 4744 6744 3944 3056 2296 4320 5376 1032 4504 2888 4704 2760 2592 4408 4840 3696 5352 2080 2944 2896 2344 6328 2056 4264 4856 2640 2056 5704 4624 4856 5336 4064 1464 3872 4608 4528 2696 6920 6256 6760 6160 3960 3888 1664 1832 4696 5808 3264 4264 6680 6192 4248 4448 3240 3320 4128 2456 6160 6184 5584 4016 4696 7424 3696 5528 6192 3896 3368 3920 5024 6672 4632 5784 3152 1528 6856 3056 4896 5584 4592 2664 4608 840 5120 2008 1712 2856 5440 4832 4320 6288 2936 3384 4736 4024 5904 2728 3504 3024 1312 3856 2104 1960 1424 1352 4448 6088 3584 4480 
2863 4424 2849 4144 3290 3822 3388 2527 2016 497 1575 2282 3472 2933 4214 2541 2177 4221 1666 4760 2660 1708 4473 4508 4466 3010 4501 2002 5068 2065 1295 812 2499 4564 2247 3150 4221 3122 1127 1540 1295 679 3031 2191 2261 1498 1561 2884 2373 861 4165 4487 1680 3969 1722 5089 2044 2618 4214 3668 4746 3430 3626 4046 3479 4235 3311 2982 4221 3360 3318 1554 1176 1393 3521 2793 1512 1806 3829 1547 2198 770 2828 2786 1106 2478 3255 490 5159 3780 3115 3010 1015 3024 2296 693 3234 3199 406 2471 868 1498 3199 4305 1575 2639 1652 2506 1407 2310 1204 1589 1750 2443 3262 3759 2569 854 2492 3794 1183 1127 3927 1582 2037 2982 3094 4067 2408 1169 588 4116 847 2170 4620 2401 2429 3731 2562 1526 3577 1127 1491 1148 3696 5082 1400 2170 1806 420 1617 2506 1197 4704 3584 4907 3234 2247 1078 2212 2366 1274 3451 2828 1792 2877 602 2387 2009 2184 3640 3927 3136 3927 3556 3899 966 2863 3199 1134 
948 2550 1026 1962 2472 2220 2502 2532 1428 1434 1428 390 2070 1026 2088 1266 768 2286 2604 2574 2232 2988 3108 2274 2790 1728 2328 684 2784 666 2700 900 2028 2406 1320 1548 2124 2514 786 2202 2676 1446 2298 1074 2478 714 1392 1848 2304 1782 2058 2466 1044 1812 2712 2898 2136 2346 2022 1920 2592 2322 1596 1914 1500 2040 2904 1038 2070 1590 2520 1596 2604 738 2064 804 984 1854 1698 1152 294 1062 1302 912 1068 2154 1800 1632 2910 2232 1656 1068 2364 1008 1728 1182 1392 1188 1854 1728 1212 1950 1914 2280 582 1818 1218 840 2772 2550 2622 2280 816 1608 1218 1692 1824 2028 954 2712 2586 2322 2796 1122 360 1434 2196 2316 2526 2208 1722 2838 1206 3282 3084 2190 2556 2538 1392 606 2550 2538 1470 2100 2238 2796 2742 378 1818 1782 1248 804 1086 2442 2598 2700 1182 492 1692 2004 1806 2424 1962 1638 1710 1998 1962 462 618 366 1524 2652 1302 1866 1452 1878 876 2676 2028 954 
1200 2364 1116 2388 1734 1860 3240 3042 2076 1074 636 1146 1596 1242 2760 762 1566 2196 1980 3258 1422 2562 2550 2736 2430 1200 2544 354 3384 1458 2406 834 2670 3090 606 1272 2832 3192 486 1512 2316 1596 3006 1836 2916 1302 600 2616 1488 1248 2748 3228 1662 2268 2112 3606 1332 2940 2484 1722 3300 3102 2304 2562 2238 2442 3534 1308 2718 2394 3246 816 2370 252 1620 1452 1542 2334 2130 1704 960 1242 1002 1686 510 1338 2622 1248 3576 1836 1254 1806 1950 1626 924 1332 2184 1872 1548 2430 1458 1224 2718 2298 1218 2538 1794 798 2418 2982 2358 2544 1494 864 1644 2376 2526 1548 1776 2058 2250 1824 2154 1692 1182 2256 1482 2064 3000 2322 1776 2256 744 2742 2610 2760 3024 1932 810 1212 3318 2364 702 1518 1782 3396 2358 1188 1020 1440 1806 822 1506 2964 3360 3378 1638 738 1956 1182 1002 1896 1548 1062 906 1278 1920 1170 1404 1176 2022 2076 1314 2574 1968 1986 1140 3246 1428 1344 
1548 2403 1719 288 4446 2736 5148 6039 4302 4824 4221 2322 3024 1485 1683 2817 3042 1881 6327 2232 4680 7146 4302 810 3231 3015 927 2826 2025 3060 6804 4113 5031 2052 3348 2259 1962 5481 3789 5598 6723 4941 5076 3519 6102 3663 4176 4221 5139 5211 1782 2790 3960 324 6516 2799 5094 5571 504 2070 2430 4635 1638 1377 1836 306 6201 1386 1485 2628 5283 4500 6678 3537 2925 1701 3987 5202 297 4203 2340 4383 2349 2097 4068 4707 3528 5121 2538 2880 2619 1836 6210 1440 4041 4554 2304 1521 5508 4437 4563 5148 3924 1512 3456 4446 4230 2178 6876 6210 6696 6057 3591 3627 954 1521 4527 5643 2871 4311 6606 6075 4329 4140 2754 3042 4014 2457 6111 6057 5373 4131 4383 7470 3933 5427 6147 3906 3033 3519 5040 6597 4356 5634 3078 2034 6813 2547 4689 5373 4302 2124 4293 1233 5139 2349 1008 2304 5229 4671 4104 6192 2763 3114 4509 3861 5733 2160 3078 2511 639 3906 1593 1782 765 1035 4095 6084 3429 4140 
2118 822 1926 2520 1416 642 5250 5370 4272 3390 2514 2868 822 2058 3456 1668 3516 1122 3720 3834 1974 4572 576 2790 234 1224 1998 2250 3624 3444 4602 3258 4872 3714 1872 1302 3636 5328 2910 3222 4446 4020 5094 3864 5286 3552 2514 4578 2430 3360 3516 4188 3894 2550 3864 4212 2604 5190 2670 1050 3966 4992 3288 3240 3354 2472 5742 2118 3330 3816 5298 2610 4626 2676 798 2748 3816 4680 2454 3990 2700 3654 1542 3162 2844 2112 4320 3516 4014 612 1194 3108 4074 2742 1944 3750 3558 2988 3828 4548 3870 2964 4524 1410 3426 4614 4062 2010 4542 5358 4584 4962 3666 1734 2358 3264 4632 3654 3576 978 4416 3846 900 3966 3114 3924 1338 708 5352 4740 4194 636 3072 4524 276 5040 5382 792 1608 3438 5250 4662 2610 3474 636 3630 4446 3024 2538 3708 4092 2058 3858 3078 5310 3906 2412 2364 4368 2262 1920 3858 888 1374 2460 1452 4314 2790 3420 2994 2586 636 1698 3468 2616 1650 3528 5526 1080 3708 
2100 2785 2005 3095 1525 2265 3365 2850 2345 750 620 2010 1960 2130 3400 1490 2205 2730 570 3815 1015 1235 2465 3390 2655 1665 3160 1400 3930 2110 1310 1130 2765 3675 1180 1945 3450 3220 1050 150 1160 1500 3125 2330 2665 1800 640 2930 710 425 3385 3750 2040 2995 685 4095 475 2890 3180 2305 3840 3340 3005 3240 2940 3130 3390 2190 3370 3000 3330 470 1385 1085 2015 2305 1915 2310 2880 1990 1875 1405 1765 2455 805 880 3075 695 4085 2205 1835 2575 860 2460 960 1410 2855 2655 865 2680 1560 105 3095 2870 1795 2795 2075 1750 1230 2700 1320 2175 2000 1170 2480 3075 2760 565 2415 1935 1150 645 2030 2005 1955 2815 1475 2505 2765 1840 1465 2215 740 1245 2650 2735 2780 1960 1425 1770 3475 1455 540 345 2100 3945 1145 2005 460 785 2065 1780 1745 3580 3495 3915 2480 1730 1810 705 975 640 2005 1535 535 1365 1405 2050 2060 2000 2800 2110 2130 3235 2755 2675 1460 3085 1685 1650 
1400 4140 1730 2390 4840 3870 3830 4460 2510 3520 3450 500 3810 1510 2340 2710 1100 3600 5490 3140 4630 6100 5550 2820 4760 3380 3240 1980 3520 1100 5570 2610 3400 2860 3020 2810 2390 4040 2470 4810 5550 3290 3620 1670 4490 1800 3390 2710 4860 4120 2280 2990 2100 2120 5680 3680 4620 3990 2420 3220 3170 3380 1510 2060 1350 2540 4790 1430 2320 1650 3920 3750 5370 2350 3760 430 2130 3480 1980 2370 790 2710 2520 420 2920 4540 2280 3860 3700 3950 3120 620 5060 700 3780 2890 1260 860 4190 2780 2850 4370 2600 3440 1590 2840 2400 1760 5720 4610 5430 4430 1690 3480 1330 1670 2900 4520 1040 5090 5400 5010 5190 2300 810 1620 4350 3880 4520 4480 3780 5170 3160 6610 5370 3800 4560 4720 2970 1660 3810 5240 3550 4650 4040 3550 5680 610 4100 4080 2480 1660 2500 3040 3910 3350 1240 1310 3540 4330 3900 5180 3560 3310 3910 4050 4220 440 1120 590 1620 4860 2110 1960 1480 2720 2390 4570 3920 2360 
450 2810 760 1540 4090 2670 5140 5770 3830 4050 3430 1430 2750 430 2420 2050 2430 2260 5740 3220 4150 6630 4420 2130 3490 2500 2040 1850 3270 2380 6250 3270 4740 2950 2580 1750 2640 5380 2900 4950 6160 4260 4960 3010 5770 2920 3380 4040 4570 4480 2460 3490 3340 1340 5960 3850 4470 5330 1710 1960 3350 4660 1870 2050 1920 1640 6140 290 2280 2640 5250 3740 6120 2620 2670 920 3320 4740 1110 3580 1360 3620 1630 1590 3220 4140 3490 4370 3700 2780 2120 1470 5590 850 3370 3810 2210 1280 4810 4120 3850 4460 3870 2100 2690 4180 3650 1180 6330 5890 6140 5590 2920 2950 330 1900 4250 4960 2380 4140 6030 5440 4210 3520 1930 2850 3590 2590 5820 5520 4720 4100 3560 7000 4170 5130 5860 3730 2320 2740 5100 6040 3570 4960 2920 3290 6260 1710 3990 4660 3720 1100 3600 2510 5210 3400 380 1250 4640 4040 3460 5570 2470 2530 3790 3350 5100 1250 2370 1660 980 3810 920 2270 930 1390 3310 5900 3030 3410 
2600 4760 2856 2976 5216 4568 1608 2504 1184 3344 3776 1656 4504 2680 2216 3544 928 4312 5016 2648 4920 5168 5896 3144 5280 4128 3824 2832 3208 1080 4592 2624 1552 2472 3688 3720 2080 1864 2768 4624 4672 2592 1504 720 2664 1568 3728 744 4976 3912 2104 2072 1328 2768 5128 2872 4712 2024 2912 4048 2544 1224 1688 2200 1472 3112 2504 2616 2336 864 1704 3968 4360 2840 4472 1776 1512 2024 2736 1520 1920 2352 3464 1240 3168 4800 496 3576 3080 4632 3944 1392 4400 1856 4240 2432 1008 1656 3688 1024 2264 4344 624 4144 1544 968 1440 2832 4784 2760 4456 2976 1248 4072 2432 1856 1072 4120 680 5480 4536 4488 5576 1472 1456 336 4832 4568 2624 3256 2968 5584 3232 5720 5776 1952 2656 5208 3744 1592 1576 4192 3808 4344 4696 3224 4808 1496 4296 3664 1504 2752 1880 3144 1656 2800 2344 2400 2504 4584 4344 4648 4320 4040 4168 4576 3352 1728 1152 1528 2432 5336 3160 1856 2328 3568 2168 2456 4552 1928 
3688 5888 3840 4624 5464 5440 1768 888 776 2608 3592 2632 5200 3784 4104 4080 1872 5512 4080 4568 4896 3808 6544 4896 6208 4704 5344 3280 5112 1872 3136 2192 720 4384 3984 4552 3984 1392 2600 3928 3312 1416 1352 1472 840 1536 3552 1512 4720 3152 3992 3976 1112 4408 4128 4784 4368 808 4616 5048 4464 1976 3504 4032 3280 4752 1616 3768 4192 2776 1656 3680 2856 2848 5208 3096 1176 144 4320 952 2768 1624 4208 2728 2896 4720 2232 2720 5000 5456 4672 2984 3208 3304 4320 1576 2840 3272 2616 984 1336 3808 1984 5448 1712 1144 864 3608 3392 936 2992 1096 1440 4320 3816 3672 1024 3160 2064 5920 3176 3440 6048 984 2240 2240 5144 5584 880 1536 1608 6168 2760 4472 6568 560 920 5736 4208 1680 2032 2656 3552 3504 5440 5128 3456 2408 4016 2664 816 3568 1168 4960 2024 4720 3744 3144 992 4432 4416 3608 5080 4552 3944 4872 1920 2776 1872 2448 4024 5920 4208 3728 3904 4888 1672 1160 5064 1376 
3114 4182 3048 4284 2766 3582 3828 2952 2676 954 1524 2778 3234 3168 4470 2568 2790 4074 612 4956 2154 624 3894 4620 4086 2856 4476 2286 5172 2688 642 1506 3048 4782 2226 3126 4494 3570 1626 852 456 1506 3516 2832 2688 2214 1530 3426 1764 690 4434 4764 2394 4146 594 5256 1494 3108 4368 3570 4950 3888 3972 4308 3858 4344 3666 3222 4464 3804 3756 1392 768 1782 3288 3192 2250 2418 4014 2280 2664 1608 2874 3258 1434 1992 3744 750 5292 3522 3024 3438 132 3390 2052 1548 3678 3582 606 3066 1698 1050 3696 4206 2268 3210 2370 2736 540 2712 672 2034 2448 2280 3522 4074 3144 384 3066 3258 450 156 3372 2310 2616 3498 2700 3852 2826 1578 1314 3588 1218 912 4104 2928 2838 3282 2526 2232 3996 888 1416 528 3414 5190 450 2712 1470 630 2334 2754 1980 4818 4002 5076 3504 2604 1776 1782 2082 228 3264 2694 1536 2556 1110 2856 2640 2718 3876 3456 3252 4236 3816 3918 1758 3264 2922 1926 
2590 890 2280 3340 2400 220 7820 8090 6240 5030 3660 3860 840 2490 4860 2040 4940 1130 5860 5520 3130 7190 1750 3830 780 1430 2590 2950 5220 4830 7150 4690 7220 5310 2510 1280 5150 7970 4120 5010 6920 5950 7570 5530 7980 5060 3650 6700 3850 5080 4950 6060 5620 3360 6100 6150 4050 7770 3590 800 5730 7380 4540 4490 4650 3280 8670 2580 4660 5410 7900 3880 7150 3730 720 3640 5500 6950 3180 5790 3590 5320 1730 4320 4090 3310 6250 5270 5850 350 1220 4230 6290 3620 2840 5490 4980 4030 5790 6660 5660 4530 6600 1620 4840 6770 5910 2470 7080 8090 7100 7500 5230 2410 2980 4500 6810 5590 5020 1930 6850 5950 1890 5750 4290 5590 2090 380 8080 7180 6280 1580 4480 7220 1400 7520 8120 1480 2020 4870 7810 7180 3830 5340 620 5230 6940 4120 3830 5600 5960 2530 5610 4310 7910 5650 3080 3050 6500 3480 2830 6000 760 1700 3670 2140 6520 3720 4790 4070 3380 1390 1890 4860 3430 1880 5090 8330 1450 5360 
2080 4720 2430 2540 5590 4550 3250 4180 2300 4010 4130 1170 4520 2180 1980 3460 1050 4160 6050 2720 5370 6520 6260 2850 5400 4120 3560 2710 3240 1170 5920 3080 3040 2450 3760 3520 1940 3550 3040 5420 5950 3510 3110 1430 4300 2000 4070 2160 5570 4660 1880 2370 2080 2280 6220 3180 5310 3650 2510 3860 2680 2740 1160 1810 900 2710 4340 2080 2040 910 3370 4410 5690 2990 4470 1020 2200 3350 2210 2370 1510 3010 3260 340 3520 5270 1580 4340 3290 4640 3840 500 5500 1080 4520 3170 560 850 4620 2380 3060 5000 1950 3930 1840 2390 2350 2500 6110 4420 5770 4430 1730 4220 1790 1360 2480 5020 690 5830 5790 5510 5920 2290 1240 930 5100 4510 4290 4600 4010 5890 3720 7100 6050 3500 4330 5450 3720 1910 3180 5530 4210 5200 4740 3270 6090 1130 4780 4530 2430 2400 2640 2940 3290 2920 1690 2050 3630 5040 4640 5690 4270 4060 4600 4800 4480 1180 1230 1140 1830 5590 2770 1540 1690 3220 2710 4210 4660 2570 
3666 4638 3588 4842 3060 4020 4332 3378 3216 1530 1992 3360 3654 3714 5052 3054 3372 4560 672 5538 2448 276 4206 5184 4482 3294 5010 2826 5754 3270 750 2088 3546 5364 2694 3606 5076 4050 2196 1152 552 2040 4020 3402 3096 2796 2010 3966 2010 1224 5016 5346 2952 4710 540 5838 1788 3570 4932 4050 5538 4416 4554 4884 4440 4902 4104 3774 5040 4386 4254 1836 966 2340 3714 3768 2814 2898 4578 2832 3240 2178 3372 3840 1986 2292 4308 1332 5874 3948 3486 4020 642 3966 2448 2112 4260 4158 1176 3594 2250 1428 4248 4710 2850 3738 2916 3276 540 3108 846 2424 3018 2706 4086 4656 3672 942 3642 3564 648 648 3678 2862 3198 4074 3048 4302 3234 1968 1812 3912 1782 348 4458 3396 3246 3630 2994 2808 4512 1134 1884 966 3822 5766 438 3294 1848 1212 2880 3300 2538 5388 4512 5658 4074 3162 2268 2118 2466 576 3702 3138 1944 2928 1566 3432 3216 3300 4446 3804 3774 4818 4380 4440 2334 3696 3318 2496 
3987 4860 4248 2394 7119 5373 5121 6669 5229 6876 6624 4140 5706 3969 1602 5409 4302 4392 8604 936 7299 9189 6903 1899 5751 5679 3078 5184 657 4419 8685 6057 5598 1170 5904 4932 1620 5661 5904 7947 8694 6534 5292 4536 6903 5166 6570 4545 7704 7389 1674 1719 5202 2457 8784 837 7596 6093 2169 4734 1062 4536 2358 1854 2556 2412 6372 3843 1611 2943 5319 6903 8487 5742 5598 3537 5328 6183 2664 5454 4329 6075 4977 3438 6282 7299 3654 7173 450 5526 5292 3150 8253 3249 6615 6228 2952 2934 7479 5040 6129 7524 4032 3960 5022 4923 5409 4644 8838 7002 8559 7236 4923 6219 3276 2196 5058 7767 3933 6984 8550 8208 6993 5391 4401 3555 6687 5040 6831 7479 6984 6768 6534 9648 6471 6066 6867 6579 5643 5085 4860 8352 6741 7857 5751 639 8811 4239 7155 7380 5490 4563 5742 1467 4968 765 3258 4563 6606 7218 6696 8361 5445 5769 6975 6516 7407 4032 4482 4230 2700 6561 4230 1980 2745 3672 5796 6516 6111 5688 
5076 6624 4977 6840 4383 5715 6075 4689 4383 1845 2637 4590 5175 5157 7128 4212 4599 6480 900 7848 3456 558 6093 7344 6435 4617 7119 3825 8181 4446 909 2673 4896 7596 3690 5049 7164 5661 2853 1485 576 2619 5607 4644 4275 3735 2655 5508 2835 1422 7074 7560 3978 6633 783 8298 2466 4950 6966 5715 7848 6183 6381 6876 6210 6930 5778 5238 7110 6120 5958 2412 1188 3087 5265 5211 3762 3942 6435 3798 4419 2817 4689 5310 2556 3222 6003 1548 8361 5616 4896 5580 504 5508 3384 2718 5931 5787 1305 4950 2925 1854 5922 6687 3816 5166 3924 4500 639 4311 1017 3276 4068 3744 5697 6534 5067 981 5004 5130 657 558 5301 3843 4338 5652 4320 6120 4482 2592 2295 5643 2241 972 6435 4689 4509 5193 4140 3753 6336 1413 2475 1098 5436 8199 459 4491 2493 1359 3879 4536 3357 7641 6345 8037 5679 4320 2979 2925 3420 513 5229 4383 2610 4122 1944 4698 4365 4491 6237 5463 5265 6777 6138 6273 3042 5166 4689 3285 
1085 952 882 1778 1925 651 4753 4998 3675 3073 2247 1988 798 1015 2765 1008 2744 749 3885 3262 2226 4725 1890 2163 1253 868 1463 1491 3129 2681 4613 2737 4361 3101 1428 357 2947 4865 2366 3283 4487 3591 4585 3164 4935 2877 2226 3969 2667 3199 2814 3577 3255 1750 4053 3710 2716 4746 1946 196 3395 4438 2492 2499 2548 1757 5369 1078 2632 3066 4816 2436 4585 2093 721 1820 3192 4207 1610 3388 1813 3136 658 2296 2408 2296 3647 3269 3528 735 560 2240 4053 1813 1841 3262 2765 2107 3626 3955 3367 2933 3892 938 2723 4025 3465 1071 4606 5012 4564 4648 2975 1498 1379 2478 4060 3563 2793 1799 4417 3850 1820 3353 2303 3192 1610 658 4991 4473 3850 1694 2688 4830 1701 4578 5026 1484 1092 2751 4746 4585 2366 3444 861 3136 4522 2177 2485 3500 3500 1099 3290 2499 4816 3360 1442 1463 3955 2338 1869 3906 595 1008 2352 1533 4053 1890 2653 2142 1701 1505 595 2730 1722 812 2961 5145 1134 3122 
2485 3668 2730 1610 5061 3892 3010 4172 3045 4466 4403 2366 4060 2499 511 3619 2380 3262 5866 315 5082 6237 5131 1421 4319 3941 2380 3311 882 2478 5817 3815 3332 252 3955 3388 350 3416 3745 5390 5838 4109 3115 2520 4347 3059 4361 2520 5327 4900 469 441 3045 1561 5992 553 5201 3724 1449 3367 210 2555 973 777 1071 1694 3976 2401 644 1274 3157 4620 5649 3661 3990 1960 3164 3794 1680 3248 2555 3780 3339 1771 4067 5054 1827 4697 672 3997 3661 1575 5523 1778 4515 3885 1309 1470 4900 2898 3801 5075 2128 2968 2961 2814 3206 2968 5950 4424 5705 4613 2849 4242 1967 896 2912 5166 2079 5061 5726 5516 5089 3192 2520 1743 4711 3710 4298 4816 4459 4963 4235 6629 4858 3696 4319 4753 3808 3010 2821 5530 4480 5271 4137 896 5936 2415 4844 4837 3262 2898 3486 1183 2912 427 1925 2814 4144 4949 4585 5635 3857 3969 4704 4543 4788 2310 2527 2415 1575 4781 2800 651 1568 2604 3570 4060 4305 3458 
2634 3972 2628 3732 2946 3444 2958 2148 1812 570 1488 2130 3144 2700 3780 2352 2016 3798 1392 4242 2394 1326 3984 4044 3996 2742 4038 1896 4512 1920 942 876 2184 4074 2088 2874 3774 2712 1146 1356 966 636 2646 2004 1908 1422 1476 2562 2124 804 3732 3990 1548 3582 1428 4518 1836 2262 3792 3324 4224 3018 3276 3636 3144 3810 2838 2736 3786 3024 2892 1458 828 1374 3180 2568 1410 1566 3462 1422 2064 804 2604 2550 1116 2238 2904 504 4584 3408 2844 2748 768 2766 2106 720 2922 2910 300 2196 846 1356 2844 3870 1506 2340 1512 2328 1056 1944 858 1296 1638 2244 2976 3384 2274 714 2280 3390 864 912 3504 1458 1914 2688 2796 3660 2034 900 468 3672 888 1752 4116 2076 2052 3348 2364 1464 3126 780 1410 996 3330 4524 1056 2028 1656 366 1476 2334 1134 4206 3132 4362 2952 2106 924 2004 2166 1038 3126 2586 1662 2610 384 2220 1872 2040 3294 3516 2868 3528 3222 3522 984 2448 2898 1104 
3624 5744 3728 4768 5016 5216 2488 1376 1192 2000 3088 2640 4920 3720 4432 3784 2040 5408 3384 4960 4392 3096 6208 5088 5984 4400 5400 3008 5448 1984 2432 1728 1432 4760 3608 4344 4352 2104 2176 3280 2592 784 2064 1760 1112 1440 3056 2128 4160 2504 4336 4440 1200 4552 3424 5224 3792 1488 4784 4888 4880 2656 3792 4320 3576 4888 2264 3728 4496 3184 2368 3144 2152 2472 4936 3176 1144 568 4432 968 2704 1152 3984 2912 2416 4208 2768 2072 5408 5208 4416 3184 2496 3416 3864 1056 3176 3456 1928 1592 856 3200 2576 5400 1624 1776 984 3440 2672 1184 2280 696 1504 3920 3872 3960 1672 2480 2320 5520 2456 2736 5656 1032 2248 2656 4736 5400 1256 888 904 5816 2224 3752 6280 1248 1288 5384 3888 1584 2736 1952 3024 2832 5160 5464 2744 2432 3464 1992 920 3400 904 5216 2728 5112 3808 3000 288 3904 3960 2904 4824 4224 3416 4464 1200 2784 1960 2464 4152 5584 4096 4064 4040 4856 1296 1752 4720 1088 
2637 1035 2340 3366 1944 414 7326 7506 5859 4608 3321 3744 738 2547 4734 1971 4716 1350 5229 5328 2691 6462 1206 3807 540 1341 2673 2835 5058 4617 6471 4365 6759 5139 2322 1395 4986 7443 3852 4464 6255 5508 7092 5247 7389 4779 3321 6318 3357 4599 4815 5814 5292 3384 5445 5895 3573 7236 3591 1071 5517 6939 4437 4401 4527 3312 8064 2637 4554 5202 7398 3501 6489 3501 675 3582 5175 6471 3222 5436 3492 4950 1764 4203 3780 2862 5940 4806 5625 369 1251 4140 5688 3591 2520 5103 4815 3969 5283 6264 5265 4059 6246 1791 4590 6363 5544 2466 6399 7488 6435 6921 4941 2169 3024 4410 6399 5058 4815 1440 6192 5364 1386 5400 4122 5346 1728 666 7488 6606 5787 1080 4122 6444 936 7002 7524 1062 1908 4608 7335 6534 3474 4806 468 5067 6264 3978 3420 5103 5589 2529 5247 4239 7416 5445 3105 2997 6021 3051 2493 5391 792 1575 3285 1827 5976 3636 4572 3933 3393 927 2007 4725 3438 2052 4761 7740 1215 5013 
2080 3470 2215 2495 3475 3270 695 890 320 1930 2400 1420 3170 2140 2065 2505 880 3210 2930 2325 3195 2870 4040 2625 3735 2890 2995 2010 2680 930 2470 1555 300 2215 2515 2715 1975 640 1745 2770 2555 1275 475 585 995 945 2375 370 3150 2290 1995 1925 650 2360 2975 2435 2950 600 2470 2980 2245 705 1725 2050 1585 2580 990 2115 2135 1215 675 2490 2305 1860 3165 1625 770 660 2325 675 1550 1265 2525 1335 1980 3100 825 2035 2585 3295 2825 1470 2445 1720 2795 1275 1300 1645 2035 35 1130 2645 665 3135 1015 145 590 2125 2615 1050 2375 1265 780 2745 2070 1830 90 2350 905 3705 2470 2555 3775 665 1205 885 3255 3315 965 1515 1460 3820 1950 3260 4005 545 980 3565 2605 1015 810 2180 2395 2535 3310 2690 2645 1285 2705 2040 605 2085 925 2640 825 2415 2020 1835 1100 2935 2860 2660 3075 2815 2640 3085 1685 1495 950 1310 2135 3665 2430 1835 2065 2775 1215 880 3140 1020 
2244 2994 2112 3426 1524 2370 4020 3510 2796 978 456 2214 2004 2274 3852 1458 2520 2934 1020 4350 924 1824 2634 3786 2844 1650 3474 1410 4464 2406 1884 1314 3330 4176 1086 1998 3924 3882 1134 504 1716 1884 3744 2718 3306 2088 486 3462 642 702 3840 4308 2406 3318 1164 4698 366 3516 3534 2424 4386 3954 3390 3648 3318 3468 4122 2346 3804 3438 3990 264 1950 1110 2070 2544 2262 2832 3174 2376 2040 1698 1788 2754 834 762 3582 984 4668 2304 1860 2886 1344 2712 804 1728 3246 2964 1248 3192 1902 216 3636 3108 2064 3324 2478 1812 1800 3354 1884 2754 2328 1056 2706 3468 3288 954 2766 2004 1692 1104 2118 2382 2190 3246 1440 2658 3420 2388 1896 2328 846 1836 2844 3330 3438 2022 1374 2040 4140 2022 378 732 2178 4476 1704 2232 210 1140 2472 1848 2094 4020 4164 4464 2706 1824 2268 540 828 1110 2058 1494 294 1296 1872 2250 2352 2220 3090 2196 2244 3666 3042 2886 1722 3774 1674 1962 
2891 3304 2688 4207 1204 2541 5411 4872 3990 1932 1078 3087 2100 2905 4872 1799 3563 3325 1596 5446 504 2646 2541 4634 2975 1792 4109 2037 5502 3430 2849 2268 4634 5250 1400 2331 4984 5271 1995 1092 2618 2982 5096 3829 4641 3129 1120 4725 35 1582 4872 5488 3521 4109 1750 5873 371 4872 4354 2751 5516 5299 4375 4620 4319 4235 5579 3003 4795 4550 5383 945 2961 1890 2184 3388 3353 4074 3941 3500 2863 2744 2177 3710 1659 371 4802 1925 5796 2436 2093 3829 2219 3563 854 2786 4298 3871 2219 4445 2989 938 4893 3584 3073 4592 3619 2387 2709 4697 2870 4004 3395 1183 3444 4445 4557 1820 3822 1785 2618 1904 1918 3507 3129 4382 1246 2905 4774 3563 2996 2205 1743 2492 2856 4648 4795 1897 1638 3052 5530 3066 1078 1505 2254 5509 2583 3143 651 2093 3619 2450 3185 4935 5565 5572 3465 2527 3430 385 805 1862 2219 1645 735 1183 2961 3101 3367 3129 3892 2093 2758 4690 3857 3430 2744 5173 1666 3024 
2358 4401 2331 4050 3393 3681 4248 3735 2430 972 1314 1773 3294 2448 4320 2034 2007 4113 2736 5049 2772 3312 4707 4545 4536 2700 4464 1260 5364 1836 2934 351 3285 4797 1782 2763 4374 4095 171 2196 2862 1494 3852 2268 3519 1323 1269 3384 2664 1485 4275 4842 1827 3843 2898 5526 2313 3636 4167 3429 5067 4131 3582 4059 3420 4158 4536 2511 4302 3456 4221 1485 2826 513 3330 2385 1611 2673 3654 1818 1593 972 2349 2529 558 2583 3582 1269 5553 3654 2772 2781 2367 2682 2106 1098 3213 2970 1638 3015 1314 1863 3645 4212 1287 3195 1971 1890 3015 3609 2835 2916 1683 2133 2916 3726 3159 1845 2394 3933 2736 2295 4086 1818 1584 3105 3051 3969 3654 2592 1773 4266 639 3735 4815 3357 3690 3771 2115 1251 4410 2772 1314 1971 3582 5382 2952 1701 1863 1503 1971 1899 1449 4824 4455 5238 2880 1566 2034 2277 2214 2439 3222 2493 1746 2745 2025 1881 1755 1701 3429 3996 2700 3987 3321 3681 873 4068 3033 1224 
6020 7660 5890 7980 5060 6630 7120 5540 5260 2460 3240 5500 6030 6100 8320 5010 5520 7520 1080 9130 4030 440 6970 8550 7420 5430 8260 4620 9490 5350 1180 3380 5810 8840 4420 5940 8360 6650 3570 1870 840 3300 6600 5560 5070 4550 3270 6510 3320 1950 8260 8810 4820 7760 880 9630 2930 5850 8120 6670 9130 7260 7490 8040 7300 8080 6750 6200 8310 7210 6990 2990 1540 3810 6130 6190 4580 4740 7540 4620 5310 3530 5540 6300 3220 3780 7070 2120 9690 6520 5740 6600 970 6520 4020 3420 7000 6830 1850 5890 3650 2320 6980 7770 4650 6130 4760 5370 830 5090 1340 3950 4930 4440 6720 7660 6010 1480 5970 5890 990 990 6090 4670 5230 6690 5030 7100 5300 3190 2920 6480 2880 680 7380 5560 5320 6000 4910 4580 7420 1810 3070 1530 6310 9510 660 5390 3020 1920 4700 5410 4130 8880 7420 9330 6690 5180 3680 3480 4050 870 6100 5160 3170 4820 2510 5620 5260 5400 7320 6290 6210 7930 7210 7320 3790 6070 5470 4050 
1673 357 1540 1701 2457 889 5257 5656 4305 3885 3052 2604 1295 1582 2821 1820 3339 70 4676 3220 2898 5537 1939 1988 1029 1582 1050 2289 2947 3297 5425 3528 4970 3094 2226 1169 3038 5425 3164 4074 5299 4361 5131 3752 5621 3577 3031 4480 3381 4011 2898 3689 3927 1764 4844 3654 3472 5369 1869 651 3388 4900 2716 2583 2828 1631 5957 1610 2667 3416 5334 3234 5397 2898 1204 2303 3878 4900 1673 4074 2471 3906 1470 2765 3220 2996 4067 4081 3409 1015 1309 2646 4865 2219 2590 4032 3129 2457 4438 4536 4116 3724 4347 364 3416 4585 4137 1820 5418 5705 5376 5397 3633 2261 1722 2653 4634 4375 3325 2156 5236 4662 2121 4032 2940 3633 2205 532 5670 5250 4634 1890 3500 5621 1589 5215 5705 1841 1883 3444 5215 5390 3171 4249 1211 2954 5334 2800 3262 4312 4179 1834 4018 2317 5292 3297 1799 2177 4704 3073 2604 4711 1148 1750 3136 2191 4844 2485 3276 2765 1869 1771 1225 2877 1932 749 3710 5775 1729 3857 
2700 3510 2940 750 6000 4040 5720 7010 5150 6220 5680 3270 4410 2650 1340 4190 3850 2960 7990 1640 6270 8830 5750 180 4490 4420 1560 4100 1210 3910 8380 5380 5830 1520 4770 3580 1660 6180 5090 7210 8320 6170 5740 4280 7150 4680 5630 4790 6760 6710 1500 2500 4890 910 8200 2220 6690 6430 540 3320 1900 5100 1780 1180 2060 750 7000 2520 1110 2890 5900 6000 8210 4840 4290 2540 4970 6200 1140 5180 3380 5580 3680 2750 5440 6290 3900 6560 1850 4210 3980 2420 7780 2210 5540 5760 2640 2070 6960 5170 5730 6710 4360 2500 4470 5120 5180 3420 8490 7270 8250 7250 4510 5090 1940 1580 5240 7170 3540 5830 8180 7660 5830 5100 3690 3490 5530 3680 7130 7350 6660 5590 5770 9230 5280 6320 7170 5370 4430 4540 5530 8090 5830 7200 4450 1220 8430 3470 6230 6820 5260 3350 5370 300 5650 1710 1960 3480 6400 6240 5620 7800 4120 4530 6030 5360 7090 3110 3950 3440 1330 5360 2830 1680 1450 2140 5250 6980 4870 5240 
2848 4720 3144 2536 5760 4752 2200 3544 2376 4400 4608 2256 4808 2904 1392 4048 1888 4248 6056 1608 5608 6304 6160 2528 5368 4544 3464 3480 2240 2032 5760 3648 2592 1480 4320 4000 1168 2656 3696 5600 5824 3760 2312 1880 3768 2648 4560 1648 5768 4944 1264 896 2496 2384 6184 1720 5552 3024 2408 4168 1448 1680 1216 1528 1096 2664 3296 2808 1560 584 2368 4832 5536 3688 4752 2032 2664 3192 2432 2704 2520 3472 3840 1568 4096 5528 856 4640 1984 4840 4288 1496 5520 1952 4928 3568 896 1592 4808 2120 3424 5280 1192 3984 2584 2000 2632 3272 5936 3848 5624 4152 2352 4688 2424 1312 2120 5192 1528 5896 5688 5576 5968 2648 2256 944 5360 4648 3696 4456 4144 5896 4216 6832 5936 3016 3720 5584 4264 2632 2000 5376 4672 5376 4960 2256 5952 2200 5136 4760 2696 3192 3040 2392 2104 1728 2352 2952 3704 5352 5024 5728 4592 4512 4992 5128 4528 2256 2104 2216 2184 5664 3352 1120 2112 3464 3256 3400 4976 3064 
2322 2655 2007 3870 1071 1701 6390 6165 4689 2844 1485 2952 1143 2304 4887 873 3789 2646 3375 5598 1098 4599 2277 4410 2403 666 3654 1611 5580 3645 4617 2790 5589 5364 693 1368 5067 6363 2277 2610 4392 3924 6066 4257 5967 3528 1494 5418 1647 2754 4914 5796 4077 3771 3591 6165 1764 6003 4077 1890 5724 6129 4338 4545 4320 3888 6894 2430 4752 4770 6408 1638 4662 1962 1242 3141 3906 5103 3564 4149 2646 3429 1242 3663 2070 1170 5292 3006 6012 1584 1053 3744 3825 3294 657 3546 4410 3717 3474 5202 3762 2187 5499 2970 3384 5355 4284 1746 4536 6057 4590 5346 3798 333 2997 4383 5346 3204 4032 1485 4338 3501 1629 4131 3168 4707 648 2151 6093 4941 4122 1827 2385 4599 2475 5742 6129 1332 630 3384 6471 4716 1629 2943 1395 5598 4401 3114 1557 3294 4311 1836 3852 4815 6543 5751 3042 2124 4482 1251 657 3519 1242 486 1422 351 4248 2916 3582 3078 3555 1575 1998 4716 3528 2790 3303 6471 657 3618 
2016 2912 2219 861 4487 3206 3563 4557 3304 4319 4067 2198 3416 2002 448 3129 2457 2513 5628 665 4599 6132 4424 616 3577 3360 1582 2947 609 2527 5775 3696 3724 553 3500 2786 658 3913 3542 5110 5761 4151 3605 2709 4683 3087 4032 2954 4900 4697 560 1225 3185 861 5768 1099 4816 4137 686 2688 833 3122 917 455 1106 924 4487 1904 322 1617 3696 4284 5635 3402 3339 1701 3262 4053 1015 3388 2317 3766 2800 1715 3822 4599 2303 4550 910 3318 3066 1477 5404 1470 4060 3885 1498 1274 4809 3262 3836 4774 2625 2205 2961 3213 3374 2520 5873 4760 5677 4823 2933 3759 1463 770 3304 5005 2205 4417 5656 5348 4438 3332 2443 2072 4144 2982 4655 4942 4501 4291 4032 6461 4130 4074 4683 4102 3304 3010 3416 5537 4158 5054 3472 623 5845 2296 4480 4718 3430 2464 3563 420 3500 749 1449 2471 4270 4529 4123 5460 3213 3416 4340 4004 4816 2100 2562 2289 1008 4116 2219 742 1050 1883 3542 4508 3703 3493 
2005 3285 2180 2010 3735 3235 875 1755 1150 2610 2875 1495 3230 2050 1355 2675 1095 2995 3655 1500 3570 3715 4095 2040 3655 3020 2580 2255 1895 1190 3340 2160 1175 1420 2790 2730 1220 1165 2250 3410 3405 2100 955 965 1915 1495 2845 585 3625 2965 1270 1030 1320 1900 3720 1545 3460 1425 1940 2885 1395 555 1160 1410 1045 2090 1565 2000 1450 605 980 3000 3190 2290 3200 1475 1440 1610 1910 1430 1665 1975 2590 1140 2505 3505 210 2750 1730 3285 2885 1170 3250 1475 3150 2025 810 1290 2810 915 1905 3240 285 2855 1490 820 1365 2205 3470 1965 3255 2220 1295 3030 1820 1240 895 3085 910 3870 3320 3315 3925 1400 1405 520 3490 3205 1860 2450 2320 3910 2545 4075 3985 1435 1875 3690 2800 1515 760 3080 2895 3235 3340 1905 3490 1415 3200 2795 1395 2160 1670 1975 825 1575 1765 1960 2000 3375 3210 3415 3105 2980 3120 3335 2560 1520 1235 1435 1730 3760 2345 1160 1680 2510 1870 1645 3290 1710 
612 1854 798 672 2790 1872 2958 3462 2298 2682 2376 960 1956 606 1110 1578 1458 1506 3744 1584 2838 4242 2934 996 2322 1830 1152 1422 1632 1458 3984 2184 2808 1428 1890 1368 1248 3144 1998 3282 3942 2706 2880 1782 3492 1854 2346 2316 3084 2970 1134 1764 2052 528 3870 1962 3012 3168 738 1428 1668 2640 816 882 876 756 3612 522 1026 1362 3042 2562 3888 1848 1908 546 2070 2886 408 2214 990 2340 1320 846 2208 2826 1920 2880 1872 1944 1602 714 3612 384 2364 2448 1110 534 3126 2418 2454 2988 2166 1350 1716 2436 2238 1044 4044 3564 3906 3450 1806 2112 144 810 2490 3246 1362 2808 3858 3540 2838 2172 1242 1554 2496 1782 3504 3450 2994 2760 2406 4482 2754 3060 3528 2550 1734 1752 2910 3828 2460 3264 2046 1644 4002 1104 2724 3042 2286 996 2268 1200 2976 1692 120 1032 2898 2766 2424 3624 1788 1854 2604 2352 3246 852 1464 1086 258 2592 864 1032 210 924 2148 3510 2148 2172 
2925 5220 2997 4401 4410 4590 3384 2709 1557 1341 2295 1953 4248 3033 4329 2970 1647 4869 3195 5013 3762 3357 5706 4833 5454 3663 4995 2106 5445 1512 2772 720 2331 4761 2781 3627 4311 3150 1188 2853 2817 666 2952 1665 2502 765 2250 2628 3591 1989 4248 4617 1026 4167 3303 5409 3204 2637 4464 4248 4968 3357 3573 4131 3366 4527 3546 3060 4356 3159 3330 2412 2556 1494 4275 2601 801 1656 4014 918 1935 162 3213 2493 1512 3564 3033 1566 5526 4572 3690 2790 2466 2898 3123 297 3024 3069 1674 2160 324 2637 2988 4896 900 2367 1071 2628 2952 2592 2628 1980 1089 3150 3312 3744 2295 2160 2052 4950 2664 2565 5094 945 1566 2673 4068 4824 2628 1809 1098 5265 1395 3951 5778 2358 2664 4779 3087 837 3591 2421 2259 2457 4527 5463 2952 1764 2790 1638 1044 2601 468 5040 3618 5193 3258 2169 1080 3249 3231 2754 4149 3465 2700 3762 1494 2106 1449 1782 3726 4995 3402 3942 3609 4311 189 3060 4023 315 
2120 4272 2392 2512 4824 4104 2096 2896 1448 3224 3496 1240 4048 2208 1880 3136 712 3824 4888 2392 4576 5152 5448 2712 4800 3696 3344 2464 2896 856 4616 2480 1960 2192 3320 3264 1784 2336 2544 4440 4672 2632 1984 800 3016 1480 3448 1224 4680 3768 1776 1944 1400 2304 5008 2688 4440 2448 2464 3568 2320 1704 1288 1816 1064 2648 2976 2136 1968 648 2192 3712 4408 2560 4016 1288 1544 2304 2256 1624 1520 2312 3016 752 2944 4480 832 3472 2840 4168 3496 904 4352 1368 3896 2416 624 1168 3640 1432 2288 4136 1080 3648 1408 1416 1576 2392 4792 3112 4488 3216 1200 3696 1936 1456 1504 4016 352 5056 4536 4400 5144 1568 1128 304 4440 4088 3000 3416 3032 5136 3048 5656 5304 2344 3032 4776 3336 1456 2056 4264 3544 4208 4240 2912 4792 1120 4024 3592 1648 2320 1920 2752 2144 2552 1856 1992 2648 4280 4000 4552 3856 3624 3880 4184 3416 1296 928 1152 1952 4896 2688 1512 1848 3080 2088 2888 4128 1912 
924 2388 930 2058 2142 1992 2820 2766 1710 1284 1116 666 1800 990 2322 966 1104 2160 2370 2814 1896 2838 2820 2394 2568 1440 2328 366 2976 996 2604 834 2316 2640 984 1332 2376 2814 594 1938 2550 1512 2604 1398 2682 954 1074 2178 1974 1572 2298 2754 1308 1920 2490 3150 1818 2610 2136 1740 2844 2652 1842 2130 1764 2124 3186 1026 2286 1908 2838 1290 2532 462 1806 1008 1218 2070 1794 1386 486 1122 1068 1200 822 1818 2142 1482 3144 1992 1404 1332 2214 1194 1386 1230 1698 1422 1740 2034 1308 1668 2250 2196 840 2130 1464 660 2652 2754 2538 2412 1104 1272 1296 1926 2130 1848 1296 2400 2472 2136 2484 1368 702 1770 1866 2124 2748 2274 1758 2544 1008 3090 2826 2448 2772 2238 1086 846 2880 2490 1170 1878 1980 2988 2610 702 1506 1650 1488 648 1260 2592 2928 2934 1278 396 1812 1668 1464 2226 1710 1338 1392 1668 1962 696 954 684 1650 2364 1188 2118 1590 1824 960 2934 1722 1110 
4020 6790 4300 4740 6950 6440 1320 2070 820 4010 4870 2720 6270 4140 3830 4960 1640 6260 6050 4330 6430 5990 8010 4980 7360 5730 5770 3990 5050 1770 5200 3220 880 4120 5020 5340 3640 1380 3560 5690 5360 2770 980 1070 2310 1950 4820 440 6380 4740 3680 3520 1400 4480 6150 4550 5990 1470 4680 5830 4170 1200 3170 3810 2890 4910 2140 4080 3980 2130 1340 5070 4880 3760 6250 3070 1650 1640 4420 1500 3010 2690 4970 2460 4040 6250 1320 4250 4850 6490 5570 2710 5120 3240 5620 2730 2320 3060 4280 250 2460 5420 1010 6090 2050 180 1340 4170 5480 2420 5020 2850 1580 5490 3950 3380 280 4890 1610 7380 5190 5310 7520 1470 2320 1480 6500 6500 2240 3330 3170 7580 4010 6760 7920 1390 2270 7080 5180 2070 1480 4640 4880 5250 6540 5080 5540 2460 5490 4280 1380 4080 2010 4990 1530 4510 3850 3590 2480 5930 5750 5520 6060 5590 5360 6160 3630 2860 1830 2510 4040 7270 4730 3380 3900 5370 2560 2010 6240 2180 
486 1446 270 1542 1734 1104 3516 3660 2538 2070 1482 1128 1020 462 2178 516 1770 1224 2910 2658 1776 3552 2070 1902 1668 792 1560 678 2658 1704 3408 1734 3132 2496 870 438 2310 3588 1428 2406 3318 2448 3354 2124 3600 1842 1458 2844 2058 2238 2202 2808 2166 1458 3048 3036 2028 3456 1668 798 2736 3276 1836 1956 1842 1572 4002 546 2094 2202 3558 1668 3366 1206 996 1092 2106 2982 1314 2274 954 2064 264 1488 1512 1782 2634 2250 2934 1128 606 1494 2952 1158 1326 2172 1950 1440 2550 2802 2250 2106 2820 1296 1710 2868 2346 282 3420 3666 3354 3354 1932 1062 924 1854 2892 2544 1848 1806 3252 2808 1860 2250 1374 2238 1434 1194 3654 3210 2682 1836 1746 3702 1992 3306 3678 1572 672 1728 3528 3354 1584 2484 1164 2670 3354 1278 1770 2442 2376 318 2190 2166 3588 2760 954 630 2754 1746 1380 2874 882 792 1650 1284 2868 1056 1674 1248 1296 1656 324 2076 1278 990 1902 3792 1116 2040 
564 1608 702 624 2640 1650 3204 3672 2508 2736 2352 1116 1764 528 1278 1470 1662 1260 3750 1728 2730 4290 2718 978 2082 1674 954 1410 1704 1650 4056 2268 3030 1578 1806 1188 1428 3378 2052 3270 4008 2844 3114 1998 3690 2016 2322 2550 3006 3000 1314 1968 2238 510 3876 2112 2958 3390 732 1200 1824 2886 1044 1050 1116 678 3846 456 1170 1608 3276 2538 3978 1878 1704 732 2244 3078 372 2394 1098 2460 1182 1080 2238 2736 2166 2934 1992 1728 1428 954 3666 612 2274 2574 1356 780 3192 2646 2592 2970 2412 1104 1878 2670 2424 990 4110 3762 3990 3618 1986 2010 192 1020 2718 3282 1590 2622 3924 3570 2646 2352 1410 1800 2346 1542 3708 3594 3120 2550 2448 4506 2520 3276 3738 2358 1620 1914 3156 3924 2442 3282 1842 1716 4062 1272 2682 3102 2472 954 2430 1224 3222 1824 252 1062 3054 2688 2328 3654 1590 1716 2556 2220 3360 1008 1650 1248 366 2388 690 1236 378 678 2274 3732 1980 2316 
819 2016 623 2163 1869 1498 4032 4060 2800 2023 1330 1281 1281 833 2807 371 1988 1799 2989 3374 1792 3738 2485 2583 2170 889 2233 434 3423 1883 3577 1673 3500 3185 665 749 2933 4067 1295 2408 3465 2541 3808 2373 3962 1932 1295 3255 2065 2198 2814 3479 2345 2051 3143 3808 2002 3864 2303 1253 3458 3787 2345 2548 2324 2205 4522 924 2723 2667 4067 1540 3535 1029 1281 1400 2247 3248 1883 2443 1043 2093 427 1806 1365 1771 3094 2226 3717 1498 812 1869 3038 1533 1225 2212 2387 1855 2576 3150 2331 2051 3283 1911 1792 3248 2534 322 3584 4039 3521 3619 2086 952 1365 2394 3255 2555 2135 2065 3388 2870 2149 2415 1498 2639 1519 1680 4032 3416 2786 2184 1645 3906 2471 3675 4067 1834 553 1806 4074 3528 1442 2485 1484 3437 3507 1421 1680 2450 2562 385 2296 2877 4130 3507 1386 630 2919 1694 1295 2940 1169 805 1540 1309 2982 1232 1841 1393 1820 1967 791 2653 1785 1561 1925 4242 1246 2114 
4536 6312 4528 5976 4776 5592 4320 2904 2992 1736 2904 3816 5168 4624 5944 4144 3536 6088 2096 6536 3992 1344 6216 6376 6312 4640 6408 3560 6944 3424 640 2192 3264 6320 3768 4856 5920 3888 2560 2360 888 1552 3896 3416 2520 2760 2904 3968 3536 1824 5872 6136 2800 5768 2040 6872 3160 3216 6048 5456 6496 4504 5272 5776 5088 6080 3888 4672 5976 4840 4192 2808 344 2856 5232 4400 2648 2400 5616 2584 3752 1976 4496 4320 2496 3776 4552 1560 6992 5536 4800 4584 1104 4664 3712 1832 4752 4824 1144 3440 1912 2520 4400 6192 2896 3624 2672 4136 920 2536 496 1632 2992 3936 4976 5432 3520 1496 3880 5400 784 1472 5560 2640 3488 4352 4624 5896 2704 1040 1152 5808 2176 2048 6440 3008 2720 5384 4144 2840 4584 120 2784 1864 5424 6960 1040 3656 3016 1296 2608 4144 2272 6576 4568 6704 4936 3832 1632 3480 3776 1592 5160 4432 3064 4392 776 3944 3376 3680 5384 5608 4856 5600 5280 5728 2232 3336 4816 2304 
815 2025 815 1760 1790 1685 2350 2285 1410 1025 900 580 1525 865 1970 825 925 1835 1940 2380 1570 2325 2370 2035 2165 1220 1985 325 2520 835 2130 650 1915 2235 825 1140 2015 2335 455 1580 2085 1220 2165 1165 2210 775 870 1815 1630 1270 1950 2325 1075 1645 2035 2660 1490 2160 1825 1485 2405 2215 1570 1810 1500 1815 2640 900 1940 1610 2360 1045 2065 350 1530 875 995 1700 1535 1135 435 900 915 1025 645 1500 1795 1190 2655 1685 1195 1140 1805 1030 1150 990 1440 1220 1410 1685 1055 1355 1885 1870 685 1770 1205 590 2170 2265 2075 1975 910 1060 1125 1640 1765 1495 1090 2010 2015 1740 2085 1120 595 1490 1560 1805 2265 1855 1425 2140 800 2535 2380 2020 2285 1875 915 690 2400 2035 945 1525 1675 2530 2135 600 1230 1330 1220 580 1020 2200 2435 2480 1110 375 1475 1375 1210 1815 1450 1125 1135 1395 1590 615 795 590 1420 1985 1030 1800 1365 1560 765 2425 1450 895 
1470 2737 1351 2856 1904 2121 3913 3661 2548 1267 637 1463 1792 1512 3325 840 1967 2555 2240 3906 1526 2954 2877 3269 2772 1323 3003 483 4039 1834 2800 1050 3241 3710 602 1463 3416 3850 644 1687 2688 1939 3633 2275 3507 1645 595 3185 1603 1421 3318 3885 2065 2716 2394 4319 1435 3549 2975 1988 3955 3752 2800 3087 2723 2912 4242 1596 3269 2926 3913 854 2772 392 1827 1806 1925 2835 2555 2107 1239 1540 1148 2086 602 1421 3192 1456 4277 2086 1414 2226 2254 2002 945 1638 2674 2296 1813 2968 1799 1344 3304 2688 1547 3094 2219 980 2807 3577 2751 3052 1876 889 1995 2877 3080 1778 2205 2289 2611 2093 2401 2093 1512 2765 1610 2373 3605 2779 2142 2534 882 3143 2968 3339 3633 2149 875 1540 4004 2779 728 1715 2009 4053 2730 1519 1071 1687 2233 1022 1862 3535 4053 4046 1995 959 2366 1246 1036 2163 1750 1155 938 1372 2289 1491 1778 1498 2443 2324 1561 3115 2387 2345 1435 3899 1575 1680 
5530 7280 5420 7480 4840 6270 6620 5100 4730 1930 2840 4970 5680 5620 7790 4600 4980 7110 1030 8590 3810 710 6730 8040 7090 5060 7800 4150 8970 4810 960 2850 5310 8310 4020 5520 7830 6170 3050 1620 590 2770 6100 5020 4640 4010 2860 5980 3130 1480 7730 8270 4280 7260 920 9090 2700 5380 7620 6270 8590 6740 6960 7520 6770 7590 6300 5710 7780 6670 6490 2610 1240 3320 5780 5670 4050 4250 7040 4080 4790 2990 5120 5770 2730 3540 6540 1600 9160 6170 5350 6070 430 6000 3700 2880 6460 6310 1310 5370 3120 2000 6450 7340 4110 5610 4230 4900 690 4670 1060 3530 4390 4090 6220 7130 5500 980 5430 5660 660 530 5850 4140 4690 6150 4750 6720 4870 2770 2420 6230 2370 1210 7100 5090 4890 5730 4520 4040 6910 1490 2670 1150 5970 8990 500 4860 2710 1380 4170 4930 3590 8370 6920 8800 6190 4680 3190 3210 3740 520 5740 4790 2840 4520 2040 5100 4720 4870 6810 6020 5750 7400 6700 6860 3250 5620 5150 3520 
2336 2568 2480 768 4752 3088 5048 6040 4544 5232 4696 2936 3440 2272 1544 3424 3472 2160 6576 1712 5040 7304 4400 424 3360 3520 984 3464 1232 3512 6984 4584 5112 1648 3904 2856 1792 5408 4312 5928 6920 5272 5056 3848 6144 4096 4664 4296 5480 5584 1672 2448 4304 968 6752 2136 5456 5592 712 2552 1928 4552 1888 1416 2104 680 6064 2192 1368 2776 5192 4944 6856 4096 3344 2360 4352 5376 1128 4528 2992 4784 2992 2592 4568 5088 3592 5496 1792 3232 3160 2336 6472 2104 4504 4936 2568 2048 5832 4576 4928 5528 3960 1768 3928 4552 4544 2888 7056 6240 6880 6192 3992 4128 1784 1728 4640 5968 3256 4552 6808 6352 4544 4472 3296 3248 4400 2760 6136 6240 5664 4312 4848 7592 4000 5496 6168 4184 3600 3976 4896 6784 4824 5960 3440 1232 7000 3120 5112 5720 4608 2840 4656 584 4992 1744 1816 3000 5488 5064 4560 6456 3216 3640 4944 4288 6000 2808 3536 3088 1360 4152 2328 1816 1472 1624 4528 6032 3856 4536 
308 1687 350 1183 2597 1561 3892 4270 2912 2842 2296 1211 1624 224 1953 1225 1946 1316 3948 2492 2695 4627 2786 1603 2142 1477 1337 1232 2478 1897 4403 2345 3570 2317 1624 931 2121 4039 2051 3374 4319 3101 3745 2359 4249 2219 2268 3108 3024 3101 1988 2723 2548 1078 4102 2940 2975 3976 1323 1064 2604 3556 1610 1687 1652 1225 4564 217 1841 2163 3962 2513 4326 1820 1568 931 2513 3528 910 2702 1106 2646 896 1407 2226 2702 2751 3066 2807 1638 1204 1337 3913 903 2170 2779 1862 1204 3388 3143 2828 3024 3003 1253 2058 3199 2758 714 4438 4333 4326 4074 2254 1862 497 1610 3241 3451 1939 2611 4235 3780 2653 2660 1554 2296 2254 1512 4291 3990 3402 2569 2485 4851 2604 3822 4319 2310 1400 2093 3864 4284 2408 3416 1743 2492 4382 1407 2660 3276 2807 686 2681 1904 3941 2611 553 910 3395 2653 2233 3864 1428 1519 2520 2100 3661 1092 1883 1372 903 2366 343 1869 889 770 2436 4375 1841 2534 
1910 920 1745 2315 1045 685 4505 4550 3660 2820 2065 2510 740 1865 3085 1445 3045 1160 3015 3405 1540 3735 245 2550 430 1055 1895 1940 3245 2985 3790 2745 4160 3305 1570 1205 3230 4550 2455 2610 3655 3385 4360 3335 4470 3040 2070 3945 1915 2760 3130 3685 3335 2335 3130 3725 2080 4420 2440 1055 3515 4295 2925 2900 2975 2280 4885 1920 2980 3345 4535 2135 3825 2265 745 2440 3260 3970 2245 3400 2365 3090 1385 2780 2380 1660 3745 2910 3560 635 1085 2755 3345 2450 1570 3165 3130 2660 3170 3895 3270 2405 3915 1400 2940 3960 3470 1785 3730 4525 3780 4175 3150 1425 2140 2910 3975 3005 3110 650 3630 3145 570 3385 2705 3420 1030 800 4530 3970 3515 340 2560 3670 145 4285 4555 545 1375 2950 4510 3860 2145 2835 600 3250 3650 2635 2050 3070 3490 1825 3280 2790 4560 3470 2185 2075 3680 1805 1540 3145 835 1165 1995 1145 3600 2450 2955 2610 2345 400 1570 3085 2370 1585 2995 4690 880 3150 
1098 2676 1164 2118 2496 2316 2466 2430 1356 1296 1362 522 2148 1170 2220 1326 774 2418 2484 2706 2220 2844 3174 2424 2892 1794 2484 726 2922 666 2550 756 1956 2532 1338 1650 2250 2454 672 2100 2526 1296 2250 1050 2364 606 1326 1830 2262 1656 2184 2574 954 1968 2592 3018 2070 2262 2172 2034 2712 2310 1722 2052 1620 2196 2832 1188 2208 1668 2478 1524 2448 660 2148 954 876 1746 1854 1044 450 912 1392 1020 966 2130 1836 1494 3042 2328 1740 1188 2220 1152 1716 1026 1488 1326 1710 1674 1062 1854 1926 2424 486 1776 1122 948 2628 2430 2472 2142 744 1620 1374 1824 1770 1890 996 2760 2436 2190 2844 1020 414 1476 2220 2430 2418 2058 1572 2904 1086 3150 3168 2100 2448 2592 1440 498 2532 2388 1398 1974 2322 2934 2598 474 1758 1638 1146 918 954 2592 2574 2826 1338 612 1548 1962 1794 2292 2052 1692 1656 2022 1806 606 612 474 1680 2718 1434 1992 1602 2022 726 2586 2082 816 
2835 4697 2926 3836 4137 4242 2149 1407 854 1589 2464 1974 3990 2919 3584 3003 1470 4396 2912 4060 3612 2779 5138 4130 4914 3549 4389 2317 4466 1414 2226 1253 1253 3878 2870 3479 3521 1876 1631 2751 2338 567 1785 1267 1239 924 2436 1722 3444 2065 3500 3640 742 3654 2961 4312 3129 1400 3864 3948 3997 2233 3010 3472 2828 3948 2107 2926 3633 2520 2072 2534 2002 1869 4011 2443 672 595 3549 539 2030 749 3164 2226 1869 3458 2212 1694 4452 4242 3549 2464 2191 2653 3129 686 2492 2709 1631 1274 490 2639 2086 4389 1085 1442 581 2674 2422 1309 2100 945 994 3157 3052 3157 1358 2100 1729 4557 2219 2359 4676 595 1631 2072 3871 4403 1337 1022 805 4795 1729 3325 5187 1183 1365 4417 3101 1043 2345 1848 2429 2387 4207 4487 2464 1792 2828 1666 525 2646 455 4242 2352 4200 2996 2289 350 3199 3213 2506 3906 3395 2772 3633 1127 2100 1386 1820 3304 4592 3248 3262 3206 3913 833 1694 3836 623 
2320 3910 2110 4290 2460 2980 5880 5460 3910 1830 660 2400 2470 2370 5030 1190 3110 3700 3020 5850 1880 4120 3940 4890 3890 1800 4430 940 6020 2930 3970 1680 4890 5570 710 2120 5160 5780 1120 2200 3770 2940 5480 3550 5220 2630 610 4850 1990 1940 5010 5850 3220 4110 3250 6450 1760 5320 4470 2870 5930 5660 4280 4680 4190 4370 6320 2490 4940 4480 5880 970 3960 810 2530 2860 3020 4280 3870 3270 2070 2400 1700 3290 910 1730 4870 2070 6380 2910 2000 3470 3150 3130 1070 2530 4130 3560 2590 4520 2770 1690 5030 3920 2500 4710 3430 1600 3940 5320 3910 4520 2970 1050 3090 4390 4680 2450 3460 3060 3680 2880 3230 3260 2470 4260 2070 3380 5370 4090 3180 3440 1290 4340 4110 5020 5410 2890 1170 2490 6010 3980 810 2310 2780 6040 3820 2480 1250 2400 3440 1660 2900 5280 6080 6050 3100 1650 3560 1470 1190 2970 2440 1540 1050 1730 3350 2430 2840 2450 3730 3160 2380 4740 3660 3470 2270 5820 2090 2640 
1360 3088 1648 1088 4320 3144 3448 4304 2792 3784 3568 1352 3248 1392 952 2656 1728 2616 5312 1616 4320 5856 4560 1328 3736 3056 1952 2304 1840 1784 5440 3064 3384 1392 3024 2456 1080 3752 2904 4728 5424 3608 3392 2096 4392 2408 3528 2624 4600 4232 952 1736 2568 880 5464 2096 4464 3864 1048 2544 1688 2992 448 688 536 1224 4392 1280 904 1224 3568 3816 5288 2768 3184 800 2632 3624 856 2792 1504 3152 2360 848 3240 4288 2016 4048 2040 3240 2760 584 5016 552 3664 3296 920 304 4336 2848 3256 4360 2360 2368 2248 2840 2800 1896 5560 4488 5328 4456 2264 3360 824 464 2928 4568 1504 4368 5304 4960 4424 2736 1640 1576 3920 3016 4384 4544 4008 4320 3464 6240 4312 3752 4416 4032 2872 2304 3352 5184 3664 4640 3376 1856 5520 1472 4064 4240 2864 1824 2952 1448 3448 1776 752 1744 3776 4168 3752 5096 3024 3064 3904 3720 4368 1248 1816 1456 568 4096 1784 760 480 1832 2896 4312 3480 2856 
2480 3080 2680 510 5640 3630 5960 7140 5250 6090 5460 3220 4030 2420 1690 3900 3900 2540 7790 2060 5950 8680 5330 260 4060 4070 1130 3900 1630 3940 8270 5270 5980 1930 4490 3230 2010 6390 4950 6990 8200 6140 5940 4380 7250 4670 5410 4990 6470 6540 1830 2890 4940 760 8010 2650 6430 6590 450 2930 2320 5350 1980 1460 2250 420 7200 2300 1450 3120 6130 5770 8120 4680 3910 2500 5000 6290 960 5220 3290 5530 3370 2810 5270 5990 4130 6420 2280 3800 3620 2490 7640 2170 5250 5710 2820 2130 6840 5320 5700 6490 4590 2070 4460 5290 5240 3190 8370 7370 8150 7300 4540 4780 1780 1800 5400 7020 3640 5440 8060 7500 5440 5150 3670 3680 5180 3260 7250 7350 6620 5180 5620 9060 4860 6450 7290 4980 4130 4520 5790 8020 5610 7020 4050 1640 8300 3440 5980 6700 5320 3130 5370 720 5910 2140 1820 3310 6410 5950 5320 7630 3740 4200 5780 5020 7040 3050 3970 3410 1250 4960 2520 1970 1380 1750 5200 7140 4510 5220 
2706 4254 2766 3630 3594 3822 2130 1272 1104 1272 2130 2010 3582 2778 3450 2736 1632 4020 2274 3864 3102 2058 4524 3894 4398 3186 4074 2172 4212 1578 1560 1152 1344 3708 2568 3186 3402 1848 1500 2214 1680 396 1818 1476 1050 1116 2106 1836 2898 1638 3384 3510 1020 3474 2298 4086 2622 1386 3660 3606 3810 2244 2958 3348 2802 3720 1956 2790 3492 2550 2046 2154 1362 1728 3600 2430 942 696 3378 852 2034 750 2910 2274 1638 2952 2280 1314 4200 3810 3216 2478 1602 2616 2730 648 2520 2676 1182 1440 552 2166 2160 4032 1248 1578 888 2526 1740 1092 1452 558 1218 2790 2934 3084 1500 1596 1866 3990 1578 1782 4092 894 1722 2166 3390 3984 1170 492 408 4224 1476 2550 4596 1206 1188 3894 2796 1212 2316 1218 2076 1866 3768 4224 1788 1860 2388 1236 840 2508 696 4002 2316 3984 2886 2214 84 2730 2796 1908 3522 3048 2364 3192 630 2118 1548 1884 3174 4050 3036 3180 3090 3636 900 1566 3408 804 
1434 2040 1254 2562 1056 1434 3912 3714 2754 1500 630 1698 1092 1440 3132 510 2208 1968 1992 3624 822 2754 1926 2928 1950 708 2532 774 3666 2106 2724 1452 3354 3456 156 1032 3240 3876 1116 1476 2586 2208 3684 2496 3576 1980 624 3276 1044 1482 3138 3696 2346 2472 2136 3996 1014 3618 2688 1452 3690 3756 2730 2916 2694 2592 4212 1524 3066 2946 3918 762 2736 912 1146 1890 2226 3006 2334 2382 1494 1878 846 2208 972 786 3234 1620 3918 1380 888 2286 2208 2028 324 1962 2712 2304 1932 3108 2106 1176 3360 2142 1896 3216 2478 1002 2682 3636 2700 3156 2172 186 1902 2778 3204 1788 2388 1392 2544 2004 1494 2376 1800 2856 804 1704 3660 2886 2346 1620 1188 2802 2046 3444 3690 1296 402 1890 3984 2766 732 1644 1278 3678 2598 1782 786 1818 2490 1056 2178 3186 4026 3732 1920 1170 2580 726 384 2040 1110 546 672 600 2436 1692 2058 1758 2286 1452 1332 2994 2256 1944 1800 3924 828 2022 
4250 5280 4010 6200 2520 4210 7240 6300 5200 2080 1300 4260 3590 4290 6970 2850 4780 5240 1480 7790 1490 2950 4420 6800 4930 3050 6220 2890 7960 4580 3210 2730 6070 7510 2220 3710 7090 6980 2460 710 2890 3590 6770 5090 5940 4040 1360 6320 800 1480 6950 7750 4550 6030 1710 8380 390 6350 6400 4390 7870 7140 6210 6620 6090 6270 7360 4420 6880 6310 7180 1000 3380 2430 3700 4790 4310 5200 5790 4490 3960 3340 3400 5160 1950 1230 6540 2000 8320 4080 3440 5370 2320 5070 1600 3370 5980 5490 2370 5860 3670 570 6620 5560 4000 6080 4660 3520 3020 6010 3250 4980 4440 2080 5030 6330 6020 1760 5180 3350 2890 1870 3540 4510 4220 5980 2490 4710 6140 4320 3550 3930 1940 2810 4840 6040 6170 3460 2670 3960 7440 3540 1200 1300 3850 7980 2840 4290 700 2210 4640 3590 4010 7210 7480 7990 5040 3580 4220 950 1590 1810 3710 2800 910 2320 3450 4320 4490 4270 5670 3750 4200 6660 5600 5240 3400 6750 2990 3800 
3678 5340 3840 4050 5322 5118 714 894 1512 3270 3972 2892 4998 3750 3372 4188 2244 5022 4362 3564 4944 4068 6036 4152 5676 4656 4692 3594 4038 2304 3546 2922 912 3468 4182 4452 3222 432 3204 4266 3708 2382 690 1890 1194 2286 3942 1266 4842 3678 3276 2982 1920 3900 4386 3582 4584 708 3996 4764 3432 1104 3060 3408 2898 4152 186 3714 3480 2382 582 4056 3324 3366 4986 3108 2040 1404 3876 1890 3054 2514 4218 2730 3456 4818 1782 3360 3828 5142 4584 2862 3684 3198 4488 2490 2556 3066 3264 1206 2310 4176 1500 4914 2382 1152 1788 3744 3750 1200 3438 1848 2112 4452 3624 3174 1122 3678 2232 5622 3606 3870 5712 1890 2634 2052 5070 5166 1056 2292 2496 5766 3372 4590 6000 894 1050 5460 4308 2382 894 3162 3954 3942 5160 4050 3822 2730 4308 3312 1782 3696 2136 4110 828 3648 3564 3390 2040 4614 4566 3996 4878 4560 4248 4860 2700 2976 2334 2760 3648 5580 4098 3120 3570 4482 2520 576 4950 2280 
1183 3024 1428 1568 3675 2905 2548 3143 1799 2751 2737 658 2898 1246 1358 2177 847 2632 4144 1911 3549 4543 4102 1820 3500 2625 2247 1694 2212 896 4151 2107 2366 1715 2415 2191 1379 2751 2030 3682 4151 2513 2443 1190 3199 1449 2695 1785 3717 3185 1309 1778 1582 1379 4270 2275 3549 2786 1568 2422 1918 2198 770 1190 637 1687 3297 1169 1365 861 2632 2940 4004 1960 2856 441 1638 2520 1316 1778 875 2128 2016 84 2352 3486 1386 2982 2310 2968 2422 154 3815 476 2954 2247 581 392 3206 1904 2198 3374 1645 2478 1316 1925 1785 1505 4263 3283 4053 3234 1316 2737 980 896 1981 3451 679 3822 4046 3801 3885 1729 819 938 3325 2877 3206 3311 2863 3850 2513 4921 3955 2667 3234 3549 2366 1365 2513 3906 2800 3556 3045 2233 4249 693 3185 3136 1841 1435 1925 1932 2583 2058 903 1218 2646 3346 3038 3920 2716 2590 3052 3122 3178 623 924 693 1050 3640 1659 1078 952 1981 1904 3185 3003 1848 
3736 5352 3688 5264 3736 4600 4472 3368 2936 808 1880 3184 4168 3816 5424 3176 3128 5160 1344 6056 2952 1320 5176 5696 5312 3640 5592 2680 6384 2992 968 1472 3440 5832 2768 3904 5440 4144 1720 1392 888 1376 4064 3160 3024 2352 1880 3936 2520 776 5368 5768 2568 5072 1376 6440 2136 3536 5360 4504 6040 4552 4752 5216 4592 5352 4296 3880 5424 4480 4384 1768 944 1976 4232 3752 2376 2616 4904 2408 3064 1536 3552 3792 1552 2736 4368 568 6512 4536 3824 4040 512 4024 2672 1448 4328 4248 200 3456 1632 1488 4304 5304 2440 3648 2528 3280 1024 3072 904 2176 2648 2912 4248 4896 3560 496 3496 4360 776 688 4512 2448 2936 4056 3584 4928 3200 1600 1144 4768 1240 1832 5408 3296 3224 4344 3160 2384 4704 992 1752 888 4408 6400 984 3080 1976 312 2488 3296 2016 5936 4712 6224 4216 3040 1760 2440 2736 856 4168 3424 2016 3352 920 3296 2928 3088 4696 4576 3984 5104 4608 4872 1744 3768 3792 1952 
3366 5778 3663 3681 6327 5589 1404 2673 1440 4104 4662 2322 5526 3465 2691 4446 1476 5274 5985 3087 5976 6066 7092 3825 6381 5103 4671 3636 3762 1638 5391 3312 1593 2916 4599 4635 2502 1773 3519 5571 5508 3150 1377 1152 2916 2115 4608 549 6021 4752 2556 2331 1764 3465 6093 3258 5715 2097 3600 4995 2934 936 2187 2727 1953 3834 2511 3384 2844 1179 1539 4878 5112 3618 5490 2430 1980 2304 3438 1944 2619 2952 4356 1827 3969 5841 351 4347 3546 5661 4896 1962 5229 2502 5220 3024 1440 2241 4446 1062 2817 5274 243 5067 2124 927 1827 3645 5625 3015 5229 3393 1746 5031 3150 2358 1062 4950 1224 6624 5346 5364 6732 1899 2088 702 5895 5580 2835 3789 3555 6741 4014 6714 6948 2070 2862 6318 4662 2169 1332 4914 4698 5229 5742 3780 5661 2142 5247 4428 1890 3555 2385 3780 1431 3240 3051 3159 2979 5589 5328 5544 5310 5004 5103 5607 3978 2403 1719 2178 3105 6462 4005 2304 2997 4428 2772 2547 5580 2475 
1362 558 1176 1842 1488 168 4500 4680 3558 2892 2100 2124 492 1296 2736 1092 2772 594 3456 3138 1872 4230 1224 2148 654 780 1434 1614 2982 2712 4182 2664 4152 3012 1398 600 2910 4590 2328 2940 4056 3414 4350 3132 4614 2856 2094 3828 2292 2946 2790 3456 3192 1842 3600 3522 2388 4476 1992 294 3264 4230 2538 2514 2598 1806 5016 1356 2616 3054 4548 2244 4182 2094 414 1986 3126 3996 1734 3294 1968 3036 870 2394 2328 1962 3552 3048 3348 270 606 2346 3678 1980 1644 3138 2796 2226 3360 3810 3234 2646 3768 870 2730 3870 3366 1302 4152 4686 4152 4344 2952 1374 1596 2514 3900 3258 2820 1266 4008 3486 1254 3270 2388 3162 1272 222 4674 4164 3624 1098 2568 4272 1032 4332 4698 990 1104 2748 4494 4188 2208 3120 432 2988 4074 2286 2238 3246 3396 1338 3198 2436 4554 3222 1656 1650 3744 2046 1650 3516 378 936 2136 1266 3774 2040 2688 2256 1842 960 936 2730 1872 966 2892 4818 864 3048 
2058 2958 2256 1194 4236 3186 2808 3768 2766 3870 3756 2052 3348 2058 360 3030 2136 2616 5046 132 4290 5406 4242 990 3522 3270 1824 2808 522 2214 5064 3318 3048 48 3330 2784 354 3144 3234 4620 5070 3624 2886 2292 3906 2718 3726 2358 4524 4230 390 630 2736 1170 5160 510 4428 3390 1050 2736 246 2418 852 570 972 1254 3624 1974 426 1254 2928 3942 4932 3144 3288 1674 2820 3408 1290 2904 2196 3324 2772 1566 3498 4272 1770 4074 462 3276 3024 1386 4788 1494 3810 3420 1236 1260 4266 2664 3354 4344 2040 2352 2616 2604 2880 2484 5166 3972 4974 4104 2550 3564 1596 756 2688 4470 1890 4206 4980 4764 4230 2862 2214 1656 3942 3006 3864 4254 3924 4110 3654 5724 3990 3360 3888 3942 3186 2664 2652 4836 3828 4542 3408 534 5154 2112 4128 4200 2928 2430 3096 774 2730 252 1566 2388 3672 4200 3870 4866 3174 3306 4008 3804 4206 1992 2256 2106 1230 3960 2292 588 1242 2064 3138 3690 3576 3060 
2832 4160 2704 4416 2496 3376 4808 4088 3176 728 624 2600 2920 2888 4848 2000 2896 4016 1416 5504 1752 2240 3912 4880 4064 2408 4592 1704 5712 2744 2168 1208 3872 5272 1552 2744 4912 4600 1056 848 1984 1920 4432 3112 3824 2264 632 4088 1440 512 4816 5384 2664 4248 1584 5952 1072 4112 4544 3344 5536 4744 4208 4592 4088 4488 4912 2976 4800 4176 4760 504 2200 1128 2992 3096 2464 3192 4064 2608 2392 1688 2416 3304 664 1544 4296 768 5944 3304 2616 3512 1480 3344 1408 1720 3944 3648 1168 3704 1960 552 4336 4200 2248 3880 2744 2288 2120 3888 2136 3096 2584 1656 3416 4320 3832 920 3240 3104 1928 1240 3256 2624 2504 3872 2320 3720 3968 2624 1952 3504 576 2432 4144 3856 4000 3080 1944 2208 4976 2256 488 792 3160 5728 2008 2584 768 1008 2728 2328 2224 5176 5008 5664 3408 2200 2440 1240 1472 1312 2944 2192 776 2088 1952 2672 2672 2576 3920 3304 2944 4568 3840 3832 1744 4440 2528 2056 
3240 1960 2952 4080 1248 1400 7288 7240 5864 4296 3072 4120 1272 3176 5264 2288 4952 2296 4440 5808 2072 5624 280 4480 1216 1672 3472 3088 5592 4840 5760 4272 6672 5632 2384 2080 5480 7328 3816 3816 5528 5280 7040 5400 7080 4856 3088 6400 2656 4136 5320 6200 5328 4080 4616 6320 2952 7064 4280 1992 5968 6992 4952 4960 5008 4032 7840 3272 5104 5560 7328 3144 5840 3528 1328 4088 5200 6296 3928 5424 3864 4840 2304 4616 3632 2280 6152 4416 6088 1272 1824 4600 5040 4128 2248 4952 5216 4488 4824 6280 5136 3512 6400 2688 4704 6400 5536 2944 5640 7168 5760 6552 5056 2088 3680 4936 6408 4512 5096 584 5504 4704 432 5400 4400 5624 1336 1688 7192 6184 5464 184 3904 5472 736 6840 7224 608 2144 4712 7328 5912 3184 4216 1120 5600 5504 4304 2968 4672 5560 3016 5192 4864 7400 5920 3744 3392 5776 2536 2184 4688 1480 1800 2904 1576 5560 4040 4792 4264 4056 432 2728 5224 4080 2912 4712 7488 1288 4984 
2390 3760 2535 2650 3890 3610 245 995 780 2390 2850 1755 3535 2445 2095 2890 1220 3485 3390 2280 3630 3295 4410 2730 4065 3275 3190 2410 2670 1290 2885 2010 485 2195 2925 3065 1975 385 2195 3230 2985 1720 170 940 1185 1385 2820 335 3600 2750 2015 1815 1105 2525 3430 2330 3405 665 2600 3295 2180 315 1820 2120 1690 2735 790 2410 2180 1260 270 2945 2715 2295 3525 1890 1225 1020 2505 1135 1905 1725 2885 1565 2430 3540 765 2495 2515 3640 3190 1670 2890 1955 3225 1735 1405 1830 2485 445 1590 3105 535 3385 1440 340 1050 2485 3035 1230 2790 1590 1205 3165 2315 1915 370 2805 1170 4105 2895 3005 4170 1125 1565 980 3665 3630 1115 1890 1895 4195 2405 3700 4355 715 1125 3950 3000 1450 350 2585 2850 2995 3665 2680 3075 1630 3155 2495 1065 2440 1385 2705 365 2355 2260 2195 1520 3380 3290 3110 3430 3205 3090 3495 2110 1815 1325 1655 2320 4045 2740 1880 2255 3025 1675 860 3530 1480 
1200 375 1130 1105 1895 780 3715 4040 3075 2850 2275 1855 1065 1140 1915 1390 2375 155 3445 2185 2205 4045 1525 1295 870 1250 615 1695 1975 2350 3955 2575 3535 2100 1690 930 2070 3850 2320 3015 3870 3155 3635 2670 4025 2570 2260 3170 2540 2955 1970 2530 2810 1160 3565 2490 2595 3830 1220 575 2305 3455 1865 1745 1950 1050 4235 1145 1800 2380 3775 2410 3930 2130 1000 1620 2785 3510 1105 2920 1775 2830 1130 1940 2375 2270 2855 2990 2310 870 1050 1845 3560 1550 1970 2925 2175 1700 3245 3225 2975 2765 3055 135 2455 3255 2965 1345 3955 4085 3920 3885 2600 1730 1190 1815 3290 3210 2350 1685 3820 3425 1665 2895 2105 2550 1710 525 4055 3790 3360 1495 2575 4120 1270 3725 4080 1460 1450 2480 3680 3920 2365 3130 1010 1980 3895 2000 2440 3155 2995 1350 2895 1525 3735 2235 1245 1590 3390 2315 1980 3460 955 1365 2345 1695 3520 1770 2340 1975 1260 1410 905 1970 1310 480 2690 4115 1370 2780 
1704 864 1500 2304 1104 294 4806 4884 3798 2892 2022 2418 318 1650 3186 1164 3060 1026 3282 3600 1584 4110 798 2610 558 714 1890 1752 3450 2982 4116 2748 4398 3468 1368 846 3348 4866 2406 2772 3972 3516 4638 3408 4794 3060 2022 4134 2028 2874 3234 3894 3408 2304 3420 3984 2172 4710 2454 738 3720 4560 2958 2958 3006 2274 5274 1722 3066 3438 4848 2136 4140 2172 300 2340 3330 4182 2184 3498 2238 3150 1068 2748 2340 1704 3906 3018 3810 198 708 2724 3594 2358 1476 3246 3180 2622 3336 4080 3366 2502 4104 1314 2940 4152 3576 1542 4068 4860 4098 4458 3186 1248 2004 2946 4170 3174 3138 810 3930 3378 792 3474 2652 3510 948 576 4860 4236 3690 636 2568 4092 714 4554 4884 540 1104 2952 4818 4170 2124 3006 126 3456 3978 2568 2076 3216 3600 1590 3360 2904 4872 3684 2058 1896 3864 1830 1458 3390 402 870 1992 1014 3810 2346 2952 2538 2280 492 1302 3162 2304 1428 3024 5040 606 3210 
2592 4808 2824 3240 4992 4528 1640 2136 680 2880 3416 1560 4400 2688 2648 3376 696 4392 4544 3128 4624 4648 5800 3472 5264 3984 4040 2608 3656 808 4064 2184 1232 2936 3448 3648 2536 1728 2384 4184 4152 2064 1408 272 2248 1112 3368 768 4624 3456 2544 2592 808 3032 4648 3376 4336 1712 3208 4040 3032 1408 2056 2584 1832 3376 2328 2640 2736 1336 1680 3592 3832 2496 4384 1840 1000 1536 2968 992 1792 1856 3360 1376 2784 4488 992 3096 3568 4576 3848 1600 3896 1992 3960 1928 1392 1880 3192 712 1752 3936 960 4256 1144 768 904 2720 4264 2344 3928 2472 792 3832 2552 2224 816 3632 688 5312 4016 4000 5416 944 1248 808 4624 4576 2232 2728 2440 5456 2808 5216 5720 1592 2264 5064 3552 1176 1704 3664 3440 3880 4616 3672 4288 1352 3928 3168 968 2648 1368 3520 1768 3280 2472 2256 1976 4248 4064 4160 4232 3872 3808 4360 2824 1664 864 1392 2664 5216 3160 2280 2552 3680 1688 2168 4392 1432 
2142 657 2007 1998 3384 1368 6678 7254 5517 5103 4068 3321 1890 2025 3447 2475 4257 252 6174 3942 3933 7254 2727 2340 1548 2214 1125 3024 3573 4212 7092 4608 6345 3789 3015 1638 3735 6921 4149 5400 6939 5652 6534 4788 7227 4608 4041 5697 4536 5283 3555 4563 5040 2097 6381 4491 4644 6876 2205 999 4158 6210 3348 3150 3510 1899 7605 2043 3249 4275 6786 4311 7047 3807 1764 2907 4995 6300 1989 5238 3177 5067 2007 3474 4248 4050 5130 5355 4167 1539 1854 3312 6381 2781 3510 5238 3906 3051 5814 5787 5337 4950 5499 252 4401 5841 5310 2394 7092 7335 7020 6966 4662 3078 2133 3267 5904 5751 4221 3006 6849 6129 2961 5184 3771 4581 3051 918 7281 6804 6021 2664 4608 7389 2268 6687 7326 2601 2574 4437 6615 7029 4221 5607 1791 3582 6984 3582 4356 5652 5373 2412 5184 2763 6714 4032 2232 2835 6075 4140 3537 6201 1683 2430 4194 3024 6309 3168 4194 3537 2268 2511 1602 3546 2349 855 4815 7389 2430 4986 
2655 3980 2725 3355 3465 3640 1635 710 1035 1515 2245 2040 3445 2720 3110 2740 1640 3775 2260 3425 3050 1945 4240 3555 4120 3120 3765 2260 3745 1615 1505 1430 1005 3300 2610 3100 3050 1340 1715 2265 1645 800 1380 1440 475 1290 2225 1540 2870 1795 3050 3070 1115 3225 2260 3570 2635 915 3365 3440 3360 1805 2720 3050 2585 3435 1320 2720 3160 2305 1545 2260 1320 1905 3460 2370 1100 515 3155 980 2085 1085 2875 2190 1840 2925 1990 1530 3695 3630 3140 2355 1655 2515 2745 1005 2320 2530 1380 1210 905 2250 1835 3770 1405 1310 975 2535 1675 495 1415 95 1320 2800 2805 2825 1235 1725 1800 3795 1565 1840 3885 1015 1790 1970 3300 3765 590 465 755 3990 1700 2380 4295 795 600 3720 2795 1380 1810 1180 2195 1960 3600 3755 1740 1905 2455 1440 930 2515 960 3620 1795 3520 2765 2265 490 2740 2800 1940 3390 3005 2435 3135 845 2130 1605 1925 2975 3845 2950 2880 2905 3425 1190 975 3310 1070 
3536 4992 3448 5096 3248 4216 4776 3784 3184 696 1464 3120 3760 3608 5384 2824 3208 4840 1000 6032 2456 1448 4712 5552 4896 3248 5360 2432 6304 3064 1328 1448 3768 5800 2384 3568 5424 4480 1568 896 1144 1688 4376 3304 3464 2464 1472 4168 2016 328 5336 5808 2752 4920 1096 6448 1632 3912 5208 4168 6040 4800 4720 5152 4576 5184 4688 3680 5368 4544 4704 1320 1384 1768 3832 3664 2552 2976 4744 2632 2960 1696 3232 3776 1296 2240 4528 448 6480 4144 3456 4008 648 3928 2224 1648 4360 4192 520 3720 1872 984 4496 5000 2512 3904 2760 3032 1280 3512 1304 2640 2784 2488 4088 4856 3832 96 3568 3888 1088 496 4040 2664 2928 4168 3112 4560 3632 2080 1544 4304 1016 1776 4968 3664 3656 3888 2784 2464 4984 1472 1328 408 4000 6328 1184 3048 1488 432 2728 3056 2224 5816 5000 6192 4064 2864 2136 1944 2272 632 3784 3032 1544 2904 1392 3216 2992 3048 4568 4120 3720 5080 4480 4608 1856 4176 3360 2120 
1645 2610 1825 1160 3495 2720 1935 2740 1930 2975 2965 1490 2815 1665 360 2450 1460 2315 3980 455 3485 4230 3610 1085 3055 2705 1735 2190 840 1535 3920 2505 2140 365 2670 2320 195 2215 2470 3650 3940 2695 2000 1555 2860 1950 2935 1560 3640 3290 290 290 1935 1095 4070 625 3540 2420 1060 2345 390 1610 525 510 565 1230 2615 1595 475 665 2040 3115 3800 2420 2770 1230 2015 2460 1160 2075 1635 2465 2270 1055 2700 3455 1070 3135 725 2790 2515 930 3720 1110 3070 2545 700 880 3275 1825 2475 3430 1295 2120 1880 1770 2045 1975 4015 2920 3840 3050 1795 2885 1300 505 1840 3475 1245 3520 3860 3720 3550 2035 1580 1000 3245 2610 2825 3195 2945 3475 2815 4520 3435 2400 2845 3310 2585 1915 1810 3710 3015 3555 2885 850 4010 1510 3280 3230 2085 1925 2250 960 1875 550 1265 1840 2715 3375 3125 3810 2670 2710 3185 3120 3185 1455 1575 1510 1050 3340 1900 320 1030 1830 2315 2670 2970 2230 
3066 4991 3276 3465 5180 4774 616 1470 875 3129 3738 2177 4669 3143 2730 3773 1428 4613 4550 3031 4823 4473 5894 3598 5411 4305 4214 3101 3563 1526 3906 2583 658 2898 3829 4011 2583 763 2821 4305 4032 2233 448 1043 1694 1687 3696 217 4788 3633 2625 2415 1302 3290 4613 3136 4522 1008 3409 4340 2898 539 2324 2751 2135 3584 1330 3094 2849 1554 658 3878 3675 2954 4655 2373 1477 1344 3255 1372 2387 2198 3759 1925 3157 4697 889 3290 3374 4816 4186 2079 3878 2471 4256 2226 1729 2310 3297 413 2030 4116 588 4473 1757 245 1253 3199 4116 1764 3780 2177 1428 4158 2975 2464 329 3731 1358 5467 3906 4025 5558 1351 1918 1134 4858 4802 1610 2555 2499 5600 3136 5019 5817 1022 1631 5250 3927 1771 707 3507 3738 3990 4858 3577 4158 2002 4172 3304 1281 3136 1722 3577 749 3143 2898 2800 1995 4480 4340 4172 4522 4207 4081 4627 2814 2268 1575 2037 2996 5383 3563 2429 2905 3969 2114 1344 4662 1848 
3500 5271 3556 4606 4368 4739 2723 1554 1631 1596 2646 2709 4438 3584 4403 3458 2282 5005 2576 4886 3759 2184 5502 4914 5404 3969 5103 2821 5285 2212 1582 1596 1806 4704 3234 4011 4347 2352 2002 2597 1750 721 2359 2086 1239 1673 2625 2457 3479 1953 4326 4459 1568 4417 2583 5131 3143 1778 4641 4508 4823 2905 3829 4284 3647 4711 2401 3605 4445 3339 2618 2653 1330 2275 4466 3199 1477 1050 4305 1365 2723 1176 3689 3031 2114 3577 3010 1589 5278 4718 4032 3269 1743 3423 3367 1043 3318 3500 1351 1988 980 2597 2849 5033 1827 2142 1407 3262 1806 1274 1449 497 1799 3472 3780 3976 2044 1834 2548 4851 1638 1995 4977 1421 2380 2891 4158 4942 1400 203 525 5152 1890 2779 5614 1589 1414 4767 3514 1778 2961 1141 2576 2170 4655 5306 1883 2534 2905 1449 1351 3241 1190 5047 2947 5019 3731 2912 469 3311 3437 2135 4382 3801 2891 3927 602 2828 2184 2562 4074 4949 3871 4081 3976 4578 1372 1925 4207 1295 
3176 4304 3432 1976 6072 4648 3856 5232 3968 5560 5432 3144 4880 3176 904 4472 3192 3856 7136 248 6152 7592 6048 1648 5072 4784 2760 4168 720 3304 7120 4816 4272 464 4872 4136 832 4336 4720 6576 7136 5176 4000 3360 5440 3976 5384 3336 6456 6040 920 832 3968 1968 7288 272 6328 4712 1776 4056 248 3336 1536 1192 1680 2040 4968 3064 992 1936 4032 5680 6928 4608 4792 2648 4096 4816 2128 4192 3336 4792 4120 2472 5072 6128 2544 5824 296 4776 4456 2240 6768 2416 5512 4920 1976 2088 6064 3784 4816 6208 2880 3496 3856 3680 4144 3736 7264 5528 7000 5760 3736 5184 2560 1416 3792 6352 2856 6024 7008 6752 6048 4128 3336 2472 5680 4400 5376 5984 5576 5888 5280 8032 5704 4696 5400 5664 4680 3912 3624 6800 5528 6464 4952 728 7248 3208 5928 5992 4208 3664 4464 1304 3720 136 2520 3608 5216 6024 5592 6888 4648 4832 5768 5504 5952 3064 3368 3200 2064 5688 3480 1168 2080 3144 4544 5088 5192 4424 
1728 2144 1448 3096 1240 1328 5456 5344 3984 2552 1424 2352 880 1712 4000 464 3128 2080 3216 4632 1312 4248 2096 3576 2024 360 2928 1208 4616 3008 4216 2408 4792 4424 528 888 4168 5464 1944 2528 4032 3424 5184 3560 5192 2960 1416 4584 1776 2560 4024 4824 3448 3008 3400 5144 1832 5176 3280 1400 4744 5200 3528 3704 3520 3112 5952 1824 3888 3944 5488 1592 4232 1640 944 2472 3312 4408 2824 3528 2080 2960 760 2960 1824 1360 4432 2728 5000 1256 640 3016 3528 2608 824 3080 3616 2984 3152 4424 3248 2136 4632 2344 2824 4544 3648 1232 4160 5280 4176 4688 3184 440 2320 3568 4544 2968 3320 1496 3976 3256 1608 3504 2576 3904 848 1696 5296 4368 3640 1704 2128 4296 2192 4952 5328 1280 264 2824 5520 4264 1560 2768 1128 4632 4048 2504 1592 2992 3672 1312 3296 3936 5584 4776 2368 1608 3904 1392 856 3296 896 144 1448 624 3784 2304 2952 2472 2816 1464 1432 3856 2792 2152 2816 5600 600 3088 
3060 4455 3185 3485 4295 4220 875 400 1185 2490 3125 2400 4095 3125 2990 3400 1865 4200 3345 3190 3945 3050 4945 3600 4695 3795 3995 2900 3580 1900 2610 2250 705 3105 3360 3665 2880 535 2505 3300 2755 1735 740 1570 635 1795 3105 1190 3830 2815 2915 2730 1500 3355 3355 3240 3605 420 3455 3950 3090 1180 2690 3000 2550 3570 240 3100 3070 2145 755 3180 2425 2660 4095 2625 1580 935 3320 1440 2510 1895 3460 2335 2695 3835 1670 2545 3430 4235 3755 2465 2760 2720 3585 1860 2260 2640 2440 1025 1715 3245 1445 4130 1895 1025 1370 3070 2785 630 2520 1195 1690 3580 3070 2790 970 2785 1905 4570 2675 2930 4650 1455 2165 1835 4095 4285 520 1575 1795 4715 2605 3490 4945 555 510 4450 3490 1885 1055 2285 3100 3015 4240 3590 2850 2260 3390 2485 1350 3035 1610 3590 1005 3270 3020 2775 1425 3655 3645 3035 4010 3705 3350 3925 1940 2475 1915 2285 3130 4560 3405 2770 3065 3770 1925 150 4025 1740 
4554 6849 4635 5958 5715 6174 3438 1908 2079 2151 3501 3519 5787 4662 5670 4527 2952 6507 3420 6282 4932 2889 7164 6354 7029 5193 6615 3708 6813 2871 2106 2142 2268 6057 4248 5229 5598 2952 2655 3438 2340 999 2970 2691 1503 2187 3474 3114 4572 2610 5571 5724 2025 5715 3420 6597 4149 2205 5994 5868 6201 3681 4941 5526 4707 6093 2997 4689 5733 4293 3294 3510 1782 3006 5823 4158 1917 1296 5571 1764 3555 1575 4815 3924 2808 4707 3843 2142 6786 6147 5265 4221 2340 4437 4428 1413 4266 4527 1845 2511 1314 3438 3627 6534 2385 2718 1809 4266 2403 1539 1935 531 2331 4554 4905 5121 2592 2466 3294 6336 2187 2664 6498 1836 3096 3708 5436 6435 1701 270 774 6714 2529 3663 7308 1962 1728 6219 4608 2331 3744 1539 3411 2898 6075 6831 2511 3303 3843 1962 1737 4239 1557 6516 3726 6462 4842 3807 621 4365 4518 2844 5715 4977 3825 5148 882 3681 2835 3330 5274 6462 5040 5265 5148 5949 1827 2385 5499 1710 
3915 6426 4140 4734 6309 6030 1332 1332 585 3393 4320 2727 5823 4032 3996 4608 1764 5967 5166 4464 5769 4986 7380 4986 6876 5310 5625 3708 5103 1827 4248 2772 324 4275 4590 5031 3834 1089 3150 4905 4419 2151 882 1233 1512 1746 4275 927 5652 4032 3861 3744 1206 4500 5238 4671 5283 846 4698 5526 4329 1458 3375 3960 3123 4887 1629 3987 4113 2475 1251 4464 3942 3375 5823 3132 1386 936 4419 1179 2943 2205 4671 2628 3546 5589 1764 3573 4941 6066 5211 2880 4257 3321 5067 2205 2610 3204 3528 351 1944 4716 1467 5841 1890 504 1026 3960 4518 1611 4086 2016 1494 5004 3942 3564 369 4113 1854 6750 4266 4464 6885 1179 2313 1872 5922 6129 1458 2493 2457 6975 3465 5706 7344 711 1485 6507 4779 1890 1584 3726 4302 4473 6084 5121 4590 2475 4851 3555 1035 3897 1602 5022 1584 4626 3852 3429 1791 5283 5184 4653 5661 5157 4752 5616 2853 2862 1863 2520 4086 6696 4536 3582 3960 5193 2151 1359 5742 1800 
2340 3485 2345 3235 2650 3055 2400 1660 1480 670 1435 1885 2805 2395 3230 2140 1735 3335 1280 3610 2190 1105 3510 3485 3515 2475 3510 1750 3850 1660 730 875 1745 3470 1930 2570 3220 2170 1125 1295 790 515 2140 1690 1450 1245 1425 2110 1955 850 3185 3375 1305 3105 1290 3825 1715 1785 3280 2945 3585 2475 2810 3120 2695 3300 2250 2425 3245 2565 2335 1410 595 1315 2840 2250 1200 1215 3010 1185 1845 740 2345 2210 1120 2055 2425 610 3895 3025 2550 2375 705 2415 1950 655 2500 2525 405 1790 725 1315 2360 3390 1325 1910 1250 2105 855 1475 645 920 1405 2065 2610 2905 1850 745 1955 3020 705 865 3115 1220 1690 2275 2525 3230 1555 570 300 3255 930 1500 3625 1635 1570 2985 2155 1290 2550 525 1370 985 2965 3860 880 1790 1570 485 1215 2100 960 3615 2550 3710 2585 1900 680 1865 2000 970 2790 2345 1575 2370 135 1965 1625 1800 2865 3125 2550 3015 2800 3090 900 1920 2610 965 
1602 2850 1554 2772 2046 2340 3078 2706 1860 600 636 1326 2052 1662 3018 1236 1554 2682 1662 3516 1608 2130 2964 3108 2898 1656 2988 798 3690 1440 1938 420 2430 3342 1014 1758 3066 2970 162 1266 1860 1170 2814 1746 2550 1122 606 2496 1530 852 2994 3402 1458 2634 1776 3840 1302 2652 2856 2208 3534 2994 2532 2838 2442 2832 3258 1710 2994 2502 3060 750 1890 276 2088 1716 1320 2004 2502 1452 1182 858 1488 1848 138 1482 2610 786 3846 2310 1734 2010 1512 1908 1182 924 2322 2118 1074 2250 1080 1026 2664 2772 1092 2376 1554 1248 1962 2610 1884 2118 1356 1224 2010 2622 2346 1128 1806 2424 1788 1422 2526 1452 1242 2286 1830 2544 2646 1860 1314 2658 288 2370 3054 2472 2670 2334 1266 1068 3180 1878 630 1164 2244 3708 1914 1308 1002 972 1554 1260 1200 3312 3210 3636 1998 1092 1542 1278 1254 1506 2022 1506 924 1626 1440 1386 1386 1302 2370 2490 1776 2808 2310 2442 816 2940 1848 1050 
536 2144 736 1048 3352 2112 4232 4784 3232 3440 2920 1336 2224 496 1856 1760 2104 1688 4784 2472 3448 5512 3528 1520 2728 2064 1432 1664 2472 2080 5208 2824 3952 2264 2200 1440 2048 4440 2528 4144 5136 3608 4096 2568 4800 2528 2880 3352 3808 3784 1896 2744 2856 896 4952 2984 3728 4424 1184 1520 2592 3824 1480 1552 1544 1112 5056 392 1728 2168 4328 3168 5104 2296 2152 880 2848 3976 704 3056 1288 3104 1400 1384 2768 3448 2880 3704 2840 2208 1752 1256 4680 768 2832 3256 1824 1056 4056 3448 3288 3744 3192 1528 2344 3488 3104 1112 5272 4896 5120 4664 2520 2488 208 1472 3544 4168 2040 3352 5032 4552 3400 3000 1736 2376 2952 2008 4832 4616 3976 3288 3056 5792 3296 4264 4864 3008 1968 2392 4184 5040 3040 4160 2344 2488 5208 1552 3360 3936 3160 1056 3080 1840 4272 2608 288 1208 3912 3376 2904 4656 1992 2112 3192 2776 4288 1192 2080 1520 656 3064 768 1768 640 952 2848 4880 2480 2928 
6030 8790 6230 7110 8150 8230 2430 390 2310 4370 5750 4710 7910 6160 6300 6510 3720 8320 5940 6790 7390 5270 9580 7400 9190 7290 8060 5510 7520 3740 4390 4030 1590 6590 6340 7120 6110 1740 4580 5930 4680 2870 2030 3170 500 3350 5700 2750 7080 4970 6150 5930 2810 6840 5950 6960 6620 1040 7080 7740 6620 2970 5620 6270 5340 7280 1360 6130 6440 4600 2200 5820 4020 4920 7930 5260 2900 1450 6750 2620 4890 3310 6690 4750 4900 7150 3740 4440 7300 8240 7260 5050 4740 5500 6710 3200 4770 5410 4170 2240 2930 5870 3330 8230 3570 2330 2510 5940 4740 430 4210 1570 3230 6760 6160 5830 2190 4870 3890 8760 4530 5110 8920 2670 4220 3940 7780 8410 330 2330 2900 9090 4670 6150 9620 1080 290 8550 6660 3530 2810 3740 5680 5340 8210 7540 4870 4430 6220 4280 2460 5890 2830 7450 2730 6960 6070 5370 2230 6780 6830 5310 7770 7080 6160 7440 3120 4880 3750 4480 6370 8790 6690 5840 6230 7520 3430 730 7710 3090 
3940 5610 4290 2670 7620 5950 4320 6070 4550 6710 6660 3730 6190 3960 1120 5560 3670 5030 8720 580 7650 9220 7710 2340 6540 6020 3730 5100 1370 3830 8600 5770 4880 670 6030 5230 890 4930 5690 8050 8640 6140 4510 3830 6350 4660 6600 3700 7990 7330 1060 540 4600 2600 8900 510 7800 5420 2430 5200 290 3670 1750 1500 1880 2770 5710 3820 1300 2040 4540 6960 8350 5580 6090 3170 4770 5600 2780 4880 4010 5690 5160 2860 6160 7600 2720 7030 870 6090 5620 2600 8200 2910 6830 5840 2150 2470 7310 4280 5700 7600 3130 4600 4520 4140 4800 4620 8790 6460 8440 6790 4340 6440 3200 1660 4290 7710 3230 7620 8470 8200 7660 4800 3920 2690 7120 5670 6260 7110 6630 7480 6390 9800 7320 5410 6290 7180 5830 4590 4030 8170 6770 7870 6300 1390 8780 3780 7290 7220 4890 4530 5240 1970 4150 620 3140 4390 6150 7450 6940 8380 5900 6060 7090 6880 7110 3650 3910 3780 2640 7220 4390 1300 2630 4100 5390 5890 6540 5210 
2142 3990 2380 2352 4529 3871 1610 2471 1302 3066 3353 1393 3843 2212 1659 3045 882 3598 4529 2037 4312 4711 5061 2485 4473 3535 3115 2464 2527 1015 4228 2422 1638 1883 3213 3143 1540 1876 2506 4151 4284 2478 1561 826 2618 1519 3311 896 4396 3556 1561 1554 1372 2184 4627 2240 4179 2051 2296 3395 1946 1232 1211 1645 1022 2471 2443 2142 1764 476 1715 3535 4032 2534 3808 1407 1519 2044 2163 1554 1638 2233 2940 924 2856 4221 420 3276 2415 3934 3360 1015 4025 1442 3717 2317 616 1225 3402 1176 2184 3892 672 3423 1477 1127 1491 2401 4389 2695 4109 2870 1253 3542 1939 1351 1218 3752 595 4732 4165 4088 4802 1505 1288 35 4193 3850 2576 3101 2814 4795 2933 5173 4928 1988 2604 4480 3227 1519 1547 3892 3395 3934 4004 2541 4396 1288 3815 3367 1554 2331 1848 2478 1624 2170 1862 2044 2436 4046 3801 4221 3668 3479 3696 3969 3150 1435 1078 1309 1897 4578 2632 1344 1813 2933 2051 2422 3913 1869 
2272 4456 2528 2768 4880 4240 1912 2624 1176 3088 3456 1320 4168 2360 2152 3200 608 4016 4760 2648 4584 4968 5568 2984 4960 3784 3592 2496 3160 760 4416 2352 1696 2456 3352 3384 2048 2112 2464 4336 4480 2424 1760 552 2744 1320 3408 1016 4656 3648 2048 2160 1168 2560 4872 2920 4392 2184 2728 3728 2568 1560 1560 2088 1336 2904 2736 2296 2240 872 1992 3656 4200 2520 4136 1464 1328 2032 2504 1392 1584 2128 3128 952 2864 4472 808 3328 3096 4304 3608 1136 4184 1576 3904 2232 888 1416 3472 1168 2080 4048 968 3864 1272 1168 1328 2488 4600 2840 4288 2952 1016 3736 2144 1728 1248 3872 336 5144 4344 4248 5232 1328 1120 392 4496 4256 2728 3176 2816 5248 2944 5496 5448 2080 2760 4872 3400 1320 1904 4048 3496 4080 4360 3176 4608 1152 3976 3432 1400 2416 1704 3024 1976 2808 2064 2056 2408 4256 4008 4408 3984 3704 3848 4240 3200 1392 832 1192 2200 5000 2840 1784 2096 3288 1928 2632 4208 1720 
3024 4956 3234 3444 5131 4732 658 1463 833 3080 3689 2135 4627 3108 2723 3724 1386 4578 4501 3031 4774 4431 5852 3584 5369 4263 4186 3052 3556 1484 3864 2534 644 2898 3780 3969 2576 791 2772 4256 3990 2191 476 994 1680 1638 3647 203 4739 3584 2618 2422 1253 3262 4571 3143 4473 1001 3388 4298 2905 581 2303 2737 2114 3563 1351 3059 2835 1540 693 3822 3633 2905 4613 2338 1428 1309 3234 1323 2345 2149 3717 1890 3108 4648 889 3241 3374 4774 4144 2044 3829 2443 4207 2177 1708 2282 3248 371 1981 4067 602 4438 1708 203 1204 3157 4067 1750 3738 2142 1379 4109 2940 2443 294 3689 1323 5425 3864 3976 5516 1302 1869 1113 4809 4767 1603 2520 2457 5551 3087 4977 5775 1008 1624 5208 3885 1722 763 3465 3689 3941 4809 3570 4116 1960 4123 3255 1232 3094 1673 3563 798 3143 2870 2751 1953 4431 4291 4123 4480 4165 4032 4578 2772 2226 1533 1995 2968 5341 3521 2415 2877 3941 2065 1351 4620 1799 
3904 6048 4024 4992 5344 5528 2352 1080 1272 2304 3408 2896 5240 4000 4584 4104 2240 5704 3640 5088 4720 3256 6536 5296 6296 4720 5656 3328 5600 2208 2576 2056 1312 4896 3936 4656 4488 1920 2504 3568 2768 1104 1936 1912 792 1712 3376 2120 4472 2800 4488 4528 1408 4776 3664 5328 4104 1272 5000 5192 4992 2584 3960 4496 3744 5120 2008 4000 4664 3296 2224 3464 2288 2792 5256 3416 1384 464 4672 1192 2984 1480 4296 3120 2744 4528 2808 2368 5528 5520 4736 3384 2720 3648 4192 1384 3328 3664 2184 1584 1184 3504 2584 5680 1896 1752 1168 3736 2832 864 2424 512 1736 4248 4120 4128 1632 2744 2488 5848 2632 2976 5984 1248 2496 2760 5064 5712 944 936 1160 6144 2544 3936 6608 1048 968 5704 4208 1856 2624 2072 3352 3112 5488 5616 2920 2680 3784 2264 1104 3704 1200 5400 2608 5240 4056 3296 584 4232 4288 3144 5144 4544 3736 4792 1408 3040 2192 2712 4384 5904 4384 4216 4272 5128 1624 1472 5040 1392 
2429 4067 2436 3689 3150 3507 3122 2457 1708 546 1442 1820 3185 2506 3752 2219 1736 3836 1974 4305 2583 2156 4249 4053 4165 2723 4067 1624 4606 1617 1764 385 2275 4109 1981 2793 3759 2912 763 1722 1757 581 2779 1792 2240 1064 1414 2555 2380 1050 3703 4046 1309 3514 2058 4634 2065 2464 3759 3311 4291 3115 3164 3584 3017 3780 3171 2548 3759 2919 3066 1484 1631 1036 3220 2324 1134 1659 3374 1211 1743 385 2471 2324 868 2415 2856 707 4704 3479 2793 2548 1449 2562 2135 378 2786 2737 826 2177 588 1582 2835 3906 1134 2338 1330 2107 1869 2303 1666 1680 1337 2219 2814 3297 2282 1176 2058 3612 1645 1498 3738 1239 1575 2562 2919 3731 2359 1379 742 3899 679 2590 4361 2247 2387 3514 2268 1085 3290 1568 1386 1400 3409 4620 1855 1708 1771 777 1309 2100 861 4242 3311 4445 2779 1813 1036 2156 2212 1638 3143 2548 1722 2688 938 1925 1561 1722 3178 3703 2730 3465 3094 3479 532 2758 2954 749 
1472 3520 1528 2888 3184 3008 3432 3328 1920 1616 1656 816 2768 1568 3080 1656 1192 3200 3176 3736 2800 3688 4128 3312 3784 2280 3336 848 4008 1040 3320 912 2728 3504 1640 2136 3136 3400 752 2648 3272 1720 3136 1544 3216 904 1608 2584 2856 2072 3040 3576 1384 2696 3320 4160 2600 3120 2976 2664 3752 3232 2424 2856 2296 2992 3888 1600 3064 2376 3448 1872 3192 720 2776 1368 1264 2400 2536 1488 672 1200 1776 1504 1136 2680 2608 1880 4184 3016 2232 1720 2856 1640 2136 1352 2136 1888 2184 2368 1424 2320 2720 3216 760 2504 1592 1216 3408 3312 3216 2880 1120 2016 1888 2552 2496 2400 1488 3552 3160 2800 3672 1456 712 2128 2824 3184 3304 2736 2064 3752 1312 4072 4128 2896 3336 3336 1800 768 3528 3120 1712 2496 3000 4024 3368 776 2184 2080 1624 1184 1328 3552 3584 3896 1848 792 2088 2456 2240 2928 2640 2136 2048 2552 2368 912 976 768 2312 3512 1888 2784 2224 2704 960 3552 2656 1128 
