50 100 200
80 80 80 80 80 80 80 80 80 80 80 80 80 80 80 80 80 80 80 80 80 80 80 80 80 80 80 80 80 80 80 80 80 80 80 80 80 80 80 80 80 80 80 80 80 80 80 80 80 80 
25 24 18 17 18 29 18 25 19 21 21 23 25 24 23 25 12 24 11 22 21 11 17 11 23 21 13 13 12 25 13 31 19 31 30 17 15 27 21 26 25 11 12 12 11 17 23 27 13 24 16 24 21 18 27 16 18 13 10 23 20 18 11 24 22 25 27 19 21 16 24 14 18 19 28 16 29 16 24 24 19 21 18 19 28 16 23 28 26 26 23 25 15 25 12 25 20 18 24 21 26 24 12 30 15 30 14 10 23 22 28 20 20 14 28 15 24 19 24 26 23 24 21 22 20 11 13 17 30 16 14 13 19 11 13 10 25 27 14 29 18 27 23 19 17 19 19 13 29 21 17 21 12 24 18 25 23 22 24 23 13 14 16 15 30 19 15 21 30 11 16 13 30 18 26 17 15 25 14 25 15 10 27 30 17 25 13 22 18 28 10 23 24 13 21 16 22 16 10 18 
819 297 505 430 583 532 589 784 288 470 154 618 602 668 531 719 502 288 330 637 488 262 628 277 641 752 372 282 554 378 433 698 739 749 146 612 410 216 513 459 363 263 677 168 616 542 651 690 705 946 878 571 68 811 397 895 423 572 132 273 601 167 806 687 502 217 270 205 757 645 358 598 442 498 605 731 365 299 729 150 53 227 525 250 839 408 629 313 818 411 637 863 816 361 107 465 501 590 573 795 
121 482 370 378 286 223 309 93 500 331 553 341 215 39 576 328 416 492 423 70 229 597 102 549 597 255 483 473 460 425 470 325 399 83 675 95 447 500 229 614 521 471 294 551 303 526 430 174 136 257 251 436 756 105 484 209 357 539 605 436 286 542 100 406 545 519 650 521 242 206 455 164 269 272 141 308 430 578 308 674 693 659 525 639 173 408 630 456 263 296 70 178 236 557 619 395 387 145 278 129 
623 365 712 657 242 582 716 607 367 276 544 180 641 507 144 229 751 654 365 501 516 741 545 371 83 321 718 391 105 662 220 218 866 479 726 475 252 569 358 232 285 421 238 502 218 864 850 356 638 592 471 811 718 560 737 558 627 85 641 522 704 526 561 135 155 450 410 596 747 316 676 369 419 314 567 256 312 751 790 518 675 769 854 421 501 672 123 634 379 469 488 538 402 776 633 224 725 401 254 487 
542 616 178 241 668 323 203 513 629 615 520 738 297 489 864 782 142 333 574 469 378 354 418 672 940 739 241 587 792 262 719 769 199 595 483 475 680 438 539 848 712 558 734 558 706 72 100 646 394 743 763 81 612 591 215 703 270 861 480 433 226 526 585 826 824 575 754 431 342 644 268 566 471 578 379 773 622 316 262 690 563 412 89 732 682 239 955 322 767 423 481 678 744 254 506 675 166 531 654 641 
888 408 530 463 686 588 621 852 401 574 245 726 651 743 648 825 517 316 434 711 556 250 695 394 758 852 384 390 668 408 547 804 757 832 124 689 522 282 605 576 479 367 781 273 721 532 661 784 763 1029 971 579 49 887 404 979 465 688 177 347 637 262 883 798 619 325 385 261 800 741 381 689 527 596 668 835 474 288 761 264 96 192 515 366 925 437 746 349 916 487 713 946 911 350 164 575 523 676 676 880 
768 294 733 663 373 638 765 745 285 332 451 341 710 627 86 426 763 610 330 611 566 673 643 258 164 510 692 325 205 649 195 410 929 633 621 581 231 506 438 58 194 357 417 404 371 862 888 516 744 780 666 832 577 717 716 740 635 144 545 482 760 435 716 340 108 361 242 528 844 465 653 488 460 390 652 452 283 693 868 363 549 682 849 260 679 667 134 602 576 492 601 715 594 734 529 263 742 511 378 655 
728 131 520 441 421 487 583 696 115 313 154 443 564 571 331 547 535 339 186 544 424 376 550 83 441 595 431 135 361 407 241 526 748 631 307 514 226 231 386 261 167 140 510 111 448 611 680 548 644 820 735 609 268 703 457 771 422 372 237 241 588 144 700 502 302 100 89 244 720 498 400 470 342 357 540 563 198 403 714 74 235 374 596 66 711 433 429 345 664 335 539 740 667 454 218 288 523 471 415 671 
759 275 435 360 547 467 519 723 271 435 106 589 535 611 531 686 432 218 296 579 427 199 567 272 639 712 303 254 538 308 418 665 669 696 101 555 390 152 466 467 356 229 642 137 582 475 581 645 641 893 832 501 106 754 327 843 355 566 62 213 532 122 749 663 499 190 290 137 689 602 288 550 390 456 542 696 339 234 659 180 44 175 457 268 788 338 631 243 776 353 579 810 772 295 37 439 431 538 536 743 
169 452 287 297 309 143 227 133 470 325 499 373 133 59 586 381 333 419 392 50 163 522 23 521 622 319 403 438 477 347 465 374 332 165 607 76 437 438 218 612 506 431 340 503 335 443 352 230 88 337 333 354 695 181 403 290 278 556 541 377 204 490 175 449 552 477 623 457 195 246 377 182 230 266 59 365 409 501 246 633 632 586 442 610 256 328 651 383 338 243 64 260 314 477 557 393 304 150 298 212 
323 419 116 135 397 47 87 288 436 361 402 467 61 224 625 506 163 275 364 199 114 368 153 486 686 464 239 396 536 190 485 493 249 333 470 200 448 326 271 627 499 377 458 421 433 277 221 371 179 507 502 195 575 350 235 461 125 611 418 280 80 398 344 553 586 412 584 338 214 367 220 289 221 314 113 496 401 342 200 561 512 435 274 565 427 166 707 240 496 190 210 432 475 311 439 428 133 254 383 383 
781 219 511 432 511 511 587 747 208 399 127 541 585 626 441 644 516 304 261 596 458 310 594 190 551 683 396 210 468 387 348 622 746 698 216 569 327 208 456 368 275 199 604 113 542 574 666 628 679 892 817 589 159 765 422 843 420 482 165 248 596 130 761 606 412 149 180 209 742 580 373 542 395 435 576 658 289 343 724 64 132 292 557 160 784 416 538 321 751 373 594 810 752 401 141 386 510 537 503 742 
806 386 431 368 641 501 524 769 384 532 208 689 559 667 648 783 416 223 398 635 476 148 613 389 756 799 283 362 650 312 531 762 655 761 30 615 500 214 546 585 471 334 737 249 678 429 559 725 674 957 908 477 118 811 302 907 373 681 115 281 541 226 806 767 615 301 407 188 705 686 284 627 463 545 583 790 445 185 662 293 98 90 412 385 856 340 749 257 860 417 637 875 853 247 118 545 423 610 630 811 
187 417 318 315 254 164 270 154 435 277 482 317 176 32 534 327 365 423 357 5 159 528 56 485 567 269 419 406 424 360 418 319 386 135 604 27 391 428 171 564 463 402 285 480 279 479 400 178 142 325 302 393 684 176 422 275 292 503 533 364 249 471 172 393 500 450 587 450 251 191 389 126 200 217 93 311 368 512 301 605 621 590 476 575 232 345 597 387 295 224 8 244 273 494 547 344 335 96 243 186 
887 412 527 461 688 587 618 851 405 576 247 729 649 743 653 827 513 313 437 711 555 246 694 398 763 853 380 393 672 405 551 806 753 832 120 689 526 282 606 581 483 370 783 276 723 527 657 785 761 1029 971 575 55 887 400 979 462 693 177 347 635 264 882 801 624 328 391 260 797 743 378 690 528 598 666 838 477 284 758 269 98 187 510 371 926 434 751 347 917 487 712 946 913 345 165 578 519 677 678 880 
227 432 457 443 176 301 414 212 448 255 543 218 321 135 467 194 504 528 379 148 273 635 200 492 475 125 542 431 347 480 383 191 526 85 691 142 368 507 182 517 446 439 161 529 182 619 545 40 267 257 186 537 752 168 549 208 416 424 612 441 394 528 168 274 441 488 588 533 376 84 507 96 258 206 238 174 368 624 437 634 691 691 616 581 147 470 510 494 154 306 136 178 137 616 621 307 474 112 172 111 
582 156 324 245 374 306 390 547 163 266 84 424 381 430 430 516 340 160 141 399 254 235 392 199 527 533 246 125 401 213 292 495 554 512 237 374 255 62 283 391 256 92 469 95 411 423 484 462 475 709 648 413 289 573 270 659 226 448 153 46 396 74 568 505 392 99 278 90 538 421 210 367 206 278 372 523 194 248 524 235 227 265 408 257 604 237 530 156 595 173 399 627 590 285 158 288 327 355 362 560 
32 620 462 487 401 336 383 65 638 462 689 445 300 176 694 405 505 615 561 206 358 716 219 686 701 315 593 611 575 539 599 408 420 142 803 233 579 633 365 740 654 610 383 689 409 603 480 265 183 172 234 507 890 61 590 141 471 651 736 570 358 679 60 494 666 658 787 653 246 311 570 291 407 405 251 380 566 694 329 812 826 781 606 777 153 519 737 579 291 432 208 127 260 665 752 523 479 279 396 141 
225 429 223 234 331 81 170 189 447 325 455 399 77 118 591 421 270 361 369 96 118 461 46 498 638 368 340 412 490 285 462 411 296 226 551 106 430 389 221 609 493 400 377 463 362 381 301 276 103 400 395 294 645 244 339 354 217 568 490 332 150 447 238 480 555 443 600 406 188 283 316 209 207 269 6 408 394 440 218 598 582 526 380 585 320 266 664 325 394 206 108 324 371 414 507 394 241 174 318 275 
261 362 247 234 266 92 219 226 380 253 405 335 136 116 519 368 294 338 302 84 74 444 72 431 568 328 337 346 419 276 389 356 362 218 520 71 357 347 150 536 422 338 321 408 299 411 354 235 168 410 382 333 604 260 341 360 209 497 451 284 203 395 255 419 483 383 533 367 261 229 305 152 139 197 68 358 323 427 288 539 540 505 406 518 316 263 593 302 364 148 89 329 345 411 466 322 264 117 252 269 
384 352 116 82 377 77 146 348 368 321 324 447 137 262 576 501 157 203 300 232 90 303 197 417 647 473 186 327 498 127 433 485 313 368 396 222 394 248 248 570 438 305 451 344 416 274 263 381 249 554 534 215 498 400 189 506 59 569 341 203 149 320 394 535 536 338 512 260 293 366 158 288 177 283 161 495 342 282 275 484 435 368 267 493 465 112 664 168 514 133 239 475 496 260 361 383 129 257 363 419 
337 278 265 226 226 132 265 303 296 183 331 296 201 183 449 351 308 295 218 152 64 402 155 347 508 332 316 262 358 253 313 335 423 268 462 126 279 282 97 459 340 255 301 330 265 425 398 244 252 465 417 361 535 325 327 415 196 433 387 216 256 320 321 384 411 301 449 305 341 221 279 146 55 137 150 347 241 392 359 457 472 458 418 434 363 250 529 261 382 76 151 382 369 388 399 251 280 121 212 317 
477 128 395 332 181 293 420 447 146 70 259 228 367 322 293 322 430 326 75 297 222 421 316 193 369 348 387 128 226 332 150 300 584 372 432 266 113 255 128 292 172 140 276 235 217 539 546 291 416 560 480 495 466 446 407 512 302 289 346 198 415 242 443 310 253 188 294 283 509 243 346 210 115 98 317 330 75 426 526 330 409 458 527 283 451 343 383 305 415 149 290 480 415 446 347 106 406 214 171 412 
205 538 236 280 435 159 148 176 555 437 546 501 88 184 703 510 275 424 479 179 221 514 132 606 746 444 380 518 599 336 575 503 207 274 619 202 542 473 332 721 605 505 469 560 463 366 246 357 59 406 435 270 724 256 371 367 274 678 567 422 123 540 250 578 667 545 707 486 76 375 366 309 318 381 116 493 505 486 117 698 661 581 370 691 351 310 773 390 455 310 193 344 428 447 587 507 251 276 423 314 
391 333 524 485 43 377 509 374 347 155 484 54 424 273 306 99 568 528 295 271 322 630 318 380 311 135 568 344 185 506 243 79 647 249 655 248 240 474 165 363 316 362 52 457 18 685 644 127 407 393 287 617 689 332 582 351 455 259 569 411 493 467 332 129 282 408 465 502 516 82 528 141 250 144 345 106 264 629 566 535 633 675 678 463 290 507 345 499 206 307 257 326 215 637 571 175 539 176 55 266 
117 543 470 477 301 323 405 117 560 374 634 340 313 134 592 297 516 588 487 164 323 693 202 606 595 208 582 538 472 523 506 300 480 42 766 181 489 587 286 642 566 541 276 627 305 624 521 159 218 161 157 533 840 46 584 111 455 547 692 521 381 622 48 387 566 590 705 610 311 209 553 204 346 320 241 272 483 676 387 742 778 754 624 696 75 507 631 552 192 381 160 79 161 656 705 430 487 201 297 38 
552 158 525 462 173 416 547 526 165 106 335 177 486 405 164 281 560 444 153 387 345 529 417 185 241 340 512 181 107 460 39 260 708 424 517 356 44 357 212 181 112 211 250 297 189 668 675 317 518 592 491 625 522 506 533 548 432 160 431 311 540 317 505 233 126 244 261 384 618 263 471 270 239 165 426 299 100 540 644 342 473 557 656 261 485 472 253 426 410 279 377 519 420 567 425 38 536 289 172 454 
731 142 589 513 378 528 640 701 125 285 258 383 605 576 224 486 611 432 200 552 459 482 569 77 334 548 521 167 277 487 170 465 807 616 421 521 173 324 380 148 95 192 457 211 397 698 750 518 668 794 698 684 379 695 546 748 489 272 348 316 640 244 693 427 201 177 56 342 755 465 485 455 361 340 566 506 179 506 761 167 348 485 683 65 686 510 318 431 618 372 545 718 627 553 330 238 595 465 375 651 
793 212 541 462 505 532 614 759 198 395 155 530 607 637 413 634 549 339 261 608 475 350 608 171 523 678 431 208 449 419 330 612 775 704 256 579 313 239 460 337 254 203 596 131 534 610 698 628 697 896 816 622 190 773 457 847 447 457 205 272 622 155 770 590 387 155 145 242 764 578 406 545 405 435 593 649 281 382 750 24 170 332 594 126 787 448 508 354 747 389 604 815 749 439 180 375 541 543 498 746 
625 369 716 661 245 586 720 610 371 280 548 183 644 509 146 230 755 658 369 504 520 745 548 375 82 322 722 395 109 666 224 220 870 481 730 479 256 573 361 234 289 425 240 506 221 868 854 359 641 593 472 815 721 562 741 560 631 88 645 526 708 530 563 136 158 454 413 600 750 318 681 372 423 318 570 257 316 755 794 522 679 773 858 424 502 676 122 638 380 473 491 540 403 780 637 228 729 405 257 489 
337 595 184 257 551 216 100 313 611 531 560 619 149 319 797 640 202 401 540 308 288 470 257 661 853 580 332 570 703 309 659 631 76 414 590 325 623 479 434 803 676 550 596 584 583 257 112 491 199 541 575 163 708 394 315 505 267 779 556 444 96 559 388 701 759 582 757 483 131 502 333 430 395 480 226 625 577 436 53 725 650 537 265 738 491 279 876 373 595 367 322 482 568 384 580 599 191 395 538 454 
348 532 120 190 508 162 33 318 548 478 493 577 109 298 742 607 145 336 478 281 232 408 229 597 803 555 270 506 653 243 602 597 133 401 526 293 566 412 386 744 615 485 562 518 542 224 114 463 199 548 568 127 643 395 255 508 200 728 490 377 39 492 389 662 704 516 692 417 166 468 268 392 338 430 193 594 517 376 110 658 584 476 229 673 487 213 824 307 577 306 294 482 553 328 514 545 130 357 494 446 
425 591 144 223 592 243 109 397 606 556 529 662 198 386 817 695 141 355 541 370 310 407 318 653 882 643 273 564 732 266 674 684 100 488 533 381 636 446 468 812 680 540 649 560 627 168 26 551 280 627 653 80 656 477 252 589 243 806 511 423 125 531 471 747 777 566 744 446 223 556 285 479 413 511 281 682 584 371 144 698 601 472 178 724 571 237 902 333 665 375 382 565 640 314 536 621 143 444 579 531 
730 139 511 432 431 483 576 697 124 321 139 455 560 573 349 559 524 326 190 545 421 360 550 98 458 604 418 138 376 395 256 537 741 635 289 516 238 218 391 279 182 140 521 98 459 599 671 556 642 826 743 598 251 707 444 777 413 389 219 233 581 130 703 516 320 96 106 230 716 505 387 475 343 363 538 574 207 387 708 65 216 356 583 82 717 422 447 333 673 333 541 745 676 439 200 300 513 475 424 677 
208 561 556 554 285 404 498 215 577 381 675 305 404 215 562 236 603 652 509 241 391 759 287 619 547 143 657 562 441 597 498 246 579 106 821 249 488 638 314 623 566 570 231 661 277 714 618 144 316 134 62 625 884 134 662 94 530 511 743 571 475 661 139 331 541 619 712 663 410 197 625 229 389 335 327 210 496 746 486 764 823 818 713 707 38 584 586 618 103 434 233 75 72 732 752 425 573 241 287 61 
561 334 654 602 178 521 655 544 339 221 511 116 578 442 166 177 694 607 325 437 456 699 481 351 141 267 667 357 73 610 193 164 804 417 692 411 219 528 296 246 268 386 179 472 154 808 789 295 574 539 420 752 695 499 685 503 571 107 606 477 643 492 500 89 161 419 405 556 683 252 626 305 361 254 503 204 274 706 727 505 648 731 798 412 444 617 178 586 328 414 424 481 349 728 601 178 667 337 190 428 
296 326 398 369 116 247 377 270 343 157 437 181 291 153 399 212 444 436 272 143 199 542 187 389 429 188 460 325 286 398 294 199 514 175 589 117 273 405 75 436 349 331 164 422 144 561 512 105 281 362 290 489 646 253 471 313 340 365 508 338 361 422 251 262 367 381 487 431 389 77 423 14 157 102 212 205 266 534 434 528 585 595 555 479 254 394 458 403 241 209 131 282 232 533 516 218 414 43 104 213 
783 180 602 523 446 559 661 752 162 346 238 455 636 626 294 559 618 424 240 601 493 458 612 112 403 617 516 196 352 490 243 538 828 675 380 570 241 315 434 212 165 211 528 195 467 696 762 582 709 858 765 692 320 752 541 811 502 345 316 323 665 229 749 501 274 180 18 328 790 530 484 513 403 398 606 578 234 486 789 105 299 451 680 23 749 516 384 429 687 404 595 780 695 538 295 306 605 520 442 712 
285 449 530 511 163 374 491 277 464 266 579 180 398 213 437 126 577 586 402 226 340 692 278 503 428 47 607 454 316 544 375 129 604 142 738 217 368 553 221 497 445 466 107 560 151 693 622 48 344 259 156 613 789 217 615 218 483 387 656 487 471 564 219 216 415 515 593 580 451 83 570 146 307 229 315 102 381 684 515 653 729 745 689 589 158 537 465 553 91 359 213 195 88 680 662 303 547 173 166 141 
301 607 217 286 541 222 126 278 624 531 584 608 148 298 797 622 240 432 550 291 293 506 241 674 848 558 367 584 699 340 663 615 93 387 624 311 628 504 430 808 684 565 581 606 571 300 154 471 170 504 544 206 740 360 352 469 292 777 586 465 115 582 355 688 760 600 772 511 89 487 366 417 399 477 215 606 584 473 13 746 680 573 308 754 459 310 873 403 569 377 304 448 541 423 609 599 227 383 529 424 
534 394 676 630 184 534 667 522 401 258 567 115 585 431 234 128 718 650 378 431 474 746 479 417 186 221 703 415 141 644 258 121 808 389 748 409 280 578 313 316 335 441 148 531 149 834 802 269 566 490 368 772 757 468 720 458 599 173 662 523 653 549 469 35 231 478 475 606 676 237 662 302 389 278 506 155 330 750 726 572 709 782 826 481 402 649 227 626 276 444 417 439 300 767 658 230 690 337 199 392 
757 373 378 315 612 452 470 721 372 505 194 663 508 621 642 754 362 172 377 589 430 95 566 385 747 765 229 346 634 259 517 733 601 718 35 570 485 181 511 585 464 316 706 240 650 378 505 688 624 913 868 423 164 765 249 864 321 670 97 245 488 212 760 744 607 289 417 153 652 652 231 589 425 513 535 760 427 133 609 309 127 47 360 394 814 287 743 207 824 376 593 831 815 195 112 524 369 570 600 768 
450 340 112 38 415 143 180 414 354 344 280 482 197 326 585 546 137 139 294 296 144 237 262 399 664 525 124 311 518 63 439 529 340 432 334 284 400 199 287 568 433 285 496 306 455 244 272 435 313 619 595 208 440 465 132 571 13 584 284 167 190 279 460 571 545 310 488 206 347 416 92 339 205 316 228 542 342 216 318 446 378 302 233 468 529 55 677 104 571 151 302 540 555 198 306 399 118 310 401 483 
618 16 466 391 302 402 514 587 4 193 181 328 479 462 268 431 490 327 76 436 333 394 448 53 371 475 410 43 263 370 143 410 681 514 363 405 116 224 271 224 90 74 393 139 330 583 625 429 546 701 616 562 361 589 434 653 366 294 279 200 514 164 586 394 231 87 155 247 630 378 372 353 239 238 443 446 78 412 635 193 313 412 569 142 592 390 369 319 544 246 430 622 548 451 270 173 472 357 295 554 
482 263 547 496 85 414 549 462 273 118 431 63 474 351 208 166 588 509 240 341 349 605 382 299 231 231 564 281 89 506 149 145 700 344 610 314 156 438 190 262 226 305 138 398 83 702 683 226 478 494 386 645 628 427 582 452 465 167 524 382 537 413 427 128 182 345 375 466 585 175 523 210 255 148 401 186 196 609 625 456 576 641 692 376 390 513 260 486 301 308 329 426 314 627 521 96 561 240 93 365 
555 621 187 247 678 334 216 527 633 623 521 748 310 502 870 793 148 334 579 481 388 350 430 676 947 751 241 591 800 265 725 780 212 608 479 487 686 440 549 853 717 562 745 560 716 67 114 658 408 757 776 92 608 604 215 717 276 868 479 437 239 527 598 836 831 578 756 431 356 655 270 576 480 587 391 784 628 312 276 690 560 407 84 734 695 244 962 324 780 431 493 692 756 250 505 683 173 542 664 654 
602 43 481 408 268 404 522 571 46 163 222 290 480 446 232 393 508 357 77 422 333 430 439 74 332 441 436 73 221 392 102 371 689 491 404 391 75 258 251 198 62 105 356 180 294 606 639 400 538 674 584 579 402 568 460 627 382 254 319 226 520 204 565 353 194 128 171 283 627 348 397 329 232 214 437 409 50 446 638 228 355 450 592 163 565 411 333 347 511 249 415 596 516 481 311 134 489 337 262 528 
560 164 536 473 178 427 557 534 170 116 341 178 497 413 154 282 570 453 161 396 356 537 427 187 231 344 522 188 100 470 34 261 719 432 523 366 49 365 222 172 111 218 252 302 193 678 685 323 528 598 496 636 526 514 542 553 443 150 438 320 550 323 512 231 115 249 259 392 628 269 481 278 249 174 437 301 108 548 654 344 478 565 666 260 491 482 243 436 414 290 386 525 424 576 431 47 547 298 178 460 
79 525 395 409 321 255 326 55 543 372 596 373 235 81 613 350 440 529 467 112 268 632 133 592 630 269 515 517 496 458 511 348 399 85 714 138 488 541 272 653 563 515 319 594 335 546 440 198 136 226 239 453 797 69 514 180 390 574 645 477 302 585 64 432 583 563 693 561 233 236 488 203 312 313 170 328 472 612 306 717 734 696 547 683 156 440 663 493 266 338 113 152 237 588 660 435 412 186 314 118 
285 379 187 182 323 31 160 249 397 296 394 392 88 161 562 430 234 301 320 132 62 403 96 448 618 389 287 359 468 229 427 417 311 269 490 128 392 327 200 572 450 346 382 405 358 350 295 296 162 453 436 271 583 298 288 405 160 544 428 271 146 387 293 478 524 387 548 344 235 291 259 213 163 245 63 420 350 383 246 541 520 467 346 532 366 212 641 265 424 151 141 374 404 361 445 364 204 178 309 320 
692 232 380 303 489 402 461 657 230 378 53 534 471 544 500 629 381 168 242 513 360 181 500 243 605 651 259 206 494 254 377 608 615 630 129 489 345 86 402 444 321 178 584 97 525 437 531 581 576 827 767 453 172 687 284 777 294 529 44 147 472 71 683 611 465 147 285 76 627 539 237 486 324 395 476 638 289 210 600 193 109 181 420 261 722 284 601 188 714 287 513 744 709 265 39 389 377 473 477 678 
8190 2970 5050 4300 5830 5320 5890 7840 2880 4700 1540 6180 6020 6680 5310 7190 5020 2880 3300 6370 4880 2620 6280 2770 6410 7520 3720 2820 5540 3780 4330 6980 7390 7490 1460 6120 4100 2160 5130 4590 3630 2630 6770 1680 6160 5420 6510 6900 7050 9460 8780 5710 680 8110 3970 8950 4230 5720 1320 2730 6010 1670 8060 6870 5020 2170 2700 2050 7570 6450 3580 5980 4420 4980 6050 7310 3650 2990 7290 1500 530 2270 5250 2500 8390 4080 6290 3130 8180 4110 6370 8630 8160 3610 1070 4650 5010 5900 5730 7950 
1331 5302 4070 4158 3146 2453 3399 1023 5500 3641 6083 3751 2365 429 6336 3608 4576 5412 4653 770 2519 6567 1122 6039 6567 2805 5313 5203 5060 4675 5170 3575 4389 913 7425 1045 4917 5500 2519 6754 5731 5181 3234 6061 3333 5786 4730 1914 1496 2827 2761 4796 8316 1155 5324 2299 3927 5929 6655 4796 3146 5962 1100 4466 5995 5709 7150 5731 2662 2266 5005 1804 2959 2992 1551 3388 4730 6358 3388 7414 7623 7249 5775 7029 1903 4488 6930 5016 2893 3256 770 1958 2596 6127 6809 4345 4257 1595 3058 1419 
8722 5110 9968 9198 3388 8148 10024 8498 5138 3864 7616 2520 8974 7098 2016 3206 10514 9156 5110 7014 7224 10374 7630 5194 1162 4494 10052 5474 1470 9268 3080 3052 12124 6706 10164 6650 3528 7966 5012 3248 3990 5894 3332 7028 3052 12096 11900 4984 8932 8288 6594 11354 10052 7840 10318 7812 8778 1190 8974 7308 9856 7364 7854 1890 2170 6300 5740 8344 10458 4424 9464 5166 5866 4396 7938 3584 4368 10514 11060 7252 9450 10766 11956 5894 7014 9408 1722 8876 5306 6566 6832 7532 5628 10864 8862 3136 10150 5614 3556 6818 
8130 9240 2670 3615 10020 4845 3045 7695 9435 9225 7800 11070 4455 7335 12960 11730 2130 4995 8610 7035 5670 5310 6270 10080 14100 11085 3615 8805 11880 3930 10785 11535 2985 8925 7245 7125 10200 6570 8085 12720 10680 8370 11010 8370 10590 1080 1500 9690 5910 11145 11445 1215 9180 8865 3225 10545 4050 12915 7200 6495 3390 7890 8775 12390 12360 8625 11310 6465 5130 9660 4020 8490 7065 8670 5685 11595 9330 4740 3930 10350 8445 6180 1335 10980 10230 3585 14325 4830 11505 6345 7215 10170 11160 3810 7590 10125 2490 7965 9810 9615 
10656 4896 6360 5556 8232 7056 7452 10224 4812 6888 2940 8712 7812 8916 7776 9900 6204 3792 5208 8532 6672 3000 8340 4728 9096 10224 4608 4680 8016 4896 6564 9648 9084 9984 1488 8268 6264 3384 7260 6912 5748 4404 9372 3276 8652 6384 7932 9408 9156 12348 11652 6948 588 10644 4848 11748 5580 8256 2124 4164 7644 3144 10596 9576 7428 3900 4620 3132 9600 8892 4572 8268 6324 7152 8016 10020 5688 3456 9132 3168 1152 2304 6180 4392 11100 5244 8952 4188 10992 5844 8556 11352 10932 4200 1968 6900 6276 8112 8112 10560 
7680 2940 7330 6630 3730 6380 7650 7450 2850 3320 4510 3410 7100 6270 860 4260 7630 6100 3300 6110 5660 6730 6430 2580 1640 5100 6920 3250 2050 6490 1950 4100 9290 6330 6210 5810 2310 5060 4380 580 1940 3570 4170 4040 3710 8620 8880 5160 7440 7800 6660 8320 5770 7170 7160 7400 6350 1440 5450 4820 7600 4350 7160 3400 1080 3610 2420 5280 8440 4650 6530 4880 4600 3900 6520 4520 2830 6930 8680 3630 5490 6820 8490 2600 6790 6670 1340 6020 5760 4920 6010 7150 5940 7340 5290 2630 7420 5110 3780 6550 
7280 1310 5200 4410 4210 4870 5830 6960 1150 3130 1540 4430 5640 5710 3310 5470 5350 3390 1860 5440 4240 3760 5500 830 4410 5950 4310 1350 3610 4070 2410 5260 7480 6310 3070 5140 2260 2310 3860 2610 1670 1400 5100 1110 4480 6110 6800 5480 6440 8200 7350 6090 2680 7030 4570 7710 4220 3720 2370 2410 5880 1440 7000 5020 3020 1000 890 2440 7200 4980 4000 4700 3420 3570 5400 5630 1980 4030 7140 740 2350 3740 5960 660 7110 4330 4290 3450 6640 3350 5390 7400 6670 4540 2180 2880 5230 4710 4150 6710 
9108 3300 5220 4320 6564 5604 6228 8676 3252 5220 1272 7068 6420 7332 6372 8232 5184 2616 3552 6948 5124 2388 6804 3264 7668 8544 3636 3048 6456 3696 5016 7980 8028 8352 1212 6660 4680 1824 5592 5604 4272 2748 7704 1644 6984 5700 6972 7740 7692 10716 9984 6012 1272 9048 3924 10116 4260 6792 744 2556 6384 1464 8988 7956 5988 2280 3480 1644 8268 7224 3456 6600 4680 5472 6504 8352 4068 2808 7908 2160 528 2100 5484 3216 9456 4056 7572 2916 9312 4236 6948 9720 9264 3540 444 5268 5172 6456 6432 8916 
1690 4520 2870 2970 3090 1430 2270 1330 4700 3250 4990 3730 1330 590 5860 3810 3330 4190 3920 500 1630 5220 230 5210 6220 3190 4030 4380 4770 3470 4650 3740 3320 1650 6070 760 4370 4380 2180 6120 5060 4310 3400 5030 3350 4430 3520 2300 880 3370 3330 3540 6950 1810 4030 2900 2780 5560 5410 3770 2040 4900 1750 4490 5520 4770 6230 4570 1950 2460 3770 1820 2300 2660 590 3650 4090 5010 2460 6330 6320 5860 4420 6100 2560 3280 6510 3830 3380 2430 640 2600 3140 4770 5570 3930 3040 1500 2980 2120 
3876 5028 1392 1620 4764 564 1044 3456 5232 4332 4824 5604 732 2688 7500 6072 1956 3300 4368 2388 1368 4416 1836 5832 8232 5568 2868 4752 6432 2280 5820 5916 2988 3996 5640 2400 5376 3912 3252 7524 5988 4524 5496 5052 5196 3324 2652 4452 2148 6084 6024 2340 6900 4200 2820 5532 1500 7332 5016 3360 960 4776 4128 6636 7032 4944 7008 4056 2568 4404 2640 3468 2652 3768 1356 5952 4812 4104 2400 6732 6144 5220 3288 6780 5124 1992 8484 2880 5952 2280 2520 5184 5700 3732 5268 5136 1596 3048 4596 4596 
7810 2190 5110 4320 5110 5110 5870 7470 2080 3990 1270 5410 5850 6260 4410 6440 5160 3040 2610 5960 4580 3100 5940 1900 5510 6830 3960 2100 4680 3870 3480 6220 7460 6980 2160 5690 3270 2080 4560 3680 2750 1990 6040 1130 5420 5740 6660 6280 6790 8920 8170 5890 1590 7650 4220 8430 4200 4820 1650 2480 5960 1300 7610 6060 4120 1490 1800 2090 7420 5800 3730 5420 3950 4350 5760 6580 2890 3430 7240 640 1320 2920 5570 1600 7840 4160 5380 3210 7510 3730 5940 8100 7520 4010 1410 3860 5100 5370 5030 7420 
9672 4632 5172 4416 7692 6012 6288 9228 4608 6384 2496 8268 6708 8004 7776 9396 4992 2676 4776 7620 5712 1776 7356 4668 9072 9588 3396 4344 7800 3744 6372 9144 7860 9132 360 7380 6000 2568 6552 7020 5652 4008 8844 2988 8136 5148 6708 8700 8088 11484 10896 5724 1416 9732 3624 10884 4476 8172 1380 3372 6492 2712 9672 9204 7380 3612 4884 2256 8460 8232 3408 7524 5556 6540 6996 9480 5340 2220 7944 3516 1176 1080 4944 4620 10272 4080 8988 3084 10320 5004 7644 10500 10236 2964 1416 6540 5076 7320 7560 9732 
2244 5004 3816 3780 3048 1968 3240 1848 5220 3324 5784 3804 2112 384 6408 3924 4380 5076 4284 60 1908 6336 672 5820 6804 3228 5028 4872 5088 4320 5016 3828 4632 1620 7248 324 4692 5136 2052 6768 5556 4824 3420 5760 3348 5748 4800 2136 1704 3900 3624 4716 8208 2112 5064 3300 3504 6036 6396 4368 2988 5652 2064 4716 6000 5400 7044 5400 3012 2292 4668 1512 2400 2604 1116 3732 4416 6144 3612 7260 7452 7080 5712 6900 2784 4140 7164 4644 3540 2688 96 2928 3276 5928 6564 4128 4020 1152 2916 2232 
11531 5356 6851 5993 8944 7631 8034 11063 5265 7488 3211 9477 8437 9659 8489 10751 6669 4069 5681 9243 7215 3198 9022 5174 9919 11089 4940 5109 8736 5265 7163 10478 9789 10816 1560 8957 6838 3666 7878 7553 6279 4810 10179 3588 9399 6851 8541 10205 9893 13377 12623 7475 715 11531 5200 12727 6006 9009 2301 4511 8255 3432 11466 10413 8112 4264 5083 3380 10361 9659 4914 8970 6864 7774 8658 10894 6201 3692 9854 3497 1274 2431 6630 4823 12038 5642 9763 4511 11921 6331 9256 12298 11869 4485 2145 7514 6747 8801 8814 11440 
2951 5616 5941 5759 2288 3913 5382 2756 5824 3315 7059 2834 4173 1755 6071 2522 6552 6864 4927 1924 3549 8255 2600 6396 6175 1625 7046 5603 4511 6240 4979 2483 6838 1105 8983 1846 4784 6591 2366 6721 5798 5707 2093 6877 2366 8047 7085 520 3471 3341 2418 6981 9776 2184 7137 2704 5408 5512 7956 5733 5122 6864 2184 3562 5733 6344 7644 6929 4888 1092 6591 1248 3354 2678 3094 2262 4784 8112 5681 8242 8983 8983 8008 7553 1911 6110 6630 6422 2002 3978 1768 2314 1781 8008 8073 3991 6162 1456 2236 1443 
8148 2184 4536 3430 5236 4284 5460 7658 2282 3724 1176 5936 5334 6020 6020 7224 4760 2240 1974 5586 3556 3290 5488 2786 7378 7462 3444 1750 5614 2982 4088 6930 7756 7168 3318 5236 3570 868 3962 5474 3584 1288 6566 1330 5754 5922 6776 6468 6650 9926 9072 5782 4046 8022 3780 9226 3164 6272 2142 644 5544 1036 7952 7070 5488 1386 3892 1260 7532 5894 2940 5138 2884 3892 5208 7322 2716 3472 7336 3290 3178 3710 5712 3598 8456 3318 7420 2184 8330 2422 5586 8778 8260 3990 2212 4032 4578 4970 5068 7840 
416 8060 6006 6331 5213 4368 4979 845 8294 6006 8957 5785 3900 2288 9022 5265 6565 7995 7293 2678 4654 9308 2847 8918 9113 4095 7709 7943 7475 7007 7787 5304 5460 1846 10439 3029 7527 8229 4745 9620 8502 7930 4979 8957 5317 7839 6240 3445 2379 2236 3042 6591 11570 793 7670 1833 6123 8463 9568 7410 4654 8827 780 6422 8658 8554 10231 8489 3198 4043 7410 3783 5291 5265 3263 4940 7358 9022 4277 10556 10738 10153 7878 10101 1989 6747 9581 7527 3783 5616 2704 1651 3380 8645 9776 6799 6227 3627 5148 1833 
3375 6435 3345 3510 4965 1215 2550 2835 6705 4875 6825 5985 1155 1770 8865 6315 4050 5415 5535 1440 1770 6915 690 7470 9570 5520 5100 6180 7350 4275 6930 6165 4440 3390 8265 1590 6450 5835 3315 9135 7395 6000 5655 6945 5430 5715 4515 4140 1545 6000 5925 4410 9675 3660 5085 5310 3255 8520 7350 4980 2250 6705 3570 7200 8325 6645 9000 6090 2820 4245 4740 3135 3105 4035 90 6120 5910 6600 3270 8970 8730 7890 5700 8775 4800 3990 9960 4875 5910 3090 1620 4860 5565 6210 7605 5910 3615 2610 4770 4125 
3654 5068 3458 3276 3724 1288 3066 3164 5320 3542 5670 4690 1904 1624 7266 5152 4116 4732 4228 1176 1036 6216 1008 6034 7952 4592 4718 4844 5866 3864 5446 4984 5068 3052 7280 994 4998 4858 2100 7504 5908 4732 4494 5712 4186 5754 4956 3290 2352 5740 5348 4662 8456 3640 4774 5040 2926 6958 6314 3976 2842 5530 3570 5866 6762 5362 7462 5138 3654 3206 4270 2128 1946 2758 952 5012 4522 5978 4032 7546 7560 7070 5684 7252 4424 3682 8302 4228 5096 2072 1246 4606 4830 5754 6524 4508 3696 1638 3528 3766 
4224 3872 1276 902 4147 847 1606 3828 4048 3531 3564 4917 1507 2882 6336 5511 1727 2233 3300 2552 990 3333 2167 4587 7117 5203 2046 3597 5478 1397 4763 5335 3443 4048 4356 2442 4334 2728 2728 6270 4818 3355 4961 3784 4576 3014 2893 4191 2739 6094 5874 2365 5478 4400 2079 5566 649 6259 3751 2233 1639 3520 4334 5885 5896 3718 5632 2860 3223 4026 1738 3168 1947 3113 1771 5445 3762 3102 3025 5324 4785 4048 2937 5423 5115 1232 7304 1848 5654 1463 2629 5225 5456 2860 3971 4213 1419 2827 3993 4609 
3707 3058 2915 2486 2486 1452 2915 3333 3256 2013 3641 3256 2211 2013 4939 3861 3388 3245 2398 1672 704 4422 1705 3817 5588 3652 3476 2882 3938 2783 3443 3685 4653 2948 5082 1386 3069 3102 1067 5049 3740 2805 3311 3630 2915 4675 4378 2684 2772 5115 4587 3971 5885 3575 3597 4565 2156 4763 4257 2376 2816 3520 3531 4224 4521 3311 4939 3355 3751 2431 3069 1606 605 1507 1650 3817 2651 4312 3949 5027 5192 5038 4598 4774 3993 2750 5819 2871 4202 836 1661 4202 4059 4268 4389 2761 3080 1331 2332 3487 
6201 1664 5135 4316 2353 3809 5460 5811 1898 910 3367 2964 4771 4186 3809 4186 5590 4238 975 3861 2886 5473 4108 2509 4797 4524 5031 1664 2938 4316 1950 3900 7592 4836 5616 3458 1469 3315 1664 3796 2236 1820 3588 3055 2821 7007 7098 3783 5408 7280 6240 6435 6058 5798 5291 6656 3926 3757 4498 2574 5395 3146 5759 4030 3289 2444 3822 3679 6617 3159 4498 2730 1495 1274 4121 4290 975 5538 6838 4290 5317 5954 6851 3679 5863 4459 4979 3965 5395 1937 3770 6240 5395 5798 4511 1378 5278 2782 2223 5356 
2050 5380 2360 2800 4350 1590 1480 1760 5550 4370 5460 5010 880 1840 7030 5100 2750 4240 4790 1790 2210 5140 1320 6060 7460 4440 3800 5180 5990 3360 5750 5030 2070 2740 6190 2020 5420 4730 3320 7210 6050 5050 4690 5600 4630 3660 2460 3570 590 4060 4350 2700 7240 2560 3710 3670 2740 6780 5670 4220 1230 5400 2500 5780 6670 5450 7070 4860 760 3750 3660 3090 3180 3810 1160 4930 5050 4860 1170 6980 6610 5810 3700 6910 3510 3100 7730 3900 4550 3100 1930 3440 4280 4470 5870 5070 2510 2760 4230 3140 
4692 3996 6288 5820 516 4524 6108 4488 4164 1860 5808 648 5088 3276 3672 1188 6816 6336 3540 3252 3864 7560 3816 4560 3732 1620 6816 4128 2220 6072 2916 948 7764 2988 7860 2976 2880 5688 1980 4356 3792 4344 624 5484 216 8220 7728 1524 4884 4716 3444 7404 8268 3984 6984 4212 5460 3108 6828 4932 5916 5604 3984 1548 3384 4896 5580 6024 6192 984 6336 1692 3000 1728 4140 1272 3168 7548 6792 6420 7596 8100 8136 5556 3480 6084 4140 5988 2472 3684 3084 3912 2580 7644 6852 2100 6468 2112 660 3192 
1638 7602 6580 6678 4214 4522 5670 1638 7840 5236 8876 4760 4382 1876 8288 4158 7224 8232 6818 2296 4522 9702 2828 8484 8330 2912 8148 7532 6608 7322 7084 4200 6720 588 10724 2534 6846 8218 4004 8988 7924 7574 3864 8778 4270 8736 7294 2226 3052 2254 2198 7462 11760 644 8176 1554 6370 7658 9688 7294 5334 8708 672 5418 7924 8260 9870 8540 4354 2926 7742 2856 4844 4480 3374 3808 6762 9464 5418 10388 10892 10556 8736 9744 1050 7098 8834 7728 2688 5334 2240 1106 2254 9184 9870 6020 6818 2814 4158 532 
8280 2370 7875 6930 2595 6240 8205 7890 2475 1590 5025 2655 7290 6075 2460 4215 8400 6660 2295 5805 5175 7935 6255 2775 3615 5100 7680 2715 1605 6900 585 3900 10620 6360 7755 5340 660 5355 3180 2715 1680 3165 3750 4455 2835 10020 10125 4755 7770 8880 7365 9375 7830 7590 7995 8220 6480 2400 6465 4665 8100 4755 7575 3495 1890 3660 3915 5760 9270 3945 7065 4050 3585 2475 6390 4485 1500 8100 9660 5130 7095 8355 9840 3915 7275 7080 3795 6390 6150 4185 5655 7785 6300 8505 6375 570 8040 4335 2580 6810 
10234 1988 8246 7182 5292 7392 8960 9814 1750 3990 3612 5362 8470 8064 3136 6804 8554 6048 2800 7728 6426 6748 7966 1078 4676 7672 7294 2338 3878 6818 2380 6510 11298 8624 5894 7294 2422 4536 5320 2072 1330 2688 6398 2954 5558 9772 10500 7252 9352 11116 9772 9576 5306 9730 7644 10472 6846 3808 4872 4424 8960 3416 9702 5978 2814 2478 784 4788 10570 6510 6790 6370 5054 4760 7924 7084 2506 7084 10654 2338 4872 6790 9562 910 9604 7140 4452 6034 8652 5208 7630 10052 8778 7742 4620 3332 8330 6510 5250 9114 
9516 2544 6492 5544 6060 6384 7368 9108 2376 4740 1860 6360 7284 7644 4956 7608 6588 4068 3132 7296 5700 4200 7296 2052 6276 8136 5172 2496 5388 5028 3960 7344 9300 8448 3072 6948 3756 2868 5520 4044 3048 2436 7152 1572 6408 7320 8376 7536 8364 10752 9792 7464 2280 9276 5484 10164 5364 5484 2460 3264 7464 1860 9240 7080 4644 1860 1740 2904 9168 6936 4872 6540 4860 5220 7116 7788 3372 4584 9000 288 2040 3984 7128 1512 9444 5376 6096 4248 8964 4668 7248 9780 8988 5268 2160 4500 6492 6516 5976 8952 
8750 5166 10024 9254 3430 8204 10080 8540 5194 3920 7672 2562 9016 7126 2044 3220 10570 9212 5166 7056 7280 10430 7672 5250 1148 4508 10108 5530 1526 9324 3136 3080 12180 6734 10220 6706 3584 8022 5054 3276 4046 5950 3360 7084 3094 12152 11956 5026 8974 8302 6608 11410 10094 7868 10374 7840 8834 1232 9030 7364 9912 7420 7882 1904 2212 6356 5782 8400 10500 4452 9534 5208 5922 4452 7980 3598 4424 10570 11116 7308 9506 10822 12012 5936 7028 9464 1708 8932 5320 6622 6874 7560 5642 10920 8918 3192 10206 5670 3598 6846 
4718 8330 2576 3598 7714 3024 1400 4382 8554 7434 7840 8666 2086 4466 11158 8960 2828 5614 7560 4312 4032 6580 3598 9254 11942 8120 4648 7980 9842 4326 9226 8834 1064 5796 8260 4550 8722 6706 6076 11242 9464 7700 8344 8176 8162 3598 1568 6874 2786 7574 8050 2282 9912 5516 4410 7070 3738 10906 7784 6216 1344 7826 5432 9814 10626 8148 10598 6762 1834 7028 4662 6020 5530 6720 3164 8750 8078 6104 742 10150 9100 7518 3710 10332 6874 3906 12264 5222 8330 5138 4508 6748 7952 5376 8120 8386 2674 5530 7532 6356 
4176 6384 1440 2280 6096 1944 396 3816 6576 5736 5916 6924 1308 3576 8904 7284 1740 4032 5736 3372 2784 4896 2748 7164 9636 6660 3240 6072 7836 2916 7224 7164 1596 4812 6312 3516 6792 4944 4632 8928 7380 5820 6744 6216 6504 2688 1368 5556 2388 6576 6816 1524 7716 4740 3060 6096 2400 8736 5880 4524 468 5904 4668 7944 8448 6192 8304 5004 1992 5616 3216 4704 4056 5160 2316 7128 6204 4512 1320 7896 7008 5712 2748 8076 5844 2556 9888 3684 6924 3672 3528 5784 6636 3936 6168 6540 1560 4284 5928 5352 
4675 6501 1584 2453 6512 2673 1199 4367 6666 6116 5819 7282 2178 4246 8987 7645 1551 3905 5951 4070 3410 4477 3498 7183 9702 7073 3003 6204 8052 2926 7414 7524 1100 5368 5863 4191 6996 4906 5148 8932 7480 5940 7139 6160 6897 1848 286 6061 3080 6897 7183 880 7216 5247 2772 6479 2673 8866 5621 4653 1375 5841 5181 8217 8547 6226 8184 4906 2453 6116 3135 5269 4543 5621 3091 7502 6424 4081 1584 7678 6611 5192 1958 7964 6281 2607 9922 3663 7315 4125 4202 6215 7040 3454 5896 6831 1573 4884 6369 5841 
9490 1807 6643 5616 5603 6279 7488 9061 1612 4173 1807 5915 7280 7449 4537 7267 6812 4238 2470 7085 5473 4680 7150 1274 5954 7852 5434 1794 4888 5135 3328 6981 9633 8255 3757 6708 3094 2834 5083 3627 2366 1820 6773 1274 5967 7787 8723 7228 8346 10738 9659 7774 3263 9191 5772 10101 5369 5057 2847 3029 7553 1690 9139 6708 4160 1248 1378 2990 9308 6565 5031 6175 4459 4719 6994 7462 2691 5031 9204 845 2808 4628 7579 1066 9321 5486 5811 4329 8749 4329 7033 9685 8788 5707 2600 3900 6669 6175 5512 8801 
3120 8415 8340 8310 4275 6060 7470 3225 8655 5715 10125 4575 6060 3225 8430 3540 9045 9780 7635 3615 5865 11385 4305 9285 8205 2145 9855 8430 6615 8955 7470 3690 8685 1590 12315 3735 7320 9570 4710 9345 8490 8550 3465 9915 4155 10710 9270 2160 4740 2010 930 9375 13260 2010 9930 1410 7950 7665 11145 8565 7125 9915 2085 4965 8115 9285 10680 9945 6150 2955 9375 3435 5835 5025 4905 3150 7440 11190 7290 11460 12345 12270 10695 10605 570 8760 8790 9270 1545 6510 3495 1125 1080 10980 11280 6375 8595 3615 4305 915 
7293 4342 8502 7826 2314 6773 8515 7072 4407 2873 6643 1508 7514 5746 2158 2301 9022 7891 4225 5681 5928 9087 6253 4563 1833 3471 8671 4641 949 7930 2509 2132 10452 5421 8996 5343 2847 6864 3848 3198 3484 5018 2327 6136 2002 10504 10257 3835 7462 7007 5460 9776 9035 6487 8905 6539 7423 1391 7878 6201 8359 6396 6500 1157 2093 5447 5265 7228 8879 3276 8138 3965 4693 3302 6539 2652 3562 9178 9451 6565 8424 9503 10374 5356 5772 8021 2314 7618 4264 5382 5512 6253 4537 9464 7813 2314 8671 4381 2470 5564 
4440 4890 5970 5535 1740 3705 5655 4050 5145 2355 6555 2715 4365 2295 5985 3180 6660 6540 4080 2145 2985 8130 2805 5835 6435 2820 6900 4875 4290 5970 4410 2985 7710 2625 8835 1755 4095 6075 1125 6540 5235 4965 2460 6330 2160 8415 7680 1575 4215 5430 4350 7335 9690 3795 7065 4695 5100 5475 7620 5070 5415 6330 3765 3930 5505 5715 7305 6465 5835 1155 6345 210 2355 1530 3180 3075 3990 8010 6510 7920 8775 8925 8325 7185 3810 5910 6870 6045 3615 3135 1965 4230 3480 7995 7740 3270 6210 645 1560 3195 
10179 2340 7826 6799 5798 7267 8593 9776 2106 4498 3094 5915 8268 8138 3822 7267 8034 5512 3120 7813 6409 5954 7956 1456 5239 8021 6708 2548 4576 6370 3159 6994 10764 8775 4940 7410 3133 4095 5642 2756 2145 2743 6864 2535 6071 9048 9906 7566 9217 11154 9945 8996 4160 9776 7033 10543 6526 4485 4108 4199 8645 2977 9737 6513 3562 2340 234 4264 10270 6890 6292 6669 5239 5174 7878 7514 3042 6318 10257 1365 3887 5863 8840 299 9737 6708 4992 5577 8931 5252 7735 10140 9035 6994 3835 3978 7865 6760 5746 9256 
3420 5388 6360 6132 1956 4488 5892 3324 5568 3192 6948 2160 4776 2556 5244 1512 6924 7032 4824 2712 4080 8304 3336 6036 5136 564 7284 5448 3792 6528 4500 1548 7248 1704 8856 2604 4416 6636 2652 5964 5340 5592 1284 6720 1812 8316 7464 576 4128 3108 1872 7356 9468 2604 7380 2616 5796 4644 7872 5844 5652 6768 2628 2592 4980 6180 7116 6960 5412 996 6840 1752 3684 2748 3780 1224 4572 8208 6180 7836 8748 8940 8268 7068 1896 6444 5580 6636 1092 4308 2556 2340 1056 8160 7944 3636 6564 2076 1992 1692 
4515 9105 3255 4290 8115 3330 1890 4170 9360 7965 8760 9120 2220 4470 11955 9330 3600 6480 8250 4365 4395 7590 3615 10110 12720 8370 5505 8760 10485 5100 9945 9225 1395 5805 9360 4665 9420 7560 6450 12120 10260 8475 8715 9090 8565 4500 2310 7065 2550 7560 8160 3090 11100 5400 5280 7035 4380 11655 8790 6975 1725 8730 5325 10320 11400 9000 11580 7665 1335 7305 5490 6255 5985 7155 3225 9090 8760 7095 195 11190 10200 8595 4620 11310 6885 4650 13095 6045 8535 5655 4560 6720 8115 6345 9135 8985 3405 5745 7935 6360 
8010 5910 10140 9450 2760 8010 10005 7830 6015 3870 8505 1725 8775 6465 3510 1920 10770 9750 5670 6465 7110 11190 7185 6255 2790 3315 10545 6225 2115 9660 3870 1815 12120 5835 11220 6135 4200 8670 4695 4740 5025 6615 2220 7965 2235 12510 12030 4035 8490 7350 5520 11580 11355 7020 10800 6870 8985 2595 9930 7845 9795 8235 7035 525 3465 7170 7125 9090 10140 3555 9930 4530 5835 4170 7590 2325 4950 11250 10890 8580 10635 11730 12390 7215 6030 9735 3405 9390 4140 6660 6255 6585 4500 11505 9870 3450 10350 5055 2985 5880 
10598 5222 5292 4410 8568 6328 6580 10094 5208 7070 2716 9282 7112 8694 8988 10556 5068 2408 5278 8246 6020 1330 7924 5390 10458 10710 3206 4844 8876 3626 7238 10262 8414 10052 490 7980 6790 2534 7154 8190 6496 4424 9884 3360 9100 5292 7070 9632 8736 12782 12152 5922 2296 10710 3486 12096 4494 9380 1358 3430 6832 2968 10640 10416 8498 4046 5838 2142 9128 9128 3234 8246 5950 7182 7490 10640 5978 1862 8526 4326 1778 658 5040 5516 11396 4018 10402 2898 11536 5264 8302 11634 11410 2730 1568 7336 5166 7980 8400 10752 
6750 5100 1680 570 6225 2145 2700 6210 5310 5160 4200 7230 2955 4890 8775 8190 2055 2085 4410 4440 2160 3555 3930 5985 9960 7875 1860 4665 7770 945 6585 7935 5100 6480 5010 4260 6000 2985 4305 8520 6495 4275 7440 4590 6825 3660 4080 6525 4695 9285 8925 3120 6600 6975 1980 8565 195 8760 4260 2505 2850 4185 6900 8565 8175 4650 7320 3090 5205 6240 1380 5085 3075 4740 3420 8130 5130 3240 4770 6690 5670 4530 3495 7020 7935 825 10155 1560 8565 2265 4530 8100 8325 2970 4590 5985 1770 4650 6015 7245 
6180 160 4660 3910 3020 4020 5140 5870 40 1930 1810 3280 4790 4620 2680 4310 4900 3270 760 4360 3330 3940 4480 530 3710 4750 4100 430 2630 3700 1430 4100 6810 5140 3630 4050 1160 2240 2710 2240 900 740 3930 1390 3300 5830 6250 4290 5460 7010 6160 5620 3610 5890 4340 6530 3660 2940 2790 2000 5140 1640 5860 3940 2310 870 1550 2470 6300 3780 3720 3530 2390 2380 4430 4460 780 4120 6350 1930 3130 4120 5690 1420 5920 3900 3690 3190 5440 2460 4300 6220 5480 4510 2700 1730 4720 3570 2950 5540 
7230 3945 8205 7440 1275 6210 8235 6930 4095 1770 6465 945 7110 5265 3120 2490 8820 7635 3600 5115 5235 9075 5730 4485 3465 3465 8460 4215 1335 7590 2235 2175 10500 5160 9150 4710 2340 6570 2850 3930 3390 4575 2070 5970 1245 10530 10245 3390 7170 7410 5790 9675 9420 6405 8730 6780 6975 2505 7860 5730 8055 6195 6405 1920 2730 5175 5625 6990 8775 2625 7845 3150 3825 2220 6015 2790 2940 9135 9375 6840 8640 9615 10380 5640 5850 7695 3900 7290 4515 4620 4935 6390 4710 9405 7815 1440 8415 3600 1395 5475 
6105 6831 2057 2717 7458 3674 2376 5797 6963 6853 5731 8228 3410 5522 9570 8723 1628 3674 6369 5291 4268 3850 4730 7436 10417 8261 2651 6501 8800 2915 7975 8580 2332 6688 5269 5357 7546 4840 6039 9383 7887 6182 8195 6160 7876 737 1254 7238 4488 8327 8536 1012 6688 6644 2365 7887 3036 9548 5269 4807 2629 5797 6578 9196 9141 6358 8316 4741 3916 7205 2970 6336 5280 6457 4301 8624 6908 3432 3036 7590 6160 4477 924 8074 7645 2684 10582 3564 8580 4741 5423 7612 8316 2750 5555 7513 1903 5962 7304 7194 
9030 645 7215 6120 4020 6060 7830 8565 690 2445 3330 4350 7200 6690 3480 5895 7620 5355 1155 6330 4995 6450 6585 1110 4980 6615 6540 1095 3315 5880 1530 5565 10335 7365 6060 5865 1125 3870 3765 2970 930 1575 5340 2700 4410 9090 9585 6000 8070 10110 8760 8685 6030 8520 6900 9405 5730 3810 4785 3390 7800 3060 8475 5295 2910 1920 2565 4245 9405 5220 5955 4935 3480 3210 6555 6135 750 6690 9570 3420 5325 6750 8880 2445 8475 6165 4995 5205 7665 3735 6225 8940 7740 7215 4665 2010 7335 5055 3930 7920 
5600 1640 5360 4730 1780 4270 5570 5340 1700 1160 3410 1780 4970 4130 1540 2820 5700 4530 1610 3960 3560 5370 4270 1870 2310 3440 5220 1880 1000 4700 340 2610 7190 4320 5230 3660 490 3650 2220 1720 1110 2180 2520 3020 1930 6780 6850 3230 5280 5980 4960 6360 5260 5140 5420 5530 4430 1500 4380 3200 5500 3230 5120 2310 1150 2490 2590 3920 6280 2690 4810 2780 2490 1740 4370 3010 1080 5480 6540 3440 4780 5650 6660 2600 4910 4820 2430 4360 4140 2900 3860 5250 4240 5760 4310 470 5470 2980 1780 4600 
1106 7350 5530 5726 4494 3570 4564 770 7602 5208 8344 5222 3290 1134 8582 4900 6160 7406 6538 1568 3752 8848 1862 8288 8820 3766 7210 7238 6944 6412 7154 4872 5586 1190 9996 1932 6832 7574 3808 9142 7882 7210 4466 8316 4690 7644 6160 2772 1904 3164 3346 6342 11158 966 7196 2520 5460 8036 9030 6678 4228 8190 896 6048 8162 7882 9702 7854 3262 3304 6832 2842 4368 4382 2380 4592 6608 8568 4284 10038 10276 9744 7658 9562 2184 6160 9282 6902 3724 4732 1582 2128 3318 8232 9240 6090 5768 2604 4396 1652 
3705 4927 2431 2366 4199 403 2080 3237 5161 3848 5122 5096 1144 2093 7306 5590 3042 3913 4160 1716 806 5239 1248 5824 8034 5057 3731 4667 6084 2977 5551 5421 4043 3497 6370 1664 5096 4251 2600 7436 5850 4498 4966 5265 4654 4550 3835 3848 2106 5889 5668 3523 7579 3874 3744 5265 2080 7072 5564 3523 1898 5031 3809 6214 6812 5031 7124 4472 3055 3783 3367 2769 2119 3185 819 5460 4550 4979 3198 7033 6760 6071 4498 6916 4758 2756 8333 3445 5512 1963 1833 4862 5252 4693 5785 4732 2652 2314 4017 4160 
7612 2552 4180 3333 5379 4422 5071 7227 2530 4158 583 5874 5181 5984 5500 6919 4191 1848 2662 5643 3960 1991 5500 2673 6655 7161 2849 2266 5434 2794 4147 6688 6765 6930 1419 5379 3795 946 4422 4884 3531 1958 6424 1067 5775 4807 5841 6391 6336 9097 8437 4983 1892 7557 3124 8547 3234 5819 484 1617 5192 781 7513 6721 5115 1617 3135 836 6897 5929 2607 5346 3564 4345 5236 7018 3179 2310 6600 2123 1199 1991 4620 2871 7942 3124 6611 2068 7854 3157 5643 8184 7799 2915 429 4279 4147 5203 5247 7458 
763 463 549 529 369 56 471 520 246 518 185 801 363 577 513 303 659 768 170 554 414 747 628 748 340 539 164 120 418 537 164 448 716 326 576 379 614 472 348 509 464 261 783 720 546 200 267 781 286 651 606 303 445 762 45 319 382 173 801 280 61 319 455 578 475 611 663 696 515 645 409 418 646 205 554 464 461 849 507 739 449 486 503 180 607 747 194 613 496 256 591 136 707 282 571 791 551 693 557 216 498 701 142 343 50 811 341 733 381 328 694 689 618 329 540 395 120 390 391 494 497 517 54 362 432 272 750 611 636 326 266 170 696 466 190 25 152 434 710 728 112 203 727 481 160 688 546 474 349 618 418 538 415 432 270 550 852 503 621 399 345 751 683 415 514 513 336 133 424 667 95 495 609 432 292 145 454 282 170 605 206 560 225 488 635 506 480 547 536 821 799 26 516 249 513 505 542 491 185 613 
160 140 560 243 255 575 375 461 594 212 472 381 303 94 305 519 56 194 589 49 326 155 199 346 274 92 442 518 274 617 438 159 400 277 282 273 49 268 279 465 159 560 181 135 93 412 340 312 321 69 305 479 158 392 573 345 566 436 218 329 586 329 225 223 129 274 128 194 208 55 196 616 96 502 236 409 186 310 579 145 665 117 239 500 78 184 409 91 621 430 253 470 146 335 163 409 257 212 452 458 602 225 470 409 575 229 474 137 222 505 304 89 201 396 247 396 503 451 239 657 381 647 557 394 322 344 243 8 211 359 487 594 153 551 586 618 631 244 300 261 572 554 313 643 449 137 303 225 270 22 281 70 645 249 374 269 322 665 211 205 521 160 124 502 217 675 299 598 360 82 542 210 214 236 609 663 463 593 448 133 573 233 486 145 344 689 391 371 119 366 397 605 245 397 329 112 310 537 533 9 
583 374 143 226 407 375 620 88 605 246 250 428 187 499 167 146 487 515 548 421 128 523 332 380 269 458 320 312 184 177 339 333 317 310 629 450 493 542 239 78 307 595 603 584 467 383 289 441 285 521 663 129 372 374 385 183 132 305 551 278 464 440 489 273 387 267 572 409 248 455 362 172 423 226 583 638 455 541 136 588 218 374 546 484 509 636 335 522 170 185 619 331 597 385 311 824 595 393 128 475 154 394 396 101 380 555 92 521 319 606 337 498 321 124 580 67 318 614 420 205 100 198 379 94 129 258 688 455 331 484 166 551 440 101 276 456 559 213 715 403 493 246 371 192 382 586 624 509 259 474 503 387 204 207 213 219 535 214 610 328 629 604 447 55 538 224 224 527 573 533 335 242 604 222 225 567 25 217 402 357 255 585 205 310 705 238 637 149 332 462 418 412 560 439 618 346 626 96 251 457 
505 312 191 146 364 404 578 99 603 168 271 364 146 430 89 204 410 436 553 349 72 444 253 314 229 391 324 337 123 241 339 271 263 273 572 407 420 492 198 98 240 588 525 508 400 372 268 369 259 446 606 175 313 315 412 162 209 309 472 254 481 408 437 194 324 192 500 331 170 377 309 251 344 261 525 600 399 466 202 511 297 308 491 480 438 561 329 451 244 200 560 341 522 359 232 759 539 316 118 464 225 317 398 114 408 477 146 442 270 587 267 420 242 127 524 63 338 585 374 281 40 270 403 95 63 240 616 380 253 454 207 557 361 175 326 482 571 147 650 328 503 293 301 268 380 513 571 455 217 399 458 315 283 142 205 141 461 290 545 275 610 527 368 134 482 299 189 537 534 458 362 166 541 157 293 584 86 282 398 278 306 526 239 240 648 314 596 91 257 395 357 441 505 420 570 276 574 161 291 382 
429 186 634 397 85 394 128 550 310 364 353 636 306 222 432 473 344 487 323 251 377 447 433 590 223 202 276 364 330 666 260 212 611 182 180 42 276 75 253 547 252 274 445 365 203 203 220 581 215 309 213 439 171 626 385 312 552 280 511 225 357 79 72 417 187 472 294 465 359 348 152 606 377 400 157 150 106 600 626 390 655 211 107 242 255 376 234 255 649 358 194 297 341 133 371 398 154 476 564 196 637 488 256 402 390 522 457 428 182 212 537 379 428 378 143 425 342 162 79 672 478 676 369 400 387 248 360 300 445 78 424 328 437 585 469 402 371 315 313 524 326 448 559 656 242 321 156 85 233 295 21 260 625 319 300 431 610 682 228 182 228 399 412 522 121 693 267 343 86 323 377 343 215 305 539 407 514 522 227 375 467 163 397 272 247 699 146 501 307 633 646 409 118 148 134 257 154 588 419 301 
539 272 299 232 269 256 475 235 453 230 122 497 83 406 207 137 434 506 400 344 108 498 340 445 136 363 170 188 127 320 187 236 409 169 504 308 417 408 114 227 226 440 560 520 372 227 136 485 135 451 538 97 264 455 263 43 205 156 541 126 327 290 360 284 286 309 489 415 229 408 242 259 392 128 461 490 333 565 280 530 309 282 418 330 425 564 180 435 299 54 500 186 523 233 294 711 470 407 266 319 288 413 245 55 260 549 108 490 197 449 391 455 330 32 456 97 186 460 285 322 194 327 252 63 125 105 600 392 346 332 101 403 429 238 209 330 416 153 607 435 349 175 425 307 229 508 492 381 132 406 363 315 281 150 57 248 565 333 501 211 472 546 425 174 415 344 94 383 426 465 214 212 494 157 224 430 181 208 248 335 193 465 108 242 579 350 492 242 282 520 494 293 433 283 481 273 493 246 161 394 
642 399 199 297 403 294 607 178 547 309 182 520 202 531 246 52 541 588 483 461 175 589 408 471 270 488 265 236 224 200 286 360 411 303 638 442 534 542 245 166 343 541 663 633 497 339 265 529 267 566 672 52 393 468 305 175 71 251 624 258 390 419 494 348 413 351 610 486 310 511 374 125 485 146 595 621 466 625 164 640 176 405 552 429 546 681 290 558 170 132 633 270 641 361 377 843 604 472 220 428 163 474 340 90 300 629 26 585 329 564 426 557 397 109 589 108 246 584 419 189 190 197 302 104 184 235 724 503 409 460 86 486 511 120 184 376 488 254 738 487 425 155 460 174 329 628 627 515 264 520 497 429 149 249 183 298 620 200 632 341 587 656 514 64 549 211 226 458 558 580 256 299 625 261 133 492 111 123 351 422 162 598 129 353 713 216 624 241 384 553 512 329 567 403 615 387 628 140 166 505 
732 432 518 493 342 31 457 486 258 482 150 765 327 549 477 273 628 734 183 523 378 714 592 712 306 510 130 85 382 509 133 415 681 294 556 355 584 451 313 475 430 267 752 690 517 175 233 745 253 621 587 271 415 726 16 282 354 138 768 246 76 297 431 542 444 575 635 661 479 612 378 393 612 172 532 454 434 814 478 709 426 455 481 174 578 719 163 584 469 221 570 102 678 255 536 773 530 658 523 205 469 665 120 308 24 777 309 700 349 327 658 657 583 294 519 359 84 383 364 469 462 490 18 326 395 238 724 579 600 308 234 184 662 436 167 60 174 398 689 692 122 176 691 456 135 660 528 451 314 587 397 506 391 397 234 514 816 479 598 367 345 722 649 383 491 489 300 149 409 637 62 459 586 397 269 173 420 258 148 570 182 538 192 454 618 482 468 512 502 785 763 34 494 231 497 471 525 460 155 581 
142 157 572 254 272 593 385 473 610 224 490 379 320 100 317 536 39 181 606 67 342 140 203 345 292 104 460 536 290 630 456 177 403 295 286 288 47 279 297 477 176 576 163 119 105 430 358 307 339 57 307 496 176 392 592 362 581 454 204 347 604 345 238 231 147 281 120 191 221 46 213 631 93 519 242 419 200 299 592 127 680 135 248 517 79 170 427 90 634 447 256 488 133 352 172 403 263 210 463 474 616 223 488 426 593 215 490 122 241 519 305 73 206 412 254 411 521 463 255 671 393 660 575 410 337 362 233 11 215 374 505 611 147 565 603 636 648 259 296 259 590 571 313 657 467 126 309 236 288 16 294 88 660 265 392 279 312 680 211 223 534 143 116 517 226 689 317 615 372 68 560 223 216 253 626 680 477 611 465 138 591 238 504 161 346 703 400 381 133 361 395 623 253 414 337 130 317 550 551 9 
328 81 572 302 82 434 219 481 412 267 359 526 251 128 346 452 236 376 412 139 312 338 324 482 179 96 303 389 258 614 293 116 510 154 192 90 173 116 203 480 155 378 346 273 99 251 214 469 200 209 226 413 71 520 429 274 520 301 401 211 423 149 60 314 77 371 211 353 262 236 75 575 264 400 146 249 18 487 573 295 625 102 110 324 159 296 263 163 604 341 184 329 256 169 264 395 158 364 488 281 589 376 310 360 432 412 423 320 120 323 430 271 320 339 143 370 369 275 62 632 404 632 412 353 317 233 303 190 337 177 407 417 325 536 479 462 457 236 292 413 402 452 450 617 291 237 189 75 184 188 105 148 597 241 280 336 498 642 188 109 340 306 299 476 101 653 222 425 190 225 408 249 179 226 530 491 457 513 284 264 472 149 391 171 268 662 237 418 199 522 537 458 123 221 193 149 193 533 426 191 
224 256 456 163 380 626 542 361 715 156 501 203 310 273 217 496 168 130 694 199 290 147 53 167 329 260 503 560 259 522 507 244 230 355 460 410 225 434 317 369 212 686 241 260 265 502 404 140 384 226 484 460 274 214 628 358 516 493 165 389 665 454 384 112 254 133 293 29 157 135 305 557 85 515 413 574 339 182 490 249 601 230 410 606 256 316 482 268 538 440 432 530 290 439 95 577 434 35 338 570 518 47 553 386 628 170 441 152 306 645 130 154 64 382 423 352 551 604 371 579 291 561 614 365 277 394 396 175 57 493 481 699 59 473 596 686 730 236 472 84 664 561 135 568 532 291 479 389 319 194 435 181 589 239 402 166 186 586 389 292 664 264 80 441 390 594 330 695 519 229 586 175 393 236 589 756 388 576 537 67 579 411 495 187 523 611 559 259 141 193 218 660 418 509 502 188 486 450 548 176 
440 238 703 457 154 448 62 618 320 423 419 684 375 238 495 542 368 515 348 287 445 471 482 640 292 230 339 424 397 736 320 270 667 252 135 111 296 55 322 615 310 282 455 370 228 261 289 624 285 324 162 508 226 679 439 382 622 344 535 294 400 141 100 472 235 529 294 506 418 377 214 676 413 466 130 90 145 632 696 397 725 260 92 277 269 370 297 266 718 427 158 357 340 198 422 346 118 519 631 233 707 532 308 472 444 546 527 451 248 204 588 403 479 448 113 494 403 134 143 742 545 746 422 470 455 317 338 329 495 119 492 353 473 655 533 447 398 379 273 569 362 513 608 726 297 320 101 96 302 320 59 303 694 384 370 491 644 752 205 246 214 403 445 592 114 763 337 374 40 336 435 403 191 370 605 436 584 589 280 421 532 137 464 328 189 769 80 566 357 677 695 460 95 197 69 307 97 658 484 329 
616 346 290 301 327 213 523 250 453 303 89 555 161 480 266 71 512 581 391 421 172 575 412 504 205 437 170 149 202 294 191 311 458 231 566 363 493 466 188 240 304 447 638 597 446 246 182 550 188 528 601 42 336 509 223 118 154 157 617 178 302 334 422 354 360 372 564 488 302 486 311 207 469 66 526 534 400 636 258 608 254 357 481 335 500 640 197 511 263 44 566 176 599 275 368 778 534 479 288 334 257 483 246 81 219 624 76 567 267 471 453 533 401 78 519 131 156 493 346 277 234 289 217 102 188 155 674 469 416 372 24 393 504 214 137 294 398 230 676 502 334 102 487 262 235 584 552 444 203 483 418 392 222 226 104 312 634 288 571 282 493 623 501 154 480 299 167 367 473 543 173 286 563 234 148 405 185 132 257 411 119 530 44 320 641 301 539 286 359 582 550 250 496 312 536 350 552 232 96 471 
607 307 478 387 220 133 367 424 264 371 109 662 223 425 382 254 503 612 209 397 286 590 479 609 185 385 21 97 276 486 8 291 588 169 447 240 459 341 198 416 308 256 627 565 392 67 111 635 131 496 479 234 289 628 129 185 342 35 645 125 151 187 314 433 319 472 511 544 368 488 253 391 490 156 418 370 312 697 449 583 434 329 367 144 453 595 38 460 454 157 457 30 554 137 420 665 418 543 456 144 449 551 55 241 132 655 267 576 224 282 553 532 470 220 406 287 76 315 243 465 383 480 112 253 303 122 603 454 488 210 204 213 542 405 208 173 229 288 575 580 161 194 585 450 43 536 422 335 195 461 287 381 400 287 138 412 700 476 480 242 304 596 527 345 375 487 188 195 316 512 110 347 468 285 293 248 366 277 66 451 211 423 163 333 513 486 380 428 381 677 662 158 381 136 396 348 420 422 164 456 
289 314 814 508 335 683 265 717 574 474 623 644 510 195 566 718 281 409 605 281 560 358 474 615 445 232 559 647 504 864 545 355 674 420 122 313 226 219 466 719 382 536 293 214 223 493 479 568 467 221 106 679 319 662 676 538 783 560 412 477 650 371 238 496 301 549 156 457 469 312 338 837 362 666 135 294 250 530 824 240 887 315 186 531 197 177 517 184 859 608 99 583 174 415 436 136 140 478 715 486 843 490 548 622 681 423 685 338 384 453 577 305 476 602 150 625 626 375 313 890 636 886 659 612 561 499 103 276 486 367 674 610 407 789 743 695 654 476 27 525 616 718 582 875 533 165 160 217 448 256 271 315 861 482 547 537 547 900 79 370 458 235 376 733 177 910 486 630 291 221 663 464 87 467 797 692 705 780 520 408 737 130 657 384 115 921 269 636 381 620 661 701 174 441 203 349 167 782 691 275 
544 328 755 537 220 428 75 676 239 505 430 777 432 342 569 568 471 617 283 387 506 574 574 732 349 331 342 420 463 780 322 354 752 305 218 179 399 159 379 672 393 201 558 473 330 259 323 721 326 428 236 538 313 768 416 428 652 351 638 333 358 171 199 559 328 614 397 604 500 480 293 705 513 479 228 54 242 734 740 501 751 352 195 232 373 471 305 370 757 455 249 354 442 226 513 404 212 616 695 198 747 628 291 514 423 650 563 554 318 114 679 506 570 490 210 545 398 34 219 775 610 784 401 517 517 354 431 431 587 127 516 287 574 697 533 408 333 451 351 665 312 520 700 760 287 423 180 199 360 423 146 400 718 455 404 571 746 786 302 320 118 506 546 634 217 797 390 315 64 440 425 483 288 442 618 371 635 602 265 516 537 234 482 414 249 800 76 637 449 774 788 432 197 190 137 398 172 705 490 431 
600 409 98 241 450 417 663 52 652 266 295 413 229 530 178 180 509 524 594 449 163 536 340 367 311 490 367 356 219 142 385 368 296 353 667 492 519 583 282 40 339 642 620 607 499 430 335 434 330 546 701 170 409 356 428 228 143 352 559 324 509 485 529 283 421 267 600 415 269 475 402 170 439 268 621 682 493 539 103 608 210 406 585 531 538 660 382 551 146 231 656 378 622 431 328 858 634 397 95 522 127 396 443 148 423 562 132 535 360 652 330 517 329 171 619 111 363 659 462 186 102 171 423 140 160 305 716 479 337 529 207 597 451 79 312 499 604 245 749 401 539 283 363 174 429 612 664 548 302 499 545 415 203 240 260 228 532 193 644 367 675 624 460 69 577 202 268 572 617 557 378 266 639 255 249 612 22 243 449 373 290 622 248 340 744 218 681 141 356 450 401 454 599 486 660 376 666 61 292 481 
408 311 268 90 406 536 609 176 699 124 403 218 232 395 73 352 332 315 659 308 172 334 136 167 296 364 438 468 181 336 449 277 134 337 567 446 365 508 270 185 237 678 426 431 372 467 358 223 343 381 596 322 321 175 543 270 349 424 349 343 602 467 452 93 318 54 444 205 129 296 334 384 251 401 517 636 408 325 305 426 424 295 497 578 391 487 431 404 355 333 546 459 455 430 152 724 535 185 150 553 334 183 505 255 540 351 293 338 309 660 120 330 128 262 521 207 466 640 408 396 117 376 532 233 154 336 558 317 130 513 352 664 247 293 471 610 684 181 614 187 616 437 154 386 485 450 575 465 283 338 489 275 417 178 319 56 318 402 517 306 682 442 263 271 481 410 271 649 572 389 495 144 517 188 440 703 214 429 498 188 451 517 379 222 639 428 627 74 208 247 214 574 508 500 585 250 580 267 433 318 
220 82 520 210 204 515 350 422 545 176 412 393 246 102 269 463 115 240 536 17 277 207 196 352 214 73 383 458 222 574 379 99 393 218 278 227 89 242 220 425 102 512 241 191 80 355 280 331 261 122 306 423 102 394 514 287 513 376 268 269 528 279 192 203 74 259 168 214 172 103 139 565 124 442 229 382 148 347 535 203 615 57 220 446 106 236 350 118 574 371 254 410 195 279 144 433 249 227 418 405 557 239 412 355 515 278 420 191 163 462 304 145 195 340 237 345 443 415 190 609 341 601 497 340 274 284 284 67 209 313 430 541 184 505 526 559 577 192 324 276 516 495 319 595 391 183 293 197 210 78 245 18 593 198 315 241 357 618 224 145 480 218 160 453 200 628 240 543 328 137 482 168 224 184 553 608 418 536 391 130 514 228 427 93 348 641 367 338 84 385 406 545 228 344 311 57 299 493 473 69 
581 282 455 355 204 155 367 397 291 339 98 630 191 403 350 239 476 583 239 371 255 562 448 577 155 363 22 107 245 465 26 263 557 143 437 228 435 331 166 389 279 279 601 541 370 74 81 603 101 472 470 214 265 596 153 154 326 21 616 95 183 181 300 401 294 440 489 513 336 460 229 376 461 147 406 373 294 666 428 559 421 303 355 168 431 573 26 438 436 134 445 49 532 126 389 655 407 512 428 162 430 520 83 214 155 625 245 549 197 298 521 505 438 193 394 260 87 324 226 449 353 462 136 226 272 90 585 428 456 211 187 243 512 384 210 203 261 256 562 548 192 191 553 434 67 514 415 321 164 436 278 354 388 256 108 380 669 460 464 215 321 572 498 322 361 471 157 226 316 488 126 316 453 253 287 280 340 270 87 421 209 410 150 303 506 472 381 398 351 646 631 184 369 142 391 320 413 399 162 430 
473 201 345 197 206 289 418 266 438 185 164 471 32 335 192 209 368 450 395 274 102 437 296 419 68 291 175 222 86 376 185 165 398 108 436 248 346 343 43 262 158 420 494 451 300 206 98 449 88 381 471 169 192 437 292 28 273 162 485 84 340 239 293 245 215 281 418 367 183 344 172 328 332 186 393 436 264 519 335 462 378 211 351 316 354 494 167 364 360 112 431 199 452 188 242 641 403 362 289 295 347 369 240 114 291 493 176 428 126 416 363 391 286 92 388 135 214 415 221 387 207 388 279 110 118 72 529 324 304 284 171 399 374 295 270 354 420 102 536 395 351 237 395 372 221 438 427 314 62 337 302 246 351 100 64 221 521 397 430 140 439 477 366 233 347 408 24 385 371 396 249 163 423 101 295 439 225 278 235 280 256 395 169 177 512 416 435 245 220 489 472 324 366 249 419 205 428 298 218 326 
445 408 288 192 509 635 707 219 806 224 502 145 338 474 178 432 389 330 765 389 274 363 188 108 402 449 542 567 288 358 554 376 29 443 655 549 436 605 377 231 336 785 460 484 457 574 465 186 450 445 682 408 419 87 643 374 412 528 359 449 706 573 549 175 413 118 511 228 229 355 436 436 305 495 605 736 504 299 337 473 469 389 589 685 465 540 538 478 389 431 631 563 513 537 231 795 624 204 179 660 368 195 611 347 640 358 375 372 414 766 99 378 185 358 611 297 566 744 510 431 195 405 632 327 257 442 619 385 176 618 441 770 280 339 559 711 789 287 688 178 721 526 118 423 591 512 666 561 390 406 589 360 469 285 422 159 286 435 596 409 788 488 304 336 573 440 378 754 673 450 594 246 598 295 514 807 276 506 605 253 538 604 473 318 724 461 725 143 295 187 132 673 600 607 680 342 672 308 525 387 
593 298 406 336 239 149 415 353 336 325 50 608 170 426 322 187 487 583 279 385 224 566 436 556 159 384 51 86 225 415 71 273 528 160 477 268 452 373 160 345 282 328 613 559 392 126 97 588 113 489 511 163 283 571 152 126 273 37 618 104 206 227 337 385 311 418 512 505 322 467 250 324 463 98 443 423 325 658 378 575 369 317 394 216 451 594 77 460 384 85 482 64 553 169 381 694 446 502 386 213 378 509 127 170 152 626 195 555 212 350 501 514 426 150 433 218 74 376 261 397 316 410 139 184 242 88 614 440 443 260 135 282 509 334 169 214 294 241 598 535 227 146 534 382 115 536 457 358 164 450 321 363 336 240 77 358 660 408 497 230 372 589 499 273 398 419 145 261 364 505 111 303 487 240 237 309 294 221 136 416 165 447 99 304 548 419 430 363 351 628 608 184 408 194 436 326 456 350 117 441 
93 206 613 295 316 643 409 514 650 267 541 385 370 122 358 586 26 160 649 116 390 111 228 357 343 142 510 587 339 673 506 228 424 345 296 328 65 306 348 519 227 615 113 74 139 477 408 309 389 40 312 546 224 405 641 413 629 504 175 398 651 387 271 265 195 311 103 199 264 61 261 679 110 570 256 443 237 282 636 77 727 185 272 561 92 129 476 97 679 498 262 538 98 398 209 384 277 221 501 518 660 233 536 475 643 186 539 91 291 554 324 47 234 462 270 459 571 494 298 716 435 705 625 459 384 413 203 62 239 414 555 655 148 610 654 684 693 308 281 266 636 622 326 703 515 98 324 266 339 52 328 139 708 314 443 317 297 725 211 273 568 93 118 564 249 734 368 661 401 37 610 269 219 302 677 726 522 661 512 169 642 252 555 211 347 749 423 419 179 362 403 672 274 458 356 180 332 594 602 60 
399 389 894 598 377 705 239 799 551 563 664 751 577 288 653 773 388 519 593 374 635 467 575 720 504 318 590 677 580 939 574 431 776 472 137 345 328 241 529 799 463 513 402 324 310 516 524 676 515 328 102 736 389 767 696 598 845 594 522 525 655 393 281 592 378 646 264 563 558 417 401 900 467 710 179 259 308 640 898 350 950 396 222 531 297 285 548 285 929 660 142 611 284 446 532 92 169 583 801 489 915 596 565 686 701 533 748 448 446 426 680 414 577 664 184 696 656 345 357 958 719 957 679 679 639 548 204 378 587 377 727 598 514 861 782 703 643 554 93 631 615 760 687 943 553 274 157 259 510 359 293 406 922 559 599 629 657 968 165 435 425 345 483 802 224 979 548 623 280 330 690 551 165 544 846 681 781 829 537 508 779 176 705 469 67 988 236 724 473 729 768 718 207 454 189 435 160 857 731 377 
601 349 719 537 226 347 165 649 150 508 369 794 409 395 559 513 517 660 190 423 484 620 591 746 330 375 279 348 448 736 258 365 754 287 301 196 450 221 359 643 403 111 617 535 376 199 287 745 295 482 323 488 331 778 334 395 599 291 684 300 268 156 244 566 352 619 461 632 503 520 303 650 547 417 302 147 280 771 698 561 694 376 260 145 427 540 248 426 709 405 329 286 507 196 528 496 289 640 672 119 702 652 217 475 341 695 516 602 315 39 690 553 585 452 284 512 327 65 234 723 589 735 321 481 498 317 510 473 603 113 461 194 607 654 462 319 239 442 438 687 221 453 715 708 218 488 264 252 343 469 187 429 660 445 363 569 780 734 377 323 59 568 583 591 280 745 365 222 133 496 349 484 363 434 553 278 600 537 195 539 468 308 423 426 340 745 168 622 467 795 802 346 266 136 222 418 257 666 423 474 
499 369 176 156 445 509 656 87 706 190 377 280 240 469 100 295 419 408 657 383 166 427 228 234 317 435 429 442 201 244 444 330 166 361 631 487 446 562 288 98 293 689 518 519 443 474 367 303 355 465 662 273 375 224 517 264 275 415 441 352 587 497 505 180 378 147 526 297 194 384 380 302 341 364 582 680 463 410 214 515 340 358 555 583 470 574 432 483 266 306 613 447 540 452 236 800 598 277 58 564 244 274 502 219 514 443 239 430 347 683 199 420 219 233 584 168 444 674 451 307 65 286 509 200 150 340 641 399 223 543 307 661 340 208 423 587 676 214 691 274 608 391 231 298 484 534 635 521 305 420 535 349 335 210 309 128 401 313 590 348 705 531 355 198 542 320 283 642 615 474 467 201 588 224 376 690 138 368 501 276 403 582 342 284 705 339 674 28 283 317 269 546 568 517 640 317 639 179 393 401 
176 134 530 212 256 563 392 431 597 182 455 357 281 120 275 496 70 187 588 50 300 155 170 320 259 108 431 504 249 588 429 146 370 267 307 278 80 285 262 435 139 564 197 161 112 407 328 290 308 99 331 456 154 364 562 324 540 424 215 316 579 331 238 192 126 243 159 171 178 51 191 589 76 483 260 425 196 297 550 167 638 109 258 499 108 213 400 121 592 410 279 459 175 331 132 439 280 187 421 458 573 200 463 385 563 226 449 140 212 513 276 96 171 372 269 369 490 463 242 629 351 618 546 369 295 329 274 32 182 364 466 593 136 522 567 609 629 218 331 237 568 535 287 615 442 167 326 240 253 53 292 55 618 223 357 238 308 637 239 194 530 183 109 475 237 647 281 595 374 110 528 181 242 212 587 660 434 571 442 103 554 257 467 122 371 661 409 340 91 344 371 593 265 396 349 93 333 508 515 34 
340 245 748 461 229 568 153 654 455 426 518 644 428 168 513 624 293 438 484 247 487 389 454 608 354 186 447 535 433 791 432 285 653 323 19 200 222 99 379 654 320 417 351 265 179 377 376 575 366 237 49 586 242 652 560 449 695 450 451 376 530 254 132 462 235 518 188 457 421 314 251 750 359 563 31 185 158 560 750 293 800 255 73 410 190 251 405 181 780 511 23 470 228 303 404 226 21 475 659 365 766 488 431 536 565 463 598 369 296 336 562 325 454 515 35 547 514 259 208 809 576 808 543 529 492 399 206 268 467 247 578 489 415 713 637 576 533 409 139 525 495 613 575 794 416 211 49 110 360 252 153 276 772 414 450 494 575 819 79 286 343 295 384 653 75 830 398 509 171 245 550 411 66 399 698 571 633 681 402 388 633 31 556 329 92 838 161 584 341 629 659 584 59 322 90 298 57 710 585 267 
472 314 203 115 383 457 595 104 645 144 324 308 177 421 51 260 384 394 598 336 104 406 210 258 255 384 371 390 139 263 385 274 208 299 576 426 403 503 226 109 238 627 492 484 393 412 305 315 293 426 608 232 318 259 465 204 258 356 429 290 531 435 447 153 323 141 483 286 148 350 321 295 312 316 527 619 406 415 228 483 338 305 498 522 425 538 371 438 275 253 560 389 502 389 201 752 543 269 100 502 255 268 442 169 462 433 202 406 286 620 212 390 200 180 528 119 389 612 390 315 27 299 455 149 88 278 600 359 208 481 264 602 321 209 382 534 618 154 643 277 550 349 246 303 424 494 578 464 243 379 474 301 328 149 250 98 409 322 540 288 643 499 331 181 486 331 220 584 554 436 416 151 537 164 347 634 125 337 440 245 362 528 294 232 651 348 614 38 238 339 301 495 511 455 581 267 582 188 347 361 
229 172 669 364 221 574 254 572 522 330 498 526 369 52 421 580 172 318 535 139 415 270 341 491 309 86 444 529 359 719 433 212 542 291 139 214 101 158 328 573 237 485 242 158 77 390 353 455 338 118 160 541 179 536 569 400 642 442 332 349 559 277 140 356 158 411 82 338 325 193 204 695 240 537 97 288 129 440 679 185 746 170 120 451 69 164 403 60 715 475 108 470 129 308 297 281 119 357 570 406 698 370 448 481 573 344 545 249 248 414 448 204 342 462 112 481 510 347 199 747 491 742 552 469 416 369 163 149 354 290 539 540 294 645 618 599 582 331 172 406 533 590 458 732 430 109 165 127 311 131 194 172 721 337 413 395 454 756 69 232 426 191 263 590 98 767 348 553 253 127 548 320 70 322 663 618 561 646 421 275 610 93 527 239 199 778 267 492 239 509 542 597 119 351 198 204 173 637 564 148 
523 307 740 518 202 427 62 661 252 485 422 757 416 321 551 558 449 596 292 365 489 553 554 711 333 310 335 415 446 767 315 333 732 289 201 160 378 137 363 657 373 213 537 453 309 253 311 700 312 406 221 527 292 748 415 414 641 344 617 320 361 156 177 538 307 594 376 583 480 458 273 694 491 471 209 51 220 712 727 480 741 331 174 235 352 451 297 349 745 444 231 349 422 213 492 393 193 595 678 198 735 607 288 501 422 628 551 533 300 129 658 485 549 477 191 530 393 53 199 764 593 772 400 503 501 341 413 409 566 115 506 296 552 684 528 411 341 433 336 644 317 514 680 749 282 402 163 177 344 401 124 378 709 437 392 551 724 775 283 301 135 485 525 621 196 786 374 322 42 419 421 464 269 424 611 380 620 594 262 495 530 215 473 394 237 789 67 619 428 753 767 432 176 183 121 377 156 691 484 410 
808 563 244 458 553 338 745 288 625 474 283 652 367 696 402 155 708 749 552 628 341 754 566 607 428 653 372 308 391 193 393 525 534 456 792 589 702 692 406 276 510 629 829 801 662 455 407 673 414 733 827 194 555 595 353 335 103 362 785 404 445 556 648 507 577 502 777 644 475 678 534 72 651 234 751 754 624 776 187 808 66 570 706 522 713 848 408 724 146 269 790 365 808 497 541 1002 759 629 329 533 160 629 436 256 345 790 192 750 488 670 569 723 555 273 744 273 327 705 571 121 334 153 357 271 349 381 890 670 566 591 202 553 673 170 201 413 542 421 899 638 491 200 602 115 433 795 777 669 424 687 643 597 42 416 329 454 769 128 793 503 692 824 678 180 705 135 386 519 694 747 316 465 786 428 100 534 237 114 456 586 189 755 232 520 866 121 760 379 551 690 640 363 721 524 761 554 777 203 228 673 
656 362 586 482 249 162 326 533 155 462 210 756 323 459 483 356 557 681 104 451 390 652 565 704 269 425 129 172 374 591 111 357 690 239 435 249 503 333 289 525 383 150 675 604 430 92 198 723 215 539 464 340 343 726 149 290 443 144 711 214 97 186 324 524 371 567 541 624 458 548 305 490 559 253 417 320 337 775 556 626 529 387 367 41 490 625 123 495 557 265 453 122 587 165 503 648 412 626 564 71 554 635 53 350 156 721 374 636 291 194 647 590 557 329 402 396 154 247 269 565 490 582 136 362 407 219 619 508 575 185 307 108 615 512 283 144 134 381 571 666 72 280 678 551 70 567 404 342 281 511 281 443 495 382 245 509 780 576 488 306 214 637 597 452 381 586 284 100 279 555 168 438 475 376 380 163 475 366 58 529 292 423 265 408 492 584 335 534 456 768 758 163 378 113 370 416 400 529 252 510 
371 425 417 249 542 728 720 345 865 268 595 25 414 455 265 545 344 243 833 379 364 287 179 27 461 441 621 660 359 487 630 403 110 497 642 578 406 612 441 356 366 839 382 425 446 639 532 71 514 404 666 517 441 53 733 457 535 608 264 516 787 613 560 206 426 164 470 169 272 314 466 562 266 595 595 751 514 179 466 408 597 401 590 748 438 480 609 449 518 526 614 645 461 588 241 751 616 149 306 717 497 136 683 450 731 259 487 301 456 808 82 323 183 456 605 402 655 774 537 560 308 534 721 428 346 514 565 357 166 656 547 838 219 466 666 798 863 349 649 101 795 632 53 552 662 464 661 567 449 375 608 357 595 349 505 225 164 564 570 446 828 421 249 457 570 569 448 828 693 404 686 293 575 353 631 885 398 622 672 240 646 593 573 342 705 590 737 257 304 58 36 765 598 659 682 355 668 435 627 358 
550 251 456 335 174 186 345 393 297 317 120 609 174 372 335 252 446 555 252 341 243 533 424 557 129 332 53 138 226 472 49 234 541 112 409 200 404 304 143 386 251 282 571 510 339 68 54 580 73 441 443 224 234 578 183 143 337 50 588 69 207 157 271 379 263 420 458 487 314 430 198 390 433 168 377 354 264 640 434 528 436 273 327 174 400 542 25 407 445 141 416 80 501 100 364 627 379 487 422 160 437 495 98 214 185 597 252 519 167 292 501 475 415 191 366 255 118 310 197 461 344 472 167 222 259 70 555 398 433 191 201 257 484 390 236 230 279 234 533 525 211 215 532 446 78 483 388 292 139 405 252 324 403 235 102 362 644 472 434 185 315 541 470 327 332 483 136 243 294 457 157 293 424 231 307 301 340 291 92 394 234 381 168 275 479 485 360 386 324 624 611 214 341 129 366 291 387 402 186 399 
224 134 629 326 199 549 266 532 515 291 467 495 331 21 382 545 151 299 523 101 376 253 306 459 275 47 417 501 321 680 408 174 506 260 168 199 78 163 292 534 198 479 240 161 38 368 323 427 308 106 192 505 143 503 545 364 605 415 317 317 539 261 132 319 121 374 95 309 286 167 171 658 210 505 121 300 108 419 640 185 708 131 129 437 51 180 378 50 676 440 140 444 140 286 260 321 142 326 531 392 659 339 426 443 548 329 508 233 214 414 414 186 307 425 132 442 483 352 177 708 452 703 528 432 377 337 194 120 319 280 505 528 267 606 586 578 569 292 211 376 517 558 426 694 407 121 188 124 276 106 189 133 684 298 380 356 433 718 108 198 427 194 237 551 106 728 313 538 258 119 521 280 107 283 629 604 521 612 401 240 578 118 493 199 233 740 281 453 200 481 510 574 132 335 216 164 196 598 533 119 
299 245 375 84 359 563 544 279 681 90 434 209 245 301 134 418 224 213 652 217 213 227 29 160 280 277 448 496 191 440 454 220 188 314 483 395 264 439 263 286 182 655 317 323 284 458 353 174 335 276 510 382 259 195 567 291 433 436 249 338 612 429 384 31 247 59 341 107 93 189 283 474 142 444 434 574 338 250 407 317 518 223 421 566 293 380 431 306 455 370 458 473 348 404 61 624 453 93 258 534 435 97 504 309 566 253 361 229 272 624 105 221 19 307 440 271 489 592 355 496 208 478 554 287 199 338 452 214 30 472 405 657 141 390 522 629 684 174 516 120 617 488 130 484 483 345 496 394 269 235 429 188 506 175 338 83 249 503 423 262 644 333 154 358 403 511 272 649 514 283 523 113 425 176 510 708 305 497 492 82 505 432 423 159 551 528 562 178 126 218 216 599 431 475 512 176 502 367 477 216 
414 117 504 282 45 330 258 420 354 253 253 541 176 228 309 355 313 437 337 207 248 408 340 492 93 188 197 282 203 538 189 117 500 54 281 87 263 183 123 417 150 325 434 369 195 156 108 496 97 300 316 318 98 523 326 185 429 195 467 107 330 98 137 312 127 364 314 389 248 303 61 483 316 295 242 279 120 536 497 388 533 143 196 248 256 398 159 263 521 241 282 224 357 79 276 494 249 394 436 209 509 405 214 274 329 477 332 392 61 293 436 345 333 251 234 295 263 271 61 546 350 549 309 271 259 130 410 264 352 143 308 342 374 456 373 363 377 191 395 439 316 347 462 531 193 339 268 159 103 269 140 198 504 195 180 315 543 557 293 69 314 400 354 394 196 568 138 343 213 316 302 229 283 182 428 408 385 411 191 293 367 246 288 175 356 574 276 377 220 546 548 355 211 148 257 175 269 459 320 266 
210 314 794 478 365 719 340 695 640 446 645 581 509 180 540 724 226 336 663 257 549 285 427 557 455 223 590 676 494 848 579 351 624 438 196 353 188 273 472 698 371 602 211 141 214 532 500 503 486 170 188 684 323 605 714 543 782 589 335 496 698 415 277 458 300 507 107 398 443 260 350 835 310 684 189 371 274 454 809 163 885 307 236 584 168 94 549 155 848 620 163 615 104 451 399 186 202 420 688 539 831 432 589 621 718 345 686 267 394 523 524 242 431 603 207 617 656 447 343 882 614 875 697 609 548 516 18 235 438 420 684 668 346 778 765 740 712 464 99 464 668 737 525 868 572 102 234 259 456 214 321 291 861 470 560 505 472 891 115 377 530 155 317 726 220 902 492 685 358 165 695 441 128 456 808 749 692 792 562 365 757 183 673 366 203 914 347 606 353 553 600 741 227 488 277 330 242 767 711 233 
151 192 657 342 275 622 332 558 593 310 532 467 381 64 403 598 105 244 601 122 416 195 296 436 336 104 489 571 361 712 481 225 496 327 212 277 51 234 349 562 239 557 165 83 97 443 391 393 374 45 227 558 205 484 618 419 651 485 256 384 616 339 209 323 178 374 29 279 306 133 238 703 183 568 174 366 186 367 674 108 753 179 198 515 36 106 451 29 713 500 178 516 65 362 263 309 195 300 551 470 696 312 502 492 621 268 557 174 277 489 398 133 300 476 190 484 553 424 254 748 478 740 601 478 413 402 145 100 308 358 562 606 231 644 650 653 647 331 203 347 594 620 404 734 483 47 241 200 335 79 265 156 731 336 441 369 382 757 125 259 502 116 200 592 175 767 369 616 330 51 592 305 133 323 685 682 556 669 477 232 640 169 555 232 261 780 345 470 216 446 484 647 197 413 276 196 249 632 597 98 
191 142 500 182 267 557 416 401 607 153 444 328 264 151 245 477 90 180 594 73 277 156 138 290 252 134 427 496 228 559 426 144 338 265 337 293 112 308 251 406 128 576 212 187 139 409 323 265 304 129 362 437 161 334 557 310 516 419 212 311 580 342 259 159 136 211 191 147 150 60 196 565 59 470 289 449 215 282 522 190 614 115 284 505 141 241 398 153 565 396 309 454 205 337 100 472 309 161 391 465 546 173 464 365 558 221 428 144 211 528 244 107 139 353 298 346 483 482 255 602 322 591 541 347 270 322 305 63 150 378 449 600 119 496 554 607 634 198 364 211 571 521 257 589 443 198 354 264 245 84 312 60 595 203 345 207 291 611 271 194 546 206 97 450 264 620 269 600 395 139 521 155 274 192 568 663 408 553 445 71 540 287 453 107 402 635 433 309 67 318 342 589 292 404 376 85 361 480 502 65 
512 282 706 488 170 397 84 627 243 456 388 731 382 307 519 523 434 579 275 345 456 537 528 685 299 292 302 383 413 732 282 305 703 255 209 130 364 129 329 623 345 205 527 444 292 220 276 676 277 394 233 492 266 721 386 379 606 310 601 285 336 122 159 510 282 565 369 560 451 440 244 660 471 437 208 83 199 693 692 471 707 306 167 211 339 447 263 338 710 409 235 316 415 178 466 411 195 571 645 171 700 583 257 466 392 613 516 518 268 128 631 469 523 442 190 496 361 67 170 729 560 737 371 468 467 306 416 392 540 80 472 280 532 650 495 385 325 401 346 620 295 480 654 714 251 396 173 163 310 385 103 356 674 405 357 521 704 740 283 271 139 477 505 586 188 751 340 303 41 407 390 434 269 392 577 363 586 560 230 470 497 214 439 366 254 754 94 587 402 729 741 404 172 150 133 352 167 656 450 392 
179 235 495 189 360 630 509 398 700 175 509 244 320 233 249 518 121 105 683 166 311 108 92 212 327 225 503 566 273 560 505 230 278 348 420 387 182 402 319 406 204 669 197 212 229 494 401 174 381 180 442 480 254 260 631 367 543 494 141 387 662 435 353 144 231 176 247 56 175 90 287 587 42 528 374 542 310 189 526 202 633 208 375 594 214 269 478 225 573 452 390 530 243 426 108 530 395 75 378 556 553 88 548 406 631 148 464 109 295 623 177 107 100 399 385 376 555 577 349 613 325 597 616 386 300 395 349 133 99 472 498 689 29 507 610 686 721 247 426 124 657 576 180 601 526 244 441 357 318 151 407 154 619 250 409 200 197 621 346 280 641 217 34 471 354 629 335 686 489 182 592 189 351 244 611 749 420 597 530 64 594 371 509 179 481 646 526 298 131 228 260 663 382 495 466 171 448 486 561 134 
451 224 672 437 125 410 90 589 296 403 381 673 345 245 472 506 371 516 318 283 417 475 470 628 262 230 300 386 370 704 282 251 650 220 168 82 301 72 292 586 291 258 466 384 230 222 253 617 250 332 197 473 209 665 401 349 586 306 539 259 364 103 97 456 223 512 310 500 399 378 192 640 409 429 156 110 138 631 663 410 689 248 110 243 278 389 259 276 685 391 189 319 356 161 409 382 148 511 604 199 673 524 270 438 407 550 492 455 222 187 575 407 466 415 139 463 364 128 119 707 518 713 385 437 427 282 364 330 483 82 456 323 470 622 494 411 367 355 305 560 328 476 596 692 259 337 137 101 272 323 41 295 658 359 334 470 643 718 231 222 201 417 443 559 130 729 305 342 46 346 397 382 217 345 568 405 553 551 242 411 494 163 427 311 227 734 107 541 344 669 683 423 118 159 107 294 134 626 446 330 
679 518 21 327 567 514 780 110 763 358 401 427 345 633 265 268 596 587 702 549 277 607 409 391 428 595 478 457 330 77 498 477 304 471 779 609 616 698 398 108 445 755 698 696 604 545 453 468 448 639 812 271 520 366 526 346 198 464 620 441 612 603 643 359 530 327 697 477 362 561 515 191 520 368 732 800 606 579 74 694 206 513 698 643 638 751 497 651 118 342 766 487 715 549 412 964 746 456 122 637 101 452 555 263 520 622 234 610 474 769 369 599 400 287 731 228 467 777 578 156 191 126 523 258 270 422 813 572 403 647 307 705 520 107 394 597 709 354 854 448 645 371 396 154 542 707 777 662 418 593 662 514 218 348 376 305 568 157 750 481 792 710 535 157 689 160 385 678 734 649 477 363 746 364 311 713 139 311 563 454 373 733 350 443 855 182 798 203 452 470 411 549 712 603 775 478 780 80 386 575 
744 525 140 385 537 392 742 193 666 407 304 556 329 654 325 158 648 673 598 578 284 682 488 513 402 612 392 347 339 95 413 484 435 438 770 577 651 676 376 182 462 664 764 744 621 470 400 583 402 680 805 182 520 497 406 308 70 379 708 393 497 555 627 430 538 417 729 565 409 616 505 35 583 260 726 756 598 688 83 748 60 527 685 553 666 795 421 678 49 266 764 392 756 496 472 973 737 547 231 557 58 546 464 219 399 712 160 681 460 694 479 659 478 241 722 216 362 717 554 54 251 69 407 227 288 370 845 615 487 594 208 600 599 72 260 473 595 369 866 551 538 245 511 38 456 745 761 648 396 633 632 545 61 363 318 376 681 64 760 471 716 764 607 108 681 76 358 569 693 693 362 402 754 377 164 594 154 169 479 517 242 729 249 468 846 82 759 290 492 595 543 423 700 536 750 504 762 102 268 617 
565 287 626 455 162 276 204 557 177 428 280 720 319 360 473 421 472 607 178 370 394 572 519 670 244 332 190 266 361 643 169 295 672 202 314 146 410 215 271 551 330 146 582 506 336 108 195 675 204 445 342 395 268 699 265 303 508 201 634 208 219 88 215 489 293 539 437 567 424 469 235 559 489 328 300 202 238 712 605 529 604 314 250 98 393 520 157 395 616 313 334 201 483 108 455 526 293 573 581 53 609 584 137 382 271 645 423 555 238 124 614 506 512 359 284 420 244 142 177 631 499 643 250 388 408 225 505 425 531 66 370 184 548 561 379 267 226 358 451 618 183 367 641 616 133 464 282 230 256 424 165 370 570 360 270 487 720 642 372 248 147 539 526 498 266 653 276 198 157 460 271 404 359 351 466 262 507 450 111 472 383 306 333 354 369 654 215 534 399 725 726 283 261 43 247 352 277 572 337 426 
689 398 398 406 339 94 501 370 363 402 58 670 247 527 380 153 583 671 293 483 282 658 513 618 256 484 120 43 298 389 140 371 577 261 574 365 551 469 252 359 375 365 710 658 492 202 198 659 214 588 608 152 383 626 105 199 236 115 706 204 193 318 436 458 411 483 613 586 400 562 350 277 553 54 542 505 426 738 358 673 314 415 492 257 552 695 162 560 351 120 581 105 653 263 463 792 544 580 409 272 351 586 174 200 100 714 190 647 311 407 565 608 503 190 531 251 63 448 361 353 354 374 103 220 299 186 715 537 519 345 115 295 596 316 73 176 291 321 698 609 233 63 599 340 173 636 552 457 260 548 416 460 280 318 158 423 738 364 598 329 428 687 588 264 497 374 234 264 451 604 57 382 587 322 163 293 304 149 196 502 77 546 76 396 643 370 515 405 441 694 666 130 506 271 528 420 551 340 37 539 
840 553 747 678 433 258 437 708 125 659 370 952 516 637 675 502 744 874 99 640 580 843 762 900 466 607 311 311 569 739 299 552 882 436 572 422 685 483 485 698 579 162 858 782 611 290 394 920 412 721 595 498 533 921 245 479 584 325 903 410 157 361 491 721 561 763 713 820 655 738 497 621 753 400 567 416 514 971 708 806 652 579 521 188 669 796 317 671 699 437 597 293 760 356 701 767 557 823 743 230 699 832 244 526 251 914 535 826 486 249 844 778 754 508 550 575 302 330 450 697 674 720 245 541 597 413 776 697 772 341 461 94 810 665 393 179 64 577 709 864 132 405 875 684 264 740 536 504 478 697 438 635 618 578 432 704 977 707 642 501 254 816 790 612 539 716 479 99 404 736 291 634 628 573 495 58 645 485 255 725 409 574 418 605 612 709 439 721 652 965 954 229 529 291 494 611 529 688 385 698 
748 476 755 633 351 300 317 701 13 609 378 903 482 542 642 522 659 796 86 558 553 760 705 852 418 517 298 332 531 759 280 483 847 380 457 331 594 376 442 693 516 45 765 685 520 245 354 862 369 628 477 508 457 878 286 454 609 313 822 369 196 276 392 671 482 718 613 755 605 657 423 653 678 418 457 295 422 900 724 710 690 503 414 136 575 693 287 575 723 434 485 290 659 289 641 646 445 760 732 160 721 771 222 518 293 833 543 742 423 128 795 693 697 497 440 564 316 209 365 729 655 747 279 530 570 379 665 612 716 245 475 86 737 680 435 240 118 533 593 804 146 438 824 715 237 640 419 402 430 610 336 558 655 534 411 663 908 739 532 435 129 719 715 621 434 750 441 124 289 643 321 585 518 527 536 150 644 523 218 660 447 464 432 541 491 746 318 697 586 910 907 283 421 218 377 540 412 698 412 613 
674 474 75 314 504 418 715 112 674 339 309 474 285 598 252 172 581 597 611 519 228 609 413 432 365 557 391 363 284 79 411 433 354 405 728 545 590 640 337 101 406 668 693 679 567 462 377 502 376 617 762 179 472 416 430 275 102 377 632 368 517 531 588 356 487 339 670 488 341 548 461 108 513 273 683 731 554 608 38 681 141 473 645 556 608 732 413 620 73 256 719 397 693 475 401 923 695 470 149 552 54 468 467 186 425 635 145 609 418 687 398 590 403 210 680 165 374 702 517 112 175 99 428 187 228 347 786 551 410 574 213 613 524 11 297 501 615 312 815 471 552 274 430 101 455 684 722 607 357 570 599 485 140 306 297 301 600 120 709 427 710 697 534 67 638 128 320 585 667 629 382 337 704 321 216 618 84 215 477 446 276 685 257 409 805 145 732 211 428 514 461 452 659 523 716 445 724 22 290 553 
318 464 545 337 589 820 740 469 925 346 690 118 502 456 370 658 329 191 902 397 464 242 237 150 534 455 704 753 448 615 710 453 238 562 641 618 400 632 519 481 421 896 322 387 458 709 608 85 589 387 658 626 482 179 824 548 655 693 194 592 868 663 585 287 461 264 447 182 349 310 514 685 271 697 598 773 542 77 593 364 722 438 604 814 432 434 686 441 645 624 608 730 426 648 298 713 619 176 433 779 624 166 758 555 823 185 599 261 515 853 187 299 247 558 610 512 746 809 579 687 424 661 811 534 447 595 522 358 229 702 653 907 211 590 772 886 937 431 620 137 870 738 153 679 737 435 666 588 523 371 639 386 719 432 595 323 58 691 558 502 872 372 240 577 582 696 529 901 721 382 780 369 565 432 747 962 518 736 744 277 753 594 676 396 693 717 755 376 350 72 139 856 609 719 693 397 673 561 730 358 
733 435 592 531 328 114 405 551 175 515 214 806 366 539 524 349 631 750 100 525 427 724 623 753 327 503 159 156 420 586 150 425 730 304 518 331 580 416 341 542 447 188 752 683 509 162 253 779 272 617 547 342 416 771 100 327 433 172 781 268 14 269 407 577 445 616 622 686 512 620 379 474 627 246 501 396 418 838 554 704 508 460 450 111 569 706 174 574 548 281 536 138 667 242 563 731 496 686 586 151 548 694 105 369 107 791 379 709 358 255 697 663 613 351 485 419 146 319 349 550 519 571 95 385 444 266 702 583 632 268 306 100 681 511 250 65 95 432 655 724 39 257 729 537 126 648 487 425 337 587 364 514 474 432 278 556 843 560 571 375 271 716 665 456 464 570 333 67 360 633 140 491 558 429 352 105 488 341 127 592 264 507 263 472 573 564 414 566 521 822 806 99 462 196 451 484 482 533 234 584 
525 388 150 179 459 504 671 64 710 212 374 299 248 491 120 283 444 433 660 405 173 453 254 256 329 456 431 439 214 218 446 349 182 373 650 502 469 579 299 76 312 695 543 544 465 479 374 326 363 489 682 264 393 242 513 269 257 416 467 360 586 509 523 205 398 173 550 323 216 409 396 281 366 358 601 695 481 434 190 541 317 378 573 587 493 599 436 506 241 304 633 447 565 462 260 823 617 303 32 570 220 300 505 215 509 469 228 456 361 692 223 445 245 232 603 165 441 686 466 283 68 261 506 199 160 346 665 423 249 555 300 664 366 185 413 584 677 230 713 299 609 382 254 274 487 558 653 539 317 444 550 371 314 225 312 153 425 288 611 363 714 556 381 181 561 295 292 643 629 499 463 222 609 239 361 689 122 353 505 301 392 602 336 305 725 314 689 51 306 338 287 542 586 525 657 338 657 156 385 425 
792 504 704 628 385 222 402 662 101 609 326 902 466 590 626 462 696 824 52 592 531 794 712 850 416 560 263 269 519 699 250 502 833 386 533 376 638 441 435 653 529 133 811 736 564 239 344 870 362 674 558 455 484 871 208 430 545 277 854 360 116 314 446 671 512 713 668 770 605 689 448 585 703 359 526 384 467 921 667 759 617 530 478 140 622 751 268 625 660 391 557 246 714 307 650 733 517 772 697 183 660 782 194 480 215 864 492 777 436 220 794 730 704 461 509 529 259 299 403 661 627 682 206 495 548 363 734 648 722 296 419 46 760 624 358 148 18 527 671 813 84 368 825 648 214 695 498 460 428 649 395 586 583 528 383 655 927 671 600 451 228 769 741 569 496 681 429 50 366 689 251 584 586 523 460 44 600 450 205 675 374 532 376 554 577 674 405 673 602 915 904 196 488 243 458 561 492 646 346 649 
484 282 222 130 333 390 547 130 579 147 256 368 117 402 81 207 387 422 530 322 42 426 241 317 199 362 302 322 92 270 317 241 275 242 542 376 393 461 168 129 211 562 504 484 371 347 241 367 231 421 575 174 282 323 397 137 224 288 458 227 463 378 406 181 294 188 473 319 149 355 278 269 324 251 494 569 368 459 230 487 317 278 461 456 411 536 304 423 269 185 529 321 497 330 213 730 508 305 147 438 251 307 375 105 394 463 149 423 239 559 267 399 230 113 493 60 321 555 343 305 63 296 387 84 33 213 589 355 242 424 202 534 345 200 322 466 550 117 621 322 482 288 301 292 357 487 540 425 187 374 427 288 300 112 182 131 455 314 516 244 582 504 350 153 451 324 160 516 504 433 348 142 511 127 298 565 112 286 373 259 302 496 229 212 618 338 565 107 232 396 363 427 474 393 539 248 543 188 283 357 
338 310 814 518 307 647 208 719 521 482 596 676 500 208 572 700 315 451 555 294 556 400 496 643 429 237 527 615 500 860 511 351 697 400 73 279 251 178 453 720 383 482 344 261 229 456 454 603 444 255 48 662 310 690 639 523 770 529 458 454 606 333 209 511 298 567 193 488 478 342 324 824 391 641 104 236 232 573 819 288 874 315 152 484 219 231 484 207 852 588 65 549 221 382 452 147 100 508 720 440 837 521 509 610 644 469 672 380 369 398 602 342 498 589 113 618 593 318 286 881 639 880 622 602 559 477 163 301 509 323 655 560 441 783 716 653 605 474 67 556 570 692 611 866 495 208 107 188 434 282 232 326 847 480 527 549 589 891 86 357 402 286 410 725 150 902 472 581 239 258 629 470 85 465 775 643 702 758 480 430 711 100 634 388 56 911 211 644 393 656 693 662 138 399 148 355 113 779 664 300 
304 340 414 182 459 665 633 328 786 194 534 109 347 370 214 503 263 186 758 293 307 221 94 70 386 355 552 598 293 483 559 320 143 419 557 493 322 526 368 338 283 759 318 351 360 563 458 71 440 323 581 470 356 117 670 393 505 540 214 443 717 531 473 132 340 108 389 90 198 232 382 540 182 540 509 665 428 169 456 337 579 315 504 671 354 407 536 365 507 468 529 577 384 508 158 672 530 67 296 638 486 55 610 399 668 213 445 232 375 725 46 246 100 401 518 356 591 689 453 549 273 527 657 378 291 443 489 272 82 572 497 763 142 448 616 732 789 278 569 34 722 581 37 539 589 386 575 481 374 291 522 271 573 278 440 166 162 554 486 364 745 350 171 427 484 561 377 754 607 325 624 218 490 281 593 813 370 581 597 153 597 507 519 259 620 580 650 229 219 112 122 701 512 580 596 269 581 420 573 273 
305 185 374 56 294 504 485 275 614 34 377 276 186 262 119 377 213 246 586 175 170 246 82 226 214 231 384 437 135 434 390 156 243 247 435 331 235 382 199 280 117 588 325 313 239 392 288 239 269 256 464 339 198 258 507 234 404 373 282 273 548 363 326 48 190 105 316 153 34 179 218 449 144 391 385 514 281 304 398 312 496 166 367 499 260 367 366 273 442 316 413 410 331 337 33 592 403 147 264 467 423 154 439 265 506 288 322 242 205 558 170 220 73 259 390 235 429 528 291 481 196 467 493 245 159 275 431 189 91 406 358 591 169 374 472 566 618 113 482 183 551 438 197 468 418 324 444 338 203 210 368 142 480 115 279 81 306 489 384 196 578 329 170 333 350 498 209 583 453 266 464 51 384 113 470 642 286 456 426 79 455 384 371 96 506 513 503 182 75 284 282 539 378 409 457 119 450 356 424 191 
645 394 223 306 390 269 592 201 524 316 159 537 198 527 259 30 543 596 459 460 180 595 417 488 260 484 243 212 225 222 264 356 431 292 627 429 533 530 238 190 341 519 666 634 493 319 249 543 253 566 662 31 386 486 281 166 83 230 632 244 366 403 483 358 408 365 608 495 316 514 366 137 490 122 585 605 457 637 187 642 186 401 542 407 544 680 270 555 190 114 624 247 639 345 383 835 594 483 243 407 185 485 318 88 275 638 28 590 320 544 441 560 406 104 579 117 222 566 408 205 207 216 277 106 192 221 721 504 420 443 62 462 519 143 161 351 463 255 731 500 401 132 475 190 308 626 615 504 256 520 484 429 157 251 168 309 633 216 625 334 566 657 520 89 539 227 218 434 542 580 232 304 618 262 120 467 134 108 330 428 140 589 105 353 703 231 608 259 386 569 529 304 557 384 602 386 616 165 141 506 
213 240 463 162 364 617 524 366 701 151 493 221 302 255 219 494 152 129 681 181 287 139 58 185 318 242 493 552 253 528 496 229 246 342 442 394 207 416 307 374 199 671 231 245 247 489 392 157 373 210 466 456 258 231 619 350 516 483 165 378 654 438 366 114 237 142 276 42 152 118 289 558 68 509 395 556 322 193 494 236 604 214 392 592 238 302 470 250 542 434 414 519 275 424 87 560 416 52 345 555 522 65 541 382 618 171 439 142 292 629 146 140 67 377 405 350 541 587 355 583 295 566 604 362 275 383 381 157 65 477 476 686 54 476 590 675 717 229 455 102 652 556 152 571 519 275 461 371 308 176 418 163 590 231 393 169 198 590 371 278 648 251 68 442 372 598 321 682 501 213 578 168 375 228 587 744 390 573 525 53 574 393 489 173 505 615 541 265 126 210 236 651 400 495 484 172 468 455 542 158 
730 432 585 526 326 109 406 545 180 510 208 801 361 537 518 343 628 746 105 522 421 720 618 748 323 501 154 150 415 580 146 422 725 301 518 330 578 416 337 536 443 192 749 681 506 159 248 774 267 615 547 336 413 766 94 321 427 167 778 263 15 268 406 572 442 611 620 682 507 617 376 468 623 240 500 398 416 834 548 702 502 456 450 112 567 704 170 572 542 275 536 132 665 239 558 731 495 681 580 152 542 690 101 363 102 787 373 706 355 258 692 660 609 346 485 413 140 321 347 544 513 565 89 379 439 262 701 580 627 268 300 106 677 505 245 63 101 427 654 719 44 251 724 531 123 646 487 424 333 584 364 511 468 427 273 551 838 554 570 371 275 714 661 450 463 564 328 73 361 631 134 487 557 424 346 111 482 335 124 588 258 506 257 468 574 558 415 561 517 817 801 94 461 195 452 480 482 527 228 581 
489 323 792 543 242 510 31 707 333 509 496 762 464 299 584 625 429 577 377 361 534 530 562 720 381 300 412 495 486 824 392 356 751 340 139 200 356 126 411 704 396 295 500 414 296 330 373 699 371 379 149 592 312 760 499 469 706 419 593 379 447 220 182 556 318 613 337 580 504 444 302 760 484 544 164 41 227 697 783 442 808 342 150 322 327 402 372 321 805 510 174 428 379 279 504 310 144 595 720 283 794 608 370 559 506 605 613 510 337 208 669 463 560 535 148 582 473 127 232 827 634 833 484 557 544 402 352 396 575 187 575 382 543 742 606 497 427 468 263 645 404 589 687 812 363 361 102 171 391 384 148 381 777 473 454 577 711 838 230 334 208 445 514 679 172 849 425 409 82 389 502 489 217 459 684 465 672 667 343 499 607 170 544 413 156 854 18 654 439 752 774 517 145 262 63 390 93 746 560 396 
266 275 774 468 301 652 254 677 556 434 588 610 471 155 526 680 248 381 582 242 520 330 437 580 407 192 526 613 464 824 513 316 638 384 109 281 189 193 428 679 343 518 273 190 183 462 443 536 430 188 104 640 280 627 645 499 744 526 387 440 622 341 206 457 262 511 124 423 430 277 300 798 327 630 108 285 214 503 784 217 848 275 158 506 159 161 484 146 819 571 78 550 150 383 397 176 117 443 675 461 803 456 518 583 649 398 647 310 346 438 541 274 439 563 124 585 593 361 278 851 596 847 628 572 522 462 104 239 449 342 637 587 374 750 708 666 632 436 66 491 591 682 547 836 502 137 148 186 410 219 244 275 822 442 509 498 519 860 41 331 445 215 343 694 145 871 448 606 273 190 630 425 51 427 760 669 666 743 490 371 702 102 621 344 127 882 260 596 342 589 628 671 147 413 190 309 156 742 655 238 
161 191 514 198 316 604 457 416 656 175 488 296 304 180 261 512 77 131 644 115 307 111 124 262 298 173 474 542 263 576 474 192 322 313 367 340 130 350 295 422 174 625 181 176 176 458 371 227 351 133 390 472 210 309 604 350 546 466 163 358 628 391 302 163 185 206 199 108 173 42 246 592 11 511 321 490 260 234 540 171 640 164 322 554 162 232 446 173 586 436 338 501 202 386 111 484 342 127 400 515 566 140 513 399 605 173 460 103 259 575 223 77 129 390 332 375 529 527 303 624 339 611 588 380 299 368 307 81 135 426 487 649 71 517 595 655 683 234 378 176 621 561 229 612 491 200 388 305 291 99 357 108 623 238 388 216 244 632 294 243 593 187 47 476 301 641 312 649 438 138 567 183 299 230 604 713 430 589 494 67 580 319 493 151 429 657 473 318 105 281 312 636 329 453 413 134 395 499 544 82 
20 308 692 377 413 745 478 594 740 354 643 403 469 207 440 684 118 150 745 219 483 104 291 389 445 237 612 689 435 755 607 330 468 447 349 421 159 383 450 600 328 704 17 68 232 577 510 324 492 122 356 644 326 438 743 513 723 606 142 500 751 482 357 340 296 376 146 237 352 146 363 770 179 672 318 512 329 261 720 41 818 287 346 657 174 100 578 174 765 599 313 640 106 497 290 378 338 261 577 613 746 271 636 572 745 152 635 93 393 638 368 102 299 560 335 552 673 573 394 804 518 790 727 554 476 515 188 164 299 505 655 750 186 697 756 785 789 405 292 296 734 723 361 791 615 122 382 348 441 154 414 241 801 410 545 394 279 812 256 375 651 40 165 654 324 821 469 758 478 107 712 360 267 399 775 823 609 760 612 246 743 313 656 310 383 836 490 495 274 371 424 774 345 554 420 281 391 679 703 162 
313 273 366 98 386 581 572 272 706 111 451 183 263 328 138 426 245 218 676 244 225 237 43 133 304 305 468 514 209 433 476 248 161 338 510 423 289 467 285 281 209 681 330 342 311 482 376 154 358 299 537 391 287 167 586 309 436 456 252 360 634 456 412 49 276 43 365 108 115 210 310 474 162 458 461 602 367 240 401 335 517 251 449 590 318 399 453 331 451 385 485 493 369 430 89 648 481 90 248 559 430 90 527 319 584 255 368 242 298 651 78 238 38 320 468 279 507 620 383 492 206 473 573 298 210 360 474 239 34 499 417 681 150 387 535 648 707 194 541 104 640 501 104 481 506 367 524 422 292 259 457 216 507 195 356 87 237 498 449 289 671 350 168 359 431 506 293 672 542 305 541 136 451 197 517 730 304 505 515 106 517 460 437 187 578 524 590 170 154 195 189 618 459 501 540 204 530 363 491 240 
770 489 364 457 443 166 611 364 455 460 154 701 316 622 417 134 665 738 381 569 327 731 568 651 345 579 230 149 359 337 249 458 596 359 681 472 641 576 334 351 455 462 791 746 587 311 298 703 312 676 715 161 476 651 180 270 186 224 774 301 272 427 541 509 503 524 707 645 459 640 447 210 625 113 647 615 527 791 314 759 234 504 598 359 644 787 271 654 292 184 686 215 745 372 525 898 651 635 406 378 298 639 280 232 173 781 192 723 405 512 602 687 557 234 637 276 171 556 465 283 372 309 187 254 342 281 813 620 572 455 135 381 661 278 36 239 368 386 802 657 320 60 637 272 282 729 660 562 346 634 524 543 201 382 240 466 789 292 700 422 532 774 658 243 602 301 314 346 560 692 149 443 690 390 79 360 297 74 304 568 41 651 127 473 751 292 625 424 515 731 694 189 612 381 637 502 659 308 86 623 
512 241 618 423 116 312 172 543 227 394 294 681 300 307 446 429 421 558 232 321 375 522 479 632 219 280 209 292 337 641 189 253 640 175 266 94 358 164 249 538 290 194 530 452 283 127 185 634 189 392 296 399 222 664 302 291 513 216 585 195 267 42 162 453 246 505 383 523 389 419 191 566 442 343 249 177 185 665 602 476 612 268 199 149 340 467 169 342 618 316 284 225 430 88 415 481 243 530 564 104 608 541 172 376 308 596 423 504 202 151 577 456 473 352 233 409 270 139 128 636 480 645 286 379 388 216 453 374 491 16 378 237 501 559 403 313 279 329 402 576 234 387 602 621 162 410 236 176 231 373 113 322 580 332 265 456 674 647 320 209 173 486 478 495 214 658 257 251 121 407 301 370 307 321 483 315 498 466 144 428 404 255 344 314 326 660 185 511 356 684 688 324 210 61 205 308 233 567 357 375 
467 328 206 116 405 488 615 109 673 150 354 280 205 429 59 288 383 382 627 343 133 397 199 231 280 394 400 420 162 270 414 289 177 324 590 447 407 521 251 117 252 655 486 483 403 441 333 292 320 427 621 261 334 230 495 233 280 386 416 318 561 459 464 146 337 122 487 272 154 348 340 314 307 346 541 640 422 395 237 481 354 317 514 550 430 538 400 443 287 284 572 419 503 415 199 760 557 253 92 530 266 252 472 199 492 419 229 399 307 646 188 386 189 210 543 149 420 635 411 328 49 309 486 179 116 307 603 361 195 505 293 631 311 223 411 564 648 174 651 257 580 378 222 317 453 496 594 480 268 382 494 309 347 170 280 92 388 334 549 307 669 497 324 202 501 342 247 614 575 437 446 161 547 183 373 664 144 364 469 241 391 541 324 243 664 360 633 12 243 313 272 525 527 482 599 276 598 199 377 363 
494 202 539 356 88 271 239 465 269 330 227 622 223 299 374 355 395 523 251 290 298 492 423 572 145 264 149 237 263 563 133 202 573 103 306 99 341 200 173 460 234 242 513 443 269 82 106 580 110 378 339 323 182 600 264 212 437 153 552 117 252 50 175 390 210 440 382 474 325 388 146 491 402 275 277 250 179 622 523 465 538 228 227 162 329 467 107 334 540 240 316 171 427 10 359 524 278 479 487 123 531 489 140 298 268 563 346 476 141 221 515 428 416 274 265 330 215 218 109 559 403 568 247 301 312 137 468 347 434 89 304 257 460 480 342 291 292 258 435 523 233 322 543 544 122 408 283 195 157 350 147 284 506 261 188 388 629 570 341 153 243 476 440 417 235 581 180 259 189 393 251 305 329 251 414 324 419 397 113 379 340 283 273 259 374 585 255 436 305 628 627 290 240 63 260 261 281 488 292 348 
383 95 430 194 127 355 338 341 432 166 249 458 107 229 222 316 277 381 406 176 170 359 261 408 51 185 224 296 119 470 223 64 412 66 336 169 245 250 63 339 77 406 403 352 194 213 120 418 101 281 370 276 85 437 354 135 379 216 414 108 379 186 196 226 109 277 313 317 161 258 69 433 258 281 290 362 162 469 429 366 483 109 252 318 250 391 196 259 459 213 328 251 350 155 198 536 302 319 353 285 445 329 265 218 355 423 281 346 29 380 351 304 253 198 287 226 281 359 133 488 268 487 338 209 178 121 422 230 271 231 276 411 311 392 365 405 441 104 430 361 376 334 379 474 244 334 331 215 48 241 218 154 457 108 154 227 474 499 324 35 401 380 296 332 245 509 84 406 297 297 320 142 317 95 400 468 313 383 249 223 354 293 268 102 412 519 356 290 150 466 463 386 267 226 328 117 333 389 311 232 
379 95 539 294 30 374 228 451 371 262 301 540 212 185 329 401 281 414 363 178 279 380 336 492 133 148 243 329 230 576 233 111 509 100 236 63 225 142 160 449 151 339 398 328 154 194 157 489 144 262 270 363 76 527 370 227 473 242 442 155 367 105 92 316 100 371 270 377 257 276 50 528 296 343 195 253 72 519 535 349 578 121 150 274 215 354 203 220 562 288 234 269 314 112 273 446 203 385 464 232 549 396 253 316 373 452 376 363 81 294 438 315 331 293 188 332 310 260 24 588 378 590 353 311 288 177 363 233 349 142 355 369 355 496 421 404 406 212 347 432 349 395 461 573 233 295 225 113 140 235 107 176 549 217 227 328 528 599 245 79 314 361 333 435 149 610 177 373 189 278 348 240 235 203 476 439 421 459 228 283 415 199 335 173 311 617 246 399 212 540 548 399 165 171 219 162 227 496 368 235 
586 298 366 309 256 174 443 314 376 301 45 579 145 429 290 152 480 568 319 381 191 554 413 526 154 386 91 106 199 376 111 268 494 167 496 289 450 393 148 305 271 368 607 557 395 162 108 562 120 487 530 125 284 539 179 98 237 77 603 110 242 254 353 360 311 389 515 485 299 458 254 289 449 79 459 453 336 637 338 571 336 314 411 256 453 595 113 462 346 45 498 103 554 195 360 710 464 479 347 252 340 486 167 130 177 611 155 543 212 388 472 505 402 111 450 179 101 410 276 361 279 373 168 145 209 88 620 434 419 290 101 322 493 294 160 246 333 219 612 510 265 131 505 346 155 537 478 374 157 445 343 357 303 217 54 329 638 372 509 230 410 585 484 233 413 383 130 299 392 502 133 280 500 219 213 345 254 196 176 399 151 463 71 292 568 384 459 327 337 600 577 211 426 228 460 317 478 310 107 436 
563 335 747 539 222 406 101 671 212 508 414 785 427 359 568 554 486 632 256 399 501 590 582 739 345 346 325 401 461 770 304 358 755 301 243 183 416 177 375 666 398 174 577 493 345 243 314 730 318 445 262 526 319 774 394 420 639 335 654 324 333 165 212 563 336 618 417 615 503 493 296 691 525 463 251 81 253 747 730 520 737 360 214 208 391 492 290 388 745 442 273 336 463 217 519 431 235 625 691 175 737 637 271 505 401 665 551 570 318 88 684 522 577 481 233 538 379 13 223 762 606 772 379 508 514 345 455 445 594 119 502 261 586 687 514 383 306 450 377 674 287 503 707 747 268 443 205 215 357 438 157 410 704 454 394 573 758 773 325 322 93 526 559 624 236 784 384 289 82 458 404 485 311 441 601 344 627 585 246 524 519 257 467 419 276 786 103 635 456 783 794 408 218 174 162 406 198 696 473 446 
215 93 571 264 192 527 308 473 528 229 434 440 283 49 321 499 121 263 526 40 321 223 247 401 236 23 394 475 266 622 388 126 446 231 226 206 62 200 249 475 143 493 234 169 28 356 295 375 277 100 253 459 108 445 525 319 554 390 287 286 530 264 156 257 79 312 126 256 225 124 143 607 160 468 178 341 117 379 583 187 657 80 173 437 62 204 358 73 621 400 201 421 162 276 198 381 198 272 470 394 604 284 414 394 527 298 459 204 179 436 355 156 247 377 186 389 458 382 174 654 392 648 508 381 321 304 240 76 260 292 462 531 220 551 551 564 570 237 271 322 513 521 368 640 394 147 242 157 235 72 212 71 634 242 341 294 390 664 170 161 452 200 191 498 152 674 270 537 291 116 497 220 169 228 586 603 465 569 390 181 541 176 455 140 294 686 324 391 138 429 454 555 180 334 265 104 249 541 498 77 
472 411 250 191 507 611 710 183 793 225 478 183 324 487 164 402 410 362 750 401 255 392 208 145 393 460 524 544 276 320 537 378 62 435 664 548 453 609 366 195 338 773 488 507 468 561 452 223 438 464 693 379 422 123 619 356 377 510 391 436 686 567 552 184 418 129 529 256 230 375 435 400 327 468 615 737 508 336 299 498 432 394 596 671 481 564 522 494 351 407 642 543 535 528 243 812 633 233 142 648 330 225 594 322 616 391 345 400 410 759 131 402 203 334 620 271 544 741 509 393 168 367 610 302 238 427 640 403 197 613 413 754 307 302 530 688 772 279 704 212 703 498 153 386 575 532 674 565 380 424 590 370 432 276 404 157 324 397 610 406 781 513 329 302 580 402 365 737 673 470 570 245 611 287 481 788 243 473 590 271 509 614 446 321 735 423 728 116 304 225 169 649 607 597 685 348 679 270 498 404 
769 505 291 434 479 245 663 305 532 444 198 659 316 639 386 101 666 724 459 578 308 722 546 610 364 595 285 216 350 257 306 469 547 386 719 512 651 617 346 293 460 536 790 754 604 368 332 669 341 684 754 140 495 605 260 276 114 276 760 331 352 475 576 486 519 491 722 624 444 638 469 128 617 149 681 670 556 764 238 763 151 516 634 430 658 798 323 669 211 198 720 275 757 417 511 933 687 611 348 443 218 613 346 213 252 766 156 716 425 580 566 685 535 223 673 245 235 617 499 199 329 227 264 233 320 308 833 625 548 507 133 460 647 205 109 322 449 379 832 627 398 109 600 189 344 742 702 597 362 640 566 548 117 375 260 437 760 208 728 440 601 779 647 184 635 217 326 426 612 699 223 431 719 385 10 443 242 27 366 555 96 685 151 474 792 208 678 380 510 692 649 272 649 437 683 506 701 238 138 627 
104 338 625 329 459 759 566 531 798 315 643 289 457 279 387 658 151 41 792 251 451 48 223 282 454 293 629 698 412 692 629 346 369 468 449 477 221 463 451 539 329 765 107 177 292 610 526 210 506 196 461 620 357 330 760 504 683 621 21 513 782 533 425 281 329 301 246 151 315 152 394 726 148 665 411 600 389 140 660 151 771 312 429 702 249 221 600 254 708 589 414 657 217 535 248 499 432 172 506 661 688 178 666 546 760 31 604 67 413 707 272 115 233 539 426 516 685 650 443 749 461 731 744 526 440 524 309 196 226 563 637 797 113 643 748 810 833 385 410 193 772 714 258 738 645 229 479 422 446 200 483 257 758 388 543 336 158 756 359 396 723 159 113 609 406 764 467 799 557 186 723 329 369 381 751 864 558 737 646 204 732 407 646 307 492 782 579 429 260 253 311 791 431 600 512 288 487 621 697 195 
293 406 496 274 530 757 687 416 864 283 627 95 438 409 309 597 286 162 840 343 401 211 174 105 471 403 641 690 384 566 647 393 198 500 595 560 354 580 455 427 360 835 301 355 407 647 544 26 526 345 615 565 424 146 761 484 598 629 177 529 805 603 531 223 403 202 409 124 286 262 454 630 219 634 551 720 487 87 541 335 669 380 553 752 386 406 623 396 593 561 564 666 392 587 236 683 572 115 381 717 572 104 695 494 760 171 539 228 453 795 130 259 183 495 562 451 682 753 521 635 366 611 748 472 385 531 494 309 165 643 591 845 161 537 710 822 874 367 585 73 808 676 98 626 674 399 618 535 460 324 583 329 663 368 532 260 74 640 516 441 814 345 192 520 532 646 466 839 666 343 716 306 522 369 687 899 461 676 681 217 691 547 613 334 652 666 704 319 290 58 118 793 559 657 644 337 625 508 667 310 
440 448 346 243 557 701 747 284 863 271 567 89 399 499 240 500 400 317 826 417 338 356 210 73 458 479 605 633 347 416 616 420 39 498 684 595 455 642 434 296 380 841 453 488 485 633 524 151 508 458 709 475 461 28 708 437 479 591 340 508 769 623 587 215 451 160 525 227 276 367 481 501 317 561 635 777 542 261 398 474 532 426 624 743 486 544 598 498 450 497 657 626 521 591 264 809 655 204 243 716 429 193 672 414 705 337 443 369 464 818 103 383 211 424 643 364 631 791 555 491 263 463 698 394 320 502 626 404 197 668 508 830 280 403 626 776 851 343 704 165 783 594 100 485 652 523 699 598 446 424 631 391 533 341 486 213 246 494 618 457 839 487 308 403 606 498 437 816 716 461 659 295 621 349 581 870 343 573 664 276 606 633 539 360 750 520 765 210 330 135 71 738 634 662 715 379 705 371 592 405 
664 507 29 313 558 517 772 97 762 344 401 410 337 620 251 271 581 571 702 536 267 591 393 374 421 582 477 459 319 93 496 466 287 463 769 601 602 688 390 97 433 753 682 681 591 542 448 451 442 625 802 272 509 349 529 340 206 463 604 436 613 596 633 343 518 311 683 461 348 546 505 202 505 370 721 792 596 562 85 679 220 501 688 641 624 736 494 637 132 341 755 486 700 543 397 951 735 440 106 634 114 435 553 260 523 605 235 594 465 765 351 584 384 283 720 222 468 771 569 172 178 142 525 253 260 417 800 558 387 641 308 705 504 114 399 599 710 343 841 431 646 375 379 168 540 693 767 652 410 579 653 501 231 337 372 290 551 173 738 471 788 694 519 158 678 176 378 679 727 635 480 350 734 353 319 715 134 318 560 439 379 722 351 430 844 198 790 188 438 453 394 552 702 598 766 465 770 84 389 560 
3 297 670 356 406 733 482 572 736 333 628 381 452 204 419 665 103 128 738 206 464 81 268 366 431 230 600 676 416 733 596 316 445 435 356 416 152 384 435 579 312 701 24 76 226 568 498 302 479 117 365 625 315 415 731 497 703 594 124 487 742 476 354 318 285 353 151 214 331 128 352 750 157 656 323 516 324 243 698 49 798 274 347 650 171 118 566 173 744 583 320 628 116 488 269 396 343 238 554 607 724 247 626 553 733 134 616 69 380 637 345 82 277 542 339 532 660 573 387 783 496 768 715 536 456 501 206 150 276 500 637 744 162 676 740 775 783 386 307 273 726 707 337 770 605 130 388 347 426 143 412 226 781 391 530 372 261 790 264 362 650 56 141 634 325 799 454 750 479 103 699 340 275 381 757 816 588 742 603 224 727 318 639 294 394 815 494 473 255 349 402 762 347 547 425 266 396 657 688 148 
731 444 677 578 324 215 344 628 73 557 298 851 420 528 581 441 635 765 10 531 488 734 658 800 364 498 224 249 472 678 208 444 787 331 473 314 576 379 385 620 473 90 749 674 502 186 294 816 311 612 498 428 425 823 201 387 527 239 794 310 112 252 384 619 452 664 605 714 553 629 389 570 645 337 464 328 405 864 644 697 606 471 416 80 560 689 221 563 642 358 496 212 652 248 596 675 455 717 660 121 640 727 149 445 209 805 464 717 380 169 743 669 650 424 447 492 235 244 341 646 587 665 194 458 505 316 672 587 669 234 394 15 702 600 350 158 60 477 611 759 62 354 773 632 168 632 438 398 376 588 332 526 572 478 342 606 870 656 538 394 182 707 682 542 434 666 381 45 306 627 237 533 524 472 452 98 568 439 154 619 363 470 351 498 518 662 349 631 545 862 854 199 426 182 398 503 432 620 329 589 
498 324 183 138 385 435 598 86 632 165 303 336 171 437 76 231 407 423 583 353 96 433 238 287 252 399 354 368 140 240 369 283 233 296 586 428 422 509 222 88 250 617 517 506 408 401 296 345 285 446 618 205 327 286 443 191 228 340 458 281 512 432 453 180 335 171 502 315 168 373 326 265 337 292 538 621 414 445 203 507 309 317 506 509 442 560 358 455 249 232 571 372 523 384 225 767 552 298 94 492 229 298 428 145 440 462 173 433 288 614 242 414 228 159 538 94 369 609 393 288 9 273 435 126 83 268 619 380 237 478 237 587 349 181 355 513 601 160 658 307 533 322 276 276 410 514 586 471 240 400 478 319 298 155 235 126 439 296 554 292 636 523 358 151 496 304 214 567 555 457 394 168 551 170 318 615 95 308 427 270 335 539 270 246 661 321 616 60 257 368 329 473 520 447 587 282 589 162 322 382 
382 404 907 606 403 738 278 811 591 571 692 744 596 292 662 797 382 506 632 379 650 455 575 716 525 327 620 708 595 955 604 445 775 496 164 373 327 270 549 812 475 553 383 310 318 548 550 668 540 322 131 759 406 763 729 620 866 623 506 550 691 424 305 596 392 649 256 557 567 413 420 921 463 737 200 299 328 625 914 333 971 408 247 567 297 266 578 284 947 684 161 642 271 475 536 54 195 579 811 525 932 591 598 706 734 517 769 436 466 466 678 405 577 685 209 713 686 385 382 977 731 975 712 698 653 573 180 377 587 411 751 636 507 879 810 739 682 568 77 625 652 787 683 962 586 263 190 284 530 357 324 413 943 574 623 636 642 987 171 453 466 327 477 820 247 998 568 661 317 322 721 560 174 558 872 720 796 855 570 509 807 197 730 479 103 1007 276 733 479 720 762 752 233 488 225 444 194 873 759 376 
412 288 260 68 376 501 582 163 664 103 367 253 197 381 37 320 329 329 624 294 136 343 145 201 262 348 402 433 146 324 413 252 170 304 547 418 356 484 236 170 212 644 431 429 356 432 323 252 308 375 578 289 296 211 507 234 324 388 364 308 566 436 427 91 296 75 436 220 108 294 307 361 253 366 498 609 384 349 291 426 404 274 474 543 380 485 396 393 339 297 528 423 450 397 146 712 515 203 146 518 319 202 469 221 505 367 262 344 279 627 151 332 135 226 501 175 429 610 380 380 93 362 496 199 118 300 551 309 142 482 318 628 257 274 437 574 648 148 602 211 580 403 186 368 449 444 553 442 249 330 462 260 394 145 283 38 344 387 502 277 649 442 269 247 460 395 236 613 545 384 459 119 501 156 410 667 191 398 463 187 418 498 344 200 621 412 600 63 194 280 249 538 487 466 561 231 558 251 398 311 
671 414 752 592 290 339 226 688 89 565 387 855 454 465 610 533 587 728 149 490 529 689 653 805 381 444 299 354 498 764 278 427 809 339 367 262 519 291 408 681 463 54 687 605 446 228 328 808 339 552 386 512 396 836 325 435 620 312 753 342 246 216 314 625 418 676 531 696 560 589 365 669 614 432 371 203 348 837 727 631 710 441 330 140 497 610 276 497 733 433 396 299 577 246 589 554 357 704 714 136 728 715 227 510 333 764 544 671 373 36 749 622 647 487 353 550 335 117 300 743 633 758 315 518 544 357 578 542 665 177 483 152 674 683 466 296 194 495 502 750 195 462 776 729 234 558 329 322 393 538 257 495 676 498 398 624 847 754 445 383 40 638 650 621 350 765 412 186 201 566 350 541 431 488 562 231 636 548 212 602 474 377 442 488 399 763 226 670 530 858 861 331 335 177 287 482 322 697 434 543 
384 128 379 142 184 370 395 287 479 118 251 412 73 257 165 290 279 363 447 189 118 349 222 361 75 215 246 306 64 423 250 87 358 111 385 226 262 304 60 286 71 455 406 365 224 252 148 379 129 296 418 249 126 387 372 115 343 235 398 132 409 241 249 180 141 226 337 287 114 255 121 396 244 275 338 419 211 440 382 375 446 131 303 361 273 410 226 284 415 201 373 272 368 205 162 578 351 285 297 331 400 293 299 183 372 406 248 339 86 433 304 302 213 167 336 181 295 416 190 447 212 443 357 170 124 136 451 236 231 287 257 452 289 346 359 428 478 47 470 323 411 326 334 432 278 355 382 267 63 251 274 159 423 51 150 173 443 457 364 88 455 390 279 290 294 467 75 443 354 310 332 93 358 38 379 502 264 363 286 196 345 339 258 88 461 478 413 233 132 423 416 404 317 275 382 117 385 341 307 238 
575 275 466 358 194 163 353 406 282 341 112 632 195 395 355 252 471 580 233 365 261 558 448 580 153 355 31 119 248 478 24 259 562 137 425 216 427 319 167 399 276 269 595 534 362 61 79 604 98 465 458 227 258 600 159 161 339 34 613 93 182 168 289 403 287 443 481 512 337 455 221 389 458 161 394 359 284 665 440 552 434 297 344 159 423 565 12 430 448 146 433 57 524 114 388 643 395 511 436 150 442 520 77 224 162 622 257 544 192 285 524 500 439 202 382 269 98 310 216 462 361 475 143 235 278 92 576 422 457 197 200 237 509 396 223 205 257 258 551 549 188 205 555 447 58 506 402 310 163 430 266 349 401 258 116 384 669 473 453 210 308 565 495 334 350 484 159 221 302 481 135 317 442 254 300 277 350 284 76 419 222 399 164 300 493 485 368 404 349 647 634 190 358 128 378 316 400 410 175 424 
762 472 677 596 354 201 381 633 98 576 298 870 434 560 595 436 665 792 28 560 500 762 680 818 384 529 232 243 487 674 218 470 801 354 510 346 607 415 403 624 497 123 780 706 534 207 312 837 330 643 535 428 453 839 186 399 521 246 822 328 94 284 418 638 481 681 639 738 572 658 416 562 671 333 500 366 438 888 641 729 596 498 452 109 593 722 236 595 636 362 533 216 685 275 618 713 492 740 667 153 635 750 162 450 194 833 464 746 404 206 761 698 671 431 484 499 232 282 372 638 596 659 183 464 517 331 707 617 690 269 392 24 728 598 338 134 23 495 648 781 54 345 792 625 182 666 475 432 395 618 367 554 561 495 352 623 894 648 574 419 217 739 709 542 469 658 397 21 343 659 228 552 560 490 440 61 571 428 172 643 352 506 349 522 556 652 386 642 570 883 872 179 462 212 435 529 469 619 322 618 
678 413 731 582 287 309 247 669 66 556 361 847 439 472 597 508 590 730 118 492 513 693 647 798 368 449 275 327 485 740 254 423 798 328 385 264 525 303 395 662 457 28 694 614 451 207 311 803 324 558 406 488 394 826 295 417 595 289 756 326 215 213 321 617 418 666 541 694 551 591 362 643 614 406 385 226 353 837 704 639 683 439 342 113 504 621 255 504 708 410 412 273 588 235 583 577 373 700 697 115 704 711 201 489 303 767 521 674 366 60 741 625 640 466 367 531 308 140 299 718 617 734 285 498 528 339 593 545 659 177 458 122 673 659 437 265 165 483 521 746 164 434 769 704 210 568 348 331 381 542 265 494 649 486 378 613 846 729 460 376 71 647 650 598 362 739 397 155 217 573 321 532 446 477 534 202 615 520 189 599 446 391 416 482 422 737 249 655 526 853 853 301 348 164 306 479 341 675 406 546 
523 430 188 209 514 580 722 130 780 244 449 245 313 519 165 358 454 418 732 432 240 445 253 208 390 488 503 514 272 258 518 393 122 433 689 556 490 625 361 142 354 763 540 552 496 548 441 286 429 505 719 340 438 184 589 339 325 489 449 426 661 568 569 217 438 169 568 310 249 418 446 343 371 434 640 748 526 398 238 545 373 416 616 657 516 609 506 529 290 379 669 521 578 525 277 848 657 288 87 638 269 281 577 291 585 449 304 451 416 756 190 449 246 307 643 240 516 745 518 332 139 305 581 273 224 414 681 441 244 615 375 736 358 245 489 659 750 283 739 271 682 458 215 325 559 574 695 584 377 462 601 399 375 279 384 177 386 335 641 415 778 561 379 251 602 340 356 716 683 512 539 260 641 292 432 764 195 426 575 311 467 639 412 342 762 361 740 98 333 287 229 618 628 591 703 372 700 212 461 443 
284 342 440 199 464 682 632 354 794 209 552 113 364 362 237 525 251 162 769 289 327 200 101 84 398 351 567 615 309 509 573 325 166 429 550 496 313 524 381 364 290 767 297 334 355 574 471 55 452 310 573 492 359 133 686 410 530 555 189 456 731 536 473 148 341 131 376 75 212 221 387 565 173 560 503 664 428 144 482 319 605 317 500 681 345 389 549 356 533 487 521 592 368 517 165 658 524 56 322 647 512 43 622 420 685 188 467 213 383 730 72 230 110 421 513 378 608 691 457 575 298 553 673 399 311 457 473 264 91 577 518 773 126 473 636 748 801 293 556 9 735 602 55 565 601 372 570 479 387 282 523 270 598 294 457 187 138 580 477 372 749 332 156 452 480 587 391 766 608 311 641 232 482 295 616 826 395 604 609 153 618 501 539 266 612 606 649 254 223 105 129 718 508 588 592 272 577 446 593 265 
290 125 629 342 145 500 208 535 451 307 428 540 315 84 393 520 212 359 460 138 370 315 343 500 247 77 370 456 315 675 359 166 538 223 137 138 141 101 269 535 200 415 305 225 73 314 283 475 270 170 169 481 125 542 494 340 586 369 379 280 482 201 67 345 115 402 155 357 302 223 141 640 261 469 88 241 54 477 634 250 691 135 73 376 116 238 329 115 666 410 122 395 201 232 289 328 105 372 539 331 651 385 372 426 498 391 489 295 186 349 451 247 342 405 91 432 437 288 123 696 456 694 477 417 374 302 237 174 356 217 476 466 320 598 548 523 507 290 223 422 457 522 467 681 354 182 146 60 251 164 123 162 664 295 349 375 490 706 119 173 362 258 291 540 53 717 289 477 194 184 475 292 110 280 599 543 516 582 345 278 541 89 460 209 212 726 223 465 225 529 553 522 81 275 164 179 152 593 495 174 
587 385 128 228 422 391 635 73 622 250 267 420 201 508 168 159 493 516 565 429 139 525 332 373 283 468 337 328 194 165 356 344 307 325 642 464 500 555 253 61 316 612 607 590 477 400 306 436 301 527 675 145 384 365 402 199 136 323 551 294 481 456 502 273 397 264 580 408 253 460 375 172 426 242 595 654 467 538 124 593 216 384 559 501 518 642 352 530 162 202 631 349 604 402 314 834 608 392 113 492 144 392 414 118 397 555 107 523 332 622 331 502 321 141 593 82 335 630 434 199 96 189 396 110 137 275 696 461 330 500 182 568 441 93 290 473 576 222 726 400 510 260 365 186 399 594 637 522 274 480 517 395 204 217 230 219 531 208 620 341 645 609 449 58 551 217 239 544 588 540 351 248 615 232 235 584 8 228 419 360 269 597 222 319 718 232 652 142 338 455 410 428 573 456 632 355 639 83 267 464 
501 203 506 335 105 248 274 433 285 311 193 605 194 311 349 319 399 520 258 293 268 492 409 554 120 274 121 208 237 528 108 196 550 83 336 127 349 230 147 427 223 261 520 454 280 70 72 567 79 386 369 288 184 581 243 179 402 122 551 84 243 85 199 373 213 420 397 465 307 388 146 455 398 241 304 286 196 615 489 474 503 228 254 169 341 481 79 347 505 205 343 145 441 27 346 553 306 468 456 137 496 478 127 263 247 561 311 477 130 249 498 431 401 239 293 297 188 252 127 524 373 532 226 267 283 103 488 350 420 124 269 263 454 446 310 278 295 236 461 510 232 289 526 509 107 422 314 220 133 355 178 283 471 238 153 366 621 535 364 145 272 486 436 382 260 546 150 260 224 403 225 287 353 229 380 323 386 363 105 369 308 309 239 249 405 549 290 409 296 614 610 272 268 83 293 255 313 454 260 352 
425 175 620 383 71 385 143 535 314 351 341 624 292 219 418 460 338 479 323 243 363 440 421 578 209 195 266 354 316 652 250 199 598 168 189 28 271 83 239 532 239 278 441 363 197 195 206 570 202 305 222 425 159 614 378 298 538 270 504 211 353 71 71 404 176 459 293 455 346 340 138 593 368 388 163 165 99 591 611 387 642 200 112 240 251 376 224 252 634 345 201 288 339 122 359 407 161 465 550 194 623 477 249 387 382 515 443 422 168 219 524 373 416 364 149 410 332 174 65 658 464 662 361 386 373 234 363 293 434 78 411 328 428 571 458 396 370 300 320 513 323 437 547 643 234 320 166 86 219 289 30 250 611 305 287 417 601 668 232 168 236 396 403 508 125 679 253 341 100 319 367 329 219 291 526 406 500 509 220 364 456 169 384 260 257 685 160 487 295 622 634 402 125 143 147 245 165 574 408 294 
694 403 634 532 286 187 331 583 109 511 256 805 373 493 534 400 597 724 53 492 441 694 613 754 318 462 179 211 425 637 162 401 741 287 451 280 539 354 339 575 429 112 712 639 466 141 248 771 265 576 479 386 384 776 172 341 487 193 754 264 94 217 352 573 412 617 573 670 507 589 347 531 603 296 439 319 370 821 602 662 569 430 390 41 525 657 174 528 601 314 473 168 619 206 551 660 432 673 615 87 599 683 103 399 180 764 421 677 336 174 697 630 605 379 423 446 195 240 304 607 541 626 163 412 458 270 644 548 624 205 353 58 659 558 317 145 91 431 589 714 47 318 727 593 121 599 418 368 330 550 304 485 535 432 296 560 827 618 511 351 190 672 640 499 405 628 335 59 288 591 202 487 498 426 417 125 524 404 107 575 328 445 310 454 502 625 338 585 502 817 808 178 400 144 381 460 413 577 291 550 
6104 3704 4392 4232 2952 448 3768 4160 1968 4144 1480 6408 2904 4616 4104 2424 5272 6144 1360 4432 3312 5976 5024 5984 2720 4312 1312 960 3344 4296 1312 3584 5728 2608 4608 3032 4912 3776 2784 4072 3712 2088 6264 5760 4368 1600 2136 6248 2288 5208 4848 2424 3560 6096 360 2552 3056 1384 6408 2240 488 2552 3640 4624 3800 4888 5304 5568 4120 5160 3272 3344 5168 1640 4432 3712 3688 6792 4056 5912 3592 3888 4024 1440 4856 5976 1552 4904 3968 2048 4728 1088 5656 2256 4568 6328 4408 5544 4456 1728 3984 5608 1136 2744 400 6488 2728 5864 3048 2624 5552 5512 4944 2632 4320 3160 960 3120 3128 3952 3976 4136 432 2896 3456 2176 6000 4888 5088 2608 2128 1360 5568 3728 1520 200 1216 3472 5680 5824 896 1624 5816 3848 1280 5504 4368 3792 2792 4944 3344 4304 3320 3456 2160 4400 6816 4024 4968 3192 2760 6008 5464 3320 4112 4104 2688 1064 3392 5336 760 3960 4872 3456 2336 1160 3632 2256 1360 4840 1648 4480 1800 3904 5080 4048 3840 4376 4288 6568 6392 208 4128 1992 4104 4040 4336 3928 1480 4904 
1440 1260 5040 2187 2295 5175 3375 4149 5346 1908 4248 3429 2727 846 2745 4671 504 1746 5301 441 2934 1395 1791 3114 2466 828 3978 4662 2466 5553 3942 1431 3600 2493 2538 2457 441 2412 2511 4185 1431 5040 1629 1215 837 3708 3060 2808 2889 621 2745 4311 1422 3528 5157 3105 5094 3924 1962 2961 5274 2961 2025 2007 1161 2466 1152 1746 1872 495 1764 5544 864 4518 2124 3681 1674 2790 5211 1305 5985 1053 2151 4500 702 1656 3681 819 5589 3870 2277 4230 1314 3015 1467 3681 2313 1908 4068 4122 5418 2025 4230 3681 5175 2061 4266 1233 1998 4545 2736 801 1809 3564 2223 3564 4527 4059 2151 5913 3429 5823 5013 3546 2898 3096 2187 72 1899 3231 4383 5346 1377 4959 5274 5562 5679 2196 2700 2349 5148 4986 2817 5787 4041 1233 2727 2025 2430 198 2529 630 5805 2241 3366 2421 2898 5985 1899 1845 4689 1440 1116 4518 1953 6075 2691 5382 3240 738 4878 1890 1926 2124 5481 5967 4167 5337 4032 1197 5157 2097 4374 1305 3096 6201 3519 3339 1071 3294 3573 5445 2205 3573 2961 1008 2790 4833 4797 81 
3498 2244 858 1356 2442 2250 3720 528 3630 1476 1500 2568 1122 2994 1002 876 2922 3090 3288 2526 768 3138 1992 2280 1614 2748 1920 1872 1104 1062 2034 1998 1902 1860 3774 2700 2958 3252 1434 468 1842 3570 3618 3504 2802 2298 1734 2646 1710 3126 3978 774 2232 2244 2310 1098 792 1830 3306 1668 2784 2640 2934 1638 2322 1602 3432 2454 1488 2730 2172 1032 2538 1356 3498 3828 2730 3246 816 3528 1308 2244 3276 2904 3054 3816 2010 3132 1020 1110 3714 1986 3582 2310 1866 4944 3570 2358 768 2850 924 2364 2376 606 2280 3330 552 3126 1914 3636 2022 2988 1926 744 3480 402 1908 3684 2520 1230 600 1188 2274 564 774 1548 4128 2730 1986 2904 996 3306 2640 606 1656 2736 3354 1278 4290 2418 2958 1476 2226 1152 2292 3516 3744 3054 1554 2844 3018 2322 1224 1242 1278 1314 3210 1284 3660 1968 3774 3624 2682 330 3228 1344 1344 3162 3438 3198 2010 1452 3624 1332 1350 3402 150 1302 2412 2142 1530 3510 1230 1860 4230 1428 3822 894 1992 2772 2508 2472 3360 2634 3708 2076 3756 576 1506 2742 
3535 2184 1337 1022 2548 2828 4046 693 4221 1176 1897 2548 1022 3010 623 1428 2870 3052 3871 2443 504 3108 1771 2198 1603 2737 2268 2359 861 1687 2373 1897 1841 1911 4004 2849 2940 3444 1386 686 1680 4116 3675 3556 2800 2604 1876 2583 1813 3122 4242 1225 2191 2205 2884 1134 1463 2163 3304 1778 3367 2856 3059 1358 2268 1344 3500 2317 1190 2639 2163 1757 2408 1827 3675 4200 2793 3262 1414 3577 2079 2156 3437 3360 3066 3927 2303 3157 1708 1400 3920 2387 3654 2513 1624 5313 3773 2212 826 3248 1575 2219 2786 798 2856 3339 1022 3094 1890 4109 1869 2940 1694 889 3668 441 2366 4095 2618 1967 280 1890 2821 665 441 1680 4312 2660 1771 3178 1449 3899 2527 1225 2282 3374 3997 1029 4550 2296 3521 2051 2107 1876 2660 3591 3997 3185 1519 2793 3206 2205 1981 994 1435 987 3227 2030 3815 1925 4270 3689 2576 938 3374 2093 1323 3759 3738 3206 2534 1162 3787 1099 2051 4088 602 1974 2786 1946 2142 3682 1673 1680 4536 2198 4172 637 1799 2765 2499 3087 3535 2940 3990 1932 4018 1127 2037 2674 
3861 1674 5706 3573 765 3546 1152 4950 2790 3276 3177 5724 2754 1998 3888 4257 3096 4383 2907 2259 3393 4023 3897 5310 2007 1818 2484 3276 2970 5994 2340 1908 5499 1638 1620 378 2484 675 2277 4923 2268 2466 4005 3285 1827 1827 1980 5229 1935 2781 1917 3951 1539 5634 3465 2808 4968 2520 4599 2025 3213 711 648 3753 1683 4248 2646 4185 3231 3132 1368 5454 3393 3600 1413 1350 954 5400 5634 3510 5895 1899 963 2178 2295 3384 2106 2295 5841 3222 1746 2673 3069 1197 3339 3582 1386 4284 5076 1764 5733 4392 2304 3618 3510 4698 4113 3852 1638 1908 4833 3411 3852 3402 1287 3825 3078 1458 711 6048 4302 6084 3321 3600 3483 2232 3240 2700 4005 702 3816 2952 3933 5265 4221 3618 3339 2835 2817 4716 2934 4032 5031 5904 2178 2889 1404 765 2097 2655 189 2340 5625 2871 2700 3879 5490 6138 2052 1638 2052 3591 3708 4698 1089 6237 2403 3087 774 2907 3393 3087 1935 2745 4851 3663 4626 4698 2043 3375 4203 1467 3573 2448 2223 6291 1314 4509 2763 5697 5814 3681 1062 1332 1206 2313 1386 5292 3771 2709 
3773 1904 2093 1624 1883 1792 3325 1645 3171 1610 854 3479 581 2842 1449 959 3038 3542 2800 2408 756 3486 2380 3115 952 2541 1190 1316 889 2240 1309 1652 2863 1183 3528 2156 2919 2856 798 1589 1582 3080 3920 3640 2604 1589 952 3395 945 3157 3766 679 1848 3185 1841 301 1435 1092 3787 882 2289 2030 2520 1988 2002 2163 3423 2905 1603 2856 1694 1813 2744 896 3227 3430 2331 3955 1960 3710 2163 1974 2926 2310 2975 3948 1260 3045 2093 378 3500 1302 3661 1631 2058 4977 3290 2849 1862 2233 2016 2891 1715 385 1820 3843 756 3430 1379 3143 2737 3185 2310 224 3192 679 1302 3220 1995 2254 1358 2289 1764 441 875 735 4200 2744 2422 2324 707 2821 3003 1666 1463 2310 2912 1071 4249 3045 2443 1225 2975 2149 1603 3556 3444 2667 924 2842 2541 2205 1967 1050 399 1736 3955 2331 3507 1477 3304 3822 2975 1218 2905 2408 658 2681 2982 3255 1498 1484 3458 1099 1568 3010 1267 1456 1736 2345 1351 3255 756 1694 4053 2450 3444 1694 1974 3640 3458 2051 3031 1981 3367 1911 3451 1722 1127 2758 
3852 2394 1194 1782 2418 1764 3642 1068 3282 1854 1092 3120 1212 3186 1476 312 3246 3528 2898 2766 1050 3534 2448 2826 1620 2928 1590 1416 1344 1200 1716 2160 2466 1818 3828 2652 3204 3252 1470 996 2058 3246 3978 3798 2982 2034 1590 3174 1602 3396 4032 312 2358 2808 1830 1050 426 1506 3744 1548 2340 2514 2964 2088 2478 2106 3660 2916 1860 3066 2244 750 2910 876 3570 3726 2796 3750 984 3840 1056 2430 3312 2574 3276 4086 1740 3348 1020 792 3798 1620 3846 2166 2262 5058 3624 2832 1320 2568 978 2844 2040 540 1800 3774 156 3510 1974 3384 2556 3342 2382 654 3534 648 1476 3504 2514 1134 1140 1182 1812 624 1104 1410 4344 3018 2454 2760 516 2916 3066 720 1104 2256 2928 1524 4428 2922 2550 930 2760 1044 1974 3768 3762 3090 1584 3120 2982 2574 894 1494 1098 1788 3720 1200 3792 2046 3522 3936 3084 384 3294 1266 1356 2748 3348 3480 1536 1794 3750 1566 798 2952 666 738 2106 2532 972 3588 774 2118 4278 1296 3744 1446 2304 3318 3072 1974 3402 2418 3690 2322 3768 840 996 3030 
6588 3888 4662 4437 3078 279 4113 4374 2322 4338 1350 6885 2943 4941 4293 2457 5652 6606 1647 4707 3402 6426 5328 6408 2754 4590 1170 765 3438 4581 1197 3735 6129 2646 5004 3195 5256 4059 2817 4275 3870 2403 6768 6210 4653 1575 2097 6705 2277 5589 5283 2439 3735 6534 144 2538 3186 1242 6912 2214 684 2673 3879 4878 3996 5175 5715 5949 4311 5508 3402 3537 5508 1548 4788 4086 3906 7326 4302 6381 3834 4095 4329 1566 5202 6471 1467 5256 4221 1989 5130 918 6102 2295 4824 6957 4770 5922 4707 1845 4221 5985 1080 2772 216 6993 2781 6300 3141 2943 5922 5913 5247 2646 4671 3231 756 3447 3276 4221 4158 4410 162 2934 3555 2142 6516 5211 5400 2772 2106 1656 5958 3924 1503 540 1566 3582 6201 6228 1098 1584 6219 4104 1215 5940 4752 4059 2826 5283 3573 4554 3519 3573 2106 4626 7344 4311 5382 3303 3105 6498 5841 3447 4419 4401 2700 1341 3681 5733 558 4131 5274 3573 2421 1557 3780 2322 1332 5130 1638 4842 1728 4086 5562 4338 4212 4608 4518 7065 6867 306 4446 2079 4473 4239 4725 4140 1395 5229 
852 942 3432 1524 1632 3558 2310 2838 3660 1344 2940 2274 1920 600 1902 3216 234 1086 3636 402 2052 840 1218 2070 1752 624 2760 3216 1740 3780 2736 1062 2418 1770 1716 1728 282 1674 1782 2862 1056 3456 978 714 630 2580 2148 1842 2034 342 1842 2976 1056 2352 3552 2172 3486 2724 1224 2082 3624 2070 1428 1386 882 1686 720 1146 1326 276 1278 3786 558 3114 1452 2514 1200 1794 3552 762 4080 810 1488 3102 474 1020 2562 540 3804 2682 1536 2928 798 2112 1032 2418 1578 1260 2778 2844 3696 1338 2928 2556 3558 1290 2940 732 1446 3114 1830 438 1236 2472 1524 2466 3126 2778 1530 4026 2358 3960 3450 2460 2022 2172 1398 66 1290 2244 3030 3666 882 3390 3618 3816 3888 1554 1776 1554 3540 3426 1878 3942 2802 756 1854 1416 1728 96 1764 528 3960 1590 2352 1674 1872 4080 1266 1338 3204 858 696 3102 1356 4134 1902 3690 2232 408 3360 1338 1296 1518 3756 4080 2862 3666 2790 828 3546 1428 3024 966 2076 4218 2400 2286 798 2166 2370 3738 1518 2484 2022 780 1902 3300 3306 54 
1640 405 2860 1510 410 2170 1095 2405 2060 1335 1795 2630 1255 640 1730 2260 1180 1880 2060 695 1560 1690 1620 2410 895 480 1515 1945 1290 3070 1465 580 2550 770 960 450 865 580 1015 2400 775 1890 1730 1365 495 1255 1070 2345 1000 1045 1130 2065 355 2600 2145 1370 2600 1505 2005 1055 2115 745 300 1570 385 1855 1055 1765 1310 1180 375 2875 1320 2000 730 1245 90 2435 2865 1475 3125 510 550 1620 795 1480 1315 815 3020 1705 920 1645 1280 845 1320 1975 790 1820 2440 1405 2945 1880 1550 1800 2160 2060 2115 1600 600 1615 2150 1355 1600 1695 715 1850 1845 1375 310 3160 2020 3160 2060 1765 1585 1165 1515 950 1685 885 2035 2085 1625 2680 2395 2310 2285 1180 1460 2065 2010 2260 2250 3085 1455 1185 945 375 920 940 525 740 2985 1205 1400 1680 2490 3210 940 545 1700 1530 1495 2380 505 3265 1110 2125 950 1125 2040 1245 895 1130 2650 2455 2285 2565 1420 1320 2360 745 1955 855 1340 3310 1185 2090 995 2610 2685 2290 615 1105 965 745 965 2665 2130 955 
1792 2048 3648 1304 3040 5008 4336 2888 5720 1248 4008 1624 2480 2184 1736 3968 1344 1040 5552 1592 2320 1176 424 1336 2632 2080 4024 4480 2072 4176 4056 1952 1840 2840 3680 3280 1800 3472 2536 2952 1696 5488 1928 2080 2120 4016 3232 1120 3072 1808 3872 3680 2192 1712 5024 2864 4128 3944 1320 3112 5320 3632 3072 896 2032 1064 2344 232 1256 1080 2440 4456 680 4120 3304 4592 2712 1456 3920 1992 4808 1840 3280 4848 2048 2528 3856 2144 4304 3520 3456 4240 2320 3512 760 4616 3472 280 2704 4560 4144 376 4424 3088 5024 1360 3528 1216 2448 5160 1040 1232 512 3056 3384 2816 4408 4832 2968 4632 2328 4488 4912 2920 2216 3152 3168 1400 456 3944 3848 5592 472 3784 4768 5488 5840 1888 3776 672 5312 4488 1080 4544 4256 2328 3832 3112 2552 1552 3480 1448 4712 1912 3216 1328 1488 4688 3112 2336 5312 2112 640 3528 3120 4752 2640 5560 4152 1832 4688 1400 3144 1888 4712 6048 3104 4608 4296 536 4632 3288 3960 1496 4184 4888 4472 2072 1128 1544 1744 5280 3344 4072 4016 1504 3888 3600 4384 1408 
4400 2380 7030 4570 1540 4480 620 6180 3200 4230 4190 6840 3750 2380 4950 5420 3680 5150 3480 2870 4450 4710 4820 6400 2920 2300 3390 4240 3970 7360 3200 2700 6670 2520 1350 1110 2960 550 3220 6150 3100 2820 4550 3700 2280 2610 2890 6240 2850 3240 1620 5080 2260 6790 4390 3820 6220 3440 5350 2940 4000 1410 1000 4720 2350 5290 2940 5060 4180 3770 2140 6760 4130 4660 1300 900 1450 6320 6960 3970 7250 2600 920 2770 2690 3700 2970 2660 7180 4270 1580 3570 3400 1980 4220 3460 1180 5190 6310 2330 7070 5320 3080 4720 4440 5460 5270 4510 2480 2040 5880 4030 4790 4480 1130 4940 4030 1340 1430 7420 5450 7460 4220 4700 4550 3170 3380 3290 4950 1190 4920 3530 4730 6550 5330 4470 3980 3790 2730 5690 3620 5130 6080 7260 2970 3200 1010 960 3020 3200 590 3030 6940 3840 3700 4910 6440 7520 2050 2460 2140 4030 4450 5920 1140 7630 3370 3740 400 3360 4350 4030 1910 3700 6050 4360 5840 5890 2800 4210 5320 1370 4640 3280 1890 7690 800 5660 3570 6770 6950 4600 950 1970 690 3070 970 6580 4840 3290 
5544 3114 2610 2709 2943 1917 4707 2250 4077 2727 801 4995 1449 4320 2394 639 4608 5229 3519 3789 1548 5175 3708 4536 1845 3933 1530 1341 1818 2646 1719 2799 4122 2079 5094 3267 4437 4194 1692 2160 2736 4023 5742 5373 4014 2214 1638 4950 1692 4752 5409 378 3024 4581 2007 1062 1386 1413 5553 1602 2718 3006 3798 3186 3240 3348 5076 4392 2718 4374 2799 1863 4221 594 4734 4806 3600 5724 2322 5472 2286 3213 4329 3015 4500 5760 1773 4599 2367 396 5094 1584 5391 2475 3312 7002 4806 4311 2592 3006 2313 4347 2214 729 1971 5616 684 5103 2403 4239 4077 4797 3609 702 4671 1179 1404 4437 3114 2493 2106 2601 1953 918 1692 1395 6066 4221 3744 3348 216 3537 4536 1926 1233 2646 3582 2070 6084 4518 3006 918 4383 2358 2115 5256 4968 3996 1827 4347 3762 3528 1998 2034 936 2808 5706 2592 5139 2538 4437 5607 4509 1386 4320 2691 1503 3303 4257 4887 1557 2574 5067 2106 1332 3645 1665 1188 2313 3699 1071 4770 396 2880 5769 2709 4851 2574 3231 5238 4950 2250 4464 2808 4824 3150 4968 2088 864 4239 
4249 2149 3346 2709 1540 931 2569 2968 1848 2597 763 4634 1561 2975 2674 1778 3521 4284 1463 2779 2002 4130 3353 4263 1295 2695 147 679 1932 3402 56 2037 4116 1183 3129 1680 3213 2387 1386 2912 2156 1792 4389 3955 2744 469 777 4445 917 3472 3353 1638 2023 4396 903 1295 2394 245 4515 875 1057 1309 2198 3031 2233 3304 3577 3808 2576 3416 1771 2737 3430 1092 2926 2590 2184 4879 3143 4081 3038 2303 2569 1008 3171 4165 266 3220 3178 1099 3199 210 3878 959 2940 4655 2926 3801 3192 1008 3143 3857 385 1687 924 4585 1869 4032 1568 1974 3871 3724 3290 1540 2842 2009 532 2205 1701 3255 2681 3360 784 1771 2121 854 4221 3178 3416 1470 1428 1491 3794 2835 1456 1211 1603 2016 4025 4060 1127 1358 4095 3150 301 3752 2954 2345 1365 3227 2009 2667 2800 2009 966 2884 4900 3332 3360 1694 2128 4172 3689 2415 2625 3409 1316 1365 2212 3584 770 2429 3276 1995 2051 1736 2562 1939 462 3157 1477 2961 1141 2331 3591 3402 2660 2996 2667 4739 4634 1106 2667 952 2772 2436 2940 2954 1148 3192 
1734 1884 4884 3048 2010 4098 1590 4302 3444 2844 3738 3864 3060 1170 3396 4308 1686 2454 3630 1686 3360 2148 2844 3690 2670 1392 3354 3882 3024 5184 3270 2130 4044 2520 732 1878 1356 1314 2796 4314 2292 3216 1758 1284 1338 2958 2874 3408 2802 1326 636 4074 1914 3972 4056 3228 4698 3360 2472 2862 3900 2226 1428 2976 1806 3294 936 2742 2814 1872 2028 5022 2172 3996 810 1764 1500 3180 4944 1440 5322 1890 1116 3186 1182 1062 3102 1104 5154 3648 594 3498 1044 2490 2616 816 840 2868 4290 2916 5058 2940 3288 3732 4086 2538 4110 2028 2304 2718 3462 1830 2856 3612 900 3750 3756 2250 1878 5340 3816 5316 3954 3672 3366 2994 618 1656 2916 2202 4044 3660 2442 4734 4458 4170 3924 2856 162 3150 3696 4308 3492 5250 3198 990 960 1302 2688 1536 1626 1890 5166 2892 3282 3222 3282 5400 474 2220 2748 1410 2256 4398 1062 5460 2916 3780 1746 1326 3978 2784 522 2802 4782 4152 4230 4680 3120 2448 4422 780 3942 2304 690 5526 1614 3816 2286 3720 3966 4206 1044 2646 1218 2094 1002 4692 4146 1650 
3264 1968 4530 3222 1320 2568 450 4056 1434 3030 2580 4662 2592 2052 3414 3408 2826 3702 1698 2322 3036 3444 3444 4392 2094 1986 2052 2520 2778 4680 1932 2124 4512 1830 1308 1074 2394 954 2274 4032 2358 1206 3348 2838 1980 1554 1938 4326 1956 2568 1416 3228 1878 4608 2496 2568 3912 2106 3828 1998 2148 1026 1194 3354 1968 3684 2382 3624 3000 2880 1758 4230 3078 2874 1368 324 1452 4404 4440 3006 4506 2112 1170 1392 2238 2826 1830 2220 4542 2730 1494 2124 2652 1356 3078 2424 1272 3696 4170 1188 4482 3768 1746 3084 2538 3900 3378 3324 1908 684 4074 3036 3420 2940 1260 3270 2388 204 1314 4650 3660 4704 2406 3102 3102 2124 2586 2586 3522 762 3096 1722 3444 4182 3198 2448 1998 2706 2106 3990 1872 3120 4200 4560 1722 2538 1080 1194 2160 2538 876 2400 4308 2730 2424 3426 4476 4716 1812 1920 708 3036 3276 3804 1302 4782 2340 1890 384 2640 2550 2898 1728 2652 3708 2226 3810 3612 1590 3096 3222 1404 2892 2484 1494 4800 456 3822 2694 4644 4728 2592 1182 1140 822 2388 1032 4230 2940 2586 
3600 2454 588 1446 2700 2502 3978 312 3912 1596 1770 2478 1374 3180 1068 1080 3054 3144 3564 2694 978 3216 2040 2202 1866 2940 2202 2136 1314 852 2310 2208 1776 2118 4002 2952 3114 3498 1692 240 2034 3852 3720 3642 2994 2580 2010 2604 1980 3276 4206 1020 2454 2136 2568 1368 858 2112 3354 1944 3054 2910 3174 1698 2526 1602 3600 2490 1614 2850 2412 1020 2634 1608 3726 4092 2958 3234 618 3648 1260 2436 3510 3186 3228 3960 2292 3306 876 1386 3936 2268 3732 2586 1968 5148 3804 2382 570 3132 762 2376 2658 888 2538 3372 792 3210 2160 3912 1980 3102 1974 1026 3714 666 2178 3954 2772 1116 612 1026 2538 840 960 1830 4296 2874 2022 3174 1242 3582 2706 474 1872 2994 3624 1470 4494 2406 3234 1698 2178 1044 2574 3672 3984 3288 1812 2994 3270 2490 1218 1440 1560 1368 3192 1158 3864 2202 4050 3744 2760 414 3462 1212 1608 3432 3702 3342 2268 1596 3834 1530 1494 3672 132 1458 2694 2238 1740 3732 1488 2040 4464 1308 4086 846 2136 2700 2406 2724 3594 2916 3960 2256 3996 366 1752 2886 
2040 1555 1340 450 2030 2680 3045 880 3495 620 2015 1090 1160 1975 365 1760 1660 1575 3295 1540 860 1670 680 835 1480 1820 2190 2340 905 1680 2245 1385 670 1685 2835 2230 1825 2540 1350 925 1185 3390 2130 2155 1860 2335 1790 1115 1715 1905 2980 1610 1605 875 2715 1350 1745 2120 1745 1715 3010 2335 2260 465 1590 270 2220 1025 645 1480 1670 1920 1255 2005 2585 3180 2040 1625 1525 2130 2120 1475 2485 2890 1955 2435 2155 2020 1775 1665 2730 2295 2275 2150 760 3620 2675 925 750 2765 1670 915 2525 1275 2700 1755 1465 1690 1545 3300 600 1650 640 1310 2605 1035 2330 3200 2040 1980 585 1880 2660 1165 770 1680 2790 1585 650 2565 1760 3320 1235 1465 2355 3050 3420 905 3070 935 3080 2185 770 1930 2425 2250 2875 2325 1415 1690 2445 1375 2085 890 1595 280 1590 2010 2585 1530 3410 2210 1315 1355 2405 2050 1355 3245 2860 1945 2475 720 2585 940 2200 3515 1070 2145 2490 940 2255 2585 1895 1110 3195 2140 3135 370 1040 1235 1070 2870 2540 2500 2925 1250 2900 1335 2165 1590 
1760 656 4160 1680 1632 4120 2800 3376 4360 1408 3296 3144 1968 816 2152 3704 920 1920 4288 136 2216 1656 1568 2816 1712 584 3064 3664 1776 4592 3032 792 3144 1744 2224 1816 712 1936 1760 3400 816 4096 1928 1528 640 2840 2240 2648 2088 976 2448 3384 816 3152 4112 2296 4104 3008 2144 2152 4224 2232 1536 1624 592 2072 1344 1712 1376 824 1112 4520 992 3536 1832 3056 1184 2776 4280 1624 4920 456 1760 3568 848 1888 2800 944 4592 2968 2032 3280 1560 2232 1152 3464 1992 1816 3344 3240 4456 1912 3296 2840 4120 2224 3360 1528 1304 3696 2432 1160 1560 2720 1896 2760 3544 3320 1520 4872 2728 4808 3976 2720 2192 2272 2272 536 1672 2504 3440 4328 1472 4040 4208 4472 4616 1536 2592 2208 4128 3960 2552 4760 3128 1464 2344 1576 1680 624 1960 144 4744 1584 2520 1928 2856 4944 1792 1160 3840 1744 1280 3624 1600 5024 1920 4344 2624 1096 3856 1344 1792 1472 4424 4864 3344 4288 3128 1040 4112 1824 3416 744 2784 5128 2936 2704 672 3080 3248 4360 1824 2752 2488 456 2392 3944 3784 552 
4067 1974 3185 2485 1428 1085 2569 2779 2037 2373 686 4410 1337 2821 2450 1673 3332 4081 1673 2597 1785 3934 3136 4039 1085 2541 154 749 1715 3255 182 1841 3899 1001 3059 1596 3045 2317 1162 2723 1953 1953 4207 3787 2590 518 567 4221 707 3304 3290 1498 1855 4172 1071 1078 2282 147 4312 665 1281 1267 2100 2807 2058 3080 3423 3591 2352 3220 1603 2632 3227 1029 2842 2611 2058 4662 2996 3913 2947 2121 2485 1176 3017 4011 182 3066 3052 938 3115 343 3724 882 2723 4585 2849 3584 2996 1134 3010 3640 581 1498 1085 4375 1715 3843 1379 2086 3647 3535 3066 1351 2758 1820 609 2268 1582 3143 2471 3234 952 1582 1904 630 4095 2996 3192 1477 1309 1701 3584 2688 1470 1421 1827 1792 3934 3836 1344 1337 3871 3038 469 3598 2905 2247 1148 3052 1946 2478 2716 1792 756 2660 4683 3220 3248 1505 2247 4004 3486 2254 2527 3297 1099 1582 2212 3416 882 2212 3171 1771 2009 1960 2380 1890 609 2947 1463 2870 1050 2121 3542 3304 2667 2786 2457 4522 4417 1288 2583 994 2737 2240 2891 2793 1134 3010 
3784 1608 2760 1576 1648 2312 3344 2128 3504 1480 1312 3768 256 2680 1536 1672 2944 3600 3160 2192 816 3496 2368 3352 544 2328 1400 1776 688 3008 1480 1320 3184 864 3488 1984 2768 2744 344 2096 1264 3360 3952 3608 2400 1648 784 3592 704 3048 3768 1352 1536 3496 2336 224 2184 1296 3880 672 2720 1912 2344 1960 1720 2248 3344 2936 1464 2752 1376 2624 2656 1488 3144 3488 2112 4152 2680 3696 3024 1688 2808 2528 2832 3952 1336 2912 2880 896 3448 1592 3616 1504 1936 5128 3224 2896 2312 2360 2776 2952 1920 912 2328 3944 1408 3424 1008 3328 2904 3128 2288 736 3104 1080 1712 3320 1768 3096 1656 3104 2232 880 944 576 4232 2592 2432 2272 1368 3192 2992 2360 2160 2832 3360 816 4288 3160 2808 1896 3160 2976 1768 3504 3416 2512 496 2696 2416 1968 2808 800 512 1768 4168 3176 3440 1120 3512 3816 2928 1864 2776 3264 192 3080 2968 3168 1992 1304 3384 808 2360 3512 1800 2224 1880 2240 2048 3160 1352 1416 4096 3328 3480 1960 1760 3912 3776 2592 2928 1992 3352 1640 3424 2384 1744 2608 
4450 4080 2880 1920 5090 6350 7070 2190 8060 2240 5020 1450 3380 4740 1780 4320 3890 3300 7650 3890 2740 3630 1880 1080 4020 4490 5420 5670 2880 3580 5540 3760 290 4430 6550 5490 4360 6050 3770 2310 3360 7850 4600 4840 4570 5740 4650 1860 4500 4450 6820 4080 4190 870 6430 3740 4120 5280 3590 4490 7060 5730 5490 1750 4130 1180 5110 2280 2290 3550 4360 4360 3050 4950 6050 7360 5040 2990 3370 4730 4690 3890 5890 6850 4650 5400 5380 4780 3890 4310 6310 5630 5130 5370 2310 7950 6240 2040 1790 6600 3680 1950 6110 3470 6400 3580 3750 3720 4140 7660 990 3780 1850 3580 6110 2970 5660 7440 5100 4310 1950 4050 6320 3270 2570 4420 6190 3850 1760 6180 4410 7700 2800 3390 5590 7110 7890 2870 6880 1780 7210 5260 1180 4230 5910 5120 6660 5610 3900 4060 5890 3600 4690 2850 4220 1590 2860 4350 5960 4090 7880 4880 3040 3360 5730 4400 3780 7540 6730 4500 5940 2460 5980 2950 5140 8070 2760 5060 6050 2530 5380 6040 4730 3180 7240 4610 7250 1430 2950 1870 1320 6730 6000 6070 6800 3420 6720 3080 5250 3870 
3558 1788 2436 2016 1434 894 2490 2118 2016 1950 300 3648 1020 2556 1932 1122 2922 3498 1674 2310 1344 3396 2616 3336 954 2304 306 516 1350 2490 426 1638 3168 960 2862 1608 2712 2238 960 2070 1692 1968 3678 3354 2352 756 582 3528 678 2934 3066 978 1698 3426 912 756 1638 222 3708 624 1236 1362 2022 2310 1866 2508 3072 3030 1932 2802 1500 1944 2778 588 2658 2538 1950 3948 2268 3450 2214 1902 2364 1296 2706 3564 462 2760 2304 510 2892 384 3318 1014 2286 4164 2676 3012 2316 1278 2268 3054 762 1020 912 3756 1170 3330 1272 2100 3006 3084 2556 900 2598 1308 444 2256 1566 2382 1896 2460 834 1104 1452 528 3684 2640 2658 1560 810 1692 3054 2004 1014 1284 1764 1446 3588 3210 1362 876 3204 2292 690 3216 2742 2148 984 2700 1926 2178 2016 1440 462 2148 3960 2448 2982 1380 2232 3534 2994 1638 2388 2514 870 1566 2184 3030 666 1818 2922 1440 1422 1854 1764 1326 816 2496 990 2682 594 1824 3288 2514 2580 2178 2106 3768 3648 1104 2448 1164 2616 1956 2736 2100 702 2646 
744 1648 4904 2360 2528 5144 3272 4112 5200 2136 4328 3080 2960 976 2864 4688 208 1280 5192 928 3120 888 1824 2856 2744 1136 4080 4696 2712 5384 4048 1824 3392 2760 2368 2624 520 2448 2784 4152 1816 4920 904 592 1112 3816 3264 2472 3112 320 2496 4368 1792 3240 5128 3304 5032 4032 1400 3184 5208 3096 2168 2120 1560 2488 824 1592 2112 488 2088 5432 880 4560 2048 3544 1896 2256 5088 616 5816 1480 2176 4488 736 1032 3808 776 5432 3984 2096 4304 784 3184 1672 3072 2216 1768 4008 4144 5280 1864 4288 3800 5144 1488 4312 728 2328 4432 2592 376 1872 3696 2160 3672 4568 3952 2384 5728 3480 5640 5000 3672 3072 3304 1624 496 1912 3312 4440 5240 1184 4880 5232 5472 5544 2464 2248 2128 5088 4976 2608 5624 4120 784 2592 2128 2712 416 2624 1112 5664 2512 3544 2536 2376 5800 1688 2184 4544 744 944 4512 1992 5872 2944 5288 3208 296 4880 2152 1752 2416 5416 5808 4176 5288 4096 1352 5136 2016 4440 1688 2776 5992 3384 3352 1432 2896 3224 5376 2192 3664 2848 1440 2656 4752 4816 480 
3591 3501 8046 5382 3393 6345 2151 7191 4959 5067 5976 6759 5193 2592 5877 6957 3492 4671 5337 3366 5715 4203 5175 6480 4536 2862 5310 6093 5220 8451 5166 3879 6984 4248 1233 3105 2952 2169 4761 7191 4167 4617 3618 2916 2790 4644 4716 6084 4635 2952 918 6624 3501 6903 6264 5382 7605 5346 4698 4725 5895 3537 2529 5328 3402 5814 2376 5067 5022 3753 3609 8100 4203 6390 1611 2331 2772 5760 8082 3150 8550 3564 1998 4779 2673 2565 4932 2565 8361 5940 1278 5499 2556 4014 4788 828 1521 5247 7209 4401 8235 5364 5085 6174 6309 4797 6732 4032 4014 3834 6120 3726 5193 5976 1656 6264 5904 3105 3213 8622 6471 8613 6111 6111 5751 4932 1836 3402 5283 3393 6543 5382 4626 7749 7038 6327 5787 4986 837 5679 5535 6840 6183 8487 4977 2466 1413 2331 4590 3231 2637 3654 8298 5031 5391 5661 5913 8712 1485 3915 3825 3105 4347 7218 2016 8811 4932 5607 2520 2970 6210 4959 1485 4896 7614 6129 7029 7461 4833 4572 7011 1584 6345 4221 603 8892 2124 6516 4257 6561 6912 6462 1863 4086 1701 3915 1440 7713 6579 3393 
6010 3490 7190 5370 2260 3470 1650 6490 1500 5080 3690 7940 4090 3950 5590 5130 5170 6600 1900 4230 4840 6200 5910 7460 3300 3750 2790 3480 4480 7360 2580 3650 7540 2870 3010 1960 4500 2210 3590 6430 4030 1110 6170 5350 3760 1990 2870 7450 2950 4820 3230 4880 3310 7780 3340 3950 5990 2910 6840 3000 2680 1560 2440 5660 3520 6190 4610 6320 5030 5200 3030 6500 5470 4170 3020 1470 2800 7710 6980 5610 6940 3760 2600 1450 4270 5400 2480 4260 7090 4050 3290 2860 5070 1960 5280 4960 2890 6400 6720 1190 7020 6520 2170 4750 3410 6950 5160 6020 3150 390 6900 5530 5850 4520 2840 5120 3270 650 2340 7230 5890 7350 3210 4810 4980 3170 5100 4730 6030 1130 4610 1940 6070 6540 4620 3190 2390 4420 4380 6870 2210 4530 7150 7080 2180 4880 2640 2520 3430 4690 1870 4290 6600 4450 3630 5690 7800 7340 3770 3230 590 5680 5830 5910 2800 7450 3650 2220 1330 4960 3490 4840 3630 4340 5530 2780 6000 5370 1950 5390 4680 3080 4230 4260 3400 7450 1680 6220 4670 7950 8020 3460 2660 1360 2220 4180 2570 6660 4230 4740 
3992 2952 1408 1248 3560 4072 5248 696 5648 1520 3016 2240 1920 3752 800 2360 3352 3264 5256 3064 1328 3416 1824 1872 2536 3480 3432 3536 1608 1952 3552 2640 1328 2888 5048 3896 3568 4496 2304 784 2344 5512 4144 4152 3544 3792 2936 2424 2840 3720 5296 2184 3000 1792 4136 2112 2200 3320 3528 2816 4696 3976 4040 1440 3024 1176 4208 2376 1552 3072 3040 2416 2728 2912 4656 5440 3704 3280 1712 4120 2720 2864 4440 4664 3760 4592 3456 3864 2128 2448 4904 3576 4320 3616 1888 6400 4784 2216 464 4512 1952 2192 4016 1752 4112 3544 1912 3440 2776 5464 1592 3360 1752 1864 4672 1344 3552 5392 3608 2456 520 2288 4072 1600 1200 2720 5128 3192 1784 4344 2456 5288 2720 1664 3384 4696 5408 1712 5528 2192 4864 3128 1848 2384 3872 4272 5080 4168 2440 3360 4280 2792 2680 1680 2472 1024 3208 2504 4720 2784 5640 4248 2840 1584 4336 2560 2264 5136 4920 3792 3736 1608 4704 1792 3008 5520 1104 2944 4008 2208 3224 4656 2736 2272 5640 2712 5392 224 2264 2536 2152 4368 4544 4136 5120 2536 5112 1432 3144 3208 
1760 1340 5300 2120 2560 5630 3920 4310 5970 1820 4550 3570 2810 1200 2750 4960 700 1870 5880 500 3000 1550 1700 3200 2590 1080 4310 5040 2490 5880 4290 1460 3700 2670 3070 2780 800 2850 2620 4350 1390 5640 1970 1610 1120 4070 3280 2900 3080 990 3310 4560 1540 3640 5620 3240 5400 4240 2150 3160 5790 3310 2380 1920 1260 2430 1590 1710 1780 510 1910 5890 760 4830 2600 4250 1960 2970 5500 1670 6380 1090 2580 4990 1080 2130 4000 1210 5920 4100 2790 4590 1750 3310 1320 4390 2800 1870 4210 4580 5730 2000 4630 3850 5630 2260 4490 1400 2120 5130 2760 960 1710 3720 2690 3690 4900 4630 2420 6290 3510 6180 5460 3690 2950 3290 2740 320 1820 3640 4660 5930 1360 5220 5670 6090 6290 2180 3310 2370 5680 5350 2870 6150 4420 1670 3260 2400 2530 530 2920 550 6180 2230 3570 2380 3080 6370 2390 1940 5300 1830 1090 4750 2370 6470 2810 5950 3740 1100 5280 1810 2420 2120 5870 6600 4340 5710 4420 1030 5540 2570 4670 1220 3710 6610 4090 3400 910 3440 3710 5930 2650 3960 3490 930 3330 5080 5150 340 
3060 2205 6732 4149 2061 5112 1377 5886 4095 3834 4662 5796 3852 1512 4617 5616 2637 3942 4356 2223 4383 3501 4086 5472 3186 1674 4023 4815 3897 7119 3888 2565 5877 2907 171 1800 1998 891 3411 5886 2880 3753 3159 2385 1611 3393 3384 5175 3294 2133 441 5274 2178 5868 5040 4041 6255 4050 4059 3384 4770 2286 1188 4158 2115 4662 1692 4113 3789 2826 2259 6750 3231 5067 279 1665 1422 5040 6750 2637 7200 2295 657 3690 1710 2259 3645 1629 7020 4599 207 4230 2052 2727 3636 2034 189 4275 5931 3285 6894 4392 3879 4824 5085 4167 5382 3321 2664 3024 5058 2925 4086 4635 315 4923 4626 2331 1872 7281 5184 7272 4887 4761 4428 3591 1854 2412 4203 2223 5202 4401 3735 6417 5733 5184 4797 3681 1251 4725 4455 5517 5175 7146 3744 1899 441 990 3240 2268 1377 2484 6948 3726 4050 4446 5175 7371 711 2574 3087 2655 3456 5877 675 7470 3582 4581 1539 2205 4950 3699 594 3591 6282 5139 5697 6129 3618 3492 5697 279 5004 2961 828 7542 1449 5256 3069 5661 5931 5256 531 2898 810 2682 513 6390 5265 2403 
3304 2198 1421 805 2681 3199 4165 728 4515 1008 2268 2156 1239 2947 357 1820 2688 2758 4186 2352 728 2842 1470 1806 1785 2688 2597 2730 973 1841 2695 1918 1456 2093 4032 2982 2821 3521 1582 763 1666 4389 3444 3388 2751 2884 2135 2205 2051 2982 4256 1624 2226 1813 3255 1428 1806 2492 3003 2030 3717 3045 3129 1071 2261 987 3381 2002 1036 2450 2247 2065 2184 2212 3689 4333 2842 2905 1596 3381 2366 2135 3486 3654 2975 3766 2597 3066 1925 1771 3920 2723 3514 2723 1407 5264 3801 1883 700 3514 1785 1876 3094 1183 3234 3031 1414 2842 2002 4340 1484 2730 1400 1260 3696 833 2723 4284 2730 2205 189 2093 3185 1043 616 1946 4200 2513 1456 3367 1848 4214 2247 1463 2674 3738 4326 1078 4501 1939 3850 2443 1722 2121 2968 3458 4046 3248 1701 2653 3318 2107 2296 1043 1750 686 2863 2254 3780 2016 4501 3493 2317 1267 3402 2317 1540 4088 3878 3052 2912 1057 3759 1148 2429 4438 875 2359 3080 1715 2534 3696 2058 1624 4557 2436 4298 266 1666 2373 2107 3465 3577 3185 4067 1869 4074 1316 2429 2527 
1832 1376 5352 2912 1768 4592 2032 4576 4176 2640 3984 4208 2952 416 3368 4640 1376 2544 4280 1112 3320 2160 2728 3928 2472 688 3552 4232 2872 5752 3464 1696 4336 2328 1112 1712 808 1264 2624 4584 1896 3880 1936 1264 616 3120 2824 3640 2704 944 1280 4328 1432 4288 4552 3200 5136 3536 2656 2792 4472 2216 1120 2848 1264 3288 656 2704 2600 1544 1632 5560 1920 4296 776 2304 1032 3520 5432 1480 5968 1360 960 3608 552 1312 3224 480 5720 3800 864 3760 1032 2464 2376 2248 952 2856 4560 3248 5584 2960 3584 3848 4584 2752 4360 1992 1984 3312 3584 1632 2736 3696 896 3848 4080 2776 1592 5976 3928 5936 4416 3752 3328 2952 1304 1192 2832 2320 4312 4320 2352 5160 4944 4792 4656 2648 1376 3248 4264 4720 3664 5856 3440 872 1320 1016 2488 1048 1552 1376 5768 2696 3304 3160 3632 6048 552 1856 3408 1528 2104 4720 784 6136 2784 4424 2024 1016 4384 2560 560 2576 5304 4944 4488 5168 3368 2200 4880 744 4216 1912 1592 6224 2136 3936 1912 4072 4336 4776 952 2808 1584 1632 1384 5096 4512 1184 
3661 2149 5180 3626 1414 2989 434 4627 1764 3395 2954 5299 2912 2247 3857 3906 3143 4172 2044 2555 3423 3871 3878 4977 2331 2170 2345 2905 3122 5369 2205 2331 5124 2023 1407 1120 2646 959 2541 4599 2611 1491 3759 3171 2163 1771 2177 4900 2184 2842 1547 3689 2044 5236 2905 2898 4487 2408 4319 2240 2527 1092 1239 3766 2149 4158 2632 4081 3360 3206 1911 4858 3437 3297 1463 357 1540 4984 5089 3360 5187 2317 1218 1645 2464 3157 2079 2443 5215 3108 1617 2443 2954 1491 3444 2751 1351 4165 4746 1386 5145 4249 2016 3507 2954 4396 3857 3731 2100 903 4606 3395 3843 3339 1337 3710 2751 371 1393 5348 4151 5404 2800 3521 3507 2387 2891 2863 3962 805 3542 2072 3864 4788 3696 2877 2387 3031 2352 4508 2219 3598 4760 5243 1974 2814 1141 1239 2408 2807 868 2646 4963 3059 2744 3857 5068 5425 1981 2107 945 3395 3675 4347 1372 5502 2618 2254 294 2933 2947 3248 1883 2968 4277 2660 4340 4158 1834 3465 3710 1505 3311 2758 1659 5523 469 4333 2996 5271 5369 3024 1232 1281 847 2639 1092 4837 3388 2870 
7272 5067 2196 4122 4977 3042 6705 2592 5625 4266 2547 5868 3303 6264 3618 1395 6372 6741 4968 5652 3069 6786 5094 5463 3852 5877 3348 2772 3519 1737 3537 4725 4806 4104 7128 5301 6318 6228 3654 2484 4590 5661 7461 7209 5958 4095 3663 6057 3726 6597 7443 1746 4995 5355 3177 3015 927 3258 7065 3636 4005 5004 5832 4563 5193 4518 6993 5796 4275 6102 4806 648 5859 2106 6759 6786 5616 6984 1683 7272 594 5130 6354 4698 6417 7632 3672 6516 1314 2421 7110 3285 7272 4473 4869 9018 6831 5661 2961 4797 1440 5661 3924 2304 3105 7110 1728 6750 4392 6030 5121 6507 4995 2457 6696 2457 2943 6345 5139 1089 3006 1377 3213 2439 3141 3429 8010 6030 5094 5319 1818 4977 6057 1530 1809 3717 4878 3789 8091 5742 4419 1800 5418 1035 3897 7155 6993 6021 3816 6183 5787 5373 378 3744 2961 4086 6921 1152 7137 4527 6228 7416 6102 1620 6345 1215 3474 4671 6246 6723 2844 4185 7074 3852 900 4806 2133 1026 4104 5274 1701 6795 2088 4680 7794 1089 6840 3411 4959 6210 5760 3267 6489 4716 6849 4986 6993 1827 2052 6057 
3936 2172 3516 2892 1494 972 1956 3198 930 2772 1260 4536 1938 2754 2898 2136 3342 4086 624 2706 2340 3912 3390 4224 1614 2550 774 1032 2244 3546 666 2142 4140 1434 2610 1494 3018 1998 1734 3150 2298 900 4050 3624 2580 552 1188 4338 1290 3234 2784 2040 2058 4356 894 1740 2658 864 4266 1284 582 1116 1944 3144 2226 3402 3246 3744 2748 3288 1830 2940 3354 1518 2502 1920 2022 4650 3336 3756 3174 2322 2202 246 2940 3750 738 2970 3342 1590 2718 732 3522 990 3018 3888 2472 3756 3384 426 3324 3810 318 2100 936 4326 2244 3816 1746 1164 3882 3540 3342 1974 2412 2376 924 1482 1614 3390 2940 3492 816 2172 2442 1314 3714 3048 3450 1110 1842 648 3690 3072 1698 864 804 2286 3426 3996 432 1680 4068 3306 420 3402 2424 2052 1686 3066 1686 2658 2970 2292 1470 3054 4680 3456 2928 1836 1284 3822 3582 2712 2286 3516 1704 600 1674 3330 1008 2628 2850 2256 2280 978 2850 2196 348 3174 1752 2538 1590 2448 2952 3504 2010 3204 2736 4608 4548 978 2268 678 2220 2496 2400 3174 1512 3060 
1855 2125 2085 1245 2710 3640 3600 1725 4325 1340 2975 125 2070 2275 1325 2725 1720 1215 4165 1895 1820 1435 895 135 2305 2205 3105 3300 1795 2435 3150 2015 550 2485 3210 2890 2030 3060 2205 1780 1830 4195 1910 2125 2230 3195 2660 355 2570 2020 3330 2585 2205 265 3665 2285 2675 3040 1320 2580 3935 3065 2800 1030 2130 820 2350 845 1360 1570 2330 2810 1330 2975 2975 3755 2570 895 2330 2040 2985 2005 2950 3740 2190 2400 3045 2245 2590 2630 3070 3225 2305 2940 1205 3755 3080 745 1530 3585 2485 680 3415 2250 3655 1295 2435 1505 2280 4040 410 1615 915 2280 3025 2010 3275 3870 2685 2800 1540 2670 3605 2140 1730 2570 2825 1785 830 3280 2735 4190 1095 2330 3330 3990 4315 1745 3245 505 3975 3160 265 2760 3310 2320 3305 2835 2245 1875 3040 1785 2975 1745 2525 1125 820 2820 2850 2230 4140 2105 1245 2285 2850 2845 2240 4140 3465 2020 3430 1465 2875 1765 3155 4425 1990 3110 3360 1200 3230 2965 2865 1710 3525 2950 3685 1285 1520 290 180 3825 2990 3295 3410 1775 3340 2175 3135 1790 
4400 2008 3648 2680 1392 1488 2760 3144 2376 2536 960 4872 1392 2976 2680 2016 3568 4440 2016 2728 1944 4264 3392 4456 1032 2656 424 1104 1808 3776 392 1872 4328 896 3272 1600 3232 2432 1144 3088 2008 2256 4568 4080 2712 544 432 4640 584 3528 3544 1792 1872 4624 1464 1144 2696 400 4704 552 1656 1256 2168 3032 2104 3360 3664 3896 2512 3440 1584 3120 3464 1344 3016 2832 2112 5120 3472 4224 3488 2184 2616 1392 3200 4336 200 3256 3560 1128 3328 640 4008 800 2912 5016 3032 3896 3376 1280 3496 3960 784 1712 1480 4776 2016 4152 1336 2336 4008 3800 3320 1528 2928 2040 944 2480 1576 3688 2752 3776 1336 1776 2072 560 4440 3184 3464 1528 1608 2056 3872 3120 1888 1840 2232 1872 4264 4200 1688 1720 4256 3568 624 3864 3104 2336 1112 3240 2016 2592 3224 1880 816 2896 5152 3776 3472 1480 2520 4328 3760 2616 2656 3864 1088 1944 2352 3656 1256 2344 3392 1848 2456 2408 2720 2328 736 3152 1872 3048 1344 2200 3832 3880 2880 3088 2592 4992 4888 1712 2728 1032 2928 2328 3096 3216 1488 3192 
2240 1340 6290 3260 1990 5490 2660 5320 5150 2910 4670 4950 3310 210 3820 5450 1510 2990 5230 1010 3760 2530 3060 4590 2750 470 4170 5010 3210 6800 4080 1740 5060 2600 1680 1990 780 1630 2920 5340 1980 4790 2400 1610 380 3680 3230 4270 3080 1060 1920 5050 1430 5030 5450 3640 6050 4150 3170 3170 5390 2610 1320 3190 1210 3740 950 3090 2860 1670 1710 6580 2100 5050 1210 3000 1080 4190 6400 1850 7080 1310 1290 4370 510 1800 3780 500 6760 4400 1400 4440 1400 2860 2600 3210 1420 3260 5310 3920 6590 3390 4260 4430 5480 3290 5080 2330 2140 4140 4140 1860 3070 4250 1320 4420 4830 3520 1770 7080 4520 7030 5280 4320 3770 3370 1940 1200 3190 2800 5050 5280 2670 6060 5860 5780 5690 2920 2110 3760 5170 5580 4260 6940 4070 1210 1880 1240 2760 1060 1890 1330 6840 2980 3800 3560 4330 7180 1080 1980 4270 1940 2370 5510 1060 7280 3130 5380 2580 1190 5210 2800 1070 2830 6290 6040 5210 6120 4010 2400 5780 1180 4930 1990 2330 7400 2810 4530 2000 4810 5100 5740 1320 3350 2160 1640 1960 5980 5330 1190 
1495 1225 1875 420 1795 2815 2720 1395 3405 450 2170 1045 1225 1505 670 2090 1120 1065 3260 1085 1065 1135 145 800 1400 1385 2240 2480 955 2200 2270 1100 940 1570 2415 1975 1320 2195 1315 1430 910 3275 1585 1615 1420 2290 1765 870 1675 1380 2550 1910 1295 975 2835 1455 2165 2180 1245 1690 3060 2145 1920 155 1235 295 1705 535 465 945 1415 2370 710 2220 2170 2870 1690 1250 2035 1585 2590 1115 2105 2830 1465 1900 2155 1530 2275 1850 2290 2365 1740 2020 305 3120 2265 465 1290 2670 2175 485 2520 1545 2830 1265 1805 1145 1360 3120 525 1105 95 1535 2200 1355 2445 2960 1775 2480 1040 2390 2770 1435 995 1690 2260 1070 150 2360 2025 3285 705 1950 2610 3145 3420 870 2580 600 3085 2440 650 2420 2415 1725 2480 1970 1345 1175 2145 940 2530 875 1690 415 1245 2515 2115 1310 3220 1665 770 1790 2015 2555 1360 3245 2570 1415 2615 565 2125 880 2550 3540 1525 2485 2460 410 2525 2160 2115 795 2755 2640 2810 890 630 1090 1080 2995 2155 2375 2560 880 2510 1835 2385 1080 
3312 936 4032 2256 360 2640 2064 3360 2832 2024 2024 4328 1408 1824 2472 2840 2504 3496 2696 1656 1984 3264 2720 3936 744 1504 1576 2256 1624 4304 1512 936 4000 432 2248 696 2104 1464 984 3336 1200 2600 3472 2952 1560 1248 864 3968 776 2400 2528 2544 784 4184 2608 1480 3432 1560 3736 856 2640 784 1096 2496 1016 2912 2512 3112 1984 2424 488 3864 2528 2360 1936 2232 960 4288 3976 3104 4264 1144 1568 1984 2048 3184 1272 2104 4168 1928 2256 1792 2856 632 2208 3952 1992 3152 3488 1672 4072 3240 1712 2192 2632 3816 2656 3136 488 2344 3488 2760 2664 2008 1872 2360 2104 2168 488 4368 2800 4392 2472 2168 2072 1040 3280 2112 2816 1144 2464 2736 2992 3648 2984 2904 3016 1528 3160 3512 2528 2776 3696 4248 1544 2712 2144 1272 824 2152 1120 1584 4032 1560 1440 2520 4344 4456 2344 552 2512 3200 2832 3152 1568 4544 1104 2744 1704 2528 2416 1832 2264 1456 3424 3264 3080 3288 1528 2344 2936 1968 2304 1400 2848 4592 2208 3016 1760 4368 4384 2840 1688 1184 2056 1400 2152 3672 2560 2128 
1260 1884 4764 2868 2190 4314 2040 4170 3840 2676 3870 3486 3054 1080 3240 4344 1356 2016 3978 1542 3294 1710 2562 3342 2730 1338 3540 4056 2964 5088 3474 2106 3744 2628 1176 2118 1128 1638 2832 4188 2226 3612 1266 846 1284 3192 3000 3018 2916 1020 1128 4104 1938 3630 4284 3258 4692 3534 2010 2976 4188 2490 1662 2748 1800 3042 642 2388 2658 1560 2100 5010 1860 4104 1134 2226 1644 2724 4854 978 5310 1842 1416 3504 1008 564 3294 930 5088 3720 978 3690 624 2706 2394 1116 1212 2520 4128 3234 4986 2592 3534 3726 4308 2070 4116 1602 2364 3138 3144 1452 2586 3618 1242 3702 3936 2682 2058 5292 3684 5250 4182 3654 3288 3096 108 1410 2628 2520 4104 4008 2076 4668 4590 4440 4272 2784 594 2784 4008 4422 3150 5208 3432 612 1404 1554 2736 1284 1926 1746 5166 2820 3360 3030 2832 5346 690 2262 3180 930 1902 4356 1320 5412 2952 4110 2148 990 4170 2646 768 2736 4848 4494 4152 4752 3372 2190 4542 1098 4038 2196 1218 5484 2082 3636 2118 3318 3600 4446 1362 2928 1662 1980 1452 4602 4266 1398 
906 1152 3942 2052 1650 3732 1992 3348 3558 1860 3192 2802 2286 384 2418 3588 630 1464 3606 732 2496 1170 1776 2616 2016 624 2934 3426 2166 4272 2886 1350 2976 1962 1272 1662 306 1404 2094 3372 1434 3342 990 498 582 2658 2346 2358 2244 270 1362 3348 1230 2904 3708 2514 3906 2910 1536 2304 3696 2034 1254 1938 1068 2244 174 1674 1836 798 1428 4218 1098 3408 1044 2196 1116 2202 4044 648 4518 1074 1188 3090 216 636 2706 174 4278 3000 1068 3096 390 2172 1578 1854 1170 1800 3306 2820 4176 1872 3012 2952 3726 1608 3342 1044 1662 2934 2388 798 1800 2856 1140 2904 3318 2544 1524 4488 2868 4440 3606 2868 2478 2412 870 600 1848 2148 3372 3636 1386 3864 3900 3918 3882 1986 1218 2082 3564 3720 2424 4404 2898 282 1446 1200 2010 474 1590 936 4386 2016 2646 2214 2292 4542 750 1554 3012 696 1200 3552 1050 4602 2214 3696 1980 306 3552 1830 798 1938 4110 4092 3336 4014 2862 1392 3840 1014 3330 1392 1566 4680 2070 2820 1296 2676 2904 3882 1182 2478 1656 1176 1494 3792 3582 588 
1910 1420 5000 1820 2670 5570 4160 4010 6070 1530 4440 3280 2640 1510 2450 4770 900 1800 5940 730 2770 1560 1380 2900 2520 1340 4270 4960 2280 5590 4260 1440 3380 2650 3370 2930 1120 3080 2510 4060 1280 5760 2120 1870 1390 4090 3230 2650 3040 1290 3620 4370 1610 3340 5570 3100 5160 4190 2120 3110 5800 3420 2590 1590 1360 2110 1910 1470 1500 600 1960 5650 590 4700 2890 4490 2150 2820 5220 1900 6140 1150 2840 5050 1410 2410 3980 1530 5650 3960 3090 4540 2050 3370 1000 4720 3090 1610 3910 4650 5460 1730 4640 3650 5580 2210 4280 1440 2110 5280 2440 1070 1390 3530 2980 3460 4830 4820 2550 6020 3220 5910 5410 3470 2700 3220 3050 630 1500 3780 4490 6000 1190 4960 5540 6070 6340 1980 3640 2110 5710 5210 2570 5890 4430 1980 3540 2640 2450 840 3120 600 5950 2030 3450 2070 2910 6110 2710 1940 5460 2060 970 4500 2640 6200 2690 6000 3950 1390 5210 1550 2740 1920 5680 6630 4080 5530 4450 710 5400 2870 4530 1070 4020 6350 4330 3090 670 3180 3420 5890 2920 4040 3760 850 3610 4800 5020 650 
5120 2820 7060 4880 1700 3970 840 6270 2430 4560 3880 7310 3820 3070 5190 5230 4340 5790 2750 3450 4560 5370 5280 6850 2990 2920 3020 3830 4130 7320 2820 3050 7030 2550 2090 1300 3640 1290 3290 6230 3450 2050 5270 4440 2920 2200 2760 6760 2770 3940 2330 4920 2660 7210 3860 3790 6060 3100 6010 2850 3360 1220 1590 5100 2820 5650 3690 5600 4510 4400 2440 6600 4710 4370 2080 830 1990 6930 6920 4710 7070 3060 1670 2110 3390 4470 2630 3380 7100 4090 2350 3160 4150 1780 4660 4110 1950 5710 6450 1710 7000 5830 2570 4660 3920 6130 5160 5180 2680 1280 6310 4690 5230 4420 1900 4960 3610 670 1700 7290 5600 7370 3710 4680 4670 3060 4160 3920 5400 800 4720 2800 5320 6500 4950 3850 3250 4010 3460 6200 2950 4800 6540 7140 2510 3960 1730 1630 3100 3850 1030 3560 6740 4050 3570 5210 7040 7400 2830 2710 1390 4770 5050 5860 1880 7510 3400 3030 410 4070 3900 4340 2690 3920 5770 3630 5860 5600 2300 4700 4970 2140 4390 3660 2540 7540 940 5870 4020 7290 7410 4040 1720 1500 1330 3520 1670 6560 4500 3920 
895 1175 2475 945 1800 3150 2545 1990 3500 875 2545 1220 1600 1165 1245 2590 605 525 3415 830 1555 540 460 1060 1635 1125 2515 2830 1365 2800 2525 1150 1390 1740 2100 1935 910 2010 1595 2030 1020 3345 985 1060 1145 2470 2005 870 1905 900 2210 2400 1270 1300 3155 1835 2715 2470 705 1935 3310 2175 1765 720 1155 880 1235 280 875 450 1435 2935 210 2640 1870 2710 1550 945 2630 1010 3165 1040 1875 2970 1070 1345 2390 1125 2865 2260 1950 2650 1215 2130 540 2650 1975 375 1890 2780 2765 440 2740 2030 3155 740 2320 545 1475 3115 885 535 500 1995 1925 1880 2775 2885 1745 3065 1625 2985 3080 1930 1500 1975 1745 665 495 2360 2490 3445 145 2535 3050 3430 3605 1235 2130 620 3285 2880 900 3005 2630 1220 2205 1785 1590 755 2035 770 3095 1250 2045 1000 985 3105 1730 1400 3205 1085 170 2355 1770 3145 1675 3430 2445 910 2960 945 1755 1220 3055 3745 2100 2985 2650 320 2970 1855 2545 895 2405 3230 2630 1490 655 1140 1300 3315 1910 2475 2330 855 2240 2430 2805 670 
2255 1120 3360 2185 625 2050 450 2945 1480 2015 1905 3365 1725 1225 2360 2530 1855 2580 1590 1415 2085 2375 2350 3140 1310 1150 1500 1930 1850 3520 1410 1255 3250 1100 840 410 1505 360 1460 2930 1455 1290 2330 1920 1150 1110 1265 3085 1250 1660 985 2365 1045 3325 2005 1745 2930 1530 2695 1295 1820 515 485 2280 1115 2560 1550 2500 1995 1890 960 3200 2045 2145 780 550 690 3155 3315 2050 3445 1240 550 1215 1390 1945 1295 1380 3425 1955 945 1595 1780 805 2045 1910 740 2555 3020 995 3365 2620 1350 2190 2035 2750 2460 2275 1110 935 2875 2035 2330 2075 695 2315 1820 640 595 3535 2590 3565 1925 2185 2135 1410 1820 1650 2415 410 2280 1615 2350 3110 2470 2055 1835 1775 1525 2800 1640 2380 2980 3460 1295 1685 685 505 1360 1615 205 1475 3290 1795 1670 2350 3215 3590 1155 1110 1005 2085 2215 2795 650 3645 1525 1710 230 1730 1985 1910 1085 1725 2840 2025 2765 2755 1210 2055 2470 815 2135 1555 1135 3670 535 2705 1720 3345 3415 2115 590 795 535 1470 670 3130 2230 1650 
4753 3626 147 2289 3969 3598 5460 770 5341 2506 2807 2989 2415 4431 1855 1876 4172 4109 4914 3843 1939 4249 2863 2737 2996 4165 3346 3199 2310 539 3486 3339 2128 3297 5453 4263 4312 4886 2786 756 3115 5285 4886 4872 4228 3815 3171 3276 3136 4473 5684 1897 3640 2562 3682 2422 1386 3248 4340 3087 4284 4221 4501 2513 3710 2289 4879 3339 2534 3927 3605 1337 3640 2576 5124 5600 4242 4053 518 4858 1442 3591 4886 4501 4466 5257 3479 4557 826 2394 5362 3409 5005 3843 2884 6748 5222 3192 854 4459 707 3164 3885 1841 3640 4354 1638 4270 3318 5383 2583 4193 2800 2009 5117 1596 3269 5439 4046 1092 1337 882 3661 1806 1890 2954 5691 4004 2821 4529 2149 4935 3640 749 2758 4179 4963 2478 5978 3136 4515 2597 2772 1078 3794 4949 5439 4634 2926 4151 4634 3598 1526 2436 2632 2135 3976 1099 5250 3367 5544 4970 3745 1099 4823 1120 2695 4746 5138 4543 3339 2541 5222 2548 2177 4991 973 2177 3941 3178 2611 5131 2450 3101 5985 1274 5586 1421 3164 3290 2877 3843 4984 4221 5425 3346 5460 560 2702 4025 
4464 3150 840 2310 3222 2352 4452 1158 3996 2442 1824 3336 1974 3924 1950 948 3888 4038 3588 3468 1704 4092 2928 3078 2412 3672 2352 2082 2034 570 2478 2904 2610 2628 4620 3462 3906 4056 2256 1092 2772 3984 4584 4464 3726 2820 2400 3498 2412 4080 4830 1092 3120 2982 2436 1848 420 2274 4248 2358 2982 3330 3762 2580 3228 2502 4374 3390 2454 3696 3030 210 3498 1560 4356 4536 3588 4128 498 4488 360 3162 4110 3318 3996 4770 2526 4068 294 1596 4584 2352 4536 2976 2832 5838 4422 3282 1386 3342 348 3276 2784 1314 2394 4272 960 4086 2760 4164 2874 3954 2868 1446 4332 1296 2172 4302 3324 324 1506 414 2442 1362 1728 2220 5070 3690 2922 3564 1248 3600 3594 432 1560 2838 3570 2214 5196 3306 3228 1470 3066 228 2736 4470 4566 3888 2376 3798 3792 3270 366 2178 1908 2256 4086 384 4560 2826 4296 4584 3642 648 4086 456 2148 3414 4158 4158 2172 2412 4524 2262 984 3564 924 1014 2874 3102 1452 4374 1494 2808 5076 492 4554 1740 2952 3570 3258 2538 4200 3216 4500 3024 4572 612 1608 3702 
5650 2870 6260 4550 1620 2760 2040 5570 1770 4280 2800 7200 3190 3600 4730 4210 4720 6070 1780 3700 3940 5720 5190 6700 2440 3320 1900 2660 3610 6430 1690 2950 6720 2020 3140 1460 4100 2150 2710 5510 3300 1460 5820 5060 3360 1080 1950 6750 2040 4450 3420 3950 2680 6990 2650 3030 5080 2010 6340 2080 2190 880 2150 4890 2930 5390 4370 5670 4240 4690 2350 5590 4890 3280 3000 2020 2380 7120 6050 5290 6040 3140 2500 980 3930 5200 1570 3950 6160 3130 3340 2010 4830 1080 4550 5260 2930 5730 5810 530 6090 5840 1370 3820 2710 6450 4230 5550 2380 1240 6140 5060 5120 3590 2840 4200 2440 1420 1770 6310 4990 6430 2500 3880 4080 2250 5050 4250 5310 660 3700 1840 5480 5610 3790 2670 2260 3580 4510 6180 1830 3670 6410 6160 1330 4640 2820 2300 2560 4240 1650 3700 5700 3600 2700 4870 7200 6420 3720 2480 1470 5390 5260 4980 2660 6530 2760 1980 1570 4600 2710 4040 3590 3510 4660 2620 5070 4500 1110 4720 3830 3060 3330 3540 3690 6540 2150 5340 3990 7250 7260 2830 2610 430 2470 3520 2770 5720 3370 4260 
3445 1990 1990 2030 1695 470 2505 1850 1815 2010 290 3350 1235 2635 1900 765 2915 3355 1465 2415 1410 3290 2565 3090 1280 2420 600 215 1490 1945 700 1855 2885 1305 2870 1825 2755 2345 1260 1795 1875 1825 3550 3290 2460 1010 990 3295 1070 2940 3040 760 1915 3130 525 995 1180 575 3530 1020 965 1590 2180 2290 2055 2415 3065 2930 2000 2810 1750 1385 2765 270 2710 2525 2130 3690 1790 3365 1570 2075 2460 1285 2760 3475 810 2800 1755 600 2905 525 3265 1315 2315 3960 2720 2900 2045 1360 1755 2930 870 1000 500 3570 950 3235 1555 2035 2825 3040 2515 950 2655 1255 315 2240 1805 1765 1770 1870 515 1100 1495 930 3575 2685 2595 1725 575 1475 2980 1580 365 880 1455 1605 3490 3045 1165 315 2995 1700 865 3180 2760 2285 1300 2740 2080 2300 1400 1590 790 2115 3690 1820 2990 1645 2140 3435 2940 1320 2485 1870 1170 1320 2255 3020 285 1910 2935 1610 815 1465 1520 745 980 2510 385 2730 380 1980 3215 1850 2575 2025 2205 3470 3330 650 2530 1355 2640 2100 2755 1700 185 2695 
7560 4977 6723 6102 3897 2322 3933 6372 1125 5931 3330 8568 4644 5733 6075 4518 6696 7866 891 5760 5220 7587 6858 8100 4194 5463 2799 2799 5121 6651 2691 4968 7938 3924 5148 3798 6165 4347 4365 6282 5211 1458 7722 7038 5499 2610 3546 8280 3708 6489 5355 4482 4797 8289 2205 4311 5256 2925 8127 3690 1413 3249 4419 6489 5049 6867 6417 7380 5895 6642 4473 5589 6777 3600 5103 3744 4626 8739 6372 7254 5868 5211 4689 1692 6021 7164 2853 6039 6291 3933 5373 2637 6840 3204 6309 6903 5013 7407 6687 2070 6291 7488 2196 4734 2259 8226 4815 7434 4374 2241 7596 7002 6786 4572 4950 5175 2718 2970 4050 6273 6066 6480 2205 4869 5373 3717 6984 6273 6948 3069 4149 846 7290 5985 3537 1611 576 5193 6381 7776 1188 3645 7875 6156 2376 6660 4824 4536 4302 6273 3942 5715 5562 5202 3888 6336 8793 6363 5778 4509 2286 7344 7110 5508 4851 6444 4311 891 3636 6624 2619 5706 5652 5157 4455 522 5805 4365 2295 6525 3681 5166 3762 5445 5508 6381 3951 6489 5868 8685 8586 2061 4761 2619 4446 5499 4761 6192 3465 6282 
3740 2380 3775 3165 1755 1500 1585 3505 65 3045 1890 4515 2410 2710 3210 2610 3295 3980 430 2790 2765 3800 3525 4260 2090 2585 1490 1660 2655 3795 1400 2415 4235 1900 2285 1655 2970 1880 2210 3465 2580 225 3825 3425 2600 1225 1770 4310 1845 3140 2385 2540 2285 4390 1430 2270 3045 1565 4110 1845 980 1380 1960 3355 2410 3590 3065 3775 3025 3285 2115 3265 3390 2090 2285 1475 2110 4500 3620 3550 3450 2515 2070 680 2875 3465 1435 2875 3615 2170 2425 1450 3295 1445 3205 3230 2225 3800 3660 800 3605 3855 1110 2590 1465 4165 2715 3710 2115 640 3975 3465 3485 2485 2200 2820 1580 1045 1825 3645 3275 3735 1395 2650 2850 1895 3325 3060 3580 1225 2375 430 3685 3400 2175 1200 590 2665 2965 4020 730 2190 4120 3575 1185 3200 2095 2010 2150 3050 1680 2790 3275 2670 2055 3315 4540 3695 2660 2175 645 3595 3575 3105 2170 3750 2205 620 1445 3215 1605 2925 2590 2635 2680 750 3220 2615 1090 3300 2235 2320 2160 2705 2455 3730 1590 3485 2930 4550 4535 1415 2105 1090 1885 2700 2060 3490 2060 3065 
6740 4740 750 3140 5040 4180 7150 1120 6740 3390 3090 4740 2850 5980 2520 1720 5810 5970 6110 5190 2280 6090 4130 4320 3650 5570 3910 3630 2840 790 4110 4330 3540 4050 7280 5450 5900 6400 3370 1010 4060 6680 6930 6790 5670 4620 3770 5020 3760 6170 7620 1790 4720 4160 4300 2750 1020 3770 6320 3680 5170 5310 5880 3560 4870 3390 6700 4880 3410 5480 4610 1080 5130 2730 6830 7310 5540 6080 380 6810 1410 4730 6450 5560 6080 7320 4130 6200 730 2560 7190 3970 6930 4750 4010 9230 6950 4700 1490 5520 540 4680 4670 1860 4250 6350 1450 6090 4180 6870 3980 5900 4030 2100 6800 1650 3740 7020 5170 1120 1750 990 4280 1870 2280 3470 7860 5510 4100 5740 2130 6130 5240 110 2970 5010 6150 3120 8150 4710 5520 2740 4300 1010 4550 6840 7220 6070 3570 5700 5990 4850 1400 3060 2970 3010 6000 1200 7090 4270 7100 6970 5340 670 6380 1280 3200 5850 6670 6290 3820 3370 7040 3210 2160 6180 840 2150 4770 4460 2760 6850 2570 4090 8050 1450 7320 2110 4280 5140 4610 4520 6590 5230 7160 4450 7240 220 2900 5530 
2862 4176 4905 3033 5301 7380 6660 4221 8325 3114 6210 1062 4518 4104 3330 5922 2961 1719 8118 3573 4176 2178 2133 1350 4806 4095 6336 6777 4032 5535 6390 4077 2142 5058 5769 5562 3600 5688 4671 4329 3789 8064 2898 3483 4122 6381 5472 765 5301 3483 5922 5634 4338 1611 7416 4932 5895 6237 1746 5328 7812 5967 5265 2583 4149 2376 4023 1638 3141 2790 4626 6165 2439 6273 5382 6957 4878 693 5337 3276 6498 3942 5436 7326 3888 3906 6174 3969 5805 5616 5472 6570 3834 5832 2682 6417 5571 1584 3897 7011 5616 1494 6822 4995 7407 1665 5391 2349 4635 7677 1683 2691 2223 5022 5490 4608 6714 7281 5211 6183 3816 5949 7299 4806 4023 5355 4698 3222 2061 6318 5877 8163 1899 5310 6948 7974 8433 3879 5580 1233 7830 6642 1377 6111 6633 3915 5994 5292 4707 3339 5751 3474 6471 3888 5355 2907 522 6219 5022 4518 7848 3348 2160 5193 5238 6264 4761 8109 6489 3438 7020 3321 5085 3888 6723 8658 4662 6624 6696 2493 6777 5346 6084 3564 6237 6453 6795 3384 3150 648 1251 7704 5481 6471 6237 3573 6057 5049 6570 3222 
6597 3915 5328 4779 2952 1026 3645 4959 1575 4635 1926 7254 3294 4851 4716 3141 5679 6750 900 4725 3843 6516 5607 6777 2943 4527 1431 1404 3780 5274 1350 3825 6570 2736 4662 2979 5220 3744 3069 4878 4023 1692 6768 6147 4581 1458 2277 7011 2448 5553 4923 3078 3744 6939 900 2943 3897 1548 7029 2412 126 2421 3663 5193 4005 5544 5598 6174 4608 5580 3411 4266 5643 2214 4509 3564 3762 7542 4986 6336 4572 4140 4050 999 5121 6354 1566 5166 4932 2529 4824 1242 6003 2178 5067 6579 4464 6174 5274 1359 4932 6246 945 3321 963 7119 3411 6381 3222 2295 6273 5967 5517 3159 4365 3771 1314 2871 3141 4950 4671 5139 855 3465 3996 2394 6318 5247 5688 2412 2754 900 6129 4599 2250 585 855 3888 5895 6516 351 2313 6561 4833 1134 5832 4383 3825 3033 5283 3276 4626 4266 3888 2502 5004 7587 5040 5139 3375 2439 6444 5985 4104 4176 5130 2997 603 3240 5697 1260 4419 5022 3861 3168 945 4392 3069 1143 5328 2376 4563 2367 4248 5157 5076 3726 5094 4689 7398 7254 891 4158 1764 4059 4356 4338 4797 2106 5256 
2625 1940 750 895 2295 2520 3355 320 3550 1060 1870 1495 1240 2455 600 1415 2220 2165 3300 2025 865 2265 1270 1280 1645 2280 2155 2195 1070 1090 2230 1745 910 1865 3250 2510 2345 2895 1495 380 1560 3475 2715 2720 2325 2395 1870 1630 1815 2445 3410 1320 1965 1210 2565 1345 1285 2080 2335 1800 2930 2545 2615 1025 1990 865 2750 1615 1080 2045 1980 1405 1830 1790 3005 3475 2405 2170 950 2705 1585 1890 2865 2935 2465 2995 2180 2530 1205 1520 3165 2235 2825 2310 1300 4115 3085 1515 160 2850 1100 1500 2525 1075 2545 2345 1140 2280 1805 3460 1115 2225 1225 1160 3015 825 2205 3430 2330 1415 340 1305 2530 995 800 1730 3325 2115 1245 2775 1500 3320 1830 925 2065 2920 3385 1150 3565 1495 3045 1910 1270 1370 2435 2790 3265 2695 1585 2220 2750 1855 1570 1125 1560 765 2125 1440 3055 1815 3570 2780 1905 905 2805 1475 1460 3215 3145 2495 2315 1110 3045 1195 1805 3445 610 1765 2525 1505 1960 3010 1680 1525 3625 1570 3445 255 1530 1690 1435 2710 2930 2625 3285 1690 3285 780 1925 2125 
3960 2520 3520 3140 1925 1110 2010 3310 505 3045 1630 4510 2330 2950 3130 2310 3480 4120 260 2960 2655 3970 3560 4250 2080 2800 1315 1345 2595 3495 1250 2510 4165 1930 2665 1880 3190 2205 2175 3265 2645 665 4055 3680 2820 1195 1720 4350 1810 3370 2790 2275 2420 4355 1040 2150 2725 1385 4270 1800 580 1570 2230 3355 2560 3565 3340 3850 3025 3445 2240 2925 3515 1795 2630 1920 2335 4605 3335 3795 3085 2650 2390 700 3110 3755 1340 3125 3300 1955 2785 1230 3570 1535 3250 3665 2585 3860 3485 915 3300 3910 970 2400 1075 4320 2460 3885 2180 1100 3970 3650 3520 2305 2545 2645 1295 1495 2015 3305 3135 3410 1030 2475 2740 1815 3670 3240 3610 1480 2095 230 3800 3120 1790 740 90 2635 3355 4065 420 1840 4125 3240 1070 3475 2490 2300 2140 3245 1975 2930 2915 2640 1915 3275 4635 3355 3000 2255 1140 3845 3705 2845 2480 3405 2145 250 1830 3445 1255 2920 2930 2615 2300 220 3000 2250 1025 3375 1870 2660 1880 2770 2885 3370 2025 3365 3010 4575 4520 980 2440 1215 2290 2805 2460 3230 1730 3245 
3872 2256 1776 1040 2664 3120 4376 1040 4632 1176 2048 2944 936 3216 648 1656 3096 3376 4240 2576 336 3408 1928 2536 1592 2896 2416 2576 736 2160 2536 1928 2200 1936 4336 3008 3144 3688 1344 1032 1688 4496 4032 3872 2968 2776 1928 2936 1848 3368 4600 1392 2256 2584 3176 1096 1792 2304 3664 1816 3704 3024 3248 1448 2352 1504 3784 2552 1192 2840 2224 2152 2592 2008 3952 4552 2944 3672 1840 3896 2536 2224 3688 3648 3288 4288 2432 3384 2152 1480 4232 2568 3976 2640 1704 5840 4064 2440 1176 3504 2008 2456 3000 840 3152 3704 1192 3384 1912 4472 2136 3192 1840 904 3944 480 2568 4440 2744 2440 504 2368 3096 672 264 1704 4712 2840 1936 3392 1616 4272 2760 1600 2576 3728 4400 936 4968 2576 3856 2304 2408 2336 2856 3896 4320 3400 1496 2992 3416 2304 2400 896 1456 1048 3640 2512 4128 1952 4656 4032 2800 1224 3608 2592 1280 4128 4032 3464 2784 1136 4088 1016 2384 4520 896 2288 2984 2072 2416 3968 1832 1696 4944 2704 4520 856 1856 3168 2904 3416 3792 3144 4312 1984 4344 1504 2264 2856 
3380 3100 8140 5180 3070 6470 2080 7190 5210 4820 5960 6760 5000 2080 5720 7000 3150 4510 5550 2940 5560 4000 4960 6430 4290 2370 5270 6150 5000 8600 5110 3510 6970 4000 730 2790 2510 1780 4530 7200 3830 4820 3440 2610 2290 4560 4540 6030 4440 2550 480 6620 3100 6900 6390 5230 7700 5290 4580 4540 6060 3330 2090 5110 2980 5670 1930 4880 4780 3420 3240 8240 3910 6410 1040 2360 2320 5730 8190 2880 8740 3150 1520 4840 2190 2310 4840 2070 8520 5880 650 5490 2210 3820 4520 1470 1000 5080 7200 4400 8370 5210 5090 6100 6440 4690 6720 3800 3690 3980 6020 3420 4980 5890 1130 6180 5930 3180 2860 8810 6390 8800 6220 6020 5590 4770 1630 3010 5090 3230 6550 5600 4410 7830 7160 6530 6050 4740 670 5560 5700 6920 6110 8660 4950 2080 1070 1880 4340 2820 2320 3260 8470 4800 5270 5490 5890 8910 860 3570 4020 2860 4100 7250 1500 9020 4720 5810 2390 2580 6290 4700 850 4650 7750 6430 7020 7580 4800 4300 7110 1000 6340 3880 560 9110 2110 6440 3930 6560 6930 6620 1380 3990 1480 3550 1130 7790 6640 3000 
2736 3060 3726 1638 4131 5985 5697 2952 7074 1746 4806 981 3123 3330 1926 4527 2367 1674 6822 2637 2763 1989 846 630 3474 3195 4968 5382 2637 4347 5031 2880 1287 3771 5013 4437 2898 4734 3312 3042 2547 6831 2862 3159 3240 5067 4122 639 3960 2907 5229 4230 3204 1053 6030 3537 4545 4860 1926 3987 6453 4779 4257 1188 3060 972 3501 810 1782 2088 3438 4860 1638 4860 4581 5985 3852 1521 4104 3033 5211 2835 4536 6039 3186 3663 4824 3285 4563 4212 4761 5193 3456 4572 1422 6048 4770 603 2664 5742 4374 495 5490 3591 6012 1917 4005 2088 3375 6525 414 2214 900 3609 4662 3204 5319 6201 4077 4941 2457 4743 5913 3402 2619 3987 4401 2448 738 5148 4473 6867 1278 4032 5544 6588 7101 2502 5121 306 6498 5229 333 4851 5301 3474 5175 4329 3366 2619 4698 2439 5157 2502 3960 1494 1458 4986 4374 3276 6705 3150 1539 3843 4356 5049 3393 6786 5463 2925 5616 1962 4410 2529 5337 7317 3330 5229 5373 1377 5373 4563 4671 2331 5580 5220 5850 2061 1971 1008 1098 6309 4608 5220 5364 2421 5229 3780 5157 2457 
3050 1850 3740 560 2940 5040 4850 2750 6140 340 3770 2760 1860 2620 1190 3770 2130 2460 5860 1750 1700 2460 820 2260 2140 2310 3840 4370 1350 4340 3900 1560 2430 2470 4350 3310 2350 3820 1990 2800 1170 5880 3250 3130 2390 3920 2880 2390 2690 2560 4640 3390 1980 2580 5070 2340 4040 3730 2820 2730 5480 3630 3260 480 1900 1050 3160 1530 340 1790 2180 4490 1440 3910 3850 5140 2810 3040 3980 3120 4960 1660 3670 4990 2600 3670 3660 2730 4420 3160 4130 4100 3310 3370 330 5920 4030 1470 2640 4670 4230 1540 4390 2650 5060 2880 3220 2420 2050 5580 1700 2200 730 2590 3900 2350 4290 5280 2910 4810 1960 4670 4930 2450 1590 2750 4310 1890 910 4060 3580 5910 1690 3740 4720 5660 6180 1130 4820 1830 5510 4380 1970 4680 4180 3240 4440 3380 2030 2100 3680 1420 4800 1150 2790 810 3060 4890 3840 1960 5780 3290 1700 3330 3500 4980 2090 5830 4530 2660 4640 510 3840 1130 4700 6420 2860 4560 4260 790 4550 3840 3710 960 5060 5130 5030 1820 750 2840 2820 5390 3780 4090 4570 1190 4500 3560 4240 1910 
5805 3546 2007 2754 3510 2421 5328 1809 4716 2844 1431 4833 1782 4743 2331 270 4887 5364 4131 4140 1620 5355 3753 4392 2340 4356 2187 1908 2025 1998 2376 3204 3879 2628 5643 3861 4797 4770 2142 1710 3069 4671 5994 5706 4437 2871 2241 4887 2277 5094 5958 279 3474 4374 2529 1494 747 2070 5688 2196 3294 3627 4347 3222 3672 3285 5472 4455 2844 4626 3294 1233 4410 1098 5265 5445 4113 5733 1683 5778 1674 3609 4878 3663 4896 6120 2430 4995 1710 1026 5616 2223 5751 3105 3447 7515 5346 4347 2187 3663 1665 4365 2862 792 2475 5742 252 5310 2880 4896 3969 5040 3654 936 5211 1053 1998 5094 3672 1845 1863 1944 2493 954 1728 1989 6489 4536 3780 3987 558 4158 4671 1287 1449 3159 4167 2295 6579 4500 3609 1188 4275 1710 2772 5634 5535 4536 2304 4680 4356 3861 1413 2259 1512 2781 5697 1944 5625 3006 5094 5913 4680 801 4851 2043 1962 3906 4878 5220 2088 2736 5562 2358 1080 4203 1206 972 2970 3852 1260 5301 945 3177 6327 2079 5472 2331 3474 5121 4761 2736 5013 3456 5418 3474 5544 1485 1269 4554 
2130 2400 4630 1620 3640 6170 5240 3660 7010 1510 4930 2210 3020 2550 2190 4940 1520 1290 6810 1810 2870 1390 580 1850 3180 2420 4930 5520 2530 5280 4960 2290 2460 3420 4420 3940 2070 4160 3070 3740 1990 6710 2310 2450 2470 4890 3920 1570 3730 2100 4660 4560 2580 2310 6190 3500 5160 4830 1650 3780 6540 4380 3660 1140 2370 1420 2760 420 1520 1180 2890 5580 680 5090 3950 5560 3220 1930 4940 2360 6040 2140 3920 5920 2380 3020 4700 2500 5420 4340 4140 5190 2750 4240 870 5600 4160 520 3450 5550 5220 650 5410 3820 6180 1710 4390 1420 2920 6290 1460 1400 670 3770 4050 3500 5410 5870 3550 5830 2950 5660 6040 3620 2750 3830 3810 1570 650 4770 4760 6860 540 4760 5900 6750 7170 2290 4550 1020 6520 5560 1520 5710 5190 2750 4610 3710 3080 1760 4180 1630 5900 2310 3930 1690 1980 5900 3710 2780 6480 2510 680 4420 3720 5980 3210 6820 5010 2130 5780 1680 3750 2280 5870 7440 3900 5730 5250 530 5740 3930 4890 1730 5050 6150 5410 2650 1260 2100 2360 6510 4000 4950 4840 1720 4680 4550 5420 1580 
7300 4320 5850 5260 3260 1090 4060 5450 1800 5100 2080 8010 3610 5370 5180 3430 6280 7460 1050 5220 4210 7200 6180 7480 3230 5010 1540 1500 4150 5800 1460 4220 7250 3010 5180 3300 5780 4160 3370 5360 4430 1920 7490 6810 5060 1590 2480 7740 2670 6150 5470 3360 4130 7660 940 3210 4270 1670 7780 2630 150 2680 4060 5720 4420 6110 6200 6820 5070 6170 3760 4680 6230 2400 5000 3980 4160 8340 5480 7020 5020 4560 4500 1120 5670 7040 1700 5720 5420 2750 5360 1320 6650 2390 5580 7310 4950 6810 5800 1520 5420 6900 1010 3630 1020 7870 3730 7060 3550 2580 6920 6600 6090 3460 4850 4130 1400 3210 3470 5440 5130 5650 890 3790 4390 2620 7010 5800 6270 2680 3000 1060 6770 5050 2450 630 1010 4270 6540 7190 440 2510 7240 5310 1230 6460 4870 4240 3330 5840 3640 5110 4680 4270 2730 5510 8380 5540 5700 3710 2750 7140 6610 4500 4630 5640 3280 730 3610 6310 1340 4870 5570 4240 3460 1110 4820 3350 1240 5880 2580 5060 2570 4680 5740 5580 4150 5610 5170 8170 8010 940 4610 1950 4520 4800 4820 5270 2280 5810 
3423 2261 5544 3801 1694 3570 217 4949 2331 3563 3472 5334 3248 2093 4088 4375 3003 4039 2639 2527 3738 3710 3934 5040 2667 2100 2884 3465 3402 5768 2744 2492 5257 2380 973 1400 2492 882 2877 4928 2772 2065 3500 2898 2072 2310 2611 4893 2597 2653 1043 4144 2184 5320 3493 3283 4942 2933 4151 2653 3129 1540 1274 3892 2226 4291 2359 4060 3528 3108 2114 5320 3388 3808 1148 287 1589 4879 5481 3094 5656 2394 1050 2254 2289 2814 2604 2247 5635 3570 1218 2996 2653 1953 3528 2170 1008 4165 5040 1981 5558 4256 2590 3913 3542 4235 4291 3570 2359 1456 4683 3241 3920 3745 1036 4074 3311 889 1624 5789 4438 5831 3388 3899 3808 2814 2464 2772 4025 1309 4025 2674 3801 5194 4242 3479 2989 3276 1841 4515 2828 4123 4809 5684 2541 2527 714 1197 2737 2688 1036 2667 5439 3311 3178 4039 4977 5866 1610 2338 1456 3115 3598 4753 1204 5943 2975 2863 574 2723 3514 3423 1519 3213 4788 3255 4704 4669 2401 3493 4249 1190 3808 2891 1092 5978 126 4578 3073 5264 5418 3619 1015 1834 441 2730 651 5222 3920 2772 
1596 1650 4644 2808 1806 3912 1524 4062 3336 2604 3528 3660 2826 930 3156 4080 1488 2286 3492 1452 3120 1980 2622 3480 2442 1152 3156 3678 2784 4944 3078 1896 3828 2304 654 1686 1134 1158 2568 4074 2058 3108 1638 1140 1098 2772 2658 3216 2580 1128 624 3840 1680 3762 3870 2994 4464 3156 2322 2640 3732 2046 1236 2742 1572 3066 744 2538 2580 1662 1800 4788 1962 3780 648 1710 1284 3018 4704 1302 5088 1650 948 3036 954 966 2904 876 4914 3426 468 3300 900 2298 2382 1056 702 2658 4050 2766 4818 2736 3108 3498 3894 2388 3882 1860 2076 2628 3246 1644 2634 3378 744 3510 3558 2166 1668 5106 3576 5082 3768 3432 3132 2772 624 1434 2694 2052 3822 3522 2244 4500 4248 3996 3792 2616 396 2946 3546 4092 3282 5016 3012 822 888 1116 2460 1314 1464 1650 4932 2652 3054 2988 3114 5160 246 1986 2670 1290 2058 4164 870 5226 2688 3636 1638 1140 3780 2550 306 2562 4560 4014 3996 4458 2940 2226 4212 612 3726 2064 762 5292 1560 3576 2052 3534 3768 4026 882 2478 1140 1854 936 4452 3930 1428 
805 955 2570 990 1580 3020 2285 2080 3280 875 2440 1480 1520 900 1305 2560 385 655 3220 575 1535 555 620 1310 1490 865 2370 2710 1315 2880 2370 960 1610 1565 1835 1700 650 1750 1475 2110 870 3125 905 880 880 2290 1855 1135 1755 665 1950 2360 1050 1545 3020 1750 2730 2330 815 1790 3140 1955 1510 815 925 1030 995 540 865 210 1230 2960 55 2555 1605 2450 1300 1170 2700 855 3200 820 1610 2770 810 1160 2230 865 2930 2180 1690 2505 1010 1930 555 2420 1710 635 2000 2575 2830 700 2565 1995 3025 865 2300 515 1295 2875 1115 385 645 1950 1660 1875 2645 2635 1515 3120 1695 3055 2940 1900 1495 1840 1535 405 675 2130 2435 3245 355 2585 2975 3275 3415 1170 1890 880 3105 2805 1145 3060 2455 1000 1940 1525 1455 495 1785 540 3115 1190 1940 1080 1220 3160 1470 1215 2965 935 235 2380 1505 3205 1560 3245 2190 690 2835 915 1495 1150 3020 3565 2150 2945 2470 335 2900 1595 2465 755 2145 3285 2365 1590 525 1405 1560 3180 1645 2265 2065 670 1975 2495 2720 410 
160 2464 5536 3016 3304 5960 3824 4752 5920 2832 5144 3224 3752 1656 3520 5472 944 1200 5960 1752 3864 832 2328 3112 3560 1896 4896 5512 3480 6040 4856 2640 3744 3576 2792 3368 1272 3064 3600 4800 2624 5632 136 544 1856 4616 4080 2592 3936 976 2848 5152 2608 3504 5944 4104 5784 4848 1136 4000 6008 3856 2856 2720 2368 3008 1168 1896 2816 1168 2904 6160 1432 5376 2544 4096 2632 2088 5760 328 6544 2296 2768 5256 1392 800 4624 1392 6120 4792 2504 5120 848 3976 2320 3024 2704 2088 4616 4904 5968 2168 5088 4576 5960 1216 5080 744 3144 5104 2944 816 2392 4480 2680 4416 5384 4584 3152 6432 4144 6320 5816 4432 3808 4120 1504 1312 2392 4040 5240 6000 1488 5576 6048 6280 6312 3240 2336 2368 5872 5784 2888 6328 4920 976 3056 2784 3528 1232 3312 1928 6408 3280 4360 3152 2232 6496 2048 3000 5208 320 1320 5232 2592 6568 3752 6064 3824 856 5696 2880 2136 3192 6200 6584 4872 6080 4896 1968 5944 2504 5248 2480 3064 6688 3920 3960 2192 2968 3392 6192 2760 4432 3360 2248 3128 5432 5624 1296 
1878 1638 2196 588 2316 3486 3432 1632 4236 666 2706 1098 1578 1968 828 2556 1470 1308 4056 1464 1350 1422 258 798 1824 1830 2808 3084 1254 2598 2856 1488 966 2028 3060 2538 1734 2802 1710 1686 1254 4086 1980 2052 1866 2892 2256 924 2148 1794 3222 2346 1722 1002 3516 1854 2616 2736 1512 2160 3804 2736 2472 294 1656 258 2190 648 690 1260 1860 2844 972 2748 2766 3612 2202 1440 2406 2010 3102 1506 2694 3540 1908 2394 2718 1986 2706 2310 2910 2958 2214 2580 534 3888 2886 540 1488 3354 2580 540 3162 1914 3504 1530 2208 1452 1788 3906 468 1428 228 1920 2808 1674 3042 3720 2298 2952 1236 2838 3438 1788 1260 2160 2844 1434 204 2994 2502 4086 900 2322 3210 3888 4242 1164 3246 624 3840 3006 624 2886 3036 2202 3144 2532 1752 1554 2742 1296 3042 1170 2136 522 1422 2988 2694 1734 4026 2100 1008 2154 2586 3036 1758 4032 3252 1830 3246 816 2706 1182 3102 4380 1824 3030 3090 636 3102 2760 2622 1122 3468 3144 3540 1020 924 1170 1134 3708 2754 3006 3240 1224 3180 2178 2946 1440 
5390 3423 2548 3199 3101 1162 4277 2548 3185 3220 1078 4907 2212 4354 2919 938 4655 5166 2667 3983 2289 5117 3976 4557 2415 4053 1610 1043 2513 2359 1743 3206 4172 2513 4767 3304 4487 4032 2338 2457 3185 3234 5537 5222 4109 2177 2086 4921 2184 4732 5005 1127 3332 4557 1260 1890 1302 1568 5418 2107 1904 2989 3787 3563 3521 3668 4949 4515 3213 4480 3129 1470 4375 791 4529 4305 3689 5537 2198 5313 1638 3528 4186 2513 4508 5509 1897 4578 2044 1288 4802 1505 5215 2604 3675 6286 4557 4445 2842 2646 2086 4473 1960 1624 1211 5467 1344 5061 2835 3584 4214 4809 3899 1638 4459 1932 1197 3892 3255 1981 2604 2163 1309 1778 2394 1967 5691 4340 4004 3185 945 2667 4627 1946 252 1673 2576 2702 5614 4599 2240 420 4459 1904 1974 5103 4620 3934 2422 4438 3668 3801 1407 2674 1680 3262 5523 2044 4900 2954 3724 5418 4606 1701 4214 2107 2198 2422 3920 4844 1043 3101 4830 2730 553 2520 2079 518 2128 3976 287 4557 889 3311 5257 2044 4375 2968 3605 5117 4858 1323 4284 2667 4459 3514 4613 2156 602 4361 
3584 1687 4326 2961 812 2184 1204 3801 1589 2758 2058 4767 2100 2149 3122 3003 2947 3906 1624 2247 2625 3654 3353 4424 1533 1960 1463 2044 2359 4487 1323 1771 4480 1225 1862 658 2506 1148 1743 3766 2030 1358 3710 3164 1981 889 1295 4438 1323 2744 2072 2793 1554 4648 2114 2037 3591 1512 4095 1365 1869 294 1134 3171 1722 3535 2681 3661 2723 2933 1337 3962 3094 2401 1743 1239 1295 4655 4214 3332 4284 1876 1393 1043 2380 3269 1183 2394 4326 2212 1988 1575 3010 616 2905 3367 1701 3710 3948 728 4256 3787 1204 2632 2156 4172 2961 3528 1414 1057 4039 3192 3311 2464 1631 2863 1890 973 896 4452 3360 4515 2002 2653 2716 1512 3171 2618 3437 112 2646 1659 3507 3913 2821 2191 1953 2303 2814 4032 1638 2709 4214 4347 1134 2870 1652 1232 1617 2611 791 2254 4060 2324 1855 3192 4718 4529 2240 1463 1211 3402 3346 3465 1498 4606 1799 1757 847 2849 2107 2590 2149 2247 3381 2205 3486 3262 1008 2996 2828 1785 2408 2198 2282 4620 1295 3577 2492 4788 4816 2268 1470 427 1435 2156 1631 3969 2499 2625 
3269 2296 1442 812 2835 3416 4305 763 4711 1050 2478 1960 1435 3003 413 2016 2681 2674 4389 2401 931 2779 1393 1617 1960 2758 2800 2940 1134 1890 2898 2023 1239 2268 4130 3129 2849 3647 1757 819 1764 4585 3402 3381 2821 3087 2331 2044 2240 2989 4347 1827 2338 1610 3465 1631 1960 2702 2912 2226 3927 3213 3248 1022 2359 854 3409 1904 1078 2436 2380 2198 2149 2422 3787 4480 2954 2765 1659 3367 2478 2219 3598 3850 3010 3766 2800 3101 2009 1988 4004 2933 3521 2905 1393 5320 3899 1771 644 3710 1862 1764 3304 1393 3444 2933 1603 2793 2149 4522 1316 2702 1323 1470 3801 1043 2940 4445 2877 2296 343 2163 3402 1253 812 2149 4221 2527 1365 3535 2051 4417 2177 1561 2877 3948 4536 1218 4557 1799 4060 2646 1554 2219 3171 3472 4158 3360 1876 2674 3458 2163 2429 1190 1960 644 2716 2338 3843 2149 4683 3479 2268 1414 3507 2394 1729 4298 4025 3059 3122 1127 3829 1281 2611 4648 1008 2548 3283 1687 2737 3787 2268 1701 4648 2520 4431 84 1701 2191 1904 3675 3689 3374 4193 1932 4186 1393 2639 2541 
3952 1616 4312 2848 704 2168 1912 3720 2152 2640 1816 4976 1784 2392 2992 2840 3160 4184 2008 2320 2384 3936 3384 4576 1160 2112 1192 1896 2104 4504 1064 1616 4584 824 2448 792 2728 1600 1384 3680 1872 1936 4104 3544 2152 656 848 4640 880 3024 2712 2584 1456 4800 2112 1696 3496 1224 4416 936 2016 400 1400 3120 1680 3520 3056 3792 2600 3104 1168 3928 3216 2200 2216 2000 1432 4976 4184 3720 4304 1824 1816 1296 2632 3736 856 2672 4320 1920 2528 1368 3416 80 2872 4192 2224 3832 3896 984 4248 3912 1120 2384 2144 4504 2768 3808 1128 1768 4120 3424 3328 2192 2120 2640 1720 1744 872 4472 3224 4544 1976 2408 2496 1096 3744 2776 3472 712 2432 2056 3680 3840 2736 2328 2336 2064 3480 4184 1864 2576 4344 4352 976 3264 2264 1560 1256 2800 1176 2272 4048 2088 1504 3104 5032 4560 2728 1224 1944 3808 3520 3336 1880 4648 1440 2072 1512 3144 2008 2440 2632 2008 3312 2592 3352 3176 904 3032 2720 2264 2184 2072 2992 4680 2040 3488 2440 5024 5016 2320 1920 504 2080 2088 2248 3904 2336 2784 
3830 950 4300 1940 1270 3550 3380 3410 4320 1660 2490 4580 1070 2290 2220 3160 2770 3810 4060 1760 1700 3590 2610 4080 510 1850 2240 2960 1190 4700 2230 640 4120 660 3360 1690 2450 2500 630 3390 770 4060 4030 3520 1940 2130 1200 4180 1010 2810 3700 2760 850 4370 3540 1350 3790 2160 4140 1080 3790 1860 1960 2260 1090 2770 3130 3170 1610 2580 690 4330 2580 2810 2900 3620 1620 4690 4290 3660 4830 1090 2520 3180 2500 3910 1960 2590 4590 2130 3280 2510 3500 1550 1980 5360 3020 3190 3530 2850 4450 3290 2650 2180 3550 4230 2810 3460 290 3800 3510 3040 2530 1980 2870 2260 2810 3590 1330 4880 2680 4870 3380 2090 1780 1210 4220 2300 2710 2310 2760 4110 3110 3920 3650 4050 4410 1040 4300 3610 3760 3340 3790 4740 2440 3340 3310 2150 480 2410 2180 1540 4570 1080 1540 2270 4740 4990 3240 350 4010 3800 2960 3320 2450 5090 840 4060 2970 2970 3200 1420 3170 950 4000 4680 3130 3830 2490 2230 3540 2930 2680 1020 4120 5190 3560 2900 1500 4660 4630 3860 2670 2260 3280 1170 3330 3890 3110 2320 
3790 950 5390 2940 300 3740 2280 4510 3710 2620 3010 5400 2120 1850 3290 4010 2810 4140 3630 1780 2790 3800 3360 4920 1330 1480 2430 3290 2300 5760 2330 1110 5090 1000 2360 630 2250 1420 1600 4490 1510 3390 3980 3280 1540 1940 1570 4890 1440 2620 2700 3630 760 5270 3700 2270 4730 2420 4420 1550 3670 1050 920 3160 1000 3710 2700 3770 2570 2760 500 5280 2960 3430 1950 2530 720 5190 5350 3490 5780 1210 1500 2740 2150 3540 2030 2200 5620 2880 2340 2690 3140 1120 2730 4460 2030 3850 4640 2320 5490 3960 2530 3160 3730 4520 3760 3630 810 2940 4380 3150 3310 2930 1880 3320 3100 2600 240 5880 3780 5900 3530 3110 2880 1770 3630 2330 3490 1420 3550 3690 3550 4960 4210 4040 4060 2120 3470 4320 3490 3950 4610 5730 2330 2950 2250 1130 1400 2350 1070 1760 5490 2170 2270 3280 5280 5990 2450 790 3140 3610 3330 4350 1490 6100 1770 3730 1890 2780 3480 2400 2350 2030 4760 4390 4210 4590 2280 2830 4150 1990 3350 1730 3110 6170 2460 3990 2120 5400 5480 3990 1650 1710 2190 1620 2270 4960 3680 2350 
2930 1490 1830 1545 1280 870 2215 1570 1880 1505 225 2895 725 2145 1450 760 2400 2840 1595 1905 955 2770 2065 2630 770 1930 455 530 995 1880 555 1340 2470 835 2480 1445 2250 1965 740 1525 1355 1840 3035 2785 1975 810 540 2810 600 2435 2650 625 1420 2695 895 490 1185 385 3015 550 1210 1270 1765 1800 1555 1945 2575 2425 1495 2290 1270 1445 2245 395 2295 2265 1680 3185 1690 2855 1680 1570 2055 1280 2265 2975 565 2310 1730 225 2490 515 2770 975 1800 3550 2320 2395 1735 1260 1700 2430 835 650 885 3055 775 2715 1060 1940 2360 2525 2010 555 2250 895 505 2050 1380 1805 1395 1865 840 725 1045 440 3100 2170 2095 1450 505 1610 2465 1470 800 1230 1665 1095 3060 2550 1325 655 2525 1730 775 2685 2390 1870 785 2225 1715 1785 1515 1085 270 1645 3190 1860 2545 1150 2050 2925 2420 1165 2065 1915 650 1495 1960 2510 665 1400 2500 1095 1065 1725 1270 980 880 1995 755 2315 355 1460 2840 1920 2295 1635 1685 3000 2885 1055 2130 1140 2300 1585 2390 1550 535 2180 
3378 2010 4482 3234 1332 2436 606 4026 1272 3048 2484 4710 2562 2154 3408 3324 2916 3792 1536 2394 3006 3540 3492 4434 2070 2076 1950 2406 2766 4620 1824 2148 4530 1806 1458 1098 2496 1062 2250 3996 2388 1044 3462 2958 2070 1458 1884 4380 1908 2670 1572 3156 1914 4644 2364 2520 3834 2010 3924 1944 1998 990 1272 3378 2016 3708 2502 3690 3018 2958 1776 4146 3150 2778 1506 486 1518 4482 4380 3120 4422 2160 1284 1248 2346 2952 1740 2328 4470 2652 1638 2016 2778 1302 3114 2586 1410 3750 4146 1050 4422 3822 1626 3030 2406 3990 3306 3420 1908 528 4104 3132 3462 2886 1398 3228 2274 78 1338 4572 3636 4632 2274 3048 3084 2070 2730 2670 3564 714 3012 1566 3516 4122 3084 2298 1836 2700 2262 4044 1722 3018 4242 4482 1608 2658 1230 1290 2142 2628 942 2460 4224 2724 2364 3438 4548 4638 1950 1932 558 3156 3354 3744 1416 4704 2304 1734 492 2748 2424 2910 1866 2646 3606 2064 3762 3510 1476 3144 3114 1542 2802 2514 1656 4716 618 3810 2736 4698 4764 2448 1308 1044 972 2436 1188 4176 2838 2676 
1075 465 2855 1320 960 2635 1540 2365 2640 1145 2170 2200 1415 245 1605 2495 605 1315 2630 200 1605 1115 1235 2005 1180 115 1970 2375 1330 3110 1940 630 2230 1155 1130 1030 310 1000 1245 2375 715 2465 1170 845 140 1780 1475 1875 1385 500 1265 2295 540 2225 2625 1595 2770 1950 1435 1430 2650 1320 780 1285 395 1560 630 1280 1125 620 715 3035 800 2340 890 1705 585 1895 2915 935 3285 400 865 2185 310 1020 1790 365 3105 2000 1005 2105 810 1380 990 1905 990 1360 2350 1970 3020 1420 2070 1970 2635 1490 2295 1020 895 2180 1775 780 1235 1885 930 1945 2290 1910 870 3270 1960 3240 2540 1905 1605 1520 1200 380 1300 1460 2310 2655 1100 2755 2755 2820 2850 1185 1355 1610 2565 2605 1840 3200 1970 735 1210 785 1175 360 1060 355 3170 1210 1705 1470 1950 3320 850 805 2260 1000 955 2490 760 3370 1350 2685 1455 580 2485 1100 845 1140 2930 3015 2325 2845 1950 905 2705 880 2275 700 1470 3430 1620 1955 690 2145 2270 2775 900 1670 1325 520 1245 2705 2490 385 
4248 3699 2250 1719 4563 5499 6390 1647 7137 2025 4302 1647 2916 4383 1476 3618 3690 3258 6750 3609 2295 3528 1872 1305 3537 4140 4716 4896 2484 2880 4833 3402 558 3915 5976 4932 4077 5481 3294 1755 3042 6957 4392 4563 4212 5049 4068 2007 3942 4176 6237 3411 3798 1107 5571 3204 3393 4590 3519 3924 6174 5103 4968 1656 3762 1161 4761 2304 2070 3375 3915 3600 2943 4212 5535 6633 4572 3024 2691 4482 3888 3546 5364 6039 4329 5076 4698 4446 3159 3663 5778 4887 4815 4752 2187 7308 5697 2097 1278 5832 2970 2025 5346 2898 5544 3519 3105 3600 3690 6831 1179 3618 1827 3006 5580 2439 4896 6669 4581 3537 1512 3303 5490 2718 2142 3843 5760 3627 1773 5517 3717 6786 2763 2718 4770 6192 6948 2511 6336 1908 6327 4482 1377 3474 5175 4788 6066 5085 3420 3816 5310 3330 3888 2484 3636 1413 2916 3573 5490 3654 7029 4617 2961 2718 5220 3618 3285 6633 6057 4230 5130 2205 5499 2583 4329 7092 2187 4257 5310 2439 4581 5526 4014 2889 6615 3807 6552 1044 2736 2025 1521 5841 5463 5373 6165 3132 6111 2430 4482 3636 
5383 3535 2037 3038 3353 1715 4641 2135 3724 3108 1386 4613 2212 4473 2702 707 4662 5068 3213 4046 2156 5054 3822 4270 2548 4165 1995 1512 2450 1799 2142 3283 3829 2702 5033 3584 4557 4319 2422 2051 3220 3752 5530 5278 4228 2576 2324 4683 2387 4788 5278 980 3465 4235 1820 1932 798 1932 5320 2317 2464 3325 4032 3402 3633 3437 5054 4368 3108 4466 3283 896 4319 1043 4767 4690 3892 5348 1666 5341 1057 3612 4438 3010 4606 5586 2261 4683 1477 1386 5040 1925 5299 2919 3577 6531 4809 4277 2436 3101 1526 4291 2422 1491 1764 5362 1092 5012 2975 4060 3962 4795 3745 1561 4711 1715 1645 4319 3493 1393 2303 1589 1848 1631 2240 2156 5831 4375 3836 3549 931 3220 4529 1435 763 2254 3143 2653 5824 4389 2786 763 4200 1323 2408 5194 4914 4179 2534 4480 3962 3836 819 2625 1820 3059 5320 1456 5096 3080 4207 5453 4529 1288 4445 1519 2282 2982 4284 4893 1561 3017 5033 2695 70 3101 1694 189 2562 3885 672 4795 1057 3318 5544 1456 4746 2660 3570 4844 4543 1904 4543 3059 4781 3542 4907 1666 966 4389 
1040 3380 6250 3290 4590 7590 5660 5310 7980 3150 6430 2890 4570 2790 3870 6580 1510 410 7920 2510 4510 480 2230 2820 4540 2930 6290 6980 4120 6920 6290 3460 3690 4680 4490 4770 2210 4630 4510 5390 3290 7650 1070 1770 2920 6100 5260 2100 5060 1960 4610 6200 3570 3300 7600 5040 6830 6210 210 5130 7820 5330 4250 2810 3290 3010 2460 1510 3150 1520 3940 7260 1480 6650 4110 6000 3890 1400 6600 1510 7710 3120 4290 7020 2490 2210 6000 2540 7080 5890 4140 6570 2170 5350 2480 4990 4320 1720 5060 6610 6880 1780 6660 5460 7600 310 6040 670 4130 7070 2720 1150 2330 5390 4260 5160 6850 6500 4430 7490 4610 7310 7440 5260 4400 5240 3090 1960 2260 5630 6370 7970 1130 6430 7480 8100 8330 3850 4100 1930 7720 7140 2580 7380 6450 2290 4790 4220 4460 2000 4830 2570 7580 3880 5430 3360 1580 7560 3590 3960 7230 1590 1130 6090 4060 7640 4670 7990 5570 1860 7230 3290 3690 3810 7510 8640 5580 7370 6460 2040 7320 4070 6460 3070 4920 7820 5790 4290 2600 2530 3110 7910 4310 6000 5120 2880 4870 6210 6970 1950 
2930 4060 4960 2740 5300 7570 6870 4160 8640 2830 6270 950 4380 4090 3090 5970 2860 1620 8400 3430 4010 2110 1740 1050 4710 4030 6410 6900 3840 5660 6470 3930 1980 5000 5950 5600 3540 5800 4550 4270 3600 8350 3010 3550 4070 6470 5440 260 5260 3450 6150 5650 4240 1460 7610 4840 5980 6290 1770 5290 8050 6030 5310 2230 4030 2020 4090 1240 2860 2620 4540 6300 2190 6340 5510 7200 4870 870 5410 3350 6690 3800 5530 7520 3860 4060 6230 3960 5930 5610 5640 6660 3920 5870 2360 6830 5720 1150 3810 7170 5720 1040 6950 4940 7600 1710 5390 2280 4530 7950 1300 2590 1830 4950 5620 4510 6820 7530 5210 6350 3660 6110 7480 4720 3850 5310 4940 3090 1650 6430 5910 8450 1610 5370 7100 8220 8740 3670 5850 730 8080 6760 980 6260 6740 3990 6180 5350 4600 3240 5830 3290 6630 3680 5320 2600 740 6400 5160 4410 8140 3450 1920 5200 5320 6460 4660 8390 6660 3430 7160 3060 5220 3690 6870 8990 4610 6760 6810 2170 6910 5470 6130 3340 6520 6660 7040 3190 2900 580 1180 7930 5590 6570 6440 3370 6250 5080 6670 3100 
2640 2688 2076 1458 3342 4206 4482 1704 5178 1626 3402 534 2394 2994 1440 3000 2400 1902 4956 2502 2028 2136 1260 438 2748 2874 3630 3798 2082 2496 3696 2520 234 2988 4104 3570 2730 3852 2604 1776 2280 5046 2718 2928 2910 3798 3144 906 3048 2748 4254 2850 2766 168 4248 2622 2874 3546 2040 3048 4614 3738 3522 1290 2706 960 3150 1362 1656 2202 2886 3006 1902 3366 3810 4662 3252 1566 2388 2844 3192 2556 3744 4458 2916 3264 3588 2988 2700 2982 3942 3756 3126 3546 1584 4854 3930 1224 1458 4296 2574 1158 4032 2484 4230 2022 2658 2214 2784 4908 618 2298 1266 2544 3858 2184 3786 4746 3330 2946 1578 2778 4188 2364 1920 3012 3756 2424 1182 4008 3048 4980 1680 2418 3756 4656 5106 2058 4224 990 4698 3564 600 2910 3912 3138 4194 3588 2676 2544 3786 2346 3198 2046 2916 1278 1476 2964 3708 2742 5034 2922 1848 2418 3636 2988 2622 4896 4296 2766 3954 1770 3726 2094 3486 5220 2058 3438 3984 1656 3636 3798 3234 2160 4500 3120 4590 1260 1980 810 426 4428 3804 3972 4290 2274 4230 2226 3552 2430 
5976 4563 261 2817 5022 4653 6948 873 6858 3096 3609 3690 3033 5580 2259 2439 5229 5139 6318 4824 2403 5319 3537 3366 3789 5238 4293 4131 2871 837 4464 4194 2583 4167 6921 5409 5418 6192 3510 873 3897 6777 6138 6129 5319 4878 4032 4059 3978 5625 7218 2448 4581 3141 4761 3060 1854 4167 5436 3924 5517 5364 5697 3087 4662 2799 6147 4149 3132 4914 4545 1818 4545 3330 6489 7128 5364 5058 765 6111 1980 4509 6192 5769 5616 6624 4446 5733 1188 3069 6795 4374 6300 4887 3573 8559 6615 3960 954 5706 1026 3915 4977 2340 4707 5445 2115 5346 4185 6885 3159 5256 3456 2547 6480 1998 4212 6939 5121 1548 1602 1278 4725 2277 2340 3753 7200 5022 3483 5769 2772 6345 4536 1026 3591 5391 6390 3087 7569 3879 5814 3375 3411 1512 4860 6237 6903 5868 3690 5211 5877 4509 2079 3033 3348 2610 4959 1557 6642 4239 7092 6246 4671 1422 6102 1584 3402 6111 6543 5715 4320 3150 6606 3177 2871 6435 1206 2862 5040 3951 3411 6498 3159 3870 7596 1782 7110 1692 3942 4077 3546 4968 6318 5382 6894 4185 6930 756 3501 5040 
24 2376 5360 2848 3248 5864 3856 4576 5888 2664 5024 3048 3616 1632 3352 5320 824 1024 5904 1648 3712 648 2144 2928 3448 1840 4800 5408 3328 5864 4768 2528 3560 3480 2848 3328 1216 3072 3480 4632 2496 5608 192 608 1808 4544 3984 2416 3832 936 2920 5000 2520 3320 5848 3976 5624 4752 992 3896 5936 3808 2832 2544 2280 2824 1208 1712 2648 1024 2816 6000 1256 5248 2584 4128 2592 1944 5584 392 6384 2192 2776 5200 1368 944 4528 1384 5952 4664 2560 5024 928 3904 2152 3168 2744 1904 4432 4856 5792 1976 5008 4424 5864 1072 4928 552 3040 5096 2760 656 2216 4336 2712 4256 5280 4584 3096 6264 3968 6144 5720 4288 3648 4008 1648 1200 2208 4000 5096 5952 1296 5408 5920 6200 6264 3088 2456 2184 5808 5656 2696 6160 4840 1040 3104 2776 3408 1144 3296 1808 6248 3128 4240 2976 2088 6320 2112 2896 5200 448 1128 5072 2600 6392 3632 6000 3832 824 5592 2720 2200 3048 6056 6528 4704 5936 4824 1792 5816 2544 5112 2352 3152 6520 3952 3784 2040 2792 3216 6096 2776 4376 3400 2128 3168 5256 5504 1184 
7310 4440 6770 5780 3240 2150 3440 6280 730 5570 2980 8510 4200 5280 5810 4410 6350 7650 100 5310 4880 7340 6580 8000 3640 4980 2240 2490 4720 6780 2080 4440 7870 3310 4730 3140 5760 3790 3850 6200 4730 900 7490 6740 5020 1860 2940 8160 3110 6120 4980 4280 4250 8230 2010 3870 5270 2390 7940 3100 1120 2520 3840 6190 4520 6640 6050 7140 5530 6290 3890 5700 6450 3370 4640 3280 4050 8640 6440 6970 6060 4710 4160 800 5600 6890 2210 5630 6420 3580 4960 2120 6520 2480 5960 6750 4550 7170 6600 1210 6400 7270 1490 4450 2090 8050 4640 7170 3800 1690 7430 6690 6500 4240 4470 4920 2350 2440 3410 6460 5870 6650 1940 4580 5050 3160 6720 5870 6690 2340 3940 150 7020 6000 3500 1580 600 4770 6110 7590 620 3540 7730 6320 1680 6320 4380 3980 3760 5880 3320 5260 5720 4780 3420 6060 8700 6560 5380 3940 1820 7070 6820 5420 4340 6660 3810 450 3060 6270 2370 5330 5240 4720 4520 980 5680 4390 1540 6190 3630 4700 3510 4980 5180 6620 3490 6310 5450 8620 8540 1990 4260 1820 3980 5030 4320 6200 3290 5890 
2490 1620 915 690 1925 2175 2990 430 3160 825 1515 1680 855 2185 380 1155 2035 2115 2915 1765 480 2165 1190 1435 1260 1995 1770 1840 700 1200 1845 1415 1165 1480 2930 2140 2110 2545 1110 440 1250 3085 2585 2530 2040 2005 1480 1725 1425 2230 3090 1025 1635 1430 2215 955 1140 1700 2290 1405 2560 2160 2265 900 1675 855 2510 1575 840 1865 1630 1325 1685 1460 2690 3105 2070 2225 1015 2535 1545 1585 2530 2545 2210 2800 1790 2275 1245 1160 2855 1860 2615 1920 1125 3835 2760 1490 470 2460 1145 1490 2140 725 2200 2310 865 2165 1440 3070 1210 2070 1140 795 2690 470 1845 3045 1965 1440 45 1365 2175 630 415 1340 3095 1900 1185 2390 1185 2935 1745 905 1775 2565 3005 800 3290 1535 2665 1610 1380 1380 2050 2570 2930 2355 1200 2000 2390 1595 1490 775 1175 630 2195 1480 2770 1460 3180 2615 1790 755 2480 1520 1070 2835 2775 2285 1970 840 2755 850 1590 3075 475 1540 2135 1350 1675 2695 1350 1230 3305 1605 3080 300 1285 1840 1645 2365 2600 2235 2935 1410 2945 810 1610 1910 
3438 3636 8163 5454 3627 6642 2502 7299 5319 5139 6228 6696 5364 2628 5958 7173 3438 4554 5688 3411 5850 4095 5175 6444 4725 2943 5580 6372 5355 8595 5436 4005 6975 4464 1476 3357 2943 2430 4941 7308 4275 4977 3447 2790 2862 4932 4950 6012 4860 2898 1179 6831 3654 6867 6561 5580 7794 5607 4554 4950 6219 3816 2745 5364 3528 5841 2304 5013 5103 3717 3780 8289 4167 6633 1800 2691 2952 5625 8226 2997 8739 3672 2223 5103 2673 2394 5202 2556 8523 6156 1449 5778 2439 4275 4824 486 1755 5211 7299 4725 8388 5319 5382 6354 6606 4653 6921 3924 4194 4194 6102 3645 5193 6165 1881 6417 6174 3465 3438 8793 6579 8775 6408 6282 5877 5157 1620 3393 5283 3699 6759 5724 4563 7911 7290 6651 6138 5112 693 5625 5868 7083 6147 8658 5274 2367 1710 2556 4770 3213 2916 3717 8487 5166 5607 5724 5778 8883 1539 4077 4194 2943 4293 7380 2223 8982 5112 5949 2853 2898 6489 5040 1566 5022 7848 6480 7164 7695 5130 4581 7263 1773 6570 4311 927 9063 2484 6597 4311 6480 6858 6768 2097 4392 2025 3996 1746 7857 6831 3384 
3296 2304 2080 544 3008 4008 4656 1304 5312 824 2936 2024 1576 3048 296 2560 2632 2632 4992 2352 1088 2744 1160 1608 2096 2784 3216 3464 1168 2592 3304 2016 1360 2432 4376 3344 2848 3872 1888 1360 1696 5152 3448 3432 2848 3456 2584 2016 2464 3000 4624 2312 2368 1688 4056 1872 2592 3104 2912 2464 4528 3488 3416 728 2368 600 3488 1760 864 2352 2456 2888 2024 2928 3984 4872 3072 2792 2328 3408 3232 2192 3792 4344 3040 3880 3168 3144 2712 2376 4224 3384 3600 3176 1168 5696 4120 1624 1168 4144 2552 1616 3752 1768 4040 2936 2096 2752 2232 5016 1208 2656 1080 1808 4008 1400 3432 4880 3040 3040 744 2896 3968 1592 944 2400 4408 2472 1136 3856 2544 5024 2056 2192 3496 4592 5184 1184 4816 1688 4640 3224 1488 2944 3592 3552 4424 3536 1992 2640 3696 2080 3152 1160 2264 304 2752 3096 4016 2216 5192 3536 2152 1976 3680 3160 1888 4904 4360 3072 3672 952 4008 1248 3280 5336 1528 3184 3704 1496 3344 3984 2752 1600 4968 3296 4800 504 1552 2240 1992 4304 3896 3728 4488 1848 4464 2008 3184 2488 
6710 4140 7520 5920 2900 3390 2260 6880 890 5650 3870 8550 4540 4650 6100 5330 5870 7280 1490 4900 5290 6890 6530 8050 3810 4440 2990 3540 4980 7640 2780 4270 8090 3390 3670 2620 5190 2910 4080 6810 4630 540 6870 6050 4460 2280 3280 8080 3390 5520 3860 5120 3960 8360 3250 4350 6200 3120 7530 3420 2460 2160 3140 6250 4180 6760 5310 6960 5600 5890 3650 6690 6140 4320 3710 2030 3480 8370 7270 6310 7100 4410 3300 1400 4970 6100 2760 4970 7330 4330 3960 2990 5770 2460 5890 5540 3570 7040 7140 1360 7280 7150 2270 5100 3330 7640 5440 6710 3730 360 7490 6220 6470 4870 3530 5500 3350 1170 3000 7430 6330 7580 3150 5180 5440 3570 5780 5420 6650 1770 4830 1520 6740 6830 4660 2960 1940 4950 5020 7500 1950 4620 7760 7290 2340 5580 3290 3220 3930 5380 2570 4950 6760 4980 3980 6240 8470 7540 4450 3830 400 6380 6500 6210 3500 7650 4120 1860 2010 5660 3500 5410 4310 4880 5620 2310 6360 5480 2120 6020 4740 3770 4420 4880 3990 7630 2260 6700 5300 8580 8610 3310 3350 1770 2870 4820 3220 6970 4340 5430 
2304 768 2274 852 1104 2220 2370 1722 2874 708 1506 2472 438 1542 990 1740 1674 2178 2682 1134 708 2094 1332 2166 450 1290 1476 1836 384 2538 1500 522 2148 666 2310 1356 1572 1824 360 1716 426 2730 2436 2190 1344 1512 888 2274 774 1776 2508 1494 756 2322 2232 690 2058 1410 2388 792 2454 1446 1494 1080 846 1356 2022 1722 684 1530 726 2376 1464 1650 2028 2514 1266 2640 2292 2250 2676 786 1818 2166 1638 2460 1356 1704 2490 1206 2238 1632 2208 1230 972 3468 2106 1710 1782 1986 2400 1758 1794 1098 2232 2436 1488 2034 516 2598 1824 1812 1278 1002 2016 1086 1770 2496 1140 2682 1272 2658 2142 1020 744 816 2706 1416 1386 1722 1542 2712 1734 2076 2154 2568 2868 282 2820 1938 2466 1956 2004 2592 1668 2130 2292 1602 378 1506 1644 954 2538 306 900 1038 2658 2742 2184 528 2730 2340 1674 1740 1764 2802 450 2658 2124 1860 1992 558 2148 228 2274 3012 1584 2178 1716 1176 2070 2034 1548 528 2766 2868 2478 1398 792 2538 2496 2424 1902 1650 2292 702 2310 2046 1842 1428 
2875 1375 2330 1790 970 815 1765 2030 1410 1705 560 3160 975 1975 1775 1260 2355 2900 1165 1825 1305 2790 2240 2900 765 1775 155 595 1240 2390 120 1295 2810 685 2125 1080 2135 1595 835 1995 1380 1345 2975 2670 1810 305 395 3020 490 2325 2290 1135 1290 3000 795 805 1695 170 3065 465 910 840 1445 2015 1435 2215 2405 2560 1685 2275 1105 1945 2290 805 1970 1795 1420 3325 2200 2760 2170 1485 1720 795 2115 2825 60 2150 2240 730 2165 285 2620 570 1940 3215 1975 2555 2180 750 2210 2600 385 1120 810 3110 1285 2720 960 1425 2620 2500 2195 1010 1910 1345 490 1550 1080 2310 1805 2375 715 1175 1390 460 2880 2110 2285 985 1000 1185 2545 1980 1115 1025 1285 1290 2755 2745 940 1025 2775 2235 290 2530 2010 1550 815 2150 1330 1745 2005 1290 580 1920 3345 2365 2265 1050 1540 2825 2475 1670 1750 2420 795 1105 1510 2405 675 1585 2210 1270 1500 1385 1750 1420 380 2095 1110 1995 820 1500 2465 2425 1840 2020 1745 3235 3170 950 1790 640 1890 1580 2000 2050 875 2120 
7620 4720 6770 5960 3540 2010 3810 6330 980 5760 2980 8700 4340 5600 5950 4360 6650 7920 280 5600 5000 7620 6800 8180 3840 5290 2320 2430 4870 6740 2180 4700 8010 3540 5100 3460 6070 4150 4030 6240 4970 1230 7800 7060 5340 2070 3120 8370 3300 6430 5350 4280 4530 8390 1860 3990 5210 2460 8220 3280 940 2840 4180 6380 4810 6810 6390 7380 5720 6580 4160 5620 6710 3330 5000 3660 4380 8880 6410 7290 5960 4980 4520 1090 5930 7220 2360 5950 6360 3620 5330 2160 6850 2750 6180 7130 4920 7400 6670 1530 6350 7500 1620 4500 1940 8330 4640 7460 4040 2060 7610 6980 6710 4310 4840 4990 2320 2820 3720 6380 5960 6590 1830 4640 5170 3310 7070 6170 6900 2690 3920 240 7280 5980 3380 1340 230 4950 6480 7810 540 3450 7920 6250 1820 6660 4750 4320 3950 6180 3670 5540 5610 4950 3520 6230 8940 6480 5740 4190 2170 7390 7090 5420 4690 6580 3970 210 3430 6590 2280 5520 5600 4900 4400 610 5710 4280 1720 6430 3520 5060 3490 5220 5560 6520 3860 6420 5700 8830 8720 1790 4620 2120 4350 5290 4690 6190 3220 6180 
6780 4130 7310 5820 2870 3090 2470 6690 660 5560 3610 8470 4390 4720 5970 5080 5900 7300 1180 4920 5130 6930 6470 7980 3680 4490 2750 3270 4850 7400 2540 4230 7980 3280 3850 2640 5250 3030 3950 6620 4570 280 6940 6140 4510 2070 3110 8030 3240 5580 4060 4880 3940 8260 2950 4170 5950 2890 7560 3260 2150 2130 3210 6170 4180 6660 5410 6940 5510 5910 3620 6430 6140 4060 3850 2260 3530 8370 7040 6390 6830 4390 3420 1130 5040 6210 2550 5040 7080 4100 4120 2730 5880 2350 5830 5770 3730 7000 6970 1150 7040 7110 2010 4890 3030 7670 5210 6740 3660 600 7410 6250 6400 4660 3670 5310 3080 1400 2990 7180 6170 7340 2850 4980 5280 3390 5930 5450 6590 1770 4580 1220 6730 6590 4370 2650 1650 4830 5210 7460 1640 4340 7690 7040 2100 5680 3480 3310 3810 5420 2650 4940 6490 4860 3780 6130 8460 7290 4600 3760 710 6470 6500 5980 3620 7390 3970 1550 2170 5730 3210 5320 4460 4770 5340 2020 6150 5200 1890 5990 4460 3910 4160 4820 4220 7370 2490 6550 5260 8530 8530 3010 3480 1640 3060 4790 3410 6750 4060 5460 
3138 2580 1128 1254 3084 3480 4332 780 4680 1464 2694 1470 1878 3114 990 2148 2724 2508 4392 2592 1440 2670 1518 1248 2340 2928 3018 3084 1632 1548 3108 2358 732 2598 4134 3336 2940 3750 2166 852 2124 4578 3240 3312 2976 3288 2646 1716 2574 3030 4314 2040 2628 1104 3534 2034 1950 2934 2694 2556 3966 3408 3414 1302 2628 1014 3408 1860 1494 2508 2676 2058 2226 2604 3840 4488 3156 2388 1428 3270 2238 2496 3696 3942 3096 3654 3036 3174 1740 2274 4014 3126 3468 3150 1662 5088 3942 1728 522 3828 1614 1686 3462 1746 3510 2694 1824 2706 2496 4536 1140 2694 1476 1842 3858 1440 3096 4470 3108 1992 834 1830 3486 1638 1344 2484 4086 2646 1464 3690 2250 4416 2148 1470 2934 3954 4500 1698 4434 1626 4092 2748 1290 1950 3354 3444 4170 3504 2262 2772 3606 2394 2250 1674 2304 1062 2316 2010 3846 2490 4668 3366 2274 1506 3612 2040 2136 4296 4098 3072 3234 1560 3846 1752 2592 4584 1170 2556 3450 1866 2802 3834 2472 2052 4572 2166 4440 588 1998 1722 1374 3708 3768 3546 4218 2232 4200 1272 2766 2658 
2556 3078 3960 1791 4176 6138 5688 3186 7146 1881 4968 1017 3276 3258 2133 4725 2259 1458 6921 2601 2943 1800 909 756 3582 3159 5103 5535 2781 4581 5157 2925 1494 3861 4950 4464 2817 4716 3429 3276 2610 6903 2673 3006 3195 5166 4239 495 4068 2790 5157 4428 3231 1197 6174 3690 4770 4995 1701 4104 6579 4824 4257 1332 3069 1179 3384 675 1908 1989 3483 5085 1557 5040 4527 5976 3852 1296 4338 2871 5445 2853 4500 6129 3105 3501 4941 3204 4797 4383 4689 5328 3312 4653 1485 5922 4716 504 2898 5823 4608 387 5598 3780 6165 1692 4203 1917 3447 6570 648 2070 990 3789 4617 3402 5472 6219 4113 5175 2682 4977 6057 3591 2799 4113 4257 2376 819 5193 4662 6957 1134 4257 5724 6732 7209 2637 5004 81 6615 5418 495 5085 5409 3348 5130 4311 3483 2538 4707 2430 5382 2646 4113 1683 1242 5220 4293 3348 6741 2988 1404 4068 4320 5283 3519 6894 5472 2799 5769 2088 4338 2655 5544 7434 3555 5436 5481 1377 5562 4509 4851 2394 5508 5454 5841 2286 2007 945 1161 6462 4572 5292 5328 2448 5193 4014 5337 2385 
2320 1000 5032 2736 1160 4000 1664 4280 3608 2456 3424 4320 2520 672 3144 4160 1696 2872 3680 1104 2960 2520 2744 4000 1976 616 2960 3648 2520 5400 2872 1328 4304 1784 1096 1104 1128 808 2152 4280 1600 3320 2440 1800 584 2512 2264 3800 2160 1360 1352 3848 1000 4336 3952 2720 4688 2952 3032 2240 3856 1608 536 2760 920 3216 1240 2856 2416 1784 1128 5120 2088 3752 704 1928 432 3816 5072 2000 5528 1080 584 3008 928 1904 2632 920 5328 3280 976 3160 1608 1856 2312 2624 840 2976 4312 2648 5208 3080 2976 3408 3984 3128 3912 2360 1488 2792 3608 1976 2736 3240 728 3456 3496 2304 984 5568 3648 5552 3816 3336 2992 2416 1896 1392 2848 1736 3808 3728 2560 4784 4384 4184 4056 2320 1784 3376 3656 4176 3736 5448 2832 1456 1168 480 2008 1312 984 1296 5312 2360 2792 3000 3920 5648 952 1384 2896 2064 2328 4320 424 5736 2312 3816 1552 1472 3800 2336 880 2240 4792 4344 4128 4656 2760 2224 4328 712 3680 1672 1696 5808 1784 3720 1800 4232 4424 4176 648 2200 1312 1432 1216 4744 3960 1392 
2935 1925 640 1140 2110 1955 3175 365 3110 1250 1335 2100 1005 2540 840 795 2465 2580 2825 2145 695 2625 1660 1865 1415 2340 1685 1640 970 825 1780 1720 1535 1625 3210 2320 2500 2775 1265 305 1580 3060 3035 2950 2385 2000 1530 2180 1505 2635 3375 725 1920 1825 2010 995 680 1615 2755 1470 2405 2280 2510 1365 1985 1320 2900 2040 1265 2300 1875 860 2130 1210 2975 3270 2335 2690 620 2965 1080 1920 2795 2505 2590 3210 1760 2650 810 1010 3155 1745 3020 2010 1570 4170 3040 1960 565 2460 720 1960 2070 590 1985 2775 535 2615 1660 3110 1655 2510 1605 705 2965 410 1675 3150 2170 995 480 945 1980 550 685 1375 3480 2305 1650 2500 910 2840 2205 465 1450 2365 2880 1110 3630 2000 2550 1300 1825 930 1995 2970 3185 2610 1370 2400 2585 1975 1020 1085 1150 1095 2655 1040 3100 1705 3225 3045 2245 290 2755 1085 1195 2720 2940 2700 1755 1240 3075 1160 1175 2920 40 1140 2095 1800 1345 2985 1110 1595 3590 1160 3260 710 1690 2275 2050 2140 2865 2280 3160 1775 3195 415 1335 2320 
3006 1218 3036 2010 630 1488 1644 2598 1710 1866 1158 3630 1164 1866 2094 1914 2394 3120 1548 1758 1608 2952 2454 3324 720 1644 726 1248 1422 3168 648 1176 3300 498 2016 762 2094 1380 882 2562 1338 1566 3120 2724 1680 420 432 3402 474 2316 2214 1728 1104 3486 1458 1074 2412 732 3306 504 1458 510 1194 2238 1278 2520 2382 2790 1842 2328 876 2730 2388 1446 1824 1716 1176 3690 2934 2844 3018 1368 1524 1014 2046 2886 474 2082 3030 1230 2058 870 2646 162 2076 3318 1836 2808 2736 822 2976 2868 762 1578 1482 3366 1866 2862 780 1494 2988 2586 2406 1434 1758 1782 1128 1512 762 3144 2238 3192 1356 1602 1698 618 2928 2100 2520 744 1614 1578 2724 2676 1860 1668 1770 1416 2766 3060 1392 1734 3156 3054 642 2532 1884 1320 798 2130 1068 1698 2826 1428 918 2196 3726 3210 2184 870 1632 2916 2616 2292 1560 3276 900 1560 1344 2418 1350 1722 2118 1374 2280 1938 2316 2178 630 2214 1848 1854 1434 1494 2430 3294 1740 2454 1776 3684 3660 1632 1608 498 1758 1530 1878 2724 1560 2112 
3400 1400 4960 3064 568 3080 1144 4280 2512 2808 2728 4992 2336 1752 3344 3680 2704 3832 2584 1944 2904 3520 3368 4624 1672 1560 2128 2832 2528 5216 2000 1592 4784 1344 1512 224 2168 664 1912 4256 1912 2224 3528 2904 1576 1560 1648 4560 1616 2440 1776 3400 1272 4912 3024 2384 4304 2160 4032 1688 2824 568 568 3232 1408 3672 2344 3640 2768 2720 1104 4744 2944 3104 1304 1320 792 4728 4888 3096 5136 1600 896 1920 2008 3008 1792 2016 5072 2760 1608 2304 2712 976 2872 3256 1288 3720 4400 1552 4984 3816 1992 3096 3056 4120 3544 3376 1344 1752 4192 2984 3328 2912 1192 3280 2656 1392 520 5264 3712 5296 2888 3088 2984 1872 2904 2344 3472 624 3288 2624 3424 4568 3664 3168 2960 2400 2560 4104 2584 3496 4376 5144 1872 2560 1328 688 1752 2312 240 2000 4888 2440 2296 3336 4808 5344 1856 1344 1888 3168 3224 4064 1000 5432 2024 2728 800 2552 2936 2632 1752 2328 4208 3248 4000 4072 1760 2912 3648 1352 3072 2080 2056 5480 1280 3896 2360 4976 5072 3216 1000 1144 1176 1960 1320 4592 3264 2352 
6246 3627 5706 4788 2574 1683 2979 5247 981 4599 2304 7245 3357 4437 4806 3600 5373 6516 477 4428 3969 6246 5517 6786 2862 4158 1611 1899 3825 5733 1458 3609 6669 2583 4059 2520 4851 3186 3051 5175 3861 1008 6408 5751 4194 1269 2232 6939 2385 5184 4311 3474 3456 6984 1548 3069 4383 1737 6786 2376 846 1953 3168 5157 3708 5553 5157 6030 4563 5301 3123 4779 5427 2664 3951 2871 3330 7389 5418 5958 5121 3870 3510 369 4725 5913 1566 4752 5409 2826 4257 1512 5571 1854 4959 5940 3888 6057 5535 783 5391 6147 927 3591 1620 6876 3789 6093 3024 1566 6273 5670 5445 3411 3807 4014 1755 2160 2736 5463 4869 5634 1467 3708 4122 2430 5796 4932 5616 1845 3177 522 5931 5022 2853 1305 819 3879 5301 6426 423 2862 6543 5337 1089 5391 3762 3312 2970 4950 2736 4365 4815 3888 2664 5040 7443 5562 4599 3159 1710 6048 5760 4491 3645 5652 3015 531 2592 5319 1818 4383 4482 3834 3753 1125 4716 3636 963 5175 2952 4005 2790 4086 4518 5625 3042 5265 4518 7353 7272 1602 3600 1296 3429 4140 3717 5193 2619 4950 
