50 100 250
80 80 80 80 80 80 80 80 80 80 80 80 80 80 80 80 80 80 80 80 80 80 80 80 80 80 80 80 80 80 80 80 80 80 80 80 80 80 80 80 80 80 80 80 80 80 80 80 80 80 
7 19 24 25 9 23 14 12 25 6 11 19 24 8 21 16 25 16 7 11 10 10 8 26 18 12 20 13 14 20 23 9 14 11 18 14 11 25 16 15 7 24 26 25 13 12 12 14 25 8 21 23 8 11 26 22 22 25 9 22 11 13 7 18 16 10 22 8 8 11 15 16 9 9 21 21 9 10 24 12 7 16 21 11 8 8 19 6 22 11 9 24 19 13 23 13 19 14 17 18 22 21 9 20 17 23 25 18 21 25 15 9 12 17 11 9 24 14 26 7 20 18 8 14 25 22 20 23 14 26 10 25 20 21 12 8 18 10 15 13 18 24 26 12 25 23 14 20 17 25 16 19 8 13 14 10 20 25 14 17 24 17 11 10 25 24 11 20 8 10 16 9 14 14 19 19 13 18 17 6 15 16 18 12 12 8 24 26 10 9 24 18 6 17 21 16 25 12 7 22 22 15 9 7 11 23 25 20 21 26 6 13 18 12 10 23 12 24 17 12 26 18 9 8 16 12 26 17 12 7 11 6 16 23 23 11 17 12 17 15 6 23 9 22 18 13 22 10 6 21 
298 499 536 177 821 592 499 650 766 610 181 309 176 166 157 569 216 289 358 363 551 355 581 366 117 478 141 324 61 357 506 592 671 225 521 390 710 534 305 181 584 539 682 524 570 238 41 294 435 527 482 695 578 219 384 56 819 182 476 629 607 622 533 151 271 602 364 629 569 348 333 282 507 594 348 556 626 417 564 614 37 742 376 534 325 506 618 113 813 761 98 499 55 618 258 184 501 599 570 760 
151 343 391 276 402 482 323 233 355 500 302 377 280 591 376 399 220 248 73 232 428 188 440 380 547 329 442 315 398 454 435 252 242 230 185 447 280 113 179 315 200 269 279 109 275 268 463 143 62 136 251 343 184 325 331 478 395 606 384 289 262 191 507 538 281 239 67 261 412 265 328 358 198 175 388 271 263 14 492 471 395 311 239 384 501 75 193 318 383 331 332 509 480 236 301 437 389 353 513 357 
421 819 868 574 589 21 168 657 528 975 614 276 579 724 426 882 461 646 470 285 63 328 920 217 669 162 698 267 522 253 78 336 551 422 675 853 633 568 377 628 670 254 715 459 276 371 581 518 429 615 735 372 421 368 767 636 614 739 845 770 744 560 85 559 665 716 491 383 893 697 739 734 316 478 237 762 737 487 956 952 570 644 689 109 325 507 510 517 650 657 538 129 634 703 673 422 856 844 46 501 
182 225 273 154 563 598 447 335 521 377 161 411 155 471 344 294 181 77 140 316 544 273 326 438 437 443 297 367 321 491 533 419 397 217 190 278 412 233 227 170 258 419 358 280 433 277 370 85 220 208 166 514 356 324 170 365 550 484 243 298 275 337 596 468 112 271 123 432 302 99 157 187 353 343 437 231 295 162 354 360 294 446 88 505 514 234 354 236 528 464 240 586 369 290 133 409 256 289 613 526 
59 388 437 221 467 425 271 327 412 545 256 285 226 519 284 452 138 237 40 152 371 106 489 293 472 269 389 226 315 364 366 262 318 140 265 448 367 208 85 271 292 246 374 170 264 174 382 104 80 228 307 364 226 231 346 405 465 535 417 376 349 276 435 450 264 328 62 288 463 275 328 342 186 239 299 344 353 83 528 522 320 397 262 330 407 162 265 240 461 416 258 431 407 329 280 344 427 422 446 408 
352 81 118 261 664 768 616 392 633 210 241 572 260 518 481 149 337 144 307 487 714 444 167 603 499 613 326 533 432 651 703 570 498 376 222 155 486 332 397 238 300 582 389 415 592 437 460 255 376 283 118 657 494 477 42 433 644 527 73 279 269 434 766 569 150 285 288 574 151 81 91 154 513 467 600 188 299 313 184 202 388 519 83 675 663 359 468 356 609 535 351 753 438 315 160 543 90 194 783 644 
372 460 496 505 190 554 412 115 166 594 528 558 509 823 594 487 449 455 303 398 508 367 533 541 778 431 668 492 627 625 541 236 29 452 256 624 65 146 385 540 190 316 168 148 294 478 693 373 235 190 364 256 148 533 501 709 173 837 519 278 261 41 617 763 491 229 298 197 503 450 516 561 263 95 556 331 236 245 608 554 626 86 414 463 686 155 61 548 152 105 563 634 711 199 512 650 513 404 606 184 
387 784 833 544 562 32 132 622 500 940 584 256 548 705 405 847 431 613 435 252 27 293 884 196 650 126 672 240 500 243 58 304 518 392 639 821 600 533 344 598 635 220 680 424 244 343 560 484 393 579 700 346 388 343 734 615 585 720 811 734 708 526 98 545 632 680 456 352 858 663 707 703 281 444 217 726 701 452 922 917 546 612 655 73 318 472 476 490 621 625 511 137 613 667 642 406 822 808 71 474 
353 402 437 470 246 582 433 63 225 535 490 558 473 791 579 428 425 410 278 400 534 363 474 547 749 450 629 492 603 629 562 271 87 434 199 571 77 102 373 501 131 343 122 148 326 466 666 340 224 136 307 307 177 522 448 678 225 805 462 220 203 38 638 743 446 171 269 240 444 400 466 513 282 120 560 272 179 218 549 495 597 111 363 488 685 131 92 521 195 130 535 651 681 141 467 637 455 346 630 243 
506 103 56 420 733 917 761 446 715 53 396 731 418 646 641 63 497 304 451 639 862 595 24 761 636 761 458 691 587 810 856 691 577 535 297 215 543 426 551 391 358 716 421 528 721 596 608 410 508 370 198 766 605 638 185 575 707 653 92 291 296 515 920 719 307 325 431 685 47 242 235 288 645 567 759 218 327 445 64 47 539 572 236 821 824 469 560 514 662 585 508 910 580 358 313 702 70 158 936 731 
122 382 427 71 638 505 376 466 584 522 111 265 76 349 174 454 44 167 171 230 454 204 478 306 303 362 223 240 159 342 427 425 485 80 350 355 524 349 146 126 406 388 502 340 415 135 219 111 252 346 336 529 398 167 292 234 634 364 382 463 438 435 477 305 173 429 178 457 459 230 251 233 342 409 298 401 454 230 488 513 150 555 243 425 351 319 433 74 626 575 88 457 236 441 176 238 402 459 503 580 
182 478 521 143 703 477 374 557 646 611 174 205 146 292 77 549 107 260 254 236 432 228 571 257 240 354 227 205 76 271 393 466 560 103 450 423 607 437 181 184 502 411 596 410 443 111 146 208 320 441 436 569 457 104 379 183 704 309 472 563 538 516 430 211 257 528 265 505 554 323 333 301 381 479 243 502 552 313 574 606 103 637 341 412 265 401 506 53 702 656 70 402 183 538 254 140 493 559 463 638 
425 99 111 398 576 811 652 289 561 200 388 664 398 682 603 94 441 280 354 546 756 501 139 684 660 656 490 614 572 745 759 556 423 474 153 307 386 282 468 389 204 593 264 392 593 533 610 338 391 225 93 623 465 582 211 591 550 692 163 136 139 363 829 716 300 168 332 544 110 222 258 321 521 422 686 64 170 330 220 160 535 415 193 713 772 333 411 489 505 428 489 825 595 201 316 668 143 30 838 578 
355 670 712 332 847 478 436 740 786 795 354 207 333 278 130 742 297 452 436 341 450 359 761 262 229 409 341 260 164 211 392 584 721 277 645 587 779 620 334 359 693 509 783 572 545 242 170 402 485 630 633 680 603 187 564 230 854 291 658 759 733 687 394 99 443 721 450 631 745 515 515 472 503 636 238 699 746 493 754 794 217 807 535 449 149 576 666 238 862 825 242 352 225 730 436 70 681 756 437 772 
329 728 776 425 698 237 239 672 634 876 462 94 429 510 230 798 329 525 405 226 217 268 829 77 457 211 515 141 326 31 156 423 608 289 633 712 681 561 286 474 655 334 726 476 369 228 374 419 408 592 662 500 475 195 650 434 714 525 738 743 716 593 153 339 533 694 426 474 806 584 611 590 359 523 68 709 719 447 846 863 381 702 589 229 105 503 556 346 736 719 364 114 431 692 536 209 755 783 195 614 
145 351 395 38 648 540 408 461 597 488 78 301 43 344 203 423 76 134 179 262 489 233 446 342 302 395 201 276 173 377 462 447 491 115 335 319 524 347 175 93 396 415 493 350 440 171 225 107 264 338 311 550 412 202 257 231 642 358 349 446 422 439 514 320 137 415 181 475 428 197 216 197 365 419 334 379 439 234 453 481 152 557 214 458 385 324 440 87 631 576 92 493 234 430 140 266 368 433 539 594 
434 511 545 570 137 582 449 150 131 639 593 611 573 887 654 533 512 519 367 451 540 422 578 589 842 471 733 544 690 674 578 262 57 514 310 683 58 209 445 605 238 349 190 207 322 537 756 437 296 248 418 257 189 592 560 773 113 902 573 314 302 106 653 824 554 271 362 216 549 512 577 623 306 144 606 378 274 309 657 598 690 48 475 496 738 219 112 612 87 58 627 674 775 239 575 709 564 446 638 156 
128 277 326 154 531 542 390 326 485 431 175 364 157 476 312 345 144 122 85 261 488 217 378 386 437 386 315 316 304 444 478 369 368 174 205 331 393 214 173 187 261 364 358 239 379 232 361 38 170 203 208 466 312 283 226 365 522 490 299 318 293 311 542 451 153 283 72 385 354 155 210 231 300 306 387 263 308 118 410 412 287 427 144 448 472 200 321 218 505 446 227 533 368 295 172 377 311 330 558 487 
235 639 688 356 610 234 169 571 546 790 396 60 361 504 202 708 249 444 307 124 193 166 740 25 450 141 472 47 297 106 148 336 511 209 534 642 582 459 190 409 554 251 625 375 288 151 358 328 307 491 568 422 379 141 569 412 623 520 654 643 616 493 191 354 457 594 328 386 716 501 534 520 265 424 39 612 618 346 764 774 343 604 502 184 174 402 458 291 641 621 312 172 410 590 462 211 669 687 219 528 
132 415 463 297 390 408 249 278 335 572 330 324 302 596 350 473 215 297 91 170 354 130 513 319 548 255 465 260 389 398 363 194 246 211 258 504 303 165 141 344 263 197 330 97 207 234 458 172 13 202 324 292 149 289 393 482 389 612 453 357 330 210 436 521 328 305 103 214 485 324 384 406 128 164 330 345 328 74 562 545 396 330 303 310 451 108 192 317 388 349 335 441 483 298 345 406 459 427 440 331 
261 655 702 348 677 283 238 622 613 801 385 20 352 451 158 725 253 449 341 178 250 214 754 61 397 211 441 85 255 60 196 404 572 214 569 635 640 507 221 396 597 321 674 431 357 154 309 347 356 533 592 492 442 117 574 367 689 467 663 681 654 549 217 291 456 634 361 454 732 509 534 512 331 485 37 642 659 387 770 789 308 663 515 248 109 452 518 269 705 681 288 185 364 634 458 151 680 714 254 596 
338 581 624 512 214 377 253 294 150 730 545 447 516 800 526 624 421 505 305 297 337 285 669 414 749 278 679 383 585 499 380 62 163 408 385 706 245 255 328 559 343 152 351 155 121 409 656 386 216 312 483 86 76 456 588 687 230 816 631 443 422 193 453 702 538 389 313 11 639 524 587 616 135 117 434 473 403 268 733 695 601 252 496 295 570 213 137 522 258 263 542 477 688 365 557 570 631 555 435 134 
272 668 715 362 678 273 235 630 615 815 399 32 366 463 172 738 267 462 351 184 241 222 768 55 409 207 455 92 269 48 186 405 576 228 580 649 646 515 232 411 606 320 682 437 357 167 322 359 364 543 604 491 445 132 587 380 691 478 676 691 664 556 203 301 470 644 372 455 745 523 548 527 333 489 31 654 668 397 784 802 322 669 528 241 106 460 523 284 708 686 302 171 377 643 473 162 694 726 241 597 
159 326 370 29 649 562 427 452 599 462 62 327 33 350 228 398 98 109 181 282 510 250 421 367 311 415 196 300 192 403 485 456 489 138 320 295 519 340 193 77 383 430 481 351 453 196 240 103 269 327 290 559 417 228 231 239 642 364 323 429 405 435 538 338 111 400 180 482 403 172 190 174 377 420 360 359 424 233 428 455 165 552 190 478 410 321 440 108 628 571 110 518 243 416 115 291 343 411 562 598 
221 339 383 336 352 520 362 164 311 490 358 442 339 655 446 385 289 289 142 291 467 249 429 440 613 372 498 378 467 517 482 252 186 300 151 472 213 45 247 370 141 292 212 89 289 337 530 204 108 85 241 329 166 394 351 542 340 670 389 239 213 128 556 608 324 185 132 247 399 292 357 397 220 137 450 241 207 83 490 457 460 245 260 422 567 29 143 385 322 265 398 562 545 176 345 507 389 325 557 318 
276 670 717 362 686 279 243 636 623 816 398 35 365 457 168 740 268 463 356 191 249 228 769 63 403 215 452 98 265 45 193 413 584 229 584 649 653 521 236 410 612 329 688 444 365 169 317 362 370 548 607 499 453 131 588 375 699 472 678 696 669 562 208 293 470 649 376 463 747 524 549 526 341 497 40 657 673 402 785 804 318 676 530 249 98 466 530 282 716 693 300 174 372 648 473 155 695 729 247 605 
465 614 650 623 59 519 407 263 14 748 652 601 628 929 670 641 548 592 413 447 484 429 687 570 881 433 790 536 720 655 531 217 127 541 410 772 174 292 465 665 344 307 307 243 273 552 790 491 329 341 518 169 187 602 650 815 76 945 673 428 413 190 602 845 627 382 414 165 657 594 660 700 286 174 589 485 387 362 762 708 729 159 560 444 725 280 159 650 118 159 668 629 816 351 647 718 667 557 580 44 
481 579 612 627 70 581 460 217 85 706 652 641 631 941 697 600 562 582 420 483 544 459 645 614 895 485 791 575 738 699 587 269 108 561 377 750 121 273 488 664 305 359 252 253 328 579 806 494 343 315 486 237 216 631 627 827 46 956 641 379 368 168 660 869 617 338 418 218 616 577 643 688 328 184 633 445 339 364 724 664 742 97 541 502 767 276 159 663 51 92 680 685 829 305 638 748 632 512 641 115 
339 431 469 469 223 543 396 106 194 569 493 532 473 787 562 462 414 420 268 372 496 339 507 517 744 414 632 465 593 600 525 229 56 419 227 591 89 111 354 505 166 303 164 119 285 447 658 337 204 158 335 265 136 503 468 674 208 802 490 260 242 7 601 730 455 209 263 197 477 416 482 526 245 79 532 306 219 210 580 530 591 117 380 450 659 120 50 514 188 136 528 616 676 181 476 619 484 382 592 208 
465 871 919 595 694 128 252 743 632 1024 634 269 599 695 415 937 489 682 527 334 158 380 972 220 643 236 699 286 512 216 125 435 647 448 744 881 728 647 420 647 748 348 801 543 374 390 562 562 500 690 793 478 514 371 807 621 718 710 890 845 818 650 51 521 696 792 548 484 947 738 773 759 403 570 231 828 814 554 1000 1006 566 741 736 200 273 586 603 525 753 755 544 72 618 782 702 395 904 908 61 606 
150 280 327 87 601 568 424 393 554 425 105 357 90 409 277 352 122 77 143 284 515 246 379 390 372 416 245 321 252 436 497 427 438 162 258 287 463 283 192 117 322 412 421 307 431 222 302 63 231 267 233 527 377 264 201 300 592 423 287 367 344 382 555 399 99 338 135 448 358 133 170 175 353 374 386 300 362 186 396 413 226 496 141 479 453 270 391 166 575 515 170 540 303 355 113 342 304 356 576 555 
202 506 549 170 720 470 374 581 662 638 199 191 172 285 52 577 132 287 277 241 427 239 599 246 231 353 239 200 66 251 384 477 580 122 477 446 629 462 196 208 529 419 621 430 451 117 135 235 340 467 465 580 474 95 406 180 722 301 499 591 566 538 417 188 283 555 289 518 581 351 360 325 392 498 230 530 579 336 600 633 108 659 369 409 240 423 525 77 722 678 90 387 179 565 280 112 520 588 451 653 
49 449 498 229 501 370 224 392 443 604 268 214 234 494 231 516 121 276 109 87 316 46 551 222 443 216 387 155 279 292 305 265 366 101 337 487 423 274 22 283 362 225 441 216 251 114 349 145 129 298 373 369 255 169 395 381 504 510 472 447 420 331 370 403 298 399 130 302 525 324 369 372 181 281 228 414 424 152 583 584 296 451 317 279 338 223 311 218 507 469 239 363 382 399 310 285 485 490 384 434 
256 661 709 376 620 221 171 589 556 812 415 66 381 515 215 729 270 465 328 143 183 186 762 9 460 142 489 68 311 93 134 345 525 230 555 663 597 478 211 428 574 258 643 392 295 171 370 350 325 511 590 428 392 157 590 425 634 531 675 663 636 509 171 360 477 613 349 396 738 522 555 540 277 439 32 633 637 366 785 796 359 619 523 178 166 420 473 309 654 635 330 151 423 610 483 218 691 709 201 537 
314 543 581 215 837 574 492 679 780 656 224 288 214 165 139 613 235 331 381 362 535 360 627 347 111 469 185 312 58 328 487 598 691 237 557 436 735 561 315 224 617 540 714 543 572 238 17 323 453 558 523 701 591 208 430 77 837 181 522 666 643 645 508 105 314 637 389 638 614 391 378 328 513 612 327 595 661 440 610 659 76 766 418 521 289 529 638 138 834 785 128 472 73 651 303 150 546 641 547 772 
191 412 453 74 710 543 427 534 656 539 98 279 75 276 152 483 108 194 243 282 495 263 502 329 231 409 165 270 101 347 460 493 557 130 409 346 594 418 207 107 470 450 567 412 478 167 151 178 324 412 381 597 469 176 307 162 707 292 401 519 496 507 502 247 185 489 249 526 486 256 260 225 409 482 316 450 514 301 500 536 79 627 279 470 341 391 505 24 698 646 18 476 164 504 180 210 423 501 533 652 
355 180 212 376 470 715 556 184 451 310 378 596 377 686 558 202 390 272 276 464 662 418 248 608 656 563 501 540 544 676 670 447 313 418 49 371 281 172 395 383 95 490 173 285 487 471 593 284 295 116 97 512 355 525 254 584 445 698 244 76 56 252 742 691 302 69 255 434 218 232 288 347 419 311 613 46 84 240 324 271 517 313 193 617 712 226 299 458 403 327 463 743 588 101 322 623 233 127 748 468 
474 70 23 393 705 884 728 418 685 86 370 701 391 630 613 44 466 276 418 606 829 562 36 730 618 728 440 660 562 780 823 658 547 505 266 208 515 394 519 367 330 683 396 496 688 566 586 378 475 338 165 734 572 608 161 554 679 637 70 268 270 485 888 696 280 298 398 653 33 212 212 268 612 535 728 190 302 411 89 70 516 545 205 788 795 436 529 488 636 559 482 878 559 331 288 675 44 138 903 701 
372 482 512 212 887 694 596 690 835 570 195 412 208 117 261 547 289 296 418 455 652 442 552 469 101 576 77 425 164 460 608 674 729 308 545 335 760 580 388 186 615 628 715 588 658 333 119 344 502 564 486 778 649 320 362 59 881 129 447 645 625 676 636 215 268 625 419 707 545 344 310 249 589 658 451 563 648 473 520 582 118 793 379 633 424 562 679 191 869 812 169 602 64 646 250 284 473 593 673 831 
243 649 697 374 593 211 146 566 530 801 414 84 378 529 226 716 265 457 311 122 169 167 750 35 474 118 494 63 321 120 126 318 500 224 536 658 573 456 198 427 553 232 620 368 268 169 382 338 303 491 575 402 366 163 582 436 608 545 666 644 616 485 175 379 472 593 332 370 725 513 549 537 251 414 57 616 617 347 776 784 366 594 512 159 192 398 448 312 628 610 333 161 434 589 478 236 680 693 200 511 
386 717 763 568 352 218 158 469 292 872 607 388 573 808 509 769 459 597 391 283 193 299 812 338 754 186 725 338 589 413 250 136 341 431 536 808 423 411 356 622 508 115 527 297 99 407 658 465 315 466 622 135 232 436 700 702 378 824 759 609 586 367 312 676 625 554 407 167 782 630 687 703 178 286 361 626 571 378 866 841 621 428 610 163 491 356 312 548 420 437 570 347 702 533 640 535 763 710 283 265 
414 32 55 359 627 816 659 341 606 161 344 648 358 628 573 60 417 239 352 543 762 498 100 673 609 660 436 602 533 728 759 581 468 454 187 241 438 315 459 344 252 609 323 418 613 514 566 321 402 259 89 656 494 560 151 542 602 637 96 198 197 406 826 674 254 222 330 575 71 177 201 264 537 456 673 113 229 339 167 131 492 469 156 719 749 358 450 453 560 483 450 819 546 255 267 637 78 86 839 622 
320 556 599 491 220 387 256 274 157 706 524 441 496 783 514 600 403 482 284 287 345 272 644 411 733 280 659 376 570 496 385 68 148 392 361 682 230 231 313 538 320 156 332 130 128 396 640 364 195 288 458 111 52 444 563 670 232 799 606 420 398 172 459 689 515 366 291 31 614 500 563 593 126 94 430 449 381 245 708 671 584 240 471 301 565 188 117 505 255 252 524 481 671 343 534 560 606 531 443 144 
115 521 570 262 545 314 188 464 484 674 303 138 267 480 189 589 148 334 187 46 263 59 622 144 427 171 404 76 261 214 240 287 424 112 415 540 487 349 70 317 439 223 516 278 256 78 331 211 198 376 448 387 301 118 457 373 552 496 539 525 498 396 299 364 351 477 208 331 598 387 426 420 203 337 150 492 502 230 650 656 292 513 385 233 264 294 369 222 562 531 244 289 373 476 360 233 553 567 319 471 
408 425 448 228 900 767 656 679 853 493 195 491 223 187 343 483 330 272 436 511 721 489 482 546 192 638 64 494 247 546 683 710 737 358 521 253 757 578 432 182 597 675 696 605 702 395 215 356 524 553 447 813 673 393 304 157 891 192 380 611 594 680 717 313 239 600 433 738 479 305 257 194 629 674 530 523 620 485 440 509 192 791 344 698 517 570 691 246 873 810 224 686 162 624 218 375 406 541 751 853 
17 408 457 170 540 423 281 400 484 560 209 233 175 447 209 477 66 222 97 139 370 103 509 254 398 272 330 184 239 313 353 318 395 63 320 431 444 280 47 224 357 283 445 246 308 106 307 97 156 294 339 422 296 162 344 333 540 463 425 433 406 353 413 373 242 390 114 351 485 274 315 315 235 314 255 389 415 154 536 543 247 474 271 335 346 238 341 168 537 493 187 402 334 394 253 270 440 461 432 478 
198 220 267 132 598 617 468 367 556 366 133 416 133 443 336 292 182 43 167 333 563 292 319 447 411 463 265 377 305 495 549 450 432 220 217 248 446 268 242 140 288 446 388 314 461 281 349 101 251 241 177 546 389 324 148 339 585 456 229 321 299 371 610 450 78 298 153 465 298 77 128 152 382 377 444 247 321 195 340 353 273 480 81 525 513 268 389 221 563 498 222 597 343 318 98 401 245 298 629 560 
380 554 588 250 902 652 570 729 847 651 246 366 248 87 218 622 297 354 439 439 614 434 629 425 36 547 159 391 131 402 565 671 752 305 595 420 791 614 385 242 660 616 759 606 648 314 62 374 516 605 548 774 659 286 436 40 901 104 524 700 678 703 584 130 331 676 445 709 621 408 384 326 586 675 405 623 699 497 602 661 116 823 441 600 357 587 700 195 894 842 179 547 35 693 315 223 550 660 624 841 
185 296 339 42 658 594 457 448 610 429 48 362 42 355 260 368 132 78 195 313 542 279 389 401 321 446 187 334 216 437 519 477 495 172 306 261 520 340 222 60 374 455 474 362 477 230 257 115 284 322 266 578 432 262 197 249 649 369 290 412 390 439 572 360 77 387 190 500 372 141 155 140 399 431 394 338 411 242 394 423 181 553 163 510 444 327 448 135 632 572 133 553 253 406 81 322 311 386 596 611 
393 604 638 286 915 627 558 757 858 705 289 342 285 111 203 672 314 397 460 434 592 436 682 401 61 533 215 376 136 369 540 674 770 315 631 476 814 640 392 287 693 612 790 622 645 312 71 401 531 635 591 776 669 276 486 92 916 125 576 739 716 724 553 75 377 711 468 715 671 454 434 379 589 690 380 665 735 519 657 713 146 845 484 583 316 608 717 216 913 864 204 513 87 727 363 192 601 706 594 849 
4172 6986 7504 2478 11494 8288 6986 9100 10724 8540 2534 4326 2464 2324 2198 7966 3024 4046 5012 5082 7714 4970 8134 5124 1638 6692 1974 4536 854 4998 7084 8288 9394 3150 7294 5460 9940 7476 4270 2534 8176 7546 9548 7336 7980 3332 574 4116 6090 7378 6748 9730 8092 3066 5376 784 11466 2548 6664 8806 8498 8708 7462 2114 3794 8428 5096 8806 7966 4872 4662 3948 7098 8316 4872 7784 8764 5838 7896 8596 518 10388 5264 7476 4550 7084 8652 1582 11382 10654 1372 6986 770 8652 3612 2576 7014 8386 7980 10640 
1510 3430 3910 2760 4020 4820 3230 2330 3550 5000 3020 3770 2800 5910 3760 3990 2200 2480 730 2320 4280 1880 4400 3800 5470 3290 4420 3150 3980 4540 4350 2520 2420 2300 1850 4470 2800 1130 1790 3150 2000 2690 2790 1090 2750 2680 4630 1430 620 1360 2510 3430 1840 3250 3310 4780 3950 6060 3840 2890 2620 1910 5070 5380 2810 2390 670 2610 4120 2650 3280 3580 1980 1750 3880 2710 2630 140 4920 4710 3950 3110 2390 3840 5010 750 1930 3180 3830 3310 3320 5090 4800 2360 3010 4370 3890 3530 5130 3570 
5894 11466 12152 8036 8246 294 2352 9198 7392 13650 8596 3864 8106 10136 5964 12348 6454 9044 6580 3990 882 4592 12880 3038 9366 2268 9772 3738 7308 3542 1092 4704 7714 5908 9450 11942 8862 7952 5278 8792 9380 3556 10010 6426 3864 5194 8134 7252 6006 8610 10290 5208 5894 5152 10738 8904 8596 10346 11830 10780 10416 7840 1190 7826 9310 10024 6874 5362 12502 9758 10346 10276 4424 6692 3318 10668 10318 6818 13384 13328 7980 9016 9646 1526 4550 7098 7140 7238 9100 9198 7532 1806 8876 9842 9422 5908 11984 11816 644 7014 
1820 2250 2730 1540 5630 5980 4470 3350 5210 3770 1610 4110 1550 4710 3440 2940 1810 770 1400 3160 5440 2730 3260 4380 4370 4430 2970 3670 3210 4910 5330 4190 3970 2170 1900 2780 4120 2330 2270 1700 2580 4190 3580 2800 4330 2770 3700 850 2200 2080 1660 5140 3560 3240 1700 3650 5500 4840 2430 2980 2750 3370 5960 4680 1120 2710 1230 4320 3020 990 1570 1870 3530 3430 4370 2310 2950 1620 3540 3600 2940 4460 880 5050 5140 2340 3540 2360 5280 4640 2400 5860 3690 2900 1330 4090 2560 2890 6130 5260 
649 4268 4807 2431 5137 4675 2981 3597 4532 5995 2816 3135 2486 5709 3124 4972 1518 2607 440 1672 4081 1166 5379 3223 5192 2959 4279 2486 3465 4004 4026 2882 3498 1540 2915 4928 4037 2288 935 2981 3212 2706 4114 1870 2904 1914 4202 1144 880 2508 3377 4004 2486 2541 3806 4455 5115 5885 4587 4136 3839 3036 4785 4950 2904 3608 682 3168 5093 3025 3608 3762 2046 2629 3289 3784 3883 913 5808 5742 3520 4367 2882 3630 4477 1782 2915 2640 5071 4576 2838 4741 4477 3619 3080 3784 4697 4642 4906 4488 
3872 891 1298 2871 7304 8448 6776 4312 6963 2310 2651 6292 2860 5698 5291 1639 3707 1584 3377 5357 7854 4884 1837 6633 5489 6743 3586 5863 4752 7161 7733 6270 5478 4136 2442 1705 5346 3652 4367 2618 3300 6402 4279 4565 6512 4807 5060 2805 4136 3113 1298 7227 5434 5247 462 4763 7084 5797 803 3069 2959 4774 8426 6259 1650 3135 3168 6314 1661 891 1001 1694 5643 5137 6600 2068 3289 3443 2024 2222 4268 5709 913 7425 7293 3949 5148 3916 6699 5885 3861 8283 4818 3465 1760 5973 990 2134 8613 7084 
4464 5520 5952 6060 2280 6648 4944 1380 1992 7128 6336 6696 6108 9876 7128 5844 5388 5460 3636 4776 6096 4404 6396 6492 9336 5172 8016 5904 7524 7500 6492 2832 348 5424 3072 7488 780 1752 4620 6480 2280 3792 2016 1776 3528 5736 8316 4476 2820 2280 4368 3072 1776 6396 6012 8508 2076 10044 6228 3336 3132 492 7404 9156 5892 2748 3576 2364 6036 5400 6192 6732 3156 1140 6672 3972 2832 2940 7296 6648 7512 1032 4968 5556 8232 1860 732 6576 1824 1260 6756 7608 8532 2388 6144 7800 6156 4848 7272 2208 
5031 10192 10829 7072 7306 416 1716 8086 6500 12220 7592 3328 7124 9165 5265 11011 5603 7969 5655 3276 351 3809 11492 2548 8450 1638 8736 3120 6500 3159 754 3952 6734 5096 8307 10673 7800 6929 4472 7774 8255 2860 8840 5512 3172 4459 7280 6292 5109 7527 9100 4498 5044 4459 9542 7995 7605 9360 10543 9542 9204 6838 1274 7085 8216 8840 5928 4576 11154 8619 9191 9139 3653 5772 2821 9438 9113 5876 11986 11921 7098 7956 8515 949 4134 6136 6188 6370 8073 8125 6643 1781 7969 8671 8346 5278 10686 10504 923 6162 
3883 4422 4807 5170 2706 6402 4763 693 2475 5885 5390 6138 5203 8701 6369 4708 4675 4510 3058 4400 5874 3993 5214 6017 8239 4950 6919 5412 6633 6919 6182 2981 957 4774 2189 6281 847 1122 4103 5511 1441 3773 1342 1628 3586 5126 7326 3740 2464 1496 3377 3377 1947 5742 4928 7458 2475 8855 5082 2420 2233 418 7018 8173 4906 1881 2959 2640 4884 4400 5126 5643 3102 1320 6160 2992 1969 2398 6039 5445 6567 1221 3993 5368 7535 1441 1012 5731 2145 1430 5885 7161 7491 1551 5137 7007 5005 3806 6930 2673 
6072 1236 672 5040 8796 11004 9132 5352 8580 636 4752 8772 5016 7752 7692 756 5964 3648 5412 7668 10344 7140 288 9132 7632 9132 5496 8292 7044 9720 10272 8292 6924 6420 3564 2580 6516 5112 6612 4692 4296 8592 5052 6336 8652 7152 7296 4920 6096 4440 2376 9192 7260 7656 2220 6900 8484 7836 1104 3492 3552 6180 11040 8628 3684 3900 5172 8220 564 2904 2820 3456 7740 6804 9108 2616 3924 5340 768 564 6468 6864 2832 9852 9888 5628 6720 6168 7944 7020 6096 10920 6960 4296 3756 8424 840 1896 11232 8772 
1464 4584 5124 852 7656 6060 4512 5592 7008 6264 1332 3180 912 4188 2088 5448 528 2004 2052 2760 5448 2448 5736 3672 3636 4344 2676 2880 1908 4104 5124 5100 5820 960 4200 4260 6288 4188 1752 1512 4872 4656 6024 4080 4980 1620 2628 1332 3024 4152 4032 6348 4776 2004 3504 2808 7608 4368 4584 5556 5256 5220 5724 3660 2076 5148 2136 5484 5508 2760 3012 2796 4104 4908 3576 4812 5448 2760 5856 6156 1800 6660 2916 5100 4212 3828 5196 888 7512 6900 1056 5484 2832 5292 2112 2856 4824 5508 6036 6960 
1820 4780 5210 1430 7030 4770 3740 5570 6460 6110 1740 2050 1460 2920 770 5490 1070 2600 2540 2360 4320 2280 5710 2570 2400 3540 2270 2050 760 2710 3930 4660 5600 1030 4500 4230 6070 4370 1810 1840 5020 4110 5960 4100 4430 1110 1460 2080 3200 4410 4360 5690 4570 1040 3790 1830 7040 3090 4720 5630 5380 5160 4300 2110 2570 5280 2650 5050 5540 3230 3330 3010 3810 4790 2430 5020 5520 3130 5740 6060 1030 6370 3410 4120 2650 4010 5060 530 7020 6560 700 4020 1830 5380 2540 1400 4930 5590 4630 6380 
5525 1287 1443 5174 7488 10543 8476 3757 7293 2600 5044 8632 5174 8866 7839 1222 5733 3640 4602 7098 9828 6513 1807 8892 8580 8528 6370 7982 7436 9685 9867 7228 5499 6162 1989 3991 5018 3666 6084 5057 2652 7709 3432 5096 7709 6929 7930 4394 5083 2925 1209 8099 6045 7566 2743 7683 7150 8996 2119 1768 1807 4719 10777 9308 3900 2184 4316 7072 1430 2886 3354 4173 6773 5486 8918 832 2210 4290 2860 2080 6955 5395 2509 9269 10036 4329 5343 6357 6565 5564 6357 10725 7735 2613 4108 8684 1859 390 10894 7514 
4970 9380 9968 4648 11858 6692 6104 10360 11004 11130 4956 2898 4662 3892 1820 10388 4158 6328 6104 4774 6300 5026 10654 3668 3206 5726 4774 3640 2296 2954 5488 8176 10094 3878 9030 8218 10906 8680 4676 5026 9702 7126 10962 8008 7630 3388 2380 5628 6790 8820 8862 9520 8442 2618 7896 3220 11956 4074 9212 10626 10262 9618 5516 1386 6202 10094 6300 8834 10430 7210 7210 6608 7042 8904 3332 9786 10444 6902 10556 11116 3038 11298 7490 6286 2086 8064 9324 3332 12068 11550 3388 4928 3150 10220 6104 980 9534 10584 6118 10808 
4277 9464 10088 5525 9074 3081 3107 8736 8242 11388 6006 1222 5577 6630 2990 10374 4277 6825 5265 2938 2821 3484 10777 1001 5941 2743 6695 1833 4238 403 2028 5499 7904 3757 8229 9256 8853 7293 3718 6162 8515 4342 9438 6188 4797 2964 4862 5447 5304 7696 8606 6500 6175 2535 8450 5642 9282 6825 9594 9659 9308 7709 1989 4407 6929 9022 5538 6162 10478 7592 7943 7670 4667 6799 884 9217 9347 5811 10998 11219 4953 9126 7657 2977 1365 6539 7228 4498 9568 9347 4732 1482 5603 8996 6968 2717 9815 10179 2535 7982 
2030 4914 5530 532 9072 7560 5712 6454 8358 6832 1092 4214 602 4816 2842 5922 1064 1876 2506 3668 6846 3262 6244 4788 4228 5530 2814 3864 2422 5278 6468 6258 6874 1610 4690 4466 7336 4858 2450 1302 5544 5810 6902 4900 6160 2394 3150 1498 3696 4732 4354 7700 5768 2828 3598 3234 8988 5012 4886 6244 5908 6146 7196 4480 1918 5810 2534 6650 5992 2758 3024 2758 5110 5866 4676 5306 6146 3276 6342 6734 2128 7798 2996 6412 5390 4536 6160 1218 8834 8064 1288 6902 3276 6020 1960 3724 5152 6062 7546 8316 
6510 7665 8175 8550 2055 8730 6735 2250 1965 9585 8895 9165 8595 13305 9810 7995 7680 7785 5505 6765 8100 6330 8670 8835 12630 7065 10995 8160 10350 10110 8670 3930 855 7710 4650 10245 870 3135 6675 9075 3570 5235 2850 3105 4830 8055 11340 6555 4440 3720 6270 3855 2835 8880 8400 11595 1695 13530 8595 4710 4530 1590 9795 12360 8310 4065 5430 3240 8235 7680 8655 9345 4590 2160 9090 5670 4110 4635 9855 8970 10350 720 7125 7440 11070 3285 1680 9180 1305 870 9405 10110 11625 3585 8625 10635 8460 6690 9570 2340 
1280 2770 3260 1540 5310 5420 3900 3260 4850 4310 1750 3640 1570 4760 3120 3450 1440 1220 850 2610 4880 2170 3780 3860 4370 3860 3150 3160 3040 4440 4780 3690 3680 1740 2050 3310 3930 2140 1730 1870 2610 3640 3580 2390 3790 2320 3610 380 1700 2030 2080 4660 3120 2830 2260 3650 5220 4900 2990 3180 2930 3110 5420 4510 1530 2830 720 3850 3540 1550 2100 2310 3000 3060 3870 2630 3080 1180 4100 4120 2870 4270 1440 4480 4720 2000 3210 2180 5050 4460 2270 5330 3680 2950 1720 3770 3110 3300 5580 4870 
3525 9585 10320 5340 9150 3510 2535 8565 8190 11850 5940 900 5415 7560 3030 10620 3735 6660 4605 1860 2895 2490 11100 375 6750 2115 7080 705 4455 1590 2220 5040 7665 3135 8010 9630 8730 6885 2850 6135 8310 3765 9375 5625 4320 2265 5370 4920 4605 7365 8520 6330 5685 2115 8535 6180 9345 7800 9810 9645 9240 7395 2865 5310 6855 8910 4920 5790 10740 7515 8010 7800 3975 6360 585 9180 9270 5190 11460 11610 5145 9060 7530 2760 2610 6030 6870 4365 9615 9315 4680 2580 6150 8850 6930 3165 10035 10305 3285 7920 
1980 6225 6945 4455 5850 6120 3735 4170 5025 8580 4950 4860 4530 8940 5250 7095 3225 4455 1365 2550 5310 1950 7695 4785 8220 3825 6975 3900 5835 5970 5445 2910 3690 3165 3870 7560 4545 2475 2115 5160 3945 2955 4950 1455 3105 3510 6870 2580 195 3030 4860 4380 2235 4335 5895 7230 5835 9180 6795 5355 4950 3150 6540 7815 4920 4575 1545 3210 7275 4860 5760 6090 1920 2460 4950 5175 4920 1110 8430 8175 5940 4950 4545 4650 6765 1620 2880 4755 5820 5235 5025 6615 7245 4470 5175 6090 6885 6405 6600 4965 
2610 6550 7020 3480 6770 2830 2380 6220 6130 8010 3850 200 3520 4510 1580 7250 2530 4490 3410 1780 2500 2140 7540 610 3970 2110 4410 850 2550 600 1960 4040 5720 2140 5690 6350 6400 5070 2210 3960 5970 3210 6740 4310 3570 1540 3090 3470 3560 5330 5920 4920 4420 1170 5740 3670 6890 4670 6630 6810 6540 5490 2170 2910 4560 6340 3610 4540 7320 5090 5340 5120 3310 4850 370 6420 6590 3870 7700 7890 3080 6630 5150 2480 1090 4520 5180 2690 7050 6810 2880 1850 3640 6340 4580 1510 6800 7140 2540 5960 
3718 6391 6864 5632 2354 4147 2783 3234 1650 8030 5995 4917 5676 8800 5786 6864 4631 5555 3355 3267 3707 3135 7359 4554 8239 3058 7469 4213 6435 5489 4180 682 1793 4488 4235 7766 2695 2805 3608 6149 3773 1672 3861 1705 1331 4499 7216 4246 2376 3432 5313 946 836 5016 6468 7557 2530 8976 6941 4873 4642 2123 4983 7722 5918 4279 3443 121 7029 5764 6457 6776 1485 1287 4774 5203 4433 2948 8063 7645 6611 2772 5456 3245 6270 2343 1507 5742 2838 2893 5962 5247 7568 4015 6127 6270 6941 6105 4785 1474 
3536 8684 9295 4706 8814 3549 3055 8190 7995 10595 5187 416 4758 6019 2236 9594 3471 6006 4563 2392 3133 2886 9984 715 5317 2691 5915 1196 3497 624 2418 5265 7488 2964 7540 8437 8398 6695 3016 5343 7878 4160 8866 5681 4641 2171 4186 4667 4732 7059 7852 6383 5785 1716 7631 4940 8983 6214 8788 8983 8632 7228 2639 3913 6110 8372 4836 5915 9685 6799 7124 6851 4329 6357 403 8502 8684 5161 10192 10426 4186 8697 6864 3133 1378 5980 6799 3692 9204 8918 3926 2223 4901 8359 6149 2106 9022 9438 3133 7761 
1749 3586 4070 319 7139 6182 4697 4972 6589 5082 682 3597 363 3850 2508 4378 1078 1199 1991 3102 5610 2750 4631 4037 3421 4565 2156 3300 2112 4433 5335 5016 5379 1518 3520 3245 5709 3740 2123 847 4213 4730 5291 3861 4983 2156 2640 1133 2959 3597 3190 6149 4587 2508 2541 2629 7062 4004 3553 4719 4455 4785 5918 3718 1221 4400 1980 5302 4433 1892 2090 1914 4147 4620 3960 3949 4664 2563 4708 5005 1815 6072 2090 5258 4510 3531 4840 1188 6908 6281 1210 5698 2673 4576 1265 3201 3773 4521 6182 6578 
2210 3390 3830 3360 3520 5200 3620 1640 3110 4900 3580 4420 3390 6550 4460 3850 2890 2890 1420 2910 4670 2490 4290 4400 6130 3720 4980 3780 4670 5170 4820 2520 1860 3000 1510 4720 2130 450 2470 3700 1410 2920 2120 890 2890 3370 5300 2040 1080 850 2410 3290 1660 3940 3510 5420 3400 6700 3890 2390 2130 1280 5560 6080 3240 1850 1320 2470 3990 2920 3570 3970 2200 1370 4500 2410 2070 830 4900 4570 4600 2450 2600 4220 5670 290 1430 3850 3220 2650 3980 5620 5450 1760 3450 5070 3890 3250 5570 3180 
2760 6700 7170 3620 6860 2790 2430 6360 6230 8160 3980 350 3650 4570 1680 7400 2680 4630 3560 1910 2490 2280 7690 630 4030 2150 4520 980 2650 450 1930 4130 5840 2290 5840 6490 6530 5210 2360 4100 6120 3290 6880 4440 3650 1690 3170 3620 3700 5480 6070 4990 4530 1310 5880 3750 6990 4720 6780 6960 6690 5620 2080 2930 4700 6490 3760 4630 7470 5240 5490 5260 3410 4970 400 6570 6730 4020 7850 8040 3180 6760 5300 2490 980 4660 5300 2820 7160 6930 3000 1740 3720 6480 4730 1550 6950 7290 2470 6050 
6975 9210 9750 9345 885 7785 6105 3945 210 11220 9780 9015 9420 13935 10050 9615 8220 8880 6195 6705 7260 6435 10305 8550 13215 6495 11850 8040 10800 9825 7965 3255 1905 8115 6150 11580 2610 4380 6975 9975 5160 4605 4605 3645 4095 8280 11850 7365 4935 5115 7770 2535 2805 9030 9750 12225 1140 14175 10095 6420 6195 2850 9030 12675 9405 5730 6210 2475 9855 8910 9900 10500 4290 2610 8835 7275 5805 5430 11430 10620 10935 2385 8400 6660 10875 4200 2385 9750 1770 2385 10020 9435 12240 5265 9705 10770 10005 8355 8700 660 
6253 7527 7956 8151 910 7553 5980 2821 1105 9178 8476 8333 8203 12233 9061 7800 7306 7566 5460 6279 7072 5967 8385 7982 11635 6305 10283 7475 9594 9087 7631 3497 1404 7293 4901 9750 1573 3549 6344 8632 3965 4667 3276 3289 4264 7527 10478 6422 4459 4095 6318 3081 2808 8203 8151 10751 598 12428 8333 4927 4784 2184 8580 11297 8021 4394 5434 2834 8008 7501 8359 8944 4264 2392 8229 5785 4407 4732 9412 8632 9646 1261 7033 6526 9971 3588 2067 8619 663 1196 8840 8905 10777 3965 8294 9724 8216 6656 8333 1495 
4746 6034 6566 6566 3122 7602 5544 1484 2716 7966 6902 7448 6622 11018 7868 6468 5796 5880 3752 5208 6944 4746 7098 7238 10416 5796 8848 6510 8302 8400 7350 3206 784 5866 3178 8274 1246 1554 4956 7070 2324 4242 2296 1666 3990 6258 9212 4718 2856 2212 4690 3710 1904 7042 6552 9436 2912 11228 6860 3640 3388 98 8414 10220 6370 2926 3682 2758 6678 5824 6748 7364 3430 1106 7448 4284 3066 2940 8120 7420 8274 1638 5320 6300 9226 1680 700 7196 2632 1904 7392 8624 9464 2534 6664 8666 6776 5348 8288 2912 
6510 12194 12866 8330 9716 1792 3528 10402 8848 14336 8876 3766 8386 9730 5810 13118 6846 9548 7378 4676 2212 5320 13608 3080 9002 3304 9786 4004 7168 3024 1750 6090 9058 6272 10416 12334 10192 9058 5880 9058 10472 4872 11214 7602 5236 5460 7868 7868 7000 9660 11102 6692 7196 5194 11298 8694 10052 9940 12460 11830 11452 9100 714 7294 9744 11088 7672 6776 13258 10332 10822 10626 5642 7980 3234 11592 11396 7756 14000 14084 7924 10374 10304 2800 3822 8204 8442 7350 10542 10570 7616 1008 8652 10948 9828 5530 12656 12712 854 8484 
1950 3640 4251 1131 7813 7384 5512 5109 7202 5525 1365 4641 1170 5317 3601 4576 1586 1001 1859 3692 6695 3198 4927 5070 4836 5408 3185 4173 3276 5668 6461 5551 5694 2106 3354 3731 6019 3679 2496 1521 4186 5356 5473 3991 5603 2886 3926 819 3003 3471 3029 6851 4901 3432 2613 3900 7696 5499 3731 4771 4472 4966 7215 5187 1287 4394 1755 5824 4654 1729 2210 2275 4589 4862 5018 3900 4706 2418 5148 5369 2938 6448 1833 6227 5889 3510 5083 2158 7475 6695 2210 7020 3939 4615 1469 4446 3952 4628 7488 7215 
2626 6578 7137 2210 9360 6110 4862 7553 8606 8294 2587 2483 2236 3705 676 7501 1716 3731 3601 3133 5551 3107 7787 3198 3003 4589 3107 2600 858 3263 4992 6201 7540 1586 6201 5798 8177 6006 2548 2704 6877 5447 8073 5590 5863 1521 1755 3055 4420 6071 6045 7540 6162 1235 5278 2340 9386 3913 6487 7683 7358 6994 5421 2444 3679 7215 3757 6734 7553 4563 4680 4225 5096 6474 2990 6890 7527 4368 7800 8229 1404 8567 4797 5317 3120 5499 6825 1001 9386 8814 1170 5031 2327 7345 3640 1456 6760 7644 5863 8489 
539 4939 5478 2519 5511 4070 2464 4312 4873 6644 2948 2354 2574 5434 2541 5676 1331 3036 1199 957 3476 506 6061 2442 4873 2376 4257 1705 3069 3212 3355 2915 4026 1111 3707 5357 4653 3014 242 3113 3982 2475 4851 2376 2761 1254 3839 1595 1419 3278 4103 4059 2805 1859 4345 4191 5544 5610 5192 4917 4620 3641 4070 4433 3278 4389 1430 3322 5775 3564 4059 4092 1991 3091 2508 4554 4664 1672 6413 6424 3256 4961 3487 3069 3718 2453 3421 2398 5577 5159 2629 3993 4202 4389 3410 3135 5335 5390 4224 4774 
2816 7271 7799 4136 6820 2431 1881 6479 6116 8932 4565 726 4191 5665 2365 8019 2970 5115 3608 1573 2013 2046 8382 99 5060 1562 5379 748 3421 1023 1474 3795 5775 2530 6105 7293 6567 5258 2321 4708 6314 2838 7073 4312 3245 1881 4070 3850 3575 5621 6490 4708 4312 1727 6490 4675 6974 5841 7425 7293 6996 5599 1881 3960 5247 6743 3839 4356 8118 5742 6105 5940 3047 4829 352 6963 7007 4026 8635 8756 3949 6809 5753 1958 1826 4620 5203 3399 7194 6985 3630 1661 4653 6710 5313 2398 7601 7799 2211 5907 
4710 8145 8715 3225 12555 8610 7380 10185 11700 9840 3360 4320 3210 2475 2085 9195 3525 4965 5715 5430 8025 5400 9405 5205 1665 7035 2775 4680 870 4920 7305 8970 10365 3555 8355 6540 11025 8415 4725 3360 9255 8100 10710 8145 8580 3570 255 4845 6795 8370 7845 10515 8865 3120 6450 1155 12555 2715 7830 9990 9645 9675 7620 1575 4710 9555 5835 9570 9210 5865 5670 4920 7695 9180 4905 8925 9915 6600 9150 9885 1140 11490 6270 7815 4335 7935 9570 2070 12510 11775 1920 7080 1095 9765 4545 2250 8190 9615 8205 11580 
2101 4532 4983 814 7810 5973 4697 5874 7216 5929 1078 3069 825 3036 1672 5313 1188 2134 2673 3102 5445 2893 5522 3619 2541 4499 1815 2970 1111 3817 5060 5423 6127 1430 4499 3806 6534 4598 2277 1177 5170 4950 6237 4532 5258 1837 1661 1958 3564 4532 4191 6567 5159 1936 3377 1782 7777 3212 4411 5709 5456 5577 5522 2717 2035 5379 2739 5786 5346 2816 2860 2475 4499 5302 3476 4950 5654 3311 5500 5896 869 6897 3069 5170 3751 4301 5555 264 7678 7106 198 5236 1804 5544 1980 2310 4653 5511 5863 7172 
3905 1980 2332 4136 5170 7865 6116 2024 4961 3410 4158 6556 4147 7546 6138 2222 4290 2992 3036 5104 7282 4598 2728 6688 7216 6193 5511 5940 5984 7436 7370 4917 3443 4598 539 4081 3091 1892 4345 4213 1045 5390 1903 3135 5357 5181 6523 3124 3245 1276 1067 5632 3905 5775 2794 6424 4895 7678 2684 836 616 2772 8162 7601 3322 759 2805 4774 2398 2552 3168 3817 4609 3421 6743 506 924 2640 3564 2981 5687 3443 2123 6787 7832 2486 3289 5038 4433 3597 5093 8173 6468 1111 3542 6853 2563 1397 8228 5148 
5688 840 276 4716 8460 10608 8736 5016 8220 1032 4440 8412 4692 7560 7356 528 5592 3312 5016 7272 9948 6744 432 8760 7416 8736 5280 7920 6744 9360 9876 7896 6564 6060 3192 2496 6180 4728 6228 4404 3960 8196 4752 5952 8256 6792 7032 4536 5700 4056 1980 8808 6864 7296 1932 6648 8148 7644 840 3216 3240 5820 10656 8352 3360 3576 4776 7836 396 2544 2544 3216 7344 6420 8736 2280 3624 4932 1068 840 6192 6540 2460 9456 9540 5232 6348 5856 7632 6708 5784 10536 6708 3972 3456 8100 528 1656 10836 8412 
4092 5302 5632 2332 9757 7634 6556 7590 9185 6270 2145 4532 2288 1287 2871 6017 3179 3256 4598 5005 7172 4862 6072 5159 1111 6336 847 4675 1804 5060 6688 7414 8019 3388 5995 3685 8360 6380 4268 2046 6765 6908 7865 6468 7238 3663 1309 3784 5522 6204 5346 8558 7139 3520 3982 649 9691 1419 4917 7095 6875 7436 6996 2365 2948 6875 4609 7777 5995 3784 3410 2739 6479 7238 4961 6193 7128 5203 5720 6402 1298 8723 4169 6963 4664 6182 7469 2101 9559 8932 1859 6622 704 7106 2750 3124 5203 6523 7403 9141 
3402 9086 9758 5236 8302 2954 2044 7924 7420 11214 5796 1176 5292 7406 3164 10024 3710 6398 4354 1708 2366 2338 10500 490 6636 1652 6916 882 4494 1680 1764 4452 7000 3136 7504 9212 8022 6384 2772 5978 7742 3248 8680 5152 3752 2366 5348 4732 4242 6874 8050 5628 5124 2282 8148 6104 8512 7630 9324 9016 8624 6790 2450 5306 6608 8302 4648 5180 10150 7182 7686 7518 3514 5796 798 8624 8638 4858 10864 10976 5124 8316 7168 2226 2688 5572 6272 4368 8792 8540 4662 2254 6076 8246 6692 3304 9520 9702 2800 7154 
4246 7887 8393 6248 3872 2398 1738 5159 3212 9592 6677 4268 6303 8888 5599 8459 5049 6567 4301 3113 2123 3289 8932 3718 8294 2046 7975 3718 6479 4543 2750 1496 3751 4741 5896 8888 4653 4521 3916 6842 5588 1265 5797 3267 1089 4477 7238 5115 3465 5126 6842 1485 2552 4796 7700 7722 4158 9064 8349 6699 6446 4037 3432 7436 6875 6094 4477 1837 8602 6930 7557 7733 1958 3146 3971 6886 6281 4158 9526 9251 6831 4708 6710 1793 5401 3916 3432 6028 4620 4807 6270 3817 7722 5863 7040 5885 8393 7810 3113 2915 
5796 448 770 5026 8778 11424 9226 4774 8484 2254 4816 9072 5012 8792 8022 840 5838 3346 4928 7602 10668 6972 1400 9422 8526 9240 6104 8428 7462 10192 10626 8134 6552 6356 2618 3374 6132 4410 6426 4816 3528 8526 4522 5852 8582 7196 7924 4494 5628 3626 1246 9184 6916 7840 2114 7588 8428 8918 1344 2772 2758 5684 11564 9436 3556 3108 4620 8050 994 2478 2814 3696 7518 6384 9422 1582 3206 4746 2338 1834 6888 6566 2184 10066 10486 5012 6300 6342 7840 6762 6300 11466 7644 3570 3738 8918 1092 1204 11746 8708 
4160 7228 7787 6383 2860 5031 3328 3562 2041 9178 6812 5733 6448 10179 6682 7800 5239 6266 3692 3731 4485 3536 8372 5343 9529 3640 8567 4888 7410 6448 5005 884 1924 5096 4693 8866 2990 3003 4069 6994 4160 2028 4316 1690 1664 5148 8320 4732 2535 3744 5954 1443 676 5772 7319 8710 3016 10387 7878 5460 5174 2236 5967 8957 6695 4758 3783 403 7982 6500 7319 7709 1638 1222 5590 5837 4953 3185 9204 8723 7592 3120 6123 3913 7345 2444 1521 6565 3315 3276 6812 6253 8723 4459 6942 7280 7878 6903 5759 1872 
1380 6252 6840 3144 6540 3768 2256 5568 5808 8088 3636 1656 3204 5760 2268 7068 1776 4008 2244 552 3156 708 7464 1728 5124 2052 4848 912 3132 2568 2880 3444 5088 1344 4980 6480 5844 4188 840 3804 5268 2676 6192 3336 3072 936 3972 2532 2376 4512 5376 4644 3612 1416 5484 4476 6624 5952 6468 6300 5976 4752 3588 4368 4212 5724 2496 3972 7176 4644 5112 5040 2436 4044 1800 5904 6024 2760 7800 7872 3504 6156 4620 2796 3168 3528 4428 2664 6744 6372 2928 3468 4476 5712 4320 2796 6636 6804 3828 5652 
4488 4675 4928 2508 9900 8437 7216 7469 9383 5423 2145 5401 2453 2057 3773 5313 3630 2992 4796 5621 7931 5379 5302 6006 2112 7018 704 5434 2717 6006 7513 7810 8107 3938 5731 2783 8327 6358 4752 2002 6567 7425 7656 6655 7722 4345 2365 3916 5764 6083 4917 8943 7403 4323 3344 1727 9801 2112 4180 6721 6534 7480 7887 3443 2629 6600 4763 8118 5269 3355 2827 2134 6919 7414 5830 5753 6820 5335 4840 5599 2112 8701 3784 7678 5687 6270 7601 2706 9603 8910 2464 7546 1782 6864 2398 4125 4466 5951 8261 9383 
204 4896 5484 2040 6480 5076 3372 4800 5808 6720 2508 2796 2100 5364 2508 5724 792 2664 1164 1668 4440 1236 6108 3048 4776 3264 3960 2208 2868 3756 4236 3816 4740 756 3840 5172 5328 3360 564 2688 4284 3396 5340 2952 3696 1272 3684 1164 1872 3528 4068 5064 3552 1944 4128 3996 6480 5556 5100 5196 4872 4236 4956 4476 2904 4680 1368 4212 5820 3288 3780 3780 2820 3768 3060 4668 4980 1848 6432 6516 2964 5688 3252 4020 4152 2856 4092 2016 6444 5916 2244 4824 4008 4728 3036 3240 5280 5532 5184 5736 
2772 3080 3738 1848 8372 8638 6552 5138 7784 5124 1862 5824 1862 6202 4704 4088 2548 602 2338 4662 7882 4088 4466 6258 5754 6482 3710 5278 4270 6930 7686 6300 6048 3080 3038 3472 6244 3752 3388 1960 4032 6244 5432 4396 6454 3934 4886 1414 3514 3374 2478 7644 5446 4536 2072 4746 8190 6384 3206 4494 4186 5194 8540 6300 1092 4172 2142 6510 4172 1078 1792 2128 5348 5278 6216 3458 4494 2730 4760 4942 3822 6720 1134 7350 7182 3752 5446 3094 7882 6972 3108 8358 4802 4452 1372 5614 3430 4172 8806 7840 
5700 8310 8820 3750 13530 9780 8550 10935 12705 9765 3690 5490 3720 1305 3270 9330 4455 5310 6585 6585 9210 6510 9435 6375 540 8205 2385 5865 1965 6030 8475 10065 11280 4575 8925 6300 11865 9210 5775 3630 9900 9240 11385 9090 9720 4710 930 5610 7740 9075 8220 11610 9885 4290 6540 600 13515 1560 7860 10500 10170 10545 8760 1950 4965 10140 6675 10635 9315 6120 5760 4890 8790 10125 6075 9345 10485 7455 9030 9915 1740 12345 6615 9000 5355 8805 10500 2925 13410 12630 2685 8205 525 10395 4725 3345 8250 9900 9360 12615 
2220 3552 4068 504 7896 7128 5484 5376 7320 5148 576 4344 504 4260 3120 4416 1584 936 2340 3756 6504 3348 4668 4812 3852 5352 2244 4008 2592 5244 6228 5724 5940 2064 3672 3132 6240 4080 2664 720 4488 5460 5688 4344 5724 2760 3084 1380 3408 3864 3192 6936 5184 3144 2364 2988 7788 4428 3480 4944 4680 5268 6864 4320 924 4644 2280 6000 4464 1692 1860 1680 4788 5172 4728 4056 4932 2904 4728 5076 2172 6636 1956 6120 5328 3924 5376 1620 7584 6864 1596 6636 3036 4872 972 3864 3732 4632 7152 7332 
4323 6644 7018 3146 10065 6897 6138 8327 9438 7755 3179 3762 3135 1221 2233 7392 3454 4367 5060 4774 6512 4796 7502 4411 671 5863 2365 4136 1496 4059 5940 7414 8470 3465 6941 5236 8954 7040 4312 3157 7623 6732 8690 6842 7095 3432 781 4411 5841 6985 6501 8536 7359 3036 5346 1012 10076 1375 6336 8129 7876 7964 6083 825 4147 7821 5148 7865 7381 4994 4774 4169 6479 7590 4180 7315 8085 5709 7227 7843 1606 9295 5324 6413 3476 6688 7887 2376 10043 9504 2244 5643 957 7997 3993 2112 6611 7766 6534 9339 
140 137 411 419 110 112 446 323 194 356 325 309 202 184 454 428 257 402 272 253 232 105 233 306 285 178 125 292 101 188 136 506 325 91 423 295 341 211 307 443 253 238 102 309 434 391 330 372 90 237 238 241 404 485 83 392 323 263 461 321 313 306 408 146 78 320 257 151 104 439 193 132 418 352 480 418 361 358 435 191 266 86 314 270 213 215 292 301 322 281 410 299 313 576 357 177 382 450 420 33 526 354 417 291 310 379 370 252 298 316 351 228 261 175 307 445 191 143 448 463 205 398 276 216 349 357 321 359 369 336 309 387 330 321 424 203 227 341 63 290 386 142 499 143 391 102 473 365 569 314 243 201 97 576 290 353 409 387 374 266 402 305 250 349 356 519 381 439 354 379 429 107 362 347 315 27 85 353 271 349 427 345 273 429 499 388 310 373 320 367 313 296 232 493 284 422 519 315 384 275 307 223 148 580 422 328 270 486 311 446 431 337 96 240 414 404 478 308 472 388 481 437 322 281 263 149 273 451 395 356 365 254 379 564 465 124 398 311 138 376 315 350 136 245 404 113 230 366 444 246 
472 349 817 73 305 409 579 242 216 652 197 497 482 578 626 582 615 303 553 196 512 476 264 641 613 307 422 212 342 262 541 657 683 357 572 690 692 573 380 468 495 173 399 476 29 94 662 774 446 620 634 515 798 888 332 421 658 298 866 491 202 398 815 352 413 325 596 543 312 173 436 423 495 502 97 650 765 764 76 574 253 382 446 567 582 596 114 485 710 594 131 360 581 173 374 417 450 539 144 438 133 661 338 674 468 473 684 155 619 513 727 479 492 506 695 292 217 485 132 79 611 413 593 378 490 579 139 753 173 471 619 97 571 444 219 609 315 554 450 661 791 530 618 299 681 447 875 602 634 596 201 250 365 171 561 753 46 527 762 602 178 343 168 163 60 621 418 582 649 583 23 393 275 293 141 411 355 523 676 474 521 123 460 632 668 788 669 345 722 773 719 556 282 528 557 828 633 721 288 518 311 216 324 654 489 690 428 95 352 413 405 632 357 599 820 612 641 494 657 791 93 145 724 277 438 455 137 91 172 615 764 266 582 621 108 290 263 355 487 273 161 725 509 228 589 458 213 768 81 639 
520 394 866 88 353 457 614 270 264 693 233 539 524 627 664 613 663 329 598 241 554 523 308 688 656 350 470 246 391 306 590 685 730 405 609 738 736 621 412 498 535 220 445 517 19 113 705 823 493 669 682 561 847 937 381 445 701 339 915 525 240 431 863 399 459 361 644 590 360 185 483 470 521 535 75 685 813 813 82 623 295 429 480 613 631 642 162 527 759 637 150 399 621 125 409 459 477 564 160 487 90 706 364 721 502 509 730 203 666 549 775 524 536 550 742 312 265 530 128 53 659 445 636 422 529 615 174 800 195 504 661 117 609 477 238 658 359 590 499 709 839 578 652 344 725 493 924 639 662 637 247 297 412 122 601 802 70 557 811 646 200 375 216 197 106 653 452 611 695 624 26 441 298 319 177 460 402 557 725 506 547 160 503 672 697 835 717 377 771 822 767 601 321 557 602 877 666 769 308 562 348 263 369 683 515 738 464 67 383 440 432 677 405 647 868 652 671 536 688 839 68 146 772 311 481 503 186 89 196 654 813 303 616 649 91 338 288 393 535 302 195 773 558 273 622 507 260 816 81 687 
320 45 533 381 111 277 599 161 148 315 356 468 144 354 617 292 438 468 450 278 174 179 304 488 276 33 294 149 225 80 272 374 505 227 580 457 357 393 127 562 160 176 97 461 362 283 325 519 150 411 332 417 563 624 188 213 321 352 591 182 347 131 536 277 125 413 440 247 110 441 354 299 251 207 431 327 471 486 395 367 330 100 155 450 393 282 231 457 489 257 400 411 246 484 462 79 210 289 414 208 427 537 494 356 163 515 552 199 481 194 524 396 427 177 380 496 151 166 326 368 347 509 256 350 497 256 209 441 230 181 281 279 241 159 450 346 328 232 245 467 499 234 652 71 572 143 616 275 710 259 269 259 86 491 224 506 361 241 540 267 415 122 246 361 311 667 498 299 536 546 359 266 189 170 205 208 99 219 408 192 266 337 428 598 375 481 490 463 469 495 435 471 67 620 461 555 670 440 209 446 395 256 41 724 253 507 116 432 128 545 530 518 233 422 540 574 350 466 355 492 429 309 473 110 411 324 245 412 406 283 518 92 266 702 356 190 448 418 321 435 193 524 318 294 282 294 264 468 404 413 
396 639 687 595 567 411 78 753 579 858 451 213 724 483 84 951 397 360 283 477 753 613 412 350 780 657 397 708 452 634 565 1029 401 452 99 512 806 407 804 190 776 597 623 216 669 710 815 593 610 456 654 296 558 675 489 887 807 364 690 842 447 809 670 401 601 324 362 616 568 516 330 390 929 872 642 937 689 646 606 453 407 602 828 301 421 675 603 222 493 786 536 296 830 787 273 697 888 965 530 519 772 297 329 721 828 178 312 587 326 839 460 297 263 688 721 397 574 657 769 726 562 237 780 328 181 879 681 740 748 853 811 709 851 834 459 561 367 864 479 430 695 616 30 611 268 622 653 884 92 827 478 451 606 774 808 565 612 907 514 759 487 789 521 485 591 37 230 961 278 158 660 418 802 800 676 495 587 875 587 865 942 525 251 129 1022 739 401 305 567 650 640 252 695 147 269 664 19 635 825 255 339 475 636 85 931 413 785 656 797 259 260 279 446 399 677 145 1001 214 994 717 650 773 563 737 266 378 553 608 489 871 568 706 901 101 755 493 400 297 409 381 693 455 439 442 927 421 472 709 610 489 
349 535 148 811 529 409 531 734 611 507 682 447 496 236 487 696 219 700 337 632 499 400 580 234 441 585 398 708 472 605 304 749 176 457 506 124 406 250 676 632 542 655 479 469 843 810 442 71 426 195 281 358 15 106 482 751 436 578 125 627 670 666 127 473 451 606 252 338 523 800 414 400 743 657 875 617 192 141 828 239 608 480 648 313 237 340 705 451 106 465 785 563 531 987 607 526 725 758 791 386 940 274 696 315 629 550 257 666 262 604 113 391 404 437 296 752 608 427 867 878 230 622 458 485 499 599 740 268 787 658 475 806 568 658 766 231 541 600 365 169 179 350 567 559 301 435 84 586 658 515 624 573 497 985 522 72 808 684 60 425 760 689 647 716 758 593 600 712 294 430 836 424 766 747 734 406 495 643 175 672 739 728 451 441 729 238 182 643 109 137 180 359 639 646 345 111 580 172 786 387 604 605 554 654 752 163 611 883 691 678 666 297 457 231 133 430 719 449 696 206 878 857 105 685 464 371 676 841 755 557 60 663 627 662 883 524 717 577 331 690 734 118 304 609 657 357 610 215 837 175 
190 402 229 653 383 251 411 596 461 458 523 306 395 92 379 618 71 544 197 473 408 283 421 115 382 449 239 567 315 463 188 682 82 301 384 50 377 91 558 492 447 504 350 325 687 659 400 143 303 38 222 209 143 251 329 640 393 419 248 531 511 552 214 314 322 451 108 237 378 641 257 241 645 564 717 560 224 183 670 84 449 346 543 174 78 267 551 308 53 399 626 409 461 831 456 410 619 666 632 243 786 176 543 283 529 410 173 513 137 514 77 239 256 339 274 597 457 320 718 724 133 475 392 328 360 525 592 281 643 558 417 655 493 553 607 133 383 520 215 37 232 245 454 417 216 314 233 519 544 449 466 415 362 828 445 114 650 594 104 362 601 565 490 557 601 480 453 632 192 310 680 266 633 616 586 257 356 554 128 572 645 570 302 335 666 275 72 490 105 188 177 224 503 515 208 214 470 172 655 244 447 447 418 545 652 75 502 725 569 532 519 186 300 77 221 318 652 307 634 252 719 709 102 552 313 212 520 683 596 494 123 526 552 546 731 369 560 423 172 533 588 78 148 450 583 199 452 245 678 39 
324 453 712 308 373 291 226 508 347 739 171 205 574 455 283 772 424 75 308 220 607 491 176 415 670 451 290 463 285 415 489 854 472 294 228 539 723 402 593 103 617 350 461 180 384 436 715 635 473 464 597 285 628 742 315 668 708 129 739 662 170 603 700 238 451 67 390 526 377 230 241 284 724 687 354 790 685 659 319 433 153 438 635 332 418 592 339 197 540 666 249 89 690 500 35 527 679 765 243 399 485 402 55 660 643 127 426 334 387 668 532 252 239 559 670 123 342 526 491 442 525 50 661 179 166 722 421 711 486 662 693 435 700 638 174 524 159 702 375 474 703 519 257 409 403 483 723 735 269 694 225 221 433 486 667 606 326 721 583 651 199 569 265 201 311 258 61 779 384 268 375 287 557 561 416 365 412 698 577 672 742 243 192 304 854 727 463 19 590 667 632 293 474 164 304 704 271 630 578 259 84 231 441 289 723 483 597 368 578 65 50 371 288 415 707 291 829 202 831 715 362 498 589 507 179 298 290 320 202 732 615 478 738 257 473 294 114 75 345 94 437 528 382 192 759 335 225 699 323 495 
336 588 624 577 518 356 50 712 537 797 428 160 667 420 22 895 333 352 220 444 695 555 377 287 719 609 342 668 403 589 503 973 338 401 53 448 744 343 755 193 720 559 568 168 648 681 753 531 552 392 591 235 497 615 439 839 746 332 628 788 423 759 607 352 546 300 298 555 518 506 275 335 878 819 628 878 625 582 590 389 376 549 776 237 357 613 570 170 430 725 521 266 771 773 255 643 838 913 517 461 752 235 325 658 775 153 252 551 263 784 399 239 206 630 657 394 532 598 741 704 498 228 719 283 139 822 647 676 713 800 751 679 793 783 451 498 329 807 421 367 632 555 58 563 208 565 593 826 149 767 445 412 553 760 750 502 592 853 452 698 474 742 488 464 567 84 215 906 215 95 639 365 761 757 641 439 534 821 523 813 890 502 200 68 966 675 338 292 504 587 576 189 649 168 206 602 71 571 784 195 314 440 586 145 880 351 733 642 750 263 260 216 395 335 614 81 945 162 937 653 636 744 500 693 218 320 521 593 475 812 506 662 844 154 731 447 390 270 349 368 657 394 378 410 871 362 437 645 595 426 
629 487 969 184 455 566 712 335 366 774 335 644 611 735 764 671 772 418 706 350 639 622 416 797 744 440 579 323 499 399 693 737 839 514 709 846 825 730 477 589 615 321 541 622 128 184 792 930 591 777 782 669 955 1043 488 494 788 445 1020 594 343 496 968 508 558 461 753 690 461 263 591 579 571 598 135 754 915 917 170 731 401 527 546 722 739 739 266 632 867 723 239 501 700 17 506 547 530 612 246 592 44 815 451 817 571 607 838 306 775 620 884 633 644 643 839 391 368 625 157 99 764 539 722 530 631 686 258 899 253 568 745 188 684 542 320 763 467 661 606 818 942 678 746 441 833 591 1030 711 749 717 356 406 509 28 682 909 174 617 919 735 289 440 325 297 215 746 547 666 803 728 135 550 350 374 262 566 501 622 830 568 598 265 609 774 752 935 826 471 877 926 871 708 404 645 710 982 760 873 353 670 450 372 463 770 563 847 538 121 447 526 521 785 514 756 973 756 726 641 747 941 127 179 879 383 587 612 294 168 286 729 920 382 683 736 117 446 377 494 644 394 275 882 666 381 685 615 369 917 165 795 
357 84 571 370 138 311 627 123 152 333 361 497 171 394 647 284 477 478 485 285 197 218 320 527 303 48 328 118 254 81 312 364 545 258 608 498 385 432 99 582 175 170 137 489 342 257 350 559 190 451 370 451 603 663 218 182 347 369 630 179 353 107 575 304 165 429 478 286 138 437 386 333 229 198 416 333 509 525 383 407 343 140 142 486 432 318 221 487 530 281 394 431 261 458 480 109 185 269 409 247 400 574 506 391 157 539 590 193 518 196 564 429 459 211 415 502 156 203 295 342 387 527 281 376 524 261 185 476 197 169 303 252 251 144 451 386 349 236 284 507 537 273 678 94 609 183 656 283 733 277 277 274 125 466 242 546 348 229 580 296 414 86 249 362 300 693 517 288 573 578 340 298 149 130 182 245 136 214 448 178 246 333 457 630 369 517 530 478 509 534 474 505 38 640 496 594 697 478 169 478 411 267 74 748 229 547 112 415 93 560 546 555 263 461 579 605 343 495 352 529 412 277 513 71 439 359 243 400 405 295 558 59 267 725 327 213 455 437 358 444 166 565 357 305 280 330 274 505 391 453 
285 300 204 657 330 311 596 493 419 231 565 467 219 177 579 410 276 632 378 494 217 160 470 335 158 351 312 479 336 385 113 465 311 323 569 204 149 255 407 637 260 462 243 477 663 604 171 217 191 217 7 369 277 303 324 475 163 492 265 343 553 394 210 369 224 544 305 93 323 680 369 319 460 373 717 337 139 163 673 208 503 255 369 361 242 56 521 463 241 179 651 513 246 800 570 264 446 472 661 214 746 398 643 61 348 561 399 480 348 319 289 380 410 164 68 678 418 166 653 684 101 603 173 423 518 313 529 118 560 376 193 599 282 380 664 101 453 314 228 266 168 105 645 341 440 193 300 301 730 230 484 441 273 803 236 216 644 398 275 140 643 427 489 590 591 669 584 426 410 503 659 317 516 493 524 248 281 357 115 390 454 585 444 540 447 152 300 594 180 171 112 408 399 676 392 231 663 119 533 411 533 464 324 735 469 304 336 722 427 658 642 400 327 269 213 519 436 467 414 160 717 638 186 440 444 310 509 689 636 274 226 424 341 728 679 365 633 527 265 609 517 292 229 485 371 269 472 136 682 191 
325 50 537 381 115 282 604 157 149 316 358 472 146 359 622 290 443 470 455 280 175 183 307 493 278 34 298 146 229 80 276 371 510 231 584 462 360 398 123 565 160 176 102 465 360 281 327 524 154 416 336 421 568 628 192 208 323 355 595 180 349 126 540 281 130 416 445 251 114 442 359 304 247 204 431 326 475 490 395 372 333 105 151 455 398 285 231 462 494 258 400 414 246 482 466 81 205 286 415 213 424 542 497 359 160 519 557 199 486 192 529 401 432 180 383 498 152 169 323 366 351 512 257 354 501 255 207 444 226 178 282 276 240 156 451 350 332 231 250 472 503 238 656 74 577 148 620 274 714 260 271 262 91 488 225 510 361 238 545 270 416 117 247 363 311 671 501 296 541 551 358 270 185 166 203 213 103 216 413 189 262 337 432 603 373 485 495 466 474 499 439 476 64 623 466 559 675 444 205 450 398 258 45 727 249 512 114 431 123 548 533 523 237 427 544 578 348 470 353 496 428 306 477 105 416 329 246 412 407 283 522 89 265 706 353 193 450 422 326 437 190 529 323 296 281 298 266 472 403 418 
601 352 630 661 431 575 909 357 462 243 671 773 270 575 918 39 678 788 731 596 250 389 626 738 295 351 590 388 538 391 472 58 734 536 887 645 351 640 222 883 216 477 363 770 613 513 306 665 383 631 454 704 726 737 502 185 310 674 693 144 664 207 643 591 386 735 694 420 428 740 656 596 108 115 695 141 563 604 671 600 652 383 168 725 634 397 519 764 683 270 695 732 203 693 785 288 149 71 710 474 635 796 815 425 160 832 806 499 739 149 729 693 726 321 448 812 466 346 522 593 526 831 276 666 809 136 460 498 432 140 263 509 167 165 759 526 650 137 515 689 589 413 962 393 837 370 739 151 1026 221 588 581 381 707 213 665 635 81 722 309 720 256 559 670 595 980 819 25 801 843 615 568 330 308 460 492 401 111 563 132 81 638 735 893 74 542 721 785 629 611 557 757 339 940 745 666 981 564 326 740 718 576 362 1039 117 731 206 691 247 868 853 786 542 665 644 868 51 771 81 569 690 500 635 325 722 613 549 687 712 183 676 345 108 1019 564 511 765 740 593 754 437 731 575 615 78 573 584 548 678 617 
334 205 350 590 266 331 657 372 346 131 531 520 81 277 653 264 382 622 455 453 68 120 450 443 62 249 340 369 324 292 175 327 433 315 632 341 137 348 266 667 110 384 163 524 580 505 111 367 136 331 155 435 426 452 298 328 105 485 412 192 520 251 359 372 162 544 403 121 260 634 407 347 309 222 645 211 282 313 605 305 482 185 221 444 340 96 443 513 379 56 598 525 106 706 583 142 296 322 611 217 648 504 640 148 199 600 511 406 449 168 425 434 467 53 173 661 347 83 546 589 223 623 51 441 566 170 431 234 448 226 84 500 138 231 631 222 451 166 252 388 311 117 710 258 546 127 450 165 786 98 443 411 197 712 90 365 573 248 419 47 602 291 434 547 521 731 606 279 512 576 577 330 386 362 426 247 215 207 261 239 303 532 489 621 312 278 420 597 328 321 263 484 287 715 469 380 728 269 401 475 530 425 230 794 318 429 192 647 290 672 656 498 321 371 361 598 297 519 280 297 643 528 333 319 482 353 445 622 594 144 376 310 197 781 577 329 613 537 320 593 414 427 294 455 228 309 433 273 614 315 
530 421 885 76 375 468 605 305 287 724 228 537 553 642 657 648 673 313 602 248 583 547 311 695 685 378 481 280 404 333 610 720 739 419 602 753 763 632 446 484 566 244 470 514 49 149 734 839 517 681 704 566 861 954 397 481 729 338 933 559 236 465 882 408 483 354 652 613 382 163 488 480 557 569 41 718 834 831 64 636 294 453 514 618 642 667 185 525 772 666 134 394 652 120 399 488 512 600 141 506 104 710 347 745 536 500 734 225 672 582 786 528 538 577 766 291 287 556 162 85 678 433 665 425 523 648 207 824 230 538 690 152 641 511 218 677 361 623 515 720 860 601 640 370 727 518 940 671 646 667 255 306 437 112 632 817 69 592 823 674 184 409 229 190 118 641 441 646 698 621 50 453 334 354 209 477 425 591 743 540 583 159 503 667 732 858 726 365 787 841 787 603 353 541 605 895 654 789 344 564 342 272 396 667 550 747 497 31 417 423 417 681 418 657 887 648 706 534 723 860 33 181 788 345 480 512 201 64 181 686 828 335 650 633 123 354 272 387 547 289 229 783 571 277 656 519 268 838 60 702 
223 72 429 430 101 194 528 271 187 292 363 392 125 240 537 345 327 456 354 285 157 74 284 380 230 122 208 249 166 151 159 424 394 160 506 343 299 283 230 516 173 229 19 390 430 369 279 407 43 297 234 325 449 515 134 314 273 322 485 237 352 226 430 217 11 382 333 143 94 468 275 215 335 269 488 342 370 379 446 255 315 20 231 351 282 193 288 383 375 220 433 368 240 565 425 93 301 367 445 99 510 432 476 271 226 456 446 248 376 234 410 311 344 115 292 494 187 86 420 448 235 468 216 291 429 278 295 351 330 253 248 364 253 239 463 233 290 260 140 354 398 130 581 106 470 44 506 288 649 245 275 244 38 568 217 393 415 303 426 214 434 233 269 379 362 600 453 356 434 462 425 187 303 285 289 111 49 270 298 266 343 366 355 512 418 387 379 435 357 388 330 379 175 569 367 447 600 333 323 359 367 257 92 660 340 395 187 491 238 513 497 417 166 312 434 488 396 390 392 394 487 406 360 222 343 232 282 462 427 283 405 200 298 643 444 161 446 379 219 427 283 410 209 287 323 195 265 370 455 299 
339 133 624 263 116 281 563 113 61 435 259 443 263 411 592 390 475 379 455 188 293 270 235 516 394 88 298 72 213 45 350 470 545 222 547 522 474 429 193 499 278 63 187 431 243 173 444 596 239 462 430 418 631 706 183 262 439 285 678 287 252 207 624 252 207 342 468 339 122 329 343 302 323 305 312 441 566 573 276 416 253 176 248 461 434 386 113 432 549 376 286 352 365 371 396 198 277 366 301 259 315 554 410 463 265 467 574 85 502 304 576 389 414 289 485 399 67 271 224 254 424 443 375 315 461 369 99 545 142 275 400 168 358 249 345 423 274 345 285 513 593 327 612 89 585 237 695 390 658 379 181 192 157 375 344 578 242 335 601 384 307 164 147 256 193 624 436 393 549 529 240 266 161 159 93 243 153 322 489 282 344 225 402 582 475 583 530 387 544 582 525 469 75 560 464 640 630 528 185 437 324 175 108 674 321 550 220 312 174 470 456 531 226 458 629 558 449 441 459 590 309 212 546 100 382 333 135 293 298 401 590 72 376 648 248 157 353 356 346 345 89 575 356 214 388 316 181 566 284 473 
133 170 477 351 103 75 390 317 156 434 245 257 272 230 407 486 274 319 249 177 304 188 150 311 366 193 92 278 19 182 211 566 344 17 370 341 424 229 337 369 319 196 161 251 377 351 412 427 168 272 317 213 450 541 24 422 405 180 522 376 233 341 472 71 147 239 263 233 102 361 145 96 460 405 414 489 432 423 368 226 183 139 359 255 237 298 241 247 362 361 335 221 387 521 279 233 420 496 344 106 476 347 335 373 361 312 367 203 296 377 382 189 218 254 387 362 152 222 411 413 271 321 356 146 289 424 288 437 345 384 389 347 400 366 343 269 145 406 104 317 456 224 443 147 379 179 527 435 506 390 167 121 139 519 364 405 345 440 414 347 323 326 183 271 294 460 306 495 343 337 371 60 362 352 282 72 118 410 335 397 473 272 218 389 562 464 329 291 375 432 382 267 238 422 259 484 462 383 385 238 225 148 169 518 462 350 317 421 334 367 351 325 22 258 478 364 539 255 537 461 416 404 376 286 202 126 211 382 316 429 416 255 443 499 422 59 315 232 143 293 288 380 161 165 467 113 154 440 377 290 
125 257 285 543 245 159 439 452 329 355 431 307 258 54 427 487 152 483 225 368 276 140 330 211 276 304 158 425 203 322 59 557 212 189 413 160 300 114 413 478 312 373 204 317 566 527 308 237 158 112 154 212 269 351 205 495 301 345 330 393 419 407 280 223 175 391 169 113 239 550 210 163 504 426 606 445 245 231 560 74 362 200 401 212 107 168 426 303 190 286 526 358 340 709 414 265 476 529 535 102 660 271 490 220 389 401 279 385 215 379 224 221 251 205 226 531 326 181 584 597 80 445 279 268 358 400 457 264 503 418 309 523 369 410 526 79 306 391 88 170 266 116 490 275 312 169 338 398 572 332 359 311 217 708 322 218 536 458 241 255 511 419 375 461 485 513 425 501 278 350 560 169 488 471 450 125 212 419 142 432 507 464 284 391 544 282 197 440 185 240 193 255 359 516 240 292 508 193 509 253 383 340 273 578 511 211 359 613 423 500 485 264 191 138 286 369 527 307 513 274 608 573 187 407 284 150 401 575 505 379 229 382 426 570 601 248 488 372 105 463 450 224 69 352 455 112 346 255 569 113 
295 484 155 757 476 355 494 682 557 477 628 402 451 182 453 659 169 649 291 578 458 351 526 192 407 533 344 656 417 552 255 715 137 402 468 70 380 197 628 587 500 601 428 423 788 756 414 59 377 141 244 309 39 148 428 705 407 525 154 585 616 619 136 419 401 555 204 292 470 747 362 346 701 616 821 586 181 128 774 185 555 428 603 267 184 300 651 405 53 429 731 513 495 932 558 478 681 717 737 332 886 240 646 287 586 506 226 612 220 563 76 341 356 393 270 701 554 381 813 823 182 575 423 433 454 562 687 253 734 615 442 752 531 614 713 183 488 562 311 120 175 303 532 506 272 385 128 551 623 480 570 519 446 930 484 38 753 643 29 390 707 640 593 662 704 558 552 674 259 392 781 369 715 697 681 352 443 602 135 629 698 674 402 407 696 231 139 593 69 128 153 315 587 605 300 127 546 146 736 341 552 551 502 621 709 124 565 829 643 632 619 260 403 179 142 394 685 404 663 201 823 803 63 634 415 318 622 787 702 523 34 611 590 626 829 469 665 527 277 638 681 82 250 555 621 303 556 204 782 120 
95 226 331 498 205 117 417 418 286 369 386 282 250 89 412 483 167 440 214 322 273 132 285 222 291 272 118 388 158 284 82 556 234 143 392 200 325 123 390 445 305 330 179 289 521 485 328 282 140 141 189 193 310 396 160 474 320 302 376 383 374 386 326 179 150 350 175 128 200 504 177 124 490 416 561 451 289 277 515 96 318 171 385 204 122 192 382 277 226 297 481 319 345 665 375 247 459 517 489 64 617 277 449 253 376 371 289 342 219 372 255 195 227 205 262 488 283 176 542 554 125 409 291 229 331 400 416 304 465 404 322 481 370 394 481 124 263 389 42 196 312 127 469 239 316 153 382 401 549 340 313 265 186 663 324 261 491 449 279 270 465 393 329 415 439 492 389 495 280 334 515 125 455 440 410 82 178 412 188 418 495 419 255 379 545 325 219 400 229 286 238 242 325 486 228 337 488 238 477 233 341 294 240 556 495 235 342 568 398 463 448 265 145 151 332 356 527 282 515 319 563 532 231 374 252 117 356 529 459 385 272 348 425 545 558 203 445 333 79 420 411 255 54 307 453 75 300 299 524 150 
570 445 918 122 405 508 651 311 316 741 273 582 574 679 702 653 713 358 645 290 603 576 355 737 706 400 521 291 442 357 642 722 780 457 647 790 786 672 453 529 582 272 496 560 72 153 755 876 545 720 734 609 899 990 433 481 751 383 968 569 281 473 916 449 512 399 693 642 412 205 531 521 557 576 78 729 866 865 109 675 339 481 522 661 682 694 215 570 810 686 179 439 668 76 444 509 515 600 186 540 63 754 391 773 546 545 777 255 714 593 826 571 582 601 794 334 318 582 148 71 712 478 685 469 569 660 221 853 232 545 709 157 655 519 261 711 405 634 551 760 892 630 685 396 771 545 976 684 691 684 296 346 464 70 649 854 112 598 862 696 229 416 267 235 156 686 486 650 741 666 78 492 334 356 225 512 454 599 778 547 584 203 547 712 736 888 767 410 823 874 820 647 369 585 649 929 699 822 341 608 388 312 420 711 550 788 509 64 424 467 461 724 457 698 921 694 710 579 729 892 69 169 825 355 525 553 237 108 226 700 865 349 659 677 106 391 317 432 586 334 241 824 610 320 663 558 309 869 105 739 
272 340 158 678 358 308 567 536 447 288 576 444 274 148 545 469 235 632 347 508 274 197 477 291 217 391 307 519 346 421 122 524 261 331 540 148 198 222 459 621 317 491 282 457 691 638 226 158 228 174 54 344 217 250 340 530 219 493 216 401 563 447 161 371 259 541 267 128 352 693 357 312 517 431 740 396 102 110 695 177 509 290 425 328 207 113 548 441 185 239 667 507 305 830 562 313 502 531 676 228 778 354 639 103 405 543 353 508 308 377 234 360 388 216 94 680 446 213 690 715 71 592 232 417 497 372 565 116 600 433 251 634 341 435 672 72 454 373 231 217 128 141 615 376 395 232 245 361 702 289 499 453 308 832 295 157 668 457 216 200 655 477 509 603 615 640 571 485 368 471 686 317 562 541 559 260 313 416 57 447 512 603 426 504 505 133 252 589 121 119 60 377 442 656 360 180 632 64 581 385 532 479 362 705 526 253 390 745 478 648 633 360 335 230 165 484 495 444 473 129 740 676 126 485 429 298 532 710 648 333 167 467 400 701 713 382 637 521 251 612 554 237 214 496 431 261 486 108 704 144 
550 310 577 639 390 528 862 342 429 194 638 725 218 521 869 16 625 753 680 562 196 337 588 684 241 315 541 368 493 358 418 91 680 490 839 590 301 587 200 841 164 448 316 723 598 500 255 610 332 577 400 654 671 684 458 185 259 634 640 101 630 182 590 546 337 696 641 366 387 714 608 548 116 80 678 102 510 550 650 547 615 337 136 673 580 342 494 716 628 216 670 690 149 687 744 242 144 97 685 423 628 743 779 371 121 787 752 470 686 99 674 644 677 267 395 780 433 293 514 582 471 790 222 621 763 82 441 446 421 110 210 496 112 137 729 471 609 82 465 635 536 359 915 355 784 319 685 99 981 167 553 543 336 699 158 611 615 55 667 255 692 237 527 640 572 933 777 32 749 794 598 520 322 298 440 443 357 65 508 106 92 611 688 843 91 490 666 747 574 557 503 707 310 897 694 613 934 510 321 690 679 541 322 993 127 677 168 675 229 829 813 734 497 612 591 818 65 724 76 517 673 493 580 303 676 563 520 667 683 132 621 319 54 974 555 470 732 699 542 720 419 676 523 579 26 523 548 495 658 563 
197 390 207 656 376 255 436 586 456 432 530 327 374 81 405 595 94 558 219 477 386 265 428 143 355 438 245 558 316 454 169 658 109 301 409 33 349 105 542 512 426 500 336 345 687 655 373 128 287 43 195 228 140 240 327 622 366 429 232 510 518 534 194 319 308 464 131 215 371 649 269 247 625 542 720 535 198 159 673 84 457 334 524 196 89 242 550 327 56 373 631 423 436 831 472 392 601 645 638 234 785 205 557 254 509 430 201 510 163 492 95 255 275 317 246 609 453 300 713 722 108 493 367 339 381 501 587 253 635 538 391 651 469 534 617 108 392 497 210 65 207 224 480 408 245 297 223 494 569 423 469 418 350 829 421 101 652 572 108 336 609 550 491 563 602 505 471 609 220 335 680 269 621 604 580 252 346 532 100 552 625 574 320 362 641 249 100 505 83 165 150 247 492 537 230 196 496 144 642 265 459 450 407 570 632 102 484 728 554 550 536 213 301 97 201 345 628 328 609 227 722 703 81 540 329 220 520 686 604 469 110 516 528 571 728 368 572 437 177 544 581 97 149 455 559 202 455 218 682 20 
485 210 634 469 277 445 766 165 284 311 488 635 211 501 785 178 593 609 616 417 217 309 457 647 315 187 461 197 392 217 406 250 658 394 746 594 396 549 40 720 176 292 247 628 422 322 352 640 289 559 434 583 692 734 355 48 352 507 696 113 482 40 641 443 275 566 599 366 276 550 522 467 93 107 503 264 567 594 479 519 479 259 67 615 547 375 330 625 629 288 505 570 239 509 618 182 47 137 520 366 449 699 639 433 94 678 713 313 642 143 669 564 595 268 458 629 289 277 336 404 476 665 291 516 663 203 268 518 243 79 300 318 210 58 572 475 488 179 406 617 595 354 818 233 736 278 730 229 873 260 410 412 248 521 229 632 443 123 676 318 532 66 377 484 404 833 656 175 699 714 423 433 144 119 268 372 265 132 529 75 116 450 595 766 262 563 643 614 595 602 543 638 158 779 628 662 836 549 145 613 548 401 208 887 91 658 94 499 56 697 682 682 400 578 644 741 235 633 254 582 498 314 599 134 578 490 363 495 524 255 644 158 194 864 377 352 583 576 484 575 245 670 476 440 191 458 408 558 485 555 
218 273 227 608 288 247 530 471 377 279 508 400 224 115 514 438 218 570 313 440 231 132 411 278 201 324 248 452 279 353 52 501 262 264 504 168 210 192 403 571 273 421 215 411 621 569 225 210 161 161 60 303 260 313 271 478 217 430 282 358 496 393 227 308 191 480 244 66 282 625 303 254 474 389 670 379 172 176 625 146 443 221 376 297 180 87 478 396 205 217 598 449 279 760 505 254 453 491 608 158 708 341 579 127 359 495 345 438 289 337 251 314 344 166 133 617 375 155 622 645 49 538 210 359 452 344 495 175 533 388 236 565 312 386 606 48 391 340 166 216 198 78 580 307 383 167 305 337 664 267 430 385 240 762 264 200 598 418 248 181 587 418 439 535 545 604 518 453 352 438 616 254 500 479 490 192 244 377 98 402 471 534 378 477 484 200 249 530 163 185 128 343 376 610 327 244 598 131 519 345 470 411 295 669 482 257 338 675 420 592 577 340 268 209 232 455 470 400 452 199 670 608 167 421 378 243 462 640 580 313 212 401 371 662 644 313 573 463 199 548 485 253 163 429 402 203 418 177 634 141 
387 179 446 556 256 369 703 302 318 142 521 566 54 357 707 180 459 625 515 442 32 171 454 518 124 207 381 308 344 254 254 253 516 338 680 432 207 421 178 694 17 350 163 566 533 448 166 463 169 413 252 490 521 550 311 232 164 496 509 95 511 161 456 396 179 557 475 203 251 613 449 388 212 126 605 165 379 410 569 381 484 187 125 508 415 192 405 558 469 98 573 546 72 648 602 101 199 227 587 260 589 577 648 242 102 635 587 373 521 73 514 482 515 102 268 659 321 127 481 533 312 645 100 469 606 100 377 327 382 129 115 443 75 135 618 311 466 85 301 471 407 195 756 232 618 156 548 110 826 86 432 411 191 656 50 460 535 154 511 126 585 208 415 531 485 776 631 193 583 631 531 364 307 282 373 283 212 113 356 142 208 509 530 679 244 372 502 610 423 418 360 543 229 747 529 478 775 367 319 528 542 417 199 837 221 513 103 605 206 689 673 568 345 446 458 655 224 565 215 392 602 462 428 250 519 401 418 586 577 110 471 249 122 820 516 331 610 556 377 594 357 515 357 452 150 360 425 368 578 401 
354 376 151 737 410 385 653 565 499 242 645 529 281 233 630 442 319 708 432 574 271 239 548 373 186 427 386 554 415 463 190 486 339 402 626 221 137 307 469 705 313 542 321 542 743 681 177 197 270 258 83 429 263 257 405 531 171 569 214 392 633 455 164 446 303 619 352 173 403 760 439 392 506 419 797 353 84 128 754 263 581 334 424 413 292 123 601 526 254 213 731 587 279 879 643 333 498 512 742 293 824 436 718 56 401 627 433 560 391 364 303 445 473 231 31 756 498 239 730 762 155 674 207 497 582 344 607 38 635 427 216 677 316 434 743 156 530 351 304 297 110 185 700 420 476 271 260 328 787 259 564 521 352 882 275 208 725 439 274 176 723 492 570 670 672 725 654 458 450 556 738 393 585 561 602 328 361 399 131 440 497 666 510 588 465 75 331 668 179 133 92 462 473 740 446 187 718 99 601 470 609 545 400 791 516 330 396 802 492 729 714 443 406 315 164 569 458 529 432 93 797 714 185 512 512 379 589 769 716 297 215 498 372 787 756 446 711 601 333 687 594 307 296 565 401 341 552 69 763 226 
305 458 101 758 460 360 538 657 545 421 637 436 411 178 501 609 200 669 326 580 413 320 535 236 354 509 352 635 416 533 227 662 186 401 511 80 322 216 593 622 456 590 401 455 783 743 357 21 348 155 194 338 79 134 422 667 350 539 120 540 625 582 85 426 375 575 237 255 454 756 380 355 657 571 821 531 118 66 775 191 564 404 563 303 201 253 643 437 92 378 737 534 444 926 583 444 640 671 744 318 877 290 669 230 544 540 279 603 262 517 132 367 386 352 211 720 543 344 799 814 151 604 371 450 489 511 672 191 715 572 388 739 481 573 726 153 501 513 304 157 114 267 579 486 326 355 121 499 669 428 572 522 422 925 435 24 752 597 91 338 716 607 590 669 701 605 582 625 308 436 777 373 688 668 666 343 422 556 91 586 652 677 431 456 642 169 184 616 31 67 94 353 562 644 337 85 594 86 707 374 570 552 478 669 665 173 526 829 610 661 648 307 403 206 92 441 632 437 609 140 823 787 31 608 441 330 618 789 711 470 29 587 540 672 817 464 682 549 285 655 664 137 253 561 570 307 558 142 784 124 
162 439 419 564 386 210 220 602 436 599 416 131 488 211 191 720 122 400 36 393 512 370 326 85 520 472 193 563 278 467 303 794 143 269 193 240 537 134 609 312 543 470 404 154 616 617 551 329 375 181 382 74 306 424 309 695 543 303 430 618 406 609 403 244 377 312 86 357 383 526 154 189 720 651 625 688 414 374 580 180 344 389 616 33 147 410 502 137 228 530 522 266 582 757 299 477 685 751 524 286 722 72 389 449 610 231 97 471 57 609 206 110 101 443 447 452 431 414 679 664 288 306 523 212 180 638 564 465 625 637 553 615 608 624 481 288 276 627 245 161 423 359 264 429 94 388 403 639 353 575 388 340 399 750 562 300 569 685 260 499 486 604 425 454 528 289 284 733 60 119 608 225 647 637 558 276 384 648 311 651 728 479 145 150 783 465 138 338 296 379 365 41 521 327 33 401 280 360 670 77 315 375 444 354 725 156 572 636 611 362 351 43 265 123 410 130 765 133 753 443 630 676 292 570 165 160 459 589 484 621 305 540 663 354 681 334 425 279 166 398 567 201 184 361 691 190 376 434 587 214 
270 482 625 439 407 266 92 586 412 727 290 91 580 385 141 799 326 220 200 310 610 477 244 301 652 495 256 541 295 470 447 879 359 297 86 447 690 317 642 96 629 429 472 76 509 545 692 539 468 377 547 191 521 639 332 724 684 197 643 689 285 649 611 242 454 162 289 493 408 371 189 249 770 718 491 796 611 577 452 357 240 451 671 224 333 557 435 91 440 653 384 129 691 635 118 545 727 808 380 380 614 274 198 614 674 18 297 419 272 689 422 173 145 551 619 267 407 518 604 566 462 102 648 168 37 734 514 649 580 697 680 543 708 677 317 461 200 717 345 372 624 490 138 449 267 480 618 742 193 690 311 283 452 623 668 510 453 753 475 631 337 625 354 326 429 150 83 808 254 126 500 270 635 633 509 352 432 724 502 709 784 364 109 159 875 658 353 157 501 583 558 176 531 122 191 611 156 555 658 153 176 308 477 205 771 371 629 505 634 151 143 244 291 321 618 147 852 90 848 640 498 608 498 572 115 247 386 456 338 733 517 541 755 186 593 330 256 132 288 233 526 417 324 275 779 290 304 628 457 411 
209 111 388 465 136 191 524 310 224 276 389 387 124 207 528 355 299 476 339 313 153 36 304 355 207 162 203 290 178 191 120 431 363 169 501 307 270 256 260 523 177 267 54 388 468 409 254 368 10 265 194 312 411 474 152 342 248 339 444 251 378 254 390 226 29 398 308 103 129 498 271 210 356 284 524 338 330 339 481 224 337 60 252 333 254 156 325 379 339 202 464 379 233 604 437 113 326 384 477 82 550 410 493 235 243 459 422 285 352 243 376 303 336 95 254 516 223 63 460 488 195 478 197 297 429 279 335 312 371 271 230 404 251 261 489 194 304 264 123 323 357 91 577 146 449 22 466 285 649 234 303 268 78 607 210 354 451 317 389 189 463 267 301 409 398 597 462 366 413 452 463 187 341 322 329 105 85 281 258 285 362 398 352 501 423 348 349 450 318 348 289 365 215 573 352 407 597 293 361 349 383 284 132 659 362 364 209 528 271 526 510 397 175 284 394 477 402 386 394 354 523 446 321 261 343 222 317 497 456 275 366 239 301 644 484 186 468 391 201 448 324 377 186 312 328 181 292 330 490 263 
316 329 699 163 253 260 375 344 199 638 16 297 463 443 422 635 451 129 367 66 497 408 85 465 578 312 268 299 213 270 439 716 514 227 368 547 644 415 443 272 497 189 354 275 227 267 627 639 383 471 545 332 650 753 225 512 621 99 739 527 4 456 692 194 354 121 426 460 258 135 258 265 574 549 223 669 659 645 178 430 58 332 493 385 428 524 169 286 559 568 121 156 578 360 173 406 528 617 125 335 333 475 161 600 506 269 499 170 441 539 566 294 301 463 615 152 194 434 324 283 495 216 564 190 286 599 251 666 316 521 595 266 581 495 115 494 127 576 328 501 681 450 415 277 490 390 737 616 438 587 75 107 321 350 555 614 173 581 609 562 96 415 103 52 146 420 217 639 461 382 218 247 392 398 247 300 302 563 557 529 594 82 264 429 719 692 502 150 589 654 607 366 323 334 369 702 431 607 412 327 107 91 310 457 572 524 460 234 424 228 216 445 224 438 699 410 693 294 700 688 228 329 589 349 242 294 123 187 90 619 624 322 611 426 310 188 104 151 336 95 268 563 367 63 627 312 83 668 185 497 
549 322 820 282 328 490 740 126 261 561 376 634 417 622 778 434 687 496 660 338 438 464 404 728 545 271 507 145 420 248 553 497 757 431 728 731 629 642 252 649 407 228 380 618 208 116 590 801 434 674 620 623 839 908 393 255 588 450 877 369 377 272 823 453 405 494 679 533 333 381 545 510 331 368 289 525 758 772 284 628 408 375 321 669 646 568 212 622 760 521 337 519 486 254 548 359 293 372 352 469 197 763 531 641 347 637 783 231 713 398 788 591 614 461 665 495 266 453 88 167 628 592 522 505 642 461 135 727 71 339 539 115 464 314 424 627 452 437 497 726 787 520 785 295 791 429 899 487 815 505 336 370 357 268 471 785 254 382 812 541 381 217 293 352 242 793 592 429 756 722 214 475 119 144 141 455 358 393 692 336 358 309 594 774 514 768 742 527 750 781 722 672 220 711 668 840 802 726 115 638 477 341 301 834 323 762 322 280 222 603 592 738 434 671 827 751 488 631 511 780 282 67 753 180 572 542 261 296 374 510 797 195 455 804 131 363 459 518 558 463 129 787 568 372 452 528 343 755 287 683 
336 516 704 405 437 320 138 594 426 782 266 170 626 458 200 836 406 168 281 306 657 530 251 383 708 521 314 548 335 490 511 917 441 340 147 526 753 394 667 16 672 434 515 151 481 531 751 620 518 454 615 268 603 721 369 745 744 201 724 725 264 675 690 283 500 147 369 554 440 324 251 307 797 753 450 843 687 654 416 432 236 492 703 305 410 620 429 168 521 708 346 137 739 596 92 585 753 837 339 435 582 356 138 681 708 66 379 420 355 729 504 245 221 602 688 206 421 570 587 539 534 48 702 210 118 778 511 722 577 729 735 530 754 707 268 533 219 759 403 453 701 550 162 477 348 529 700 789 175 741 310 295 491 582 716 591 423 787 557 688 296 646 352 298 407 161 50 844 336 205 472 321 643 644 506 403 470 761 578 740 813 339 179 229 915 732 435 115 580 661 634 258 550 73 272 691 174 631 665 232 164 312 507 193 797 454 662 464 655 74 71 327 333 400 697 221 891 169 890 717 458 593 578 587 176 311 380 417 299 782 597 557 797 163 570 358 208 130 356 191 525 499 392 275 819 353 307 703 420 488 
218 338 610 293 259 176 260 420 248 619 142 168 455 351 300 659 338 148 242 142 488 371 76 344 550 342 177 374 165 310 374 740 396 174 248 445 604 308 487 193 499 262 343 146 354 379 595 540 353 368 482 209 542 651 195 566 588 31 643 548 133 495 600 119 331 57 309 407 262 250 143 172 617 575 352 671 578 557 308 332 76 319 524 261 322 474 268 156 452 545 247 42 571 489 95 410 573 657 249 280 461 348 156 544 530 158 372 251 318 553 452 171 173 438 555 198 243 406 440 408 415 140 541 72 163 605 346 598 412 550 573 377 582 528 209 414 40 585 259 389 597 400 306 297 361 363 633 617 348 574 143 117 316 480 547 513 302 609 498 531 211 466 186 180 269 316 129 666 333 254 346 170 469 469 341 246 294 583 471 561 634 210 134 302 739 617 385 108 492 564 525 237 371 252 242 607 323 524 491 198 48 140 328 364 617 407 484 364 475 183 167 317 168 326 607 282 714 165 715 608 358 442 491 409 112 192 219 316 208 613 522 379 622 338 432 179 160 50 239 132 358 449 275 108 643 223 136 590 315 397 
130 168 366 463 153 123 450 361 239 339 364 312 203 143 450 434 225 434 259 294 229 89 268 278 264 214 131 333 135 229 93 510 292 122 425 252 312 180 332 460 257 283 122 315 480 436 307 327 88 198 197 233 361 440 125 417 300 294 415 331 352 329 363 172 93 348 230 116 148 480 198 138 435 364 525 412 317 313 480 154 301 113 330 253 180 182 338 305 281 265 452 323 306 621 381 191 403 464 462 13 571 331 447 254 323 391 344 297 274 323 312 227 260 164 268 478 237 133 492 508 160 419 260 236 357 356 365 318 411 351 292 432 327 339 462 158 256 343 44 254 342 108 502 183 369 101 428 360 577 304 284 240 128 621 284 309 454 398 333 244 442 335 294 389 401 523 401 446 333 374 474 124 398 382 359 47 121 361 225 364 441 388 280 422 501 346 277 400 275 322 269 285 268 507 272 377 521 270 420 271 336 265 183 586 440 293 287 531 340 470 454 317 127 209 369 398 481 311 472 344 526 481 277 317 273 145 317 495 435 347 321 291 379 573 510 167 433 336 121 409 358 312 107 284 407 103 272 323 489 204 
372 99 584 371 152 325 640 113 160 338 368 511 179 409 661 278 492 486 500 293 204 232 330 542 310 62 342 112 268 90 326 358 560 272 621 512 393 447 87 593 179 174 152 502 340 252 357 573 204 466 382 465 617 676 231 168 354 379 643 175 360 98 588 317 180 439 493 299 152 441 400 347 218 193 415 332 521 538 383 422 353 155 136 501 447 329 222 500 545 288 397 442 265 452 491 119 173 260 412 262 394 589 514 401 153 551 605 197 533 195 579 443 473 222 425 509 164 215 287 338 401 538 288 389 537 261 182 487 189 163 309 247 252 137 457 400 360 236 299 522 549 286 691 107 624 196 669 283 745 281 285 284 140 461 246 560 348 223 595 304 419 71 255 367 301 706 528 281 587 592 339 313 135 116 179 260 151 210 462 171 237 337 470 644 364 528 545 487 523 547 487 520 37 652 511 607 710 491 155 493 421 276 88 760 218 562 110 414 79 570 556 570 277 476 592 619 337 509 347 541 411 269 527 59 453 373 247 400 410 297 572 53 265 737 321 225 462 448 373 452 162 579 372 314 276 345 283 517 391 468 
318 388 709 220 309 271 308 422 269 689 79 252 517 450 360 702 440 59 340 136 551 448 112 444 624 379 274 376 243 339 464 783 497 255 305 546 685 410 515 195 555 265 406 228 294 344 672 641 426 470 572 309 644 753 265 586 665 85 744 592 78 526 700 207 400 60 411 493 314 157 245 270 646 616 272 729 675 656 233 432 81 382 562 360 424 559 248 242 554 617 165 106 633 416 102 464 600 689 162 365 397 443 85 632 573 203 468 247 417 602 553 272 270 510 644 101 264 479 399 352 511 140 612 174 229 660 330 691 395 589 644 343 640 565 109 510 124 638 349 491 695 485 345 339 452 435 735 675 362 640 143 154 374 404 610 614 237 649 600 606 120 488 178 110 219 347 145 707 427 330 285 262 470 475 326 330 354 629 569 598 666 151 226 373 785 713 486 72 593 664 622 332 395 256 338 707 359 622 490 293 56 153 373 381 645 508 526 286 498 149 137 412 250 428 707 356 760 249 764 705 279 406 592 424 206 293 201 237 120 675 623 396 674 349 382 235 58 95 339 32 347 550 374 115 692 321 146 686 238 498 
145 408 329 598 370 207 310 589 435 527 457 209 434 134 280 665 32 462 98 419 453 315 359 35 448 449 191 554 277 452 234 735 72 265 283 150 457 63 575 395 488 474 365 230 641 627 474 240 327 93 301 119 224 341 301 660 466 348 344 568 446 572 314 260 336 370 16 289 366 573 183 190 676 601 661 621 324 283 614 105 383 354 572 75 70 335 514 212 140 460 563 326 517 785 368 433 645 703 568 246 744 94 457 366 562 313 102 479 40 555 128 154 164 383 362 515 430 357 689 684 206 382 454 254 262 577 567 376 624 591 482 624 546 581 534 206 314 568 208 72 332 293 354 410 135 339 321 575 444 508 413 362 367 779 499 211 599 634 179 427 533 576 444 494 553 380 360 678 103 209 633 223 630 617 560 247 356 595 222 605 681 513 211 237 722 374 60 404 205 289 275 124 501 415 108 312 370 270 653 148 369 397 419 445 682 82 529 671 581 439 426 92 263 39 321 219 705 211 691 352 665 682 202 550 225 157 477 625 529 554 217 522 603 445 696 335 482 340 136 455 566 125 135 392 633 166 400 344 622 125 
379 486 769 286 406 343 270 519 369 781 171 263 612 511 331 801 483 47 368 235 645 535 207 474 714 478 342 474 328 439 541 883 531 339 276 597 770 460 615 132 652 364 499 239 366 430 760 693 516 521 649 344 687 801 355 686 753 167 797 691 174 626 758 286 492 110 449 574 410 197 297 337 746 716 325 826 741 716 294 489 178 476 661 391 475 641 343 256 599 708 224 143 728 470 94 561 700 789 215 447 461 460 14 711 672 178 484 345 446 700 591 311 298 601 722 74 364 569 481 424 579 95 703 232 222 757 425 764 487 689 736 430 736 664 140 578 203 735 426 533 759 567 294 438 460 525 781 771 289 734 243 250 470 455 705 665 308 748 642 695 174 588 278 191 303 290 114 807 442 323 357 337 567 573 421 412 449 727 632 698 766 234 251 355 884 782 522 60 648 724 688 352 495 185 363 762 305 686 587 318 122 253 471 310 745 543 625 339 598 66 62 429 333 473 764 344 859 260 863 771 333 490 646 523 237 353 298 293 178 770 673 496 771 275 458 329 86 129 401 81 443 587 437 214 790 388 246 754 297 553 
127 341 510 400 271 116 220 470 297 578 253 88 431 255 238 653 227 253 128 232 461 327 164 229 503 361 106 427 155 343 302 733 282 153 199 339 544 201 507 225 481 324 326 81 455 463 544 434 318 263 406 94 431 543 192 591 536 140 538 544 242 511 499 105 306 160 196 346 271 365 42 99 631 574 462 647 485 458 416 232 180 305 530 147 216 411 348 77 342 504 359 116 541 594 166 400 590 667 362 230 561 236 251 472 530 153 260 321 203 543 339 57 64 401 479 305 291 368 525 504 328 193 498 49 121 586 417 515 481 554 531 461 559 536 323 327 113 569 196 278 502 342 273 315 253 330 524 593 341 541 228 184 308 587 519 406 406 609 387 482 325 494 267 291 367 291 172 663 223 172 446 121 518 512 411 202 288 578 376 567 643 316 47 225 727 529 271 198 389 465 432 128 402 268 130 503 292 430 541 90 158 217 339 351 633 293 487 473 502 249 234 206 147 216 506 201 705 85 700 516 467 524 387 447 34 102 302 426 322 583 415 416 607 335 524 201 271 131 148 244 423 335 185 199 632 144 217 500 424 294 
161 432 360 599 389 219 279 608 449 562 455 187 465 169 245 697 68 450 79 423 486 346 360 27 483 471 203 571 290 471 269 768 84 279 252 182 493 96 601 371 520 487 392 210 646 638 510 269 356 129 337 108 246 364 317 686 502 343 370 599 444 599 343 267 364 360 41 323 386 568 183 201 705 632 661 656 358 316 615 140 381 380 601 57 105 370 524 192 168 495 561 314 551 789 352 462 673 733 565 272 751 61 442 402 592 290 75 490 4 587 147 146 149 416 398 503 445 389 700 691 242 363 489 250 239 610 580 412 639 620 517 635 579 610 527 242 312 601 232 101 365 327 321 431 101 369 343 609 411 543 417 368 392 783 533 240 602 665 200 462 528 600 451 492 558 347 341 710 67 177 638 235 651 639 574 269 379 627 258 634 711 514 196 202 755 409 78 390 237 320 310 98 523 387 85 341 337 304 674 129 361 402 441 411 711 97 557 672 606 419 407 56 276 75 350 185 738 189 724 386 666 695 233 572 212 168 484 626 525 589 245 543 636 413 705 348 473 328 157 445 581 142 163 393 666 186 405 378 623 160 
216 168 329 524 195 216 539 366 284 248 441 402 133 175 536 363 277 521 338 367 151 26 352 336 172 220 224 348 220 251 75 433 335 209 514 263 222 238 300 553 187 327 110 407 528 469 214 315 57 233 134 317 363 419 200 379 207 381 386 269 430 291 332 262 89 438 292 43 189 553 290 231 382 302 583 327 270 281 540 199 385 120 280 329 232 98 386 396 298 174 521 414 220 665 472 150 357 405 533 102 611 395 536 176 266 484 404 346 338 254 339 315 348 81 195 564 283 57 520 549 145 511 168 328 448 276 395 252 429 295 200 465 246 290 541 144 345 267 134 291 297 30 591 207 436 61 411 277 668 215 357 318 138 667 200 304 511 333 345 151 517 313 358 463 458 613 493 376 401 458 524 216 394 373 390 135 146 294 204 309 383 455 371 504 422 287 321 490 267 290 231 367 271 599 352 350 610 235 413 357 425 338 191 676 389 333 240 588 315 562 546 386 214 263 336 480 404 401 391 293 583 505 271 315 365 235 376 556 510 260 316 296 302 664 544 238 517 427 203 495 383 340 178 362 331 191 345 270 549 225 
457 233 496 592 313 437 772 314 365 139 572 635 124 425 777 110 529 681 586 493 101 241 512 588 159 249 450 330 408 295 322 182 584 404 749 497 232 491 175 758 71 390 228 634 561 469 186 522 239 481 310 561 581 601 374 203 188 556 559 60 563 155 507 461 246 618 545 270 309 657 518 457 162 76 637 111 428 464 605 451 541 250 107 578 484 251 443 626 534 132 615 608 70 666 664 158 163 168 630 330 606 648 705 289 80 701 657 413 591 29 579 552 585 171 313 712 368 197 495 554 377 708 137 535 674 39 402 369 396 95 135 464 37 115 667 376 528 16 371 539 455 263 825 283 688 226 601 61 893 91 484 468 252 676 70 520 570 94 575 169 632 211 463 578 522 844 695 125 653 701 560 431 308 282 400 352 273 54 417 104 151 553 598 749 174 414 571 670 483 471 415 613 259 812 600 529 844 422 315 597 601 470 249 905 172 581 112 635 205 750 735 638 410 516 508 725 153 633 147 438 633 474 489 267 587 471 461 622 623 82 531 274 54 887 533 391 663 618 448 649 381 582 428 506 80 430 478 415 613 468 
207 98 507 329 22 154 467 239 97 395 257 336 222 280 486 419 341 354 329 179 256 172 183 384 336 112 171 203 93 103 230 500 411 97 447 391 404 296 258 432 261 141 112 328 339 294 385 469 144 329 325 294 501 582 57 343 379 226 557 308 246 263 505 144 112 288 335 234 22 362 225 175 384 335 389 435 454 454 346 283 213 89 286 333 300 292 196 326 417 325 328 281 338 479 335 171 342 422 340 130 429 425 377 371 291 382 443 156 371 313 443 269 298 221 389 390 94 192 351 366 301 380 321 217 364 367 225 445 276 312 352 290 345 291 357 300 199 346 152 380 480 222 519 67 457 149 570 380 577 345 169 141 79 480 315 450 317 370 469 320 328 246 164 273 264 534 368 427 421 417 334 140 283 272 219 110 59 343 367 324 398 262 296 469 499 478 396 340 417 463 408 347 158 488 340 519 538 410 306 319 271 151 91 591 386 416 245 394 254 420 405 403 103 325 510 445 474 334 475 480 390 341 419 205 279 204 182 362 321 380 462 175 383 569 368 61 342 290 213 324 220 442 222 183 403 183 159 458 355 341 
71 256 459 393 192 27 309 404 236 489 261 173 341 200 321 564 211 300 163 213 371 238 159 236 415 281 24 364 79 270 223 643 277 72 287 301 461 171 425 309 391 272 236 171 433 422 457 394 228 226 331 126 405 508 112 510 450 164 496 456 249 427 451 53 216 209 191 262 191 380 57 20 545 486 456 556 425 406 410 185 188 216 443 170 183 328 308 164 314 415 364 177 451 577 234 311 506 580 370 141 537 265 308 394 442 242 286 274 217 453 324 100 129 311 404 350 232 279 484 476 262 269 410 87 211 496 366 446 426 467 442 419 469 450 350 261 125 479 111 259 445 257 362 236 293 240 491 503 431 451 207 156 221 573 428 369 392 521 365 395 340 415 236 295 346 381 251 575 258 249 426 32 450 441 359 112 202 489 319 480 557 309 135 301 637 464 264 258 345 414 373 178 327 357 172 459 381 371 473 149 200 189 256 442 548 285 400 466 422 322 307 240 67 196 457 276 615 171 610 455 460 479 345 374 124 50 269 422 335 493 379 344 517 426 490 135 308 191 91 282 368 322 124 188 542 71 193 437 418 252 
259 330 649 236 250 209 307 385 221 626 85 224 456 390 352 648 388 122 297 98 490 384 51 397 561 325 214 339 179 289 401 729 448 191 299 489 621 355 466 220 496 226 344 202 299 330 608 583 363 413 509 263 590 696 201 541 602 28 686 537 76 476 641 145 338 62 360 429 255 197 192 210 597 562 295 670 613 595 251 374 27 321 509 316 368 495 222 213 499 554 191 86 573 433 116 406 552 639 193 301 405 404 142 568 518 202 428 212 372 545 502 225 230 447 581 165 216 416 389 353 449 163 550 122 215 601 303 628 369 536 582 328 580 513 160 448 64 580 286 438 634 421 351 284 417 372 679 616 383 579 101 96 314 423 549 557 245 596 547 543 156 442 143 123 215 358 159 654 389 309 290 199 434 436 298 266 293 573 508 546 616 154 191 357 730 650 436 108 534 604 561 294 347 281 298 649 367 560 456 255 44 105 316 401 597 458 472 307 451 191 176 373 186 375 647 337 705 221 708 643 301 393 534 381 169 235 173 259 153 615 567 352 616 372 379 174 120 83 280 96 317 499 314 66 636 260 99 624 258 441 
382 307 743 85 246 320 483 262 164 620 104 399 445 496 529 582 524 223 456 100 477 417 166 547 571 275 332 220 257 228 470 661 591 272 476 606 645 484 382 379 468 132 347 378 124 160 621 694 388 534 569 419 713 808 254 439 615 200 789 481 107 397 739 260 356 230 503 479 253 135 341 332 508 498 147 634 695 689 102 489 155 328 441 471 494 538 85 387 624 556 92 263 554 265 282 382 462 552 107 365 231 564 257 616 458 377 588 109 524 498 637 382 395 458 635 225 163 433 215 176 536 323 553 280 392 562 159 691 218 468 582 160 549 441 160 534 217 538 370 572 720 468 524 253 583 392 793 582 546 566 106 157 313 259 532 671 79 527 675 557 118 349 83 79 38 528 326 585 553 485 116 305 306 317 156 334 298 516 601 474 531 37 362 534 668 722 577 256 642 698 646 459 268 440 460 751 539 648 324 420 215 123 284 565 504 599 414 155 358 330 319 535 271 509 744 513 642 395 653 722 149 222 643 280 340 364 65 117 110 591 682 259 570 533 202 211 186 259 398 190 179 635 424 131 582 371 119 700 110 555 
266 542 475 634 486 310 189 700 531 696 483 174 591 304 136 824 203 442 135 473 614 473 404 146 617 574 293 659 375 566 401 897 189 367 168 306 628 228 712 317 646 562 508 198 694 704 645 380 479 263 472 170 341 458 408 798 637 371 474 722 474 712 457 337 481 365 175 456 484 583 245 288 824 755 693 788 484 437 649 274 416 493 720 137 239 505 589 185 282 629 587 321 682 831 338 581 789 855 587 390 800 85 424 537 713 247 96 560 130 713 245 199 177 545 532 492 526 517 767 745 378 330 622 290 203 740 656 542 719 741 651 702 710 728 533 377 352 729 349 224 487 459 216 530 51 492 436 740 306 675 469 425 502 822 663 353 643 788 298 596 546 707 509 521 607 242 311 836 69 102 685 324 746 737 649 379 487 752 389 755 832 551 207 90 885 535 192 379 359 441 438 118 622 312 124 450 228 432 769 152 372 458 547 302 829 201 676 705 714 380 372 79 363 210 464 87 867 177 855 510 699 765 354 670 229 261 543 657 545 721 355 640 765 312 765 430 474 331 270 448 661 240 286 439 794 293 459 505 656 293 
149 404 490 474 339 169 174 545 373 612 324 44 479 252 174 707 192 303 69 309 507 367 241 176 535 429 154 503 223 415 322 785 233 219 148 312 566 182 573 229 532 402 381 62 531 542 571 406 364 242 418 56 392 509 259 658 564 211 510 600 315 576 477 179 358 216 156 372 338 431 91 147 693 631 534 690 476 442 490 223 255 362 590 93 198 433 426 44 308 540 430 170 583 670 204 456 654 727 431 273 638 167 294 485 588 147 192 399 147 596 294 51 18 442 488 356 367 410 604 582 330 215 534 127 98 633 495 516 559 614 565 539 605 597 385 329 189 619 233 240 489 371 226 383 178 377 488 638 306 580 306 262 368 661 562 377 481 666 346 513 392 563 346 363 444 248 193 718 151 101 523 179 592 586 489 251 349 633 368 627 704 390 49 153 777 523 225 242 366 448 423 55 473 256 64 477 245 420 616 19 220 295 404 312 696 245 546 546 570 271 259 136 213 186 484 128 756 45 749 506 540 602 364 520 70 132 380 498 390 625 384 489 656 303 602 274 329 183 164 302 501 290 196 276 683 174 295 493 497 276 
267 201 307 572 243 272 590 391 329 196 496 455 121 204 584 334 309 577 384 420 126 72 408 370 118 251 279 379 277 289 102 399 361 266 565 273 165 276 306 609 168 372 147 460 572 507 158 309 100 259 104 366 364 404 256 377 151 438 367 253 485 294 312 319 133 495 330 48 236 606 344 286 369 284 631 284 242 263 588 232 441 162 273 372 267 51 431 448 310 125 573 471 179 705 529 161 350 386 585 159 650 431 593 129 254 539 438 391 376 232 355 367 400 63 151 620 329 64 554 588 153 568 118 384 502 242 432 211 460 283 149 502 210 283 596 152 402 236 189 316 271 46 642 247 473 98 399 238 721 171 410 373 179 709 162 303 558 313 353 97 571 324 409 516 505 664 550 349 439 507 568 273 413 390 427 192 191 272 199 297 366 507 425 551 385 251 348 547 266 272 212 414 298 654 398 332 661 218 430 406 482 391 226 728 377 358 237 634 325 618 603 426 271 298 315 527 369 454 353 262 630 538 270 338 420 288 425 605 563 217 314 323 269 717 581 292 573 484 252 551 418 357 223 417 299 244 399 238 597 244 
443 257 749 187 236 382 617 121 155 544 256 514 379 529 656 462 584 378 546 215 407 396 281 620 512 208 398 94 311 170 474 536 654 323 606 641 593 540 260 527 385 114 312 497 137 48 560 718 364 578 555 508 750 829 289 300 556 327 802 373 255 279 749 338 332 371 573 465 242 278 430 400 374 383 217 533 691 698 195 531 285 301 328 556 546 510 89 502 666 491 233 396 471 249 426 315 329 418 248 379 191 651 412 587 350 514 672 112 603 397 690 475 496 411 610 382 158 395 102 132 548 470 490 386 519 463 26 670 61 352 514 43 457 325 313 546 331 438 401 626 719 452 662 215 677 362 818 487 693 487 214 250 283 255 452 699 160 406 719 503 271 223 171 235 131 670 469 461 643 602 137 365 156 173 31 359 278 405 613 354 399 193 474 653 547 708 640 406 666 707 650 556 172 589 553 765 679 653 171 520 355 219 233 711 368 660 312 213 232 483 472 625 325 568 753 631 521 511 537 715 212 93 668 159 452 432 138 210 263 503 711 152 464 681 122 253 343 395 454 344 44 689 469 249 470 424 221 692 201 591 
488 239 555 571 319 461 795 279 357 197 567 659 161 470 804 80 571 681 619 490 147 280 516 630 220 243 476 302 424 286 367 162 630 422 773 548 293 531 136 771 107 377 249 656 533 436 247 577 271 527 365 591 636 660 388 146 249 563 618 30 559 117 566 477 272 624 585 318 316 643 542 482 101 17 611 141 487 522 582 494 543 269 68 613 526 306 425 650 585 192 600 619 131 628 673 174 105 112 615 361 569 687 707 348 49 718 698 400 630 42 629 579 612 216 373 708 361 238 456 520 427 719 197 552 695 81 375 429 360 45 196 432 96 71 658 427 538 60 403 586 515 310 848 283 727 258 659 108 912 152 481 471 267 640 129 575 547 39 627 228 621 173 455 569 503 866 706 89 691 730 533 453 265 240 373 378 287 9 471 48 93 540 621 779 163 474 616 675 538 529 472 645 239 827 632 588 867 479 268 626 607 469 251 925 112 627 96 609 166 757 742 676 428 557 567 755 137 657 145 497 607 435 543 237 608 499 449 599 612 136 586 250 71 905 496 399 660 628 481 648 353 631 464 507 74 460 476 474 590 516 
400 634 708 569 560 410 77 739 566 864 428 214 725 496 108 948 414 331 295 458 754 616 396 371 786 649 397 694 447 624 573 1028 423 447 103 532 816 420 796 160 776 581 621 213 644 690 823 616 611 472 666 304 583 701 483 878 815 347 714 839 424 802 692 394 601 302 378 623 561 487 329 390 922 869 614 939 707 666 580 465 388 600 823 315 435 684 584 221 515 791 510 278 833 760 250 695 881 960 503 520 746 321 300 733 825 161 338 570 346 838 484 300 267 691 734 366 561 659 747 702 575 211 785 320 174 880 664 756 730 848 817 689 852 829 430 574 353 864 482 450 715 622 28 603 294 623 679 886 63 831 461 436 602 745 811 587 587 904 538 765 460 779 504 461 569 3 206 958 301 173 635 416 788 787 659 496 582 873 603 860 936 501 248 154 1022 757 423 279 587 670 657 265 685 112 282 687 18 652 811 262 318 459 629 62 924 436 781 628 788 227 230 300 441 415 699 165 1000 215 995 735 622 752 583 726 261 381 534 581 463 874 591 695 901 68 732 484 372 278 416 355 677 479 447 425 927 425 455 726 584 506 
617 367 645 670 445 591 924 365 475 257 683 788 286 591 934 55 695 801 747 608 266 405 640 754 310 365 605 398 553 404 488 52 750 551 902 661 365 656 233 898 232 488 379 785 622 521 320 680 399 647 470 720 742 752 516 191 324 688 707 159 676 218 658 606 401 749 710 436 443 750 672 612 114 130 704 152 578 619 680 617 665 399 181 741 650 413 530 779 699 285 706 746 218 699 799 304 157 73 721 490 641 813 829 440 174 847 822 510 756 165 745 708 741 337 463 825 479 362 528 600 542 845 291 681 824 151 470 512 440 154 278 517 182 178 771 542 664 153 531 705 604 429 977 407 853 386 754 166 1041 236 600 595 396 713 229 681 645 95 738 324 731 266 571 682 605 995 833 41 817 859 623 583 337 315 469 508 416 126 578 144 87 649 751 908 73 556 737 799 645 626 572 773 351 954 761 681 996 579 332 755 732 589 376 1054 122 747 220 699 257 881 866 802 557 681 658 884 54 787 87 583 698 506 650 335 737 629 561 696 723 197 691 356 123 1034 570 525 778 754 609 767 447 747 591 628 93 589 597 562 687 634 
507 348 833 138 318 444 638 206 231 637 258 550 473 605 684 548 650 368 598 245 501 484 314 681 605 301 459 187 375 260 557 619 720 389 631 717 686 607 348 532 479 187 402 530 61 48 653 798 453 650 643 560 826 910 359 378 650 353 886 463 262 367 832 392 420 385 635 552 325 238 481 460 454 471 143 624 778 782 137 604 308 389 417 611 615 601 137 538 740 584 197 418 564 156 436 408 411 497 210 459 101 705 403 678 440 532 728 175 661 488 760 525 541 504 700 359 233 486 66 39 630 477 584 427 547 554 119 760 128 440 607 52 550 413 285 628 366 529 476 695 805 540 679 303 728 452 898 579 698 581 248 294 371 162 545 778 111 493 792 596 245 311 210 227 117 683 480 545 695 637 67 428 231 252 123 435 364 494 695 442 480 185 512 687 632 797 705 409 745 791 735 604 266 592 603 847 694 737 240 566 370 260 323 717 447 726 405 135 319 478 469 678 390 634 837 666 605 547 624 803 135 81 747 250 490 493 175 149 238 595 789 245 554 685 47 319 329 414 521 338 137 758 540 279 558 491 259 779 140 666 
415 440 804 159 365 363 391 427 304 751 99 352 575 545 448 738 541 89 441 178 609 522 191 546 692 419 369 384 324 374 550 818 598 337 392 644 758 509 541 260 607 285 468 327 240 315 741 739 497 568 657 410 744 851 339 603 735 181 841 632 110 555 796 298 468 161 512 573 371 67 345 365 670 652 195 779 766 750 166 529 159 445 596 462 523 637 248 342 653 681 97 207 690 340 189 517 623 713 86 446 332 544 121 713 611 290 569 263 519 646 655 373 371 577 728 64 300 548 360 298 602 213 678 274 324 708 324 777 381 623 708 316 691 597 10 601 219 684 437 592 788 564 420 387 552 504 834 725 419 699 187 221 434 325 667 712 183 683 701 676 49 510 205 92 190 418 226 741 528 426 231 352 471 482 322 412 415 668 662 630 692 128 327 466 823 802 587 150 690 758 714 433 423 315 440 804 432 714 489 395 158 205 420 440 667 609 565 209 519 196 191 513 333 528 802 451 797 349 805 796 203 372 689 442 308 390 212 163 56 730 722 418 718 405 334 302 51 195 435 76 345 651 469 176 733 415 197 776 168 596 
388 416 777 160 341 336 377 411 282 726 74 330 551 518 432 717 515 80 418 153 584 495 164 521 666 397 342 368 297 353 523 797 573 310 376 618 732 483 521 251 584 265 442 306 239 307 715 712 471 541 630 386 718 825 312 586 709 155 814 610 84 535 769 270 442 138 486 546 346 80 319 338 651 631 203 756 739 723 169 502 131 420 575 438 497 610 232 320 627 656 99 184 666 348 172 493 605 694 92 419 336 521 114 686 589 274 546 244 495 624 629 348 348 551 701 73 278 522 356 298 575 201 652 248 305 685 311 750 370 602 683 308 667 577 32 574 192 662 409 566 761 537 409 363 530 478 807 702 413 674 163 194 409 335 643 686 182 662 675 650 49 491 184 74 180 408 211 721 506 407 231 325 457 466 308 385 390 646 635 610 673 114 305 448 802 774 562 134 663 731 687 410 403 308 417 777 421 687 475 372 134 179 397 434 648 584 543 217 501 190 183 490 306 503 775 432 776 327 784 769 211 366 662 424 284 364 193 170 52 706 695 399 696 400 332 276 39 173 408 58 331 626 442 150 711 388 171 749 173 569 
246 430 622 378 353 228 156 524 352 690 228 103 535 372 202 749 329 172 209 246 567 438 182 315 616 440 221 479 246 412 420 830 372 250 148 446 661 311 586 108 583 367 426 79 447 481 659 541 426 373 525 189 531 647 281 667 651 133 646 639 222 593 610 193 410 101 294 462 355 316 160 215 715 667 432 753 601 571 392 346 177 403 618 232 327 528 372 96 445 616 325 65 649 575 67 497 672 754 322 342 552 300 156 590 623 53 325 356 287 641 434 160 141 511 597 222 347 478 541 503 445 77 611 119 69 689 451 633 517 644 643 480 663 624 264 444 139 671 311 378 617 458 201 394 302 438 627 698 246 650 247 222 403 564 626 513 392 702 485 596 280 568 291 265 366 211 55 758 282 171 438 229 574 573 446 312 382 674 492 656 730 301 95 213 827 646 364 108 499 578 548 192 473 158 203 612 218 545 596 159 113 245 423 261 716 384 577 445 576 134 121 269 243 321 617 196 804 100 802 631 439 544 497 512 88 220 322 397 280 691 520 482 708 237 530 274 204 69 266 178 463 429 303 212 731 262 241 617 397 406 
379 510 42 827 520 432 610 709 608 426 709 511 445 249 572 625 275 744 401 650 443 369 607 308 368 562 425 689 486 589 282 671 255 471 584 156 319 292 632 697 486 652 452 531 848 803 360 63 398 231 222 414 109 77 488 701 355 613 47 568 697 620 22 498 428 650 312 300 514 828 456 429 684 596 890 537 100 62 844 265 637 458 595 378 277 282 707 513 164 394 808 610 461 990 659 486 671 693 816 381 940 359 745 238 574 615 346 666 335 542 196 443 462 389 215 795 606 386 857 877 209 680 388 525 565 527 731 174 770 602 400 799 498 606 800 210 575 532 371 231 79 313 650 543 392 404 76 512 741 442 641 592 477 990 455 92 820 619 145 356 788 650 658 741 768 676 658 641 378 508 842 445 736 714 725 408 479 579 143 615 676 747 507 526 649 137 255 692 105 54 114 427 613 718 411 9 665 108 754 449 645 622 532 739 693 242 562 897 652 737 724 378 472 282 26 512 642 513 616 105 891 844 106 657 517 404 684 858 783 481 87 638 555 744 878 531 756 624 359 730 721 201 326 632 585 380 628 120 852 199 
508 326 457 699 403 501 831 425 465 66 668 694 194 449 829 150 554 771 630 589 161 291 600 614 137 351 511 441 484 398 349 179 600 478 806 498 174 522 286 833 159 494 307 697 670 579 131 502 300 499 300 610 566 564 453 303 137 641 519 169 658 266 471 535 317 701 576 295 398 759 579 519 246 174 745 45 391 436 712 478 630 330 217 619 512 251 549 687 535 122 718 687 78 777 744 249 261 233 733 388 717 677 793 257 190 770 682 517 622 140 583 608 641 217 278 805 467 249 606 665 386 787 128 607 738 76 512 322 507 200 101 575 78 223 765 385 609 100 425 554 416 292 884 379 718 288 568 50 958 77 579 557 337 787 101 506 677 174 568 157 732 322 562 678 629 905 771 166 685 751 669 498 419 393 509 415 357 148 409 206 226 655 661 796 156 365 588 754 472 442 393 659 367 884 644 494 903 400 424 650 686 564 346 968 257 594 222 744 316 832 816 672 484 543 471 773 151 693 124 394 742 585 478 377 652 526 564 729 723 36 516 384 91 953 644 477 757 698 495 740 491 586 469 598 110 483 572 374 720 479 
367 138 636 281 141 312 598 80 97 424 290 478 257 432 627 364 501 412 486 222 285 280 270 544 390 88 329 44 244 59 365 443 571 253 582 542 471 455 163 534 266 93 196 465 251 170 438 612 249 485 439 449 650 721 213 229 434 321 692 265 284 179 637 286 218 377 495 349 145 354 376 333 292 280 325 422 576 586 293 439 287 188 223 492 459 391 134 466 570 369 309 387 352 371 431 193 246 336 325 280 313 584 443 467 242 502 603 114 531 285 599 421 448 290 490 430 102 275 214 254 440 478 368 350 496 351 96 551 123 250 392 165 341 223 373 439 309 326 309 538 604 337 648 106 616 246 712 373 693 368 215 227 169 377 332 596 258 308 622 381 334 132 179 285 212 660 471 366 580 563 250 297 127 123 92 267 169 299 504 255 314 252 436 616 450 590 556 422 561 595 537 502 53 595 495 654 666 540 150 470 359 210 115 709 290 575 200 324 142 504 490 562 257 485 642 592 424 475 435 599 322 199 564 66 416 363 164 310 325 386 608 41 355 684 242 190 385 391 374 377 79 599 381 248 365 344 216 575 301 494 
361 408 752 187 331 312 345 420 279 715 71 298 541 493 400 716 486 56 386 147 575 480 144 490 653 393 316 375 277 351 502 796 543 290 344 591 717 455 523 222 576 268 431 274 265 326 701 685 456 514 610 355 689 797 296 591 695 128 788 607 78 536 743 247 428 106 457 528 336 112 290 312 654 630 234 749 716 698 198 476 111 408 574 407 469 593 242 288 599 644 128 152 657 379 140 485 607 697 122 400 364 489 91 667 587 242 514 248 464 619 600 318 316 538 681 71 275 508 377 323 552 171 640 219 273 679 322 729 384 601 672 326 661 576 63 551 166 656 388 537 737 519 378 357 498 464 780 695 387 665 156 179 399 366 634 658 206 661 646 636 79 494 183 87 199 379 180 720 474 374 256 301 466 474 319 365 379 644 611 610 675 130 273 416 800 752 532 103 636 706 664 378 404 281 385 751 392 663 486 340 103 170 391 407 652 554 541 247 504 166 157 458 286 474 750 400 774 295 781 746 241 386 636 428 253 337 199 199 81 698 668 402 691 374 356 262 23 140 382 27 341 596 416 136 708 363 162 727 202 542 
150 172 499 329 98 89 390 306 140 448 224 260 282 251 410 491 292 302 261 155 315 204 132 327 381 189 105 266 19 173 232 572 362 30 370 362 441 248 335 361 327 178 170 252 356 332 428 449 183 292 337 224 470 563 23 419 421 165 544 380 212 340 494 67 159 225 279 252 99 340 151 108 460 409 392 499 454 445 346 246 165 147 361 267 256 317 221 249 382 375 313 211 398 501 267 239 419 498 323 126 456 361 320 392 364 307 381 184 311 383 401 196 224 268 407 344 135 236 393 393 292 311 370 141 288 433 271 458 330 387 403 329 409 367 323 291 132 414 125 336 478 243 442 143 391 192 549 444 502 402 146 100 145 498 375 426 323 444 435 363 302 322 162 250 272 458 297 500 355 342 350 73 352 344 265 93 124 415 356 399 474 251 219 394 569 485 347 278 396 454 404 276 231 416 270 506 461 405 375 245 210 126 167 515 462 368 319 400 330 355 340 337 32 276 500 370 545 258 544 482 394 387 398 277 202 140 190 361 295 440 437 247 451 495 403 39 297 221 162 275 272 399 182 144 473 132 133 461 355 311 
195 467 470 555 408 232 168 619 449 645 404 99 527 261 139 758 174 373 65 390 552 410 322 134 566 497 216 578 295 486 349 834 190 288 142 292 586 184 637 269 581 480 437 124 612 622 598 379 413 233 432 93 353 471 329 723 590 292 480 654 395 638 454 255 412 291 138 402 406 508 163 210 753 686 614 731 466 426 570 230 335 420 649 78 198 457 506 109 278 574 509 245 624 750 270 511 716 785 510 322 719 100 359 499 644 191 124 478 107 647 253 117 94 484 498 424 444 454 684 663 339 270 568 208 140 679 573 517 637 671 599 619 649 656 460 338 270 666 280 211 475 403 212 452 100 426 450 681 301 619 387 343 428 742 604 350 562 721 307 545 469 630 426 442 525 237 249 770 80 67 604 245 666 657 567 307 412 685 363 684 762 471 127 101 824 517 187 310 347 430 417 39 544 279 51 451 228 412 689 70 296 376 470 302 757 203 605 626 637 324 314 70 283 175 461 79 805 102 794 495 620 682 344 591 149 186 461 578 468 664 355 560 703 303 683 349 402 256 203 375 579 248 226 357 731 222 376 486 577 266 
542 426 894 92 383 480 621 303 294 726 243 552 557 653 672 646 685 329 616 261 586 554 325 708 689 382 493 280 415 338 618 717 752 430 617 764 768 644 445 500 568 251 476 529 50 145 738 850 523 693 712 579 872 964 407 477 733 353 943 558 251 464 891 421 490 369 665 620 389 178 501 493 553 568 54 718 842 841 80 648 309 460 513 632 654 673 192 540 783 670 150 409 654 106 414 492 509 596 157 515 88 724 363 752 535 516 748 232 685 582 798 542 553 582 772 307 295 562 153 74 687 449 668 439 539 648 207 831 226 537 693 149 642 510 234 686 375 623 525 732 868 608 656 376 742 524 950 672 662 670 267 318 443 98 634 828 82 590 835 678 200 408 240 205 128 657 457 644 712 636 54 465 330 351 210 487 432 590 753 539 579 173 517 682 730 865 738 381 797 850 796 617 354 557 619 904 670 798 339 578 358 284 401 683 546 760 498 42 416 439 433 695 430 670 896 664 704 549 721 869 46 173 799 344 495 524 211 80 197 687 839 336 649 649 113 364 288 402 558 305 229 796 582 291 655 530 280 846 76 713 
373 196 680 203 166 312 563 123 84 497 225 453 326 458 599 441 514 349 479 167 357 330 227 550 458 152 328 79 241 108 405 519 584 253 550 570 537 469 239 485 340 46 249 438 179 115 507 648 299 507 490 441 679 760 218 297 503 276 733 342 221 255 680 271 266 327 502 398 173 278 364 331 365 357 249 499 624 629 216 460 237 235 301 488 475 447 58 441 595 439 233 345 427 309 382 262 318 409 248 309 255 583 381 525 320 463 604 53 534 362 619 409 432 352 547 362 88 334 173 193 478 427 438 324 463 428 48 606 111 327 463 111 418 300 301 477 274 403 330 555 652 386 610 149 610 298 748 450 648 441 163 190 217 313 406 629 181 385 648 448 260 206 121 214 134 620 424 442 576 541 176 296 171 178 42 288 210 376 544 332 388 178 412 593 527 643 569 367 596 638 581 490 130 546 487 695 628 584 192 456 309 164 171 665 361 589 277 249 215 448 435 558 255 497 685 570 500 450 513 649 246 164 598 137 391 363 97 233 252 462 641 117 433 637 190 183 318 346 383 314 53 618 398 199 442 353 168 626 224 520 
429 217 714 235 210 370 629 71 140 494 285 518 332 504 664 410 567 409 540 232 359 358 293 607 465 166 386 43 299 134 441 485 637 310 616 615 547 522 208 549 335 110 274 503 189 95 512 688 327 556 517 502 724 798 272 251 509 342 769 321 282 227 715 334 296 391 558 428 215 322 426 389 324 331 269 481 655 664 244 509 302 265 276 548 527 470 112 506 642 443 276 410 421 296 446 269 278 368 292 352 238 642 442 546 298 528 662 118 592 345 669 472 495 368 569 418 145 354 136 181 516 492 443 389 529 411 34 630 49 300 465 91 406 273 353 515 339 386 378 606 682 415 676 181 671 324 788 435 713 438 229 256 247 304 402 671 209 355 695 457 311 171 186 270 174 686 489 410 636 605 189 354 113 125 36 336 245 353 581 302 349 230 477 658 496 668 622 430 636 673 615 553 124 611 548 732 694 618 131 519 374 230 193 731 319 642 261 265 180 510 498 618 313 551 719 634 469 515 485 678 264 121 639 107 456 421 159 260 303 452 683 102 412 702 166 242 376 412 438 374 13 668 449 264 418 407 233 654 251 566 
445 201 697 298 218 390 671 8 170 448 342 553 297 505 702 350 577 466 564 282 320 342 338 622 427 150 407 40 322 135 432 423 647 331 656 613 510 532 150 599 291 153 258 540 248 150 473 680 312 560 497 527 721 787 291 188 470 388 755 266 338 169 700 363 284 441 573 411 221 385 453 411 261 273 330 426 636 650 307 514 351 255 219 570 535 446 171 542 643 403 339 456 374 343 496 237 216 305 355 353 284 662 498 519 244 573 681 168 609 292 674 499 525 339 543 477 175 330 173 233 508 542 404 425 569 358 97 604 74 242 423 146 356 215 414 506 381 333 384 613 664 398 719 179 694 307 778 383 761 392 278 297 237 354 357 665 272 295 695 421 372 113 237 329 237 730 538 349 658 639 250 375 54 62 98 343 241 296 571 244 287 291 512 692 435 645 632 483 630 659 599 579 97 661 573 718 737 604 76 547 423 276 181 778 256 651 211 326 121 564 551 640 335 561 704 668 409 551 426 657 325 153 633 59 492 441 214 323 364 402 678 72 356 751 211 267 434 459 451 431 75 673 457 312 360 421 280 633 313 566 
83 358 376 526 311 140 281 529 369 517 386 160 403 138 265 635 84 395 63 348 426 285 287 99 438 394 123 492 211 393 221 709 143 199 255 199 460 66 528 344 457 407 320 177 570 559 470 294 290 126 308 60 288 401 237 613 463 277 399 534 374 526 363 189 293 302 55 274 308 502 112 121 636 566 589 603 359 326 542 108 311 307 532 51 82 330 445 160 200 446 491 259 497 713 305 393 602 666 496 202 674 135 392 375 525 263 153 411 82 524 197 88 107 358 376 448 365 329 621 614 217 324 440 183 214 553 501 401 559 553 471 556 523 540 464 216 243 542 160 135 373 275 331 353 170 303 382 554 416 491 342 291 317 708 477 266 527 600 244 416 462 525 373 422 482 355 302 648 133 188 562 156 573 561 494 194 303 563 251 566 643 441 151 229 698 407 131 340 252 332 307 94 445 372 78 365 348 304 596 99 300 326 365 420 641 153 488 599 531 381 368 116 196 74 369 207 680 161 668 389 593 615 250 494 161 89 407 553 458 537 274 465 578 415 627 268 414 273 82 386 502 194 99 320 606 108 329 377 550 160 
183 411 544 433 339 184 150 534 359 643 282 27 499 299 171 723 248 249 126 278 529 393 209 233 566 429 173 490 224 409 360 802 289 223 130 367 604 234 576 176 550 383 395 12 495 515 606 461 386 294 460 108 449 565 261 660 598 172 566 614 273 580 531 173 375 165 212 407 340 383 105 166 700 644 492 714 527 494 448 272 217 374 599 150 250 470 401 16 364 569 386 120 608 630 148 469 659 737 385 297 602 220 238 527 600 95 244 377 204 612 351 86 61 468 532 301 354 435 576 548 376 158 563 105 53 654 474 563 539 624 596 513 627 606 335 375 158 638 260 296 541 404 203 383 225 398 545 661 273 607 277 238 378 621 586 432 443 679 403 546 345 562 319 320 409 222 136 733 202 114 487 190 582 578 468 270 358 648 418 637 713 351 23 165 796 573 282 187 420 501 474 110 470 209 120 532 222 471 606 76 171 269 408 283 702 302 557 504 570 215 202 189 217 241 538 143 775 24 769 557 498 577 418 514 38 160 353 455 344 651 440 483 676 269 571 267 277 131 201 250 482 347 237 244 701 204 268 543 455 328 
285 332 167 680 356 318 586 528 445 264 581 461 258 166 565 449 257 642 366 513 256 190 484 314 194 384 318 512 352 416 125 502 285 338 559 172 174 242 445 637 299 490 275 474 690 634 202 178 222 196 35 361 239 264 343 514 195 503 227 383 569 433 172 380 254 552 289 121 350 698 370 324 499 412 741 373 105 124 696 196 516 285 408 348 227 95 547 458 209 217 670 519 284 828 575 301 485 511 681 231 775 377 650 79 388 559 376 507 330 358 258 377 405 202 72 689 444 202 685 712 87 606 211 429 514 351 560 103 593 416 229 630 320 419 679 88 464 353 239 241 133 134 635 371 418 225 261 339 721 267 503 458 303 830 275 178 669 437 239 178 660 464 511 608 616 659 585 464 390 490 685 326 552 530 554 265 309 396 80 429 493 606 442 525 483 127 275 600 143 132 73 397 433 672 380 193 652 79 569 403 542 483 355 725 508 277 375 746 465 661 646 381 341 251 175 505 473 461 450 129 741 670 149 475 444 311 532 712 654 310 188 458 379 720 709 385 645 533 265 621 548 261 228 502 409 273 490 106 705 167 
404 374 782 80 306 346 449 338 232 688 76 384 512 528 500 658 541 163 458 128 545 473 174 556 634 346 355 297 292 300 515 737 604 307 445 634 706 504 458 330 538 206 409 361 156 224 684 725 445 559 619 423 738 839 297 516 678 189 824 555 86 474 776 281 414 198 516 531 312 62 349 353 585 573 134 707 738 728 92 516 149 388 517 476 516 592 161 373 648 621 31 239 623 276 242 450 538 629 39 410 257 565 198 670 533 343 589 183 531 572 656 385 391 520 687 155 230 493 271 215 576 278 618 281 368 635 234 740 290 543 648 224 621 517 84 574 218 611 408 591 762 520 485 320 579 450 823 654 495 634 138 184 375 264 601 700 98 603 698 620 42 426 138 38 98 486 285 661 551 467 147 332 382 393 232 377 358 590 639 550 608 42 352 512 744 769 592 210 674 736 688 455 343 389 459 786 499 688 399 416 187 157 352 515 581 614 488 147 435 274 265 535 305 527 782 494 718 381 728 766 140 282 674 357 331 383 134 98 34 662 711 335 643 482 248 256 123 231 423 135 255 653 452 145 656 398 150 745 98 583 
384 433 775 191 356 335 350 438 302 740 93 312 566 516 407 738 506 50 404 170 600 505 169 509 678 417 340 395 302 374 526 819 562 315 351 612 742 476 545 221 601 289 456 287 271 338 726 707 481 536 634 374 710 819 321 611 720 150 810 631 101 558 766 271 453 122 476 553 361 106 311 335 675 653 233 774 740 721 200 498 136 433 597 425 490 618 260 302 620 669 130 168 681 378 148 510 629 719 122 425 367 505 83 692 610 249 530 269 482 643 619 337 333 563 706 47 299 533 387 330 576 173 665 240 283 703 339 754 400 624 696 338 685 599 50 574 189 680 412 557 760 544 380 381 512 489 801 720 382 689 179 204 423 364 658 680 213 684 666 661 79 516 205 102 211 378 185 743 489 385 262 325 485 493 336 390 404 667 634 632 697 144 289 425 823 776 552 108 659 729 687 394 426 277 402 773 392 686 504 357 121 195 415 403 673 573 564 247 525 159 153 474 310 494 773 410 797 309 804 769 241 398 658 449 270 359 219 200 84 722 690 423 715 369 364 287 9 155 405 36 359 616 439 161 732 386 187 750 203 564 
131 225 509 331 151 70 337 350 179 493 207 209 331 253 359 544 274 266 222 152 364 244 105 300 423 241 82 308 40 222 255 624 341 47 318 359 478 233 388 310 378 211 220 199 370 359 469 450 227 285 362 184 464 564 75 471 462 126 549 433 195 393 502 15 207 182 255 284 152 326 107 81 513 462 395 549 469 455 348 241 137 198 414 232 244 350 245 198 374 419 306 162 446 514 219 291 472 551 313 156 473 327 279 422 417 254 349 212 281 435 387 153 177 312 435 311 174 280 421 412 305 262 414 88 235 484 305 482 367 440 447 356 459 420 301 304 88 465 140 321 491 276 389 195 353 237 548 494 449 449 144 93 197 509 423 425 329 497 425 404 286 373 172 238 282 405 246 553 319 293 362 57 398 392 299 121 176 468 366 452 527 248 168 345 621 505 327 234 399 463 418 234 281 363 229 511 408 418 421 200 169 126 220 462 515 349 373 404 381 308 292 301 41 258 508 321 598 206 596 499 398 417 399 326 150 114 205 361 281 489 436 295 502 441 426 80 266 173 149 242 309 384 177 130 525 123 131 479 357 308 
617 454 944 199 429 554 726 289 342 731 345 649 572 716 776 620 760 439 703 347 598 592 415 789 704 404 569 282 485 367 668 684 829 499 721 828 787 717 429 609 573 298 509 627 126 148 752 909 561 761 752 666 937 1021 470 441 749 449 996 547 351 449 943 500 528 473 744 661 435 290 587 569 518 549 164 706 887 892 189 715 404 497 499 717 726 707 247 637 851 682 259 510 656 67 521 509 479 559 268 570 23 811 474 784 524 621 834 286 769 574 870 630 644 607 807 418 345 592 108 76 740 557 682 529 640 639 223 867 207 519 704 153 638 494 345 739 467 614 587 805 915 648 764 411 832 559 1009 664 773 674 351 400 479 84 639 889 182 566 903 697 310 392 316 309 212 765 564 615 800 735 135 538 300 324 228 546 473 574 806 518 545 272 612 783 700 905 815 489 856 901 845 708 364 667 708 958 778 847 301 669 460 365 429 793 510 836 493 151 399 550 543 783 500 744 948 763 675 645 696 912 156 129 858 340 590 602 283 192 306 684 901 342 635 759 74 430 398 504 631 413 237 869 650 380 635 601 363 888 187 777 
602 479 952 146 440 540 672 342 351 774 298 607 608 712 725 683 744 375 674 320 636 610 383 767 740 434 553 324 475 391 676 751 811 489 669 823 820 704 485 546 615 307 531 585 106 185 789 909 579 752 768 638 931 1023 466 509 785 409 1001 601 307 504 950 480 546 422 724 677 446 220 560 552 586 607 92 761 900 899 132 707 366 516 554 690 714 729 249 596 843 720 199 463 701 53 465 543 544 628 204 574 70 782 408 807 578 567 806 290 744 626 857 600 610 636 828 347 352 616 173 101 746 497 719 497 592 692 254 887 262 577 743 189 687 550 277 744 433 667 584 792 926 665 705 430 799 580 1009 716 706 718 327 377 498 40 682 887 141 628 894 730 247 447 299 260 188 704 506 680 770 691 112 524 363 386 258 546 488 630 811 578 613 230 574 736 766 922 798 430 857 908 854 675 402 602 677 963 718 856 368 636 412 344 454 727 578 819 542 78 455 483 478 753 489 729 955 718 740 604 759 926 84 195 858 387 552 584 270 127 245 733 898 382 691 692 130 424 334 456 618 353 274 855 642 349 694 590 340 903 126 772 
402 159 500 518 240 376 710 250 289 192 497 573 83 390 719 164 489 607 533 418 82 197 439 547 182 174 390 260 340 220 289 244 550 338 687 474 264 449 121 689 41 315 164 571 489 400 222 512 186 448 302 505 567 602 305 177 221 484 562 56 488 104 508 393 186 545 501 243 236 582 457 397 167 89 564 186 433 462 531 412 467 184 70 528 444 242 368 564 510 155 540 538 117 599 593 89 147 191 554 276 540 604 631 298 52 634 615 338 546 55 553 493 526 141 323 637 292 157 430 485 354 638 157 468 610 115 331 383 331 81 171 395 103 81 591 353 457 91 317 506 461 233 763 208 643 173 599 135 828 136 409 394 183 608 101 506 496 123 555 183 556 152 387 503 448 781 625 174 607 644 488 368 251 226 328 292 204 88 402 95 169 477 536 693 241 428 535 597 469 470 411 559 185 744 547 530 782 417 262 540 529 395 174 840 175 548 47 563 149 678 663 591 344 475 511 669 217 572 217 447 560 410 473 199 523 414 386 548 547 147 518 202 126 822 466 319 588 547 396 574 311 554 380 432 145 375 403 423 539 439 
360 549 720 435 470 348 125 628 460 811 299 186 656 479 188 869 421 196 295 340 688 559 285 394 737 555 341 582 366 524 536 950 451 371 139 541 779 412 700 25 704 468 546 169 512 564 778 634 547 472 639 286 614 732 401 779 771 235 737 758 297 709 706 314 531 181 384 581 472 351 277 334 830 786 479 874 705 672 445 451 270 524 736 318 428 646 463 186 534 737 375 170 770 624 126 617 786 870 368 463 612 361 163 706 741 84 384 455 365 761 514 266 239 632 711 230 455 599 619 570 556 80 731 240 132 810 545 743 610 762 764 563 784 741 294 555 252 791 431 466 719 577 139 510 349 559 711 819 141 771 344 329 522 609 747 605 454 820 568 716 325 679 386 329 440 133 84 877 341 206 503 350 677 679 540 433 501 793 597 773 847 371 200 222 947 752 446 147 596 678 653 269 584 39 285 706 148 649 699 248 198 346 540 161 831 464 695 493 688 92 93 333 364 416 713 218 923 185 922 735 487 626 593 621 201 336 414 446 328 812 611 591 828 130 601 391 237 164 379 221 559 510 415 309 851 379 341 723 449 506 
355 211 680 176 166 293 528 163 77 520 185 422 346 449 565 475 497 309 455 129 378 337 192 531 476 172 308 118 222 126 404 554 567 235 516 561 553 453 274 446 365 33 259 405 167 127 525 642 306 495 495 417 671 755 204 335 521 240 731 373 182 290 679 246 273 288 484 403 173 243 338 310 402 390 228 528 627 628 190 449 199 242 334 465 461 456 26 410 584 459 199 308 451 306 343 282 356 446 214 304 255 560 342 534 351 427 582 20 513 392 606 383 404 367 555 323 79 345 189 192 475 389 457 294 429 457 77 613 143 360 484 124 445 334 263 474 240 432 320 541 653 391 575 159 586 307 743 477 610 464 126 158 225 307 430 622 156 419 637 464 223 242 83 176 106 584 386 477 552 510 162 277 211 217 72 279 215 408 541 366 425 141 382 562 561 648 553 328 590 637 582 464 160 508 461 693 592 584 231 428 271 129 187 628 399 573 307 230 252 408 396 534 237 481 684 539 534 419 545 653 226 184 592 174 360 343 58 207 215 488 634 152 463 599 198 165 279 309 367 275 89 604 385 162 474 337 132 629 198 511 
251 453 189 714 439 311 452 649 519 474 583 357 432 144 414 647 123 603 246 534 441 325 482 150 401 501 300 621 375 518 229 707 97 361 426 41 383 152 603 542 482 562 399 377 747 717 413 95 349 97 237 263 82 194 388 682 406 479 196 567 572 595 171 375 370 509 158 272 434 702 316 302 682 599 777 581 201 152 731 143 510 397 583 222 139 290 611 359 7 421 687 466 486 891 512 453 660 701 693 297 846 202 600 288 567 461 191 572 177 547 48 295 310 374 275 655 516 359 776 783 161 529 414 387 410 552 649 268 698 596 436 713 520 593 667 162 443 549 272 74 201 282 492 471 237 358 174 543 583 472 526 475 414 888 473 66 711 628 45 382 662 612 550 618 662 518 507 662 221 350 740 326 684 667 643 314 409 587 129 610 681 630 357 369 689 253 97 547 76 154 164 271 555 561 255 167 507 157 705 295 506 508 470 581 690 85 543 786 616 586 573 219 361 133 178 354 677 358 657 225 780 766 71 603 369 273 580 743 657 516 71 579 579 585 790 429 620 481 233 592 644 53 208 511 610 260 513 224 739 83 
413 386 211 762 432 437 721 561 519 183 682 594 269 301 701 392 392 756 502 608 251 261 590 448 148 433 439 556 457 474 239 427 416 444 694 299 75 377 450 765 289 560 334 605 760 690 121 272 290 332 133 495 338 317 441 502 118 616 271 359 671 434 227 494 323 669 425 206 426 794 497 446 467 381 820 293 150 200 778 332 623 352 397 483 363 142 619 590 332 176 762 640 235 890 697 330 466 468 774 334 834 512 768 68 371 689 509 580 465 329 381 508 537 230 63 801 519 248 733 773 222 731 173 550 646 297 615 75 636 395 170 685 272 407 782 223 578 308 353 373 171 215 770 434 552 287 323 276 856 214 598 559 368 895 238 284 747 397 351 147 758 478 598 704 694 794 711 408 525 626 756 442 574 550 611 369 381 360 208 406 455 696 572 661 404 117 408 719 257 204 169 532 474 804 515 250 788 177 588 537 658 579 410 860 478 407 375 823 476 785 769 517 449 387 226 641 400 594 372 146 819 716 263 507 572 437 614 794 751 244 291 498 323 854 763 479 755 653 393 732 600 385 357 603 351 396 586 129 787 301 
158 315 549 340 239 121 252 425 250 577 194 135 420 290 281 634 278 208 188 173 452 326 104 286 505 327 120 380 130 303 319 714 337 134 235 383 555 247 474 221 467 273 310 119 395 407 549 478 312 307 427 153 481 590 165 557 542 82 582 523 183 481 539 77 294 115 250 356 240 308 82 114 602 552 402 637 519 496 356 271 121 287 504 206 261 423 292 123 391 503 300 81 534 535 138 381 559 640 303 232 502 295 212 490 507 164 320 267 261 525 392 115 124 397 500 259 245 365 469 445 356 176 498 11 149 573 364 541 429 530 531 404 548 509 269 355 53 555 206 329 538 351 303 281 313 323 572 583 359 536 170 129 287 527 511 451 346 586 438 486 268 458 210 231 308 317 159 642 283 223 387 118 473 470 358 199 266 558 411 541 616 256 95 274 711 559 325 162 431 504 465 188 364 274 190 545 322 464 496 149 109 160 309 373 603 347 462 413 466 227 212 266 128 265 546 252 688 132 686 549 407 468 430 406 73 132 245 366 264 576 461 375 592 352 466 162 221 95 179 194 372 389 215 139 615 165 160 532 364 336 
215 432 578 424 358 212 131 545 371 673 273 48 526 333 163 747 281 226 158 279 556 422 210 263 597 447 201 500 244 424 392 827 320 245 115 400 636 268 594 142 576 391 420 25 490 516 637 494 413 328 493 142 481 597 281 677 629 168 599 637 265 600 564 192 401 149 245 438 359 367 134 194 720 667 481 742 561 528 438 306 213 398 621 181 284 502 403 43 396 599 373 107 636 622 123 493 679 758 372 325 596 245 211 560 623 61 270 383 234 637 382 120 95 496 565 277 365 464 577 544 410 127 593 119 28 681 479 597 545 646 625 514 654 627 316 409 161 664 290 329 575 435 182 401 246 426 577 688 246 636 278 245 400 611 614 466 436 702 435 576 330 579 321 311 406 198 105 757 227 120 481 216 594 591 474 298 380 671 452 658 734 344 55 166 822 607 313 163 454 535 508 138 485 176 151 566 201 505 617 108 159 272 427 257 722 333 578 493 587 183 171 214 239 274 571 147 799 46 795 591 487 578 452 528 60 192 354 444 330 679 473 497 701 240 569 283 257 115 234 231 489 378 270 244 726 235 270 577 445 362 
324 93 460 474 170 297 631 244 234 222 435 494 49 320 639 243 416 539 455 355 79 127 369 472 182 125 311 240 263 171 223 322 479 260 608 411 263 374 153 613 76 267 84 492 456 377 230 459 110 378 258 426 510 557 229 230 226 412 521 135 425 143 466 316 107 473 426 183 165 528 377 317 238 167 525 249 395 417 488 340 398 106 134 450 370 202 324 485 446 162 489 463 157 578 519 16 209 267 503 197 521 528 562 271 125 557 540 289 470 132 487 414 447 92 295 572 236 94 417 462 293 563 161 391 531 181 304 357 319 153 186 373 160 144 532 292 383 161 239 436 424 172 684 146 567 98 552 195 750 168 346 325 107 585 134 450 454 201 493 174 499 170 329 445 404 702 550 253 530 564 454 289 261 238 300 213 128 168 348 167 244 424 457 614 317 399 464 525 413 426 366 480 158 667 468 486 703 371 277 461 457 330 114 762 244 478 92 526 171 605 590 514 266 401 469 590 295 493 292 414 523 399 417 190 444 334 334 505 491 197 462 181 198 744 449 246 524 473 318 508 286 488 304 365 222 296 338 389 497 373 
408 623 739 525 546 408 101 714 543 869 389 221 722 514 152 941 440 285 317 428 753 618 370 403 792 633 398 668 437 605 584 1021 458 439 127 560 828 441 780 115 772 555 615 214 602 654 831 648 610 497 681 319 619 738 473 860 824 319 749 830 387 787 723 383 597 269 404 632 548 440 330 391 908 859 568 938 732 694 535 485 358 593 811 338 456 695 552 226 547 795 465 252 833 713 214 687 865 947 457 522 702 358 252 749 815 142 377 542 376 831 520 308 277 693 751 315 538 660 710 661 593 171 789 309 172 877 633 777 699 837 822 653 850 817 383 592 332 859 486 481 742 629 76 588 336 622 716 885 53 832 431 412 594 698 810 619 544 894 574 772 414 761 474 420 530 57 171 950 338 203 593 412 763 763 628 494 573 865 626 849 924 462 249 196 1017 781 456 238 616 699 681 288 666 58 304 720 75 677 785 277 286 432 616 70 909 471 770 582 769 177 182 335 433 439 730 203 994 221 991 761 576 716 612 704 257 386 503 535 418 875 624 674 897 44 692 468 326 249 425 311 647 515 459 396 921 430 427 751 538 531 
378 568 735 448 489 367 127 646 479 830 315 201 675 496 190 888 435 208 309 358 707 578 304 406 755 574 359 600 385 543 554 969 463 390 145 556 797 427 719 40 723 486 565 186 526 579 797 648 566 487 656 301 626 745 420 798 789 253 751 777 313 728 720 333 550 198 398 599 491 363 295 352 849 805 491 893 721 687 458 468 288 543 755 332 443 664 480 202 547 755 388 189 789 636 143 636 805 889 380 482 625 372 175 723 760 101 394 472 378 780 527 283 255 651 728 239 473 618 635 584 572 97 750 259 147 829 562 760 627 781 783 579 804 760 306 571 271 810 449 480 734 595 134 529 358 578 724 839 126 790 362 348 542 621 766 619 468 839 580 735 337 698 404 344 455 125 103 896 351 215 517 369 695 697 557 451 521 812 613 792 866 386 218 227 966 768 459 163 611 693 669 283 603 21 298 720 141 665 717 263 216 365 559 146 850 476 714 505 707 100 105 344 383 431 727 225 943 200 941 751 499 642 608 639 219 354 431 458 341 831 624 610 848 113 616 410 249 183 397 234 577 522 433 327 870 397 359 738 461 521 
343 100 479 473 179 315 648 231 236 224 441 512 60 342 658 226 438 548 475 362 85 149 379 494 191 124 329 231 278 171 245 306 501 275 626 433 274 396 132 627 69 267 102 509 452 369 238 480 132 400 277 446 531 577 243 208 235 423 540 117 431 122 486 331 127 484 447 205 175 531 395 336 217 148 523 241 414 437 487 362 407 122 113 471 392 220 323 503 468 169 490 476 155 570 531 27 187 246 505 218 512 549 572 287 105 572 561 290 492 117 509 432 465 111 312 580 239 116 407 454 315 576 169 406 548 171 297 373 308 132 191 365 152 122 537 313 395 149 259 458 443 193 701 151 588 120 572 187 766 168 352 335 121 578 133 472 452 182 515 185 503 152 333 449 402 719 563 236 551 583 450 306 245 221 293 232 142 150 369 146 223 426 474 633 303 416 486 536 434 445 386 500 149 682 488 506 720 391 260 480 468 338 117 778 223 500 70 523 152 617 602 535 282 423 488 609 279 510 279 432 520 388 438 177 461 353 335 504 495 192 483 171 186 759 440 257 531 486 338 516 278 510 325 374 207 316 345 407 495 395 
386 491 7 821 508 435 635 687 596 385 710 530 416 253 600 587 296 752 422 647 411 348 608 334 331 542 429 670 483 572 269 630 284 468 609 175 277 306 604 715 453 640 433 548 839 789 320 94 379 245 195 431 151 113 482 670 315 618 69 534 698 591 22 500 410 659 333 279 501 829 466 433 649 562 884 496 61 47 838 273 640 441 564 399 290 252 696 531 191 357 806 620 423 979 671 461 639 657 814 372 928 389 755 200 542 634 378 656 360 507 229 457 478 361 176 803 594 362 841 865 200 695 352 533 584 489 715 130 752 569 361 784 461 574 803 201 579 496 367 255 35 292 677 527 424 383 117 472 768 404 638 590 459 980 419 120 813 584 182 319 789 624 652 740 761 703 673 603 407 534 833 446 712 690 710 401 463 543 136 582 641 743 522 555 607 92 283 703 120 39 91 449 593 740 433 44 692 89 730 468 652 619 513 767 659 272 533 890 625 752 738 405 470 300 20 540 602 531 575 60 885 827 123 635 530 411 677 853 783 441 119 618 517 770 864 525 762 634 364 736 705 234 329 631 546 383 625 77 847 211 
489 242 552 576 322 463 797 284 361 192 570 660 161 469 806 77 571 684 620 493 146 280 519 629 216 247 477 307 426 290 367 159 629 424 774 546 289 531 141 773 107 381 250 658 538 441 243 575 272 526 363 592 634 657 390 151 245 566 615 33 562 122 563 479 273 627 585 317 319 648 544 484 105 22 616 136 484 519 587 493 546 271 73 614 526 304 429 651 583 189 604 622 127 634 676 176 110 114 619 362 574 687 710 345 53 720 698 404 630 40 628 580 613 215 370 711 365 237 461 525 426 721 194 554 697 76 380 425 365 50 192 437 91 76 662 425 540 56 403 585 512 309 849 286 727 259 656 102 914 148 485 474 269 645 126 573 552 40 625 225 625 179 459 573 507 867 709 87 691 731 538 455 271 245 378 379 290 4 469 53 95 544 623 780 159 471 615 678 536 527 470 645 244 829 633 585 869 477 274 627 610 472 254 927 115 627 99 614 171 760 745 676 430 557 564 756 134 659 141 494 612 440 541 242 610 500 453 604 616 131 584 255 65 908 501 401 664 631 482 651 358 629 465 510 69 461 480 471 595 515 
353 423 744 220 344 307 314 446 299 725 97 274 553 485 370 734 471 26 367 165 587 485 149 472 661 411 310 401 280 370 501 815 526 292 314 579 722 443 545 189 590 292 441 249 298 357 708 674 463 503 609 337 675 786 301 614 702 122 778 625 101 557 735 244 437 85 441 530 349 142 277 305 676 648 266 764 711 691 231 466 117 418 594 388 457 596 269 264 586 653 161 131 669 411 110 499 630 719 154 402 397 468 60 669 605 211 492 273 445 636 584 301 296 546 681 64 295 516 409 356 547 138 649 207 245 694 351 728 414 621 681 357 674 596 88 546 161 672 386 522 731 522 346 373 474 471 767 710 354 676 173 189 410 398 646 647 240 681 632 643 111 517 206 119 231 346 148 739 451 347 289 298 493 500 347 367 390 661 604 630 696 162 251 387 818 749 516 72 627 699 658 357 425 248 365 741 359 657 513 319 87 186 406 374 674 537 559 280 527 133 124 437 287 460 741 372 792 271 798 741 274 418 626 452 233 327 224 232 114 710 657 425 707 341 389 271 28 118 374 7 369 580 409 149 725 356 178 722 235 532 
383 142 641 296 155 329 619 63 118 416 311 498 253 444 647 347 515 433 504 243 279 285 292 560 385 91 346 37 262 73 372 425 585 270 603 552 467 469 145 556 257 114 200 486 261 174 433 621 254 497 442 467 660 728 230 208 429 342 698 250 305 161 643 305 225 398 511 354 159 371 395 350 273 264 338 409 580 592 307 452 309 195 207 509 473 393 151 486 581 364 327 409 343 375 452 189 226 316 342 291 317 601 464 468 227 523 619 134 547 272 612 440 467 289 491 450 123 277 214 260 448 499 363 370 516 338 103 552 118 233 386 170 330 206 393 447 330 313 322 551 608 341 668 117 633 250 719 361 715 359 237 248 177 383 324 605 272 291 633 377 353 113 200 305 228 681 493 348 597 583 260 314 108 103 100 280 179 283 511 238 295 271 456 635 433 592 570 443 570 601 542 520 45 616 513 661 687 546 131 489 380 231 121 731 270 589 187 336 122 525 512 579 274 499 647 611 406 495 419 602 334 197 573 45 437 380 184 324 344 375 617 25 341 705 245 209 405 413 389 398 84 611 395 270 349 359 237 578 315 505 
384 269 330 655 331 388 707 427 410 82 596 572 138 310 700 264 414 685 499 518 113 180 514 475 7 311 395 428 386 356 214 314 458 377 682 355 76 385 310 725 148 448 228 577 643 565 46 364 199 359 158 482 427 436 361 361 40 548 393 218 585 293 342 432 227 606 439 161 325 700 461 403 329 242 709 185 262 302 670 340 546 250 255 486 374 110 507 566 393 35 663 585 99 766 643 202 325 333 676 274 708 538 703 123 230 656 542 470 484 188 441 484 517 118 147 725 411 147 604 650 244 683 31 500 619 166 492 201 505 254 40 560 137 265 696 244 513 172 306 412 289 162 759 322 580 191 437 151 838 81 508 476 263 773 97 367 637 261 427 20 667 339 500 612 585 781 665 280 547 622 640 388 437 412 487 306 280 222 267 266 318 597 542 665 294 246 446 659 332 309 255 529 346 771 513 365 778 263 449 523 592 490 293 846 339 453 235 711 337 732 716 535 382 404 343 642 284 571 262 270 707 586 337 374 537 405 510 687 659 122 377 368 194 834 636 393 677 597 369 657 474 444 339 519 224 361 498 248 679 337 
514 367 848 119 334 452 632 232 245 661 250 548 494 616 679 574 658 355 601 245 523 501 314 686 627 321 466 211 383 279 572 645 726 397 625 728 707 615 374 521 502 201 420 528 38 74 675 810 470 660 661 563 837 924 369 404 672 350 900 489 255 393 847 397 437 378 641 569 340 219 484 467 481 497 117 649 794 796 116 614 304 406 442 614 624 619 146 536 750 607 179 412 588 138 428 430 437 524 192 472 88 708 390 697 466 526 731 186 666 513 768 527 542 524 719 342 247 505 87 27 644 467 606 427 542 579 141 778 154 466 630 78 574 439 268 642 366 554 487 703 821 557 671 320 730 470 911 603 686 604 249 297 389 141 569 790 94 519 802 617 229 337 213 216 111 674 471 572 698 635 46 436 257 278 145 447 380 519 709 468 507 176 511 684 658 814 712 398 758 805 750 605 289 581 605 861 686 752 266 567 364 262 343 706 474 734 429 109 345 465 457 680 398 642 852 663 632 545 650 819 110 105 760 275 488 499 180 126 223 619 801 269 579 674 56 328 315 408 529 326 161 767 549 278 584 499 260 796 118 677 
486 429 859 49 369 427 521 356 287 742 159 465 567 608 575 691 624 223 541 205 599 540 256 639 694 395 437 321 370 348 590 768 687 385 520 715 768 587 488 394 588 252 471 441 119 214 744 805 511 641 691 506 820 920 372 536 738 272 903 594 169 506 854 362 479 275 600 601 376 68 432 435 609 609 60 750 814 805 42 597 232 451 552 559 598 660 197 454 730 678 52 318 674 205 315 503 563 653 53 484 198 648 256 739 571 417 672 229 615 614 738 468 474 582 757 196 286 557 245 174 653 345 676 364 445 679 250 812 292 578 704 216 668 551 125 651 301 654 485 673 838 590 553 376 661 515 904 700 554 687 214 264 436 191 652 781 76 635 780 681 96 453 204 121 117 552 355 692 634 545 113 412 393 409 250 452 422 628 717 583 634 109 434 589 777 842 675 278 754 814 764 538 381 450 542 865 566 765 407 499 266 234 406 575 604 697 529 74 462 331 326 617 383 610 860 572 751 462 764 842 68 261 755 385 413 465 188 31 95 711 792 369 684 541 212 329 182 309 504 202 273 736 533 226 694 479 227 820 39 664 
382 535 87 837 540 438 591 734 625 468 714 499 479 257 549 666 265 742 388 659 478 395 612 289 409 586 429 713 496 611 304 713 234 481 565 152 363 288 664 685 521 670 478 520 863 822 403 59 424 228 257 405 75 55 502 736 397 614 58 605 702 653 67 503 452 648 300 329 534 834 454 432 721 634 901 580 144 100 854 268 642 482 630 365 274 317 723 502 149 434 815 606 501 1006 653 517 707 732 822 398 957 335 740 279 610 603 320 683 317 580 172 436 452 422 256 794 623 417 878 894 229 671 428 524 552 568 751 218 793 638 441 818 538 641 802 231 577 572 384 217 124 341 628 565 365 431 41 553 719 483 651 601 500 1005 494 84 832 658 118 395 793 681 670 747 781 654 649 682 355 489 857 452 763 743 745 422 501 617 166 651 714 756 498 503 691 183 237 688 111 93 148 412 639 702 398 47 642 142 783 438 644 632 556 716 730 221 596 908 682 728 715 357 482 274 71 491 684 501 659 150 903 866 110 684 510 406 698 868 788 522 74 664 596 723 897 544 757 621 362 729 743 177 331 639 626 385 637 164 863 201 
327 586 600 594 518 351 76 717 542 785 444 160 660 403 13 889 312 373 205 455 686 545 387 264 706 609 337 673 402 591 490 966 313 399 69 426 728 326 754 219 713 566 563 173 663 692 739 506 545 372 574 224 470 588 439 839 732 344 603 783 438 757 583 354 540 316 278 542 518 526 272 330 875 814 647 868 603 559 607 372 389 544 772 220 339 599 580 171 406 714 539 279 761 790 274 638 836 910 536 453 768 209 348 641 771 172 225 559 241 778 373 233 200 620 639 417 537 589 753 718 481 250 707 288 150 813 655 656 721 796 738 690 784 780 471 480 337 800 412 344 609 543 87 563 181 558 566 817 176 757 455 420 550 778 740 478 607 848 426 685 493 742 497 481 580 112 236 900 190 82 654 361 765 760 649 433 531 815 502 809 886 517 201 42 958 654 314 312 481 563 555 175 651 197 191 577 98 550 788 186 329 449 585 172 878 326 729 660 750 288 284 192 394 315 590 62 938 162 929 631 654 755 476 696 221 313 531 611 494 802 481 665 837 182 744 449 411 284 338 388 664 368 365 420 864 354 447 623 612 405 
700 685 2055 2095 550 560 2230 1615 970 1780 1625 1545 1010 920 2270 2140 1285 2010 1360 1265 1160 525 1165 1530 1425 890 625 1460 505 940 680 2530 1625 455 2115 1475 1705 1055 1535 2215 1265 1190 510 1545 2170 1955 1650 1860 450 1185 1190 1205 2020 2425 415 1960 1615 1315 2305 1605 1565 1530 2040 730 390 1600 1285 755 520 2195 965 660 2090 1760 2400 2090 1805 1790 2175 955 1330 430 1570 1350 1065 1075 1460 1505 1610 1405 2050 1495 1565 2880 1785 885 1910 2250 2100 165 2630 1770 2085 1455 1550 1895 1850 1260 1490 1580 1755 1140 1305 875 1535 2225 955 715 2240 2315 1025 1990 1380 1080 1745 1785 1605 1795 1845 1680 1545 1935 1650 1605 2120 1015 1135 1705 315 1450 1930 710 2495 715 1955 510 2365 1825 2845 1570 1215 1005 485 2880 1450 1765 2045 1935 1870 1330 2010 1525 1250 1745 1780 2595 1905 2195 1770 1895 2145 535 1810 1735 1575 135 425 1765 1355 1745 2135 1725 1365 2145 2495 1940 1550 1865 1600 1835 1565 1480 1160 2465 1420 2110 2595 1575 1920 1375 1535 1115 740 2900 2110 1640 1350 2430 1555 2230 2155 1685 480 1200 2070 2020 2390 1540 2360 1940 2405 2185 1610 1405 1315 745 1365 2255 1975 1780 1825 1270 1895 2820 2325 620 1990 1555 690 1880 1575 1750 680 1225 2020 565 1150 1830 2220 1230 
2360 1745 4085 365 1525 2045 2895 1210 1080 3260 985 2485 2410 2890 3130 2910 3075 1515 2765 980 2560 2380 1320 3205 3065 1535 2110 1060 1710 1310 2705 3285 3415 1785 2860 3450 3460 2865 1900 2340 2475 865 1995 2380 145 470 3310 3870 2230 3100 3170 2575 3990 4440 1660 2105 3290 1490 4330 2455 1010 1990 4075 1760 2065 1625 2980 2715 1560 865 2180 2115 2475 2510 485 3250 3825 3820 380 2870 1265 1910 2230 2835 2910 2980 570 2425 3550 2970 655 1800 2905 865 1870 2085 2250 2695 720 2190 665 3305 1690 3370 2340 2365 3420 775 3095 2565 3635 2395 2460 2530 3475 1460 1085 2425 660 395 3055 2065 2965 1890 2450 2895 695 3765 865 2355 3095 485 2855 2220 1095 3045 1575 2770 2250 3305 3955 2650 3090 1495 3405 2235 4375 3010 3170 2980 1005 1250 1825 855 2805 3765 230 2635 3810 3010 890 1715 840 815 300 3105 2090 2910 3245 2915 115 1965 1375 1465 705 2055 1775 2615 3380 2370 2605 615 2300 3160 3340 3940 3345 1725 3610 3865 3595 2780 1410 2640 2785 4140 3165 3605 1440 2590 1555 1080 1620 3270 2445 3450 2140 475 1760 2065 2025 3160 1785 2995 4100 3060 3205 2470 3285 3955 465 725 3620 1385 2190 2275 685 455 860 3075 3820 1330 2910 3105 540 1450 1315 1775 2435 1365 805 3625 2545 1140 2945 2290 1065 3840 405 3195 
2600 1970 4330 440 1765 2285 3070 1350 1320 3465 1165 2695 2620 3135 3320 3065 3315 1645 2990 1205 2770 2615 1540 3440 3280 1750 2350 1230 1955 1530 2950 3425 3650 2025 3045 3690 3680 3105 2060 2490 2675 1100 2225 2585 95 565 3525 4115 2465 3345 3410 2805 4235 4685 1905 2225 3505 1695 4575 2625 1200 2155 4315 1995 2295 1805 3220 2950 1800 925 2415 2350 2605 2675 375 3425 4065 4065 410 3115 1475 2145 2400 3065 3155 3210 810 2635 3795 3185 750 1995 3105 625 2045 2295 2385 2820 800 2435 450 3530 1820 3605 2510 2545 3650 1015 3330 2745 3875 2620 2680 2750 3710 1560 1325 2650 640 265 3295 2225 3180 2110 2645 3075 870 4000 975 2520 3305 585 3045 2385 1190 3290 1795 2950 2495 3545 4195 2890 3260 1720 3625 2465 4620 3195 3310 3185 1235 1485 2060 610 3005 4010 350 2785 4055 3230 1000 1875 1080 985 530 3265 2260 3055 3475 3120 130 2205 1490 1595 885 2300 2010 2785 3625 2530 2735 800 2515 3360 3485 4175 3585 1885 3855 4110 3835 3005 1605 2785 3010 4385 3330 3845 1540 2810 1740 1315 1845 3415 2575 3690 2320 335 1915 2200 2160 3385 2025 3235 4340 3260 3355 2680 3440 4195 340 730 3860 1555 2405 2515 930 445 980 3270 4065 1515 3080 3245 455 1690 1440 1965 2675 1510 975 3865 2790 1365 3110 2535 1300 4080 405 3435 
2560 360 4264 3048 888 2216 4792 1288 1184 2520 2848 3744 1152 2832 4936 2336 3504 3744 3600 2224 1392 1432 2432 3904 2208 264 2352 1192 1800 640 2176 2992 4040 1816 4640 3656 2856 3144 1016 4496 1280 1408 776 3688 2896 2264 2600 4152 1200 3288 2656 3336 4504 4992 1504 1704 2568 2816 4728 1456 2776 1048 4288 2216 1000 3304 3520 1976 880 3528 2832 2392 2008 1656 3448 2616 3768 3888 3160 2936 2640 800 1240 3600 3144 2256 1848 3656 3912 2056 3200 3288 1968 3872 3696 632 1680 2312 3312 1664 3416 4296 3952 2848 1304 4120 4416 1592 3848 1552 4192 3168 3416 1416 3040 3968 1208 1328 2608 2944 2776 4072 2048 2800 3976 2048 1672 3528 1840 1448 2248 2232 1928 1272 3600 2768 2624 1856 1960 3736 3992 1872 5216 568 4576 1144 4928 2200 5680 2072 2152 2072 688 3928 1792 4048 2888 1928 4320 2136 3320 976 1968 2888 2488 5336 3984 2392 4288 4368 2872 2128 1512 1360 1640 1664 792 1752 3264 1536 2128 2696 3424 4784 3000 3848 3920 3704 3752 3960 3480 3768 536 4960 3688 4440 5360 3520 1672 3568 3160 2048 328 5792 2024 4056 928 3456 1024 4360 4240 4144 1864 3376 4320 4592 2800 3728 2840 3936 3432 2472 3784 880 3288 2592 1960 3296 3248 2264 4144 736 2128 5616 2848 1520 3584 3344 2568 3480 1544 4192 2544 2352 2256 2352 2112 3744 3232 3304 
3564 5751 6183 5355 5103 3699 702 6777 5211 7722 4059 1917 6516 4347 756 8559 3573 3240 2547 4293 6777 5517 3708 3150 7020 5913 3573 6372 4068 5706 5085 9261 3609 4068 891 4608 7254 3663 7236 1710 6984 5373 5607 1944 6021 6390 7335 5337 5490 4104 5886 2664 5022 6075 4401 7983 7263 3276 6210 7578 4023 7281 6030 3609 5409 2916 3258 5544 5112 4644 2970 3510 8361 7848 5778 8433 6201 5814 5454 4077 3663 5418 7452 2709 3789 6075 5427 1998 4437 7074 4824 2664 7470 7083 2457 6273 7992 8685 4770 4671 6948 2673 2961 6489 7452 1602 2808 5283 2934 7551 4140 2673 2367 6192 6489 3573 5166 5913 6921 6534 5058 2133 7020 2952 1629 7911 6129 6660 6732 7677 7299 6381 7659 7506 4131 5049 3303 7776 4311 3870 6255 5544 270 5499 2412 5598 5877 7956 828 7443 4302 4059 5454 6966 7272 5085 5508 8163 4626 6831 4383 7101 4689 4365 5319 333 2070 8649 2502 1422 5940 3762 7218 7200 6084 4455 5283 7875 5283 7785 8478 4725 2259 1161 9198 6651 3609 2745 5103 5850 5760 2268 6255 1323 2421 5976 171 5715 7425 2295 3051 4275 5724 765 8379 3717 7065 5904 7173 2331 2340 2511 4014 3591 6093 1305 9009 1926 8946 6453 5850 6957 5067 6633 2394 3402 4977 5472 4401 7839 5112 6354 8109 909 6795 4437 3600 2673 3681 3429 6237 4095 3951 3978 8343 3789 4248 6381 5490 4401 
1745 2675 740 4055 2645 2045 2655 3670 3055 2535 3410 2235 2480 1180 2435 3480 1095 3500 1685 3160 2495 2000 2900 1170 2205 2925 1990 3540 2360 3025 1520 3745 880 2285 2530 620 2030 1250 3380 3160 2710 3275 2395 2345 4215 4050 2210 355 2130 975 1405 1790 75 530 2410 3755 2180 2890 625 3135 3350 3330 635 2365 2255 3030 1260 1690 2615 4000 2070 2000 3715 3285 4375 3085 960 705 4140 1195 3040 2400 3240 1565 1185 1700 3525 2255 530 2325 3925 2815 2655 4935 3035 2630 3625 3790 3955 1930 4700 1370 3480 1575 3145 2750 1285 3330 1310 3020 565 1955 2020 2185 1480 3760 3040 2135 4335 4390 1150 3110 2290 2425 2495 2995 3700 1340 3935 3290 2375 4030 2840 3290 3830 1155 2705 3000 1825 845 895 1750 2835 2795 1505 2175 420 2930 3290 2575 3120 2865 2485 4925 2610 360 4040 3420 300 2125 3800 3445 3235 3580 3790 2965 3000 3560 1470 2150 4180 2120 3830 3735 3670 2030 2475 3215 875 3360 3695 3640 2255 2205 3645 1190 910 3215 545 685 900 1795 3195 3230 1725 555 2900 860 3930 1935 3020 3025 2770 3270 3760 815 3055 4415 3455 3390 3330 1485 2285 1155 665 2150 3595 2245 3480 1030 4390 4285 525 3425 2320 1855 3380 4205 3775 2785 300 3315 3135 3310 4415 2620 3585 2885 1655 3450 3670 590 1520 3045 3285 1785 3050 1075 4185 875 
1710 3618 2061 5877 3447 2259 3699 5364 4149 4122 4707 2754 3555 828 3411 5562 639 4896 1773 4257 3672 2547 3789 1035 3438 4041 2151 5103 2835 4167 1692 6138 738 2709 3456 450 3393 819 5022 4428 4023 4536 3150 2925 6183 5931 3600 1287 2727 342 1998 1881 1287 2259 2961 5760 3537 3771 2232 4779 4599 4968 1926 2826 2898 4059 972 2133 3402 5769 2313 2169 5805 5076 6453 5040 2016 1647 6030 756 4041 3114 4887 1566 702 2403 4959 2772 477 3591 5634 3681 4149 7479 4104 3690 5571 5994 5688 2187 7074 1584 4887 2547 4761 3690 1557 4617 1233 4626 693 2151 2304 3051 2466 5373 4113 2880 6462 6516 1197 4275 3528 2952 3240 4725 5328 2529 5787 5022 3753 5895 4437 4977 5463 1197 3447 4680 1935 333 2088 2205 4086 3753 1944 2826 2097 4671 4896 4041 4194 3735 3258 7452 4005 1026 5850 5346 936 3258 5409 5085 4410 5013 5409 4320 4077 5688 1728 2790 6120 2394 5697 5544 5274 2313 3204 4986 1152 5148 5805 5130 2718 3015 5994 2475 648 4410 945 1692 1593 2016 4527 4635 1872 1926 4230 1548 5895 2196 4023 4023 3762 4905 5868 675 4518 6525 5121 4788 4671 1674 2700 693 1989 2862 5868 2763 5706 2268 6471 6381 918 4968 2817 1908 4680 6147 5364 4446 1107 4734 4968 4914 6579 3321 5040 3807 1548 4797 5292 702 1332 4050 5247 1791 4068 2205 6102 351 
1944 2718 4272 1848 2238 1746 1356 3048 2082 4434 1026 1230 3444 2730 1698 4632 2544 450 1848 1320 3642 2946 1056 2490 4020 2706 1740 2778 1710 2490 2934 5124 2832 1764 1368 3234 4338 2412 3558 618 3702 2100 2766 1080 2304 2616 4290 3810 2838 2784 3582 1710 3768 4452 1890 4008 4248 774 4434 3972 1020 3618 4200 1428 2706 402 2340 3156 2262 1380 1446 1704 4344 4122 2124 4740 4110 3954 1914 2598 918 2628 3810 1992 2508 3552 2034 1182 3240 3996 1494 534 4140 3000 210 3162 4074 4590 1458 2394 2910 2412 330 3960 3858 762 2556 2004 2322 4008 3192 1512 1434 3354 4020 738 2052 3156 2946 2652 3150 300 3966 1074 996 4332 2526 4266 2916 3972 4158 2610 4200 3828 1044 3144 954 4212 2250 2844 4218 3114 1542 2454 2418 2898 4338 4410 1614 4164 1350 1326 2598 2916 4002 3636 1956 4326 3498 3906 1194 3414 1590 1206 1866 1548 366 4674 2304 1608 2250 1722 3342 3366 2496 2190 2472 4188 3462 4032 4452 1458 1152 1824 5124 4362 2778 114 3540 4002 3792 1758 2844 984 1824 4224 1626 3780 3468 1554 504 1386 2646 1734 4338 2898 3582 2208 3468 390 300 2226 1728 2490 4242 1746 4974 1212 4986 4290 2172 2988 3534 3042 1074 1788 1740 1920 1212 4392 3690 2868 4428 1542 2838 1764 684 450 2070 564 2622 3168 2292 1152 4554 2010 1350 4194 1938 2970 
2688 4704 4992 4616 4144 2848 400 5696 4296 6376 3424 1280 5336 3360 176 7160 2664 2816 1760 3552 5560 4440 3016 2296 5752 4872 2736 5344 3224 4712 4024 7784 2704 3208 424 3584 5952 2744 6040 1544 5760 4472 4544 1344 5184 5448 6024 4248 4416 3136 4728 1880 3976 4920 3512 6712 5968 2656 5024 6304 3384 6072 4856 2816 4368 2400 2384 4440 4144 4048 2200 2680 7024 6552 5024 7024 5000 4656 4720 3112 3008 4392 6208 1896 2856 4904 4560 1360 3440 5800 4168 2128 6168 6184 2040 5144 6704 7304 4136 3688 6016 1880 2600 5264 6200 1224 2016 4408 2104 6272 3192 1912 1648 5040 5256 3152 4256 4784 5928 5632 3984 1824 5752 2264 1112 6576 5176 5408 5704 6400 6008 5432 6344 6264 3608 3984 2632 6456 3368 2936 5056 4440 464 4504 1664 4520 4744 6608 1192 6136 3560 3296 4424 6080 6000 4016 4736 6824 3616 5584 3792 5936 3904 3712 4536 672 1720 7248 1720 760 5112 2920 6088 6056 5128 3512 4272 6568 4184 6504 7120 4016 1600 544 7728 5400 2704 2336 4032 4696 4608 1512 5192 1344 1648 4816 568 4568 6272 1560 2512 3520 4688 1160 7040 2808 5864 5136 6000 2104 2080 1728 3160 2680 4912 648 7560 1296 7496 5224 5088 5952 4000 5544 1744 2560 4168 4744 3800 6496 4048 5296 6752 1232 5848 3576 3120 2160 2792 2944 5256 3152 3024 3280 6968 2896 3496 5160 4760 3408 
3145 2435 4845 920 2275 2830 3560 1675 1830 3870 1675 3220 3055 3675 3820 3355 3860 2090 3530 1750 3195 3110 2080 3985 3720 2200 2895 1615 2495 1995 3465 3685 4195 2570 3545 4230 4125 3650 2385 2945 3075 1605 2705 3110 640 920 3960 4650 2955 3885 3910 3345 4775 5215 2440 2470 3940 2225 5100 2970 1715 2480 4840 2540 2790 2305 3765 3450 2305 1315 2955 2895 2855 2990 675 3770 4575 4585 850 3655 2005 2635 2730 3610 3695 3695 1330 3160 4335 3615 1195 2505 3500 85 2530 2735 2650 3060 1230 2960 220 4075 2255 4085 2855 3035 4190 1530 3875 3100 4420 3165 3220 3215 4195 1955 1840 3125 785 495 3820 2695 3610 2650 3155 3430 1290 4495 1265 2840 3725 940 3420 2710 1600 3815 2335 3305 3030 4090 4710 3390 3730 2205 4165 2955 5150 3555 3745 3585 1780 2030 2545 140 3410 4545 870 3085 4595 3675 1445 2200 1625 1485 1075 3730 2735 3330 4015 3640 675 2750 1750 1870 1310 2830 2505 3110 4150 2840 2990 1325 3045 3870 3760 4675 4130 2355 4385 4630 4355 3540 2020 3225 3550 4910 3800 4365 1765 3350 2250 1860 2315 3850 2815 4235 2690 605 2235 2630 2605 3925 2570 3780 4865 3780 3630 3205 3735 4705 635 895 4395 1915 2935 3060 1470 840 1430 3645 4600 1910 3415 3680 585 2230 1885 2470 3220 1970 1375 4410 3330 1905 3425 3075 1845 4585 825 3975 
2856 672 4568 2960 1104 2488 5016 984 1216 2664 2888 3976 1368 3152 5176 2272 3816 3824 3880 2280 1576 1744 2560 4216 2424 384 2624 944 2032 648 2496 2912 4360 2064 4864 3984 3080 3456 792 4656 1400 1360 1096 3912 2736 2056 2800 4472 1520 3608 2960 3608 4824 5304 1744 1456 2776 2952 5040 1432 2824 856 4600 2432 1320 3432 3824 2288 1104 3496 3088 2664 1832 1584 3328 2664 4072 4200 3064 3256 2744 1120 1136 3888 3456 2544 1768 3896 4240 2248 3152 3448 2088 3664 3840 872 1480 2152 3272 1976 3200 4592 4048 3128 1256 4312 4720 1544 4144 1568 4512 3432 3672 1688 3320 4016 1248 1624 2360 2736 3096 4216 2248 3008 4192 2088 1480 3808 1576 1352 2424 2016 2008 1152 3608 3088 2792 1888 2272 4056 4296 2184 5424 752 4872 1464 5248 2264 5864 2216 2216 2192 1000 3728 1936 4368 2784 1832 4640 2368 3312 688 1992 2896 2400 5544 4136 2304 4584 4624 2720 2384 1192 1040 1456 1960 1088 1712 3584 1424 1968 2664 3656 5040 2952 4136 4240 3824 4072 4272 3792 4040 304 5120 3968 4752 5576 3824 1352 3824 3288 2136 592 5984 1832 4376 896 3320 744 4480 4368 4440 2104 3688 4632 4840 2744 3960 2816 4232 3296 2216 4104 568 3512 2872 1944 3200 3240 2360 4464 472 2136 5800 2616 1704 3640 3496 2864 3552 1328 4520 2856 2440 2240 2640 2192 4040 3128 3624 
1710 1800 1224 3942 1980 1866 3576 2958 2514 1386 3390 2802 1314 1062 3474 2460 1656 3792 2268 2964 1302 960 2820 2010 948 2106 1872 2874 2016 2310 678 2790 1866 1938 3414 1224 894 1530 2442 3822 1560 2772 1458 2862 3978 3624 1026 1302 1146 1302 42 2214 1662 1818 1944 2850 978 2952 1590 2058 3318 2364 1260 2214 1344 3264 1830 558 1938 4080 2214 1914 2760 2238 4302 2022 834 978 4038 1248 3018 1530 2214 2166 1452 336 3126 2778 1446 1074 3906 3078 1476 4800 3420 1584 2676 2832 3966 1284 4476 2388 3858 366 2088 3366 2394 2880 2088 1914 1734 2280 2460 984 408 4068 2508 996 3918 4104 606 3618 1038 2538 3108 1878 3174 708 3360 2256 1158 3594 1692 2280 3984 606 2718 1884 1368 1596 1008 630 3870 2046 2640 1158 1800 1806 4380 1380 2904 2646 1638 4818 1416 1296 3864 2388 1650 840 3858 2562 2934 3540 3546 4014 3504 2556 2460 3018 3954 1902 3096 2958 3144 1488 1686 2142 690 2340 2724 3510 2664 3240 2682 912 1800 3564 1080 1026 672 2448 2394 4056 2352 1386 3978 714 3198 2466 3198 2784 1944 4410 2814 1824 2016 4332 2562 3948 3852 2400 1962 1614 1278 3114 2616 2802 2484 960 4302 3828 1116 2640 2664 1860 3054 4134 3816 1644 1356 2544 2046 4368 4074 2190 3798 3162 1590 3654 3102 1752 1374 2910 2226 1614 2832 816 4092 1146 
1950 300 3222 2286 690 1692 3624 942 894 1896 2148 2832 876 2154 3732 1740 2658 2820 2730 1680 1050 1098 1842 2958 1668 204 1788 876 1374 480 1656 2226 3060 1386 3504 2772 2160 2388 738 3390 960 1056 612 2790 2160 1686 1962 3144 924 2496 2016 2526 3408 3768 1152 1248 1938 2130 3570 1080 2094 756 3240 1686 780 2496 2670 1506 684 2652 2154 1824 1482 1224 2586 1956 2850 2940 2370 2232 1998 630 906 2730 2388 1710 1386 2772 2964 1548 2400 2484 1476 2892 2796 486 1230 1716 2490 1278 2544 3252 2982 2154 960 3114 3342 1194 2916 1152 3174 2406 2592 1080 2298 2988 912 1014 1938 2196 2106 3072 1542 2124 3006 1530 1242 2664 1356 1068 1692 1656 1440 936 2706 2100 1992 1386 1500 2832 3018 1428 3936 444 3462 888 3720 1644 4284 1560 1626 1572 546 2928 1350 3060 2166 1428 3270 1620 2496 702 1482 2178 1866 4026 3006 1776 3246 3306 2148 1620 1110 996 1218 1278 618 1296 2478 1134 1572 2022 2592 3618 2238 2910 2970 2796 2844 2994 2634 2856 384 3738 2796 3354 4050 2664 1230 2700 2388 1548 270 4362 1494 3072 684 2586 738 3288 3198 3138 1422 2562 3264 3468 2088 2820 2118 2976 2568 1836 2862 630 2496 1974 1476 2472 2442 1698 3132 534 1590 4236 2118 1158 2700 2532 1956 2622 1140 3174 1938 1776 1686 1788 1596 2832 2418 2508 
6010 3520 6300 6610 4310 5750 9090 3570 4620 2430 6710 7730 2700 5750 9180 390 6780 7880 7310 5960 2500 3890 6260 7380 2950 3510 5900 3880 5380 3910 4720 580 7340 5360 8870 6450 3510 6400 2220 8830 2160 4770 3630 7700 6130 5130 3060 6650 3830 6310 4540 7040 7260 7370 5020 1850 3100 6740 6930 1440 6640 2070 6430 5910 3860 7350 6940 4200 4280 7400 6560 5960 1080 1150 6950 1410 5630 6040 6710 6000 6520 3830 1680 7250 6340 3970 5190 7640 6830 2700 6950 7320 2030 6930 7850 2880 1490 710 7100 4740 6350 7960 8150 4250 1600 8320 8060 4990 7390 1490 7290 6930 7260 3210 4480 8120 4660 3460 5220 5930 5260 8310 2760 6660 8090 1360 4600 4980 4320 1400 2630 5090 1670 1650 7590 5260 6500 1370 5150 6890 5890 4130 9620 3930 8370 3700 7390 1510 10260 2210 5880 5810 3810 7070 2130 6650 6350 810 7220 3090 7200 2560 5590 6700 5950 9800 8190 250 8010 8430 6150 5680 3300 3080 4600 4920 4010 1110 5630 1320 810 6380 7350 8930 740 5420 7210 7850 6290 6110 5570 7570 3390 9400 7450 6660 9810 5640 3260 7400 7180 5760 3620 10390 1170 7310 2060 6910 2470 8680 8530 7860 5420 6650 6440 8680 510 7710 810 5690 6900 5000 6350 3250 7220 6130 5490 6870 7120 1830 6760 3450 1080 10190 5640 5110 7650 7400 5930 7540 4370 7310 5750 6150 780 5730 5840 5480 6780 6170 
3006 1845 3150 5310 2394 2979 5913 3348 3114 1179 4779 4680 729 2493 5877 2376 3438 5598 4095 4077 612 1080 4050 3987 558 2241 3060 3321 2916 2628 1575 2943 3897 2835 5688 3069 1233 3132 2394 6003 990 3456 1467 4716 5220 4545 999 3303 1224 2979 1395 3915 3834 4068 2682 2952 945 4365 3708 1728 4680 2259 3231 3348 1458 4896 3627 1089 2340 5706 3663 3123 2781 1998 5805 1899 2538 2817 5445 2745 4338 1665 1989 3996 3060 864 3987 4617 3411 504 5382 4725 954 6354 5247 1278 2664 2898 5499 1953 5832 4536 5760 1332 1791 5400 4599 3654 4041 1512 3825 3906 4203 477 1557 5949 3123 747 4914 5301 2007 5607 459 3969 5094 1530 3879 2106 4032 2034 756 4500 1242 2079 5679 1998 4059 1494 2268 3492 2799 1053 6390 2322 4914 1143 4050 1485 7074 882 3987 3699 1773 6408 810 3285 5157 2232 3771 423 5418 2619 3906 4923 4689 6579 5454 2511 4608 5184 5193 2970 3474 3258 3834 2223 1935 1863 2349 2151 2727 4788 4401 5589 2808 2502 3780 5373 2952 2889 2367 4356 2583 6435 4221 3420 6552 2421 3609 4275 4770 3825 2070 7146 2862 3861 1728 5823 2610 6048 5904 4482 2889 3339 3249 5382 2673 4671 2520 2673 5787 4752 2997 2871 4338 3177 4005 5598 5346 1296 3384 2790 1773 7029 5193 2961 5517 4833 2880 5337 3726 3843 2646 4095 2052 2781 3897 2457 5526 2835 
4240 3368 7080 608 3000 3744 4840 2440 2296 5792 1824 4296 4424 5136 5256 5184 5384 2504 4816 1984 4664 4376 2488 5560 5480 3024 3848 2240 3232 2664 4880 5760 5912 3352 4816 6024 6104 5056 3568 3872 4528 1952 3760 4112 392 1192 5872 6712 4136 5448 5632 4528 6888 7632 3176 3848 5832 2704 7464 4472 1888 3720 7056 3264 3864 2832 5216 4904 3056 1304 3904 3840 4456 4552 328 5744 6672 6648 512 5088 2352 3624 4112 4944 5136 5336 1480 4200 6176 5328 1072 3152 5216 960 3192 3904 4096 4800 1128 4048 832 5680 2776 5960 4288 4000 5872 1800 5376 4656 6288 4224 4304 4616 6128 2328 2296 4448 1296 680 5424 3464 5320 3400 4184 5184 1656 6592 1840 4304 5520 1216 5128 4088 1744 5416 2888 4984 4120 5760 6880 4808 5120 2960 5816 4144 7520 5368 5168 5336 2040 2448 3496 896 5056 6536 552 4736 6584 5392 1472 3272 1832 1520 944 5128 3528 5168 5584 4968 400 3624 2672 2832 1672 3816 3400 4728 5944 4320 4664 1272 4024 5336 5856 6864 5808 2920 6296 6728 6296 4824 2824 4328 4840 7160 5232 6312 2752 4512 2736 2176 3168 5336 4400 5976 3976 248 3336 3384 3336 5448 3344 5256 7096 5184 5648 4272 5784 6880 264 1448 6304 2760 3840 4096 1608 512 1448 5488 6624 2680 5200 5064 984 2832 2176 3096 4376 2312 1832 6264 4568 2216 5248 4152 2144 6704 480 5616 
2007 648 3861 3870 909 1746 4752 2439 1683 2628 3267 3528 1125 2160 4833 3105 2943 4104 3186 2565 1413 666 2556 3420 2070 1098 1872 2241 1494 1359 1431 3816 3546 1440 4554 3087 2691 2547 2070 4644 1557 2061 171 3510 3870 3321 2511 3663 387 2673 2106 2925 4041 4635 1206 2826 2457 2898 4365 2133 3168 2034 3870 1953 99 3438 2997 1287 846 4212 2475 1935 3015 2421 4392 3078 3330 3411 4014 2295 2835 180 2079 3159 2538 1737 2592 3447 3375 1980 3897 3312 2160 5085 3825 837 2709 3303 4005 891 4590 3888 4284 2439 2034 4104 4014 2232 3384 2106 3690 2799 3096 1035 2628 4446 1683 774 3780 4032 2115 4212 1944 2619 3861 2502 2655 3159 2970 2277 2232 3276 2277 2151 4167 2097 2610 2340 1260 3186 3582 1170 5229 954 4230 396 4554 2592 5841 2205 2475 2196 342 5112 1953 3537 3735 2727 3834 1926 3906 2097 2421 3411 3258 5400 4077 3204 3906 4158 3825 1683 2727 2565 2601 999 441 2430 2682 2394 3087 3294 3195 4608 3762 3483 3411 3915 3213 3492 2970 3411 1575 5121 3303 4023 5400 2997 2907 3231 3303 2313 828 5940 3060 3555 1683 4419 2142 4617 4473 3753 1494 2808 3906 4392 3564 3510 3528 3546 4383 3654 3240 1998 3087 2088 2538 4158 3843 2547 3645 1800 2682 5787 3996 1449 4014 3411 1971 3843 2547 3690 1881 2583 2907 1755 2385 3330 4095 2691 
1695 665 3120 1315 580 1405 2815 565 305 2175 1295 2215 1315 2055 2960 1950 2375 1895 2275 940 1465 1350 1175 2580 1970 440 1490 360 1065 225 1750 2350 2725 1110 2735 2610 2370 2145 965 2495 1390 315 935 2155 1215 865 2220 2980 1195 2310 2150 2090 3155 3530 915 1310 2195 1425 3390 1435 1260 1035 3120 1260 1035 1710 2340 1695 610 1645 1715 1510 1615 1525 1560 2205 2830 2865 1380 2080 1265 880 1240 2305 2170 1930 565 2160 2745 1880 1430 1760 1825 1855 1980 990 1385 1830 1505 1295 1575 2770 2050 2315 1325 2335 2870 425 2510 1520 2880 1945 2070 1445 2425 1995 335 1355 1120 1270 2120 2215 1875 1575 2305 1845 495 2725 710 1375 2000 840 1790 1245 1725 2115 1370 1725 1425 2565 2965 1635 3060 445 2925 1185 3475 1950 3290 1895 905 960 785 1875 1720 2890 1210 1675 3005 1920 1535 820 735 1280 965 3120 2180 1965 2745 2645 1200 1330 805 795 465 1215 765 1610 2445 1410 1720 1125 2010 2910 2375 2915 2650 1935 2720 2910 2625 2345 375 2800 2320 3200 3150 2640 925 2185 1620 875 540 3370 1605 2750 1100 1560 870 2350 2280 2655 1130 2290 3145 2790 2245 2205 2295 2950 1545 1060 2730 500 1910 1665 675 1465 1490 2005 2950 360 1880 3240 1240 785 1765 1780 1730 1725 445 2875 1780 1070 1940 1580 905 2830 1420 2365 
1330 1700 4770 3510 1030 750 3900 3170 1560 4340 2450 2570 2720 2300 4070 4860 2740 3190 2490 1770 3040 1880 1500 3110 3660 1930 920 2780 190 1820 2110 5660 3440 170 3700 3410 4240 2290 3370 3690 3190 1960 1610 2510 3770 3510 4120 4270 1680 2720 3170 2130 4500 5410 240 4220 4050 1800 5220 3760 2330 3410 4720 710 1470 2390 2630 2330 1020 3610 1450 960 4600 4050 4140 4890 4320 4230 3680 2260 1830 1390 3590 2550 2370 2980 2410 2470 3620 3610 3350 2210 3870 5210 2790 2330 4200 4960 3440 1060 4760 3470 3350 3730 3610 3120 3670 2030 2960 3770 3820 1890 2180 2540 3870 3620 1520 2220 4110 4130 2710 3210 3560 1460 2890 4240 2880 4370 3450 3840 3890 3470 4000 3660 3430 2690 1450 4060 1040 3170 4560 2240 4430 1470 3790 1790 5270 4350 5060 3900 1670 1210 1390 5190 3640 4050 3450 4400 4140 3470 3230 3260 1830 2710 2940 4600 3060 4950 3430 3370 3710 600 3620 3520 2820 720 1180 4100 3350 3970 4730 2720 2180 3890 5620 4640 3290 2910 3750 4320 3820 2670 2380 4220 2590 4840 4620 3830 3850 2380 2250 1480 1690 5180 4620 3500 3170 4210 3340 3670 3510 3250 220 2580 4780 3640 5390 2550 5370 4610 4160 4040 3760 2860 2020 1260 2110 3820 3160 4290 4160 2550 4430 4990 4220 590 3150 2320 1430 2930 2880 3800 1610 1650 4670 1130 1540 4400 3770 2900 
1250 2570 2850 5430 2450 1590 4390 4520 3290 3550 4310 3070 2580 540 4270 4870 1520 4830 2250 3680 2760 1400 3300 2110 2760 3040 1580 4250 2030 3220 590 5570 2120 1890 4130 1600 3000 1140 4130 4780 3120 3730 2040 3170 5660 5270 3080 2370 1580 1120 1540 2120 2690 3510 2050 4950 3010 3450 3300 3930 4190 4070 2800 2230 1750 3910 1690 1130 2390 5500 2100 1630 5040 4260 6060 4450 2450 2310 5600 740 3620 2000 4010 2120 1070 1680 4260 3030 1900 2860 5260 3580 3400 7090 4140 2650 4760 5290 5350 1020 6600 2710 4900 2200 3890 4010 2790 3850 2150 3790 2240 2210 2510 2050 2260 5310 3260 1810 5840 5970 800 4450 2790 2680 3580 4000 4570 2640 5030 4180 3090 5230 3690 4100 5260 790 3060 3910 880 1700 2660 1160 4900 2750 3120 1690 3380 3980 5720 3320 3590 3110 2170 7080 3220 2180 5360 4580 2410 2550 5110 4190 3750 4610 4850 5130 4250 5010 2780 3500 5600 1690 4880 4710 4500 1250 2120 4190 1420 4320 5070 4640 2840 3910 5440 2820 1970 4400 1850 2400 1930 2550 3590 5160 2400 2920 5080 1930 5090 2530 3830 3400 2730 5780 5110 2110 3590 6130 4230 5000 4850 2640 1910 1380 2860 3690 5270 3070 5130 2740 6080 5730 1870 4070 2840 1500 4010 5750 5050 3790 2290 3820 4260 5700 6010 2480 4880 3720 1050 4630 4500 2240 690 3520 4550 1120 3460 2550 5690 1130 
2065 3388 1085 5299 3332 2485 3458 4774 3899 3339 4396 2814 3157 1274 3171 4613 1183 4543 2037 4046 3206 2457 3682 1344 2849 3731 2408 4592 2919 3864 1785 5005 959 2814 3276 490 2660 1379 4396 4109 3500 4207 2996 2961 5516 5292 2898 413 2639 987 1708 2163 273 1036 2996 4935 2849 3675 1078 4095 4312 4333 952 2933 2807 3885 1428 2044 3290 5229 2534 2422 4907 4312 5747 4102 1267 896 5418 1295 3885 2996 4221 1869 1288 2100 4557 2835 371 3003 5117 3591 3465 6524 3906 3346 4767 5019 5159 2324 6202 1680 4522 2009 4102 3542 1582 4284 1540 3941 532 2387 2492 2751 1890 4907 3878 2667 5691 5761 1274 4025 2961 3031 3178 3934 4809 1771 5138 4305 3094 5264 3717 4298 4991 1281 3416 3934 2177 840 1225 2121 3724 3542 1904 2695 896 3857 4361 3360 3990 3633 3122 6510 3388 266 5271 4501 203 2730 4949 4480 4151 4634 4928 3906 3864 4718 1813 2744 5467 2583 5005 4879 4767 2464 3101 4214 945 4403 4886 4718 2814 2849 4872 1617 973 4151 483 896 1071 2205 4109 4235 2100 889 3822 1022 5152 2387 3864 3857 3514 4347 4963 868 3955 5803 4501 4424 4333 1820 2821 1253 994 2758 4795 2828 4641 1407 5761 5621 441 4438 2905 2226 4354 5509 4914 3661 238 4277 4130 4382 5803 3283 4655 3689 1939 4466 4767 574 1750 3885 4347 2121 3892 1428 5474 840 
760 1808 2648 3984 1640 936 3336 3344 2288 2952 3088 2256 2000 712 3296 3864 1336 3520 1712 2576 2184 1056 2280 1776 2328 2176 944 3104 1264 2272 656 4448 1872 1144 3136 1600 2600 984 3120 3560 2440 2640 1432 2312 4168 3880 2624 2256 1120 1128 1512 1544 2480 3168 1280 3792 2560 2416 3008 3064 2992 3088 2608 1432 1200 2800 1400 1024 1600 4032 1416 992 3920 3328 4488 3608 2312 2216 4120 768 2544 1368 3080 1632 976 1536 3056 2216 1808 2376 3848 2552 2760 5320 3000 1976 3672 4136 3912 512 4936 2216 3592 2024 3008 2968 2312 2736 1752 2976 2040 1560 1816 1640 2096 3904 2264 1408 4336 4432 1000 3272 2328 1832 2648 3200 3328 2432 3720 3232 2576 3848 2960 3152 3848 992 2104 3112 336 1568 2496 1016 3752 1912 2528 1224 3056 3208 4392 2720 2504 2120 1488 5304 2592 2088 3928 3592 2232 2160 3720 3144 2632 3320 3512 3936 3112 3960 2240 2672 4120 1000 3640 3520 3280 656 1424 3296 1504 3344 3960 3352 2040 3032 4360 2600 1752 3200 1832 2288 1904 1936 2600 3888 1824 2696 3904 1904 3816 1864 2728 2352 1920 4448 3960 1880 2736 4544 3184 3704 3584 2120 1160 1208 2656 2848 4216 2256 4120 2552 4504 4256 1848 2992 2016 936 2848 4232 3672 3080 2176 2784 3400 4360 4464 1624 3560 2664 632 3360 3288 2040 432 2456 3624 600 2400 2392 4192 1200 
2850 2225 4590 610 2025 2540 3255 1555 1580 3705 1365 2910 2870 3395 3510 3265 3565 1790 3225 1450 3015 2880 1775 3685 3530 2000 2605 1455 2210 1785 3210 3610 3900 2285 3235 3950 3930 3360 2265 2645 2910 1360 2480 2800 360 765 3775 4380 2725 3600 3670 3045 4495 4950 2165 2405 3755 1915 4840 2845 1405 2365 4580 2245 2560 1995 3465 3210 2060 1025 2655 2605 2785 2880 390 3645 4330 4325 545 3375 1695 2405 2610 3305 3410 3470 1075 2850 4050 3430 895 2195 3340 380 2220 2545 2575 3000 930 2700 315 3770 1955 3865 2730 2725 3885 1275 3570 2965 4130 2855 2910 3005 3970 1670 1590 2910 740 355 3560 2390 3425 2345 2845 3300 1105 4265 1160 2725 3545 785 3275 2595 1305 3555 2025 3170 2755 3800 4460 3150 3425 1980 3855 2725 4880 3420 3455 3420 1480 1730 2320 350 3245 4270 560 2990 4310 3480 1145 2080 1335 1175 780 3430 2430 3250 3705 3330 390 2460 1670 1780 1125 2560 2270 2995 3890 2735 2920 1015 2735 3560 3680 4440 3835 2050 4115 4370 4100 3235 1845 2925 3245 4645 3495 4110 1705 3040 1940 1560 2100 3555 2750 3940 2545 320 2120 2335 2305 3620 2285 3490 4605 3470 3550 2895 3645 4460 345 845 4125 1775 2625 2765 1185 540 1130 3500 4325 1745 3295 3385 530 1955 1585 2160 2930 1670 1205 4120 3050 1600 3315 2790 1545 4345 525 3695 
2448 3060 1422 6102 3222 2772 5103 4824 4023 2592 5184 3996 2466 1332 4905 4221 2115 5688 3123 4572 2466 1773 4293 2619 1953 3519 2763 4671 3114 3789 1098 4716 2349 2979 4860 1332 1782 1998 4131 5589 2853 4419 2538 4113 6219 5742 2034 1422 2052 1566 486 3096 1953 2250 3060 4770 1971 4437 1944 3609 5067 4023 1449 3339 2331 4869 2403 1152 3168 6237 3213 2808 4653 3879 6660 3564 918 990 6255 1593 4581 2610 3825 2952 1863 1017 4932 3969 1665 2151 6003 4563 2745 7470 5058 2817 4518 4779 6084 2052 7002 3186 5751 927 3645 4887 3177 4572 2772 3393 2106 3240 3492 1944 846 6120 4014 1917 6210 6435 639 5328 2088 3753 4473 3348 5085 1044 5400 3897 2259 5706 3069 3915 6048 648 4086 3357 2079 1953 1152 1269 5535 3384 3555 2088 2205 3249 6318 2601 4491 4077 2772 7488 2655 1413 6012 4113 1944 1800 5895 4293 4581 5427 5535 5760 5139 4365 3312 4239 6174 2853 5058 4869 5031 2340 2817 3744 513 4023 4608 5427 3834 4536 4545 1197 2268 5301 1089 1071 540 3393 3978 5904 3240 1620 5688 576 5229 3465 4788 4311 3258 6345 4734 2277 3510 6705 4302 5832 5697 3240 3015 2070 1485 4356 4455 3996 4257 1161 6660 6084 1134 4365 3861 2682 4788 6390 5832 2997 1503 4203 3600 6309 6417 3438 5733 4689 2259 5508 4986 2133 1926 4464 3879 2349 4374 972 6336 1296 
2750 1550 2885 3195 1950 2640 4310 1710 2145 970 3190 3625 1090 2605 4345 80 3125 3765 3400 2810 980 1685 2940 3420 1205 1575 2705 1840 2465 1790 2090 455 3400 2450 4195 2950 1505 2935 1000 4205 820 2240 1580 3615 2990 2500 1275 3050 1660 2885 2000 3270 3355 3420 2290 925 1295 3170 3200 505 3150 910 2950 2730 1685 3480 3205 1830 1935 3570 3040 2740 580 400 3390 510 2550 2750 3250 2735 3075 1685 680 3365 2900 1710 2470 3580 3140 1080 3350 3450 745 3435 3720 1210 720 485 3425 2115 3140 3715 3895 1855 605 3935 3760 2350 3430 495 3370 3220 3385 1335 1975 3900 2165 1465 2570 2910 2355 3950 1110 3105 3815 410 2205 2230 2105 550 1050 2480 560 685 3645 2355 3045 410 2325 3175 2680 1795 4575 1775 3920 1595 3425 495 4905 835 2765 2715 1680 3495 790 3055 3075 275 3335 1275 3460 1185 2635 3200 2860 4665 3885 160 3745 3970 2990 2600 1610 1490 2200 2215 1785 325 2540 530 460 3055 3440 4215 455 2450 3330 3735 2870 2785 2515 3535 1550 4485 3470 3065 4670 2550 1605 3450 3395 2705 1610 4965 635 3385 840 3375 1145 4145 4065 3670 2485 3060 2955 4090 325 3620 380 2585 3365 2465 2900 1515 3380 2815 2600 3335 3415 660 3105 1595 270 4870 2775 2350 3660 3495 2710 3600 2095 3380 2615 2895 130 2615 2740 2475 3290 2815 
1576 3120 1656 5248 3008 2040 3488 4688 3648 3456 4240 2616 2992 648 3240 4760 752 4464 1752 3816 3088 2120 3424 1144 2840 3504 1960 4464 2528 3632 1352 5264 872 2408 3272 264 2792 840 4336 4096 3408 4000 2688 2760 5496 5240 2984 1024 2296 344 1560 1824 1120 1920 2616 4976 2928 3432 1856 4080 4144 4272 1552 2552 2464 3712 1048 1720 2968 5192 2152 1976 5000 4336 5760 4280 1584 1272 5384 672 3656 2672 4192 1568 712 1936 4400 2616 448 2984 5048 3384 3488 6648 3776 3136 4808 5160 5104 1872 6280 1640 4456 2032 4072 3440 1608 4080 1304 3936 760 2040 2200 2536 1968 4872 3624 2400 5704 5776 864 3944 2936 2712 3048 4008 4696 2024 5080 4304 3128 5208 3752 4272 4936 864 3136 3976 1680 520 1656 1792 3840 3264 1960 2376 1784 3952 4552 3384 3752 3344 2800 6632 3368 808 5216 4576 864 2688 4872 4400 3928 4504 4816 4040 3768 4872 1760 2680 5440 2152 4968 4832 4640 2016 2768 4256 800 4416 5000 4592 2560 2896 5128 1992 800 4040 664 1320 1200 1976 3936 4296 1840 1568 3968 1152 5136 2120 3672 3600 3256 4560 5056 816 3872 5824 4432 4400 4288 1704 2408 776 1608 2760 5024 2624 4872 1816 5776 5624 648 4320 2632 1760 4160 5488 4832 3752 880 4128 4224 4568 5824 2944 4576 3496 1416 4352 4648 776 1192 3640 4472 1616 3640 1744 5456 160 
3880 1680 5072 3752 2216 3560 6128 1320 2272 2488 3904 5080 1688 4008 6280 1424 4744 4872 4928 3336 1736 2472 3656 5176 2520 1496 3688 1576 3136 1736 3248 2000 5264 3152 5968 4752 3168 4392 320 5760 1408 2336 1976 5024 3376 2576 2816 5120 2312 4472 3472 4664 5536 5872 2840 384 2816 4056 5568 904 3856 320 5128 3544 2200 4528 4792 2928 2208 4400 4176 3736 744 856 4024 2112 4536 4752 3832 4152 3832 2072 536 4920 4376 3000 2640 5000 5032 2304 4040 4560 1912 4072 4944 1456 376 1096 4160 2928 3592 5592 5112 3464 752 5424 5704 2504 5136 1144 5352 4512 4760 2144 3664 5032 2312 2216 2688 3232 3808 5320 2328 4128 5304 1624 2144 4144 1944 632 2400 2544 1680 464 4576 3800 3904 1432 3248 4936 4760 2832 6544 1864 5888 2224 5840 1832 6984 2080 3280 3296 1984 4168 1832 5056 3544 984 5408 2544 4256 528 3016 3872 3232 6664 5248 1400 5592 5712 3384 3464 1152 952 2144 2976 2120 1056 4232 600 928 3600 4760 6128 2096 4504 5144 4912 4760 4816 4344 5104 1264 6232 5024 5296 6688 4392 1160 4904 4384 3208 1664 7096 728 5264 752 3992 448 5576 5456 5456 3200 4624 5152 5928 1880 5064 2032 4656 3984 2512 4792 1072 4624 3920 2904 3960 4192 2040 5152 1264 1552 6912 3016 2816 4664 4608 3872 4600 1960 5360 3808 3520 1528 3664 3264 4464 3880 4440 
1090 1365 1135 3040 1440 1235 2650 2355 1885 1395 2540 2000 1120 575 2570 2190 1090 2850 1565 2200 1155 660 2055 1390 1005 1620 1240 2260 1395 1765 260 2505 1310 1320 2520 840 1050 960 2015 2855 1365 2105 1075 2055 3105 2845 1125 1050 805 805 300 1515 1300 1565 1355 2390 1085 2150 1410 1790 2480 1965 1135 1540 955 2400 1220 330 1410 3125 1515 1270 2370 1945 3350 1895 860 880 3125 730 2215 1105 1880 1485 900 435 2390 1980 1025 1085 2990 2245 1395 3800 2525 1270 2265 2455 3040 790 3540 1705 2895 635 1795 2475 1725 2190 1445 1685 1255 1570 1720 830 665 3085 1875 775 3110 3225 245 2690 1050 1795 2260 1720 2475 875 2665 1940 1180 2825 1560 1930 3030 240 1955 1700 830 1080 990 390 2900 1535 1915 835 1525 1685 3320 1335 2150 1925 1200 3810 1320 1000 2990 2090 1240 905 2935 2090 2195 2675 2725 3020 2590 2265 1760 2190 3080 1270 2500 2395 2450 960 1220 1885 490 2010 2355 2670 1890 2385 2420 1000 1245 2650 815 925 640 1715 1880 3050 1635 1220 2990 655 2595 1725 2350 2055 1475 3345 2410 1285 1690 3375 2100 2960 2885 1700 1340 1045 1160 2275 2350 2000 2260 995 3350 3040 835 2105 1890 1215 2310 3200 2900 1565 1060 2005 1855 3310 3220 1565 2865 2315 995 2740 2425 1265 815 2145 2010 1015 2090 885 3170 705 
3483 1611 4014 5004 2304 3321 6327 2718 2862 1278 4689 5094 486 3213 6363 1620 4131 5625 4635 3978 288 1539 4086 4662 1116 1863 3429 2772 3096 2286 2286 2277 4644 3042 6120 3888 1863 3789 1602 6246 153 3150 1467 5094 4797 4032 1494 4167 1521 3717 2268 4410 4689 4950 2799 2088 1476 4464 4581 855 4599 1449 4104 3564 1611 5013 4275 1827 2259 5517 4041 3492 1908 1134 5445 1485 3411 3690 5121 3429 4356 1683 1125 4572 3735 1728 3645 5022 4221 882 5157 4914 648 5832 5418 909 1791 2043 5283 2340 5301 5193 5832 2178 918 5715 5283 3357 4689 657 4626 4338 4635 918 2412 5931 2889 1143 4329 4797 2808 5805 900 4221 5454 900 3393 2943 3438 1161 1035 3987 675 1215 5562 2799 4194 765 2709 4239 3663 1755 6804 2088 5562 1404 4932 990 7434 774 3888 3699 1719 5904 450 4140 4815 1386 4599 1134 5265 1872 3735 4779 4365 6984 5679 1737 5247 5679 4779 3276 2763 2538 3357 2547 1908 1017 3204 1278 1872 4581 4770 6111 2196 3348 4518 5490 3807 3762 3240 4887 2061 6723 4761 4302 6975 3303 2871 4752 4878 3753 1791 7533 1989 4617 927 5445 1854 6201 6057 5112 3105 4014 4122 5895 2016 5085 1935 3528 5418 4158 3852 2250 4671 3609 3762 5274 5193 990 4239 2241 1098 7380 4644 2979 5490 5004 3393 5346 3213 4635 3213 4068 1350 3240 3825 3312 5202 3609 
1770 1880 755 3685 2050 1925 3265 2825 2495 1210 3225 2645 1405 1165 3150 2210 1595 3540 2160 2870 1355 1195 2740 1865 930 2135 1930 2770 2075 2315 950 2430 1695 2010 3130 1105 685 1535 2345 3525 1565 2710 1605 2710 3715 3405 885 985 1350 1290 415 2145 1315 1285 2025 2655 855 2845 1070 1960 3165 2275 820 2230 1515 3095 1760 865 2015 3800 2195 1960 2530 2095 3985 1765 420 640 3770 1315 2905 1670 2120 2065 1460 615 3005 2630 1270 1065 3655 2935 1395 4395 3215 1665 2490 2560 3710 1465 4120 2180 3590 280 2005 3135 2165 2800 1955 1820 1515 2225 2365 1155 155 3780 2490 1195 3650 3810 775 3370 1035 2485 2910 1720 3035 190 3175 2135 1080 3385 1580 2170 3715 780 2650 1755 1520 1485 550 925 3500 2100 2380 1355 1300 1640 3935 1295 2820 2605 1760 4410 1375 1040 3625 2195 1370 880 3615 2460 2850 3350 3360 3625 3270 2290 2250 2780 3690 1965 2925 2805 3010 1640 1805 1995 655 2200 2485 3330 2550 2940 2325 375 1655 3340 895 665 460 2310 2365 3700 2230 935 3590 495 3005 2350 3045 2725 2000 3955 2580 1650 1980 4010 2460 3645 3570 2215 2030 1575 820 2845 2290 2645 2160 465 3985 3570 925 2560 2560 1895 2945 3845 3580 1485 1075 2490 1860 3935 3780 2230 3555 3005 1665 3435 2970 1535 1480 2825 2005 1705 2760 345 3815 1130 
1830 2748 606 4548 2760 2160 3228 3942 3270 2526 3822 2616 2466 1068 3006 3654 1200 4014 1956 3480 2478 1920 3210 1416 2124 3054 2112 3810 2496 3198 1362 3972 1116 2406 3066 480 1932 1296 3558 3732 2736 3540 2406 2730 4698 4458 2142 126 2088 930 1164 2028 474 804 2532 4002 2100 3234 720 3240 3750 3492 510 2556 2250 3450 1422 1530 2724 4536 2280 2130 3942 3426 4926 3186 708 396 4650 1146 3384 2424 3378 1818 1206 1518 3858 2622 552 2268 4422 3204 2664 5556 3498 2664 3840 4026 4464 1908 5262 1740 4014 1380 3264 3240 1674 3618 1572 3102 792 2202 2316 2112 1266 4320 3258 2064 4794 4884 906 3624 2226 2700 2934 3066 4032 1146 4290 3432 2328 4434 2886 3438 4356 918 3006 3078 1824 942 684 1602 3474 2916 1956 2130 726 2994 4014 2568 3432 3132 2532 5550 2610 144 4512 3582 546 2028 4296 3642 3540 4014 4206 3630 3492 3750 1848 2616 4662 2238 4128 4008 3996 2058 2532 3336 546 3516 3912 4062 2586 2736 3852 1014 1104 3696 186 402 564 2118 3372 3864 2022 510 3564 516 4242 2244 3420 3312 2868 4014 3990 1038 3156 4974 3660 3966 3888 1842 2418 1236 552 2646 3792 2622 3654 840 4938 4722 186 3648 2646 1980 3708 4734 4266 2820 174 3522 3240 4032 4902 2784 4092 3294 1710 3930 3984 822 1518 3366 3420 1842 3348 852 4704 744 
1134 3073 2933 3948 2702 1470 1540 4214 3052 4193 2912 917 3416 1477 1337 5040 854 2800 252 2751 3584 2590 2282 595 3640 3304 1351 3941 1946 3269 2121 5558 1001 1883 1351 1680 3759 938 4263 2184 3801 3290 2828 1078 4312 4319 3857 2303 2625 1267 2674 518 2142 2968 2163 4865 3801 2121 3010 4326 2842 4263 2821 1708 2639 2184 602 2499 2681 3682 1078 1323 5040 4557 4375 4816 2898 2618 4060 1260 2408 2723 4312 231 1029 2870 3514 959 1596 3710 3654 1862 4074 5299 2093 3339 4795 5257 3668 2002 5054 504 2723 3143 4270 1617 679 3297 399 4263 1442 770 707 3101 3129 3164 3017 2898 4753 4648 2016 2142 3661 1484 1260 4466 3948 3255 4375 4459 3871 4305 4256 4368 3367 2016 1932 4389 1715 1127 2961 2513 1848 3003 658 2716 2821 4473 2471 4025 2716 2380 2793 5250 3934 2100 3983 4795 1820 3493 3402 4228 2975 3178 3696 2023 1988 5131 420 833 4256 1575 4529 4459 3906 1932 2688 4536 2177 4557 5096 3353 1015 1050 5481 3255 966 2366 2072 2653 2555 287 3647 2289 231 2807 1960 2520 4690 539 2205 2625 3108 2478 5075 1092 4004 4452 4277 2534 2457 301 1855 861 2870 910 5355 931 5271 3101 4410 4732 2044 3990 1155 1120 3213 4123 3388 4347 2135 3780 4641 2478 4767 2338 2975 1953 1162 2786 3969 1407 1288 2527 4837 1330 2632 3038 4109 1498 
2700 4820 6250 4390 4070 2660 920 5860 4120 7270 2900 910 5800 3850 1410 7990 3260 2200 2000 3100 6100 4770 2440 3010 6520 4950 2560 5410 2950 4700 4470 8790 3590 2970 860 4470 6900 3170 6420 960 6290 4290 4720 760 5090 5450 6920 5390 4680 3770 5470 1910 5210 6390 3320 7240 6840 1970 6430 6890 2850 6490 6110 2420 4540 1620 2890 4930 4080 3710 1890 2490 7700 7180 4910 7960 6110 5770 4520 3570 2400 4510 6710 2240 3330 5570 4350 910 4400 6530 3840 1290 6910 6350 1180 5450 7270 8080 3800 3800 6140 2740 1980 6140 6740 180 2970 4190 2720 6890 4220 1730 1450 5510 6190 2670 4070 5180 6040 5660 4620 1020 6480 1680 370 7340 5140 6490 5800 6970 6800 5430 7080 6770 3170 4610 2000 7170 3450 3720 6240 4900 1380 4490 2670 4800 6180 7420 1930 6900 3110 2830 4520 6230 6680 5100 4530 7530 4750 6310 3370 6250 3540 3260 4290 1500 830 8080 2540 1260 5000 2700 6350 6330 5090 3520 4320 7240 5020 7090 7840 3640 1090 1590 8750 6580 3530 1570 5010 5830 5580 1760 5310 1220 1910 6110 1560 5550 6580 1530 1760 3080 4770 2050 7710 3710 6290 5050 6340 1510 1430 2440 2910 3210 6180 1470 8520 900 8480 6400 4980 6080 4980 5720 1150 2470 3860 4560 3380 7330 5170 5410 7550 1860 5930 3300 2560 1320 2880 2330 5260 4170 3240 2750 7790 2900 3040 6280 4570 4110 
1045 555 1940 2325 680 955 2620 1550 1120 1380 1945 1935 620 1035 2640 1775 1495 2380 1695 1565 765 180 1520 1775 1035 810 1015 1450 890 955 600 2155 1815 845 2505 1535 1350 1280 1300 2615 885 1335 270 1940 2340 2045 1270 1840 50 1325 970 1560 2055 2370 760 1710 1240 1695 2220 1255 1890 1270 1950 1130 145 1990 1540 515 645 2490 1355 1050 1780 1420 2620 1690 1650 1695 2405 1120 1685 300 1260 1665 1270 780 1625 1895 1695 1010 2320 1895 1165 3020 2185 565 1630 1920 2385 410 2750 2050 2465 1175 1215 2295 2110 1425 1760 1215 1880 1515 1680 475 1270 2580 1115 315 2300 2440 975 2390 985 1485 2145 1395 1675 1560 1855 1355 1150 2020 1255 1305 2445 970 1520 1320 615 1615 1785 455 2885 730 2245 110 2330 1425 3245 1170 1515 1340 390 3035 1050 1770 2255 1585 1945 945 2315 1335 1505 2045 1990 2985 2310 1830 2065 2260 2315 935 1705 1610 1645 525 425 1405 1290 1425 1810 1990 1760 2505 2115 1740 1745 2250 1590 1740 1445 1825 1075 2865 1760 2035 2985 1465 1805 1745 1915 1420 660 3295 1810 1820 1045 2640 1355 2630 2550 1985 875 1420 1970 2385 2010 1930 1970 1770 2615 2230 1605 1305 1715 1110 1585 2485 2280 1375 1830 1195 1505 3220 2420 930 2340 1955 1005 2240 1620 1885 930 1560 1640 905 1460 1650 2450 1315 
1896 1974 4194 978 1518 1560 2250 2064 1194 3828 96 1782 2778 2658 2532 3810 2706 774 2202 396 2982 2448 510 2790 3468 1872 1608 1794 1278 1620 2634 4296 3084 1362 2208 3282 3864 2490 2658 1632 2982 1134 2124 1650 1362 1602 3762 3834 2298 2826 3270 1992 3900 4518 1350 3072 3726 594 4434 3162 24 2736 4152 1164 2124 726 2556 2760 1548 810 1548 1590 3444 3294 1338 4014 3954 3870 1068 2580 348 1992 2958 2310 2568 3144 1014 1716 3354 3408 726 936 3468 2160 1038 2436 3168 3702 750 2010 1998 2850 966 3600 3036 1614 2994 1020 2646 3234 3396 1764 1806 2778 3690 912 1164 2604 1944 1698 2970 1296 3384 1140 1716 3594 1506 3996 1896 3126 3570 1596 3486 2970 690 2964 762 3456 1968 3006 4086 2700 2490 1662 2940 2340 4422 3696 2628 3522 450 642 1926 2100 3330 3684 1038 3486 3654 3372 576 2490 618 312 876 2520 1302 3834 2766 2292 1308 1482 2352 2388 1482 1800 1812 3378 3342 3174 3564 492 1584 2574 4314 4152 3012 900 3534 3924 3642 2196 1938 2004 2214 4212 2586 3642 2472 1962 642 546 1860 2742 3432 3144 2760 1404 2544 1368 1296 2670 1344 2628 4194 2460 4158 1764 4200 4128 1368 1974 3534 2094 1452 1764 738 1122 540 3714 3744 1932 3666 2556 1860 1128 624 906 2016 570 1608 3378 2202 378 3762 1872 498 4008 1110 2982 
4941 2898 7380 2538 2952 4410 6660 1134 2349 5049 3384 5706 3753 5598 7002 3906 6183 4464 5940 3042 3942 4176 3636 6552 4905 2439 4563 1305 3780 2232 4977 4473 6813 3879 6552 6579 5661 5778 2268 5841 3663 2052 3420 5562 1872 1044 5310 7209 3906 6066 5580 5607 7551 8172 3537 2295 5292 4050 7893 3321 3393 2448 7407 4077 3645 4446 6111 4797 2997 3429 4905 4590 2979 3312 2601 4725 6822 6948 2556 5652 3672 3375 2889 6021 5814 5112 1908 5598 6840 4689 3033 4671 4374 2286 4932 3231 2637 3348 3168 4221 1773 6867 4779 5769 3123 5733 7047 2079 6417 3582 7092 5319 5526 4149 5985 4455 2394 4077 792 1503 5652 5328 4698 4545 5778 4149 1215 6543 639 3051 4851 1035 4176 2826 3816 5643 4068 3933 4473 6534 7083 4680 7065 2655 7119 3861 8091 4383 7335 4545 3024 3330 3213 2412 4239 7065 2286 3438 7308 4869 3429 1953 2637 3168 2178 7137 5328 3861 6804 6498 1926 4275 1071 1296 1269 4095 3222 3537 6228 3024 3222 2781 5346 6966 4626 6912 6678 4743 6750 7029 6498 6048 1980 6399 6012 7560 7218 6534 1035 5742 4293 3069 2709 7506 2907 6858 2898 2520 1998 5427 5328 6642 3906 6039 7443 6759 4392 5679 4599 7020 2538 603 6777 1620 5148 4878 2349 2664 3366 4590 7173 1755 4095 7236 1179 3267 4131 4662 5022 4167 1161 7083 5112 3348 4068 4752 3087 6795 2583 6147 
2016 3096 4224 2430 2622 1920 828 3564 2556 4692 1596 1020 3756 2748 1200 5016 2436 1008 1686 1836 3942 3180 1506 2298 4248 3126 1884 3288 2010 2940 3066 5502 2646 2040 882 3156 4518 2364 4002 96 4032 2604 3090 906 2886 3186 4506 3720 3108 2724 3690 1608 3618 4326 2214 4470 4464 1206 4344 4350 1584 4050 4140 1698 3000 882 2214 3324 2640 1944 1506 1842 4782 4518 2700 5058 4122 3924 2496 2592 1416 2952 4218 1830 2460 3720 2574 1008 3126 4248 2076 822 4434 3576 552 3510 4518 5022 2034 2610 3492 2136 828 4086 4248 396 2274 2520 2130 4374 3024 1470 1326 3612 4128 1236 2526 3420 3522 3234 3204 288 4212 1260 708 4668 3066 4332 3462 4374 4410 3180 4524 4242 1608 3198 1314 4554 2418 2718 4206 3300 972 2862 2088 3174 4200 4734 1050 4446 1860 1770 2946 3492 4296 3546 2538 4722 3342 4128 1776 3876 2112 1788 2442 966 300 5064 2016 1230 2832 1926 3858 3864 3036 2418 2820 4566 3468 4440 4878 2034 1074 1374 5490 4392 2610 690 3480 3966 3804 1548 3300 438 1632 4146 1044 3786 3990 1392 984 1872 3042 1158 4782 2724 3972 2784 3930 444 426 1962 1998 2400 4182 1326 5346 1014 5340 4302 2748 3558 3468 3522 1056 1866 2280 2502 1794 4692 3582 3342 4782 978 3420 2148 1248 780 2136 1146 3150 2994 2352 1650 4914 2118 1842 4218 2520 2928 
1962 3042 5490 2637 2331 1584 2340 3780 2232 5571 1278 1512 4095 3159 2700 5931 3042 1332 2178 1278 4392 3339 684 3096 4950 3078 1593 3366 1485 2790 3366 6660 3564 1566 2232 4005 5436 2772 4383 1737 4491 2358 3087 1314 3186 3411 5355 4860 3177 3312 4338 1881 4878 5859 1755 5094 5292 279 5787 4932 1197 4455 5400 1071 2979 513 2781 3663 2358 2250 1287 1548 5553 5175 3168 6039 5202 5013 2772 2988 684 2871 4716 2349 2898 4266 2412 1404 4068 4905 2223 378 5139 4401 855 3690 5157 5913 2241 2520 4149 3132 1404 4896 4770 1422 3348 2259 2862 4977 4068 1539 1557 3942 4995 1782 2187 3654 3960 3672 3735 1260 4869 648 1467 5445 3114 5382 3708 4950 5157 3393 5238 4752 1881 3726 360 5265 2331 3501 5373 3600 2754 2673 3249 3267 5697 5553 3132 5166 1287 1053 2844 4320 4923 4617 2718 5481 4482 4779 1899 4194 1674 1620 2421 2844 1161 5994 2997 2286 3114 1530 4221 4221 3069 2214 2646 5247 4239 5049 5706 1890 1206 2718 6651 5553 3465 972 4428 5076 4725 2133 3339 2268 2178 5463 2907 4716 4419 1782 432 1260 2952 3276 5553 3663 4356 3276 4275 1647 1503 2853 1512 2934 5463 2538 6426 1485 6435 5472 3222 3978 4419 3681 1008 1728 1971 2844 1872 5517 4698 3411 5598 3042 3888 1611 1440 450 2151 1188 3222 4041 2475 972 5787 2007 1224 5310 2835 3573 
1170 1512 3294 4167 1377 1107 4050 3249 2151 3051 3276 2808 1827 1287 4050 3906 2025 3906 2331 2646 2061 801 2412 2502 2376 1926 1179 2997 1215 2061 837 4590 2628 1098 3825 2268 2808 1620 2988 4140 2313 2547 1098 2835 4320 3924 2763 2943 792 1782 1773 2097 3249 3960 1125 3753 2700 2646 3735 2979 3168 2961 3267 1548 837 3132 2070 1044 1332 4320 1782 1242 3915 3276 4725 3708 2853 2817 4320 1386 2709 1017 2970 2277 1620 1638 3042 2745 2529 2385 4068 2907 2754 5589 3429 1719 3627 4176 4158 117 5139 2979 4023 2286 2907 3519 3096 2673 2466 2907 2808 2043 2340 1476 2412 4302 2133 1197 4428 4572 1440 3771 2340 2124 3213 3204 3285 2862 3699 3159 2628 3888 2943 3051 4158 1422 2304 3087 396 2286 3078 972 4518 1647 3321 909 3852 3240 5193 2736 2556 2160 1152 5589 2556 2781 4086 3582 2997 2196 3978 3015 2646 3501 3609 4707 3609 4014 2997 3366 4266 1116 3582 3438 3231 423 1089 3249 2025 3276 3969 3492 2520 3798 4509 3114 2493 3600 2475 2898 2421 2565 2412 4563 2448 3393 4689 2430 3780 2439 3024 2385 1647 5274 3960 2637 2583 4779 3060 4230 4086 2853 1143 1881 3321 3582 4329 2799 4248 3096 4734 4329 2493 2853 2457 1305 2853 4455 3915 3123 2889 2619 3411 5157 4590 1503 3897 3024 1089 3681 3222 2808 963 2556 3663 927 2448 2907 4401 1836 
3348 891 5256 3339 1368 2925 5760 1017 1440 3042 3312 4599 1611 3681 5949 2502 4428 4374 4500 2637 1836 2088 2970 4878 2790 558 3078 1008 2412 810 2934 3222 5040 2448 5589 4608 3537 4023 783 5337 1611 1566 1368 4518 3060 2268 3213 5157 1836 4194 3438 4185 5553 6084 2079 1512 3186 3411 5787 1575 3240 882 5292 2853 1620 3951 4437 2691 1368 3969 3600 3123 1962 1737 3735 2988 4689 4842 3447 3798 3177 1395 1224 4509 4023 2961 1998 4500 4905 2592 3573 3978 2385 4068 4419 1071 1557 2340 3708 2358 3546 5301 4626 3609 1377 4959 5445 1773 4797 1755 5211 3987 4257 1998 3825 4581 1476 1935 2583 3042 3609 4842 2592 3501 4833 2349 1638 4383 1701 1467 2781 2223 2268 1233 4113 3600 3240 2124 2691 4698 4941 2574 6219 963 5616 1764 6021 2547 6705 2529 2565 2556 1260 4149 2214 5040 3132 2007 5355 2736 3771 639 2295 3303 2709 6354 4752 2529 5283 5328 3051 2817 1215 1044 1611 2340 1359 1890 4158 1539 2133 3033 4230 5796 3276 4752 4905 4383 4707 4923 4383 4680 333 5868 4599 5463 6390 4419 1395 4437 3789 2484 792 6840 1962 5058 990 3726 711 5130 5004 5130 2493 4284 5328 5571 3033 4581 3123 4869 3699 2421 4743 531 4077 3357 2223 3600 3690 2673 5148 477 2385 6633 2889 2025 4158 4032 3357 4068 1458 5211 3348 2826 2484 3105 2547 4653 3519 4212 
1908 2328 4254 1320 1854 1626 1848 2532 1614 4134 474 1512 3102 2700 2160 4212 2640 354 2040 816 3306 2688 672 2664 3744 2274 1644 2256 1458 2034 2784 4698 2982 1530 1830 3276 4110 2460 3090 1170 3330 1590 2436 1368 1764 2064 4032 3846 2556 2820 3432 1854 3864 4518 1590 3516 3990 510 4464 3552 468 3156 4200 1242 2400 360 2466 2958 1884 942 1470 1620 3876 3696 1632 4374 4050 3936 1398 2592 486 2292 3372 2160 2544 3354 1488 1452 3324 3702 990 636 3798 2496 612 2784 3600 4134 972 2190 2382 2658 510 3792 3438 1218 2808 1482 2502 3612 3318 1632 1620 3060 3864 606 1584 2874 2394 2112 3066 840 3672 1044 1374 3960 1980 4146 2370 3534 3864 2058 3840 3390 654 3060 744 3828 2094 2946 4170 2910 2070 2034 2712 2610 4410 4050 2172 3840 858 924 2244 2424 3660 3684 1422 3894 3600 3636 720 2928 1068 660 1314 2082 870 4242 2562 1980 1710 1572 2820 2850 1956 1980 2124 3774 3414 3588 3996 906 1356 2238 4710 4278 2916 432 3558 3984 3732 1992 2370 1536 2028 4242 2154 3732 2940 1758 336 918 2238 2286 3870 3048 3156 1716 2988 894 822 2472 1500 2568 4242 2136 4560 1494 4584 4230 1674 2436 3552 2544 1236 1758 1206 1422 720 4050 3738 2376 4044 2094 2292 1410 348 570 2034 192 2082 3300 2244 690 4152 1926 876 4116 1428 2988 
1160 3264 2632 4784 2960 1656 2480 4712 3480 4216 3656 1672 3472 1072 2240 5320 256 3696 784 3352 3624 2520 2872 280 3584 3592 1528 4432 2216 3616 1872 5880 576 2120 2264 1200 3656 504 4600 3160 3904 3792 2920 1840 5128 5016 3792 1920 2616 744 2408 952 1792 2728 2408 5280 3728 2784 2752 4544 3568 4576 2512 2080 2688 2960 128 2312 2928 4584 1464 1520 5408 4808 5288 4968 2592 2264 4912 840 3064 2832 4576 600 560 2680 4112 1696 1120 3680 4504 2608 4136 6280 2944 3464 5160 5624 4544 1968 5952 752 3656 2928 4496 2504 816 3832 320 4440 1024 1232 1312 3064 2896 4120 3440 2856 5512 5472 1648 3056 3632 2032 2096 4616 4536 3008 4992 4728 3856 4992 4368 4648 4272 1648 2512 4544 1664 576 2656 2344 2832 3280 1080 2712 2568 4600 3552 4064 3304 2896 2936 6232 3992 1688 4792 5072 1432 3416 4264 4608 3552 3952 4424 3040 2880 5424 824 1672 5064 1784 5040 4936 4480 1976 2848 4760 1776 4840 5448 4104 1688 1896 5776 2992 480 3232 1640 2312 2200 992 4008 3320 864 2496 2960 2160 5224 1184 2952 3176 3352 3560 5456 656 4232 5368 4648 3512 3408 736 2104 312 2568 1752 5640 1688 5528 2816 5320 5456 1616 4400 1800 1256 3816 5000 4232 4432 1736 4176 4824 3560 5568 2680 3856 2720 1088 3640 4528 1000 1080 3136 5064 1328 3200 2752 4976 1000 
2274 2916 4614 1716 2436 2058 1620 3114 2214 4686 1026 1578 3672 3066 1986 4806 2898 282 2208 1410 3870 3210 1242 2844 4284 2868 2052 2844 1968 2634 3246 5298 3186 2034 1656 3582 4620 2760 3690 792 3912 2184 2994 1434 2196 2580 4560 4158 3096 3126 3894 2064 4122 4806 2130 4116 4518 1002 4782 4146 1044 3756 4548 1716 2952 660 2694 3444 2460 1182 1782 2022 4476 4296 1950 4956 4446 4296 1764 2934 1068 2856 3966 2346 2850 3846 2058 1536 3594 4248 1344 858 4368 2820 564 3366 4200 4734 1290 2682 2766 2760 84 4266 4032 1068 2904 2070 2676 4200 3546 1866 1788 3606 4332 444 2184 3414 2886 2544 3474 570 4218 1392 1332 4542 2550 4584 2922 4134 4416 2580 4416 3984 840 3468 1218 4410 2556 3198 4554 3402 1764 2628 2760 3150 4686 4626 1734 4404 1458 1500 2820 2730 4230 3990 1848 4488 3852 4170 1044 3528 1668 1146 1818 1740 684 4842 2652 1938 2142 2022 3402 3438 2526 2472 2694 4362 3792 4188 4596 1404 1506 2130 5304 4692 3132 360 3888 4344 4128 2112 2970 1110 2178 4572 1830 4116 3522 1908 732 1518 2826 1860 4470 3258 3750 2034 3588 396 372 2574 1998 2838 4584 2064 5154 1560 5178 4626 1998 2940 3876 3138 1422 2118 1788 1758 1068 4620 4038 2976 4626 1650 2748 1974 516 774 2406 486 2658 3522 2622 1284 4740 2328 1476 4524 1782 3318 
762 2046 3060 2400 1626 696 1320 2820 1782 3468 1518 528 2586 1530 1428 3918 1362 1518 768 1392 2766 1962 984 1374 3018 2166 636 2562 930 2058 1812 4398 1692 918 1194 2034 3264 1206 3042 1350 2886 1944 1956 486 2730 2778 3264 2604 1908 1578 2436 564 2586 3258 1152 3546 3216 840 3228 3264 1452 3066 2994 630 1836 960 1176 2076 1626 2190 252 594 3786 3444 2772 3882 2910 2748 2496 1392 1080 1830 3180 882 1296 2466 2088 462 2052 3024 2154 696 3246 3564 996 2400 3540 4002 2172 1380 3366 1416 1506 2832 3180 918 1560 1926 1218 3258 2034 342 384 2406 2874 1830 1746 2208 3150 3024 1968 1158 2988 294 726 3516 2502 3090 2886 3324 3186 2766 3354 3216 1938 1962 678 3414 1176 1668 3012 2052 1638 1890 1518 1980 3144 3558 2046 3246 1368 1104 1848 3522 3114 2436 2436 3654 2322 2892 1950 2964 1602 1746 2202 1746 1032 3978 1338 1032 2676 726 3108 3072 2466 1212 1728 3468 2256 3402 3858 1896 282 1350 4362 3174 1626 1188 2334 2790 2592 768 2412 1608 780 3018 1752 2580 3246 540 948 1302 2034 2106 3798 1758 2922 2838 3012 1494 1404 1236 882 1296 3036 1206 4230 510 4200 3096 2802 3144 2322 2682 204 612 1812 2556 1932 3498 2490 2496 3642 2010 3144 1206 1626 786 888 1464 2538 2010 1110 1194 3792 864 1302 3000 2544 1764 
1610 4320 3600 5990 3890 2190 2790 6080 4490 5620 4550 1870 4650 1690 2450 6970 680 4500 790 4230 4860 3460 3600 270 4830 4710 2030 5710 2900 4710 2690 7680 840 2790 2520 1820 4930 960 6010 3710 5200 4870 3920 2100 6460 6380 5100 2690 3560 1290 3370 1080 2460 3640 3170 6860 5020 3430 3700 5990 4440 5990 3430 2670 3640 3600 410 3230 3860 5680 1830 2010 7050 6320 6610 6560 3580 3160 6150 1400 3810 3800 6010 570 1050 3700 5240 1920 1680 4950 5610 3140 5510 7890 3520 4620 6730 7330 5650 2720 7510 610 4420 4020 5920 2900 750 4900 40 5870 1470 1460 1490 4160 3980 5030 4450 3890 7000 6910 2420 3630 4890 2500 2390 6100 5800 4120 6390 6200 5170 6350 5790 6100 5270 2420 3120 6010 2320 1010 3650 3270 3210 4310 1010 3690 3430 6090 4110 5430 4170 3680 3920 7830 5330 2400 6020 6650 2000 4620 5280 6000 4510 4920 5580 3470 3410 7100 670 1770 6380 2350 6510 6390 5740 2690 3790 6270 2580 6340 7110 5140 1960 2020 7550 4090 780 3900 2370 3200 3100 980 5230 3870 850 3410 3370 3040 6740 1290 3610 4020 4410 4110 7110 970 5570 6720 6060 4190 4070 560 2760 750 3500 1850 7380 1890 7240 3860 6660 6950 2330 5720 2120 1680 4840 6260 5250 5890 2450 5430 6360 4130 7050 3480 4730 3280 1570 4450 5810 1420 1630 3930 6660 1860 4050 3780 6230 1600 
2160 1680 3290 5240 1950 2160 5390 3660 2840 2480 4410 4020 1330 1750 5360 3630 2770 5210 3380 3670 1510 260 3520 3360 1720 2200 2240 3480 2200 2510 750 4330 3350 2090 5140 2630 2220 2380 3000 5530 1870 3270 1100 4070 5280 4690 2140 3150 570 2330 1340 3170 3630 4190 2000 3790 2070 3810 3860 2690 4300 2910 3320 2620 890 4380 2920 430 1890 5530 2900 2310 3820 3020 5830 3270 2700 2810 5400 1990 3850 1200 2800 3290 2320 980 3860 3960 2980 1740 5210 4140 2200 6650 4720 1500 3570 4050 5330 1020 6110 3950 5360 1760 2660 4840 4040 3460 3380 2540 3390 3150 3480 810 1950 5640 2830 570 5200 5490 1450 5110 1680 3280 4480 2760 3950 2520 4290 2950 2000 4650 2460 2900 5410 1440 3450 2670 1340 2910 2970 300 5910 2070 4360 610 4110 2770 6680 2150 3570 3180 1380 6670 2000 3040 5110 3330 3450 1510 5170 3130 3580 4630 4580 6130 4930 3760 4010 4580 5240 2160 3940 3730 3900 1350 1460 2940 2040 3090 3830 4550 3710 5040 4220 2870 3210 4900 2670 2900 2310 3670 2710 5990 3520 3500 6100 2350 4130 3570 4250 3380 1910 6760 3890 3330 2400 5880 3150 5620 5460 3860 2140 2630 3360 4800 4040 4010 3910 2930 5830 5050 2710 3150 3650 2350 3760 5560 5100 2600 3160 2960 3020 6640 5440 2380 5170 4270 2030 4950 3830 3400 1780 3620 3310 1910 3450 2700 5490 2250 
3656 1864 3968 4736 2504 3496 6176 2512 2920 1112 4576 5080 992 3400 6216 880 4232 5448 4688 3944 808 1928 4096 4704 1272 1992 3600 2640 3264 2360 2576 1456 4672 3232 5992 3976 1856 3928 1400 6064 568 3120 1824 5072 4488 3752 1488 4176 1912 3848 2480 4488 4648 4808 2992 1624 1504 4448 4472 480 4504 1240 4056 3688 1968 4944 4360 2160 2472 5256 4144 3656 1296 608 5096 888 3424 3712 4840 3608 4328 2000 856 4624 3872 2008 3544 5008 4272 1056 4920 4864 560 5328 5312 1264 1304 1344 5040 2640 4848 5184 5640 2312 640 5608 5256 3304 4728 232 4632 4416 4680 1368 2504 5696 2944 1576 3960 4432 3016 5664 1096 4280 5392 312 3216 2952 3168 760 1080 3712 296 920 5336 3008 4224 128 2968 4312 3640 2104 6600 2264 5504 1808 4808 488 7144 728 3872 3744 2016 5408 560 4160 4560 752 4600 1352 5056 1688 3704 4624 4176 6752 5560 1000 5224 5608 4480 3448 2464 2256 3200 2816 2184 432 3336 832 1208 4424 4784 5992 1392 3312 4568 5360 3864 3768 3320 4904 2072 6496 4800 4232 6752 3376 2520 4776 4808 3760 1992 7240 1376 4648 896 5080 1640 6000 5880 5104 3280 4128 4064 5800 1224 5064 1176 3504 5064 3792 3912 2136 4696 3768 3688 4976 4984 656 4248 2192 432 7096 4264 3128 5304 4944 3584 5192 3048 4656 3424 4048 640 3440 3824 3320 4904 3744 
1656 784 4056 2632 176 1232 3736 1912 776 3160 2056 2688 1776 2240 3888 3352 2728 2832 2632 1432 2048 1376 1464 3072 2688 896 1368 1624 744 824 1840 4000 3288 776 3576 3128 3232 2368 2064 3456 2088 1128 896 2624 2712 2352 3080 3752 1152 2632 2600 2352 4008 4656 456 2744 3032 1808 4456 2464 1968 2104 4040 1152 896 2304 2680 1872 176 2896 1800 1400 3072 2680 3112 3480 3632 3632 2768 2264 1704 712 2288 2664 2400 2336 1568 2608 3336 2600 2624 2248 2704 3832 2680 1368 2736 3376 2720 1040 3432 3400 3016 2968 2328 3056 3544 1248 2968 2504 3544 2152 2384 1768 3112 3120 752 1536 2808 2928 2408 3040 2568 1736 2912 2936 1800 3560 2208 2496 2816 2320 2760 2328 2856 2400 1592 2768 1216 3040 3840 1776 4152 536 3656 1192 4560 3040 4616 2760 1352 1128 632 3840 2520 3600 2536 2960 3752 2560 2624 1968 1312 2184 2112 4272 2944 3416 3368 3336 2672 1120 2264 2176 1752 880 472 2744 2936 2592 3184 2096 2368 3752 3992 3824 3168 2720 3336 3704 3264 2776 1264 3904 2720 4152 4304 3280 2448 2552 2168 1208 728 4728 3088 3328 1960 3152 2032 3360 3240 3224 824 2600 4080 3560 3792 2672 3800 3840 3120 2728 3352 1640 2232 1632 1456 2896 2568 3040 3696 1400 3064 4552 2944 488 2736 2320 1704 2592 1760 3536 1776 1464 3224 1464 1272 3664 2840 2728 
639 2304 4131 3537 1728 243 2781 3636 2124 4401 2349 1557 3069 1800 2889 5076 1899 2700 1467 1917 3339 2142 1431 2124 3735 2529 216 3276 711 2430 2007 5787 2493 648 2583 2709 4149 1539 3825 2781 3519 2448 2124 1539 3897 3798 4113 3546 2052 2034 2979 1134 3645 4572 1008 4590 4050 1476 4464 4104 2241 3843 4059 477 1944 1881 1719 2358 1719 3420 513 180 4905 4374 4104 5004 3825 3654 3690 1665 1692 1944 3987 1530 1647 2952 2772 1476 2826 3735 3276 1593 4059 5193 2106 2799 4554 5220 3330 1269 4833 2385 2772 3546 3978 2178 2574 2466 1953 4077 2916 900 1161 2799 3636 3150 2088 2511 4356 4284 2358 2421 3690 783 1899 4464 3294 4014 3834 4203 3978 3771 4221 4050 3150 2349 1125 4311 999 2331 4005 2313 3258 2124 2637 2160 4419 4527 3879 4059 1863 1404 1989 5157 3852 3321 3528 4689 3285 3555 3060 3735 2124 2655 3114 3429 2259 5175 2322 2241 3834 288 4050 3969 3231 1008 1818 4401 2871 4320 5013 2781 1215 2709 5733 4176 2376 2322 3105 3726 3357 1602 2943 3213 1548 4131 3429 3339 4257 1341 1800 1701 2304 3978 4932 2565 3600 4194 3798 2898 2763 2160 603 1764 4113 2484 5535 1539 5490 4095 4140 4311 3105 3366 1116 450 2421 3798 3015 4437 3411 3096 4653 3834 4410 1215 2772 1719 819 2538 3312 2898 1116 1692 4878 639 1737 3933 3762 2268 
1554 1980 3894 1416 1500 1254 1842 2310 1326 3756 510 1344 2736 2340 2112 3888 2328 732 1782 588 2940 2304 306 2382 3366 1950 1284 2034 1074 1734 2406 4374 2688 1146 1794 2934 3726 2130 2796 1320 2976 1356 2064 1212 1794 1980 3648 3498 2178 2478 3054 1578 3540 4176 1206 3246 3612 168 4116 3222 456 2856 3846 870 2028 372 2160 2574 1530 1182 1152 1260 3582 3372 1770 4020 3678 3570 1506 2244 162 1926 3054 1896 2208 2970 1332 1278 2994 3324 1146 516 3438 2598 696 2436 3312 3834 1158 1806 2430 2424 852 3408 3108 1212 2568 1272 2232 3270 3012 1350 1380 2682 3486 990 1296 2496 2334 2118 2694 978 3300 732 1290 3606 1818 3768 2214 3216 3492 1968 3480 3078 960 2688 384 3480 1716 2628 3804 2526 2106 1704 2502 2232 4074 3696 2298 3474 606 576 1884 2538 3294 3342 1470 3576 3282 3258 936 2652 858 738 1290 2148 954 3924 2334 1854 1740 1194 2604 2616 1788 1596 1758 3438 3048 3276 3696 924 1146 2142 4380 3900 2616 648 3204 3624 3366 1764 2082 1686 1788 3894 2202 3360 2736 1530 264 630 1896 2406 3582 2748 2832 1842 2706 1146 1056 2238 1116 2250 3882 2022 4230 1326 4248 3858 1806 2358 3204 2286 1014 1410 1038 1554 918 3690 3402 2112 3696 2232 2274 1044 720 498 1680 576 1902 2994 1884 396 3816 1560 594 3744 1548 2646 
2292 1842 4458 510 1476 1920 2898 1572 984 3720 624 2394 2670 2976 3174 3492 3144 1338 2736 600 2862 2502 996 3282 3426 1650 1992 1320 1542 1368 2820 3966 3546 1632 2856 3636 3870 2904 2292 2274 2808 792 2082 2268 744 960 3726 4164 2328 3204 3414 2514 4278 4848 1524 2634 3690 1200 4734 2886 642 2382 4434 1560 2136 1380 3018 2874 1518 810 2046 1992 3048 2988 882 3804 4170 4134 612 2934 930 1968 2646 2826 2964 3228 510 2322 3744 3336 552 1578 3324 1590 1692 2292 2772 3312 642 2190 1386 3384 1542 3696 2748 2262 3528 654 3144 2988 3822 2292 2370 2748 3810 1350 978 2598 1290 1056 3216 1938 3318 1680 2352 3372 954 4146 1308 2808 3492 960 3294 2646 960 3204 1302 3228 2220 3432 4320 2808 3144 1518 3498 2352 4758 3492 3276 3396 636 942 1878 1554 3192 4026 474 3162 4050 3342 708 2094 498 474 228 3168 1956 3510 3318 2910 696 1830 1836 1902 936 2004 1788 3096 3606 2844 3186 222 2172 3204 4008 4332 3462 1536 3852 4188 3876 2754 1608 2640 2760 4506 3234 3888 1944 2520 1290 738 1704 3390 3024 3594 2484 930 2148 1980 1914 3210 1626 3054 4464 3078 3852 2370 3918 4332 894 1332 3858 1680 2040 2184 390 702 660 3546 4092 1554 3420 3198 1212 1266 1116 1554 2388 1140 1074 3810 2544 786 3492 2226 714 4200 660 3330 
2660 5420 4750 6340 4860 3100 1890 7000 5310 6960 4830 1740 5910 3040 1360 8240 2030 4420 1350 4730 6140 4730 4040 1460 6170 5740 2930 6590 3750 5660 4010 8970 1890 3670 1680 3060 6280 2280 7120 3170 6460 5620 5080 1980 6940 7040 6450 3800 4790 2630 4720 1700 3410 4580 4080 7980 6370 3710 4740 7220 4740 7120 4570 3370 4810 3650 1750 4560 4840 5830 2450 2880 8240 7550 6930 7880 4840 4370 6490 2740 4160 4930 7200 1370 2390 5050 5890 1850 2820 6290 5870 3210 6820 8310 3380 5810 7890 8550 5870 3900 8000 850 4240 5370 7130 2470 960 5600 1300 7130 2450 1990 1770 5450 5320 4920 5260 5170 7670 7450 3780 3300 6220 2900 2030 7400 6560 5420 7190 7410 6510 7020 7100 7280 5330 3770 3520 7290 3490 2240 4870 4590 2160 5300 510 4920 4360 7400 3060 6750 4690 4250 5020 8220 6630 3530 6430 7880 2980 5960 5460 7070 5090 5210 6070 2420 3110 8360 690 1020 6850 3240 7460 7370 6490 3790 4870 7520 3890 7550 8320 5510 2070 900 8850 5350 1920 3790 3590 4410 4380 1180 6220 3120 1240 4500 2280 4320 7690 1520 3720 4580 5470 3020 8290 2010 6760 7050 7140 3800 3720 790 3630 2100 4640 870 8670 1770 8550 5100 6990 7650 3540 6700 2290 2610 5430 6570 5450 7210 3550 6400 7650 3120 7650 4300 4740 3310 2700 4480 6610 2400 2860 4390 7940 2930 4590 5050 6560 2930 
1341 3636 4410 4266 3051 1521 1566 4905 3357 5508 2916 396 4311 2268 1566 6363 1728 2727 621 2781 4563 3303 2169 1584 4815 3861 1386 4527 2007 3735 2898 7065 2097 1971 1332 2808 5094 1638 5157 2061 4788 3618 3429 558 4779 4878 5139 3654 3276 2178 3762 504 3528 4581 2331 5922 5076 1899 4590 5400 2835 5184 4293 1611 3222 1944 1404 3348 3042 3879 819 1323 6237 5679 4806 6210 4284 3978 4410 2007 2295 3258 5310 837 1782 3897 3834 396 2772 4860 3870 1530 5247 6030 1836 4104 5886 6543 3879 2457 5742 1503 2646 4365 5292 1323 1728 3591 1323 5364 2646 459 162 3978 4392 3204 3303 3690 5436 5238 2970 1935 4806 1143 882 5697 4455 4644 5031 5526 5085 4851 5445 5373 3465 2961 1701 5571 2097 2160 4401 3339 2034 3447 1602 3393 4392 5742 2754 5220 2754 2358 3312 5949 5058 3393 4329 5994 3114 4617 3528 5067 3114 3267 3996 2232 1737 6462 1359 909 4707 1611 5328 5274 4401 2259 3141 5697 3312 5643 6336 3510 441 1377 6993 4707 2025 2178 3294 4032 3807 495 4257 2304 576 4293 2205 3780 5544 171 1980 2655 3636 2808 6264 2205 4914 4914 5130 2439 2331 1224 1917 1674 4356 1152 6804 405 6741 4554 4860 5418 3276 4680 630 1188 3420 4482 3510 5625 3456 4401 5904 2727 5418 2466 2961 1647 1476 2718 4509 2610 1764 2484 6147 1566 2655 4437 4473 2484 
2403 1809 2763 5148 2187 2448 5310 3519 2961 1764 4464 4095 1089 1836 5256 3006 2781 5193 3456 3780 1134 648 3672 3330 1062 2259 2511 3411 2493 2601 918 3591 3249 2394 5085 2457 1485 2484 2754 5481 1512 3348 1323 4140 5148 4563 1422 2781 900 2331 936 3294 3276 3636 2304 3393 1359 3942 3303 2277 4365 2646 2808 2871 1197 4455 2970 432 2124 5454 3096 2574 3321 2556 5679 2556 2178 2367 5292 2088 3969 1458 2457 3348 2403 459 3879 4032 2790 1125 5157 4239 1611 6345 4761 1449 3150 3474 5265 1431 5850 3879 5337 1161 2286 4851 3942 3519 3384 2088 3195 3303 3600 567 1359 5580 2961 576 4986 5292 1377 5112 1062 3456 4518 2178 3888 1899 4140 2547 1341 4518 1890 2547 5364 1368 3618 2124 1701 2844 2439 414 5778 2223 4257 882 3591 2142 6489 1539 3690 3357 1611 6381 1458 2727 5022 2817 3177 873 5139 2916 3681 4644 4545 5976 4950 3141 3951 4563 5112 2457 3717 3510 3843 1728 1719 2448 1791 2673 3294 4563 3825 4959 3465 2259 3132 4923 2394 2448 1908 3726 2682 5886 3582 2988 5949 1962 3870 3654 4338 3519 2034 6552 3393 3222 2133 5706 2925 5562 5427 3834 2439 2682 2835 4743 3321 4086 3177 2358 5670 4842 2430 3042 3780 2592 3825 5445 5067 1953 2826 2907 2421 6453 5229 2628 5157 4356 2268 4959 3762 3213 2007 3753 2691 2196 3591 2142 5373 2196 
2658 1542 4494 1122 1416 2292 3702 726 930 3264 1536 3084 2274 3174 3936 2772 3504 2268 3276 1290 2442 2376 1686 3720 3072 1248 2388 564 1866 1020 2844 3216 3924 1938 3636 3846 3558 3240 1560 3162 2310 684 1872 2982 822 288 3360 4308 2184 3468 3330 3048 4500 4974 1734 1800 3336 1962 4812 2238 1530 1674 4494 2028 1992 2226 3438 2790 1452 1668 2580 2400 2244 2298 1302 3198 4146 4188 1170 3186 1710 1806 1968 3336 3276 3060 534 3012 3996 2946 1398 2376 2826 1494 2556 1890 1974 2508 1488 2274 1146 3906 2472 3522 2100 3084 4032 672 3618 2382 4140 2850 2976 2466 3660 2292 948 2370 612 792 3288 2820 2940 2316 3114 2778 156 4020 366 2112 3084 258 2742 1950 1878 3276 1986 2628 2406 3756 4314 2712 3972 1290 4062 2172 4908 2922 4158 2922 1284 1500 1698 1530 2712 4194 960 2436 4314 3018 1626 1338 1026 1410 786 4020 2814 2766 3858 3612 822 2190 936 1038 186 2154 1668 2430 3678 2124 2394 1158 2844 3918 3282 4248 3840 2436 3996 4242 3900 3336 1032 3534 3318 4590 4074 3918 1026 3120 2130 1314 1398 4266 2208 3960 1872 1278 1392 2898 2832 3750 1950 3408 4518 3786 3126 3066 3222 4290 1272 558 4008 954 2712 2592 828 1260 1578 3018 4266 912 2784 4086 732 1518 2058 2370 2724 2064 264 4134 2814 1494 2820 2544 1326 4152 1206 3546 
4392 2151 4995 5139 2871 4149 7155 2511 3213 1773 5103 5931 1449 4230 7236 720 5139 6129 5571 4410 1323 2520 4644 5670 1980 2187 4284 2718 3816 2574 3303 1458 5670 3798 6957 4932 2637 4779 1224 6939 963 3393 2241 5904 4797 3924 2223 5193 2439 4743 3285 5319 5724 5940 3492 1314 2241 5067 5562 270 5031 1053 5094 4293 2448 5616 5265 2862 2844 5787 4878 4338 909 153 5499 1269 4383 4698 5238 4446 4887 2421 612 5517 4734 2754 3825 5850 5265 1728 5400 5571 1179 5652 6057 1566 945 1008 5535 3249 5121 6183 6363 3132 441 6462 6282 3600 5670 378 5661 5211 5508 1944 3357 6372 3249 2142 4104 4680 3843 6471 1773 4968 6255 729 3375 3861 3240 405 1764 3888 864 639 5922 3843 4842 540 3627 5274 4635 2790 7632 2547 6543 2322 5931 972 8208 1368 4329 4239 2403 5760 1161 5175 4923 351 5643 2052 5589 1557 4095 5121 4527 7794 6354 801 6219 6570 4797 4077 2385 2160 3357 3402 2583 81 4239 432 837 4860 5589 7011 1467 4266 5544 6075 4842 4761 4248 5805 2151 7443 5688 5292 7803 4311 2412 5634 5463 4221 2259 8325 1008 5643 864 5481 1494 6813 6678 6084 3852 5013 5103 6795 1233 5913 1305 4473 5463 3915 4887 2133 5472 4491 4041 5391 5508 1224 5274 2250 639 8145 4464 3591 5940 5652 4329 5832 3177 5679 4176 4563 666 4140 4284 4266 5310 4644 
2400 3804 4248 3414 3360 2460 462 4434 3396 5184 2568 1284 4350 2976 648 5688 2484 1986 1770 2748 4524 3696 2376 2226 4716 3894 2382 4164 2682 3744 3438 6168 2538 2682 618 3192 4896 2520 4776 960 4656 3486 3726 1278 3864 4140 4938 3696 3666 2832 3996 1824 3498 4206 2898 5268 4890 2082 4284 5034 2544 4812 4152 2364 3606 1812 2268 3738 3366 2922 1974 2340 5532 5214 3684 5634 4242 3996 3480 2790 2328 3600 4938 1890 2610 4104 3504 1326 3090 4746 3060 1668 4998 4560 1500 4170 5286 5760 3018 3120 4476 1926 1800 4398 4950 966 2028 3420 2076 5028 2904 1800 1602 4146 4404 2196 3366 3954 4482 4212 3450 1266 4710 1920 1044 5280 3984 4536 4380 5088 4902 4134 5112 4974 2580 3444 2118 5184 2892 2700 4290 3732 168 3618 1764 3738 4074 5316 378 4986 2766 2616 3612 4470 4866 3522 3522 5424 3228 4590 2760 4674 3024 2766 3414 18 1236 5748 1806 1038 3810 2496 4728 4722 3954 2976 3492 5238 3618 5160 5616 3006 1488 924 6132 4542 2538 1674 3522 4020 3942 1590 4110 672 1692 4122 108 3912 4866 1572 1908 2754 3774 372 5544 2616 4686 3768 4728 1362 1380 1800 2646 2490 4194 990 6000 1290 5970 4410 3732 4512 3498 4356 1566 2286 3204 3486 2778 5244 3546 4170 5406 408 4392 2904 2232 1668 2496 2130 4062 2874 2682 2550 5562 2550 2730 4356 3504 3036 
6170 3670 6450 6700 4450 5910 9240 3650 4750 2570 6830 7880 2860 5910 9340 550 6950 8010 7470 6080 2660 4050 6400 7540 3100 3650 6050 3980 5530 4040 4880 520 7500 5510 9020 6610 3650 6560 2330 8980 2320 4880 3790 7850 6220 5210 3200 6800 3990 6470 4700 7200 7420 7520 5160 1910 3240 6880 7070 1590 6760 2180 6580 6060 4010 7490 7100 4360 4430 7500 6720 6120 1140 1300 7040 1520 5780 6190 6800 6170 6650 3990 1810 7410 6500 4130 5300 7790 6990 2850 7060 7460 2180 6990 7990 3040 1570 730 7210 4900 6410 8130 8290 4400 1740 8470 8220 5100 7560 1650 7450 7080 7410 3370 4630 8250 4790 3620 5280 6000 5420 8450 2910 6810 8240 1510 4700 5120 4400 1540 2780 5170 1820 1780 7710 5420 6640 1530 5310 7050 6040 4290 9770 4070 8530 3860 7540 1660 10410 2360 6000 5950 3960 7130 2290 6810 6450 950 7380 3240 7310 2660 5710 6820 6050 9950 8330 410 8170 8590 6230 5830 3370 3150 4690 5080 4160 1260 5780 1440 870 6490 7510 9080 730 5560 7370 7990 6450 6260 5720 7730 3510 9540 7610 6810 9960 5790 3320 7550 7320 5890 3760 10540 1220 7470 2200 6990 2570 8810 8660 8020 5570 6810 6580 8840 540 7870 870 5830 6980 5060 6500 3350 7370 6290 5610 6960 7230 1970 6910 3560 1230 10340 5700 5250 7780 7540 6090 7670 4470 7470 5910 6280 930 5890 5970 5620 6870 6340 
4563 3132 7497 1242 2862 3996 5742 1854 2079 5733 2322 4950 4257 5445 6156 4932 5850 3312 5382 2205 4509 4356 2826 6129 5445 2709 4131 1683 3375 2340 5013 5571 6480 3501 5679 6453 6174 5463 3132 4788 4311 1683 3618 4770 549 432 5877 7182 4077 5850 5787 5040 7434 8190 3231 3402 5850 3177 7974 4167 2358 3303 7488 3528 3780 3465 5715 4968 2925 2142 4329 4140 4086 4239 1287 5616 7002 7038 1233 5436 2772 3501 3753 5499 5535 5409 1233 4842 6660 5256 1773 3762 5076 1404 3924 3672 3699 4473 1890 4131 909 6345 3627 6102 3960 4788 6552 1575 5949 4392 6840 4725 4869 4536 6300 3231 2097 4374 594 351 5670 4293 5256 3843 4923 4986 1071 6840 1152 3960 5463 468 4950 3717 2565 5652 3294 4761 4284 6255 7245 4860 6111 2727 6552 4068 8082 5211 6282 5229 2232 2646 3339 1458 4905 7002 999 4437 7128 5364 2205 2799 1890 2043 1053 6147 4320 4905 6255 5733 603 3852 2079 2268 1107 3915 3276 4446 6255 3978 4320 1665 4608 6183 5688 7173 6345 3681 6705 7119 6615 5436 2394 5328 5427 7623 6246 6633 2160 5094 3330 2340 2907 6453 4023 6534 3645 1215 2871 4302 4221 6102 3510 5706 7533 5994 5445 4923 5616 7227 1215 729 6723 2250 4410 4437 1575 1341 2142 5355 7101 2205 4986 6165 423 2871 2961 3726 4689 3042 1233 6822 4860 2511 5022 4419 2331 7011 1260 5994 
2075 2200 4020 795 1825 1815 1955 2135 1520 3755 495 1760 2875 2725 2240 3690 2705 445 2205 890 3045 2610 955 2730 3460 2095 1845 1920 1620 1870 2750 4090 2990 1685 1960 3220 3790 2545 2705 1300 3035 1425 2340 1635 1200 1575 3705 3695 2485 2840 3285 2050 3720 4255 1695 3015 3675 905 4205 3160 550 2775 3980 1490 2340 805 2560 2865 1855 335 1725 1825 3350 3260 975 3895 3830 3750 830 2645 795 2225 2980 2310 2615 3185 1240 1710 3265 3405 485 1035 3450 1700 945 2585 3115 3565 430 2230 1660 2720 605 3565 3055 1450 2845 1315 2595 3230 3275 1865 1855 2885 3640 320 1500 2740 1800 1490 3010 1065 3390 1370 1620 3540 1620 3885 1905 3115 3540 1580 3455 2985 50 3005 1095 3420 2185 2960 3940 2820 2100 1935 2760 2520 4170 3625 2095 3495 935 1105 2170 1625 3335 3560 915 3415 3505 3380 245 2550 1025 460 950 2090 1130 3705 2640 2130 1155 1760 2355 2410 1610 2060 2075 3340 3310 3150 3460 640 1635 2330 4115 4010 2935 750 3450 3790 3570 2165 2115 1575 2200 4020 2160 3570 2445 1975 790 1025 2100 2200 3335 3045 2825 1045 2595 980 955 2565 1665 2640 4010 2255 3985 1745 4025 3980 1015 1860 3445 2210 1540 1950 1060 815 280 3650 3610 2090 3590 2025 1670 1510 255 975 2175 380 1725 3255 2345 880 3665 2075 985 3880 840 2980 
3104 3328 6216 1280 2728 2688 3016 3288 2256 5808 592 2640 4408 4144 3456 5736 4120 640 3344 1224 4672 3960 1312 4168 5328 3176 2736 2944 2376 2824 4184 6376 4584 2480 3008 4944 5856 3864 4168 2008 4672 2120 3536 2448 1912 2456 5720 5696 3768 4328 5040 3088 5744 6600 2496 4688 5672 1240 6512 4880 672 4280 6152 2160 3536 1104 3888 4368 2768 640 2552 2704 5208 5048 1624 6048 5912 5784 1352 4016 1048 3360 4600 3504 3976 4880 1856 2560 5016 5248 792 1472 5328 2784 1376 3944 4840 5552 736 3352 2688 4168 912 5488 4712 2192 4368 1952 3960 4992 5032 2784 2784 4408 5608 584 2224 4176 2848 2384 4600 1608 5216 1984 2440 5480 2488 6000 2960 4816 5464 2464 5336 4616 256 4592 1536 5296 3272 4528 6088 4296 3272 2904 4240 3824 6456 5616 3304 5392 1304 1552 3272 2680 5144 5488 1456 5296 5400 5200 392 3928 1472 592 1440 3264 1688 5768 4048 3256 1848 2600 3656 3728 2464 3080 3120 5168 5080 4880 5384 912 2440 3584 6416 6192 4496 1072 5304 5848 5496 3280 3224 2464 3336 6216 3368 5496 3800 2976 1072 1432 3176 3472 5184 4672 4344 1736 4008 1520 1464 3920 2448 4024 6200 3456 6208 2616 6272 6152 1688 2928 5296 3392 2272 2912 1544 1360 416 5648 5560 3192 5568 3200 2656 2208 312 1384 3264 464 2648 5008 3536 1200 5688 3104 1368 5992 1384 4552 
1476 2580 3732 2268 2118 1368 936 3144 2112 4140 1368 618 3210 2232 1212 4494 1974 1032 1254 1476 3402 2628 1092 1890 3696 2640 1326 2874 1476 2472 2520 4980 2232 1500 888 2676 3966 1866 3516 648 3498 2202 2556 474 2682 2886 3954 3246 2556 2238 3150 1134 3186 3882 1686 4002 3906 798 3876 3834 1332 3558 3660 1158 2460 606 1764 2772 2130 1896 960 1290 4290 4002 2592 4518 3606 3426 2352 2076 1062 2418 3708 1392 1962 3168 2232 576 2670 3696 1950 390 3894 3450 402 2982 4032 4524 1932 2052 3312 1800 936 3540 3738 318 1950 2136 1722 3846 2604 960 846 3066 3582 1332 2082 2868 3246 3018 2670 462 3666 714 414 4134 2706 3798 3102 3864 3858 2880 3978 3744 1584 2664 834 4026 1866 2268 3702 2748 1206 2364 1812 2628 3762 4188 1476 3900 1482 1332 2418 3384 3756 3078 2352 4212 2910 3576 1680 3408 1746 1590 2196 1266 330 4548 1692 1026 2628 1374 3444 3438 2676 1872 2292 4044 2952 3936 4380 1806 570 1278 4962 3876 2184 648 2994 3468 3288 1152 2838 948 1218 3672 1308 3270 3576 954 678 1470 2538 1566 4296 2304 3462 2670 3456 804 726 1614 1458 1926 3702 1176 4824 600 4812 3786 2634 3264 2982 3072 528 1320 1932 2382 1680 4146 3120 2892 4248 1422 3180 1644 1224 414 1596 1068 2778 2574 1818 1272 4386 1572 1446 3702 2382 2436 
1895 2550 210 4135 2600 2160 3050 3545 3040 2130 3545 2555 2225 1245 2860 3125 1375 3720 2005 3250 2215 1845 3035 1540 1840 2810 2125 3445 2430 2945 1410 3355 1275 2355 2920 780 1595 1460 3160 3485 2430 3260 2260 2655 4240 4015 1800 315 1990 1155 1110 2070 545 385 2440 3505 1775 3065 235 2840 3485 3100 110 2490 2140 3250 1560 1500 2570 4140 2280 2145 3420 2980 4450 2685 500 310 4220 1325 3185 2290 2975 1890 1385 1410 3535 2565 820 1970 4040 3050 2305 4950 3295 2430 3355 3465 4080 1905 4700 1795 3725 1190 2870 3075 1730 3330 1675 2710 980 2215 2310 1945 1075 3975 3030 1930 4285 4385 1045 3400 1940 2625 2825 2635 3655 870 3850 3010 2000 3995 2490 3030 4000 1050 2875 2660 1855 1155 395 1565 3250 2715 1960 2020 380 2560 3705 2210 3205 2960 2385 4950 2275 460 4100 3095 725 1780 3940 3250 3290 3705 3840 3380 3290 3205 1890 2540 4210 2225 3680 3570 3625 2040 2395 2895 715 3075 3380 3735 2535 2630 3245 685 1275 3460 525 270 570 2135 3065 3590 2055 45 3325 540 3770 2245 3225 3110 2660 3695 3465 1210 2810 4485 3260 3685 3620 1890 2360 1410 130 2560 3210 2565 3080 525 4455 4220 530 3285 2585 2020 3420 4290 3915 2405 435 3190 2775 3720 4390 2655 3780 3120 1795 3650 3605 1005 1630 3160 2925 1900 3140 600 4260 995 
2540 1630 2285 3495 2015 2505 4155 2125 2325 330 3340 3470 970 2245 4145 750 2770 3855 3150 2945 805 1455 3000 3070 685 1755 2555 2205 2420 1990 1745 895 3000 2390 4030 2490 870 2610 1430 4165 795 2470 1535 3485 3350 2895 655 2510 1500 2495 1500 3050 2830 2820 2265 1515 685 3205 2595 845 3290 1330 2355 2675 1585 3505 2880 1475 1990 3795 2895 2595 1230 870 3725 225 1955 2180 3560 2390 3150 1650 1085 3095 2560 1255 2745 3435 2675 610 3590 3435 390 3885 3720 1245 1305 1165 3665 1940 3585 3385 3965 1285 950 3850 3410 2585 3110 700 2915 3040 3205 1085 1390 4025 2335 1245 3030 3325 1930 3935 640 3035 3690 380 2560 1610 2535 1000 505 2875 390 1115 3825 1925 3045 500 2125 2770 2080 1460 4420 1895 3590 1440 2840 250 4790 385 2895 2785 1685 3935 505 2530 3385 870 2840 785 3660 1610 2810 3390 3145 4525 3855 830 3425 3755 3345 2490 2095 1965 2545 2075 1785 740 2045 1030 1130 3275 3305 3980 780 1825 2940 3770 2360 2210 1965 3295 1835 4420 3220 2470 4515 2000 2120 3250 3430 2820 1730 4840 1285 2970 1110 3720 1580 4160 4080 3360 2420 2715 2355 3865 755 3465 620 1970 3710 2925 2390 1885 3260 2630 2820 3645 3615 180 2580 1920 455 4765 3220 2385 3785 3490 2475 3700 2455 2930 2345 2990 550 2415 2860 1870 3600 2395 
2936 1104 5088 2248 1128 2496 4784 640 776 3392 2320 3824 2056 3456 5016 2912 4008 3296 3888 1776 2280 2240 2160 4352 3120 704 2632 352 1952 472 2920 3544 4568 2024 4656 4336 3768 3640 1304 4272 2128 744 1568 3720 2008 1360 3504 4896 1992 3880 3512 3592 5200 5768 1704 1832 3472 2568 5536 2120 2272 1432 5096 2288 1744 3016 3960 2792 1160 2832 3008 2664 2336 2240 2600 3376 4608 4688 2344 3512 2296 1504 1784 3936 3672 3128 1072 3728 4560 2952 2472 3096 2816 2968 3448 1544 1968 2688 2600 2240 2504 4672 3544 3736 1936 4016 4824 912 4248 2280 4792 3368 3584 2320 3920 3440 816 2200 1712 2032 3520 3824 2944 2800 3968 2808 768 4408 984 2000 3136 1320 2728 1784 2984 3512 2472 2608 2472 4304 4832 2696 5184 848 4928 1968 5696 2984 5544 2944 1720 1816 1352 3016 2656 4768 2064 2464 4976 3048 2672 1056 1432 2280 1696 5280 3768 2928 4640 4504 2000 2376 1016 984 736 2136 1352 2392 4032 2040 2512 2016 3488 4928 3600 4720 4448 3376 4488 4760 4296 4016 424 4760 3960 5232 5328 4320 1200 3760 2872 1680 920 5672 2320 4600 1600 2592 1136 4032 3920 4496 2056 3880 5136 4736 3392 3800 3480 4792 2576 1592 4512 528 3328 2904 1312 2480 2600 3088 4864 328 2840 5472 1936 1520 3080 3128 2992 3016 632 4792 3048 1984 2920 2752 1728 4600 2408 3952 
3610 4080 7520 1870 3310 3120 3450 4200 2790 7150 710 2980 5410 4930 4000 7160 4860 560 3860 1470 5750 4800 1440 4900 6530 3930 3160 3750 2770 3510 5020 7960 5430 2900 3440 5910 7170 4550 5230 2220 5760 2680 4310 2740 2650 3260 7010 6850 4560 5140 6100 3550 6890 7970 2960 5910 6950 1280 7880 6070 780 5360 7430 2470 4280 1060 4570 5280 3360 1120 2900 3120 6540 6300 2340 7490 7160 6980 1980 4760 1110 4080 5740 4070 4690 5930 2420 2880 5990 6440 1280 1520 6570 3790 1400 4850 6070 6970 1220 4000 3640 4890 910 6670 5870 2420 5140 2480 4640 6190 6000 3180 3160 5380 6810 710 2750 5080 3770 3230 5520 1710 6400 2190 2730 6790 3220 7290 3840 6010 6720 3260 6610 5760 630 5510 1660 6560 3880 5370 7370 5190 3780 3570 4980 4640 7800 6950 3870 6650 1560 1790 3990 3660 6340 6580 2060 6610 6460 6360 790 4940 1830 870 1990 3790 1800 7200 4740 3740 2560 3010 4660 4740 3190 3650 3790 6440 6110 6100 6750 1300 2730 4160 8000 7520 5320 1030 6360 7060 6640 3780 4040 2810 3850 7510 3920 6630 4860 3400 1030 1700 3910 4070 6520 5540 5410 2470 5040 1660 1570 4580 2860 4740 7500 4000 7740 2950 7810 7460 2410 3860 6360 4280 2530 3370 1990 1990 810 6980 6680 4020 6910 3740 3560 2620 230 1400 3820 270 3410 5960 4160 1360 7080 3630 1620 7270 2020 5420 
1500 1720 4990 3290 980 890 3900 3060 1400 4480 2240 2600 2820 2510 4100 4910 2920 3020 2610 1550 3150 2040 1320 3270 3810 1890 1050 2660 190 1730 2320 5720 3620 300 3700 3620 4410 2480 3350 3610 3270 1780 1700 2520 3560 3320 4280 4490 1830 2920 3370 2240 4700 5630 230 4190 4210 1650 5440 3800 2120 3400 4940 670 1590 2250 2790 2520 990 3400 1510 1080 4600 4090 3920 4990 4540 4450 3460 2460 1650 1470 3610 2670 2560 3170 2210 2490 3820 3750 3130 2110 3980 5010 2670 2390 4190 4980 3230 1260 4560 3610 3200 3920 3640 3070 3810 1840 3110 3830 4010 1960 2240 2680 4070 3440 1350 2360 3930 3930 2920 3110 3700 1410 2880 4330 2710 4580 3300 3870 4030 3290 4090 3670 3230 2910 1320 4140 1250 3360 4780 2430 4420 1430 3910 1920 5490 4440 5020 4020 1460 1000 1450 4980 3750 4260 3230 4440 4350 3630 3020 3220 1620 2500 2720 4580 2970 5000 3550 3420 3500 730 3520 3440 2650 930 1240 4150 3560 3990 4740 2510 2190 3940 5690 4850 3470 2780 3960 4540 4040 2760 2310 4160 2700 5060 4610 4050 3750 2450 2100 1260 1670 5150 4620 3680 3190 4000 3300 3550 3400 3370 320 2760 5000 3700 5450 2580 5440 4820 3940 3870 3980 2770 2020 1400 1900 3610 2950 4400 4370 2470 4510 4950 4030 390 2970 2210 1620 2750 2720 3990 1820 1440 4730 1320 1330 4610 3550 3110 
1755 4203 4230 4995 3672 2088 1512 5571 4041 5805 3636 891 4743 2349 1251 6822 1566 3357 585 3510 4968 3690 2898 1206 5094 4473 1944 5202 2655 4374 3141 7506 1710 2592 1278 2628 5274 1656 5733 2421 5229 4320 3933 1116 5508 5598 5382 3411 3717 2097 3888 837 3177 4239 2961 6507 5310 2628 4320 5886 3555 5742 4086 2295 3708 2619 1242 3618 3654 4572 1467 1890 6777 6174 5526 6579 4194 3834 5130 2070 3015 3780 5841 702 1782 4113 4554 981 2502 5166 4581 2205 5616 6750 2430 4599 6444 7065 4590 2898 6471 900 3231 4491 5796 1719 1116 4302 963 5823 2277 1053 846 4356 4482 3816 3996 4086 6156 5967 3051 2430 5112 1872 1260 6111 5157 4653 5733 6039 5391 5571 5841 5904 4140 3042 2430 5994 2520 1899 4275 3627 1908 4068 900 3834 4050 6129 2709 5571 3483 3087 3852 6678 5436 3150 5058 6489 2763 4905 4221 5670 3834 3978 4725 2133 2241 6930 720 603 5436 2205 5994 5913 5103 2763 3708 6165 3267 6156 6858 4239 1143 909 7416 4653 1683 2790 3123 3870 3753 351 4896 2511 459 4059 2052 3708 6201 630 2664 3384 4230 2718 6813 1827 5445 5634 5733 2916 2826 630 2547 1575 4149 711 7245 918 7146 4455 5580 6138 3096 5319 1341 1674 4149 5202 4212 5976 3195 5040 6327 2727 6147 3141 3618 2304 1827 3375 5211 2232 2034 3213 6579 1998 3384 4374 5193 2394 
4336 3408 7152 736 3064 3840 4968 2424 2352 5808 1944 4416 4456 5224 5376 5168 5480 2632 4928 2088 4688 4432 2600 5664 5512 3056 3944 2240 3320 2704 4944 5736 6016 3440 4936 6112 6144 5152 3560 4000 4544 2008 3808 4232 400 1160 5904 6800 4184 5544 5696 4632 6976 7712 3256 3816 5864 2824 7544 4464 2008 3712 7128 3368 3920 2952 5320 4960 3112 1424 4008 3944 4424 4544 432 5744 6736 6728 640 5184 2472 3680 4104 5056 5232 5384 1536 4320 6264 5360 1200 3272 5232 848 3312 3936 4072 4768 1256 4120 704 5792 2904 6016 4280 4128 5984 1856 5480 4656 6384 4336 4424 4656 6176 2456 2360 4496 1224 592 5496 3592 5344 3512 4312 5184 1656 6648 1808 4296 5544 1192 5136 4080 1872 5488 3000 4984 4200 5856 6944 4864 5248 3008 5936 4192 7600 5376 5296 5360 2136 2544 3544 784 5072 6624 656 4720 6680 5424 1600 3264 1920 1640 1024 5256 3656 5152 5696 5088 432 3720 2640 2808 1680 3896 3456 4720 6024 4312 4632 1384 4136 5456 5840 6920 5904 3048 6376 6800 6368 4936 2832 4456 4952 7232 5360 6384 2712 4624 2864 2272 3208 5464 4368 6080 3984 336 3328 3512 3464 5560 3440 5360 7168 5312 5632 4392 5768 6952 368 1384 6392 2752 3960 4192 1688 640 1576 5496 6712 2688 5192 5192 904 2912 2304 3216 4464 2440 1832 6368 4656 2328 5240 4240 2240 6768 608 5704 
2238 1176 4080 1218 996 1872 3378 738 504 2982 1350 2718 1956 2748 3594 2646 3084 2094 2874 1002 2142 1980 1362 3300 2748 912 1968 474 1446 648 2430 3114 3504 1518 3300 3420 3222 2814 1434 2910 2040 276 1494 2628 1074 690 3042 3888 1794 3042 2940 2646 4074 4560 1308 1782 3018 1656 4398 2052 1326 1530 4080 1626 1596 1962 3012 2388 1038 1668 2184 1986 2190 2142 1494 2994 3744 3774 1296 2760 1422 1410 1806 2928 2850 2682 348 2646 3570 2634 1398 2070 2562 1854 2292 1572 1908 2454 1488 1854 1530 3498 2286 3150 1920 2778 3624 318 3204 2172 3714 2454 2592 2112 3282 2172 528 2004 1038 1158 2868 2562 2628 1944 2778 2568 288 3636 666 1962 2778 666 2508 1800 1806 2862 1644 2418 1980 3330 3912 2316 3660 894 3660 1788 4488 2700 3888 2646 978 1140 1302 1878 2436 3774 1086 2310 3888 2688 1560 1236 726 1284 804 3720 2544 2652 3456 3246 1056 1776 1026 1068 252 1728 1260 2256 3264 1992 2328 1068 2472 3558 3162 3858 3414 2202 3576 3828 3486 2940 780 3276 2922 4170 3768 3504 1152 2736 1854 984 1026 3990 2166 3534 1662 1494 1290 2688 2610 3348 1530 2982 4110 3420 3000 2700 3078 3894 1476 984 3588 822 2346 2178 582 1398 1512 2772 3846 702 2598 3822 1140 1098 1908 2076 2298 1884 318 3708 2388 1194 2652 2118 1008 3756 1344 3120 
3861 1953 6426 2115 1890 3330 5661 639 1260 4446 2565 4662 2988 4536 5976 3690 5103 3681 4860 2088 3231 3222 2637 5463 4185 1494 3474 387 2691 1206 3969 4365 5733 2790 5544 5535 4923 4698 1872 4941 3015 990 2466 4527 1701 855 4608 6192 2943 5004 4653 4518 6516 7182 2448 2259 4581 3078 6921 2889 2538 2043 6435 3006 2664 3519 5022 3852 1935 2898 3834 3501 2916 2979 2421 4329 5895 5976 2196 4581 2718 2385 2484 4932 4743 4230 1008 4554 5778 3987 2484 3690 3789 2664 4014 2421 2502 3312 2628 3168 2142 5778 3978 4914 2682 4752 5958 1062 5328 3105 6021 4248 4455 3312 5121 3762 1305 3186 1224 1629 4644 4428 3987 3501 4761 3699 306 5670 441 2700 4185 819 3654 2457 3177 4635 3051 3474 3402 5454 6138 3735 6084 1629 6039 2916 7092 3915 6417 3942 2061 2304 2223 2736 3618 6039 1881 3195 6255 4113 2799 1539 1674 2430 1566 6174 4401 3690 5724 5445 1701 3186 1017 1125 324 3024 2205 3177 5229 2718 3141 2070 4293 5922 4464 6012 5598 3870 5724 6057 5535 4977 1116 5499 4932 6588 6246 5562 1179 4671 3366 2070 1737 6579 2871 5778 2349 2385 1620 4590 4482 5562 2817 4959 6471 5706 4221 4635 4365 6102 2376 1089 5751 963 4104 3789 1431 2340 2727 4068 6147 918 3708 6318 1494 2178 3384 3708 3942 3366 117 6012 4041 2376 3762 3663 2097 5886 2259 5094 
4005 1809 6273 2682 1962 3510 6039 72 1530 4032 3078 4977 2673 4545 6318 3150 5193 4194 5076 2538 2880 3078 3042 5598 3843 1350 3663 360 2898 1215 3888 3807 5823 2979 5904 5517 4590 4788 1350 5391 2619 1377 2322 4860 2232 1350 4257 6120 2808 5040 4473 4743 6489 7083 2619 1692 4230 3492 6795 2394 3042 1521 6300 3267 2556 3969 5157 3699 1989 3465 4077 3699 2349 2457 2970 3834 5724 5850 2763 4626 3159 2295 1971 5130 4815 4014 1539 4878 5787 3627 3051 4104 3366 3087 4464 2133 1944 2745 3195 3177 2556 5958 4482 4671 2196 5157 6129 1512 5481 2628 6066 4491 4725 3051 4887 4293 1575 2970 1557 2097 4572 4878 3636 3825 5121 3222 873 5436 666 2178 3807 1314 3204 1935 3726 4554 3429 2997 3456 5517 5976 3582 6471 1611 6246 2763 7002 3447 6849 3528 2502 2673 2133 3186 3213 5985 2448 2655 6255 3789 3348 1017 2133 2961 2133 6570 4842 3141 5922 5751 2250 3375 486 558 882 3087 2169 2664 5139 2196 2583 2619 4608 6228 3915 5805 5688 4347 5670 5931 5391 5211 873 5949 5157 6462 6633 5436 684 4923 3807 2484 1629 7002 2304 5859 1899 2934 1089 5076 4959 5760 3015 5049 6336 6012 3681 4959 3834 5913 2925 1377 5697 531 4428 3969 1926 2907 3276 3618 6102 648 3204 6759 1899 2403 3906 4131 4059 3879 675 6057 4113 2808 3240 3789 2520 5697 2817 5094 
581 2506 2632 3682 2177 980 1967 3703 2583 3619 2702 1120 2821 966 1855 4445 588 2765 441 2436 2982 1995 2009 693 3066 2758 861 3444 1477 2751 1547 4963 1001 1393 1785 1393 3220 462 3696 2408 3199 2849 2240 1239 3990 3913 3290 2058 2030 882 2156 420 2016 2807 1659 4291 3241 1939 2793 3738 2618 3682 2541 1323 2051 2114 385 1918 2156 3514 784 847 4452 3962 4123 4221 2513 2282 3794 756 2177 2149 3724 357 574 2310 3115 1120 1400 3122 3437 1813 3479 4991 2135 2751 4214 4662 3472 1414 4718 945 2744 2625 3675 1841 1071 2877 574 3668 1379 616 749 2506 2632 3136 2555 2303 4347 4298 1519 2268 3080 1281 1498 3871 3507 2807 3913 3871 3297 3892 3661 3780 3248 1512 1701 3794 1120 945 2611 1925 2317 2471 1190 2121 2674 3878 2912 3437 2394 2037 2219 4956 3339 1862 3689 4200 1708 2912 3234 3675 2611 2954 3374 2485 2114 4536 931 1316 3934 1092 4011 3927 3458 1358 2121 3941 1757 3962 4501 3087 1057 1603 4886 2849 917 2380 1764 2324 2149 658 3115 2604 546 2555 2436 2128 4172 693 2100 2282 2555 2940 4487 1071 3416 4193 3717 2667 2576 812 1372 518 2583 1449 4760 1127 4676 2723 4151 4305 1750 3458 1127 623 2849 3871 3206 3759 1918 3255 4046 2905 4389 1876 2898 1911 574 2702 3514 1358 693 2240 4242 756 2303 2639 3850 1120 
1830 4110 5440 4330 3390 1840 1500 5340 3590 6430 2820 270 4990 2990 1710 7230 2480 2490 1260 2780 5290 3930 2090 2330 5660 4290 1730 4900 2240 4090 3600 8020 2890 2230 1300 3670 6040 2340 5760 1760 5500 3830 3950 120 4950 5150 6060 4610 3860 2940 4600 1080 4490 5650 2610 6600 5980 1720 5660 6140 2730 5800 5310 1730 3750 1650 2120 4070 3400 3830 1050 1660 7000 6440 4920 7140 5270 4940 4480 2720 2170 3740 5990 1500 2500 4700 4010 160 3640 5690 3860 1200 6080 6300 1480 4690 6590 7370 3850 2970 6020 2200 2380 5270 6000 950 2440 3770 2040 6120 3510 860 610 4680 5320 3010 3540 4350 5760 5480 3760 1580 5630 1050 530 6540 4740 5630 5390 6240 5960 5130 6270 6060 3350 3750 1580 6380 2600 2960 5410 4040 2030 3830 2250 3980 5450 6610 2730 6070 2770 2380 3780 6210 5860 4320 4430 6790 4030 5460 3450 5620 3190 3200 4090 2220 1360 7330 2020 1140 4870 1900 5820 5780 4680 2700 3580 6480 4180 6370 7130 3510 230 1650 7960 5730 2820 1870 4200 5010 4740 1100 4700 2090 1200 5320 2220 4710 6060 760 1710 2690 4080 2830 7020 3020 5570 5040 5700 2150 2020 1890 2170 2410 5380 1430 7750 240 7690 5570 4980 5770 4180 5140 380 1600 3530 4550 3440 6510 4400 4830 6760 2690 5710 2670 2770 1310 2010 2500 4820 3470 2370 2440 7010 2040 2680 5430 4550 3280 
2850 3320 1670 6800 3560 3180 5860 5280 4450 2640 5810 4610 2580 1660 5650 4490 2570 6420 3660 5130 2560 1900 4840 3140 1940 3840 3180 5120 3520 4160 1250 5020 2850 3380 5590 1720 1740 2420 4450 6370 2990 4900 2750 4740 6900 6340 2020 1780 2220 1960 350 3610 2390 2640 3430 5140 1950 5030 2270 3830 5690 4330 1720 3800 2540 5520 2890 1210 3500 6980 3700 3240 4990 4120 7410 3730 1050 1240 6960 1960 5160 2850 4080 3480 2270 950 5470 4580 2090 2170 6700 5190 2840 8280 5750 3010 4850 5110 6810 2310 7750 3770 6500 790 3880 5590 3760 5070 3300 3580 2580 3770 4050 2020 720 6890 4440 2020 6850 7120 870 6060 2110 4290 5140 3510 5600 1030 5930 4160 2290 6300 3200 4190 6790 880 4640 3530 2390 2410 1330 1340 6350 3710 4180 2250 2610 3390 7210 2670 5030 4580 3030 8300 2750 1780 6690 4370 2390 1780 6600 4640 5110 6080 6160 6590 5850 4640 3900 4900 6850 3260 5520 5300 5540 2650 3090 3960 800 4290 4930 6060 4420 5250 4830 1270 2750 6000 1430 1320 730 3970 4330 6720 3800 1930 6520 790 5690 4030 5420 4830 3550 7250 5080 2770 3750 7460 4650 6610 6460 3810 3410 2510 1750 5050 4730 4610 4500 1290 7410 6700 1490 4750 4440 3110 5320 7120 6540 3100 1880 4580 3790 7200 7090 3850 6450 5330 2650 6210 5480 2610 2280 5020 4090 2730 4900 1060 7050 1670 
3636 3366 7038 720 2754 3114 4041 3042 2088 6192 684 3456 4608 4752 4500 5922 4869 1467 4122 1152 4905 4257 1566 5004 5706 3114 3195 2673 2628 2700 4635 6633 5436 2763 4005 5706 6354 4536 4122 2970 4842 1854 3681 3249 1404 2016 6156 6525 4005 5031 5571 3807 6642 7551 2673 4644 6102 1701 7416 4995 774 4266 6984 2529 3726 1782 4644 4779 2808 558 3141 3177 5265 5157 1206 6363 6642 6552 828 4644 1341 3492 4653 4284 4644 5328 1449 3357 5832 5589 279 2151 5607 2484 2178 4050 4842 5661 351 3690 2313 5085 1782 6030 4797 3087 5301 1647 4779 5148 5904 3465 3519 4680 6183 1395 2070 4437 2439 1935 5184 2502 5562 2529 3312 5715 2106 6660 2610 4887 5832 2016 5589 4653 756 5166 1962 5499 3672 5319 6858 4680 4365 2880 5211 4050 7407 5886 4455 5706 1242 1656 3375 2376 5409 6300 882 5427 6282 5580 378 3834 1242 342 882 4374 2565 5949 4959 4203 1323 2988 3438 3537 2088 3393 3222 5310 5751 4950 5472 378 3168 4608 6696 6921 5328 1890 6066 6624 6192 4095 3087 3501 4131 7074 4491 6192 3591 3744 1683 1413 3168 4635 5229 5526 4392 1323 3915 2466 2385 4815 2745 4743 7038 4446 6462 3429 6552 6894 1260 2538 6066 3213 2979 3447 1206 882 306 5958 6399 3015 5787 4338 2232 2304 1107 2079 3807 1215 2295 5877 4068 1305 5904 3582 1350 6705 882 5247 
1920 2165 3875 955 1780 1675 1750 2190 1510 3700 465 1560 2830 2580 2035 3690 2530 250 2020 850 3000 2525 845 2545 3390 2085 1700 1975 1510 1870 2630 4095 2810 1575 1755 3060 3710 2380 2725 1105 3005 1445 2280 1435 1355 1690 3630 3535 2405 2680 3170 1870 3550 4095 1605 3055 3600 750 4050 3155 505 2790 3830 1355 2265 610 2380 2765 1805 530 1555 1675 3375 3265 1165 3870 3700 3605 1000 2490 680 2165 2985 2125 2450 3090 1300 1510 3100 3345 650 840 3405 1890 740 2550 3145 3595 610 2125 1835 2525 415 3460 3050 1245 2650 1345 2410 3215 3095 1685 1665 2815 3530 235 1495 2665 1935 1650 2880 865 3325 1200 1415 3515 1695 3770 2000 3120 3480 1690 3425 2995 250 2870 945 3400 2060 2785 3800 2720 1900 1905 2560 2445 4005 3600 1910 3445 895 1020 2115 1820 3290 3400 1065 3420 3330 3305 395 2580 1025 510 1055 1890 925 3715 2445 1925 1310 1625 2425 2465 1680 1950 2020 3335 3170 3160 3485 720 1445 2125 4115 3880 2760 540 3295 3645 3435 1970 2130 1385 2010 3865 1960 3430 2520 1785 605 975 2075 2015 3365 2865 2820 1235 2625 795 765 2370 1550 2470 3865 2050 3985 1545 4020 3845 1205 1990 3290 2245 1350 1795 1095 1000 420 3610 3450 2115 3575 1845 1820 1435 45 775 2025 180 1795 3080 2195 805 3660 1930 935 3750 1015 2820 
1179 2025 4581 2979 1359 630 3033 3150 1611 4437 1863 1881 2979 2277 3231 4896 2466 2394 1998 1368 3276 2196 945 2700 3807 2169 738 2772 360 1998 2295 5616 3069 423 2862 3231 4302 2097 3492 2790 3402 1899 1980 1791 3330 3231 4221 4050 2043 2565 3258 1656 4176 5076 675 4239 4158 1134 4941 3897 1755 3537 4518 135 1863 1638 2295 2556 1368 2934 963 729 4617 4158 3555 4941 4221 4095 3132 2169 1233 1782 3726 2088 2196 3150 2205 1782 3366 3771 2754 1458 4014 4626 1971 2619 4248 4959 2817 1404 4257 2943 2511 3798 3753 2286 3141 1908 2529 3915 3483 1377 1593 2808 3915 2799 1566 2520 3789 3708 2745 2358 3726 792 2115 4356 2745 4338 3303 3960 4023 3204 4131 3780 2709 2736 792 4185 1260 2889 4419 2484 3501 1755 3177 2133 4932 4446 4041 4041 1296 837 1773 4581 3807 3825 2961 4473 3825 3636 2574 3357 1548 2142 2538 3645 2214 4977 2871 2637 3258 513 3582 3528 2691 1089 1584 4212 3294 4068 4743 2232 1512 3105 5589 4545 2943 2106 3591 4167 3762 2106 2529 3267 2061 4599 3672 3762 3789 1800 1521 1134 1980 4158 4635 3141 3357 3636 3429 2772 2628 2709 369 2322 4572 2889 5382 1854 5364 4491 3582 3753 3591 2934 1350 1026 1845 3249 2529 4401 3924 2655 4518 3969 3834 720 2394 1557 1341 2178 2781 3456 1593 1170 4725 1107 1179 4311 3213 2772 
3085 2270 4720 995 2145 2770 3630 1445 1710 3655 1725 3245 2860 3580 3880 3100 3800 2195 3515 1735 2990 2960 2075 3945 3520 2020 2845 1410 2425 1835 3340 3420 4145 2495 3605 4140 3935 3585 2145 3045 2865 1490 2545 3135 630 740 3760 4545 2805 3805 3760 3330 4685 5105 2350 2205 3745 2245 4980 2735 1755 2245 4715 2500 2640 2365 3720 3305 2175 1450 2935 2845 2590 2745 820 3530 4435 4460 945 3575 2020 2485 2495 3585 3630 3535 1235 3185 4255 3410 1295 2550 3280 335 2605 2545 2395 2795 1340 2850 115 4055 2370 3920 2620 3105 4170 1430 3845 2870 4350 3150 3220 3035 4035 2090 1725 2960 540 380 3700 2785 3410 2645 3200 3195 1115 4335 1035 2595 3520 765 3190 2470 1725 3695 2335 3070 2935 4025 4575 3240 3820 2055 4160 2795 5045 3320 3865 3370 1755 2000 2395 420 3195 4445 910 2830 4515 3485 1550 1960 1580 1545 1060 3825 2820 3075 4000 3675 675 2690 1500 1620 1140 2730 2365 2870 4030 2590 2725 1360 3060 3915 3500 4525 4075 2445 4280 4505 4225 3540 1820 3335 3540 4790 3890 4235 1505 3345 2300 1825 2145 3965 2550 4180 2465 755 1995 2750 2715 3915 2500 3720 4740 3815 3375 3225 3480 4560 780 645 4290 1700 2950 3010 1415 960 1530 3420 4505 1710 3175 3795 370 2150 1990 2520 3155 2065 1185 4345 3250 1900 3175 3005 1815 4440 935 3885 
3010 2395 4760 730 2200 2700 3360 1710 1755 3870 1490 3035 3040 3560 3625 3415 3720 1875 3370 1600 3180 3050 1915 3835 3700 2170 2765 1620 2375 1955 3380 3755 4055 2445 3345 4115 4100 3520 2425 2730 3075 1535 2655 2925 530 925 3945 4545 2895 3760 3840 3190 4655 5115 2330 2545 3925 2045 5005 3005 1535 2520 4750 2400 2730 2110 3620 3385 2230 1100 2800 2760 2930 3035 460 3805 4500 4495 660 3535 1830 2580 2770 3450 3570 3645 1245 2980 4215 3600 995 2315 3505 265 2325 2715 2720 3140 1020 2870 350 3910 2040 4035 2890 2835 4030 1450 3720 3130 4285 3000 3050 3180 4140 1735 1760 3080 865 505 3730 2485 3595 2485 2960 3460 1270 4435 1310 2885 3715 945 3435 2750 1385 3720 2165 3335 2920 3960 4630 3325 3525 2150 3995 2900 5045 3580 3530 3590 1635 1885 2490 200 3410 4435 705 3140 4470 3650 1235 2235 1495 1300 940 3520 2530 3400 3850 3455 560 2620 1815 1930 1290 2730 2440 3150 4055 2890 3065 1150 2870 3680 3830 4610 3990 2150 4285 4540 4270 3375 2010 3010 3385 4815 3590 4280 1840 3180 2060 1720 2270 3635 2890 4095 2710 390 2275 2415 2390 3765 2445 3645 4775 3590 3700 3020 3795 4630 420 975 4290 1935 2760 2920 1350 635 1225 3665 4490 1910 3455 3460 650 2120 1670 2280 3090 1765 1370 4275 3210 1745 3470 2950 1700 4515 630 3860 
2010 795 2500 2590 1200 1880 3550 1250 1445 960 2485 2865 415 1950 3595 820 2445 3035 2665 2090 410 985 2195 2735 910 870 1950 1300 1700 1100 1445 1220 2750 1690 3435 2370 1320 2245 605 3445 205 1575 820 2855 2445 2000 1110 2560 930 2240 1510 2525 2835 3010 1525 885 1105 2420 2810 280 2440 520 2540 1965 930 2725 2505 1215 1180 2910 2285 1985 835 445 2820 930 2165 2310 2655 2060 2335 920 350 2640 2220 1210 1840 2820 2550 775 2700 2690 585 2995 2965 445 735 955 2770 1380 2700 3020 3155 1490 260 3170 3075 1690 2730 275 2765 2465 2630 705 1615 3185 1460 785 2150 2425 1770 3190 785 2340 3050 575 1655 1915 1655 405 855 1975 515 405 2955 1765 2285 455 1585 2530 2305 1165 3815 1040 3215 865 2995 675 4140 680 2045 1970 915 3040 505 2530 2480 615 2775 915 2780 760 1935 2515 2240 3905 3125 870 3035 3220 2440 1840 1255 1130 1640 1460 1020 440 2010 475 845 2385 2680 3465 1205 2140 2675 2985 2345 2350 2055 2795 925 3720 2735 2650 3910 2085 1310 2700 2645 1975 870 4200 875 2740 235 2815 745 3390 3315 2955 1720 2375 2555 3345 1085 2860 1085 2235 2800 2050 2365 995 2615 2070 1930 2740 2735 735 2590 1010 630 4110 2330 1595 2940 2735 1980 2870 1555 2770 1900 2160 725 1875 2015 2115 2695 2195 
2520 3843 5040 3045 3290 2436 875 4396 3220 5677 2093 1302 4592 3353 1316 6083 2947 1372 2065 2380 4816 3913 1995 2758 5159 3885 2387 4074 2562 3668 3752 6650 3157 2597 973 3787 5453 2884 4900 175 4928 3276 3822 1183 3584 3948 5446 4438 3829 3304 4473 2002 4298 5124 2807 5453 5397 1645 5159 5306 2079 4963 4942 2198 3717 1267 2688 4067 3304 2457 1939 2338 5810 5502 3353 6118 4935 4704 3115 3157 1890 3668 5152 2226 2996 4522 3241 1302 3738 5159 2625 1190 5390 4368 882 4319 5502 6090 2576 3241 4284 2527 1141 4942 5187 588 2688 3185 2555 5327 3598 1862 1673 4424 4977 1610 3185 4193 4333 3990 3892 560 5117 1680 924 5670 3815 5201 4270 5334 5348 3941 5488 5187 2058 3885 1764 5537 3017 3262 5033 4039 973 3570 2443 3913 4977 5733 987 5397 2408 2303 3654 4263 5229 4235 3178 5740 3976 5012 2275 4753 2702 2303 3080 931 588 6139 2387 1442 3521 2450 4739 4753 3780 3031 3507 5551 4179 5411 5929 2597 1400 1554 6629 5264 3122 1029 4172 4746 4571 1883 4088 273 1995 4942 1036 4543 4893 1736 1386 2422 3780 1127 5817 3248 4865 3451 4816 644 651 2331 2548 2912 4991 1526 6461 1295 6454 5145 3409 4382 4151 4347 1407 2352 2898 3122 2296 5684 4277 4137 5796 910 4207 2737 1659 1148 2653 1547 3913 3570 2905 2163 5957 2653 2387 5061 3143 3542 
3550 2110 6800 1760 1660 2930 5280 1630 770 5200 1850 4220 3460 4490 5650 4750 4970 3090 4550 1290 3780 3370 1920 5310 4760 1720 3080 1180 2220 1260 4040 5540 5670 2350 5160 5610 5530 4530 2740 4460 3650 330 2590 4050 1670 1270 5250 6420 3060 4950 4950 4170 6710 7550 2040 3350 5210 2400 7310 3730 1820 2900 6790 2460 2730 2880 4840 4030 1730 2430 3380 3100 4020 3900 2280 5280 6270 6280 1900 4490 1990 2420 3340 4650 4610 4560 260 4100 5840 4590 1990 3080 4510 3060 3430 2820 3560 4460 2140 3040 2550 5600 3420 5340 3510 4270 5820 200 5130 3920 6060 3830 4040 3670 5550 3230 790 3450 1890 1920 4750 3890 4570 2940 4290 4570 770 6130 1430 3600 4840 1240 4450 3340 2630 4740 2400 4320 3200 5410 6530 3910 5750 1590 5860 3070 7430 4770 6100 4640 1260 1580 2250 3070 4300 6220 1560 4190 6370 4640 2230 2420 830 1760 1060 5840 3860 4770 5520 5100 1620 2770 2110 2170 720 2790 2150 4080 5410 3660 4250 1410 3820 5620 5610 6480 5530 3280 5900 6370 5820 4640 1600 5080 4610 6930 5920 5840 2310 4280 2710 1290 1870 6280 3990 5730 3070 2300 2520 4080 3960 5340 2370 4810 6840 5390 5340 4190 5450 6530 2260 1840 5920 1740 3600 3430 580 2070 2150 4880 6340 1520 4630 5990 1980 1650 2790 3090 3670 2750 890 6040 3850 1620 4740 3370 1320 6290 1980 5110 
2510 4530 1890 7140 4390 3110 4520 6490 5190 4740 5830 3570 4320 1440 4140 6470 1230 6030 2460 5340 4410 3250 4820 1500 4010 5010 3000 6210 3750 5180 2290 7070 970 3610 4260 410 3830 1520 6030 5420 4820 5620 3990 3770 7470 7170 4130 950 3490 970 2370 2630 820 1940 3880 6820 4060 4790 1960 5670 5720 5950 1710 3750 3700 5090 1580 2720 4340 7020 3160 3020 6820 5990 7770 5810 2010 1520 7310 1430 5100 3970 5830 2220 1390 2900 6110 3590 70 4210 6870 4660 4860 8910 5120 4530 6600 7010 6930 2970 8460 2020 6000 2880 5670 4610 1910 5720 1770 5470 480 2950 3100 3740 2750 6550 5160 3590 7760 7830 1610 5290 4140 3870 4100 5520 6490 2680 6980 5960 4360 7130 5200 5930 6670 1620 4430 5490 2720 740 2010 2820 4920 4710 2370 3580 1740 5430 5830 4720 5260 4750 4140 8880 4730 660 7110 6280 450 3820 6620 6120 5500 6180 6620 5180 5070 6620 2210 3500 7400 3260 6840 6670 6430 3140 4090 5870 1290 6100 6810 6300 3570 3690 6890 2530 970 5470 760 1540 1640 2710 5550 5610 2550 1670 5070 1570 7050 2950 5060 5080 4700 5810 6900 850 5430 7860 6160 5860 5730 2190 3610 1330 1780 3540 6770 3580 6570 2250 7800 7660 710 6030 3690 2730 5800 7430 6570 5160 710 5790 5790 5850 7900 4290 6200 4810 2330 5920 6440 530 2080 5110 6100 2600 5130 2240 7390 830 
4130 3860 2110 7620 4320 4370 7210 5610 5190 1830 6820 5940 2690 3010 7010 3920 3920 7560 5020 6080 2510 2610 5900 4480 1480 4330 4390 5560 4570 4740 2390 4270 4160 4440 6940 2990 750 3770 4500 7650 2890 5600 3340 6050 7600 6900 1210 2720 2900 3320 1330 4950 3380 3170 4410 5020 1180 6160 2710 3590 6710 4340 2270 4940 3230 6690 4250 2060 4260 7940 4970 4460 4670 3810 8200 2930 1500 2000 7780 3320 6230 3520 3970 4830 3630 1420 6190 5900 3320 1760 7620 6400 2350 8900 6970 3300 4660 4680 7740 3340 8340 5120 7680 680 3710 6890 5090 5800 4650 3290 3810 5080 5370 2300 630 8010 5190 2480 7330 7730 2220 7310 1730 5500 6460 2970 6150 750 6360 3950 1700 6850 2720 4070 7820 2230 5780 3080 3530 3730 1710 2150 7700 4340 5520 2870 3230 2760 8560 2140 5980 5590 3680 8950 2380 2840 7470 3970 3510 1470 7580 4780 5980 7040 6940 7940 7110 4080 5250 6260 7560 4420 5740 5500 6110 3690 3810 3600 2080 4060 4550 6960 5720 6610 4040 1170 4080 7190 2570 2040 1690 5320 4740 8040 5150 2500 7880 1770 5880 5370 6580 5790 4100 8600 4780 4070 3750 8230 4760 7850 7690 5170 4490 3870 2260 6410 4000 5940 3720 1460 8190 7160 2630 5070 5720 4370 6140 7940 7510 2440 2910 4980 3230 8540 7630 4790 7550 6530 3930 7320 6000 3850 3570 6030 3510 3960 5860 1290 7870 3010 
1580 3150 5490 3400 2390 1210 2520 4250 2500 5770 1940 1350 4200 2900 2810 6340 2780 2080 1880 1730 4520 3260 1040 2860 5050 3270 1200 3800 1300 3030 3190 7140 3370 1340 2350 3830 5550 2470 4740 2210 4670 2730 3100 1190 3950 4070 5490 4780 3120 3070 4270 1530 4810 5900 1650 5570 5420 820 5820 5230 1830 4810 5390 770 2940 1150 2500 3560 2400 3080 820 1140 6020 5520 4020 6370 5190 4960 3560 2710 1210 2870 5040 2060 2610 4230 2920 1230 3910 5030 3000 810 5340 5350 1380 3810 5590 6400 3030 2320 5020 2950 2120 4900 5070 1640 3200 2670 2610 5250 3920 1150 1240 3970 5000 2590 2450 3650 4690 4450 3560 1760 4980 110 1490 5730 3640 5410 4290 5300 5310 4040 5480 5090 2690 3550 530 5550 2060 3290 5380 3510 3030 2810 3130 3230 5720 5830 3590 5360 1700 1290 2870 5270 5110 4510 3460 5860 4380 4860 2680 4580 2100 2310 3080 3170 1590 6420 2830 2230 3870 1180 4730 4700 3580 1990 2660 5580 4110 5410 6160 2560 950 2740 7110 5590 3250 1620 4310 5040 4650 1880 3640 2740 1900 5450 3220 4640 4960 1490 1090 1600 3090 3730 6030 3470 4620 4130 4660 2270 2120 2660 1280 2650 5460 2520 6880 1320 6860 5490 4070 4680 4300 4060 730 1320 2450 3660 2640 5760 4610 3750 5920 3520 4660 1620 2210 950 1790 1940 3720 3890 2150 1390 6150 1650 1600 5320 3640 3360 
1505 3024 4046 2968 2506 1484 917 3815 2597 4711 1911 336 3682 2331 1141 5229 1967 1582 1106 1953 3892 2954 1470 1841 4179 3129 1407 3500 1708 2968 2744 5789 2240 1715 805 2800 4452 1876 4158 994 4032 2737 2940 175 3430 3612 4459 3458 2891 2296 3451 994 3367 4179 1967 4739 4403 1176 4193 4459 1855 4200 3948 1344 2807 1043 1715 3066 2513 2569 938 1358 5040 4669 3367 5194 3927 3696 3066 2142 1491 2786 4347 1267 1988 3514 2821 301 2772 4193 2611 749 4452 4354 861 3451 4753 5306 2604 2275 4172 1715 1477 3920 4361 427 1890 2681 1638 4459 2674 840 665 3472 3955 1939 2555 3248 4039 3808 2870 889 4151 833 196 4767 3353 4179 3815 4522 4375 3598 4578 4389 2212 2863 1127 4648 2030 2303 4025 3045 1274 2807 1722 2982 4039 4816 1722 4452 1946 1715 2800 4277 4298 3262 3052 4914 3045 4032 2310 4053 2247 2177 2842 1386 735 5299 1589 840 3367 1512 4158 4137 3318 2086 2660 4697 3164 4606 5138 2408 385 1162 5754 4249 2191 1141 3178 3745 3556 966 3395 1232 1057 3962 1407 3535 4319 756 1113 1904 2989 1799 5054 2331 4046 3451 4109 1281 1197 1498 1673 1918 3997 1029 5593 322 5565 4137 3409 4046 3164 3696 420 1344 2478 3108 2310 4753 3311 3479 4907 1680 3983 1981 1799 805 1638 1617 3423 2646 1890 1708 5082 1645 1890 4039 3115 2534 
1620 465 2300 2370 850 1485 3155 1220 1170 1110 2175 2470 245 1600 3195 1215 2080 2695 2275 1775 395 635 1845 2360 910 625 1555 1200 1315 855 1115 1610 2395 1300 3040 2055 1315 1870 765 3065 380 1335 420 2460 2280 1885 1150 2295 550 1890 1290 2130 2550 2785 1145 1150 1130 2060 2605 675 2125 715 2330 1580 535 2365 2130 915 825 2640 1885 1585 1190 835 2625 1245 1975 2085 2440 1700 1990 530 670 2250 1850 1010 1620 2425 2230 810 2445 2315 785 2890 2595 80 1045 1335 2515 985 2605 2640 2810 1355 625 2785 2700 1445 2350 660 2435 2070 2235 460 1475 2860 1180 470 2085 2310 1465 2815 805 1955 2655 905 1520 1785 1595 765 930 1865 800 720 2660 1460 1915 805 1195 2180 2120 860 3420 730 2835 490 2760 975 3750 840 1730 1625 535 2925 670 2250 2270 1005 2465 870 2495 850 1645 2225 2020 3510 2750 1265 2650 2820 2270 1445 1305 1190 1500 1065 640 840 1740 835 1220 2120 2285 3070 1585 1995 2320 2625 2065 2130 1830 2400 790 3335 2340 2430 3515 1855 1385 2305 2285 1650 570 3810 1220 2390 460 2630 855 3025 2950 2570 1330 2005 2345 2950 1475 2465 1460 2070 2615 1995 2085 950 2220 1670 1670 2525 2455 985 2310 905 990 3720 2245 1230 2620 2365 1590 2540 1430 2440 1520 1825 1110 1480 1690 1945 2485 1865 
3672 5607 6651 4725 4914 3672 909 6426 4887 7821 3501 1989 6498 4626 1368 8469 3960 2565 2853 3852 6777 5562 3330 3627 7128 5697 3582 6012 3933 5445 5256 9189 4122 3951 1143 5040 7452 3969 7020 1035 6948 4995 5535 1926 5418 5886 7479 5832 5490 4473 6129 2871 5571 6642 4257 7740 7416 2871 6741 7470 3483 7083 6507 3447 5373 2421 3636 5688 4932 3960 2970 3519 8172 7731 5112 8442 6588 6246 4815 4365 3222 5337 7299 3042 4104 6255 4968 2034 4923 7155 4185 2268 7497 6417 1926 6183 7785 8523 4113 4698 6318 3222 2268 6741 7335 1278 3393 4878 3384 7479 4680 2772 2493 6237 6759 2835 4842 5940 6390 5949 5337 1539 7101 2781 1548 7893 5697 6993 6291 7533 7398 5877 7650 7353 3447 5328 2988 7731 4374 4329 6678 5661 684 5292 3024 5598 6444 7965 477 7488 3879 3708 5346 6282 7290 5571 4896 8046 5166 6948 3726 6849 4266 3780 4770 513 1539 8550 3042 1827 5337 3708 6867 6867 5652 4446 5157 7785 5634 7641 8316 4158 2241 1764 9153 7029 4104 2142 5544 6291 6129 2592 5994 522 2736 6480 675 6093 7065 2493 2574 3888 5544 630 8181 4239 6930 5238 6921 1593 1638 3015 3897 3951 6570 1827 8946 1989 8919 6849 5184 6444 5508 6336 2313 3474 4527 4815 3762 7875 5616 6066 8073 396 6228 4212 2934 2241 3825 2799 5823 4635 4131 3564 8289 3870 3843 6759 4842 4779 
2268 3408 4410 2688 2934 2202 762 3876 2874 4980 1890 1206 4050 2976 1140 5328 2610 1248 1854 2148 4242 3468 1824 2436 4530 3444 2154 3600 2310 3258 3324 5814 2778 2340 870 3336 4782 2562 4314 240 4338 2916 3390 1116 3156 3474 4782 3888 3396 2922 3936 1806 3756 4470 2520 4788 4734 1518 4506 4662 1878 4368 4320 1998 3300 1188 2388 3594 2946 2178 1770 2112 5094 4830 2946 5358 4326 4122 2748 2808 1728 3258 4530 1992 2658 3984 2880 1212 3282 4530 2328 1134 4734 3816 858 3816 4830 5334 2280 2892 3750 2232 1050 4338 4560 606 2364 2832 2268 4680 3162 1698 1530 3906 4368 1434 2838 3708 3810 3504 3432 582 4500 1554 882 4974 3372 4560 3762 4686 4698 3474 4824 4560 1836 3426 1626 4860 2694 2880 4404 3570 804 3174 2148 3468 4344 5034 756 4740 2172 2088 3252 3726 4596 3714 2808 5034 3480 4410 2022 4188 2424 2064 2730 750 618 5376 2106 1290 3102 2214 4170 4182 3342 2706 3126 4872 3678 4752 5196 2316 1308 1362 5796 4608 2754 978 3666 4158 4014 1698 3618 126 1788 4320 846 3990 4302 1578 1296 2190 3354 876 5100 2856 4284 3030 4242 600 630 2064 2298 2586 4362 1350 5658 1200 5646 4506 2994 3852 3648 3834 1314 2124 2586 2748 2046 4986 3744 3660 5088 678 3696 2460 1494 1098 2382 1404 3462 3132 2598 1962 5220 2382 2154 4428 2766 3126 
1715 500 2395 2365 895 1575 3240 1155 1180 1120 2205 2560 300 1710 3290 1130 2190 2740 2375 1810 425 745 1895 2470 955 620 1645 1155 1390 855 1225 1530 2505 1375 3130 2165 1370 1980 660 3135 345 1335 510 2545 2260 1845 1190 2400 660 2000 1385 2230 2655 2885 1215 1040 1175 2115 2700 585 2155 610 2430 1655 635 2420 2235 1025 875 2655 1975 1680 1085 740 2615 1205 2070 2185 2435 1810 2035 610 565 2355 1960 1100 1615 2515 2340 845 2450 2380 775 2850 2655 135 935 1230 2525 1090 2560 2745 2860 1435 525 2860 2805 1450 2460 585 2545 2160 2325 555 1560 2900 1195 580 2035 2270 1575 2880 845 2030 2740 855 1485 1865 1540 660 955 1825 760 610 2685 1565 1975 745 1295 2290 2215 965 3505 755 2940 600 2860 935 3830 840 1760 1675 605 2890 665 2360 2260 910 2575 925 2515 760 1665 2245 2010 3595 2815 1180 2755 2915 2250 1530 1225 1105 1465 1160 710 750 1845 730 1115 2130 2370 3165 1515 2080 2430 2680 2170 2225 1930 2500 745 3410 2440 2530 3600 1955 1300 2400 2340 1690 585 3890 1115 2500 350 2615 760 3085 3010 2675 1410 2115 2440 3045 1395 2550 1395 2160 2600 1940 2190 885 2305 1765 1675 2520 2475 960 2415 855 930 3795 2200 1285 2655 2430 1690 2580 1390 2550 1625 1870 1035 1580 1725 2035 2475 1975 
2702 3437 49 5747 3556 3045 4445 4809 4172 2695 4970 3710 2912 1771 4200 4109 2072 5264 2954 4529 2877 2436 4256 2338 2317 3794 3003 4690 3381 4004 1883 4410 1988 3276 4263 1225 1939 2142 4228 5005 3171 4480 3031 3836 5873 5523 2240 658 2653 1715 1365 3017 1057 791 3374 4690 2205 4326 483 3738 4886 4137 154 3500 2870 4613 2331 1953 3507 5803 3262 3031 4543 3934 6188 3472 427 329 5866 1911 4480 3087 3948 2793 2030 1764 4872 3717 1337 2499 5642 4340 2961 6853 4697 3227 4473 4599 5698 2604 6496 2723 5285 1400 3794 4438 2646 4592 2520 3549 1603 3199 3346 2527 1232 5621 4158 2534 5887 6055 1400 4865 2464 3731 4088 3423 5005 910 5264 3983 2527 5488 3227 4018 5621 1407 4053 3472 2569 1785 245 2044 4739 3689 2968 2681 819 3304 5376 2828 4466 4130 3213 6860 2933 840 5691 4088 1274 2233 5523 4368 4564 5180 5327 4921 4711 4221 2849 3738 5831 3122 4984 4830 4970 2807 3241 3801 952 4074 4487 5201 3654 3885 4249 644 1981 4921 840 273 637 3143 4151 5180 3031 308 4844 623 5110 3276 4564 4333 3591 5369 4613 1904 3731 6230 4375 5264 5166 2835 3290 2100 140 3780 4214 3717 4025 420 6195 5789 861 4445 3710 2877 4739 5971 5481 3087 833 4326 3619 5390 6048 3675 5334 4438 2548 5152 4935 1638 2303 4417 3822 2681 4375 539 5929 1477 
4401 2178 4968 5184 2898 4167 7173 2556 3249 1728 5130 5940 1449 4221 7254 693 5139 6156 5580 4437 1314 2520 4671 5661 1944 2223 4293 2763 3834 2610 3303 1431 5661 3816 6966 4914 2601 4779 1269 6957 963 3429 2250 5922 4842 3969 2187 5175 2448 4734 3267 5328 5706 5913 3510 1359 2205 5094 5535 297 5058 1098 5067 4311 2457 5643 5265 2853 2871 5832 4896 4356 945 198 5544 1224 4356 4671 5283 4437 4914 2439 657 5526 4734 2736 3861 5859 5247 1701 5436 5598 1143 5706 6084 1584 990 1026 5571 3258 5166 6183 6390 3105 477 6480 6282 3636 5670 360 5652 5220 5517 1935 3330 6399 3285 2133 4149 4725 3834 6489 1746 4986 6273 684 3420 3825 3285 450 1728 3933 819 684 5958 3825 4860 504 3627 5265 4608 2781 7641 2574 6543 2331 5904 918 8226 1332 4365 4266 2421 5805 1134 5157 4968 360 5625 2025 5625 1611 4131 5157 4563 7803 6381 783 6219 6579 4842 4095 2439 2205 3402 3411 2610 36 4221 477 855 4896 5607 7020 1431 4239 5535 6102 4824 4743 4230 5805 2196 7461 5697 5265 7821 4293 2466 5643 5490 4248 2286 8343 1035 5643 891 5526 1539 6840 6705 6084 3870 5013 5076 6804 1206 5931 1269 4446 5508 3960 4869 2178 5490 4500 4077 5436 5544 1179 5256 2295 585 8172 4509 3609 5976 5679 4338 5859 3222 5661 4185 4590 621 4149 4320 4239 5355 4635 
2118 2538 4464 1320 2064 1842 1884 2676 1794 4350 582 1644 3318 2910 2220 4404 2826 156 2202 990 3522 2910 894 2832 3966 2466 1860 2406 1680 2220 3006 4890 3156 1752 1884 3474 4332 2658 3270 1134 3540 1752 2646 1494 1788 2142 4248 4044 2778 3018 3654 2022 4050 4716 1806 3684 4212 732 4668 3750 606 3342 4410 1464 2622 510 2646 3180 2094 852 1662 1830 4056 3888 1596 4584 4266 4146 1386 2796 702 2508 3564 2328 2742 3576 1614 1584 3516 3918 966 786 4014 2466 660 2994 3780 4314 924 2412 2382 2808 360 4014 3630 1266 2952 1638 2670 3816 3504 1806 1776 3276 4086 384 1770 3096 2454 2136 3282 828 3894 1242 1470 4164 2106 4368 2484 3726 4086 2142 4044 3576 528 3276 966 4032 2316 3132 4386 3132 2076 2238 2844 2826 4602 4260 2124 4056 1038 1134 2460 2388 3876 3882 1440 4086 3792 3858 666 3102 1236 714 1386 2076 888 4434 2706 2082 1734 1788 2958 3000 2082 2202 2340 3966 3624 3780 4176 972 1506 2322 4908 4494 3096 432 3762 4194 3948 2142 2550 1488 2190 4446 2154 3942 3078 1914 522 1116 2436 2244 4044 3222 3354 1680 3162 798 744 2622 1722 2760 4446 2232 4752 1626 4788 4446 1644 2508 3756 2712 1398 1962 1344 1392 684 4260 3942 2550 4242 2046 2334 1626 168 708 2244 42 2214 3480 2454 894 4350 2136 1068 4332 1410 3192 
1915 710 3205 1480 775 1645 3095 315 590 2080 1555 2490 1265 2220 3235 1735 2575 2165 2520 1215 1395 1425 1460 2800 1925 455 1730 185 1310 365 1860 2125 2925 1350 3015 2760 2335 2345 725 2780 1285 570 1000 2430 1305 870 2165 3105 1270 2485 2210 2335 3300 3640 1150 1040 2145 1710 3490 1250 1525 805 3215 1525 1125 1990 2555 1770 795 1855 1975 1750 1365 1320 1690 2045 2900 2960 1535 2260 1545 975 1035 2545 2365 1965 755 2430 2905 1820 1635 2045 1715 1875 2260 945 1130 1580 1710 1455 1585 3005 2320 2340 1135 2615 3095 670 2735 1360 3060 2200 2335 1445 2455 2250 615 1385 1070 1300 2240 2495 1815 1850 2580 1690 515 2760 590 1165 1930 850 1650 1030 1965 2235 1650 1565 1610 2755 3040 1705 3340 585 3165 1250 3595 1805 3575 1795 1185 1240 885 1915 1620 3025 1360 1455 3165 1885 1765 565 1000 1525 1140 3405 2465 1740 2985 2915 1300 1570 540 515 500 1400 895 1415 2555 1190 1475 1355 2280 3175 2165 2960 2850 2215 2850 3005 2710 2600 225 3080 2565 3305 3435 2730 655 2445 1900 1155 605 3655 1350 2945 935 1680 610 2625 2560 2895 1370 2495 3235 3055 2030 2475 2095 3010 1670 985 2865 225 2185 1900 920 1620 1720 1875 3085 125 1705 3525 1225 1045 2025 2065 1945 1990 420 3055 1975 1350 1745 1795 1185 2890 1575 2525 
3072 2152 2640 5240 2648 3104 5656 3416 3280 656 4768 4576 1104 2480 5600 2112 3312 5480 3992 4144 904 1440 4112 3800 56 2488 3160 3424 3088 2848 1712 2512 3664 3016 5456 2840 608 3080 2480 5800 1184 3584 1824 4616 5144 4520 368 2912 1592 2872 1264 3856 3416 3488 2888 2888 320 4384 3144 1744 4680 2344 2736 3456 1816 4848 3512 1288 2600 5600 3688 3224 2632 1936 5672 1480 2096 2416 5360 2720 4368 2000 2040 3888 2992 880 4056 4528 3144 280 5304 4680 792 6128 5144 1616 2600 2664 5408 2192 5664 4304 5624 984 1840 5248 4336 3760 3872 1504 3528 3872 4136 944 1176 5800 3288 1176 4832 5200 1952 5464 248 4000 4952 1328 3936 1608 4040 2032 320 4480 1096 2120 5568 1952 4104 1376 2448 3296 2312 1296 6072 2576 4640 1528 3496 1208 6704 648 4064 3808 2104 6184 776 2936 5096 2088 3416 160 5336 2712 4000 4896 4680 6248 5320 2240 4376 4976 5120 3104 3496 3296 3896 2448 2240 1776 2136 2128 2544 4776 4336 5320 2352 1968 3568 5272 2656 2472 2040 4232 2768 6168 4104 2920 6224 2104 3592 4184 4736 3920 2344 6768 2712 3624 1880 5688 2696 5856 5728 4280 3056 3232 2744 5136 2272 4568 2096 2160 5656 4688 2696 2992 4296 3240 4080 5496 5272 976 3016 2944 1552 6672 5088 3144 5416 4776 2952 5256 3792 3552 2712 4152 1792 2888 3984 1984 5432 2696 
5140 3670 8480 1190 3340 4520 6320 2320 2450 6610 2500 5480 4940 6160 6790 5740 6580 3550 6010 2450 5230 5010 3140 6860 6270 3210 4660 2110 3830 2790 5720 6450 7260 3970 6250 7280 7070 6150 3740 5210 5020 2010 4200 5280 380 740 6750 8100 4700 6600 6610 5630 8370 9240 3690 4040 6720 3500 9000 4890 2550 3930 8470 3970 4370 3780 6410 5690 3400 2190 4840 4670 4810 4970 1170 6490 7940 7960 1160 6140 3040 4060 4420 6140 6240 6190 1460 5360 7500 6070 1790 4120 5880 1380 4280 4300 4370 5240 1920 4720 880 7080 3900 6970 4660 5260 7310 1860 6660 5130 7680 5270 5420 5240 7190 3420 2470 5050 870 270 6440 4670 6060 4270 5420 5790 1410 7780 1540 4660 6300 780 5740 4390 2680 6420 3660 5540 4870 7030 8210 5570 6710 3200 7300 4700 9110 6030 6860 6040 2490 2970 3890 1410 5690 7900 940 5190 8020 6170 2290 3370 2130 2160 1110 6740 4710 5720 6980 6350 460 4360 2570 2780 1450 4470 3800 5190 7090 4680 5070 1760 5110 6840 6580 8140 7120 3980 7580 8050 7500 6050 2890 5810 6050 8610 6860 7520 2660 5670 3640 2620 3430 7060 4740 7340 4290 1090 3450 4650 4570 6800 3980 6420 8520 6630 6320 5450 6500 8190 1100 1050 7600 2750 4880 4990 1800 1260 2230 6190 8010 2690 5790 6740 560 3280 3150 4080 5290 3260 1610 7670 5490 2780 5840 4990 2600 7960 1180 6770 
2430 2145 4295 245 1845 2135 2605 1780 1435 3710 795 2325 2835 3040 2875 3455 3120 1115 2705 1025 2995 2700 1280 3195 3470 1975 2185 1605 1850 1740 2950 3840 3435 1925 2600 3575 3840 2935 2440 1970 2940 1260 2355 2205 595 1070 3720 4025 2555 3205 3455 2530 4100 4600 1860 2680 3690 1360 4515 2970 845 2530 4270 1810 2395 1375 3000 3005 1880 340 2160 2175 3045 3045 300 3750 4070 4025 210 2985 1160 2255 2760 2795 2990 3300 985 2270 3650 3390 260 1590 3370 1025 1575 2515 2815 3265 265 2420 990 3240 1280 3695 2855 2085 3360 1145 3075 3070 3690 2340 2370 2910 3785 980 1430 2785 1225 870 3265 1725 3380 1820 2225 3395 1250 4060 1460 2890 3520 1080 3340 2755 625 3255 1505 3270 2425 3365 4190 2950 2765 1880 3305 2575 4520 3500 2770 3435 1070 1320 2180 955 3260 3905 380 3175 3900 3405 480 2265 1020 605 585 2760 1775 3460 3170 2725 565 2060 1965 2045 1250 2260 2110 3140 3585 2915 3170 545 2170 2945 3885 4210 3375 1390 3770 4070 3820 2690 1905 2250 2710 4325 2830 3825 2035 2495 1330 1170 2030 2875 3020 3485 2645 370 2310 1655 1630 3085 1915 3050 4300 2860 3755 2310 3820 4210 340 1305 3775 1925 2065 2325 940 155 475 3555 3960 1845 3420 2705 1060 1645 910 1545 2520 1010 1365 3680 2665 1130 3470 2395 1135 4100 195 3320 
2674 3745 609 5859 3780 3066 4137 5138 4375 3276 4998 3493 3353 1799 3843 4662 1855 5194 2716 4613 3346 2765 4284 2023 2863 4102 3003 4991 3472 4277 2128 4991 1638 3367 3955 1064 2541 2016 4648 4795 3647 4690 3346 3640 6041 5754 2821 413 2968 1596 1799 2835 525 385 3514 5152 2779 4298 406 4235 4914 4571 469 3521 3164 4536 2100 2303 3738 5838 3178 3024 5047 4438 6307 4060 1008 700 5978 1876 4494 3374 4410 2555 1918 2219 5061 3514 1043 3038 5705 4242 3507 7042 4571 3619 4949 5124 5754 2786 6699 2345 5180 1953 4270 4221 2240 4781 2219 4060 1204 3052 3164 2954 1792 5558 4361 2919 6146 6258 1603 4697 2996 3668 3864 3976 5257 1526 5551 4466 3087 5726 3766 4487 5614 1617 4039 4004 2688 1519 868 2387 4396 3955 2555 3017 287 3871 5033 3381 4557 4207 3500 7035 3458 588 5824 4606 826 2765 5551 4767 4690 5229 5467 4578 4543 4774 2485 3423 5999 3164 5341 5201 5215 2954 3507 4319 1162 4557 4998 5292 3486 3521 4837 1281 1659 4816 777 651 1036 2884 4473 4914 2786 329 4494 994 5481 3066 4508 4424 3892 5012 5110 1547 4172 6356 4774 5096 5005 2499 3374 1918 497 3437 4788 3507 4613 1050 6321 6062 770 4788 3570 2842 4886 6076 5516 3654 518 4648 4172 5061 6279 3808 5299 4347 2534 5103 5201 1239 2317 4473 4382 2695 4459 1148 6041 1407 
2616 4688 4800 4752 4144 2808 608 5736 4336 6280 3552 1280 5280 3224 104 7112 2496 2984 1640 3640 5488 4360 3096 2112 5648 4872 2696 5384 3216 4728 3920 7728 2504 3192 552 3408 5824 2608 6032 1752 5704 4528 4504 1384 5304 5536 5912 4048 4360 2976 4592 1792 3760 4704 3512 6712 5856 2752 4824 6264 3504 6056 4664 2832 4320 2528 2224 4336 4144 4208 2176 2640 7000 6512 5176 6944 4824 4472 4856 2976 3112 4352 6176 1760 2712 4792 4640 1368 3248 5712 4312 2232 6088 6320 2192 5104 6688 7280 4288 3624 6144 1672 2784 5128 6168 1376 1800 4472 1928 6224 2984 1864 1600 4960 5112 3336 4296 4712 6024 5744 3848 2000 5656 2304 1200 6504 5240 5248 5768 6368 5904 5520 6272 6240 3768 3840 2696 6400 3296 2752 4872 4344 696 4504 1448 4464 4528 6536 1408 6056 3640 3360 4400 6224 5920 3824 4856 6784 3408 5480 3944 5936 3976 3848 4640 896 1888 7200 1520 656 5232 2888 6120 6080 5192 3464 4248 6520 4016 6472 7088 4136 1608 336 7664 5232 2512 2496 3848 4504 4440 1400 5208 1576 1528 4616 784 4400 6304 1488 2632 3592 4680 1376 7024 2608 5832 5280 6000 2304 2272 1536 3152 2520 4720 496 7504 1296 7432 5048 5232 6040 3808 5568 1768 2504 4248 4888 3952 6416 3848 5320 6696 1456 5952 3592 3288 2272 2704 3104 5312 2944 2920 3360 6912 2832 3576 4984 4896 3240 
