45 90 225
80 80 80 80 80 80 80 80 80 80 80 80 80 80 80 80 80 80 80 80 80 80 80 80 80 80 80 80 80 80 80 80 80 80 80 80 80 80 80 80 80 80 80 80 80 
25 13 9 17 24 8 12 16 18 24 10 17 12 20 13 22 20 15 12 13 21 6 14 26 14 8 6 18 7 23 25 11 26 12 14 13 16 7 10 17 24 14 10 17 6 10 19 18 25 11 21 18 16 9 15 18 7 7 10 21 22 8 25 13 9 19 18 6 26 24 15 20 24 22 24 26 24 22 9 14 6 21 10 20 6 8 12 26 20 20 13 22 7 14 20 21 24 11 21 16 26 14 21 12 22 7 7 26 16 19 17 10 15 24 8 21 12 26 11 14 11 10 23 15 18 12 12 7 24 6 14 8 12 15 14 7 23 19 10 17 16 20 15 13 15 14 22 23 11 15 23 16 26 25 18 18 18 18 16 26 25 12 12 17 11 23 14 9 23 19 22 11 7 24 22 21 6 6 23 9 21 6 9 15 9 19 13 21 6 19 18 23 6 19 7 18 20 20 17 25 24 9 8 25 8 22 26 20 14 17 12 6 25 20 10 25 18 13 9 11 23 19 12 14 12 
399 715 413 800 869 947 621 912 644 470 579 355 547 736 588 857 743 572 660 792 228 497 436 738 113 762 886 478 666 717 462 974 688 627 751 797 318 704 327 362 510 827 582 729 694 108 531 426 270 737 654 810 718 872 160 870 913 699 400 440 324 185 575 60 670 646 326 451 652 308 103 767 779 579 172 297 774 669 714 555 263 789 551 183 632 492 621 606 263 408 
326 37 449 750 196 290 361 242 112 346 226 370 176 129 371 250 157 196 163 315 750 631 332 283 611 87 370 510 351 53 262 346 168 223 622 671 473 475 418 683 588 499 219 399 32 620 519 642 458 84 220 184 274 248 591 181 215 305 495 303 480 585 563 752 318 609 422 414 80 515 650 371 728 268 652 683 417 573 329 538 562 531 259 558 112 701 189 383 583 383 
358 292 333 502 215 254 146 238 328 500 150 425 273 385 577 156 109 380 113 83 664 449 458 30 607 192 174 343 113 204 314 262 92 98 372 419 406 225 393 548 402 243 150 143 266 610 328 485 456 178 451 145 16 176 561 233 269 53 369 413 580 542 354 726 551 381 393 568 218 433 623 115 482 469 592 572 159 336 73 336 486 273 445 534 196 523 404 172 500 508 
152 353 109 513 430 496 177 468 323 357 130 213 200 421 477 402 298 311 217 331 423 306 299 277 351 342 425 187 216 310 155 516 241 171 407 462 152 296 140 341 270 400 136 287 323 354 218 304 206 316 416 363 257 418 304 437 479 240 155 254 374 286 274 469 496 343 139 410 261 185 366 314 489 388 340 345 331 330 257 245 237 384 352 277 229 370 362 173 255 335 
365 390 268 391 329 355 55 348 410 543 181 431 326 482 638 259 222 445 198 138 590 344 492 107 572 304 222 249 12 307 339 350 191 147 262 312 358 115 367 458 296 178 185 60 361 572 223 388 434 287 530 260 101 281 516 348 383 62 294 445 594 493 242 675 627 265 365 606 304 374 576 91 370 534 533 491 103 221 52 227 425 183 505 494 275 417 479 75 436 537 
159 404 64 507 486 552 211 524 368 370 187 209 244 468 497 457 354 346 274 379 367 271 310 327 306 398 473 160 255 365 183 570 297 227 410 465 97 316 107 289 241 429 193 321 374 307 202 259 173 372 451 420 307 474 253 493 536 286 107 269 363 234 260 418 526 333 104 416 314 129 315 355 482 415 285 289 366 329 301 231 181 405 379 229 283 330 399 201 198 339 
234 477 15 447 538 595 219 572 445 443 246 275 321 544 572 497 406 425 331 403 320 193 383 356 315 460 494 92 266 431 262 606 351 276 364 416 102 294 157 219 167 417 252 322 447 312 142 181 212 434 530 469 338 516 251 548 590 310 31 344 419 225 198 403 604 275 151 485 384 102 307 365 423 493 258 230 367 280 318 171 151 381 457 236 352 251 478 200 161 407 
497 705 277 247 701 729 341 722 690 707 459 536 570 784 836 633 583 682 528 507 363 72 646 482 501 655 573 182 374 642 522 717 536 465 244 270 341 301 413 201 100 409 466 383 674 492 165 132 456 633 786 630 473 655 431 718 755 434 240 608 668 401 132 523 865 141 407 746 610 308 462 440 229 755 385 265 412 191 425 150 321 345 719 434 576 76 733 315 310 668 
293 612 249 640 737 808 460 777 552 433 439 274 439 651 566 714 607 495 524 638 158 338 383 586 100 638 730 311 506 598 355 828 550 483 585 632 161 538 196 222 346 661 443 566 587 89 364 271 164 612 592 673 566 731 38 741 784 544 233 369 325 28 409 159 632 481 192 440 536 143 63 607 618 528 45 165 611 502 556 389 96 622 494 66 511 345 549 444 97 375 
157 414 63 514 502 568 227 540 376 367 202 202 251 476 496 473 370 350 289 396 352 270 307 343 290 412 489 164 271 378 187 586 313 242 420 474 81 330 94 280 243 444 207 337 385 291 208 253 159 386 456 435 324 490 237 508 551 303 103 267 353 217 266 401 528 341 90 411 325 114 298 371 490 417 269 277 382 338 317 237 165 419 380 213 294 327 403 216 183 333 
172 227 236 584 315 392 195 357 211 320 42 237 105 303 416 305 188 226 104 272 546 422 273 217 441 217 362 301 212 182 125 422 134 91 463 518 269 327 229 469 381 399 40 281 197 447 318 429 285 191 320 255 197 318 406 319 362 200 282 226 391 394 367 573 412 425 232 385 134 308 468 284 560 313 455 472 318 398 225 340 358 405 282 376 101 490 267 209 377 321 
197 518 222 660 659 735 418 701 455 334 366 174 346 553 468 645 531 395 448 582 258 370 282 528 101 554 676 309 462 511 261 761 476 415 586 637 122 515 114 288 365 633 370 528 495 104 362 316 65 529 491 598 507 659 70 660 703 490 225 268 240 75 415 231 531 491 113 346 447 136 127 561 636 427 146 244 573 503 506 390 123 603 393 36 425 396 449 406 141 277 
367 220 391 590 135 197 228 168 272 474 172 430 251 312 532 108 26 338 93 132 721 529 440 106 638 107 194 417 200 131 312 225 63 129 460 505 452 314 424 617 482 318 168 229 199 643 408 559 482 99 393 65 104 121 599 149 189 142 432 398 575 584 439 766 494 469 425 543 167 484 661 192 570 424 640 634 239 425 161 420 537 357 405 570 158 603 352 254 553 492 
170 384 374 827 586 677 490 633 302 99 364 111 252 380 227 607 484 219 412 595 498 572 73 540 279 469 683 476 520 418 198 721 442 414 728 783 304 616 230 523 552 710 363 593 372 293 521 534 197 448 285 545 520 614 303 578 617 521 404 104 75 317 579 419 300 654 236 104 353 344 340 605 803 208 385 485 633 648 545 551 356 703 183 273 348 614 259 492 377 37 
371 256 373 551 163 210 196 190 303 494 168 436 268 349 559 114 63 364 103 96 704 499 456 67 634 147 170 390 165 167 321 228 74 118 421 466 440 275 419 594 452 280 165 190 233 638 378 533 479 137 425 93 66 132 591 181 218 105 412 413 586 574 405 757 526 433 420 563 194 470 653 153 531 451 628 614 200 388 123 388 523 317 430 563 180 573 382 223 538 507 
396 354 616 1039 582 675 657 626 289 196 501 370 356 283 60 641 536 236 500 687 785 824 253 643 564 478 755 713 670 434 375 734 522 536 923 978 570 789 492 800 795 851 497 736 366 578 748 799 477 471 170 574 627 639 590 563 588 646 655 286 321 604 805 698 78 872 499 194 397 614 626 726 1015 148 672 768 767 853 672 776 636 865 180 561 416 876 209 669 657 252 
267 179 471 867 409 503 478 455 103 159 321 271 179 140 158 460 350 61 313 500 701 677 176 455 510 298 569 560 488 251 223 559 335 351 747 801 448 608 374 681 643 665 315 551 185 522 588 664 382 288 46 392 440 459 514 393 423 460 514 177 314 519 642 654 129 705 380 217 210 495 564 539 843 56 590 661 581 681 486 614 528 681 64 481 229 737 24 492 550 213 
262 382 148 420 394 443 67 424 377 458 136 325 267 465 569 344 266 388 204 247 477 275 402 199 449 333 337 159 112 317 251 450 215 142 305 360 235 184 247 360 230 288 143 178 351 449 159 300 314 310 486 323 182 364 393 407 447 153 181 356 487 371 204 554 575 259 245 516 287 253 453 213 396 472 413 383 223 234 162 178 305 271 438 371 254 348 432 60 317 442 
471 505 331 288 410 413 151 418 530 658 300 536 446 598 757 327 326 564 315 195 622 332 606 196 646 409 239 274 130 420 452 389 304 267 159 202 430 41 456 472 289 85 304 74 478 644 229 393 522 396 650 348 200 348 584 433 462 167 343 559 698 557 217 733 747 204 453 720 422 434 639 120 270 654 585 517 79 151 143 218 481 63 624 567 394 399 599 151 487 648 
367 686 305 657 808 877 518 847 626 501 508 347 514 726 631 782 677 568 594 700 99 355 453 649 136 711 791 351 564 671 429 895 620 551 616 659 228 584 269 216 372 709 513 621 661 122 402 282 237 685 664 743 630 799 104 812 855 606 282 441 382 102 440 112 701 508 265 502 610 200 72 664 637 598 40 151 665 536 616 424 148 666 565 137 584 346 622 499 138 441 
185 501 167 606 625 698 367 666 444 353 328 181 328 545 488 606 496 393 412 536 255 320 297 483 150 526 630 254 412 485 245 721 439 374 531 582 67 461 83 253 312 579 333 476 476 150 307 270 72 500 494 563 462 621 98 629 672 443 171 274 280 84 360 264 544 437 79 374 424 83 160 512 583 436 150 218 522 447 458 335 86 549 400 72 398 351 448 354 107 301 
350 153 540 909 373 465 515 416 118 248 361 361 235 72 208 439 346 140 330 503 789 743 269 466 602 277 560 623 517 240 298 525 345 380 785 837 529 641 457 759 705 681 355 574 173 614 646 736 471 275 57 373 454 434 604 353 377 480 585 268 405 608 697 746 134 754 463 300 222 575 655 553 886 136 679 743 597 725 505 669 612 706 155 571 251 806 86 533 634 305 
422 543 235 246 502 523 155 519 547 627 304 480 441 631 742 429 393 562 353 300 492 196 569 280 544 472 365 153 175 468 421 508 354 293 137 192 334 95 378 338 153 216 311 174 513 540 101 258 440 452 659 433 274 451 477 521 556 235 233 524 636 449 82 615 749 93 373 681 451 327 528 231 222 646 467 387 204 60 222 84 368 163 612 466 418 264 605 133 370 605 
84 404 211 667 556 637 363 600 340 241 276 66 233 438 376 551 433 281 350 505 367 405 183 449 201 447 598 313 401 402 148 668 380 327 575 630 137 478 64 363 386 586 278 472 381 210 361 368 50 422 380 500 428 564 185 555 598 418 238 159 199 186 418 342 429 494 70 270 337 179 241 496 643 320 257 333 516 493 438 390 200 567 285 152 316 448 335 358 221 193 
55 333 268 716 508 595 375 554 262 163 257 26 171 358 296 516 394 197 316 490 453 472 103 434 271 394 580 370 407 345 96 632 346 308 614 669 214 502 136 445 448 597 256 480 314 282 412 443 134 370 294 458 414 526 267 504 545 412 303 73 175 271 470 416 344 543 143 206 279 259 320 495 691 234 342 418 521 535 435 441 284 588 199 234 265 521 251 377 306 128 
304 370 208 412 350 391 19 376 378 489 137 370 282 459 592 293 229 402 181 188 535 313 436 143 508 303 277 205 53 296 283 394 184 120 288 342 295 150 303 412 266 238 143 123 340 509 192 347 369 282 494 279 128 313 453 365 404 95 239 389 532 431 224 614 588 265 301 550 279 313 513 153 389 490 473 439 167 230 102 204 365 232 459 431 247 386 441 40 377 479 
410 293 395 534 166 193 203 183 343 536 203 475 310 385 601 95 98 405 145 60 726 506 498 57 666 177 128 403 165 204 361 200 116 152 405 447 468 262 452 610 458 250 202 173 272 670 385 545 514 171 465 102 69 117 621 188 220 105 431 454 627 603 407 787 566 427 452 605 236 495 683 127 515 493 654 634 174 379 114 391 548 293 472 594 222 580 423 229 563 549 
327 151 520 894 377 470 501 421 104 226 346 337 216 81 196 439 341 117 319 497 765 723 246 458 578 275 557 604 504 236 276 529 337 367 771 823 506 628 434 737 686 672 339 563 167 590 627 715 447 271 39 372 445 435 581 358 383 469 564 244 383 584 679 723 130 738 440 280 212 552 631 544 871 116 655 720 588 710 495 652 589 695 133 547 239 786 62 518 611 283 
288 364 507 949 591 686 585 638 283 78 438 248 298 324 82 633 516 202 460 652 649 712 138 601 424 476 731 608 607 426 285 738 487 482 841 896 449 716 372 673 687 795 435 677 365 438 649 679 347 462 205 566 583 635 454 577 609 594 542 181 181 469 707 558 173 778 378 54 373 491 487 678 925 131 536 637 713 766 620 678 507 799 136 425 381 759 210 592 528 118 
534 274 583 733 59 62 411 29 356 590 358 590 395 338 609 120 190 440 272 252 911 714 571 268 815 172 236 606 375 223 473 126 247 319 606 643 640 470 605 809 667 429 353 380 275 821 593 749 658 195 452 126 277 98 782 63 34 315 624 537 717 769 618 948 544 637 607 658 289 674 844 327 716 510 828 826 370 589 325 601 726 486 503 751 301 788 430 438 743 623 
491 734 279 334 755 792 396 781 709 694 492 519 585 807 827 695 631 689 568 574 280 93 634 542 444 698 646 208 434 679 526 785 581 507 335 362 318 379 395 125 140 493 499 454 703 433 214 87 426 675 795 684 531 716 376 771 810 494 235 600 636 347 202 447 866 230 389 726 640 277 397 511 317 755 319 189 488 277 489 209 275 432 718 386 606 19 742 369 260 649 
328 562 109 376 599 646 251 629 536 536 322 365 413 634 667 548 471 519 402 439 297 99 476 398 360 533 522 52 295 510 357 648 418 343 313 360 174 283 243 157 81 409 329 335 532 353 96 96 289 508 624 529 383 568 290 612 653 350 70 438 501 260 137 418 699 210 237 575 468 148 335 387 353 588 269 193 377 231 351 118 177 361 552 285 435 158 571 226 175 498 
399 206 439 633 86 158 277 124 271 487 214 460 272 294 533 86 46 345 130 160 767 579 459 149 676 82 201 467 248 123 341 197 103 175 503 547 496 358 463 666 532 351 210 271 191 681 458 608 519 87 387 21 150 90 640 99 139 189 480 419 598 626 488 806 487 516 465 556 175 530 702 229 613 427 684 682 276 472 206 469 582 395 412 610 175 652 351 304 599 511 
405 701 253 512 779 834 446 813 656 582 484 410 533 757 717 736 647 615 570 635 102 215 526 591 271 697 721 252 492 665 457 842 591 517 486 524 226 482 298 64 244 607 490 536 672 258 294 141 301 672 718 709 574 756 209 788 830 543 212 502 492 185 318 260 773 376 291 599 613 180 217 586 493 663 138 11 577 412 548 308 144 555 628 229 582 194 670 423 122 528 
534 698 318 151 660 676 313 675 695 745 454 582 582 783 869 584 552 700 510 453 464 152 685 438 583 631 507 216 335 625 548 656 512 449 145 167 401 236 465 300 147 327 461 325 667 575 174 225 516 611 801 592 433 606 512 680 714 394 293 643 727 482 118 619 887 67 459 791 604 376 550 381 130 779 476 363 346 116 380 146 400 260 744 511 571 180 747 289 393 713 
412 733 365 710 862 933 577 903 670 528 564 385 561 768 655 839 732 608 649 759 116 408 484 708 151 763 851 411 624 722 475 952 675 608 673 715 284 644 320 263 428 769 568 681 709 137 461 335 280 737 699 798 688 855 145 866 909 665 342 478 397 153 498 61 729 564 316 522 660 259 91 724 690 630 100 198 725 593 675 482 207 725 599 178 635 394 660 559 198 467 
525 496 415 354 358 341 212 355 536 695 332 592 472 589 781 268 304 584 319 148 718 433 647 178 727 385 156 370 173 407 495 307 300 287 234 262 511 141 526 571 389 44 334 101 472 726 328 493 593 377 658 306 192 288 668 383 405 175 433 600 754 643 318 822 758 300 524 760 426 521 725 93 340 674 676 615 58 248 149 318 570 107 648 648 403 499 611 222 577 694 
206 520 164 594 639 710 370 680 465 376 341 204 348 565 511 617 509 415 426 543 234 304 319 490 150 541 636 245 416 502 265 731 452 386 524 574 67 459 102 232 299 579 345 479 494 148 299 252 95 516 516 576 471 633 90 644 687 450 162 297 299 70 351 254 566 427 97 396 441 70 151 516 571 458 131 196 524 440 464 327 64 546 422 71 415 332 470 356 85 323 
295 615 302 711 760 836 508 802 548 401 467 261 444 644 529 745 632 483 549 679 206 410 357 625 30 655 772 375 554 611 359 861 577 515 652 700 205 596 215 294 416 717 470 617 593 16 429 344 163 630 573 699 605 760 50 761 804 586 294 352 275 79 476 131 602 550 213 397 547 200 37 654 689 503 104 235 662 569 601 455 162 682 472 70 525 418 535 494 167 340 
275 590 205 597 704 772 417 743 534 435 405 267 417 635 569 678 573 483 491 597 165 296 381 546 137 609 689 265 464 570 334 791 516 447 540 587 124 492 172 191 302 616 410 523 564 129 318 232 155 583 583 639 527 695 67 709 752 503 188 362 341 38 364 202 630 436 167 448 510 99 109 564 575 522 64 142 568 457 515 343 50 577 487 78 483 309 538 400 53 379 
130 423 291 747 600 686 439 645 349 194 338 67 264 440 327 605 483 277 404 570 398 479 146 515 190 486 663 392 476 437 186 722 434 390 656 710 209 557 143 422 463 662 339 548 405 203 441 436 97 463 362 549 494 616 203 596 637 488 315 144 119 215 498 335 394 574 149 206 371 246 246 568 723 292 284 383 591 574 509 470 255 646 261 173 357 517 326 436 275 136 
334 184 534 919 410 503 526 454 131 211 370 338 235 112 166 472 373 125 349 528 768 739 239 488 574 309 590 621 532 268 288 562 367 394 796 849 515 654 440 747 704 702 364 592 200 587 647 729 449 304 21 405 475 468 581 391 416 498 578 243 369 586 700 718 97 760 447 260 241 561 629 574 895 98 657 728 618 734 524 672 595 723 123 548 267 801 71 543 617 271 
81 240 275 692 409 497 321 456 178 186 179 123 72 278 296 421 298 136 223 407 522 482 136 353 363 295 494 367 344 246 27 537 254 227 579 634 256 452 186 486 450 534 177 416 218 373 400 468 213 272 241 362 333 430 348 405 446 337 318 89 260 346 456 506 315 524 191 249 180 302 406 421 667 206 416 471 454 506 362 427 340 535 170 315 166 541 190 328 362 184 
445 373 387 458 241 244 177 247 417 594 239 512 367 465 669 156 179 472 205 24 713 464 551 63 681 260 98 373 130 284 405 229 182 189 330 369 472 195 469 583 417 167 240 106 350 682 346 512 534 253 540 183 83 177 629 264 291 89 417 505 670 608 357 792 640 365 469 661 307 492 690 51 440 561 652 615 94 315 76 346 545 213 538 605 288 537 495 199 556 600 
497 282 521 653 61 63 338 50 356 580 306 557 369 360 617 41 142 435 224 173 852 641 554 192 771 161 162 536 300 210 439 101 195 261 526 563 585 391 557 741 594 351 302 301 274 776 520 679 614 175 465 76 203 19 732 87 99 240 560 516 695 717 542 899 562 558 559 649 269 616 795 247 636 513 773 762 290 510 248 527 669 406 501 703 272 715 435 364 685 606 
4389 7865 4543 8800 9559 10417 6831 10032 7084 5170 6369 3905 6017 8096 6468 9427 8173 6292 7260 8712 2508 5467 4796 8118 1243 8382 9746 5258 7326 7887 5082 10714 7568 6897 8261 8767 3498 7744 3597 3982 5610 9097 6402 8019 7634 1188 5841 4686 2970 8107 7194 8910 7898 9592 1760 9570 10043 7689 4400 4840 3564 2035 6325 660 7370 7106 3586 4961 7172 3388 1133 8437 8569 6369 1892 3267 8514 7359 7854 6105 2893 8679 6061 2013 6952 5412 6831 6666 2893 4488 
4564 518 6286 10500 2744 4060 5054 3388 1568 4844 3164 5180 2464 1806 5194 3500 2198 2744 2282 4410 10500 8834 4648 3962 8554 1218 5180 7140 4914 742 3668 4844 2352 3122 8708 9394 6622 6650 5852 9562 8232 6986 3066 5586 448 8680 7266 8988 6412 1176 3080 2576 3836 3472 8274 2534 3010 4270 6930 4242 6720 8190 7882 10528 4452 8526 5908 5796 1120 7210 9100 5194 10192 3752 9128 9562 5838 8022 4606 7532 7868 7434 3626 7812 1568 9814 2646 5362 8162 5362 
4654 3796 4329 6526 2795 3302 1898 3094 4264 6500 1950 5525 3549 5005 7501 2028 1417 4940 1469 1079 8632 5837 5954 390 7891 2496 2262 4459 1469 2652 4082 3406 1196 1274 4836 5447 5278 2925 5109 7124 5226 3159 1950 1859 3458 7930 4264 6305 5928 2314 5863 1885 208 2288 7293 3029 3497 689 4797 5369 7540 7046 4602 9438 7163 4953 5109 7384 2834 5629 8099 1495 6266 6097 7696 7436 2067 4368 949 4368 6318 3549 5785 6942 2548 6799 5252 2236 6500 6604 
1976 4589 1417 6669 5590 6448 2301 6084 4199 4641 1690 2769 2600 5473 6201 5226 3874 4043 2821 4303 5499 3978 3887 3601 4563 4446 5525 2431 2808 4030 2015 6708 3133 2223 5291 6006 1976 3848 1820 4433 3510 5200 1768 3731 4199 4602 2834 3952 2678 4108 5408 4719 3341 5434 3952 5681 6227 3120 2015 3302 4862 3718 3562 6097 6448 4459 1807 5330 3393 2405 4758 4082 6357 5044 4420 4485 4303 4290 3341 3185 3081 4992 4576 3601 2977 4810 4706 2249 3315 4355 
5475 5850 4020 5865 4935 5325 825 5220 6150 8145 2715 6465 4890 7230 9570 3885 3330 6675 2970 2070 8850 5160 7380 1605 8580 4560 3330 3735 180 4605 5085 5250 2865 2205 3930 4680 5370 1725 5505 6870 4440 2670 2775 900 5415 8580 3345 5820 6510 4305 7950 3900 1515 4215 7740 5220 5745 930 4410 6675 8910 7395 3630 10125 9405 3975 5475 9090 4560 5610 8640 1365 5550 8010 7995 7365 1545 3315 780 3405 6375 2745 7575 7410 4125 6255 7185 1125 6540 8055 
2385 6060 960 7605 7290 8280 3165 7860 5520 5550 2805 3135 3660 7020 7455 6855 5310 5190 4110 5685 5505 4065 4650 4905 4590 5970 7095 2400 3825 5475 2745 8550 4455 3405 6150 6975 1455 4740 1605 4335 3615 6435 2895 4815 5610 4605 3030 3885 2595 5580 6765 6300 4605 7110 3795 7395 8040 4290 1605 4035 5445 3510 3900 6270 7890 4995 1560 6240 4710 1935 4725 5325 7230 6225 4275 4335 5490 4935 4515 3465 2715 6075 5685 3435 4245 4950 5985 3015 2970 5085 
3276 6678 210 6258 7532 8330 3066 8008 6230 6202 3444 3850 4494 7616 8008 6958 5684 5950 4634 5642 4480 2702 5362 4984 4410 6440 6916 1288 3724 6034 3668 8484 4914 3864 5096 5824 1428 4116 2198 3066 2338 5838 3528 4508 6258 4368 1988 2534 2968 6076 7420 6566 4732 7224 3514 7672 8260 4340 434 4816 5866 3150 2772 5642 8456 3850 2114 6790 5376 1428 4298 5110 5922 6902 3612 3220 5138 3920 4452 2394 2114 5334 6398 3304 4928 3514 6692 2800 2254 5698 
5964 8460 3324 2964 8412 8748 4092 8664 8280 8484 5508 6432 6840 9408 10032 7596 6996 8184 6336 6084 4356 864 7752 5784 6012 7860 6876 2184 4488 7704 6264 8604 6432 5580 2928 3240 4092 3612 4956 2412 1200 4908 5592 4596 8088 5904 1980 1584 5472 7596 9432 7560 5676 7860 5172 8616 9060 5208 2880 7296 8016 4812 1584 6276 10380 1692 4884 8952 7320 3696 5544 5280 2748 9060 4620 3180 4944 2292 5100 1800 3852 4140 8628 5208 6912 912 8796 3780 3720 8016 
2930 6120 2490 6400 7370 8080 4600 7770 5520 4330 4390 2740 4390 6510 5660 7140 6070 4950 5240 6380 1580 3380 3830 5860 1000 6380 7300 3110 5060 5980 3550 8280 5500 4830 5850 6320 1610 5380 1960 2220 3460 6610 4430 5660 5870 890 3640 2710 1640 6120 5920 6730 5660 7310 380 7410 7840 5440 2330 3690 3250 280 4090 1590 6320 4810 1920 4400 5360 1430 630 6070 6180 5280 450 1650 6110 5020 5560 3890 960 6220 4940 660 5110 3450 5490 4440 970 3750 
1727 4554 693 5654 5522 6248 2497 5940 4136 4037 2222 2222 2761 5236 5456 5203 4070 3850 3179 4356 3872 2970 3377 3773 3190 4532 5379 1804 2981 4158 2057 6446 3443 2662 4620 5214 891 3630 1034 3080 2673 4884 2277 3707 4235 3201 2288 2783 1749 4246 5016 4785 3564 5390 2607 5588 6061 3333 1133 2937 3883 2387 2926 4411 5808 3751 990 4521 3575 1254 3278 4081 5390 4587 2959 3047 4202 3718 3487 2607 1815 4609 4180 2343 3234 3597 4433 2376 2013 3663 
1720 2270 2360 5840 3150 3920 1950 3570 2110 3200 420 2370 1050 3030 4160 3050 1880 2260 1040 2720 5460 4220 2730 2170 4410 2170 3620 3010 2120 1820 1250 4220 1340 910 4630 5180 2690 3270 2290 4690 3810 3990 400 2810 1970 4470 3180 4290 2850 1910 3200 2550 1970 3180 4060 3190 3620 2000 2820 2260 3910 3940 3670 5730 4120 4250 2320 3850 1340 3080 4680 2840 5600 3130 4550 4720 3180 3980 2250 3400 3580 4050 2820 3760 1010 4900 2670 2090 3770 3210 
2955 7770 3330 9900 9885 11025 6270 10515 6825 5010 5490 2610 5190 8295 7020 9675 7965 5925 6720 8730 3870 5550 4230 7920 1515 8310 10140 4635 6930 7665 3915 11415 7140 6225 8790 9555 1830 7725 1710 4320 5475 9495 5550 7920 7425 1560 5430 4740 975 7935 7365 8970 7605 9885 1050 9900 10545 7350 3375 4020 3600 1125 6225 3465 7965 7365 1695 5190 6705 2040 1905 8415 9540 6405 2190 3660 8595 7545 7590 5850 1845 9045 5895 540 6375 5940 6735 6090 2115 4155 
4404 2640 4692 7080 1620 2364 2736 2016 3264 5688 2064 5160 3012 3744 6384 1296 312 4056 1116 1584 8652 6348 5280 1272 7656 1284 2328 5004 2400 1572 3744 2700 756 1548 5520 6060 5424 3768 5088 7404 5784 3816 2016 2748 2388 7716 4896 6708 5784 1188 4716 780 1248 1452 7188 1788 2268 1704 5184 4776 6900 7008 5268 9192 5928 5628 5100 6516 2004 5808 7932 2304 6840 5088 7680 7608 2868 5100 1932 5040 6444 4284 4860 6840 1896 7236 4224 3048 6636 5904 
2550 5760 5610 12405 8790 10155 7350 9495 4530 1485 5460 1665 3780 5700 3405 9105 7260 3285 6180 8925 7470 8580 1095 8100 4185 7035 10245 7140 7800 6270 2970 10815 6630 6210 10920 11745 4560 9240 3450 7845 8280 10650 5445 8895 5580 4395 7815 8010 2955 6720 4275 8175 7800 9210 4545 8670 9255 7815 6060 1560 1125 4755 8685 6285 4500 9810 3540 1560 5295 5160 5100 9075 12045 3120 5775 7275 9495 9720 8175 8265 5340 10545 2745 4095 5220 9210 3885 7380 5655 555 
3710 2560 3730 5510 1630 2100 1960 1900 3030 4940 1680 4360 2680 3490 5590 1140 630 3640 1030 960 7040 4990 4560 670 6340 1470 1700 3900 1650 1670 3210 2280 740 1180 4210 4660 4400 2750 4190 5940 4520 2800 1650 1900 2330 6380 3780 5330 4790 1370 4250 930 660 1320 5910 1810 2180 1050 4120 4130 5860 5740 4050 7570 5260 4330 4200 5630 1940 4700 6530 1530 5310 4510 6280 6140 2000 3880 1230 3880 5230 3170 4300 5630 1800 5730 3820 2230 5380 5070 
5544 4956 8624 14546 8148 9450 9198 8764 4046 2744 7014 5180 4984 3962 840 8974 7504 3304 7000 9618 10990 11536 3542 9002 7896 6692 10570 9982 9380 6076 5250 10276 7308 7504 12922 13692 7980 11046 6888 11200 11130 11914 6958 10304 5124 8092 10472 11186 6678 6594 2380 8036 8778 8946 8260 7882 8232 9044 9170 4004 4494 8456 11270 9772 1092 12208 6986 2716 5558 8596 8764 10164 14210 2072 9408 10752 10738 11942 9408 10864 8904 12110 2520 7854 5824 12264 2926 9366 9198 3528 
2670 1790 4710 8670 4090 5030 4780 4550 1030 1590 3210 2710 1790 1400 1580 4600 3500 610 3130 5000 7010 6770 1760 4550 5100 2980 5690 5600 4880 2510 2230 5590 3350 3510 7470 8010 4480 6080 3740 6810 6430 6650 3150 5510 1850 5220 5880 6640 3820 2880 460 3920 4400 4590 5140 3930 4230 4600 5140 1770 3140 5190 6420 6540 1290 7050 3800 2170 2100 4950 5640 5390 8430 560 5900 6610 5810 6810 4860 6140 5280 6810 640 4810 2290 7370 240 4920 5500 2130 
3930 5730 2220 6300 5910 6645 1005 6360 5655 6870 2040 4875 4005 6975 8535 5160 3990 5820 3060 3705 7155 4125 6030 2985 6735 4995 5055 2385 1680 4755 3765 6750 3225 2130 4575 5400 3525 2760 3705 5400 3450 4320 2145 2670 5265 6735 2385 4500 4710 4650 7290 4845 2730 5460 5895 6105 6705 2295 2715 5340 7305 5565 3060 8310 8625 3885 3675 7740 4305 3795 6795 3195 5940 7080 6195 5745 3345 3510 2430 2670 4575 4065 6570 5565 3810 5220 6480 900 4755 6630 
6123 6565 4303 3744 5330 5369 1963 5434 6890 8554 3900 6968 5798 7774 9841 4251 4238 7332 4095 2535 8086 4316 7878 2548 8398 5317 3107 3562 1690 5460 5876 5057 3952 3471 2067 2626 5590 533 5928 6136 3757 1105 3952 962 6214 8372 2977 5109 6786 5148 8450 4524 2600 4524 7592 5629 6006 2171 4459 7267 9074 7241 2821 9529 9711 2652 5889 9360 5486 5642 8307 1560 3510 8502 7605 6721 1027 1963 1859 2834 6253 819 8112 7371 5122 5187 7787 1963 6331 8424 
5505 10290 4575 9855 12120 13155 7770 12705 9390 7515 7620 5205 7710 10890 9465 11730 10155 8520 8910 10500 1485 5325 6795 9735 2040 10665 11865 5265 8460 10065 6435 13425 9300 8265 9240 9885 3420 8760 4035 3240 5580 10635 7695 9315 9915 1830 6030 4230 3555 10275 9960 11145 9450 11985 1560 12180 12825 9090 4230 6615 5730 1530 6600 1680 10515 7620 3975 7530 9150 3000 1080 9960 9555 8970 600 2265 9975 8040 9240 6360 2220 9990 8475 2055 8760 5190 9330 7485 2070 6615 
2405 6513 2171 7878 8125 9074 4771 8658 5772 4589 4264 2353 4264 7085 6344 7878 6448 5109 5356 6968 3315 4160 3861 6279 1950 6838 8190 3302 5356 6305 3185 9373 5707 4862 6903 7566 871 5993 1079 3289 4056 7527 4329 6188 6188 1950 3991 3510 936 6500 6422 7319 6006 8073 1274 8177 8736 5759 2223 3562 3640 1092 4680 3432 7072 5681 1027 4862 5512 1079 2080 6656 7579 5668 1950 2834 6786 5811 5954 4355 1118 7137 5200 936 5174 4563 5824 4602 1391 3913 
4550 1989 7020 11817 4849 6045 6695 5408 1534 3224 4693 4693 3055 936 2704 5707 4498 1820 4290 6539 10257 9659 3497 6058 7826 3601 7280 8099 6721 3120 3874 6825 4485 4940 10205 10881 6877 8333 5941 9867 9165 8853 4615 7462 2249 7982 8398 9568 6123 3575 741 4849 5902 5642 7852 4589 4901 6240 7605 3484 5265 7904 9061 9698 1742 9802 6019 3900 2886 7475 8515 7189 11518 1768 8827 9659 7761 9425 6565 8697 7956 9178 2015 7423 3263 10478 1118 6929 8242 3965 
5908 7602 3290 3444 7028 7322 2170 7266 7658 8778 4256 6720 6174 8834 10388 6006 5502 7868 4942 4200 6888 2744 7966 3920 7616 6608 5110 2142 2450 6552 5894 7112 4956 4102 1918 2688 4676 1330 5292 4732 2142 3024 4354 2436 7182 7560 1414 3612 6160 6328 9226 6062 3836 6314 6678 7294 7784 3290 3262 7336 8904 6286 1148 8610 10486 1302 5222 9534 6314 4578 7392 3234 3108 9044 6538 5418 2856 840 3108 1176 5152 2282 8568 6524 5852 3696 8470 1862 5180 8470 
1176 5656 2954 9338 7784 8918 5082 8400 4760 3374 3864 924 3262 6132 5264 7714 6062 3934 4900 7070 5138 5670 2562 6286 2814 6258 8372 4382 5614 5628 2072 9352 5320 4578 8050 8820 1918 6692 896 5082 5404 8204 3892 6608 5334 2940 5054 5152 700 5908 5320 7000 5992 7896 2590 7770 8372 5852 3332 2226 2786 2604 5852 4788 6006 6916 980 3780 4718 2506 3374 6944 9002 4480 3598 4662 7224 6902 6132 5460 2800 7938 3990 2128 4424 6272 4690 5012 3094 2702 
825 4995 4020 10740 7620 8925 5625 8310 3930 2445 3855 390 2565 5370 4440 7740 5910 2955 4740 7350 6795 7080 1545 6510 4065 5910 8700 5550 6105 5175 1440 9480 5190 4620 9210 10035 3210 7530 2040 6675 6720 8955 3840 7200 4710 4230 6180 6645 2010 5550 4410 6870 6210 7890 4005 7560 8175 6180 4545 1095 2625 4065 7050 6240 5160 8145 2145 3090 4185 3885 4800 7425 10365 3510 5130 6270 7815 8025 6525 6615 4260 8820 2985 3510 3975 7815 3765 5655 4590 1920 
3648 4440 2496 4944 4200 4692 228 4512 4536 5868 1644 4440 3384 5508 7104 3516 2748 4824 2172 2256 6420 3756 5232 1716 6096 3636 3324 2460 636 3552 3396 4728 2208 1440 3456 4104 3540 1800 3636 4944 3192 2856 1716 1476 4080 6108 2304 4164 4428 3384 5928 3348 1536 3756 5436 4380 4848 1140 2868 4668 6384 5172 2688 7368 7056 3180 3612 6600 3348 3756 6156 1836 4668 5880 5676 5268 2004 2760 1224 2448 4380 2784 5508 5172 2964 4632 5292 480 4524 5748 
6150 4395 5925 8010 2490 2895 3045 2745 5145 8040 3045 7125 4650 5775 9015 1425 1470 6075 2175 900 10890 7590 7470 855 9990 2655 1920 6045 2475 3060 5415 3000 1740 2280 6075 6705 7020 3930 6780 9150 6870 3750 3030 2595 4080 10050 5775 8175 7710 2565 6975 1530 1035 1755 9315 2820 3300 1575 6465 6810 9405 9045 6105 11805 8490 6405 6780 9075 3540 7425 10245 1905 7725 7395 9810 9510 2610 5685 1710 5865 8220 4395 7080 8910 3330 8700 6345 3435 8445 8235 
4578 2114 7280 12516 5278 6580 7014 5894 1456 3164 4844 4718 3024 1134 2744 6146 4774 1638 4466 6958 10710 10122 3444 6412 8092 3850 7798 8456 7056 3304 3864 7406 4718 5138 10794 11522 7084 8792 6076 10318 9604 9408 4746 7882 2338 8260 8778 10010 6258 3794 546 5208 6230 6090 8134 5012 5362 6566 7896 3416 5362 8176 9506 10122 1820 10332 6160 3920 2968 7728 8834 7616 12194 1624 9170 10080 8232 9940 6930 9128 8246 9730 1862 7658 3346 11004 868 7252 8554 3962 
2880 3640 5070 9490 5910 6860 5850 6380 2830 780 4380 2480 2980 3240 820 6330 5160 2020 4600 6520 6490 7120 1380 6010 4240 4760 7310 6080 6070 4260 2850 7380 4870 4820 8410 8960 4490 7160 3720 6730 6870 7950 4350 6770 3650 4380 6490 6790 3470 4620 2050 5660 5830 6350 4540 5770 6090 5940 5420 1810 1810 4690 7070 5580 1730 7780 3780 540 3730 4910 4870 6780 9250 1310 5360 6370 7130 7660 6200 6780 5070 7990 1360 4250 3810 7590 2100 5920 5280 1180 
8010 4110 8745 10995 885 930 6165 435 5340 8850 5370 8850 5925 5070 9135 1800 2850 6600 4080 3780 13665 10710 8565 4020 12225 2580 3540 9090 5625 3345 7095 1890 3705 4785 9090 9645 9600 7050 9075 12135 10005 6435 5295 5700 4125 12315 8895 11235 9870 2925 6780 1890 4155 1470 11730 945 510 4725 9360 8055 10755 11535 9270 14220 8160 9555 9105 9870 4335 10110 12660 4905 10740 7650 12420 12390 5550 8835 4875 9015 10890 7290 7545 11265 4515 11820 6450 6570 11145 9345 
5401 8074 3069 3674 8305 8712 4356 8591 7799 7634 5412 5709 6435 8877 9097 7645 6941 7579 6248 6314 3080 1023 6974 5962 4884 7678 7106 2288 4774 7469 5786 8635 6391 5577 3685 3982 3498 4169 4345 1375 1540 5423 5489 4994 7733 4763 2354 957 4686 7425 8745 7524 5841 7876 4136 8481 8910 5434 2585 6600 6996 3817 2222 4917 9526 2530 4279 7986 7040 3047 4367 5621 3487 8305 3509 2079 5368 3047 5379 2299 3025 4752 7898 4246 6666 209 8162 4059 2860 7139 
4592 7868 1526 5264 8386 9044 3514 8806 7504 7504 4508 5110 5782 8876 9338 7672 6594 7266 5628 6146 4158 1386 6664 5572 5040 7462 7308 728 4130 7140 4998 9072 5852 4802 4382 5040 2436 3962 3402 2198 1134 5726 4606 4690 7448 4942 1344 1344 4046 7112 8736 7406 5362 7952 4060 8568 9142 4900 980 6132 7014 3640 1918 5852 9786 2940 3318 8050 6552 2072 4690 5418 4942 8232 3766 2702 5278 3234 4914 1652 2478 5054 7728 3990 6090 2212 7994 3164 2450 6972 
4788 2472 5268 7596 1032 1896 3324 1488 3252 5844 2568 5520 3264 3528 6396 1032 552 4140 1560 1920 9204 6948 5508 1788 8112 984 2412 5604 2976 1476 4092 2364 1236 2100 6036 6564 5952 4296 5556 7992 6384 4212 2520 3252 2292 8172 5496 7296 6228 1044 4644 252 1800 1080 7680 1188 1668 2268 5760 5028 7176 7512 5856 9672 5844 6192 5580 6672 2100 6360 8424 2748 7356 5124 8208 8184 3312 5664 2472 5628 6984 4740 4944 7320 2100 7824 4212 3648 7188 6132 
6075 10515 3795 7680 11685 12510 6690 12195 9840 8730 7260 6150 7995 11355 10755 11040 9705 9225 8550 9525 1530 3225 7890 8865 4065 10455 10815 3780 7380 9975 6855 12630 8865 7755 7290 7860 3390 7230 4470 960 3660 9105 7350 8040 10080 3870 4410 2115 4515 10080 10770 10635 8610 11340 3135 11820 12450 8145 3180 7530 7380 2775 4770 3900 11595 5640 4365 8985 9195 2700 3255 8790 7395 9945 2070 165 8655 6180 8220 4620 2160 8325 9420 3435 8730 2910 10050 6345 1830 7920 
7476 9772 4452 2114 9240 9464 4382 9450 9730 10430 6356 8148 8148 10962 12166 8176 7728 9800 7140 6342 6496 2128 9590 6132 8162 8834 7098 3024 4690 8750 7672 9184 7168 6286 2030 2338 5614 3304 6510 4200 2058 4578 6454 4550 9338 8050 2436 3150 7224 8554 11214 8288 6062 8484 7168 9520 9996 5516 4102 9002 10178 6748 1652 8666 12418 938 6426 11074 8456 5264 7700 5334 1820 10906 6664 5082 4844 1624 5320 2044 5600 3640 10416 7154 7994 2520 10458 4046 5502 9982 
5356 9529 4745 9230 11206 12129 7501 11739 8710 6864 7332 5005 7293 9984 8515 10907 9516 7904 8437 9867 1508 5304 6292 9204 1963 9919 11063 5343 8112 9386 6175 12376 8775 7904 8749 9295 3692 8372 4160 3419 5564 9997 7384 8853 9217 1781 5993 4355 3640 9581 9087 10374 8944 11115 1885 11258 11817 8645 4446 6214 5161 1989 6474 793 9477 7332 4108 6786 8580 3367 1183 9412 8970 8190 1300 2574 9425 7709 8775 6266 2691 9425 7787 2314 8255 5122 8580 7267 2574 6071 
5250 4960 4150 3540 3580 3410 2120 3550 5360 6950 3320 5920 4720 5890 7810 2680 3040 5840 3190 1480 7180 4330 6470 1780 7270 3850 1560 3700 1730 4070 4950 3070 3000 2870 2340 2620 5110 1410 5260 5710 3890 440 3340 1010 4720 7260 3280 4930 5930 3770 6580 3060 1920 2880 6680 3830 4050 1750 4330 6000 7540 6430 3180 8220 7580 3000 5240 7600 4260 5210 7250 930 3400 6740 6760 6150 580 2480 1490 3180 5700 1070 6480 6480 4030 4990 6110 2220 5770 6940 
2884 7280 2296 8316 8946 9940 5180 9520 6510 5264 4774 2856 4872 7910 7154 8638 7126 5810 5964 7602 3276 4256 4466 6860 2100 7574 8904 3430 5824 7028 3710 10234 6328 5404 7336 8036 938 6426 1428 3248 4186 8106 4830 6706 6916 2072 4186 3528 1330 7224 7224 8064 6594 8862 1260 9016 9618 6300 2268 4158 4186 980 4914 3556 7924 5978 1358 5544 6174 980 2114 7224 7994 6412 1834 2744 7336 6160 6496 4578 896 7644 5908 994 5810 4648 6580 4984 1190 4522 
2950 6150 3020 7110 7600 8360 5080 8020 5480 4010 4670 2610 4440 6440 5290 7450 6320 4830 5490 6790 2060 4100 3570 6250 300 6550 7720 3750 5540 6110 3590 8610 5770 5150 6520 7000 2050 5960 2150 2940 4160 7170 4700 6170 5930 160 4290 3440 1630 6300 5730 6990 6050 7600 500 7610 8040 5860 2940 3520 2750 790 4760 1310 6020 5500 2130 3970 5470 2000 370 6540 6890 5030 1040 2350 6620 5690 6010 4550 1620 6820 4720 700 5250 4180 5350 4940 1670 3400 
3575 7670 2665 7761 9152 10036 5421 9659 6942 5655 5265 3471 5421 8255 7397 8814 7449 6279 6383 7761 2145 3848 4953 7098 1781 7917 8957 3445 6032 7410 4342 10283 6708 5811 7020 7631 1612 6396 2236 2483 3926 8008 5330 6799 7332 1677 4134 3016 2015 7579 7579 8307 6851 9035 871 9217 9776 6539 2444 4706 4433 494 4732 2626 8190 5668 2171 5824 6630 1287 1417 7332 7475 6786 832 1846 7384 5941 6695 4459 650 7501 6331 1014 6279 4017 6994 5200 689 4927 
1950 6345 4365 11205 9000 10290 6585 9675 5235 2910 5070 1005 3960 6600 4905 9075 7245 4155 6060 8550 5970 7185 2190 7725 2850 7290 9945 5880 7140 6555 2790 10830 6510 5850 9840 10650 3135 8355 2145 6330 6945 9930 5085 8220 6075 3045 6615 6540 1455 6945 5430 8235 7410 9240 3045 8940 9555 7320 4725 2160 1785 3225 7470 5025 5910 8610 2235 3090 5565 3690 3690 8520 10845 4380 4260 5745 8865 8610 7635 7050 3825 9690 3915 2595 5355 7755 4890 6540 4125 2040 
3340 1840 5340 9190 4100 5030 5260 4540 1310 2110 3700 3380 2350 1120 1660 4720 3730 1250 3490 5280 7680 7390 2390 4880 5740 3090 5900 6210 5320 2680 2880 5620 3670 3940 7960 8490 5150 6540 4400 7470 7040 7020 3640 5920 2000 5870 6470 7290 4490 3040 210 4050 4750 4680 5810 3910 4160 4980 5780 2430 3690 5860 7000 7180 970 7600 4470 2600 2410 5610 6290 5740 8950 980 6570 7280 6180 7340 5240 6720 5950 7230 1230 5480 2670 8010 710 5430 6170 2710 
972 2880 3300 8304 4908 5964 3852 5472 2136 2232 2148 1476 864 3336 3552 5052 3576 1632 2676 4884 6264 5784 1632 4236 4356 3540 5928 4404 4128 2952 324 6444 3048 2724 6948 7608 3072 5424 2232 5832 5400 6408 2124 4992 2616 4476 4800 5616 2556 3264 2892 4344 3996 5160 4176 4860 5352 4044 3816 1068 3120 4152 5472 6072 3780 6288 2292 2988 2160 3624 4872 5052 8004 2472 4992 5652 5448 6072 4344 5124 4080 6420 2040 3780 1992 6492 2280 3936 4344 2208 
5785 4849 5031 5954 3133 3172 2301 3211 5421 7722 3107 6656 4771 6045 8697 2028 2327 6136 2665 312 9269 6032 7163 819 8853 3380 1274 4849 1690 3692 5265 2977 2366 2457 4290 4797 6136 2535 6097 7579 5421 2171 3120 1378 4550 8866 4498 6656 6942 3289 7020 2379 1079 2301 8177 3432 3783 1157 5421 6565 8710 7904 4641 10296 8320 4745 6097 8593 3991 6396 8970 663 5720 7293 8476 7995 1222 4095 988 4498 7085 2769 6994 7865 3744 6981 6435 2587 7228 7800 
4970 2820 5210 6530 610 630 3380 500 3560 5800 3060 5570 3690 3600 6170 410 1420 4350 2240 1730 8520 6410 5540 1920 7710 1610 1620 5360 3000 2100 4390 1010 1950 2610 5260 5630 5850 3910 5570 7410 5940 3510 3020 3010 2740 7760 5200 6790 6140 1750 4650 760 2030 190 7320 870 990 2400 5600 5160 6950 7170 5420 8990 5620 5580 5590 6490 2690 6160 7950 2470 6360 5130 7730 7620 2900 5100 2480 5270 6690 4060 5010 7030 2720 7150 4350 3640 6850 6060 
639 240 396 295 429 252 301 290 217 425 173 224 83 264 422 476 276 134 305 328 422 304 362 468 153 242 424 434 466 390 361 339 144 417 82 108 110 287 460 368 362 357 350 204 392 186 377 225 206 424 189 412 341 407 385 411 522 99 162 398 447 300 331 300 506 541 71 127 442 177 413 377 396 94 278 511 291 490 312 322 238 234 478 134 314 374 556 172 565 248 307 384 326 314 334 149 458 415 468 613 362 446 330 374 486 187 330 645 213 305 294 232 444 129 247 320 558 316 198 354 143 484 264 53 191 507 297 362 124 442 536 355 201 81 378 375 275 331 98 491 292 91 291 213 240 352 396 453 464 318 229 269 157 322 417 129 415 440 156 487 161 368 468 581 215 179 488 576 468 296 157 621 542 342 274 330 553 93 385 127 224 265 536 272 310 343 376 426 339 376 514 242 408 102 333 72 409 255 157 510 303 196 231 462 313 363 327 317 367 559 201 501 576 226 201 215 86 150 197 175 214 595 282 194 398 
779 349 366 90 700 128 258 584 363 745 230 106 241 183 206 681 253 320 461 216 735 586 141 721 468 84 686 754 267 711 644 279 266 203 365 429 413 63 342 316 120 447 606 432 351 444 415 228 444 266 429 591 662 376 385 733 521 255 377 702 768 543 444 577 673 655 391 255 540 368 468 484 571 358 44 683 102 719 429 629 466 549 686 333 631 147 613 400 339 137 627 705 384 317 303 215 726 474 261 737 70 345 78 349 727 471 402 757 480 16 613 108 257 290 437 202 726 601 345 388 391 402 69 353 485 401 373 302 310 327 694 675 210 326 658 522 167 78 234 296 43 412 607 390 545 263 369 554 352 623 214 589 478 293 168 288 394 492 349 238 414 501 513 712 518 448 315 761 466 272 426 732 666 198 284 188 710 328 705 235 173 116 622 454 391 661 691 662 254 315 268 546 726 353 654 250 730 504 309 240 72 513 156 729 581 43 570 572 687 737 522 736 730 529 277 487 272 173 124 320 239 397 546 371 207 
426 459 616 397 238 346 517 389 433 373 388 356 252 469 467 255 493 142 126 536 314 135 433 261 256 405 224 377 487 349 188 320 363 463 138 192 268 406 428 587 446 211 144 394 612 360 264 440 18 431 34 197 305 628 606 372 393 314 85 267 412 84 177 122 290 343 212 345 266 96 273 210 184 298 429 294 387 273 165 209 22 181 257 350 340 444 386 370 583 337 258 339 545 264 553 247 264 272 493 406 474 406 433 310 273 334 213 441 371 446 314 354 464 172 445 352 340 151 132 254 338 421 393 252 93 453 516 330 152 414 321 308 260 297 199 181 476 434 301 503 450 205 326 422 148 345 617 273 427 387 441 292 221 541 486 350 330 294 113 537 59 185 321 373 320 52 485 355 353 514 66 419 339 545 249 371 337 309 325 228 299 451 352 85 528 274 288 210 552 594 557 333 410 309 301 268 377 417 377 571 412 171 315 267 121 505 112 110 364 340 225 286 361 329 201 53 305 330 350 147 431 587 86 405 437 
56 902 1042 691 422 653 931 828 880 711 808 697 661 867 657 251 910 539 359 933 606 474 674 364 708 764 393 708 630 706 464 509 795 655 584 648 724 716 516 1005 697 336 399 850 1035 816 366 856 465 582 480 260 680 1055 1039 723 309 742 500 553 755 403 348 462 174 126 667 774 240 487 313 302 271 749 768 176 678 295 366 557 434 597 256 797 751 679 189 824 681 644 642 695 986 463 974 613 408 306 640 50 752 496 715 441 330 789 379 24 826 768 728 686 617 561 900 585 143 480 480 392 792 455 718 703 535 485 959 491 552 518 144 672 586 744 454 287 867 716 720 623 791 661 746 874 557 532 1044 226 506 814 853 713 671 961 701 787 405 291 511 705 508 298 276 83 768 508 591 173 342 933 521 48 121 932 496 604 131 756 670 609 614 825 160 391 972 631 620 331 958 1011 705 776 787 760 682 689 733 872 819 745 709 605 630 405 440 813 388 410 749 162 662 310 110 776 524 490 738 723 714 509 851 637 443 855 631 
715 571 594 189 751 223 488 763 580 873 444 266 394 413 58 677 482 407 467 444 836 660 114 752 628 297 728 880 70 842 712 219 473 62 484 572 583 211 185 544 121 411 653 634 579 637 353 453 510 117 501 581 793 604 615 865 397 445 451 792 904 590 425 648 641 587 544 457 482 432 399 448 562 542 263 653 189 729 418 727 520 667 684 533 785 102 512 600 109 227 751 834 613 281 533 329 770 407 59 666 160 202 165 270 748 654 371 674 671 235 762 253 81 384 649 173 687 677 394 335 583 251 236 521 584 231 600 223 403 180 653 802 284 511 722 504 397 164 417 88 271 561 762 602 650 190 598 496 196 793 440 737 626 523 64 490 296 414 423 12 499 479 423 648 690 535 119 732 356 502 518 651 604 424 279 155 667 516 828 352 253 345 539 480 618 778 802 686 482 543 40 717 876 540 786 418 865 703 518 49 190 636 244 772 644 223 613 623 833 705 663 750 680 701 327 568 459 360 304 382 462 170 610 581 88 
717 665 688 281 798 310 582 848 673 943 538 357 479 508 137 707 577 477 509 538 898 718 204 792 710 392 773 949 97 913 766 264 566 142 559 651 668 304 184 638 214 440 702 725 672 726 376 548 569 152 563 611 864 697 709 937 385 535 516 852 976 641 461 704 659 593 626 548 498 494 416 475 594 630 357 672 279 762 457 790 575 737 714 624 863 193 505 690 18 312 821 905 708 324 627 410 815 423 92 666 254 207 259 296 784 740 406 669 759 329 840 343 119 457 742 242 702 734 454 365 673 239 330 607 651 209 695 259 475 189 668 873 361 600 774 534 492 258 506 82 366 641 841 695 717 238 692 510 192 876 535 814 704 617 158 582 309 424 489 86 565 510 428 654 773 600 109 749 356 597 584 648 611 516 334 229 680 606 896 432 334 440 540 528 713 846 867 725 576 636 56 800 953 629 859 505 938 793 610 97 283 708 327 816 698 315 661 674 908 721 739 784 690 785 393 630 549 451 396 448 556 89 665 674 159 
391 542 662 301 401 260 547 573 527 585 431 304 289 478 306 317 527 186 111 543 520 335 299 395 428 370 376 589 306 562 376 141 427 303 265 359 415 324 224 621 320 59 307 525 653 503 58 475 204 249 205 221 516 674 663 584 202 374 181 469 624 249 65 320 290 268 357 405 153 157 95 96 202 415 374 301 288 368 60 419 196 390 324 448 544 307 246 493 393 251 470 552 620 81 592 227 417 99 314 349 368 201 329 104 388 493 14 371 525 376 518 292 285 194 567 207 341 351 124 42 463 209 325 371 300 242 595 138 195 213 308 520 193 398 382 145 476 330 347 314 397 361 527 530 360 170 664 167 221 582 470 495 404 579 340 426 118 122 171 370 221 121 150 323 498 248 291 381 151 551 243 346 277 540 104 227 324 410 537 229 220 432 241 137 611 486 499 327 570 626 382 517 619 422 513 321 589 570 459 409 319 373 236 418 309 424 266 282 574 355 421 389 342 509 137 265 376 338 322 144 472 385 280 509 275 
723 618 639 237 781 269 534 809 627 913 492 313 439 459 98 699 529 446 494 489 872 695 161 779 672 345 757 920 79 883 745 245 520 103 526 616 628 258 187 589 168 432 684 681 623 684 370 500 545 135 537 603 833 648 660 906 397 492 488 828 945 622 449 682 657 597 588 504 497 468 414 468 585 588 310 669 236 752 444 764 553 707 706 580 828 148 515 647 65 272 791 875 659 307 578 372 799 421 70 673 205 208 213 288 773 700 394 679 718 281 805 300 99 425 696 211 702 711 429 355 630 250 284 567 622 224 647 245 444 188 668 842 326 558 754 525 443 211 463 80 318 605 806 649 689 218 643 510 197 838 487 780 669 568 111 537 308 426 461 37 537 501 432 658 735 573 113 748 362 548 556 657 614 467 311 195 681 563 867 395 296 391 547 510 665 817 840 712 527 587 7 762 919 587 827 464 906 750 565 53 237 677 288 801 677 266 643 655 875 720 705 774 693 746 364 605 506 407 351 420 509 133 643 629 125 
785 266 299 136 665 147 184 507 280 683 147 94 187 107 277 666 176 290 452 155 681 546 207 692 398 27 654 692 337 647 604 313 185 273 317 367 341 105 396 250 191 455 574 350 285 364 434 146 412 326 396 581 600 309 313 668 555 180 346 653 703 514 446 538 669 665 327 176 550 343 486 489 562 283 45 677 144 698 429 578 438 493 670 253 561 216 636 319 416 154 567 642 305 337 231 188 692 491 333 746 151 395 145 380 702 394 412 769 401 74 545 106 323 260 353 243 722 560 329 406 312 451 87 284 438 455 292 338 278 380 693 614 205 252 619 519 94 146 165 366 41 348 537 306 495 303 302 564 406 548 132 521 413 220 244 207 427 511 321 317 377 501 535 718 444 408 381 753 498 197 385 744 673 146 297 234 709 252 645 203 178 41 638 438 310 603 635 638 190 251 348 472 657 276 591 187 665 423 227 322 126 456 164 695 545 116 542 540 619 731 459 713 730 454 269 448 198 109 81 301 155 471 511 288 271 
849 35 192 352 623 336 130 313 45 541 95 279 218 153 499 686 109 332 511 185 575 498 429 668 259 241 623 552 557 505 551 482 80 495 293 272 203 327 590 176 418 553 554 135 192 167 560 95 416 532 399 623 465 203 176 522 701 132 371 565 548 508 531 497 717 748 233 103 644 383 603 577 607 144 279 722 356 697 512 491 448 398 687 85 399 440 752 117 644 338 447 504 115 478 142 287 653 606 554 821 386 582 373 535 690 211 520 852 200 309 390 295 539 315 121 433 769 507 395 533 132 632 302 183 387 645 88 508 320 572 746 482 338 134 569 583 173 374 160 585 277 251 376 77 418 483 192 656 598 362 110 373 293 134 474 83 581 630 360 549 372 573 658 789 271 386 594 786 644 116 366 828 750 211 434 433 763 123 515 280 337 208 738 481 103 486 523 632 173 186 579 297 488 131 456 186 514 205 53 557 349 363 333 658 513 348 534 522 460 770 337 706 786 278 372 419 133 192 241 368 82 692 486 65 487 
542 398 507 169 468 119 391 493 389 574 280 150 149 321 242 435 372 107 215 386 536 366 201 481 349 215 450 581 273 544 420 131 282 237 190 285 316 184 252 465 213 212 370 405 497 392 201 321 215 224 204 344 495 519 510 567 338 232 152 495 607 307 203 354 428 422 266 260 308 135 249 246 325 296 224 438 158 474 186 428 231 368 440 315 495 213 401 371 373 110 452 536 472 115 437 75 491 254 277 503 245 238 204 173 485 394 171 527 421 232 472 142 250 89 439 127 482 382 103 173 345 278 178 261 284 299 448 154 106 234 451 503 37 273 432 278 319 205 203 294 247 279 474 398 350 145 509 322 256 515 315 446 338 424 255 286 217 276 124 311 200 258 302 475 416 236 286 515 281 396 218 502 430 384 71 144 468 283 528 86 73 276 398 209 465 478 502 420 413 469 334 441 583 300 489 182 568 461 320 343 186 338 90 493 353 286 332 338 539 492 370 492 488 428 32 271 238 183 165 85 319 394 318 376 213 
689 198 367 347 448 308 287 231 169 398 170 272 138 267 481 516 262 199 361 326 413 323 418 493 110 276 448 408 527 362 377 406 131 476 131 98 53 335 526 347 416 420 379 139 366 119 443 218 252 488 236 460 316 378 351 382 588 109 219 396 415 337 392 322 554 597 58 124 502 238 477 437 446 34 315 558 344 524 374 321 283 229 517 90 272 430 618 109 625 305 289 358 285 381 312 211 478 479 528 666 408 512 380 442 515 123 395 699 146 344 256 282 506 196 185 383 605 332 262 420 78 551 310 14 212 573 255 429 190 508 584 331 265 45 394 431 282 381 125 553 326 76 248 158 245 417 367 513 530 265 226 233 130 301 472 108 482 504 218 543 208 426 532 633 159 215 551 618 534 278 197 676 596 344 341 392 601 53 364 192 285 285 595 326 266 327 363 459 328 356 572 188 368 46 307 114 377 188 124 564 353 191 290 483 338 400 362 349 330 604 177 532 625 171 268 246 91 186 240 241 204 658 312 141 459 
676 262 361 150 540 117 246 427 260 573 137 75 68 179 290 546 226 167 338 245 563 422 223 568 300 101 529 582 341 538 480 255 149 285 195 257 249 138 364 320 220 354 450 298 352 299 346 175 288 310 272 464 490 373 365 560 481 109 223 532 597 390 339 414 555 561 221 128 449 221 394 385 446 204 132 563 149 575 321 458 315 376 550 199 463 236 547 264 436 116 454 533 330 257 291 74 567 399 341 640 213 355 183 311 579 316 314 667 333 156 443 86 322 138 321 207 608 436 212 319 245 405 115 188 316 418 308 281 155 346 580 503 114 173 495 407 180 184 79 369 149 240 439 275 374 256 364 463 371 461 169 419 307 279 277 159 358 422 198 349 253 391 448 611 356 284 373 637 424 251 261 642 567 248 213 210 597 178 532 81 110 146 541 319 325 488 519 515 270 325 378 384 557 202 482 82 558 366 191 368 156 340 107 571 421 216 418 415 517 615 350 590 619 367 164 324 122 38 49 183 174 476 386 253 271 
868 321 296 183 765 216 203 593 344 780 226 179 288 145 290 760 207 388 543 149 782 647 230 791 493 124 753 790 350 745 705 372 267 287 418 466 435 155 433 247 208 536 674 426 280 447 506 203 511 355 495 672 698 305 321 765 614 274 445 754 799 612 530 639 757 745 426 264 630 440 559 572 653 374 104 767 195 794 514 679 536 594 764 335 655 234 706 398 410 225 666 740 336 408 242 284 792 566 343 826 149 437 169 443 800 481 491 847 483 102 640 186 343 358 419 296 810 661 422 479 396 494 152 380 539 491 332 395 377 419 780 712 291 344 720 606 126 170 263 378 81 447 631 374 596 356 301 644 443 637 188 617 511 234 246 292 487 584 418 309 477 587 605 801 534 509 400 844 560 221 486 822 755 124 373 282 796 342 743 300 258 99 713 532 348 702 735 735 186 244 338 562 750 365 689 287 761 499 304 302 166 556 241 795 646 79 640 639 714 820 557 810 816 544 358 549 292 210 179 395 217 474 611 359 295 
970 121 57 397 758 398 78 425 157 668 180 338 326 154 539 815 88 449 630 129 708 633 469 802 392 280 758 679 599 632 687 559 196 535 421 407 338 368 655 52 452 661 687 250 57 290 658 136 544 587 527 747 594 68 53 648 793 247 493 700 672 639 642 631 841 863 368 215 755 502 705 689 730 279 306 847 405 829 624 626 576 533 816 220 523 478 857 243 675 402 579 632 69 569 36 383 788 710 595 939 406 651 406 621 823 336 624 968 317 332 517 354 586 427 212 498 893 642 508 631 264 705 347 317 521 713 83 586 436 638 869 612 425 267 704 701 169 407 268 628 295 386 501 188 554 555 57 768 664 477 143 501 427 43 504 209 668 733 478 574 500 689 759 909 396 517 643 914 736 65 496 944 867 156 525 492 886 257 645 382 413 222 848 602 91 619 656 765 94 62 604 420 608 266 585 299 640 308 186 573 388 498 404 793 647 349 666 655 584 896 470 839 909 402 473 552 254 274 305 479 138 732 619 189 533 
632 607 652 223 700 238 541 766 611 849 478 293 400 463 81 611 532 384 410 504 801 620 148 695 624 340 675 855 22 820 668 166 500 84 469 563 586 251 97 603 167 344 603 653 638 650 281 496 473 55 466 515 771 663 669 843 308 464 421 754 883 542 363 606 567 506 540 481 406 398 323 379 497 553 311 579 217 665 359 694 477 643 618 554 774 141 425 618 97 238 727 811 659 226 587 326 717 330 31 582 222 117 212 199 687 661 308 589 683 288 750 277 33 367 675 155 611 637 358 268 598 161 274 526 556 140 643 161 384 97 577 779 275 524 676 438 450 211 434 16 325 555 753 629 622 141 656 419 107 791 484 725 616 576 127 514 217 335 395 94 469 413 341 567 690 505 29 657 271 553 490 566 523 486 238 146 590 531 802 348 253 396 456 430 661 751 771 627 541 603 91 716 862 553 766 428 845 719 545 133 230 615 249 718 599 292 563 576 817 630 649 687 602 702 300 534 477 384 332 353 502 121 567 608 86 
619 487 546 111 621 116 431 645 489 742 358 174 278 353 74 559 420 275 342 401 703 529 63 626 505 227 600 749 111 712 581 104 379 69 355 447 465 142 149 498 86 297 524 530 533 527 248 380 378 80 369 463 663 557 560 735 332 341 319 660 774 460 307 516 531 492 421 359 380 299 300 336 444 430 206 542 103 607 297 595 388 536 565 431 659 67 434 495 210 116 620 704 543 161 479 206 642 307 112 573 145 151 117 170 624 539 254 587 560 189 636 158 90 254 553 41 580 545 262 225 475 208 161 404 452 208 526 119 273 133 547 671 156 401 591 387 342 116 311 137 224 437 637 507 518 78 550 394 159 672 369 610 500 467 98 392 210 320 291 144 367 363 336 552 570 403 141 622 280 443 386 563 506 388 150 24 562 408 696 228 131 288 451 352 544 647 670 560 437 499 166 596 749 431 657 305 736 596 423 177 124 506 126 644 513 214 484 493 705 595 535 627 578 581 195 436 354 262 212 250 385 244 478 485 45 
796 180 243 208 635 202 126 429 193 620 62 142 158 59 354 659 109 279 456 127 630 512 284 669 332 92 628 630 413 584 569 362 103 350 282 311 272 181 459 200 270 475 550 266 232 283 466 65 393 395 376 581 538 255 250 604 597 115 332 608 637 494 460 506 672 682 270 100 570 335 515 506 563 210 129 680 214 683 442 532 422 442 662 172 492 294 667 236 497 206 510 581 228 374 173 195 664 520 410 761 236 455 225 424 684 316 435 787 320 159 477 158 398 252 267 302 726 524 331 438 232 508 157 221 400 517 212 388 266 442 699 554 231 180 586 526 65 226 112 442 127 291 468 220 450 358 246 584 468 472 54 455 352 160 326 127 471 542 311 400 353 511 567 731 369 379 454 752 540 133 356 763 688 135 331 298 716 178 586 199 217 65 662 435 230 547 582 621 150 204 431 398 587 201 530 144 600 339 142 407 202 404 207 668 517 200 522 516 551 732 399 696 738 379 285 418 132 85 108 302 71 548 484 202 345 
588 427 508 103 550 69 391 564 425 660 299 126 200 314 156 504 375 193 283 371 623 452 115 560 423 191 531 666 193 629 506 96 314 151 272 363 384 128 199 462 130 257 453 457 496 451 223 329 301 150 290 410 579 519 517 652 337 271 239 581 691 389 257 440 486 463 339 293 348 221 276 294 390 353 185 497 90 548 244 515 314 453 509 360 575 127 423 422 292 62 537 621 491 125 438 125 573 282 195 545 172 191 131 163 561 459 212 564 482 181 552 111 171 171 484 46 538 468 186 196 400 242 134 325 371 254 470 122 190 181 506 589 73 326 517 337 307 132 240 217 207 354 553 439 437 92 511 363 206 589 320 527 416 426 168 323 210 300 211 225 287 315 322 521 488 323 214 576 281 399 304 540 474 363 94 58 522 334 614 146 55 256 430 286 488 564 588 497 404 464 249 514 665 355 573 229 652 520 356 256 121 423 59 575 438 226 414 421 621 551 452 567 540 500 116 357 281 199 158 171 332 321 403 417 128 
500 617 696 266 588 255 580 722 613 767 491 315 379 502 179 485 565 324 299 555 707 522 217 577 576 376 562 772 147 742 565 102 503 179 411 509 548 297 38 649 241 222 495 637 683 626 156 521 384 102 382 391 695 707 707 765 182 458 344 657 805 438 246 508 437 374 495 481 275 320 193 255 374 529 360 449 256 542 247 604 381 566 493 545 711 217 296 603 214 251 649 732 682 135 627 302 603 200 158 450 301 15 275 84 566 627 193 458 654 346 686 299 135 316 669 156 480 539 279 150 578 51 312 494 476 66 662 78 327 35 446 700 248 505 571 315 493 274 427 144 380 506 692 626 540 99 699 288 33 739 511 662 560 615 227 511 86 203 324 223 391 291 209 435 645 423 113 526 140 589 413 435 391 543 168 165 458 514 719 317 245 440 324 326 679 668 684 509 589 651 224 668 793 533 690 411 768 695 544 263 281 544 251 603 498 371 455 471 748 499 586 564 470 657 241 446 466 391 349 285 523 197 468 604 159 
559 604 779 706 189 656 715 345 568 111 601 648 514 697 795 362 691 449 429 757 18 200 754 248 332 680 219 105 818 127 167 651 562 790 388 336 390 708 758 769 763 518 245 483 782 440 580 649 345 763 352 400 139 789 755 131 687 533 402 67 151 289 486 215 447 549 378 554 531 421 573 500 404 453 713 441 698 316 480 126 342 206 356 511 231 766 636 482 915 648 145 119 681 594 735 545 204 570 824 570 781 735 743 638 283 393 533 609 421 737 223 652 795 476 533 679 468 184 460 577 461 744 689 429 272 778 653 661 455 744 473 121 575 476 169 446 711 744 538 834 730 357 244 541 208 677 778 530 756 302 657 230 301 725 809 539 651 587 430 865 354 464 608 541 337 318 817 444 659 704 337 597 533 775 580 697 482 483 94 523 613 706 587 398 656 106 68 285 758 778 886 321 207 466 148 512 144 451 548 897 719 244 627 208 228 797 280 259 188 449 255 304 501 335 526 284 517 590 630 470 635 918 255 536 765 
257 662 823 573 132 524 725 534 634 410 595 546 457 675 607 55 701 339 197 743 309 174 591 97 429 603 101 408 609 404 162 444 571 604 345 379 458 589 520 795 609 259 98 584 819 546 325 648 224 552 241 95 377 835 812 421 393 522 284 254 454 127 238 165 131 231 408 553 233 285 297 227 108 498 622 127 562 69 244 254 194 301 54 554 450 601 324 565 694 515 339 393 749 382 761 440 132 292 618 258 648 496 607 402 85 512 293 297 549 634 427 542 589 369 638 501 163 178 303 334 533 486 580 454 258 522 719 442 352 511 160 369 439 501 152 166 681 608 509 616 644 396 446 620 262 472 824 228 514 515 649 414 389 749 637 557 397 302 308 673 266 191 316 227 481 250 591 159 380 722 270 282 216 751 390 522 171 513 368 426 477 653 272 195 730 328 318 33 760 802 686 484 484 510 379 476 431 593 583 712 590 317 494 131 142 690 102 119 446 152 371 88 194 487 373 218 513 534 548 329 638 678 156 605 577 
790 90 250 328 564 304 174 286 73 497 82 252 166 171 474 625 150 275 453 220 524 439 405 609 210 227 564 508 528 461 493 439 44 469 232 214 151 307 552 230 396 498 494 120 249 139 508 114 356 499 339 563 418 262 236 479 650 83 311 511 508 448 474 438 657 690 175 61 587 325 549 521 547 88 267 662 330 637 456 436 388 343 627 31 359 416 697 90 620 305 397 459 175 431 196 241 595 553 527 762 373 543 353 489 630 176 466 794 175 298 348 267 510 260 132 397 709 448 339 482 91 590 281 124 328 606 146 465 264 534 686 435 293 74 511 524 189 355 114 556 270 193 336 86 361 444 250 599 559 331 126 328 240 185 454 30 533 577 302 528 312 515 604 730 233 325 562 726 594 163 305 770 691 242 387 399 703 63 468 230 298 210 681 421 160 436 473 572 217 239 558 260 452 75 409 134 473 194 7 541 328 307 296 599 453 345 474 462 420 710 285 646 727 241 321 359 78 159 213 312 99 664 426 64 458 
496 566 651 229 549 211 534 666 560 717 440 269 325 457 174 459 519 268 259 513 660 476 193 542 521 333 524 722 161 690 521 48 451 172 356 454 493 259 82 604 217 192 454 582 639 570 131 472 334 105 331 363 643 662 660 713 203 404 291 611 753 395 211 462 419 368 440 429 261 267 178 228 345 474 321 431 218 513 208 555 334 514 466 491 657 196 304 548 245 205 597 681 633 83 581 248 565 185 170 448 275 63 244 48 535 571 156 460 598 311 632 254 142 260 615 116 465 493 226 115 522 102 271 438 424 122 611 23 272 67 431 648 194 450 528 286 449 244 373 167 342 450 638 572 489 55 654 274 83 684 463 607 505 569 216 457 80 194 270 231 339 261 207 429 590 372 143 510 150 543 360 436 383 503 112 130 445 459 669 262 194 398 323 282 629 618 635 475 546 607 239 613 740 478 638 357 716 639 491 271 246 491 202 566 453 342 413 428 695 483 532 534 459 601 185 396 412 340 302 230 474 241 422 550 147 
691 383 555 580 349 536 507 112 347 164 409 510 368 505 700 489 484 362 441 556 222 260 644 411 136 521 366 175 738 128 283 590 367 695 276 183 194 573 710 552 647 526 335 255 560 214 573 450 317 691 312 480 96 564 529 144 708 354 339 237 172 335 492 270 558 638 214 366 578 364 588 525 474 256 560 557 576 467 479 189 336 139 487 305 29 657 697 262 838 531 105 128 454 547 519 427 377 587 742 685 648 692 615 604 443 168 521 724 190 588 13 518 716 377 302 591 597 255 404 559 247 718 549 250 221 747 427 608 361 694 589 114 473 285 298 490 522 617 370 761 571 195 12 316 178 610 554 583 712 81 461 22 130 511 700 342 632 610 359 768 295 498 636 653 108 269 752 590 665 494 273 705 629 578 517 605 603 288 145 403 502 530 659 400 428 137 171 412 550 562 794 86 123 266 88 354 136 215 342 793 589 144 512 382 293 645 346 323 85 586 97 465 626 103 447 264 336 430 481 398 435 860 292 316 674 
701 454 489 72 680 112 378 650 462 774 327 149 282 302 82 631 371 314 412 340 746 579 20 690 518 181 661 782 143 742 634 185 355 78 383 466 470 93 222 439 4 375 583 517 474 521 330 338 429 144 417 536 692 499 507 765 415 328 365 706 803 519 381 567 608 574 435 339 461 349 382 414 517 426 150 619 73 677 370 637 444 570 637 416 677 22 517 482 223 118 652 735 499 238 424 224 703 389 138 655 64 228 50 254 691 539 331 670 555 125 656 136 132 288 531 111 659 595 316 306 467 285 119 409 492 280 486 203 309 209 626 703 188 395 645 462 287 49 300 172 162 453 655 484 557 162 493 475 233 682 325 631 519 414 54 372 293 403 336 128 411 438 419 634 577 447 190 699 364 392 427 646 587 323 219 91 641 400 730 247 151 234 534 416 504 682 708 627 377 439 158 605 771 424 686 303 764 586 400 145 72 536 138 705 567 135 544 551 728 673 558 696 658 589 244 483 343 243 186 298 346 276 532 463 83 
537 699 765 330 669 330 650 815 698 859 571 389 468 572 208 553 638 417 383 619 796 611 266 653 670 446 641 863 154 834 651 192 587 210 505 603 641 361 74 716 288 300 578 726 751 716 234 597 476 141 474 462 787 776 779 857 202 543 438 745 897 524 328 596 495 416 589 566 334 414 258 328 447 620 424 507 321 612 331 694 471 659 560 632 805 262 322 692 172 327 741 824 760 229 697 390 681 264 164 486 347 86 329 175 639 719 278 486 745 405 780 373 155 409 756 231 532 627 373 234 667 69 380 585 569 33 741 171 421 92 498 792 336 594 655 389 561 329 512 133 441 599 786 712 632 182 768 344 68 833 586 755 654 686 256 596 161 259 418 223 485 365 256 476 739 516 102 581 183 661 506 466 436 604 262 234 509 603 811 407 328 507 361 413 759 760 774 585 656 717 211 762 887 622 783 499 861 786 629 258 342 638 331 682 584 418 539 556 841 553 680 635 517 750 334 538 553 472 426 378 601 128 556 690 200 
324 560 714 453 201 404 612 478 534 416 483 425 341 559 496 159 588 220 88 627 335 154 475 200 353 482 177 418 503 400 183 335 461 492 238 292 369 468 424 683 491 171 108 496 709 461 236 534 114 446 131 95 361 726 705 421 339 411 167 281 459 62 141 139 188 248 314 442 190 165 224 151 84 400 501 192 442 190 140 245 82 254 162 452 415 485 306 472 593 394 317 389 646 273 649 320 218 221 511 305 529 401 488 304 201 433 193 341 470 513 390 421 482 249 547 386 238 168 183 237 440 401 459 354 181 436 617 337 233 413 219 360 318 398 185 101 564 489 395 514 523 306 405 524 215 363 715 193 420 470 535 371 316 637 523 449 308 239 189 563 159 116 261 272 414 153 491 256 310 610 168 320 241 633 275 406 235 411 369 306 357 533 266 75 629 321 324 136 645 690 578 424 471 411 360 362 428 516 478 601 470 255 374 219 121 569 69 89 427 239 311 207 259 422 252 135 403 416 427 208 526 585 104 507 465 
403 566 677 292 445 257 560 614 554 632 449 306 313 488 276 351 541 221 156 551 567 381 279 435 469 374 419 636 269 608 422 114 450 273 304 399 452 318 180 634 301 84 352 558 666 538 33 490 250 212 251 254 563 688 680 631 170 398 223 516 671 295 104 367 314 276 394 427 162 199 86 121 237 447 373 326 279 405 103 466 243 436 358 476 589 285 235 525 352 249 517 598 641 64 606 245 460 92 278 358 353 157 316 61 427 530 50 375 562 370 563 294 249 224 597 187 363 398 162 8 496 162 322 405 346 196 617 104 229 170 329 566 202 428 428 177 484 317 370 275 395 400 572 559 406 141 679 177 176 625 484 539 446 594 313 451 71 111 210 337 266 153 134 335 539 294 249 405 115 566 288 350 289 546 103 207 344 439 584 250 222 438 240 184 633 533 546 368 580 638 346 559 665 453 559 345 635 606 485 376 310 419 236 461 355 414 311 328 620 379 465 426 360 549 158 311 401 353 330 179 489 341 327 537 246 
702 403 445 23 654 72 332 601 411 733 276 99 235 255 130 617 323 280 396 298 710 548 60 668 471 132 637 741 190 700 604 193 304 126 343 422 422 43 254 396 47 371 557 465 431 470 333 288 399 180 387 524 651 456 461 723 433 277 334 672 761 494 372 537 601 576 389 288 461 320 386 409 505 377 103 612 30 659 359 602 417 530 623 365 632 69 528 432 273 80 612 693 451 237 379 183 678 393 186 658 58 257 17 264 672 490 326 676 505 84 612 87 176 252 480 116 653 564 290 307 416 314 68 361 456 313 436 215 273 239 621 662 156 345 617 452 242 18 250 219 119 408 609 433 520 175 449 476 264 634 276 586 474 368 105 321 307 409 305 179 377 430 428 634 529 413 233 691 379 345 392 651 588 283 209 100 637 350 690 206 117 188 540 396 454 643 670 607 334 396 209 557 726 374 644 255 722 535 349 195 22 496 101 680 538 113 520 524 684 666 515 678 655 541 219 450 292 192 135 270 296 324 503 412 123 
649 241 377 231 472 191 271 348 227 488 143 160 20 221 362 499 247 127 308 288 481 350 300 506 216 180 464 496 409 453 408 295 128 357 119 171 168 223 413 343 300 345 387 240 370 231 354 194 231 371 213 426 404 389 371 475 497 75 173 453 511 331 324 344 520 543 135 107 437 181 396 370 409 133 215 526 228 521 305 378 261 293 502 150 378 313 545 205 507 187 369 447 322 279 310 96 501 399 410 618 298 401 266 339 521 241 313 648 262 241 358 168 388 108 273 266 573 363 188 329 181 444 200 107 240 463 295 319 114 395 548 417 150 107 424 380 229 267 54 435 231 155 354 232 294 304 378 449 418 379 194 333 221 297 355 125 382 423 157 426 190 368 451 587 275 215 434 596 441 270 192 623 546 298 236 274 565 117 448 80 167 211 530 281 310 404 436 458 305 350 454 303 472 136 397 21 473 300 158 448 239 256 172 505 354 300 359 353 431 577 265 534 588 287 168 255 75 91 133 160 186 541 321 211 340 
688 715 746 329 799 351 639 882 721 962 587 403 516 563 182 695 632 500 509 596 910 727 252 788 741 443 773 968 127 934 772 276 612 186 585 680 703 355 173 696 266 433 705 768 731 766 367 600 582 170 577 602 885 756 766 957 353 578 534 862 997 646 458 713 642 567 657 594 480 511 401 466 585 669 411 654 326 753 457 804 584 757 703 668 890 242 473 733 45 353 841 925 761 332 684 443 814 407 128 637 311 197 312 293 778 777 403 637 799 385 866 388 148 483 788 272 681 744 470 361 714 214 379 643 668 179 748 265 500 184 647 892 392 640 779 526 548 311 548 101 422 672 869 741 734 253 750 491 178 908 587 841 733 674 213 627 296 406 509 145 582 502 405 627 807 617 110 729 331 653 603 617 586 576 350 262 658 647 915 465 369 495 512 533 766 864 883 721 634 695 117 833 978 669 880 544 959 834 656 161 333 730 365 815 704 375 664 679 933 702 765 775 667 819 415 644 591 496 442 467 608 28 673 720 197 
586 455 531 111 567 90 414 594 454 686 327 149 231 337 130 512 400 219 293 391 647 472 102 574 453 212 547 692 163 655 525 78 343 126 300 393 415 140 170 484 120 257 469 487 518 481 216 355 322 120 312 417 606 542 541 679 321 301 262 603 718 406 262 460 489 460 369 322 345 243 269 295 397 384 200 500 99 558 250 538 333 479 518 390 604 111 412 452 263 85 563 647 517 121 461 155 588 276 166 541 170 164 132 148 573 490 212 559 513 192 581 133 141 198 514 16 540 489 206 191 430 217 150 355 395 226 498 102 217 152 508 615 103 356 535 342 328 133 270 187 221 384 582 469 462 67 534 360 178 619 345 555 446 449 149 353 193 292 234 200 310 319 312 518 518 346 184 580 265 423 329 534 472 382 100 33 523 364 640 176 85 276 423 299 515 590 613 509 425 486 223 544 694 385 600 260 679 550 385 233 128 449 87 590 457 230 430 438 649 554 480 578 540 530 138 380 311 228 184 193 358 290 423 447 101 
529 444 543 163 492 122 426 544 436 618 321 169 199 352 203 441 408 153 221 414 574 398 175 500 400 236 472 624 228 589 450 80 328 199 239 336 368 186 200 498 192 197 394 456 532 444 170 358 248 176 239 347 540 554 548 612 298 279 191 530 651 331 195 386 425 405 317 305 290 170 222 234 328 348 237 435 151 486 182 466 258 412 447 365 544 185 372 421 327 113 496 580 514 74 472 122 514 228 233 487 234 186 194 127 500 446 152 508 473 238 520 157 205 139 489 88 477 415 131 142 396 228 187 312 325 247 492 103 154 183 445 548 70 323 461 275 348 194 249 247 260 330 523 446 392 94 545 304 204 565 351 495 388 460 224 333 173 248 164 273 239 253 271 462 468 275 237 514 241 432 259 483 416 409 34 108 461 333 571 136 85 300 375 225 509 521 542 435 444 502 294 492 631 351 534 231 613 513 367 308 182 384 99 516 382 286 355 363 586 489 419 505 480 479 68 307 286 222 193 122 358 344 348 424 173 
148 795 927 563 403 526 814 756 776 676 694 573 548 747 528 234 793 430 255 812 579 420 544 357 625 640 372 675 502 665 427 379 684 526 485 560 632 589 389 888 567 214 351 755 919 725 237 740 375 453 388 194 632 939 926 684 188 631 398 524 720 336 232 406 149 41 574 663 119 381 184 185 197 650 642 160 550 294 250 510 347 531 242 693 692 549 72 727 558 518 589 654 878 335 858 494 399 177 512 97 622 369 586 311 329 702 255 105 739 641 667 561 488 448 803 456 161 430 367 264 695 330 592 604 458 362 851 362 442 390 135 627 463 641 420 188 746 587 607 496 665 570 683 773 492 403 929 106 379 748 736 649 590 845 571 679 275 161 403 577 414 191 147 89 689 422 464 211 214 817 431 81 61 810 370 475 137 653 631 492 489 702 31 292 865 587 582 304 839 893 578 701 742 660 632 577 693 785 711 617 581 533 504 397 385 684 328 352 700 186 589 315 136 698 404 412 629 605 592 395 736 517 379 753 501 
129 850 982 612 438 578 869 807 831 717 749 625 603 801 570 265 848 485 310 866 618 466 591 387 678 692 407 716 540 708 468 427 740 569 540 614 686 639 426 943 614 268 394 810 974 779 287 795 428 494 441 240 677 994 981 727 217 686 453 563 762 384 287 453 179 81 628 718 174 436 234 240 245 705 694 187 600 321 305 554 400 580 272 748 740 595 98 782 590 569 636 697 933 385 913 549 431 228 551 80 670 407 635 357 357 756 309 68 792 692 715 613 528 503 858 504 175 475 422 314 750 364 643 658 509 393 906 408 497 429 157 672 516 696 460 242 799 635 662 533 716 624 732 828 541 449 984 161 416 798 791 698 642 900 615 734 319 210 459 616 468 246 191 93 742 475 500 220 253 872 484 52 92 863 422 522 153 708 674 547 541 755 82 347 920 631 624 340 893 948 615 752 786 715 678 632 736 838 767 656 630 583 556 428 431 733 375 399 746 199 640 340 143 750 458 463 684 659 645 450 791 545 427 808 545 
511 399 567 428 248 378 480 290 369 294 354 372 242 445 523 323 455 174 225 510 259 123 478 292 163 408 247 300 551 266 179 391 321 518 112 110 188 430 507 545 486 309 179 315 566 277 358 406 101 499 97 285 218 579 552 289 492 280 133 224 329 145 276 121 374 438 143 307 366 157 371 310 275 233 439 376 420 324 262 151 122 90 323 291 242 490 486 296 650 370 173 257 485 341 510 268 278 371 556 495 503 487 465 394 314 245 305 532 282 461 216 374 529 199 368 408 420 134 198 345 265 508 412 192 11 538 456 405 178 491 405 225 299 242 196 280 456 466 277 570 457 128 227 353 70 414 568 372 507 287 410 194 125 499 533 303 420 394 159 592 85 285 421 462 224 54 557 427 449 474 64 511 432 524 317 425 421 253 247 245 335 442 451 184 465 197 221 260 519 553 615 234 317 246 213 247 292 327 324 623 441 71 349 283 137 521 167 150 272 416 125 331 445 232 255 55 267 322 356 200 394 662 113 339 494 
286 673 794 416 416 381 679 679 657 650 563 430 421 609 384 281 659 311 168 672 568 387 397 389 538 497 386 651 363 632 414 232 559 382 382 469 533 442 255 752 420 89 336 649 784 624 90 607 293 311 301 196 591 806 795 653 106 506 293 513 692 295 120 372 222 158 474 536 61 272 38 84 184 540 497 234 403 342 136 479 273 474 289 576 634 402 114 618 430 373 545 621 752 188 724 359 423 32 373 238 475 233 439 164 371 609 119 253 643 495 608 417 348 324 693 309 262 402 247 117 588 205 446 495 388 241 726 215 322 253 228 591 322 526 414 134 606 439 479 362 519 475 621 658 438 256 796 71 247 681 601 587 509 711 426 557 133 15 291 437 324 117 27 219 607 342 331 310 90 683 344 228 174 668 226 327 240 537 602 361 345 560 116 209 742 553 558 323 701 757 441 623 699 548 589 452 660 689 590 477 434 465 360 422 355 537 301 323 655 282 518 365 252 617 269 345 506 470 451 272 604 400 336 638 356 
573 322 490 379 326 331 403 258 293 331 277 315 177 370 489 394 378 147 262 434 318 201 437 370 115 343 325 339 524 298 256 376 244 484 61 46 120 377 496 467 442 335 255 247 488 212 372 329 139 476 126 345 249 501 475 321 514 205 133 291 359 214 303 199 437 490 67 231 405 157 396 343 332 157 377 440 372 399 287 215 169 131 394 214 243 449 525 224 625 325 210 291 409 335 432 219 356 397 528 554 451 478 415 393 391 188 320 589 224 401 220 320 502 163 299 378 486 211 194 354 192 507 356 115 89 535 379 394 146 479 468 260 261 165 274 326 382 417 205 546 394 57 223 279 133 395 490 414 498 270 334 194 90 421 493 225 425 421 147 557 100 325 449 521 184 96 537 497 465 396 83 567 487 449 303 392 484 175 288 196 293 371 496 222 389 243 273 335 442 475 582 203 332 170 242 176 321 270 246 585 390 94 305 361 214 462 239 225 287 483 118 408 508 194 232 123 190 254 294 185 317 645 188 264 462 
398 625 797 630 28 579 713 432 592 263 587 587 469 678 695 198 688 373 297 743 157 110 665 91 361 632 55 260 708 262 53 539 554 691 340 333 406 639 633 776 679 379 101 524 796 481 445 639 251 651 264 241 246 808 779 277 536 514 317 105 307 162 351 117 283 385 371 541 377 330 429 355 248 460 659 277 621 156 349 134 234 215 193 519 331 676 476 512 800 571 218 252 709 478 742 478 54 425 715 406 707 610 667 513 126 440 403 445 475 677 313 586 686 403 578 581 305 98 363 446 484 610 625 423 222 646 680 543 383 622 309 234 494 473 36 297 688 668 509 720 679 353 334 571 187 566 797 374 630 402 644 306 321 731 717 535 518 439 346 764 279 318 457 377 396 247 699 284 514 706 270 433 370 756 473 601 318 483 225 458 533 671 426 274 687 195 175 121 753 785 781 390 346 473 250 478 288 514 554 800 646 245 549 59 112 737 142 129 313 288 288 147 338 398 434 207 500 550 578 381 627 794 147 561 664 
257 638 795 529 169 481 694 533 612 431 565 506 424 641 561 76 670 303 151 709 336 179 546 143 418 564 138 430 562 421 182 397 543 557 317 363 441 546 472 765 564 212 107 568 791 531 278 617 194 505 211 54 390 807 785 440 351 492 250 280 475 110 191 167 121 207 388 524 191 248 251 180 63 476 581 121 518 114 197 267 163 301 80 530 456 555 290 546 646 472 349 410 725 335 731 401 174 246 570 247 604 449 563 355 132 500 246 286 537 592 432 500 541 331 621 455 165 188 262 286 514 439 538 431 244 476 696 394 315 464 152 384 397 477 177 120 646 564 477 569 603 378 450 600 261 425 796 188 467 518 617 417 379 719 591 530 350 257 271 626 238 144 273 215 475 227 544 176 335 691 245 268 195 716 344 476 167 489 386 388 435 616 241 153 707 343 338 76 728 772 639 480 499 488 391 444 449 582 557 665 547 311 452 174 144 648 92 114 459 161 367 134 191 481 330 201 484 499 509 289 608 631 148 584 530 
341 755 858 445 538 422 741 793 744 775 636 479 503 666 370 393 724 408 290 725 693 513 405 507 649 545 508 777 332 756 539 257 639 370 488 580 638 475 217 813 429 203 461 747 847 726 165 674 411 293 417 315 715 870 864 778 21 588 402 639 817 421 237 498 320 227 580 616 178 379 141 209 306 637 536 333 433 455 250 604 394 596 401 666 755 406 124 715 372 416 669 746 829 242 788 432 543 142 342 289 489 202 459 190 486 716 215 287 748 526 729 464 323 414 787 331 348 527 347 188 685 151 486 594 508 176 805 232 417 224 317 715 385 619 539 260 660 459 559 320 557 584 740 749 561 271 860 182 206 798 667 707 623 775 418 641 143 121 394 407 438 243 98 284 719 460 287 398 75 748 459 267 248 716 286 345 324 630 727 440 398 610 169 330 822 678 683 443 757 816 402 737 823 643 713 535 784 793 674 446 461 585 409 542 481 558 426 448 778 372 636 477 328 729 348 467 591 537 507 367 674 326 461 728 350 
548 396 502 162 474 112 387 495 387 579 276 144 148 316 237 442 367 112 222 380 542 372 195 488 351 209 456 586 269 548 427 131 279 232 194 288 318 177 251 460 207 218 377 404 492 392 205 316 222 221 210 351 499 514 506 572 341 230 158 501 611 313 209 360 435 428 268 257 314 142 254 252 332 296 217 445 151 481 193 433 237 372 447 314 499 206 406 370 369 103 456 540 469 118 432 73 498 259 273 509 238 237 197 175 492 395 176 533 421 225 475 135 246 92 438 123 488 388 110 178 344 279 171 261 289 299 445 154 110 233 458 508 31 272 438 284 314 198 200 291 240 281 477 396 356 144 505 328 256 517 310 450 341 419 249 283 220 281 130 306 205 265 307 482 418 242 283 522 284 391 223 508 436 378 74 139 474 282 533 85 66 270 403 216 462 483 507 427 408 464 329 443 587 300 493 180 573 462 317 337 179 343 83 500 360 279 339 344 543 498 374 499 495 430 39 277 236 179 159 91 315 391 325 374 208 
375 637 743 342 479 313 626 683 626 688 519 367 385 553 296 362 608 293 201 613 616 431 315 461 539 434 451 691 273 666 466 153 521 294 374 469 524 370 166 699 338 112 391 630 732 610 53 558 311 222 314 270 622 755 748 689 99 470 292 563 728 341 144 416 309 247 466 498 147 268 67 137 255 520 429 322 330 421 152 519 299 498 369 548 653 318 182 597 341 306 576 656 711 125 673 314 490 73 284 326 395 143 361 82 447 602 105 337 634 423 628 353 258 297 670 230 351 447 233 72 569 122 378 478 408 158 687 132 301 163 317 624 269 501 469 197 547 361 441 272 451 471 637 631 466 173 745 159 158 692 551 605 514 660 339 522 43 75 280 347 332 174 85 309 609 357 241 398 42 632 353 313 264 606 169 247 330 512 640 322 284 499 201 236 704 589 599 393 644 703 351 628 727 526 619 417 694 678 556 387 359 483 297 490 402 460 353 372 682 371 532 443 342 619 230 370 473 421 394 251 557 316 377 610 269 
750 346 377 64 670 98 265 567 357 721 222 78 216 189 195 650 258 290 430 229 708 557 126 690 447 73 656 730 256 687 615 253 255 191 338 405 393 34 322 328 109 417 576 420 363 430 386 227 414 248 399 560 638 387 394 709 495 238 347 675 745 513 414 548 642 626 369 242 511 338 439 454 540 341 37 652 75 688 399 601 436 523 655 320 610 134 586 387 334 107 602 681 387 288 311 185 696 446 251 707 72 324 63 323 697 454 373 728 465 17 591 78 243 260 429 177 695 572 314 359 376 381 39 333 457 381 374 276 281 307 664 651 179 309 628 491 174 64 215 285 50 389 586 381 518 238 381 525 332 605 214 567 455 301 162 275 368 464 319 235 385 471 485 682 499 419 301 730 440 279 397 703 636 214 254 165 680 312 680 206 142 121 593 423 392 635 665 632 266 328 266 528 705 336 631 228 707 492 299 243 48 487 125 699 552 73 540 542 665 706 499 705 699 510 246 459 255 154 100 289 236 389 517 362 191 
683 397 570 588 338 543 520 126 361 150 421 518 377 517 706 480 497 365 438 569 207 252 651 400 146 531 355 161 743 114 272 594 379 701 280 189 205 581 713 566 654 524 327 270 575 228 573 463 316 695 312 473 81 579 543 130 706 365 341 224 159 329 490 263 551 632 222 377 574 365 586 522 468 268 569 549 583 457 477 178 333 134 477 318 27 664 693 276 843 538 92 114 468 549 533 433 365 585 747 678 656 694 623 605 432 182 520 716 204 597 2 526 721 382 317 596 588 246 406 559 260 719 558 260 219 749 441 611 365 696 581 99 478 296 288 486 534 625 380 765 581 203 24 330 173 613 568 579 714 92 473 24 137 525 707 354 633 607 361 774 296 494 634 645 122 269 756 581 664 507 274 698 623 591 520 610 595 300 130 410 509 541 654 398 443 123 157 402 564 576 800 101 114 278 73 363 123 230 355 800 597 143 519 370 285 655 339 316 74 577 100 454 618 117 451 261 347 440 490 401 448 863 286 330 680 
279 601 750 460 231 413 644 532 577 466 516 442 372 587 487 141 621 248 79 655 380 204 474 215 404 502 202 467 488 451 226 323 498 483 280 342 417 478 400 717 492 140 148 543 744 510 206 567 159 431 174 53 414 762 743 472 294 446 200 325 509 114 117 189 146 195 361 478 139 193 185 112 36 444 517 153 449 187 123 296 128 308 146 494 469 483 253 518 573 404 370 440 686 261 684 340 242 181 496 256 534 376 493 282 206 484 172 291 521 526 444 435 467 275 594 382 199 217 200 213 486 370 472 398 234 406 658 320 261 391 175 411 330 440 225 53 591 494 428 495 539 355 459 569 269 351 751 141 395 524 566 425 368 671 518 488 279 195 217 552 202 74 215 223 467 202 470 225 270 643 215 269 189 659 272 403 192 453 419 330 367 557 212 92 671 372 373 147 676 723 565 477 523 455 413 395 479 567 518 591 478 309 384 242 170 580 114 137 480 204 365 207 215 475 263 188 440 443 448 228 560 559 157 551 456 
327 630 797 586 63 536 705 475 600 336 576 551 446 662 638 124 680 337 230 729 235 116 614 65 382 602 34 334 646 331 90 477 547 634 323 339 417 599 565 772 629 306 53 541 794 501 373 629 214 588 230 160 306 808 782 348 457 502 280 180 380 113 280 112 205 305 373 531 297 288 352 279 168 464 625 200 576 98 281 184 190 244 119 522 384 624 395 525 735 527 271 320 716 415 737 442 76 348 653 331 663 541 622 445 83 463 334 370 500 640 362 548 624 367 595 526 233 116 314 377 495 537 587 422 219 573 687 479 348 554 233 298 450 472 79 220 670 623 493 656 646 359 382 583 208 505 797 294 560 452 631 351 341 726 663 531 446 361 307 705 251 242 378 300 427 226 633 220 437 700 248 356 290 739 416 547 244 483 295 425 489 647 344 214 696 257 245 44 742 780 721 427 412 477 309 460 358 543 554 743 603 265 506 77 93 699 86 87 376 218 317 101 265 432 386 188 491 526 547 337 618 725 121 569 607 
626 299 472 424 347 379 398 191 266 293 282 355 214 378 543 438 373 210 325 438 301 225 488 397 50 373 351 302 582 258 274 439 243 538 123 26 79 418 559 456 490 401 290 202 473 162 439 330 200 536 189 399 210 483 453 279 580 216 199 285 315 260 369 227 489 549 62 235 469 224 462 408 388 137 410 491 419 436 353 211 228 117 438 196 186 500 589 186 682 374 178 252 383 400 421 270 377 463 585 609 493 542 460 458 423 130 387 645 167 437 164 363 560 222 256 435 536 231 260 421 157 573 396 110 126 600 353 458 207 542 520 224 316 157 292 387 392 461 225 605 424 41 163 245 139 456 472 477 562 204 338 138 26 411 544 220 491 487 213 611 165 388 515 576 118 153 598 542 532 388 145 624 544 456 366 448 536 165 255 246 345 391 557 285 361 216 251 372 440 465 637 136 278 150 202 203 276 212 233 636 434 81 355 382 246 496 282 264 236 531 69 441 560 128 295 170 198 282 329 250 316 705 227 234 518 
684 438 481 52 655 87 369 626 444 749 310 128 258 291 95 609 359 288 389 334 720 554 24 666 493 168 637 756 154 716 608 170 336 90 358 441 446 79 220 432 25 356 558 496 467 499 313 324 403 144 392 514 667 492 497 739 405 307 339 681 777 494 360 542 588 557 410 319 443 324 366 394 495 404 140 599 51 654 348 611 419 544 615 395 652 36 504 462 240 93 626 709 487 219 415 198 678 372 150 639 73 224 43 239 667 516 311 655 533 119 631 114 139 262 512 93 639 570 291 288 445 281 102 385 466 279 472 189 283 205 606 677 162 373 620 440 278 43 278 183 155 428 630 465 531 148 485 458 230 658 312 606 494 404 77 353 281 387 310 149 385 418 405 616 553 421 197 678 352 381 401 630 570 318 197 74 622 378 704 222 125 224 518 392 490 656 682 603 371 432 178 581 746 402 660 280 739 565 381 169 58 511 112 680 542 140 519 525 703 653 533 673 639 565 219 457 321 222 167 273 331 288 507 444 87 
895 209 182 256 740 269 82 501 236 712 146 214 263 50 389 763 89 383 557 33 729 617 322 775 423 147 733 723 450 676 674 435 187 386 387 411 362 225 517 132 303 569 656 326 167 354 553 103 498 445 481 683 632 192 203 695 677 215 437 709 725 599 557 611 774 778 369 193 665 438 604 602 665 298 161 782 266 788 539 633 527 543 766 248 577 329 755 303 521 276 606 673 215 457 122 292 769 609 445 858 252 517 258 502 789 393 527 883 389 182 565 228 439 355 311 365 827 629 431 525 309 573 209 318 504 576 212 461 370 501 799 648 320 272 690 626 39 259 217 479 145 390 553 269 552 425 186 678 527 549 92 544 447 114 351 211 549 630 415 420 458 610 654 829 451 484 497 855 620 100 461 858 785 29 416 356 816 267 680 300 297 82 754 537 228 644 680 726 70 132 450 479 670 287 623 249 689 398 212 417 244 505 284 773 622 192 628 622 638 834 494 802 838 460 380 523 231 187 190 402 118 580 589 257 388 
650 541 585 156 680 176 473 711 546 809 412 228 343 396 21 607 464 342 396 437 768 591 81 681 572 273 658 815 49 779 642 148 436 21 422 514 531 184 134 536 100 341 582 592 571 591 284 429 441 56 433 510 729 596 602 802 341 402 384 724 841 520 355 578 572 522 488 418 415 364 333 379 492 494 244 584 151 658 347 660 450 602 613 492 726 74 452 557 144 177 687 771 592 210 520 272 699 340 47 602 157 147 145 201 677 604 300 612 624 221 703 213 35 321 612 107 619 608 325 266 538 201 207 470 518 189 576 154 340 125 585 738 224 465 652 433 382 144 373 78 258 504 704 565 584 119 589 429 146 739 417 677 567 509 69 451 231 349 357 81 432 409 360 583 636 468 93 663 296 486 452 589 538 420 209 92 599 471 763 295 196 329 476 409 594 713 735 615 474 536 100 663 816 494 723 369 803 659 481 119 163 573 191 701 574 228 542 553 772 636 602 679 613 648 260 501 415 320 267 315 435 185 540 544 22 
495 547 635 218 535 196 518 645 541 698 422 254 305 442 177 450 502 248 245 498 642 459 188 530 500 319 510 703 171 671 505 30 431 174 335 433 472 248 102 589 212 182 439 562 623 549 125 455 316 114 312 353 623 647 643 694 213 385 271 594 734 379 199 445 413 367 419 410 257 248 176 220 335 453 309 425 206 502 194 537 317 495 456 471 637 193 309 527 259 190 578 662 615 64 565 228 552 183 179 448 269 83 235 44 523 550 144 462 577 300 612 238 151 239 595 105 460 476 206 107 502 122 258 417 405 142 593 5 251 86 427 629 174 429 512 276 434 235 354 180 329 429 617 552 469 47 638 271 103 663 447 587 484 553 217 438 86 194 249 238 319 251 210 428 569 353 158 504 158 526 341 437 382 489 92 121 441 439 650 242 177 383 325 266 610 599 616 462 532 592 248 592 720 457 619 337 697 619 471 277 235 471 185 553 437 334 398 412 675 477 511 524 456 580 165 378 392 322 285 209 457 259 406 530 148 
654 610 650 225 720 245 540 777 616 865 482 298 410 463 79 632 532 400 431 501 819 639 149 716 637 341 696 871 21 836 687 185 506 83 483 577 597 252 118 600 165 365 623 661 635 659 303 497 491 73 484 536 787 660 668 859 329 472 438 773 899 562 384 625 589 528 553 488 428 416 345 401 519 562 311 601 220 687 380 712 496 659 639 562 788 140 447 626 79 246 743 828 660 246 586 338 737 352 23 604 217 139 211 221 708 671 329 610 692 286 765 282 42 382 682 167 633 656 376 289 607 182 275 537 573 159 645 182 399 119 599 795 287 533 695 459 449 210 442 14 323 568 767 635 639 159 654 441 128 803 485 739 630 575 119 520 239 357 411 76 486 435 363 589 702 522 46 679 293 553 506 588 545 482 256 156 612 540 819 359 263 395 477 450 663 768 789 648 538 600 70 728 877 562 782 437 861 727 550 113 231 631 258 738 619 286 583 595 832 652 664 708 624 713 316 552 484 390 336 370 504 115 586 614 91 
621 408 584 554 282 508 523 176 373 157 413 488 347 510 665 419 499 319 378 567 178 189 614 343 139 509 298 166 699 123 214 545 372 661 238 158 198 551 662 574 619 464 265 289 587 246 515 459 257 649 255 410 74 594 560 145 647 350 288 180 182 266 431 200 488 569 197 367 512 313 526 461 405 262 545 487 549 398 418 122 273 72 416 318 90 627 631 287 799 502 49 117 486 497 540 396 311 525 703 615 626 643 591 552 375 200 463 653 230 572 65 495 677 338 340 553 526 185 353 503 266 665 529 244 160 696 458 560 320 646 519 88 437 287 230 423 525 592 360 720 560 176 82 346 110 566 583 517 663 152 468 51 112 531 670 349 577 547 311 734 241 432 573 582 146 212 709 520 605 511 220 635 560 586 471 568 532 293 120 373 470 526 591 337 462 89 126 342 566 584 759 136 160 274 66 339 144 264 356 762 565 89 482 316 223 631 276 253 114 515 66 396 556 146 404 200 333 417 464 352 444 816 223 341 638 
737 558 576 182 763 220 471 760 569 877 433 259 391 397 70 694 467 412 482 426 843 670 111 766 627 285 741 884 96 846 722 235 464 74 487 573 580 201 209 526 113 429 665 626 560 631 372 439 519 139 509 598 796 585 597 869 421 438 459 800 907 602 442 657 660 609 544 448 503 440 420 467 579 537 249 672 184 745 434 734 530 671 701 525 785 99 536 592 128 225 755 838 597 296 515 329 783 427 85 688 143 226 154 289 763 649 388 697 665 220 763 247 105 388 639 183 707 686 403 354 577 276 227 518 590 257 586 242 408 204 673 806 288 506 732 521 381 153 410 114 256 561 762 592 656 206 580 516 220 791 426 738 626 505 56 482 317 435 430 27 506 497 446 670 687 542 145 751 379 486 524 674 625 404 291 163 687 510 832 353 254 329 562 493 604 783 808 700 464 524 56 715 878 534 790 414 869 696 508 37 180 640 244 785 654 203 625 635 834 724 665 765 701 699 334 576 453 353 296 390 449 193 620 572 101 
767 593 601 223 804 263 500 801 605 920 469 299 433 428 110 732 497 455 521 451 886 712 154 806 669 321 782 927 119 889 764 273 501 114 530 616 622 239 233 551 153 465 706 665 585 671 407 473 561 171 552 635 839 610 624 912 445 478 501 843 950 643 480 699 695 640 586 486 536 483 453 503 617 577 283 707 225 783 473 777 572 714 738 564 828 141 562 631 114 268 798 881 628 335 543 372 824 460 109 717 176 253 193 324 802 690 425 725 705 253 806 287 134 431 676 225 741 729 445 389 617 298 265 560 633 275 618 278 451 231 707 849 331 546 774 558 411 191 450 129 287 603 805 629 699 244 605 549 244 833 459 781 669 533 98 520 348 467 473 45 549 534 475 701 729 585 162 786 407 515 567 702 656 429 332 206 720 550 875 395 297 361 591 534 636 826 851 740 489 549 49 756 920 574 833 455 912 735 546 5 219 683 286 826 696 228 666 676 877 759 707 804 733 740 377 619 493 392 335 433 483 185 662 609 141 
457 555 653 247 501 219 536 635 547 674 433 274 307 461 216 411 519 236 211 520 614 430 224 494 489 341 475 678 208 648 474 59 439 213 323 421 465 275 127 608 247 144 406 562 642 546 87 470 290 152 288 315 601 665 659 671 188 390 252 565 711 347 162 415 374 330 410 417 219 227 138 181 297 452 334 386 235 465 159 510 288 473 418 474 619 229 276 528 294 212 555 638 627 45 583 233 517 145 217 411 303 105 267 15 486 544 107 425 573 328 594 260 189 232 597 137 421 446 187 68 501 127 283 413 382 155 604 44 241 114 388 606 182 430 480 238 455 268 360 216 356 419 601 556 446 83 656 233 125 650 462 570 470 570 255 444 61 158 233 276 298 213 176 390 558 330 192 465 131 543 320 401 344 513 87 155 402 440 625 244 193 405 289 234 621 574 590 426 552 611 286 580 700 457 597 340 674 615 478 316 265 451 204 518 406 366 365 380 655 438 494 486 417 569 158 352 396 334 302 195 470 288 376 534 187 
403 493 654 442 192 391 558 395 465 349 428 402 295 512 509 220 533 188 139 579 280 96 477 216 272 451 178 352 526 328 145 358 402 505 176 214 292 452 461 626 490 229 98 420 651 383 287 481 64 470 79 176 286 666 642 350 408 355 131 230 389 41 195 81 266 331 240 385 268 141 288 219 167 329 475 268 432 232 187 179 47 172 221 384 333 488 386 398 621 382 241 318 579 299 592 293 218 286 532 387 519 439 479 342 230 353 238 424 390 492 308 400 504 218 472 394 313 112 174 281 366 449 439 284 98 483 550 365 198 448 297 287 305 332 155 179 519 480 343 540 496 230 323 452 134 384 655 272 459 387 483 289 233 580 529 388 357 307 159 578 100 189 332 354 332 80 522 323 372 554 101 403 324 589 289 414 313 344 300 274 345 495 348 103 561 250 260 168 594 634 597 341 395 341 284 311 356 436 413 613 458 171 361 221 77 551 69 64 350 310 228 243 337 339 245 53 344 375 396 192 471 622 42 436 478 
747 135 285 292 535 264 195 300 121 491 75 215 119 172 436 586 170 230 408 231 508 409 368 576 201 200 532 501 489 455 465 394 36 431 193 191 141 274 508 259 361 451 459 152 282 159 461 123 316 457 299 521 410 297 275 474 603 38 268 490 506 410 428 406 615 645 149 31 541 280 502 475 504 78 241 620 293 600 409 415 348 323 588 51 360 380 651 118 582 264 384 451 218 384 224 194 564 506 488 718 343 498 320 442 595 186 419 749 194 271 346 229 470 213 174 354 667 419 292 435 105 544 248 97 296 561 191 419 217 490 644 425 248 50 482 480 188 321 69 516 247 169 336 130 336 399 286 553 514 341 131 324 225 213 419 19 486 530 257 493 272 470 558 687 238 288 520 686 547 187 267 725 647 249 340 358 661 46 458 183 254 196 635 378 205 422 458 536 235 267 522 266 455 69 401 87 469 222 52 508 294 285 254 569 421 322 437 427 420 669 272 611 684 248 274 324 31 121 178 266 110 624 391 108 419 
836 148 312 472 552 443 284 161 115 410 229 395 285 308 616 651 266 362 519 342 464 434 548 606 169 375 559 421 668 375 479 561 192 611 289 219 142 453 679 315 541 581 502 27 318 50 605 250 401 634 387 607 342 320 283 388 750 217 378 467 410 472 553 438 699 751 200 206 661 398 639 597 594 135 415 702 473 648 535 401 432 313 650 128 262 560 778 62 762 442 336 376 208 542 284 362 582 641 667 816 520 667 499 602 633 89 557 851 57 446 261 409 648 357 54 529 747 438 424 582 86 709 427 176 338 729 183 585 353 661 730 360 417 158 497 586 328 501 247 695 418 205 242 81 344 570 310 671 685 213 263 249 210 279 599 172 643 666 379 673 359 583 694 783 142 358 697 755 696 268 345 829 749 368 500 535 746 150 392 346 430 356 753 481 182 375 412 585 327 325 702 161 344 130 333 254 379 48 149 687 473 285 431 587 458 492 494 477 322 743 241 652 770 145 429 381 204 301 357 403 235 802 439 92 598 
590 422 598 546 254 498 532 205 387 164 418 482 343 515 652 389 507 304 352 574 165 159 603 314 150 506 269 172 684 132 185 527 379 647 226 157 207 544 643 586 609 439 235 307 600 264 491 466 234 633 232 381 83 608 576 155 621 352 269 159 195 237 405 170 458 539 198 372 484 293 500 434 376 270 542 456 540 368 393 95 247 46 386 327 119 615 602 302 784 492 43 125 502 478 552 386 283 499 688 585 619 623 583 531 346 219 439 623 251 567 95 487 661 325 360 539 496 155 334 480 279 644 523 247 137 675 474 542 306 628 489 93 425 293 201 395 529 584 360 704 557 176 113 362 82 549 597 488 644 182 474 81 118 542 659 356 555 521 293 721 221 405 547 552 169 190 692 490 581 521 200 605 530 592 453 555 502 300 121 363 459 527 562 312 478 79 115 312 574 596 745 162 182 282 77 336 157 288 365 750 557 73 471 288 193 627 246 223 136 485 72 367 526 170 388 175 335 415 459 335 452 798 194 355 624 
221 658 807 503 243 457 700 584 635 502 573 490 427 641 516 109 677 304 127 709 409 244 509 212 460 552 212 502 511 490 254 352 555 513 338 399 475 523 414 772 529 158 177 601 801 567 220 623 216 454 232 19 456 819 800 509 279 503 258 353 546 160 146 230 90 142 419 535 118 249 186 121 22 502 565 98 491 167 158 334 185 357 116 552 516 518 217 576 590 448 413 479 744 292 740 392 247 180 520 199 575 391 534 302 194 540 199 234 577 572 492 482 492 329 652 417 144 254 251 234 544 376 518 456 288 412 715 345 316 408 118 452 377 498 250 66 644 535 484 515 587 412 508 627 317 380 808 114 408 574 622 474 423 728 551 546 290 188 273 579 260 90 201 165 521 259 488 174 267 699 272 213 134 712 309 438 135 511 456 383 412 609 169 148 728 411 408 147 731 779 589 530 565 513 456 452 518 623 575 618 521 361 430 246 209 625 152 176 524 151 417 189 158 529 311 242 497 497 499 280 616 569 203 609 486 
720 519 689 718 351 672 648 218 484 64 554 650 508 649 832 518 626 486 528 699 173 310 780 414 280 665 377 72 866 63 305 711 511 827 404 319 338 713 827 689 784 617 377 389 695 351 672 594 416 816 415 535 103 697 660 46 797 499 453 219 35 400 583 324 598 692 355 511 652 477 678 608 534 401 703 594 713 480 573 218 426 230 513 448 119 792 767 401 966 667 149 74 585 662 657 561 372 676 870 725 788 807 754 714 449 306 621 764 322 730 133 657 844 505 431 720 626 298 518 662 389 827 690 394 321 858 560 726 487 812 627 102 604 430 315 564 666 756 514 887 715 335 143 452 259 732 687 655 828 166 604 157 268 650 836 487 738 696 477 901 405 576 721 694 247 373 876 608 760 634 384 749 679 722 637 735 638 433 99 538 636 675 722 490 559 141 149 438 691 699 925 221 37 410 106 496 36 337 485 928 728 255 647 376 344 788 401 377 59 610 226 471 659 239 571 355 481 573 623 518 578 982 358 454 805 
984 201 93 357 804 369 75 510 236 742 203 313 342 129 487 842 100 465 643 67 773 679 421 844 458 247 800 753 549 706 735 535 234 484 455 460 400 326 618 47 401 662 726 331 76 367 649 150 573 545 556 767 666 100 123 723 776 277 516 759 750 673 648 676 859 870 419 248 758 520 700 693 749 337 262 866 366 863 630 684 604 591 845 279 600 428 851 318 615 376 646 705 165 555 65 382 834 705 543 949 348 618 357 601 861 412 621 975 398 281 592 327 538 439 300 466 913 690 518 622 333 674 309 367 566 677 177 561 452 602 886 683 415 317 752 714 132 358 288 577 245 439 577 269 607 526 97 771 628 560 148 574 489 69 447 254 648 726 496 514 531 699 751 919 472 553 596 938 719 86 531 950 876 83 513 457 903 309 716 387 395 182 848 621 187 685 722 800 38 41 543 498 689 324 657 321 716 396 241 508 344 554 383 838 689 283 700 692 661 918 534 875 925 479 472 591 289 273 286 489 161 676 658 265 487 
150 731 875 549 293 506 766 660 708 567 640 545 494 705 544 128 744 371 190 772 469 315 546 249 537 609 262 566 530 557 317 382 625 541 411 475 550 572 425 839 567 190 243 677 868 643 240 690 292 476 307 90 526 887 870 576 256 573 329 414 611 235 191 302 52 71 494 604 111 317 194 152 99 576 618 64 537 189 207 403 261 431 135 625 590 553 166 651 600 497 485 546 815 327 807 452 290 187 540 123 617 402 578 323 223 617 235 158 654 622 565 535 513 394 727 454 94 324 314 260 619 376 570 530 364 411 787 371 383 421 60 521 431 571 311 119 706 579 552 530 641 488 582 701 392 409 876 99 417 649 688 549 499 795 582 617 300 185 341 602 335 135 187 90 598 335 500 139 260 767 348 137 59 773 352 474 75 584 523 445 464 668 113 219 801 480 474 194 795 845 608 607 635 587 527 520 585 700 647 642 568 437 480 288 280 672 224 248 595 112 493 211 94 606 367 319 568 560 557 343 684 571 277 683 514 
568 329 496 382 319 334 409 260 300 328 284 320 182 376 491 387 384 148 257 441 312 194 440 363 118 349 318 335 526 295 250 376 251 486 63 50 125 381 496 474 445 332 248 252 495 217 370 335 135 477 122 339 246 508 481 318 511 211 131 285 356 208 300 192 431 485 73 237 401 155 393 340 326 164 382 434 376 393 284 209 164 126 388 221 242 452 521 230 626 328 206 288 416 334 439 222 350 394 530 548 455 478 419 392 384 193 318 583 229 406 218 324 504 164 305 380 480 204 193 352 199 506 360 121 82 534 386 394 147 480 462 256 263 171 267 321 388 420 211 548 399 62 223 285 127 396 497 410 498 271 341 193 91 428 496 232 424 418 146 560 96 321 446 515 187 90 538 491 463 403 78 562 482 455 303 394 478 182 285 199 296 377 491 218 396 238 268 328 449 482 584 205 330 176 239 182 318 275 253 588 394 90 308 354 207 466 232 218 285 477 117 401 502 197 233 116 197 259 299 185 323 646 181 270 464 
897 36 185 421 649 405 168 289 41 535 164 349 280 211 569 726 154 388 564 228 581 526 498 698 270 309 652 546 626 499 576 549 146 564 338 298 222 396 659 188 487 611 587 115 191 157 622 158 461 602 444 669 464 193 158 514 764 195 421 578 537 546 587 527 763 800 265 168 700 436 663 633 654 176 346 768 425 732 568 507 492 415 727 124 388 509 811 116 713 407 452 499 83 543 159 353 679 666 624 872 453 651 441 601 722 204 580 904 182 376 384 364 609 374 75 502 814 533 452 596 144 699 371 221 419 714 56 575 377 641 793 481 404 177 594 634 231 443 225 655 343 279 367 57 441 552 183 711 666 340 172 370 308 156 543 142 646 690 413 617 416 627 718 840 263 425 663 828 708 150 407 880 801 256 499 502 810 165 514 343 405 272 794 530 59 491 529 668 207 198 648 285 471 164 455 248 505 172 108 625 418 383 402 684 545 412 572 557 449 813 348 739 833 268 435 456 192 261 310 426 147 762 520 68 556 
688 346 406 43 608 38 290 535 350 672 217 33 170 212 188 586 277 229 366 265 652 497 119 627 406 86 593 680 244 638 554 203 242 184 284 358 356 37 289 358 113 356 513 401 393 404 328 236 352 223 337 496 589 417 418 660 445 212 285 617 698 450 351 487 579 565 325 224 450 275 381 392 476 310 78 588 44 624 335 545 373 470 591 300 567 131 530 367 334 46 551 632 400 231 337 126 633 387 242 647 110 287 76 271 633 423 311 668 439 80 547 21 227 199 418 133 632 512 250 301 351 342 27 295 400 347 383 228 220 272 601 601 115 279 567 428 203 77 184 273 100 344 544 371 463 193 409 464 298 568 225 522 410 325 170 257 317 406 256 244 325 408 428 621 463 360 283 666 389 300 338 643 575 256 194 127 617 284 629 148 78 150 534 359 401 583 612 568 299 360 273 491 662 308 582 189 659 470 286 261 50 435 61 636 490 136 477 479 620 642 452 641 637 475 182 398 227 127 72 226 242 380 455 350 175 
486 441 611 469 203 418 526 304 410 268 400 415 288 491 557 292 501 211 228 556 220 78 516 250 193 453 204 273 583 243 133 419 367 553 158 149 226 472 531 590 525 316 141 351 610 311 370 452 115 529 118 266 198 623 595 266 498 327 164 181 306 121 282 78 350 423 186 353 362 185 377 311 258 276 484 351 460 287 271 111 124 78 291 335 239 528 480 334 681 410 152 233 527 366 555 309 234 376 588 475 545 510 506 415 274 275 319 512 312 505 214 417 560 238 405 442 394 88 226 361 304 526 455 236 37 559 498 431 217 516 381 201 337 287 151 273 502 507 324 600 502 169 229 392 42 443 611 366 531 294 456 195 152 544 570 348 436 398 192 627 116 282 423 442 246 80 585 396 459 519 98 493 415 570 346 460 396 297 220 287 375 488 442 189 506 169 187 223 565 598 649 251 304 289 195 293 270 356 368 659 482 81 389 238 97 565 137 117 259 387 137 292 420 252 288 53 313 368 401 233 440 689 81 379 528 
656 444 618 615 301 569 566 173 408 104 462 548 406 559 728 453 542 381 433 613 158 229 675 364 185 566 321 114 762 67 240 607 421 723 300 217 245 610 724 613 680 521 302 318 623 276 574 506 316 711 314 455 32 627 592 87 703 403 350 180 122 313 487 242 527 614 254 418 564 374 582 515 451 309 603 524 610 424 476 145 329 129 449 362 60 688 681 323 861 563 59 66 517 559 580 457 326 581 765 654 686 704 651 612 397 230 522 693 254 630 51 555 739 400 366 615 561 221 415 562 306 726 588 297 220 756 490 622 382 708 557 50 499 337 254 475 575 653 416 782 616 233 72 379 162 628 617 567 725 133 516 65 167 572 732 396 637 603 373 796 302 485 628 622 171 272 771 550 663 553 281 676 603 634 533 630 570 341 80 434 532 579 639 394 492 79 110 373 609 623 821 151 99 320 24 396 84 280 400 824 625 151 543 331 264 688 320 296 54 548 123 419 592 167 466 257 385 474 522 414 491 878 270 377 700 
425 640 734 317 533 296 617 711 632 732 517 353 392 541 250 419 601 314 249 598 664 478 279 516 565 418 505 736 222 708 516 130 524 249 400 497 545 347 111 688 303 164 443 645 722 628 99 553 350 174 351 326 663 746 741 731 115 475 322 612 771 390 193 463 365 299 489 501 203 298 124 192 311 535 408 378 305 477 198 564 342 537 426 558 689 281 222 611 285 289 617 699 710 128 664 317 545 130 232 376 362 89 331 69 503 624 146 383 654 398 664 338 208 313 681 203 407 494 260 104 584 66 358 495 446 102 688 105 321 110 373 667 266 513 520 253 534 331 445 218 429 496 672 640 507 143 737 215 102 724 544 640 544 651 296 528 29 130 307 297 366 229 134 360 635 394 187 454 66 625 388 360 317 589 171 217 385 524 683 328 274 483 249 282 705 632 645 448 631 691 298 656 766 540 660 424 736 697 562 337 333 519 284 545 451 430 404 422 720 427 565 499 396 646 241 412 480 417 383 272 553 259 424 618 227 
50 878 1018 669 403 631 907 805 856 691 784 674 637 843 638 231 886 515 334 909 587 451 653 346 685 740 374 688 612 686 444 488 771 636 560 624 699 694 499 981 676 313 377 826 1011 792 344 832 441 563 456 236 659 1030 1014 703 294 718 476 533 735 380 324 440 152 103 643 749 218 463 291 279 247 725 745 155 656 278 342 535 410 574 236 773 729 658 174 800 666 622 620 675 962 441 950 590 391 284 623 26 730 479 694 420 313 765 356 18 802 746 705 664 598 537 876 564 125 458 456 370 768 439 696 678 512 469 934 471 528 500 122 652 562 719 434 263 843 694 696 606 768 637 723 849 534 512 1020 203 489 791 829 690 647 937 681 763 386 270 486 687 484 274 257 59 745 484 574 160 324 909 497 30 97 909 474 583 111 732 650 585 591 802 141 366 948 611 600 311 934 987 688 752 767 736 661 664 713 848 794 727 687 582 607 387 417 791 365 388 728 145 638 294 91 752 501 466 714 699 691 485 826 623 420 831 611 
878 130 153 290 693 290 38 425 157 643 91 230 233 51 434 732 19 357 537 74 667 568 364 732 355 173 689 654 494 607 625 452 124 430 344 352 296 261 547 112 348 561 614 248 143 278 554 39 463 480 445 659 564 165 160 625 687 165 406 651 654 562 545 565 751 767 310 137 656 412 603 591 641 232 202 759 297 752 526 576 493 484 735 177 505 373 755 227 573 295 542 605 149 463 83 281 723 608 490 845 305 543 302 514 750 319 523 872 312 229 494 246 480 333 231 390 805 579 413 527 235 597 239 258 455 605 140 478 344 530 779 581 320 209 642 608 69 303 178 523 192 330 481 189 497 447 156 669 556 473 39 475 384 70 401 146 561 630 388 473 420 594 656 815 377 442 537 829 630 43 420 848 772 98 420 385 796 202 614 283 306 118 748 513 157 581 617 689 74 118 503 405 597 220 555 211 619 319 139 475 282 446 297 727 578 254 589 581 566 809 430 764 818 386 372 480 178 171 197 384 50 628 547 178 427 
581 491 666 610 222 562 602 246 455 108 489 549 411 586 711 377 578 362 381 645 96 161 664 285 219 576 243 113 739 86 163 578 450 706 290 227 277 610 691 656 671 471 231 371 669 328 528 537 275 687 277 387 52 676 643 108 650 423 321 103 147 251 437 175 454 545 269 443 504 343 531 461 386 341 610 451 604 346 428 71 281 103 373 398 138 677 618 370 838 555 32 75 569 525 621 450 247 529 744 581 684 670 648 575 319 282 477 620 312 635 123 554 717 385 423 596 486 150 384 520 348 686 590 318 186 719 540 591 365 676 484 46 485 364 176 415 600 649 431 758 626 247 144 428 120 601 665 506 691 211 545 123 189 612 720 427 595 549 347 781 272 428 573 550 227 237 744 473 614 591 252 605 533 663 504 613 496 371 60 427 521 598 574 344 544 9 44 297 645 665 803 214 161 353 56 406 114 344 435 811 622 138 534 252 196 695 253 229 122 472 143 341 518 226 443 213 406 485 528 389 523 849 209 423 682 
462 589 763 633 92 583 686 376 555 199 564 583 457 657 711 261 661 374 329 721 96 108 675 155 319 623 119 196 729 197 62 560 528 706 327 301 369 639 662 746 686 416 139 481 764 437 480 614 259 673 269 294 182 774 743 212 582 492 321 41 243 188 385 121 344 444 342 517 425 338 470 396 298 428 653 338 625 221 381 82 250 174 256 487 270 687 530 472 824 575 159 187 672 502 712 476 116 466 735 469 710 639 671 542 190 394 434 508 427 673 254 584 706 403 534 595 369 91 375 478 446 644 623 394 206 679 643 568 382 649 371 170 499 444 63 341 669 672 491 743 671 323 275 532 155 587 763 424 659 343 620 250 281 701 728 507 552 483 351 780 277 360 503 439 346 242 724 349 555 678 264 495 429 736 491 614 381 453 160 455 538 657 481 300 649 132 110 182 727 755 800 337 281 440 187 462 223 464 523 815 648 209 553 120 128 734 176 157 249 352 243 212 402 347 444 204 477 537 570 389 602 823 160 523 680 
383 674 774 362 518 338 657 728 664 732 553 395 423 582 297 392 640 336 244 641 659 474 326 496 583 461 489 735 266 711 508 173 558 296 418 514 567 392 152 729 350 155 432 672 763 653 98 591 356 220 359 303 667 786 780 733 69 507 336 605 773 383 188 459 333 259 510 535 172 312 102 175 290 561 452 345 350 452 197 563 344 543 400 588 699 328 176 639 323 332 621 700 747 160 704 351 527 106 277 333 409 133 377 106 480 645 151 339 677 443 673 380 254 338 710 249 371 489 277 115 610 95 402 520 453 130 723 149 344 154 337 669 302 542 510 234 576 378 478 260 473 515 683 671 510 188 777 182 143 737 583 650 559 691 343 561 59 98 324 342 377 212 95 320 653 402 228 419 22 664 398 316 277 632 204 263 348 552 684 360 314 526 206 281 740 633 643 429 673 732 341 673 772 567 664 456 738 721 594 381 379 528 325 527 445 476 394 414 727 392 577 475 357 664 269 415 512 454 424 294 591 289 420 649 274 
178 719 857 513 333 472 745 672 698 597 622 514 476 681 498 176 724 355 176 747 504 339 505 294 542 580 302 597 482 585 349 340 610 496 405 477 550 537 375 819 527 153 272 674 849 643 195 670 292 428 305 114 550 869 854 605 204 557 319 448 641 253 162 325 104 60 492 589 63 304 146 117 114 570 586 117 500 238 180 430 263 448 183 615 609 511 122 647 550 464 507 574 803 287 788 428 333 139 492 138 578 352 540 277 270 620 198 165 656 588 584 504 465 375 723 413 142 350 294 218 615 325 537 524 374 360 775 327 367 372 108 547 401 562 345 106 681 540 534 481 609 488 599 694 409 366 858 50 366 665 667 565 506 775 538 604 252 134 327 554 332 113 135 111 606 338 451 190 208 747 348 141 66 747 316 433 121 575 552 423 432 640 73 211 789 506 504 235 772 825 560 617 660 580 550 503 613 702 635 595 531 449 448 332 304 636 247 271 618 162 505 260 134 614 339 328 554 537 529 323 665 519 296 675 470 
439 581 679 272 501 245 562 653 572 684 459 300 332 487 232 403 545 255 211 546 621 436 245 491 507 367 475 688 218 659 478 83 465 229 341 439 486 301 124 634 269 136 407 585 668 568 73 496 300 163 300 307 613 691 686 682 162 415 267 570 722 350 159 421 361 311 430 442 202 242 120 172 290 475 360 373 260 458 159 519 296 486 410 498 635 250 252 551 297 238 567 649 653 68 609 258 515 127 227 391 325 101 291 12 481 564 105 404 594 353 609 286 200 253 621 160 407 452 203 62 524 111 309 435 395 143 630 63 261 115 373 617 208 453 483 230 481 291 385 221 382 438 617 580 457 104 682 216 120 667 489 585 487 597 273 469 35 137 250 289 312 206 153 371 577 342 195 452 105 569 334 380 326 539 111 178 387 464 636 268 219 432 268 239 647 584 599 423 578 638 296 599 714 480 609 364 686 637 503 329 289 466 230 516 411 390 367 383 668 425 510 480 401 588 181 363 420 360 329 214 496 285 381 558 204 
250 629 778 479 239 432 671 560 606 487 544 464 399 613 498 126 648 275 100 681 397 226 488 215 433 525 209 487 495 473 242 333 526 494 309 372 447 498 402 744 507 143 164 573 772 539 207 594 188 438 204 30 437 790 771 493 281 474 229 342 530 139 126 212 119 166 390 506 122 220 179 109 11 474 539 126 467 178 136 318 157 334 132 523 495 497 231 548 577 423 394 462 715 272 711 364 246 174 504 226 551 379 511 287 202 513 180 261 550 546 470 456 475 300 623 396 172 238 224 218 516 368 493 427 262 404 686 328 288 394 147 434 351 469 240 49 616 512 455 501 561 384 485 598 295 361 779 121 397 551 593 451 397 699 531 517 279 186 244 562 232 73 202 193 496 231 475 201 263 671 244 240 160 684 287 417 164 482 440 355 387 581 186 119 699 394 393 148 702 750 573 505 547 484 437 423 501 596 546 601 497 336 404 246 191 600 134 158 505 178 393 200 187 504 285 216 468 469 471 253 587 560 182 580 467 
508 458 632 517 189 467 553 282 425 216 430 461 329 524 609 308 528 262 276 588 170 78 566 244 194 496 198 220 635 192 116 472 395 605 201 168 239 520 584 614 575 365 153 356 632 314 421 481 167 582 171 297 149 642 613 215 545 359 217 136 254 154 331 87 375 456 209 383 404 238 425 357 293 295 527 374 509 292 321 62 174 50 305 355 202 579 521 345 734 460 103 182 542 419 579 357 220 424 641 502 593 563 555 468 273 274 370 540 309 550 178 464 613 288 410 494 414 77 279 412 317 578 501 261 84 611 513 484 267 569 406 150 387 311 134 315 536 556 360 653 545 189 195 404 22 496 631 407 583 264 487 162 153 568 621 374 488 444 244 679 168 326 469 469 234 132 638 410 508 544 149 522 446 603 399 512 420 320 167 334 424 526 479 237 520 116 134 233 594 623 701 234 257 308 147 331 220 351 390 711 531 78 439 224 110 610 163 139 213 404 124 293 443 238 340 105 344 407 444 285 468 742 111 393 580 
275 756 871 474 482 445 754 768 742 730 643 498 503 682 417 330 736 398 256 744 644 468 443 447 627 565 451 732 384 714 489 285 641 416 471 559 622 502 270 828 467 178 410 737 860 712 162 684 381 340 390 259 675 883 874 735 61 589 382 588 773 376 209 453 255 159 563 619 124 361 120 171 252 627 561 267 462 392 225 560 360 560 338 662 721 446 59 706 433 438 630 703 834 255 800 438 485 117 395 223 525 251 492 214 424 698 203 223 732 555 695 485 373 409 780 362 281 481 334 190 675 207 510 583 475 236 809 263 408 273 250 674 396 612 487 212 678 493 561 376 583 564 708 744 523 303 873 125 259 769 678 674 598 788 463 640 171 93 379 460 413 200 64 216 696 430 343 331 100 760 433 203 180 738 297 378 257 624 683 442 415 630 102 297 825 635 638 385 774 832 458 712 784 635 673 535 742 777 674 500 491 553 428 484 434 591 378 401 740 305 606 414 260 706 349 432 590 547 523 358 683 390 418 723 393 
843 120 184 275 657 269 74 399 140 612 55 209 198 58 421 696 51 322 502 106 633 532 350 696 322 158 652 622 480 575 588 427 89 416 307 316 263 247 526 146 336 529 578 226 176 252 524 2 426 462 409 623 532 196 186 594 659 129 370 616 624 525 512 528 716 733 275 100 623 377 572 558 606 198 192 723 281 716 493 540 457 448 699 146 475 360 724 201 563 272 508 573 161 435 115 250 686 577 476 811 298 522 290 488 713 291 491 839 287 221 464 225 465 298 216 368 769 543 379 497 206 574 224 223 419 584 145 453 309 509 744 548 292 175 605 573 77 291 142 509 186 295 451 171 461 424 186 636 535 446 15 443 350 102 391 112 534 599 352 464 384 560 626 780 348 405 521 793 602 74 383 814 738 126 391 365 761 168 581 250 281 114 716 477 163 547 583 652 111 153 495 376 568 187 523 175 588 298 110 470 268 411 273 690 541 254 553 544 536 774 396 727 783 357 340 443 141 140 173 350 16 615 510 157 412 
620 379 555 522 295 476 491 169 344 191 380 456 315 477 635 421 467 291 362 534 207 191 583 353 107 475 307 200 670 156 224 518 340 630 207 125 166 518 637 544 587 447 266 263 557 219 495 426 238 621 234 404 107 565 532 178 629 317 263 204 214 259 413 200 486 562 164 334 499 288 509 446 398 230 512 485 517 404 400 138 257 63 419 286 104 595 619 259 770 470 80 150 458 472 510 365 324 508 674 612 593 617 559 528 384 174 443 650 207 538 79 462 648 309 315 524 526 190 328 481 236 642 496 210 142 671 430 534 291 620 517 122 407 254 241 412 492 560 327 692 526 143 90 318 103 538 554 505 638 154 435 56 79 500 639 316 555 531 284 704 218 419 557 579 126 191 682 523 586 480 196 631 554 553 444 538 531 260 154 341 439 493 581 321 434 119 156 346 534 553 729 121 186 242 99 305 176 244 324 731 533 65 450 329 222 597 272 250 141 517 32 404 555 128 376 185 299 384 431 325 412 788 217 312 608 
656 351 424 63 576 20 307 520 352 647 222 42 151 231 193 552 292 197 332 288 624 466 129 594 387 109 560 655 245 614 522 180 241 188 257 336 340 69 276 378 128 324 480 395 412 395 299 248 319 216 306 462 564 436 434 636 420 205 253 588 674 417 318 456 545 533 304 222 418 242 351 359 443 299 109 555 57 590 302 516 340 444 557 295 547 141 501 360 339 22 525 607 410 202 355 97 600 357 244 615 138 271 100 246 599 410 280 637 429 114 526 28 226 168 416 118 598 481 217 271 342 324 60 279 371 333 391 206 189 258 568 576 81 269 536 394 224 101 176 273 131 322 524 370 434 174 427 432 284 551 238 501 388 342 183 254 292 377 224 254 294 375 400 588 447 329 278 633 363 316 308 612 543 281 163 117 584 275 604 120 45 174 504 326 409 556 584 534 321 381 283 475 640 298 557 174 635 462 285 276 76 409 29 603 458 169 444 446 598 609 429 607 604 458 148 368 218 125 76 193 251 380 423 348 175 
269 709 875 644 102 594 781 552 680 393 652 614 518 735 681 83 756 404 270 803 286 196 664 42 462 669 79 389 683 393 162 518 624 678 399 420 497 659 593 849 681 332 131 622 872 581 398 704 283 626 301 165 375 886 861 407 458 578 348 235 437 182 312 193 168 276 453 608 299 351 368 299 180 544 689 159 633 26 318 256 256 323 76 601 457 674 378 605 767 585 343 383 796 456 815 507 86 362 692 283 720 569 679 476 12 544 367 321 580 703 437 610 663 434 676 574 179 195 373 407 575 557 649 501 299 593 766 516 416 584 189 364 509 550 146 239 742 680 567 690 711 439 457 663 288 546 875 292 587 526 706 427 421 803 711 609 470 370 373 747 324 263 382 256 507 301 665 154 449 776 323 311 258 812 463 595 196 562 356 491 548 717 325 266 776 324 306 56 817 857 760 506 477 556 378 534 418 623 632 786 661 346 565 83 173 760 154 162 443 159 396 21 213 511 443 265 567 597 613 398 694 750 199 649 650 
841 201 219 216 689 223 104 474 222 673 108 165 211 28 356 709 97 329 503 82 684 566 287 723 383 101 682 683 417 637 624 388 150 352 336 366 324 186 476 171 270 516 604 304 205 327 501 80 445 406 428 629 591 230 233 657 628 169 383 663 688 547 503 561 720 725 324 151 612 385 552 548 611 260 124 728 224 735 486 587 474 497 713 216 542 295 704 277 494 229 563 633 228 407 151 238 718 557 412 805 225 474 224 454 737 363 475 830 362 150 528 180 403 301 297 321 774 579 378 474 278 529 166 275 455 534 219 414 317 459 746 607 268 232 640 572 15 225 167 446 113 345 518 252 505 380 222 625 485 519 66 507 406 140 322 175 500 579 361 394 406 556 603 776 418 433 461 801 571 118 410 805 732 83 365 314 762 228 639 246 247 40 702 484 236 601 636 673 112 173 424 446 636 251 583 198 652 377 183 396 206 459 235 722 571 175 575 570 602 780 452 749 784 427 326 472 186 133 138 349 94 550 538 237 351 
370 548 674 323 376 281 560 564 532 567 441 322 297 492 332 291 539 186 87 558 499 313 325 369 421 388 351 570 332 544 353 168 435 329 260 352 411 346 249 634 344 40 282 525 665 501 69 486 188 275 192 195 500 686 673 567 207 382 174 447 606 226 39 298 266 249 353 412 135 151 91 74 176 415 394 276 311 342 34 399 177 375 297 451 531 333 237 494 419 272 453 534 628 107 604 240 392 94 341 330 392 226 352 128 362 488 19 354 522 397 505 311 312 199 568 232 317 329 123 63 464 230 345 371 285 264 602 165 197 238 285 502 210 401 358 119 491 353 356 340 417 356 515 533 343 196 676 149 245 571 482 482 395 591 366 432 137 118 167 397 210 95 146 303 491 234 317 356 160 563 232 329 258 556 126 253 301 413 518 239 239 449 227 116 618 467 479 301 584 639 409 509 604 423 496 327 571 567 465 436 342 360 256 393 287 446 242 259 559 330 410 363 320 501 149 248 381 350 338 147 483 410 259 513 302 
500 479 653 537 171 487 575 294 446 205 452 482 351 547 627 298 550 280 283 610 151 69 585 228 213 517 182 208 651 184 99 487 417 622 222 190 260 540 597 635 594 372 145 376 653 333 430 503 181 597 186 295 145 664 634 206 551 381 233 115 245 154 339 82 369 454 231 405 406 254 432 362 291 317 549 367 529 279 330 42 184 67 296 376 207 597 522 365 749 479 101 174 563 432 600 377 201 430 657 496 613 576 574 480 258 292 380 535 327 571 184 484 629 307 429 511 406 65 294 423 337 590 522 283 103 623 534 498 286 583 399 143 406 333 116 317 558 576 382 669 566 211 203 424 44 511 652 409 596 272 509 171 173 590 640 396 498 450 261 697 185 330 475 464 250 149 653 400 516 566 168 517 443 625 414 529 413 342 156 355 444 548 479 246 541 106 119 221 616 644 718 247 254 330 144 353 212 367 412 729 550 98 458 206 104 631 160 136 212 395 140 279 436 253 358 118 366 429 466 302 490 756 112 414 597 
820 70 246 380 574 356 192 251 38 480 129 304 213 208 526 648 171 314 487 246 516 451 457 622 201 277 577 491 580 444 502 489 96 521 260 223 149 358 603 236 448 538 510 76 248 105 551 149 383 551 366 591 404 256 225 460 695 133 345 509 487 469 513 451 685 724 188 113 625 360 591 559 576 98 317 690 382 655 494 437 415 344 649 49 337 468 737 54 672 356 388 443 155 478 203 289 605 594 579 795 423 593 405 536 645 149 508 827 138 348 329 318 562 302 80 448 736 458 378 527 73 639 333 143 342 656 125 514 303 584 715 422 343 101 520 558 227 406 164 608 319 203 314 35 367 494 245 636 609 300 163 312 237 195 506 81 580 618 338 580 338 551 647 762 209 347 614 750 640 178 329 804 724 271 434 451 732 89 455 277 349 255 719 454 134 427 465 591 236 246 610 234 426 86 395 181 453 149 51 592 379 310 348 609 468 392 494 480 398 735 279 663 756 216 367 378 125 211 265 353 134 716 443 13 510 
5751 2160 3564 2655 3861 2268 2709 2610 1953 3825 1557 2016 747 2376 3798 4284 2484 1206 2745 2952 3798 2736 3258 4212 1377 2178 3816 3906 4194 3510 3249 3051 1296 3753 738 972 990 2583 4140 3312 3258 3213 3150 1836 3528 1674 3393 2025 1854 3816 1701 3708 3069 3663 3465 3699 4698 891 1458 3582 4023 2700 2979 2700 4554 4869 639 1143 3978 1593 3717 3393 3564 846 2502 4599 2619 4410 2808 2898 2142 2106 4302 1206 2826 3366 5004 1548 5085 2232 2763 3456 2934 2826 3006 1341 4122 3735 4212 5517 3258 4014 2970 3366 4374 1683 2970 5805 1917 2745 2646 2088 3996 1161 2223 2880 5022 2844 1782 3186 1287 4356 2376 477 1719 4563 2673 3258 1116 3978 4824 3195 1809 729 3402 3375 2475 2979 882 4419 2628 819 2619 1917 2160 3168 3564 4077 4176 2862 2061 2421 1413 2898 3753 1161 3735 3960 1404 4383 1449 3312 4212 5229 1935 1611 4392 5184 4212 2664 1413 5589 4878 3078 2466 2970 4977 837 3465 1143 2016 2385 4824 2448 2790 3087 3384 3834 3051 3384 4626 2178 3672 918 2997 648 3681 2295 1413 4590 2727 1764 2079 4158 2817 3267 2943 2853 3303 5031 1809 4509 5184 2034 1809 1935 774 1350 1773 1575 1926 5355 2538 1746 3582 
4674 2094 2196 540 4200 768 1548 3504 2178 4470 1380 636 1446 1098 1236 4086 1518 1920 2766 1296 4410 3516 846 4326 2808 504 4116 4524 1602 4266 3864 1674 1596 1218 2190 2574 2478 378 2052 1896 720 2682 3636 2592 2106 2664 2490 1368 2664 1596 2574 3546 3972 2256 2310 4398 3126 1530 2262 4212 4608 3258 2664 3462 4038 3930 2346 1530 3240 2208 2808 2904 3426 2148 264 4098 612 4314 2574 3774 2796 3294 4116 1998 3786 882 3678 2400 2034 822 3762 4230 2304 1902 1818 1290 4356 2844 1566 4422 420 2070 468 2094 4362 2826 2412 4542 2880 96 3678 648 1542 1740 2622 1212 4356 3606 2070 2328 2346 2412 414 2118 2910 2406 2238 1812 1860 1962 4164 4050 1260 1956 3948 3132 1002 468 1404 1776 258 2472 3642 2340 3270 1578 2214 3324 2112 3738 1284 3534 2868 1758 1008 1728 2364 2952 2094 1428 2484 3006 3078 4272 3108 2688 1890 4566 2796 1632 2556 4392 3996 1188 1704 1128 4260 1968 4230 1410 1038 696 3732 2724 2346 3966 4146 3972 1524 1890 1608 3276 4356 2118 3924 1500 4380 3024 1854 1440 432 3078 936 4374 3486 258 3420 3432 4122 4422 3132 4416 4380 3174 1662 2922 1632 1038 744 1920 1434 2382 3276 2226 1242 
4260 4590 6160 3970 2380 3460 5170 3890 4330 3730 3880 3560 2520 4690 4670 2550 4930 1420 1260 5360 3140 1350 4330 2610 2560 4050 2240 3770 4870 3490 1880 3200 3630 4630 1380 1920 2680 4060 4280 5870 4460 2110 1440 3940 6120 3600 2640 4400 180 4310 340 1970 3050 6280 6060 3720 3930 3140 850 2670 4120 840 1770 1220 2900 3430 2120 3450 2660 960 2730 2100 1840 2980 4290 2940 3870 2730 1650 2090 220 1810 2570 3500 3400 4440 3860 3700 5830 3370 2580 3390 5450 2640 5530 2470 2640 2720 4930 4060 4740 4060 4330 3100 2730 3340 2130 4410 3710 4460 3140 3540 4640 1720 4450 3520 3400 1510 1320 2540 3380 4210 3930 2520 930 4530 5160 3300 1520 4140 3210 3080 2600 2970 1990 1810 4760 4340 3010 5030 4500 2050 3260 4220 1480 3450 6170 2730 4270 3870 4410 2920 2210 5410 4860 3500 3300 2940 1130 5370 590 1850 3210 3730 3200 520 4850 3550 3530 5140 660 4190 3390 5450 2490 3710 3370 3090 3250 2280 2990 4510 3520 850 5280 2740 2880 2100 5520 5940 5570 3330 4100 3090 3010 2680 3770 4170 3770 5710 4120 1710 3150 2670 1210 5050 1120 1100 3640 3400 2250 2860 3610 3290 2010 530 3050 3300 3500 1470 4310 5870 860 4050 4370 
560 9020 10420 6910 4220 6530 9310 8280 8800 7110 8080 6970 6610 8670 6570 2510 9100 5390 3590 9330 6060 4740 6740 3640 7080 7640 3930 7080 6300 7060 4640 5090 7950 6550 5840 6480 7240 7160 5160 10050 6970 3360 3990 8500 10350 8160 3660 8560 4650 5820 4800 2600 6800 10550 10390 7230 3090 7420 5000 5530 7550 4030 3480 4620 1740 1260 6670 7740 2400 4870 3130 3020 2710 7490 7680 1760 6780 2950 3660 5570 4340 5970 2560 7970 7510 6790 1890 8240 6810 6440 6420 6950 9860 4630 9740 6130 4080 3060 6400 500 7520 4960 7150 4410 3300 7890 3790 240 8260 7680 7280 6860 6170 5610 9000 5850 1430 4800 4800 3920 7920 4550 7180 7030 5350 4850 9590 4910 5520 5180 1440 6720 5860 7440 4540 2870 8670 7160 7200 6230 7910 6610 7460 8740 5570 5320 10440 2260 5060 8140 8530 7130 6710 9610 7010 7870 4050 2910 5110 7050 5080 2980 2760 830 7680 5080 5910 1730 3420 9330 5210 480 1210 9320 4960 6040 1310 7560 6700 6090 6140 8250 1600 3910 9720 6310 6200 3310 9580 10110 7050 7760 7870 7600 6820 6890 7330 8720 8190 7450 7090 6050 6300 4050 4400 8130 3880 4100 7490 1620 6620 3100 1100 7760 5240 4900 7380 7230 7140 5090 8510 6370 4430 8550 6310 
6435 5139 5346 1701 6759 2007 4392 6867 5220 7857 3996 2394 3546 3717 522 6093 4338 3663 4203 3996 7524 5940 1026 6768 5652 2673 6552 7920 630 7578 6408 1971 4257 558 4356 5148 5247 1899 1665 4896 1089 3699 5877 5706 5211 5733 3177 4077 4590 1053 4509 5229 7137 5436 5535 7785 3573 4005 4059 7128 8136 5310 3825 5832 5769 5283 4896 4113 4338 3888 3591 4032 5058 4878 2367 5877 1701 6561 3762 6543 4680 6003 6156 4797 7065 918 4608 5400 981 2043 6759 7506 5517 2529 4797 2961 6930 3663 531 5994 1440 1818 1485 2430 6732 5886 3339 6066 6039 2115 6858 2277 729 3456 5841 1557 6183 6093 3546 3015 5247 2259 2124 4689 5256 2079 5400 2007 3627 1620 5877 7218 2556 4599 6498 4536 3573 1476 3753 792 2439 5049 6858 5418 5850 1710 5382 4464 1764 7137 3960 6633 5634 4707 576 4410 2664 3726 3807 108 4491 4311 3807 5832 6210 4815 1071 6588 3204 4518 4662 5859 5436 3816 2511 1395 6003 4644 7452 3168 2277 3105 4851 4320 5562 7002 7218 6174 4338 4887 360 6453 7884 4860 7074 3762 7785 6327 4662 441 1710 5724 2196 6948 5796 2007 5517 5607 7497 6345 5967 6750 6120 6309 2943 5112 4131 3240 2736 3438 4158 1530 5490 5229 792 
6453 5985 6192 2529 7182 2790 5238 7632 6057 8487 4842 3213 4311 4572 1233 6363 5193 4293 4581 4842 8082 6462 1836 7128 6390 3528 6957 8541 873 8217 6894 2376 5094 1278 5031 5859 6012 2736 1656 5742 1926 3960 6318 6525 6048 6534 3384 4932 5121 1368 5067 5499 7776 6273 6381 8433 3465 4815 4644 7668 8784 5769 4149 6336 5931 5337 5634 4932 4482 4446 3744 4275 5346 5670 3213 6048 2511 6858 4113 7110 5175 6633 6426 5616 7767 1737 4545 6210 162 2808 7389 8145 6372 2916 5643 3690 7335 3807 828 5994 2286 1863 2331 2664 7056 6660 3654 6021 6831 2961 7560 3087 1071 4113 6678 2178 6318 6606 4086 3285 6057 2151 2970 5463 5859 1881 6255 2331 4275 1701 6012 7857 3249 5400 6966 4806 4428 2322 4554 738 3294 5769 7569 6255 6453 2142 6228 4590 1728 7884 4815 7326 6336 5553 1422 5238 2781 3816 4401 774 5085 4590 3852 5886 6957 5400 981 6741 3204 5373 5256 5832 5499 4644 3006 2061 6120 5454 8064 3888 3006 3960 4860 4752 6417 7614 7803 6525 5184 5724 504 7200 8577 5661 7731 4545 8442 7137 5490 873 2547 6372 2943 7344 6282 2835 5949 6066 8172 6489 6651 7056 6210 7065 3537 5670 4941 4059 3564 4032 5004 801 5985 6066 1431 
2346 3252 3972 1806 2406 1560 3282 3438 3162 3510 2586 1824 1734 2868 1836 1902 3162 1116 666 3258 3120 2010 1794 2370 2568 2220 2256 3534 1836 3372 2256 846 2562 1818 1590 2154 2490 1944 1344 3726 1920 354 1842 3150 3918 3018 348 2850 1224 1494 1230 1326 3096 4044 3978 3504 1212 2244 1086 2814 3744 1494 390 1920 1740 1608 2142 2430 918 942 570 576 1212 2490 2244 1806 1728 2208 360 2514 1176 2340 1944 2688 3264 1842 1476 2958 2358 1506 2820 3312 3720 486 3552 1362 2502 594 1884 2094 2208 1206 1974 624 2328 2958 84 2226 3150 2256 3108 1752 1710 1164 3402 1242 2046 2106 744 252 2778 1254 1950 2226 1800 1452 3570 828 1170 1278 1848 3120 1158 2388 2292 870 2856 1980 2082 1884 2382 2166 3162 3180 2160 1020 3984 1002 1326 3492 2820 2970 2424 3474 2040 2556 708 732 1026 2220 1326 726 900 1938 2988 1488 1746 2286 906 3306 1458 2076 1662 3240 624 1362 1944 2460 3222 1374 1320 2592 1446 822 3666 2916 2994 1962 3420 3756 2292 3102 3714 2532 3078 1926 3534 3420 2754 2454 1914 2238 1416 2508 1854 2544 1596 1692 3444 2130 2526 2334 2052 3054 822 1590 2256 2028 1932 864 2832 2310 1680 3054 1650 
4338 3708 3834 1422 4686 1614 3204 4854 3762 5478 2952 1878 2634 2754 588 4194 3174 2676 2964 2934 5232 4170 966 4674 4032 2070 4542 5520 474 5298 4470 1470 3120 618 3156 3696 3768 1548 1122 3534 1008 2592 4104 4086 3738 4104 2220 3000 3270 810 3222 3618 4998 3888 3960 5436 2382 2952 2928 4968 5670 3732 2694 4092 3942 3582 3528 3024 2982 2808 2484 2808 3510 3528 1860 4014 1416 4512 2664 4584 3318 4242 4236 3480 4968 888 3090 3882 390 1632 4746 5250 3954 1842 3468 2232 4794 2526 420 4038 1230 1248 1278 1728 4638 4200 2364 4074 4308 1686 4830 1800 594 2550 4176 1266 4212 4266 2574 2130 3780 1500 1704 3402 3732 1344 3882 1470 2664 1128 4008 5052 1956 3348 4524 3150 2658 1266 2778 480 1908 3630 4836 3894 4134 1308 3858 3060 1182 5028 2922 4680 4014 3408 666 3222 1848 2556 2766 222 3222 3006 2592 3948 4410 3438 678 4488 2172 3288 3336 3942 3684 2802 1866 1170 4086 3378 5202 2370 1776 2346 3282 3060 3990 4902 5040 4272 3162 3522 42 4572 5514 3522 4962 2784 5436 4500 3390 318 1422 4062 1728 4806 4062 1596 3858 3930 5250 4320 4230 4644 4158 4476 2184 3630 3036 2442 2106 2520 3054 798 3858 3774 750 
7065 2394 2691 1224 5985 1323 1656 4563 2520 6147 1323 846 1683 963 2493 5994 1584 2610 4068 1395 6129 4914 1863 6228 3582 243 5886 6228 3033 5823 5436 2817 1665 2457 2853 3303 3069 945 3564 2250 1719 4095 5166 3150 2565 3276 3906 1314 3708 2934 3564 5229 5400 2781 2817 6012 4995 1620 3114 5877 6327 4626 4014 4842 6021 5985 2943 1584 4950 3087 4374 4401 5058 2547 405 6093 1296 6282 3861 5202 3942 4437 6030 2277 5049 1944 5724 2871 3744 1386 5103 5778 2745 3033 2079 1692 6228 4419 2997 6714 1359 3555 1305 3420 6318 3546 3708 6921 3609 666 4905 954 2907 2340 3177 2187 6498 5040 2961 3654 2808 4059 783 2556 3942 4095 2628 3042 2502 3420 6237 5526 1845 2268 5571 4671 846 1314 1485 3294 369 3132 4833 2754 4455 2727 2718 5076 3654 4932 1188 4689 3717 1980 2196 1863 3843 4599 2889 2853 3393 4509 4815 6462 3996 3672 3429 6777 4482 1773 3465 6696 6057 1314 2673 2106 6381 2268 5805 1827 1602 369 5742 3942 2790 5427 5715 5742 1710 2259 3132 4248 5913 2484 5319 1683 5985 3807 2043 2898 1134 4104 1476 6255 4905 1044 4878 4860 5571 6579 4131 6417 6570 4086 2421 4032 1782 981 729 2709 1395 4239 4599 2592 2439 
4245 175 960 1760 3115 1680 650 1565 225 2705 475 1395 1090 765 2495 3430 545 1660 2555 925 2875 2490 2145 3340 1295 1205 3115 2760 2785 2525 2755 2410 400 2475 1465 1360 1015 1635 2950 880 2090 2765 2770 675 960 835 2800 475 2080 2660 1995 3115 2325 1015 880 2610 3505 660 1855 2825 2740 2540 2655 2485 3585 3740 1165 515 3220 1915 3015 2885 3035 720 1395 3610 1780 3485 2560 2455 2240 1990 3435 425 1995 2200 3760 585 3220 1690 2235 2520 575 2390 710 1435 3265 3030 2770 4105 1930 2910 1865 2675 3450 1055 2600 4260 1000 1545 1950 1475 2695 1575 605 2165 3845 2535 1975 2665 660 3160 1510 915 1935 3225 440 2540 1600 2860 3730 2410 1690 670 2845 2915 865 1870 800 2925 1385 1255 1880 385 2090 2415 960 3280 2990 1810 550 1865 1465 670 2370 415 2905 3150 1800 2745 1860 2865 3290 3945 1355 1930 2970 3930 3220 580 1830 4140 3750 1055 2170 2165 3815 615 2575 1400 1685 1040 3690 2405 515 2430 2615 3160 865 930 2895 1485 2440 655 2280 930 2570 1025 265 2785 1745 1815 1665 3290 2565 1740 2670 2610 2300 3850 1685 3530 3930 1390 1860 2095 665 960 1205 1840 410 3460 2430 325 2435 
3794 2786 3549 1183 3276 833 2737 3451 2723 4018 1960 1050 1043 2247 1694 3045 2604 749 1505 2702 3752 2562 1407 3367 2443 1505 3150 4067 1911 3808 2940 917 1974 1659 1330 1995 2212 1288 1764 3255 1491 1484 2590 2835 3479 2744 1407 2247 1505 1568 1428 2408 3465 3633 3570 3969 2366 1624 1064 3465 4249 2149 1421 2478 2996 2954 1862 1820 2156 945 1743 1722 2275 2072 1568 3066 1106 3318 1302 2996 1617 2576 3080 2205 3465 1491 2807 2597 2611 770 3164 3752 3304 805 3059 525 3437 1778 1939 3521 1715 1666 1428 1211 3395 2758 1197 3689 2947 1624 3304 994 1750 623 3073 889 3374 2674 721 1211 2415 1946 1246 1827 1988 2093 3136 1078 742 1638 3157 3521 259 1911 3024 1946 2233 1435 1421 2058 1729 1953 3318 2786 2450 1015 3563 2254 1792 3605 2205 3122 2366 2968 1785 2002 1519 1932 868 2177 1400 1806 2114 3325 2912 1652 2002 3605 1967 2772 1526 3514 3010 2688 497 1008 3276 1981 3696 602 511 1932 2786 1463 3255 3346 3514 2940 2891 3283 2338 3087 4081 2100 3423 1274 3976 3227 2240 2401 1302 2366 630 3451 2471 2002 2324 2366 3773 3444 2590 3444 3416 2996 224 1897 1666 1281 1155 595 2233 2758 2226 2632 1491 
4823 1386 2569 2429 3136 2156 2009 1617 1183 2786 1190 1904 966 1869 3367 3612 1834 1393 2527 2282 2891 2261 2926 3451 770 1932 3136 2856 3689 2534 2639 2842 917 3332 917 686 371 2345 3682 2429 2912 2940 2653 973 2562 833 3101 1526 1764 3416 1652 3220 2212 2646 2457 2674 4116 763 1533 2772 2905 2359 2744 2254 3878 4179 406 868 3514 1666 3339 3059 3122 238 2205 3906 2408 3668 2618 2247 1981 1603 3619 630 1904 3010 4326 763 4375 2135 2023 2506 1995 2667 2184 1477 3346 3353 3696 4662 2856 3584 2660 3094 3605 861 2765 4893 1022 2408 1792 1974 3542 1372 1295 2681 4235 2324 1834 2940 546 3857 2170 98 1484 4011 1785 3003 1330 3556 4088 2317 1855 315 2758 3017 1974 2667 875 3871 2282 532 1736 1106 1715 2919 2569 3591 3710 1855 1582 1631 910 2107 3304 756 3374 3528 1526 3801 1456 2982 3724 4431 1113 1505 3857 4326 3738 1946 1379 4732 4172 2408 2387 2744 4207 371 2548 1344 1995 1995 4165 2282 1862 2289 2541 3213 2296 2492 4004 1316 2576 322 2149 798 2639 1316 868 3948 2471 1337 2030 3381 2366 2800 2534 2443 2310 4228 1239 3724 4375 1197 1876 1722 637 1302 1680 1687 1428 4606 2184 987 3213 
4056 1572 2166 900 3240 702 1476 2562 1560 3438 822 450 408 1074 1740 3276 1356 1002 2028 1470 3378 2532 1338 3408 1800 606 3174 3492 2046 3228 2880 1530 894 1710 1170 1542 1494 828 2184 1920 1320 2124 2700 1788 2112 1794 2076 1050 1728 1860 1632 2784 2940 2238 2190 3360 2886 654 1338 3192 3582 2340 2034 2484 3330 3366 1326 768 2694 1326 2364 2310 2676 1224 792 3378 894 3450 1926 2748 1890 2256 3300 1194 2778 1416 3282 1584 2616 696 2724 3198 1980 1542 1746 444 3402 2394 2046 3840 1278 2130 1098 1866 3474 1896 1884 4002 1998 936 2658 516 1932 828 1926 1242 3648 2616 1272 1914 1470 2430 690 1128 1896 2508 1848 1686 930 2076 3480 3018 684 1038 2970 2442 1080 1104 474 2214 894 1440 2634 1650 2244 1536 2184 2778 2226 2766 1014 2514 1842 1674 1662 954 2148 2532 1188 2094 1518 2346 2688 3666 2136 1704 2238 3822 2544 1506 1566 3852 3402 1488 1278 1260 3582 1068 3192 486 660 876 3246 1914 1950 2928 3114 3090 1620 1950 2268 2304 3342 1212 2892 492 3348 2196 1146 2208 936 2040 642 3426 2526 1296 2508 2490 3102 3690 2100 3540 3714 2202 984 1944 732 228 294 1098 1044 2856 2316 1518 1626 
4340 1605 1480 915 3825 1080 1015 2965 1720 3900 1130 895 1440 725 1450 3800 1035 1940 2715 745 3910 3235 1150 3955 2465 620 3765 3950 1750 3725 3525 1860 1335 1435 2090 2330 2175 775 2165 1235 1040 2680 3370 2130 1400 2235 2530 1015 2555 1775 2475 3360 3490 1525 1605 3825 3070 1370 2225 3770 3995 3060 2650 3195 3785 3725 2130 1320 3150 2200 2795 2860 3265 1870 520 3835 975 3970 2570 3395 2680 2970 3820 1675 3275 1170 3530 1990 2050 1125 3330 3700 1680 2040 1210 1420 3960 2830 1715 4130 745 2185 845 2215 4000 2405 2455 4235 2415 510 3200 930 1715 1790 2095 1480 4050 3305 2110 2395 1980 2470 760 1900 2695 2455 1660 1975 1885 2095 3900 3560 1455 1720 3600 3030 630 850 1315 1890 405 2235 3155 1870 2980 1780 1505 3220 2215 3185 940 3085 2555 1170 1230 1460 2435 2920 2090 1545 2385 2935 3025 4005 2670 2545 2000 4220 2800 1105 2430 4110 3775 620 1865 1410 3980 1710 3715 1500 1290 495 3565 2660 1740 3510 3675 3675 930 1220 1690 2810 3750 1825 3445 1435 3805 2495 1520 1510 830 2780 1205 3975 3230 395 3200 3195 3570 4100 2785 4050 4080 2720 1790 2745 1460 1050 895 1975 1085 2370 3055 1795 1475 
5820 726 342 2382 4548 2388 468 2550 942 4008 1080 2028 1956 924 3234 4890 528 2694 3780 774 4248 3798 2814 4812 2352 1680 4548 4074 3594 3792 4122 3354 1176 3210 2526 2442 2028 2208 3930 312 2712 3966 4122 1500 342 1740 3948 816 3264 3522 3162 4482 3564 408 318 3888 4758 1482 2958 4200 4032 3834 3852 3786 5046 5178 2208 1290 4530 3012 4230 4134 4380 1674 1836 5082 2430 4974 3744 3756 3456 3198 4896 1320 3138 2868 5142 1458 4050 2412 3474 3792 414 3414 216 2298 4728 4260 3570 5634 2436 3906 2436 3726 4938 2016 3744 5808 1902 1992 3102 2124 3516 2562 1272 2988 5358 3852 3048 3786 1584 4230 2082 1902 3126 4278 498 3516 2616 3828 5214 3672 2550 1602 4224 4206 1014 2442 1608 3768 1770 2316 3006 1128 3324 3330 342 4608 3984 2862 858 3006 2562 258 3024 1254 4008 4398 2868 3444 3000 4134 4554 5454 2376 3102 3858 5484 4416 390 2976 5664 5202 936 3150 2952 5316 1542 3870 2292 2478 1332 5088 3612 546 3714 3936 4590 564 372 3624 2520 3648 1596 3510 1794 3840 1848 1116 3438 2328 2988 2424 4758 3882 2094 3996 3930 3504 5376 2820 5034 5454 2412 2838 3312 1524 1644 1830 2874 828 4392 3714 1134 3198 
5056 4856 5216 1784 5600 1904 4328 6128 4888 6792 3824 2344 3200 3704 648 4888 4256 3072 3280 4032 6408 4960 1184 5560 4992 2720 5400 6840 176 6560 5344 1328 4000 672 3752 4504 4688 2008 776 4824 1336 2752 4824 5224 5104 5200 2248 3968 3784 440 3728 4120 6168 5304 5352 6744 2464 3712 3368 6032 7064 4336 2904 4848 4536 4048 4320 3848 3248 3184 2584 3032 3976 4424 2488 4632 1736 5320 2872 5552 3816 5144 4944 4432 6192 1128 3400 4944 776 1904 5816 6488 5272 1808 4696 2608 5736 2640 248 4656 1776 936 1696 1592 5496 5288 2464 4712 5464 2304 6000 2216 264 2936 5400 1240 4888 5096 2864 2144 4784 1288 2192 4208 4448 1120 5144 1288 3072 776 4616 6232 2200 4192 5408 3504 3600 1688 3472 128 2600 4440 6024 5032 4976 1128 5248 3352 856 6328 3872 5800 4928 4608 1016 4112 1736 2680 3160 752 3752 3304 2728 4536 5520 4040 232 5256 2168 4424 3920 4528 4184 3888 1904 1168 4720 4248 6416 2784 2024 3168 3648 3440 5288 6008 6168 5016 4328 4824 728 5728 6896 4424 6128 3424 6760 5752 4360 1064 1840 4920 1992 5744 4792 2336 4504 4608 6536 5040 5192 5496 4816 5616 2400 4272 3816 3072 2656 2824 4016 968 4536 4864 688 
4952 3896 4368 888 4968 928 3448 5160 3912 5936 2864 1392 2224 2824 592 4472 3360 2200 2736 3208 5624 4232 504 5008 4040 1816 4800 5992 888 5696 4648 832 3032 552 2840 3576 3720 1136 1192 3984 688 2376 4192 4240 4264 4216 1984 3040 3024 640 2952 3704 5304 4456 4480 5880 2656 2728 2552 5280 6192 3680 2456 4128 4248 3936 3368 2872 3040 2392 2400 2688 3552 3440 1648 4336 824 4856 2376 4760 3104 4288 4520 3448 5272 536 3472 3960 1680 928 4960 5632 4344 1288 3832 1648 5136 2456 896 4584 1160 1208 936 1360 4992 4312 2032 4696 4480 1512 5088 1264 720 2032 4424 328 4640 4360 2096 1800 3800 1664 1288 3232 3616 1664 4208 952 2184 1064 4376 5368 1248 3208 4728 3096 2736 928 2488 1096 1792 3496 5096 4056 4144 624 4400 3152 1272 5376 2952 4880 4000 3736 784 3136 1680 2560 2328 1152 2936 2904 2688 4416 4560 3224 1128 4976 2240 3544 3088 4504 4048 3104 1200 192 4496 3264 5568 1824 1048 2304 3608 2816 4352 5176 5360 4480 3496 3992 1328 4768 5992 3448 5256 2440 5888 4768 3384 1416 992 4048 1008 5152 4104 1712 3872 3944 5640 4760 4280 5016 4624 4648 1560 3488 2832 2096 1696 2000 3080 1952 3824 3880 360 
7164 1620 2187 1872 5715 1818 1134 3861 1737 5580 558 1278 1422 531 3186 5931 981 2511 4104 1143 5670 4608 2556 6021 2988 828 5652 5670 3717 5256 5121 3258 927 3150 2538 2799 2448 1629 4131 1800 2430 4275 4950 2394 2088 2547 4194 585 3537 3555 3384 5229 4842 2295 2250 5436 5373 1035 2988 5472 5733 4446 4140 4554 6048 6138 2430 900 5130 3015 4635 4554 5067 1890 1161 6120 1926 6147 3978 4788 3798 3978 5958 1548 4428 2646 6003 2124 4473 1854 4590 5229 2052 3366 1557 1755 5976 4680 3690 6849 2124 4095 2025 3816 6156 2844 3915 7083 2880 1431 4293 1422 3582 2268 2403 2718 6534 4716 2979 3942 2088 4572 1413 1989 3600 4653 1908 3492 2394 3978 6291 4986 2079 1620 5274 4734 585 2034 1008 3978 1143 2619 4212 1980 4050 3222 2214 5256 4212 4248 486 4095 3168 1440 2934 1143 4239 4878 2799 3600 3177 4599 5103 6579 3321 3411 4086 6768 4860 1197 3204 6867 6192 1215 2979 2682 6444 1602 5274 1791 1953 585 5958 3915 2070 4923 5238 5589 1350 1836 3879 3582 5283 1809 4770 1296 5400 3051 1278 3663 1818 3636 1863 6012 4653 1800 4698 4644 4959 6588 3591 6264 6642 3411 2565 3762 1188 765 972 2718 639 4932 4356 1818 3105 
2940 2135 2540 515 2750 345 1955 2820 2125 3300 1495 630 1000 1570 780 2520 1875 965 1415 1855 3115 2260 575 2800 2115 955 2655 3330 965 3145 2530 480 1570 755 1360 1815 1920 640 995 2310 650 1285 2265 2285 2480 2255 1115 1645 1505 750 1450 2050 2895 2595 2585 3260 1685 1355 1195 2905 3455 1945 1285 2200 2430 2315 1695 1465 1740 1105 1380 1470 1950 1765 925 2485 450 2740 1220 2575 1570 2265 2545 1800 2875 635 2115 2110 1460 310 2685 3105 2455 625 2190 625 2865 1410 975 2725 860 955 655 815 2805 2295 1060 2820 2410 905 2760 555 855 855 2420 230 2690 2340 930 980 2000 1210 670 1625 1855 1270 2350 610 950 905 2530 2945 365 1630 2585 1685 1535 660 1200 1085 1035 1770 2765 2195 2185 460 2555 1815 1030 2945 1600 2635 2080 2130 840 1615 1050 1500 1055 1125 1435 1575 1610 2605 2440 1615 1070 2880 1405 1995 1520 2700 2370 1815 470 290 2610 1670 3070 730 275 1280 2150 1430 2440 2820 2940 2485 2020 2320 1245 2570 3325 1775 2865 1145 3260 2600 1780 1280 605 2115 295 2875 2190 1130 2070 2105 3105 2755 2260 2835 2700 2500 580 1785 1405 995 790 855 1660 1605 2015 2085 640 
4500 5553 6264 2394 5292 2295 5220 6498 5517 6903 4419 2835 3411 4518 1611 4365 5085 2916 2691 4995 6363 4698 1953 5193 5184 3384 5058 6948 1323 6678 5085 918 4527 1611 3699 4581 4932 2673 342 5841 2169 1998 4455 5733 6147 5634 1404 4689 3456 918 3438 3519 6255 6363 6363 6885 1638 4122 3096 5913 7245 3942 2214 4572 3933 3366 4455 4329 2475 2880 1737 2295 3366 4761 3240 4041 2304 4878 2223 5436 3429 5094 4437 4905 6399 1953 2664 5427 1926 2259 5841 6588 6138 1215 5643 2718 5427 1800 1422 4050 2709 135 2475 756 5094 5643 1737 4122 5886 3114 6174 2691 1215 2844 6021 1404 4320 4851 2511 1350 5202 459 2808 4446 4284 594 5958 702 2943 315 4014 6300 2232 4545 5139 2835 4437 2466 3843 1296 3420 4554 6228 5634 4860 891 6291 2592 297 6651 4599 5958 5040 5535 2043 4599 774 1827 2916 2007 3519 2619 1881 3915 5805 3807 1017 4734 1260 5301 3717 3915 3519 4887 1512 1485 4122 4626 6471 2853 2205 3960 2916 2934 6111 6012 6156 4581 5301 5859 2016 6012 7137 4797 6210 3699 6912 6255 4896 2367 2529 4896 2259 5427 4482 3339 4095 4239 6732 4491 5274 5076 4230 5913 2169 4014 4194 3519 3141 2565 4707 1773 4212 5436 1431 
5590 6040 7790 7060 1890 6560 7150 3450 5680 1110 6010 6480 5140 6970 7950 3620 6910 4490 4290 7570 180 2000 7540 2480 3320 6800 2190 1050 8180 1270 1670 6510 5620 7900 3880 3360 3900 7080 7580 7690 7630 5180 2450 4830 7820 4400 5800 6490 3450 7630 3520 4000 1390 7890 7550 1310 6870 5330 4020 670 1510 2890 4860 2150 4470 5490 3780 5540 5310 4210 5730 5000 4040 4530 7130 4410 6980 3160 4800 1260 3420 2060 3560 5110 2310 7660 6360 4820 9150 6480 1450 1190 6810 5940 7350 5450 2040 5700 8240 5700 7810 7350 7430 6380 2830 3930 5330 6090 4210 7370 2230 6520 7950 4760 5330 6790 4680 1840 4600 5770 4610 7440 6890 4290 2720 7780 6530 6610 4550 7440 4730 1210 5750 4760 1690 4460 7110 7440 5380 8340 7300 3570 2440 5410 2080 6770 7780 5300 7560 3020 6570 2300 3010 7250 8090 5390 6510 5870 4300 8650 3540 4640 6080 5410 3370 3180 8170 4440 6590 7040 3370 5970 5330 7750 5800 6970 4820 4830 940 5230 6130 7060 5870 3980 6560 1060 680 2850 7580 7780 8860 3210 2070 4660 1480 5120 1440 4510 5480 8970 7190 2440 6270 2080 2280 7970 2800 2590 1880 4490 2550 3040 5010 3350 5260 2840 5170 5900 6300 4700 6350 9180 2550 5360 7650 
1285 3310 4115 2865 660 2620 3625 2670 3170 2050 2975 2730 2285 3375 3035 275 3505 1695 985 3715 1545 870 2955 485 2145 3015 505 2040 3045 2020 810 2220 2855 3020 1725 1895 2290 2945 2600 3975 3045 1295 490 2920 4095 2730 1625 3240 1120 2760 1205 475 1885 4175 4060 2105 1965 2610 1420 1270 2270 635 1190 825 655 1155 2040 2765 1165 1425 1485 1135 540 2490 3110 635 2810 345 1220 1270 970 1505 270 2770 2250 3005 1620 2825 3470 2575 1695 1965 3745 1910 3805 2200 660 1460 3090 1290 3240 2480 3035 2010 425 2560 1465 1485 2745 3170 2135 2710 2945 1845 3190 2505 815 890 1515 1670 2665 2430 2900 2270 1290 2610 3595 2210 1760 2555 800 1845 2195 2505 760 830 3405 3040 2545 3080 3220 1980 2230 3100 1310 2360 4120 1140 2570 2575 3245 2070 1945 3745 3185 2785 1985 1510 1540 3365 1330 955 1580 1135 2405 1250 2955 795 1900 3610 1350 1410 1080 3755 1950 2610 855 2565 1840 2130 2385 3265 1360 975 3650 1640 1590 165 3800 4010 3430 2420 2420 2550 1895 2380 2155 2965 2915 3560 2950 1585 2470 655 710 3450 510 595 2230 760 1855 440 970 2435 1865 1090 2565 2670 2740 1645 3190 3390 780 3025 2885 
3950 450 1250 1640 2820 1520 870 1430 365 2485 410 1260 830 855 2370 3125 750 1375 2265 1100 2620 2195 2025 3045 1050 1135 2820 2540 2640 2305 2465 2195 220 2345 1160 1070 755 1535 2760 1150 1980 2490 2470 600 1245 695 2540 570 1780 2495 1695 2815 2090 1310 1180 2395 3250 415 1555 2555 2540 2240 2370 2190 3285 3450 875 305 2935 1625 2745 2605 2735 440 1335 3310 1650 3185 2280 2180 1940 1715 3135 155 1795 2080 3485 450 3100 1525 1985 2295 875 2155 980 1205 2975 2765 2635 3810 1865 2715 1765 2445 3150 880 2330 3970 875 1490 1740 1335 2550 1300 660 1985 3545 2240 1695 2410 455 2950 1405 620 1640 3030 730 2325 1320 2670 3430 2175 1465 370 2555 2620 945 1775 570 2780 1350 965 1680 430 1805 2220 1250 2995 2795 1655 630 1640 1200 925 2270 150 2665 2885 1510 2640 1560 2575 3020 3650 1165 1625 2810 3630 2970 815 1525 3850 3455 1210 1935 1995 3515 315 2340 1150 1490 1050 3405 2105 800 2180 2365 2860 1085 1195 2790 1300 2260 375 2045 670 2365 970 35 2705 1640 1535 1480 2995 2265 1725 2370 2310 2100 3550 1425 3230 3635 1205 1605 1795 390 795 1065 1560 495 3320 2130 320 2290 
2480 2830 3255 1145 2745 1055 2670 3330 2800 3585 2200 1345 1625 2285 870 2295 2595 1340 1295 2565 3300 2380 965 2710 2605 1665 2620 3610 805 3450 2605 240 2255 860 1780 2270 2465 1295 410 3020 1085 960 2270 2910 3195 2850 655 2360 1670 525 1655 1815 3215 3310 3300 3565 1015 2020 1455 3055 3765 1975 1055 2310 2095 1840 2200 2145 1305 1335 890 1140 1725 2370 1605 2155 1090 2565 1040 2775 1670 2570 2330 2455 3285 980 1520 2740 1225 1025 2985 3405 3165 415 2905 1240 2825 925 850 2240 1375 315 1220 240 2675 2855 780 2300 2990 1555 3160 1270 710 1300 3075 580 2325 2465 1130 575 2610 510 1355 2190 2120 610 3055 115 1360 335 2155 3240 970 2250 2640 1430 2245 1220 1865 835 1710 2250 3190 2860 2445 275 3270 1370 415 3420 2315 3035 2525 2845 1080 2285 400 970 1350 1155 1695 1305 1035 2145 2950 1860 715 2550 750 2715 1800 2180 1915 2515 560 650 2225 2295 3345 1310 970 1990 1615 1410 3145 3090 3175 2375 2730 3035 1195 3065 3700 2390 3190 1785 3580 3195 2455 1355 1230 2455 1010 2830 2265 1710 2065 2140 3475 2415 2660 2670 2295 3005 925 1980 2060 1700 1510 1150 2370 1205 2110 2750 735 
6910 3830 5550 5800 3490 5360 5070 1120 3470 1640 4090 5100 3680 5050 7000 4890 4840 3620 4410 5560 2220 2600 6440 4110 1360 5210 3660 1750 7380 1280 2830 5900 3670 6950 2760 1830 1940 5730 7100 5520 6470 5260 3350 2550 5600 2140 5730 4500 3170 6910 3120 4800 960 5640 5290 1440 7080 3540 3390 2370 1720 3350 4920 2700 5580 6380 2140 3660 5780 3640 5880 5250 4740 2560 5600 5570 5760 4670 4790 1890 3360 1390 4870 3050 290 6570 6970 2620 8380 5310 1050 1280 4540 5470 5190 4270 3770 5870 7420 6850 6480 6920 6150 6040 4430 1680 5210 7240 1900 5880 130 5180 7160 3770 3020 5910 5970 2550 4040 5590 2470 7180 5490 2500 2210 7470 4270 6080 3610 6940 5890 1140 4730 2850 2980 4900 5220 6170 3700 7610 5710 1950 120 3160 1780 6100 5540 5830 7120 810 4610 220 1300 5110 7000 3420 6320 6100 3590 7680 2950 4980 6360 6530 1080 2690 7520 5900 6650 4940 2730 7050 6290 5780 5170 6050 6030 2880 1450 4030 5020 5300 6590 4000 4280 1370 1710 4120 5500 5620 7940 860 1230 2660 880 3540 1360 2150 3420 7930 5890 1440 5120 3820 2930 6450 3460 3230 850 5860 970 4650 6260 1030 4470 2640 3360 4300 4810 3980 4350 8600 2920 3160 6740 
4907 3178 3423 504 4760 784 2646 4550 3234 5418 2289 1043 1974 2114 574 4417 2597 2198 2884 2380 5222 4053 140 4830 3626 1267 4627 5474 1001 5194 4438 1295 2485 546 2681 3262 3290 651 1554 3073 28 2625 4081 3619 3318 3647 2310 2366 3003 1008 2919 3752 4844 3493 3549 5355 2905 2296 2555 4942 5621 3633 2667 3969 4256 4018 3045 2373 3227 2443 2674 2898 3619 2982 1050 4333 511 4739 2590 4459 3108 3990 4459 2912 4739 154 3619 3374 1561 826 4564 5145 3493 1666 2968 1568 4921 2723 966 4585 448 1596 350 1778 4837 3773 2317 4690 3885 875 4592 952 924 2016 3717 777 4613 4165 2212 2142 3269 1995 833 2863 3444 1960 3402 1421 2163 1463 4382 4921 1316 2765 4515 3234 2009 343 2100 1204 1134 3171 4585 3388 3899 1134 3451 3325 1631 4774 2275 4417 3633 2898 378 2604 2051 2821 2352 896 2877 3066 2933 4438 4039 3129 1330 4893 2548 2744 2989 4522 4109 2261 1533 637 4487 2800 5110 1729 1057 1638 3738 2912 3528 4774 4956 4389 2639 3073 1106 4235 5397 2968 4802 2121 5348 4102 2800 1015 504 3752 966 4935 3969 945 3808 3857 5096 4711 3906 4872 4606 4123 1708 3381 2401 1701 1302 2086 2422 1932 3724 3241 581 
3222 4194 4590 1980 4014 1980 3900 4890 4188 5154 3426 2334 2808 3432 1248 3318 3828 2502 2298 3714 4776 3666 1596 3918 4020 2676 3846 5178 924 5004 3906 1152 3522 1260 3030 3618 3846 2166 444 4296 1728 1800 3468 4356 4506 4296 1404 3582 2856 846 2844 2772 4722 4656 4674 5142 1212 3258 2628 4470 5382 3144 1968 3576 2970 2496 3534 3396 2004 2484 1548 1968 2682 3720 2544 3042 1926 3672 1986 4164 2826 3954 3360 3792 4830 1572 1932 4152 1032 1962 4446 4944 4560 1374 4182 2340 4086 1584 984 2916 2082 516 1974 1050 3834 4314 1668 2916 4470 2430 4680 2238 930 2454 4536 1386 3192 3762 2238 1404 4002 414 2280 3510 3414 198 4446 1026 2526 552 2988 4752 2016 3564 3930 2334 3366 1974 3072 798 2646 3594 4716 4272 3792 1092 4608 2064 408 4998 3516 4530 3924 4116 1536 3576 966 1554 2508 1338 2910 2190 1536 2856 4434 3096 612 3486 1098 3966 3036 2796 2616 3624 1572 1404 3054 3618 4866 2442 1968 3042 2166 2478 4554 4560 4644 3510 3936 4302 1266 4572 5322 3732 4698 2994 5166 4716 3774 1548 2052 3828 1986 4092 3504 2508 3234 3336 5046 3318 4080 3810 3102 4500 2004 3228 3318 2832 2556 2268 3606 768 3336 4140 1200 
2592 4480 5712 3624 1608 3232 4896 3824 4272 3328 3864 3400 2728 4472 3968 1272 4704 1760 704 5016 2680 1232 3800 1600 2824 3856 1416 3344 4024 3200 1464 2680 3688 3936 1904 2336 2952 3744 3392 5464 3928 1368 864 3968 5672 3688 1888 4272 912 3568 1048 760 2888 5808 5640 3368 2712 3288 1336 2248 3672 496 1128 1112 1504 1984 2512 3536 1520 1320 1792 1208 672 3200 4008 1536 3536 1520 1120 1960 656 2032 1296 3616 3320 3880 2448 3776 4744 3152 2536 3112 5168 2184 5192 2560 1744 1768 4088 2440 4232 3208 3904 2432 1608 3464 1544 2728 3760 4104 3120 3368 3856 1992 4376 3088 1904 1344 1464 1896 3520 3208 3672 2832 1448 3488 4936 2696 1864 3304 1752 2880 2544 3184 1480 808 4512 3912 3160 4112 4184 2448 3240 4192 1720 2904 5720 1544 3360 3760 4280 2968 2528 5096 4184 3592 2464 1912 1512 4504 1272 928 2088 2176 3312 1224 3928 2048 2480 4880 1344 2560 1928 5064 2200 3248 1880 3288 2952 2448 2856 4264 2128 600 5032 2568 2592 1088 5160 5520 4624 3392 3768 3288 2880 2896 3424 4128 3824 4808 3760 2040 2992 1752 968 4552 552 712 3416 1912 2488 1656 2072 3376 2016 1080 3224 3328 3416 1664 4208 4680 832 4056 3720 
3224 4528 5416 2336 3560 2056 4480 4912 4432 5056 3592 2448 2504 3904 2208 2808 4328 1768 1248 4408 4536 3048 2232 3480 3752 2992 3352 5088 2152 4864 3376 912 3600 2184 2432 3192 3616 2544 1440 5072 2408 672 2816 4464 5328 4304 264 3920 2000 1696 2008 2032 4504 5504 5440 5048 1360 3184 1784 4128 5368 2360 832 2936 2512 2208 3152 3416 1296 1592 688 968 1896 3576 2984 2608 2232 3240 824 3728 1944 3488 2864 3808 4712 2280 1880 4200 2816 1992 4136 4784 5128 512 4848 1960 3680 736 2224 2864 2824 1256 2528 488 3416 4240 400 3000 4496 2960 4504 2352 1992 1792 4776 1496 2904 3184 1296 64 3968 1296 2576 3240 2768 1568 4936 832 1832 1360 2632 4528 1616 3424 3424 1416 3872 2536 2960 2200 3160 3200 4576 4472 3248 1128 5432 1416 1408 5000 3872 4312 3568 4752 2504 3608 568 888 1680 2696 2128 1224 1072 2680 4312 2352 1992 3240 920 4528 2304 2800 2312 4368 824 1656 2752 3512 4672 2000 1776 3504 1920 1472 5064 4264 4368 2944 4640 5104 2768 4472 5320 3624 4472 2760 5080 4848 3880 3008 2480 3352 1888 3688 2840 3312 2488 2624 4960 3032 3720 3408 2880 4392 1264 2488 3208 2824 2640 1432 3912 2728 2616 4296 1968 
7020 4030 4450 230 6540 720 3320 6010 4110 7330 2760 990 2350 2550 1300 6170 3230 2800 3960 2980 7100 5480 600 6680 4710 1320 6370 7410 1900 7000 6040 1930 3040 1260 3430 4220 4220 430 2540 3960 470 3710 5570 4650 4310 4700 3330 2880 3990 1800 3870 5240 6510 4560 4610 7230 4330 2770 3340 6720 7610 4940 3720 5370 6010 5760 3890 2880 4610 3200 3860 4090 5050 3770 1030 6120 300 6590 3590 6020 4170 5300 6230 3650 6320 690 5280 4320 2730 800 6120 6930 4510 2370 3790 1830 6780 3930 1860 6580 580 2570 170 2640 6720 4900 3260 6760 5050 840 6120 870 1760 2520 4800 1160 6530 5640 2900 3070 4160 3140 680 3610 4560 3130 4360 2150 2730 2390 6210 6620 1560 3450 6170 4520 2420 180 2500 2190 1190 4080 6090 4330 5200 1750 4490 4760 2640 6340 2760 5860 4740 3680 1050 3210 3070 4090 3050 1790 3770 4300 4280 6340 5290 4130 2330 6910 3790 3450 3920 6510 5880 2830 2090 1000 6370 3500 6900 2060 1170 1880 5400 3960 4540 6430 6700 6070 3340 3960 2090 5570 7260 3740 6440 2550 7220 5350 3490 1950 220 4960 1010 6800 5380 1130 5200 5240 6840 6660 5150 6780 6550 5410 2190 4500 2920 1920 1350 2700 2960 3240 5030 4120 1230 
3894 1446 2262 1386 2832 1146 1626 2088 1362 2928 858 960 120 1326 2172 2994 1482 762 1848 1728 2886 2100 1800 3036 1296 1080 2784 2976 2454 2718 2448 1770 768 2142 714 1026 1008 1338 2478 2058 1800 2070 2322 1440 2220 1386 2124 1164 1386 2226 1278 2556 2424 2334 2226 2850 2982 450 1038 2718 3066 1986 1944 2064 3120 3258 810 642 2622 1086 2376 2220 2454 798 1290 3156 1368 3126 1830 2268 1566 1758 3012 900 2268 1878 3270 1230 3042 1122 2214 2682 1932 1674 1860 576 3006 2394 2460 3708 1788 2406 1596 2034 3126 1446 1878 3888 1572 1446 2148 1008 2328 648 1638 1596 3438 2178 1128 1974 1086 2664 1200 642 1440 2778 1770 1914 684 2370 3288 2502 900 642 2544 2280 1374 1602 324 2610 1386 930 2124 1392 1764 1824 2268 2694 2508 2274 1164 1998 1326 1782 2130 750 2292 2538 942 2556 1140 2208 2706 3522 1650 1290 2604 3576 2646 1620 1152 3738 3276 1788 1416 1644 3390 702 2688 480 1002 1266 3180 1686 1860 2424 2616 2748 1830 2100 2724 1818 2832 816 2382 126 2838 1800 948 2688 1434 1536 1032 3030 2124 1800 2154 2118 2586 3462 1590 3204 3528 1722 1008 1530 450 546 798 960 1116 3246 1926 1266 2040 
6880 7150 7460 3290 7990 3510 6390 8820 7210 9620 5870 4030 5160 5630 1820 6950 6320 5000 5090 5960 9100 7270 2520 7880 7410 4430 7730 9680 1270 9340 7720 2760 6120 1860 5850 6800 7030 3550 1730 6960 2660 4330 7050 7680 7310 7660 3670 6000 5820 1700 5770 6020 8850 7560 7660 9570 3530 5780 5340 8620 9970 6460 4580 7130 6420 5670 6570 5940 4800 5110 4010 4660 5850 6690 4110 6540 3260 7530 4570 8040 5840 7570 7030 6680 8900 2420 4730 7330 450 3530 8410 9250 7610 3320 6840 4430 8140 4070 1280 6370 3110 1970 3120 2930 7780 7770 4030 6370 7990 3850 8660 3880 1480 4830 7880 2720 6810 7440 4700 3610 7140 2140 3790 6430 6680 1790 7480 2650 5000 1840 6470 8920 3920 6400 7790 5260 5480 3110 5480 1010 4220 6720 8690 7410 7340 2530 7500 4910 1780 9080 5870 8410 7330 6740 2130 6270 2960 4060 5090 1450 5820 5020 4050 6270 8070 6170 1100 7290 3310 6530 6030 6170 5860 5760 3500 2620 6580 6470 9150 4650 3690 4950 5120 5330 7660 8640 8830 7210 6340 6950 1170 8330 9780 6690 8800 5440 9590 8340 6560 1610 3330 7300 3650 8150 7040 3750 6640 6790 9330 7020 7650 7750 6670 8190 4150 6440 5910 4960 4420 4670 6080 280 6730 7200 1970 
4688 3640 4248 888 4536 720 3312 4752 3632 5488 2616 1192 1848 2696 1040 4096 3200 1752 2344 3128 5176 3776 816 4592 3624 1696 4376 5536 1304 5240 4200 624 2744 1008 2400 3144 3320 1120 1360 3872 960 2056 3752 3896 4144 3848 1728 2840 2576 960 2496 3336 4848 4336 4328 5432 2568 2408 2096 4824 5744 3248 2096 3680 3912 3680 2952 2576 2760 1944 2152 2360 3176 3072 1600 4000 792 4464 2000 4304 2664 3832 4144 3120 4832 888 3296 3616 2104 680 4504 5176 4136 968 3688 1240 4704 2208 1328 4328 1360 1312 1056 1184 4584 3920 1696 4472 4104 1536 4648 1064 1128 1584 4112 128 4320 3912 1648 1528 3440 1736 1200 2840 3160 1808 3984 816 1736 1216 4064 4920 824 2848 4280 2736 2624 1064 2160 1496 1768 3072 4656 3752 3696 536 4272 2880 1424 4952 2760 4440 3568 3592 1192 2824 1544 2336 1872 1600 2480 2552 2496 4144 4144 2768 1472 4640 2120 3384 2632 4272 3776 3056 800 264 4184 2912 5120 1408 680 2208 3384 2392 4120 4720 4904 4072 3400 3888 1784 4352 5552 3080 4800 2080 5432 4400 3080 1864 1024 3592 696 4720 3656 1840 3440 3504 5192 4432 3840 4624 4320 4240 1104 3040 2488 1824 1472 1544 2864 2320 3384 3576 808 
5290 4440 5430 1630 4920 1220 4260 5440 4360 6180 3210 1690 1990 3520 2030 4410 4080 1530 2210 4140 5740 3980 1750 5000 4000 2360 4720 6240 2280 5890 4500 800 3280 1990 2390 3360 3680 1860 2000 4980 1920 1970 3940 4560 5320 4440 1700 3580 2480 1760 2390 3470 5400 5540 5480 6120 2980 2790 1910 5300 6510 3310 1950 3860 4250 4050 3170 3050 2900 1700 2220 2340 3280 3480 2370 4350 1510 4860 1820 4660 2580 4120 4470 3650 5440 1850 3720 4210 3270 1130 4960 5800 5140 740 4720 1220 5140 2280 2330 4870 2340 1860 1940 1270 5000 4460 1520 5080 4730 2380 5200 1570 2050 1390 4890 880 4770 4150 1310 1420 3960 2280 1870 3120 3250 2470 4920 1030 1540 1830 4450 5480 700 3230 4610 2750 3480 1940 2490 2470 2600 3300 5230 4460 3920 940 5450 3040 2040 5650 3510 4950 3880 4600 2240 3330 1730 2480 1640 2730 2390 2530 2710 4620 4680 2750 2370 5140 2410 4320 2590 4830 4160 4090 340 1080 4610 3330 5710 1360 850 3000 3750 2250 5090 5210 5420 4350 4440 5020 2940 4920 6310 3510 5340 2310 6130 5130 3670 3080 1820 3840 990 5160 3820 2860 3550 3630 5860 4890 4190 5050 4800 4790 680 3070 2860 2220 1930 1220 3580 3440 3480 4240 1730 
888 4770 5562 3378 2418 3156 4884 4536 4656 4056 4164 3438 3288 4482 3168 1404 4758 2580 1530 4872 3474 2520 3264 2142 3750 3840 2232 4050 3012 3990 2562 2274 4104 3156 2910 3360 3792 3534 2334 5328 3402 1284 2106 4530 5514 4350 1422 4440 2250 2718 2328 1164 3792 5634 5556 4104 1128 3786 2388 3144 4320 2016 1392 2436 894 246 3444 3978 714 2286 1104 1110 1182 3900 3852 960 3300 1764 1500 3060 2082 3186 1452 4158 4152 3294 432 4362 3348 3108 3534 3924 5268 2010 5148 2964 2394 1062 3072 582 3732 2214 3516 1866 1974 4212 1530 630 4434 3846 4002 3366 2928 2688 4818 2736 966 2580 2202 1584 4170 1980 3552 3624 2748 2172 5106 2172 2652 2340 810 3762 2778 3846 2520 1128 4476 3522 3642 2976 3990 3420 4098 4638 2952 2418 5574 636 2274 4488 4416 3894 3540 5070 3426 4074 1650 966 2418 3462 2484 1146 882 534 4134 2532 2784 1266 1284 4902 2586 486 366 4860 2220 2850 822 3918 3786 2952 2934 4212 186 1752 5190 3522 3492 1824 5034 5358 3468 4206 4452 3960 3792 3462 4158 4710 4266 3702 3486 3198 3024 2382 2310 4104 1968 2112 4200 1116 3534 1890 816 4188 2424 2472 3774 3630 3552 2370 4416 3102 2274 4518 3006 
1161 7650 8838 5508 3942 5202 7821 7263 7479 6453 6741 5625 5427 7209 5130 2385 7632 4365 2790 7794 5562 4194 5319 3483 6102 6228 3663 6444 4860 6372 4212 3843 6660 5121 4860 5526 6174 5751 3834 8487 5526 2412 3546 7290 8766 7011 2583 7155 3852 4446 3969 2160 6093 8946 8829 6543 1953 6174 4077 5067 6858 3456 2583 4077 1611 729 5652 6462 1566 3924 2106 2160 2205 6345 6246 1683 5400 2889 2745 4986 3600 5220 2448 6732 6660 5355 882 7038 5310 5121 5724 6273 8397 3465 8217 4941 3879 2052 4959 720 6030 3663 5715 3213 3213 6804 2781 612 7128 6228 6435 5517 4752 4527 7722 4536 1575 4275 3798 2826 6750 3276 5787 5922 4581 3537 8154 3672 4473 3861 1413 6048 4644 6264 4140 2178 7191 5715 5958 4797 6444 5616 6588 7452 4869 4041 8856 1449 3744 7182 7119 6282 5778 8100 5535 6606 2871 1890 4131 5544 4212 2214 1719 837 6678 4275 4500 1980 2277 7848 4356 468 828 7767 3798 4698 1377 6372 6066 4923 4869 6795 738 3123 8280 5679 5616 3060 8037 8532 5535 6768 7074 6435 6102 5688 6624 7542 6903 5904 5670 5247 5004 3852 3879 6597 3375 3591 6714 1791 5760 3060 1287 6750 4122 4167 6156 5931 5805 4050 7119 4905 3843 7272 4905 
4599 3591 5103 3852 2232 3402 4320 2610 3321 2646 3186 3348 2178 4005 4707 2907 4095 1566 2025 4590 2331 1107 4302 2628 1467 3672 2223 2700 4959 2394 1611 3519 2889 4662 1008 990 1692 3870 4563 4905 4374 2781 1611 2835 5094 2493 3222 3654 909 4491 873 2565 1962 5211 4968 2601 4428 2520 1197 2016 2961 1305 2484 1089 3366 3942 1287 2763 3294 1413 3339 2790 2475 2097 3951 3384 3780 2916 2358 1359 1098 810 2907 2619 2178 4410 4374 2664 5850 3330 1557 2313 4365 3069 4590 2412 2502 3339 5004 4455 4527 4383 4185 3546 2826 2205 2745 4788 2538 4149 1944 3366 4761 1791 3312 3672 3780 1206 1782 3105 2385 4572 3708 1728 99 4842 4104 3645 1602 4419 3645 2025 2691 2178 1764 2520 4104 4194 2493 5130 4113 1152 2043 3177 630 3726 5112 3348 4563 2583 3690 1746 1125 4491 4797 2727 3780 3546 1431 5328 765 2565 3789 4158 2016 486 5013 3843 4041 4266 576 4599 3888 4716 2853 3825 3789 2277 2223 2205 3015 3978 4059 1656 4185 1773 1989 2340 4671 4977 5535 2106 2853 2214 1917 2223 2628 2943 2916 5607 3969 639 3141 2547 1233 4689 1503 1350 2448 3744 1125 2979 4005 2088 2295 495 2403 2898 3204 1800 3546 5958 1017 3051 4446 
1716 4038 4764 2496 2496 2286 4074 4074 3942 3900 3378 2580 2526 3654 2304 1686 3954 1866 1008 4032 3408 2322 2382 2334 3228 2982 2316 3906 2178 3792 2484 1392 3354 2292 2292 2814 3198 2652 1530 4512 2520 534 2016 3894 4704 3744 540 3642 1758 1866 1806 1176 3546 4836 4770 3918 636 3036 1758 3078 4152 1770 720 2232 1332 948 2844 3216 366 1632 228 504 1104 3240 2982 1404 2418 2052 816 2874 1638 2844 1734 3456 3804 2412 684 3708 2580 2238 3270 3726 4512 1128 4344 2154 2538 192 2238 1428 2850 1398 2634 984 2226 3654 714 1518 3858 2970 3648 2502 2088 1944 4158 1854 1572 2412 1482 702 3528 1230 2676 2970 2328 1446 4356 1290 1932 1518 1368 3546 1932 3156 2484 804 3636 2634 2874 2172 3114 2850 3726 3948 2628 1536 4776 426 1482 4086 3606 3522 3054 4266 2556 3342 798 90 1746 2622 1944 702 162 1314 3642 2052 1986 1860 540 4098 2064 1368 1044 4008 1356 1962 1440 3222 3612 2166 2070 3360 696 1254 4452 3318 3348 1938 4206 4542 2646 3738 4194 3288 3534 2712 3960 4134 3540 2862 2604 2790 2160 2532 2130 3222 1806 1938 3930 1692 3108 2190 1512 3702 1614 2070 3036 2820 2706 1632 3624 2400 2016 3828 2136 
2865 1610 2450 1895 1630 1655 2015 1290 1465 1655 1385 1575 885 1850 2445 1970 1890 735 1310 2170 1590 1005 2185 1850 575 1715 1625 1695 2620 1490 1280 1880 1220 2420 305 230 600 1885 2480 2335 2210 1675 1275 1235 2440 1060 1860 1645 695 2380 630 1725 1245 2505 2375 1605 2570 1025 665 1455 1795 1070 1515 995 2185 2450 335 1155 2025 785 1980 1715 1660 785 1885 2200 1860 1995 1435 1075 845 655 1970 1070 1215 2245 2625 1120 3125 1625 1050 1455 2045 1675 2160 1095 1780 1985 2640 2770 2255 2390 2075 1965 1955 940 1600 2945 1120 2005 1100 1600 2510 815 1495 1890 2430 1055 970 1770 960 2535 1780 575 445 2675 1895 1970 730 2395 2340 1300 1305 825 1370 1630 1910 2085 1025 2730 1970 285 1115 1395 665 1975 2450 2070 2490 1350 1670 970 450 2105 2465 1125 2125 2105 735 2785 500 1625 2245 2605 920 480 2685 2485 2325 1980 415 2835 2435 2245 1515 1960 2420 875 1440 980 1465 1855 2480 1110 1945 1215 1365 1675 2210 2375 2910 1015 1660 850 1210 880 1605 1350 1230 2925 1950 470 1525 1805 1070 2310 1195 1125 1435 2415 590 2040 2540 970 1160 615 950 1270 1470 925 1585 3225 940 1320 2310 
3980 6250 7970 6300 280 5790 7130 4320 5920 2630 5870 5870 4690 6780 6950 1980 6880 3730 2970 7430 1570 1100 6650 910 3610 6320 550 2600 7080 2620 530 5390 5540 6910 3400 3330 4060 6390 6330 7760 6790 3790 1010 5240 7960 4810 4450 6390 2510 6510 2640 2410 2460 8080 7790 2770 5360 5140 3170 1050 3070 1620 3510 1170 2830 3850 3710 5410 3770 3300 4290 3550 2480 4600 6590 2770 6210 1560 3490 1340 2340 2150 1930 5190 3310 6760 4760 5120 8000 5710 2180 2520 7090 4780 7420 4780 540 4250 7150 4060 7070 6100 6670 5130 1260 4400 4030 4450 4750 6770 3130 5860 6860 4030 5780 5810 3050 980 3630 4460 4840 6100 6250 4230 2220 6460 6800 5430 3830 6220 3090 2340 4940 4730 360 2970 6880 6680 5090 7200 6790 3530 3340 5710 1870 5660 7970 3740 6300 4020 6440 3060 3210 7310 7170 5350 5180 4390 3460 7640 2790 3180 4570 3770 3960 2470 6990 2840 5140 7060 2700 4330 3700 7560 4730 6010 3180 4830 2250 4580 5330 6710 4260 2740 6870 1950 1750 1210 7530 7850 7810 3900 3460 4730 2500 4780 2880 5140 5540 8000 6460 2450 5490 590 1120 7370 1420 1290 3130 2880 2880 1470 3380 3980 4340 2070 5000 5500 5780 3810 6270 7940 1470 5610 6640 
2313 5742 7155 4761 1521 4329 6246 4797 5508 3879 5085 4554 3816 5769 5049 684 6030 2727 1359 6381 3024 1611 4914 1287 3762 5076 1242 3870 5058 3789 1638 3573 4887 5013 2853 3267 3969 4914 4248 6885 5076 1908 963 5112 7119 4779 2502 5553 1746 4545 1899 486 3510 7263 7065 3960 3159 4428 2250 2520 4275 990 1719 1503 1089 1863 3492 4716 1719 2232 2259 1620 567 4284 5229 1089 4662 1026 1773 2403 1467 2709 720 4770 4104 4995 2610 4914 5814 4248 3141 3690 6525 3015 6579 3609 1566 2214 5130 2223 5436 4041 5067 3195 1188 4500 2214 2574 4833 5328 3888 4500 4869 2979 5589 4095 1485 1692 2358 2574 4626 3951 4842 3879 2196 4284 6264 3546 2835 4176 1368 3456 3573 4293 1593 1080 5814 5076 4293 5121 5427 3402 4050 5400 2349 3825 7164 1692 4203 4662 5553 3753 3411 6471 5319 4770 3150 2313 2439 5634 2142 1296 2457 1935 4275 2043 4896 1584 3015 6219 2205 2412 1755 6444 3096 4284 1503 4401 3474 3492 3915 5544 2169 1377 6363 3087 3042 684 6552 6948 5751 4320 4491 4392 3519 3996 4041 5238 5013 5985 4923 2799 4068 1566 1296 5832 828 1026 4131 1449 3303 1206 1719 4329 2970 1809 4356 4491 4581 2601 5472 5679 1332 5256 4770 
2728 6040 6864 3560 4304 3376 5928 6344 5952 6200 5088 3832 4024 5328 2960 3144 5792 3264 2320 5800 5544 4104 3240 4056 5192 4360 4064 6216 2656 6048 4312 2056 5112 2960 3904 4640 5104 3800 1736 6504 3432 1624 3688 5976 6776 5808 1320 5392 3288 2344 3336 2520 5720 6960 6912 6224 168 4704 3216 5112 6536 3368 1896 3984 2560 1816 4640 4928 1424 3032 1128 1672 2448 5096 4288 2664 3464 3640 2000 4832 3152 4768 3208 5328 6040 3248 992 5720 2976 3328 5352 5968 6632 1936 6304 3456 4344 1136 2736 2312 3912 1616 3672 1520 3888 5728 1720 2296 5984 4208 5832 3712 2584 3312 6296 2648 2784 4216 2776 1504 5480 1208 3888 4752 4064 1408 6440 1856 3336 1792 2536 5720 3080 4952 4312 2080 5280 3672 4472 2560 4456 4672 5920 5992 4488 2168 6880 1456 1648 6384 5336 5656 4984 6200 3344 5128 1144 968 3152 3256 3504 1944 784 2272 5752 3680 2296 3184 600 5984 3672 2136 1984 5728 2288 2760 2592 5040 5816 3520 3184 4880 1352 2640 6576 5424 5464 3544 6056 6528 3216 5896 6584 5144 5704 4280 6272 6344 5392 3568 3688 4680 3272 4336 3848 4464 3408 3584 6224 2976 5088 3816 2624 5832 2784 3736 4728 4296 4056 2936 5392 2608 3688 5824 2800 
4932 3564 4518 1458 4266 1008 3483 4455 3483 5211 2484 1296 1332 2844 2133 3978 3303 1008 1998 3420 4878 3348 1755 4392 3159 1881 4104 5274 2421 4932 3843 1179 2511 2088 1746 2592 2862 1593 2259 4140 1863 1962 3393 3636 4428 3528 1845 2844 1998 1989 1890 3159 4491 4626 4554 5148 3069 2070 1422 4509 5499 2817 1881 3240 3915 3852 2412 2313 2826 1278 2286 2268 2988 2664 1953 4005 1359 4329 1737 3897 2133 3348 4023 2826 4491 1854 3654 3330 3321 927 4104 4860 4221 1062 3888 657 4482 2331 2457 4581 2142 2133 1773 1575 4428 3555 1584 4797 3789 2025 4275 1215 2214 828 3942 1107 4392 3492 990 1602 3096 2511 1539 2349 2601 2691 4005 1386 990 2097 4122 4572 279 2448 3942 2556 2826 1782 1800 2619 2160 2529 4293 3564 3204 1296 4545 2952 2304 4653 2790 4050 3069 3771 2241 2547 1980 2529 1170 2754 1845 2385 2763 4338 3762 2178 2547 4698 2556 3519 2007 4572 3924 3402 666 1251 4266 2538 4797 765 594 2430 3627 1944 4158 4347 4563 3843 3672 4176 2961 3987 5283 2700 4437 1620 5157 4158 2853 3033 1611 3087 747 4500 3240 2511 3051 3096 4887 4482 3366 4491 4455 3870 351 2493 2124 1611 1431 819 2835 3519 2925 3366 1872 
2625 4459 5201 2394 3353 2191 4382 4781 4382 4816 3633 2569 2695 3871 2072 2534 4256 2051 1407 4291 4312 3017 2205 3227 3773 3038 3157 4837 1911 4662 3262 1071 3647 2058 2618 3283 3668 2590 1162 4893 2366 784 2737 4410 5124 4270 371 3906 2177 1554 2198 1890 4354 5285 5236 4823 693 3290 2044 3941 5096 2387 1008 2912 2163 1729 3262 3486 1029 1876 469 959 1785 3640 3003 2254 2310 2947 1064 3633 2093 3486 2583 3836 4571 2226 1274 4179 2387 2142 4032 4592 4977 875 4711 2198 3430 511 1988 2282 2765 1001 2527 574 3129 4214 735 2359 4438 2961 4396 2471 1806 2079 4690 1610 2457 3129 1631 504 3983 854 2646 3346 2856 1106 4809 924 2107 1141 2219 4368 1883 3507 3283 1379 3829 2527 3087 1904 3157 3297 4459 4417 3262 1211 5215 1113 1106 4844 3857 4235 3598 4620 2373 3654 301 525 1960 2429 2324 1218 595 2163 4263 2499 1687 2786 294 4424 2471 2191 1848 4242 1183 1729 2310 3584 4480 2254 1988 3493 1407 1652 4928 4123 4193 2751 4508 4921 2457 4396 5089 3682 4333 2919 4858 4746 3892 2709 2513 3381 2079 3430 2814 3220 2471 2604 4774 2597 3724 3101 2394 4333 1610 2590 3311 2947 2758 1757 3899 2212 2639 4270 1883 
6000 2768 3016 512 5360 784 2120 4536 2856 5768 1776 624 1728 1512 1560 5200 2064 2320 3440 1832 5664 4456 1008 5520 3576 584 5248 5840 2048 5496 4920 2024 2040 1528 2704 3240 3144 272 2576 2624 872 3336 4608 3360 2904 3440 3088 1816 3312 1984 3192 4480 5104 3096 3152 5672 3960 1904 2776 5400 5960 4104 3312 4384 5136 5008 2952 1936 4088 2704 3512 3632 4320 2728 296 5216 600 5504 3192 4808 3488 4184 5240 2560 4880 1072 4688 3096 2672 856 4816 5448 3096 2304 2488 1480 5568 3568 2008 5656 576 2592 504 2584 5576 3632 2984 5824 3720 136 4728 624 1944 2080 3432 1416 5560 4576 2512 2872 3008 3048 312 2664 3656 3048 2992 2208 2248 2456 5312 5208 1432 2472 5024 3928 1392 512 1720 2280 400 3112 4688 3048 4144 1904 3048 4200 2656 4840 1712 4536 3640 2408 1296 2200 2944 3712 2552 1880 3080 3768 3880 5456 3992 3352 2408 5840 3520 2232 3176 5624 5088 1712 2032 1320 5440 2496 5440 1648 1136 968 4744 3384 3136 5080 5320 5056 2128 2624 2128 4224 5640 2688 5048 1824 5656 3936 2392 1944 384 3896 1000 5592 4416 584 4320 4336 5320 5648 3992 5640 5592 4080 1968 3672 2040 1232 800 2312 1888 3112 4136 2896 1528 
6830 3970 5700 5880 3380 5430 5200 1260 3610 1500 4210 5180 3770 5170 7060 4800 4970 3650 4380 5690 2070 2520 6510 4000 1460 5310 3550 1610 7430 1140 2720 5940 3790 7010 2800 1890 2050 5810 7130 5660 6540 5240 3270 2700 5750 2280 5730 4630 3160 6950 3120 4730 810 5790 5430 1300 7060 3650 3410 2240 1590 3290 4900 2630 5510 6320 2220 3770 5740 3650 5860 5220 4680 2680 5690 5490 5830 4570 4770 1780 3330 1340 4770 3180 270 6640 6930 2760 8430 5380 920 1140 4680 5490 5330 4330 3650 5850 7470 6780 6560 6940 6230 6050 4320 1820 5200 7160 2040 5970 20 5260 7210 3820 3170 5960 5880 2460 4060 5590 2600 7190 5580 2600 2190 7490 4410 6110 3650 6960 5810 990 4780 2960 2880 4860 5340 6250 3800 7650 5810 2030 240 3300 1730 6130 5680 5790 7140 920 4730 240 1370 5250 7070 3540 6330 6070 3610 7740 2960 4940 6340 6450 1220 2690 7560 5810 6640 5070 2740 6980 6230 5910 5200 6100 5950 3000 1300 4100 5090 5410 6540 3980 4430 1230 1570 4020 5640 5760 8000 1010 1140 2780 730 3630 1230 2300 3550 8000 5970 1430 5190 3700 2850 6550 3390 3160 740 5770 1000 4540 6180 1170 4510 2610 3470 4400 4900 4010 4480 8630 2860 3300 6800 
2511 5409 6750 4140 2079 3717 5796 4788 5193 4194 4644 3978 3348 5283 4383 1269 5589 2232 711 5895 3420 1836 4266 1935 3636 4518 1818 4203 4392 4059 2034 2907 4482 4347 2520 3078 3753 4302 3600 6453 4428 1260 1332 4887 6696 4590 1854 5103 1431 3879 1566 477 3726 6858 6687 4248 2646 4014 1800 2925 4581 1026 1053 1701 1314 1755 3249 4302 1251 1737 1665 1008 324 3996 4653 1377 4041 1683 1107 2664 1152 2772 1314 4446 4221 4347 2277 4662 5157 3636 3330 3960 6174 2349 6156 3060 2178 1629 4464 2304 4806 3384 4437 2538 1854 4356 1548 2619 4689 4734 3996 3915 4203 2475 5346 3438 1791 1953 1800 1917 4374 3330 4248 3582 2106 3654 5922 2880 2349 3519 1575 3699 2970 3960 2025 477 5319 4446 3852 4455 4851 3195 4131 5121 2421 3159 6759 1269 3555 4716 5094 3825 3312 6039 4662 4392 2511 1755 1953 4968 1818 666 1935 2007 4203 1818 4230 2025 2430 5787 1935 2421 1701 5931 2448 3627 1728 4077 3771 2970 3303 5013 1908 828 6039 3348 3357 1323 6084 6507 5085 4293 4707 4095 3717 3555 4311 5103 4662 5319 4302 2781 3456 2178 1530 5220 1026 1233 4320 1836 3285 1863 1935 4275 2367 1692 3960 3987 4032 2052 5040 5031 1413 4959 4104 
3270 6300 7970 5860 630 5360 7050 4750 6000 3360 5760 5510 4460 6620 6380 1240 6800 3370 2300 7290 2350 1160 6140 650 3820 6020 340 3340 6460 3310 900 4770 5470 6340 3230 3390 4170 5990 5650 7720 6290 3060 530 5410 7940 5010 3730 6290 2140 5880 2300 1600 3060 8080 7820 3480 4570 5020 2800 1800 3800 1130 2800 1120 2050 3050 3730 5310 2970 2880 3520 2790 1680 4640 6250 2000 5760 980 2810 1840 1900 2440 1190 5220 3840 6240 3950 5250 7350 5270 2710 3200 7160 4150 7370 4420 760 3480 6530 3310 6630 5410 6220 4450 830 4630 3340 3700 5000 6400 3620 5480 6240 3670 5950 5260 2330 1160 3140 3770 4950 5370 5870 4220 2190 5730 6870 4790 3480 5540 2330 2980 4500 4720 790 2200 6700 6230 4930 6560 6460 3590 3820 5830 2080 5050 7970 2940 5600 4520 6310 3510 3410 7260 6630 5310 4460 3610 3070 7050 2510 2420 3780 3000 4270 2260 6330 2200 4370 7000 2480 3560 2900 7390 4160 5470 2440 4830 2950 4250 4890 6470 3440 2140 6960 2570 2450 440 7420 7800 7210 4270 4120 4770 3090 4600 3580 5430 5540 7430 6030 2650 5060 770 930 6990 860 870 3760 2180 3170 1010 2650 4320 3860 1880 4910 5260 5470 3370 6180 7250 1210 5690 6070 
3130 1495 2360 2120 1735 1895 1990 955 1330 1465 1410 1775 1070 1890 2715 2190 1865 1050 1625 2190 1505 1125 2440 1985 250 1865 1755 1510 2910 1290 1370 2195 1215 2690 615 130 395 2090 2795 2280 2450 2005 1450 1010 2365 810 2195 1650 1000 2680 945 1995 1050 2415 2265 1395 2900 1080 995 1425 1575 1300 1845 1135 2445 2745 310 1175 2345 1120 2310 2040 1940 685 2050 2455 2095 2180 1765 1055 1140 585 2190 980 930 2500 2945 930 3410 1870 890 1260 1915 2000 2105 1350 1885 2315 2925 3045 2465 2710 2300 2290 2115 650 1935 3225 835 2185 820 1815 2800 1110 1280 2175 2680 1155 1300 2105 785 2865 1980 550 630 3000 1765 2290 1035 2710 2600 1120 1580 785 1460 1935 1960 2305 1125 3025 2120 205 815 1225 695 2280 2360 2385 2810 1020 1690 690 130 2055 2720 1100 2455 2435 1065 3055 825 1940 2575 2880 590 765 2990 2710 2660 1940 725 3120 2720 2280 1830 2240 2680 825 1275 1230 1725 1955 2785 1425 1805 1080 1255 1860 2200 2325 3185 680 1390 750 1010 1015 1380 1060 1165 3180 2170 405 1775 1910 1230 2480 1410 1320 1180 2655 345 2205 2800 640 1475 850 990 1410 1645 1250 1580 3525 1135 1170 2590 
5472 3504 3848 416 5240 696 2952 5008 3552 5992 2480 1024 2064 2328 760 4872 2872 2304 3112 2672 5760 4432 192 5328 3944 1344 5096 6048 1232 5728 4864 1360 2688 720 2864 3528 3568 632 1760 3456 200 2848 4464 3968 3736 3992 2504 2592 3224 1152 3136 4112 5336 3936 3976 5912 3240 2456 2712 5448 6216 3952 2880 4336 4704 4456 3280 2552 3544 2592 2928 3152 3960 3232 1120 4792 408 5232 2784 4888 3352 4352 4920 3160 5216 288 4032 3696 1920 744 5008 5672 3896 1752 3320 1584 5424 2976 1200 5112 584 1792 344 1912 5336 4128 2488 5240 4264 952 5048 912 1112 2096 4096 744 5112 4560 2328 2304 3560 2248 816 3080 3728 2232 3776 1512 2264 1640 4848 5416 1296 2984 4960 3520 2224 344 2224 1464 1240 3424 5040 3720 4248 1184 3880 3664 1840 5264 2496 4848 3952 3232 616 2824 2248 3096 2480 1192 3080 3344 3240 4928 4424 3368 1576 5424 2816 3048 3208 5040 4560 2544 1576 592 4976 3024 5632 1776 1000 1792 4144 3136 3920 5248 5456 4824 2968 3456 1424 4648 5968 3216 5280 2240 5912 4520 3048 1352 464 4088 896 5440 4336 1120 4152 4200 5624 5224 4264 5384 5112 4520 1752 3656 2568 1776 1336 2184 2648 2304 4056 3552 696 
4475 1045 910 1280 3700 1345 410 2505 1180 3560 730 1070 1315 250 1945 3815 445 1915 2785 165 3645 3085 1610 3875 2115 735 3665 3615 2250 3380 3370 2175 935 1930 1935 2055 1810 1125 2585 660 1515 2845 3280 1630 835 1770 2765 515 2490 2225 2405 3415 3160 960 1015 3475 3385 1075 2185 3545 3625 2995 2785 3055 3870 3890 1845 965 3325 2190 3020 3010 3325 1490 805 3910 1330 3940 2695 3165 2635 2715 3830 1240 2885 1645 3775 1515 2605 1380 3030 3365 1075 2285 610 1460 3845 3045 2225 4290 1260 2585 1290 2510 3945 1965 2635 4415 1945 910 2825 1140 2195 1775 1555 1825 4135 3145 2155 2625 1545 2865 1045 1590 2520 2880 1060 2305 1850 2505 3995 3240 1600 1360 3450 3130 195 1295 1085 2395 725 1950 2765 1345 2760 2125 930 3390 2635 2745 460 2720 2235 570 1755 1055 2745 3150 2075 2100 2290 3050 3270 4145 2255 2420 2485 4275 3100 500 2305 4290 3925 145 2080 1780 4080 1335 3400 1500 1485 410 3770 2685 1140 3220 3400 3630 350 660 2250 2395 3350 1435 3115 1245 3445 1990 1060 2085 1220 2525 1420 3865 3110 960 3140 3110 3190 4170 2470 4010 4190 2300 1900 2615 1155 935 950 2010 590 2900 2945 1285 1940 
6500 5410 5850 1560 6800 1760 4730 7110 5460 8090 4120 2280 3430 3960 210 6070 4640 3420 3960 4370 7680 5910 810 6810 5720 2730 6580 8150 490 7790 6420 1480 4360 210 4220 5140 5310 1840 1340 5360 1000 3410 5820 5920 5710 5910 2840 4290 4410 560 4330 5100 7290 5960 6020 8020 3410 4020 3840 7240 8410 5200 3550 5780 5720 5220 4880 4180 4150 3640 3330 3790 4920 4940 2440 5840 1510 6580 3470 6600 4500 6020 6130 4920 7260 740 4520 5570 1440 1770 6870 7710 5920 2100 5200 2720 6990 3400 470 6020 1570 1470 1450 2010 6770 6040 3000 6120 6240 2210 7030 2130 350 3210 6120 1070 6190 6080 3250 2660 5380 2010 2070 4700 5180 1890 5760 1540 3400 1250 5850 7380 2240 4650 6520 4330 3820 1440 3730 780 2580 5040 7040 5650 5840 1190 5890 4290 1460 7390 4170 6770 5670 5090 690 4510 2310 3490 3570 810 4320 4090 3600 5830 6360 4680 930 6630 2960 4860 4520 5890 5380 4200 2090 920 5990 4710 7630 2950 1960 3290 4760 4090 5940 7130 7350 6150 4740 5360 1000 6630 8160 4940 7230 3690 8030 6590 4810 1190 1630 5730 1910 7010 5740 2280 5420 5530 7720 6360 6020 6790 6130 6480 2600 5010 4150 3200 2670 3150 4350 1850 5400 5440 220 
3465 3829 4445 1526 3745 1372 3626 4515 3787 4886 2954 1778 2135 3094 1239 3150 3514 1736 1715 3486 4494 3213 1316 3710 3500 2233 3570 4921 1197 4697 3535 210 3017 1218 2345 3031 3304 1736 714 4123 1484 1274 3073 3934 4361 3843 875 3185 2212 798 2184 2471 4361 4529 4501 4858 1491 2695 1897 4158 5138 2653 1393 3115 2891 2569 2933 2870 1799 1736 1232 1540 2345 3171 2163 2975 1442 3514 1358 3759 2219 3465 3192 3297 4459 1351 2163 3689 1813 1330 4046 4634 4305 448 3955 1596 3864 1281 1253 3136 1883 581 1645 308 3661 3850 1008 3234 4039 2100 4284 1666 1057 1673 4165 735 3220 3332 1442 749 3514 854 1806 2919 2835 994 4151 35 1757 602 2989 4403 1218 3003 3584 1932 3038 1645 2478 1260 2303 3003 4319 3864 3283 329 4466 1897 721 4641 3129 4109 3388 3871 1519 3066 602 1358 1743 1666 2233 1757 1470 2996 3983 2471 1106 3528 1106 3682 2387 3059 2674 3423 644 847 3087 3073 4550 1694 1239 2681 2275 1862 4270 4193 4312 3234 3724 4144 1736 4144 5040 3199 4333 2359 4879 4333 3297 1939 1645 3297 1295 3871 3059 2338 2786 2884 4725 3339 3577 3668 3192 4060 1155 2646 2744 2254 1995 1463 3199 1813 2842 3710 1036 
3270 3050 3250 1125 3600 1225 2700 3885 3080 4325 2410 1490 2050 2315 395 3160 2660 2000 2155 2505 4095 3195 745 3580 3185 1705 3480 4355 105 4180 3435 925 2530 415 2415 2885 2985 1260 590 3000 825 1825 3115 3305 3175 3295 1515 2485 2455 365 2420 2680 3935 3300 3340 4295 1645 2360 2190 3865 4495 2810 1920 3125 2945 2640 2765 2440 2140 2080 1725 2005 2595 2810 1555 3005 1100 3435 1900 3560 2480 3295 3195 2810 3940 700 2235 3130 395 1230 3715 4140 3300 1230 2930 1690 3685 1760 115 3020 1085 695 1055 1105 3540 3355 1645 3050 3460 1430 3825 1410 210 1910 3410 835 3165 3280 1880 1445 3035 910 1375 2685 2865 795 3225 910 1995 595 2995 3975 1435 2665 3475 2295 2245 1050 2210 70 1615 2840 3835 3175 3195 795 3270 2205 640 4015 2425 3695 3150 2875 595 2600 1195 1785 2055 380 2430 2175 1815 2945 3510 2610 230 3395 1465 2765 2530 2940 2725 2410 1280 780 3060 2700 4095 1795 1315 1975 2385 2250 3315 3840 3945 3240 2690 3000 350 3640 4385 2810 3910 2185 4305 3635 2750 565 1155 3155 1290 3690 3095 1430 2915 2975 4160 3260 3320 3540 3120 3565 1580 2760 2420 1950 1680 1850 2520 575 2930 3070 455 
3105 2040 2920 2770 1410 2540 2615 880 1865 785 2065 2440 1735 2550 3325 2095 2495 1595 1890 2835 890 945 3070 1715 695 2545 1490 830 3495 615 1070 2725 1860 3305 1190 790 990 2755 3310 2870 3095 2320 1325 1445 2935 1230 2575 2295 1285 3245 1275 2050 370 2970 2800 725 3235 1750 1440 900 910 1330 2155 1000 2440 2845 985 1835 2560 1565 2630 2305 2025 1310 2725 2435 2745 1990 2090 610 1365 360 2080 1590 450 3135 3155 1435 3995 2510 245 585 2430 2485 2700 1980 1555 2625 3515 3075 3130 3215 2955 2760 1875 1000 2315 3265 1150 2860 325 2475 3385 1690 1700 2765 2630 925 1765 2515 1330 3325 2645 1220 800 3480 2290 2800 1600 3230 2595 440 2185 1435 1150 2115 2625 2960 1800 3600 2800 880 410 1730 550 2830 2915 2585 3315 760 2340 255 560 2655 3350 1745 2885 2735 1555 3670 1205 2160 2865 2910 730 1060 3545 2600 3025 2555 1100 3175 2800 2930 2355 2840 2660 1465 600 1865 2350 2630 2955 1685 2310 445 630 1710 2830 2920 3795 680 800 1370 330 1695 720 1320 1780 3810 2825 445 2410 1580 1115 3155 1380 1265 570 2575 330 1980 2780 730 2020 1000 1665 2085 2320 1760 2220 4080 1115 1705 3190 
4422 3348 3456 1092 4578 1320 2826 4560 3414 5262 2598 1554 2346 2382 420 4164 2802 2472 2892 2556 5058 4020 666 4596 3762 1710 4446 5304 576 5076 4332 1410 2784 444 2922 3438 3480 1206 1254 3156 678 2574 3990 3756 3360 3786 2232 2634 3114 834 3054 3588 4776 3510 3582 5214 2526 2628 2754 4800 5442 3612 2652 3942 3960 3654 3264 2688 3018 2640 2520 2802 3474 3222 1494 4032 1104 4470 2604 4404 3180 4026 4206 3150 4710 594 3216 3552 768 1350 4530 5028 3582 1776 3090 1974 4698 2562 510 4128 858 1356 924 1734 4578 3894 2328 4182 3990 1320 4578 1482 630 2328 3834 1098 4242 4116 2418 2124 3462 1656 1362 3108 3540 1542 3516 1452 2448 1224 4038 4836 1728 3036 4392 3126 2286 918 2460 684 1536 3366 4572 3552 3936 1236 3480 3096 1320 4746 2556 4428 3756 3030 336 2892 1902 2610 2580 162 3036 2982 2676 4020 4122 3252 870 4506 2274 2916 3144 4044 3750 2424 1746 978 4122 3060 4992 2118 1524 1974 3372 2958 3624 4698 4848 4200 2784 3144 336 4290 5268 3204 4740 2484 5214 4176 3048 222 1080 3840 1464 4710 3924 1218 3750 3810 5004 4344 3990 4590 4206 4194 2004 3456 2718 2118 1776 2340 2694 1158 3720 3432 606 
6903 5337 5409 2007 7236 2367 4500 7209 5445 8280 4221 2691 3897 3852 990 6588 4473 4095 4689 4059 7974 6408 1386 7254 6021 2889 7038 8343 1071 8001 6876 2457 4509 1026 4770 5544 5598 2151 2097 4959 1377 4185 6354 5985 5265 6039 3663 4257 5049 1539 4968 5715 7551 5490 5616 8208 4005 4302 4509 7587 8550 5787 4320 6291 6255 5760 5274 4374 4824 4347 4077 4527 5553 5193 2547 6363 2025 7047 4257 6993 5148 6426 6642 5076 7452 1269 5058 5679 1026 2412 7182 7929 5652 3015 4887 3348 7416 4140 981 6453 1584 2277 1737 2916 7218 6210 3825 6525 6345 2277 7254 2583 1206 3879 6084 2025 6669 6561 4005 3501 5553 2682 2385 5040 5697 2475 5562 2502 4059 2079 6363 7641 2979 4914 6966 5022 3699 1719 4050 1161 2583 5427 7245 5661 6291 2196 5445 4941 2196 7497 4131 7029 6021 4797 882 4680 3132 4203 4257 405 4941 4806 4275 6309 6561 5265 1458 7074 3663 4635 5103 6318 5904 3861 2988 1854 6480 4950 7875 3555 2673 3249 5319 4806 5724 7434 7659 6660 4401 4941 441 6804 8280 5166 7497 4095 8208 6615 4914 45 1971 6147 2574 7434 6264 2052 5994 6084 7893 6831 6363 7236 6597 6660 3393 5571 4437 3528 3015 3897 4347 1665 5958 5481 1269 
3199 3885 4571 1729 3507 1533 3752 4445 3829 4718 3031 1918 2149 3227 1512 2877 3633 1652 1477 3640 4298 3010 1568 3458 3423 2387 3325 4746 1456 4536 3318 413 3073 1491 2261 2947 3255 1925 889 4256 1729 1008 2842 3934 4494 3822 609 3290 2030 1064 2016 2205 4207 4655 4613 4697 1316 2730 1764 3955 4977 2429 1134 2905 2618 2310 2870 2919 1533 1589 966 1267 2079 3164 2338 2702 1645 3255 1113 3570 2016 3311 2926 3318 4333 1603 1932 3696 2058 1484 3885 4466 4389 315 4081 1631 3619 1015 1519 2877 2121 735 1869 105 3402 3808 749 2975 4011 2296 4158 1820 1323 1624 4179 959 2947 3122 1309 476 3507 889 1981 2891 2674 1085 4228 308 1687 798 2716 4242 1274 3010 3360 1666 3185 1876 2520 1512 2492 2933 4207 3892 3122 581 4592 1631 875 4550 3234 3990 3290 3990 1785 3108 427 1106 1631 1932 2086 1491 1232 2730 3906 2310 1344 3255 917 3801 2240 2807 2408 3591 609 1085 2814 3080 4375 1708 1351 2835 2023 1638 4347 4018 4130 2982 3864 4277 2002 4060 4900 3199 4179 2380 4718 4305 3346 2212 1855 3157 1428 3626 2842 2562 2555 2660 4585 3066 3458 3402 2919 3983 1106 2464 2772 2338 2114 1365 3290 2016 2632 3738 1309 
4030 4930 6540 4420 1920 3910 5580 3950 4650 3490 4280 4020 2950 5120 5090 2200 5330 1880 1390 5790 2800 960 4770 2160 2720 4510 1780 3520 5260 3280 1450 3580 4020 5050 1760 2140 2920 4520 4610 6260 4900 2290 980 4200 6510 3830 2870 4810 640 4700 790 1760 2860 6660 6420 3500 4080 3550 1310 2300 3890 410 1950 810 2660 3310 2400 3850 2680 1410 2880 2190 1670 3290 4750 2680 4320 2320 1870 1790 470 1720 2210 3840 3330 4880 3860 3980 6210 3820 2410 3180 5790 2990 5920 2930 2180 2860 5320 3870 5190 4390 4790 3420 2300 3530 2380 4240 3900 4920 3080 4000 5040 2180 4720 3940 3130 1120 1740 2810 3660 4490 4390 2840 980 4830 5500 3650 1980 4480 2970 2870 3050 3320 1550 1790 5190 4800 3430 5400 4960 2300 3230 4520 1340 3840 6550 2720 4590 3870 4830 2890 2330 5800 5290 3880 3570 3070 1590 5780 1000 1890 3320 3540 3320 800 5220 3230 3720 5540 1010 4030 3240 5890 2890 4140 3130 3440 3000 2740 3450 4950 3480 1030 5610 2500 2600 1680 5940 6340 5970 3410 3950 3410 2840 3110 3560 4360 4130 6130 4580 1710 3610 2210 770 5510 690 640 3500 3100 2280 2430 3370 3390 2450 530 3440 3750 3960 1920 4710 6220 420 4360 4780 
4482 810 1710 1752 3210 1584 1170 1800 726 2946 450 1290 714 1032 2616 3516 1020 1380 2448 1386 3048 2454 2208 3456 1206 1200 3192 3006 2934 2730 2790 2364 216 2586 1158 1146 846 1644 3048 1554 2166 2706 2754 912 1692 954 2766 738 1896 2742 1794 3126 2460 1782 1650 2844 3618 228 1608 2940 3036 2460 2568 2436 3690 3870 894 186 3246 1680 3012 2850 3024 468 1446 3720 1758 3600 2454 2490 2088 1938 3528 306 2160 2280 3906 708 3492 1584 2304 2706 1308 2304 1344 1164 3384 3036 2928 4308 2058 2988 1920 2652 3570 1116 2514 4494 1164 1626 2076 1374 2820 1278 1044 2124 4002 2514 1752 2610 630 3264 1488 582 1776 3366 1146 2514 1302 2940 3864 2550 1488 300 2892 2880 1128 1926 414 3096 1482 1014 2016 780 2016 2394 1716 3318 3084 2046 786 1944 1350 1278 2514 114 2916 3180 1542 2958 1632 2820 3348 4122 1428 1728 3120 4116 3282 1122 1602 4350 3882 1494 2040 2148 3966 276 2748 1098 1524 1176 3810 2268 1230 2532 2748 3216 1410 1602 3132 1596 2730 414 2406 522 2814 1332 312 3048 1764 1710 1524 3414 2526 1932 2622 2562 2520 4014 1632 3666 4104 1488 1644 1944 186 726 1068 1596 660 3744 2346 648 2514 
4180 740 1560 2360 2760 2215 1420 805 575 2050 1145 1975 1425 1540 3080 3255 1330 1810 2595 1710 2320 2170 2740 3030 845 1875 2795 2105 3340 1875 2395 2805 960 3055 1445 1095 710 2265 3395 1575 2705 2905 2510 135 1590 250 3025 1250 2005 3170 1935 3035 1710 1600 1415 1940 3750 1085 1890 2335 2050 2360 2765 2190 3495 3755 1000 1030 3305 1990 3195 2985 2970 675 2075 3510 2365 3240 2675 2005 2160 1565 3250 640 1310 2800 3890 310 3810 2210 1680 1880 1040 2710 1420 1810 2910 3205 3335 4080 2600 3335 2495 3010 3165 445 2785 4255 285 2230 1305 2045 3240 1785 270 2645 3735 2190 2120 2910 430 3545 2135 880 1690 3645 915 2925 1765 3305 3650 1800 2085 790 2485 2930 1640 2505 1235 3475 2090 1025 1210 405 1720 2850 1550 3355 3425 1065 1315 1245 1050 1395 2995 860 3215 3330 1895 3365 1795 2915 3470 3915 710 1790 3485 3775 3480 1340 1725 4145 3745 1840 2500 2675 3730 750 1960 1730 2150 1780 3765 2405 910 1875 2060 2925 1635 1625 3510 805 1720 650 1665 1270 1895 240 745 3435 2365 1425 2155 2935 2290 2460 2470 2385 1610 3715 1205 3260 3850 725 2145 1905 1020 1505 1785 2015 1175 4010 2195 460 2990 
3540 2532 3588 3276 1524 2988 3192 1230 2322 984 2508 2892 2058 3090 3912 2334 3042 1824 2112 3444 990 954 3618 1884 900 3036 1614 1032 4104 792 1110 3162 2274 3882 1356 942 1242 3264 3858 3516 3654 2634 1410 1842 3600 1584 2946 2796 1404 3798 1392 2286 498 3648 3456 930 3726 2112 1614 954 1170 1422 2430 1020 2748 3234 1188 2232 2904 1758 3000 2604 2256 1620 3252 2736 3240 2208 2358 570 1482 276 2316 1962 714 3690 3612 1812 4704 2952 258 750 3012 2868 3312 2316 1698 2994 4128 3510 3714 3738 3498 3186 2076 1314 2634 3738 1506 3402 570 2922 3966 1950 2160 3234 2976 930 2004 2880 1674 3864 3138 1482 822 4050 2844 3252 1836 3768 2934 558 2550 1758 1206 2370 3174 3504 2160 4224 3342 1056 678 2172 492 3294 3582 2928 3864 1092 2844 486 708 3252 3954 2136 3330 3126 1758 4326 1326 2430 3282 3312 1014 1140 4152 2940 3486 3126 1200 3630 3180 3552 2718 3330 3012 1800 726 2178 2754 3162 3372 1872 2868 474 690 1872 3444 3576 4470 972 1092 1692 462 2016 942 1728 2190 4500 3342 438 2826 1728 1158 3762 1476 1338 816 2910 432 2202 3156 1020 2328 1050 2010 2490 2754 2010 2712 4788 1164 2130 3744 
1547 4606 5649 3521 1701 3199 4900 4088 4445 3514 4011 3430 2989 4487 3612 763 4739 2128 889 4963 2863 1708 3563 1484 3220 3864 1484 3514 3577 3430 1778 2464 3885 3591 2366 2793 3325 3661 2898 5404 3703 1106 1239 4207 5607 3969 1540 4361 1512 3178 1624 133 3192 5733 5600 3563 1953 3521 1806 2471 3822 1120 1022 1610 630 994 2933 3745 826 1743 1302 847 154 3514 3955 686 3437 1169 1106 2338 1295 2499 812 3864 3612 3626 1519 4032 4130 3136 2891 3353 5208 2044 5180 2744 1729 1260 3640 1393 4025 2737 3738 2114 1358 3780 1393 1638 4039 4004 3444 3374 3444 2303 4564 2919 1008 1778 1757 1638 3808 2632 3626 3192 2016 2884 5005 2415 2212 2856 826 3164 2639 3486 1750 462 4508 3745 3388 3605 4109 2884 3556 4389 2219 2660 5656 798 2856 4018 4354 3318 2961 5096 3857 3822 2030 1316 1911 4053 1820 630 1407 1155 3647 1813 3416 1218 1869 4893 1904 1491 938 4984 2163 3066 945 3577 3192 2681 2884 4263 1183 1036 5096 2877 2856 1029 5117 5453 4123 3710 3955 3591 3192 3164 3626 4361 4025 4326 3647 2527 3010 1722 1463 4375 1064 1232 3668 1057 2919 1323 1106 3703 2177 1694 3479 3479 3493 1960 4312 3983 1421 4263 3402 
7200 5190 6890 7180 3510 6720 6480 2180 4840 640 5540 6500 5080 6490 8320 5180 6260 4860 5280 6990 1730 3100 7800 4140 2800 6650 3770 720 8660 630 3050 7110 5110 8270 4040 3190 3380 7130 8270 6890 7840 6170 3770 3890 6950 3510 6720 5940 4160 8160 4150 5350 1030 6970 6600 460 7970 4990 4530 2190 350 4000 5830 3240 5980 6920 3550 5110 6520 4770 6780 6080 5340 4010 7030 5940 7130 4800 5730 2180 4260 2300 5130 4480 1190 7920 7670 4010 9660 6670 1490 740 5850 6620 6570 5610 3720 6760 8700 7250 7880 8070 7540 7140 4490 3060 6210 7640 3220 7300 1330 6570 8440 5050 4310 7200 6260 2980 5180 6620 3890 8270 6900 3940 3210 8580 5600 7260 4870 8120 6270 1020 6040 4300 3150 5640 6660 7560 5140 8870 7150 3350 1430 4520 2590 7320 6870 6550 8280 1660 6040 1570 2680 6500 8360 4870 7380 6960 4770 9010 4050 5760 7210 6940 2470 3730 8760 6080 7600 6340 3840 7490 6790 7220 6370 7350 6380 4330 990 5380 6360 6750 7220 4900 5590 1410 1490 4380 6910 6990 9250 2210 370 4100 1060 4960 360 3370 4850 9280 7280 2550 6470 3760 3440 7880 4010 3770 590 6100 2260 4710 6590 2390 5710 3550 4810 5730 6230 5180 5780 9820 3580 4540 8050 
5904 1206 558 2142 4824 2214 450 3060 1416 4452 1218 1878 2052 774 2922 5052 600 2790 3858 402 4638 4074 2526 5064 2748 1482 4800 4518 3294 4236 4410 3210 1404 2904 2730 2760 2400 1956 3708 282 2406 3972 4356 1986 456 2202 3894 900 3438 3270 3336 4602 3996 600 738 4338 4656 1662 3096 4554 4500 4038 3888 4056 5154 5220 2514 1488 4548 3120 4200 4158 4494 2022 1572 5196 2196 5178 3780 4104 3624 3546 5070 1674 3600 2568 5106 1908 3690 2256 3876 4230 990 3330 390 2292 5004 4230 3258 5694 2088 3708 2142 3606 5166 2472 3726 5850 2388 1686 3552 1962 3228 2634 1800 2796 5478 4140 3108 3732 1998 4044 1854 2202 3396 4062 1062 3366 2712 3612 5316 4098 2490 1902 4512 4284 792 2148 1728 3462 1470 2634 3462 1614 3642 3156 582 4626 3768 3360 888 3444 2934 414 2682 1524 3888 4356 2976 3084 3186 4194 4506 5514 2832 3318 3576 5628 4314 516 3186 5700 5256 498 3078 2742 5418 1854 4296 2322 2370 1092 5088 3726 1122 4110 4332 4800 228 246 3258 2988 4134 1944 3942 1926 4296 2376 1446 3048 2064 3324 2298 5028 4134 1698 4200 4152 3966 5508 3204 5250 5550 2874 2832 3546 1734 1638 1716 2934 966 4056 3948 1590 2922 
1200 5848 7000 4392 2344 4048 6128 5280 5664 4536 5120 4360 3952 5640 4352 1024 5952 2968 1520 6176 3752 2520 4368 1992 4296 4872 2096 4528 4240 4456 2536 3056 5000 4328 3288 3800 4400 4576 3400 6712 4536 1520 1944 5416 6944 5144 1920 5520 2336 3808 2456 720 4208 7096 6960 4608 2048 4584 2632 3312 4888 1880 1528 2416 416 568 3952 4832 888 2536 1552 1216 792 4608 4944 512 4296 1512 1656 3224 2088 3448 1080 5000 4720 4424 1328 5208 4800 3976 3880 4368 6520 2616 6456 3616 2320 1496 4320 984 4936 3216 4624 2584 1784 4936 1880 1264 5232 4976 4520 4280 4104 3152 5816 3632 752 2592 2512 2080 4952 3008 4560 4240 2912 3288 6296 2968 3064 3368 480 4168 3448 4568 2488 952 5648 4632 4416 4240 5128 3904 4656 5608 3136 3272 7008 792 3336 5192 5504 4392 3992 6360 4656 4936 2400 1480 2728 4816 2680 1080 1496 720 4784 2680 4000 1112 2080 6136 2784 1096 472 6184 2816 3792 600 4672 4184 3560 3712 5344 904 1752 6408 3840 3792 1552 6360 6760 4864 4856 5080 4696 4216 4160 4680 5600 5176 5136 4544 3496 3840 2304 2240 5376 1792 1984 4760 896 3944 1688 752 4848 2936 2552 4544 4480 4456 2744 5472 4568 2216 5464 4112 
3976 2303 3472 2674 2233 2338 2863 1820 2100 2296 1988 2240 1274 2632 3437 2709 2688 1036 1799 3087 2184 1358 3080 2541 826 2443 2226 2345 3682 2065 1750 2632 1757 3402 441 350 875 2667 3472 3318 3115 2324 1736 1764 3465 1519 2590 2345 945 3339 854 2373 1722 3556 3367 2226 3577 1477 917 1995 2492 1456 2100 1344 3017 3395 511 1659 2807 1085 2751 2380 2282 1148 2674 3038 2632 2751 1988 1463 1148 882 2716 1547 1694 3164 3647 1610 4382 2296 1442 2016 2912 2338 3073 1554 2450 2758 3710 3836 3185 3346 2933 2744 2688 1351 2226 4081 1603 2842 1526 2268 3528 1148 2135 2660 3360 1428 1351 2464 1393 3542 2520 847 574 3738 2702 2758 1029 3360 3234 1792 1841 1197 1869 2247 2716 2940 1477 3836 2793 434 1561 1995 889 2772 3479 2870 3486 1897 2387 1351 637 2996 3472 1624 2968 2926 1022 3920 672 2247 3122 3605 1309 630 3766 3437 3241 2821 546 3934 3374 3185 2121 2758 3346 1274 1995 1393 2072 2639 3437 1526 2772 1666 1876 2296 3143 3374 4088 1435 2310 1232 1673 1274 2226 1925 1771 4116 2758 630 2156 2478 1449 3262 1624 1526 1995 3339 819 2807 3514 1379 1631 812 1379 1813 2093 1295 2261 4522 1267 1890 3248 
5382 216 1110 2526 3894 2430 1008 1734 246 3210 984 2094 1680 1266 3414 4356 924 2328 3384 1368 3486 3156 2988 4188 1620 1854 3912 3276 3756 2994 3456 3294 876 3384 2028 1788 1332 2376 3954 1128 2922 3666 3522 690 1146 942 3732 948 2766 3612 2664 4014 2784 1158 948 3084 4584 1170 2526 3468 3222 3276 3522 3162 4578 4800 1590 1008 4200 2616 3978 3798 3924 1056 2076 4608 2550 4392 3408 3042 2952 2490 4362 744 2328 3054 4866 696 4278 2442 2712 2994 498 3258 954 2118 4074 3996 3744 5232 2718 3906 2646 3606 4332 1224 3480 5424 1092 2256 2304 2184 3654 2244 450 3012 4884 3198 2712 3576 864 4194 2226 1326 2514 4284 336 3450 2262 3846 4758 2886 2424 1062 3564 3804 1386 2658 1350 3930 2058 1674 2202 342 2646 3312 1098 4266 3996 2040 1032 2220 1848 936 3258 852 3876 4140 2478 3702 2496 3762 4308 5040 1578 2550 3978 4968 4248 900 2442 5280 4806 1536 2994 3012 4860 990 3084 2058 2430 1632 4764 3180 354 2946 3174 4008 1242 1188 3888 1710 2826 984 2730 1488 3030 1032 648 3750 2508 2298 2412 4104 3270 2472 3432 3342 2694 4878 2088 4434 4998 1608 2610 2736 1152 1566 1860 2556 882 4572 3120 408 3336 
4816 2422 2842 301 4256 266 2030 3745 2450 4704 1519 231 1190 1484 1316 4102 1939 1603 2562 1855 4564 3479 833 4389 2842 602 4151 4760 1708 4466 3878 1421 1694 1288 1988 2506 2492 259 2023 2506 791 2492 3591 2807 2751 2828 2296 1652 2464 1561 2359 3472 4123 2919 2926 4620 3115 1484 1995 4319 4886 3150 2457 3409 4053 3955 2275 1568 3150 1925 2667 2744 3332 2170 546 4116 308 4368 2345 3815 2611 3290 4137 2100 3969 917 3710 2569 2338 322 3857 4424 2800 1617 2359 882 4431 2709 1694 4529 770 2009 532 1897 4431 2961 2177 4676 3073 560 3829 147 1589 1393 2926 931 4424 3584 1750 2107 2457 2394 189 2065 2800 2429 2681 1596 1540 1904 4207 4207 805 1953 3969 2996 1421 539 1288 1911 700 2408 3808 2597 3241 1351 2863 3248 2086 3976 1575 3654 2870 2275 1190 1799 2219 2842 1792 1708 2275 2856 2996 4347 3241 2520 1981 4662 2723 2100 2366 4501 4025 1792 1358 889 4319 1988 4403 1036 546 1050 3738 2513 2807 4081 4284 3976 2093 2520 1911 3437 4634 2156 4074 1323 4613 3290 2002 1827 350 3045 427 4452 3430 952 3339 3353 4340 4494 3164 4487 4459 3325 1274 2786 1589 889 504 1582 1694 2660 3185 2450 1225 
3402 3087 4277 3283 1421 2926 3682 2128 2870 1876 2800 2905 2016 3437 3899 2044 3507 1477 1596 3892 1540 546 3612 1750 1351 3171 1428 1911 4081 1701 931 2933 2569 3871 1106 1043 1582 3304 3717 4130 3675 2212 987 2457 4270 2177 2590 3164 805 3703 826 1862 1386 4361 4165 1862 3486 2289 1148 1267 2142 847 1974 546 2450 2961 1302 2471 2534 1295 2639 2177 1806 1932 3388 2457 3220 2009 1897 777 868 546 2037 2345 1673 3696 3360 2338 4767 2870 1064 1631 3689 2562 3885 2163 1638 2632 4116 3325 3815 3570 3542 2905 1918 1925 2233 3584 2184 3535 1498 2919 3920 1666 2835 3094 2758 616 1582 2527 2128 3682 3185 1652 259 3913 3486 3017 1519 3612 2667 1407 2359 2009 1057 1911 3514 3549 2268 4200 3514 1183 1603 2744 294 3101 4277 2562 3717 2058 3192 1365 1064 3808 3990 2436 3052 2786 1344 4389 812 1974 2961 3094 1722 560 4095 2772 3213 3633 686 3451 2905 3990 2422 3220 2772 2079 1540 2009 2625 3416 3094 1323 3542 1183 1309 1561 3955 4186 4543 1757 2128 2023 1365 2051 1890 2492 2576 4613 3374 567 2723 1666 679 3955 959 819 1813 2709 959 2044 2940 1764 2016 371 2191 2576 2807 1631 3080 4823 567 2653 3696 
4592 3108 4326 4305 2107 3983 3962 1211 2856 728 3234 3836 2842 3913 5096 3171 3794 2667 3031 4291 1106 1603 4725 2548 1295 3962 2247 798 5334 469 1680 4249 2947 5061 2100 1519 1715 4270 5068 4291 4760 3647 2114 2226 4361 1932 4018 3542 2212 4977 2198 3185 224 4389 4144 609 4921 2821 2450 1260 854 2191 3409 1694 3689 4298 1778 2926 3948 2618 4074 3605 3157 2163 4221 3668 4270 2968 3332 1015 2303 903 3143 2534 420 4816 4767 2261 6027 3941 413 462 3619 3913 4060 3199 2282 4067 5355 4578 4802 4928 4557 4284 2779 1610 3654 4851 1778 4410 357 3885 5173 2800 2562 4305 3927 1547 2905 3934 2142 5082 4116 2079 1540 5292 3430 4354 2674 4956 3899 350 3493 2359 1778 3325 4025 4571 2912 5474 4312 1631 504 2653 1134 4396 4319 3969 5075 931 3612 455 1169 4004 5124 2772 4459 4221 2611 5572 2114 3395 4396 4354 1197 1904 5397 3850 4641 3871 1967 4732 4221 4438 3731 4410 3990 2387 560 3038 3724 4053 4473 2758 3444 553 770 2611 4263 4361 5747 1057 693 2240 168 2772 588 1960 2800 5768 4375 1057 3801 2317 1848 4816 2240 2072 378 3836 861 2933 4144 1169 3262 1799 2695 3318 3654 2898 3437 6146 1890 2639 4900 
2550 3840 4404 1902 3198 1776 3702 4266 3792 4392 3102 2118 2352 3246 1500 2514 3606 1884 1494 3588 3984 2868 1674 3096 3390 2508 3030 4416 1332 4248 3096 780 3144 1494 2400 2982 3270 2082 666 4128 1818 984 2658 3870 4332 3768 594 3318 2100 1044 2106 1956 3978 4476 4446 4386 690 2850 1932 3672 4626 2340 1158 2778 2190 1794 2934 3006 1218 1788 744 1152 1866 3210 2448 2268 1830 2862 1188 3384 2052 3222 2556 3348 4134 1686 1332 3666 1710 1734 3702 4194 4260 768 3984 1902 3270 780 1392 2256 2172 534 1986 414 3018 3744 876 2298 3924 2388 3984 2028 1248 1878 4086 1218 2442 2964 1560 624 3504 396 2148 2970 2676 612 4128 630 1926 660 2238 4002 1596 3078 3120 1518 3204 1986 2670 1308 2574 2976 4032 3840 3042 858 4422 1290 612 4344 3264 3840 3264 3906 1776 3168 174 780 1842 1782 2196 1374 804 2160 3810 2364 1122 2724 396 3750 2328 2160 1902 3534 1026 1302 2310 3144 4098 1968 1644 2898 1494 1692 4230 3792 3870 2688 3786 4146 1788 3936 4596 3240 3960 2544 4416 4182 3372 2022 1998 3114 1704 3270 2706 2580 2424 2532 4320 2562 3390 2994 2376 3876 1446 2472 2880 2502 2298 1632 3318 1554 2544 3708 1362 
350 6146 7126 4683 2821 4417 6349 5635 5992 4837 5488 4718 4459 5901 4466 1617 6202 3605 2338 6363 4109 3157 4571 2422 4795 5180 2618 4816 4284 4802 3108 3416 5397 4452 3920 4368 4893 4858 3493 6867 4732 2191 2639 5782 7077 5544 2408 5824 3087 3941 3192 1652 4613 7210 7098 4921 2058 5026 3332 3731 5145 2660 2268 3080 1064 721 4501 5243 1526 3241 2037 1953 1729 5075 5215 1085 4592 1946 2394 3745 2870 4018 1652 5411 5103 4606 1218 5600 4662 4354 4340 4725 6734 3087 6650 4130 2737 1988 4361 182 5110 3353 4858 2940 2191 5355 2492 126 5614 5222 4935 4648 4186 3759 6132 3948 875 3206 3192 2590 5376 3073 4872 4746 3584 3283 6538 3297 3696 3500 854 4564 3934 5033 3038 1841 5901 4858 4872 4242 5376 4459 5061 5943 3738 3584 7140 1421 3423 5537 5803 4830 4529 6559 4767 5341 2702 1890 3402 4809 3388 1918 1799 413 5215 3388 4018 1120 2268 6363 3479 210 679 6363 3318 4081 777 5124 4550 4095 4137 5614 987 2562 6636 4277 4200 2177 6538 6909 4816 5264 5369 5152 4627 4648 4991 5936 5558 5089 4809 4074 4249 2709 2919 5537 2555 2716 5096 1015 4466 2058 637 5264 3507 3262 4998 4893 4837 3395 5782 4361 2940 5817 4277 
7024 1040 1224 2320 5544 2320 304 3400 1256 5144 728 1840 1864 408 3472 5856 152 2856 4296 592 5336 4544 2912 5856 2840 1384 5512 5232 3952 4856 5000 3616 992 3440 2752 2816 2368 2088 4376 896 2784 4488 4912 1984 1144 2224 4432 312 3704 3840 3560 5272 4512 1320 1280 5000 5496 1320 3248 5208 5232 4496 4360 4520 6008 6136 2480 1096 5248 3296 4824 4728 5128 1856 1616 6072 2376 6016 4208 4608 3944 3872 5880 1416 4040 2984 6040 1816 4584 2360 4336 4840 1192 3704 664 2248 5784 4864 3920 6760 2440 4344 2416 4112 6000 2552 4184 6976 2496 1832 3952 1968 3840 2664 1848 3120 6440 4632 3304 4216 1880 4776 1912 2064 3640 4840 1120 3824 2752 4240 6232 4648 2560 1672 5136 4864 552 2424 1424 4184 1536 2640 3848 1512 3976 3576 1248 5352 4448 3784 312 3800 3072 560 3208 1168 4488 5040 3104 3784 3360 4752 5248 6520 3016 3536 4296 6632 5040 344 3360 6784 6176 784 3360 3080 6368 1616 4912 2264 2448 944 5984 4104 1256 4648 4936 5512 592 944 4024 3240 4776 1760 4440 1688 4952 2552 1112 3800 2256 3568 2376 5816 4624 2032 4712 4648 4528 6472 3440 6112 6544 3088 2976 3840 1424 1368 1576 3072 400 5024 4376 1424 3416 
4648 3928 5328 4880 1776 4496 4816 1968 3640 864 3912 4392 3288 4688 5688 3016 4624 2896 3048 5160 768 1288 5312 2280 1752 4608 1944 904 5912 688 1304 4624 3600 5648 2320 1816 2216 4880 5528 5248 5368 3768 1848 2968 5352 2624 4224 4296 2200 5496 2216 3096 416 5408 5144 864 5200 3384 2568 824 1176 2008 3496 1400 3632 4360 2152 3544 4032 2744 4248 3688 3088 2728 4880 3608 4832 2768 3424 568 2248 824 2984 3184 1104 5416 4944 2960 6704 4440 256 600 4552 4200 4968 3600 1976 4232 5952 4648 5472 5360 5184 4600 2552 2256 3816 4960 2496 5080 984 4432 5736 3080 3384 4768 3888 1200 3072 4160 2784 5488 4720 2544 1488 5752 4320 4728 2920 5408 3872 368 3880 2912 1408 3320 4800 5192 3448 6064 5008 1976 1152 3424 960 4808 5320 4048 5528 1688 4360 984 1512 4896 5760 3416 4760 4392 2776 6248 2176 3424 4584 4400 1816 1896 5952 3784 4912 4728 2016 4840 4264 5304 4032 4904 3968 2968 480 3416 4168 4784 4592 2752 4352 72 352 2376 5160 5320 6424 1712 1288 2824 448 3248 912 2752 3480 6488 4976 1104 4272 2016 1568 5560 2024 1832 976 3776 1144 2728 4144 1808 3544 1704 3248 3880 4224 3112 4184 6792 1672 3384 5456 
2772 3534 4578 3798 552 3498 4116 2256 3330 1194 3384 3498 2742 3942 4266 1566 3966 2244 1974 4326 576 648 4050 930 1914 3738 714 1176 4374 1182 372 3360 3168 4236 1962 1806 2214 3834 3972 4476 4116 2496 834 2886 4584 2622 2880 3684 1554 4038 1614 1764 1092 4644 4458 1272 3492 2952 1926 246 1458 1128 2310 726 2064 2664 2052 3102 2550 2028 2820 2376 1788 2568 3918 2028 3750 1326 2286 492 1500 1044 1536 2922 1620 4122 3180 2832 4944 3450 954 1122 4032 3012 4272 2856 696 2796 4410 2814 4260 3834 4026 3252 1140 2364 2604 3048 2562 4038 1524 3504 4236 2418 3204 3570 2214 546 2250 2868 2676 3864 3738 2364 1236 4074 3858 3408 2292 3894 2226 1020 2994 2664 378 2046 4014 4032 2946 4458 4026 1938 1650 3192 930 3522 4578 2544 3954 2058 3720 1500 1686 4206 4368 3042 3312 2898 2106 4680 1662 2160 3018 2634 2076 1452 4344 2094 3330 4068 1584 2970 2574 4416 2946 3684 2286 2718 960 2730 3228 3942 2886 1800 3894 792 660 1092 4362 4530 4800 2022 1686 2640 1122 2772 1338 2784 3138 4890 3888 1254 3318 720 768 4404 1056 942 1494 2112 1458 1272 2412 2082 2664 1224 2862 3222 3420 2334 3612 4938 960 3138 4080 
3447 6066 6966 3258 4662 3042 5913 6552 5976 6588 4977 3555 3807 5238 2673 3528 5760 3024 2196 5769 5931 4266 2934 4464 5247 4149 4401 6615 2394 6399 4572 1557 5022 2664 3762 4626 5103 3528 1368 6561 3150 1395 3888 6048 6867 5877 882 5319 3204 1980 3231 2727 6003 7074 7020 6597 621 4563 3024 5445 6957 3447 1692 4131 2997 2331 4590 4815 1548 2808 918 1575 2610 5049 4068 3105 3150 4068 1773 5067 3096 4887 3600 5292 6291 2952 1584 5751 2907 2988 5589 6300 6723 1440 6336 3159 4743 954 2493 2997 3681 1197 3393 954 4320 5805 1359 3051 6093 3987 6057 3420 2286 3042 6390 2241 3339 4401 2493 1035 5490 855 3618 4680 4077 1170 6507 1341 3096 1386 3033 6021 2718 4878 4590 2106 5184 3402 4302 2340 4257 4635 6147 6039 4590 1692 6993 1638 1287 6633 5247 5850 5031 6219 3087 5049 531 882 2916 3078 3393 1908 855 2880 5877 3618 2052 3771 198 5976 3582 2844 2493 5688 1836 2367 3132 4968 6156 3240 2826 4734 1854 2529 6660 5697 5787 3861 6057 6588 3069 6057 6948 5103 5976 4104 6642 6489 5346 3429 3411 4752 2925 4743 4005 4284 3546 3726 6543 3528 5193 4275 3213 5976 2421 3735 4608 4086 3816 2646 5319 2601 3780 5841 2466 
1246 5033 5999 3591 2331 3304 5215 4704 4886 4179 4354 3598 3332 4767 3486 1232 5068 2485 1232 5229 3528 2373 3535 2058 3794 4060 2114 4179 3374 4095 2443 2380 4270 3472 2835 3339 3850 3759 2625 5733 3689 1071 1904 4718 5943 4501 1365 4690 2044 2996 2135 798 3850 6083 5978 4235 1428 3899 2233 3136 4487 1771 1134 2275 728 420 3444 4123 441 2128 1022 819 798 3990 4102 819 3500 1666 1260 3010 1841 3136 1281 4305 4263 3577 854 4529 3850 3248 3549 4018 5621 2009 5516 2996 2331 973 3444 966 4046 2464 3780 1939 1890 4340 1386 1155 4592 4116 4088 3528 3255 2625 5061 2891 994 2450 2058 1526 4305 2275 3759 3668 2618 2520 5425 2289 2569 2604 756 3829 2807 3934 2415 742 4767 3780 3738 3367 4263 3416 4193 4858 2863 2562 6006 350 2562 4655 4669 3955 3542 5425 3766 4228 1764 938 2289 3878 2324 791 945 777 4242 2366 3157 1330 1456 5229 2436 987 462 5229 2212 3031 847 4025 3864 2961 3024 4480 511 1477 5523 3542 3528 1645 5404 5775 3920 4319 4620 4060 3850 3521 4291 4914 4445 4165 3717 3143 3136 2324 2128 4452 1729 1897 4326 1134 3535 1820 938 4298 2373 2296 3878 3759 3703 2261 4655 3633 2072 4725 3290 
3512 4648 5432 2176 4008 1960 4496 5224 4576 5472 3672 2400 2656 3896 1856 3224 4360 2040 1688 4368 4968 3488 1960 3928 4056 2936 3800 5504 1744 5272 3824 664 3720 1832 2728 3512 3888 2408 992 5072 2152 1088 3256 4680 5344 4544 584 3968 2400 1304 2400 2456 4904 5528 5488 5456 1296 3320 2136 4560 5776 2800 1272 3368 2888 2488 3440 3536 1616 1936 960 1376 2320 3800 2880 2984 2080 3664 1272 4152 2368 3888 3280 3984 5080 2000 2016 4408 2376 1904 4536 5192 5224 544 4872 2064 4120 1016 1816 3128 2600 808 2328 96 3848 4512 840 3232 4752 2824 4872 2288 1600 2024 4968 1280 3256 3616 1624 496 4192 888 2472 3480 3160 1144 5040 504 2088 920 2984 4936 1664 3624 3864 1840 3848 2328 3080 1768 3056 3504 4936 4640 3656 832 5456 1728 960 5336 3912 4680 3896 4776 2184 3752 280 1096 2000 2312 2496 1648 1224 2968 4616 2736 1560 3616 840 4552 2672 3040 2608 4312 888 1424 3096 3712 5088 2144 1752 3456 2144 1912 5176 4672 4792 3384 4624 5104 2368 4792 5712 3840 4872 2912 5488 5096 4024 2632 2312 3728 1840 4128 3288 3120 2936 3064 5344 3400 4080 3840 3208 4704 1448 2904 3360 2880 2632 1712 3968 2280 3048 4464 1632 
1250 3145 3890 2395 1195 2160 3355 2800 3030 2435 2720 2320 1995 3065 2490 630 3240 1375 500 3405 1985 1130 2440 1075 2165 2625 1045 2435 2475 2365 1210 1665 2630 2470 1545 1860 2235 2490 2010 3720 2535 715 820 2865 3860 2695 1035 2970 940 2190 1020 150 2185 3950 3855 2465 1405 2370 1145 1710 2650 695 630 1060 595 830 1950 2530 610 1100 895 545 55 2370 2695 630 2335 890 680 1590 785 1670 660 2615 2475 2485 1155 2740 2885 2115 1970 2310 3575 1360 3555 1820 1230 870 2520 1130 2755 1895 2555 1435 1010 2565 900 1305 2750 2730 2350 2280 2375 1500 3115 1980 860 1190 1120 1090 2580 1840 2465 2135 1310 2020 3430 1640 1440 1970 735 2170 1755 2345 1200 245 3080 2560 2275 2505 2805 1920 2425 2990 1475 1805 3895 605 1985 2755 2965 2255 1985 3495 2655 2585 1395 930 1220 2810 1160 365 1010 965 2480 1155 2375 1005 1315 3355 1220 1200 800 3420 1435 2085 820 2410 2200 1775 1935 2905 930 595 3495 1970 1965 740 3510 3750 2865 2525 2735 2420 2185 2115 2505 2980 2730 3005 2485 1680 2020 1230 955 3000 670 790 2525 890 1965 1000 935 2520 1425 1080 2340 2345 2355 1265 2935 2800 910 2900 2335 
5080 4580 6320 5170 1890 4670 5530 2820 4250 2160 4300 4610 3290 5240 6090 3080 5280 2620 2760 5880 1700 780 5660 2440 1940 4960 1980 2200 6350 1920 1160 4720 3950 6050 2010 1680 2390 5200 5840 6140 5750 3650 1530 3560 6320 3140 4210 4810 1670 5820 1710 2970 1490 6420 6130 2150 5450 3590 2170 1360 2540 1540 3310 870 3750 4560 2090 3830 4040 2380 4250 3570 2930 2950 5270 3740 5090 2920 3210 620 1740 500 3050 3550 2020 5790 5210 3450 7340 4600 1030 1820 5420 4190 5790 3570 2200 4240 6410 5020 5930 5630 5550 4680 2730 2740 3700 5400 3090 5500 1780 4640 6130 2880 4100 4940 4140 770 2790 4120 3170 5780 5010 2610 840 6110 5130 4840 2670 5690 4060 1500 3870 3110 1340 3150 5360 5560 3600 6530 5450 1890 1950 4040 220 4960 6310 4070 5830 2640 4870 1620 1530 5680 6210 3740 4880 4440 2440 6790 1680 3260 4690 4690 2340 1320 6380 4100 5080 5440 1490 5220 4460 6030 3990 5120 4200 3200 1670 3340 4240 5260 4790 2370 5200 1160 1340 2330 5940 6230 7010 2340 2570 3080 1470 3310 2200 3510 3900 7110 5310 780 4390 2240 1100 6100 1630 1390 2130 4040 1240 2930 4430 2380 3400 1050 3440 4070 4440 2850 4680 7420 1110 3930 5800 
2475 6804 7839 4266 4338 4005 6786 6912 6678 6570 5787 4482 4527 6138 3753 2970 6624 3582 2304 6696 5796 4212 3987 4023 5643 5085 4059 6588 3456 6426 4401 2565 5769 3744 4239 5031 5598 4518 2430 7452 4203 1602 3690 6633 7740 6408 1458 6156 3429 3060 3510 2331 6075 7947 7866 6615 549 5301 3438 5292 6957 3384 1881 4077 2295 1431 5067 5571 1116 3249 1080 1539 2268 5643 5049 2403 4158 3528 2025 5040 3240 5040 3042 5958 6489 4014 531 6354 3897 3942 5670 6327 7506 2295 7200 3942 4365 1053 3555 2007 4725 2259 4428 1926 3816 6282 1827 2007 6588 4995 6255 4365 3357 3681 7020 3258 2529 4329 3006 1710 6075 1863 4590 5247 4275 2124 7281 2367 3672 2457 2250 6066 3564 5508 4383 1908 6102 4437 5049 3384 5247 5076 6372 6696 4707 2727 7857 1125 2331 6921 6102 6066 5382 7092 4167 5760 1539 837 3411 4140 3717 1800 576 1944 6264 3870 3087 2979 900 6840 3897 1827 1620 6642 2673 3402 2313 5616 6147 3978 3735 5670 918 2673 7425 5715 5742 3465 6966 7488 4122 6408 7056 5715 6057 4815 6678 6993 6066 4500 4419 4977 3852 4356 3906 5319 3402 3609 6660 2745 5454 3726 2340 6354 3141 3888 5310 4923 4707 3222 6147 3510 3762 6507 3537 
5058 720 1104 1650 3942 1614 444 2394 840 3672 330 1254 1188 348 2526 4176 306 1932 3012 636 3798 3192 2100 4176 1932 948 3912 3732 2880 3450 3528 2562 534 2496 1842 1896 1578 1482 3156 876 2016 3174 3468 1356 1056 1512 3144 12 2556 2772 2454 3738 3192 1176 1116 3564 3954 774 2220 3696 3744 3150 3072 3168 4296 4398 1650 600 3738 2262 3432 3348 3636 1188 1152 4338 1686 4296 2958 3240 2742 2688 4194 876 2850 2160 4344 1206 3378 1632 3048 3438 966 2610 690 1500 4116 3462 2856 4866 1788 3132 1740 2928 4278 1746 2946 5034 1722 1326 2784 1350 2790 1788 1296 2208 4614 3258 2274 2982 1236 3444 1344 1338 2514 3504 870 2718 1854 3054 4464 3288 1752 1050 3630 3438 462 1746 852 3054 1116 1770 2706 1026 2766 2544 1116 3816 3210 2676 90 2658 2100 612 2346 672 3204 3594 2112 2784 2304 3360 3756 4680 2088 2430 3126 4758 3612 444 2298 4884 4428 756 2346 2190 4566 1008 3486 1500 1686 684 4296 2862 978 3282 3498 3912 666 918 2970 2256 3408 1122 3138 1050 3528 1788 660 2820 1608 2466 1638 4140 3246 1524 3318 3264 3216 4644 2376 4362 4698 2142 2040 2658 846 840 1038 2100 96 3690 3060 942 2472 
6200 3790 5550 5220 2950 4760 4910 1690 3440 1910 3800 4560 3150 4770 6350 4210 4670 2910 3620 5340 2070 1910 5830 3530 1070 4750 3070 2000 6700 1560 2240 5180 3400 6300 2070 1250 1660 5180 6370 5440 5870 4470 2660 2630 5570 2190 4950 4260 2380 6210 2340 4040 1070 5650 5320 1780 6290 3170 2630 2040 2140 2590 4130 2000 4860 5620 1640 3340 4990 2880 5090 4460 3980 2300 5120 4850 5170 4040 4000 1380 2570 630 4190 2860 1040 5950 6190 2590 7700 4700 800 1500 4580 4720 5100 3650 3240 5080 6740 6120 5930 6170 5590 5280 3840 1740 4430 6500 2070 5380 790 4620 6480 3090 3150 5240 5260 1900 3280 4810 2360 6420 4960 2100 1420 6710 4300 5340 2910 6200 5170 1220 4070 2540 2410 4120 4920 5600 3270 6920 5260 1430 900 3180 1030 5380 5540 5050 6380 1540 4350 560 790 5000 6390 3160 5550 5310 2840 7040 2180 4190 5570 5790 1260 1910 6820 5230 5860 4800 1960 6310 5540 5530 4440 5380 5310 2600 1540 3410 4390 4930 5810 3210 4340 1190 1560 3460 5340 5530 7290 1210 1860 2420 990 3050 1760 2440 3240 7310 5330 650 4500 3290 2220 5970 2720 2500 1410 5170 320 4040 5550 1280 3760 1850 2990 3840 4310 3250 4120 7880 2170 3120 6080 
5248 2808 3392 504 4608 160 2456 4160 2816 5176 1776 336 1208 1848 1544 4416 2336 1576 2656 2304 4992 3728 1032 4752 3096 872 4480 5240 1960 4912 4176 1440 1928 1504 2056 2688 2720 552 2208 3024 1024 2592 3840 3160 3296 3160 2392 1984 2552 1728 2448 3696 4512 3488 3472 5088 3360 1640 2024 4704 5392 3336 2544 3648 4360 4264 2432 1776 3344 1936 2808 2872 3544 2392 872 4440 456 4720 2416 4128 2720 3552 4456 2360 4376 1128 4008 2880 2712 176 4200 4856 3280 1616 2840 776 4800 2856 1952 4920 1104 2168 800 1968 4792 3280 2240 5096 3432 912 4208 224 1808 1344 3328 944 4784 3848 1736 2168 2736 2592 480 2232 2968 2664 3128 1648 1512 2064 4544 4608 648 2152 4288 3152 1792 808 1408 2184 1048 2576 4192 2960 3472 1392 3416 3456 2272 4408 1904 4008 3104 2736 1464 2032 2336 3016 1792 2032 2352 3000 3200 4704 3576 2632 2224 5064 2904 2528 2464 4896 4344 2248 1304 936 4672 2200 4832 960 360 1392 4032 2608 3272 4448 4672 4272 2568 3048 2264 3800 5120 2384 4456 1392 5080 3696 2280 2208 608 3272 232 4824 3664 1352 3552 3568 4784 4872 3432 4856 4832 3664 1184 2944 1744 1000 608 1544 2008 3040 3384 2784 1400 
2421 6381 7875 5796 918 5346 7029 4968 6120 3537 5868 5526 4662 6615 6129 747 6804 3636 2430 7227 2574 1764 5976 378 4158 6021 711 3501 6147 3537 1458 4662 5616 6102 3591 3780 4473 5931 5337 7641 6129 2988 1179 5598 7848 5229 3582 6336 2547 5634 2709 1485 3375 7974 7749 3663 4122 5202 3132 2115 3933 1638 2808 1737 1512 2484 4077 5472 2691 3159 3312 2691 1620 4896 6201 1431 5697 234 2862 2304 2304 2907 684 5409 4113 6066 3402 5445 6903 5265 3087 3447 7164 4104 7335 4563 774 3258 6228 2547 6480 5121 6111 4284 108 4896 3303 2889 5220 6327 3933 5490 5967 3906 6084 5166 1611 1755 3357 3663 5175 5013 5841 4509 2691 5337 6894 4644 3744 5256 1701 3276 4581 4950 1314 2151 6678 6120 5103 6210 6399 3951 4113 5967 2592 4914 7875 2628 5283 4734 6354 3843 3789 7227 6399 5481 4230 3330 3357 6723 2916 2367 3438 2304 4563 2709 5985 1386 4041 6984 2907 2799 2322 7308 4167 5355 1764 5058 3204 4419 4932 6453 2925 2394 6984 2916 2754 504 7353 7713 6840 4554 4293 5004 3402 4806 3762 5607 5688 7074 5949 3114 5085 747 1557 6840 1386 1458 3987 1431 3564 189 1917 4599 3987 2385 5103 5373 5517 3582 6246 6750 1791 5841 5850 
5046 1206 1314 1296 4134 1338 624 2844 1332 4038 648 990 1266 168 2136 4254 582 1974 3018 492 4104 3396 1722 4338 2298 606 4092 4098 2502 3822 3744 2328 900 2112 2016 2196 1944 1116 2856 1026 1620 3096 3624 1824 1230 1962 3006 480 2670 2436 2568 3774 3546 1380 1398 3942 3768 1014 2298 3978 4128 3282 3018 3366 4320 4350 1944 906 3672 2310 3312 3288 3666 1560 744 4368 1344 4410 2916 3522 2844 2982 4278 1296 3252 1770 4224 1662 2964 1374 3378 3798 1368 2442 906 1428 4308 3342 2472 4830 1350 2844 1344 2724 4422 2178 2850 4980 2172 900 3168 1080 2418 1806 1782 1926 4644 3474 2268 2844 1668 3174 996 1650 2730 3204 1314 2484 1902 2754 4476 3642 1608 1392 3840 3432 90 1350 1002 2676 678 2070 3108 1512 3030 2280 1332 3750 2910 3114 396 3042 2436 840 1932 1050 3000 3474 2166 2364 2436 3336 3618 4656 2508 2598 2766 4806 3426 708 2460 4830 4392 498 2190 1884 4572 1368 3834 1476 1482 240 4212 2904 1416 3606 3816 4038 672 1038 2544 2676 3816 1506 3498 1188 3912 2262 1098 2376 1236 2754 1410 4332 3426 1050 3450 3420 3612 4680 2712 4494 4704 2562 1956 2832 1116 798 828 2094 564 3300 3228 1422 2106 
2590 3836 4718 2261 2632 1967 3920 3948 3724 3969 3087 2254 2079 3444 2324 2037 3773 1302 609 3906 3493 2191 2275 2583 2947 2716 2457 3990 2324 3808 2471 1176 3045 2303 1820 2464 2877 2422 1743 4438 2408 280 1974 3675 4655 3507 483 3402 1316 1925 1344 1365 3500 4802 4711 3969 1449 2674 1218 3129 4242 1582 273 2086 1862 1743 2471 2884 945 1057 637 518 1232 2905 2758 1932 2177 2394 238 2793 1239 2625 2079 3157 3717 2331 1659 3458 2933 1904 3171 3738 4396 749 4228 1680 2744 658 2387 2310 2744 1582 2464 896 2534 3416 133 2478 3654 2779 3535 2177 2184 1393 3976 1624 2219 2303 861 441 3248 1610 2415 2597 1995 1848 4214 1155 1379 1666 1995 3514 1470 2807 2506 833 3437 2471 2492 2380 2919 2492 3605 3731 2401 1372 4732 1043 1715 3997 3374 3374 2765 4137 2562 3024 959 826 1169 2779 1470 665 1022 2121 3437 1638 2219 2492 1120 3941 1624 2303 1806 3892 882 1771 2107 2891 3626 1673 1673 3143 1589 812 4326 3269 3353 2107 4088 4473 2863 3563 4228 2961 3472 2289 3997 3969 3255 3052 2394 2520 1792 2751 2009 3122 1694 1813 3913 2310 2870 2541 2240 3507 1043 1736 2667 2450 2366 1029 3381 2870 1813 3591 2114 
5000 4790 6530 5370 1710 4870 5750 2940 4460 2050 4520 4820 3510 5470 6270 2980 5500 2800 2830 6100 1510 690 5850 2280 2130 5170 1820 2080 6510 1840 990 4870 4170 6220 2220 1900 2600 5400 5970 6350 5940 3720 1450 3760 6530 3330 4300 5030 1810 5970 1860 2950 1450 6640 6340 2060 5510 3810 2330 1150 2450 1540 3390 820 3690 4540 2310 4050 4060 2540 4320 3620 2910 3170 5490 3670 5290 2790 3300 420 1840 670 2960 3760 2070 5970 5220 3650 7490 4790 1010 1740 5630 4320 6000 3770 2010 4300 6570 4960 6130 5760 5740 4800 2580 2920 3800 5350 3270 5710 1840 4840 6290 3070 4290 5110 4060 650 2940 4230 3370 5900 5220 2830 1030 6230 5340 4980 2860 5830 3990 1430 4060 3330 1160 3170 5580 5760 3820 6690 5660 2110 2030 4240 440 5110 6520 4090 5960 2720 5090 1710 1730 5900 6400 3960 4980 4500 2610 6970 1850 3300 4750 4640 2500 1490 6530 4000 5160 5660 1680 5170 4430 6250 4140 5290 4130 3420 1560 3550 4440 5480 4790 2460 5410 1060 1190 2210 6160 6440 7180 2470 2540 3300 1440 3530 2120 3670 4120 7290 5500 980 4580 2060 1040 6310 1600 1360 2120 3950 1400 2790 4360 2530 3580 1180 3660 4290 4660 3020 4900 7560 1120 4140 5970 
5740 490 1722 2660 4018 2492 1344 1757 266 3360 903 2128 1491 1456 3682 4536 1197 2198 3409 1722 3612 3157 3199 4354 1407 1939 4039 3437 4060 3108 3514 3423 672 3647 1820 1561 1043 2506 4221 1652 3136 3766 3570 532 1736 735 3857 1043 2681 3857 2562 4137 2828 1792 1575 3220 4865 931 2415 3563 3409 3283 3591 3157 4795 5068 1316 791 4375 2520 4137 3913 4032 686 2219 4830 2674 4585 3458 3059 2905 2408 4543 343 2359 3276 5159 378 4704 2492 2716 3101 1085 3346 1421 2023 4235 4158 4053 5565 2961 4151 2835 3752 4515 1043 3556 5789 966 2436 2303 2226 3934 2114 560 3136 5152 3206 2646 3689 511 4473 2331 1001 2394 4592 875 3598 2121 4088 5005 2954 2401 707 3640 3906 1589 2842 1148 4256 2233 1421 2198 245 2569 3458 1715 4452 4263 2100 1141 2184 1659 1365 3542 567 4060 4326 2366 4060 2366 3857 4529 5334 1463 2429 4298 5250 4480 1246 2303 5628 5068 1897 3038 3157 5124 623 3185 1939 2443 1785 5033 3178 938 2989 3255 4137 1652 1722 4270 1638 2982 602 2765 1267 3171 1043 357 4144 2653 2170 2436 4263 3276 2744 3458 3360 2786 5145 1953 4641 5292 1512 2569 2646 875 1477 1855 2471 938 5012 3101 91 3570 
