55 110 220
80 80 80 80 80 80 80 80 80 80 80 80 80 80 80 80 80 80 80 80 80 80 80 80 80 80 80 80 80 80 80 80 80 80 80 80 80 80 80 80 80 80 80 80 80 80 80 80 80 80 80 80 80 80 80 
12 20 28 22 13 19 25 12 12 11 27 27 19 18 15 15 24 24 19 26 18 16 23 18 16 11 14 21 15 29 12 23 17 18 23 29 29 14 26 22 28 22 25 19 18 29 31 18 16 29 20 31 31 25 25 26 30 26 30 17 30 13 21 21 14 24 22 31 30 27 17 26 18 19 28 22 20 29 18 12 22 31 16 13 23 23 23 11 29 12 26 11 15 16 21 20 29 15 14 16 19 27 20 18 30 13 16 26 21 31 16 13 16 25 20 22 26 24 22 14 28 14 12 15 24 28 13 11 21 30 13 21 24 16 17 18 10 12 13 15 12 15 25 17 24 29 24 14 22 23 28 11 30 27 26 22 22 11 29 25 13 29 22 17 14 18 28 11 17 10 22 11 11 11 22 20 19 24 18 14 21 29 27 24 29 27 14 29 16 17 20 14 15 15 19 18 14 14 11 17 11 12 16 18 19 12 11 29 14 12 29 16 15 21 11 20 13 23 27 14 
313 228 394 345 515 155 508 528 497 429 443 297 406 307 298 416 349 316 66 267 381 217 419 290 362 74 233 306 279 228 267 182 547 531 596 221 326 383 496 339 361 318 93 395 241 120 409 328 306 503 556 211 347 373 243 378 499 261 55 103 396 509 303 256 312 484 152 471 126 292 99 149 221 350 403 286 584 139 324 257 435 278 284 230 393 302 328 474 388 433 359 19 496 207 221 195 208 309 93 284 153 419 295 360 402 54 403 282 224 403 
473 52 570 241 719 220 769 781 769 646 649 495 641 209 170 631 108 43 244 294 546 131 323 430 515 198 117 288 497 391 539 111 730 778 859 489 205 641 747 329 510 253 356 660 95 370 509 445 519 776 806 136 509 261 460 628 753 455 225 185 449 688 235 445 568 724 217 715 397 127 218 159 190 623 626 542 844 407 597 413 706 550 391 499 221 553 112 739 619 705 511 274 720 302 112 439 356 257 241 461 422 654 239 626 644 270 422 11 346 468 
541 149 631 99 556 98 742 768 703 675 688 538 503 375 65 478 177 213 182 418 613 271 178 508 589 197 269 98 524 236 474 114 557 774 826 456 82 621 621 473 586 412 286 558 255 282 614 262 550 703 797 64 577 127 487 505 739 305 234 231 574 514 393 492 457 586 302 714 334 306 147 107 24 547 479 528 819 378 533 480 621 501 485 463 157 546 145 635 634 624 336 260 569 137 257 330 424 411 160 301 351 514 393 592 512 281 561 190 181 589 
352 162 448 377 762 289 694 695 722 539 536 387 661 69 305 666 253 171 265 153 421 42 461 305 388 198 36 404 399 447 506 194 786 686 784 435 342 567 752 182 382 108 350 647 53 375 368 524 418 734 716 241 386 400 365 635 669 498 201 153 304 746 89 337 568 740 125 624 377 46 258 225 295 591 655 469 765 361 557 296 677 502 259 447 367 475 259 724 522 673 578 247 750 378 49 450 244 111 277 513 405 675 93 563 658 225 275 156 416 324 
531 485 574 467 210 324 472 524 368 540 569 479 103 616 467 110 572 576 301 566 576 520 497 532 574 364 534 377 440 169 213 426 254 547 536 283 472 398 219 639 576 627 219 184 538 188 654 219 462 356 556 419 553 487 423 108 498 101 362 408 668 225 612 465 93 187 460 505 213 593 320 378 383 228 94 356 542 277 247 497 266 264 549 277 549 380 542 250 480 276 168 322 188 266 521 115 472 617 297 122 190 116 604 347 109 354 688 543 226 669 
433 516 459 553 310 378 330 381 241 408 439 372 168 593 536 221 623 607 322 517 466 514 599 445 470 370 531 473 330 270 82 461 370 404 397 172 550 258 208 587 474 593 209 96 540 196 560 348 348 235 413 469 449 577 322 110 355 218 353 402 590 351 582 370 54 217 433 364 174 590 352 416 449 88 195 230 401 205 104 412 149 131 474 163 627 253 596 175 348 154 309 304 260 350 519 142 402 581 330 248 146 179 572 206 148 326 619 573 321 587 
209 342 277 475 539 284 391 404 406 300 315 176 409 344 427 440 467 421 195 256 269 287 549 203 256 191 306 433 152 315 198 304 585 405 480 119 456 263 470 326 257 338 137 351 322 170 326 421 179 418 431 339 238 503 119 364 376 322 157 192 337 553 328 144 295 474 190 343 119 360 229 277 352 280 420 163 465 56 243 167 366 187 219 131 522 176 450 423 257 360 432 116 505 323 297 222 143 325 221 352 140 422 317 250 397 108 361 389 329 338 
668 416 737 291 313 262 712 758 619 735 759 635 318 620 326 265 450 490 312 621 730 511 286 652 716 374 517 198 606 146 434 365 294 777 782 472 313 621 442 689 716 647 323 435 509 293 773 40 632 607 791 329 699 301 577 353 731 167 396 425 760 252 629 605 341 390 498 728 355 565 302 327 274 473 279 555 785 427 482 617 517 481 650 473 377 578 417 496 680 527 93 384 348 175 503 271 573 642 289 135 349 325 625 575 338 419 763 465 143 769 
217 266 312 473 745 335 580 574 628 408 402 258 627 126 404 646 378 301 275 34 285 138 558 169 252 213 153 477 276 459 431 273 780 562 668 347 441 455 700 104 246 107 317 583 176 349 239 553 292 643 593 324 250 499 246 589 550 495 192 164 189 743 101 210 520 699 89 501 328 180 286 284 368 513 630 362 646 287 474 163 598 415 124 359 480 364 378 656 397 591 592 217 721 415 157 421 119 93 297 518 355 640 89 460 618 183 178 281 444 204 
648 498 702 416 180 331 616 669 505 678 706 603 184 672 438 126 557 582 347 647 701 567 422 642 694 414 577 321 567 162 355 440 180 692 677 416 431 542 305 719 695 691 308 316 575 274 766 126 591 490 701 417 674 429 546 229 643 120 425 465 768 138 675 582 236 251 529 650 322 632 351 396 368 372 143 494 685 393 392 607 400 406 651 413 503 518 524 368 619 413 47 397 208 248 563 219 572 684 332 96 305 189 669 492 207 433 781 553 203 772 
193 427 257 638 875 500 592 568 677 377 358 262 747 225 568 776 528 445 434 134 227 293 723 158 194 377 304 643 299 613 521 438 918 547 673 428 605 483 801 97 187 180 454 676 325 488 118 711 300 698 579 489 207 663 286 701 550 640 351 329 33 884 193 236 632 810 254 493 452 307 449 450 535 593 757 410 646 393 550 185 672 491 120 439 639 402 533 740 392 662 743 366 842 578 311 553 194 170 459 666 476 760 185 505 734 330 27 431 604 56 
375 99 468 266 606 130 632 648 628 527 535 381 514 228 203 512 224 185 110 245 448 120 350 338 421 57 128 264 375 286 398 68 626 648 721 349 237 505 614 306 418 255 216 521 127 233 440 363 400 634 674 115 411 293 338 495 620 340 86 60 401 585 237 333 432 595 128 585 255 184 96 71 155 481 503 406 708 267 455 313 565 408 312 359 291 420 208 600 494 564 416 133 598 217 114 305 255 252 117 353 281 527 234 487 514 134 390 151 254 415 
671 228 763 55 649 241 885 912 843 815 826 673 618 452 93 583 158 238 325 523 744 362 88 634 717 332 354 149 663 353 615 228 636 918 970 599 62 765 740 568 714 495 429 690 334 423 731 343 689 841 941 182 707 41 626 630 883 421 369 356 681 593 476 627 587 700 419 858 477 370 290 241 168 686 588 671 962 521 674 609 757 644 605 606 39 689 136 765 775 761 422 401 673 259 345 464 552 498 303 409 493 628 480 735 631 418 660 235 296 698 
497 41 592 178 664 167 761 778 748 657 663 509 594 267 106 579 95 91 211 335 570 174 261 456 541 183 166 220 505 336 516 72 671 778 849 475 142 635 705 380 537 308 326 625 147 335 546 382 530 752 805 74 533 199 468 586 750 402 216 188 494 628 290 460 529 678 239 716 371 190 179 115 126 597 575 536 837 393 574 435 677 532 423 485 172 550 77 704 625 678 451 260 669 242 157 399 377 311 202 405 394 606 292 614 599 265 472 65 288 511 
579 515 621 478 165 350 507 561 393 585 614 526 85 656 485 66 595 605 337 611 624 559 501 580 622 402 572 385 488 185 257 456 207 585 565 330 487 440 209 684 624 669 263 204 574 231 702 210 509 378 593 444 601 497 471 118 535 116 402 448 715 178 654 513 128 166 503 546 260 630 352 408 405 263 58 402 574 325 286 545 288 308 597 324 562 425 564 260 525 300 146 364 152 284 558 159 519 659 330 124 237 95 646 388 102 397 735 573 241 717 
587 461 640 405 205 293 564 614 461 617 645 541 162 622 417 124 531 548 297 591 639 520 424 581 632 364 531 311 505 122 297 402 224 636 628 355 416 484 287 663 634 639 248 275 530 214 704 132 529 448 647 384 612 422 483 193 588 63 371 414 709 185 623 520 186 241 476 592 260 587 306 356 340 321 129 433 634 331 337 546 358 347 591 351 490 457 499 336 559 369 75 341 215 218 517 157 512 631 285 53 243 171 617 435 180 376 723 517 173 712 
723 269 817 123 712 307 951 976 911 873 883 729 686 480 151 649 170 256 389 562 796 399 124 684 768 390 388 215 721 421 683 281 696 981 1036 664 127 830 808 601 764 524 496 759 367 491 775 406 747 909 1005 240 759 104 684 698 947 489 427 409 720 654 507 682 656 767 467 920 544 396 353 301 233 754 655 735 1028 585 742 661 825 710 651 672 57 752 160 834 836 830 485 462 738 327 381 533 603 529 368 476 560 696 511 801 699 476 694 262 364 738 
509 736 487 794 438 613 181 245 26 384 419 439 322 766 773 390 851 824 546 663 507 707 841 542 527 582 726 715 401 510 241 685 509 280 199 303 789 224 245 724 533 754 431 180 740 427 628 581 403 6 270 700 508 818 416 267 233 454 557 603 685 508 747 464 273 300 613 279 386 782 580 643 685 161 364 290 218 379 184 518 97 236 586 291 866 297 826 144 336 87 529 507 370 591 716 383 534 740 560 481 363 323 735 194 296 519 727 790 563 674 
680 230 773 82 677 261 904 930 865 828 838 685 645 448 105 610 145 229 343 525 753 362 109 642 725 344 352 176 676 379 636 237 664 935 989 618 81 783 767 566 722 492 449 714 332 444 735 371 702 864 958 194 716 68 638 655 900 448 381 365 683 621 474 637 612 727 425 874 497 365 307 255 187 708 616 688 981 539 696 618 780 664 610 625 18 706 128 790 790 785 450 416 700 284 344 488 560 496 321 436 513 655 478 754 657 431 659 230 322 700 
697 494 757 379 229 332 691 742 582 742 768 657 260 686 413 198 535 572 367 675 754 579 372 687 744 433 586 287 623 182 424 439 206 764 753 478 401 612 378 745 745 710 351 393 581 317 810 99 648 567 774 408 725 389 599 306 715 167 449 484 805 164 693 632 311 322 554 719 373 638 364 398 355 447 217 558 760 446 464 652 477 474 691 476 466 582 503 445 684 489 56 429 272 244 572 276 612 704 348 135 361 263 688 562 283 465 814 545 204 812 
470 618 474 660 336 484 261 321 141 398 432 403 203 677 643 269 728 709 425 588 488 606 705 492 500 468 624 579 360 374 135 564 405 350 313 222 657 230 172 655 504 672 310 55 635 301 596 444 371 130 352 575 479 684 364 141 298 317 448 496 639 396 662 414 136 210 518 324 269 682 457 521 556 55 243 247 323 281 99 463 42 157 529 210 735 264 702 92 339 49 395 398 272 457 613 249 465 659 435 344 244 208 651 180 176 416 675 674 427 632 
154 303 249 486 668 318 481 479 526 325 326 173 543 225 424 568 427 361 239 120 228 201 568 118 200 194 220 469 182 408 333 288 709 470 570 246 458 355 607 189 197 209 244 487 241 279 230 509 202 541 500 336 191 513 148 500 454 432 161 160 216 674 203 123 431 610 105 408 244 263 262 283 368 413 550 261 550 193 373 93 498 314 103 259 511 263 419 558 306 490 536 161 638 385 217 344 34 195 265 458 270 556 191 358 532 127 230 334 405 222 
298 301 368 401 472 207 440 464 424 383 402 267 353 364 360 373 420 389 122 303 359 283 470 286 346 146 300 349 241 225 194 253 512 470 527 153 385 318 433 376 346 369 49 327 311 83 410 331 267 430 493 277 328 429 209 318 435 237 124 172 411 478 356 234 250 427 205 411 57 359 158 216 279 278 356 224 517 74 251 251 363 206 294 161 456 243 398 404 336 361 345 74 447 235 289 148 215 358 144 266 85 367 347 291 346 96 427 354 238 415 
603 533 645 488 141 367 523 578 405 607 637 550 82 679 498 45 610 622 357 634 648 580 506 604 646 423 593 394 511 199 278 474 182 603 579 353 498 460 206 707 648 692 287 216 594 254 726 212 533 389 610 460 625 505 495 127 553 131 425 470 739 154 677 537 148 158 526 566 285 650 372 427 419 280 45 424 589 349 306 569 300 329 621 347 573 448 578 265 547 313 143 387 135 298 579 183 543 682 350 134 262 89 669 408 104 421 759 590 254 741 
454 413 504 424 295 259 450 495 372 483 509 406 182 532 413 195 509 505 222 480 504 438 468 452 498 283 453 342 369 138 171 355 336 513 523 219 424 358 283 553 500 541 133 211 458 104 574 225 393 366 527 354 478 448 349 164 467 96 278 325 585 304 527 387 109 262 375 465 130 512 246 308 326 218 180 299 524 198 221 416 279 218 467 217 502 323 480 288 425 285 203 237 272 220 439 29 388 532 223 129 110 195 519 311 181 268 604 471 190 587 
701 710 721 670 116 546 507 570 358 654 688 639 123 836 681 142 792 801 526 775 731 744 685 714 738 588 758 576 597 382 348 651 184 601 537 440 681 488 93 847 741 843 436 207 763 409 829 388 613 333 599 641 716 687 591 159 551 313 583 631 858 199 830 639 228 51 678 581 418 817 545 603 602 302 139 490 555 467 343 680 267 391 741 431 756 511 761 194 595 283 311 540 56 481 745 334 667 832 522 317 391 109 821 437 128 569 885 768 437 855 
214 262 310 466 733 325 572 567 618 403 399 252 615 133 398 633 376 300 264 44 283 136 551 167 250 203 153 468 269 448 419 266 768 555 660 336 435 446 688 116 245 117 304 571 175 337 243 542 285 633 586 317 248 492 237 577 542 483 181 154 196 731 111 204 508 686 79 494 316 183 276 275 360 501 618 353 639 275 463 159 587 404 124 348 476 355 374 644 390 580 580 205 708 405 155 408 112 104 287 506 343 628 99 450 606 171 188 279 433 211 
694 243 788 97 691 278 921 946 882 844 854 700 661 458 122 626 151 236 359 537 768 374 115 656 740 360 364 191 692 395 653 252 677 951 1006 635 98 800 783 577 736 502 466 731 343 461 748 385 717 881 975 210 731 82 654 672 917 464 397 381 695 634 484 653 629 743 439 891 514 374 323 271 204 726 631 705 998 555 713 633 797 681 624 642 29 722 137 807 806 802 464 432 715 300 356 505 575 506 338 452 531 671 488 771 673 447 670 240 338 713 
675 431 742 307 298 276 709 757 613 738 762 641 308 633 343 253 466 506 323 632 735 524 301 660 723 386 530 215 610 151 433 379 278 776 777 474 329 620 431 701 723 660 329 428 523 297 781 45 636 601 789 344 705 317 582 345 729 166 406 437 770 236 642 611 336 378 509 727 359 579 314 340 289 469 268 556 781 431 480 625 510 481 658 474 394 580 433 487 682 521 82 393 334 188 516 272 581 655 301 133 351 314 638 573 329 429 774 480 154 778 
335 161 432 376 745 278 674 675 701 520 518 368 643 79 304 649 260 181 248 142 405 29 461 289 372 181 35 398 379 432 485 187 770 667 763 414 341 546 732 179 367 111 330 626 57 356 358 512 399 713 697 236 370 399 345 615 649 482 182 134 297 730 92 319 548 721 104 605 357 67 243 215 288 570 637 448 744 340 536 278 656 481 245 426 370 454 264 703 503 652 564 227 732 365 44 431 226 111 262 498 385 656 93 542 639 204 271 163 403 315 
319 292 406 507 862 412 704 693 759 515 504 373 750 61 435 764 371 285 373 116 376 166 591 272 341 306 166 534 398 560 562 323 892 678 791 479 471 582 828 83 334 28 436 713 182 466 291 644 410 774 709 371 346 529 371 715 670 604 296 255 211 854 45 330 646 824 194 618 453 145 374 351 424 644 750 492 768 418 606 278 730 547 219 491 491 491 382 787 514 723 693 333 842 499 179 540 246 39 390 623 481 763 51 590 743 302 168 279 535 233 
734 710 759 654 70 544 558 620 411 697 731 674 139 849 670 131 785 799 532 795 768 753 662 744 772 596 767 559 632 374 383 651 133 651 590 473 668 533 146 867 776 859 451 252 769 421 861 366 649 386 650 636 751 669 624 191 600 308 595 641 886 152 845 670 256 94 693 629 438 825 548 603 594 345 138 529 608 493 385 710 317 429 768 465 741 550 753 247 638 333 288 554 44 472 753 347 692 849 526 307 412 126 836 481 153 585 911 767 427 884 
423 686 396 767 487 578 109 171 64 294 328 353 356 695 738 423 806 772 504 587 418 644 821 457 439 531 664 695 316 499 203 639 557 203 163 240 758 135 306 645 445 680 391 208 679 395 539 582 316 90 200 660 420 793 335 295 153 452 503 546 598 549 674 382 279 355 547 192 343 718 539 601 652 145 396 211 170 321 144 436 131 179 503 229 833 214 784 206 245 115 541 454 421 569 655 364 457 666 521 482 325 361 662 113 330 460 643 738 547 587 
492 287 565 265 379 120 590 627 528 575 596 464 311 459 258 292 364 375 138 447 556 353 311 474 541 204 363 184 437 52 310 229 393 640 669 321 265 482 428 517 540 482 154 370 360 130 595 141 464 524 659 212 524 288 406 313 598 116 221 255 582 352 464 430 268 395 325 585 195 417 137 182 174 372 289 402 667 261 367 440 438 348 471 324 343 425 333 446 524 444 183 206 382 60 348 147 395 475 119 121 198 323 459 443 319 241 587 344 41 590 
267 494 311 708 965 582 658 627 753 433 410 337 836 274 637 865 585 500 520 213 283 360 793 239 255 460 368 721 377 700 606 512 1007 603 734 513 674 556 888 154 248 229 543 762 388 577 159 798 374 775 635 563 272 732 368 789 612 729 436 411 93 973 246 318 720 898 336 553 541 359 533 529 611 676 846 490 706 482 633 270 754 575 207 525 702 480 593 824 457 743 831 453 931 662 377 643 283 224 543 755 565 849 242 582 823 418 69 491 689 103 
152 503 181 708 880 554 530 498 631 303 280 220 745 318 640 782 612 532 479 210 154 373 792 141 129 429 386 703 262 645 505 507 929 473 605 412 676 433 785 192 122 274 475 657 409 509 29 748 254 654 505 557 148 734 261 694 483 663 398 387 64 898 286 213 627 801 315 424 463 398 499 512 598 568 761 376 576 396 524 177 641 467 136 422 717 363 614 714 330 629 771 401 841 624 392 567 213 263 505 692 484 758 277 463 730 367 116 515 645 41 
317 156 409 322 598 162 577 590 580 467 475 321 495 222 261 501 282 235 105 208 390 125 404 282 364 39 141 309 315 292 354 127 625 589 666 297 295 450 587 275 361 239 184 486 150 209 389 381 340 588 616 172 353 349 277 470 562 337 37 13 356 586 223 273 403 574 84 527 217 200 111 119 205 438 490 350 652 216 409 255 524 359 260 308 351 362 268 565 434 521 425 87 584 241 129 284 198 232 124 355 244 509 217 434 492 78 352 202 271 369 
469 54 565 247 721 222 766 777 768 642 644 490 642 203 175 632 114 46 244 288 541 125 328 425 510 197 111 293 493 393 538 113 733 774 856 486 211 638 748 323 505 247 355 659 89 370 503 448 515 774 802 139 504 266 456 628 750 456 223 183 444 690 229 440 568 725 212 712 395 121 219 160 194 621 627 539 841 405 595 408 705 548 386 497 227 550 118 739 615 704 514 272 721 305 107 439 351 251 242 463 421 655 233 624 644 267 416 16 349 462 
287 209 374 355 563 175 523 538 525 422 433 281 453 260 300 465 334 290 95 220 358 174 434 259 335 60 192 328 270 273 299 172 595 538 612 241 331 396 540 291 333 270 139 435 203 168 374 371 296 533 564 211 322 383 233 423 510 309 24 64 354 558 255 236 356 530 104 476 165 250 119 151 233 384 451 296 598 160 354 228 469 304 246 252 393 310 317 513 386 467 405 35 544 241 181 242 175 261 122 331 193 466 247 379 448 25 358 257 263 363 
300 266 376 375 495 181 472 494 459 403 419 277 380 334 331 395 386 353 94 281 366 249 446 283 349 111 266 329 255 226 230 219 531 498 559 185 357 348 465 354 349 341 66 361 276 99 405 330 282 466 522 245 333 403 221 349 465 249 89 137 399 495 327 240 281 456 175 438 91 325 129 184 252 314 380 252 548 103 287 248 398 241 284 194 427 270 365 439 358 396 353 39 472 221 254 171 206 331 118 275 118 394 319 324 374 67 411 319 231 405 
308 693 244 824 669 629 115 72 260 122 150 251 530 634 780 592 820 767 543 511 272 615 892 354 303 545 634 769 233 603 308 659 736 54 179 276 807 120 501 552 310 607 449 389 654 468 396 701 216 288 85 693 289 852 268 467 60 574 510 541 472 722 607 297 430 545 515 12 404 679 579 631 701 301 566 198 150 348 272 346 325 259 406 273 875 179 804 404 111 309 678 470 607 648 630 469 389 592 566 607 399 538 594 170 505 461 523 736 639 455 
478 76 575 260 744 244 784 793 787 654 656 502 664 198 190 655 113 32 266 291 550 132 340 433 518 217 115 311 506 416 558 135 755 790 873 505 224 655 770 321 513 242 376 681 93 392 507 469 528 794 818 160 513 278 469 651 766 479 242 200 445 712 225 452 590 747 224 727 416 114 241 183 215 642 650 556 858 424 615 418 726 567 392 516 233 566 123 760 629 725 536 292 744 326 114 461 362 248 264 485 442 677 231 642 667 285 415 25 371 464 
92 547 41 731 799 555 391 356 502 162 138 123 660 409 670 705 668 596 469 283 26 431 812 130 46 436 448 708 162 609 409 535 855 331 464 322 704 303 681 298 50 371 431 553 471 463 113 715 143 527 363 581 57 759 181 602 342 612 400 406 193 828 377 150 541 706 347 283 406 476 498 527 611 460 681 266 434 333 416 153 525 365 172 330 757 248 662 602 194 511 723 385 752 610 449 507 211 357 497 643 421 671 366 341 641 357 247 572 621 174 
512 149 601 132 534 63 706 733 668 642 655 506 474 366 98 452 201 224 148 398 584 259 208 481 560 168 260 111 492 209 438 103 538 739 791 420 117 586 591 457 558 400 251 525 249 247 589 248 518 668 762 61 548 160 455 474 704 278 204 207 553 496 381 462 424 558 279 680 299 302 113 82 11 512 452 493 783 343 498 452 587 465 460 427 192 512 170 603 600 590 317 228 543 111 247 296 396 399 124 276 315 486 380 556 482 250 543 198 157 567 
291 277 366 388 495 194 460 481 449 390 406 266 378 338 343 395 398 364 106 280 356 256 459 275 340 122 273 341 243 233 220 231 532 485 547 173 370 335 460 353 340 343 67 354 284 100 398 338 270 455 509 258 323 416 210 345 452 253 97 145 394 497 330 230 276 452 178 425 84 332 142 197 264 304 380 239 536 91 276 240 389 229 278 182 439 257 377 432 346 387 359 47 471 232 262 170 200 333 131 280 112 391 321 312 371 70 408 330 241 399 
487 50 581 167 633 135 738 757 721 642 650 495 562 280 97 547 120 121 183 337 561 180 252 449 533 162 175 198 490 305 489 48 641 759 826 452 134 613 674 386 529 319 299 596 159 306 544 352 515 724 784 43 524 192 452 555 729 371 197 174 496 598 300 447 499 646 233 697 344 207 150 86 97 569 544 515 815 370 548 426 649 507 418 461 178 530 98 675 607 650 420 238 637 212 164 369 367 320 172 374 366 575 302 591 568 246 477 93 257 512 
328 644 293 752 558 558 87 116 169 189 224 259 420 622 714 483 768 725 476 507 316 584 814 366 339 490 604 689 227 510 207 603 626 135 177 200 738 41 393 560 345 602 372 278 622 384 439 604 221 195 148 631 321 779 252 357 88 475 458 496 502 612 599 295 322 435 485 99 324 655 512 570 632 191 456 140 163 281 164 349 218 163 415 193 811 133 749 297 141 202 575 413 497 566 597 374 378 588 497 507 314 427 586 68 395 411 549 692 551 489 
206 437 241 560 530 366 296 310 322 228 250 147 391 426 516 435 562 516 279 323 244 378 630 222 244 285 398 509 107 363 147 398 584 313 385 54 543 168 428 386 248 413 193 301 414 218 333 468 129 337 338 429 223 588 96 337 282 352 251 287 368 558 407 144 273 444 280 252 153 450 315 368 437 216 411 68 370 87 174 191 298 115 256 64 612 84 544 364 177 289 464 208 486 392 390 244 195 399 303 385 160 403 395 157 374 203 403 484 389 363 
498 370 559 350 301 206 533 576 455 550 575 458 222 522 347 208 453 460 197 490 555 420 388 489 545 264 432 264 426 56 252 311 325 593 607 287 354 436 338 563 546 538 153 286 432 119 612 146 451 448 608 300 526 372 400 224 548 37 270 313 611 286 522 433 184 306 374 543 174 489 209 264 264 301 203 369 607 247 304 453 359 297 495 287 431 392 422 360 494 367 143 240 297 147 418 86 416 530 187 63 165 234 515 391 229 276 624 428 110 616 
128 477 172 680 852 524 516 487 612 294 272 198 718 299 613 753 588 509 449 186 143 348 764 112 113 399 362 674 239 615 478 479 900 464 593 385 649 414 759 176 106 257 445 632 385 479 31 718 233 635 496 529 130 706 235 666 470 633 368 358 58 868 267 186 600 775 286 412 433 376 470 483 569 543 732 353 565 367 499 147 618 442 106 396 691 341 588 690 315 607 741 371 813 594 367 537 182 245 475 662 455 730 257 443 702 336 112 490 614 40 
88 425 148 587 645 402 353 347 418 195 201 49 509 353 532 548 551 491 314 234 140 334 665 104 131 292 353 554 49 444 266 401 697 336 441 173 564 232 547 287 133 330 266 420 374 298 214 550 68 437 367 443 111 616 24 456 322 447 255 274 250 669 328 25 390 563 236 274 241 397 345 384 465 333 526 149 419 169 289 77 411 231 145 184 624 144 540 480 172 400 558 230 603 450 350 343 107 316 341 478 257 521 315 246 492 207 289 462 458 244 
724 546 778 436 180 383 685 739 567 754 782 679 235 733 469 168 592 626 410 715 777 626 428 717 770 477 635 343 644 223 430 491 150 763 742 492 457 616 345 787 771 755 381 378 631 347 840 153 668 550 771 461 750 446 622 289 714 193 491 528 840 108 738 658 306 287 596 723 397 687 411 448 409 442 192 570 751 469 464 681 462 481 724 489 523 594 559 421 695 475 90 467 230 296 620 296 645 748 393 165 382 236 732 565 261 502 851 599 253 845 
229 506 236 624 535 430 227 242 265 188 217 160 394 488 582 445 631 585 345 379 247 445 692 256 257 353 465 569 119 409 143 466 595 247 316 79 608 99 409 437 262 472 250 282 482 270 354 511 129 284 270 497 236 652 129 334 214 389 320 356 402 573 467 178 278 434 346 188 205 517 381 435 502 188 420 5 301 149 144 231 260 94 299 78 678 28 612 333 130 248 498 276 484 449 458 280 249 458 367 422 203 404 454 95 373 272 442 553 441 393 
22 467 93 652 756 479 413 390 504 202 189 89 619 337 590 659 588 517 395 210 65 353 734 51 34 358 370 631 131 543 375 455 807 370 494 283 625 307 654 236 30 302 367 527 392 400 105 649 125 526 402 502 31 680 132 566 371 553 323 326 158 778 306 88 501 672 267 314 348 400 422 448 533 437 637 245 467 277 393 75 510 336 98 292 677 232 582 583 213 498 663 312 714 538 370 451 131 288 422 583 365 631 294 334 602 281 206 492 551 146 
658 260 745 60 546 198 826 859 769 782 797 649 523 491 123 484 238 302 286 538 729 389 70 627 706 314 385 56 633 264 548 234 531 868 907 547 93 712 647 593 704 529 373 606 369 359 734 240 659 765 889 183 693 64 597 540 830 330 350 351 695 488 510 606 504 603 423 810 420 416 254 226 140 613 491 624 903 474 606 598 678 583 605 552 142 644 207 679 737 684 319 370 572 181 374 388 542 529 260 314 430 532 511 677 537 394 682 288 209 710 
4069 2964 5122 4485 6695 2015 6604 6864 6461 5577 5759 3861 5278 3991 3874 5408 4537 4108 858 3471 4953 2821 5447 3770 4706 962 3029 3978 3627 2964 3471 2366 7111 6903 7748 2873 4238 4979 6448 4407 4693 4134 1209 5135 3133 1560 5317 4264 3978 6539 7228 2743 4511 4849 3159 4914 6487 3393 715 1339 5148 6617 3939 3328 4056 6292 1976 6123 1638 3796 1287 1937 2873 4550 5239 3718 7592 1807 4212 3341 5655 3614 3692 2990 5109 3926 4264 6162 5044 5629 4667 247 6448 2691 2873 2535 2704 4017 1209 3692 1989 5447 3835 4680 5226 702 5239 3666 2912 5239 
6622 728 7980 3374 10066 3080 10766 10934 10766 9044 9086 6930 8974 2926 2380 8834 1512 602 3416 4116 7644 1834 4522 6020 7210 2772 1638 4032 6958 5474 7546 1554 10220 10892 12026 6846 2870 8974 10458 4606 7140 3542 4984 9240 1330 5180 7126 6230 7266 10864 11284 1904 7126 3654 6440 8792 10542 6370 3150 2590 6286 9632 3290 6230 7952 10136 3038 10010 5558 1778 3052 2226 2660 8722 8764 7588 11816 5698 8358 5782 9884 7700 5474 6986 3094 7742 1568 10346 8666 9870 7154 3836 10080 4228 1568 6146 4984 3598 3374 6454 5908 9156 3346 8764 9016 3780 5908 154 4844 6552 
5951 1639 6941 1089 6116 1078 8162 8448 7733 7425 7568 5918 5533 4125 715 5258 1947 2343 2002 4598 6743 2981 1958 5588 6479 2167 2959 1078 5764 2596 5214 1254 6127 8514 9086 5016 902 6831 6831 5203 6446 4532 3146 6138 2805 3102 6754 2882 6050 7733 8767 704 6347 1397 5357 5555 8129 3355 2574 2541 6314 5654 4323 5412 5027 6446 3322 7854 3674 3366 1617 1177 264 6017 5269 5808 9009 4158 5863 5280 6831 5511 5335 5093 1727 6006 1595 6985 6974 6864 3696 2860 6259 1507 2827 3630 4664 4521 1760 3311 3861 5654 4323 6512 5632 3091 6171 2090 1991 6479 
3872 1782 4928 4147 8382 3179 7634 7645 7942 5929 5896 4257 7271 759 3355 7326 2783 1881 2915 1683 4631 462 5071 3355 4268 2178 396 4444 4389 4917 5566 2134 8646 7546 8624 4785 3762 6237 8272 2002 4202 1188 3850 7117 583 4125 4048 5764 4598 8074 7876 2651 4246 4400 4015 6985 7359 5478 2211 1683 3344 8206 979 3707 6248 8140 1375 6864 4147 506 2838 2475 3245 6501 7205 5159 8415 3971 6127 3256 7447 5522 2849 4917 4037 5225 2849 7964 5742 7403 6358 2717 8250 4158 539 4950 2684 1221 3047 5643 4455 7425 1023 6193 7238 2475 3025 1716 4576 3564 
6372 5820 6888 5604 2520 3888 5664 6288 4416 6480 6828 5748 1236 7392 5604 1320 6864 6912 3612 6792 6912 6240 5964 6384 6888 4368 6408 4524 5280 2028 2556 5112 3048 6564 6432 3396 5664 4776 2628 7668 6912 7524 2628 2208 6456 2256 7848 2628 5544 4272 6672 5028 6636 5844 5076 1296 5976 1212 4344 4896 8016 2700 7344 5580 1116 2244 5520 6060 2556 7116 3840 4536 4596 2736 1128 4272 6504 3324 2964 5964 3192 3168 6588 3324 6588 4560 6504 3000 5760 3312 2016 3864 2256 3192 6252 1380 5664 7404 3564 1464 2280 1392 7248 4164 1308 4248 8256 6516 2712 8028 
6062 7224 6426 7742 4340 5292 4620 5334 3374 5712 6146 5208 2352 8302 7504 3094 8722 8498 4508 7238 6524 7196 8386 6230 6580 5180 7434 6622 4620 3780 1148 6454 5180 5656 5558 2408 7700 3612 2912 8218 6636 8302 2926 1344 7560 2744 7840 4872 4872 3290 5782 6566 6286 8078 4508 1540 4970 3052 4942 5628 8260 4914 8148 5180 756 3038 6062 5096 2436 8260 4928 5824 6286 1232 2730 3220 5614 2870 1456 5768 2086 1834 6636 2282 8778 3542 8344 2450 4872 2156 4326 4256 3640 4900 7266 1988 5628 8134 4620 3472 2044 2506 8008 2884 2072 4564 8666 8022 4494 8218 
2926 4788 3878 6650 7546 3976 5474 5656 5684 4200 4410 2464 5726 4816 5978 6160 6538 5894 2730 3584 3766 4018 7686 2842 3584 2674 4284 6062 2128 4410 2772 4256 8190 5670 6720 1666 6384 3682 6580 4564 3598 4732 1918 4914 4508 2380 4564 5894 2506 5852 6034 4746 3332 7042 1666 5096 5264 4508 2198 2688 4718 7742 4592 2016 4130 6636 2660 4802 1666 5040 3206 3878 4928 3920 5880 2282 6510 784 3402 2338 5124 2618 3066 1834 7308 2464 6300 5922 3598 5040 6048 1624 7070 4522 4158 3108 2002 4550 3094 4928 1960 5908 4438 3500 5558 1512 5054 5446 4606 4732 
9352 5824 10318 4074 4382 3668 9968 10612 8666 10290 10626 8890 4452 8680 4564 3710 6300 6860 4368 8694 10220 7154 4004 9128 10024 5236 7238 2772 8484 2044 6076 5110 4116 10878 10948 6608 4382 8694 6188 9646 10024 9058 4522 6090 7126 4102 10822 560 8848 8498 11074 4606 9786 4214 8078 4942 10234 2338 5544 5950 10640 3528 8806 8470 4774 5460 6972 10192 4970 7910 4228 4578 3836 6622 3906 7770 10990 5978 6748 8638 7238 6734 9100 6622 5278 8092 5838 6944 9520 7378 1302 5376 4872 2450 7042 3794 8022 8988 4046 1890 4886 4550 8750 8050 4732 5866 10682 6510 2002 10766 
3038 3724 4368 6622 10430 4690 8120 8036 8792 5712 5628 3612 8778 1764 5656 9044 5292 4214 3850 476 3990 1932 7812 2366 3528 2982 2142 6678 3864 6426 6034 3822 10920 7868 9352 4858 6174 6370 9800 1456 3444 1498 4438 8162 2464 4886 3346 7742 4088 9002 8302 4536 3500 6986 3444 8246 7700 6930 2688 2296 2646 10402 1414 2940 7280 9786 1246 7014 4592 2520 4004 3976 5152 7182 8820 5068 9044 4018 6636 2282 8372 5810 1736 5026 6720 5096 5292 9184 5558 8274 8288 3038 10094 5810 2198 5894 1666 1302 4158 7252 4970 8960 1246 6440 8652 2562 2492 3934 6216 2856 
6480 4980 7020 4160 1800 3310 6160 6690 5050 6780 7060 6030 1840 6720 4380 1260 5570 5820 3470 6470 7010 5670 4220 6420 6940 4140 5770 3210 5670 1620 3550 4400 1800 6920 6770 4160 4310 5420 3050 7190 6950 6910 3080 3160 5750 2740 7660 1260 5910 4900 7010 4170 6740 4290 5460 2290 6430 1200 4250 4650 7680 1380 6750 5820 2360 2510 5290 6500 3220 6320 3510 3960 3680 3720 1430 4940 6850 3930 3920 6070 4000 4060 6510 4130 5030 5180 5240 3680 6190 4130 470 3970 2080 2480 5630 2190 5720 6840 3320 960 3050 1890 6690 4920 2070 4330 7810 5530 2030 7720 
2702 5978 3598 8932 12250 7000 8288 7952 9478 5278 5012 3668 10458 3150 7952 10864 7392 6230 6076 1876 3178 4102 10122 2212 2716 5278 4256 9002 4186 8582 7294 6132 12852 7658 9422 5992 8470 6762 11214 1358 2618 2520 6356 9464 4550 6832 1652 9954 4200 9772 8106 6846 2898 9282 4004 9814 7700 8960 4914 4606 462 12376 2702 3304 8848 11340 3556 6902 6328 4298 6286 6300 7490 8302 10598 5740 9044 5502 7700 2590 9408 6874 1680 6146 8946 5628 7462 10360 5488 9268 10402 5124 11788 8092 4354 7742 2716 2380 6426 9324 6664 10640 2590 7070 10276 4620 378 6034 8456 784 
5250 1386 6552 3724 8484 1820 8848 9072 8792 7378 7490 5334 7196 3192 2842 7168 3136 2590 1540 3430 6272 1680 4900 4732 5894 798 1792 3696 5250 4004 5572 952 8764 9072 10094 4886 3318 7070 8596 4284 5852 3570 3024 7294 1778 3262 6160 5082 5600 8876 9436 1610 5754 4102 4732 6930 8680 4760 1204 840 5614 8190 3318 4662 6048 8330 1792 8190 3570 2576 1344 994 2170 6734 7042 5684 9912 3738 6370 4382 7910 5712 4368 5026 4074 5880 2912 8400 6916 7896 5824 1862 8372 3038 1596 4270 3570 3528 1638 4942 3934 7378 3276 6818 7196 1876 5460 2114 3556 5810 
6710 2280 7630 550 6490 2410 8850 9120 8430 8150 8260 6730 6180 4520 930 5830 1580 2380 3250 5230 7440 3620 880 6340 7170 3320 3540 1490 6630 3530 6150 2280 6360 9180 9700 5990 620 7650 7400 5680 7140 4950 4290 6900 3340 4230 7310 3430 6890 8410 9410 1820 7070 410 6260 6300 8830 4210 3690 3560 6810 5930 4760 6270 5870 7000 4190 8580 4770 3700 2900 2410 1680 6860 5880 6710 9620 5210 6740 6090 7570 6440 6050 6060 390 6890 1360 7650 7750 7610 4220 4010 6730 2590 3450 4640 5520 4980 3030 4090 4930 6280 4800 7350 6310 4180 6600 2350 2960 6980 
7455 615 8880 2670 9960 2505 11415 11670 11220 9855 9945 7635 8910 4005 1590 8685 1425 1365 3165 5025 8550 2610 3915 6840 8115 2745 2490 3300 7575 5040 7740 1080 10065 11670 12735 7125 2130 9525 10575 5700 8055 4620 4890 9375 2205 5025 8190 5730 7950 11280 12075 1110 7995 2985 7020 8790 11250 6030 3240 2820 7410 9420 4350 6900 7935 10170 3585 10740 5565 2850 2685 1725 1890 8955 8625 8040 12555 5895 8610 6525 10155 7980 6345 7275 2580 8250 1155 10560 9375 10170 6765 3900 10035 3630 2355 5985 5655 4665 3030 6075 5910 9090 4380 9210 8985 3975 7080 975 4320 7665 
8106 7210 8694 6692 2310 4900 7098 7854 5502 8190 8596 7364 1190 9184 6790 924 8330 8470 4718 8554 8736 7826 7014 8120 8708 5628 8008 5390 6832 2590 3598 6384 2898 8190 7910 4620 6818 6160 2926 9576 8736 9366 3682 2856 8036 3234 9828 2940 7126 5292 8302 6216 8414 6958 6594 1652 7490 1624 5628 6272 10010 2492 9156 7182 1792 2324 7042 7644 3640 8820 4928 5712 5670 3682 812 5628 8036 4550 4004 7630 4032 4312 8358 4536 7868 5950 7896 3640 7350 4200 2044 5096 2128 3976 7812 2226 7266 9226 4620 1736 3318 1330 9044 5432 1428 5558 10290 8022 3374 10038 
8805 6915 9600 6075 3075 4395 8460 9210 6915 9255 9675 8115 2430 9330 6255 1860 7965 8220 4455 8865 9585 7800 6360 8715 9480 5460 7965 4665 7575 1830 4455 6030 3360 9540 9420 5325 6240 7260 4305 9945 9510 9585 3720 4125 7950 3210 10560 1980 7935 6720 9705 5760 9180 6330 7245 2895 8820 945 5565 6210 10635 2775 9345 7800 2790 3615 7140 8880 3900 8805 4590 5340 5100 4815 1935 6495 9510 4965 5055 8190 5370 5205 8865 5265 7350 6855 7485 5040 8385 5535 1125 5115 3225 3270 7755 2355 7680 9465 4275 795 3645 2565 9255 6525 2700 5640 10845 7755 2595 10680 
10122 3766 11438 1722 9968 4298 13314 13664 12754 12222 12362 10206 9604 6720 2114 9086 2380 3584 5446 7868 11144 5586 1736 9576 10752 5460 5432 3010 10094 5894 9562 3934 9744 13734 14504 9296 1778 11620 11312 8414 10696 7336 6944 10626 5138 6874 10850 5684 10458 12726 14070 3360 10626 1456 9576 9772 13258 6846 5978 5726 10080 9156 7098 9548 9184 10738 6538 12880 7616 5544 4942 4214 3262 10556 9170 10290 14392 8190 10388 9254 11550 9940 9114 9408 798 10528 2240 11676 11704 11620 6790 6468 10332 4578 5334 7462 8442 7406 5152 6664 7840 9744 7154 11214 9786 6664 9716 3668 5096 10332 
5090 7360 4870 7940 4380 6130 1810 2450 260 3840 4190 4390 3220 7660 7730 3900 8510 8240 5460 6630 5070 7070 8410 5420 5270 5820 7260 7150 4010 5100 2410 6850 5090 2800 1990 3030 7890 2240 2450 7240 5330 7540 4310 1800 7400 4270 6280 5810 4030 60 2700 7000 5080 8180 4160 2670 2330 4540 5570 6030 6850 5080 7470 4640 2730 3000 6130 2790 3860 7820 5800 6430 6850 1610 3640 2900 2180 3790 1840 5180 970 2360 5860 2910 8660 2970 8260 1440 3360 870 5290 5070 3700 5910 7160 3830 5340 7400 5600 4810 3630 3230 7350 1940 2960 5190 7270 7900 5630 6740 
6800 2300 7730 820 6770 2610 9040 9300 8650 8280 8380 6850 6450 4480 1050 6100 1450 2290 3430 5250 7530 3620 1090 6420 7250 3440 3520 1760 6760 3790 6360 2370 6640 9350 9890 6180 810 7830 7670 5660 7220 4920 4490 7140 3320 4440 7350 3710 7020 8640 9580 1940 7160 680 6380 6550 9000 4480 3810 3650 6830 6210 4740 6370 6120 7270 4250 8740 4970 3650 3070 2550 1870 7080 6160 6880 9810 5390 6960 6180 7800 6640 6100 6250 180 7060 1280 7900 7900 7850 4500 4160 7000 2840 3440 4880 5600 4960 3210 4360 5130 6550 4780 7540 6570 4310 6590 2300 3220 7000 
9061 6422 9841 4927 2977 4316 8983 9646 7566 9646 9984 8541 3380 8918 5369 2574 6955 7436 4771 8775 9802 7527 4836 8931 9672 5629 7618 3731 8099 2366 5512 5707 2678 9932 9789 6214 5213 7956 4914 9685 9685 9230 4563 5109 7553 4121 10530 1287 8424 7371 10062 5304 9425 5057 7787 3978 9295 2171 5837 6292 10465 2132 9009 8216 4043 4186 7202 9347 4849 8294 4732 5174 4615 5811 2821 7254 9880 5798 6032 8476 6201 6162 8983 6188 6058 7566 6539 5785 8892 6357 728 5577 3536 3172 7436 3588 7956 9152 4524 1755 4693 3419 8944 7306 3679 6045 10582 7085 2652 10556 
5170 6798 5214 7260 3696 5324 2871 3531 1551 4378 4752 4433 2233 7447 7073 2959 8008 7799 4675 6468 5368 6666 7755 5412 5500 5148 6864 6369 3960 4114 1485 6204 4455 3850 3443 2442 7227 2530 1892 7205 5544 7392 3410 605 6985 3311 6556 4884 4081 1430 3872 6325 5269 7524 4004 1551 3278 3487 4928 5456 7029 4356 7282 4554 1496 2310 5698 3564 2959 7502 5027 5731 6116 605 2673 2717 3553 3091 1089 5093 462 1727 5819 2310 8085 2904 7722 1012 3729 539 4345 4378 2992 5027 6743 2739 5115 7249 4785 3784 2684 2288 7161 1980 1936 4576 7425 7414 4697 6952 
2310 4545 3735 7290 10020 4770 7215 7185 7890 4875 4890 2595 8145 3375 6360 8520 6405 5415 3585 1800 3420 3015 8520 1770 3000 2910 3300 7035 2730 6120 4995 4320 10635 7050 8550 3690 6870 5325 9105 2835 2955 3135 3660 7305 3615 4185 3450 7635 3030 8115 7500 5040 2865 7695 2220 7500 6810 6480 2415 2400 3240 10110 3045 1845 6465 9150 1575 6120 3660 3945 3930 4245 5520 6195 8250 3915 8250 2895 5595 1395 7470 4710 1545 3885 7665 3945 6285 8370 4590 7350 8040 2415 9570 5775 3255 5160 510 2925 3975 6870 4050 8340 2865 5370 7980 1905 3450 5010 6075 3330 
3278 3311 4048 4411 5192 2277 4840 5104 4664 4213 4422 2937 3883 4004 3960 4103 4620 4279 1342 3333 3949 3113 5170 3146 3806 1606 3300 3839 2651 2475 2134 2783 5632 5170 5797 1683 4235 3498 4763 4136 3806 4059 539 3597 3421 913 4510 3641 2937 4730 5423 3047 3608 4719 2299 3498 4785 2607 1364 1892 4521 5258 3916 2574 2750 4697 2255 4521 627 3949 1738 2376 3069 3058 3916 2464 5687 814 2761 2761 3993 2266 3234 1771 5016 2673 4378 4444 3696 3971 3795 814 4917 2585 3179 1628 2365 3938 1584 2926 935 4037 3817 3201 3806 1056 4697 3894 2618 4565 
6030 5330 6450 4880 1410 3670 5230 5780 4050 6070 6370 5500 820 6790 4980 450 6100 6220 3570 6340 6480 5800 5060 6040 6460 4230 5930 3940 5110 1990 2780 4740 1820 6030 5790 3530 4980 4600 2060 7070 6480 6920 2870 2160 5940 2540 7260 2120 5330 3890 6100 4600 6250 5050 4950 1270 5530 1310 4250 4700 7390 1540 6770 5370 1480 1580 5260 5660 2850 6500 3720 4270 4190 2800 450 4240 5890 3490 3060 5690 3000 3290 6210 3470 5730 4480 5780 2650 5470 3130 1430 3870 1350 2980 5790 1830 5430 6820 3500 1340 2620 890 6690 4080 1040 4210 7590 5900 2540 7410 
4994 4543 5544 4664 3245 2849 4950 5445 4092 5313 5599 4466 2002 5852 4543 2145 5599 5555 2442 5280 5544 4818 5148 4972 5478 3113 4983 3762 4059 1518 1881 3905 3696 5643 5753 2409 4664 3938 3113 6083 5500 5951 1463 2321 5038 1144 6314 2475 4323 4026 5797 3894 5258 4928 3839 1804 5137 1056 3058 3575 6435 3344 5797 4257 1199 2882 4125 5115 1430 5632 2706 3388 3586 2398 1980 3289 5764 2178 2431 4576 3069 2398 5137 2387 5522 3553 5280 3168 4675 3135 2233 2607 2992 2420 4829 319 4268 5852 2453 1419 1210 2145 5709 3421 1991 2948 6644 5181 2090 6457 
10515 10650 10815 10050 1740 8190 7605 8550 5370 9810 10320 9585 1845 12540 10215 2130 11880 12015 7890 11625 10965 11160 10275 10710 11070 8820 11370 8640 8955 5730 5220 9765 2760 9015 8055 6600 10215 7320 1395 12705 11115 12645 6540 3105 11445 6135 12435 5820 9195 4995 8985 9615 10740 10305 8865 2385 8265 4695 8745 9465 12870 2985 12450 9585 3420 765 10170 8715 6270 12255 8175 9045 9030 4530 2085 7350 8325 7005 5145 10200 4005 5865 11115 6465 11340 7665 11415 2910 8925 4245 4665 8100 840 7215 11175 5010 10005 12480 7830 4755 5865 1635 12315 6555 1920 8535 13275 11520 6555 12825 
3210 3930 4650 6990 10995 4875 8580 8505 9270 6045 5985 3780 9225 1995 5970 9495 5640 4500 3960 660 4245 2040 8265 2505 3750 3045 2295 7020 4035 6720 6285 3990 11520 8325 9900 5040 6525 6690 10320 1740 3675 1755 4560 8565 2625 5055 3645 8130 4275 9495 8790 4755 3720 7380 3555 8655 8130 7245 2715 2310 2940 10965 1665 3060 7620 10290 1185 7410 4740 2745 4140 4125 5400 7515 9270 5295 9585 4125 6945 2385 8805 6060 1860 5220 7140 5325 5610 9660 5850 8700 8700 3075 10620 6075 2325 6120 1680 1560 4305 7590 5145 9420 1485 6750 9090 2565 2820 4185 6495 3165 
10410 3645 11820 1455 10365 4170 13815 14190 13230 12660 12810 10500 9915 6870 1830 9390 2265 3540 5385 8055 11520 5610 1725 9840 11100 5400 5460 2865 10380 5925 9795 3780 10155 14265 15090 9525 1470 12000 11745 8655 11040 7530 6990 10965 5145 6915 11220 5775 10755 13215 14625 3150 10965 1230 9810 10080 13755 6960 5955 5715 10425 9510 7260 9795 9435 11145 6585 13365 7710 5610 4845 4065 3060 10890 9465 10575 14970 8325 10695 9495 11955 10215 9360 9630 435 10830 2055 12105 12090 12030 6960 6480 10725 4500 5340 7575 8625 7590 5070 6780 7965 10065 7320 11565 10095 6705 10050 3600 5070 10695 
9450 6034 10388 4298 4172 3864 9926 10598 8582 10332 10668 8974 4312 8862 4802 3542 6524 7084 4522 8848 10290 7336 4214 9240 10122 5404 7420 3010 8540 2114 6062 5306 3892 10864 10878 6636 4606 8680 6034 9814 10122 9240 4606 5992 7322 4158 10934 630 8904 8414 11046 4816 9870 4438 8148 4830 10206 2324 5684 6118 10780 3304 8988 8554 4704 5292 7126 10178 5026 8106 4396 4760 4046 6566 3752 7784 10934 6034 6720 8750 7140 6734 9212 6636 5516 8120 6062 6818 9548 7294 1148 5502 4676 2632 7224 3808 8134 9170 4214 1862 4914 4396 8932 8022 4606 6006 10836 6720 2156 10892 
5025 2415 6480 5640 11175 4170 10110 10125 10515 7800 7770 5520 9645 1185 4560 9735 3900 2715 3720 2130 6075 435 6915 4335 5580 2715 525 5970 5685 6480 7275 2805 11550 10005 11445 6210 5115 8190 10980 2685 5505 1665 4950 9390 855 5340 5370 7680 5985 10695 10455 3540 5550 5985 5175 9225 9735 7230 2730 2010 4455 10950 1380 4785 8220 10815 1560 9075 5355 1005 3645 3225 4320 8550 9555 6720 11160 5100 8040 4170 9840 7215 3675 6390 5550 6810 3960 10545 7545 9780 8460 3405 10980 5475 660 6465 3390 1665 3930 7470 5775 9840 1395 8130 9585 3060 4065 2445 6045 4725 
4785 4380 6090 7605 12930 6180 10560 10395 11385 7725 7560 5595 11250 915 6525 11460 5565 4275 5595 1740 5640 2490 8865 4080 5115 4590 2490 8010 5970 8400 8430 4845 13380 10170 11865 7185 7065 8730 12420 1245 5010 420 6540 10695 2730 6990 4365 9660 6150 11610 10635 5565 5190 7935 5565 10725 10050 9060 4440 3825 3165 12810 675 4950 9690 12360 2910 9270 6795 2175 5610 5265 6360 9660 11250 7380 11520 6270 9090 4170 10950 8205 3285 7365 7365 7365 5730 11805 7710 10845 10395 4995 12630 7485 2685 8100 3690 585 5850 9345 7215 11445 765 8850 11145 4530 2520 4185 8025 3495 
7340 7100 7590 6540 700 5440 5580 6200 4110 6970 7310 6740 1390 8490 6700 1310 7850 7990 5320 7950 7680 7530 6620 7440 7720 5960 7670 5590 6320 3740 3830 6510 1330 6510 5900 4730 6680 5330 1460 8670 7760 8590 4510 2520 7690 4210 8610 3660 6490 3860 6500 6360 7510 6690 6240 1910 6000 3080 5950 6410 8860 1520 8450 6700 2560 940 6930 6290 4380 8250 5480 6030 5940 3450 1380 5290 6080 4930 3850 7100 3170 4290 7680 4650 7410 5500 7530 2470 6380 3330 2880 5540 440 4720 7530 3470 6920 8490 5260 3070 4120 1260 8360 4810 1530 5850 9110 7670 4270 8840 
5499 8918 5148 9971 6331 7514 1417 2223 832 3822 4264 4589 4628 9035 9594 5499 10478 10036 6552 7631 5434 8372 10673 5941 5707 6903 8632 9035 4108 6487 2639 8307 7241 2639 2119 3120 9854 1755 3978 8385 5785 8840 5083 2704 8827 5135 7007 7566 4108 1170 2600 8580 5460 10309 4355 3835 1989 5876 6539 7098 7774 7137 8762 4966 3627 4615 7111 2496 4459 9334 7007 7813 8476 1885 5148 2743 2210 4173 1872 5668 1703 2327 6539 2977 10829 2782 10192 2678 3185 1495 7033 5902 5473 7397 8515 4732 5941 8658 6773 6266 4225 4693 8606 1469 4290 5980 8359 9594 7111 7631 
4920 2870 5650 2650 3790 1200 5900 6270 5280 5750 5960 4640 3110 4590 2580 2920 3640 3750 1380 4470 5560 3530 3110 4740 5410 2040 3630 1840 4370 520 3100 2290 3930 6400 6690 3210 2650 4820 4280 5170 5400 4820 1540 3700 3600 1300 5950 1410 4640 5240 6590 2120 5240 2880 4060 3130 5980 1160 2210 2550 5820 3520 4640 4300 2680 3950 3250 5850 1950 4170 1370 1820 1740 3720 2890 4020 6670 2610 3670 4400 4380 3480 4710 3240 3430 4250 3330 4460 5240 4440 1830 2060 3820 600 3480 1470 3950 4750 1190 1210 1980 3230 4590 4430 3190 2410 5870 3440 410 5900 
3204 5928 3732 8496 11580 6984 7896 7524 9036 5196 4920 4044 10032 3288 7644 10380 7020 6000 6240 2556 3396 4320 9516 2868 3060 5520 4416 8652 4524 8400 7272 6144 12084 7236 8808 6156 8088 6672 10656 1848 2976 2748 6516 9144 4656 6924 1908 9576 4488 9300 7620 6756 3264 8784 4416 9468 7344 8748 5232 4932 1116 11676 2952 3816 8640 10776 4032 6636 6492 4308 6396 6348 7332 8112 10152 5880 8472 5784 7596 3240 9048 6900 2484 6300 8424 5760 7116 9888 5484 8916 9972 5436 11172 7944 4524 7716 3396 2688 6516 9060 6780 10188 2904 6984 9876 5016 828 5892 8268 1236 
2128 7042 2534 9912 12320 7756 7420 6972 8834 4242 3920 3080 10430 4452 8960 10948 8568 7448 6706 2940 2156 5222 11088 1974 1806 6006 5404 9842 3668 9030 7070 7098 13006 6622 8470 5768 9464 6062 10990 2688 1708 3836 6650 9198 5726 7126 406 10472 3556 9156 7070 7798 2072 10276 3654 9716 6762 9282 5572 5418 896 12572 4004 2982 8778 11214 4410 5936 6482 5572 6986 7168 8372 7952 10654 5264 8064 5544 7336 2478 8974 6538 1904 5908 10038 5082 8596 9996 4620 8806 10794 5614 11774 8736 5488 7938 2982 3682 7070 9688 6776 10612 3878 6482 10220 5138 1624 7210 9030 574 
3804 1872 4908 3864 7176 1944 6924 7080 6960 5604 5700 3852 5940 2664 3132 6012 3384 2820 1260 2496 4680 1500 4848 3384 4368 468 1692 3708 3780 3504 4248 1524 7500 7068 7992 3564 3540 5400 7044 3300 4332 2868 2208 5832 1800 2508 4668 4572 4080 7056 7392 2064 4236 4188 3324 5640 6744 4044 444 156 4272 7032 2676 3276 4836 6888 1008 6324 2604 2400 1332 1428 2460 5256 5880 4200 7824 2592 4908 3060 6288 4308 3120 3696 4212 4344 3216 6780 5208 6252 5100 1044 7008 2892 1548 3408 2376 2784 1488 4260 2928 6108 2604 5208 5904 936 4224 2424 3252 4428 
7035 810 8475 3705 10815 3330 11490 11655 11520 9630 9660 7350 9630 3045 2625 9480 1710 690 3660 4320 8115 1875 4920 6375 7650 2955 1665 4395 7395 5895 8070 1695 10995 11610 12840 7290 3165 9570 11220 4845 7575 3705 5325 9885 1335 5550 7545 6720 7725 11610 12030 2085 7560 3990 6840 9420 11250 6840 3345 2745 6660 10350 3435 6600 8520 10875 3180 10680 5925 1815 3285 2400 2910 9315 9405 8085 12615 6075 8925 6120 10575 8220 5790 7455 3405 8250 1770 11085 9225 10560 7710 4080 10815 4575 1605 6585 5265 3765 3630 6945 6315 9825 3495 9360 9660 4005 6240 240 5235 6930 
2870 2090 3740 3550 5630 1750 5230 5380 5250 4220 4330 2810 4530 2600 3000 4650 3340 2900 950 2200 3580 1740 4340 2590 3350 600 1920 3280 2700 2730 2990 1720 5950 5380 6120 2410 3310 3960 5400 2910 3330 2700 1390 4350 2030 1680 3740 3710 2960 5330 5640 2110 3220 3830 2330 4230 5100 3090 240 640 3540 5580 2550 2360 3560 5300 1040 4760 1650 2500 1190 1510 2330 3840 4510 2960 5980 1600 3540 2280 4690 3040 2460 2520 3930 3100 3170 5130 3860 4670 4050 350 5440 2410 1810 2420 1750 2610 1220 3310 1930 4660 2470 3790 4480 250 3580 2570 2630 3630 
3300 2926 4136 4125 5445 1991 5192 5434 5049 4433 4609 3047 4180 3674 3641 4345 4246 3883 1034 3091 4026 2739 4906 3113 3839 1221 2926 3619 2805 2486 2530 2409 5841 5478 6149 2035 3927 3828 5115 3894 3839 3751 726 3971 3036 1089 4455 3630 3102 5126 5742 2695 3663 4433 2431 3839 5115 2739 979 1507 4389 5445 3597 2640 3091 5016 1925 4818 1001 3575 1419 2024 2772 3454 4180 2772 6028 1133 3157 2728 4378 2651 3124 2134 4697 2970 4015 4829 3938 4356 3883 429 5192 2431 2794 1881 2266 3641 1298 3025 1298 4334 3509 3564 4114 737 4521 3509 2541 4455 
3696 8316 2928 9888 8028 7548 1380 864 3120 1464 1800 3012 6360 7608 9360 7104 9840 9204 6516 6132 3264 7380 10704 4248 3636 6540 7608 9228 2796 7236 3696 7908 8832 648 2148 3312 9684 1440 6012 6624 3720 7284 5388 4668 7848 5616 4752 8412 2592 3456 1020 8316 3468 10224 3216 5604 720 6888 6120 6492 5664 8664 7284 3564 5160 6540 6180 144 4848 8148 6948 7572 8412 3612 6792 2376 1800 4176 3264 4152 3900 3108 4872 3276 10500 2148 9648 4848 1332 3708 8136 5640 7284 7776 7560 5628 4668 7104 6792 7284 4788 6456 7128 2040 6060 5532 6276 8832 7668 5460 
7170 1140 8625 3900 11160 3660 11760 11895 11805 9810 9840 7530 9960 2970 2850 9825 1695 480 3990 4365 8250 1980 5100 6495 7770 3255 1725 4665 7590 6240 8370 2025 11325 11850 13095 7575 3360 9825 11550 4815 7695 3630 5640 10215 1395 5880 7605 7035 7920 11910 12270 2400 7695 4170 7035 9765 11490 7185 3630 3000 6675 10680 3375 6780 8850 11205 3360 10905 6240 1710 3615 2745 3225 9630 9750 8340 12870 6360 9225 6270 10890 8505 5880 7740 3495 8490 1845 11400 9435 10875 8040 4380 11160 4890 1710 6915 5430 3720 3960 7275 6630 10155 3465 9630 10005 4275 6225 375 5565 6960 
1012 6017 451 8041 8789 6105 4301 3916 5522 1782 1518 1353 7260 4499 7370 7755 7348 6556 5159 3113 286 4741 8932 1430 506 4796 4928 7788 1782 6699 4499 5885 9405 3641 5104 3542 7744 3333 7491 3278 550 4081 4741 6083 5181 5093 1243 7865 1573 5797 3993 6391 627 8349 1991 6622 3762 6732 4400 4466 2123 9108 4147 1650 5951 7766 3817 3113 4466 5236 5478 5797 6721 5060 7491 2926 4774 3663 4576 1683 5775 4015 1892 3630 8327 2728 7282 6622 2134 5621 7953 4235 8272 6710 4939 5577 2321 3927 5467 7073 4631 7381 4026 3751 7051 3927 2717 6292 6831 1914 
7680 2235 9015 1980 8010 945 10590 10995 10020 9630 9825 7590 7110 5490 1470 6780 3015 3360 2220 5970 8760 3885 3120 7215 8400 2520 3900 1665 7380 3135 6570 1545 8070 11085 11865 6300 1755 8790 8865 6855 8370 6000 3765 7875 3735 3705 8835 3720 7770 10020 11430 915 8220 2400 6825 7110 10560 4170 3060 3105 8295 7440 5715 6930 6360 8370 4185 10200 4485 4530 1695 1230 165 7680 6780 7395 11745 5145 7470 6780 8805 6975 6900 6405 2880 7680 2550 9045 9000 8850 4755 3420 8145 1665 3705 4440 5940 5985 1860 4140 4725 7290 5700 8340 7230 3750 8145 2970 2355 8505 
3201 3047 4026 4268 5445 2134 5060 5291 4939 4290 4466 2926 4158 3718 3773 4345 4378 4004 1166 3080 3916 2816 5049 3025 3740 1342 3003 3751 2673 2563 2420 2541 5852 5335 6017 1903 4070 3685 5060 3883 3740 3773 737 3894 3124 1100 4378 3718 2970 5005 5599 2838 3553 4576 2310 3795 4972 2783 1067 1595 4334 5467 3630 2530 3036 4972 1958 4675 924 3652 1562 2167 2904 3344 4180 2629 5896 1001 3036 2640 4279 2519 3058 2002 4829 2827 4147 4752 3806 4257 3949 517 5181 2552 2882 1870 2200 3663 1441 3080 1232 4301 3531 3432 4081 770 4488 3630 2651 4389 
6818 700 8134 2338 8862 1890 10332 10598 10094 8988 9100 6930 7868 3920 1358 7658 1680 1694 2562 4718 7854 2520 3528 6286 7462 2268 2450 2772 6860 4270 6846 672 8974 10626 11564 6328 1876 8582 9436 5404 7406 4466 4186 8344 2226 4284 7616 4928 7210 10136 10976 602 7336 2688 6328 7770 10206 5194 2758 2436 6944 8372 4200 6258 6986 9044 3262 9758 4816 2898 2100 1204 1358 7966 7616 7210 11410 5180 7672 5964 9086 7098 5852 6454 2492 7420 1372 9450 8498 9100 5880 3332 8918 2968 2296 5166 5138 4480 2408 5236 5124 8050 4228 8274 7952 3444 6678 1302 3598 7168 
4264 8372 3809 9776 7254 7254 1131 1508 2197 2457 2912 3367 5460 8086 9282 6279 9984 9425 6188 6591 4108 7592 10582 4758 4407 6370 7852 8957 2951 6630 2691 7839 8138 1755 2301 2600 9594 533 5109 7280 4485 7826 4836 3614 8086 4992 5707 7852 2873 2535 1924 8203 4173 10127 3276 4641 1144 6175 5954 6448 6526 7956 7787 3835 4186 5655 6305 1287 4212 8515 6656 7410 8216 2483 5928 1820 2119 3653 2132 4537 2834 2119 5395 2509 10543 1729 9737 3861 1833 2626 7475 5369 6461 7358 7761 4862 4914 7644 6461 6591 4082 5551 7618 884 5135 5343 7137 8996 7163 6357 
2060 4370 2410 5600 5300 3660 2960 3100 3220 2280 2500 1470 3910 4260 5160 4350 5620 5160 2790 3230 2440 3780 6300 2220 2440 2850 3980 5090 1070 3630 1470 3980 5840 3130 3850 540 5430 1680 4280 3860 2480 4130 1930 3010 4140 2180 3330 4680 1290 3370 3380 4290 2230 5880 960 3370 2820 3520 2510 2870 3680 5580 4070 1440 2730 4440 2800 2520 1530 4500 3150 3680 4370 2160 4110 680 3700 870 1740 1910 2980 1150 2560 640 6120 840 5440 3640 1770 2890 4640 2080 4860 3920 3900 2440 1950 3990 3030 3850 1600 4030 3950 1570 3740 2030 4030 4840 3890 3630 
7470 5550 8385 5250 4515 3090 7995 8640 6825 8250 8625 6870 3330 7830 5205 3120 6795 6900 2955 7350 8325 6300 5820 7335 8175 3960 6480 3960 6390 840 3780 4665 4875 8895 9105 4305 5310 6540 5070 8445 8190 8070 2295 4290 6480 1785 9180 2190 6765 6720 9120 4500 7890 5580 6000 3360 8220 555 4050 4695 9165 4290 7830 6495 2760 4590 5610 8145 2610 7335 3135 3960 3960 4515 3045 5535 9105 3705 4560 6795 5385 4455 7425 4305 6465 5880 6330 5400 7410 5505 2145 3600 4455 2205 6270 1290 6240 7950 2805 945 2475 3510 7725 5865 3435 4140 9360 6420 1650 9240 
1920 7155 2580 10200 12780 7860 7740 7305 9180 4410 4080 2970 10770 4485 9195 11295 8820 7635 6735 2790 2145 5220 11460 1680 1695 5985 5430 10110 3585 9225 7170 7185 13500 6960 8895 5775 9735 6210 11385 2640 1590 3855 6675 9480 5775 7185 465 10770 3495 9525 7440 7935 1950 10590 3525 9990 7050 9495 5520 5370 870 13020 4005 2790 9000 11625 4290 6180 6495 5640 7050 7245 8535 8145 10980 5295 8475 5505 7485 2205 9270 6630 1590 5940 10365 5115 8820 10350 4725 9105 11115 5565 12195 8910 5505 8055 2730 3675 7125 9930 6825 10950 3855 6645 10530 5040 1680 7350 9210 600 
1320 6375 2220 8805 9675 6030 5295 5205 6270 2925 3015 735 7635 5295 7980 8220 8265 7365 4710 3510 2100 5010 9975 1560 1965 4380 5295 8310 735 6660 3990 6015 10455 5040 6615 2595 8460 3480 8205 4305 1995 4950 3990 6300 5610 4470 3210 8250 1020 6555 5505 6645 1665 9240 360 6840 4830 6705 3825 4110 3750 10035 4920 375 5850 8445 3540 4110 3615 5955 5175 5760 6975 4995 7890 2235 6285 2535 4335 1155 6165 3465 2175 2760 9360 2160 8100 7200 2580 6000 8370 3450 9045 6750 5250 5145 1605 4740 5115 7170 3855 7815 4725 3690 7380 3105 4335 6930 6870 3660 
8688 6552 9336 5232 2160 4596 8220 8868 6804 9048 9384 8148 2820 8796 5628 2016 7104 7512 4920 8580 9324 7512 5136 8604 9240 5724 7620 4116 7728 2676 5160 5892 1800 9156 8904 5904 5484 7392 4140 9444 9252 9060 4572 4536 7572 4164 10080 1836 8016 6600 9252 5532 9000 5352 7464 3468 8568 2316 5892 6336 10080 1296 8856 7896 3672 3444 7152 8676 4764 8244 4932 5376 4908 5304 2304 6840 9012 5628 5568 8172 5544 5772 8688 5868 6276 7128 6708 5052 8340 5700 1080 5604 2760 3552 7440 3552 7740 8976 4716 1980 4584 2832 8784 6780 3132 6024 10212 7188 3036 10140 
2748 6072 2832 7488 6420 5160 2724 2904 3180 2256 2604 1920 4728 5856 6984 5340 7572 7020 4140 4548 2964 5340 8304 3072 3084 4236 5580 6828 1428 4908 1716 5592 7140 2964 3792 948 7296 1188 4908 5244 3144 5664 3000 3384 5784 3240 4248 6132 1548 3408 3240 5964 2832 7824 1548 4008 2568 4668 3840 4272 4824 6876 5604 2136 3336 5208 4152 2256 2460 6204 4572 5220 6024 2256 5040 60 3612 1788 1728 2772 3120 1128 3588 936 8136 336 7344 3996 1560 2976 5976 3312 5808 5388 5496 3360 2988 5496 4404 5064 2436 4848 5448 1140 4476 3264 5304 6636 5292 4716 
264 5604 1116 7824 9072 5748 4956 4680 6048 2424 2268 1068 7428 4044 7080 7908 7056 6204 4740 2520 780 4236 8808 612 408 4296 4440 7572 1572 6516 4500 5460 9684 4440 5928 3396 7500 3684 7848 2832 360 3624 4404 6324 4704 4800 1260 7788 1500 6312 4824 6024 372 8160 1584 6792 4452 6636 3876 3912 1896 9336 3672 1056 6012 8064 3204 3768 4176 4800 5064 5376 6396 5244 7644 2940 5604 3324 4716 900 6120 4032 1176 3504 8124 2784 6984 6996 2556 5976 7956 3744 8568 6456 4440 5412 1572 3456 5064 6996 4380 7572 3528 4008 7224 3372 2472 5904 6612 1752 
7896 3120 8940 720 6552 2376 9912 10308 9228 9384 9564 7788 6276 5892 1476 5808 2856 3624 3432 6456 8748 4668 840 7524 8472 3768 4620 672 7596 3168 6576 2808 6372 10416 10884 6564 1116 8544 7764 7116 8448 6348 4476 7272 4428 4308 8808 2880 7908 9180 10668 2196 8316 768 7164 6480 9960 3960 4200 4212 8340 5856 6120 7272 6048 7236 5076 9720 5040 4992 3048 2712 1680 7356 5892 7488 10836 5688 7272 7176 8136 6996 7260 6624 1704 7728 2484 8148 8844 8208 3828 4440 6864 2172 4488 4656 6504 6348 3120 3768 5160 6384 6132 8124 6444 4728 8184 3456 2508 8520 
167 44 622 181 421 311 461 561 628 404 494 436 335 438 241 292 461 303 490 686 305 111 266 540 501 175 229 254 758 485 483 658 221 620 508 702 760 390 579 709 316 708 388 622 398 200 370 404 379 399 404 705 287 68 418 402 207 772 548 234 50 374 444 551 412 546 522 737 694 559 207 249 427 257 352 392 361 91 595 482 279 425 801 550 104 527 413 40 626 308 311 321 722 462 644 335 456 207 427 430 750 647 703 226 639 432 444 558 424 132 633 433 486 302 243 637 136 254 478 285 336 524 158 530 328 358 562 620 553 623 645 574 225 177 288 202 334 294 288 436 421 419 248 482 625 362 577 555 275 634 579 372 54 199 529 203 317 676 362 349 255 400 27 273 654 188 453 243 248 247 601 571 144 680 143 575 179 657 464 739 722 365 106 579 504 120 603 332 763 386 221 573 329 659 284 504 705 461 570 218 715 273 576 257 287 556 558 647 291 284 413 222 421 415 468 167 322 357 393 26 
345 471 264 457 73 717 60 670 605 172 333 417 277 27 243 446 77 429 373 659 254 381 444 228 580 317 650 203 686 320 711 497 281 198 671 331 310 563 708 449 667 565 152 180 305 467 223 189 137 760 682 346 209 435 598 64 259 729 385 313 506 112 82 395 546 693 534 573 238 142 633 293 383 643 457 542 255 500 377 770 398 770 733 379 543 476 781 455 352 679 496 342 665 819 206 550 573 294 29 358 682 191 256 424 242 331 727 592 35 328 601 534 746 157 633 659 374 340 486 622 284 585 560 472 566 291 661 486 181 169 479 465 320 590 446 352 708 534 266 709 387 74 226 698 639 534 271 490 599 225 640 627 455 582 302 284 620 493 572 476 496 62 470 372 557 399 109 649 335 287 234 548 405 406 342 191 302 293 701 553 720 627 528 298 52 439 595 292 663 96 571 580 472 412 316 64 287 780 118 301 262 307 363 247 181 276 606 352 249 356 228 268 530 628 610 435 231 308 545 438 
241 86 706 234 513 236 558 567 659 489 560 485 424 533 337 351 558 367 550 714 383 187 299 622 520 268 153 350 791 553 462 713 303 710 504 785 853 397 579 777 267 757 475 715 465 250 462 487 476 339 374 786 374 145 420 498 299 799 610 306 46 470 535 612 427 544 554 789 789 650 130 324 482 200 385 406 436 90 663 441 326 368 832 613 49 571 348 101 700 252 359 381 755 398 736 338 470 300 523 489 783 742 796 265 727 496 409 582 519 228 665 454 454 398 186 658 207 336 515 248 407 545 116 576 324 428 570 673 640 717 702 625 296 119 320 285 273 297 379 405 475 515 344 464 648 374 656 600 246 723 595 355 123 156 602 297 291 734 362 377 297 496 83 349 698 239 549 175 313 324 686 606 199 752 225 663 265 740 443 794 743 346 74 655 599 162 633 402 802 482 192 602 357 728 351 600 794 412 665 309 809 359 644 341 379 633 579 722 370 363 491 317 442 407 474 204 415 423 407 114 
495 643 111 667 220 855 258 685 568 249 312 438 492 219 452 661 272 644 359 610 365 544 545 160 599 522 800 396 610 304 773 409 429 18 710 137 139 628 727 309 786 471 256 52 347 678 435 257 351 873 769 159 355 630 658 278 431 662 334 443 684 327 195 345 598 721 532 465 124 80 787 421 406 778 523 602 331 662 290 851 495 876 652 325 709 458 897 627 234 805 711 423 600 926 35 635 611 503 240 379 608 112 86 541 52 351 810 586 234 520 560 575 817 358 771 635 530 555 496 741 367 594 711 451 657 359 673 417 101 94 393 418 452 741 538 563 832 633 481 790 414 287 432 757 614 606 171 460 716 29 637 713 647 723 251 490 726 392 651 545 709 275 646 587 490 531 305 793 452 418 94 524 552 267 505 80 464 118 768 436 674 716 690 203 164 590 568 376 575 311 702 564 549 291 421 219 72 873 112 512 113 522 288 390 352 197 604 216 371 571 275 476 575 696 651 572 446 374 606 616 
584 702 485 884 600 713 727 268 110 506 334 306 860 644 743 955 742 952 301 67 499 631 470 457 261 764 718 665 23 348 439 187 568 591 345 497 708 389 294 313 610 131 532 638 394 903 834 489 758 648 507 475 562 780 384 689 622 66 282 528 746 723 584 271 350 320 213 156 720 588 723 525 328 657 383 371 454 679 306 537 455 627 69 288 721 216 670 697 362 641 996 431 17 664 631 446 314 771 664 340 16 703 673 508 545 357 518 194 648 709 102 318 489 676 661 142 605 857 256 586 452 233 669 215 468 430 256 183 525 678 203 202 534 688 448 826 654 482 817 502 330 720 723 421 139 403 429 191 569 567 207 477 781 646 368 752 540 207 432 391 957 682 718 894 110 545 771 691 503 532 503 163 590 343 618 534 606 486 449 190 103 486 695 396 655 616 136 449 52 715 603 168 411 309 477 721 591 587 661 791 702 843 313 556 607 409 203 384 517 890 450 754 330 419 330 569 809 420 372 708 
308 461 160 524 106 662 228 523 441 58 168 268 403 145 320 547 243 535 210 494 172 360 351 84 434 377 608 246 518 155 591 331 244 177 536 240 332 442 564 300 591 398 76 202 162 538 361 63 275 679 579 245 175 466 475 198 259 562 217 251 504 241 85 228 417 552 378 408 293 130 596 230 234 584 336 418 137 475 213 663 301 683 565 211 523 315 703 446 202 610 596 230 498 733 213 444 436 366 167 206 514 256 276 346 180 178 621 436 152 357 437 398 632 227 577 499 343 438 334 547 173 434 520 310 465 167 513 319 95 226 313 298 261 550 345 430 638 439 375 602 240 227 298 576 478 418 128 326 522 181 486 523 480 530 135 350 533 329 462 358 580 191 466 474 389 338 274 600 259 228 138 386 362 259 322 118 283 195 584 391 555 525 503 145 160 401 433 182 496 230 508 421 359 257 226 223 250 682 187 381 297 411 198 206 189 120 451 210 180 463 84 341 397 510 476 380 351 183 422 438 
398 356 768 576 667 149 763 333 492 594 557 430 717 705 598 690 770 702 522 529 483 386 293 686 342 555 208 566 615 559 167 631 454 820 253 835 975 233 320 745 83 645 597 844 492 593 736 582 714 52 89 826 522 467 221 699 493 599 579 418 367 694 678 574 275 286 416 683 934 772 228 438 451 149 320 260 506 308 644 99 342 40 642 586 307 475 74 366 705 98 705 412 579 89 857 204 294 583 707 475 607 892 920 307 812 499 85 407 696 491 504 311 130 613 163 456 379 648 409 118 470 368 242 483 181 476 343 588 734 863 628 544 411 230 297 596 86 203 665 97 443 728 594 181 457 243 701 498 137 819 389 133 450 200 620 572 111 660 196 298 644 694 372 671 574 336 776 179 398 444 761 466 343 739 415 756 447 796 151 702 529 127 295 683 763 323 467 461 644 699 182 439 290 703 422 793 883 62 816 600 941 660 630 485 556 671 394 734 484 680 561 588 302 180 268 306 689 461 257 392 
405 337 803 549 685 92 773 395 552 618 598 474 707 721 594 665 779 679 565 590 504 384 319 719 400 544 165 570 676 598 231 683 466 848 316 873 1003 284 384 793 80 701 619 869 526 565 731 608 716 23 149 865 537 445 277 709 499 662 624 434 341 699 698 620 327 350 471 739 957 797 188 455 493 121 360 310 534 290 689 158 370 56 704 630 280 526 35 349 747 71 675 442 640 83 883 246 350 574 720 515 668 914 947 326 844 537 150 466 711 483 563 363 194 619 134 518 381 632 460 124 497 427 220 534 221 506 405 640 764 886 679 595 426 202 328 580 44 235 657 161 484 736 592 245 518 288 737 550 149 849 450 185 426 182 659 564 142 712 244 339 614 705 352 652 630 348 782 140 417 461 794 523 346 784 417 786 452 832 215 757 592 177 272 722 781 320 526 488 704 706 178 497 328 749 445 806 915 110 837 589 966 648 674 499 567 708 454 776 504 663 590 581 353 238 327 312 684 492 308 375 
430 442 706 667 654 300 766 187 359 567 487 355 768 697 642 775 776 783 444 388 470 438 289 631 223 614 342 592 473 492 18 520 470 776 111 765 929 164 168 647 207 522 577 807 444 686 775 552 736 204 87 751 524 553 132 705 520 452 493 425 466 711 658 486 191 137 303 561 899 736 358 441 384 276 271 188 476 397 558 81 328 177 496 501 413 373 222 447 624 236 797 384 438 210 815 179 188 638 704 412 465 863 876 321 757 439 69 278 691 547 372 219 34 633 287 313 422 714 313 213 443 244 345 382 172 441 199 479 689 833 521 441 421 345 282 665 234 209 716 61 376 737 632 37 317 191 637 391 215 769 249 115 540 305 552 624 170 551 154 250 740 699 460 742 451 363 789 311 398 449 705 346 387 648 456 709 477 730 24 584 380 121 394 614 747 382 336 434 506 713 270 312 253 610 409 789 826 132 791 657 900 719 547 491 566 606 262 654 478 749 522 637 216 97 150 348 732 425 184 471 
280 161 735 356 570 116 635 489 606 526 560 462 531 598 430 472 638 488 540 657 411 239 272 649 457 370 33 425 739 556 361 691 346 756 418 812 906 329 494 774 153 725 518 768 471 372 564 520 564 217 270 809 422 258 343 573 361 739 602 332 151 553 589 601 366 458 507 761 849 699 12 353 467 83 349 345 456 121 661 327 313 247 775 607 92 538 226 176 708 133 481 382 701 276 787 270 405 401 592 481 730 803 849 252 764 494 299 523 586 317 614 398 346 475 71 593 247 449 476 146 422 484 64 545 250 439 494 648 679 777 682 600 322 34 291 397 151 234 484 298 459 595 433 367 587 313 677 566 154 765 527 263 237 70 611 395 194 715 288 334 419 569 171 465 660 247 635 53 328 356 719 560 222 755 278 702 319 767 342 771 677 253 95 670 662 184 579 415 756 563 112 548 316 726 364 674 835 293 725 414 865 469 643 385 439 651 517 733 404 478 515 414 386 321 400 205 515 430 344 200 
291 157 751 335 579 137 638 523 638 540 583 489 521 604 426 452 639 468 565 689 427 246 298 666 490 362 55 427 771 578 396 718 357 769 453 829 917 362 528 798 186 755 531 779 492 350 557 535 562 244 304 827 432 244 377 576 367 772 627 347 138 553 598 627 398 492 538 789 857 711 34 368 493 117 378 377 474 126 685 360 337 276 808 631 85 567 251 174 729 164 458 403 733 302 798 303 438 393 597 505 763 811 860 275 779 517 333 556 592 314 646 430 380 477 105 627 257 436 506 181 441 517 85 574 283 459 528 676 693 785 709 628 337 60 317 384 180 266 475 332 485 596 431 402 620 345 696 596 188 778 560 298 222 102 632 389 229 742 321 364 396 573 164 450 690 265 635 84 345 370 735 591 236 777 285 716 327 785 377 799 710 288 97 690 670 197 611 434 787 564 145 580 345 750 383 678 849 324 733 405 874 457 666 396 446 670 550 754 418 463 532 408 418 355 433 223 508 451 376 195 
143 27 608 251 425 261 484 494 569 392 459 387 388 450 280 360 486 371 449 627 283 92 207 524 437 225 184 273 701 452 413 614 207 618 439 687 764 323 511 676 251 660 381 626 364 270 415 390 412 339 334 687 281 137 350 422 212 712 510 206 68 401 446 511 347 478 464 691 703 559 164 225 382 198 294 327 335 30 562 414 228 362 743 513 72 475 354 32 599 248 381 280 665 401 646 267 391 255 442 389 693 657 707 169 631 395 375 497 437 167 575 370 416 323 185 575 108 314 422 218 306 462 100 480 258 327 495 574 545 631 602 527 196 125 228 262 275 225 338 367 375 443 282 412 563 295 557 504 206 629 515 302 124 136 501 247 248 634 293 288 325 419 45 337 602 139 483 191 212 225 589 514 98 651 131 568 173 642 394 695 660 295 57 555 515 62 544 301 709 411 153 513 268 627 250 523 700 396 579 270 721 328 543 246 292 533 496 622 272 346 391 265 358 346 401 108 367 322 328 58 
454 564 458 753 517 575 646 157 31 418 261 187 750 563 628 831 660 830 217 89 387 498 331 407 123 641 577 552 164 273 317 198 446 554 224 493 691 249 195 336 472 188 442 597 292 772 731 401 661 516 375 474 452 646 247 600 502 175 228 402 607 628 507 217 209 209 75 226 686 536 582 403 216 516 245 230 351 538 279 416 321 498 204 237 580 112 539 559 346 503 869 308 127 539 595 305 175 651 580 236 156 661 647 371 517 259 392 57 564 582 40 176 369 571 520 72 472 737 124 446 340 96 528 117 328 320 143 164 476 633 204 146 407 546 310 703 517 340 705 374 215 632 609 298 51 261 391 103 428 536 92 340 645 504 314 632 401 229 292 251 827 592 580 774 117 410 685 551 375 410 468 41 454 350 488 490 480 470 325 251 136 349 554 360 587 478 6 335 183 622 462 26 270 311 354 648 576 463 607 671 675 726 277 439 499 365 72 374 404 771 361 636 188 285 196 431 701 308 231 572 
318 370 489 259 255 645 192 750 737 325 493 526 47 233 107 220 182 200 520 797 327 319 462 437 666 162 564 164 842 480 739 675 285 429 727 560 524 604 782 657 627 740 297 406 426 263 32 339 94 718 683 574 261 287 640 170 230 876 553 333 386 121 282 562 603 758 645 756 444 372 543 323 498 581 515 592 366 414 566 770 434 738 889 550 441 608 736 356 559 628 269 413 815 781 433 570 641 130 209 481 836 400 476 427 473 463 727 699 220 216 737 605 759 143 568 776 329 124 593 587 373 680 484 607 576 393 745 653 405 386 658 620 333 509 475 157 656 539 53 714 498 158 116 731 758 572 482 630 569 456 739 635 310 518 486 136 604 679 597 526 278 175 360 147 715 385 155 575 363 315 459 675 365 616 293 418 271 521 724 743 850 631 437 502 280 382 720 378 828 136 525 698 514 614 369 238 517 764 340 121 476 89 549 278 214 477 708 565 310 130 375 118 597 657 671 404 16 405 594 331 
442 585 149 597 157 809 186 677 577 206 308 424 420 149 382 590 201 572 354 624 320 488 507 161 589 454 750 330 633 297 751 433 376 56 695 199 183 603 718 351 745 498 206 45 322 608 363 218 279 835 738 218 300 565 635 206 371 682 342 395 624 255 135 353 577 709 527 497 133 31 735 373 390 732 496 578 295 607 310 823 457 840 677 334 653 458 858 569 264 762 639 389 619 890 66 604 594 433 169 362 630 96 126 498 108 334 780 584 164 455 570 557 792 290 724 640 476 484 486 700 330 587 660 452 624 327 666 434 92 67 416 427 404 690 503 493 790 597 410 761 397 215 363 736 618 578 188 464 676 87 635 682 583 675 254 421 689 421 622 518 638 204 587 515 508 483 235 744 408 369 122 527 501 307 449 83 407 170 744 472 687 684 636 221 92 538 573 339 602 239 657 565 519 325 379 150 144 841 49 442 142 451 303 337 291 207 600 253 323 499 244 406 556 670 634 524 374 343 582 556 
485 606 420 785 509 637 637 224 49 413 244 207 762 554 644 856 652 853 206 83 400 533 376 380 187 664 635 566 123 257 385 139 469 521 292 446 650 309 260 278 534 120 438 567 297 803 738 396 663 582 441 426 464 682 311 596 523 153 199 428 651 629 495 188 268 276 123 158 652 511 637 425 228 575 289 288 357 585 238 484 357 564 169 207 629 117 605 600 301 565 896 331 92 606 562 363 238 672 573 242 116 632 610 412 480 260 459 124 557 609 37 233 437 579 578 119 507 757 159 506 353 161 580 116 387 331 210 113 449 605 149 114 434 600 354 726 581 396 719 441 231 628 624 366 101 318 357 92 487 500 159 404 683 559 287 652 462 168 353 299 857 589 622 794 51 448 680 609 403 432 434 69 493 297 518 460 506 427 392 184 146 413 602 325 571 520 67 350 127 621 517 91 318 259 377 635 534 530 583 691 638 744 240 456 509 334 140 328 418 791 356 655 245 350 262 474 711 321 290 611 
471 596 272 561 189 844 123 772 687 276 414 516 353 151 353 530 130 510 458 737 375 507 565 276 683 429 776 326 751 402 827 553 407 170 781 315 215 678 812 474 792 619 264 125 407 568 292 292 223 885 803 336 335 553 712 177 385 799 455 438 629 213 183 466 658 799 628 619 134 148 759 418 482 769 571 656 366 626 429 890 519 895 796 447 668 563 907 580 387 805 579 458 735 943 150 670 681 403 155 455 748 92 173 548 226 427 847 686 162 449 681 642 864 277 759 747 501 433 583 748 398 684 686 558 687 401 762 551 210 89 535 539 446 716 566 454 834 656 357 829 487 165 339 814 726 651 309 573 724 202 735 747 573 708 367 396 744 542 691 591 589 179 594 459 624 524 156 776 458 412 245 634 532 431 469 206 428 290 818 595 799 748 654 341 95 565 681 407 722 198 697 669 589 448 437 77 239 903 74 406 167 398 420 373 308 325 701 376 371 441 327 378 640 744 720 561 316 418 659 562 
418 530 323 478 165 788 50 762 695 264 423 509 267 119 276 444 49 424 464 749 342 448 528 305 672 352 717 260 773 410 800 580 358 234 762 378 300 652 800 520 744 648 244 198 397 484 206 281 140 838 767 397 291 478 687 114 326 817 472 395 560 136 173 482 636 784 626 653 220 193 698 376 475 715 547 632 347 564 458 855 485 850 819 465 603 567 859 514 426 754 493 432 753 898 224 636 664 324 108 450 769 177 257 506 287 423 812 684 122 378 691 625 833 210 705 751 445 348 578 700 374 677 628 563 651 383 753 572 247 168 563 553 401 657 532 372 783 618 273 794 479 91 264 787 730 622 345 581 678 266 732 712 499 653 387 319 702 574 659 565 504 118 526 373 644 477 70 719 419 369 294 639 478 476 411 251 372 348 789 631 810 712 591 374 102 509 686 383 748 124 646 671 560 487 403 33 313 863 133 325 253 313 446 328 256 354 698 421 335 355 320 300 621 716 701 511 232 399 635 494 
220 374 245 455 121 574 246 476 423 31 168 224 368 166 265 492 259 483 196 480 84 273 269 162 386 311 520 185 519 155 523 350 157 263 478 324 417 374 514 352 507 415 41 282 112 471 337 26 260 596 503 327 95 386 408 196 180 556 228 162 418 226 120 236 354 498 343 432 371 210 508 141 191 497 267 351 62 386 249 589 220 602 566 225 435 292 620 359 259 525 539 154 493 651 297 368 379 306 180 168 513 330 360 260 269 144 546 401 165 281 420 340 561 183 490 472 255 384 293 462 94 392 431 290 387 97 467 328 183 301 333 296 172 461 266 368 552 359 331 527 194 229 243 509 451 347 200 311 437 269 447 446 399 442 170 288 451 356 388 287 516 189 380 422 390 250 282 512 171 139 225 363 273 317 236 206 198 279 514 421 538 448 414 206 209 312 410 103 503 219 421 392 285 305 141 257 339 604 255 322 379 362 230 120 123 182 414 275 91 414 50 282 337 440 417 291 315 114 355 353 
219 245 521 163 287 519 278 669 682 321 470 471 128 285 52 184 274 177 486 743 277 206 368 453 591 35 438 123 799 458 636 652 209 486 635 599 604 511 697 661 507 714 296 474 386 174 159 330 183 597 573 608 220 161 546 231 153 826 531 255 259 189 315 537 517 669 583 735 529 425 417 252 447 458 434 503 329 289 558 658 350 619 845 529 314 559 614 230 566 507 230 348 768 660 499 470 558 5 266 437 792 483 551 328 520 425 617 632 270 97 684 525 652 146 445 712 221 81 531 470 324 608 359 560 472 347 665 624 440 464 636 584 252 384 384 60 534 435 78 605 445 236 72 630 695 479 497 584 453 508 667 528 184 396 479 23 490 662 497 441 211 232 234 118 677 284 257 450 284 245 494 621 256 624 189 458 180 556 620 727 791 524 311 511 346 266 662 327 792 204 406 636 426 614 301 325 576 648 412 15 556 76 539 220 185 485 639 578 259 115 358 28 516 557 583 295 111 355 505 205 
231 76 692 205 494 266 533 581 665 474 554 485 394 512 310 321 533 337 546 722 371 175 303 609 529 240 182 327 797 546 482 711 289 692 520 772 833 410 594 770 293 757 459 695 458 221 434 473 449 367 396 774 358 115 434 475 280 807 606 297 30 445 516 608 437 560 560 789 767 632 159 314 480 227 390 417 426 96 656 466 326 396 838 608 69 573 377 89 691 279 331 377 761 427 717 352 481 271 500 485 789 720 777 267 711 490 432 590 498 203 671 463 477 375 213 668 197 306 519 271 398 555 137 577 339 420 583 672 624 696 699 624 287 144 325 255 301 310 350 427 473 491 318 484 657 385 645 602 267 707 606 373 93 179 593 270 311 731 376 383 269 473 67 318 700 237 523 204 306 313 671 611 194 744 210 646 249 727 463 793 753 365 89 645 578 160 640 393 806 458 212 609 363 721 343 576 777 438 644 280 788 329 637 327 360 622 589 713 358 332 479 289 451 424 487 205 386 416 417 95 
272 369 382 325 147 633 116 672 642 219 390 435 155 129 114 314 114 298 419 701 240 292 402 328 585 189 558 105 742 376 681 570 222 330 658 456 441 539 707 548 598 636 191 314 329 333 114 234 44 691 635 468 175 314 575 70 177 779 449 267 397 27 174 458 532 685 556 650 366 271 539 252 405 562 441 523 270 405 458 724 366 707 789 445 442 512 711 353 450 605 364 331 716 753 340 512 566 163 107 385 736 319 389 373 370 365 681 611 115 214 641 528 708 59 551 686 294 207 504 555 284 596 471 510 523 301 666 550 298 301 552 519 270 499 411 218 634 487 134 665 406 74 100 671 667 507 373 532 534 356 654 584 335 499 379 156 563 572 538 456 362 72 364 239 613 337 108 563 295 244 353 581 329 507 258 313 224 415 668 636 757 582 432 394 186 356 627 290 726 41 497 607 446 506 292 162 420 725 250 168 393 175 442 203 129 369 622 456 226 225 271 138 522 597 599 365 103 315 526 332 
572 722 133 752 304 925 339 719 587 323 353 484 575 304 537 746 353 728 398 623 437 622 610 211 638 606 873 480 610 347 822 413 507 103 753 103 110 680 761 293 851 469 333 125 404 763 517 328 435 936 825 127 434 713 708 363 512 664 361 516 764 411 278 371 648 760 565 456 147 164 861 495 455 848 579 654 397 739 307 904 559 937 649 352 787 489 960 707 241 872 796 487 605 987 98 693 655 588 325 428 609 162 89 609 85 401 864 617 319 603 578 621 868 443 841 656 607 640 535 807 433 629 785 482 716 423 707 429 170 157 398 439 526 815 601 648 898 694 566 845 463 371 517 805 636 661 203 486 782 85 667 770 730 795 288 575 789 391 707 601 794 360 726 671 500 603 386 864 523 493 136 549 627 256 584 147 543 116 818 425 685 774 767 229 248 666 590 442 572 395 771 591 607 289 489 298 14 930 191 597 116 607 309 468 434 233 635 215 445 656 339 561 623 748 696 645 530 436 657 696 
158 86 594 153 384 359 417 581 635 377 481 436 287 399 194 255 416 265 481 694 286 107 279 515 516 127 277 213 763 471 515 651 200 585 533 675 722 412 602 693 358 704 359 585 386 172 322 379 333 444 440 679 259 41 442 359 175 780 538 223 97 329 408 541 430 570 530 732 654 524 255 234 423 302 362 411 343 133 581 520 284 468 807 539 152 527 458 75 607 353 281 316 728 506 608 360 473 159 386 423 755 607 666 238 608 422 481 570 385 88 639 448 521 260 289 650 133 208 483 325 322 538 203 530 355 345 581 615 522 584 638 570 214 224 300 156 379 320 240 472 418 375 202 512 636 382 553 555 312 602 594 404 46 242 511 155 354 667 387 362 228 358 72 230 654 195 407 290 241 231 572 576 153 662 127 544 157 629 497 731 734 397 152 557 465 140 611 319 765 341 260 582 343 644 274 460 672 503 531 170 676 225 561 233 252 533 572 626 270 240 391 174 436 444 489 183 274 346 413 49 
215 72 671 174 467 299 502 592 667 453 541 480 359 483 277 290 501 305 537 725 354 159 304 589 536 205 215 297 798 533 501 704 270 667 534 751 805 420 607 757 319 752 437 668 446 190 399 453 416 397 418 754 335 80 446 444 255 810 595 282 36 413 490 598 445 573 562 783 739 606 192 298 473 255 391 425 409 107 644 491 322 425 840 598 95 570 408 78 675 308 302 368 762 458 690 363 489 237 471 476 790 692 750 266 687 479 456 595 469 172 673 469 499 345 241 673 183 271 519 294 384 560 161 574 353 406 593 666 601 668 692 619 273 173 326 220 331 322 315 450 466 459 286 502 662 393 626 598 288 682 613 391 57 203 578 236 332 723 389 386 241 442 56 284 697 231 491 235 295 296 649 612 187 729 192 623 228 706 483 785 758 384 109 628 549 158 642 380 805 426 233 612 367 708 331 545 753 465 615 245 760 294 624 306 334 605 594 696 340 297 462 256 456 439 498 205 351 404 426 75 
203 347 284 400 90 573 197 527 486 73 235 282 301 127 201 429 208 419 263 544 100 249 288 208 438 253 511 123 585 222 557 418 136 277 521 364 423 409 564 414 515 482 49 285 173 414 270 84 196 608 527 369 61 342 445 140 137 622 296 161 388 162 105 304 395 545 402 499 366 217 496 140 250 496 305 390 114 367 314 615 243 617 633 292 414 355 630 331 318 530 477 190 559 665 304 395 425 244 133 229 579 321 366 270 295 208 571 459 120 233 484 386 591 115 487 532 236 320 351 471 135 446 420 354 411 148 519 395 210 294 401 362 169 451 290 307 558 379 264 554 252 173 178 545 512 380 251 375 447 290 503 472 357 437 234 227 466 423 417 323 457 133 350 357 457 248 227 506 180 134 260 425 262 376 209 231 168 319 547 488 601 472 396 263 185 298 472 143 570 157 422 452 318 367 161 218 361 625 243 260 381 297 295 98 64 238 470 331 94 348 117 220 381 473 461 287 248 163 393 320 
292 387 382 336 150 652 102 689 656 229 401 450 153 127 128 319 98 302 432 714 257 312 422 332 602 204 577 125 754 387 700 579 241 325 676 454 431 557 724 553 618 645 201 306 343 344 106 244 26 711 655 468 193 330 593 64 197 791 459 286 414 15 176 468 550 703 571 659 354 267 558 271 419 582 459 541 284 424 466 744 385 727 801 455 460 526 731 371 455 625 369 348 728 773 332 531 583 177 103 399 748 308 380 392 367 378 700 627 113 232 655 546 727 78 571 701 313 214 519 575 299 612 490 524 542 316 682 560 298 291 561 530 289 518 430 229 653 507 139 685 421 60 117 690 682 526 377 545 554 352 670 603 351 519 387 171 583 580 557 474 370 69 382 244 625 356 89 582 313 263 353 595 349 511 278 312 243 414 687 644 771 601 450 398 178 375 642 306 737 31 517 622 464 511 310 148 414 745 242 180 383 180 450 221 147 374 638 460 243 229 283 152 539 616 617 385 104 330 544 350 
460 614 18 669 223 804 303 597 475 211 228 358 521 241 458 681 318 666 273 516 321 513 486 85 514 522 755 391 515 221 696 314 397 91 628 89 221 554 639 221 727 377 227 140 279 682 470 213 382 811 699 100 328 617 582 303 411 567 242 400 657 353 196 253 521 636 443 372 219 112 744 380 328 726 452 527 276 626 196 778 436 811 557 234 675 369 835 599 139 748 730 363 505 861 130 567 530 508 265 301 513 204 176 488 46 275 738 497 254 508 467 495 742 363 721 542 495 571 411 683 312 507 668 361 590 299 585 322 69 181 298 325 410 698 476 570 775 569 502 718 336 321 437 679 521 534 79 369 658 66 548 643 632 675 163 493 664 298 580 475 720 298 619 606 396 485 353 745 404 378 15 432 512 177 475 56 436 46 692 344 579 647 654 110 207 551 475 320 481 338 650 473 481 198 369 274 113 804 180 520 204 541 194 359 338 108 514 123 331 592 218 481 497 621 570 527 471 312 531 591 
128 69 588 291 418 250 487 452 528 376 429 350 411 446 296 397 491 406 416 585 263 90 166 503 395 249 180 278 660 423 374 578 194 605 397 666 754 280 469 646 225 622 367 616 335 310 434 371 422 315 298 665 270 175 308 424 211 671 477 184 109 408 436 478 304 436 423 655 697 548 165 204 347 180 253 284 312 45 532 380 191 336 702 481 95 437 333 70 572 226 420 249 624 378 635 225 348 278 441 356 652 651 697 131 615 364 341 455 434 186 535 328 380 328 168 533 95 344 382 187 280 420 90 442 217 299 453 538 529 624 567 490 174 120 188 293 254 183 360 331 340 447 295 372 521 253 534 466 173 614 472 263 165 117 474 267 213 599 251 246 365 420 87 368 564 107 490 181 184 206 571 474 72 622 127 552 167 622 356 660 618 256 70 530 511 33 503 274 669 416 123 472 227 597 222 524 685 366 573 294 712 355 513 233 288 509 454 596 254 377 369 284 316 305 359 70 386 293 285 93 
355 507 199 630 274 642 399 388 277 186 31 157 554 316 451 677 415 669 66 326 225 412 322 140 305 491 608 371 347 37 493 164 310 287 421 253 431 357 430 186 553 230 213 330 125 647 520 171 438 630 507 241 273 547 382 365 351 391 45 289 554 403 257 56 321 427 234 246 419 269 602 275 134 567 266 330 168 505 72 580 278 626 393 40 555 160 655 495 120 579 723 211 327 674 329 381 324 489 337 112 342 393 383 338 255 96 542 289 322 451 271 292 541 369 564 340 388 570 202 513 187 297 529 154 406 164 376 147 208 366 147 128 298 557 307 550 603 393 518 522 143 395 429 476 319 343 129 164 489 272 339 453 556 526 46 470 485 169 389 288 695 358 518 608 217 353 444 592 278 278 204 227 391 163 382 223 354 219 491 234 388 459 530 103 328 429 273 191 325 394 493 266 299 137 240 393 320 611 341 507 410 549 53 282 309 100 306 148 242 600 136 467 295 423 364 392 501 167 333 496 
234 317 488 521 423 350 537 216 282 334 275 150 568 466 439 612 548 615 241 338 240 265 89 408 147 430 335 378 415 277 217 368 255 548 186 554 703 68 243 470 254 398 345 578 216 541 565 320 516 326 206 544 298 409 104 478 311 423 299 208 358 488 426 296 63 217 180 434 669 506 336 220 170 281 40 51 244 288 365 287 106 322 455 306 329 213 351 314 423 282 645 152 378 370 587 77 106 448 474 194 407 631 649 131 535 218 246 206 461 365 290 79 256 414 282 284 242 532 148 217 211 171 277 220 103 209 214 325 462 602 362 278 207 298 70 489 303 98 517 226 161 510 426 204 273 42 420 240 195 544 225 151 404 257 338 431 183 395 87 18 596 471 334 565 332 175 563 312 178 228 483 233 216 460 267 483 274 515 208 447 369 155 302 402 515 233 256 202 429 488 217 225 27 425 181 558 606 311 559 468 672 529 349 269 343 390 205 453 250 567 292 440 67 135 130 186 525 193 54 330 
314 452 225 467 23 685 118 613 546 114 274 359 311 36 252 470 134 455 314 600 208 356 399 177 524 321 622 195 628 261 661 440 248 182 617 299 316 512 652 399 628 508 98 179 247 478 262 131 174 720 636 311 173 430 546 95 237 670 326 274 490 143 23 337 493 637 476 517 255 121 607 253 325 609 405 490 201 476 321 723 351 729 674 320 521 417 743 436 301 643 520 291 606 778 201 503 518 303 59 300 623 209 260 383 216 273 680 534 45 320 542 479 697 158 600 600 346 361 428 584 231 527 532 413 520 237 604 428 141 183 422 406 282 562 399 364 671 489 291 662 329 119 232 647 580 484 221 431 560 204 582 580 448 550 245 290 578 437 524 425 512 89 453 395 498 362 164 619 292 247 196 489 374 356 317 157 275 258 651 498 661 581 504 246 72 410 536 241 605 128 536 521 422 360 270 120 272 736 131 313 272 330 307 211 156 222 548 304 205 381 170 276 476 578 556 400 260 253 493 422 
630 756 474 929 615 781 739 339 175 526 354 351 889 657 776 994 755 989 327 139 534 680 526 459 328 803 782 697 58 367 510 182 608 582 416 475 688 455 366 285 677 115 553 631 426 947 859 510 779 718 577 451 594 828 452 706 660 107 296 571 800 744 597 286 415 391 272 122 707 586 786 566 367 722 439 435 485 735 305 608 506 697 75 301 779 259 740 749 351 709 1036 474 89 735 620 510 380 808 678 375 64 695 657 562 532 387 589 261 663 751 165 381 561 704 726 214 654 893 309 652 487 300 730 257 533 464 327 194 524 672 199 228 577 749 504 865 722 545 848 572 371 737 755 492 209 466 425 232 634 555 277 545 830 708 376 789 607 193 498 449 1000 699 771 930 135 597 785 756 548 572 495 219 641 322 663 530 648 470 520 154 168 554 752 393 661 670 201 485 23 735 666 232 468 293 519 729 572 658 660 827 686 876 316 592 637 410 272 369 552 925 472 789 393 488 399 623 837 456 436 759 
401 321 814 526 687 59 770 427 580 624 613 492 692 720 583 642 775 657 582 620 509 376 328 729 428 530 139 564 706 612 265 706 464 855 348 885 1009 308 418 812 89 726 623 874 537 542 720 614 709 57 181 878 537 426 304 706 494 693 642 436 320 693 700 638 350 383 496 764 961 803 162 457 509 106 377 333 541 275 706 194 379 91 735 648 259 549 57 334 763 67 651 452 669 108 889 265 377 560 719 530 698 917 952 331 853 550 185 494 710 471 591 387 229 613 119 548 375 615 482 131 505 455 204 556 239 515 436 662 771 889 701 616 427 182 339 563 39 249 643 194 500 731 582 278 548 309 749 573 156 857 481 211 406 170 673 551 159 734 266 356 589 701 334 633 655 348 776 117 421 462 803 549 342 801 410 794 448 844 249 781 624 202 254 735 782 312 554 496 732 701 174 525 343 768 451 804 924 146 840 574 971 632 690 499 565 720 482 791 507 645 599 569 377 266 355 310 672 502 330 360 
488 439 848 654 756 197 852 367 539 680 634 504 804 794 687 770 860 784 596 568 570 475 380 767 396 641 273 655 653 636 197 692 544 904 290 913 1059 303 346 813 167 699 684 930 574 671 825 668 803 84 154 902 611 549 284 789 583 631 650 507 446 783 765 645 342 316 474 738 1020 857 295 527 528 225 399 331 591 391 716 99 429 56 675 658 385 539 81 450 779 173 782 497 618 38 941 284 353 670 796 553 645 979 1004 396 894 578 122 456 785 579 551 376 146 703 239 493 468 733 475 206 556 420 323 548 263 560 379 649 818 950 691 608 500 307 382 681 150 289 753 142 519 817 683 215 497 318 780 560 226 902 429 208 531 282 697 659 200 722 272 376 720 784 454 754 627 425 866 247 486 533 842 521 432 809 504 840 537 875 188 759 559 204 376 761 851 411 515 546 686 789 269 489 371 773 509 882 965 51 903 686 1026 746 703 574 646 750 441 809 573 765 645 676 369 241 321 395 777 545 328 476 
147 226 492 428 381 313 484 307 368 307 299 198 486 421 358 521 493 524 276 426 196 173 8 408 240 342 278 305 500 297 276 428 183 535 268 565 690 144 332 511 234 467 310 558 217 447 490 296 449 321 234 559 241 315 178 422 234 512 339 139 269 424 390 338 155 302 264 501 646 485 274 156 203 237 93 138 221 202 399 322 57 327 542 343 246 280 345 222 449 255 552 130 464 376 571 107 198 362 425 218 492 605 634 39 531 235 279 297 413 276 375 172 303 346 233 376 150 444 223 190 184 263 205 286 118 193 306 386 451 576 419 338 134 231 28 399 281 85 435 262 195 452 347 268 363 111 429 309 165 536 319 180 311 196 355 345 175 451 134 87 503 416 243 476 406 84 503 261 113 163 482 314 122 493 178 473 192 523 263 509 460 179 220 417 477 141 343 175 510 427 162 313 68 463 134 511 603 332 529 382 654 443 381 205 280 400 297 476 199 479 277 356 160 194 218 94 447 180 140 237 
473 618 132 634 191 837 222 687 578 232 315 436 456 186 419 627 236 609 361 622 347 520 531 163 600 490 780 366 627 305 768 426 407 25 708 170 153 621 728 334 770 490 235 27 339 645 399 241 315 859 759 191 332 601 652 243 405 677 343 423 658 292 168 354 593 721 535 486 117 53 766 402 403 760 515 596 317 639 305 843 481 864 670 334 686 463 883 602 253 788 676 411 615 913 33 625 608 470 206 376 624 92 96 524 81 347 801 591 201 491 571 571 810 326 752 643 507 521 496 726 353 596 690 457 646 348 675 431 96 67 409 427 432 720 526 530 816 620 447 782 411 251 400 752 622 597 183 467 701 57 642 703 618 704 257 458 713 411 642 537 675 241 620 552 505 512 269 773 435 398 109 531 531 291 481 80 439 146 762 459 686 706 667 216 129 569 576 362 594 276 684 570 539 312 405 183 107 863 76 479 117 488 300 368 325 206 608 238 351 536 263 443 571 689 648 553 411 363 599 590 
270 245 657 471 542 162 635 320 448 472 455 336 593 578 473 581 642 591 425 495 359 261 172 573 296 433 163 438 579 454 199 556 326 701 249 727 856 168 325 657 68 582 473 723 380 489 610 461 585 156 114 720 395 357 176 571 365 575 485 291 267 565 553 482 208 289 355 619 811 651 172 311 352 99 220 188 387 199 549 194 223 165 613 492 214 399 179 252 605 94 601 295 542 213 737 115 243 460 579 372 571 769 800 181 697 393 155 363 569 368 457 243 196 485 104 429 252 530 333 30 350 323 146 406 90 359 326 512 617 740 550 465 284 149 182 479 118 92 542 146 343 599 467 202 424 160 592 425 15 702 361 94 343 107 515 448 28 583 124 200 543 566 263 555 513 207 648 135 272 317 647 408 215 645 288 639 319 686 180 633 511 85 195 577 637 198 421 341 600 571 70 390 186 612 299 666 768 183 692 478 820 539 533 357 428 562 355 633 359 563 443 464 232 152 233 178 564 346 187 278 
511 594 581 802 623 545 750 82 130 524 378 280 831 669 704 891 764 893 332 131 473 546 370 528 135 705 566 634 212 389 249 318 518 675 161 618 815 247 98 457 443 295 545 718 392 822 819 507 755 465 329 599 539 690 227 700 575 187 351 471 633 723 616 340 220 128 162 331 807 655 575 476 313 500 292 240 447 561 404 345 376 441 231 360 595 228 486 593 470 475 925 385 180 475 717 306 176 720 684 338 205 781 770 412 640 365 332 104 669 642 142 202 298 660 507 61 522 806 211 428 429 118 534 234 322 413 76 288 596 753 326 271 473 547 350 766 482 347 782 317 310 733 688 233 78 272 514 225 416 658 59 311 685 503 434 702 380 348 284 289 877 693 612 840 231 456 787 536 442 484 591 161 497 474 544 611 546 594 263 360 115 321 570 484 699 513 120 422 250 719 461 121 306 435 429 758 700 397 723 741 798 799 401 519 586 487 91 499 488 841 468 709 213 252 171 467 784 398 239 610 
287 284 581 131 344 555 312 738 755 388 541 543 103 335 114 114 304 105 559 816 350 265 435 517 661 91 472 193 872 529 697 724 282 536 701 657 644 577 765 729 555 786 362 520 459 134 156 398 212 642 629 668 292 181 611 276 226 899 602 326 288 229 372 609 585 736 655 807 566 477 450 325 520 500 504 570 401 331 628 713 420 666 918 601 347 632 656 272 633 551 162 420 841 704 546 533 627 77 314 510 865 521 594 394 574 497 672 704 320 157 757 595 709 206 487 784 284 11 604 520 397 679 401 633 534 420 735 696 498 504 708 657 323 422 452 41 577 497 77 661 518 273 136 692 767 545 562 657 506 561 738 588 203 440 548 96 545 733 561 510 156 278 270 45 750 349 281 487 355 318 553 693 317 690 255 515 250 615 680 798 864 583 349 577 392 322 735 400 864 245 455 709 494 683 374 359 626 698 456 58 596 39 609 293 255 551 710 644 332 45 428 96 585 620 651 355 119 428 572 246 
216 75 669 167 464 306 497 596 670 451 542 482 352 479 271 283 496 298 538 728 353 159 308 588 540 200 222 293 801 534 507 705 269 664 539 749 802 425 612 757 326 754 435 665 446 183 393 451 411 404 424 752 333 73 451 440 252 814 596 282 42 408 487 599 449 578 565 784 735 603 199 297 474 262 394 429 409 113 644 497 324 432 843 598 102 572 415 81 675 314 295 369 765 465 687 368 493 231 467 477 793 688 746 269 685 480 462 599 465 168 676 472 506 340 248 677 184 264 522 301 384 564 168 576 358 407 598 667 599 664 693 620 273 180 329 213 338 326 309 456 468 454 281 508 665 398 625 601 294 680 617 397 51 210 577 230 338 724 394 390 235 438 59 277 699 233 485 242 295 296 648 614 189 729 191 621 227 704 488 786 762 389 115 627 545 161 645 380 808 421 239 615 370 708 332 541 750 472 612 239 757 287 624 305 331 604 598 695 339 290 461 250 460 445 503 208 345 405 430 75 
306 340 524 214 288 615 236 749 746 348 512 534 33 270 96 176 226 158 536 806 335 299 454 467 667 131 534 169 856 500 727 695 283 469 721 597 568 597 779 685 604 760 321 448 439 217 73 361 136 694 666 610 271 250 632 208 225 888 573 330 353 159 315 581 599 753 652 777 489 411 512 324 507 555 512 586 379 386 590 753 430 715 903 570 409 619 710 327 588 603 226 416 827 757 474 559 639 101 247 493 850 444 520 416 511 477 711 704 256 192 747 604 745 162 542 782 313 78 599 566 382 682 456 619 563 404 744 671 440 430 678 636 329 480 468 115 631 526 19 698 507 199 112 720 764 564 512 642 549 495 741 621 273 492 510 112 585 701 586 522 233 212 329 103 730 373 201 546 360 316 495 684 349 645 279 455 262 556 711 765 858 617 407 531 321 362 728 387 844 174 502 704 509 641 371 282 558 743 383 86 520 43 573 282 226 506 712 595 318 86 395 98 595 646 666 388 40 415 589 301 
179 329 319 467 235 485 356 366 338 144 147 127 436 280 315 529 368 524 146 398 72 235 166 234 277 337 441 238 451 140 407 316 144 364 363 393 519 258 403 364 407 372 156 390 52 485 418 130 352 493 391 389 138 375 292 301 195 480 202 113 376 320 236 205 238 385 246 398 481 318 433 102 100 407 151 236 53 328 250 475 116 496 498 203 378 212 517 318 288 428 571 43 421 545 401 256 265 343 290 90 444 442 464 170 358 86 433 301 276 287 339 226 446 258 402 377 210 429 194 364 26 286 358 212 277 20 358 282 278 412 302 239 122 387 158 399 455 252 391 414 99 334 296 393 358 232 257 236 338 363 344 335 382 359 191 324 346 331 274 172 536 294 340 466 330 177 388 428 100 107 308 276 214 339 208 300 185 350 399 396 451 337 354 249 325 252 321 21 444 317 331 298 171 314 62 372 429 494 369 362 485 415 230 127 185 230 311 313 90 462 105 325 222 325 302 217 386 10 239 319 
389 466 541 676 537 433 661 62 176 440 323 199 718 583 590 768 673 771 277 216 370 421 245 474 36 585 445 523 301 330 171 331 403 623 82 592 771 119 98 461 329 334 457 660 307 696 710 424 653 368 227 576 434 563 105 606 461 293 316 356 505 623 534 308 93 85 116 372 752 592 452 364 233 380 173 112 355 433 380 269 256 349 333 325 468 190 390 465 447 361 801 279 264 390 664 179 49 602 595 261 293 720 722 286 596 289 243 91 580 521 187 82 223 554 386 147 398 686 139 309 331 55 408 199 197 319 58 291 538 691 332 255 357 422 226 644 373 220 668 225 227 639 575 152 143 144 471 204 294 611 80 196 558 378 386 584 261 362 159 166 751 599 484 720 262 331 693 416 326 372 545 157 371 465 422 556 427 561 177 395 229 206 443 445 621 385 150 323 328 621 336 124 182 427 319 674 662 314 655 622 748 682 371 410 481 442 78 477 383 721 387 592 91 138 49 340 673 303 111 483 
310 409 370 358 142 673 79 698 660 228 400 456 168 113 151 337 75 319 433 717 266 332 436 323 611 227 598 144 754 387 714 576 257 308 687 440 410 570 734 545 636 643 201 287 347 365 115 244 28 730 671 454 204 353 606 51 215 793 457 300 437 14 167 467 561 714 577 655 333 251 579 284 424 602 470 553 289 445 461 760 398 745 802 453 482 529 750 393 447 644 387 358 730 791 313 546 594 200 89 404 749 286 360 408 352 381 716 633 101 255 658 556 742 95 591 707 333 234 525 593 307 620 511 527 557 322 691 559 286 270 558 531 304 539 443 251 673 522 159 700 426 39 139 703 687 539 367 548 572 335 677 618 374 539 382 194 600 576 571 486 390 57 404 263 625 373 68 603 327 276 340 599 368 503 297 298 262 401 701 639 775 617 472 391 160 395 646 314 736 18 536 627 477 504 321 126 397 762 222 202 362 200 445 234 159 367 645 450 254 247 283 175 550 630 628 403 121 337 556 372 
213 361 302 501 247 505 372 349 309 150 116 100 466 292 347 562 385 557 111 369 103 268 183 219 260 371 465 269 419 110 405 282 178 356 354 374 512 257 388 333 423 338 167 386 26 519 445 134 376 506 397 367 167 409 289 319 228 449 168 147 408 343 244 171 232 373 221 363 478 315 458 137 70 428 151 233 66 358 219 479 135 507 466 170 408 181 530 350 261 446 605 64 389 556 395 263 254 376 306 56 412 441 457 194 345 52 437 277 291 322 309 215 447 285 424 351 243 461 170 380 56 266 384 180 285 34 341 248 270 412 268 205 155 412 172 433 471 264 421 418 71 352 327 390 332 234 238 204 355 353 322 341 416 383 165 357 359 297 278 173 570 312 373 498 296 206 406 450 132 142 294 247 244 309 242 291 219 332 398 361 423 344 383 226 332 282 293 53 411 339 353 271 177 284 95 383 416 501 371 395 480 446 200 160 213 209 289 287 121 494 101 358 213 325 293 245 415 25 236 353 
281 166 707 88 485 388 494 688 753 491 603 558 311 492 264 203 490 222 605 812 407 228 393 629 628 188 305 310 883 594 602 775 321 688 633 787 815 516 705 814 418 827 471 682 508 100 361 495 399 491 518 792 374 84 544 444 289 898 660 346 136 405 511 664 539 671 648 855 743 626 282 357 546 352 479 520 464 207 703 590 403 520 926 661 193 649 500 167 727 404 207 439 848 551 706 461 583 214 476 546 875 696 761 353 715 545 556 685 477 190 759 560 600 350 338 764 255 215 603 394 444 652 260 652 451 468 689 738 631 675 761 693 337 270 415 173 425 419 277 550 541 452 279 602 752 488 669 677 388 707 706 491 78 303 631 222 432 791 487 476 145 443 148 216 776 313 473 328 364 353 683 696 269 783 250 651 278 742 583 855 849 484 209 676 556 247 729 442 886 419 333 699 457 765 398 540 776 563 623 214 768 246 683 353 360 651 686 745 390 233 510 239 548 539 595 294 318 469 520 151 
461 613 179 731 341 741 455 439 292 269 137 246 637 377 542 771 472 761 157 326 328 518 424 167 367 588 711 464 320 143 567 119 414 286 486 199 404 442 480 80 649 182 296 334 232 747 596 258 511 722 592 179 370 651 462 433 452 372 96 394 660 477 318 101 403 484 287 181 414 290 706 380 230 667 361 415 271 611 34 659 381 714 362 90 661 212 746 602 56 676 818 317 311 762 325 474 397 584 400 214 318 399 367 443 239 202 624 332 385 552 282 369 617 455 665 362 494 662 272 611 293 352 634 204 499 270 426 133 229 375 103 151 404 661 408 646 699 489 605 604 239 460 520 548 342 432 129 201 586 261 381 541 660 629 107 566 579 103 478 382 794 427 624 699 204 459 504 693 384 383 198 261 497 64 488 233 458 181 567 158 389 547 636 98 371 535 298 297 286 465 595 303 395 31 346 440 287 695 364 601 396 639 53 384 402 119 351 81 345 690 230 560 375 504 435 498 584 273 418 602 
154 62 615 288 443 230 509 464 547 403 455 373 424 470 313 398 513 409 441 603 290 112 187 530 411 261 156 299 680 449 376 602 220 631 406 693 780 292 479 672 214 645 393 642 361 307 449 398 441 302 297 692 296 174 318 447 234 689 503 211 94 429 462 504 319 445 443 678 722 574 140 231 372 163 273 299 339 22 558 376 215 325 720 506 69 459 318 70 598 211 418 275 643 365 661 235 362 290 465 381 672 676 723 154 642 390 337 472 458 201 554 344 379 350 151 549 120 352 403 180 307 436 68 464 224 326 466 562 556 650 592 514 201 96 208 300 239 193 374 329 364 469 313 376 538 266 561 488 168 641 487 265 161 100 500 281 211 624 260 265 361 443 80 375 586 133 511 160 211 233 598 494 99 648 150 578 192 649 358 684 634 258 44 557 535 60 522 301 690 438 115 491 245 623 249 548 711 358 598 306 738 365 539 259 312 536 470 622 281 384 396 299 332 311 370 94 401 319 299 96 
444 464 701 689 659 328 773 164 339 569 481 350 783 703 656 795 784 803 438 365 477 455 300 628 209 631 370 604 449 487 24 505 481 774 92 757 926 167 142 634 235 504 581 807 444 708 789 554 747 232 114 743 532 574 132 713 533 427 484 435 490 720 662 476 189 112 289 542 899 736 385 450 381 303 274 189 479 419 549 105 337 204 471 492 438 362 250 468 615 264 819 388 415 235 814 192 179 655 710 408 442 863 874 335 753 436 98 260 697 564 351 213 58 643 314 290 438 732 304 239 447 228 370 370 187 444 177 464 687 834 506 428 432 371 291 684 263 224 731 89 373 745 646 32 295 197 631 377 239 766 228 135 562 330 546 639 195 535 165 254 762 707 482 761 433 377 798 339 407 458 701 330 404 637 471 707 491 724 43 567 355 142 418 607 750 401 316 438 483 722 294 294 259 599 416 794 822 157 793 674 899 736 538 500 575 601 244 645 485 766 523 652 212 105 140 365 746 427 186 492 
429 352 833 558 712 89 798 425 583 647 629 506 724 747 614 674 803 690 597 620 533 406 349 750 432 561 171 593 707 629 258 715 491 877 345 904 1032 317 412 825 108 733 647 898 557 574 750 637 739 41 180 896 563 458 308 734 522 691 656 461 352 722 725 652 359 378 503 771 985 826 194 482 525 137 392 342 563 306 721 178 400 72 734 663 291 559 29 365 779 93 683 472 670 77 913 278 382 591 746 546 698 942 976 355 874 568 176 497 737 502 594 395 218 642 150 548 404 647 492 152 527 458 236 567 253 536 435 672 793 914 711 627 453 214 358 595 64 267 674 188 516 760 613 273 548 320 768 583 177 879 481 217 438 200 690 582 173 744 276 371 621 729 366 665 662 374 805 149 445 488 824 554 370 816 439 816 476 863 243 789 621 209 286 753 808 342 557 518 735 730 202 528 360 782 474 832 945 127 865 606 995 664 705 525 592 739 485 808 531 677 620 600 386 269 358 337 702 523 340 391 
353 496 178 518 69 721 147 617 535 125 261 361 359 78 303 520 164 505 305 587 235 399 424 141 528 372 661 245 608 249 677 415 287 132 627 249 273 528 657 361 659 482 120 134 253 529 307 140 220 750 659 262 211 479 562 140 282 653 307 307 535 190 45 318 506 645 473 488 217 71 646 286 327 644 421 505 216 517 293 745 375 757 654 300 564 410 773 480 265 676 570 310 589 806 155 524 527 354 102 300 604 175 216 413 165 272 702 531 91 369 530 489 716 209 636 594 386 412 428 615 250 529 571 405 543 250 607 407 94 146 397 390 316 601 422 415 704 515 341 683 333 160 283 663 573 502 183 421 590 153 581 603 496 587 221 341 606 409 544 442 563 136 498 445 479 396 197 656 322 281 148 481 412 317 359 107 317 209 669 467 649 604 546 211 65 449 528 259 582 175 570 516 441 325 295 132 221 760 99 364 231 381 280 248 202 189 546 263 236 431 173 327 487 595 566 436 309 267 508 467 
198 51 657 189 457 288 496 571 646 439 523 460 363 474 275 304 496 318 518 704 338 142 283 574 515 206 204 290 777 516 482 685 254 656 514 737 796 399 587 739 303 732 424 658 428 206 401 438 413 383 399 739 322 86 425 438 243 789 577 265 20 409 480 579 424 553 541 763 730 595 182 281 453 241 370 404 393 87 626 473 302 410 819 579 81 549 394 58 658 293 318 348 741 444 680 342 468 238 463 457 769 683 740 245 675 461 438 574 461 167 652 447 481 338 227 652 165 278 498 276 366 539 144 554 332 389 572 646 588 659 672 599 255 159 305 226 317 301 318 431 447 454 282 482 640 372 610 578 269 670 592 372 65 186 561 235 313 703 368 365 259 436 36 293 677 211 487 222 276 280 636 591 167 712 176 610 214 692 463 766 737 364 91 612 541 137 621 362 784 421 214 590 345 690 313 539 741 449 606 248 751 299 606 292 323 589 573 680 324 306 446 255 435 419 477 184 353 386 405 59 
524 671 125 692 247 883 277 707 586 277 335 462 513 244 477 684 291 667 381 626 393 572 572 184 622 548 828 423 623 327 798 422 458 46 734 134 114 653 749 315 813 483 284 63 373 703 455 285 373 901 795 157 383 657 683 301 459 675 353 471 711 350 223 364 623 744 553 474 112 107 815 450 431 806 549 627 358 690 306 877 522 903 664 345 737 479 924 655 247 832 734 450 614 953 38 662 635 528 264 403 621 110 65 569 64 375 836 607 259 547 578 599 843 384 799 653 558 578 518 769 394 616 739 472 683 387 695 433 128 99 406 436 480 769 566 588 860 660 505 816 439 309 457 782 632 632 190 480 744 46 658 739 674 751 272 516 753 404 677 572 733 299 674 610 506 559 324 821 480 446 114 543 580 275 533 106 492 125 793 445 690 742 718 221 186 618 587 403 587 334 730 584 575 302 448 237 51 900 129 537 93 545 305 419 379 218 625 226 399 594 302 501 600 721 675 600 468 401 631 644 
91 79 554 282 381 287 450 453 517 340 400 330 383 408 264 382 454 389 391 576 228 54 155 469 391 223 218 242 648 394 389 556 157 568 404 632 717 283 474 618 255 603 330 579 306 301 402 336 387 348 319 632 232 167 314 387 174 661 451 150 125 371 399 453 302 442 412 634 659 511 202 169 324 215 242 284 279 76 503 404 171 367 690 454 126 419 366 72 541 259 409 222 612 410 598 231 346 250 403 330 640 614 660 116 579 336 363 447 397 157 523 323 400 291 204 527 58 320 368 216 248 414 128 424 228 269 453 517 493 587 544 469 140 158 177 271 288 192 331 351 318 411 261 385 514 254 501 448 198 578 469 279 161 152 443 237 236 576 259 238 357 383 94 348 547 81 454 218 154 171 536 461 40 593 90 516 130 587 372 637 611 273 104 498 473 12 493 243 654 380 153 462 219 568 192 487 649 393 535 267 675 329 484 196 250 477 448 564 218 354 335 254 311 316 361 56 355 264 285 87 
407 509 475 705 504 512 631 114 93 405 263 161 717 550 592 788 645 788 217 145 357 448 277 415 60 599 515 519 226 273 260 244 407 564 169 518 707 186 156 376 408 245 426 604 273 724 702 388 637 454 313 501 422 596 184 581 464 230 244 361 551 605 497 235 147 161 43 283 695 540 519 364 194 453 192 167 328 481 304 358 272 436 263 253 521 116 477 505 371 440 824 271 188 478 605 242 111 611 565 219 217 667 660 317 532 246 332 16 550 538 103 115 312 543 457 96 423 698 92 383 311 33 467 124 265 295 101 204 482 638 246 173 365 485 255 660 454 279 670 313 191 614 575 241 81 200 406 122 365 549 63 277 593 442 323 593 338 274 229 195 779 574 526 733 173 359 668 488 333 372 481 68 402 384 441 498 438 491 266 306 178 286 495 377 581 424 67 305 246 601 400 37 214 345 316 639 595 403 607 632 687 689 297 405 470 377 29 401 372 732 349 598 127 222 134 377 669 280 168 519 
378 316 774 532 657 94 746 376 529 589 569 446 684 693 569 647 752 661 536 569 476 359 290 690 377 521 155 543 655 569 216 657 438 819 297 844 974 258 368 765 51 676 590 840 497 548 707 579 690 42 130 836 509 426 253 682 472 642 596 406 323 673 669 592 301 333 446 714 928 768 176 427 464 102 332 284 504 269 661 154 341 67 684 602 262 500 63 328 718 50 659 413 618 105 854 218 326 550 692 486 647 886 917 297 814 508 138 443 683 460 540 337 184 592 116 497 355 611 433 96 468 404 200 508 193 477 385 613 734 857 652 568 398 184 299 559 31 206 633 146 455 709 567 229 496 261 708 524 120 820 429 160 408 160 630 540 113 685 217 310 598 677 331 632 605 319 756 127 388 432 764 498 319 756 390 757 425 803 199 731 573 151 253 693 752 294 503 459 681 679 152 474 299 721 416 778 886 113 808 566 937 625 645 471 540 679 431 747 475 642 561 557 327 215 304 285 659 463 281 354 
366 510 264 655 334 615 461 323 208 240 68 117 600 378 490 711 477 705 42 258 251 420 304 209 244 521 590 410 286 81 439 127 331 356 361 311 497 312 365 202 521 186 266 399 142 673 571 224 492 592 462 296 308 563 332 423 379 327 36 301 557 458 319 29 273 364 168 209 488 338 586 291 109 542 234 285 198 501 101 530 265 584 334 44 550 93 616 500 166 549 755 210 263 632 398 344 269 524 398 101 281 463 451 327 322 104 494 221 382 475 202 240 489 415 541 270 395 607 144 483 206 233 517 86 370 182 311 96 278 435 114 63 309 543 285 583 571 362 561 474 117 454 468 421 249 302 196 95 460 339 272 411 569 508 115 505 450 144 348 254 723 415 523 645 157 350 505 570 284 296 272 158 392 194 396 292 373 281 439 207 320 417 524 166 394 427 203 207 269 449 472 197 268 158 249 459 385 565 410 542 479 589 90 310 349 168 239 197 269 639 185 503 246 374 308 386 548 178 288 505 
166 310 317 372 125 537 221 511 483 100 246 274 294 159 183 409 231 401 268 542 79 212 259 239 424 227 474 103 588 233 532 429 100 314 501 397 460 386 547 436 482 492 81 322 171 388 270 106 204 574 498 402 24 309 422 160 102 622 307 127 351 173 142 314 374 527 394 512 403 255 459 107 244 461 283 367 111 330 332 586 216 584 636 305 377 354 596 295 343 495 456 171 560 633 341 367 407 222 161 227 582 357 403 238 331 209 542 450 150 200 482 369 564 110 452 525 199 302 342 437 122 434 384 353 382 140 504 403 245 330 413 368 135 414 263 284 524 349 252 525 245 192 161 520 506 355 279 376 413 327 492 443 323 401 254 204 434 437 391 300 432 154 314 340 462 214 245 470 149 101 294 422 225 400 172 267 131 352 521 502 597 443 359 289 220 262 467 128 576 172 387 445 293 389 136 247 398 594 279 239 418 282 313 62 41 264 460 358 67 332 132 199 363 448 441 252 242 153 371 284 
192 323 327 353 106 565 179 560 530 124 286 322 250 129 150 378 187 368 311 589 127 230 302 256 472 206 498 75 633 273 577 468 129 307 548 406 445 432 595 464 516 533 98 308 217 367 223 135 155 609 539 413 65 304 468 116 108 668 346 166 361 125 130 354 422 575 442 550 382 246 481 148 292 490 331 414 157 349 365 628 261 621 680 343 393 400 630 307 368 527 426 219 606 669 330 411 455 195 125 273 627 336 389 277 332 254 584 498 117 194 529 417 607 65 480 573 222 269 390 472 170 483 407 399 424 187 553 445 249 310 451 411 172 438 307 258 556 390 213 567 293 147 127 566 554 401 299 421 449 324 541 485 321 429 285 178 473 474 435 347 408 111 324 306 506 248 199 497 192 141 301 469 252 426 190 269 149 362 565 539 644 484 377 313 194 286 515 177 619 124 419 493 339 418 182 210 395 634 258 210 401 245 347 99 29 287 509 380 115 297 168 170 411 493 489 283 198 201 417 293 
293 219 675 7 444 467 433 728 775 466 597 571 232 443 210 121 427 137 605 835 399 249 425 603 661 142 383 272 900 587 658 776 316 644 679 754 762 558 749 801 487 832 443 632 506 26 286 473 335 566 579 762 354 108 589 389 272 921 657 351 203 346 471 662 576 717 671 858 687 583 360 357 554 424 506 558 455 266 693 656 425 593 946 657 264 662 577 214 709 476 136 447 867 627 658 506 619 159 425 550 893 640 710 383 676 544 619 713 428 173 779 593 661 304 410 793 274 136 623 459 441 682 328 665 501 465 727 742 595 622 761 699 344 342 445 103 500 466 204 612 550 392 230 656 779 528 645 690 450 666 739 547 121 370 617 172 493 789 533 507 82 390 201 131 787 339 407 404 374 352 649 716 298 766 259 614 275 709 640 854 877 540 275 655 505 286 753 441 900 361 395 724 489 753 403 480 734 633 571 152 714 169 673 341 330 630 716 724 381 149 494 186 582 589 636 330 246 469 559 191 
598 728 431 895 574 766 697 338 165 485 314 320 850 615 739 958 713 953 289 144 498 649 500 416 316 767 764 659 81 327 506 139 574 539 413 433 646 439 369 244 663 72 512 588 389 914 818 470 738 709 568 410 557 797 440 665 625 137 255 537 773 703 555 246 398 391 252 81 664 543 767 532 334 705 414 418 447 709 262 605 477 690 113 259 754 229 732 721 308 695 1001 441 98 730 577 492 367 771 637 340 84 652 615 535 490 350 583 250 621 717 153 363 558 664 708 216 623 856 284 636 451 289 708 226 516 428 326 154 481 629 157 191 545 729 479 829 710 525 810 566 338 695 718 488 207 448 382 201 617 512 274 533 800 688 334 752 592 150 482 426 966 658 743 893 102 568 743 739 515 537 452 198 612 280 631 487 614 428 515 114 186 542 728 350 619 642 190 450 37 694 647 219 445 250 485 687 530 654 617 790 644 838 273 556 599 367 263 326 516 888 432 752 375 478 389 596 797 421 419 730 
299 342 505 228 269 617 218 738 732 331 496 521 42 251 87 195 209 177 520 792 321 295 445 449 656 132 536 155 841 483 720 679 272 450 712 578 550 588 769 667 602 743 303 429 423 232 63 343 118 693 661 591 256 256 624 189 215 873 556 320 356 140 296 564 589 743 638 760 471 392 514 312 493 555 502 577 363 386 573 748 420 714 888 553 411 604 710 328 569 602 244 404 812 756 456 551 628 101 228 478 834 426 502 408 492 461 706 691 237 190 732 593 739 144 542 769 307 94 586 563 368 670 456 604 557 389 733 655 421 412 661 620 319 481 459 125 630 520 21 693 493 181 100 713 751 556 493 627 545 477 729 615 279 492 493 110 581 683 579 512 250 193 331 121 715 366 184 547 349 304 476 670 344 626 273 436 253 537 705 748 845 611 409 513 302 358 715 373 829 156 500 691 499 623 359 264 539 740 364 90 502 59 555 269 211 487 699 577 304 104 378 93 585 639 656 383 22 400 580 302 
105 52 567 232 378 310 434 503 563 350 429 370 344 401 232 333 436 341 424 622 245 49 203 484 439 181 234 223 692 422 437 592 164 572 454 647 717 333 524 646 292 641 337 579 334 251 368 348 362 382 365 648 235 117 364 372 163 707 483 171 96 351 398 486 352 492 458 671 655 513 214 188 361 244 288 333 300 80 532 448 213 404 736 485 120 460 399 37 565 292 359 255 657 445 599 281 396 210 393 364 684 609 660 162 588 367 408 495 388 120 568 371 446 273 232 574 71 276 412 256 273 462 148 464 277 295 503 554 501 583 579 507 161 175 224 225 320 242 293 397 355 393 232 434 561 303 519 489 241 585 517 327 113 181 467 200 280 610 309 286 307 369 59 301 588 123 433 240 182 187 547 506 78 618 86 524 127 602 420 673 659 321 107 519 466 61 539 268 697 360 191 509 267 596 219 473 656 434 531 226 673 286 512 203 244 496 496 587 232 309 353 218 359 365 411 105 320 292 335 39 
339 445 439 637 444 474 570 155 149 345 220 100 649 490 523 718 583 718 174 207 289 381 213 372 66 529 467 451 281 228 259 251 338 520 181 491 669 148 195 370 372 270 365 559 212 656 635 328 571 430 292 476 355 529 159 517 395 293 217 292 488 539 438 209 106 188 45 307 650 491 470 295 135 409 126 124 264 420 281 353 204 417 322 225 463 97 454 440 347 403 755 202 245 462 562 197 89 542 504 161 273 619 619 252 494 190 320 85 489 469 156 69 310 475 412 165 355 628 37 342 245 68 412 105 222 230 145 208 436 590 248 165 295 432 191 591 420 228 601 300 130 551 506 241 149 152 369 118 321 509 125 247 527 391 284 523 300 280 190 132 711 510 462 664 201 292 604 442 263 303 442 98 336 371 373 454 368 459 260 324 247 255 436 343 524 359 124 238 294 536 350 94 152 333 247 580 560 391 555 562 645 619 271 336 402 339 93 378 304 663 290 529 80 201 127 312 601 215 126 454 
517 614 539 814 600 589 728 132 78 501 345 264 826 646 701 898 743 898 301 71 463 557 384 491 151 709 603 627 154 357 303 264 517 636 211 570 771 276 156 403 486 236 524 680 373 833 809 484 741 516 376 550 529 704 263 681 574 136 310 471 655 708 590 300 243 182 144 271 768 620 610 474 295 538 301 264 430 584 358 400 382 493 178 319 622 196 537 611 424 518 934 380 121 529 678 335 201 721 663 317 146 744 728 425 598 341 384 94 647 648 88 217 352 649 544 13 532 807 197 467 417 126 564 201 355 399 121 237 559 717 274 227 475 579 363 770 528 375 779 368 294 714 683 286 33 297 473 186 453 617 78 352 701 536 397 703 419 293 317 301 889 674 632 843 175 467 767 574 443 481 550 125 510 422 551 573 548 549 315 301 72 362 596 442 671 530 78 411 190 703 493 93 321 384 425 732 655 451 691 741 756 798 358 513 576 448 92 451 480 842 444 708 230 293 206 483 777 385 264 627 
173 275 401 279 172 534 205 590 580 197 351 369 194 182 78 306 208 296 371 640 169 193 308 330 506 132 461 5 690 338 586 534 128 375 569 479 505 448 623 538 498 597 172 370 273 293 182 207 142 591 538 488 105 238 484 144 78 722 412 175 307 124 199 419 445 599 486 617 437 313 442 164 341 463 355 434 214 308 436 626 276 607 737 410 347 453 611 259 442 505 353 253 661 653 393 417 482 120 169 327 684 390 450 276 404 311 583 540 167 129 581 445 611 45 452 617 194 198 434 455 216 520 372 452 426 237 585 508 321 367 518 471 177 401 319 184 534 390 149 568 341 164 56 577 599 416 374 476 434 394 579 487 257 400 357 104 464 542 444 368 333 142 272 235 565 238 207 464 204 156 375 518 229 500 158 341 124 435 573 607 693 485 335 387 248 256 563 221 680 133 397 539 356 491 209 246 464 626 314 136 459 177 417 118 63 361 548 455 152 227 236 96 438 503 512 265 146 248 437 240 
339 262 757 474 625 56 707 408 549 564 560 444 633 658 522 590 712 604 532 594 448 314 272 672 396 470 97 501 679 559 259 663 402 795 331 830 949 271 405 764 48 688 562 814 482 490 658 555 647 97 168 823 475 370 273 643 431 670 592 374 266 631 639 589 313 369 460 725 900 742 117 396 458 46 327 294 482 215 656 209 321 125 710 598 205 506 110 275 710 16 601 395 641 158 829 221 344 500 656 478 670 856 892 271 794 497 187 463 648 410 559 349 234 550 59 524 313 557 440 78 446 424 145 514 196 458 416 620 712 828 657 573 366 127 284 505 31 199 583 191 449 669 520 269 521 266 694 532 102 798 456 181 351 108 619 490 118 690 228 307 540 639 276 577 619 286 714 68 360 400 746 513 279 751 348 735 385 788 241 740 604 171 197 681 720 250 523 438 702 638 112 492 293 719 391 742 866 172 778 514 911 573 640 437 502 665 454 739 445 588 540 508 338 240 328 248 610 445 292 301 
164 304 365 461 278 440 396 332 326 191 178 116 455 322 330 533 407 531 165 387 101 216 120 280 245 341 400 258 447 174 362 332 147 412 322 437 567 213 367 395 360 382 200 438 90 480 443 177 383 446 343 432 164 362 247 338 203 471 226 104 351 353 282 227 196 347 227 411 529 366 393 103 101 363 106 191 100 296 281 428 70 448 492 229 346 207 470 294 325 382 572 9 414 497 449 208 227 351 331 104 439 489 512 129 405 113 385 278 318 285 328 189 399 284 359 357 190 438 175 317 67 258 320 210 229 68 325 294 326 460 319 248 110 348 110 404 408 204 408 366 96 370 312 348 339 185 301 235 292 411 317 287 366 318 230 333 298 350 227 126 533 331 317 474 332 145 424 385 80 110 355 265 186 373 196 348 182 395 353 413 435 289 321 290 370 222 306 57 445 352 288 280 124 346 54 414 476 446 416 371 534 427 262 143 211 273 286 352 113 472 153 337 183 279 262 183 408 54 195 299 
343 425 421 341 199 695 110 748 715 284 457 510 127 166 155 304 98 284 489 773 316 357 477 378 661 226 617 176 811 443 756 633 296 352 734 488 440 614 783 600 666 700 258 325 402 346 67 300 32 759 708 504 251 355 650 106 248 849 514 342 447 66 222 523 608 761 630 712 360 298 597 328 478 627 517 599 343 464 518 797 442 776 858 509 497 584 778 409 502 671 353 407 786 821 352 587 642 196 142 458 805 316 393 446 399 436 754 686 155 268 713 604 782 134 615 760 362 208 578 624 359 671 532 582 597 375 741 616 338 303 615 587 345 559 486 236 700 561 134 739 480 83 152 746 741 582 422 603 604 381 729 657 377 563 439 195 634 633 613 532 363 113 417 232 682 409 70 624 370 320 391 654 398 558 326 349 294 451 742 696 830 655 490 446 203 421 701 366 793 75 564 681 522 560 368 154 439 796 259 193 392 173 502 279 205 422 697 505 302 214 339 176 598 672 675 435 92 389 602 386 
252 404 216 472 94 610 222 504 441 5 176 250 367 140 273 501 236 491 210 497 119 303 305 137 414 325 554 196 530 162 557 354 188 228 509 296 381 408 543 341 543 420 25 246 138 487 330 22 249 632 538 301 119 410 441 179 203 570 233 197 447 214 88 243 386 529 367 434 335 174 542 175 216 532 300 385 95 419 244 624 255 638 578 229 467 311 656 389 246 560 549 189 507 687 261 404 410 317 156 191 525 294 324 296 236 164 581 425 141 302 438 371 595 184 525 493 287 392 319 498 129 418 465 308 423 130 495 335 150 265 336 307 206 496 302 380 588 395 333 562 220 210 250 543 473 381 179 327 473 235 473 482 424 477 164 300 487 356 423 321 530 171 409 429 401 285 262 547 207 173 195 382 307 303 266 173 226 251 548 420 556 484 447 190 176 346 430 138 512 205 457 413 320 296 177 229 305 640 220 332 343 368 227 149 136 165 439 258 125 419 61 292 368 474 448 326 314 147 388 381 
293 438 204 477 40 660 165 567 498 69 227 313 341 82 266 491 180 477 266 553 173 340 364 142 478 329 600 199 581 214 620 396 227 185 573 282 332 471 607 363 598 463 59 194 201 490 296 85 210 689 599 291 152 429 505 133 227 623 280 246 479 176 25 290 450 593 429 474 279 126 586 224 278 583 364 448 158 458 279 685 315 696 628 275 505 369 712 423 265 614 540 251 560 745 213 465 474 315 102 253 576 236 275 351 207 226 642 487 87 318 495 435 658 171 575 553 327 381 381 553 191 481 510 366 483 194 558 382 124 207 378 359 255 541 362 378 642 454 315 624 283 161 244 606 532 444 187 384 529 200 535 543 445 526 201 300 545 394 485 384 528 126 441 417 452 334 209 595 261 220 177 441 351 321 301 144 259 238 611 456 613 544 487 208 112 389 488 200 560 164 508 474 382 321 234 167 271 700 159 327 291 353 263 188 148 184 501 271 174 404 123 288 432 537 512 375 288 210 452 411 
372 521 124 562 114 732 203 591 497 126 224 337 412 133 349 571 219 556 270 546 242 422 424 89 502 414 676 285 562 213 664 365 307 105 607 198 259 516 632 305 664 433 133 128 235 574 362 135 275 753 653 210 233 515 548 195 312 609 264 319 563 244 86 275 490 622 442 436 219 56 664 298 303 655 409 491 210 539 242 737 374 757 607 256 587 375 776 506 210 682 620 304 545 807 140 518 507 399 157 275 558 184 203 418 121 247 695 500 145 404 491 469 705 254 647 558 407 461 400 620 246 501 587 369 539 241 580 361 40 154 348 348 329 618 419 461 710 513 392 676 310 216 328 649 537 492 128 383 595 115 550 597 531 600 176 384 606 357 536 431 611 190 525 496 434 407 253 669 329 295 95 445 428 262 383 58 342 156 657 414 608 599 567 157 114 467 491 256 534 229 579 481 433 270 298 183 186 756 121 411 223 431 232 268 234 138 516 207 247 482 157 372 469 584 547 449 362 257 495 495 
314 375 550 590 504 345 621 146 259 413 331 200 651 548 522 687 632 691 290 306 324 339 165 474 107 509 351 462 390 336 140 387 340 619 102 610 772 25 165 504 242 403 426 651 288 610 650 398 601 294 157 598 383 476 25 562 395 386 342 292 412 573 506 336 35 135 173 441 743 580 358 305 228 288 119 34 323 340 408 223 191 281 424 350 373 232 318 375 472 274 717 234 353 327 659 84 54 529 557 255 382 707 720 206 601 282 187 174 544 443 270 67 185 499 293 241 317 611 166 217 293 134 313 240 102 288 147 344 532 678 384 300 291 327 150 566 289 125 600 167 220 594 509 124 235 55 481 254 201 612 174 112 469 283 396 512 171 416 64 101 665 556 393 643 332 251 648 323 263 313 548 225 287 501 345 553 356 574 135 459 324 121 348 458 595 297 233 283 412 573 241 203 111 464 266 640 670 257 637 548 744 610 396 354 428 450 166 502 334 646 367 522 61 67 52 253 609 271 31 394 
465 583 426 765 503 610 631 200 34 406 240 189 749 548 629 838 646 836 200 86 386 512 352 381 160 647 608 552 143 253 359 157 451 525 266 457 659 283 237 295 507 145 430 570 285 784 726 389 653 555 414 437 450 661 284 588 506 166 200 410 627 619 491 189 241 252 97 184 657 512 611 408 213 549 265 261 345 561 246 458 336 538 187 209 604 102 578 578 311 538 878 313 108 579 567 336 211 655 567 229 135 635 616 389 486 249 433 98 551 591 28 206 411 567 552 104 486 741 137 480 338 134 555 103 360 317 186 125 450 607 164 115 415 574 330 709 554 370 705 414 215 621 610 340 84 292 362 82 461 506 135 377 661 533 288 636 436 187 326 274 838 581 599 778 74 426 673 582 384 415 439 44 470 311 499 463 488 436 366 208 146 386 578 330 568 497 44 335 152 613 491 65 293 273 359 631 542 504 584 675 645 728 246 441 496 337 114 339 404 775 348 639 218 323 235 451 698 306 263 589 
171 183 571 404 443 233 535 339 430 378 382 278 502 479 378 507 542 515 358 484 263 170 90 486 289 345 197 339 563 379 263 506 226 608 283 645 763 168 355 593 162 542 377 628 298 423 515 368 487 254 197 640 295 289 194 471 266 569 420 192 218 466 455 419 196 322 328 577 715 556 194 213 285 155 165 175 296 146 481 284 137 265 602 425 182 355 276 184 531 178 533 209 526 313 643 111 239 371 480 301 555 672 706 85 608 317 242 352 470 279 438 224 276 385 151 427 156 445 293 117 260 314 130 361 103 272 341 464 526 644 498 416 185 152 107 396 206 69 450 229 276 500 371 260 417 143 509 383 93 612 364 153 279 115 437 357 119 531 137 151 478 466 201 473 478 108 548 178 175 219 559 381 120 576 192 548 220 602 246 586 512 148 156 498 539 113 404 251 577 471 80 373 132 545 205 566 679 281 595 389 725 451 464 258 328 481 348 558 261 479 354 371 211 191 246 81 469 260 176 206 
470 414 844 627 743 166 837 384 552 671 632 504 781 781 666 743 844 757 596 583 559 455 370 763 406 618 243 637 669 634 213 699 528 897 305 911 1052 305 365 817 145 709 674 921 569 643 804 659 785 56 156 901 597 522 289 773 565 649 652 493 419 766 754 647 346 334 482 748 1011 849 266 514 527 198 396 333 583 366 718 119 419 37 693 660 358 545 49 425 779 146 753 490 634 13 934 280 361 648 782 551 661 969 997 383 889 575 133 467 772 557 563 381 164 685 212 509 449 708 480 187 547 431 297 553 257 553 395 656 811 940 697 614 486 280 374 656 122 280 731 151 518 801 663 230 512 317 777 566 209 896 444 207 504 257 696 637 188 729 271 374 692 768 428 729 638 410 849 218 474 520 838 531 413 812 485 833 519 872 201 769 577 201 349 759 839 390 527 538 701 772 248 501 366 776 498 868 960 65 893 663 1018 723 704 560 630 747 453 809 561 740 638 654 373 247 330 377 756 538 330 451 
100 231 423 400 299 381 403 358 382 227 250 181 422 339 294 479 412 480 238 442 114 147 77 338 279 291 334 232 508 244 353 403 109 458 332 499 612 211 388 467 311 452 229 478 157 419 419 218 372 401 316 495 159 296 247 341 165 528 299 62 278 346 309 300 208 362 278 482 566 406 326 76 172 304 122 197 146 224 353 404 39 408 553 302 274 272 424 222 394 329 516 70 474 457 493 186 247 307 342 177 500 524 556 65 458 185 361 323 331 230 386 213 383 269 298 404 121 392 229 266 110 296 251 276 200 125 354 365 375 495 391 318 61 280 83 352 357 168 372 343 166 372 280 342 388 179 364 300 241 461 355 261 298 253 297 289 257 423 210 131 473 335 245 426 399 72 424 322 33 84 410 322 113 444 134 398 132 455 340 485 486 261 249 356 394 149 360 102 510 348 228 331 119 418 54 429 529 414 448 327 575 386 334 126 201 337 328 420 116 427 204 296 204 269 276 111 379 116 199 229 
274 331 546 547 481 316 594 190 294 394 330 201 613 524 484 644 604 649 292 343 298 296 126 466 144 468 314 428 426 333 159 406 305 608 141 609 762 18 209 516 214 428 404 637 275 566 614 380 569 277 149 599 353 432 51 534 358 426 349 258 368 542 485 344 53 177 200 465 729 566 319 272 224 253 99 34 303 296 415 228 158 269 462 356 330 249 301 331 476 245 674 211 389 317 647 42 92 489 531 250 418 691 708 165 593 275 187 210 519 402 303 89 196 466 257 281 276 570 182 184 270 171 271 257 64 269 191 362 521 662 401 317 256 286 114 525 263 82 561 167 216 565 472 147 273 18 477 274 165 603 216 96 425 243 394 472 142 434 33 78 622 527 349 602 359 210 618 287 229 280 541 253 245 509 305 542 318 572 149 481 365 102 305 457 574 253 267 261 445 543 201 236 80 473 237 616 664 254 619 508 732 570 401 322 397 447 204 505 306 605 351 483 78 75 96 210 573 253 32 351 
122 82 564 184 359 356 401 551 600 345 445 401 292 377 186 281 401 288 446 660 252 72 247 483 483 129 276 192 727 436 491 616 166 559 505 644 698 382 573 658 345 668 329 561 350 204 320 347 322 434 419 647 228 76 414 341 146 746 502 187 110 314 382 506 398 542 496 696 632 498 256 199 387 294 329 381 308 125 546 502 249 456 772 503 155 492 450 67 573 343 309 280 693 497 582 332 442 159 366 387 720 585 642 205 579 386 462 536 363 74 605 415 500 241 281 616 98 222 448 309 286 505 195 495 329 310 550 580 493 561 602 534 178 220 267 171 370 293 242 452 382 359 190 487 602 352 521 520 295 574 561 380 81 232 477 151 334 632 360 329 259 339 76 247 618 162 395 286 205 196 542 541 120 628 92 515 123 599 473 696 700 374 149 524 443 114 577 284 730 326 244 548 311 609 239 443 645 487 509 174 653 233 526 201 225 500 538 593 236 255 358 170 404 417 459 154 272 310 382 44 
399 448 614 668 586 369 705 93 256 493 394 264 736 631 608 767 716 773 349 289 409 420 250 542 118 593 393 549 375 400 87 415 426 690 18 668 841 107 93 543 267 417 507 724 364 687 736 477 687 292 153 654 468 553 73 647 481 359 394 378 481 658 586 386 112 58 199 456 817 654 404 391 296 326 203 120 404 408 459 185 277 271 401 403 436 271 314 449 525 299 796 317 339 309 730 154 92 613 640 324 367 782 790 289 667 352 162 173 627 526 268 128 139 585 334 215 400 694 214 256 375 139 371 280 163 368 102 374 604 753 416 337 377 380 236 649 306 195 685 146 289 679 595 68 217 139 544 287 246 680 149 137 544 336 459 597 207 446 127 187 743 640 466 726 346 334 733 363 349 399 615 241 368 547 429 623 442 635 94 479 290 147 413 519 675 374 232 366 405 658 295 207 197 508 351 723 735 232 714 633 815 694 449 440 514 514 158 555 419 729 444 607 130 79 51 332 695 351 117 470 
216 276 525 488 438 300 546 246 331 356 317 197 555 479 427 585 555 590 286 385 252 237 69 442 189 409 284 372 464 317 209 419 249 578 201 593 733 77 267 517 207 449 363 604 248 508 558 343 515 284 177 584 303 374 110 484 302 469 346 204 315 489 444 343 97 237 229 485 695 532 285 220 213 230 81 77 266 244 410 263 108 283 503 352 282 264 309 275 467 234 615 172 427 333 615 43 141 430 485 234 456 655 678 106 568 256 220 252 472 342 339 124 239 412 231 327 216 511 199 168 231 215 228 271 62 234 246 376 492 626 412 328 200 247 61 465 256 47 503 202 204 515 415 200 318 46 458 291 145 576 265 121 368 206 378 413 138 445 67 61 564 478 294 542 383 151 568 261 176 227 517 283 185 505 245 514 260 553 197 498 412 123 256 441 532 196 304 222 479 491 165 273 47 472 190 570 639 280 581 449 700 511 394 269 345 428 249 495 258 546 319 425 111 126 154 151 515 219 78 293 
174 138 578 125 357 411 377 616 657 363 483 452 235 367 149 213 375 220 489 717 285 134 311 501 546 77 329 182 782 473 559 659 200 560 572 658 691 449 639 690 409 715 342 556 390 144 271 367 288 496 487 663 246 53 481 322 162 803 542 232 148 288 383 546 463 608 553 741 620 498 307 240 436 354 390 446 342 185 580 569 308 520 827 542 204 544 510 126 601 405 244 329 748 558 579 400 506 108 352 432 775 573 636 269 586 428 529 596 352 61 661 478 568 225 341 677 158 157 504 375 325 567 255 546 397 349 614 625 502 551 644 581 225 276 330 105 431 361 189 519 432 334 160 555 662 418 541 571 361 578 624 448 74 293 507 107 401 673 427 392 198 321 125 180 669 224 363 342 255 235 554 597 186 657 140 522 157 613 541 738 760 442 204 549 432 181 635 324 781 301 310 606 374 642 285 422 648 553 499 118 644 173 561 228 231 524 600 618 267 189 385 127 467 485 525 221 223 352 447 99 
160 235 497 439 391 311 495 296 361 314 301 196 498 431 370 532 504 536 276 417 205 184 14 412 230 354 279 316 493 299 265 425 194 542 256 569 697 132 320 510 228 463 318 565 221 458 502 303 460 315 224 562 251 326 166 432 246 503 338 150 277 435 399 337 143 290 256 497 654 493 276 167 202 235 87 126 227 209 399 312 63 319 534 343 252 275 338 231 451 251 564 135 456 368 578 96 187 374 435 219 485 613 641 50 537 236 268 287 423 288 367 162 292 357 232 366 162 456 217 185 191 253 209 281 108 199 295 383 457 584 416 334 146 233 25 411 276 76 447 251 194 463 359 256 354 99 433 304 160 542 308 169 322 197 358 357 168 449 122 79 514 426 252 488 401 96 515 260 124 174 487 307 133 494 190 479 204 527 251 505 451 169 226 420 486 150 335 182 503 438 161 304 59 463 143 521 608 322 537 394 662 455 382 216 291 404 288 478 208 491 283 369 150 182 206 103 459 185 128 247 
536 675 198 670 246 904 238 764 653 302 392 514 474 228 457 650 248 630 439 696 416 580 603 240 677 531 844 414 697 383 844 496 469 93 786 213 96 697 806 394 841 558 302 53 416 679 414 314 338 931 834 237 394 648 729 276 461 749 418 490 713 320 227 429 670 798 612 551 39 125 829 469 481 827 591 672 390 699 377 918 554 937 739 410 745 540 954 659 321 858 699 485 687 986 52 699 686 508 243 453 695 36 47 594 139 424 876 668 242 540 646 648 887 370 819 719 569 548 574 796 426 674 754 534 719 422 753 503 174 44 480 503 499 784 599 564 886 693 473 857 488 275 439 829 698 673 256 544 772 116 719 778 667 770 333 498 785 479 717 612 705 276 676 577 577 579 278 839 504 464 180 607 595 353 540 157 499 203 838 523 760 780 728 289 162 632 652 435 662 305 752 647 614 378 475 192 122 937 96 514 49 514 374 431 380 281 685 302 418 560 338 481 648 765 726 619 434 438 676 645 
179 170 592 394 458 212 546 357 452 395 405 302 502 493 381 500 552 508 382 506 280 170 113 507 309 344 173 346 586 402 271 530 238 627 297 666 781 186 371 616 148 566 394 645 320 413 518 387 494 241 198 662 309 278 210 482 274 590 444 207 202 475 471 443 216 336 351 601 732 574 170 228 308 134 189 196 315 129 505 283 159 255 624 449 162 379 262 173 554 161 523 231 549 302 661 128 259 370 492 324 577 688 724 104 628 340 242 373 483 278 460 245 279 394 129 448 160 442 317 104 280 336 106 385 116 292 359 488 545 660 522 440 199 128 131 392 190 86 451 230 300 510 375 269 438 163 531 407 82 631 384 160 267 91 459 357 115 555 152 175 467 477 188 468 502 120 557 156 192 233 579 404 123 599 196 568 228 623 253 610 532 153 137 520 553 109 426 271 600 481 58 395 156 569 224 578 699 275 611 388 743 450 487 271 340 503 369 581 277 475 374 372 233 203 263 86 472 281 196 196 
457 587 240 565 169 830 129 744 656 251 383 488 364 137 354 541 139 521 427 705 354 496 545 244 655 429 764 319 719 371 803 520 392 139 754 284 203 654 784 442 775 586 241 97 380 572 304 266 229 867 782 305 318 550 688 174 374 767 423 420 622 214 160 434 632 772 598 586 125 115 748 399 454 754 547 631 342 615 397 868 497 876 763 415 658 533 889 571 354 789 590 434 703 925 123 648 654 404 145 427 715 79 156 529 195 398 825 656 149 444 650 616 841 271 745 716 488 440 554 730 374 655 674 527 665 377 734 519 177 66 503 507 428 704 544 458 817 636 365 807 460 168 338 789 695 627 276 542 706 171 706 726 570 694 335 395 725 509 668 567 596 174 586 468 592 507 169 762 439 394 212 603 517 398 457 173 415 259 794 562 767 727 643 308 73 552 650 384 689 199 681 639 566 415 416 83 213 882 41 408 155 405 388 356 295 292 672 343 352 451 300 378 614 721 693 546 325 393 635 554 
459 521 614 738 617 447 740 29 205 520 397 278 792 662 664 834 752 838 351 225 449 486 311 550 111 655 473 599 310 406 148 383 478 699 62 661 846 172 19 518 346 373 537 737 387 757 787 503 731 364 229 644 512 623 144 685 535 288 386 430 556 701 614 376 161 27 181 411 829 670 483 440 312 406 248 175 434 484 446 244 329 340 332 394 514 257 384 522 514 377 864 357 276 374 740 227 122 673 674 339 302 798 797 352 670 368 230 136 660 589 218 159 197 631 414 151 464 756 215 335 410 117 450 266 239 399 42 346 615 769 387 316 430 459 294 713 383 269 741 216 306 718 649 132 158 203 544 266 326 686 94 217 616 415 460 656 286 414 202 237 813 678 540 789 303 398 772 442 400 448 619 209 435 528 491 632 499 632 162 437 217 227 490 516 701 445 185 402 345 700 374 169 252 489 396 753 735 296 734 693 823 754 439 487 559 515 118 544 461 791 467 665 166 159 95 401 748 382 173 542 
245 158 687 375 535 127 610 431 545 483 506 404 528 566 418 489 614 503 484 597 368 213 215 602 397 365 71 401 678 502 311 632 311 715 362 763 867 269 438 718 117 666 478 730 419 392 555 476 545 199 222 759 386 268 284 547 334 679 546 290 166 531 552 545 305 402 446 701 813 660 68 311 411 58 290 284 409 111 606 289 259 225 715 551 107 479 214 170 655 108 504 329 641 262 747 210 345 395 562 426 670 768 810 200 720 440 256 463 555 306 554 338 302 451 45 534 216 453 416 96 374 424 42 485 190 389 436 589 635 741 624 541 280 36 233 401 134 173 478 253 402 571 418 315 527 252 628 507 98 722 467 208 250 11 559 386 141 657 228 274 444 543 173 473 600 202 614 60 281 315 673 500 185 700 249 658 289 720 292 712 617 199 95 619 629 151 519 366 695 540 52 487 256 671 316 646 791 263 690 410 827 468 588 348 408 601 457 681 362 484 468 404 325 264 341 160 506 379 283 196 
391 436 620 657 586 353 704 109 271 494 400 270 730 631 602 758 715 763 356 305 407 411 243 548 130 585 377 544 391 406 74 427 421 694 33 676 846 101 108 554 251 431 507 728 366 676 731 479 683 276 137 662 466 542 65 645 475 375 403 374 468 655 587 395 112 72 210 470 820 658 388 387 301 310 202 117 404 396 468 172 273 255 417 411 423 281 298 438 534 283 785 316 355 294 735 144 98 606 640 328 383 785 794 282 673 357 147 187 626 518 283 133 126 581 318 231 391 686 222 240 374 152 357 290 150 369 118 386 608 756 428 348 372 365 230 640 290 184 679 130 293 677 589 55 233 133 550 298 231 685 165 122 532 322 465 589 191 458 116 184 732 638 454 717 359 326 730 347 345 395 621 254 359 557 421 628 436 642 79 492 306 132 400 526 676 364 246 365 420 656 281 221 193 519 349 723 741 217 716 625 819 687 457 436 511 520 173 564 417 721 446 600 132 65 58 323 690 352 113 459 
475 621 258 760 400 720 521 377 219 317 155 224 687 440 584 810 537 802 152 248 353 531 414 237 313 622 698 504 241 167 518 40 437 364 432 275 483 406 417 112 623 106 345 412 247 777 651 304 568 688 553 254 405 672 420 492 481 293 95 410 668 533 380 91 364 426 233 114 493 365 696 398 220 649 339 379 298 612 84 613 377 678 284 96 661 164 713 611 135 652 855 321 232 724 404 445 351 622 462 212 239 477 446 439 318 210 581 270 447 580 208 329 570 502 648 290 505 703 230 587 312 295 627 156 471 288 364 61 303 453 24 96 418 653 395 682 672 467 651 562 227 522 562 499 271 401 204 145 564 340 316 506 678 617 159 603 551 36 445 358 826 486 634 741 126 461 568 678 394 402 276 197 503 125 505 309 480 260 521 101 311 513 635 172 441 538 228 313 209 523 580 238 374 87 358 509 366 653 439 639 475 682 96 412 442 188 288 159 372 733 269 600 337 463 386 497 634 286 382 615 
136 290 329 383 167 499 271 462 442 112 222 230 332 205 213 433 281 427 236 502 31 189 211 246 375 244 440 135 552 210 482 403 73 341 450 409 492 335 497 425 438 464 104 355 136 400 314 110 253 530 449 411 34 306 371 211 104 583 282 84 333 223 179 288 324 477 349 486 440 285 427 63 203 422 233 317 79 303 316 537 166 539 599 281 352 314 553 275 336 453 478 121 522 588 373 318 357 246 210 189 545 396 435 193 352 175 494 404 198 204 442 319 514 155 414 480 171 330 297 394 77 386 351 314 333 99 456 374 265 368 387 335 93 381 213 305 482 301 288 476 202 242 193 470 462 305 283 338 370 351 445 394 317 365 242 227 388 414 341 250 448 204 296 367 428 173 296 434 102 59 309 380 192 392 152 288 115 363 471 479 555 394 331 286 263 230 424 82 543 222 347 401 243 376 85 295 421 547 318 264 452 313 296 37 82 262 414 355 17 362 120 226 313 398 391 214 283 110 320 268 
549 658 509 849 598 652 726 200 67 500 334 279 842 643 721 926 741 925 294 8 478 593 426 471 203 735 661 644 85 347 371 219 541 611 279 531 738 332 226 355 548 179 525 657 379 868 820 483 748 582 442 510 543 742 323 683 596 80 290 497 700 714 585 279 295 252 170 210 743 602 667 497 306 598 339 316 439 631 327 469 416 561 114 298 671 196 604 653 389 580 965 402 51 597 652 390 256 745 661 323 77 722 699 465 569 344 452 137 645 677 67 265 422 661 603 75 568 831 219 527 431 176 617 198 411 411 189 201 540 696 232 205 502 634 404 797 591 428 797 436 307 716 702 354 74 349 448 177 511 590 141 415 740 591 378 726 480 245 374 344 922 676 675 868 130 505 768 633 470 504 524 129 549 380 583 551 575 515 383 242 55 424 645 415 661 572 89 427 121 707 548 118 363 343 448 725 621 520 674 765 728 820 330 532 589 425 143 414 496 865 443 730 277 356 268 525 792 399 317 667 
356 512 121 600 194 684 311 481 376 128 109 234 491 231 402 631 328 619 155 424 215 411 364 43 395 454 640 325 440 100 572 247 299 192 506 193 341 429 523 213 604 314 153 232 155 615 449 121 364 687 574 190 241 531 457 286 325 487 142 292 557 330 172 153 397 517 329 322 323 170 630 273 204 607 327 402 163 518 126 653 314 687 486 134 568 257 712 498 116 627 678 241 423 736 233 442 407 446 254 177 436 295 291 369 168 150 613 385 239 426 370 371 617 312 602 438 391 521 291 561 196 390 555 251 465 180 469 239 110 267 229 227 302 584 353 509 653 446 460 593 212 314 380 555 417 409 58 263 536 180 435 518 543 559 54 429 540 242 455 350 659 280 519 558 312 371 359 627 291 274 116 326 403 174 377 126 341 151 567 303 487 522 545 61 233 442 372 203 414 318 531 364 356 169 254 300 238 679 242 462 317 496 112 263 265 36 401 130 229 548 107 422 373 496 448 413 438 191 406 494 
286 386 370 342 136 648 98 677 643 214 386 438 166 115 132 330 97 313 418 701 245 308 412 318 590 208 574 119 740 373 690 565 233 314 665 442 423 547 713 539 612 631 187 297 330 351 120 230 39 705 647 455 182 332 583 53 190 778 445 276 414 10 163 454 539 692 558 645 348 256 555 261 406 577 448 530 271 421 452 736 375 720 787 440 458 512 725 369 441 619 379 336 715 767 323 522 572 182 92 386 734 301 372 384 355 364 692 614 101 232 641 534 718 71 566 688 308 223 506 569 287 600 487 510 533 303 670 546 285 283 547 516 280 515 420 236 648 498 150 676 408 55 118 680 669 515 363 532 547 340 658 594 353 514 372 174 575 566 547 463 379 57 381 255 611 349 92 578 304 253 340 582 343 497 273 300 237 402 677 629 758 593 448 385 169 371 628 294 723 23 511 608 454 497 299 143 404 738 233 186 375 190 435 211 136 360 625 446 232 240 269 156 528 606 606 378 116 317 533 349 
267 405 326 564 315 509 441 284 234 216 108 29 540 361 419 631 455 628 75 294 176 320 195 251 195 439 481 342 347 111 364 230 244 397 300 388 549 222 325 308 418 278 236 433 83 583 519 199 450 493 371 377 241 466 249 391 298 376 136 206 451 417 308 134 189 314 147 308 525 363 477 201 5 435 130 195 139 393 199 446 157 489 394 142 442 108 518 396 256 444 672 110 316 538 438 245 200 446 375 32 340 492 497 219 376 61 408 205 360 386 234 163 410 360 434 277 294 532 98 379 129 197 408 108 270 109 275 191 311 462 219 144 213 434 177 502 468 258 495 388 8 425 400 347 257 206 256 133 354 388 252 317 470 399 172 427 349 251 253 152 635 384 419 569 229 244 478 462 184 207 324 173 287 294 300 331 283 350 360 311 348 322 416 235 394 321 218 125 343 412 364 197 163 262 154 450 445 476 426 466 522 519 183 232 288 226 218 285 194 566 160 430 165 289 240 278 490 97 199 402 
99 136 510 203 301 403 344 549 581 293 405 375 257 318 139 281 345 283 410 641 207 76 244 431 475 100 326 135 705 395 507 580 122 502 510 590 640 386 575 614 381 636 274 503 311 222 277 295 269 473 443 595 175 117 420 284 91 727 463 154 168 259 325 468 396 545 478 662 574 441 307 161 357 337 318 380 264 173 503 528 235 493 750 464 209 466 490 120 526 383 317 251 671 535 525 342 438 125 308 353 697 527 584 203 523 349 487 523 305 33 584 408 522 184 324 603 92 202 428 342 246 495 241 468 343 271 546 546 438 503 566 502 147 268 262 156 411 306 205 475 353 302 139 501 588 354 470 493 324 517 553 399 130 273 431 111 361 594 369 322 275 281 133 233 590 158 341 333 178 156 487 521 127 582 66 459 79 545 490 659 685 394 199 475 385 137 559 245 703 270 279 531 305 565 206 386 588 519 450 143 595 205 483 152 168 451 527 544 190 236 310 127 397 429 460 165 229 273 382 101 
293 326 522 204 286 601 240 737 736 343 505 524 47 270 84 174 231 157 528 796 325 285 441 464 655 116 519 159 847 492 713 688 271 470 708 596 572 584 767 681 589 752 315 451 430 208 85 355 140 679 652 609 262 236 619 209 213 878 566 318 338 160 313 574 587 740 641 770 494 412 497 312 498 540 500 574 370 371 585 738 418 701 894 563 394 609 696 312 583 589 224 405 818 742 477 545 626 86 248 484 840 449 524 403 511 468 696 693 256 178 737 592 731 156 527 771 299 71 589 551 373 671 441 609 549 394 732 663 439 434 671 627 317 465 455 103 616 512 7 684 497 203 102 706 754 551 509 633 534 496 730 607 259 478 505 98 571 694 573 510 227 212 315 99 722 359 207 531 348 304 494 674 335 641 265 454 249 555 697 759 848 603 393 527 323 347 718 377 836 176 487 694 496 636 360 287 560 729 386 72 524 36 567 272 218 502 700 592 308 84 388 84 583 633 653 374 45 405 576 287 
247 401 218 480 117 598 245 481 418 18 155 227 384 163 286 514 259 504 188 474 109 300 289 135 392 335 545 207 509 141 537 334 185 240 488 297 394 388 521 329 529 400 43 262 115 495 350 1 270 618 520 299 121 413 421 201 206 548 213 188 445 235 111 222 365 507 344 416 351 189 533 167 193 521 280 364 76 413 228 605 239 622 556 209 462 288 641 386 235 547 561 171 485 672 275 386 388 328 179 168 504 312 338 283 243 141 563 402 164 307 415 349 576 200 514 470 282 405 296 484 112 395 457 285 405 110 472 314 158 282 317 285 198 487 285 391 575 379 349 544 197 233 263 522 450 362 173 304 459 244 450 464 426 467 148 311 471 338 404 302 540 193 407 443 380 275 285 536 195 166 199 359 300 292 263 181 225 252 529 403 533 466 441 181 198 339 407 121 491 227 445 390 301 282 163 252 313 623 239 344 358 382 210 147 146 156 416 250 118 434 39 304 347 455 427 317 331 127 368 380 
395 541 248 681 343 648 468 344 214 252 82 150 618 386 511 735 484 728 72 260 276 450 337 203 268 546 623 431 277 95 467 102 358 346 387 288 482 343 386 169 554 165 280 391 168 699 586 237 506 624 493 272 330 592 362 433 404 322 23 330 588 471 326 13 303 388 190 184 478 334 619 319 142 576 267 316 221 533 74 559 298 615 324 30 582 114 648 531 142 582 779 241 258 663 387 377 297 547 406 132 273 455 438 360 308 131 524 239 391 501 207 269 518 433 574 280 425 629 172 516 233 255 550 106 402 209 331 78 272 428 86 63 338 576 318 607 604 395 580 504 150 464 489 449 260 335 182 108 493 326 289 442 599 541 110 528 483 114 380 287 749 426 554 667 148 382 513 603 314 323 259 171 423 163 425 283 401 262 468 179 323 449 556 151 396 459 214 234 256 462 505 213 301 127 278 462 367 595 406 565 466 610 68 335 369 157 257 172 294 660 200 526 276 405 335 418 566 207 319 535 
185 319 373 485 302 437 421 304 300 211 175 93 483 346 358 558 433 557 155 360 128 236 116 290 217 368 402 286 422 172 340 316 173 426 297 443 582 191 340 388 353 363 223 455 96 504 471 197 411 435 327 436 192 383 225 364 230 445 217 129 365 380 304 217 171 320 200 394 546 383 397 130 84 361 84 168 121 308 275 410 73 436 468 221 356 185 460 310 324 377 597 37 389 485 465 193 200 378 356 95 415 508 527 135 416 110 368 250 342 310 303 162 379 313 358 329 209 465 148 311 90 229 325 188 215 86 297 277 340 478 305 230 135 352 102 430 402 194 435 349 78 397 340 326 312 165 307 213 286 424 289 270 386 320 231 360 288 336 209 105 557 357 333 501 311 158 451 385 104 138 365 239 201 369 219 362 207 402 332 397 408 273 330 293 392 235 279 82 422 379 287 253 107 340 82 438 487 431 436 398 549 455 257 171 239 278 258 352 141 499 169 364 156 258 236 193 436 69 172 317 
466 576 467 766 530 582 658 156 23 431 273 200 764 576 641 844 673 843 229 76 400 510 343 418 130 654 586 566 154 285 319 203 459 564 226 501 700 257 192 341 479 188 455 608 305 785 744 414 674 521 380 482 466 659 253 613 516 162 238 416 618 641 519 228 218 208 87 226 696 548 591 416 229 524 257 239 364 550 288 419 333 502 193 247 591 125 544 571 354 511 882 321 117 543 606 314 182 664 593 249 146 672 657 383 527 272 396 63 577 595 34 186 372 585 529 61 485 751 137 454 353 102 538 129 336 334 143 171 487 644 210 155 420 556 321 716 524 350 718 378 229 645 623 301 40 271 402 114 437 546 91 346 658 513 324 645 409 233 300 262 840 605 592 787 119 422 698 559 388 423 479 53 466 357 501 501 493 479 328 252 123 356 565 370 599 490 6 348 175 635 471 36 282 318 367 661 585 466 618 684 685 740 286 453 512 376 75 382 417 785 374 650 198 291 202 443 714 321 240 584 
287 329 504 219 267 604 222 728 724 326 490 512 52 252 75 192 214 176 513 784 312 283 434 446 646 120 523 146 833 477 708 673 261 452 701 578 555 577 758 663 589 737 299 432 416 224 75 338 122 680 649 590 248 244 612 191 204 865 550 309 344 142 295 558 579 732 629 755 477 393 502 302 485 542 491 566 356 373 568 736 409 701 880 548 399 596 697 315 566 590 242 394 804 743 459 540 618 89 229 470 827 431 506 397 493 454 694 682 237 178 724 583 727 139 529 760 295 88 577 551 360 660 444 596 545 381 723 648 420 416 656 613 308 468 448 115 617 508 13 681 484 185 90 701 742 544 491 619 533 478 720 603 267 479 488 97 569 678 567 502 244 194 319 117 707 354 191 534 339 294 475 662 331 623 261 436 242 537 693 743 836 599 396 509 305 346 706 364 822 158 487 682 488 619 349 269 541 728 368 78 507 54 550 260 204 484 690 574 295 102 372 80 574 627 646 370 30 392 568 290 
266 271 620 496 520 214 621 271 395 444 412 290 600 560 475 603 629 611 380 442 335 268 144 537 243 443 215 432 526 413 167 505 314 670 203 688 825 115 278 610 114 530 449 695 343 515 611 433 579 189 100 680 378 381 125 558 360 523 439 274 300 557 529 436 155 243 302 567 784 622 223 293 308 152 175 136 356 228 504 188 193 190 561 446 252 348 213 276 562 143 626 263 489 239 707 63 190 469 563 330 518 743 770 164 662 352 145 310 552 377 404 191 178 477 157 376 254 543 282 82 320 270 186 356 38 326 276 462 584 714 500 415 269 195 147 494 163 53 548 131 299 587 467 166 371 108 553 374 65 669 309 56 369 151 474 455 43 533 72 154 570 552 290 570 461 199 638 187 251 300 612 356 218 599 288 607 314 648 150 582 459 50 230 537 616 210 368 311 547 561 110 337 143 565 273 649 734 193 668 487 791 549 489 342 415 523 302 591 338 577 411 469 180 106 182 179 566 312 134 299 
441 546 472 739 520 550 648 132 55 420 269 182 744 566 620 820 662 819 223 106 382 483 314 418 97 630 554 546 186 280 290 222 437 566 198 510 705 225 171 358 446 214 443 608 291 759 727 403 659 490 348 492 447 631 221 600 494 191 241 392 588 626 510 231 186 183 63 253 698 546 559 394 213 492 228 207 349 519 296 389 307 471 224 250 560 118 512 542 363 478 857 299 149 512 607 281 150 642 582 235 178 671 660 354 531 260 365 31 566 570 66 154 343 567 496 68 458 728 115 422 335 70 506 124 304 317 118 186 486 643 226 162 396 524 292 692 492 318 698 347 212 633 602 272 49 239 405 115 404 549 69 314 629 481 325 623 376 252 268 232 814 593 563 764 143 394 686 527 364 401 481 52 438 370 475 501 469 485 298 277 145 323 534 374 593 461 29 330 208 621 439 12 252 331 345 652 591 436 615 662 688 718 292 432 494 377 45 392 398 762 363 628 166 259 170 414 695 303 208 556 
117 264 357 347 174 487 265 484 473 139 257 261 302 207 180 398 273 392 271 533 63 164 216 276 399 208 424 104 585 246 493 439 50 361 468 437 509 349 518 460 433 499 124 371 171 364 289 140 234 526 454 440 25 273 385 202 68 615 318 81 306 206 191 324 342 495 378 522 452 303 410 63 234 411 251 333 115 282 351 542 177 537 632 317 329 346 548 249 370 446 442 144 555 585 390 326 377 210 207 222 578 407 452 192 376 210 499 431 198 169 473 340 522 132 402 509 150 295 326 389 110 412 334 347 338 133 478 409 289 380 423 369 87 365 222 269 475 305 256 482 233 232 161 482 491 318 314 371 365 373 471 400 285 352 277 191 388 450 350 266 412 196 269 333 462 165 284 420 106 56 336 411 176 427 125 311 85 392 480 515 585 399 310 319 269 212 455 113 577 208 338 431 256 412 102 294 444 549 329 229 467 280 332 14 61 295 440 388 44 328 154 191 332 409 409 203 254 142 336 240 
318 265 666 51 431 519 406 762 799 465 606 591 189 425 195 70 398 84 618 860 409 281 457 598 692 140 435 267 922 595 700 787 331 627 717 743 737 595 785 803 536 846 440 612 518 45 247 473 305 617 624 753 358 153 626 368 281 945 667 370 254 321 459 673 609 754 697 870 660 566 412 374 572 475 535 592 464 312 698 703 453 644 968 666 315 682 628 258 709 527 98 467 889 678 638 545 653 147 405 565 915 614 687 416 663 557 665 741 410 189 802 624 706 290 461 822 304 96 647 506 454 712 377 684 541 478 761 756 584 598 772 714 364 393 477 83 551 505 171 657 569 366 217 698 806 564 641 709 496 650 770 590 169 419 621 163 538 799 572 538 66 370 248 82 805 371 375 455 396 368 639 739 332 767 284 602 292 700 683 864 904 583 324 654 484 325 778 455 919 337 442 750 520 756 421 452 717 682 548 134 689 131 679 351 328 629 745 722 391 101 498 173 613 629 671 366 212 484 594 233 
387 503 303 463 131 758 26 727 663 230 391 475 262 85 256 438 36 418 431 717 308 418 495 279 638 331 688 233 742 378 765 551 326 221 727 363 306 617 766 496 712 619 210 191 363 471 202 247 126 806 733 381 258 456 653 84 296 786 441 362 535 115 140 451 602 749 592 625 227 174 670 343 441 684 512 597 312 536 430 822 451 818 789 435 576 534 827 487 401 723 487 397 722 865 218 602 629 305 74 416 738 182 258 473 272 389 778 650 87 353 659 591 799 183 674 717 414 337 544 668 339 643 598 530 617 348 719 542 224 168 534 522 368 628 498 357 752 584 262 761 445 68 242 753 697 588 319 548 645 252 698 678 477 623 357 298 669 546 625 531 494 87 500 365 613 444 69 689 385 336 273 606 447 452 381 230 341 330 755 604 778 678 563 348 78 478 653 348 718 101 614 638 526 462 369 20 306 830 125 308 258 303 417 295 224 327 664 397 301 348 286 280 586 681 666 479 222 365 601 468 
366 521 145 624 235 676 355 445 332 159 75 206 527 274 433 661 372 651 120 380 227 422 355 83 361 480 637 354 395 70 545 202 313 230 475 206 374 405 487 183 592 270 186 273 146 640 488 148 404 672 553 197 263 549 432 328 346 441 98 300 567 369 214 109 371 483 291 279 362 214 629 283 179 600 308 378 171 523 84 629 307 669 441 90 573 218 696 508 94 616 708 236 378 718 272 424 377 475 297 154 391 337 326 365 199 130 590 346 281 447 326 343 592 346 596 396 400 552 257 550 199 354 554 211 448 179 433 194 152 309 184 183 310 583 342 538 641 432 495 570 187 356 410 527 375 388 74 221 525 215 397 498 560 555 10 457 525 199 435 331 685 321 530 590 267 373 403 622 294 284 148 284 408 149 389 165 356 168 541 261 443 503 549 54 278 447 329 204 369 358 525 324 339 135 256 346 265 658 286 491 353 529 68 280 292 44 363 116 243 580 123 451 346 472 418 414 474 187 382 506 
293 208 688 24 459 448 452 722 775 477 604 572 254 460 227 139 447 157 610 834 405 247 421 614 657 156 365 285 901 593 647 780 321 659 672 767 780 552 742 809 472 836 454 649 511 38 308 483 354 549 567 774 363 101 581 407 280 920 663 353 188 364 486 668 571 710 670 862 705 598 342 361 557 408 503 552 462 253 700 643 424 578 946 663 248 664 560 204 718 460 149 449 867 610 674 498 615 175 442 553 893 658 727 379 691 549 606 711 445 179 779 589 649 319 394 791 273 158 622 446 446 679 313 666 492 470 722 746 609 639 766 702 346 326 441 122 483 458 225 599 552 411 245 646 777 522 656 691 437 681 735 536 110 355 626 187 481 794 525 503 90 408 190 154 789 336 427 387 375 356 662 715 294 775 260 628 279 722 629 859 874 529 261 665 522 279 751 446 902 380 383 722 485 761 406 499 749 618 588 170 732 191 681 348 341 640 713 734 388 172 503 202 577 580 630 324 267 474 554 182 
1336 352 4976 1448 3368 2488 3688 4488 5024 3232 3952 3488 2680 3504 1928 2336 3688 2424 3920 5488 2440 888 2128 4320 4008 1400 1832 2032 6064 3880 3864 5264 1768 4960 4064 5616 6080 3120 4632 5672 2528 5664 3104 4976 3184 1600 2960 3232 3032 3192 3232 5640 2296 544 3344 3216 1656 6176 4384 1872 400 2992 3552 4408 3296 4368 4176 5896 5552 4472 1656 1992 3416 2056 2816 3136 2888 728 4760 3856 2232 3400 6408 4400 832 4216 3304 320 5008 2464 2488 2568 5776 3696 5152 2680 3648 1656 3416 3440 6000 5176 5624 1808 5112 3456 3552 4464 3392 1056 5064 3464 3888 2416 1944 5096 1088 2032 3824 2280 2688 4192 1264 4240 2624 2864 4496 4960 4424 4984 5160 4592 1800 1416 2304 1616 2672 2352 2304 3488 3368 3352 1984 3856 5000 2896 4616 4440 2200 5072 4632 2976 432 1592 4232 1624 2536 5408 2896 2792 2040 3200 216 2184 5232 1504 3624 1944 1984 1976 4808 4568 1152 5440 1144 4600 1432 5256 3712 5912 5776 2920 848 4632 4032 960 4824 2656 6104 3088 1768 4584 2632 5272 2272 4032 5640 3688 4560 1744 5720 2184 4608 2056 2296 4448 4464 5176 2328 2272 3304 1776 3368 3320 3744 1336 2576 2856 3144 208 
3105 4239 2376 4113 657 6453 540 6030 5445 1548 2997 3753 2493 243 2187 4014 693 3861 3357 5931 2286 3429 3996 2052 5220 2853 5850 1827 6174 2880 6399 4473 2529 1782 6039 2979 2790 5067 6372 4041 6003 5085 1368 1620 2745 4203 2007 1701 1233 6840 6138 3114 1881 3915 5382 576 2331 6561 3465 2817 4554 1008 738 3555 4914 6237 4806 5157 2142 1278 5697 2637 3447 5787 4113 4878 2295 4500 3393 6930 3582 6930 6597 3411 4887 4284 7029 4095 3168 6111 4464 3078 5985 7371 1854 4950 5157 2646 261 3222 6138 1719 2304 3816 2178 2979 6543 5328 315 2952 5409 4806 6714 1413 5697 5931 3366 3060 4374 5598 2556 5265 5040 4248 5094 2619 5949 4374 1629 1521 4311 4185 2880 5310 4014 3168 6372 4806 2394 6381 3483 666 2034 6282 5751 4806 2439 4410 5391 2025 5760 5643 4095 5238 2718 2556 5580 4437 5148 4284 4464 558 4230 3348 5013 3591 981 5841 3015 2583 2106 4932 3645 3654 3078 1719 2718 2637 6309 4977 6480 5643 4752 2682 468 3951 5355 2628 5967 864 5139 5220 4248 3708 2844 576 2583 7020 1062 2709 2358 2763 3267 2223 1629 2484 5454 3168 2241 3204 2052 2412 4770 5652 5490 3915 2079 2772 4905 3942 
1446 516 4236 1404 3078 1416 3348 3402 3954 2934 3360 2910 2544 3198 2022 2106 3348 2202 3300 4284 2298 1122 1794 3732 3120 1608 918 2100 4746 3318 2772 4278 1818 4260 3024 4710 5118 2382 3474 4662 1602 4542 2850 4290 2790 1500 2772 2922 2856 2034 2244 4716 2244 870 2520 2988 1794 4794 3660 1836 276 2820 3210 3672 2562 3264 3324 4734 4734 3900 780 1944 2892 1200 2310 2436 2616 540 3978 2646 1956 2208 4992 3678 294 3426 2088 606 4200 1512 2154 2286 4530 2388 4416 2028 2820 1800 3138 2934 4698 4452 4776 1590 4362 2976 2454 3492 3114 1368 3990 2724 2724 2388 1116 3948 1242 2016 3090 1488 2442 3270 696 3456 1944 2568 3420 4038 3840 4302 4212 3750 1776 714 1920 1710 1638 1782 2274 2430 2850 3090 2064 2784 3888 2244 3936 3600 1476 4338 3570 2130 738 936 3612 1782 1746 4404 2172 2262 1782 2976 498 2094 4188 1434 3294 1050 1878 1944 4116 3636 1194 4512 1350 3978 1590 4440 2658 4764 4458 2076 444 3930 3594 972 3798 2412 4812 2892 1152 3612 2142 4368 2106 3600 4764 2472 3990 1854 4854 2154 3864 2046 2274 3798 3474 4332 2220 2178 2946 1902 2652 2442 2844 1224 2490 2538 2442 684 
2970 3858 666 4002 1320 5130 1548 4110 3408 1494 1872 2628 2952 1314 2712 3966 1632 3864 2154 3660 2190 3264 3270 960 3594 3132 4800 2376 3660 1824 4638 2454 2574 108 4260 822 834 3768 4362 1854 4716 2826 1536 312 2082 4068 2610 1542 2106 5238 4614 954 2130 3780 3948 1668 2586 3972 2004 2658 4104 1962 1170 2070 3588 4326 3192 2790 744 480 4722 2526 2436 4668 3138 3612 1986 3972 1740 5106 2970 5256 3912 1950 4254 2748 5382 3762 1404 4830 4266 2538 3600 5556 210 3810 3666 3018 1440 2274 3648 672 516 3246 312 2106 4860 3516 1404 3120 3360 3450 4902 2148 4626 3810 3180 3330 2976 4446 2202 3564 4266 2706 3942 2154 4038 2502 606 564 2358 2508 2712 4446 3228 3378 4992 3798 2886 4740 2484 1722 2592 4542 3684 3636 1026 2760 4296 174 3822 4278 3882 4338 1506 2940 4356 2352 3906 3270 4254 1650 3876 3522 2940 3186 1830 4758 2712 2508 564 3144 3312 1602 3030 480 2784 708 4608 2616 4044 4296 4140 1218 984 3540 3408 2256 3450 1866 4212 3384 3294 1746 2526 1314 432 5238 672 3072 678 3132 1728 2340 2112 1182 3624 1296 2226 3426 1650 2856 3450 4176 3906 3432 2676 2244 3636 3696 
4088 4914 3395 6188 4200 4991 5089 1876 770 3542 2338 2142 6020 4508 5201 6685 5194 6664 2107 469 3493 4417 3290 3199 1827 5348 5026 4655 161 2436 3073 1309 3976 4137 2415 3479 4956 2723 2058 2191 4270 917 3724 4466 2758 6321 5838 3423 5306 4536 3549 3325 3934 5460 2688 4823 4354 462 1974 3696 5222 5061 4088 1897 2450 2240 1491 1092 5040 4116 5061 3675 2296 4599 2681 2597 3178 4753 2142 3759 3185 4389 483 2016 5047 1512 4690 4879 2534 4487 6972 3017 119 4648 4417 3122 2198 5397 4648 2380 112 4921 4711 3556 3815 2499 3626 1358 4536 4963 714 2226 3423 4732 4627 994 4235 5999 1792 4102 3164 1631 4683 1505 3276 3010 1792 1281 3675 4746 1421 1414 3738 4816 3136 5782 4578 3374 5719 3514 2310 5040 5061 2947 973 2821 3003 1337 3983 3969 1449 3339 5467 4522 2576 5264 3780 1449 3024 2737 6699 4774 5026 6258 770 3815 5397 4837 3521 3724 3521 1141 4130 2401 4326 3738 4242 3402 3143 1330 721 3402 4865 2772 4585 4312 952 3143 364 5005 4221 1176 2877 2163 3339 5047 4137 4109 4627 5537 4914 5901 2191 3892 4249 2863 1421 2688 3619 6230 3150 5278 2310 2933 2310 3983 5663 2940 2604 4956 
1848 2766 960 3144 636 3972 1368 3138 2646 348 1008 1608 2418 870 1920 3282 1458 3210 1260 2964 1032 2160 2106 504 2604 2262 3648 1476 3108 930 3546 1986 1464 1062 3216 1440 1992 2652 3384 1800 3546 2388 456 1212 972 3228 2166 378 1650 4074 3474 1470 1050 2796 2850 1188 1554 3372 1302 1506 3024 1446 510 1368 2502 3312 2268 2448 1758 780 3576 1380 1404 3504 2016 2508 822 2850 1278 3978 1806 4098 3390 1266 3138 1890 4218 2676 1212 3660 3576 1380 2988 4398 1278 2664 2616 2196 1002 1236 3084 1536 1656 2076 1080 1068 3726 2616 912 2142 2622 2388 3792 1362 3462 2994 2058 2628 2004 3282 1038 2604 3120 1860 2790 1002 3078 1914 570 1356 1878 1788 1566 3300 2070 2580 3828 2634 2250 3612 1440 1362 1788 3456 2868 2508 768 1956 3132 1086 2916 3138 2880 3180 810 2100 3198 1974 2772 2148 3480 1146 2796 2844 2334 2028 1644 3600 1554 1368 828 2316 2172 1554 1932 708 1698 1170 3504 2346 3330 3150 3018 870 960 2406 2598 1092 2976 1380 3048 2526 2154 1542 1356 1338 1500 4092 1122 2286 1782 2466 1188 1236 1134 720 2706 1260 1080 2778 504 2046 2382 3060 2856 2280 2106 1098 2532 2628 
1990 1780 3840 2880 3335 745 3815 1665 2460 2970 2785 2150 3585 3525 2990 3450 3850 3510 2610 2645 2415 1930 1465 3430 1710 2775 1040 2830 3075 2795 835 3155 2270 4100 1265 4175 4875 1165 1600 3725 415 3225 2985 4220 2460 2965 3680 2910 3570 260 445 4130 2610 2335 1105 3495 2465 2995 2895 2090 1835 3470 3390 2870 1375 1430 2080 3415 4670 3860 1140 2190 2255 745 1600 1300 2530 1540 3220 495 1710 200 3210 2930 1535 2375 370 1830 3525 490 3525 2060 2895 445 4285 1020 1470 2915 3535 2375 3035 4460 4600 1535 4060 2495 425 2035 3480 2455 2520 1555 650 3065 815 2280 1895 3240 2045 590 2350 1840 1210 2415 905 2380 1715 2940 3670 4315 3140 2720 2055 1150 1485 2980 430 1015 3325 485 2215 3640 2970 905 2285 1215 3505 2490 685 4095 1945 665 2250 1000 3100 2860 555 3300 980 1490 3220 3470 1860 3355 2870 1680 3880 895 1990 2220 3805 2330 1715 3695 2075 3780 2235 3980 755 3510 2645 635 1475 3415 3815 1615 2335 2305 3220 3495 910 2195 1450 3515 2110 3965 4415 310 4080 3000 4705 3300 3150 2425 2780 3355 1970 3670 2420 3400 2805 2940 1510 900 1340 1530 3445 2305 1285 1960 
2430 2022 4818 3294 4110 552 4638 2370 3312 3708 3588 2844 4242 4326 3564 3990 4674 4074 3390 3540 3024 2304 1914 4314 2400 3264 990 3420 4056 3588 1386 4098 2796 5088 1896 5238 6018 1704 2304 4758 480 4206 3714 5214 3156 3390 4386 3648 4296 138 894 5190 3222 2670 1662 4254 2994 3972 3744 2604 2046 4194 4188 3720 1962 2100 2826 4434 5742 4782 1128 2730 2958 726 2160 1860 3204 1740 4134 948 2220 336 4224 3780 1680 3156 210 2094 4482 426 4050 2652 3840 498 5298 1476 2100 3444 4320 3090 4008 5484 5682 1956 5064 3222 900 2796 4266 2898 3378 2178 1164 3714 804 3108 2286 3792 2760 744 2982 2562 1320 3204 1326 3036 2430 3840 4584 5316 4074 3570 2556 1212 1968 3480 264 1410 3942 966 2904 4416 3552 1470 3108 1728 4422 3300 894 5094 2700 1110 2556 1092 3954 3384 852 4272 1464 2034 3684 4230 2112 3912 3780 2088 4692 840 2502 2766 4764 3138 2076 4704 2502 4716 2712 4992 1290 4542 3552 1062 1632 4332 4686 1920 3156 2928 4224 4236 1068 2982 1968 4494 2670 4836 5490 660 5022 3534 5796 3888 4044 2994 3402 4248 2724 4656 3024 3978 3540 3486 2118 1428 1962 1872 4104 2952 1848 2250 
2150 2210 3530 3335 3270 1500 3830 935 1795 2835 2435 1775 3840 3485 3210 3875 3880 3915 2220 1940 2350 2190 1445 3155 1115 3070 1710 2960 2365 2460 90 2600 2350 3880 555 3825 4645 820 840 3235 1035 2610 2885 4035 2220 3430 3875 2760 3680 1020 435 3755 2620 2765 660 3525 2600 2260 2465 2125 2330 3555 3290 2430 955 685 1515 2805 4495 3680 1790 2205 1920 1380 1355 940 2380 1985 2790 405 1640 885 2480 2505 2065 1865 1110 2235 3120 1180 3985 1920 2190 1050 4075 895 940 3190 3520 2060 2325 4315 4380 1605 3785 2195 345 1390 3455 2735 1860 1095 170 3165 1435 1565 2110 3570 1565 1065 2215 1220 1725 1910 860 2205 995 2395 3445 4165 2605 2205 2105 1725 1410 3325 1170 1045 3580 305 1880 3685 3160 185 1585 955 3185 1955 1075 3845 1245 575 2700 1525 2760 3120 850 2755 770 1250 3700 3495 2300 3710 2255 1815 3945 1555 1990 2245 3525 1730 1935 3240 2280 3545 2385 3650 120 2920 1900 605 1970 3070 3735 1910 1680 2170 2530 3565 1350 1560 1265 3050 2045 3945 4130 660 3955 3285 4500 3595 2735 2455 2830 3030 1310 3270 2390 3745 2610 3185 1080 485 750 1740 3660 2125 920 2355 
1960 1127 5145 2492 3990 812 4445 3423 4242 3682 3920 3234 3717 4186 3010 3304 4466 3416 3780 4599 2877 1673 1904 4543 3199 2590 231 2975 5173 3892 2527 4837 2422 5292 2926 5684 6342 2303 3458 5418 1071 5075 3626 5376 3297 2604 3948 3640 3948 1519 1890 5663 2954 1806 2401 4011 2527 5173 4214 2324 1057 3871 4123 4207 2562 3206 3549 5327 5943 4893 84 2471 3269 581 2443 2415 3192 847 4627 2289 2191 1729 5425 4249 644 3766 1582 1232 4956 931 3367 2674 4907 1932 5509 1890 2835 2807 4144 3367 5110 5621 5943 1764 5348 3458 2093 3661 4102 2219 4298 2786 2422 3325 497 4151 1729 3143 3332 1022 2954 3388 448 3815 1750 3073 3458 4536 4753 5439 4774 4200 2254 238 2037 2779 1057 1638 3388 2086 3213 4165 3031 2569 4109 2191 4739 3962 1078 5355 3689 1841 1659 490 4277 2765 1358 5005 2016 2338 2933 3983 1197 3255 4620 1729 4445 371 2296 2492 5033 3920 1554 5285 1946 4914 2233 5369 2394 5397 4739 1771 665 4690 4634 1288 4053 2905 5292 3941 784 3836 2212 5082 2548 4718 5845 2051 5075 2898 6055 3283 4501 2695 3073 4557 3619 5131 2828 3346 3605 2898 2702 2247 2800 1435 3605 3010 2408 1400 
1455 785 3755 1675 2895 685 3190 2615 3190 2700 2915 2445 2605 3020 2130 2260 3195 2340 2825 3445 2135 1230 1490 3330 2450 1810 275 2135 3855 2890 1980 3590 1785 3845 2265 4145 4585 1810 2640 3990 930 3775 2655 3895 2460 1750 2785 2675 2810 1220 1520 4135 2160 1220 1885 2880 1835 3860 3135 1735 690 2765 2990 3135 1990 2460 2690 3945 4285 3555 170 1840 2465 585 1890 1885 2370 630 3425 1800 1685 1380 4040 3155 425 2835 1255 870 3645 820 2290 2015 3665 1510 3990 1515 2190 1965 2985 2525 3815 4055 4300 1375 3895 2585 1665 2780 2960 1570 3230 2150 1900 2385 525 3135 1285 2180 2530 905 2205 2585 425 2870 1415 2295 2640 3380 3465 3925 3545 3140 1685 300 1585 1920 900 1330 2375 1660 2425 2980 2155 2010 3100 1725 3480 2980 940 3890 2800 1490 1110 510 3160 1945 1145 3710 1605 1820 1980 2865 820 2250 3450 1325 3175 420 1725 1850 3675 2955 1180 3885 1425 3580 1635 3925 1885 3995 3550 1440 485 3450 3350 985 3055 2170 3935 2820 725 2900 1725 3750 1915 3390 4245 1620 3665 2025 4370 2285 3330 1980 2230 3350 2750 3770 2090 2315 2660 2040 2090 1775 2165 1115 2540 2255 1880 975 
1287 243 5472 2259 3825 2349 4356 4446 5121 3528 4131 3483 3492 4050 2520 3240 4374 3339 4041 5643 2547 828 1863 4716 3933 2025 1656 2457 6309 4068 3717 5526 1863 5562 3951 6183 6876 2907 4599 6084 2259 5940 3429 5634 3276 2430 3735 3510 3708 3051 3006 6183 2529 1233 3150 3798 1908 6408 4590 1854 612 3609 4014 4599 3123 4302 4176 6219 6327 5031 1476 2025 3438 1782 2646 2943 3015 270 5058 3726 2052 3258 6687 4617 648 4275 3186 288 5391 2232 3429 2520 5985 3609 5814 2403 3519 2295 3978 3501 6237 5913 6363 1521 5679 3555 3375 4473 3933 1503 5175 3330 3744 2907 1665 5175 972 2826 3798 1962 2754 4158 900 4320 2322 2943 4455 5166 4905 5679 5418 4743 1764 1125 2052 2358 2475 2025 3042 3303 3375 3987 2538 3708 5067 2655 5013 4536 1854 5661 4635 2718 1116 1224 4509 2223 2232 5706 2637 2592 2925 3771 405 3033 5418 1251 4347 1719 1908 2025 5301 4626 882 5859 1179 5112 1557 5778 3546 6255 5940 2655 513 4995 4635 558 4896 2709 6381 3699 1377 4617 2412 5643 2250 4707 6300 3564 5211 2430 6489 2952 4887 2214 2628 4797 4464 5598 2448 3114 3519 2385 3222 3114 3609 972 3303 2898 2952 522 
4086 5076 4122 6777 4653 5175 5814 1413 279 3762 2349 1683 6750 5067 5652 7479 5940 7470 1953 801 3483 4482 2979 3663 1107 5769 5193 4968 1476 2457 2853 1782 4014 4986 2016 4437 6219 2241 1755 3024 4248 1692 3978 5373 2628 6948 6579 3609 5949 4644 3375 4266 4068 5814 2223 5400 4518 1575 2052 3618 5463 5652 4563 1953 1881 1881 675 2034 6174 4824 5238 3627 1944 4644 2205 2070 3159 4842 2511 3744 2889 4482 1836 2133 5220 1008 4851 5031 3114 4527 7821 2772 1143 4851 5355 2745 1575 5859 5220 2124 1404 5949 5823 3339 4653 2331 3528 513 5076 5238 360 1584 3321 5139 4680 648 4248 6633 1116 4014 3060 864 4752 1053 2952 2880 1287 1476 4284 5697 1836 1314 3663 4914 2790 6327 4653 3060 6345 3366 1935 5688 5481 2682 459 2349 3519 927 3852 4824 828 3060 5805 4536 2826 5688 3609 2061 2628 2259 7443 5328 5220 6966 1053 3690 6165 4959 3375 3690 4212 369 4086 3150 4392 4410 4320 4230 2925 2259 1224 3141 4986 3240 5283 4302 54 3015 1647 5598 4158 234 2430 2799 3186 5832 5184 4167 5463 6039 6075 6534 2493 3951 4491 3285 648 3366 3636 6939 3249 5724 1692 2565 1764 3879 6309 2772 2079 5148 
2226 2590 3423 1813 1785 4515 1344 5250 5159 2275 3451 3682 329 1631 749 1540 1274 1400 3640 5579 2289 2233 3234 3059 4662 1134 3948 1148 5894 3360 5173 4725 1995 3003 5089 3920 3668 4228 5474 4599 4389 5180 2079 2842 2982 1841 224 2373 658 5026 4781 4018 1827 2009 4480 1190 1610 6132 3871 2331 2702 847 1974 3934 4221 5306 4515 5292 3108 2604 3801 2261 3486 4067 3605 4144 2562 2898 3962 5390 3038 5166 6223 3850 3087 4256 5152 2492 3913 4396 1883 2891 5705 5467 3031 3990 4487 910 1463 3367 5852 2800 3332 2989 3311 3241 5089 4893 1540 1512 5159 4235 5313 1001 3976 5432 2303 868 4151 4109 2611 4760 3388 4249 4032 2751 5215 4571 2835 2702 4606 4340 2331 3563 3325 1099 4592 3773 371 4998 3486 1106 812 5117 5306 4004 3374 4410 3983 3192 5173 4445 2170 3626 3402 952 4228 4753 4179 3682 1946 1225 2520 1029 5005 2695 1085 4025 2541 2205 3213 4725 2555 4312 2051 2926 1897 3647 5068 5201 5950 4417 3059 3514 1960 2674 5040 2646 5796 952 3675 4886 3598 4298 2583 1666 3619 5348 2380 847 3332 623 3843 1946 1498 3339 4956 3955 2170 910 2625 826 4179 4599 4697 2828 112 2835 4158 2317 
4420 5850 1490 5970 1570 8090 1860 6770 5770 2060 3080 4240 4200 1490 3820 5900 2010 5720 3540 6240 3200 4880 5070 1610 5890 4540 7500 3300 6330 2970 7510 4330 3760 560 6950 1990 1830 6030 7180 3510 7450 4980 2060 450 3220 6080 3630 2180 2790 8350 7380 2180 3000 5650 6350 2060 3710 6820 3420 3950 6240 2550 1350 3530 5770 7090 5270 4970 1330 310 7350 3730 3900 7320 4960 5780 2950 6070 3100 8230 4570 8400 6770 3340 6530 4580 8580 5690 2640 7620 6390 3890 6190 8900 660 6040 5940 4330 1690 3620 6300 960 1260 4980 1080 3340 7800 5840 1640 4550 5700 5570 7920 2900 7240 6400 4760 4840 4860 7000 3300 5870 6600 4520 6240 3270 6660 4340 920 670 4160 4270 4040 6900 5030 4930 7900 5970 4100 7610 3970 2150 3630 7360 6180 5780 1880 4640 6760 870 6350 6820 5830 6750 2540 4210 6890 4210 6220 5180 6380 2040 5870 5150 5080 4830 2350 7440 4080 3690 1220 5270 5010 3070 4490 830 4070 1700 7440 4720 6870 6840 6360 2210 920 5380 5730 3390 6020 2390 6570 5650 5190 3250 3790 1500 1440 8410 490 4420 1420 4510 3030 3370 2910 2070 6000 2530 3230 4990 2440 4060 5560 6700 6340 5240 3740 3430 5820 5560 
4365 5454 3780 7065 4581 5733 5733 2016 441 3717 2196 1863 6858 4986 5796 7704 5868 7677 1854 747 3600 4797 3384 3420 1683 5976 5715 5094 1107 2313 3465 1251 4221 4689 2628 4014 5850 2781 2340 2502 4806 1080 3942 5103 2673 7227 6642 3564 5967 5238 3969 3834 4176 6138 2799 5364 4707 1377 1791 3852 5859 5661 4455 1692 2412 2484 1107 1422 5868 4599 5733 3825 2052 5175 2601 2592 3213 5265 2142 4356 3213 5076 1521 1863 5661 1053 5445 5400 2709 5085 8064 2979 828 5454 5058 3267 2142 6048 5157 2178 1044 5688 5490 3708 4320 2340 4131 1116 5013 5481 333 2097 3933 5211 5202 1071 4563 6813 1431 4554 3177 1449 5220 1044 3483 2979 1890 1017 4041 5445 1341 1026 3906 5400 3186 6534 5229 3564 6471 3969 2079 5652 5616 3294 909 2862 3213 828 4383 4500 1431 3636 6147 5031 2583 5868 4158 1512 3177 2691 7713 5301 5598 7146 459 4032 6120 5481 3627 3888 3906 621 4437 2673 4662 4140 4554 3843 3528 1656 1314 3717 5418 2925 5139 4680 603 3150 1143 5589 4653 819 2862 2331 3393 5715 4806 4770 5247 6219 5742 6696 2160 4104 4581 3006 1260 2952 3762 7119 3204 5895 2205 3150 2358 4266 6399 2889 2610 5499 
3768 4768 2176 4488 1512 6752 984 6176 5496 2208 3312 4128 2824 1208 2824 4240 1040 4080 3664 5896 3000 4056 4520 2208 5464 3432 6208 2608 6008 3216 6616 4424 3256 1360 6248 2520 1720 5424 6496 3792 6336 4952 2112 1000 3256 4544 2336 2336 1784 7080 6424 2688 2680 4424 5696 1416 3080 6392 3640 3504 5032 1704 1464 3728 5264 6392 5024 4952 1072 1184 6072 3344 3856 6152 4568 5248 2928 5008 3432 7120 4152 7160 6368 3576 5344 4504 7256 4640 3096 6440 4632 3664 5880 7544 1200 5360 5448 3224 1240 3640 5984 736 1384 4384 1808 3416 6776 5488 1296 3592 5448 5136 6912 2216 6072 5976 4008 3464 4664 5984 3184 5472 5488 4464 5496 3208 6096 4408 1680 712 4280 4312 3568 5728 4528 3632 6672 5248 2856 6632 3896 1320 2712 6512 5808 5208 2472 4584 5792 1616 5880 5976 4584 5664 2936 3168 5952 4336 5528 4728 4712 1432 4752 3672 4992 4192 1248 6208 3664 3296 1960 5072 4256 3448 3752 1648 3424 2320 6544 4760 6392 5984 5232 2728 760 4520 5448 3256 5776 1584 5576 5352 4712 3584 3496 616 1912 7224 592 3248 1336 3184 3360 2984 2464 2600 5608 3008 2968 3528 2616 3024 5120 5952 5760 4488 2528 3344 5272 4496 
3762 4770 2907 4302 1485 7092 450 6858 6255 2376 3807 4581 2403 1071 2484 3996 441 3816 4176 6741 3078 4032 4752 2745 6048 3168 6453 2340 6957 3690 7200 5220 3222 2106 6858 3402 2700 5868 7200 4680 6696 5832 2196 1782 3573 4356 1854 2529 1260 7542 6903 3573 2619 4302 6183 1026 2934 7353 4248 3555 5040 1224 1557 4338 5724 7056 5634 5877 1980 1737 6282 3384 4275 6435 4923 5688 3123 5076 4122 7695 4365 7650 7371 4185 5427 5103 7731 4626 3834 6786 4437 3888 6777 8082 2016 5724 5976 2916 972 4050 6921 1593 2313 4554 2583 3807 7308 6156 1098 3402 6219 5625 7497 1890 6345 6759 4005 3132 5202 6300 3366 6093 5652 5067 5859 3447 6777 5148 2223 1512 5067 4977 3609 5913 4788 3348 7047 5562 2457 7146 4311 819 2376 7083 6570 5598 3105 5229 6102 2394 6588 6408 4491 5877 3483 2871 6318 5166 5931 5085 4536 1062 4734 3357 5796 4293 630 6471 3771 3321 2646 5751 4302 4284 3699 2259 3348 3132 7101 5679 7290 6408 5319 3366 918 4581 6174 3447 6732 1116 5814 6039 5040 4383 3627 297 2817 7767 1197 2925 2277 2817 4014 2952 2304 3186 6282 3789 3015 3195 2880 2700 5589 6444 6309 4599 2088 3591 5715 4446 
1320 2244 1470 2730 726 3444 1476 2856 2538 186 1008 1344 2208 996 1590 2952 1554 2898 1176 2880 504 1638 1614 972 2316 1866 3120 1110 3114 930 3138 2100 942 1578 2868 1944 2502 2244 3084 2112 3042 2490 246 1692 672 2826 2022 156 1560 3576 3018 1962 570 2316 2448 1176 1080 3336 1368 972 2508 1356 720 1416 2124 2988 2058 2592 2226 1260 3048 846 1146 2982 1602 2106 372 2316 1494 3534 1320 3612 3396 1350 2610 1752 3720 2154 1554 3150 3234 924 2958 3906 1782 2208 2274 1836 1080 1008 3078 1980 2160 1560 1614 864 3276 2406 990 1686 2520 2040 3366 1098 2940 2832 1530 2304 1758 2772 564 2352 2586 1740 2322 582 2802 1968 1098 1806 1998 1776 1032 2766 1596 2208 3312 2154 1986 3162 1164 1374 1458 3054 2706 2082 1200 1866 2622 1614 2682 2676 2394 2652 1020 1728 2706 2136 2328 1722 3096 1134 2280 2532 2340 1500 1692 3072 1026 834 1350 2178 1638 1902 1416 1236 1188 1674 3084 2526 3228 2688 2484 1236 1254 1872 2460 618 3018 1314 2526 2352 1710 1830 846 1542 2034 3624 1530 1932 2274 2172 1380 720 738 1092 2484 1650 546 2484 300 1692 2022 2640 2502 1746 1890 684 2130 2118 
1314 1470 3126 978 1722 3114 1668 4014 4092 1926 2820 2826 768 1710 312 1104 1644 1062 2916 4458 1662 1236 2208 2718 3546 210 2628 738 4794 2748 3816 3912 1254 2916 3810 3594 3624 3066 4182 3966 3042 4284 1776 2844 2316 1044 954 1980 1098 3582 3438 3648 1320 966 3276 1386 918 4956 3186 1530 1554 1134 1890 3222 3102 4014 3498 4410 3174 2550 2502 1512 2682 2748 2604 3018 1974 1734 3348 3948 2100 3714 5070 3174 1884 3354 3684 1380 3396 3042 1380 2088 4608 3960 2994 2820 3348 30 1596 2622 4752 2898 3306 1968 3120 2550 3702 3792 1620 582 4104 3150 3912 876 2670 4272 1326 486 3186 2820 1944 3648 2154 3360 2832 2082 3990 3744 2640 2784 3816 3504 1512 2304 2304 360 3204 2610 468 3630 2670 1416 432 3780 4170 2874 2982 3504 2718 3048 4002 3168 1104 2376 2874 138 2940 3972 2982 2646 1266 1392 1404 708 4062 1704 1542 2700 1704 1470 2964 3726 1536 3744 1134 2748 1080 3336 3720 4362 4746 3144 1866 3066 2076 1596 3972 1962 4752 1224 2436 3816 2556 3684 1806 1950 3456 3888 2472 90 3336 456 3234 1320 1110 2910 3834 3468 1554 690 2148 168 3096 3342 3498 1770 666 2130 3030 1230 
1848 608 5536 1640 3952 2128 4264 4648 5320 3792 4432 3880 3152 4096 2480 2568 4264 2696 4368 5776 2968 1400 2424 4872 4232 1920 1456 2616 6376 4368 3856 5688 2312 5536 4160 6176 6664 3280 4752 6160 2344 6056 3672 5560 3664 1768 3472 3784 3592 2936 3168 6192 2864 920 3472 3800 2240 6456 4848 2376 240 3560 4128 4864 3496 4480 4480 6312 6136 5056 1272 2512 3840 1816 3120 3336 3408 768 5248 3728 2608 3168 6704 4864 552 4584 3016 712 5528 2232 2648 3016 6088 3416 5736 2816 3848 2168 4000 3880 6312 5760 6216 2136 5688 3920 3456 4720 3984 1624 5368 3704 3816 3000 1704 5344 1576 2448 4152 2168 3184 4440 1096 4616 2712 3360 4664 5376 4992 5568 5592 4992 2296 1152 2600 2040 2408 2480 2800 3416 3784 3928 2544 3872 5256 3080 5160 4816 2136 5656 4848 2984 744 1432 4744 2160 2488 5848 3008 3064 2152 3784 536 2544 5600 1896 4184 1632 2448 2504 5368 4888 1552 5952 1680 5168 1992 5816 3704 6344 6024 2920 712 5160 4624 1280 5120 3144 6448 3664 1696 4872 2904 5768 2744 4608 6216 3504 5152 2240 6304 2632 5096 2616 2880 4976 4712 5704 2864 2656 3832 2312 3608 3392 3896 1640 3088 3328 3336 760 
1904 2583 2674 2275 1029 4431 812 4704 4494 1533 2730 3045 1085 903 798 2198 798 2086 2933 4907 1680 2044 2814 2296 4095 1323 3906 735 5194 2632 4767 3990 1554 2310 4606 3192 3087 3773 4949 3836 4186 4452 1337 2198 2303 2331 798 1638 308 4837 4445 3276 1225 2198 4025 490 1239 5453 3143 1869 2779 189 1218 3206 3724 4795 3892 4550 2562 1897 3773 1764 2835 3934 3087 3661 1890 2835 3206 5068 2562 4949 5523 3115 3094 3584 4977 2471 3150 4235 2548 2317 5012 5271 2380 3584 3962 1141 749 2695 5152 2233 2723 2611 2590 2555 4767 4277 805 1498 4487 3696 4956 413 3857 4802 2058 1449 3528 3885 1988 4172 3297 3570 3661 2107 4662 3850 2086 2107 3864 3633 1890 3493 2877 1526 4438 3409 938 4655 2842 518 700 4697 4669 3549 2611 3724 3738 2492 4578 4088 2345 3493 2653 1092 3941 4004 3766 3192 2534 504 2548 1673 4291 2359 756 3941 2065 1708 2471 4067 2303 3549 1806 2191 1568 2905 4676 4452 5299 4074 3024 2758 1302 2492 4389 2030 5082 287 3479 4249 3122 3542 2044 1134 2940 5075 1750 1176 2751 1225 3094 1421 903 2583 4354 3192 1582 1575 1897 966 3654 4179 4193 2555 721 2205 3682 2324 
4576 5776 1064 6016 2432 7400 2712 5752 4696 2584 2824 3872 4600 2432 4296 5968 2824 5824 3184 4984 3496 4976 4880 1688 5104 4848 6984 3840 4880 2776 6576 3304 4056 824 6024 824 880 5440 6088 2344 6808 3752 2664 1000 3232 6104 4136 2624 3480 7488 6600 1016 3472 5704 5664 2904 4096 5312 2888 4128 6112 3288 2224 2968 5184 6080 4520 3648 1176 1312 6888 3960 3640 6784 4632 5232 3176 5912 2456 7232 4472 7496 5192 2816 6296 3912 7680 5656 1928 6976 6368 3896 4840 7896 784 5544 5240 4704 2600 3424 4872 1296 712 4872 680 3208 6912 4936 2552 4824 4624 4968 6944 3544 6728 5248 4856 5120 4280 6456 3464 5032 6280 3856 5728 3384 5656 3432 1360 1256 3184 3512 4208 6520 4808 5184 7184 5552 4528 6760 3704 2968 4136 6440 5088 5288 1624 3888 6256 680 5336 6160 5840 6360 2304 4600 6312 3128 5656 4808 6352 2880 5808 5368 4000 4824 3088 6912 4184 3944 1088 4392 5016 2048 4672 1176 4344 928 6544 3400 5480 6192 6136 1832 1984 5328 4720 3536 4576 3160 6168 4728 4856 2312 3912 2384 112 7440 1528 4776 928 4856 2472 3744 3472 1864 5080 1720 3560 5248 2712 4488 4984 5984 5568 5160 4240 3488 5256 5568 
790 430 2970 765 1920 1795 2085 2905 3175 1885 2405 2180 1435 1995 970 1275 2080 1325 2405 3470 1430 535 1395 2575 2580 635 1385 1065 3815 2355 2575 3255 1000 2925 2665 3375 3610 2060 3010 3465 1790 3520 1795 2925 1930 860 1610 1895 1665 2220 2200 3395 1295 205 2210 1795 875 3900 2690 1115 485 1645 2040 2705 2150 2850 2650 3660 3270 2620 1275 1170 2115 1510 1810 2055 1715 665 2905 2600 1420 2340 4035 2695 760 2635 2290 375 3035 1765 1405 1580 3640 2530 3040 1800 2365 795 1930 2115 3775 3035 3330 1190 3040 2110 2405 2850 1925 440 3195 2240 2605 1300 1445 3250 665 1040 2415 1625 1610 2690 1015 2650 1775 1725 2905 3075 2610 2920 3190 2850 1070 1120 1500 780 1895 1600 1200 2360 2090 1875 1010 2560 3180 1910 2765 2775 1560 3010 2970 2020 230 1210 2555 775 1770 3335 1935 1810 1140 1790 360 1150 3270 975 2035 1450 1205 1155 2860 2880 765 3310 635 2720 785 3145 2485 3655 3670 1985 760 2785 2325 700 3055 1595 3825 1705 1300 2910 1715 3220 1370 2300 3360 2515 2655 850 3380 1125 2805 1165 1260 2665 2860 3130 1350 1200 1955 870 2180 2220 2445 915 1370 1730 2065 245 
1075 360 3355 870 2335 1495 2510 2960 3335 2265 2705 2400 1795 2415 1385 1450 2505 1525 2685 3625 1770 795 1520 2945 2680 1025 1075 1485 3990 2665 2505 3520 1350 3335 2670 3755 4025 2100 3035 3785 1595 3760 2185 3340 2230 950 1995 2265 2080 1985 2090 3770 1675 400 2230 2220 1275 4050 2975 1410 180 2065 2450 2990 2225 2865 2810 3915 3695 3030 960 1490 2365 1275 1955 2125 2045 535 3220 2455 1610 2125 4200 2990 475 2850 2040 390 3375 1540 1510 1840 3810 2290 3450 1815 2445 1185 2355 2380 3950 3460 3750 1330 3435 2395 2280 2975 2345 860 3365 2345 2495 1725 1205 3365 915 1355 2595 1470 1920 2800 805 2870 1765 2030 2965 3330 3005 3340 3460 3095 1365 865 1630 1100 1655 1610 1575 2250 2330 2295 1430 2510 3310 1965 3130 2990 1440 3410 3065 1955 285 1015 2890 1180 1660 3615 1945 1930 1205 2210 280 1420 3485 1155 2455 1175 1475 1480 3245 3060 935 3645 960 3115 1140 3530 2415 3925 3790 1920 545 3140 2745 790 3210 1900 4025 2130 1165 3060 1835 3540 1655 2725 3765 2325 3075 1225 3800 1470 3120 1530 1670 3025 2970 3480 1700 1485 2310 1280 2280 2195 2490 1025 1755 2020 2130 375 
2030 3470 2840 4000 900 5730 1970 5270 4860 730 2350 2820 3010 1270 2010 4290 2080 4190 2630 5440 1000 2490 2880 2080 4380 2530 5110 1230 5850 2220 5570 4180 1360 2770 5210 3640 4230 4090 5640 4140 5150 4820 490 2850 1730 4140 2700 840 1960 6080 5270 3690 610 3420 4450 1400 1370 6220 2960 1610 3880 1620 1050 3040 3950 5450 4020 4990 3660 2170 4960 1400 2500 4960 3050 3900 1140 3670 3140 6150 2430 6170 6330 2920 4140 3550 6300 3310 3180 5300 4770 1900 5590 6650 3040 3950 4250 2440 1330 2290 5790 3210 3660 2700 2950 2080 5710 4590 1200 2330 4840 3860 5910 1150 4870 5320 2360 3200 3510 4710 1350 4460 4200 3540 4110 1480 5190 3950 2100 2940 4010 3620 1690 4510 2900 3070 5580 3790 2640 5540 2520 1730 1780 5450 5120 3800 2510 3750 4470 2900 5030 4720 3570 4370 2340 2270 4660 4230 4170 3230 4570 1330 3500 3570 4570 2480 2270 5060 1800 1340 2600 4250 2620 3760 2090 2310 1680 3190 5470 4880 6010 4720 3960 2630 1850 2980 4720 1430 5700 1570 4220 4520 3180 3670 1610 2180 3610 6250 2430 2600 3810 2970 2950 980 640 2380 4700 3310 940 3480 1170 2200 3810 4730 4610 2870 2480 1630 3930 3200 
2336 3096 3056 2688 1200 5216 816 5512 5248 1832 3208 3600 1224 1016 1024 2552 784 2416 3456 5712 2056 2496 3376 2656 4816 1632 4616 1000 6032 3096 5600 4632 1928 2600 5408 3632 3448 4456 5792 4424 4944 5160 1608 2448 2744 2752 848 1952 208 5688 5240 3744 1544 2640 4744 512 1576 6328 3672 2288 3312 120 1408 3744 4400 5624 4568 5272 2832 2136 4464 2168 3352 4656 3672 4328 2272 3392 3728 5952 3080 5816 6408 3640 3680 4208 5848 2968 3640 5000 2952 2784 5824 6184 2656 4248 4664 1416 824 3192 5984 2464 3040 3136 2936 3024 5600 5016 904 1856 5240 4368 5816 624 4568 5608 2504 1712 4152 4600 2392 4896 3920 4192 4336 2528 5456 4480 2384 2328 4488 4240 2312 4144 3440 1832 5224 4056 1112 5480 3368 480 936 5520 5456 4208 3016 4360 4432 2816 5360 4824 2808 4152 3096 1368 4664 4640 4456 3792 2960 552 3056 1952 5000 2848 712 4656 2504 2104 2824 4760 2792 4088 2224 2496 1944 3312 5496 5152 6168 4808 3600 3184 1424 3000 5136 2448 5896 248 4136 4976 3712 4088 2480 1184 3312 5960 1936 1440 3064 1440 3600 1768 1176 2992 5104 3680 1944 1832 2264 1216 4312 4928 4936 3080 832 2640 4352 2800 
3680 4912 144 5352 1784 6432 2424 4776 3800 1688 1824 2864 4168 1928 3664 5448 2544 5328 2184 4128 2568 4104 3888 680 4112 4176 6040 3128 4120 1768 5568 2512 3176 728 5024 712 1768 4432 5112 1768 5816 3016 1816 1120 2232 5456 3760 1704 3056 6488 5592 800 2624 4936 4656 2424 3288 4536 1936 3200 5256 2824 1568 2024 4168 5088 3544 2976 1752 896 5952 3040 2624 5808 3616 4216 2208 5008 1568 6224 3488 6488 4456 1872 5400 2952 6680 4792 1112 5984 5840 2904 4040 6888 1040 4536 4240 4064 2120 2408 4104 1632 1408 3904 368 2200 5904 3976 2032 4064 3736 3960 5936 2904 5768 4336 3960 4568 3288 5464 2496 4056 5344 2888 4720 2392 4680 2576 552 1448 2384 2600 3280 5584 3808 4560 6200 4552 4016 5744 2688 2568 3496 5432 4168 4272 632 2952 5264 528 4384 5144 5056 5400 1304 3944 5312 2384 4640 3800 5760 2384 4952 4848 3168 3880 2824 5960 3232 3024 120 3456 4096 1416 3800 448 3488 368 5536 2752 4632 5176 5232 880 1656 4408 3800 2560 3848 2704 5200 3784 3848 1584 2952 2192 904 6432 1440 4160 1632 4328 1552 2872 2704 864 4112 984 2648 4736 1744 3848 3976 4968 4560 4216 3768 2496 4248 4728 
1024 552 4704 2328 3344 2000 3896 3616 4224 3008 3432 2800 3288 3568 2368 3176 3928 3248 3328 4680 2104 720 1328 4024 3160 1992 1440 2224 5280 3384 2992 4624 1552 4840 3176 5328 6032 2240 3752 5168 1800 4976 2936 4928 2680 2480 3472 2968 3376 2520 2384 5320 2160 1400 2464 3392 1688 5368 3816 1472 872 3264 3488 3824 2432 3488 3384 5240 5576 4384 1320 1632 2776 1440 2024 2272 2496 360 4256 3040 1528 2688 5616 3848 760 3496 2664 560 4576 1808 3360 1992 4992 3024 5080 1800 2784 2224 3528 2848 5216 5208 5576 1048 4920 2912 2728 3640 3472 1488 4280 2624 3040 2624 1344 4264 760 2752 3056 1496 2240 3360 720 3536 1736 2392 3624 4304 4232 4992 4536 3920 1392 960 1504 2344 2032 1464 2880 2648 2720 3576 2360 2976 4168 2024 4272 3728 1384 4912 3776 2104 1320 936 3792 2136 1704 4792 2008 1968 2920 3360 696 2944 4512 856 3920 1448 1472 1648 4568 3792 576 4976 1016 4416 1336 4976 2848 5280 4944 2048 560 4240 4088 264 4024 2192 5352 3328 984 3776 1816 4776 1776 4192 5480 2928 4584 2352 5696 2840 4104 1864 2304 4072 3632 4768 2032 3016 2952 2272 2528 2440 2872 560 3088 2344 2280 744 
2485 3549 1393 4410 1918 4494 2793 2716 1939 1302 217 1099 3878 2212 3157 4739 2905 4683 462 2282 1575 2884 2254 980 2135 3437 4256 2597 2429 259 3451 1148 2170 2009 2947 1771 3017 2499 3010 1302 3871 1610 1491 2310 875 4529 3640 1197 3066 4410 3549 1687 1911 3829 2674 2555 2457 2737 315 2023 3878 2821 1799 392 2247 2989 1638 1722 2933 1883 4214 1925 938 3969 1862 2310 1176 3535 504 4060 1946 4382 2751 280 3885 1120 4585 3465 840 4053 5061 1477 2289 4718 2303 2667 2268 3423 2359 784 2394 2751 2681 2366 1785 672 3794 2023 2254 3157 1897 2044 3787 2583 3948 2380 2716 3990 1414 3591 1309 2079 3703 1078 2842 1148 2632 1029 1456 2562 1029 896 2086 3899 2149 3850 4221 2751 3626 3654 1001 2765 3003 3332 2233 2401 903 1148 3423 1904 2373 3171 3892 3682 322 3290 3395 1183 2723 2016 4865 2506 3626 4256 1519 2471 3108 4144 1946 1946 1428 1589 2737 1141 2674 1561 2478 1533 3437 1638 2716 3213 3710 721 2296 3003 1911 1337 2275 2758 3451 1862 2093 959 1680 2751 2240 4277 2387 3549 2870 3843 371 1974 2163 700 2142 1036 1694 4200 952 3269 2065 2961 2548 2744 3507 1169 2331 3472 
1404 1902 2928 3126 2538 2100 3222 1296 1692 2004 1650 900 3408 2796 2634 3672 3288 3690 1446 2028 1440 1590 534 2448 882 2580 2010 2268 2490 1662 1302 2208 1530 3288 1116 3324 4218 408 1458 2820 1524 2388 2070 3468 1296 3246 3390 1920 3096 1956 1236 3264 1788 2454 624 2868 1866 2538 1794 1248 2148 2928 2556 1776 378 1302 1080 2604 4014 3036 2016 1320 1020 1686 240 306 1464 1728 2190 1722 636 1932 2730 1836 1974 1278 2106 1884 2538 1692 3870 912 2268 2220 3522 462 636 2688 2844 1164 2442 3786 3894 786 3210 1308 1476 1236 2766 2190 1740 474 1536 2484 1692 1704 1452 3192 888 1302 1266 1026 1662 1320 618 1254 1284 1950 2772 3612 2172 1668 1242 1788 420 2934 1818 588 3102 1356 966 3060 2556 1224 1638 252 2520 1440 1170 3264 1350 906 2424 1542 2028 2586 1098 2370 522 108 3576 2826 2004 3390 1992 1050 3378 1872 1068 1368 2898 1398 1296 2760 1602 2898 1644 3090 1248 2682 2214 930 1812 2412 3090 1398 1536 1212 2574 2928 1302 1350 162 2550 1086 3348 3636 1866 3354 2808 4032 3174 2094 1614 2058 2340 1230 2718 1500 3402 1752 2640 402 810 780 1116 3150 1158 324 1980 
1570 2260 1125 2335 115 3425 590 3065 2730 570 1370 1795 1555 180 1260 2350 670 2275 1570 3000 1040 1780 1995 885 2620 1605 3110 975 3140 1305 3305 2200 1240 910 3085 1495 1580 2560 3260 1995 3140 2540 490 895 1235 2390 1310 655 870 3600 3180 1555 865 2150 2730 475 1185 3350 1630 1370 2450 715 115 1685 2465 3185 2380 2585 1275 605 3035 1265 1625 3045 2025 2450 1005 2380 1605 3615 1755 3645 3370 1600 2605 2085 3715 2180 1505 3215 2600 1455 3030 3890 1005 2515 2590 1515 295 1500 3115 1045 1300 1915 1080 1365 3400 2670 225 1600 2710 2395 3485 790 3000 3000 1730 1805 2140 2920 1155 2635 2660 2065 2600 1185 3020 2140 705 915 2110 2030 1410 2810 1995 1820 3355 2445 1455 3310 1645 595 1160 3235 2900 2420 1105 2155 2800 1020 2910 2900 2240 2750 1225 1450 2890 2185 2620 2125 2560 445 2265 1975 2490 1810 820 3095 1460 1235 980 2445 1870 1780 1585 785 1375 1290 3255 2490 3305 2905 2520 1230 360 2050 2680 1205 3025 640 2680 2605 2110 1800 1350 600 1360 3680 655 1565 1360 1650 1535 1055 780 1110 2740 1520 1025 1905 850 1380 2380 2890 2780 2000 1300 1265 2465 2110 
4410 5292 3318 6503 4305 5467 5173 2373 1225 3682 2478 2457 6223 4599 5432 6958 5285 6923 2289 973 3738 4760 3682 3213 2296 5621 5474 4879 406 2569 3570 1274 4256 4074 2912 3325 4816 3185 2562 1995 4739 805 3871 4417 2982 6629 6013 3570 5453 5026 4039 3157 4158 5796 3164 4942 4620 749 2072 3997 5600 5208 4179 2002 2905 2737 1904 854 4949 4102 5502 3962 2569 5054 3073 3045 3395 5145 2135 4256 3542 4879 525 2107 5453 1813 5180 5243 2457 4963 7252 3318 623 5145 4340 3570 2660 5656 4746 2625 448 4865 4599 3934 3724 2709 4123 1827 4641 5257 1155 2667 3927 4928 5082 1498 4578 6251 2163 4564 3409 2100 5110 1799 3731 3248 2289 1358 3668 4704 1393 1596 4039 5243 3528 6055 5054 3815 5936 4004 2597 5159 5285 3444 1463 3262 2975 1624 4438 3885 1939 3815 5810 4956 2632 5523 4249 1351 3486 3143 7000 4893 5397 6510 945 4179 5495 5292 3836 4004 3465 1533 4487 2254 4641 3710 4536 3290 3640 1078 1176 3878 5264 2751 4627 4690 1407 3395 161 5145 4662 1624 3276 2051 3633 5103 4004 4606 4620 5789 4802 6132 2212 4144 4459 2870 1904 2583 3864 6475 3304 5523 2751 3416 2793 4361 5859 3192 3052 5313 
2005 1605 4070 2630 3435 295 3850 2135 2900 3120 3065 2460 3460 3600 2915 3210 3875 3285 2910 3100 2545 1880 1640 3645 2140 2650 695 2820 3530 3060 1325 3530 2320 4275 1740 4425 5045 1540 2090 4060 445 3630 3115 4370 2685 2710 3600 3070 3545 285 905 4390 2685 2130 1520 3530 2470 3465 3210 2180 1600 3465 3500 3190 1750 1915 2480 3820 4805 4015 810 2285 2545 530 1885 1665 2705 1375 3530 970 1895 455 3675 3240 1295 2745 285 1670 3815 335 3255 2260 3345 540 4445 1325 1885 2800 3595 2650 3490 4585 4760 1655 4265 2750 925 2470 3550 2355 2955 1935 1145 3065 595 2740 1875 3075 2410 655 2525 2275 1020 2780 1195 2575 2180 3310 3855 4445 3505 3080 2135 910 1695 2815 195 1245 3215 970 2500 3655 2910 1390 2740 1545 3745 2865 780 4285 2405 1055 2030 850 3365 2755 795 3670 1330 1780 2945 3505 1670 3165 3275 1740 3880 585 2105 2310 4015 2745 1710 4005 2050 3970 2240 4220 1245 3905 3120 1010 1270 3675 3910 1560 2770 2480 3660 3505 870 2625 1715 3840 2255 4020 4620 730 4200 2870 4855 3160 3450 2495 2825 3600 2410 3955 2535 3225 2995 2845 1885 1330 1775 1550 3360 2510 1650 1800 
2440 2195 4240 3270 3780 985 4260 1835 2695 3400 3170 2520 4020 3970 3435 3850 4300 3920 2980 2840 2850 2375 1900 3835 1980 3205 1365 3275 3265 3180 985 3460 2720 4520 1450 4565 5295 1515 1730 4065 835 3495 3420 4650 2870 3355 4125 3340 4015 420 770 4510 3055 2745 1420 3945 2915 3155 3250 2535 2230 3915 3825 3225 1710 1580 2370 3690 5100 4285 1475 2635 2640 1125 1995 1655 2955 1955 3580 495 2145 280 3375 3290 1925 2695 405 2250 3895 865 3910 2485 3090 190 4705 1420 1765 3350 3980 2765 3225 4895 5020 1980 4470 2890 610 2280 3925 2895 2755 1880 730 3515 1195 2465 2340 3665 2375 1030 2780 2100 1615 2740 1315 2800 1895 3245 4090 4750 3455 3040 2500 1535 1910 3405 750 1445 3765 710 2595 4085 3415 1075 2485 1590 3900 2800 1130 4510 2145 1040 2655 1410 3485 3295 1000 3610 1360 1880 3600 3920 2270 3770 3135 2125 4330 1235 2430 2665 4210 2605 2160 4045 2520 4200 2685 4375 940 3795 2795 1020 1880 3805 4255 2055 2575 2730 3430 3945 1345 2445 1855 3865 2545 4410 4825 255 4515 3430 5130 3730 3515 2870 3230 3750 2205 4045 2865 3825 3225 3380 1845 1205 1605 1975 3885 2725 1640 2380 
1323 2034 4428 3852 3429 2817 4356 2763 3312 2763 2691 1782 4374 3789 3222 4689 4437 4716 2484 3834 1764 1557 72 3672 2160 3078 2502 2745 4500 2673 2484 3852 1647 4815 2412 5085 6210 1296 2988 4599 2106 4203 2790 5022 1953 4023 4410 2664 4041 2889 2106 5031 2169 2835 1602 3798 2106 4608 3051 1251 2421 3816 3510 3042 1395 2718 2376 4509 5814 4365 2466 1404 1827 2133 837 1242 1989 1818 3591 2898 513 2943 4878 3087 2214 2520 3105 1998 4041 2295 4968 1170 4176 3384 5139 963 1782 3258 3825 1962 4428 5445 5706 351 4779 2115 2511 2673 3717 2484 3375 1548 2727 3114 2097 3384 1350 3996 2007 1710 1656 2367 1845 2574 1062 1737 2754 3474 4059 5184 3771 3042 1206 2079 252 3591 2529 765 3915 2358 1755 4068 3123 2412 3267 999 3861 2781 1485 4824 2871 1620 2799 1764 3195 3105 1575 4059 1206 783 4527 3744 2187 4284 3654 756 4527 2349 1017 1467 4338 2826 1098 4437 1602 4257 1728 4707 2367 4581 4140 1611 1980 3753 4293 1269 3087 1575 4590 3843 1458 2817 612 4167 1206 4599 5427 2988 4761 3438 5886 3987 3429 1845 2520 3600 2673 4284 1791 4311 2493 3204 1440 1746 1962 846 4023 1620 1260 2133 
2838 3708 792 3804 1146 5022 1332 4122 3468 1392 1890 2616 2736 1116 2514 3762 1416 3654 2166 3732 2082 3120 3186 978 3600 2940 4680 2196 3762 1830 4608 2556 2442 150 4248 1020 918 3726 4368 2004 4620 2940 1410 162 2034 3870 2394 1446 1890 5154 4554 1146 1992 3606 3912 1458 2430 4062 2058 2538 3948 1752 1008 2124 3558 4326 3210 2916 702 318 4596 2412 2418 4560 3090 3576 1902 3834 1830 5058 2886 5184 4020 2004 4116 2778 5298 3612 1518 4728 4056 2466 3690 5478 198 3750 3648 2820 1236 2256 3744 552 576 3144 486 2082 4806 3546 1206 2946 3426 3426 4860 1956 4512 3858 3042 3126 2976 4356 2118 3576 4140 2742 3876 2088 4050 2586 576 402 2454 2562 2592 4320 3156 3180 4896 3720 2682 4692 2466 1506 2400 4512 3732 3582 1098 2802 4206 342 3852 4218 3708 4224 1542 2748 4278 2466 3852 3222 4050 1446 3720 3312 3030 3072 1614 4638 2610 2388 654 3186 3186 1746 2886 480 2634 876 4572 2754 4116 4236 4002 1296 774 3414 3456 2172 3564 1656 4104 3420 3234 1872 2430 1098 642 5178 456 2874 702 2928 1800 2208 1950 1236 3648 1428 2106 3216 1578 2658 3426 4134 3888 3318 2466 2178 3594 3540 
2160 1960 5256 3768 4336 1296 5080 2560 3584 3776 3640 2688 4744 4624 3784 4648 5136 4728 3400 3960 2872 2088 1376 4584 2368 3464 1304 3504 4632 3632 1592 4448 2608 5608 1992 5816 6848 1344 2600 5256 544 4656 3784 5784 3040 3912 4880 3688 4680 1248 912 5760 3160 2856 1408 4568 2920 4600 3880 2328 2136 4520 4424 3856 1664 2312 2840 4952 6488 5208 1376 2488 2816 792 1760 1504 3096 1592 4392 1552 1784 1320 4904 3936 1712 3192 1432 2016 4840 752 4808 2360 4336 1704 5896 920 1944 3680 4632 2976 4568 6152 6400 1448 5576 3144 1240 2904 4552 2944 3656 1944 1568 3880 832 3432 2016 4240 2664 240 2800 2584 1168 3248 720 2872 2608 4096 4936 5920 4400 3720 2272 1192 1456 3832 944 736 4336 1168 2744 4792 3736 1616 3392 1280 4736 3400 120 5616 2888 752 2744 856 4120 3584 224 4664 992 1600 4344 4528 2104 4440 4104 1656 5184 1080 2176 2536 5176 3264 1720 5160 2304 5112 2552 5488 1440 5064 4088 680 1560 4616 5096 1584 3368 2728 4800 4568 560 3120 1488 4896 2392 5328 6144 1464 5536 3824 6560 4312 4264 2856 3424 4496 2840 5064 2872 4504 3544 3712 1856 1216 1864 1424 4512 2768 1496 2224 
5110 5940 5810 8020 6230 5450 7500 820 1300 5240 3780 2800 8310 6690 7040 8910 7640 8930 3320 1310 4730 5460 3700 5280 1350 7050 5660 6340 2120 3890 2490 3180 5180 6750 1610 6180 8150 2470 980 4570 4430 2950 5450 7180 3920 8220 8190 5070 7550 4650 3290 5990 5390 6900 2270 7000 5750 1870 3510 4710 6330 7230 6160 3400 2200 1280 1620 3310 8070 6550 5750 4760 3130 5000 2920 2400 4470 5610 4040 3450 3760 4410 2310 3600 5950 2280 4860 5930 4700 4750 9250 3850 1800 4750 7170 3060 1760 7200 6840 3380 2050 7810 7700 4120 6400 3650 3320 1040 6690 6420 1420 2020 2980 6600 5070 610 5220 8060 2110 4280 4290 1180 5340 2340 3220 4130 760 2880 5960 7530 3260 2710 4730 5470 3500 7660 4820 3470 7820 3170 3100 7330 6880 2330 780 2720 5140 2250 4160 6580 590 3110 6850 5030 4340 7020 3800 3480 2840 2890 8770 6930 6120 8400 2310 4560 7870 5360 4420 4840 5910 1610 4970 4740 5440 6110 5460 5940 2630 3600 1150 3210 5700 4840 6990 5130 1200 4220 2500 7190 4610 1210 3060 4350 4290 7580 7000 3970 7230 7410 7980 7990 4010 5190 5860 4870 910 4990 4880 8410 4680 7090 2130 2520 1710 4670 7840 3980 2390 6100 
2870 2840 5810 1310 3440 5550 3120 7380 7550 3880 5410 5430 1030 3350 1140 1140 3040 1050 5590 8160 3500 2650 4350 5170 6610 910 4720 1930 8720 5290 6970 7240 2820 5360 7010 6570 6440 5770 7650 7290 5550 7860 3620 5200 4590 1340 1560 3980 2120 6420 6290 6680 2920 1810 6110 2760 2260 8990 6020 3260 2880 2290 3720 6090 5850 7360 6550 8070 5660 4770 4500 3250 5200 5000 5040 5700 4010 3310 6280 7130 4200 6660 9180 6010 3470 6320 6560 2720 6330 5510 1620 4200 8410 7040 5460 5330 6270 770 3140 5100 8650 5210 5940 3940 5740 4970 6720 7040 3200 1570 7570 5950 7090 2060 4870 7840 2840 110 6040 5200 3970 6790 4010 6330 5340 4200 7350 6960 4980 5040 7080 6570 3230 4220 4520 410 5770 4970 770 6610 5180 2730 1360 6920 7670 5450 5620 6570 5060 5610 7380 5880 2030 4400 5480 960 5450 7330 5610 5100 1560 2780 2700 450 7500 3490 2810 4870 3550 3180 5530 6930 3170 6900 2550 5150 2500 6150 6800 7980 8640 5830 3490 5770 3920 3220 7350 4000 8640 2450 4550 7090 4940 6830 3740 3590 6260 6980 4560 580 5960 390 6090 2930 2550 5510 7100 6440 3320 450 4280 960 5850 6200 6510 3550 1190 4280 5720 2460 
1944 675 6021 1503 4176 2754 4473 5364 6030 4059 4878 4338 3168 4311 2439 2547 4464 2682 4842 6552 3177 1431 2772 5292 4860 1800 1998 2637 7209 4806 4563 6345 2421 5976 4851 6741 7218 3825 5508 6813 2934 6786 3915 5985 4014 1647 3537 4059 3699 3636 3816 6768 2997 657 4059 3960 2268 7326 5364 2538 378 3672 4383 5391 4041 5202 5085 7056 6615 5427 1791 2673 4266 2358 3546 3861 3681 1017 5796 4473 2916 3888 7587 5382 918 5148 3735 729 6075 2826 2655 3321 6885 4185 6183 3312 4437 2079 4203 4293 7137 6192 6714 2421 6165 4320 4158 5391 4185 1512 6084 4248 4554 3060 2232 6093 1656 2376 4698 2709 3456 5076 1512 5184 3222 3663 5382 6003 5391 5976 6237 5580 2457 1620 2961 1917 3042 2934 2781 4104 4212 4086 2529 4572 5985 3582 5625 5409 2646 6120 5553 3573 459 1890 5193 2070 3042 6516 3546 3510 2115 3942 531 2493 6291 2097 4365 2178 2655 2664 5832 5526 1701 6561 1719 5589 2043 6336 4392 7074 6858 3501 1035 5643 4905 1449 5805 3420 7272 3789 2151 5535 3330 6372 2988 4869 6750 4248 5508 2151 6813 2583 5616 2745 2979 5436 5382 6255 3051 2610 4149 2250 4140 4005 4527 1872 3105 3645 3870 675 
2754 3060 4716 1926 2592 5535 2124 6741 6714 3132 4608 4806 297 2430 864 1584 2034 1422 4824 7254 3015 2691 4086 4203 6003 1179 4806 1521 7704 4500 6543 6255 2547 4221 6489 5373 5112 5373 7011 6165 5436 6840 2889 4032 3951 1953 657 3249 1224 6246 5994 5490 2439 2250 5688 1872 2025 7992 5157 2970 3177 1431 2835 5229 5391 6777 5868 6993 4401 3699 4608 2916 4563 4995 4608 5274 3411 3474 5310 6777 3870 6435 8127 5130 3681 5571 6390 2943 5292 5427 2034 3744 7443 6813 4266 5031 5751 909 2223 4437 7650 3996 4680 3744 4599 4293 6399 6336 2304 1728 6723 5436 6705 1458 4878 7038 2817 702 5391 5094 3438 6138 4104 5571 5067 3636 6696 6039 3960 3870 6102 5724 2961 4320 4212 1035 5679 4734 171 6282 4563 1791 1008 6480 6876 5076 4608 5778 4941 4455 6669 5589 2457 4428 4590 1008 5265 6309 5274 4698 2097 1908 2961 927 6570 3357 1809 4914 3240 2844 4455 6156 3141 5805 2511 4095 2358 5004 6399 6885 7722 5553 3663 4779 2889 3258 6552 3483 7596 1566 4518 6336 4581 5769 3339 2538 5022 6687 3447 774 4680 387 5157 2538 2034 4554 6408 5355 2862 774 3555 882 5355 5814 5994 3492 360 3735 5301 2709 
1432 2632 2552 3736 1880 3880 2848 2928 2704 1152 1176 1016 3488 2240 2520 4232 2944 4192 1168 3184 576 1880 1328 1872 2216 2696 3528 1904 3608 1120 3256 2528 1152 2912 2904 3144 4152 2064 3224 2912 3256 2976 1248 3120 416 3880 3344 1040 2816 3944 3128 3112 1104 3000 2336 2408 1560 3840 1616 904 3008 2560 1888 1640 1904 3080 1968 3184 3848 2544 3464 816 800 3256 1208 1888 424 2624 2000 3800 928 3968 3984 1624 3024 1696 4136 2544 2304 3424 4568 344 3368 4360 3208 2048 2120 2744 2320 720 3552 3536 3712 1360 2864 688 3464 2408 2208 2296 2712 1808 3568 2064 3216 3016 1680 3432 1552 2912 208 2288 2864 1696 2216 160 2864 2256 2224 3296 2416 1912 976 3096 1264 3192 3640 2016 3128 3312 792 2672 2368 3144 2864 1856 2056 1888 2704 2904 2752 2680 3056 2872 1528 2592 2768 2648 2192 1376 4288 2352 2720 3728 2640 1416 3104 3424 800 856 2464 2208 1712 2712 1664 2400 1480 2800 3192 3168 3608 2696 2832 1992 2600 2016 2568 168 3552 2536 2648 2384 1368 2512 496 2976 3432 3952 2952 2896 3880 3320 1840 1016 1480 1840 2488 2504 720 3696 840 2600 1776 2600 2416 1736 3088 80 1912 2552 
3112 3728 4328 5408 4296 3464 5288 496 1408 3520 2584 1592 5744 4664 4720 6144 5384 6168 2216 1728 2960 3368 1960 3792 288 4680 3560 4184 2408 2640 1368 2648 3224 4984 656 4736 6168 952 784 3688 2632 2672 3656 5280 2456 5568 5680 3392 5224 2944 1816 4608 3472 4504 840 4848 3688 2344 2528 2848 4040 4984 4272 2464 744 680 928 2976 6016 4736 3616 2912 1864 3040 1384 896 2840 3464 3040 2152 2048 2792 2664 2600 3744 1520 3120 3720 3576 2888 6408 2232 2112 3120 5312 1432 392 4816 4760 2088 2344 5760 5776 2288 4768 2312 1944 728 4640 4168 1496 656 1784 4432 3088 1176 3184 5488 1112 2472 2648 440 3264 1592 1576 2552 464 2328 4304 5528 2656 2040 2856 3376 1808 5152 2984 1760 5344 1800 1816 5112 4600 1216 1144 1152 3768 1632 2352 4888 640 1568 4464 3024 3088 4672 2088 2896 1272 1328 6008 4792 3872 5760 2096 2648 5544 3328 2608 2976 4360 1256 2968 3720 3376 4448 3416 4488 1416 3160 1832 1648 3544 3560 4968 3080 1200 2584 2624 4968 2688 992 1456 3416 2552 5392 5296 2512 5240 4976 5984 5456 2968 3280 3848 3536 624 3816 3064 5768 3096 4736 728 1104 392 2720 5384 2424 888 3864 
2170 2863 2590 2506 994 4711 553 4886 4620 1596 2800 3192 1176 791 1057 2359 525 2233 3031 5019 1862 2324 3052 2261 4277 1589 4186 1008 5278 2709 4998 4032 1799 2156 4809 3080 2870 3990 5138 3815 4452 4501 1407 2009 2429 2555 805 1708 196 5110 4697 3178 1428 2471 4242 357 1505 5551 3199 2100 3059 98 1169 3269 3927 4998 4039 4585 2331 1757 4053 1988 2968 4214 3290 3871 2023 3115 3227 5320 2786 5215 5614 3171 3374 3703 5250 2751 3129 4508 2709 2506 5110 5537 2191 3822 4158 1400 623 2828 5243 2002 2520 2856 2464 2667 5012 4431 707 1785 4606 3892 5194 665 4137 4949 2331 1638 3675 4151 2149 4340 3577 3689 3899 2254 4837 3913 2002 1890 3906 3717 2128 3773 3101 1757 4711 3654 1113 4900 2982 273 973 4921 4809 3773 2569 3836 4004 2345 4739 4326 2618 3773 2674 1358 4200 4032 3997 3402 2730 399 2828 1841 4375 2611 476 4221 2289 1932 2380 4193 2576 3521 2079 2086 1834 2807 4907 4473 5425 4319 3304 2737 1120 2765 4522 2198 5152 126 3752 4389 3339 3528 2247 882 2779 5334 1554 1414 2534 1400 3115 1638 1113 2569 4515 3150 1778 1729 1981 1225 3850 4410 4396 2821 847 2359 3892 2604 
1917 3249 2718 4509 2223 4545 3348 3141 2781 1350 1044 900 4194 2628 3123 5058 3465 5013 999 3321 927 2412 1647 1971 2340 3339 4185 2421 3771 990 3645 2538 1602 3204 3186 3366 4608 2313 3492 2997 3807 3042 1503 3474 234 4671 4005 1206 3384 4554 3573 3303 1503 3681 2601 2871 2052 4041 1512 1323 3672 3087 2196 1539 2088 3357 1989 3267 4302 2835 4122 1233 630 3852 1359 2097 594 3222 1971 4311 1215 4563 4194 1530 3672 1629 4770 3150 2349 4014 5445 576 3501 5004 3555 2367 2286 3384 2754 504 3708 3969 4113 1746 3105 468 3933 2493 2619 2898 2781 1935 4023 2565 3816 3159 2187 4149 1530 3420 504 2394 3456 1620 2565 306 3069 2232 2430 3708 2412 1845 1395 3708 1548 3897 4239 2376 3789 3762 639 3168 2943 3510 2988 2106 2142 1836 3195 3177 2898 3069 3744 3447 1485 3213 3231 2673 2502 1557 5130 2808 3357 4482 2664 1854 3654 4050 1188 1278 2646 2223 2196 2781 2178 2619 1971 2988 3582 3249 3807 3096 3447 2034 2988 2538 2637 477 3699 3051 3177 2439 1593 2556 855 3447 3744 4509 3339 3555 4320 4014 1800 1440 1917 1881 2601 2583 1089 4446 909 3222 1917 2925 2637 2205 3735 225 2124 3177 
2248 1328 5656 704 3880 3104 3952 5504 6024 3928 4824 4464 2488 3936 2112 1624 3920 1776 4840 6496 3256 1824 3144 5032 5024 1504 2440 2480 7064 4752 4816 6200 2568 5504 5064 6296 6520 4128 5640 6512 3344 6616 3768 5456 4064 800 2888 3960 3192 3928 4144 6336 2992 672 4352 3552 2312 7184 5280 2768 1088 3240 4088 5312 4312 5368 5184 6840 5944 5008 2256 2856 4368 2816 3832 4160 3712 1656 5624 4720 3224 4160 7408 5288 1544 5192 4000 1336 5816 3232 1656 3512 6784 4408 5648 3688 4664 1712 3808 4368 7000 5568 6088 2824 5720 4360 4448 5480 3816 1520 6072 4480 4800 2800 2704 6112 2040 1720 4824 3152 3552 5216 2080 5216 3608 3744 5512 5904 5048 5400 6088 5544 2696 2160 3320 1384 3400 3352 2216 4400 4328 3616 2232 4816 6016 3904 5352 5416 3104 5656 5648 3928 624 2424 5048 1776 3456 6328 3896 3808 1160 3544 1184 1728 6208 2504 3784 2624 2912 2824 5464 5568 2152 6264 2000 5208 2224 5936 4664 6840 6792 3872 1672 5408 4448 1976 5832 3536 7088 3352 2664 5592 3656 6120 3184 4320 6208 4504 4984 1712 6144 1968 5464 2824 2880 5208 5488 5960 3120 1864 4080 1912 4384 4312 4760 2352 2544 3752 4160 1208 
4149 5517 1611 6579 3069 6669 4095 3951 2628 2421 1233 2214 5733 3393 4878 6939 4248 6849 1413 2934 2952 4662 3816 1503 3303 5292 6399 4176 2880 1287 5103 1071 3726 2574 4374 1791 3636 3978 4320 720 5841 1638 2664 3006 2088 6723 5364 2322 4599 6498 5328 1611 3330 5859 4158 3897 4068 3348 864 3546 5940 4293 2862 909 3627 4356 2583 1629 3726 2610 6354 3420 2070 6003 3249 3735 2439 5499 306 5931 3429 6426 3258 810 5949 1908 6714 5418 504 6084 7362 2853 2799 6858 2925 4266 3573 5256 3600 1926 2862 3591 3303 3987 2151 1818 5616 2988 3465 4968 2538 3321 5553 4095 5985 3258 4446 5958 2448 5499 2637 3168 5706 1836 4491 2430 3834 1197 2061 3375 927 1359 3636 5949 3672 5814 6291 4401 5445 5436 2151 4140 4680 4932 3078 3888 1161 1809 5274 2349 3429 4869 5940 5661 963 5094 5211 927 4302 3438 7146 3843 5616 6291 1836 4131 4536 6237 3456 3447 1782 2349 4473 576 4392 2097 4122 1629 5103 1422 3501 4923 5724 882 3339 4815 2682 2673 2574 4185 5355 2727 3555 279 3114 3960 2583 6255 3276 5409 3564 5751 477 3456 3618 1071 3159 729 3105 6210 2070 5040 3375 4536 3915 4482 5256 2457 3762 5418 
1386 558 5535 2592 3987 2070 4581 4176 4923 3627 4095 3357 3816 4230 2817 3582 4617 3681 3969 5427 2610 1008 1683 4770 3699 2349 1404 2691 6120 4041 3384 5418 1980 5679 3654 6237 7020 2628 4311 6048 1926 5805 3537 5778 3249 2763 4041 3582 3969 2718 2673 6228 2664 1566 2862 4023 2106 6201 4527 1899 846 3861 4158 4536 2871 4005 3987 6102 6498 5166 1260 2079 3348 1467 2457 2691 3051 198 5022 3384 1935 2925 6480 4554 621 4131 2862 630 5382 1899 3762 2475 5787 3285 5949 2115 3258 2610 4185 3429 6048 6084 6507 1386 5778 3510 3033 4248 4122 1809 4986 3096 3411 3150 1359 4941 1080 3168 3627 1620 2763 3924 612 4176 2016 2934 4194 5058 5004 5850 5328 4626 1809 864 1872 2700 2151 1737 3366 2961 3276 4221 2817 3384 4842 2394 5049 4392 1512 5769 4383 2385 1449 900 4500 2529 1899 5616 2340 2385 3249 3987 720 3375 5274 1197 4599 1440 1899 2097 5382 4446 891 5832 1350 5202 1728 5841 3222 6156 5706 2322 396 5013 4815 540 4698 2709 6210 3942 1035 4419 2205 5607 2241 4932 6399 3222 5382 2754 6642 3285 4851 2331 2808 4824 4230 5598 2529 3456 3564 2691 2988 2799 3330 846 3609 2871 2691 864 
3108 3248 4907 4823 4613 2296 5411 1148 2373 3983 3367 2450 5481 4921 4592 5565 5488 5621 3066 2555 3339 3185 2100 4396 1463 4417 2590 4228 3143 3409 168 3535 3367 5418 644 5299 6482 1169 994 4438 1645 3528 4067 5649 3108 4956 5523 3878 5229 1624 798 5201 3724 4018 924 4991 3731 2989 3388 3045 3430 5040 4634 3332 1323 784 2023 3794 6293 5152 2695 3150 2667 2121 1918 1323 3353 2933 3843 735 2359 1428 3297 3444 3066 2534 1750 3276 4305 1848 5733 2716 2905 1645 5698 1344 1253 4585 4970 2856 3094 6041 6118 2345 5271 3052 686 1820 4879 3948 2457 1491 406 4501 2198 2030 3066 5124 2128 1673 3129 1596 2590 2590 1309 3108 1239 3248 4809 5838 3542 2996 3024 2597 2037 4788 1841 1568 5117 623 2611 5215 4522 224 2065 1379 4417 2639 1673 5362 1596 945 3934 2310 3822 4473 1365 3745 1155 1778 5334 4949 3374 5327 3031 2639 5586 2373 2849 3206 4907 2310 2828 4459 3297 4949 3437 5068 301 3969 2485 994 2926 4249 5250 2807 2212 3066 3381 5054 2058 2058 1813 4193 2912 5558 5754 1099 5551 4718 6293 5152 3766 3500 4025 4207 1708 4515 3395 5362 3661 4564 1484 735 980 2555 5222 2989 1302 3444 
4290 3520 8330 5580 7120 890 7980 4250 5830 6470 6290 5060 7240 7470 6140 6740 8030 6900 5970 6200 5330 4060 3490 7500 4320 5610 1710 5930 7070 6290 2580 7150 4910 8770 3450 9040 10320 3170 4120 8250 1080 7330 6470 8980 5570 5740 7500 6370 7390 410 1800 8960 5630 4580 3080 7340 5220 6910 6560 4610 3520 7220 7250 6520 3590 3780 5030 7710 9850 8260 1940 4820 5250 1370 3920 3420 5630 3060 7210 1780 4000 720 7340 6630 2910 5590 290 3650 7790 930 6830 4720 6700 770 9130 2780 3820 5910 7460 5460 6980 9420 9760 3550 8740 5680 1760 4970 7370 5020 5940 3950 2180 6420 1500 5480 4040 6470 4920 1520 5270 4580 2360 5670 2530 5360 4350 6720 7930 9140 7110 6270 4530 2140 3580 5950 640 2670 6740 1880 5160 7600 6130 2730 5480 3200 7680 5830 1770 8790 4810 2170 4380 2000 6900 5820 1730 7440 2760 3710 6210 7290 3660 6650 6620 3740 8050 1490 4450 4880 8240 5540 3700 8160 4390 8160 4760 8630 2430 7890 6210 2090 2860 7530 8080 3420 5570 5180 7350 7300 2020 5280 3600 7820 4740 8320 9450 1270 8650 6060 9950 6640 7050 5250 5920 7390 4850 8080 5310 6770 6200 6000 3860 2690 3580 3370 7020 5230 3400 3910 
3530 4960 1780 5180 690 7210 1470 6170 5350 1250 2610 3610 3590 780 3030 5200 1640 5050 3050 5870 2350 3990 4240 1410 5280 3720 6610 2450 6080 2490 6770 4150 2870 1320 6270 2490 2730 5280 6570 3610 6590 4820 1200 1340 2530 5290 3070 1400 2200 7500 6590 2620 2110 4790 5620 1400 2820 6530 3070 3070 5350 1900 450 3180 5060 6450 4730 4880 2170 710 6460 2860 3270 6440 4210 5050 2160 5170 2930 7450 3750 7570 6540 3000 5640 4100 7730 4800 2650 6760 5700 3100 5890 8060 1550 5240 5270 3540 1020 3000 6040 1750 2160 4130 1650 2720 7020 5310 910 3690 5300 4890 7160 2090 6360 5940 3860 4120 4280 6150 2500 5290 5710 4050 5430 2500 6070 4070 940 1460 3970 3900 3160 6010 4220 4150 7040 5150 3410 6830 3330 1600 2830 6630 5730 5020 1830 4210 5900 1530 5810 6030 4960 5870 2210 3410 6060 4090 5440 4420 5630 1360 4980 4450 4790 3960 1970 6560 3220 2810 1480 4810 4120 3170 3590 1070 3170 2090 6690 4670 6490 6040 5460 2110 650 4490 5280 2590 5820 1750 5700 5160 4410 3250 2950 1320 2210 7600 990 3640 2310 3810 2800 2480 2020 1890 5460 2630 2360 4310 1730 3270 4870 5950 5660 4360 3090 2670 5080 4670 
990 255 3285 945 2285 1440 2480 2855 3230 2195 2615 2300 1815 2370 1375 1520 2480 1590 2590 3520 1690 710 1415 2870 2575 1030 1020 1450 3885 2580 2410 3425 1270 3280 2570 3685 3980 1995 2935 3695 1515 3660 2120 3290 2140 1030 2005 2190 2065 1915 1995 3695 1610 430 2125 2190 1215 3945 2885 1325 100 2045 2400 2895 2120 2765 2705 3815 3650 2975 910 1405 2265 1205 1850 2020 1965 435 3130 2365 1510 2050 4095 2895 405 2745 1970 290 3290 1465 1590 1740 3705 2220 3400 1710 2340 1190 2315 2285 3845 3415 3700 1225 3375 2305 2190 2870 2305 835 3260 2235 2405 1690 1135 3260 825 1390 2490 1380 1830 2695 720 2770 1660 1945 2860 3230 2940 3295 3360 2995 1275 795 1525 1130 1585 1505 1590 2155 2235 2270 1410 2410 3200 1860 3050 2890 1345 3350 2960 1860 325 930 2805 1175 1565 3515 1840 1825 1295 2180 180 1465 3385 1055 2435 1110 1380 1400 3180 2955 835 3560 880 3050 1070 3460 2315 3830 3685 1820 455 3060 2705 685 3105 1810 3920 2105 1070 2950 1725 3450 1565 2695 3705 2245 3030 1240 3755 1495 3030 1460 1615 2945 2865 3400 1620 1530 2230 1275 2175 2095 2385 920 1765 1930 2025 295 
3144 4026 750 4152 1482 5298 1662 4242 3516 1662 2010 2772 3078 1464 2862 4104 1746 4002 2286 3756 2358 3432 3432 1104 3732 3288 4968 2538 3738 1962 4788 2532 2748 276 4404 804 684 3918 4494 1890 4878 2898 1704 378 2238 4218 2730 1710 2238 5406 4770 942 2298 3942 4098 1806 2754 4050 2118 2826 4266 2100 1338 2184 3738 4464 3318 2844 672 642 4890 2700 2586 4836 3294 3762 2148 4140 1836 5262 3132 5418 3984 2070 4422 2874 5544 3930 1482 4992 4404 2700 3684 5718 228 3972 3810 3168 1584 2418 3726 660 390 3414 384 2250 5016 3642 1554 3282 3468 3594 5058 2304 4794 3918 3348 3468 3108 4614 2364 3696 4434 2832 4098 2322 4170 2598 768 594 2436 2616 2880 4614 3396 3528 5160 3960 3030 4896 2634 1854 2742 4692 3792 3792 1140 2880 4464 276 3948 4434 4044 4506 1632 3096 4518 2424 4062 3432 4398 1794 4044 3660 3036 3354 1944 4926 2880 2676 684 3258 3480 1650 3198 636 2952 750 4758 2670 4140 4452 4308 1326 1116 3708 3522 2418 3522 2004 4380 3504 3450 1812 2688 1422 306 5400 774 3222 558 3270 1830 2514 2274 1308 3750 1356 2394 3564 1812 3006 3600 4326 4050 3600 2808 2406 3786 3864 
455 395 2770 1410 1905 1435 2250 2265 2585 1700 2000 1650 1915 2040 1320 1910 2270 1945 1955 2880 1140 270 775 2345 1955 1115 1090 1210 3240 1970 1945 2780 785 2840 2020 3160 3585 1415 2370 3090 1275 3015 1650 2895 1530 1505 2010 1680 1935 1740 1595 3160 1160 835 1570 1935 870 3305 2255 750 625 1855 1995 2265 1510 2210 2060 3170 3295 2555 1010 845 1620 1075 1210 1420 1395 380 2515 2020 855 1835 3450 2270 630 2095 1830 360 2705 1295 2045 1110 3060 2050 2990 1155 1730 1250 2015 1650 3200 3070 3300 580 2895 1680 1815 2235 1985 785 2615 1615 2000 1455 1020 2635 290 1600 1840 1080 1240 2070 640 2120 1140 1345 2265 2585 2465 2935 2720 2345 700 790 885 1355 1440 960 1655 1755 1590 2055 1305 1925 2570 1270 2505 2240 990 2890 2345 1395 805 760 2215 1185 1180 2880 1295 1190 1785 1915 470 1740 2735 405 2270 1090 770 855 2680 2305 200 2965 450 2580 650 2935 1860 3185 3055 1365 520 2490 2365 60 2465 1215 3270 1900 765 2310 1095 2840 960 2435 3245 1965 2675 1335 3375 1645 2420 980 1250 2385 2240 2820 1090 1770 1675 1270 1555 1580 1805 280 1775 1320 1425 435 
2035 2545 2375 3525 2520 2560 3155 570 465 2025 1315 805 3585 2750 2960 3940 3225 3940 1085 725 1785 2240 1385 2075 300 2995 2575 2595 1130 1365 1300 1220 2035 2820 845 2590 3535 930 780 1880 2040 1225 2130 3020 1365 3620 3510 1940 3185 2270 1565 2505 2110 2980 920 2905 2320 1150 1220 1805 2755 3025 2485 1175 735 805 215 1415 3475 2700 2595 1820 970 2265 960 835 1640 2405 1520 1790 1360 2180 1315 1265 2605 580 2385 2525 1855 2200 4120 1355 940 2390 3025 1210 555 3055 2825 1095 1085 3335 3300 1585 2660 1230 1660 80 2750 2690 515 575 1560 2715 2285 480 2115 3490 460 1915 1555 165 2335 620 1325 1475 505 1020 2410 3190 1230 865 1825 2425 1275 3300 2270 1395 3350 1565 955 3070 2875 1205 405 1000 2030 610 1825 2745 315 1385 2965 2210 1615 2965 1690 1370 1145 975 3895 2870 2630 3665 865 1795 3340 2440 1665 1860 2405 340 2010 1920 2205 2490 2190 2455 1330 1530 890 1430 2475 1885 2905 2120 335 1525 1230 3005 2000 185 1070 1725 1580 3195 2975 2015 3035 3160 3435 3445 1485 2025 2350 1885 145 2005 1860 3660 1745 2990 635 1110 670 1885 3345 1400 840 2595 
2268 1896 4644 3192 3942 564 4476 2256 3174 3534 3414 2676 4104 4158 3414 3882 4512 3966 3216 3414 2856 2154 1740 4140 2262 3126 930 3258 3930 3414 1296 3942 2628 4914 1782 5064 5844 1548 2208 4590 306 4056 3540 5040 2982 3288 4242 3474 4140 252 780 5016 3054 2556 1518 4092 2832 3852 3576 2436 1938 4038 4014 3552 1806 1998 2676 4284 5568 4608 1056 2562 2784 612 1992 1704 3024 1614 3966 924 2046 402 4104 3612 1572 3000 378 1968 4308 300 3954 2478 3708 630 5124 1308 1956 3300 4152 2916 3882 5316 5502 1782 4884 3048 828 2658 4098 2760 3240 2022 1104 3552 696 2982 2130 3666 2598 576 2808 2424 1200 3048 1158 2862 2310 3678 4404 5142 3912 3408 2388 1104 1794 3354 186 1236 3798 876 2730 4254 3402 1374 2976 1566 4248 3144 720 4920 2574 960 2448 960 3780 3240 678 4110 1302 1860 3588 4062 1986 3792 3630 1914 4536 762 2328 2592 4584 2988 1914 4536 2340 4542 2550 4818 1194 4386 3438 906 1518 4158 4512 1764 3018 2754 4086 4074 912 2844 1794 4326 2496 4668 5316 678 4848 3396 5622 3750 3870 2826 3240 4074 2586 4482 2850 3852 3366 3342 1962 1290 1824 1710 3954 2778 1686 2124 
2928 4080 2112 5240 2672 4920 3688 2584 1664 1920 544 936 4800 3024 3920 5688 3816 5640 336 2064 2008 3360 2432 1672 1952 4168 4720 3280 2288 648 3512 1016 2648 2848 2888 2488 3976 2496 2920 1616 4168 1488 2128 3192 1136 5384 4568 1792 3936 4736 3696 2368 2464 4504 2656 3384 3032 2616 288 2408 4456 3664 2552 232 2184 2912 1344 1672 3904 2704 4688 2328 872 4336 1872 2280 1584 4008 808 4240 2120 4672 2672 352 4400 744 4928 4000 1328 4392 6040 1680 2104 5056 3184 2752 2152 4192 3184 808 2248 3704 3608 2616 2576 832 3952 1768 3056 3800 1616 1920 3912 3320 4328 2160 3160 4856 1152 3864 1648 1864 4136 688 2960 1456 2488 768 2224 3480 912 504 2472 4344 2280 4664 4568 2896 4488 3792 936 3632 3744 3368 1992 2416 1568 760 3680 2712 2176 3288 4552 4064 920 4040 3600 1152 2784 2032 5784 3320 4184 5160 1256 2800 4040 4560 2272 2368 2176 1264 3136 1552 3168 2336 2984 2248 3512 1656 2560 3336 4192 1328 3152 3416 1624 1656 2152 3592 3776 1576 2144 1264 1992 3672 3080 4520 3280 4336 3832 4712 720 2480 2792 1344 1912 1576 2152 5112 1480 4024 1968 2992 2464 3088 4384 1424 2304 4040 
1162 2170 2219 2604 875 3759 1547 3577 3381 700 1722 1918 2058 1113 1281 2863 1617 2807 1876 3794 553 1484 1813 1673 2968 1589 3318 721 4116 1631 3724 3003 700 2198 3507 2779 3220 2702 3829 3052 3374 3444 567 2254 1197 2716 1890 742 1428 4018 3486 2814 168 2163 2954 1120 714 4354 2149 889 2457 1211 994 2198 2618 3689 2758 3584 2821 1785 3213 749 1708 3227 1981 2569 777 2310 2324 4102 1512 4088 4452 2135 2639 2478 4172 2065 2401 3465 3192 1197 3920 4431 2387 2569 2849 1554 1127 1589 4074 2499 2821 1666 2317 1463 3794 3150 1050 1400 3374 2583 3948 770 3164 3675 1393 2114 2394 3059 854 3038 2688 2471 2674 980 3528 2821 1715 2310 2891 2576 945 2898 1841 1988 3668 2443 1764 3675 1715 1344 1127 3640 3542 2485 1953 2632 2891 2289 3444 3101 2261 2807 1778 1428 3038 3059 2737 2100 3024 1078 2198 2380 3234 1498 1715 3290 1043 707 2058 2954 1575 2800 1204 1869 917 2464 3647 3514 4179 3101 2513 2023 1540 1834 3269 896 4032 1204 2709 3115 2051 2723 952 1729 2786 4158 1953 1673 2926 1974 2191 434 287 1848 3220 2506 469 2324 924 1393 2541 3136 3087 1764 1694 1071 2597 1988 
1536 2584 2616 2824 848 4520 1432 4480 4240 992 2288 2576 2000 1032 1200 3024 1496 2944 2488 4712 1016 1840 2416 2048 3776 1648 3984 600 5064 2184 4616 3744 1032 2456 4384 3248 3560 3456 4760 3712 4128 4264 784 2464 1736 2936 1784 1080 1240 4872 4312 3304 520 2432 3744 928 864 5344 2768 1328 2888 1000 1040 2832 3376 4600 3536 4400 3056 1968 3848 1184 2336 3920 2648 3312 1256 2792 2920 5024 2088 4968 5440 2744 3144 3200 5040 2456 2944 4216 3408 1752 4848 5352 2640 3288 3640 1560 1000 2184 5016 2688 3112 2216 2656 2032 4672 3984 936 1552 4232 3336 4856 520 3840 4584 1776 2152 3120 3776 1360 3864 3256 3192 3392 1496 4424 3560 1992 2480 3608 3288 1376 3504 2456 2064 4448 3120 1704 4536 2344 1176 1016 4528 4432 3208 2392 3368 3592 2592 4328 3880 2568 3432 2280 1424 3784 3792 3480 2776 3264 888 2592 2448 4048 1984 1592 3976 1536 1128 2408 3752 2016 3408 1520 2152 1192 2896 4520 4312 5152 3872 3016 2504 1552 2288 4120 1416 4952 992 3352 3944 2712 3344 1456 1680 3160 5072 2064 1680 3208 1960 2776 792 232 2296 4072 3040 920 2376 1344 1360 3288 3944 3912 2264 1584 1608 3336 2344 
1465 1095 3375 35 2220 2335 2165 3640 3875 2330 2985 2855 1160 2215 1050 605 2135 685 3025 4175 1995 1245 2125 3015 3305 710 1915 1360 4500 2935 3290 3880 1580 3220 3395 3770 3810 2790 3745 4005 2435 4160 2215 3160 2530 130 1430 2365 1675 2830 2895 3810 1770 540 2945 1945 1360 4605 3285 1755 1015 1730 2355 3310 2880 3585 3355 4290 3435 2915 1800 1785 2770 2120 2530 2790 2275 1330 3465 3280 2125 2965 4730 3285 1320 3310 2885 1070 3545 2380 680 2235 4335 3135 3290 2530 3095 795 2125 2750 4465 3200 3550 1915 3380 2720 3095 3565 2140 865 3895 2965 3305 1520 2050 3965 1370 680 3115 2295 2205 3410 1640 3325 2505 2325 3635 3710 2975 3110 3805 3495 1720 1710 2225 515 2500 2330 1020 3060 2750 1960 1150 3280 3895 2640 3225 3450 2250 3330 3695 2735 605 1850 3085 860 2465 3945 2665 2535 410 1950 1005 655 3935 1695 2035 2020 1870 1760 3245 3580 1490 3830 1295 3070 1375 3545 3200 4270 4385 2700 1375 3275 2525 1430 3765 2205 4500 1805 1975 3620 2445 3765 2015 2400 3670 3165 2855 760 3570 845 3365 1705 1650 3150 3580 3620 1905 745 2470 930 2910 2945 3180 1650 1230 2345 2795 955 
4784 5824 3448 7160 4592 6128 5576 2704 1320 3880 2512 2560 6800 4920 5912 7664 5704 7624 2312 1152 3984 5192 4000 3328 2528 6136 6112 5272 648 2616 4048 1112 4592 4312 3304 3464 5168 3512 2952 1952 5304 576 4096 4704 3112 7312 6544 3760 5904 5672 4544 3280 4456 6376 3520 5320 5000 1096 2040 4296 6184 5624 4440 1968 3184 3128 2016 648 5312 4344 6136 4256 2672 5640 3312 3344 3576 5672 2096 4840 3816 5520 904 2072 6032 1832 5856 5768 2464 5560 8008 3528 784 5840 4616 3936 2936 6168 5096 2720 672 5216 4920 4280 3920 2800 4664 2000 4968 5736 1224 2904 4464 5312 5664 1728 4984 6848 2272 5088 3608 2312 5664 1808 4128 3424 2608 1232 3848 5032 1256 1528 4360 5832 3832 6632 5680 4200 6480 4528 2704 5560 5744 3904 1656 3584 3056 1608 4936 4096 2192 4264 6400 5504 2672 6016 4736 1200 3856 3408 7728 5264 5944 7144 816 4544 5944 5912 4120 4296 3616 1584 4896 2240 5048 3896 4912 3424 4120 912 1488 4336 5824 2800 4952 5136 1520 3600 296 5552 5176 1752 3560 2000 3880 5496 4240 5232 4936 6320 5152 6704 2184 4448 4792 2936 2104 2608 4128 7104 3456 6016 3000 3824 3112 4768 6376 3368 3352 5840 
1794 2052 3030 1368 1614 3702 1308 4428 4392 1986 2976 3126 252 1506 522 1170 1254 1062 3120 4752 1926 1770 2670 2694 3936 792 3216 930 5046 2898 4320 4074 1632 2700 4272 3468 3300 3528 4614 4002 3612 4458 1818 2574 2538 1392 378 2058 708 4158 3966 3546 1536 1536 3744 1134 1290 5238 3336 1920 2136 840 1776 3384 3534 4458 3828 4560 2826 2352 3084 1872 2958 3330 3012 3462 2178 2316 3438 4488 2520 4284 5328 3318 2466 3624 4260 1968 3414 3612 1464 2424 4872 4536 2736 3306 3768 606 1368 2868 5004 2556 3012 2448 2952 2766 4236 4146 1422 1140 4392 3558 4434 864 3252 4614 1842 564 3516 3378 2208 4020 2736 3624 3342 2334 4398 3930 2526 2472 3966 3720 1914 2886 2754 750 3780 3120 126 4158 2958 1086 600 4278 4506 3336 2958 3762 3270 2862 4374 3690 1674 2952 2958 660 3486 4098 3474 3072 1500 1158 1986 726 4290 2196 1104 3282 2094 1824 2856 4020 2064 3756 1638 2616 1518 3222 4230 4488 5070 3666 2454 3078 1812 2148 4290 2238 4974 936 3000 4146 2994 3738 2154 1584 3234 4440 2184 540 3012 354 3330 1614 1266 2922 4194 3462 1824 624 2268 558 3510 3834 3936 2298 132 2400 3480 1812 
630 312 3402 1392 2268 1860 2604 3018 3378 2100 2574 2220 2064 2406 1392 1998 2616 2046 2544 3732 1470 294 1218 2904 2634 1086 1404 1338 4152 2532 2622 3552 984 3432 2724 3882 4302 1998 3144 3876 1752 3846 2022 3474 2004 1506 2208 2088 2172 2292 2190 3888 1410 702 2184 2232 978 4242 2898 1026 576 2106 2388 2916 2112 2952 2748 4026 3930 3078 1284 1128 2166 1464 1728 1998 1800 480 3192 2688 1278 2424 4416 2910 720 2760 2394 222 3390 1752 2154 1530 3942 2670 3594 1686 2376 1260 2358 2184 4104 3654 3960 972 3528 2202 2448 2970 2328 720 3408 2226 2676 1638 1392 3444 426 1656 2472 1536 1638 2772 888 2784 1662 1770 3018 3324 3006 3498 3474 3042 966 1050 1344 1350 1920 1452 1758 2382 2130 2358 1392 2604 3366 1818 3114 2934 1446 3510 3102 1962 678 1086 2802 1200 1680 3660 1854 1716 1842 2214 354 1806 3528 738 2598 1440 1092 1122 3282 3036 468 3708 516 3144 762 3612 2520 4038 3954 1926 642 3114 2796 366 3234 1608 4182 2160 1146 3054 1602 3576 1314 2838 3936 2604 3186 1356 4038 1716 3072 1218 1464 2976 2976 3522 1392 1854 2118 1308 2154 2190 2466 630 1920 1752 2010 234 
2034 2670 2634 3822 2664 2844 3420 930 894 2070 1320 600 3894 2940 3138 4308 3498 4308 1044 1242 1734 2286 1278 2232 396 3174 2802 2706 1686 1368 1554 1506 2028 3120 1086 2946 4014 888 1170 2220 2232 1620 2190 3354 1272 3936 3810 1968 3426 2580 1752 2856 2130 3174 954 3102 2370 1758 1302 1752 2928 3234 2628 1254 636 1128 270 1842 3900 2946 2820 1770 810 2454 756 744 1584 2520 1686 2118 1224 2502 1932 1350 2778 582 2724 2640 2082 2418 4530 1212 1470 2772 3372 1182 534 3252 3024 966 1638 3714 3714 1512 2964 1140 1920 510 2934 2814 936 414 1860 2850 2472 990 2130 3768 222 2052 1470 408 2472 630 1332 1380 870 1248 2616 3540 1488 990 1770 2592 1146 3546 2520 1368 3606 1800 780 3306 3036 1446 894 912 2214 708 1926 3054 750 1482 3162 2346 1704 3138 1800 1680 1140 792 4266 3060 2772 3984 1206 1752 3624 2652 1578 1818 2652 588 2016 2226 2238 2724 2208 2754 1560 1944 1482 1530 2616 2058 3144 2154 744 1428 1764 3216 2100 564 912 1998 1482 3480 3360 2346 3330 3372 3870 3714 1626 2016 2412 2034 558 2268 1824 3978 1740 3174 480 1206 762 1872 3606 1290 756 2724 
4136 4912 4312 6512 4800 4712 5824 1056 624 4008 2760 2112 6608 5168 5608 7184 5944 7184 2408 568 3704 4456 3072 3928 1208 5672 4824 5016 1232 2856 2424 2112 4136 5088 1688 4560 6168 2208 1248 3224 3888 1888 4192 5440 2984 6664 6472 3872 5928 4128 3008 4400 4232 5632 2104 5448 4592 1088 2480 3768 5240 5664 4720 2400 1944 1456 1152 2168 6144 4960 4880 3792 2360 4304 2408 2112 3440 4672 2864 3200 3056 3944 1424 2552 4976 1568 4296 4888 3392 4144 7472 3040 968 4232 5424 2680 1608 5768 5304 2536 1168 5952 5824 3400 4784 2728 3072 752 5176 5184 704 1736 2816 5192 4352 104 4256 6456 1576 3736 3336 1008 4512 1608 2840 3192 968 1896 4472 5736 2192 1816 3800 4632 2904 6160 4224 3000 6232 2944 2352 5712 5464 2288 264 2376 3784 1488 3624 4936 624 2816 5608 4288 3176 5624 3352 2344 2536 2408 7112 5392 5056 6744 1400 3736 6136 4592 3544 3848 4400 1000 4080 3376 4408 4584 4384 4392 2520 2408 576 2896 4768 3536 5368 4240 624 3288 1520 5624 3944 744 2568 3072 3400 5856 5240 3608 5528 5928 6048 6384 2864 4104 4608 3584 736 3608 3840 6736 3552 5664 1840 2344 1648 3864 6216 3080 2112 5016 
1557 2475 3609 2511 1548 4806 1845 5310 5220 1773 3159 3321 1746 1638 702 2754 1872 2664 3339 5760 1521 1737 2772 2970 4554 1188 4149 45 6210 3042 5274 4806 1152 3375 5121 4311 4545 4032 5607 4842 4482 5373 1548 3330 2457 2637 1638 1863 1278 5319 4842 4392 945 2142 4356 1296 702 6498 3708 1575 2763 1116 1791 3771 4005 5391 4374 5553 3933 2817 3978 1476 3069 4167 3195 3906 1926 2772 3924 5634 2484 5463 6633 3690 3123 4077 5499 2331 3978 4545 3177 2277 5949 5877 3537 3753 4338 1080 1521 2943 6156 3510 4050 2484 3636 2799 5247 4860 1503 1161 5229 4005 5499 405 4068 5553 1746 1782 3906 4095 1944 4680 3348 4068 3834 2133 5265 4572 2889 3303 4662 4239 1593 3609 2871 1656 4806 3510 1341 5112 3069 1476 504 5193 5391 3744 3366 4284 3906 3546 5211 4383 2313 3600 3213 936 4176 4878 3996 3312 2997 1278 2448 2115 5085 2142 1863 4176 1836 1404 3375 4662 2061 4500 1422 3069 1116 3915 5157 5463 6237 4365 3015 3483 2232 2304 5067 1989 6120 1197 3573 4851 3204 4419 1881 2214 4176 5634 2826 1224 4131 1593 3753 1062 567 3249 4932 4095 1368 2043 2124 864 3942 4527 4608 2385 1314 2232 3933 2160 
1695 1310 3785 2370 3125 280 3535 2040 2745 2820 2800 2220 3165 3290 2610 2950 3560 3020 2660 2970 2240 1570 1360 3360 1980 2350 485 2505 3395 2795 1295 3315 2010 3975 1655 4150 4745 1355 2025 3820 240 3440 2810 4070 2410 2450 3290 2775 3235 485 840 4115 2375 1850 1365 3215 2155 3350 2960 1870 1330 3155 3195 2945 1565 1845 2300 3625 4500 3710 585 1980 2290 230 1635 1470 2410 1075 3280 1045 1605 625 3550 2990 1025 2530 550 1375 3550 80 3005 1975 3205 790 4145 1105 1720 2500 3280 2390 3350 4280 4460 1355 3970 2485 935 2315 3240 2050 2795 1745 1170 2750 295 2620 1565 2785 2200 390 2230 2120 725 2570 980 2290 2080 3100 3560 4140 3285 2865 1830 635 1420 2525 155 995 2915 955 2245 3345 2600 1345 2605 1330 3470 2660 510 3990 2280 905 1755 540 3095 2450 590 3450 1140 1535 2700 3195 1380 2885 3095 1430 3570 340 1800 2000 3730 2565 1395 3755 1740 3675 1925 3940 1205 3700 3020 855 985 3405 3600 1250 2615 2190 3510 3190 560 2460 1465 3595 1955 3710 4330 860 3890 2570 4555 2865 3200 2185 2510 3325 2270 3695 2225 2940 2700 2540 1690 1200 1640 1240 3050 2225 1460 1505 
820 1520 1825 2305 1390 2200 1980 1660 1630 955 890 580 2275 1610 1650 2665 2035 2655 825 1935 505 1080 600 1400 1225 1705 2000 1290 2235 870 1810 1660 735 2060 1610 2185 2835 1065 1835 1975 1800 1910 1000 2190 450 2400 2215 885 1915 2230 1715 2160 820 1810 1235 1690 1015 2355 1130 520 1755 1765 1410 1135 980 1735 1135 2055 2645 1830 1965 515 505 1815 530 955 500 1480 1405 2140 350 2240 2460 1145 1730 1035 2350 1470 1625 1910 2860 45 2070 2485 2245 1040 1135 1755 1655 520 2195 2445 2560 645 2025 565 1925 1390 1590 1425 1640 945 1995 1420 1795 1785 950 2190 875 1585 335 1290 1600 1050 1145 340 1625 1470 1630 2300 1595 1240 550 1740 550 2020 2040 1020 2040 1830 480 1850 1560 1740 1695 925 1505 1175 1460 2055 1585 1435 1830 1590 1150 1665 1490 1750 1135 630 2665 1655 1585 2370 1660 725 2120 1925 400 550 1775 1325 930 1865 980 1740 910 1975 1765 2065 2175 1445 1605 1450 1850 1110 1530 285 2225 1760 1440 1400 620 1730 270 2070 2380 2230 2080 1855 2670 2135 1310 715 1055 1365 1430 1760 565 2360 765 1685 915 1395 1310 915 2040 270 975 1495 
2058 2550 2526 2046 1194 4170 660 4488 4290 1704 2742 3060 762 996 930 1824 588 1704 2934 4638 1896 2142 2862 2268 3966 1356 3702 1056 4866 2658 4536 3798 1776 2112 4404 2928 2640 3684 4698 3600 3996 4200 1548 1950 2412 2076 402 1800 192 4554 4248 3024 1506 2130 3900 636 1488 5094 3084 2052 2682 396 1332 3138 3648 4566 3780 4272 2160 1788 3582 1968 2868 3762 3102 3594 2058 2784 3108 4782 2652 4656 5148 3054 2982 3504 4668 2454 3012 4026 2118 2442 4716 4926 2112 3522 3852 1176 852 2748 4830 1896 2358 2676 2394 2616 4524 4116 930 1608 4278 3624 4692 804 3690 4560 2172 1248 3468 3744 2154 4026 3192 3492 3582 2250 4446 3696 2028 1818 3690 3522 2070 3354 2916 1416 4200 3366 804 4434 2880 498 912 4476 4446 3492 2532 3618 3624 2286 4374 3942 2262 3378 2634 1170 3804 3798 3678 3192 2178 678 2502 1392 4092 2454 420 3744 2220 1920 2346 3924 2388 3348 1956 2094 1764 2706 4452 4176 4980 3930 2940 2676 1218 2526 4206 2196 4758 450 3384 4086 3132 3360 2208 924 2634 4776 1554 1158 2352 1038 3012 1674 1230 2532 4182 3030 1812 1284 2034 1056 3588 4032 4050 2610 552 2334 3612 2316 
2016 3232 1728 3776 752 4880 1776 4032 3528 40 1408 2000 2936 1120 2184 4008 1888 3928 1680 3976 952 2424 2440 1096 3312 2600 4432 1568 4240 1296 4456 2832 1504 1824 4072 2368 3048 3264 4344 2728 4344 3360 200 1968 1104 3896 2640 176 1992 5056 4304 2408 952 3280 3528 1432 1624 4560 1864 1576 3576 1712 704 1944 3088 4232 2936 3472 2680 1392 4336 1400 1728 4256 2400 3080 760 3352 1952 4992 2040 5104 4624 1832 3736 2488 5248 3112 1968 4480 4392 1512 4056 5496 2088 3232 3280 2536 1248 1528 4200 2352 2592 2368 1888 1312 4648 3400 1128 2416 3504 2968 4760 1472 4200 3944 2296 3136 2552 3984 1032 3344 3720 2464 3384 1040 3960 2680 1200 2120 2688 2456 1648 3968 2416 3040 4704 3160 2664 4496 1760 1680 2000 4344 3784 3048 1432 2616 3784 1880 3784 3856 3392 3816 1312 2400 3896 2848 3384 2568 4240 1368 3272 3432 3208 2280 2096 4376 1656 1384 1560 3056 2456 2424 2128 1384 1808 2008 4384 3360 4448 3872 3576 1520 1408 2768 3440 1104 4096 1640 3656 3304 2560 2368 1416 1832 2440 5120 1760 2656 2744 2944 1816 1192 1088 1320 3512 2064 1000 3352 488 2336 2944 3792 3584 2608 2512 1176 3104 3048 
2637 3942 1836 4293 360 5940 1485 5103 4482 621 2043 2817 3069 738 2394 4419 1620 4293 2394 4977 1557 3060 3276 1278 4302 2961 5400 1791 5229 1926 5580 3564 2043 1665 5157 2538 2988 4239 5463 3267 5382 4167 531 1746 1809 4410 2664 765 1890 6201 5391 2619 1368 3861 4545 1197 2043 5607 2520 2214 4311 1584 225 2610 4050 5337 3861 4266 2511 1134 5274 2016 2502 5247 3276 4032 1422 4122 2511 6165 2835 6264 5652 2475 4545 3321 6408 3807 2385 5526 4860 2259 5040 6705 1917 4185 4266 2835 918 2277 5184 2124 2475 3159 1863 2034 5778 4383 783 2862 4455 3915 5922 1539 5175 4977 2943 3429 3429 4977 1719 4329 4590 3294 4347 1746 5022 3438 1116 1863 3402 3231 2295 4869 3258 3402 5778 4086 2835 5616 2547 1449 2196 5454 4788 3996 1683 3456 4761 1800 4815 4887 4005 4734 1809 2700 4905 3546 4365 3456 4752 1134 3969 3753 4068 3006 1881 5355 2349 1980 1593 3969 3159 2889 2709 1296 2331 2142 5499 4104 5517 4896 4383 1872 1008 3501 4392 1800 5040 1476 4572 4266 3438 2889 2106 1503 2439 6300 1431 2943 2619 3177 2367 1692 1332 1656 4509 2439 1566 3636 1107 2592 3888 4833 4608 3375 2592 1890 4068 3699 
2604 3647 868 3934 798 5124 1421 4137 3479 882 1568 2359 2884 931 2443 3997 1533 3892 1890 3822 1694 2954 2968 623 3514 2898 4732 1995 3934 1491 4648 2555 2149 735 4249 1386 1813 3612 4424 2135 4648 3031 931 896 1645 4018 2534 945 1925 5271 4571 1470 1631 3605 3836 1365 2184 4263 1848 2233 3941 1708 602 1925 3430 4354 3094 3052 1533 392 4648 2086 2121 4585 2863 3437 1470 3773 1694 5159 2618 5299 4249 1792 4109 2625 5432 3542 1470 4774 4340 2128 3815 5649 980 3626 3549 2793 1099 1925 3906 1288 1421 2926 847 1729 4865 3500 1015 2828 3437 3283 4935 1778 4529 3906 2849 3227 2800 4340 1722 3507 4109 2583 3773 1687 4060 2527 280 1078 2436 2436 2303 4326 2933 3227 4970 3591 2744 4732 2170 1512 2296 4543 3759 3444 896 2681 4165 805 3850 4179 3717 4200 1232 2688 4242 2499 3752 3017 4277 1330 3675 3472 3038 2849 1771 4683 2303 2065 665 3115 2996 1834 2681 406 2394 1092 4599 2898 4256 4193 3969 1099 798 3269 3437 1792 3738 1603 4053 3367 3031 1890 2086 1281 1302 5292 847 2877 1561 3017 1624 1876 1638 966 3612 1449 1729 3374 1099 2604 3283 4088 3829 3143 2534 1799 3465 3465 
2826 3375 4950 5310 4536 3105 5589 1314 2331 3717 2979 1800 5859 4932 4698 6183 5688 6219 2610 2754 2916 3051 1485 4266 963 4581 3159 4158 3510 3024 1260 3483 3060 5571 918 5490 6948 225 1485 4536 2178 3627 3834 5859 2592 5490 5850 3582 5409 2646 1413 5382 3447 4284 225 5058 3555 3474 3078 2628 3708 5157 4554 3024 315 1215 1557 3969 6687 5220 3222 2745 2052 2592 1071 306 2907 3060 3672 2007 1719 2529 3816 3150 3357 2088 2862 3375 4248 2466 6453 2106 3177 2943 5931 756 486 4761 5013 2295 3438 6363 6480 1854 5409 2538 1683 1566 4896 3987 2430 603 1665 4491 2637 2169 2853 5499 1494 1953 2637 1206 2817 2160 918 2592 1323 3096 4788 6102 3456 2700 2619 2943 1350 5094 2601 1125 5400 1503 1980 5346 4581 1116 2115 495 4329 2286 1809 5508 1566 1008 4221 2547 3564 4608 1539 3744 576 909 5985 5004 3537 5787 2988 2259 5832 2907 2367 2817 4932 2025 2583 4509 3105 4977 3204 5166 1215 4131 2916 1089 3132 4122 5355 2673 2097 2547 3708 5157 2169 1827 999 4176 2394 5760 6030 2313 5733 4932 6696 5490 3564 3186 3852 4050 1494 4518 3006 5814 3303 4698 549 603 468 2277 5481 2439 279 3546 
3255 4081 2982 5355 3521 4270 4417 1400 238 2842 1680 1323 5243 3836 4403 5866 4522 5852 1400 602 2702 3584 2464 2667 1120 4529 4256 3864 1001 1771 2513 1099 3157 3675 1862 3199 4613 1981 1659 2065 3549 1015 3010 3990 1995 5488 5082 2723 4571 3885 2898 3059 3150 4627 1988 4116 3542 1162 1400 2870 4389 4333 3437 1323 1687 1764 679 1288 4599 3584 4277 2856 1491 3843 1855 1827 2415 3927 1722 3206 2352 3766 1309 1463 4228 714 4046 4046 2177 3766 6146 2191 756 4053 3969 2352 1477 4585 3969 1603 945 4445 4312 2723 3402 1743 3031 686 3857 4137 196 1442 2877 3969 3864 728 3402 5187 959 3360 2366 938 3885 721 2520 2219 1302 875 3150 4249 1148 805 2905 4018 2310 4963 3878 2590 4935 2898 1505 4347 4270 2380 588 2044 2534 574 3227 3542 945 2639 4627 3731 2016 4452 3052 1309 2282 1918 5866 4067 4193 5446 518 2982 4711 4074 2688 2905 3073 308 3290 2177 3493 3241 3416 3052 2562 1456 1022 2702 4046 2310 3976 3479 308 2345 1064 4291 3437 455 2051 1911 2513 4417 3794 3528 4088 4725 4515 5096 1722 3087 3472 2359 798 2373 2828 5425 2436 4473 1526 2261 1645 3157 4886 2142 1841 4123 
855 915 2855 2020 2215 1165 2675 1695 2150 1890 1910 1390 2510 2395 1890 2535 2710 2575 1790 2420 1315 850 450 2430 1445 1725 985 1695 2815 1895 1315 2530 1130 3040 1415 3225 3815 840 1775 2965 810 2710 1885 3140 1490 2115 2575 1840 2435 1270 985 3200 1475 1445 970 2355 1330 2845 2100 960 1090 2330 2275 2095 980 1610 1640 2885 3575 2780 970 1065 1425 775 825 875 1480 730 2405 1420 685 1325 3010 2125 910 1775 1380 920 2655 890 2665 1045 2630 1565 3215 555 1195 1855 2400 1505 2775 3360 3530 425 3040 1585 1210 1760 2350 1395 2190 1120 1380 1925 755 2135 780 2225 1465 585 1300 1570 650 1805 515 1360 1705 2320 2630 3220 2490 2080 925 760 535 1980 1030 345 2250 1145 1380 2500 1855 1300 2085 715 2545 1915 465 3060 1820 765 1395 575 2185 1785 595 2655 685 755 2390 2330 1005 2365 2390 540 2740 890 875 1095 2795 1905 600 2880 960 2740 1100 3010 1230 2930 2560 740 780 2490 2695 565 2020 1255 2885 2355 400 1865 660 2725 1025 2830 3395 1405 2975 1945 3625 2255 2320 1290 1640 2405 1740 2790 1305 2395 1770 1855 1055 955 1230 405 2345 1300 880 1030 
3760 3312 6752 5016 5944 1328 6696 3072 4416 5368 5056 4032 6248 6248 5328 5944 6752 6056 4768 4664 4472 3640 2960 6104 3248 4944 1944 5096 5352 5072 1704 5592 4224 7176 2440 7288 8416 2440 2920 6536 1160 5672 5392 7368 4552 5144 6432 5272 6280 448 1248 7208 4776 4176 2312 6184 4520 5192 5216 3944 3352 6128 6032 5176 2768 2672 3856 5984 8088 6792 2128 4112 4216 1584 3168 2664 4664 2928 5744 952 3352 296 5544 5280 2864 4360 392 3400 6232 1168 6024 3920 5072 104 7472 2240 2888 5184 6256 4408 5288 7752 7976 3064 7112 4600 1064 3736 6176 4456 4504 3048 1312 5480 1696 4072 3592 5664 3840 1496 4376 3448 2376 4424 2056 4424 3160 5248 6488 7520 5576 4912 3888 2240 2992 5248 976 2240 5848 1208 4144 6408 5304 1840 4096 2536 6216 4528 1672 7168 3552 1656 4032 2056 5568 5096 1504 5832 2168 2992 5536 6144 3424 5832 5104 3280 6792 1744 3792 4160 6704 4248 3304 6496 3880 6664 4152 6976 1608 6152 4616 1608 2792 6072 6712 3120 4216 4304 5608 6176 1984 4008 2928 6208 3984 6944 7680 520 7144 5304 8144 5784 5632 4480 5040 5976 3624 6472 4488 5920 5104 5232 2984 1976 2640 3016 6048 4304 2640 3608 
1000 2310 4230 4000 2990 3810 4030 3580 3820 2270 2500 1810 4220 3390 2940 4790 4120 4800 2380 4420 1140 1470 770 3380 2790 2910 3340 2320 5080 2440 3530 4030 1090 4580 3320 4990 6120 2110 3880 4670 3110 4520 2290 4780 1570 4190 4190 2180 3720 4010 3160 4950 1590 2960 2470 3410 1650 5280 2990 620 2780 3460 3090 3000 2080 3620 2780 4820 5660 4060 3260 760 1720 3040 1220 1970 1460 2240 3530 4040 390 4080 5530 3020 2740 2720 4240 2220 3940 3290 5160 700 4740 4570 4930 1860 2470 3070 3420 1770 5000 5240 5560 650 4580 1850 3610 3230 3310 2300 3860 2130 3830 2690 2980 4040 1210 3920 2290 2660 1100 2960 2510 2760 2000 1250 3540 3650 3750 4950 3910 3180 610 2800 830 3520 3570 1680 3720 3430 1660 3720 2800 3420 3880 1790 3640 3000 2410 4610 3550 2610 2980 2530 2970 2890 2570 4230 2100 1310 4730 3350 2450 4260 3990 720 4240 3220 330 840 4100 3220 1130 4440 1340 3980 1320 4550 3400 4850 4860 2610 2490 3560 3940 1490 3600 1020 5100 3480 2280 3310 1190 4180 540 4290 5290 4140 4480 3270 5750 3860 3340 1260 2010 3370 3280 4200 1160 4270 2040 2960 2040 2690 2760 1110 3790 1160 1990 2290 
2192 2648 4368 4376 3848 2528 4752 1520 2352 3152 2640 1608 4904 4192 3872 5152 4832 5192 2336 2744 2384 2368 1008 3728 1152 3744 2512 3424 3408 2664 1272 3248 2440 4864 1128 4872 6096 144 1672 4128 1712 3424 3232 5096 2200 4528 4912 3040 4552 2216 1192 4792 2824 3456 408 4272 2864 3408 2792 2064 2944 4336 3880 2752 424 1416 1600 3720 5832 4528 2552 2176 1792 2024 792 272 2424 2368 3320 1824 1264 2152 3696 2848 2640 1992 2408 2648 3808 1960 5392 1688 3112 2536 5176 336 736 3912 4248 2000 3344 5528 5664 1320 4744 2200 1496 1680 4152 3216 2424 712 1568 3728 2056 2248 2208 4560 1456 1472 2160 1368 2168 2056 512 2152 1528 2896 4168 5296 3208 2536 2048 2288 912 4200 2104 656 4488 1336 1728 4520 3776 1176 2184 144 3816 2192 1320 4824 1728 768 3400 1944 3152 3776 1136 3472 264 624 4976 4216 2792 4816 2872 1680 4944 2296 1832 2240 4328 2024 1960 4072 2440 4336 2544 4576 1192 3848 2920 816 2440 3656 4592 2024 2136 2088 3560 4344 1608 1888 640 3784 1896 4928 5312 2032 4952 4064 5856 4560 3208 2576 3176 3576 1632 4040 2448 4840 2808 3864 624 600 768 1680 4584 2024 256 2808 
1220 820 5640 1840 3590 3560 4010 5510 6000 3450 4450 4010 2920 3770 1860 2810 4010 2880 4460 6600 2520 720 2470 4830 4830 1290 2760 1920 7270 4360 4910 6160 1660 5590 5050 6440 6980 3820 5730 6580 3450 6680 3290 5610 3500 2040 3200 3470 3220 4340 4190 6470 2280 760 4140 3410 1460 7460 5020 1870 1100 3140 3820 5060 3980 5420 4960 6960 6320 4980 2560 1990 3870 2940 3290 3810 3080 1250 5460 5020 2490 4560 7720 5030 1550 4920 4500 670 5730 3430 3090 2800 6930 4970 5820 3320 4420 1590 3660 3870 7200 5850 6420 2050 5790 3860 4620 5360 3630 740 6050 4150 5000 2410 2810 6160 980 2220 4480 3090 2860 5050 1950 4950 3290 3100 5500 5800 4930 5610 6020 5340 1780 2200 2670 1710 3700 2930 2420 4520 3820 3590 1900 4870 6020 3520 5210 5200 2950 5740 5610 3800 810 2320 4770 1510 3340 6320 3600 3290 2590 3390 760 2470 6180 1620 3950 2860 2050 1960 5420 5410 1200 6280 920 5150 1230 5990 4730 6960 7000 3740 1490 5240 4430 1140 5770 2840 7300 3260 2440 5480 3110 6090 2390 4430 6450 4870 5090 1740 6530 2330 5260 2010 2250 5000 5380 5930 2360 2550 3580 1700 4040 4170 4590 1540 2720 3100 3820 440 
2394 2688 3684 4008 3516 2214 4230 558 1536 2958 2364 1584 4416 3786 3648 4602 4296 4638 2094 1734 2454 2520 1500 3252 708 3558 2358 3294 2250 2400 522 2490 2556 4140 108 4008 5046 642 558 3258 1602 2502 3042 4344 2184 4122 4416 2862 4122 1752 918 3924 2808 3318 438 3882 2886 2154 2364 2268 2886 3948 3516 2316 672 348 1194 2736 4902 3924 2424 2346 1776 1956 1218 720 2424 2448 2754 1110 1662 1626 2406 2418 2616 1626 1884 2694 3150 1794 4776 1902 2034 1854 4380 924 552 3678 3840 1944 2202 4692 4740 1734 4002 2112 972 1038 3762 3156 1608 768 834 3510 2004 1290 2400 4164 1284 1536 2250 834 2226 1680 978 2208 612 2244 3624 4518 2496 2022 2262 2280 1416 3894 1836 1170 4110 876 1734 4074 3570 408 1302 834 3264 1722 1476 4080 894 822 3264 2016 2754 3582 1242 2676 762 1122 4458 3840 2796 4356 2076 2004 4398 2178 2094 2394 3690 1446 2208 3282 2574 3738 2652 3810 564 2874 1740 882 2478 3114 4050 2244 1392 2196 2430 3948 1770 1242 1182 3048 2106 4338 4410 1392 4284 3798 4890 4164 2694 2640 3084 3084 948 3330 2514 4374 2664 3642 780 474 306 1992 4170 2106 702 2820 
1080 1380 2625 2440 2190 1500 2730 1230 1655 1780 1585 985 2775 2395 2135 2925 2775 2950 1430 1925 1260 1185 345 2210 945 2045 1420 1860 2320 1585 1045 2095 1245 2890 1005 2965 3665 385 1335 2585 1035 2245 1815 3020 1240 2540 2790 1715 2575 1420 885 2920 1515 1870 550 2420 1510 2345 1730 1020 1575 2445 2220 1715 485 1185 1145 2425 3475 2660 1425 1100 1065 1150 405 385 1330 1220 2050 1315 540 1415 2515 1760 1410 1320 1545 1375 2335 1170 3075 860 2135 1665 3075 215 705 2150 2425 1170 2280 3275 3390 530 2840 1280 1100 1260 2360 1710 1695 620 1195 2060 1155 1635 1080 2555 995 840 1155 1075 1140 1355 310 1170 1230 1880 2460 3130 2060 1640 1000 1235 305 2325 1280 235 2515 1010 1020 2575 2075 1000 1590 230 2290 1455 725 2880 1325 605 1840 1030 1890 2065 690 2225 335 305 2820 2390 1470 2710 1915 755 2840 1305 880 1135 2585 1415 925 2525 1225 2570 1300 2765 985 2490 2060 615 1280 2205 2660 980 1520 1110 2395 2455 825 1365 235 2360 950 2850 3195 1400 2905 2245 3500 2555 1970 1345 1725 2140 1245 2475 1290 2730 1595 2125 555 630 770 755 2575 1095 390 1465 
1392 1104 4624 1000 2856 3288 3016 4928 5256 2904 3864 3616 1880 2936 1192 1704 3000 1760 3912 5736 2280 1072 2488 4008 4368 616 2632 1456 6256 3784 4472 5272 1600 4480 4576 5264 5528 3592 5112 5520 3272 5720 2736 4448 3120 1152 2168 2936 2304 3968 3896 5304 1968 424 3848 2576 1296 6424 4336 1856 1184 2304 3064 4368 3704 4864 4424 5928 4960 3984 2456 1920 3488 2832 3120 3568 2736 1480 4640 4552 2464 4160 6616 4336 1632 4352 4080 1008 4808 3240 1952 2632 5984 4464 4632 3200 4048 864 2816 3456 6200 4584 5088 2152 4688 3424 4232 4768 2816 488 5288 3824 4544 1800 2728 5416 1264 1256 4032 3000 2600 4536 2040 4368 3176 2792 4912 5000 4016 4408 5152 4648 1800 2208 2640 840 3448 2888 1512 4152 3456 2672 1280 4440 5296 3344 4328 4568 2888 4624 4992 3584 592 2344 4056 856 3208 5384 3416 3136 1584 2568 1000 1440 5352 1792 2904 2736 2040 1880 4432 4776 1488 5256 1120 4176 1256 4904 4328 5904 6080 3536 1632 4392 3456 1448 5080 2592 6248 2408 2480 4848 2992 5136 2280 3376 5184 4424 3992 944 5152 1384 4488 1824 1848 4192 4800 4944 2136 1512 3080 1016 3736 3880 4200 1768 1784 2816 3576 792 
1120 1645 3479 3073 2737 2177 3465 2072 2527 2198 2107 1372 3486 3017 2590 3724 3528 3752 1932 2919 1435 1288 98 2884 1610 2478 1953 2212 3451 2093 1855 2975 1358 3794 1792 3983 4879 924 2240 3570 1596 3241 2226 3955 1547 3206 3514 2121 3220 2205 1568 3934 1757 2282 1162 3024 1722 3521 2366 1050 1939 3045 2793 2359 1001 2030 1792 3479 4578 3451 1932 1169 1414 1645 609 882 1589 1463 2793 2184 441 2233 3738 2401 1764 1925 2366 1617 3157 1757 3948 945 3192 2576 4046 672 1309 2618 3045 1533 3395 4291 4487 350 3759 1652 1876 2009 2961 2016 2569 1134 2044 2499 1624 2562 1134 3192 1519 1295 1337 1771 1463 1967 756 1393 2065 2681 3199 4088 2912 2338 1022 1631 175 2877 1932 532 3129 1757 1358 3241 2513 1792 2478 693 3031 2128 1120 3794 2156 1183 2254 1379 2506 2499 1176 3143 854 553 3598 2982 1764 3416 2807 672 3605 1820 868 1218 3409 2149 931 3458 1330 3353 1428 3689 1757 3535 3157 1183 1582 2940 3402 1050 2345 1274 3521 3066 1127 2128 413 3241 1001 3647 4256 2254 3759 2758 4634 3185 2674 1512 2037 2828 2016 3346 1456 3437 1981 2583 1050 1274 1442 721 3213 1295 896 1729 
5360 6750 1980 6700 2460 9040 2380 7640 6530 3020 3920 5140 4740 2280 4570 6500 2480 6300 4390 6960 4160 5800 6030 2400 6770 5310 8440 4140 6970 3830 8440 4960 4690 930 7860 2130 960 6970 8060 3940 8410 5580 3020 530 4160 6790 4140 3140 3380 9310 8340 2370 3940 6480 7290 2760 4610 7490 4180 4900 7130 3200 2270 4290 6700 7980 6120 5510 390 1250 8290 4690 4810 8270 5910 6720 3900 6990 3770 9180 5540 9370 7390 4100 7450 5400 9540 6590 3210 8580 6990 4850 6870 9860 520 6990 6860 5080 2430 4530 6950 360 470 5940 1390 4240 8760 6680 2420 5400 6460 6480 8870 3700 8190 7190 5690 5480 5740 7960 4260 6740 7540 5340 7190 4220 7530 5030 1740 440 4800 5030 4990 7840 5990 5640 8860 6930 4730 8570 4880 2750 4390 8290 6980 6730 2560 5440 7720 1160 7190 7780 6670 7700 3330 4980 7850 4790 7170 6120 7050 2760 6760 5770 5770 5790 2780 8390 5040 4640 1800 6070 5950 3530 5400 1570 4990 2030 8380 5230 7600 7800 7280 2890 1620 6320 6520 4350 6620 3050 7520 6470 6140 3780 4750 1920 1220 9370 960 5140 490 5140 3740 4310 3800 2810 6850 3020 4180 5600 3380 4810 6480 7650 7260 6190 4340 4380 6760 6450 
895 850 2960 1970 2290 1060 2730 1785 2260 1975 2025 1510 2510 2465 1905 2500 2760 2540 1910 2530 1400 850 565 2535 1545 1720 865 1730 2930 2010 1355 2650 1190 3135 1485 3330 3905 930 1855 3080 740 2830 1970 3225 1600 2065 2590 1935 2470 1205 990 3310 1545 1390 1050 2410 1370 2950 2220 1035 1010 2375 2355 2215 1080 1680 1755 3005 3660 2870 850 1140 1540 670 945 980 1575 645 2525 1415 795 1275 3120 2245 810 1895 1310 865 2770 805 2615 1155 2745 1510 3305 640 1295 1850 2460 1620 2885 3440 3620 520 3140 1700 1210 1865 2415 1390 2300 1225 1395 1970 645 2240 800 2210 1585 520 1400 1680 530 1925 580 1460 1795 2440 2725 3300 2610 2200 995 640 655 1960 950 430 2255 1150 1500 2550 1875 1345 2190 815 2655 2035 410 3155 1920 800 1335 455 2295 1785 575 2775 760 875 2335 2385 940 2340 2510 600 2785 780 960 1165 2895 2020 615 2995 980 2840 1140 3115 1265 3050 2660 765 685 2600 2765 545 2130 1355 3000 2405 290 1975 780 2845 1120 2890 3495 1375 3055 1940 3715 2250 2435 1355 1700 2515 1845 2905 1385 2375 1870 1860 1165 1015 1315 430 2360 1405 980 980 
2285 2935 1200 2825 845 4150 645 3720 3280 1255 1915 2440 1820 685 1770 2705 695 2605 2135 3525 1770 2480 2725 1220 3275 2145 3820 1595 3595 1855 4015 2600 1960 695 3770 1420 1015 3270 3920 2210 3875 2930 1205 485 1900 2860 1520 1330 1145 4335 3910 1525 1590 2750 3440 870 1870 3835 2115 2100 3110 1070 800 2170 3160 3860 2990 2930 625 575 3740 1995 2270 3770 2735 3155 1710 3075 1985 4340 2485 4380 3815 2075 3290 2665 4445 2855 1770 3945 2950 2170 3515 4625 615 3240 3270 2020 725 2135 3575 395 780 2645 975 1990 4125 3280 745 2220 3250 3080 4205 1355 3725 3580 2440 2200 2770 3650 1870 3275 3370 2635 3325 1885 3670 2595 885 330 2515 2535 2140 3520 2720 2290 4085 3180 1825 4035 2300 840 1690 3945 3475 3135 1380 2710 3530 855 3530 3630 2850 3470 1675 1975 3625 2545 3340 2835 2980 870 2930 2340 2960 2535 845 3810 2195 1970 1060 3015 2585 1990 2285 865 2075 1295 3970 2810 3835 3635 3215 1540 365 2760 3250 1920 3445 995 3405 3195 2830 2075 2080 415 1065 4410 205 2040 775 2025 1940 1780 1475 1460 3360 1715 1760 2255 1500 1890 3070 3605 3465 2730 1625 1965 3175 2770 
4590 5210 6140 7380 6170 4470 7400 290 2050 5200 3970 2780 7920 6620 6640 8340 7520 8380 3510 2250 4490 4860 3110 5500 1110 6550 4730 5990 3100 4060 1480 3830 4780 6990 620 6610 8460 1720 190 5180 3460 3730 5370 7370 3870 7570 7870 5030 7310 3640 2290 6440 5120 6230 1440 6850 5350 2880 3860 4300 5560 7010 6140 3760 1610 270 1810 4110 8290 6700 4830 4400 3120 4060 2480 1750 4340 4840 4460 2440 3290 3400 3320 3940 5140 2570 3840 5220 5140 3770 8640 3570 2760 3740 7400 2270 1220 6730 6740 3390 3020 7980 7970 3520 6700 3680 2300 1360 6600 5890 2180 1590 1970 6310 4140 1510 4640 7560 2150 3350 4100 1170 4500 2660 2390 3990 420 3460 6150 7690 3870 3160 4300 4590 2940 7130 3830 2690 7410 2160 3060 7180 6490 1320 1580 2030 5440 2660 3260 6860 940 2170 6160 4150 4600 6560 2860 4140 2020 2370 8130 6780 5400 7890 3030 3980 7720 4420 4000 4480 6190 2090 4350 5280 4910 6320 4990 6320 1620 4370 2170 2270 4900 5160 7010 4450 1850 4020 3450 7000 3740 1690 2520 4890 3960 7530 7350 2960 7340 6930 8230 7540 4390 4870 5590 5150 1180 5440 4610 7910 4670 6650 1660 1590 950 4010 7480 3820 1730 5420 
1715 1106 4809 2625 3745 889 4270 3017 3815 3381 3542 2828 3696 3962 2926 3423 4298 3521 3388 4179 2576 1491 1505 4214 2779 2555 497 2807 4746 3514 2177 4424 2177 5005 2534 5341 6069 1883 3066 5026 819 4662 3346 5110 2933 2744 3885 3332 3815 1393 1554 5313 2702 1876 1988 3829 2338 4753 3822 2030 1162 3717 3864 3815 2135 2814 3122 4907 5691 4620 476 2177 2877 406 2030 1988 2863 777 4242 2023 1813 1575 5005 3857 749 3353 1498 1190 4585 756 3528 2303 4487 1834 5229 1470 2415 2765 3934 2982 4690 5376 5670 1400 5040 3080 1792 3241 3885 2142 3878 2366 2114 3157 315 3738 1512 3171 2912 672 2618 2968 294 3395 1330 2723 3052 4123 4445 5187 4368 3787 1960 252 1631 2807 938 1211 3346 1771 2814 3997 2926 2205 3689 1764 4396 3549 686 5054 3269 1456 1750 77 3913 2702 987 4599 1596 1918 3108 3801 1211 3311 4200 1414 4298 420 1967 2205 4711 3500 1295 4900 1743 4606 2023 5040 2044 4984 4319 1393 665 4333 4403 1057 3633 2562 4865 3780 364 3409 1792 4697 2212 4522 5537 1841 4830 2870 5789 3276 4116 2436 2856 4207 3199 4767 2534 3388 3276 2828 2275 1848 2387 1120 3542 2653 1981 1372 
2737 3052 4340 4599 4102 2471 4928 763 1897 3458 2800 1890 5110 4417 4214 5306 5005 5341 2492 2135 2849 2877 1701 3836 910 4095 2639 3808 2737 2842 518 2989 2947 4858 231 4732 5922 707 756 3878 1757 3017 3549 5096 2562 4732 5117 3353 4781 1932 959 4634 3262 3794 455 4515 3325 2625 2821 2618 3276 4585 4109 2765 784 504 1470 3290 5740 4606 2716 2709 2107 2170 1414 819 2828 2772 3276 1204 1911 1785 2919 2877 2961 1967 2086 3066 3738 1981 5495 2212 2485 2058 5145 1008 686 4242 4480 2296 2681 5495 5558 1974 4711 2499 1029 1309 4382 3626 1981 931 882 4067 2226 1617 2737 4802 1554 1680 2618 1064 2499 2030 1050 2583 826 2702 4256 5292 2996 2436 2604 2555 1610 4480 2030 1288 4753 910 2051 4739 4123 385 1631 931 3850 2086 1617 4795 1155 854 3724 2254 3255 4123 1337 3206 812 1288 5124 4466 3178 5019 2513 2282 5110 2429 2415 2765 4347 1778 2513 3899 2947 4396 3052 4494 553 3444 2142 924 2800 3682 4732 2548 1722 2555 2940 4592 1967 1547 1351 3633 2443 5061 5187 1519 5012 4375 5733 4809 3199 3052 3577 3640 1211 3948 2919 5047 3122 4200 924 455 406 2261 4830 2464 791 3213 
4275 5589 2322 6840 3600 6480 4689 3393 1971 2853 1395 2016 6183 3960 5256 7290 4833 7218 1368 2232 3177 4779 3726 2133 2817 5598 6282 4536 2169 1503 4662 360 3933 3276 3888 2475 4347 3654 3753 1008 5607 954 3105 3708 2223 6993 5859 2736 5112 6192 4977 2286 3645 6048 3780 4428 4329 2637 855 3690 6012 4797 3420 819 3276 3834 2097 1026 4437 3285 6264 3582 1980 5841 3051 3411 2682 5508 756 5517 3393 6102 2556 864 5949 1476 6417 5499 1215 5868 7695 2889 2088 6516 3636 4005 3159 5598 4158 1908 2151 4293 4014 3951 2862 1890 5229 2430 4023 5220 1872 2961 5130 4518 5832 2610 4545 6327 2070 5283 2808 2655 5643 1404 4239 2592 3276 549 2727 4077 216 864 3762 5877 3555 6138 6048 4203 5859 5058 2043 4698 5058 4491 2439 3609 1836 1305 5076 3060 2844 4554 6102 5553 1431 5427 4959 324 4005 3222 7434 4374 5706 6669 1134 4149 5112 6102 3546 3618 2484 1773 4527 1125 4545 2781 4320 2340 4689 909 2799 4617 5715 1548 3969 4842 2052 2817 1881 4707 5220 2142 3366 783 3222 4581 3294 5877 3951 5751 4275 6138 864 3708 3978 1692 2592 1431 3348 6597 2421 5400 3033 4167 3474 4473 5706 2574 3438 5535 
1088 2320 2632 3064 1336 3992 2168 3696 3536 896 1776 1840 2656 1640 1704 3464 2248 3416 1888 4016 248 1512 1688 1968 3000 1952 3520 1080 4416 1680 3856 3224 584 2728 3600 3272 3936 2680 3976 3400 3504 3712 832 2840 1088 3200 2512 880 2024 4240 3592 3288 272 2448 2968 1688 832 4664 2256 672 2664 1784 1432 2304 2592 3816 2792 3888 3520 2280 3416 504 1624 3376 1864 2536 632 2424 2528 4296 1328 4312 4792 2248 2816 2512 4424 2200 2688 3624 3824 968 4176 4704 2984 2544 2856 1968 1680 1512 4360 3168 3480 1544 2816 1400 3952 3232 1584 1632 3536 2552 4112 1240 3312 3840 1368 2640 2376 3152 616 3088 2808 2512 2664 792 3648 2992 2120 2944 3096 2680 744 3048 1704 2440 3856 2408 2304 3808 1616 1936 1544 3760 3696 2440 2264 2704 2960 2808 3560 3152 2536 2920 1936 1816 3104 3312 2728 2000 3584 1632 2368 2936 3424 1384 2368 3472 816 472 2472 3040 1536 3136 1216 2304 920 2904 3768 3832 4440 3152 2648 2288 2104 1840 3392 656 4344 1776 2776 3208 1944 3008 680 2360 3368 4376 2544 2112 3616 2504 2368 296 656 2096 3312 2840 136 2896 960 1808 2504 3184 3128 1712 2264 880 2560 2144 
3843 4606 3563 5943 4186 4564 5082 1400 469 3500 2338 1953 5894 4501 5047 6482 5187 6475 2058 56 3346 4151 2982 3297 1421 5145 4627 4508 595 2429 2597 1533 3787 4277 1953 3717 5166 2324 1582 2485 3836 1253 3675 4599 2653 6076 5740 3381 5236 4074 3094 3570 3801 5194 2261 4781 4172 560 2030 3479 4900 4998 4095 1953 2065 1764 1190 1470 5201 4214 4669 3479 2142 4186 2373 2212 3073 4417 2289 3283 2912 3927 798 2086 4697 1372 4228 4571 2723 4060 6755 2814 357 4179 4564 2730 1792 5215 4627 2261 539 5054 4893 3255 3983 2408 3164 959 4515 4739 469 1855 2954 4627 4221 525 3976 5817 1533 3689 3017 1232 4319 1386 2877 2877 1323 1407 3780 4872 1624 1435 3514 4438 2828 5579 4137 2996 5579 3052 2149 5012 4914 2478 518 2443 3136 1239 3577 4130 987 2905 5180 4137 2646 5082 3360 1715 2618 2408 6454 4732 4725 6076 910 3535 5376 4431 3290 3528 3668 903 3843 2660 4081 3857 4025 3605 2681 1694 385 2968 4515 2905 4627 4004 623 2989 847 4949 3836 826 2541 2401 3136 5075 4347 3640 4718 5355 5096 5740 2310 3724 4123 2975 1001 2898 3472 6055 3101 5110 1939 2492 1876 3675 5544 2793 2219 4669 
2848 4096 968 4800 1552 5472 2488 3848 3008 1024 872 1872 3928 1848 3216 5048 2624 4952 1240 3392 1720 3288 2912 344 3160 3632 5120 2600 3520 800 4576 1976 2392 1536 4048 1544 2728 3432 4184 1704 4832 2512 1224 1856 1240 4920 3592 968 2912 5496 4592 1520 1928 4248 3656 2288 2600 3896 1136 2336 4456 2640 1376 1224 3176 4136 2632 2576 2584 1360 5040 2184 1632 4856 2616 3216 1304 4144 1008 5224 2512 5496 3888 1072 4544 2056 5696 3984 928 5016 5424 1928 3384 5888 1864 3536 3256 3568 2032 1416 3488 2360 2328 2952 1344 1200 4904 3080 1912 3408 2960 2968 4936 2496 4816 3504 3128 4168 2328 4488 1568 3120 4440 2008 3720 1440 3752 1912 880 2136 1832 1816 2416 4672 2824 4072 5224 3568 3680 4744 1696 2512 3040 4440 3336 3272 464 2104 4288 1440 3480 4144 4344 4472 432 3432 4320 1936 3640 2800 5272 2240 4152 4464 2496 2968 2872 5016 2328 2192 928 2608 3224 1392 3016 1008 2728 1208 4536 2424 3896 4176 4360 488 1864 3536 2976 1624 3312 2544 4248 2912 2848 1352 2032 2400 1904 5432 1936 3696 2536 3968 896 2104 2120 288 3208 1040 1832 4384 856 3376 2984 3968 3584 3304 3504 1528 3248 3952 
2860 3860 3700 3420 1360 6480 980 6770 6430 2140 3860 4380 1660 1150 1320 3300 970 3130 4180 7010 2450 3080 4120 3180 5900 2080 5740 1190 7400 3730 6900 5650 2330 3140 6650 4420 4230 5470 7130 5390 6120 6310 1870 2970 3300 3510 1200 2300 390 7050 6470 4550 1820 3320 5830 530 1900 7780 4450 2760 4140 100 1630 4540 5390 6920 5580 6450 3480 2560 5550 2610 4060 5770 4480 5300 2710 4210 4520 7360 3750 7200 7870 4400 4580 5120 7250 3690 4410 6190 3790 3360 7150 7670 3230 5220 5720 1820 920 3860 7340 3010 3720 3840 3550 3640 6920 6140 1010 2320 6410 5340 7180 710 5660 6880 3080 2230 5060 5690 2870 6000 4870 5100 5330 3030 6700 5460 2850 2830 5470 5160 2800 5150 4200 2360 6480 4980 1500 6760 4080 550 1180 6800 6690 5150 3630 5320 5470 3400 6580 5940 3530 5140 3720 1740 5750 5660 5470 4630 3790 570 3810 2550 6110 3490 920 5780 3040 2530 3400 5820 3430 4970 2730 3000 2370 4020 6770 6290 7580 5930 4480 3850 1690 3710 6280 2940 7230 230 5110 6080 4540 4970 2990 1430 4040 7380 2330 1860 3750 1900 4350 2110 1360 3600 6250 4460 2320 2400 2690 1560 5280 6060 6060 3780 1160 3170 5330 3490 
1335 2025 1630 2820 1575 2545 2205 1420 1170 1080 540 145 2700 1805 2095 3155 2275 3140 375 1470 880 1600 975 1255 975 2195 2405 1710 1735 555 1820 1150 1220 1985 1500 1940 2745 1110 1625 1540 2090 1390 1180 2165 415 2915 2595 995 2250 2465 1855 1885 1205 2330 1245 1955 1490 1880 680 1030 2255 2085 1540 670 945 1570 735 1540 2625 1815 2385 1005 25 2175 650 975 695 1965 995 2230 785 2445 1970 710 2210 540 2590 1980 1280 2220 3360 550 1580 2690 2190 1225 1000 2230 1875 160 1700 2460 2485 1095 1880 305 2040 1025 1800 1930 1170 815 2050 1800 2170 1385 1470 2660 490 1895 645 985 2040 540 1350 545 1375 955 1555 2310 1095 720 1065 2170 885 2510 2340 1290 2475 1940 40 2125 2000 1735 1285 1030 1280 665 1770 1940 1260 1585 2350 1995 860 2135 1745 1255 1265 760 3175 1920 2095 2845 1145 1220 2390 2310 920 1035 1620 865 1435 1470 1500 1655 1415 1750 1800 1555 1740 1610 2080 1175 1970 1605 1090 625 1715 2060 1820 985 815 1310 770 2250 2225 2380 2130 2330 2610 2595 915 1160 1440 1130 1090 1425 970 2830 800 2150 825 1445 1200 1390 2450 485 995 2010 
495 680 2550 1015 1505 2015 1720 2745 2905 1465 2025 1875 1285 1590 695 1405 1725 1415 2050 3205 1035 380 1220 2155 2375 500 1630 675 3525 1975 2535 2900 610 2510 2550 2950 3200 1930 2875 3070 1905 3180 1370 2515 1555 1110 1385 1475 1345 2365 2215 2975 875 585 2100 1420 455 3635 2315 770 840 1295 1625 2340 1980 2725 2390 3310 2870 2205 1535 805 1785 1685 1590 1900 1320 865 2515 2640 1175 2465 3750 2320 1045 2330 2450 600 2630 1915 1585 1255 3355 2675 2625 1710 2190 625 1540 1765 3485 2635 2920 1015 2615 1745 2435 2615 1525 165 2920 2040 2610 920 1620 3015 460 1010 2140 1710 1230 2475 1205 2340 1715 1355 2730 2730 2190 2515 2830 2510 735 1340 1310 780 2055 1530 1025 2375 1765 1510 695 2505 2940 1770 2350 2465 1620 2585 2765 1995 650 1365 2155 555 1805 2970 1845 1610 1375 1405 665 1165 2950 790 1705 1665 890 780 2435 2605 635 2910 330 2295 395 2725 2450 3295 3425 1970 995 2375 1925 685 2795 1225 3515 1350 1395 2655 1525 2825 1030 1930 2940 2595 2250 715 2975 1025 2415 760 840 2255 2635 2720 950 1180 1550 635 1985 2145 2300 825 1145 1365 1910 505 
2637 2934 4698 1836 2574 5409 2160 6633 6624 3087 4545 4716 423 2430 756 1566 2079 1413 4752 7164 2925 2565 3969 4176 5895 1044 4671 1431 7623 4428 6417 6192 2439 4230 6372 5364 5148 5256 6903 6129 5301 6768 2835 4059 3870 1872 765 3195 1260 6111 5868 5481 2358 2124 5571 1881 1917 7902 5094 2862 3042 1440 2817 5166 5283 6660 5769 6930 4446 3708 4473 2808 4482 4860 4500 5166 3330 3339 5265 6642 3762 6309 8046 5067 3546 5481 6264 2808 5247 5301 2016 3645 7362 6678 4293 4905 5634 774 2232 4356 7560 4041 4716 3627 4599 4212 6264 6237 2304 1602 6633 5328 6579 1404 4743 6939 2691 639 5301 4959 3357 6039 3969 5481 4941 3546 6588 5967 3951 3906 6039 5643 2853 4185 4095 927 5544 4608 63 6156 4473 1827 918 6354 6786 4959 4581 5697 4806 4464 6570 5463 2331 4302 4545 882 5139 6246 5157 4590 2043 1908 2835 891 6498 3231 1863 4779 3132 2736 4446 6066 3015 5769 2385 4086 2241 4995 6273 6831 7632 5427 3537 4743 2907 3123 6462 3393 7524 1584 4383 6246 4464 5724 3240 2583 5040 6561 3474 648 4716 324 5103 2448 1962 4518 6300 5328 2772 756 3492 756 5247 5697 5877 3366 405 3645 5184 2583 
1482 2406 1308 2880 702 3588 1470 2886 2508 108 930 1362 2304 978 1716 3084 1554 3024 1128 2844 654 1800 1734 810 2352 2010 3270 1242 3054 846 3222 2004 1110 1440 2928 1782 2364 2328 3126 1974 3174 2400 258 1572 690 2970 2100 6 1620 3708 3120 1794 726 2478 2526 1206 1236 3288 1278 1128 2670 1410 666 1332 2190 3042 2064 2496 2106 1134 3198 1002 1158 3126 1680 2184 456 2478 1368 3630 1434 3732 3336 1254 2772 1728 3846 2316 1410 3282 3366 1026 2910 4032 1650 2316 2328 1968 1074 1008 3024 1872 2028 1698 1458 846 3378 2412 984 1842 2490 2094 3456 1200 3084 2820 1692 2430 1776 2904 672 2370 2742 1710 2430 660 2832 1884 948 1692 1902 1710 1188 2922 1710 2346 3450 2274 2094 3264 1182 1398 1578 3132 2700 2172 1038 1824 2754 1464 2700 2784 2556 2802 888 1866 2826 2028 2424 1812 3240 1158 2442 2658 2280 1650 1710 3216 1170 996 1194 2154 1800 1752 1578 1086 1350 1512 3174 2418 3198 2796 2646 1086 1188 2034 2442 726 2946 1362 2670 2340 1806 1692 978 1512 1878 3738 1434 2064 2148 2292 1260 882 876 936 2496 1500 708 2604 234 1824 2082 2730 2562 1902 1986 762 2208 2280 
3555 4869 2232 6129 3087 5832 4212 3096 1926 2268 738 1350 5562 3474 4599 6615 4356 6552 648 2340 2484 4050 3033 1827 2412 4914 5607 3879 2493 855 4203 918 3222 3114 3483 2592 4338 3087 3474 1521 4986 1485 2520 3519 1512 6291 5274 2133 4554 5616 4437 2448 2970 5328 3258 3897 3636 2898 207 2970 5292 4239 2934 117 2727 3492 1710 1656 4302 3006 5571 2871 1278 5184 2403 2844 1989 4797 666 5031 2682 5535 2916 270 5238 1026 5832 4779 1278 5238 7011 2169 2322 5967 3483 3393 2673 4923 3654 1188 2457 4095 3942 3240 2772 1179 4716 2151 3519 4509 1863 2421 4662 3897 5166 2520 3825 5661 1548 4644 2097 2295 4950 954 3618 1881 2979 702 2448 3852 774 567 3042 5184 2862 5463 5436 3555 5220 4536 1350 4176 4401 4041 2340 3015 1638 972 4437 2934 2601 3978 5391 4869 990 4752 4347 1026 3420 2583 6741 3834 4986 6003 1332 3438 4617 5427 2826 2907 2331 1539 3807 1467 3825 2547 3609 2358 4212 1611 2907 4041 5004 1359 3564 4131 1926 2106 2304 4158 4545 1917 2709 1143 2502 4158 3303 5355 3654 5085 4194 5490 612 3015 3321 1413 2313 1548 2646 5940 1800 4734 2484 3645 3015 3762 5094 1863 2871 4815 
1295 2233 2611 3395 2114 3059 2947 2128 2100 1477 1225 651 3381 2422 2506 3906 3031 3899 1085 2520 896 1652 812 2030 1519 2576 2814 2002 2954 1204 2380 2212 1211 2982 2079 3101 4074 1337 2380 2716 2471 2541 1561 3185 672 3528 3297 1379 2877 3045 2289 3052 1344 2681 1575 2548 1610 3115 1519 903 2555 2660 2128 1519 1197 2240 1400 2758 3822 2681 2779 910 588 2527 588 1176 847 2156 1925 2870 511 3052 3276 1547 2492 1295 3220 2170 2268 2639 4179 259 2723 3395 3255 1351 1400 2646 2492 665 2905 3556 3689 945 2912 770 2576 1750 2394 2170 2121 1134 2653 2191 2506 2303 1463 3255 1036 2177 630 1603 2275 1316 1505 602 2079 1939 2380 3346 2135 1610 945 2464 714 3010 2814 1358 3045 2443 546 2779 2380 2282 2184 1155 2149 1491 2002 2968 2023 1890 2702 2240 1617 2520 2016 2352 1463 735 3899 2499 2331 3507 2177 1106 3157 2695 728 966 2555 1673 1407 2583 1533 2534 1449 2814 2324 2779 2856 1911 2310 2051 2744 1645 1953 574 2954 2653 2009 1771 749 2380 574 3066 3409 3017 3052 2786 3843 3185 1799 1197 1673 1946 1806 2464 987 3493 1183 2548 1092 1806 1652 1351 3052 483 1204 2219 
3262 4032 3269 5362 3710 4074 4606 1092 161 3017 1911 1400 5348 4032 4487 5908 4711 5901 1603 532 2800 3570 2401 2926 910 4578 4102 3962 1078 1995 2233 1421 3213 3948 1582 3507 4900 1799 1344 2387 3353 1316 3185 4256 2135 5495 5208 2898 4718 3647 2660 3374 3262 4613 1771 4291 3612 1134 1666 2912 4326 4487 3633 1596 1526 1456 609 1582 4872 3836 4137 2912 1603 3668 1799 1673 2548 3850 2016 2933 2331 3514 1351 1729 4137 875 3808 3997 2478 3577 6174 2247 819 3801 4242 2198 1274 4648 4151 1743 1022 4704 4599 2681 3689 1904 2772 441 4039 4165 238 1302 2604 4095 3703 427 3395 5257 959 3178 2471 714 3766 903 2352 2338 1001 1197 3409 4508 1470 1085 2940 3892 2247 5012 3668 2450 5026 2646 1603 4515 4361 2107 280 1897 2814 798 3059 3822 637 2422 4606 3591 2268 4515 2863 1631 2100 1834 5880 4235 4144 5509 833 2954 4886 3913 2716 2961 3353 371 3262 2499 3507 3507 3451 3353 2296 1764 861 2492 3955 2590 4193 3430 42 2436 1225 4445 3297 252 1974 2226 2569 4627 4095 3262 4326 4788 4795 5180 2002 3171 3584 2632 525 2674 2919 5495 2618 4550 1386 2037 1414 3101 4998 2247 1680 4088 
2583 2961 4536 1971 2403 5436 1998 6552 6516 2934 4410 4608 468 2268 675 1728 1926 1584 4617 7056 2808 2547 3906 4014 5814 1080 4707 1314 7497 4293 6372 6057 2349 4068 6309 5202 4995 5193 6822 5967 5301 6633 2691 3888 3744 2016 675 3042 1098 6120 5841 5310 2232 2196 5508 1719 1836 7785 4950 2781 3096 1278 2655 5022 5211 6588 5661 6795 4293 3537 4518 2718 4365 4878 4419 5094 3204 3357 5112 6624 3681 6309 7920 4932 3591 5364 6273 2835 5094 5310 2178 3546 7236 6687 4131 4860 5562 801 2061 4230 7443 3879 4554 3573 4437 4086 6246 6138 2133 1602 6516 5247 6543 1251 4761 6840 2655 792 5193 4959 3240 5940 3996 5364 4905 3429 6507 5832 3780 3744 5904 5517 2772 4212 4032 1035 5553 4572 117 6129 4356 1665 810 6309 6678 4896 4419 5571 4797 4302 6480 5427 2403 4311 4392 873 5121 6102 5103 4518 2196 1746 2871 1053 6363 3186 1719 4806 3051 2646 4275 5958 2979 5607 2349 3924 2178 4833 6237 6687 7524 5391 3564 4581 2745 3114 6354 3276 7398 1422 4383 6138 4392 5571 3141 2421 4869 6552 3312 702 4563 486 4950 2340 1836 4356 6210 5166 2655 918 3348 720 5166 5643 5814 3330 270 3528 5112 2610 
1330 1355 3100 2480 2600 1070 3105 1355 1975 2220 2060 1450 3000 2800 2375 3015 3145 3055 1900 2210 1675 1340 720 2685 1215 2215 1075 2160 2630 2065 835 2525 1570 3350 1015 3440 4125 575 1390 3050 570 2650 2245 3475 1715 2575 3055 2165 2895 945 500 3400 1890 1905 625 2790 1800 2615 2195 1370 1500 2785 2645 2180 775 1215 1510 2835 3920 3110 1115 1465 1540 760 875 680 1780 1140 2520 940 965 950 2805 2230 1260 1740 1065 1380 2810 715 3130 1315 2445 1195 3535 315 950 2345 2815 1650 2590 3715 3850 820 3310 1760 725 1550 2760 1885 2020 955 890 2385 785 1880 1270 2715 1410 410 1600 1350 930 1780 190 1630 1380 2310 2920 3570 2500 2075 1345 975 735 2470 815 265 2740 655 1495 2935 2335 830 1855 540 2765 1870 325 3345 1545 280 1845 755 2370 2275 215 2665 360 770 2850 2760 1450 2850 2305 995 3190 935 1255 1500 3060 1780 1090 2995 1440 3035 1570 3240 750 2910 2295 250 1150 2685 3080 1050 1840 1555 2735 2805 550 1685 715 2825 1365 3245 3670 965 3340 2435 3955 2745 2445 1710 2075 2615 1510 2955 1690 2885 2055 2345 900 530 910 895 2830 1560 670 1495 
2646 3276 2832 4434 3120 3300 3888 792 330 2520 1614 1092 4464 3396 3720 4920 3972 4914 1338 636 2292 2898 1884 2508 582 3780 3324 3276 1116 1680 1740 1332 2622 3396 1188 3060 4230 1350 1026 2148 2676 1284 2658 3648 1746 4554 4362 2418 3954 2940 2088 2952 2682 3786 1326 3600 2964 1146 1446 2352 3528 3756 3060 1386 1116 1098 378 1518 4188 3276 3354 2364 1278 2952 1368 1242 2094 3114 1776 2334 1842 2826 1344 1500 3360 708 3072 3252 2178 2868 5142 1794 894 3072 3642 1686 900 3852 3492 1410 1068 4026 3960 2124 3186 1560 2190 186 3396 3420 396 924 2058 3402 2976 408 2748 4368 690 2532 2010 420 3036 744 1824 1902 708 1116 2916 3858 1356 972 2376 3144 1752 4152 2952 1908 4188 2082 1272 3798 3612 1632 294 1434 2430 690 2424 3294 414 1884 3774 2886 1950 3738 2256 1512 1608 1392 4884 3558 3378 4584 858 2364 4116 3162 2184 2406 2886 312 2628 2220 2850 3006 2814 2910 1788 1662 870 1938 3204 2244 3558 2766 174 1980 1248 3726 2634 72 1512 1986 2070 3912 3546 2616 3690 3972 4128 4308 1752 2592 2964 2262 270 2352 2388 4572 2178 3768 996 1554 1020 2484 4170 1818 1248 3336 
702 1584 2142 2082 1044 2922 1590 2904 2838 834 1542 1566 1812 1242 1080 2388 1638 2352 1626 3198 378 984 1296 1656 2394 1248 2544 624 3510 1476 2958 2634 300 2166 2808 2622 3054 2094 3108 2760 2598 2994 744 2226 1026 2184 1734 840 1404 3156 2724 2640 150 1638 2310 1212 408 3690 1908 486 1836 1236 1146 1944 2052 2970 2268 3132 2712 1818 2460 378 1404 2466 1506 1998 690 1692 2106 3252 1062 3222 3792 1902 1974 2076 3288 1494 2220 2676 2652 864 3330 3510 2340 1956 2262 1260 1242 1332 3468 2442 2712 1152 2256 1260 2994 2586 1188 1014 2838 2040 3132 792 2412 3054 900 1770 1956 2334 660 2472 2004 2082 2028 798 2868 2454 1734 2280 2538 2214 522 2190 1332 1614 2850 1830 1536 2892 1398 1392 966 2892 2946 1908 1884 2226 2190 2238 2826 2400 1710 2112 1662 1146 2328 2700 2100 1596 2472 1176 1614 1998 2772 990 1704 2520 636 336 2016 2466 1056 2562 750 1866 510 2352 2880 3090 3510 2394 1860 1914 1614 1272 2730 678 3462 1248 2028 2586 1536 2472 612 1764 2664 3294 1974 1374 2802 1680 1992 84 366 1770 2640 2328 264 1968 924 1146 1992 2454 2454 1218 1524 852 2016 1440 
1590 1325 3330 255 2155 2595 2030 3810 3995 2325 3030 2955 945 2125 975 350 1990 420 3090 4300 2045 1405 2285 2990 3460 700 2175 1335 4610 2975 3500 3935 1655 3135 3585 3715 3685 2975 3925 4015 2680 4230 2200 3060 2590 225 1235 2365 1525 3085 3120 3765 1790 765 3130 1840 1405 4725 3335 1850 1270 1605 2295 3365 3045 3770 3485 4350 3300 2830 2060 1870 2860 2375 2675 2960 2320 1560 3490 3515 2265 3220 4840 3330 1575 3410 3140 1290 3545 2635 490 2335 4445 3390 3190 2725 3265 735 2025 2825 4575 3070 3435 2080 3315 2785 3325 3705 2050 945 4010 3120 3530 1450 2305 4110 1520 480 3235 2530 2270 3560 1885 3420 2705 2390 3805 3780 2920 2990 3860 3570 1820 1965 2385 415 2755 2525 855 3285 2845 1830 1085 3490 4030 2820 3205 3545 2480 3250 3850 2950 845 2095 3105 815 2690 3995 2860 2690 330 1850 1240 410 4025 1855 1875 2275 1980 1840 3195 3695 1660 3835 1420 3010 1460 3500 3415 4320 4520 2915 1620 3270 2420 1625 3890 2275 4595 1685 2210 3750 2600 3780 2105 2260 3585 3410 2740 670 3445 655 3395 1755 1640 3145 3725 3610 1955 505 2490 865 3065 3145 3355 1830 1060 2420 2970 1165 
3870 5030 3030 4630 1310 7580 260 7270 6630 2300 3910 4750 2620 850 2560 4380 360 4180 4310 7170 3080 4180 4950 2790 6380 3310 6880 2330 7420 3780 7650 5510 3260 2210 7270 3630 3060 6170 7660 4960 7120 6190 2100 1910 3630 4710 2020 2470 1260 8060 7330 3810 2580 4560 6530 840 2960 7860 4410 3620 5350 1150 1400 4510 6020 7490 5920 6250 2270 1740 6700 3430 4410 6840 5120 5970 3120 5360 4300 8220 4510 8180 7890 4350 5760 5340 8270 4870 4010 7230 4870 3970 7220 8650 2180 6020 6290 3050 740 4160 7380 1820 2580 4730 2720 3890 7780 6500 870 3530 6590 5910 7990 1830 6740 7170 4140 3370 5440 6680 3390 6430 5980 5300 6170 3480 7190 5420 2240 1680 5340 5220 3680 6280 4980 3570 7520 5840 2620 7610 4450 680 2420 7530 6970 5880 3190 5480 6450 2520 6980 6780 4770 6230 3570 2980 6690 5460 6250 5310 4940 870 5000 3650 6130 4440 690 6890 3850 3360 2730 6060 4470 4520 3810 2300 3410 3300 7550 6040 7780 6780 5630 3480 780 4780 6530 3480 7180 1010 6140 6380 5260 4620 3690 200 3060 8300 1250 3080 2580 3030 4170 2950 2240 3270 6640 3970 3010 3480 2860 2800 5860 6810 6660 4790 2220 3650 6010 4680 
2928 4168 1160 4992 1880 5408 2840 3560 2656 1272 600 1648 4216 2192 3464 5288 2976 5208 960 3040 1816 3376 2840 664 2888 3840 5096 2832 3160 560 4360 1616 2504 1840 3800 1648 2992 3240 3896 1464 4736 2160 1488 2184 1168 5120 3904 1184 3232 5376 4424 1576 2104 4392 3456 2624 2768 3528 784 2400 4536 2952 1712 872 2968 3864 2328 2232 2896 1712 5032 2264 1432 4800 2464 3024 1368 4184 672 5032 2456 5352 3528 720 4584 1744 5568 4064 752 4928 5664 1888 3024 5744 2176 3392 3016 3800 2376 1232 3128 2696 2608 2920 1592 1040 4720 2768 2248 3576 2608 2744 4736 2768 4768 3168 3200 4416 2056 4400 1592 2832 4432 1688 3584 1432 3464 1552 1216 2472 1472 1464 2480 4664 2736 4304 5128 3456 3960 4560 1496 2848 3280 4216 3000 3104 592 1768 4200 1720 3176 3984 4480 4440 80 3656 4200 1592 3480 2648 5480 2568 4240 4720 2136 2984 3224 4976 2352 2272 1184 2272 3264 1192 3112 1320 2848 1344 4328 2088 3544 4024 4392 432 2224 3576 2632 1632 2952 2864 4200 2592 2712 1080 2048 2768 2120 5264 2288 3928 2824 4232 544 2240 2336 352 2904 928 1944 4640 984 3608 2768 3776 3344 3312 3792 1496 3056 4048 
2051 1456 4816 168 3213 3136 3164 5054 5425 3339 4228 4004 1778 3220 1589 973 3129 1099 4270 5838 2835 1729 2947 4298 4599 1092 2555 1995 6307 4151 4529 5460 2247 4613 4704 5369 5460 3864 5194 5663 3304 5852 3178 4543 3577 266 2156 3381 2478 3843 3969 5418 2541 707 4067 2849 1960 6440 4641 2471 1316 2548 3402 4676 3997 4970 4690 6034 4935 4186 2394 2527 3899 2856 3521 3864 3234 1771 4900 4501 2968 4046 6622 4641 1736 4648 3920 1428 5026 3220 1043 3143 6069 4270 4718 3486 4305 1225 3094 3871 6251 4606 5089 2653 4837 3843 4242 4977 3115 1253 5453 4123 4543 2233 2758 5537 1911 1106 4354 3122 3122 4753 2191 4662 3444 3290 5054 5222 4263 4473 5362 4914 2422 2282 3087 854 3381 3206 1575 4193 3864 2877 1715 4522 5439 3654 4592 4837 3059 4767 5145 3752 770 2485 4382 1309 3367 5558 3675 3521 630 2856 1330 1078 5523 2352 2989 2709 2625 2492 4634 5005 2058 5425 1820 4396 1953 5054 4403 6013 6118 3703 1827 4655 3654 1953 5257 3122 6314 2660 2681 5054 3395 5327 2842 3493 5243 4326 4116 1190 5124 1337 4767 2436 2387 4480 4991 5138 2716 1204 3521 1414 4039 4060 4410 2268 1869 3318 3878 1274 
