30 75 150
80 80 80 80 80 80 80 80 80 80 80 80 80 80 80 80 80 80 80 80 80 80 80 80 80 80 80 80 80 80 
8 12 22 24 19 20 11 6 13 22 21 25 17 18 13 7 22 19 12 10 21 16 10 22 17 23 19 23 14 15 6 18 17 5 14 18 17 14 15 24 8 11 19 19 24 7 5 16 10 17 6 18 12 15 20 5 25 16 12 21 7 18 6 23 25 13 25 7 10 20 22 25 20 21 13 20 6 8 11 13 24 15 11 19 16 5 24 23 19 18 23 20 21 25 11 20 21 10 12 12 8 16 25 22 8 25 20 19 24 15 23 14 14 19 8 17 11 21 25 12 22 21 9 16 23 6 25 11 6 13 25 16 17 7 17 13 6 23 17 21 10 20 8 19 17 19 15 22 7 6 
501 614 130 731 539 327 640 415 413 128 592 371 608 164 715 290 546 269 590 475 291 516 567 337 478 289 308 361 503 531 134 607 409 243 237 241 313 247 613 201 509 415 633 602 436 247 53 389 334 625 523 363 431 464 203 489 300 300 280 481 309 477 485 390 347 261 297 452 638 407 326 357 363 384 423 
238 486 513 374 562 672 158 582 586 702 720 259 641 466 277 305 239 522 499 108 309 763 7 550 740 625 388 713 161 230 485 60 459 370 473 738 362 731 535 775 109 347 258 850 416 656 553 242 295 481 316 592 277 116 726 155 291 345 786 774 294 297 534 247 710 723 562 669 270 513 292 217 401 631 173 
546 651 165 774 570 336 687 439 437 82 612 417 635 197 760 333 591 298 626 521 337 527 613 362 489 303 350 366 546 577 175 653 444 283 273 225 356 235 647 156 554 457 678 609 474 252 88 435 380 663 566 385 469 510 169 535 347 338 259 487 355 513 516 436 351 253 321 470 683 437 367 403 403 402 470 
489 421 277 633 284 48 664 145 140 409 247 429 311 501 678 534 522 174 386 633 401 143 683 139 104 88 301 42 705 515 299 688 257 529 233 220 327 201 386 408 681 358 592 228 310 133 327 445 396 437 450 102 691 577 542 541 422 585 241 109 410 745 250 440 54 172 129 106 589 205 578 531 292 71 517 
504 339 437 575 198 238 669 166 164 599 66 495 169 658 648 654 523 302 305 705 497 74 731 234 98 263 383 223 790 523 453 718 276 665 358 408 408 390 287 598 755 387 573 121 318 322 500 506 473 354 440 195 803 638 730 579 518 716 424 132 500 857 204 499 239 361 261 98 566 226 696 625 344 167 579 
276 313 667 76 453 712 203 559 565 900 606 409 497 732 84 592 230 593 346 442 490 709 366 577 704 681 482 742 519 246 649 301 450 654 577 847 469 833 368 955 464 377 145 771 398 739 736 393 443 298 266 602 625 386 968 314 487 654 890 746 473 654 463 390 746 814 612 632 139 497 600 492 445 632 387 
191 135 530 106 272 540 254 382 387 766 427 312 320 640 187 524 161 434 166 430 386 528 390 408 523 513 342 567 521 176 517 342 281 579 429 686 337 671 192 813 468 235 137 591 233 575 604 302 335 122 132 428 602 357 851 271 391 594 727 565 372 643 283 295 573 650 446 452 126 324 546 435 294 455 330 
458 433 200 627 310 36 632 163 159 341 308 381 354 424 659 464 495 118 400 577 342 219 635 116 181 15 253 79 644 487 224 646 243 455 171 173 278 156 407 348 624 328 572 306 294 66 250 398 344 448 431 104 622 526 471 500 363 513 207 187 353 676 265 394 71 130 82 164 571 202 508 469 259 101 467 
48 207 396 222 279 460 207 329 334 629 440 156 356 485 224 369 62 328 215 296 232 503 284 324 487 422 210 495 390 60 379 258 205 422 306 580 198 567 252 684 341 109 136 583 153 475 465 145 181 205 32 357 456 220 705 137 235 439 624 526 217 501 259 139 497 550 353 413 137 260 392 281 179 393 181 
523 389 395 620 244 176 693 161 157 537 140 494 234 619 685 632 547 270 353 704 484 20 740 210 25 210 373 155 785 545 414 734 286 637 330 340 399 321 341 531 754 398 605 113 334 261 451 507 467 405 467 167 786 641 670 590 505 690 352 59 489 840 234 501 171 293 225 75 600 230 676 614 344 129 581 
225 478 480 383 546 644 174 559 563 668 702 231 627 432 292 271 232 493 488 77 277 740 26 524 716 596 360 685 143 222 452 85 437 337 443 705 333 699 525 741 88 326 264 828 397 625 519 215 266 474 305 566 253 85 692 138 259 314 753 749 263 277 516 221 682 692 534 645 276 491 260 183 376 606 144 
260 363 137 478 315 269 422 235 237 372 417 152 396 284 476 253 304 119 343 341 107 401 402 170 369 220 51 312 411 291 123 419 170 268 65 337 60 328 370 425 389 158 390 494 183 248 210 171 113 372 268 214 405 292 459 278 129 315 385 394 117 459 261 169 307 317 165 310 393 191 295 237 109 253 235 
493 570 96 711 480 242 647 346 343 146 516 372 542 242 709 342 537 208 543 511 299 433 594 270 394 208 282 275 552 524 119 627 361 307 194 162 294 165 561 191 550 389 624 517 396 160 57 391 332 582 501 290 493 486 262 496 313 366 205 395 316 543 426 391 260 176 227 374 627 349 382 391 329 307 438 
556 617 161 769 516 245 712 375 372 116 534 437 572 292 772 405 600 251 588 577 365 435 661 305 397 223 342 269 617 587 185 694 409 366 249 116 356 126 604 135 616 448 686 512 448 161 120 457 398 630 560 316 553 554 249 563 380 424 152 390 382 601 465 456 254 146 260 389 689 389 444 458 384 325 505 
377 156 475 391 68 358 519 199 203 685 139 417 29 667 477 616 382 335 127 612 450 264 613 271 273 357 344 365 704 387 480 586 214 647 372 533 361 515 99 706 660 294 411 308 224 426 551 421 410 170 300 259 745 538 803 463 467 686 561 314 445 796 122 413 377 488 315 219 403 199 653 560 286 261 486 
315 419 80 536 360 257 472 261 262 314 447 197 437 241 531 243 360 122 397 365 133 412 436 187 377 207 110 301 425 346 64 460 219 244 63 295 118 288 422 368 410 217 446 505 239 218 151 216 157 429 327 228 401 326 401 323 152 297 343 397 148 455 305 215 292 282 167 326 449 230 287 251 166 263 272 
393 192 452 429 68 319 544 167 170 654 101 419 30 651 510 611 403 310 159 621 445 220 629 242 229 321 335 324 712 407 458 606 206 637 351 495 354 477 137 671 670 299 440 267 226 390 526 425 408 207 320 225 746 548 775 477 463 679 522 270 442 797 111 417 336 449 285 177 432 179 649 560 280 223 493 
332 527 216 570 509 440 433 437 439 360 620 202 593 132 527 62 374 306 515 241 134 597 336 369 562 390 234 483 271 358 187 383 363 69 246 438 217 437 547 436 274 304 456 690 360 388 226 214 184 533 383 411 220 241 385 289 124 113 484 582 145 273 458 219 473 439 352 509 463 393 105 127 291 447 216 
481 428 251 634 296 22 656 152 147 383 270 415 329 475 675 511 516 155 394 616 383 170 669 130 132 62 286 40 687 509 274 676 254 505 213 198 313 179 396 383 664 350 589 255 307 106 300 432 381 444 446 101 669 562 515 530 404 562 222 136 392 723 257 427 43 151 112 127 586 206 555 512 283 79 502 
79 240 473 162 342 544 136 409 414 703 505 213 411 539 141 407 34 411 259 293 293 579 252 408 565 506 290 578 383 50 454 210 286 467 387 662 275 650 294 761 329 192 54 655 233 559 539 197 246 233 95 440 469 221 772 137 291 474 708 605 276 507 330 193 580 634 437 491 58 340 423 311 262 475 204 
420 505 24 639 425 231 575 300 298 213 480 300 493 227 636 294 465 154 479 449 229 414 529 222 376 186 210 270 497 451 50 558 298 270 127 207 221 205 500 264 491 318 551 503 328 163 62 319 260 517 429 250 451 420 315 425 245 330 255 384 246 502 370 319 258 206 184 343 554 292 337 331 259 274 369 
437 478 91 639 379 148 604 241 239 246 412 333 438 310 651 368 480 112 449 506 275 335 577 167 296 107 220 187 563 468 118 599 271 350 122 156 239 147 465 274 551 320 564 422 312 82 133 352 293 491 431 185 526 467 367 459 294 409 204 303 289 579 326 350 175 140 123 270 565 250 411 391 253 202 412 
110 313 498 196 413 595 66 470 475 721 576 224 484 534 126 389 79 455 332 245 303 644 187 461 628 555 326 632 329 83 476 138 345 452 423 701 306 690 367 784 275 241 74 723 293 602 559 205 262 306 161 496 426 183 778 112 296 450 748 667 285 460 398 204 632 676 486 554 86 400 397 289 310 533 185 
416 659 427 627 678 651 433 632 634 530 808 328 763 263 549 150 445 513 657 190 302 800 279 570 768 601 416 694 133 430 398 345 538 176 452 644 393 644 693 610 178 450 504 894 519 600 425 327 335 660 490 613 13 252 507 336 282 119 689 790 302 61 632 335 685 648 559 710 515 578 106 184 464 652 277 
523 717 314 760 685 548 606 592 592 317 777 395 766 90 708 194 564 446 703 379 325 728 480 516 691 503 412 586 362 548 296 539 540 131 393 481 400 487 733 396 392 494 643 818 544 475 271 406 376 723 577 552 252 408 270 471 317 142 519 701 338 282 632 412 573 500 487 650 651 560 196 294 473 583 398 
116 347 481 241 436 596 69 480 485 699 598 205 511 500 164 351 101 451 362 200 280 658 144 464 639 553 318 634 284 97 458 103 354 416 414 691 296 682 398 764 229 245 119 739 305 596 538 186 245 340 184 501 382 141 749 82 270 411 739 677 262 415 416 186 633 669 485 566 131 410 356 251 311 539 152 
147 364 516 233 461 629 35 511 516 733 623 240 533 530 143 378 124 486 382 215 315 687 144 497 670 587 353 667 294 124 492 89 385 444 449 726 331 717 417 798 239 278 118 768 335 631 572 220 280 356 208 534 398 165 781 115 304 436 774 708 297 427 444 221 667 704 519 596 130 441 381 279 344 571 183 
523 574 134 732 472 205 683 331 328 158 491 408 528 300 738 397 566 209 545 560 340 396 640 261 357 180 307 232 605 554 162 669 367 364 211 104 322 108 560 178 601 411 652 475 407 120 115 428 368 588 523 272 550 531 288 534 356 423 149 353 357 600 421 427 216 120 216 347 654 346 438 441 346 282 480 
425 679 522 607 721 736 395 696 699 642 863 370 806 375 514 245 444 591 683 176 367 871 232 641 841 685 479 779 83 431 493 297 590 285 532 745 453 744 720 721 137 490 486 964 562 692 529 363 388 678 505 685 101 252 621 337 345 230 791 867 362 78 681 371 771 746 637 778 498 636 204 237 518 725 298 
511 493 210 685 368 60 684 221 216 305 352 426 407 426 715 486 549 166 459 614 379 245 677 175 207 70 300 80 676 540 237 692 302 469 210 117 324 99 466 302 660 383 628 323 352 37 242 444 388 508 487 162 644 568 438 547 399 528 147 201 391 697 324 440 64 72 138 209 627 262 529 502 313 154 510 
6513 7982 1690 9503 7007 4251 8320 5395 5369 1664 7696 4823 7904 2132 9295 3770 7098 3497 7670 6175 3783 6708 7371 4381 6214 3757 4004 4693 6539 6903 1742 7891 5317 3159 3081 3133 4069 3211 7969 2613 6617 5395 8229 7826 5668 3211 689 5057 4342 8125 6799 4719 5603 6032 2639 6357 3900 3900 3640 6253 4017 6201 6305 5070 4511 3393 3861 5876 8294 5291 4238 4641 4719 4992 5499 
2380 4860 5130 3740 5620 6720 1580 5820 5860 7020 7200 2590 6410 4660 2770 3050 2390 5220 4990 1080 3090 7630 70 5500 7400 6250 3880 7130 1610 2300 4850 600 4590 3700 4730 7380 3620 7310 5350 7750 1090 3470 2580 8500 4160 6560 5530 2420 2950 4810 3160 5920 2770 1160 7260 1550 2910 3450 7860 7740 2940 2970 5340 2470 7100 7230 5620 6690 2700 5130 2920 2170 4010 6310 1730 
6552 7812 1980 9288 6840 4032 8244 5268 5244 984 7344 5004 7620 2364 9120 3996 7092 3576 7512 6252 4044 6324 7356 4344 5868 3636 4200 4392 6552 6924 2100 7836 5328 3396 3276 2700 4272 2820 7764 1872 6648 5484 8136 7308 5688 3024 1056 5220 4560 7956 6792 4620 5628 6120 2028 6420 4164 4056 3108 5844 4260 6156 6192 5232 4212 3036 3852 5640 8196 5244 4404 4836 4836 4824 5640 
6357 5473 3601 8229 3692 624 8632 1885 1820 5317 3211 5577 4043 6513 8814 6942 6786 2262 5018 8229 5213 1859 8879 1807 1352 1144 3913 546 9165 6695 3887 8944 3341 6877 3029 2860 4251 2613 5018 5304 8853 4654 7696 2964 4030 1729 4251 5785 5148 5681 5850 1326 8983 7501 7046 7033 5486 7605 3133 1417 5330 9685 3250 5720 702 2236 1677 1378 7657 2665 7514 6903 3796 923 6721 
6552 4407 5681 7475 2574 3094 8697 2158 2132 7787 858 6435 2197 8554 8424 8502 6799 3926 3965 9165 6461 962 9503 3042 1274 3419 4979 2899 10270 6799 5889 9334 3588 8645 4654 5304 5304 5070 3731 7774 9815 5031 7449 1573 4134 4186 6500 6578 6149 4602 5720 2535 10439 8294 9490 7527 6734 9308 5512 1716 6500 11141 2652 6487 3107 4693 3393 1274 7358 2938 9048 8125 4472 2171 7527 
3312 3756 8004 912 5436 8544 2436 6708 6780 10800 7272 4908 5964 8784 1008 7104 2760 7116 4152 5304 5880 8508 4392 6924 8448 8172 5784 8904 6228 2952 7788 3612 5400 7848 6924 10164 5628 9996 4416 11460 5568 4524 1740 9252 4776 8868 8832 4716 5316 3576 3192 7224 7500 4632 11616 3768 5844 7848 10680 8952 5676 7848 5556 4680 8952 9768 7344 7584 1668 5964 7200 5904 5340 7584 4644 
2865 2025 7950 1590 4080 8100 3810 5730 5805 11490 6405 4680 4800 9600 2805 7860 2415 6510 2490 6450 5790 7920 5850 6120 7845 7695 5130 8505 7815 2640 7755 5130 4215 8685 6435 10290 5055 10065 2880 12195 7020 3525 2055 8865 3495 8625 9060 4530 5025 1830 1980 6420 9030 5355 12765 4065 5865 8910 10905 8475 5580 9645 4245 4425 8595 9750 6690 6780 1890 4860 8190 6525 4410 6825 4950 
5954 5629 2600 8151 4030 468 8216 2119 2067 4433 4004 4953 4602 5512 8567 6032 6435 1534 5200 7501 4446 2847 8255 1508 2353 195 3289 1027 8372 6331 2912 8398 3159 5915 2223 2249 3614 2028 5291 4524 8112 4264 7436 3978 3822 858 3250 5174 4472 5824 5603 1352 8086 6838 6123 6500 4719 6669 2691 2431 4589 8788 3445 5122 923 1690 1066 2132 7423 2626 6604 6097 3367 1313 6071 
672 2898 5544 3108 3906 6440 2898 4606 4676 8806 6160 2184 4984 6790 3136 5166 868 4592 3010 4144 3248 7042 3976 4536 6818 5908 2940 6930 5460 840 5306 3612 2870 5908 4284 8120 2772 7938 3528 9576 4774 1526 1904 8162 2142 6650 6510 2030 2534 2870 448 4998 6384 3080 9870 1918 3290 6146 8736 7364 3038 7014 3626 1946 6958 7700 4942 5782 1918 3640 5488 3934 2506 5502 2534 
5230 3890 3950 6200 2440 1760 6930 1610 1570 5370 1400 4940 2340 6190 6850 6320 5470 2700 3530 7040 4840 200 7400 2100 250 2100 3730 1550 7850 5450 4140 7340 2860 6370 3300 3400 3990 3210 3410 5310 7540 3980 6050 1130 3340 2610 4510 5070 4670 4050 4670 1670 7860 6410 6700 5900 5050 6900 3520 590 4890 8400 2340 5010 1710 2930 2250 750 6000 2300 6760 6140 3440 1290 5810 
2925 6214 6240 4979 7098 8372 2262 7267 7319 8684 9126 3003 8151 5616 3796 3523 3016 6409 6344 1001 3601 9620 338 6812 9308 7748 4680 8905 1859 2886 5876 1105 5681 4381 5759 9165 4329 9087 6825 9633 1144 4238 3432 10764 5161 8125 6747 2795 3458 6162 3965 7358 3289 1105 8996 1794 3367 4082 9789 9737 3419 3601 6708 2873 8866 8996 6942 8385 3588 6383 3380 2379 4888 7878 1872 
3120 4356 1644 5736 3780 3228 5064 2820 2844 4464 5004 1824 4752 3408 5712 3036 3648 1428 4116 4092 1284 4812 4824 2040 4428 2640 612 3744 4932 3492 1476 5028 2040 3216 780 4044 720 3936 4440 5100 4668 1896 4680 5928 2196 2976 2520 2052 1356 4464 3216 2568 4860 3504 5508 3336 1548 3780 4620 4728 1404 5508 3132 2028 3684 3804 1980 3720 4716 2292 3540 2844 1308 3036 2820 
5916 6840 1152 8532 5760 2904 7764 4152 4116 1752 6192 4464 6504 2904 8508 4104 6444 2496 6516 6132 3588 5196 7128 3240 4728 2496 3384 3300 6624 6288 1428 7524 4332 3684 2328 1944 3528 1980 6732 2292 6600 4668 7488 6204 4752 1920 684 4692 3984 6984 6012 3480 5916 5832 3144 5952 3756 4392 2460 4740 3792 6516 5112 4692 3120 2112 2724 4488 7524 4188 4584 4692 3948 3684 5256 
7228 8021 2093 9997 6708 3185 9256 4875 4836 1508 6942 5681 7436 3796 10036 5265 7800 3263 7644 7501 4745 5655 8593 3965 5161 2899 4446 3497 8021 7631 2405 9022 5317 4758 3237 1508 4628 1638 7852 1755 8008 5824 8918 6656 5824 2093 1560 5941 5174 8190 7280 4108 7189 7202 3237 7319 4940 5512 1976 5070 4966 7813 6045 5928 3302 1898 3380 5057 8957 5057 5772 5954 4992 4225 6565 
4524 1872 5700 4692 816 4296 6228 2388 2436 8220 1668 5004 348 8004 5724 7392 4584 4020 1524 7344 5400 3168 7356 3252 3276 4284 4128 4380 8448 4644 5760 7032 2568 7764 4464 6396 4332 6180 1188 8472 7920 3528 4932 3696 2688 5112 6612 5052 4920 2040 3600 3108 8940 6456 9636 5556 5604 8232 6732 3768 5340 9552 1464 4956 4524 5856 3780 2628 4836 2388 7836 6720 3432 3132 5832 
4095 5447 1040 6968 4680 3341 6136 3393 3406 4082 5811 2561 5681 3133 6903 3159 4680 1586 5161 4745 1729 5356 5668 2431 4901 2691 1430 3913 5525 4498 832 5980 2847 3172 819 3835 1534 3744 5486 4784 5330 2821 5798 6565 3107 2834 1963 2808 2041 5577 4251 2964 5213 4238 5213 4199 1976 3861 4459 5161 1924 5915 3965 2795 3796 3666 2171 4238 5837 2990 3731 3263 2158 3419 3536 
5895 2880 6780 6435 1020 4785 8160 2505 2550 9810 1515 6285 450 9765 7650 9165 6045 4650 2385 9315 6675 3300 9435 3630 3435 4815 5025 4860 10680 6105 6870 9090 3090 9555 5265 7425 5310 7155 2055 10065 10050 4485 6600 4005 3390 5850 7890 6375 6120 3105 4800 3375 11190 8220 11625 7155 6945 10185 7830 4050 6630 11955 1665 6255 5040 6735 4275 2655 6480 2685 9735 8400 4200 3345 7395 
3320 5270 2160 5700 5090 4400 4330 4370 4390 3600 6200 2020 5930 1320 5270 620 3740 3060 5150 2410 1340 5970 3360 3690 5620 3900 2340 4830 2710 3580 1870 3830 3630 690 2460 4380 2170 4370 5470 4360 2740 3040 4560 6900 3600 3880 2260 2140 1840 5330 3830 4110 2200 2410 3850 2890 1240 1130 4840 5820 1450 2730 4580 2190 4730 4390 3520 5090 4630 3930 1050 1270 2910 4470 2160 
6734 5992 3514 8876 4144 308 9184 2128 2058 5362 3780 5810 4606 6650 9450 7154 7224 2170 5516 8624 5362 2380 9366 1820 1848 868 4004 560 9618 7126 3836 9464 3556 7070 2982 2772 4382 2506 5544 5362 9296 4900 8246 3570 4298 1484 4200 6048 5334 6216 6244 1414 9366 7868 7210 7420 5656 7868 3108 1904 5488 10122 3598 5978 602 2114 1568 1778 8204 2884 7770 7168 3962 1106 7028 
948 2880 5676 1944 4104 6528 1632 4908 4968 8436 6060 2556 4932 6468 1692 4884 408 4932 3108 3516 3516 6948 3024 4896 6780 6072 3480 6936 4596 600 5448 2520 3432 5604 4644 7944 3300 7800 3528 9132 3948 2304 648 7860 2796 6708 6468 2364 2952 2796 1140 5280 5628 2652 9264 1644 3492 5688 8496 7260 3312 6084 3960 2316 6960 7608 5244 5892 696 4080 5076 3732 3144 5700 2448 
5880 7070 336 8946 5950 3234 8050 4200 4172 2982 6720 4200 6902 3178 8904 4116 6510 2156 6706 6286 3206 5796 7406 3108 5264 2604 2940 3780 6958 6314 700 7812 4172 3780 1778 2898 3094 2870 7000 3696 6874 4452 7714 7042 4592 2282 868 4466 3640 7238 6006 3500 6314 5880 4410 5950 3430 4620 3570 5376 3444 7028 5180 4466 3612 2884 2576 4802 7756 4088 4718 4634 3626 3836 5166 
6555 7170 1365 9585 5685 2220 9060 3615 3585 3690 6180 4995 6570 4650 9765 5520 7200 1680 6735 7590 4125 5025 8655 2505 4440 1605 3300 2805 8445 7020 1770 8985 4065 5250 1830 2340 3585 2205 6975 4110 8265 4800 8460 6330 4680 1230 1995 5280 4395 7365 6465 2775 7890 7005 5505 6885 4410 6135 3060 4545 4335 8685 4890 5250 2625 2100 1845 4050 8475 3750 6165 5865 3795 3030 6180 
1540 4382 6972 2744 5782 8330 924 6580 6650 10094 8064 3136 6776 7476 1764 5446 1106 6370 4648 3430 4242 9016 2618 6454 8792 7770 4564 8848 4606 1162 6664 1932 4830 6328 5922 9814 4284 9660 5138 10976 3850 3374 1036 10122 4102 8428 7826 2870 3668 4284 2254 6944 5964 2562 10892 1568 4144 6300 10472 9338 3990 6440 5572 2856 8848 9464 6804 7756 1204 5600 5558 4046 4340 7462 2590 
4992 7908 5124 7524 8136 7812 5196 7584 7608 6360 9696 3936 9156 3156 6588 1800 5340 6156 7884 2280 3624 9600 3348 6840 9216 7212 4992 8328 1596 5160 4776 4140 6456 2112 5424 7728 4716 7728 8316 7320 2136 5400 6048 10728 6228 7200 5100 3924 4020 7920 5880 7356 156 3024 6084 4032 3384 1428 8268 9480 3624 732 7584 4020 8220 7776 6708 8520 6180 6936 1272 2208 5568 7824 3324 
5230 7170 3140 7600 6850 5480 6060 5920 5920 3170 7770 3950 7660 900 7080 1940 5640 4460 7030 3790 3250 7280 4800 5160 6910 5030 4120 5860 3620 5480 2960 5390 5400 1310 3930 4810 4000 4870 7330 3960 3920 4940 6430 8180 5440 4750 2710 4060 3760 7230 5770 5520 2520 4080 2700 4710 3170 1420 5190 7010 3380 2820 6320 4120 5730 5000 4870 6500 6510 5600 1960 2940 4730 5830 3980 
1276 3817 5291 2651 4796 6556 759 5280 5335 7689 6578 2255 5621 5500 1804 3861 1111 4961 3982 2200 3080 7238 1584 5104 7029 6083 3498 6974 3124 1067 5038 1133 3894 4576 4554 7601 3256 7502 4378 8404 2519 2695 1309 8129 3355 6556 5918 2046 2695 3740 2024 5511 4202 1551 8239 902 2970 4521 8129 7447 2882 4565 4576 2046 6963 7359 5335 6226 1441 4510 3916 2761 3421 5929 1672 
1911 4732 6708 3029 5993 8177 455 6643 6708 9529 8099 3120 6929 6890 1859 4914 1612 6318 4966 2795 4095 8931 1872 6461 8710 7631 4589 8671 3822 1612 6396 1157 5005 5772 5837 9438 4303 9321 5421 10374 3107 3614 1534 9984 4355 8203 7436 2860 3640 4628 2704 6942 5174 2145 10153 1495 3952 5668 10062 9204 3861 5551 5772 2873 8671 9152 6747 7748 1690 5733 4953 3627 4472 7423 2379 
7845 8610 2010 10980 7080 3075 10245 4965 4920 2370 7365 6120 7920 4500 11070 5955 8490 3135 8175 8400 5100 5940 9600 3915 5355 2700 4605 3480 9075 8310 2430 10035 5505 5460 3165 1560 4830 1620 8400 2670 9015 6165 9780 7125 6105 1800 1725 6420 5520 8820 7845 4080 8250 7965 4320 8010 5340 6345 2235 5295 5355 9000 6315 6405 3240 1800 3240 5205 9810 5190 6570 6615 5190 4230 7200 
6375 10185 7830 9105 10815 11040 5925 10440 10485 9630 12945 5550 12090 5625 7710 3675 6660 8865 10245 2640 5505 13065 3480 9615 12615 10275 7185 11685 1245 6465 7395 4455 8850 4275 7980 11175 6795 11160 10800 10815 2055 7350 7290 14460 8430 10380 7935 5445 5820 10170 7575 10275 1515 3780 9315 5055 5175 3450 11865 13005 5430 1170 10215 5565 11565 11190 9555 11670 7470 9540 3060 3555 7770 10875 4470 
5621 5423 2310 7535 4048 660 7524 2431 2376 3355 3872 4686 4477 4686 7865 5346 6039 1826 5049 6754 4169 2695 7447 1925 2277 770 3300 880 7436 5940 2607 7612 3322 5159 2310 1287 3564 1089 5126 3322 7260 4213 6908 3553 3872 407 2662 4884 4268 5588 5357 1782 7084 6248 4818 6017 4389 5808 1617 2211 4301 7667 3564 4840 704 792 1518 2299 6897 2882 5819 5522 3443 1694 5610 
731 758 443 454 523 547 415 420 394 430 301 543 289 608 252 279 154 234 752 292 185 141 205 161 686 541 200 185 408 146 469 434 583 284 92 276 172 155 271 482 76 612 55 68 327 445 300 296 588 569 172 224 301 525 190 353 411 446 296 541 431 347 261 332 391 34 538 525 147 319 356 130 187 128 422 522 272 482 120 463 638 570 152 656 474 443 547 73 441 99 40 397 294 442 281 503 499 655 78 637 405 598 520 155 479 207 406 731 75 122 498 460 76 344 261 232 437 210 239 240 560 563 638 317 268 450 336 62 366 279 734 206 585 439 499 635 561 110 674 417 718 374 233 317 733 335 101 338 173 317 
816 852 293 529 761 693 590 432 604 366 97 627 544 761 322 320 172 378 848 185 160 114 332 98 750 642 420 77 563 328 600 609 723 70 309 250 343 400 427 708 186 679 279 323 451 697 102 470 747 561 337 374 334 753 431 517 433 412 67 773 593 246 212 561 363 272 445 465 403 568 219 198 415 257 676 679 527 314 185 537 765 435 189 784 586 675 609 182 689 260 215 652 484 310 536 751 697 716 215 714 474 738 578 335 724 70 644 839 179 305 666 685 329 301 494 468 315 442 454 38 718 727 722 77 272 611 541 317 489 274 821 450 500 283 747 458 805 354 776 467 804 232 28 548 824 496 166 262 304 127 
340 371 390 59 471 223 195 135 281 255 436 148 466 293 647 672 326 166 367 331 539 423 601 416 289 156 274 473 141 255 129 203 246 447 313 245 562 343 149 394 378 216 447 402 80 517 430 169 286 231 563 178 694 434 507 147 118 212 464 458 171 311 282 321 201 426 337 280 417 410 357 507 295 523 531 225 478 432 490 68 280 421 311 299 102 392 152 410 478 495 409 521 199 361 495 518 308 259 463 242 37 261 128 544 483 417 396 354 403 514 231 375 417 233 314 322 345 303 259 448 259 275 245 484 651 178 246 400 63 661 344 510 349 396 513 536 536 345 291 70 327 364 459 324 344 139 377 279 224 422 
955 985 526 670 738 784 653 607 629 574 332 764 468 846 93 83 302 464 980 396 86 207 135 226 903 768 437 180 645 381 702 673 819 305 330 430 177 381 505 707 237 829 210 277 555 632 337 533 826 751 169 455 97 747 314 590 603 609 304 761 669 461 398 559 555 223 667 675 339 524 445 110 421 124 598 760 441 550 125 679 872 667 314 890 703 664 761 206 641 154 211 572 533 539 443 702 735 870 160 858 618 834 732 181 684 257 624 962 212 175 736 686 271 495 489 458 541 442 476 259 798 801 861 311 38 688 573 274 595 45 959 334 721 516 699 695 766 340 903 622 943 461 240 543 959 572 241 468 393 361 
718 757 148 441 768 631 554 325 592 235 47 537 597 701 459 460 181 351 754 79 296 202 457 177 645 558 433 201 516 335 536 571 656 74 341 166 457 437 397 706 248 579 367 390 398 734 42 445 692 436 452 351 476 752 515 480 330 287 83 773 548 116 133 569 246 353 303 328 464 601 78 318 435 374 721 626 586 173 302 448 689 290 192 708 512 680 509 262 716 367 294 699 467 165 598 775 669 611 317 616 389 671 479 445 745 131 658 751 256 412 621 683 400 189 510 491 171 462 458 119 663 676 627 91 414 563 530 383 431 417 724 532 358 138 771 323 821 397 686 374 706 89 137 559 728 460 224 142 290 18 
436 478 213 221 704 433 431 102 513 77 357 287 654 497 705 718 349 326 478 257 559 437 678 419 354 321 452 468 377 386 350 439 443 379 434 216 655 503 342 628 431 300 539 522 289 736 350 380 498 125 654 336 738 669 648 376 119 39 393 693 405 198 246 539 93 519 102 47 566 616 235 553 468 591 742 447 658 243 534 221 453 191 342 469 309 623 241 461 701 571 477 728 413 180 674 746 543 322 524 339 198 456 216 639 711 393 622 486 453 604 461 609 537 149 514 512 165 487 453 407 474 494 356 404 683 412 469 517 293 689 443 657 118 224 741 310 769 486 423 165 425 230 424 539 449 364 416 181 333 331 
873 895 609 610 543 666 522 591 471 605 445 692 260 718 164 202 324 384 889 460 233 277 95 302 837 684 302 296 531 296 601 541 704 423 239 451 42 229 410 525 240 764 121 148 475 422 447 419 696 740 50 373 220 561 100 476 581 620 430 571 548 518 434 389 566 141 713 700 161 329 522 177 281 118 385 635 231 645 187 619 763 741 325 780 616 480 704 218 437 113 191 359 406 611 230 496 579 808 162 786 566 717 679 40 482 349 436 863 226 68 604 507 133 519 325 296 607 291 337 373 669 667 784 447 225 566 426 151 510 238 875 119 760 604 494 799 562 209 811 581 860 540 360 372 873 462 261 511 338 467 
577 616 107 310 708 514 462 184 519 90 189 401 590 583 556 566 212 286 614 92 402 285 539 264 501 427 399 308 416 309 420 476 534 212 340 95 525 428 324 638 297 437 416 415 301 703 183 371 577 290 522 292 584 683 546 392 193 140 225 706 448 31 102 518 103 397 180 189 476 572 73 406 408 451 699 515 586 152 387 315 560 207 211 579 389 620 368 323 677 436 346 680 399 88 601 731 580 467 386 474 263 549 339 510 697 232 607 614 315 475 517 616 429 58 473 461 78 432 413 241 549 565 487 237 526 461 463 409 326 532 583 559 232 110 726 291 767 398 549 241 565 75 259 512 587 373 278 26 254 164 
573 613 106 308 709 512 462 181 520 85 194 398 593 582 562 571 217 288 611 97 407 291 544 269 497 424 401 314 415 313 419 476 533 217 344 99 530 431 325 639 302 433 421 419 302 705 188 372 576 285 527 294 589 684 550 393 190 135 230 707 448 36 107 520 99 401 175 184 480 575 77 411 411 456 702 514 590 151 392 313 558 203 216 576 388 622 365 328 679 441 351 683 401 86 605 733 580 463 391 471 261 547 335 515 699 237 609 611 320 480 516 617 433 57 475 464 74 435 416 246 548 564 484 242 532 460 465 414 326 537 579 563 227 110 728 288 769 402 546 239 561 78 264 514 584 374 283 30 257 169 
105 135 567 187 524 162 283 303 379 421 657 89 631 188 878 904 562 391 132 549 775 659 827 651 89 84 471 708 249 480 173 272 141 672 537 469 784 545 359 451 613 69 673 622 298 627 651 352 204 265 787 401 926 475 710 299 295 363 689 496 247 514 507 456 384 653 452 387 620 557 560 741 493 754 654 201 650 602 725 179 109 544 547 120 152 473 121 644 580 724 642 653 371 535 667 597 331 84 695 41 242 144 149 767 565 649 499 127 638 739 238 442 636 436 482 500 518 492 443 678 199 220 22 707 885 234 383 620 259 895 108 708 435 577 593 663 588 559 62 251 92 562 691 467 109 309 613 484 457 639 
729 770 83 485 889 694 647 353 703 229 200 569 746 763 615 613 334 465 770 200 451 364 618 339 647 599 567 359 601 472 602 661 712 226 489 266 619 584 506 821 408 591 528 547 487 873 197 554 758 413 614 469 627 866 675 577 365 286 226 889 633 174 251 695 273 513 230 283 618 740 139 479 573 536 864 698 738 50 463 489 733 172 342 750 568 801 528 424 850 530 455 844 581 115 751 907 765 615 479 630 442 726 501 607 874 293 785 776 417 574 701 798 559 243 644 628 132 599 587 276 731 748 646 219 565 645 645 541 511 566 735 691 279 75 902 165 947 547 712 416 718 123 293 688 741 558 385 203 420 175 
602 627 433 335 425 413 281 330 272 375 346 418 256 474 383 413 175 109 621 293 311 230 330 239 563 413 84 284 274 26 336 301 449 339 41 238 287 94 139 372 158 490 176 126 201 381 343 161 454 475 289 98 435 417 239 218 317 374 355 436 297 329 243 225 325 157 486 458 153 248 354 262 82 261 371 388 253 477 249 344 504 538 161 522 345 339 429 180 364 230 162 350 162 421 268 424 372 533 211 512 292 464 404 269 394 270 310 599 176 242 364 349 141 295 160 138 412 110 118 308 425 429 512 378 402 316 210 124 237 414 605 246 525 432 419 624 473 74 544 310 590 371 309 213 604 201 173 308 82 352 
773 813 144 506 853 704 634 381 675 273 103 598 680 774 508 504 265 434 811 157 345 271 516 247 696 623 518 256 594 420 609 650 727 125 425 242 522 522 480 790 326 633 441 469 476 819 102 528 765 474 516 435 517 836 591 561 390 330 120 858 627 171 213 654 300 429 313 353 545 685 125 379 520 437 805 701 668 145 364 512 756 274 277 774 582 765 566 336 802 435 369 783 551 174 680 861 750 662 385 671 456 742 536 512 830 199 743 812 331 480 698 767 479 250 596 576 187 547 544 175 737 751 684 109 455 641 614 463 507 456 779 609 367 132 856 275 907 480 747 437 761 122 190 645 784 541 302 202 375 87 
352 360 606 244 267 114 48 359 116 479 614 239 380 153 703 735 466 260 352 521 641 547 642 550 356 205 268 602 86 324 119 29 150 618 370 435 591 336 211 191 482 305 497 434 202 360 609 171 130 428 596 264 757 223 488 121 343 437 636 246 54 517 466 200 422 480 560 502 405 299 561 592 287 585 388 75 403 650 579 246 213 645 449 226 165 207 288 507 313 554 492 388 167 580 419 333 84 342 540 302 261 160 287 575 300 567 232 317 503 554 39 178 444 444 245 271 564 274 230 604 104 102 289 658 729 47 140 434 176 741 351 481 569 612 329 760 334 367 282 293 342 571 610 214 345 142 491 485 335 607 
946 972 594 669 660 754 614 628 574 618 410 758 379 810 46 83 332 449 966 452 162 255 24 279 902 756 391 251 615 360 681 633 791 384 303 465 78 325 483 638 251 828 167 226 542 541 413 502 789 776 71 438 102 675 219 559 621 644 387 686 635 515 440 496 588 187 719 718 267 445 509 134 373 91 504 725 350 624 152 679 847 733 339 865 688 593 763 220 555 117 208 478 495 602 349 615 682 871 157 853 621 805 736 90 600 321 550 944 229 105 697 619 215 534 429 398 601 388 429 334 761 762 854 399 109 654 523 226 580 121 949 238 770 586 612 774 680 293 888 631 933 526 317 480 947 543 265 515 388 436 
506 518 595 324 221 273 129 398 60 495 551 362 220 313 559 593 385 203 510 478 521 447 494 456 497 337 136 501 167 224 241 144 311 548 251 402 441 190 165 157 375 436 360 293 210 239 548 120 289 509 447 199 615 203 329 132 381 469 565 224 165 494 422 45 436 346 595 548 251 144 531 465 149 448 255 236 242 641 456 331 373 668 369 387 277 132 399 394 201 417 371 247 89 575 258 246 168 477 413 442 313 321 387 426 212 485 122 478 392 410 200 134 301 435 87 116 562 128 99 523 266 260 432 588 594 179 32 295 215 607 506 321 618 598 241 773 279 229 437 345 495 545 524 54 501 139 390 466 259 552 
776 803 464 498 554 592 458 460 434 462 306 587 305 652 207 234 179 279 797 314 151 139 162 163 730 587 241 172 452 191 514 478 628 287 137 308 135 188 316 516 94 657 31 88 372 465 307 340 632 609 133 269 256 558 184 397 452 482 297 574 475 372 289 367 427 30 569 559 164 345 376 91 226 83 439 566 284 500 85 507 683 595 181 701 519 476 591 74 466 54 45 413 338 465 291 528 540 699 41 682 449 643 564 119 506 210 438 777 80 84 541 495 88 376 296 266 462 247 280 239 604 606 683 316 224 494 377 84 411 236 779 202 617 458 525 654 588 145 719 460 763 394 229 351 778 380 115 366 216 326 
452 488 250 169 577 366 319 76 385 131 302 265 504 435 580 599 229 177 485 195 448 326 546 313 384 286 303 368 270 236 272 331 388 317 286 115 517 352 199 504 302 314 400 375 160 593 296 242 429 224 517 186 619 548 500 252 71 113 334 571 302 169 153 399 73 379 235 197 416 469 215 431 317 461 596 366 507 294 412 176 417 305 218 436 243 492 243 334 561 437 344 581 274 224 524 610 436 351 395 349 117 403 213 500 575 302 485 480 326 467 369 483 391 90 367 363 208 337 305 327 401 417 358 352 569 313 335 371 180 577 457 508 266 256 605 412 639 336 415 103 439 221 341 396 460 235 292 137 184 285 
788 824 257 502 756 672 575 401 594 331 62 600 550 741 354 353 159 363 821 152 190 123 359 101 720 616 415 100 544 320 578 593 701 35 307 221 366 401 412 701 190 650 293 331 430 700 67 456 728 528 360 360 367 747 445 501 403 378 36 766 576 211 183 556 330 284 410 430 410 569 183 223 411 281 681 660 535 279 208 510 741 400 176 760 562 669 580 191 689 281 225 657 472 274 545 751 683 686 233 685 448 716 549 357 723 60 641 813 187 326 649 678 339 268 490 466 279 439 447 23 698 709 694 54 306 593 531 325 468 308 793 464 465 248 747 425 803 356 749 439 776 197 34 543 796 480 167 228 290 91 
700 714 643 483 300 471 325 518 249 582 538 542 45 510 405 442 371 285 707 500 418 389 336 408 683 523 158 434 353 235 429 341 508 525 212 449 280 117 280 284 318 617 242 182 348 196 536 261 486 653 288 275 461 317 146 305 503 574 539 327 358 539 453 162 528 239 691 658 105 86 563 355 142 317 172 434 50 687 353 492 570 747 360 585 457 238 570 322 200 290 289 148 234 632 67 262 352 660 310 629 456 519 552 269 243 450 193 675 324 266 398 267 180 504 120 106 622 125 169 485 463 456 621 561 456 374 222 188 370 469 701 133 726 642 258 834 325 155 632 482 688 580 480 146 696 300 341 518 291 549 
523 547 437 265 386 332 204 283 212 353 385 341 277 394 464 494 222 50 541 313 388 295 410 300 487 334 76 350 193 71 256 224 368 383 122 240 365 137 59 323 228 415 257 203 126 372 382 82 375 421 368 41 516 369 301 138 268 340 401 391 217 334 257 188 297 238 461 424 211 244 367 341 93 342 371 308 283 482 328 274 423 524 205 441 266 297 357 254 345 311 240 355 91 420 300 400 304 459 291 435 228 383 334 348 367 323 278 519 250 322 286 300 217 282 142 135 408 110 82 361 346 351 434 424 482 236 150 202 160 494 526 304 493 438 395 621 441 141 463 251 511 382 365 181 524 120 239 307 93 386 
619 661 108 409 868 623 605 279 676 159 303 478 769 688 712 716 387 456 662 251 551 446 704 422 534 513 575 455 553 489 536 615 634 331 521 276 695 608 487 794 470 487 591 595 450 876 298 532 687 295 692 463 732 837 726 542 295 202 336 861 583 193 281 686 218 573 101 165 657 748 192 567 586 617 875 634 767 96 549 411 644 33 389 661 497 782 431 493 847 605 520 857 562 99 782 898 720 504 555 525 378 647 407 682 864 380 773 673 486 647 644 773 608 222 647 637 104 609 586 375 663 682 543 336 671 592 625 589 464 674 626 739 142 118 893 122 930 579 611 347 609 175 394 682 633 525 449 207 433 274 
794 811 669 564 388 569 423 581 350 628 537 630 101 611 327 365 383 350 803 520 373 375 258 397 773 614 231 411 446 280 522 439 606 520 238 483 204 166 356 380 313 705 207 170 425 259 537 346 586 723 212 339 382 411 64 395 568 629 532 418 454 568 479 263 579 214 739 713 102 181 584 311 211 261 222 533 71 710 314 573 669 785 376 683 546 334 653 306 277 241 272 196 323 663 67 335 454 748 275 719 530 618 633 197 323 443 288 772 311 205 497 365 160 545 215 194 655 204 253 475 563 557 713 552 387 471 319 177 452 400 796 44 779 666 332 862 401 182 728 553 783 602 466 247 792 388 337 552 335 554 
507 545 181 233 640 435 387 114 449 82 247 326 545 505 569 583 213 226 543 139 425 303 542 285 434 350 347 337 339 267 341 400 456 265 308 80 520 386 257 568 294 367 405 392 227 646 241 303 498 242 518 233 603 612 521 319 119 98 281 636 371 101 113 455 44 384 193 174 443 518 147 417 359 455 646 436 545 225 398 239 483 249 206 502 311 553 297 324 617 434 341 629 333 155 560 668 505 400 388 404 185 471 267 504 634 264 543 541 316 469 439 546 406 22 416 408 140 381 356 283 471 487 415 297 548 383 396 386 249 555 512 531 235 186 663 350 701 363 476 164 494 153 299 451 516 301 280 70 210 227 
582 624 111 370 833 584 568 242 641 124 304 440 742 649 705 710 370 425 625 239 545 435 693 412 498 474 546 449 516 463 498 578 596 331 497 252 682 582 454 759 455 449 575 574 415 845 298 498 649 259 678 432 727 802 705 506 257 164 338 826 546 177 261 653 183 556 67 128 633 718 184 557 557 606 845 595 741 114 538 372 606 50 370 622 458 748 393 479 815 592 504 828 529 91 756 865 683 467 542 488 340 609 369 667 831 373 740 635 471 632 606 738 588 193 616 608 89 580 555 372 625 644 506 341 667 554 591 568 428 671 589 718 115 122 860 160 895 555 573 309 572 169 391 650 596 490 434 185 406 274 
422 462 228 181 655 395 384 53 463 82 345 258 604 461 671 687 315 276 461 240 530 407 641 390 344 290 403 442 330 339 309 392 408 365 389 185 615 455 292 580 394 283 499 477 239 685 339 330 460 137 614 286 707 621 603 327 70 25 380 645 359 188 218 488 61 478 148 98 519 565 231 519 419 554 692 406 609 264 500 183 423 233 307 440 269 573 218 425 650 533 439 677 362 196 625 696 497 310 488 321 152 422 190 599 661 369 571 465 417 565 417 560 493 123 463 462 179 437 402 387 435 454 336 394 653 366 419 473 245 660 428 611 168 238 691 349 720 439 401 119 410 229 404 488 433 314 382 164 287 322 
528 559 322 241 498 380 282 205 316 248 285 336 378 448 464 486 143 75 554 202 351 237 422 233 475 342 182 288 250 102 289 300 411 289 151 126 389 221 121 432 190 401 271 241 138 485 281 169 434 354 389 77 508 478 365 208 195 245 307 500 281 219 145 303 196 250 358 329 281 355 254 320 193 341 483 366 379 367 303 251 456 414 127 475 280 409 334 222 460 314 224 464 192 306 395 515 395 443 278 430 190 426 305 372 482 242 392 539 215 339 354 409 256 170 255 244 294 216 196 277 405 414 433 329 463 298 256 237 177 473 532 373 396 323 510 507 555 201 478 199 515 268 285 296 532 187 189 193 49 281 
452 494 211 257 746 467 472 145 555 98 373 315 697 530 736 748 382 369 495 279 586 466 712 446 368 352 495 494 417 428 388 479 475 397 474 249 691 545 385 670 465 320 576 561 332 779 366 424 532 130 689 378 767 711 688 419 162 79 409 735 445 217 275 582 131 555 68 4 607 659 248 584 511 624 786 483 701 233 565 257 481 160 376 496 345 665 266 494 744 605 512 771 456 179 717 789 583 337 558 358 239 488 244 675 754 418 665 506 486 640 499 651 576 180 557 555 165 529 496 428 509 530 376 418 710 451 512 556 335 716 459 698 74 222 784 279 811 527 444 205 442 240 446 582 466 406 449 204 373 345 
716 725 728 530 235 479 341 582 248 657 630 575 57 507 481 518 462 354 717 588 508 483 411 501 710 550 230 528 380 318 455 353 514 618 302 532 357 205 339 241 412 649 333 275 401 106 628 309 481 709 365 345 536 264 216 341 567 644 632 268 377 624 539 168 602 332 765 727 197 69 650 445 219 403 79 439 85 772 444 537 577 826 450 589 489 195 610 415 122 378 383 55 278 715 88 180 336 690 401 655 510 523 595 348 168 543 151 682 417 350 401 230 272 583 166 168 705 195 226 579 463 452 645 654 538 390 244 281 417 551 716 198 797 727 177 918 246 247 646 539 705 667 574 159 710 342 434 601 373 640 
761 788 463 485 538 576 442 450 417 456 311 573 292 636 222 250 176 264 782 312 167 145 174 168 717 572 224 182 436 176 499 461 612 292 121 302 142 172 301 500 93 643 28 73 358 452 312 324 616 599 142 254 272 542 177 381 441 474 303 558 459 369 285 351 419 16 564 553 150 330 376 107 209 98 426 550 273 500 101 494 667 592 176 685 504 460 578 78 451 68 45 401 321 463 280 514 523 686 57 668 436 627 551 126 491 215 422 761 83 92 525 479 75 370 279 250 459 231 263 246 587 590 669 323 240 478 360 68 396 252 764 195 611 458 510 654 573 129 705 448 749 394 236 335 763 364 115 362 204 330 
355 385 403 85 445 218 172 157 254 273 436 166 437 288 628 654 317 143 380 334 525 412 580 406 310 168 246 463 120 232 123 182 244 445 291 247 539 316 122 369 363 237 426 379 53 489 430 139 279 261 541 154 676 410 481 119 140 234 463 434 151 319 282 292 217 405 360 305 390 381 364 491 267 504 502 214 449 446 474 94 284 442 301 303 106 365 177 394 450 475 391 491 170 375 466 490 287 280 445 261 64 259 155 522 455 411 368 364 387 493 216 349 394 242 284 293 359 275 230 443 250 265 262 483 635 161 217 377 34 645 359 483 375 409 485 555 510 321 303 97 342 373 453 295 359 110 363 287 207 424 
837 856 657 593 454 618 472 597 406 630 510 666 168 663 262 300 367 372 849 506 323 343 193 367 811 653 265 373 490 292 564 489 656 491 242 480 142 192 386 444 290 741 172 157 455 325 511 384 640 742 150 360 317 476 28 436 584 637 501 484 501 559 471 320 585 185 741 720 118 245 570 263 243 209 287 583 138 696 269 603 717 780 363 733 585 398 685 277 344 193 244 261 364 654 133 401 512 784 234 758 556 668 663 137 390 414 352 820 283 152 549 428 143 545 265 240 648 244 293 444 615 610 753 520 325 518 370 163 485 338 839 29 784 653 399 849 468 193 773 576 826 588 433 303 836 427 314 546 344 529 
608 643 214 320 625 494 409 229 446 197 160 419 475 564 442 456 88 204 640 74 298 175 419 158 542 434 295 212 373 199 399 426 521 168 220 47 401 312 251 561 173 471 290 290 256 600 155 299 552 368 398 205 475 607 421 335 228 226 185 628 405 112 23 427 171 271 302 297 354 467 133 290 300 331 592 485 469 257 271 328 560 332 86 579 381 536 401 201 579 313 222 571 321 207 483 636 523 509 265 505 266 537 370 386 604 143 516 632 193 351 478 538 304 113 372 356 200 327 317 170 523 535 514 206 421 421 385 284 291 428 613 435 351 212 632 407 679 278 567 259 595 150 183 418 615 314 156 99 149 152 
448 458 609 296 213 211 77 389 23 496 585 318 282 248 623 656 425 227 450 504 576 495 559 502 446 289 192 549 127 269 194 85 248 585 304 423 506 253 181 138 425 389 421 355 206 273 581 133 223 484 512 227 678 181 396 115 372 464 603 205 114 512 447 102 438 406 590 538 317 201 552 523 208 509 297 173 306 654 512 302 311 669 408 324 235 133 360 447 228 478 426 294 112 586 321 260 106 429 471 391 296 258 352 491 226 526 145 415 444 474 136 117 364 446 153 181 572 190 153 564 200 193 380 625 655 124 56 357 198 668 448 388 607 613 256 778 277 289 379 329 438 564 567 116 442 130 438 482 294 583 
442 475 304 152 518 326 263 114 326 191 328 250 449 396 560 582 223 120 471 226 440 321 520 312 383 263 247 368 217 191 231 277 351 339 245 139 486 301 139 445 284 310 369 336 103 533 323 182 387 259 487 130 603 489 455 195 101 170 357 512 250 214 175 339 133 347 294 253 369 411 258 414 263 438 538 321 454 349 396 161 388 365 209 407 209 432 241 316 501 412 321 523 213 280 470 549 381 350 374 341 99 367 211 469 515 310 425 461 308 437 320 423 351 141 308 306 265 281 247 340 358 372 347 376 556 263 275 332 128 566 446 462 323 309 544 471 579 290 398 102 429 268 352 336 448 177 279 182 144 316 
269 311 390 175 670 337 394 177 491 252 525 172 694 387 833 852 482 383 312 420 701 578 796 563 184 212 500 617 341 465 283 394 333 545 521 358 764 566 376 593 555 146 646 613 308 738 519 396 396 55 764 394 873 626 727 367 183 196 560 650 359 368 394 544 240 625 249 186 638 637 408 684 520 712 755 364 706 417 665 168 321 339 471 334 238 600 118 587 696 688 595 746 427 357 723 728 485 154 647 182 200 342 116 747 694 546 612 328 579 714 391 577 628 302 542 550 342 531 487 566 380 402 202 574 822 357 467 609 288 830 276 732 223 401 724 455 737 563 270 179 259 405 582 549 283 363 546 344 422 501 
537 566 347 254 477 378 272 229 298 275 299 346 352 445 450 474 147 60 561 221 344 235 405 234 487 349 156 288 244 76 289 290 411 300 127 149 370 194 109 413 182 413 253 218 139 460 295 154 430 376 370 58 495 459 340 198 217 272 318 480 274 243 166 280 223 231 385 356 255 329 276 309 166 326 457 362 352 392 293 264 459 441 130 477 285 388 347 213 436 298 211 438 174 331 368 491 381 456 265 440 205 426 320 352 459 248 370 545 206 321 347 390 234 197 230 218 320 190 172 284 400 409 443 341 453 292 237 214 179 463 540 348 422 348 486 533 532 176 484 217 524 291 291 273 540 177 184 218 27 297 
287 329 371 174 674 346 396 163 493 234 508 181 690 398 820 839 468 375 330 403 686 564 784 549 202 221 495 602 343 456 288 397 344 528 512 343 753 559 371 596 542 161 635 603 303 738 501 393 406 37 753 387 859 631 719 366 170 179 543 654 363 350 379 543 224 614 231 168 630 634 390 670 514 700 753 372 701 398 652 168 335 321 457 348 242 602 127 574 696 676 583 744 424 339 718 730 490 172 635 198 195 353 121 736 696 531 613 344 566 703 397 580 618 286 538 545 323 526 482 550 389 411 218 556 808 361 466 599 286 816 294 724 206 383 726 437 740 554 286 171 277 387 566 547 301 361 532 327 411 484 
805 842 245 521 791 697 605 415 627 335 55 619 588 767 379 375 192 393 839 161 217 159 389 138 735 637 450 132 573 354 603 623 725 36 343 239 399 437 442 735 227 666 329 369 457 737 62 487 755 535 393 391 389 781 482 531 418 385 20 801 604 214 201 591 340 321 405 430 447 605 180 255 447 313 718 687 572 262 241 529 764 386 209 783 585 704 596 228 726 315 262 694 504 266 582 787 715 701 268 702 468 741 565 390 759 96 676 833 224 360 677 712 376 279 526 502 273 475 481 60 725 736 712 19 327 621 564 362 493 328 811 500 460 235 783 403 839 393 769 456 793 191 68 579 814 510 204 236 322 83 
76 118 574 232 603 242 361 324 459 430 686 142 707 260 935 960 607 451 119 577 824 705 888 695 12 154 541 751 324 540 248 352 217 703 599 502 847 614 424 531 665 73 734 686 359 707 679 422 279 248 849 462 982 554 780 372 320 372 719 575 325 535 540 534 403 713 442 378 689 634 579 795 562 811 734 280 726 605 778 223 175 532 593 179 221 553 144 697 660 783 697 732 444 541 742 677 410 39 751 48 285 218 174 830 645 688 579 140 690 801 318 522 700 461 556 574 525 564 515 714 276 297 58 735 938 313 459 684 323 948 83 779 415 585 673 648 667 625 97 286 66 579 728 544 90 380 662 507 513 665 
729 741 693 525 285 496 353 565 268 631 585 578 4 530 426 464 420 332 734 550 454 434 357 453 717 557 206 477 386 284 462 367 533 572 261 499 302 167 324 281 364 653 279 225 391 161 584 302 505 697 310 322 482 310 161 341 550 622 586 316 388 589 502 182 577 280 740 706 145 86 613 391 191 349 130 457 31 737 391 533 595 797 409 609 493 235 609 366 175 324 333 105 273 682 39 234 365 695 348 662 499 543 592 293 221 496 189 700 368 295 420 268 220 553 157 149 672 172 211 531 484 475 654 608 483 402 251 231 411 496 730 144 775 692 231 884 300 204 661 527 718 630 525 169 725 338 388 568 341 597 
635 666 325 348 546 481 369 295 382 299 223 443 368 548 362 383 53 158 661 178 244 132 327 132 581 449 205 185 346 108 392 388 513 217 111 145 301 207 207 489 85 507 185 178 241 503 221 247 532 443 300 153 404 535 309 297 288 315 234 555 375 224 136 345 260 165 408 394 242 369 241 215 205 242 490 463 360 367 197 357 561 444 38 580 386 458 439 117 487 218 125 468 261 319 373 546 474 549 176 537 296 529 410 285 516 153 432 646 109 250 447 466 192 213 282 261 312 232 235 191 502 510 541 257 357 393 319 172 281 367 639 322 454 322 542 518 595 169 585 301 622 259 195 334 640 276 82 210 82 229 
863 890 516 584 615 677 541 541 510 532 340 674 346 736 120 148 246 366 884 371 116 176 83 201 817 674 321 184 538 278 601 561 714 315 223 379 83 260 403 584 164 743 91 157 459 511 342 425 716 689 76 356 170 624 197 482 534 557 321 638 560 433 355 438 502 108 635 632 216 401 430 62 303 4 479 650 321 548 76 594 769 653 252 787 606 542 677 134 518 34 121 452 421 522 324 580 617 786 70 769 535 728 650 76 561 246 501 863 142 56 624 564 149 448 368 337 521 322 360 265 688 689 770 336 144 579 456 155 498 157 866 218 686 509 577 700 643 222 806 544 850 447 250 422 865 466 179 431 303 364 
686 728 179 495 961 708 696 369 769 252 363 559 860 772 778 778 468 549 730 330 615 518 775 493 600 595 667 520 644 580 625 706 718 390 609 365 771 698 580 887 550 560 672 680 543 969 359 625 773 363 767 556 792 930 810 634 385 291 391 954 674 278 366 779 311 654 175 240 744 840 267 637 677 690 967 721 856 146 620 497 724 83 472 740 584 875 509 571 940 681 599 949 656 183 871 992 812 572 630 598 467 731 488 758 957 449 867 745 563 724 734 866 693 314 739 729 192 701 679 438 750 769 617 387 731 682 718 674 556 733 693 825 195 185 987 38 1023 667 685 436 677 249 456 775 701 618 528 296 524 335 
644 677 256 354 612 513 416 275 440 250 157 452 441 582 390 404 36 204 674 106 248 126 366 112 582 465 274 168 385 176 421 434 543 156 184 98 349 280 253 552 121 510 240 245 271 574 153 298 569 417 346 202 424 597 375 342 272 277 174 618 416 158 74 411 223 221 354 350 313 441 170 238 275 278 562 501 432 296 219 363 586 381 37 604 407 524 439 148 557 260 170 541 316 253 445 616 526 549 212 542 300 559 409 334 586 109 499 663 140 299 489 529 258 166 351 331 248 303 301 142 539 549 549 196 371 433 378 239 309 378 648 390 403 252 612 449 663 241 600 297 631 188 152 401 650 321 103 151 135 159 
355 396 293 145 644 353 366 71 455 148 414 203 624 415 727 745 373 300 395 308 591 469 693 453 275 238 424 506 311 374 275 372 361 434 428 247 664 484 304 567 449 217 547 519 242 689 408 335 417 77 664 311 765 606 639 320 82 90 449 630 337 258 283 492 129 525 182 118 552 577 300 577 442 608 700 370 632 325 558 144 369 273 363 385 231 566 156 480 651 584 491 688 367 260 649 692 473 242 542 256 137 373 132 647 657 435 570 402 472 614 387 548 534 191 477 479 243 457 417 454 395 415 272 463 713 341 418 514 236 721 362 646 181 303 687 393 710 474 339 105 344 299 470 494 367 311 438 233 326 391 
269 298 457 60 451 154 174 190 272 316 513 84 493 222 714 740 402 227 293 408 612 498 664 492 229 81 316 548 122 316 70 174 172 525 374 323 622 389 197 373 450 159 510 460 134 520 507 199 219 241 624 238 762 409 555 156 176 266 542 433 140 385 360 330 266 489 383 322 464 428 431 577 338 590 540 165 509 497 561 61 203 472 387 221 28 380 113 481 477 561 478 533 224 427 526 509 271 203 531 178 99 187 103 604 474 494 394 278 474 576 182 357 474 306 340 354 410 341 293 525 194 213 177 562 721 140 253 458 97 732 272 555 386 464 504 590 518 399 216 124 256 437 537 338 272 158 450 353 293 499 
621 645 444 354 427 429 295 348 280 391 348 437 245 489 366 396 178 128 639 301 300 224 312 235 582 431 88 277 290 44 354 315 465 340 27 250 268 82 157 377 151 509 159 107 220 376 346 177 469 494 271 117 418 421 220 234 336 391 356 440 312 340 253 228 341 140 502 475 135 243 363 249 81 245 363 403 240 487 237 364 521 551 165 539 363 342 448 170 361 214 150 342 175 433 254 422 382 553 197 531 312 480 423 251 393 269 311 617 168 223 378 354 122 309 160 136 424 109 125 307 440 443 530 379 387 331 220 105 256 399 623 228 541 442 417 635 473 56 562 329 608 380 307 215 622 217 168 320 97 356 
565 591 411 295 426 382 256 292 260 344 342 379 283 445 419 447 175 69 585 278 337 244 367 250 523 375 91 299 243 20 302 276 417 338 77 214 326 126 104 367 177 451 213 166 162 396 339 134 426 436 328 58 469 413 278 189 279 339 355 433 268 307 225 225 291 193 454 423 191 264 337 291 98 295 390 359 283 456 277 305 471 510 159 489 307 338 389 203 375 265 190 371 141 398 299 432 354 494 242 474 252 432 364 308 401 275 314 564 198 280 338 344 181 266 168 152 387 123 115 313 397 402 473 378 433 287 197 163 200 445 568 284 491 411 428 600 478 113 507 270 552 352 316 216 566 170 187 284 55 345 
829 864 309 541 763 702 598 446 609 382 113 639 542 771 308 305 180 386 861 201 146 113 320 100 763 653 423 70 571 332 610 616 733 86 310 264 333 400 435 712 187 692 274 320 460 696 118 477 756 576 327 381 319 757 425 525 447 427 82 776 602 261 226 564 378 268 462 481 400 568 235 188 417 247 674 688 524 329 176 549 775 451 197 794 597 678 622 179 690 252 212 650 490 326 532 752 703 730 208 727 487 748 591 325 725 80 646 851 178 297 674 689 326 316 496 470 331 444 457 52 727 736 735 90 257 619 546 314 499 258 834 444 516 299 748 473 806 354 788 480 816 249 38 551 836 504 167 277 311 143 
746 776 381 460 595 582 459 403 453 390 224 554 369 646 253 271 104 258 771 232 135 61 226 82 693 559 261 107 444 183 497 479 616 205 146 237 211 229 303 548 27 619 114 149 348 523 224 337 629 550 208 250 292 593 264 391 397 415 217 610 470 293 213 399 360 101 493 489 228 395 294 103 251 138 502 561 352 417 85 469 666 515 111 685 494 512 551 9 517 122 42 477 342 384 362 580 554 661 72 648 408 631 522 197 554 128 478 754 5 162 541 526 155 305 329 301 382 277 298 160 599 605 652 237 245 489 392 142 388 255 750 282 543 375 576 571 636 182 694 413 733 312 152 385 750 372 36 289 185 243 
517 557 146 256 682 464 425 126 491 43 248 344 588 533 596 608 243 270 555 145 447 327 573 307 441 372 391 356 376 310 372 437 483 269 349 111 554 429 300 610 326 377 441 431 267 690 241 346 528 231 552 277 627 654 561 359 137 81 283 677 408 90 135 499 45 421 152 143 484 562 133 444 402 485 690 468 588 189 425 261 506 205 238 524 338 596 310 355 660 467 374 673 376 118 603 711 543 407 419 415 212 497 280 538 677 280 587 556 347 503 473 588 446 43 461 452 102 425 400 294 502 519 428 296 571 418 438 426 286 578 523 572 198 154 706 307 743 405 491 187 505 133 312 495 528 341 310 68 253 224 
625 629 743 480 118 386 265 557 165 650 675 505 169 403 588 625 504 350 621 615 593 546 518 560 631 476 247 596 314 345 382 271 419 667 350 546 463 259 320 120 472 576 417 353 369 85 672 278 377 666 471 345 644 142 326 289 540 627 683 147 301 640 561 120 592 411 753 706 283 98 672 531 246 498 114 346 199 788 527 486 480 823 490 490 423 78 547 483 42 470 454 120 246 725 207 95 228 615 483 577 472 426 539 452 65 597 43 583 483 448 307 114 354 586 169 191 712 219 224 634 363 349 564 706 639 310 190 357 373 652 624 310 776 744 90 925 147 306 555 504 616 688 633 124 617 297 492 613 392 680 
694 713 575 455 362 476 330 472 273 523 463 524 118 524 351 387 297 240 706 430 346 313 283 331 668 510 123 359 346 174 421 348 514 450 141 384 229 56 247 333 242 599 170 107 316 271 461 241 501 613 235 229 407 372 118 293 458 521 463 385 359 472 384 192 472 165 634 605 37 149 493 284 102 251 248 442 108 618 281 464 575 685 288 591 442 289 546 246 270 223 214 224 221 566 121 333 381 643 237 615 420 527 524 215 310 374 248 677 248 205 410 314 107 442 127 99 557 100 149 409 475 472 610 485 395 376 230 113 345 408 696 115 672 573 329 768 393 83 629 443 682 510 404 175 692 284 265 453 230 475 
131 116 695 299 474 150 297 426 374 549 768 209 640 117 942 972 654 463 107 662 857 748 886 744 193 181 514 800 286 546 224 279 112 780 600 577 838 587 421 411 694 204 735 677 374 601 762 400 143 400 842 472 994 422 745 342 416 492 797 440 269 634 615 460 507 716 587 521 659 559 680 817 535 820 635 186 664 731 802 293 54 679 638 36 232 444 252 723 552 790 715 639 410 663 679 555 292 206 768 169 350 100 277 821 528 749 480 66 718 798 222 409 689 555 504 528 646 527 480 780 159 171 148 817 959 250 399 676 334 970 127 740 570 704 552 798 533 611 83 367 129 684 791 475 117 358 697 602 536 753 
721 744 517 461 446 518 377 452 337 484 387 541 200 573 282 316 230 235 738 367 260 231 220 250 686 533 154 274 381 150 451 396 556 372 96 335 170 87 258 411 163 614 86 21 324 357 387 269 551 599 174 223 337 452 119 326 441 491 384 466 400 416 328 264 439 79 595 574 58 235 432 199 134 171 333 488 183 558 194 470 614 636 223 631 464 369 554 162 356 141 129 308 258 511 192 419 445 657 150 635 419 569 530 153 396 295 330 713 165 133 459 391 24 399 194 163 505 150 191 329 524 524 632 406 318 418 285 27 359 330 724 130 637 513 415 710 479 57 660 436 709 449 322 248 722 312 187 402 198 402 
533 555 457 280 369 335 202 304 200 375 400 354 256 394 460 490 235 71 549 331 391 303 403 310 499 344 55 358 196 77 262 221 371 398 120 260 357 121 72 308 234 428 252 195 141 351 397 83 375 440 360 63 512 354 286 140 289 362 415 375 218 354 276 170 319 234 483 445 195 222 387 342 74 339 350 309 263 502 329 289 428 545 219 445 276 280 372 258 325 308 241 333 83 440 280 380 295 472 291 447 245 386 350 340 348 335 259 525 254 315 284 285 208 303 121 114 428 89 61 373 346 349 444 438 481 237 137 194 172 493 535 288 514 458 376 642 422 131 471 270 520 402 376 162 533 124 246 328 109 402 
496 503 658 356 158 257 135 446 36 551 621 375 248 283 620 656 456 269 495 546 590 518 554 527 500 345 207 572 186 295 252 140 292 619 322 468 500 255 227 88 446 445 425 358 261 216 618 179 257 544 506 267 677 133 379 172 429 520 636 156 171 559 490 78 492 413 647 595 308 163 597 533 218 513 243 217 275 704 524 361 354 724 440 365 293 74 419 465 170 482 441 243 152 637 288 201 116 484 482 446 355 300 412 486 166 556 88 458 463 472 179 65 365 496 147 177 623 194 170 594 239 228 433 659 659 179 88 361 256 672 496 368 665 661 196 831 220 296 427 388 487 610 596 95 489 185 462 530 329 622 
271 313 412 222 712 371 438 221 536 281 558 208 742 416 877 896 525 431 315 455 743 620 842 604 185 246 549 657 386 513 325 436 363 580 569 398 810 614 424 635 599 166 693 660 356 783 552 444 427 79 810 442 916 667 775 413 227 229 594 690 402 400 433 590 277 671 259 202 686 684 439 727 568 757 801 401 754 434 709 215 345 344 514 356 280 644 156 631 741 733 640 793 474 380 771 772 524 162 692 198 248 371 160 793 738 585 657 336 623 760 429 620 675 339 589 598 365 579 535 603 414 436 219 606 865 399 513 656 336 872 278 780 224 424 767 457 778 610 284 227 263 434 620 596 287 410 589 379 469 533 
568 610 152 375 851 587 582 252 659 147 346 437 772 650 746 752 409 451 611 279 587 476 733 453 483 473 574 491 528 494 505 590 596 373 531 287 721 613 477 776 493 439 613 610 432 870 340 519 652 244 718 459 769 818 741 523 268 175 380 842 558 217 299 676 204 594 53 118 667 744 226 598 586 646 872 601 772 151 579 376 602 40 408 618 463 767 387 519 838 632 543 855 551 133 787 887 695 453 582 477 350 609 366 706 852 415 762 625 511 671 615 755 624 224 642 635 130 608 581 414 629 649 496 383 709 565 611 604 442 713 575 753 84 164 882 158 914 588 564 317 558 211 433 674 582 508 474 222 437 317 
541 565 439 281 390 349 219 295 221 360 379 359 267 410 447 476 213 62 559 310 373 283 392 289 504 352 66 337 210 57 273 239 385 376 105 241 348 122 77 329 214 432 239 185 143 368 376 98 391 435 350 51 498 375 285 155 281 350 393 396 234 335 256 190 305 220 469 434 194 238 367 325 81 325 366 324 271 484 312 290 441 530 197 458 283 301 374 239 344 294 224 348 103 423 288 400 316 476 274 453 243 400 351 330 368 314 280 536 235 304 302 306 199 287 138 128 411 101 81 352 362 366 451 416 465 252 158 184 178 477 544 288 503 439 395 625 443 124 481 265 529 382 355 182 542 137 226 309 88 381 
663 665 796 530 106 425 312 610 212 704 725 552 191 435 616 653 554 404 656 668 632 592 546 607 673 521 298 641 363 396 429 316 456 716 398 599 491 305 374 142 518 621 456 393 422 50 722 331 410 718 499 398 672 147 351 341 594 680 732 143 348 693 614 174 646 451 807 760 319 137 725 570 296 533 94 385 220 842 567 536 516 878 540 524 470 111 596 527 15 506 497 111 300 779 225 47 261 659 523 620 524 462 588 481 34 645 91 617 528 481 347 144 393 640 221 240 766 269 277 682 399 383 606 755 671 355 243 398 425 684 661 334 830 797 43 979 110 351 593 556 654 741 680 178 654 350 539 667 444 731 
667 704 145 387 720 576 501 274 540 195 87 483 561 646 464 470 149 299 702 24 305 196 454 172 595 504 388 209 461 291 481 517 601 107 304 111 447 399 345 656 226 527 348 362 343 692 80 393 637 393 443 301 487 702 491 427 279 243 122 724 494 74 79 522 198 331 278 294 432 559 58 317 392 367 681 571 552 181 299 394 634 282 156 653 457 631 457 246 672 357 275 660 416 151 565 730 616 561 306 564 335 616 427 434 699 132 611 698 239 399 566 633 374 138 466 448 152 419 412 136 608 621 575 136 427 509 480 356 376 432 672 506 332 138 726 334 774 361 633 320 654 75 155 513 676 406 204 94 243 67 
622 647 436 354 435 432 300 344 287 385 340 437 252 493 364 393 170 128 641 293 294 217 310 228 582 433 95 270 293 41 356 319 469 332 22 244 267 89 159 384 144 509 156 107 220 384 338 180 473 491 270 117 415 429 224 238 333 387 348 447 316 332 246 235 336 137 496 470 140 251 356 244 89 241 371 407 247 480 231 363 524 545 157 542 364 349 448 164 369 211 144 350 180 426 261 430 388 553 192 532 310 483 422 250 401 261 319 619 161 222 383 361 122 303 168 144 417 117 132 299 444 448 531 371 383 335 226 105 257 394 625 232 536 435 425 628 481 60 563 327 609 373 299 222 623 221 160 313 92 348 
436 478 224 244 736 453 460 135 545 105 382 300 691 515 740 753 385 363 479 286 592 471 714 452 352 337 490 500 405 425 374 467 460 406 472 252 692 541 378 659 467 304 577 560 323 771 376 415 517 114 690 373 772 699 686 408 152 77 418 723 433 225 279 574 130 556 84 18 604 652 258 588 505 627 778 469 696 248 569 243 465 176 378 481 331 655 250 497 735 607 514 764 447 192 712 779 570 321 560 342 227 472 229 676 744 424 655 490 488 641 485 640 575 184 550 548 178 524 489 436 495 515 360 428 716 438 503 555 325 722 443 695 84 236 774 295 801 524 428 194 426 251 454 574 450 396 452 211 371 355 
315 357 343 178 682 363 404 146 498 206 482 200 686 417 802 820 448 367 358 378 666 543 768 527 230 239 489 580 349 445 299 406 363 503 500 321 738 551 366 604 524 187 621 591 300 740 476 392 424 10 738 378 840 640 709 368 155 153 518 664 371 324 356 544 200 599 203 139 621 634 364 652 508 683 754 386 696 369 633 174 358 293 438 372 253 608 145 555 700 659 566 744 423 310 713 736 502 200 617 224 191 373 134 721 701 508 617 371 547 688 410 587 606 262 536 541 295 520 478 526 406 428 244 530 788 371 468 587 286 796 322 715 180 354 731 410 748 544 312 164 305 360 542 548 329 362 513 302 398 458 
462 500 212 192 623 398 361 69 431 85 292 283 548 467 602 618 246 222 499 184 463 340 572 324 390 308 347 377 311 276 306 373 417 310 323 118 547 394 246 549 325 322 430 411 205 639 285 289 462 203 545 230 638 593 537 297 75 72 326 616 343 144 154 445 26 409 189 155 455 515 190 451 361 485 642 402 551 255 432 197 442 258 238 460 273 538 253 356 607 464 370 627 320 184 567 656 478 356 419 359 146 432 222 530 622 306 531 497 348 496 408 528 426 67 413 408 167 382 351 326 435 452 371 341 585 353 381 406 221 593 468 546 222 220 651 367 685 375 432 123 450 193 342 443 472 280 313 114 222 271 
584 625 64 344 780 556 524 212 589 85 238 425 675 624 632 639 296 364 625 165 474 362 619 339 503 456 481 378 474 394 466 535 572 264 426 181 607 513 397 708 380 447 501 502 365 784 232 443 621 272 604 371 656 752 633 457 225 142 274 776 505 103 188 595 137 482 112 147 562 654 114 483 491 532 782 563 672 97 465 348 590 121 297 607 430 694 384 405 756 518 430 763 473 32 687 808 641 471 468 486 305 586 357 593 774 301 683 631 397 558 570 686 515 129 553 543 19 515 493 303 595 613 501 279 596 516 536 496 384 601 591 646 167 76 803 210 841 484 567 277 573 101 321 591 597 440 360 113 338 209 
867 894 510 587 625 683 548 541 519 529 332 678 358 743 117 143 244 370 889 366 104 170 88 194 820 678 328 175 544 283 606 568 719 307 228 377 93 269 408 594 163 746 99 166 463 522 334 431 723 689 86 360 165 634 210 489 534 555 312 648 566 428 352 448 500 115 632 629 227 412 424 52 312 12 490 657 333 542 68 596 774 648 251 792 611 552 680 132 529 42 122 464 428 517 336 591 626 788 69 772 537 734 652 87 572 239 511 868 140 68 631 574 159 445 377 347 516 331 367 257 694 696 774 327 135 585 464 163 502 148 870 230 682 503 588 693 654 230 811 546 854 441 242 431 869 471 176 428 305 357 
591 628 163 309 660 499 429 200 475 146 162 406 525 569 492 504 143 236 625 54 342 222 472 202 520 426 339 251 387 246 404 444 523 178 272 37 456 363 278 593 228 452 346 345 269 644 156 327 560 329 453 239 523 638 476 356 203 182 194 661 420 59 33 465 131 327 247 247 407 512 92 341 346 384 638 494 520 208 322 316 556 277 141 575 379 571 381 254 621 367 277 618 352 153 535 677 545 486 318 488 257 538 351 441 644 177 555 621 246 406 491 570 359 68 415 401 145 372 357 195 531 545 498 212 466 434 417 339 300 473 596 490 297 163 672 355 717 330 556 243 578 106 211 458 599 336 209 44 192 145 
534 544 637 366 182 298 161 442 68 538 586 399 198 330 566 602 418 244 536 517 540 474 500 485 530 372 162 527 204 256 277 171 334 582 276 443 446 203 208 127 401 472 373 306 254 196 583 164 305 552 452 239 623 171 324 175 426 513 599 190 197 535 461 24 480 362 639 592 254 115 571 482 170 460 215 258 223 683 475 373 396 712 402 409 314 94 438 418 157 430 393 210 133 618 238 202 169 512 431 476 357 343 427 431 168 516 78 501 416 419 221 105 312 477 95 125 604 145 129 554 284 275 465 622 606 209 75 309 258 619 534 314 662 639 197 816 237 246 465 389 524 585 555 41 528 182 418 507 295 588 
584 601 563 365 284 361 215 408 159 484 489 422 156 408 459 494 319 180 593 431 429 366 395 379 564 404 62 418 236 159 312 232 399 482 168 366 342 92 165 238 292 498 262 195 230 244 487 142 384 537 347 172 515 281 233 186 392 469 498 298 245 459 378 88 428 250 591 552 152 113 490 371 61 350 241 326 169 608 363 373 460 654 305 476 338 200 450 308 222 319 282 224 115 548 186 281 267 541 320 510 339 411 433 326 250 413 168 563 307 311 293 216 203 412 17 16 536 34 52 451 359 355 503 521 496 262 113 198 251 509 585 228 622 564 276 750 330 134 518 367 573 506 450 73 581 181 311 434 208 495 
576 609 282 287 551 439 343 225 373 234 225 384 407 508 431 450 88 133 605 148 305 186 397 178 518 394 222 234 311 128 347 361 469 228 158 87 370 245 181 488 153 445 254 239 197 527 221 228 495 373 369 133 471 533 369 269 218 246 246 555 342 177 94 353 192 233 345 327 294 395 206 282 228 311 520 426 403 326 264 296 513 389 73 532 335 462 376 185 505 288 195 500 249 270 418 562 455 485 246 476 234 485 346 354 530 182 442 592 177 319 415 465 253 149 299 283 261 254 243 216 465 475 482 268 423 359 312 233 235 432 581 380 388 281 558 472 605 215 530 235 563 222 225 344 582 248 145 157 75 222 
523 564 127 276 718 488 458 143 527 19 261 359 629 556 627 638 277 309 563 166 475 357 607 336 444 389 431 382 407 350 398 469 504 285 389 148 589 470 338 645 362 384 478 470 301 729 255 383 553 221 587 317 657 689 600 393 157 78 298 712 438 104 168 537 70 458 114 115 524 602 139 476 443 519 730 495 628 164 457 280 523 166 274 540 361 633 319 389 699 502 410 713 413 95 644 749 574 410 453 423 237 518 291 574 715 305 625 567 381 539 502 624 484 82 500 492 78 465 439 315 527 544 437 308 599 448 475 464 317 605 529 612 162 136 744 270 780 445 503 209 512 133 333 534 535 377 344 93 294 235 
656 677 516 405 384 447 304 414 265 463 412 479 173 501 355 389 243 184 670 372 323 271 293 287 624 468 82 321 312 113 383 323 485 400 84 324 242 16 198 343 198 553 155 88 266 313 410 201 479 556 247 173 410 386 161 256 401 461 415 402 328 412 325 194 412 143 574 545 70 183 435 264 62 243 297 416 167 560 257 414 544 625 232 560 400 304 497 208 305 212 179 274 187 506 181 367 372 597 213 572 367 498 474 226 341 326 267 644 208 206 387 322 97 382 123 93 497 77 118 363 451 451 569 438 389 347 212 90 298 402 658 164 612 515 363 708 423 30 593 388 643 452 360 179 655 244 219 393 169 422 
7310 7580 4430 4540 5230 5470 4150 4200 3940 4300 3010 5430 2890 6080 2520 2790 1540 2340 7520 2920 1850 1410 2050 1610 6860 5410 2000 1850 4080 1460 4690 4340 5830 2840 920 2760 1720 1550 2710 4820 760 6120 550 680 3270 4450 3000 2960 5880 5690 1720 2240 3010 5250 1900 3530 4110 4460 2960 5410 4310 3470 2610 3320 3910 340 5380 5250 1470 3190 3560 1300 1870 1280 4220 5220 2720 4820 1200 4630 6380 5700 1520 6560 4740 4430 5470 730 4410 990 400 3970 2940 4420 2810 5030 4990 6550 780 6370 4050 5980 5200 1550 4790 2070 4060 7310 750 1220 4980 4600 760 3440 2610 2320 4370 2100 2390 2400 5600 5630 6380 3170 2680 4500 3360 620 3660 2790 7340 2060 5850 4390 4990 6350 5610 1100 6740 4170 7180 3740 2330 3170 7330 3350 1010 3380 1730 3170 
6528 6816 2344 4232 6088 5544 4720 3456 4832 2928 776 5016 4352 6088 2576 2560 1376 3024 6784 1480 1280 912 2656 784 6000 5136 3360 616 4504 2624 4800 4872 5784 560 2472 2000 2744 3200 3416 5664 1488 5432 2232 2584 3608 5576 816 3760 5976 4488 2696 2992 2672 6024 3448 4136 3464 3296 536 6184 4744 1968 1696 4488 2904 2176 3560 3720 3224 4544 1752 1584 3320 2056 5408 5432 4216 2512 1480 4296 6120 3480 1512 6272 4688 5400 4872 1456 5512 2080 1720 5216 3872 2480 4288 6008 5576 5728 1720 5712 3792 5904 4624 2680 5792 560 5152 6712 1432 2440 5328 5480 2632 2408 3952 3744 2520 3536 3632 304 5744 5816 5776 616 2176 4888 4328 2536 3912 2192 6568 3600 4000 2264 5976 3664 6440 2832 6208 3736 6432 1856 224 4384 6592 3968 1328 2096 2432 1016 
2040 2226 2340 354 2826 1338 1170 810 1686 1530 2616 888 2796 1758 3882 4032 1956 996 2202 1986 3234 2538 3606 2496 1734 936 1644 2838 846 1530 774 1218 1476 2682 1878 1470 3372 2058 894 2364 2268 1296 2682 2412 480 3102 2580 1014 1716 1386 3378 1068 4164 2604 3042 882 708 1272 2784 2748 1026 1866 1692 1926 1206 2556 2022 1680 2502 2460 2142 3042 1770 3138 3186 1350 2868 2592 2940 408 1680 2526 1866 1794 612 2352 912 2460 2868 2970 2454 3126 1194 2166 2970 3108 1848 1554 2778 1452 222 1566 768 3264 2898 2502 2376 2124 2418 3084 1386 2250 2502 1398 1884 1932 2070 1818 1554 2688 1554 1650 1470 2904 3906 1068 1476 2400 378 3966 2064 3060 2094 2376 3078 3216 3216 2070 1746 420 1962 2184 2754 1944 2064 834 2262 1674 1344 2532 
4775 4925 2630 3350 3690 3920 3265 3035 3145 2870 1660 3820 2340 4230 465 415 1510 2320 4900 1980 430 1035 675 1130 4515 3840 2185 900 3225 1905 3510 3365 4095 1525 1650 2150 885 1905 2525 3535 1185 4145 1050 1385 2775 3160 1685 2665 4130 3755 845 2275 485 3735 1570 2950 3015 3045 1520 3805 3345 2305 1990 2795 2775 1115 3335 3375 1695 2620 2225 550 2105 620 2990 3800 2205 2750 625 3395 4360 3335 1570 4450 3515 3320 3805 1030 3205 770 1055 2860 2665 2695 2215 3510 3675 4350 800 4290 3090 4170 3660 905 3420 1285 3120 4810 1060 875 3680 3430 1355 2475 2445 2290 2705 2210 2380 1295 3990 4005 4305 1555 190 3440 2865 1370 2975 225 4795 1670 3605 2580 3495 3475 3830 1700 4515 3110 4715 2305 1200 2715 4795 2860 1205 2340 1965 1805 
5026 5299 1036 3087 5376 4417 3878 2275 4144 1645 329 3759 4179 4907 3213 3220 1267 2457 5278 553 2072 1414 3199 1239 4515 3906 3031 1407 3612 2345 3752 3997 4592 518 2387 1162 3199 3059 2779 4942 1736 4053 2569 2730 2786 5138 294 3115 4844 3052 3164 2457 3332 5264 3605 3360 2310 2009 581 5411 3836 812 931 3983 1722 2471 2121 2296 3248 4207 546 2226 3045 2618 5047 4382 4102 1211 2114 3136 4823 2030 1344 4956 3584 4760 3563 1834 5012 2569 2058 4893 3269 1155 4186 5425 4683 4277 2219 4312 2723 4697 3353 3115 5215 917 4606 5257 1792 2884 4347 4781 2800 1323 3570 3437 1197 3234 3206 833 4641 4732 4389 637 2898 3941 3710 2681 3017 2919 5068 3724 2506 966 5397 2261 5747 2779 4802 2618 4942 623 959 3913 5096 3220 1568 994 2030 126 
3488 3824 1704 1768 5632 3464 3448 816 4104 616 2856 2296 5232 3976 5640 5744 2792 2608 3824 2056 4472 3496 5424 3352 2832 2568 3616 3744 3016 3088 2800 3512 3544 3032 3472 1728 5240 4024 2736 5024 3448 2400 4312 4176 2312 5888 2800 3040 3984 1000 5232 2688 5904 5352 5184 3008 952 312 3144 5544 3240 1584 1968 4312 744 4152 816 376 4528 4928 1880 4424 3744 4728 5936 3576 5264 1944 4272 1768 3624 1528 2736 3752 2472 4984 1928 3688 5608 4568 3816 5824 3304 1440 5392 5968 4344 2576 4192 2712 1584 3648 1728 5112 5688 3144 4976 3888 3624 4832 3688 4872 4296 1192 4112 4096 1320 3896 3624 3256 3792 3952 2848 3232 5464 3296 3752 4136 2344 5512 3544 5256 944 1792 5928 2480 6152 3888 3384 1320 3400 1840 3392 4312 3592 2912 3328 1448 2664 2648 
8730 8950 6090 6100 5430 6660 5220 5910 4710 6050 4450 6920 2600 7180 1640 2020 3240 3840 8890 4600 2330 2770 950 3020 8370 6840 3020 2960 5310 2960 6010 5410 7040 4230 2390 4510 420 2290 4100 5250 2400 7640 1210 1480 4750 4220 4470 4190 6960 7400 500 3730 2200 5610 1000 4760 5810 6200 4300 5710 5480 5180 4340 3890 5660 1410 7130 7000 1610 3290 5220 1770 2810 1180 3850 6350 2310 6450 1870 6190 7630 7410 3250 7800 6160 4800 7040 2180 4370 1130 1910 3590 4060 6110 2300 4960 5790 8080 1620 7860 5660 7170 6790 400 4820 3490 4360 8630 2260 680 6040 5070 1330 5190 3250 2960 6070 2910 3370 3730 6690 6670 7840 4470 2250 5660 4260 1510 5100 2380 8750 1190 7600 6040 4940 7990 5620 2090 8110 5810 8600 5400 3600 3720 8730 4620 2610 5110 3380 4670 
3462 3696 642 1860 4248 3084 2772 1104 3114 540 1134 2406 3540 3498 3336 3396 1272 1716 3684 552 2412 1710 3234 1584 3006 2562 2394 1848 2496 1854 2520 2856 3204 1272 2040 570 3150 2568 1944 3828 1782 2622 2496 2490 1806 4218 1098 2226 3462 1740 3132 1752 3504 4098 3276 2352 1158 840 1350 4236 2688 186 612 3108 618 2382 1080 1134 2856 3432 438 2436 2448 2706 4194 3090 3516 912 2322 1890 3360 1242 1266 3474 2334 3720 2208 1938 4062 2616 2076 4080 2394 528 3606 4386 3480 2802 2316 2844 1578 3294 2034 3060 4182 1392 3642 3684 1890 2850 3102 3696 2574 348 2838 2766 468 2592 2478 1446 3294 3390 2922 1422 3156 2766 2778 2454 1956 3192 3498 3354 1392 660 4356 1746 4602 2388 3294 1446 3390 450 1554 3072 3522 2238 1668 156 1524 984 
2865 3065 530 1540 3545 2560 2310 905 2600 425 970 1990 2965 2910 2810 2855 1085 1440 3055 485 2035 1455 2720 1345 2485 2120 2005 1570 2075 1565 2095 2380 2665 1085 1720 495 2650 2155 1625 3195 1510 2165 2105 2095 1510 3525 940 1860 2880 1425 2635 1470 2945 3420 2750 1965 950 675 1150 3535 2240 180 535 2600 495 2005 875 920 2400 2875 385 2055 2055 2280 3510 2570 2950 755 1960 1565 2790 1015 1080 2880 1940 3110 1825 1640 3395 2205 1755 3415 2005 430 3025 3665 2900 2315 1955 2355 1305 2735 1675 2575 3495 1185 3045 3055 1600 2400 2580 3085 2165 285 2375 2320 370 2175 2080 1230 2740 2820 2420 1210 2660 2300 2325 2070 1630 2685 2895 2815 1135 550 3640 1440 3845 2010 2730 1195 2805 390 1320 2570 2920 1870 1415 150 1285 845 
840 1080 4536 1496 4192 1296 2264 2424 3032 3368 5256 712 5048 1504 7024 7232 4496 3128 1056 4392 6200 5272 6616 5208 712 672 3768 5664 1992 3840 1384 2176 1128 5376 4296 3752 6272 4360 2872 3608 4904 552 5384 4976 2384 5016 5208 2816 1632 2120 6296 3208 7408 3800 5680 2392 2360 2904 5512 3968 1976 4112 4056 3648 3072 5224 3616 3096 4960 4456 4480 5928 3944 6032 5232 1608 5200 4816 5800 1432 872 4352 4376 960 1216 3784 968 5152 4640 5792 5136 5224 2968 4280 5336 4776 2648 672 5560 328 1936 1152 1192 6136 4520 5192 3992 1016 5104 5912 1904 3536 5088 3488 3856 4000 4144 3936 3544 5424 1592 1760 176 5656 7080 1872 3064 4960 2072 7160 864 5664 3480 4616 4744 5304 4704 4472 496 2008 736 4496 5528 3736 872 2472 4904 3872 3656 5112 
6561 6930 747 4365 8001 6246 5823 3177 6327 2061 1800 5121 6714 6867 5535 5517 3006 4185 6930 1800 4059 3276 5562 3051 5823 5391 5103 3231 5409 4248 5418 5949 6408 2034 4401 2394 5571 5256 4554 7389 3672 5319 4752 4923 4383 7857 1773 4986 6822 3717 5526 4221 5643 7794 6075 5193 3285 2574 2034 8001 5697 1566 2259 6255 2457 4617 2070 2547 5562 6660 1251 4311 5157 4824 7776 6282 6642 450 4167 4401 6597 1548 3078 6750 5112 7209 4752 3816 7650 4770 4095 7596 5229 1035 6759 8163 6885 5535 4311 5670 3978 6534 4509 5463 7866 2637 7065 6984 3753 5166 6309 7182 5031 2187 5796 5652 1188 5391 5283 2484 6579 6732 5814 1971 5085 5805 5805 4869 4599 5094 6615 6219 2511 675 8118 1485 8523 4923 6408 3744 6462 1107 2637 6192 6669 5022 3465 1827 3780 1575 
4214 4389 3031 2345 2975 2891 1967 2310 1904 2625 2422 2926 1792 3318 2681 2891 1225 763 4347 2051 2177 1610 2310 1673 3941 2891 588 1988 1918 182 2352 2107 3143 2373 287 1666 2009 658 973 2604 1106 3430 1232 882 1407 2667 2401 1127 3178 3325 2023 686 3045 2919 1673 1526 2219 2618 2485 3052 2079 2303 1701 1575 2275 1099 3402 3206 1071 1736 2478 1834 574 1827 2597 2716 1771 3339 1743 2408 3528 3766 1127 3654 2415 2373 3003 1260 2548 1610 1134 2450 1134 2947 1876 2968 2604 3731 1477 3584 2044 3248 2828 1883 2758 1890 2170 4193 1232 1694 2548 2443 987 2065 1120 966 2884 770 826 2156 2975 3003 3584 2646 2814 2212 1470 868 1659 2898 4235 1722 3675 3024 2933 4368 3311 518 3808 2170 4130 2597 2163 1491 4228 1407 1211 2156 574 2464 
6957 7317 1296 4554 7677 6336 5706 3429 6075 2457 927 5382 6120 6966 4572 4536 2385 3906 7299 1413 3105 2439 4644 2223 6264 5607 4662 2304 5346 3780 5481 5850 6543 1125 3825 2178 4698 4698 4320 7110 2934 5697 3969 4221 4284 7371 918 4752 6885 4266 4644 3915 4653 7524 5319 5049 3510 2970 1080 7722 5643 1539 1917 5886 2700 3861 2817 3177 4905 6165 1125 3411 4680 3933 7245 6309 6012 1305 3276 4608 6804 2466 2493 6966 5238 6885 5094 3024 7218 3915 3321 7047 4959 1566 6120 7749 6750 5958 3465 6039 4104 6678 4824 4608 7470 1791 6687 7308 2979 4320 6282 6903 4311 2250 5364 5184 1683 4923 4896 1575 6633 6759 6156 981 4095 5769 5526 4167 4563 4104 7011 5481 3303 1188 7704 2475 8163 4320 6723 3933 6849 1098 1710 5805 7056 4869 2718 1818 3375 783 
2816 2880 4848 1952 2136 912 384 2872 928 3832 4912 1912 3040 1224 5624 5880 3728 2080 2816 4168 5128 4376 5136 4400 2848 1640 2144 4816 688 2592 952 232 1200 4944 2960 3480 4728 2688 1688 1528 3856 2440 3976 3472 1616 2880 4872 1368 1040 3424 4768 2112 6056 1784 3904 968 2744 3496 5088 1968 432 4136 3728 1600 3376 3840 4480 4016 3240 2392 4488 4736 2296 4680 3104 600 3224 5200 4632 1968 1704 5160 3592 1808 1320 1656 2304 4056 2504 4432 3936 3104 1336 4640 3352 2664 672 2736 4320 2416 2088 1280 2296 4600 2400 4536 1856 2536 4024 4432 312 1424 3552 3552 1960 2168 4512 2192 1840 4832 832 816 2312 5264 5832 376 1120 3472 1408 5928 2808 3848 4552 4896 2632 6080 2672 2936 2256 2344 2736 4568 4880 1712 2760 1136 3928 3880 2680 4856 
6622 6804 4158 4683 4620 5278 4298 4396 4018 4326 2870 5306 2653 5670 322 581 2324 3143 6762 3164 1134 1785 168 1953 6314 5292 2737 1757 4305 2520 4767 4431 5537 2688 2121 3255 546 2275 3381 4466 1757 5796 1169 1582 3794 3787 2891 3514 5523 5432 497 3066 714 4725 1533 3913 4347 4508 2709 4802 4445 3605 3080 3472 4116 1309 5033 5026 1869 3115 3563 938 2611 637 3528 5075 2450 4368 1064 4753 5929 5131 2373 6055 4816 4151 5341 1540 3885 819 1456 3346 3465 4214 2443 4305 4774 6097 1099 5971 4347 5635 5152 630 4200 2247 3850 6608 1603 735 4879 4333 1505 3738 3003 2786 4207 2716 3003 2338 5327 5334 5978 2793 763 4578 3661 1582 4060 847 6643 1666 5390 4102 4284 5418 4760 2051 6216 4417 6531 3682 2219 3360 6629 3801 1855 3605 2716 3052 
4048 4144 4760 2592 1768 2184 1032 3184 480 3960 4408 2896 1760 2504 4472 4744 3080 1624 4080 3824 4168 3576 3952 3648 3976 2696 1088 4008 1336 1792 1928 1152 2488 4384 2008 3216 3528 1520 1320 1256 3000 3488 2880 2344 1680 1912 4384 960 2312 4072 3576 1592 4920 1624 2632 1056 3048 3752 4520 1792 1320 3952 3376 360 3488 2768 4760 4384 2008 1152 4248 3720 1192 3584 2040 1888 1936 5128 3648 2648 2984 5344 2952 3096 2216 1056 3192 3152 1608 3336 2968 1976 712 4600 2064 1968 1344 3816 3304 3536 2504 2568 3096 3408 1696 3880 976 3824 3136 3280 1600 1072 2408 3480 696 928 4496 1024 792 4184 2128 2080 3456 4704 4752 1432 256 2360 1720 4856 4048 2568 4944 4784 1928 6184 2232 1832 3496 2760 3960 4360 4192 432 4008 1112 3120 3728 2072 4416 
7760 8030 4640 4980 5540 5920 4580 4600 4340 4620 3060 5870 3050 6520 2070 2340 1790 2790 7970 3140 1510 1390 1620 1630 7300 5870 2410 1720 4520 1910 5140 4780 6280 2870 1370 3080 1350 1880 3160 5160 940 6570 310 880 3720 4650 3070 3400 6320 6090 1330 2690 2560 5580 1840 3970 4520 4820 2970 5740 4750 3720 2890 3670 4270 300 5690 5590 1640 3450 3760 910 2260 830 4390 5660 2840 5000 850 5070 6830 5950 1810 7010 5190 4760 5910 740 4660 540 450 4130 3380 4650 2910 5280 5400 6990 410 6820 4490 6430 5640 1190 5060 2100 4380 7770 800 840 5410 4950 880 3760 2960 2660 4620 2470 2800 2390 6040 6060 6830 3160 2240 4940 3770 840 4110 2360 7790 2020 6170 4580 5250 6540 5880 1450 7190 4600 7630 3940 2290 3510 7780 3800 1150 3660 2160 3260 
4520 4880 2500 1690 5770 3660 3190 760 3850 1310 3020 2650 5040 4350 5800 5990 2290 1770 4850 1950 4480 3260 5460 3130 3840 2860 3030 3680 2700 2360 2720 3310 3880 3170 2860 1150 5170 3520 1990 5040 3020 3140 4000 3750 1600 5930 2960 2420 4290 2240 5170 1860 6190 5480 5000 2520 710 1130 3340 5710 3020 1690 1530 3990 730 3790 2350 1970 4160 4690 2150 4310 3170 4610 5960 3660 5070 2940 4120 1760 4170 3050 2180 4360 2430 4920 2430 3340 5610 4370 3440 5810 2740 2240 5240 6100 4360 3510 3950 3490 1170 4030 2130 5000 5750 3020 4850 4800 3260 4670 3690 4830 3910 900 3670 3630 2080 3370 3050 3270 4010 4170 3580 3520 5690 3130 3350 3710 1800 5770 4570 5080 2660 2560 6050 4120 6390 3360 4150 1030 4390 2210 3410 3960 4600 2350 2920 1370 1840 2850 
4728 4944 1542 3012 4536 4032 3450 2406 3564 1986 372 3600 3300 4446 2124 2118 954 2178 4926 912 1140 738 2154 606 4320 3696 2490 600 3264 1920 3468 3558 4206 210 1842 1326 2196 2406 2472 4206 1140 3900 1758 1986 2580 4200 402 2736 4368 3168 2160 2160 2202 4482 2670 3006 2418 2268 216 4596 3456 1266 1098 3336 1980 1704 2460 2580 2460 3414 1098 1338 2466 1686 4086 3960 3210 1674 1248 3060 4446 2400 1056 4560 3372 4014 3480 1146 4134 1686 1350 3942 2832 1644 3270 4506 4098 4116 1398 4110 2688 4296 3294 2142 4338 360 3846 4878 1122 1956 3894 4068 2034 1608 2940 2796 1674 2634 2682 138 4188 4254 4164 324 1836 3558 3186 1950 2808 1848 4758 2784 2790 1488 4482 2550 4818 2136 4494 2634 4656 1182 204 3258 4776 2880 1002 1368 1740 546 
7000 7140 6430 4830 3000 4710 3250 5180 2490 5820 5380 5420 450 5100 4050 4420 3710 2850 7070 5000 4180 3890 3360 4080 6830 5230 1580 4340 3530 2350 4290 3410 5080 5250 2120 4490 2800 1170 2800 2840 3180 6170 2420 1820 3480 1960 5360 2610 4860 6530 2880 2750 4610 3170 1460 3050 5030 5740 5390 3270 3580 5390 4530 1620 5280 2390 6910 6580 1050 860 5630 3550 1420 3170 1720 4340 500 6870 3530 4920 5700 7470 3600 5850 4570 2380 5700 3220 2000 2900 2890 1480 2340 6320 670 2620 3520 6600 3100 6290 4560 5190 5520 2690 2430 4500 1930 6750 3240 2660 3980 2670 1800 5040 1200 1060 6220 1250 1690 4850 4630 4560 6210 5610 4560 3740 2220 1880 3700 4690 7010 1330 7260 6420 2580 8340 3250 1550 6320 4820 6880 5800 4800 1460 6960 3000 3410 5180 2910 5490 
3138 3282 2622 1590 2316 1992 1224 1698 1272 2118 2310 2046 1662 2364 2784 2964 1332 300 3246 1878 2328 1770 2460 1800 2922 2004 456 2100 1158 426 1536 1344 2208 2298 732 1440 2190 822 354 1938 1368 2490 1542 1218 756 2232 2292 492 2250 2526 2208 246 3096 2214 1806 828 1608 2040 2406 2346 1302 2004 1542 1128 1782 1428 2766 2544 1266 1464 2202 2046 558 2052 2226 1848 1698 2892 1968 1644 2538 3144 1230 2646 1596 1782 2142 1524 2070 1866 1440 2130 546 2520 1800 2400 1824 2754 1746 2610 1368 2298 2004 2088 2202 1938 1668 3114 1500 1932 1716 1800 1302 1692 852 810 2448 660 492 2166 2076 2106 2604 2544 2892 1416 900 1212 960 2964 3156 1824 2958 2628 2370 3726 2646 846 2778 1506 3066 2292 2190 1086 3144 720 1434 1842 558 2316 
4333 4627 756 2863 6076 4361 4235 1953 4732 1113 2121 3346 5383 4816 4984 5012 2709 3192 4634 1757 3857 3122 4928 2954 3738 3591 4025 3185 3871 3423 3752 4305 4438 2317 3647 1932 4865 4256 3409 5558 3290 3409 4137 4165 3150 6132 2086 3724 4809 2065 4844 3241 5124 5859 5082 3794 2065 1414 2352 6027 4081 1351 1967 4802 1526 4011 707 1155 4599 5236 1344 3969 4102 4319 6125 4438 5369 672 3843 2877 4508 231 2723 4627 3479 5474 3017 3451 5929 4235 3640 5999 3934 693 5474 6286 5040 3528 3885 3675 2646 4529 2849 4774 6048 2660 5411 4711 3402 4529 4508 5411 4256 1554 4529 4459 728 4263 4102 2625 4641 4774 3801 2352 4697 4144 4375 4123 3248 4718 4382 5173 994 826 6251 854 6510 4053 4277 2429 4263 1225 2758 4774 4431 3675 3143 1449 3031 1918 
7940 8110 6690 5640 3880 5690 4230 5810 3500 6280 5370 6300 1010 6110 3270 3650 3830 3500 8030 5200 3730 3750 2580 3970 7730 6140 2310 4110 4460 2800 5220 4390 6060 5200 2380 4830 2040 1660 3560 3800 3130 7050 2070 1700 4250 2590 5370 3460 5860 7230 2120 3390 3820 4110 640 3950 5680 6290 5320 4180 4540 5680 4790 2630 5790 2140 7390 7130 1020 1810 5840 3110 2110 2610 2220 5330 710 7100 3140 5730 6690 7850 3760 6830 5460 3340 6530 3060 2770 2410 2720 1960 3230 6630 670 3350 4540 7480 2750 7190 5300 6180 6330 1970 3230 4430 2880 7720 3110 2050 4970 3650 1600 5450 2150 1940 6550 2040 2530 4750 5630 5570 7130 5520 3870 4710 3190 1770 4520 4000 7960 440 7790 6660 3320 8620 4010 1820 7280 5530 7830 6020 4660 2470 7920 3880 3370 5520 3350 5540 
2535 2725 905 1165 3200 2175 1935 570 2245 410 1235 1630 2725 2525 2845 2915 1065 1130 2715 695 2125 1515 2710 1425 2170 1750 1735 1685 1695 1335 1705 2000 2280 1325 1540 400 2600 1930 1285 2840 1470 1835 2025 1960 1135 3230 1205 1515 2490 1210 2590 1165 3015 3060 2605 1595 595 490 1405 3180 1855 505 565 2275 220 1920 965 870 2215 2590 735 2085 1795 2275 3230 2180 2725 1125 1990 1195 2415 1245 1030 2510 1555 2765 1485 1620 3085 2170 1705 3145 1665 775 2800 3340 2525 2000 1940 2020 925 2355 1335 2520 3170 1320 2715 2705 1580 2345 2195 2730 2030 110 2080 2040 700 1905 1780 1415 2355 2435 2075 1485 2740 1915 1980 1930 1245 2775 2560 2655 1175 930 3315 1750 3505 1815 2380 820 2470 765 1495 2255 2580 1505 1400 350 1050 1135 
3492 3744 666 2220 4998 3504 3408 1452 3846 744 1824 2640 4452 3894 4230 4260 2220 2550 3750 1434 3270 2610 4158 2472 2988 2844 3276 2694 3096 2778 2988 3468 3576 1986 2982 1512 4092 3492 2724 4554 2730 2694 3450 3444 2490 5070 1788 2988 3894 1554 4068 2592 4362 4812 4230 3036 1542 984 2028 4956 3276 1062 1566 3918 1098 3336 402 768 3798 4308 1104 3342 3342 3636 5070 3570 4446 684 3228 2232 3636 300 2220 3732 2748 4488 2358 2874 4890 3552 3024 4968 3174 546 4536 5190 4098 2802 3252 2928 2040 3654 2214 4002 4986 2238 4440 3810 2826 3792 3636 4428 3528 1158 3696 3648 534 3480 3330 2232 3750 3864 3036 2046 4002 3324 3546 3408 2568 4026 3534 4308 690 732 5160 960 5370 3330 3438 1854 3432 1014 2346 3900 3576 2940 2604 1110 2436 1644 
3798 4158 2052 1629 5895 3555 3456 477 4167 738 3105 2322 5436 4149 6039 6183 2835 2484 4149 2160 4770 3663 5769 3510 3096 2610 3627 3978 2970 3051 2781 3528 3672 3285 3501 1665 5535 4095 2628 5220 3546 2547 4491 4293 2151 6165 3051 2970 4140 1233 5526 2574 6363 5589 5427 2943 630 225 3420 5805 3231 1692 1962 4392 549 4302 1332 882 4671 5085 2079 4671 3771 4986 6228 3654 5481 2376 4500 1647 3807 2097 2763 3960 2421 5157 1962 3825 5850 4797 3951 6093 3258 1764 5625 6264 4473 2790 4392 2889 1368 3798 1710 5391 5949 3321 5139 4185 3753 5085 3753 5040 4437 1107 4167 4158 1611 3933 3618 3483 3915 4086 3024 3546 5877 3294 3771 4257 2205 5940 3852 5499 1512 2142 6219 3141 6480 3951 3609 1071 3690 2061 3636 4392 3897 2826 3438 1476 2583 2898 
2640 2795 1610 1205 2490 1900 1410 1025 1580 1240 1425 1680 1890 2240 2320 2430 715 375 2770 1010 1755 1185 2110 1165 2375 1710 910 1440 1250 510 1445 1500 2055 1445 755 630 1945 1105 605 2160 950 2005 1355 1205 690 2425 1405 845 2170 1770 1945 385 2540 2390 1825 1040 975 1225 1535 2500 1405 1095 725 1515 980 1250 1790 1645 1405 1775 1270 1600 965 1705 2415 1830 1895 1835 1515 1255 2280 2070 635 2375 1400 2045 1670 1110 2300 1570 1120 2320 960 1530 1975 2575 1975 2215 1390 2150 950 2130 1525 1860 2410 1210 1960 2695 1075 1695 1770 2045 1280 850 1275 1220 1470 1080 980 1385 2025 2070 2165 1645 2315 1490 1280 1185 885 2365 2660 1865 1980 1615 2550 2535 2775 1005 2390 995 2575 1340 1425 1480 2660 935 945 965 245 1405 
3164 3458 1477 1799 5222 3269 3304 1015 3885 686 2611 2205 4879 3710 5152 5236 2674 2583 3465 1953 4102 3262 4984 3122 2576 2464 3465 3458 2919 2996 2716 3353 3325 2779 3318 1743 4837 3815 2695 4690 3255 2240 4032 3927 2324 5453 2562 2968 3724 910 4823 2646 5369 4977 4816 2933 1134 553 2863 5145 3115 1519 1925 4074 917 3885 476 28 4249 4613 1736 4088 3577 4368 5502 3381 4907 1631 3955 1799 3367 1120 2632 3472 2415 4655 1862 3458 5208 4235 3584 5397 3192 1253 5019 5523 4081 2359 3906 2506 1673 3416 1708 4725 5278 2926 4655 3542 3402 4480 3493 4557 4032 1260 3899 3885 1155 3703 3472 2996 3563 3710 2632 2926 4970 3157 3584 3892 2345 5012 3213 4886 518 1554 5488 1953 5677 3689 3108 1435 3094 1680 3122 4074 3262 2842 3143 1428 2611 2415 
5728 5800 5824 4240 1880 3832 2728 4656 1984 5256 5040 4600 456 4056 3848 4144 3696 2832 5736 4704 4064 3864 3288 4008 5680 4400 1840 4224 3040 2544 3640 2824 4112 4944 2416 4256 2856 1640 2712 1928 3296 5192 2664 2200 3208 848 5024 2472 3848 5672 2920 2760 4288 2112 1728 2728 4536 5152 5056 2144 3016 4992 4312 1344 4816 2656 6120 5816 1576 552 5200 3560 1752 3224 632 3512 680 6176 3552 4296 4616 6608 3600 4712 3912 1560 4880 3320 976 3024 3064 440 2224 5720 704 1440 2688 5520 3208 5240 4080 4184 4760 2784 1344 4344 1208 5456 3336 2800 3208 1840 2176 4664 1328 1344 5640 1560 1808 4632 3704 3616 5160 5232 4304 3120 1952 2248 3336 4408 5728 1584 6376 5816 1416 7344 1968 1976 5168 4312 5640 5336 4592 1272 5680 2736 3472 4808 2984 5120 
4566 4728 2778 2910 3228 3456 2652 2700 2502 2736 1866 3438 1752 3816 1332 1500 1056 1584 4692 1872 1002 870 1044 1008 4302 3432 1344 1092 2616 1056 2994 2766 3672 1752 726 1812 852 1032 1806 3000 558 3858 168 438 2148 2712 1872 1944 3696 3594 852 1524 1632 3252 1062 2286 2646 2844 1818 3348 2754 2214 1710 2106 2514 96 3384 3318 900 1980 2256 642 1254 588 2556 3300 1638 3000 606 2964 4002 3552 1056 4110 3024 2760 3468 468 2706 408 270 2406 1926 2778 1680 3084 3138 4116 342 4008 2616 3762 3306 756 2946 1290 2532 4566 498 552 3150 2874 450 2220 1674 1500 2754 1386 1578 1476 3522 3540 4014 1938 1440 2868 2160 408 2376 1512 4584 1170 3666 2748 3060 3924 3438 774 4230 2688 4494 2364 1416 2010 4578 2184 690 2172 1224 1980 
2840 3080 3224 680 3560 1744 1376 1256 2032 2184 3488 1328 3496 2304 5024 5232 2536 1144 3040 2672 4200 3296 4640 3248 2480 1344 1968 3704 960 1856 984 1456 1952 3560 2328 1976 4312 2528 976 2952 2904 1896 3408 3032 424 3912 3440 1112 2232 2088 4328 1232 5408 3280 3848 952 1120 1872 3704 3472 1208 2552 2256 2336 1736 3240 2880 2440 3120 3048 2912 3928 2136 4032 4016 1712 3592 3568 3792 752 2272 3536 2408 2424 848 2920 1416 3152 3600 3800 3128 3928 1360 3000 3728 3920 2296 2240 3560 2088 512 2072 1240 4176 3640 3288 2944 2912 3096 3944 1728 2792 3152 1936 2272 2344 2872 2200 1840 3544 2000 2120 2096 3864 5080 1288 1736 3016 272 5160 2872 3864 3000 3272 3880 4440 4080 2568 2424 776 2736 2984 3624 2360 2872 880 2904 2296 1656 3392 
5859 5992 4599 4151 3178 4326 3304 4179 2842 4410 3570 4662 1176 4641 1834 2100 2569 2604 5943 3542 2261 2401 1351 2569 5677 4571 1855 2611 3430 2044 3948 3423 4592 3437 1694 3360 994 1344 2702 3108 2030 5187 1204 1099 3185 2275 3577 2688 4480 5194 1050 2520 2219 3332 196 3052 4088 4459 3507 3388 3507 3913 3297 2240 4095 1295 5187 5040 826 1715 3990 1841 1701 1463 2009 4081 966 4872 1883 4221 5019 5460 2541 5131 4095 2786 4795 1939 2408 1351 1708 1827 2548 4578 931 2807 3584 5488 1638 5306 3892 4676 4641 959 2730 2898 2464 5740 1981 1064 3843 2996 1001 3815 1855 1680 4536 1708 2051 3108 4305 4270 5271 3640 2275 3626 2590 1141 3395 2366 5873 203 5488 4571 2793 5943 3276 1351 5411 4032 5782 4116 3031 2121 5852 2989 2198 3822 2408 3703 
3040 3215 1070 1600 3125 2470 2045 1145 2230 985 800 2095 2375 2820 2210 2280 440 1020 3200 370 1490 875 2095 790 2710 2170 1475 1060 1865 995 1995 2130 2605 840 1100 235 2005 1560 1255 2805 865 2355 1450 1450 1280 3000 775 1495 2760 1840 1990 1025 2375 3035 2105 1675 1140 1130 925 3140 2025 560 115 2135 855 1355 1510 1485 1770 2335 665 1450 1500 1655 2960 2425 2345 1285 1355 1640 2800 1660 430 2895 1905 2680 2005 1005 2895 1565 1110 2855 1605 1035 2415 3180 2615 2545 1325 2525 1330 2685 1850 1930 3020 715 2580 3160 965 1755 2390 2690 1520 565 1860 1780 1000 1635 1585 850 2615 2675 2570 1030 2105 2105 1925 1420 1455 2140 3065 2175 1755 1060 3160 2035 3395 1390 2835 1295 2975 750 915 2090 3075 1570 780 495 745 760 
4032 4122 5481 2664 1917 1899 693 3501 207 4464 5265 2862 2538 2232 5607 5904 3825 2043 4050 4536 5184 4455 5031 4518 4014 2601 1728 4941 1143 2421 1746 765 2232 5265 2736 3807 4554 2277 1629 1242 3825 3501 3789 3195 1854 2457 5229 1197 2007 4356 4608 2043 6102 1629 3564 1035 3348 4176 5427 1845 1026 4608 4023 918 3942 3654 5310 4842 2853 1809 4968 4707 1872 4581 2673 1557 2754 5886 4608 2718 2799 6021 3672 2916 2115 1197 3240 4023 2052 4302 3834 2646 1008 5274 2889 2340 954 3861 4239 3519 2664 2322 3168 4419 2034 4734 1305 3735 3996 4266 1224 1053 3276 4014 1377 1629 5148 1710 1377 5076 1800 1737 3420 5625 5895 1116 504 3213 1782 6012 4032 3492 5463 5517 2304 7002 2493 2601 3411 2961 3942 5076 5103 1044 3978 1170 3942 4338 2646 5247 
2652 2850 1824 912 3108 1956 1578 684 1956 1146 1968 1500 2694 2376 3360 3492 1338 720 2826 1356 2640 1926 3120 1872 2298 1578 1482 2208 1302 1146 1386 1662 2106 2034 1470 834 2916 1806 834 2670 1704 1860 2214 2016 618 3198 1938 1092 2322 1554 2922 780 3618 2934 2730 1170 606 1020 2142 3072 1500 1284 1050 2034 798 2082 1764 1518 2214 2466 1548 2484 1578 2628 3228 1926 2724 2094 2376 966 2328 2190 1254 2442 1254 2592 1446 1896 3006 2472 1926 3138 1278 1680 2820 3294 2286 2100 2244 2046 594 2202 1266 2814 3090 1860 2550 2766 1848 2622 1920 2538 2106 846 1848 1836 1590 1686 1482 2040 2148 2232 2082 2256 3336 1578 1650 1992 768 3396 2676 2772 1938 1854 3264 2826 3474 1740 2388 612 2574 1608 2112 2016 2688 1062 1674 1092 864 1896 
2421 2799 3510 1575 6030 3033 3546 1593 4419 2268 4725 1548 6246 3483 7497 7668 4338 3447 2808 3780 6309 5202 7164 5067 1656 1908 4500 5553 3069 4185 2547 3546 2997 4905 4689 3222 6876 5094 3384 5337 4995 1314 5814 5517 2772 6642 4671 3564 3564 495 6876 3546 7857 5634 6543 3303 1647 1764 5040 5850 3231 3312 3546 4896 2160 5625 2241 1674 5742 5733 3672 6156 4680 6408 6795 3276 6354 3753 5985 1512 2889 3051 4239 3006 2142 5400 1062 5283 6264 6192 5355 6714 3843 3213 6507 6552 4365 1386 5823 1638 1800 3078 1044 6723 6246 4914 5508 2952 5211 6426 3519 5193 5652 2718 4878 4950 3078 4779 4383 5094 3420 3618 1818 5166 7398 3213 4203 5481 2592 7470 2484 6588 2007 3609 6516 4095 6633 5067 2430 1611 2331 3645 5238 4941 2547 3267 4914 3096 3798 4509 
3222 3396 2082 1524 2862 2268 1632 1374 1788 1650 1794 2076 2112 2670 2700 2844 882 360 3366 1326 2064 1410 2430 1404 2922 2094 936 1728 1464 456 1734 1740 2466 1800 762 894 2220 1164 654 2478 1092 2478 1518 1308 834 2760 1770 924 2580 2256 2220 348 2970 2754 2040 1188 1302 1632 1908 2880 1644 1458 996 1680 1338 1386 2310 2136 1530 1974 1656 1854 996 1956 2742 2172 2112 2352 1758 1584 2754 2646 780 2862 1710 2328 2082 1278 2616 1788 1266 2628 1044 1986 2208 2946 2286 2736 1590 2640 1230 2556 1920 2112 2754 1488 2220 3270 1236 1926 2082 2340 1404 1182 1380 1308 1920 1140 1032 1704 2400 2454 2658 2046 2718 1752 1422 1284 1074 2778 3240 2088 2532 2088 2916 3198 3192 1056 2904 1302 3144 1746 1746 1638 3240 1062 1104 1308 162 1782 
2296 2632 2968 1392 5392 2768 3168 1304 3944 1872 4064 1448 5520 3184 6560 6712 3744 3000 2640 3224 5488 4512 6272 4392 1616 1768 3960 4816 2744 3648 2304 3176 2752 4224 4096 2744 6024 4472 2968 4768 4336 1288 5080 4824 2424 5904 4008 3144 3248 296 6024 3096 6872 5048 5752 2928 1360 1432 4344 5232 2904 2800 3032 4344 1792 4912 1848 1344 5040 5072 3120 5360 4112 5600 6024 2976 5608 3184 5216 1344 2680 2568 3656 2784 1936 4816 1016 4592 5568 5408 4664 5952 3392 2712 5744 5840 3920 1376 5080 1584 1560 2824 968 5888 5568 4248 4904 2752 4528 5624 3176 4640 4944 2288 4304 4360 2584 4208 3856 4400 3112 3288 1744 4448 6464 2888 3728 4792 2288 6528 2352 5792 1648 3064 5808 3496 5920 4432 2288 1368 2216 3096 4528 4376 2408 2888 4256 2616 3288 3872 
5635 5894 1715 3647 5537 4879 4235 2905 4389 2345 385 4333 4116 5369 2653 2625 1344 2751 5873 1127 1519 1113 2723 966 5145 4459 3150 924 4011 2478 4221 4361 5075 252 2401 1673 2793 3059 3094 5145 1589 4662 2303 2583 3199 5159 434 3409 5285 3745 2751 2737 2723 5467 3374 3717 2926 2695 140 5607 4228 1498 1407 4137 2380 2247 2835 3010 3129 4235 1260 1785 3129 2191 5026 4809 4004 1834 1687 3703 5348 2702 1463 5481 4095 4928 4172 1596 5082 2205 1834 4858 3528 1862 4074 5509 5005 4907 1876 4914 3276 5187 3955 2730 5313 672 4732 5831 1568 2520 4739 4984 2632 1953 3682 3514 1911 3325 3367 420 5075 5152 4984 133 2289 4347 3948 2534 3451 2296 5677 3500 3220 1645 5481 2821 5873 2751 5383 3192 5551 1337 476 4053 5698 3570 1428 1652 2254 581 
684 1062 5166 2088 5427 2178 3249 2916 4131 3870 6174 1278 6363 2340 8415 8640 5463 4059 1071 5193 7416 6345 7992 6255 108 1386 4869 6759 2916 4860 2232 3168 1953 6327 5391 4518 7623 5526 3816 4779 5985 657 6606 6174 3231 6363 6111 3798 2511 2232 7641 4158 8838 4986 7020 3348 2880 3348 6471 5175 2925 4815 4860 4806 3627 6417 3978 3402 6201 5706 5211 7155 5058 7299 6606 2520 6534 5445 7002 2007 1575 4788 5337 1611 1989 4977 1296 6273 5940 7047 6273 6588 3996 4869 6678 6093 3690 351 6759 432 2565 1962 1566 7470 5805 6192 5211 1260 6210 7209 2862 4698 6300 4149 5004 5166 4725 5076 4635 6426 2484 2673 522 6615 8442 2817 4131 6156 2907 8532 747 7011 3735 5265 6057 5832 6003 5625 873 2574 594 5211 6552 4896 810 3420 5958 4563 4617 5985 
6561 6669 6237 4725 2565 4464 3177 5085 2412 5679 5265 5202 36 4770 3834 4176 3780 2988 6606 4950 4086 3906 3213 4077 6453 5013 1854 4293 3474 2556 4158 3303 4797 5148 2349 4491 2718 1503 2916 2529 3276 5877 2511 2025 3519 1449 5256 2718 4545 6273 2790 2898 4338 2790 1449 3069 4950 5598 5274 2844 3492 5301 4518 1638 5193 2520 6660 6354 1305 774 5517 3519 1719 3141 1170 4113 279 6633 3519 4797 5355 7173 3681 5481 4437 2115 5481 3294 1575 2916 2997 945 2457 6138 351 2106 3285 6255 3132 5958 4491 4887 5328 2637 1989 4464 1701 6300 3312 2655 3780 2412 1980 4977 1413 1341 6048 1548 1899 4779 4356 4275 5886 5472 4347 3618 2259 2079 3699 4464 6570 1296 6975 6228 2079 7956 2700 1836 5949 4743 6462 5670 4725 1521 6525 3042 3492 5112 3069 5373 
3810 3996 1950 2088 3276 2886 2214 1770 2292 1794 1338 2658 2208 3288 2172 2298 318 948 3966 1068 1464 792 1962 792 3486 2694 1230 1110 2076 648 2352 2328 3078 1302 666 870 1806 1242 1242 2934 510 3042 1110 1068 1446 3018 1326 1482 3192 2658 1800 918 2424 3210 1854 1782 1728 1890 1404 3330 2250 1344 816 2070 1560 990 2448 2364 1452 2214 1446 1290 1230 1452 2940 2778 2160 2202 1182 2142 3366 2664 228 3480 2316 2748 2634 702 2922 1308 750 2808 1566 1914 2238 3276 2844 3294 1056 3222 1776 3174 2460 1710 3096 918 2592 3876 654 1500 2682 2796 1152 1278 1692 1566 1872 1392 1410 1146 3012 3060 3246 1542 2142 2358 1914 1032 1686 2202 3834 1932 2724 1932 3252 3108 3570 1014 3510 1806 3732 1554 1170 2004 3840 1656 492 1260 492 1374 
4315 4450 2580 2920 3075 3385 2705 2705 2550 2660 1700 3370 1730 3680 600 740 1230 1830 4420 1855 580 880 415 1005 4085 3370 1605 920 2690 1390 3005 2805 3570 1575 1115 1895 415 1300 2015 2920 820 3715 455 785 2295 2555 1710 2125 3580 3445 380 1780 850 3120 985 2410 2670 2785 1605 3190 2800 2165 1775 2190 2510 540 3175 3160 1080 2005 2150 310 1515 20 2395 3250 1605 2740 380 2970 3845 3265 1260 3935 3030 2710 3385 670 2590 170 605 2260 2105 2610 1620 2900 3085 3930 350 3845 2675 3640 3250 380 2805 1230 2505 4315 710 280 3120 2820 745 2240 1840 1685 2605 1610 1800 1325 3440 3445 3850 1680 720 2895 2280 775 2490 785 4330 1090 3430 2545 2885 3500 3215 1110 4030 2720 4250 2235 1250 2110 4325 2330 895 2155 1515 1820 
4802 5096 1253 3465 6727 4956 4872 2583 5383 1764 2541 3913 6020 5404 5446 5446 3276 3843 5110 2310 4305 3626 5425 3451 4200 4165 4669 3640 4508 4060 4375 4942 5026 2730 4263 2555 5397 4886 4060 6209 3850 3920 4704 4760 3801 6783 2513 4375 5411 2541 5369 3892 5544 6510 5670 4438 2695 2037 2737 6678 4718 1946 2562 5453 2177 4578 1225 1680 5208 5880 1869 4459 4739 4830 6769 5047 5992 1022 4340 3479 5068 581 3304 5180 4088 6125 3563 3997 6580 4767 4193 6643 4592 1281 6097 6944 5684 4004 4410 4186 3269 5117 3416 5306 6699 3143 6069 5215 3941 5068 5138 6062 4851 2198 5173 5103 1344 4907 4753 3066 5250 5383 4319 2709 5117 4774 5026 4718 3892 5131 4851 5775 1365 1295 6909 266 7161 4669 4795 3052 4739 1743 3192 5425 4907 4326 3696 2072 3668 2345 
4508 4739 1792 2478 4284 3591 2912 1925 3080 1750 1099 3164 3087 4074 2730 2828 252 1428 4718 742 1736 882 2562 784 4074 3255 1918 1176 2695 1232 2947 3038 3801 1092 1288 686 2443 1960 1771 3864 847 3570 1680 1715 1897 4018 1071 2086 3983 2919 2422 1414 2968 4179 2625 2394 1904 1939 1218 4326 2912 1106 518 2877 1561 1547 2478 2450 2191 3087 1190 1666 1925 1946 3934 3507 3024 2072 1533 2541 4102 2667 259 4228 2849 3668 3073 1036 3899 1820 1190 3787 2212 1771 3115 4312 3682 3843 1484 3794 2100 3913 2863 2338 4102 763 3493 4641 980 2093 3423 3703 1806 1162 2457 2317 1736 2121 2107 994 3773 3843 3843 1372 2597 3031 2646 1673 2163 2646 4536 2730 2821 1764 4284 3143 4641 1687 4200 2079 4417 1316 1064 2807 4550 2247 721 1057 945 1113 
3195 3564 2637 1305 5796 3177 3294 639 4095 1332 3726 1827 5616 3735 6543 6705 3357 2700 3555 2772 5319 4221 6237 4077 2475 2142 3816 4554 2799 3366 2475 3348 3249 3906 3852 2223 5976 4356 2736 5103 4041 1953 4923 4671 2178 6201 3672 3015 3753 693 5976 2799 6885 5454 5751 2880 738 810 4041 5670 3033 2322 2547 4428 1161 4725 1638 1062 4968 5193 2700 5193 3978 5472 6300 3330 5688 2925 5022 1296 3321 2457 3267 3465 2079 5094 1404 4320 5859 5256 4419 6192 3303 2340 5841 6228 4257 2178 4878 2304 1233 3357 1188 5823 5913 3915 5130 3618 4248 5526 3483 4932 4806 1719 4293 4311 2187 4113 3753 4086 3555 3735 2448 4167 6417 3069 3762 4626 2124 6489 3258 5814 1629 2727 6183 3537 6390 4266 3051 945 3096 2691 4230 4446 3303 2799 3942 2097 2934 3519 
2690 2980 4570 600 4510 1540 1740 1900 2720 3160 5130 840 4930 2220 7140 7400 4020 2270 2930 4080 6120 4980 6640 4920 2290 810 3160 5480 1220 3160 700 1740 1720 5250 3740 3230 6220 3890 1970 3730 4500 1590 5100 4600 1340 5200 5070 1990 2190 2410 6240 2380 7620 4090 5550 1560 1760 2660 5420 4330 1400 3850 3600 3300 2660 4890 3830 3220 4640 4280 4310 5770 3380 5900 5400 1650 5090 4970 5610 610 2030 4720 3870 2210 280 3800 1130 4810 4770 5610 4780 5330 2240 4270 5260 5090 2710 2030 5310 1780 990 1870 1030 6040 4740 4940 3940 2780 4740 5760 1820 3570 4740 3060 3400 3540 4100 3410 2930 5250 1940 2130 1770 5620 7210 1400 2530 4580 970 7320 2720 5550 3860 4640 5040 5900 5180 3990 2160 1240 2560 4370 5370 3380 2720 1580 4500 3530 2930 4990 
4347 4515 3108 2478 2989 3003 2065 2436 1960 2737 2436 3059 1715 3423 2562 2772 1246 896 4473 2107 2100 1568 2184 1645 4074 3017 616 1939 2030 308 2478 2205 3255 2380 189 1750 1876 574 1099 2639 1057 3563 1113 749 1540 2632 2422 1239 3283 3458 1897 819 2926 2947 1540 1638 2352 2737 2492 3080 2184 2380 1771 1596 2387 980 3514 3325 945 1701 2541 1743 567 1715 2541 2821 1680 3409 1659 2548 3647 3857 1155 3773 2541 2394 3136 1190 2527 1498 1050 2394 1225 3031 1778 2954 2674 3871 1379 3717 2184 3360 2961 1757 2751 1883 2177 4319 1176 1561 2646 2478 854 2163 1120 952 2968 763 875 2149 3080 3101 3710 2653 2709 2317 1540 735 1792 2793 4361 1596 3787 3094 2919 4445 3311 392 3934 2303 4256 2660 2149 1505 4354 1519 1176 2240 679 2492 
4520 4728 3288 2360 3408 3056 2048 2336 2080 2752 2736 3032 2264 3560 3352 3576 1400 552 4680 2224 2696 1952 2936 2000 4184 3000 728 2392 1944 160 2416 2208 3336 2704 616 1712 2608 1008 832 2936 1416 3608 1704 1328 1296 3168 2712 1072 3408 3488 2624 464 3752 3304 2224 1512 2232 2712 2840 3464 2144 2456 1800 1800 2328 1544 3632 3384 1528 2112 2696 2328 784 2360 3120 2872 2264 3648 2216 2440 3768 4080 1272 3912 2456 2704 3112 1624 3000 2120 1520 2968 1128 3184 2392 3456 2832 3952 1936 3792 2016 3456 2912 2464 3208 2200 2512 4512 1584 2240 2704 2752 1448 2128 1344 1216 3096 984 920 2504 3176 3216 3784 3024 3464 2296 1576 1304 1600 3560 4544 2272 3928 3288 3424 4800 3824 904 4056 2160 4416 2816 2528 1728 4528 1360 1496 2272 440 2760 
4974 5184 1854 3246 4578 4212 3588 2676 3654 2292 678 3834 3252 4626 1848 1830 1080 2316 5166 1206 876 678 1920 600 4578 3918 2538 420 3426 1992 3660 3696 4398 516 1860 1584 1998 2400 2610 4272 1122 4152 1644 1920 2760 4176 708 2862 4536 3456 1962 2286 1914 4542 2550 3150 2682 2562 492 4656 3612 1566 1356 3384 2268 1608 2772 2886 2400 3408 1410 1128 2502 1482 4044 4128 3144 1974 1056 3294 4650 2706 1182 4764 3582 4068 3732 1074 4140 1512 1272 3900 2940 1956 3192 4512 4218 4380 1248 4362 2922 4488 3546 1950 4350 480 3876 5106 1068 1782 4044 4134 1956 1896 2976 2820 1986 2664 2742 312 4362 4416 4410 540 1542 3714 3276 1884 2994 1548 5004 2664 3096 1794 4488 2838 4836 2124 4728 2880 4896 1494 228 3306 5016 3024 1002 1662 1866 858 
5968 6208 3048 3680 4760 4656 3672 3224 3624 3120 1792 4432 2952 5168 2024 2168 832 2064 6168 1856 1080 488 1808 656 5544 4472 2088 856 3552 1464 3976 3832 4928 1640 1168 1896 1688 1832 2424 4384 216 4952 912 1192 2784 4184 1792 2696 5032 4400 1664 2000 2336 4744 2112 3128 3176 3320 1736 4880 3760 2344 1704 3192 2880 808 3944 3912 1824 3160 2352 824 2008 1104 4016 4488 2816 3336 680 3752 5328 4120 888 5480 3952 4096 4408 72 4136 976 336 3816 2736 3072 2896 4640 4432 5288 576 5184 3264 5048 4176 1576 4432 1024 3824 6032 40 1296 4328 4208 1240 2440 2632 2408 3056 2216 2384 1280 4792 4840 5216 1896 1960 3912 3136 1136 3104 2040 6000 2256 4344 3000 4608 4568 5088 1456 5552 3304 5864 2496 1216 3080 6000 2976 288 2312 1480 1944 
3619 3899 1022 1792 4774 3248 2975 882 3437 301 1736 2408 4116 3731 4172 4256 1701 1890 3885 1015 3129 2289 4011 2149 3087 2604 2737 2492 2632 2170 2604 3059 3381 1883 2443 777 3878 3003 2100 4270 2282 2639 3087 3017 1869 4830 1687 2422 3696 1617 3864 1939 4389 4578 3927 2513 959 567 1981 4739 2856 630 945 3493 315 2947 1064 1001 3388 3934 931 3108 2814 3395 4830 3276 4116 1323 2975 1827 3542 1435 1666 3668 2366 4172 2170 2485 4620 3269 2618 4711 2632 826 4221 4977 3801 2849 2933 2905 1484 3479 1960 3766 4739 1960 4109 3892 2429 3521 3311 4116 3122 301 3227 3164 714 2975 2800 2058 3514 3633 2996 2072 3997 2926 3066 2982 2002 4046 3661 4004 1386 1078 4942 2149 5201 2835 3437 1309 3535 931 2184 3465 3696 2387 2170 476 1771 1568 
6250 6290 7430 4800 1180 3860 2650 5570 1650 6500 6750 5050 1690 4030 5880 6250 5040 3500 6210 6150 5930 5460 5180 5600 6310 4760 2470 5960 3140 3450 3820 2710 4190 6670 3500 5460 4630 2590 3200 1200 4720 5760 4170 3530 3690 850 6720 2780 3770 6660 4710 3450 6440 1420 3260 2890 5400 6270 6830 1470 3010 6400 5610 1200 5920 4110 7530 7060 2830 980 6720 5310 2460 4980 1140 3460 1990 7880 5270 4860 4800 8230 4900 4900 4230 780 5470 4830 420 4700 4540 1200 2460 7250 2070 950 2280 6150 4830 5770 4720 4260 5390 4520 650 5970 430 5830 4830 4480 3070 1140 3540 5860 1690 1910 7120 2190 2240 6340 3630 3490 5640 7060 6390 3100 1900 3570 3730 6520 6240 3100 7760 7440 900 9250 1470 3060 5550 5040 6160 6880 6330 1240 6170 2970 4920 6130 3920 6800 
4858 4991 4025 3185 2534 3332 2310 3304 1911 3661 3241 3668 826 3668 2457 2709 2079 1680 4942 3010 2422 2191 1981 2317 4676 3570 861 2513 2422 1218 2947 2436 3598 3150 987 2688 1603 392 1729 2331 1694 4193 1190 749 2212 1897 3227 1687 3507 4291 1645 1603 2849 2604 826 2051 3206 3647 3241 2695 2513 3304 2688 1344 3304 1155 4438 4235 259 1043 3451 1988 714 1757 1736 3094 756 4326 1967 3248 4025 4795 2016 4137 3094 2023 3822 1722 1890 1561 1498 1568 1547 3962 847 2331 2667 4501 1659 4305 2940 3689 3668 1505 2170 2618 1736 4739 1736 1435 2870 2198 749 3094 889 693 3899 700 1043 2863 3325 3304 4270 3395 2765 2632 1610 791 2415 2856 4872 805 4704 4011 2303 5376 2751 581 4403 3101 4774 3570 2828 1225 4844 1988 1855 3171 1610 3325 
786 696 4170 1794 2844 900 1782 2556 2244 3294 4608 1254 3840 702 5652 5832 3924 2778 642 3972 5142 4488 5316 4464 1158 1086 3084 4800 1716 3276 1344 1674 672 4680 3600 3462 5028 3522 2526 2466 4164 1224 4410 4062 2244 3606 4572 2400 858 2400 5052 2832 5964 2532 4470 2052 2496 2952 4782 2640 1614 3804 3690 2760 3042 4296 3522 3126 3954 3354 4080 4902 3210 4920 3810 1116 3984 4386 4812 1758 324 4074 3828 216 1392 2664 1512 4338 3312 4740 4290 3834 2460 3978 4074 3330 1752 1236 4608 1014 2100 600 1662 4926 3168 4494 2880 396 4308 4788 1332 2454 4134 3330 3024 3168 3876 3162 2880 4680 954 1026 888 4902 5754 1500 2394 4056 2004 5820 762 4440 3420 4224 3312 4788 3198 3666 498 2202 774 4104 4746 2850 702 2148 4182 3612 3216 4518 
4326 4464 3102 2766 2676 3108 2262 2712 2022 2904 2322 3246 1200 3438 1692 1896 1380 1410 4428 2202 1560 1386 1320 1500 4116 3198 924 1644 2286 900 2706 2376 3336 2232 576 2010 1020 522 1548 2466 978 3684 516 126 1944 2142 2322 1614 3306 3594 1044 1338 2022 2712 714 1956 2646 2946 2304 2796 2400 2496 1968 1584 2634 474 3570 3444 348 1410 2592 1194 804 1026 1998 2928 1098 3348 1164 2820 3684 3816 1338 3786 2784 2214 3324 972 2136 846 774 1848 1548 3066 1152 2514 2670 3942 900 3810 2514 3414 3180 918 2376 1770 1980 4278 990 798 2754 2346 144 2394 1164 978 3030 900 1146 1974 3144 3144 3792 2436 1908 2508 1710 162 2154 1980 4344 780 3822 3078 2490 4260 2874 342 3960 2616 4254 2694 1932 1488 4332 1872 1122 2412 1188 2412 
4264 4440 3656 2240 2952 2680 1616 2432 1600 3000 3200 2832 2048 3152 3680 3920 1880 568 4392 2648 3128 2424 3224 2480 3992 2752 440 2864 1568 616 2096 1768 2968 3184 960 2080 2856 968 576 2464 1872 3424 2016 1560 1128 2808 3176 664 3000 3520 2880 504 4096 2832 2288 1120 2312 2896 3320 3000 1744 2832 2208 1360 2552 1872 3864 3560 1560 1776 3096 2736 592 2712 2800 2472 2104 4016 2632 2312 3424 4360 1752 3560 2208 2240 2976 2064 2600 2464 1928 2664 664 3520 2240 3040 2360 3776 2328 3576 1960 3088 2800 2720 2784 2680 2072 4200 2032 2520 2272 2280 1664 2424 968 912 3424 712 488 2984 2768 2792 3552 3504 3848 1896 1096 1552 1376 3944 4280 2304 4112 3664 3008 5136 3376 1048 3768 2160 4160 3216 3008 1296 4264 992 1968 2624 872 3216 
2480 2515 3290 1780 790 1285 675 2230 180 2755 3105 1875 1240 1415 3100 3280 2280 1345 2475 2730 2950 2590 2770 2635 2500 1725 1035 2860 930 1475 1260 700 1460 3095 1610 2340 2500 1275 1135 440 2230 2225 2125 1790 1305 1080 3090 895 1285 2720 2530 1335 3385 665 1895 860 2145 2600 3180 780 855 2795 2450 390 2460 2065 3235 2975 1540 815 2985 2665 1090 2565 1215 1085 1375 3520 2620 1805 1770 3620 2200 1825 1465 370 2095 2325 850 2410 2205 1215 760 3185 1440 1005 580 2420 2410 2230 1775 1500 2060 2430 830 2780 440 2290 2315 2360 895 325 1825 2480 735 885 3115 970 850 2970 1195 1140 2165 3295 3295 895 440 1805 1280 3360 2480 1840 3325 3305 980 4155 1100 1480 2135 1940 2435 3050 2980 475 2445 925 2310 2650 1645 3110 
2710 3130 4120 2220 7120 3710 4380 2210 5360 2810 5580 2080 7420 4160 8770 8960 5250 4310 3150 4550 7430 6200 8420 6040 1850 2460 5490 6570 3860 5130 3250 4360 3630 5800 5690 3980 8100 6140 4240 6350 5990 1660 6930 6600 3560 7830 5520 4440 4270 790 8100 4420 9160 6670 7750 4130 2270 2290 5940 6900 4020 4000 4330 5900 2770 6710 2590 2020 6860 6840 4390 7270 5680 7570 8010 4010 7540 4340 7090 2150 3450 3440 5140 3560 2800 6440 1560 6310 7410 7330 6400 7930 4740 3800 7710 7720 5240 1620 6920 1980 2480 3710 1600 7930 7380 5850 6570 3360 6230 7600 4290 6200 6750 3390 5890 5980 3650 5790 5350 6030 4140 4360 2190 6060 8650 3990 5130 6560 3360 8720 2780 7800 2240 4240 7670 4570 7780 6100 2840 2270 2630 4340 6200 5960 2870 4100 5890 3790 4690 5330 
3408 3660 912 2250 5106 3522 3492 1512 3954 882 2076 2622 4632 3900 4476 4512 2454 2706 3666 1674 3522 2856 4398 2718 2898 2838 3444 2946 3168 2964 3030 3540 3576 2238 3186 1722 4326 3678 2862 4656 2958 2634 3678 3660 2592 5220 2040 3114 3912 1464 4308 2754 4614 4908 4446 3138 1608 1050 2280 5052 3348 1302 1794 4056 1224 3564 318 708 4002 4464 1356 3588 3516 3876 5232 3606 4632 906 3474 2256 3612 240 2448 3708 2778 4602 2322 3114 5028 3792 3258 5130 3306 798 4722 5322 4170 2718 3492 2862 2100 3654 2196 4236 5112 2490 4572 3750 3066 4026 3690 4530 3744 1344 3852 3810 780 3648 3486 2484 3774 3894 2976 2298 4254 3390 3666 3624 2652 4278 3450 4518 504 984 5292 948 5484 3528 3384 1902 3348 1266 2598 4044 3492 3048 2844 1332 2622 1902 
2705 2825 2195 1405 1950 1745 1095 1475 1105 1800 1895 1795 1335 2050 2235 2380 1065 310 2795 1550 1865 1415 1960 1445 2520 1760 330 1685 1050 285 1365 1195 1925 1880 525 1205 1740 610 385 1645 1070 2160 1195 925 715 1840 1880 490 1955 2175 1750 255 2490 1875 1425 775 1405 1750 1965 1980 1170 1675 1280 950 1525 1100 2345 2170 970 1190 1835 1625 405 1625 1830 1620 1355 2420 1560 1450 2205 2650 985 2290 1415 1505 1870 1195 1720 1470 1120 1740 515 2115 1440 2000 1580 2380 1370 2265 1215 2000 1755 1650 1840 1570 1400 2680 1175 1520 1510 1530 995 1435 690 640 2055 505 405 1760 1810 1830 2255 2080 2325 1260 790 920 890 2385 2720 1440 2515 2195 1975 3125 2215 620 2405 1325 2645 1910 1775 910 2710 685 1130 1545 440 1905 
4641 4655 5572 3710 742 2975 2184 4270 1484 4928 5075 3864 1337 3045 4312 4571 3878 2828 4592 4676 4424 4144 3822 4249 4711 3647 2086 4487 2541 2772 3003 2212 3192 5012 2786 4193 3437 2135 2618 994 3626 4347 3192 2751 2954 350 5054 2317 2870 5026 3493 2786 4704 1029 2457 2387 4158 4760 5124 1001 2436 4851 4298 1218 4522 3157 5649 5320 2233 959 5075 3990 2072 3731 658 2695 1540 5894 3969 3752 3612 6146 3780 3668 3290 777 4172 3689 105 3542 3479 777 2100 5453 1575 329 1827 4613 3661 4340 3668 3234 4116 3367 238 4515 637 4319 3696 3367 2429 1008 2751 4480 1547 1680 5362 1883 1939 4774 2793 2681 4242 5285 4697 2485 1701 2786 2975 4788 4627 2338 5810 5579 301 6853 770 2457 4151 3892 4578 5187 4760 1246 4578 2450 3773 4669 3108 5117 
6003 6336 1305 3483 6480 5184 4509 2466 4860 1755 783 4347 5049 5814 4176 4230 1341 2691 6318 216 2745 1764 4086 1548 5355 4536 3492 1881 4149 2619 4329 4653 5409 963 2736 999 4023 3591 3105 5904 2034 4743 3132 3258 3087 6228 720 3537 5733 3537 3987 2709 4383 6318 4419 3843 2511 2187 1098 6516 4446 666 711 4698 1782 2979 2502 2646 3888 5031 522 2853 3528 3303 6129 5139 4968 1629 2691 3546 5706 2538 1404 5877 4113 5679 4113 2214 6048 3213 2475 5940 3744 1359 5085 6570 5544 5049 2754 5076 3015 5544 3843 3906 6291 1188 5499 6282 2151 3591 5094 5697 3366 1242 4194 4032 1368 3771 3708 1224 5472 5589 5175 1224 3843 4581 4320 3204 3384 3888 6048 4554 2988 1242 6534 3006 6966 3249 5697 2880 5886 675 1395 4617 6084 3654 1836 846 2187 603 
5598 5823 3924 3186 3915 3888 2700 3096 2583 3465 3060 3933 2268 4437 3276 3537 1530 1152 5769 2637 2646 1953 2790 2052 5238 3897 855 2430 2637 369 3204 2871 4221 2988 198 2196 2403 801 1431 3456 1296 4581 1404 963 1980 3456 3042 1620 4257 4419 2430 1053 3735 3861 2016 2142 2997 3483 3132 4023 2844 2988 2214 2115 3024 1233 4464 4230 1260 2259 3204 2196 801 2169 3339 3663 2223 4320 2079 3267 4716 4905 1413 4878 3276 3141 4032 1476 3321 1899 1296 3150 1620 3834 2349 3870 3492 4977 1728 4788 2790 4347 3798 2250 3609 2349 2871 5571 1449 1998 3447 3249 1098 2727 1512 1296 3753 1053 1188 2691 3996 4032 4779 3339 3447 3015 2034 945 2313 3546 5625 2088 4824 3915 3825 5652 4329 540 5067 2943 5481 3357 2691 1998 5607 1989 1440 2817 828 3132 
3488 3824 1792 1952 5888 3624 3680 1080 4360 840 3056 2400 5528 4120 5920 6024 3080 2904 3832 2288 4736 3768 5712 3616 2816 2696 3920 4000 3240 3400 2992 3736 3680 3248 3776 2016 5536 4328 3024 5272 3736 2432 4616 4480 2584 6168 3008 3320 4136 912 5520 2984 6176 5592 5488 3264 1216 616 3344 5784 3464 1800 2232 4592 1040 4448 672 144 4832 5216 2064 4704 4040 5016 6224 3752 5568 1984 4552 1944 3720 1408 3024 3848 2648 5240 2000 3976 5880 4856 4112 6112 3576 1536 5696 6232 4560 2568 4480 2736 1816 3776 1832 5408 5952 3392 5240 3920 3904 5128 3880 5120 4600 1472 4400 4384 1424 4192 3912 3488 3960 4120 2880 3424 5728 3504 4024 4440 2600 5776 3544 5560 672 1888 6192 2360 6408 4192 3424 1552 3408 2008 3632 4592 3600 3168 3616 1688 2968 2840 
1890 2142 2058 1068 4092 2178 2424 876 2988 1236 2892 1200 4116 2502 4812 4920 2688 2202 2148 2268 3996 3258 4608 3162 1380 1434 2934 3480 2094 2670 1794 2436 2178 3018 3000 1926 4428 3306 2196 3624 3144 1122 3726 3546 1800 4440 2856 2352 2544 60 4428 2268 5040 3840 4254 2208 930 918 3108 3984 2226 1944 2136 3264 1200 3594 1218 834 3726 3804 2184 3912 3048 4098 4524 2316 4176 2214 3798 1044 2148 1758 2628 2232 1518 3648 870 3330 4200 3954 3396 4464 2538 1860 4278 4416 3012 1200 3702 1344 1146 2238 804 4326 4206 3048 3702 2226 3282 4128 2460 3522 3636 1572 3216 3246 1770 3120 2868 3156 2436 2568 1464 3180 4728 2226 2808 3522 1716 4776 1932 4290 1080 2124 4386 2460 4488 3264 1872 984 1830 2160 3252 3288 1974 2172 3078 1812 2388 2748 
2310 2500 1060 960 3115 1990 1805 345 2155 425 1460 1415 2740 2335 3010 3090 1230 1110 2495 920 2315 1700 2860 1620 1950 1540 1735 1885 1555 1380 1530 1865 2085 1550 1615 590 2735 1970 1230 2745 1625 1610 2150 2055 1025 3195 1425 1445 2310 1015 2725 1150 3190 2965 2685 1485 375 360 1630 3080 1715 720 770 2225 130 2045 945 775 2275 2575 950 2255 1805 2425 3210 2010 2755 1275 2160 985 2210 1290 1190 2300 1365 2690 1265 1780 3035 2320 1850 3135 1600 920 2835 3280 2390 1780 2095 1795 730 2160 1110 2650 3110 1530 2655 2485 1740 2480 2040 2640 2130 335 2065 2040 835 1910 1755 1630 2175 2260 1855 1705 2925 1765 1905 2030 1105 2965 2340 2730 1110 1100 3255 1835 3425 1875 2160 615 2250 965 1710 2215 2360 1400 1565 570 1110 1355 
4088 4375 448 2408 5460 3892 3668 1484 4123 595 1666 2975 4725 4368 4424 4473 2072 2548 4375 1155 3318 2534 4333 2373 3521 3192 3367 2646 3318 2758 3262 3745 4004 1848 2982 1267 4249 3591 2779 4956 2660 3129 3507 3514 2555 5488 1624 3101 4347 1904 4228 2597 4592 5264 4431 3199 1575 994 1918 5432 3535 721 1316 4165 959 3374 784 1029 3934 4578 798 3381 3437 3724 5474 3941 4704 679 3255 2436 4130 847 2079 4249 3010 4858 2688 2835 5292 3626 3010 5341 3311 224 4809 5656 4487 3297 3276 3402 2135 4102 2499 4151 5418 2107 4781 4417 2779 3906 3990 4802 3605 903 3871 3801 133 3605 3451 2121 4165 4291 3507 1953 4172 3612 3752 3472 2688 4207 4137 4522 1169 532 5621 1470 5887 3388 3969 1939 4011 707 2247 4137 4179 3080 2520 791 2366 1463 
6069 6258 3570 4109 4375 4781 3836 3787 3633 3703 2324 4746 2506 5201 819 1001 1708 2590 6223 2562 728 1190 616 1358 5740 4746 2296 1225 3808 1981 4242 3976 5033 2149 1596 2639 651 1883 2856 4158 1141 5222 693 1162 3241 3654 2338 3017 5061 4823 602 2520 1155 4438 1470 3423 3738 3885 2184 4536 3962 2996 2464 3136 3500 805 4424 4403 1589 2884 2968 364 2184 84 3430 4599 2331 3794 476 4172 5418 4536 1757 5544 4277 3864 4760 924 3703 294 854 3248 2996 3619 2352 4137 4382 5516 483 5404 3759 5138 4564 609 4004 1673 3577 6076 980 476 4417 4018 1113 3115 2639 2429 3612 2317 2569 1799 4858 4872 5418 2289 945 4095 3248 1141 3514 1036 6090 1610 4774 3521 4116 4851 4578 1610 5677 3822 5978 3087 1694 3017 6083 3297 1232 2996 2135 2499 
5319 5652 1467 2781 5940 4491 3861 1800 4275 1314 1458 3654 4725 5121 4428 4536 1287 2124 5625 486 3078 1998 4248 1818 4680 3834 3051 2259 3483 2214 3636 3996 4707 1602 2448 333 4104 3267 2502 5337 2052 4068 3114 3105 2421 5796 1404 2943 5040 2961 4077 2151 4707 5742 4284 3204 1827 1638 1746 5949 3780 531 297 4185 1179 2943 2223 2223 3663 4608 828 3069 3114 3456 5742 4446 4680 1872 2898 2844 5004 2493 1269 5175 3411 5139 3429 2286 5589 3303 2493 5562 3168 1377 4815 6093 4905 4374 2862 4392 2313 4842 3159 3969 5796 1593 4995 5589 2214 3654 4419 5130 3231 612 3735 3609 1305 3348 3213 1755 4779 4905 4482 1908 4194 3906 3753 3051 2700 4257 5364 4410 2673 1467 6048 3195 6453 2970 5004 2187 5202 954 1899 4122 5391 3024 1881 396 1728 1305 
2670 2720 3185 1830 910 1490 805 2210 340 2690 2930 1995 990 1650 2830 3010 2090 1220 2680 2585 2700 2370 2500 2425 2650 1860 810 2635 1020 1280 1385 855 1670 2910 1380 2215 2230 1015 1040 635 2005 2360 1865 1530 1270 980 2915 820 1525 2760 2260 1195 3115 855 1620 875 2130 2565 2995 950 985 2675 2305 120 2400 1810 3195 2960 1270 575 2855 2410 850 2300 1075 1290 1115 3415 2375 1865 1980 3560 2010 2045 1570 470 2190 2090 785 2150 1965 1050 665 3090 1190 1010 845 2560 2155 2380 1785 1715 2135 2155 840 2580 390 2505 2080 2095 1105 525 1560 2385 475 625 3020 725 645 2770 1420 1375 2325 3110 3030 1045 375 1545 1290 3095 2670 1570 3310 3195 985 4080 1185 1230 2325 1945 2620 2925 2775 205 2640 910 2090 2535 1475 2940 
2920 3005 2815 1825 1420 1805 1075 2040 795 2420 2445 2110 780 2040 2295 2470 1595 900 2965 2155 2145 1830 1975 1895 2820 2020 310 2090 1180 795 1560 1160 1995 2410 840 1830 1710 460 825 1190 1460 2490 1310 975 1150 1220 2435 710 1920 2685 1735 860 2575 1405 1165 930 1960 2345 2490 1490 1225 2295 1890 440 2140 1250 2955 2760 760 565 2450 1855 305 1750 1205 1630 845 3040 1815 1865 2300 3270 1525 2380 1690 1000 2250 1540 1110 1595 1410 1120 575 2740 930 1405 1335 2705 1600 2550 1695 2055 2165 1630 1250 2065 840 2815 1535 1555 1465 1080 1015 2060 85 80 2680 170 260 2255 1795 1775 2515 2605 2480 1310 565 990 1255 2545 2925 1140 3110 2820 1380 3750 1650 670 2590 1835 2865 2530 2250 365 2905 905 1555 2170 1040 2475 
4608 4872 2256 2296 4408 3512 2744 1800 2984 1872 1800 3072 3256 4064 3448 3600 704 1064 4840 1184 2440 1488 3176 1424 4144 3152 1776 1872 2488 1024 2776 2888 3752 1824 1264 696 2960 1960 1448 3904 1224 3560 2032 1912 1576 4216 1768 1824 3960 2984 2952 1064 3768 4264 2952 2152 1744 1968 1968 4440 2736 1416 752 2824 1536 1864 2760 2616 2352 3160 1648 2256 1824 2488 4160 3408 3224 2608 2112 2368 4104 3112 584 4256 2680 3696 3008 1480 4040 2304 1560 4000 1992 2160 3344 4496 3640 3880 1968 3808 1872 3880 2768 2832 4240 1456 3536 4736 1416 2552 3320 3720 2024 1192 2392 2264 2088 2032 1944 1728 3720 3800 3856 2144 3384 2872 2496 1864 1880 3456 4648 3040 3104 2248 4464 3776 4840 1720 4240 1880 4504 1776 1800 2752 4656 1984 1160 1256 600 1776 
3138 3384 762 1656 4308 2928 2748 858 3162 114 1566 2154 3774 3336 3762 3828 1662 1854 3378 996 2850 2142 3642 2016 2664 2334 2586 2292 2442 2100 2388 2814 3024 1710 2334 888 3534 2820 2028 3870 2172 2304 2868 2820 1806 4374 1530 2298 3318 1326 3522 1902 3942 4134 3600 2358 942 468 1788 4272 2628 624 1008 3222 420 2748 684 690 3144 3612 834 2856 2658 3114 4380 2970 3768 984 2742 1680 3138 996 1644 3240 2166 3798 1914 2334 4194 3012 2460 4278 2478 570 3864 4494 3444 2460 2718 2538 1422 3108 1746 3444 4290 1830 3750 3402 2286 3234 3012 3744 2904 492 3000 2952 468 2790 2634 1890 3162 3264 2622 1848 3594 2688 2850 2784 1902 3630 3174 3672 972 816 4464 1620 4680 2670 3018 1254 3072 798 1998 3204 3210 2262 2064 558 1764 1410 
3936 4062 3096 2430 2304 2682 1824 2484 1590 2778 2472 2874 1038 3006 2130 2334 1458 1104 4020 2232 1938 1626 1758 1722 3744 2808 492 1926 1872 678 2298 1938 2910 2400 504 1944 1452 96 1188 2058 1188 3318 930 528 1596 1878 2460 1206 2874 3336 1482 1038 2460 2316 966 1536 2406 2766 2490 2412 1968 2472 1950 1164 2472 858 3444 3270 420 1098 2610 1584 372 1458 1782 2496 1002 3360 1542 2484 3264 3750 1392 3360 2400 1824 2982 1248 1830 1272 1074 1644 1122 3036 1086 2202 2232 3582 1278 3432 2202 2988 2844 1356 2046 1956 1602 3864 1248 1236 2322 1932 582 2292 738 558 2982 462 708 2178 2706 2706 3414 2628 2334 2082 1272 540 1788 2412 3948 984 3672 3090 2178 4248 2538 180 3558 2328 3858 2712 2160 1074 3930 1464 1314 2358 1014 2532 
