35 70 140
80 80 80 80 80 80 80 80 80 80 80 80 80 80 80 80 80 80 80 80 80 80 80 80 80 80 80 80 80 80 80 80 80 80 80 
24 20 19 27 24 26 11 28 23 25 20 19 23 19 23 9 17 21 14 13 25 10 24 19 28 24 23 15 26 28 30 26 20 30 30 10 27 27 29 12 14 14 24 24 22 19 14 29 29 21 15 23 20 18 26 20 18 26 17 19 22 27 21 14 21 11 22 17 26 28 20 15 17 29 11 24 28 19 29 21 22 11 26 11 18 25 15 16 26 12 12 15 29 11 18 22 14 25 22 12 14 24 20 18 18 27 16 26 20 29 24 28 15 12 21 17 24 12 12 14 22 26 23 10 14 17 11 19 13 24 13 14 23 18 22 14 18 16 12 16 
807 157 879 688 573 570 683 447 628 757 383 805 389 766 641 602 214 704 230 657 49 592 637 543 159 379 100 565 683 640 704 469 670 488 429 868 284 446 355 541 929 331 572 662 359 608 750 485 588 232 444 274 775 442 726 451 913 459 422 804 663 870 309 366 426 698 366 676 206 470 
86 589 341 463 172 242 453 618 354 195 672 463 430 323 746 183 530 791 540 146 709 208 184 279 704 464 686 294 60 245 394 366 224 436 586 202 589 331 700 204 458 459 664 270 485 652 650 729 560 629 349 619 33 333 37 335 419 463 638 355 280 164 549 380 321 151 380 468 556 314 
109 600 375 502 182 274 492 649 391 160 701 501 427 362 782 215 542 827 559 130 719 198 166 311 724 460 694 279 82 282 433 395 262 469 617 229 613 355 728 224 493 482 699 308 511 688 688 761 596 652 347 643 50 334 29 333 453 494 669 392 318 185 574 390 330 124 395 507 564 340 
662 218 674 453 468 398 450 204 412 692 156 574 409 556 408 446 217 473 111 577 252 528 570 363 107 421 284 539 560 452 480 274 485 263 184 696 43 287 145 417 706 159 332 465 145 366 505 264 344 14 421 32 646 403 612 420 697 230 184 590 463 711 79 305 352 623 263 440 266 306 
518 199 677 596 272 361 587 510 489 411 504 681 45 587 716 359 159 780 253 324 306 254 297 356 391 63 268 214 384 441 573 339 459 416 476 609 368 268 506 271 763 267 625 474 332 642 736 607 575 367 97 388 473 107 413 109 735 409 507 630 481 592 350 108 137 360 168 590 145 287 
435 234 581 507 189 265 498 454 396 369 463 587 116 491 652 264 179 714 234 265 352 202 247 262 393 149 325 197 303 345 480 253 363 337 418 519 334 179 472 178 667 211 560 379 273 573 655 558 499 347 82 359 394 61 339 79 639 335 457 534 386 506 307 36 43 307 94 501 195 196 
409 600 247 35 422 253 29 326 103 615 411 105 614 145 350 295 554 379 475 516 691 526 540 241 577 648 701 601 410 197 40 256 211 211 316 358 426 321 452 371 241 381 294 166 341 263 217 405 184 483 558 447 439 527 458 544 240 241 359 154 155 405 393 481 464 549 425 47 609 302 
529 249 546 350 349 264 345 194 288 580 204 465 357 430 399 313 215 464 117 462 332 422 461 229 236 379 345 449 432 319 363 140 351 148 159 562 100 158 221 293 588 50 309 333 19 330 444 296 277 147 344 130 516 320 486 339 575 122 194 466 333 577 60 227 258 508 169 339 273 175 
274 751 3 278 430 321 273 562 261 536 644 190 686 115 590 317 696 609 647 476 859 517 510 339 778 722 856 606 356 242 212 409 218 411 546 168 630 440 683 408 117 546 538 216 529 507 427 649 429 686 612 656 328 585 378 596 77 445 594 90 214 228 592 579 538 491 541 291 742 416 
144 562 223 307 206 138 297 493 203 345 558 309 466 172 599 105 504 640 481 262 678 296 293 171 634 503 667 383 144 99 237 262 70 311 465 164 499 259 591 189 329 385 522 115 392 505 493 600 413 548 390 529 163 364 184 374 293 343 517 209 125 176 459 372 324 287 345 312 544 236 
408 553 278 49 395 223 40 288 73 597 371 152 574 166 337 271 508 373 428 494 644 499 515 206 531 607 654 570 394 179 62 212 199 164 275 371 380 279 412 340 285 334 270 153 294 245 229 374 158 437 520 402 432 490 444 507 280 194 320 185 143 413 347 439 425 530 382 48 563 262 
714 310 691 443 541 446 442 154 428 770 78 567 504 573 335 500 312 399 205 653 325 609 649 409 147 516 364 627 623 488 484 318 522 279 151 734 97 350 52 485 707 231 271 494 193 310 459 180 312 96 512 72 704 492 677 510 703 245 124 602 491 756 132 394 437 699 346 429 360 364 
448 562 307 35 430 258 33 266 111 636 352 158 598 199 298 308 519 333 434 531 648 533 552 237 524 630 661 603 433 219 93 231 239 169 258 408 375 302 393 374 300 343 236 193 297 208 191 345 125 432 548 394 472 517 484 535 300 194 299 213 183 452 344 462 451 568 402 22 576 287 
730 355 690 432 568 462 432 134 429 799 48 556 545 572 296 518 356 358 247 681 368 641 680 425 188 558 408 662 645 498 479 335 531 284 141 743 134 374 8 510 699 263 238 501 217 279 431 138 293 141 549 112 724 528 700 547 697 251 101 599 496 768 163 431 471 727 380 418 404 387 
209 491 441 503 87 239 492 594 383 149 635 530 310 397 751 185 434 803 464 37 610 84 68 270 630 343 582 171 86 280 444 338 273 423 560 321 532 281 657 146 553 398 663 314 437 659 685 707 569 565 230 562 155 218 91 217 516 442 610 435 324 288 495 282 222 76 298 504 452 273 
485 186 566 427 266 248 419 321 335 483 325 526 231 459 524 277 131 588 114 369 298 318 360 225 280 255 291 331 367 323 419 170 350 233 286 544 197 125 334 223 631 76 433 349 140 451 550 422 387 218 220 224 458 197 416 216 610 221 321 500 352 546 169 101 142 414 53 418 183 149 
460 552 323 50 433 262 50 250 118 642 335 174 594 215 284 314 510 321 422 536 636 536 556 239 510 626 650 604 441 227 109 226 249 159 242 422 361 299 377 376 316 333 220 203 286 194 187 328 109 418 546 380 482 516 492 533 317 182 283 229 193 466 331 457 449 574 397 36 567 284 
243 532 219 211 251 105 201 402 103 432 472 236 480 121 499 122 477 540 432 335 641 353 361 120 573 516 637 434 227 24 146 197 29 225 377 233 430 221 508 210 296 332 423 17 324 406 397 506 313 483 412 458 262 384 275 397 269 258 429 164 27 263 390 364 329 367 323 215 524 197 
398 776 134 217 515 373 217 517 261 652 603 95 750 150 501 389 725 510 658 579 874 611 611 378 769 786 880 697 460 294 182 425 284 399 509 299 618 475 644 480 50 560 465 260 528 428 321 587 366 675 683 640 448 654 491 668 70 431 550 109 253 358 584 630 599 601 581 231 777 453 
390 368 395 241 261 122 233 255 147 492 309 337 384 281 413 180 318 469 254 375 469 356 385 85 389 416 472 411 313 166 230 18 199 81 222 411 247 90 339 199 447 154 323 180 140 324 386 367 239 299 339 276 386 309 369 328 429 100 274 320 180 430 207 248 241 419 188 234 372 81 
144 654 417 566 242 344 556 719 458 135 770 558 466 418 851 285 597 896 621 162 773 233 193 381 787 497 745 302 151 350 496 465 328 539 687 258 680 422 796 289 537 548 769 374 579 757 753 831 664 717 389 710 97 379 96 376 496 564 739 446 384 204 641 445 385 135 456 572 615 408 
502 603 336 61 491 319 69 269 172 697 356 161 653 240 257 369 564 283 471 592 682 595 613 298 547 684 699 664 494 279 136 284 297 213 269 454 400 358 398 435 307 386 209 251 334 174 130 330 112 456 606 416 529 575 543 593 316 232 302 244 241 501 374 516 508 629 455 53 621 344 
199 538 221 255 222 104 245 439 147 389 507 270 466 143 543 98 481 585 447 296 650 320 325 132 594 502 643 404 185 45 188 218 15 260 413 203 455 228 541 189 313 349 466 61 348 450 442 545 357 506 394 484 217 366 231 378 281 292 465 184 72 226 415 358 317 326 323 260 525 204 
297 517 241 164 283 117 153 352 49 478 425 212 490 128 445 155 464 487 408 376 621 386 399 114 539 526 622 463 275 60 109 169 83 179 328 282 393 211 461 233 298 307 369 39 290 352 348 454 259 448 428 420 315 398 325 414 277 214 379 168 33 315 354 366 338 411 317 166 514 188 
110 693 163 369 313 269 361 604 295 376 675 325 581 193 681 235 635 714 613 329 809 382 366 301 764 617 797 471 215 214 294 390 181 427 579 32 627 391 710 311 283 517 614 213 519 590 547 705 501 677 502 656 167 479 223 486 242 461 631 208 219 71 586 498 447 337 475 379 673 368 
46 612 268 408 208 222 399 591 307 267 652 396 476 257 703 169 553 744 548 213 731 268 250 259 708 512 713 356 101 202 336 350 174 409 562 136 582 329 683 222 386 459 625 220 476 610 594 700 517 628 396 612 64 375 109 380 346 439 615 286 229 111 542 408 352 223 396 415 585 309 
73 639 345 497 221 290 487 665 392 194 721 485 472 345 787 231 580 830 592 176 758 244 213 327 756 506 735 325 111 285 425 415 260 483 634 192 640 382 749 256 465 510 707 306 535 693 683 775 601 680 392 670 27 377 71 378 424 510 686 373 316 142 600 429 370 168 430 503 605 365 
134 521 319 391 120 155 381 530 276 251 584 407 389 273 663 95 462 710 461 161 640 197 192 192 623 425 622 286 46 168 327 278 153 349 499 219 504 246 612 131 429 376 580 198 399 569 577 642 477 546 310 534 112 288 98 294 392 375 551 310 208 202 464 317 261 188 306 395 494 229 
602 364 553 302 463 337 300 53 292 697 97 425 498 435 261 395 343 326 231 579 418 547 583 299 266 520 445 584 527 365 343 213 398 150 19 608 128 269 134 402 566 191 174 365 128 203 338 160 178 179 484 138 601 458 583 477 562 118 60 462 360 636 118 368 393 624 307 288 399 275 
215 526 465 545 133 285 535 642 426 102 682 566 331 431 798 229 470 849 506 26 643 97 59 316 672 362 613 172 114 321 484 386 311 470 607 332 578 328 703 193 580 443 710 354 484 706 729 754 615 609 254 607 156 246 92 241 541 490 657 467 364 292 541 319 260 30 340 547 484 320 
612 242 616 397 429 345 393 168 354 658 145 517 403 499 378 396 227 444 113 541 297 497 537 310 165 419 322 516 515 397 422 220 430 205 142 642 17 241 150 375 649 119 296 408 90 326 459 249 295 72 404 47 599 382 568 401 639 172 155 533 407 659 23 285 325 587 235 384 281 258 
281 759 9 281 439 329 277 567 267 544 649 190 694 122 592 326 704 611 654 484 866 526 518 347 785 731 864 614 364 250 217 416 227 418 552 174 637 448 689 416 111 554 542 224 536 510 428 653 433 693 620 663 336 594 386 605 70 452 599 95 222 233 599 588 547 499 549 294 751 424 
452 354 436 240 320 186 234 192 175 553 245 351 411 319 360 244 311 419 228 435 444 411 443 149 344 440 454 460 377 222 249 65 255 40 159 468 196 133 277 258 474 135 269 229 96 275 358 304 199 251 376 223 450 347 432 367 461 39 210 354 227 490 158 272 279 479 209 230 368 133 
94 613 210 347 234 195 338 549 253 330 616 331 501 191 648 156 555 687 536 265 730 310 300 230 691 537 717 399 145 155 274 320 123 369 522 111 557 314 649 230 325 442 574 165 450 555 532 655 464 606 423 587 129 399 169 407 286 401 575 220 174 118 517 417 366 281 395 355 592 292 
267 547 206 179 284 130 169 389 80 465 463 203 507 98 474 154 493 513 442 368 654 386 395 138 576 543 652 466 260 54 113 203 60 218 366 245 431 238 500 241 273 341 401 18 327 381 366 490 290 485 441 458 291 412 307 426 248 252 417 140 9 280 391 388 355 400 342 184 542 215 
12105 2355 13185 10320 8595 8550 10245 6705 9420 11355 5745 12075 5835 11490 9615 9030 3210 10560 3450 9855 735 8880 9555 8145 2385 5685 1500 8475 10245 9600 10560 7035 10050 7320 6435 13020 4260 6690 5325 8115 13935 4965 8580 9930 5385 9120 11250 7275 8820 3480 6660 4110 11625 6630 10890 6765 13695 6885 6330 12060 9945 13050 4635 5490 6390 10470 5490 10140 3090 7050 
1290 8835 5115 6945 2580 3630 6795 9270 5310 2925 10080 6945 6450 4845 11190 2745 7950 11865 8100 2190 10635 3120 2760 4185 10560 6960 10290 4410 900 3675 5910 5490 3360 6540 8790 3030 8835 4965 10500 3060 6870 6885 9960 4050 7275 9780 9750 10935 8400 9435 5235 9285 495 4995 555 5025 6285 6945 9570 5325 4200 2460 8235 5700 4815 2265 5700 7020 8340 4710 
1199 6600 4125 5522 2002 3014 5412 7139 4301 1760 7711 5511 4697 3982 8602 2365 5962 9097 6149 1430 7909 2178 1826 3421 7964 5060 7634 3069 902 3102 4763 4345 2882 5159 6787 2519 6743 3905 8008 2464 5423 5302 7689 3388 5621 7568 7568 8371 6556 7172 3817 7073 550 3674 319 3663 4983 5434 7359 4312 3498 2035 6314 4290 3630 1364 4345 5577 6204 3740 
9268 3052 9436 6342 6552 5572 6300 2856 5768 9688 2184 8036 5726 7784 5712 6244 3038 6622 1554 8078 3528 7392 7980 5082 1498 5894 3976 7546 7840 6328 6720 3836 6790 3682 2576 9744 602 4018 2030 5838 9884 2226 4648 6510 2030 5124 7070 3696 4816 196 5894 448 9044 5642 8568 5880 9758 3220 2576 8260 6482 9954 1106 4270 4928 8722 3682 6160 3724 4284 
7252 2786 9478 8344 3808 5054 8218 7140 6846 5754 7056 9534 630 8218 10024 5026 2226 10920 3542 4536 4284 3556 4158 4984 5474 882 3752 2996 5376 6174 8022 4746 6426 5824 6664 8526 5152 3752 7084 3794 10682 3738 8750 6636 4648 8988 10304 8498 8050 5138 1358 5432 6622 1498 5782 1526 10290 5726 7098 8820 6734 8288 4900 1512 1918 5040 2352 8260 2030 4018 
6525 3510 8715 7605 2835 3975 7470 6810 5940 5535 6945 8805 1740 7365 9780 3960 2685 10710 3510 3975 5280 3030 3705 3930 5895 2235 4875 2955 4545 5175 7200 3795 5445 5055 6270 7785 5010 2685 7080 2670 10005 3165 8400 5685 4095 8595 9825 8370 7485 5205 1230 5385 5910 915 5085 1185 9585 5025 6855 8010 5790 7590 4605 540 645 4605 1410 7515 2925 2940 
4908 7200 2964 420 5064 3036 348 3912 1236 7380 4932 1260 7368 1740 4200 3540 6648 4548 5700 6192 8292 6312 6480 2892 6924 7776 8412 7212 4920 2364 480 3072 2532 2532 3792 4296 5112 3852 5424 4452 2892 4572 3528 1992 4092 3156 2604 4860 2208 5796 6696 5364 5268 6324 5496 6528 2880 2892 4308 1848 1860 4860 4716 5772 5568 6588 5100 564 7308 3624 
5819 2739 6006 3850 3839 2904 3795 2134 3168 6380 2244 5115 3927 4730 4389 3443 2365 5104 1287 5082 3652 4642 5071 2519 2596 4169 3795 4939 4752 3509 3993 1540 3861 1628 1749 6182 1100 1738 2431 3223 6468 550 3399 3663 209 3630 4884 3256 3047 1617 3784 1430 5676 3520 5346 3729 6325 1342 2134 5126 3663 6347 660 2497 2838 5588 1859 3729 3003 1925 
3288 9012 36 3336 5160 3852 3276 6744 3132 6432 7728 2280 8232 1380 7080 3804 8352 7308 7764 5712 10308 6204 6120 4068 9336 8664 10272 7272 4272 2904 2544 4908 2616 4932 6552 2016 7560 5280 8196 4896 1404 6552 6456 2592 6348 6084 5124 7788 5148 8232 7344 7872 3936 7020 4536 7152 924 5340 7128 1080 2568 2736 7104 6948 6456 5892 6492 3492 8904 4992 
1440 5620 2230 3070 2060 1380 2970 4930 2030 3450 5580 3090 4660 1720 5990 1050 5040 6400 4810 2620 6780 2960 2930 1710 6340 5030 6670 3830 1440 990 2370 2620 700 3110 4650 1640 4990 2590 5910 1890 3290 3850 5220 1150 3920 5050 4930 6000 4130 5480 3900 5290 1630 3640 1840 3740 2930 3430 5170 2090 1250 1760 4590 3720 3240 2870 3450 3120 5440 2360 
5712 7742 3892 686 5530 3122 560 4032 1022 8358 5194 2128 8036 2324 4718 3794 7112 5222 5992 6916 9016 6986 7210 2884 7434 8498 9156 7980 5516 2506 868 2968 2786 2296 3850 5194 5320 3906 5768 4760 3990 4676 3780 2142 4116 3430 3206 5236 2212 6118 7280 5628 6048 6860 6216 7098 3920 2716 4480 2590 2002 5782 4858 6146 5950 7420 5348 672 7882 3668 
7140 3100 6910 4430 5410 4460 4420 1540 4280 7700 780 5670 5040 5730 3350 5000 3120 3990 2050 6530 3250 6090 6490 4090 1470 5160 3640 6270 6230 4880 4840 3180 5220 2790 1510 7340 970 3500 520 4850 7070 2310 2710 4940 1930 3100 4590 1800 3120 960 5120 720 7040 4920 6770 5100 7030 2450 1240 6020 4910 7560 1320 3940 4370 6990 3460 4290 3600 3640 
6272 7868 4298 490 6020 3612 462 3724 1554 8904 4928 2212 8372 2786 4172 4312 7266 4662 6076 7434 9072 7462 7728 3318 7336 8820 9254 8442 6062 3066 1302 3234 3346 2366 3612 5712 5250 4228 5502 5236 4200 4802 3304 2702 4158 2912 2674 4830 1750 6048 7672 5516 6608 7238 6776 7490 4200 2716 4186 2982 2562 6328 4816 6468 6314 7952 5628 308 8064 4018 
10950 5325 10350 6480 8520 6930 6480 2010 6435 11985 720 8340 8175 8580 4440 7770 5340 5370 3705 10215 5520 9615 10200 6375 2820 8370 6120 9930 9675 7470 7185 5025 7965 4260 2115 11145 2010 5610 120 7650 10485 3945 3570 7515 3255 4185 6465 2070 4395 2115 8235 1680 10860 7920 10500 8205 10455 3765 1515 8985 7440 11520 2445 6465 7065 10905 5700 6270 6060 5805 
2090 4910 4410 5030 870 2390 4920 5940 3830 1490 6350 5300 3100 3970 7510 1850 4340 8030 4640 370 6100 840 680 2700 6300 3430 5820 1710 860 2800 4440 3380 2730 4230 5600 3210 5320 2810 6570 1460 5530 3980 6630 3140 4370 6590 6850 7070 5690 5650 2300 5620 1550 2180 910 2170 5160 4420 6100 4350 3240 2880 4950 2820 2220 760 2980 5040 4520 2730 
4850 1860 5660 4270 2660 2480 4190 3210 3350 4830 3250 5260 2310 4590 5240 2770 1310 5880 1140 3690 2980 3180 3600 2250 2800 2550 2910 3310 3670 3230 4190 1700 3500 2330 2860 5440 1970 1250 3340 2230 6310 760 4330 3490 1400 4510 5500 4220 3870 2180 2200 2240 4580 1970 4160 2160 6100 2210 3210 5000 3520 5460 1690 1010 1420 4140 530 4180 1830 1490 
6440 7728 4522 700 6062 3668 700 3500 1652 8988 4690 2436 8316 3010 3976 4396 7140 4494 5908 7504 8904 7504 7784 3346 7140 8764 9100 8456 6174 3178 1526 3164 3486 2226 3388 5908 5054 4186 5278 5264 4424 4662 3080 2842 4004 2716 2618 4592 1526 5852 7644 5320 6748 7224 6888 7462 4438 2548 3962 3206 2702 6524 4634 6398 6286 8036 5558 504 7938 3976 
2916 6384 2628 2532 3012 1260 2412 4824 1236 5184 5664 2832 5760 1452 5988 1464 5724 6480 5184 4020 7692 4236 4332 1440 6876 6192 7644 5208 2724 288 1752 2364 348 2700 4524 2796 5160 2652 6096 2520 3552 3984 5076 204 3888 4872 4764 6072 3756 5796 4944 5496 3144 4608 3300 4764 3228 3096 5148 1968 324 3156 4680 4368 3948 4404 3876 2580 6288 2364 
4776 9312 1608 2604 6180 4476 2604 6204 3132 7824 7236 1140 9000 1800 6012 4668 8700 6120 7896 6948 10488 7332 7332 4536 9228 9432 10560 8364 5520 3528 2184 5100 3408 4788 6108 3588 7416 5700 7728 5760 600 6720 5580 3120 6336 5136 3852 7044 4392 8100 8196 7680 5376 7848 5892 8016 840 5172 6600 1308 3036 4296 7008 7560 7188 7212 6972 2772 9324 5436 
5070 4784 5135 3133 3393 1586 3029 3315 1911 6396 4017 4381 4992 3653 5369 2340 4134 6097 3302 4875 6097 4628 5005 1105 5057 5408 6136 5343 4069 2158 2990 234 2587 1053 2886 5343 3211 1170 4407 2587 5811 2002 4199 2340 1820 4212 5018 4771 3107 3887 4407 3588 5018 4017 4797 4264 5577 1300 3562 4160 2340 5590 2691 3224 3133 5447 2444 3042 4836 1053 
2160 9810 6255 8490 3630 5160 8340 10785 6870 2025 11550 8370 6990 6270 12765 4275 8955 13440 9315 2430 11595 3495 2895 5715 11805 7455 11175 4530 2265 5250 7440 6975 4920 8085 10305 3870 10200 6330 11940 4335 8055 8220 11535 5610 8685 11355 11295 12465 9960 10755 5835 10650 1455 5685 1440 5640 7440 8460 11085 6690 5760 3060 9615 6675 5775 2025 6840 8580 9225 6120 
7028 8442 4704 854 6874 4466 966 3766 2408 9758 4984 2254 9142 3360 3598 5166 7896 3962 6594 8288 9548 8330 8582 4172 7658 9576 9786 9296 6916 3906 1904 3976 4158 2982 3766 6356 5600 5012 5572 6090 4298 5404 2926 3514 4676 2436 1820 4620 1568 6384 8484 5824 7406 8050 7602 8302 4424 3248 4228 3416 3374 7014 5236 7224 7112 8806 6370 742 8694 4816 
1990 5380 2210 2550 2220 1040 2450 4390 1470 3890 5070 2700 4660 1430 5430 980 4810 5850 4470 2960 6500 3200 3250 1320 5940 5020 6430 4040 1850 450 1880 2180 150 2600 4130 2030 4550 2280 5410 1890 3130 3490 4660 610 3480 4500 4420 5450 3570 5060 3940 4840 2170 3660 2310 3780 2810 2920 4650 1840 720 2260 4150 3580 3170 3260 3230 2600 5250 2040 
2970 5170 2410 1640 2830 1170 1530 3520 490 4780 4250 2120 4900 1280 4450 1550 4640 4870 4080 3760 6210 3860 3990 1140 5390 5260 6220 4630 2750 600 1090 1690 830 1790 3280 2820 3930 2110 4610 2330 2980 3070 3690 390 2900 3520 3480 4540 2590 4480 4280 4200 3150 3980 3250 4140 2770 2140 3790 1680 330 3150 3540 3660 3380 4110 3170 1660 5140 1880 
1540 9702 2282 5166 4382 3766 5054 8456 4130 5264 9450 4550 8134 2702 9534 3290 8890 9996 8582 4606 11326 5348 5124 4214 10696 8638 11158 6594 3010 2996 4116 5460 2534 5978 8106 448 8778 5474 9940 4354 3962 7238 8596 2982 7266 8260 7658 9870 7014 9478 7028 9184 2338 6706 3122 6804 3388 6454 8834 2912 3066 994 8204 6972 6258 4718 6650 5306 9422 5152 
690 9180 4020 6120 3120 3330 5985 8865 4605 4005 9780 5940 7140 3855 10545 2535 8295 11160 8220 3195 10965 4020 3750 3885 10620 7680 10695 5340 1515 3030 5040 5250 2610 6135 8430 2040 8730 4935 10245 3330 5790 6885 9375 3300 7140 9150 8910 10500 7755 9420 5940 9180 960 5625 1635 5700 5190 6585 9225 4290 3435 1665 8130 6120 5280 3345 5940 6225 8775 4635 
803 7029 3795 5467 2431 3190 5357 7315 4312 2134 7931 5335 5192 3795 8657 2541 6380 9130 6512 1936 8338 2684 2343 3597 8316 5566 8085 3575 1221 3135 4675 4565 2860 5313 6974 2112 7040 4202 8239 2816 5115 5610 7777 3366 5885 7623 7513 8525 6611 7480 4312 7370 297 4147 781 4158 4664 5610 7546 4103 3476 1562 6600 4719 4070 1848 4730 5533 6655 4015 
2010 7815 4785 5865 1800 2325 5715 7950 4140 3765 8760 6105 5835 4095 9945 1425 6930 10650 6915 2415 9600 2955 2880 2880 9345 6375 9330 4290 690 2520 4905 4170 2295 5235 7485 3285 7560 3690 9180 1965 6435 5640 8700 2970 5985 8535 8655 9630 7155 8190 4650 8010 1680 4320 1470 4410 5880 5625 8265 4650 3120 3030 6960 4755 3915 2820 4590 5925 7410 3435 
7826 4732 7189 3926 6019 4381 3900 689 3796 9061 1261 5525 6474 5655 3393 5135 4459 4238 3003 7527 5434 7111 7579 3887 3458 6760 5785 7592 6851 4745 4459 2769 5174 1950 247 7904 1664 3497 1742 5226 7358 2483 2262 4745 1664 2639 4394 2080 2314 2327 6292 1794 7813 5954 7579 6201 7306 1534 780 6006 4680 8268 1534 4784 5109 8112 3991 3744 5187 3575 
2580 6312 5580 6540 1596 3420 6420 7704 5112 1224 8184 6792 3972 5172 9576 2748 5640 10188 6072 312 7716 1164 708 3792 8064 4344 7356 2064 1368 3852 5808 4632 3732 5640 7284 3984 6936 3936 8436 2316 6960 5316 8520 4248 5808 8472 8748 9048 7380 7308 3048 7284 1872 2952 1104 2892 6492 5880 7884 5604 4368 3504 6492 3828 3120 360 4080 6564 5808 3840 
6120 2420 6160 3970 4290 3450 3930 1680 3540 6580 1450 5170 4030 4990 3780 3960 2270 4440 1130 5410 2970 4970 5370 3100 1650 4190 3220 5160 5150 3970 4220 2200 4300 2050 1420 6420 170 2410 1500 3750 6490 1190 2960 4080 900 3260 4590 2490 2950 720 4040 470 5990 3820 5680 4010 6390 1720 1550 5330 4070 6590 230 2850 3250 5870 2350 3840 2810 2580 
3091 8349 99 3091 4829 3619 3047 6237 2937 5984 7139 2090 7634 1342 6512 3586 7744 6721 7194 5324 9526 5786 5698 3817 8635 8041 9504 6754 4004 2750 2387 4576 2497 4598 6072 1914 7007 4928 7579 4576 1221 6094 5962 2464 5896 5610 4708 7183 4763 7623 6820 7293 3696 6534 4246 6655 770 4972 6589 1045 2442 2563 6589 6468 6017 5489 6039 3234 8261 4664 
4520 3540 4360 2400 3200 1860 2340 1920 1750 5530 2450 3510 4110 3190 3600 2440 3110 4190 2280 4350 4440 4110 4430 1490 3440 4400 4540 4600 3770 2220 2490 650 2550 400 1590 4680 1960 1330 2770 2580 4740 1350 2690 2290 960 2750 3580 3040 1990 2510 3760 2230 4500 3470 4320 3670 4610 390 2100 3540 2270 4900 1580 2720 2790 4790 2090 2300 3680 1330 
940 6130 2100 3470 2340 1950 3380 5490 2530 3300 6160 3310 5010 1910 6480 1560 5550 6870 5360 2650 7300 3100 3000 2300 6910 5370 7170 3990 1450 1550 2740 3200 1230 3690 5220 1110 5570 3140 6490 2300 3250 4420 5740 1650 4500 5550 5320 6550 4640 6060 4230 5870 1290 3990 1690 4070 2860 4010 5750 2200 1740 1180 5170 4170 3660 2810 3950 3550 5920 2920 
3471 7111 2678 2327 3692 1690 2197 5057 1040 6045 6019 2639 6591 1274 6162 2002 6409 6669 5746 4784 8502 5018 5135 1794 7488 7059 8476 6058 3380 702 1469 2639 780 2834 4758 3185 5603 3094 6500 3133 3549 4433 5213 234 4251 4953 4758 6370 3770 6305 5733 5954 3783 5356 3991 5538 3224 3276 5421 1820 117 3640 5083 5044 4615 5200 4446 2392 7046 2795 
394 232 121 69 523 90 65 151 357 302 663 664 508 460 312 745 712 373 341 292 211 263 172 562 644 680 432 113 780 164 176 504 292 746 683 495 397 507 545 381 449 476 554 356 292 85 625 203 786 600 430 394 416 420 773 602 476 625 298 32 306 301 375 606 569 244 239 729 733 397 561 420 743 286 430 410 235 222 298 425 416 146 458 560 499 698 415 284 529 516 269 635 780 518 235 305 318 399 598 623 5 551 391 740 638 367 90 263 639 754 703 145 732 772 594 599 276 733 720 811 105 723 806 338 659 726 380 458 89 614 518 236 708 679 233 171 405 342 724 504 
622 423 696 656 719 565 699 508 603 356 90 601 210 729 443 463 586 505 326 456 466 425 519 450 681 54 729 544 126 556 598 438 444 139 359 541 692 196 456 366 447 205 247 752 608 662 67 637 137 70 675 517 249 306 537 190 339 564 770 661 761 371 443 645 394 537 633 82 436 362 430 238 273 850 612 376 427 733 394 468 433 629 287 500 632 190 413 527 410 631 575 56 670 515 469 402 684 256 339 383 650 672 264 639 154 515 578 609 117 263 626 574 218 185 643 484 443 98 584 157 634 617 676 469 204 640 359 201 568 532 245 618 387 88 425 705 370 725 74 161 
220 393 152 205 301 310 218 307 625 460 790 512 669 225 310 661 573 286 506 524 309 470 259 473 455 757 193 326 860 420 444 427 307 800 637 363 176 661 454 589 377 547 566 96 561 189 745 120 861 715 220 292 561 608 662 631 460 485 26 240 35 482 610 428 507 501 512 808 659 401 482 551 738 118 259 398 356 50 360 668 363 156 645 447 317 723 643 539 463 336 180 751 618 399 289 514 105 520 560 564 275 353 516 583 677 275 337 146 776 755 545 210 749 810 415 495 500 803 583 907 378 573 646 579 677 566 398 588 283 487 696 507 653 743 407 101 618 96 826 633 
61 400 362 380 130 416 420 364 718 433 659 234 594 137 211 386 293 108 472 566 313 494 303 207 202 581 146 417 678 520 563 176 229 599 380 85 123 579 189 584 148 403 360 215 667 369 612 248 673 583 88 87 490 574 382 429 256 204 280 415 263 472 639 164 254 583 637 629 387 244 221 468 499 398 24 224 346 304 288 700 163 299 603 171 61 506 655 613 214 75 172 614 346 124 269 526 176 435 317 306 441 117 436 308 478 104 453 182 658 518 270 301 524 596 152 219 535 616 302 735 522 295 373 622 460 293 257 493 389 207 634 626 389 557 420 324 613 197 667 529 
425 43 319 266 563 156 300 124 289 62 418 608 262 528 236 616 638 338 95 123 136 50 173 465 628 449 510 133 544 146 193 411 215 523 530 455 467 260 453 159 367 265 375 477 254 277 381 313 553 357 479 362 171 181 664 404 336 563 455 259 454 56 197 586 447 164 250 495 597 265 455 180 554 495 444 288 96 392 166 258 330 276 220 485 503 494 220 181 419 515 307 392 720 460 176 87 414 167 450 488 240 559 157 678 430 339 161 329 393 561 647 220 530 555 576 510 92 503 642 569 216 658 741 179 462 669 242 217 169 541 276 235 561 454 24 348 188 453 483 261 
259 129 270 241 395 197 289 127 454 164 467 444 355 367 65 485 480 166 208 294 60 222 98 313 457 444 353 186 548 272 320 256 43 498 416 285 310 345 298 314 205 232 288 340 410 242 423 204 551 393 315 191 246 313 521 341 209 400 342 259 336 201 366 415 308 322 391 495 470 129 307 232 476 417 275 145 75 299 38 427 168 198 346 325 332 438 384 347 272 343 158 429 559 294 37 254 272 199 331 359 264 388 196 517 382 168 229 188 454 489 483 146 470 517 405 355 264 494 486 590 304 497 581 351 396 506 112 267 181 381 387 378 443 436 149 273 344 314 507 312 
57 389 354 371 139 406 412 354 708 423 651 241 585 142 201 389 299 98 463 555 303 484 293 207 211 576 149 407 673 509 552 174 219 595 379 87 123 570 188 574 143 395 355 214 657 360 605 240 668 575 91 78 481 565 386 424 250 209 276 406 260 462 628 173 253 573 627 623 389 236 220 459 497 394 25 216 336 298 278 689 156 291 594 173 71 503 645 603 211 85 163 606 354 125 259 516 171 426 314 306 431 127 427 315 473 94 443 173 650 516 277 291 521 593 161 221 525 611 308 730 513 302 381 612 456 300 248 484 379 211 625 616 389 552 410 317 603 194 661 520 
355 479 600 593 383 572 641 502 794 464 497 194 514 428 323 109 175 284 479 621 436 553 463 93 289 375 444 561 448 640 690 139 343 356 84 216 424 495 112 587 194 301 179 514 764 588 457 493 437 434 387 274 448 549 156 221 173 165 570 620 555 505 665 262 66 674 756 409 98 249 82 419 216 683 324 230 436 575 356 717 221 525 561 133 301 254 661 689 108 290 404 452 260 177 402 564 464 397 76 28 632 317 405 227 259 294 605 432 512 237 216 495 257 336 264 93 593 389 173 512 680 205 270 666 217 228 271 421 555 135 562 742 89 341 496 577 610 493 468 432 
114 278 290 292 245 306 338 248 599 313 568 319 485 226 92 416 366 28 354 444 193 373 190 226 314 511 218 304 612 404 449 172 109 544 377 151 178 472 207 464 117 313 306 239 550 285 522 181 611 492 172 48 378 457 432 373 198 279 273 324 261 352 517 273 249 464 522 561 409 152 230 358 474 379 124 141 225 265 170 578 100 217 488 216 182 462 535 493 205 194 92 525 435 172 149 405 174 325 298 306 344 237 325 394 420 21 342 121 563 491 358 200 486 550 262 258 414 553 374 664 415 377 460 501 415 381 158 387 281 268 523 511 396 492 299 266 493 213 589 427 
609 266 386 330 748 235 330 277 91 286 570 831 399 697 451 850 865 546 290 144 333 195 339 695 838 642 672 227 724 123 91 640 429 724 763 670 632 408 682 237 592 488 606 610 26 346 547 445 737 531 656 571 359 297 897 627 569 787 561 298 567 250 178 797 680 70 43 681 831 497 686 380 778 551 637 519 314 486 392 200 554 389 325 711 703 711 221 73 650 717 480 559 945 681 376 202 561 380 684 722 262 758 370 904 646 545 201 488 536 783 870 355 748 762 786 739 162 695 871 734 162 884 967 140 685 893 474 407 264 767 385 35 794 655 247 434 243 592 652 440 
440 522 672 661 469 628 709 558 824 496 464 264 510 515 387 89 228 362 503 651 491 587 525 178 365 330 530 615 390 685 735 219 405 295 18 302 509 491 196 604 270 310 181 598 800 657 429 568 376 410 473 354 460 560 163 196 222 243 652 685 637 535 685 342 139 711 798 357 62 302 165 431 139 764 410 287 485 653 407 733 292 596 566 220 387 196 676 722 183 376 480 422 304 263 462 592 547 415 100 81 694 402 424 279 220 372 658 509 485 160 277 562 189 268 346 177 624 334 223 455 733 259 306 692 170 284 321 425 613 215 557 783 14 294 537 653 625 577 421 427 
81 444 315 350 109 419 381 384 738 493 760 330 676 42 281 505 393 197 537 603 351 536 322 330 262 694 26 427 793 532 568 299 293 718 503 207 22 664 312 640 265 504 477 106 681 336 714 215 789 684 36 186 569 642 492 546 370 309 183 388 165 527 684 239 378 605 641 743 508 342 345 550 622 300 100 327 393 231 356 745 271 273 674 292 134 627 707 639 337 152 180 717 430 245 312 574 102 516 440 430 419 162 516 397 595 188 455 166 756 642 360 299 646 717 227 339 575 732 404 848 515 389 458 661 580 380 350 580 390 319 713 633 512 672 463 267 670 97 777 620 
626 297 587 535 753 423 567 389 370 226 190 712 37 738 421 634 718 516 180 249 377 249 427 552 767 292 727 400 354 373 404 516 409 379 530 600 685 56 549 146 497 252 373 717 385 545 176 566 370 171 684 536 133 93 702 353 411 669 709 527 705 212 211 726 508 330 421 320 609 383 535 155 486 760 633 407 329 653 346 228 468 538 57 592 675 404 176 310 503 681 536 190 806 587 403 210 649 188 476 524 505 726 187 768 346 522 422 564 155 482 746 479 439 424 719 595 247 339 719 355 457 746 819 243 397 764 367 135 437 639 11 408 562 318 287 612 139 691 277 120 
122 323 185 213 242 281 248 252 602 381 688 414 581 181 200 548 472 168 427 475 230 411 192 359 373 646 155 290 749 394 429 311 202 685 520 255 117 571 339 522 259 439 449 114 543 199 642 77 748 613 149 175 472 532 555 515 343 382 129 251 118 410 558 340 390 469 502 696 545 287 367 458 620 234 161 282 277 127 261 618 245 134 567 337 229 606 585 505 346 247 69 648 526 289 199 452 49 425 442 447 281 275 422 488 562 158 316 37 678 637 450 161 631 694 328 383 447 690 481 798 375 476 553 532 560 473 286 492 252 381 612 494 536 630 341 144 552 89 719 536 
375 635 675 686 322 698 730 634 962 638 707 81 719 393 450 185 36 368 662 792 571 721 582 210 164 582 420 693 647 786 833 261 473 552 269 246 421 700 220 774 308 503 387 515 923 677 667 561 634 644 376 347 642 743 122 431 351 117 588 719 571 680 847 172 246 833 905 613 208 409 224 614 395 707 335 385 586 619 508 903 345 607 759 188 276 453 849 855 259 258 477 663 51 224 530 740 488 588 285 238 740 252 595 23 467 374 734 493 723 415 50 597 447 525 183 165 763 591 36 712 808 20 67 843 421 37 432 621 675 132 765 892 249 547 655 639 800 502 674 637 
296 85 238 200 435 139 245 68 401 143 481 501 351 399 122 544 539 217 189 248 8 179 62 373 510 475 381 127 577 213 261 316 99 536 473 340 338 344 358 284 264 265 339 353 354 204 439 198 582 410 350 242 244 293 581 387 266 458 340 211 337 171 326 468 368 267 332 525 529 187 367 237 527 400 317 204 38 287 83 387 228 175 329 384 379 483 349 295 332 392 179 447 617 351 48 216 288 208 388 418 211 435 202 575 424 217 170 202 464 538 541 117 516 558 458 415 218 527 545 615 245 556 639 306 443 564 167 275 127 440 378 320 500 470 105 251 314 328 530 322 
574 364 638 597 677 506 640 449 555 297 109 576 169 683 390 457 568 458 269 403 407 369 461 421 651 95 681 485 184 499 542 403 389 180 351 503 643 152 425 316 405 152 219 700 556 603 65 581 193 42 629 471 192 257 530 173 299 537 715 602 707 313 395 613 367 483 579 136 430 313 401 179 286 794 568 329 368 676 338 425 388 572 243 469 591 203 369 475 378 592 522 63 653 479 412 347 632 197 318 364 591 634 205 620 151 467 519 555 119 280 604 516 236 222 610 457 388 148 566 215 575 597 662 419 204 619 307 143 509 505 209 564 381 115 366 648 323 673 131 107 
401 688 706 722 326 743 764 681 1016 695 773 119 782 401 499 245 101 411 720 848 619 776 626 270 162 647 430 739 712 834 882 317 522 617 334 286 437 764 277 834 359 566 452 529 974 712 733 592 698 710 392 388 704 804 176 497 412 164 605 757 588 737 905 184 310 886 954 678 269 466 285 676 458 723 361 441 637 643 561 962 397 642 821 241 296 518 909 908 319 277 512 728 20 270 577 797 511 650 351 304 779 261 655 50 532 415 779 526 788 478 80 637 511 588 197 225 818 656 102 777 852 72 40 900 487 58 488 684 718 186 829 942 312 612 708 667 860 519 740 701 
499 371 614 581 589 508 627 442 618 318 216 467 261 604 338 344 456 385 305 452 388 403 438 316 547 114 606 488 214 526 573 305 344 154 238 409 571 242 322 382 318 118 113 638 608 584 176 539 212 155 550 394 239 329 417 60 211 430 664 593 654 346 464 511 260 526 621 162 318 248 295 215 191 754 486 256 358 636 306 504 309 542 326 365 501 117 446 526 276 499 469 172 541 382 381 393 572 215 206 252 589 539 225 508 52 395 528 503 232 191 494 490 154 177 509 350 432 154 454 268 593 486 549 480 99 508 250 194 504 398 306 606 269 94 379 615 396 612 201 181 
514 150 338 280 653 165 297 182 179 168 481 719 312 609 341 732 751 440 178 60 227 78 245 579 732 537 587 149 625 72 100 524 319 617 645 561 545 317 567 160 478 372 488 538 138 295 452 369 637 433 564 464 252 212 779 512 451 674 501 258 504 135 142 690 562 48 139 580 712 380 570 270 663 514 538 402 200 429 277 195 441 320 247 597 601 598 182 72 534 614 388 464 832 569 271 98 482 266 565 604 227 657 256 790 533 440 144 402 451 668 758 274 635 653 680 623 57 591 756 642 156 770 853 106 569 780 357 301 192 653 309 124 676 548 130 379 178 517 557 338 
715 543 812 773 800 684 816 626 712 475 156 652 318 819 550 483 627 601 445 572 582 544 634 515 742 103 822 663 15 675 716 515 553 106 389 620 787 306 524 478 533 314 322 853 721 778 168 747 35 184 766 610 368 418 559 254 426 620 877 779 867 490 552 710 457 653 749 53 457 462 495 357 271 962 702 472 544 844 507 571 525 744 395 566 712 205 518 641 482 709 681 155 705 589 583 519 787 375 394 432 769 747 383 678 207 611 697 715 193 255 672 689 214 145 710 541 560 68 622 55 753 658 706 580 240 682 462 320 687 588 344 734 411 124 544 819 479 827 66 279 
528 147 390 333 667 216 356 212 198 132 412 707 242 630 339 700 734 442 124 25 238 53 269 560 731 475 611 195 560 141 171 508 318 557 608 557 568 248 549 89 467 324 447 572 180 347 384 405 572 366 582 466 191 141 753 463 425 662 542 316 544 91 95 688 536 102 198 516 679 360 548 213 614 568 548 384 200 475 267 156 430 361 176 584 607 545 126 98 512 619 408 397 818 560 280 35 511 216 532 573 288 663 206 776 480 443 203 427 381 617 745 309 582 594 679 605 17 528 738 574 226 755 837 75 520 767 337 240 238 639 238 183 640 488 127 427 111 549 490 273 
539 165 375 316 679 201 334 212 164 167 456 733 285 637 359 736 763 460 167 26 250 78 273 589 751 520 616 183 605 108 130 536 337 602 646 579 574 292 578 128 492 365 486 570 137 331 429 402 617 412 591 484 236 184 786 505 458 688 535 295 538 129 105 709 569 57 153 561 715 389 579 257 656 551 562 413 218 464 291 159 455 354 217 611 624 588 145 58 543 636 415 442 845 585 293 79 512 258 568 608 265 680 248 804 523 461 181 431 424 660 772 306 625 639 699 634 39 573 767 618 191 783 866 70 562 794 366 285 226 666 279 138 677 533 145 415 144 549 535 319 
251 155 301 276 382 234 323 164 483 178 452 413 352 361 45 448 447 147 217 319 97 246 133 278 432 419 350 223 522 306 355 221 34 469 379 259 308 340 264 328 173 207 253 349 442 276 406 225 524 376 308 170 243 320 485 309 171 369 358 295 350 218 386 390 271 353 425 470 433 92 271 225 441 440 261 107 104 322 32 446 135 227 351 292 314 405 400 376 236 323 167 412 527 264 71 274 280 192 293 322 301 369 191 485 351 151 266 199 441 454 452 179 436 486 381 321 288 467 452 567 341 465 548 374 362 475 75 258 219 348 387 412 405 408 176 299 357 322 486 301 
603 536 764 737 665 670 784 603 778 484 291 487 401 697 478 303 454 500 470 616 545 569 593 368 584 150 706 652 171 692 739 383 488 78 216 486 676 383 382 540 417 282 214 755 771 738 272 680 155 266 648 502 401 483 378 154 320 460 792 751 780 512 621 556 312 691 786 152 277 382 349 379 89 892 582 382 519 774 460 656 420 690 473 418 578 58 598 689 347 571 601 260 527 451 533 557 693 381 246 273 750 605 391 504 116 511 692 634 321 71 502 642 37 42 558 385 597 126 448 235 758 484 527 641 103 510 391 353 665 430 441 771 233 118 545 759 550 730 222 330 
661 333 623 571 786 459 603 425 388 263 175 738 62 772 455 652 742 549 216 278 413 283 463 578 796 291 762 436 343 406 435 544 444 377 546 630 720 79 576 176 528 277 394 753 409 582 170 603 360 171 718 569 168 126 721 368 438 695 745 562 742 248 233 755 532 359 448 314 626 415 560 188 494 797 666 438 366 690 381 242 499 574 88 619 707 411 194 336 530 712 571 183 830 617 439 243 685 221 497 545 540 758 221 792 357 555 456 600 138 489 771 516 445 423 749 620 280 335 742 338 490 770 842 268 408 789 399 164 473 665 27 435 578 319 323 649 164 727 264 141 
724 523 800 759 816 665 800 610 672 454 112 681 280 830 549 522 660 608 420 539 570 516 623 538 768 115 831 643 68 648 687 532 549 150 423 637 794 271 546 442 546 310 339 856 684 765 134 742 87 156 776 619 342 382 597 274 438 647 875 762 866 464 513 734 480 621 716 79 495 466 517 335 314 956 713 478 530 838 499 528 534 734 356 588 729 241 478 606 502 726 681 122 740 608 575 488 789 357 420 461 750 766 365 712 230 618 675 714 148 298 703 678 255 193 732 567 529 104 656 55 727 691 743 543 271 715 463 297 669 615 303 701 448 146 523 810 440 830 31 253 
606 225 479 422 743 304 443 299 192 188 370 763 202 710 409 733 784 512 158 88 319 136 355 610 796 457 692 284 531 221 239 562 390 542 635 622 649 214 601 49 526 343 472 658 204 436 352 492 545 339 660 536 195 105 792 476 469 718 631 403 631 147 33 753 579 159 244 492 710 413 596 223 622 657 623 438 277 564 332 83 490 449 125 639 679 547 38 132 561 689 490 365 870 621 358 95 596 239 566 610 375 734 230 829 484 515 290 511 336 623 800 396 584 584 744 655 106 508 787 535 304 807 888 63 529 822 392 237 327 692 182 231 668 476 206 516 41 635 455 258 
405 108 223 166 544 48 192 74 285 173 531 635 374 495 256 678 674 345 208 171 136 130 135 508 636 557 471 29 654 81 127 451 234 629 602 470 431 373 494 250 400 363 458 418 230 179 494 250 663 470 453 369 285 286 717 497 397 592 381 151 384 167 257 595 502 152 200 605 662 319 503 291 644 400 433 338 133 310 212 313 363 200 325 518 499 590 293 188 467 513 276 505 751 484 177 173 364 274 518 551 128 554 265 709 528 343 48 286 506 653 674 155 626 658 584 551 149 611 680 682 115 690 774 224 555 697 298 329 72 574 384 188 631 560 104 261 275 398 596 374 
196 186 212 199 336 197 247 140 495 237 547 426 435 298 78 503 471 133 283 348 94 279 81 318 421 516 280 195 620 296 340 261 67 565 448 259 237 425 301 383 205 305 342 261 444 195 501 128 622 472 249 157 326 388 529 401 246 385 262 226 256 270 427 381 328 360 414 567 492 173 318 312 526 343 220 179 136 224 117 488 173 136 422 317 284 497 449 391 287 298 80 508 543 277 55 316 193 280 364 384 241 340 277 501 445 130 234 108 534 540 465 100 526 580 369 356 319 564 478 665 307 484 567 406 452 489 164 347 173 372 466 403 472 505 206 204 413 235 583 392 
32 348 287 305 172 348 345 301 657 391 653 308 569 142 174 446 365 91 433 512 257 442 239 259 275 590 134 351 691 455 496 216 188 619 426 149 94 556 239 540 171 396 378 167 604 294 606 173 688 576 89 85 462 538 449 446 270 275 218 341 203 427 589 239 296 523 570 640 444 235 269 442 535 334 61 221 296 233 251 650 169 225 570 232 131 532 609 554 253 147 100 609 421 183 215 478 112 409 354 352 367 183 409 383 495 81 385 106 647 554 345 230 553 621 227 279 482 630 374 744 452 369 448 569 485 367 242 472 320 275 606 560 439 570 368 249 570 144 671 512 
275 222 389 366 388 323 414 252 543 216 404 362 337 385 101 365 385 158 242 372 186 301 225 211 402 348 381 309 451 383 433 161 112 389 290 232 343 322 201 356 130 148 164 402 509 366 358 304 451 328 330 173 239 333 409 223 84 317 425 386 415 259 426 360 192 419 499 399 348 15 200 214 350 518 272 39 180 399 101 483 99 314 356 238 308 318 431 436 164 312 230 361 470 223 162 318 335 182 205 237 392 358 186 429 267 167 353 264 401 363 400 269 348 402 353 256 342 393 389 501 427 407 489 421 274 421 16 236 309 292 379 485 317 333 240 383 383 376 424 270 
205 190 179 166 344 176 214 128 484 248 571 451 452 299 111 535 498 159 294 346 97 279 65 349 440 545 279 178 649 281 323 292 99 596 482 283 236 443 331 389 236 334 375 247 430 162 526 100 651 497 254 181 343 399 559 433 280 411 240 195 235 277 427 401 361 350 397 597 525 206 349 332 559 314 233 212 144 196 142 487 205 103 434 346 300 529 452 382 319 315 77 533 568 304 69 319 182 301 397 417 212 355 297 527 477 154 213 97 557 573 490 69 559 612 389 385 317 594 506 693 284 510 593 403 485 514 196 369 150 399 481 387 505 535 208 173 419 222 610 414 
236 306 425 414 326 390 462 321 631 306 460 272 416 338 141 292 296 129 332 461 255 389 281 122 317 379 342 380 476 463 513 71 161 401 234 154 309 399 111 446 54 209 161 384 594 410 414 324 472 385 286 132 324 421 327 229 54 227 423 439 411 349 516 276 115 505 581 427 279 77 114 297 324 529 221 53 260 413 180 574 50 349 442 148 240 314 521 524 78 241 238 414 380 138 220 408 322 268 151 169 450 285 272 339 278 140 423 270 462 341 309 315 337 403 270 167 431 415 300 533 499 317 399 511 267 331 100 314 373 202 460 568 257 356 325 408 473 359 464 342 
345 445 576 567 386 541 615 471 759 428 467 218 480 425 294 142 206 264 443 585 405 518 434 88 306 349 439 530 428 607 656 122 314 337 88 211 415 461 104 551 173 266 145 503 729 563 427 471 418 403 381 257 412 513 192 193 139 184 555 593 541 470 629 275 41 639 722 386 126 216 71 383 209 667 316 199 403 556 324 681 196 500 525 137 301 236 625 654 86 292 383 422 292 173 372 528 450 361 44 16 603 323 369 258 233 275 573 412 481 230 243 468 244 322 276 105 557 367 205 491 648 235 303 631 195 257 238 385 525 152 527 708 105 317 462 556 574 481 442 397 
337 314 34 73 449 189 56 222 477 387 744 626 600 379 324 740 681 352 431 405 259 367 207 550 588 742 347 210 844 283 296 496 310 800 693 462 319 596 531 487 440 531 586 259 411 63 703 146 849 675 359 368 499 520 756 642 493 592 190 90 201 396 490 555 569 364 357 792 732 418 554 498 772 167 376 425 298 116 338 543 413 110 559 538 444 739 529 403 526 462 233 711 740 491 264 411 238 472 609 626 124 489 465 701 683 344 204 213 724 785 663 154 770 819 542 582 387 793 690 882 224 687 767 455 696 686 406 537 171 587 616 354 715 736 321 73 513 251 797 583 
453 426 626 604 519 550 651 480 708 387 330 364 374 547 336 226 345 350 387 536 418 478 461 226 452 204 555 534 282 589 638 235 349 193 120 338 526 355 237 479 266 187 74 604 690 603 292 535 272 272 498 351 333 431 299 58 172 331 644 622 631 423 561 421 168 603 695 240 200 240 206 306 113 746 432 237 400 629 330 606 270 550 433 277 432 96 548 609 199 426 454 286 428 305 398 476 543 295 105 144 624 462 305 397 88 361 576 487 348 126 387 506 116 186 420 251 512 221 342 345 647 376 434 572 51 399 252 295 540 299 421 680 151 170 439 617 497 580 297 292 
336 170 392 360 458 293 406 224 477 147 352 437 266 447 137 422 457 222 168 304 167 236 216 283 478 320 440 276 424 334 383 236 134 376 335 307 399 251 275 281 206 108 185 447 448 362 306 325 427 276 393 241 164 257 473 226 145 392 459 372 451 189 353 436 256 359 444 371 402 90 270 140 371 540 338 115 142 422 85 409 174 322 280 313 380 322 356 372 234 385 267 311 543 299 161 248 379 107 255 294 371 431 110 502 263 229 318 300 343 380 474 269 356 397 429 328 276 370 461 467 388 481 561 351 283 495 72 166 286 366 306 430 366 312 184 396 308 421 385 205 
481 546 707 694 511 657 742 587 841 515 452 301 512 557 420 107 261 401 519 668 521 606 557 220 404 314 572 643 364 710 759 259 438 269 49 344 551 493 238 616 309 322 196 639 819 691 420 605 350 404 515 394 470 569 182 196 253 283 692 718 678 553 697 383 178 731 820 336 81 332 206 442 107 804 451 320 511 692 435 744 329 631 572 262 429 175 686 740 222 418 518 412 331 305 494 609 587 429 132 122 725 443 439 310 211 411 686 548 476 127 311 595 162 238 387 219 643 312 254 429 760 291 331 707 159 317 350 433 644 256 559 805 42 278 560 690 635 618 402 430 
376 36 316 269 513 175 310 119 350 51 403 547 263 483 179 555 576 283 98 182 100 110 149 403 570 415 467 154 514 198 247 350 160 484 471 396 424 257 391 197 306 218 319 444 315 277 362 288 521 336 432 306 158 202 603 354 275 502 431 271 428 84 249 527 385 225 309 464 537 203 393 157 502 485 393 226 52 375 105 310 269 261 238 424 449 446 266 243 357 459 267 372 659 400 132 137 378 134 390 428 260 504 126 617 383 285 192 292 382 510 585 202 482 513 518 448 152 468 581 546 258 596 679 236 412 608 180 196 178 480 287 294 502 416 48 336 227 419 460 242 
213 492 272 325 233 424 337 413 743 554 862 473 757 158 372 651 538 316 601 635 402 576 358 474 397 812 131 439 913 537 562 438 377 844 646 352 143 747 455 691 397 610 604 62 680 308 816 220 912 786 182 312 647 705 638 672 496 455 94 359 86 581 720 379 518 616 631 862 654 453 487 633 761 181 242 443 450 170 436 779 395 268 741 437 280 758 750 654 476 297 243 820 568 390 374 618 130 601 578 572 395 299 598 537 720 305 454 213 852 779 501 316 780 848 367 485 609 854 548 965 497 531 596 691 711 520 455 668 396 466 787 626 656 794 509 221 721 88 889 711 
403 294 517 488 501 423 535 355 575 253 286 410 270 510 238 334 412 287 253 402 296 343 344 251 477 211 510 405 313 455 504 227 244 253 234 326 474 251 252 351 228 57 71 538 555 490 240 440 313 212 456 298 207 308 397 96 122 369 563 502 553 288 432 439 203 469 560 261 310 147 232 178 243 654 393 158 272 536 211 480 213 444 317 296 414 192 423 475 205 414 368 240 499 303 285 343 472 163 170 217 501 457 172 462 134 297 446 402 291 252 442 394 226 269 435 292 378 255 412 365 516 440 512 440 154 459 149 176 416 338 317 545 267 195 305 516 372 512 292 188 
321 547 608 614 303 617 659 551 873 547 623 70 628 363 366 147 55 293 570 702 486 631 501 119 174 503 386 610 575 700 749 172 388 482 200 180 377 609 130 683 222 412 299 472 835 605 582 494 563 558 334 274 551 651 122 348 260 62 540 645 523 590 756 158 155 745 819 537 160 319 132 522 333 658 283 295 499 562 420 812 259 537 667 105 236 380 758 766 167 220 407 578 142 149 446 649 436 497 199 155 664 230 503 104 387 300 652 428 637 354 88 521 380 459 165 74 673 516 58 640 727 81 158 752 344 102 342 530 595 54 675 806 188 469 566 576 708 456 596 547 
162 222 209 205 302 222 252 171 527 273 576 406 469 262 93 497 454 115 318 383 129 315 109 309 394 539 244 223 643 326 368 253 90 584 450 238 201 458 291 419 197 330 355 227 474 199 530 110 643 500 214 136 359 423 518 417 254 366 235 236 227 306 462 355 326 392 443 590 489 187 311 345 535 323 188 188 172 205 148 523 170 134 458 303 255 511 485 424 283 269 45 536 523 260 91 352 159 312 367 382 256 310 309 482 462 109 259 76 565 550 445 113 539 596 343 344 354 586 462 689 330 465 548 441 466 468 181 379 196 356 501 432 471 526 242 192 449 201 609 423 
366 327 518 496 452 445 544 375 625 297 343 346 335 468 229 275 347 255 305 452 311 388 353 188 417 250 472 429 347 491 541 170 241 273 181 273 438 316 191 409 182 120 34 510 601 495 299 430 343 272 415 261 267 369 335 101 75 305 544 515 532 336 488 379 138 513 601 297 253 133 169 238 221 642 351 133 296 525 224 539 176 443 380 235 364 191 482 523 144 362 351 297 434 246 291 393 446 219 108 154 518 403 227 397 149 265 472 385 351 234 377 398 219 279 376 227 425 285 347 404 544 375 447 493 146 394 145 239 434 274 382 586 212 226 341 511 431 485 338 253 
290 544 584 594 261 604 638 541 871 550 650 34 644 324 357 190 64 275 576 703 478 631 488 128 132 533 348 599 610 693 740 172 380 517 239 155 342 626 133 690 215 428 323 437 831 585 607 470 599 582 298 254 562 661 160 377 270 25 507 626 490 593 760 115 175 742 812 570 203 321 145 534 372 626 251 296 494 533 417 818 253 516 680 96 198 416 765 764 177 181 385 604 137 130 436 652 405 507 228 186 647 189 512 96 417 281 640 403 661 393 66 503 417 497 122 85 673 550 73 674 714 76 160 755 378 87 343 545 581 41 691 799 229 501 564 550 716 422 626 565 
232 578 538 562 137 603 600 549 901 602 768 129 736 212 384 343 190 282 637 743 495 671 489 241 27 664 243 604 748 705 749 257 405 658 388 170 254 719 234 751 271 526 443 343 852 550 723 427 739 696 211 258 641 733 302 505 363 141 421 599 404 643 812 45 299 767 823 705 357 386 262 615 522 538 196 362 524 465 458 872 303 482 758 191 127 557 825 795 280 111 358 722 199 181 451 700 332 584 361 327 625 77 587 173 550 282 639 363 775 543 142 487 563 642 49 215 713 687 201 811 709 174 227 799 516 156 405 633 576 170 779 812 381 634 598 495 779 335 756 662 
434 591 701 698 430 683 745 614 906 576 573 193 612 488 432 23 140 382 589 732 547 665 572 184 298 439 509 673 494 752 802 240 453 399 124 289 496 593 203 695 296 404 277 590 876 692 537 591 480 517 455 368 553 655 54 302 286 189 653 727 637 617 774 286 178 787 868 464 49 362 182 524 237 770 398 342 549 667 469 825 327 627 664 204 359 303 768 801 215 344 502 530 202 252 512 675 548 505 178 134 740 358 513 184 328 391 716 527 593 256 193 601 292 368 293 156 705 440 131 559 791 168 201 777 278 194 383 523 665 172 659 855 96 402 609 675 717 571 529 529 
213 454 495 503 224 512 547 448 782 465 601 114 576 271 265 234 155 183 494 615 385 543 395 77 159 498 289 507 585 601 648 94 288 497 243 69 274 559 67 608 126 363 276 368 740 494 557 382 576 530 234 162 487 584 231 339 200 70 432 535 416 507 676 121 135 651 720 540 237 238 97 460 372 550 176 213 403 451 328 734 163 425 605 26 143 397 683 675 114 131 295 555 229 38 344 566 327 431 199 173 554 160 435 187 385 189 547 316 609 393 153 411 407 485 118 69 585 523 163 647 622 168 252 668 354 176 259 475 488 58 621 708 246 468 474 464 635 350 590 500 
510 464 677 652 575 592 699 524 729 418 304 410 375 604 388 250 385 406 411 561 463 507 508 280 502 168 613 575 233 624 672 291 399 141 148 395 583 356 292 495 323 214 124 661 716 652 273 589 222 258 555 408 351 443 325 74 227 379 700 669 687 451 578 472 222 632 725 196 222 292 260 325 77 800 489 291 441 683 376 619 327 602 440 331 488 40 560 635 255 481 509 264 464 360 447 501 600 320 157 191 669 516 330 437 65 417 616 542 328 82 429 556 60 129 473 302 539 174 381 297 686 416 468 592 16 440 302 307 584 348 420 710 174 132 474 670 510 636 258 295 
568 220 508 455 699 343 487 311 315 152 256 682 85 678 362 628 695 461 106 174 304 168 352 523 727 334 665 320 410 294 327 482 348 419 527 556 622 93 518 78 455 236 364 648 320 466 232 493 424 218 625 483 89 18 691 360 381 637 635 446 633 133 156 685 486 257 351 370 604 339 508 118 503 683 577 364 257 577 285 192 423 461 34 559 625 426 134 241 474 632 469 245 782 548 334 130 581 144 463 510 425 678 139 743 364 466 341 495 224 503 717 404 462 461 678 568 169 385 697 419 378 721 798 181 410 737 320 120 357 610 88 336 559 353 208 535 85 623 337 135 
475 456 655 633 535 580 681 510 735 416 339 368 395 567 364 214 344 374 414 564 448 507 490 239 460 206 576 564 275 619 668 253 377 183 110 356 547 376 252 505 289 215 104 628 718 632 304 563 264 286 518 375 359 455 288 80 199 337 669 652 656 451 587 430 182 632 724 237 187 269 219 332 84 772 452 265 430 656 360 631 295 579 456 289 448 81 573 637 216 441 481 297 424 320 428 504 568 323 116 148 654 475 333 396 95 385 606 513 360 97 388 535 94 169 431 259 541 216 340 339 677 375 429 599 45 399 282 319 570 306 441 709 138 170 468 645 522 603 298 313 
428 200 177 121 561 66 125 137 299 265 622 684 462 503 317 748 729 391 299 235 203 213 178 571 672 649 475 82 747 105 117 513 295 720 679 516 438 463 554 327 458 452 542 406 234 138 586 245 755 562 468 414 376 370 781 584 472 643 353 90 360 257 317 633 572 184 185 697 734 392 567 384 729 346 461 409 216 277 288 366 424 188 408 574 529 679 358 224 534 545 299 597 801 535 236 253 362 366 594 623 55 583 357 759 617 387 43 299 596 739 723 169 713 748 621 611 222 703 736 774 54 742 825 279 642 746 373 421 85 629 469 180 706 652 196 225 350 390 688 466 
538 195 485 433 668 323 467 287 325 125 262 653 96 648 332 604 668 431 78 172 277 153 326 495 698 327 635 300 409 283 320 453 318 411 504 526 592 98 490 86 425 212 341 619 324 444 233 466 421 215 595 453 62 38 666 340 353 609 609 426 606 111 169 656 459 254 349 366 581 310 480 92 486 659 547 334 229 551 255 211 393 436 64 530 595 411 153 243 446 602 440 245 755 519 305 121 553 115 438 484 406 648 110 715 348 436 324 467 233 487 689 378 448 451 648 540 162 380 670 423 365 693 771 188 393 709 290 101 336 581 110 334 536 343 185 511 102 594 338 125 
450 159 233 175 588 72 187 126 249 215 566 688 402 535 311 733 728 397 245 170 191 152 183 564 686 602 510 69 696 44 76 506 288 675 658 523 470 404 549 263 454 412 512 449 189 191 531 282 706 509 495 421 322 308 772 549 453 645 403 149 408 201 252 646 558 125 150 648 717 375 558 333 696 407 480 394 189 329 267 303 418 227 346 573 547 641 293 164 523 562 320 542 804 538 231 191 399 319 574 606 117 602 310 762 578 395 39 327 538 705 727 193 677 706 634 606 157 656 735 721 63 744 828 215 607 751 354 369 101 629 407 141 686 606 150 278 285 430 635 412 
554 204 493 440 685 327 472 295 311 137 267 673 97 664 348 623 687 448 91 164 289 154 337 515 716 339 650 305 418 281 315 472 334 424 523 545 607 103 509 72 444 231 360 633 313 451 241 477 431 225 611 470 82 19 685 358 372 628 620 431 618 117 153 674 478 246 341 377 599 328 499 111 503 667 564 353 241 562 271 193 411 446 49 549 613 427 135 233 465 620 454 253 774 538 319 117 566 135 457 503 410 666 129 734 364 453 326 480 236 503 708 388 464 464 667 559 157 391 689 429 364 712 790 174 410 728 309 118 342 600 103 326 555 357 193 520 84 607 346 138 
211 459 231 284 255 386 296 377 703 523 839 487 728 178 351 656 550 304 569 598 371 541 325 474 417 795 147 401 897 498 522 434 353 831 644 354 147 719 455 657 390 589 592 53 640 268 793 185 896 763 191 303 619 673 648 659 484 465 53 319 46 548 683 396 515 578 590 845 657 435 486 606 754 149 245 427 418 129 411 742 383 230 709 441 291 747 715 616 471 309 219 798 586 393 345 583 111 574 573 570 354 317 571 554 707 293 415 187 828 772 517 280 771 836 384 488 573 838 561 947 457 546 614 654 701 537 436 642 358 474 757 586 656 778 475 180 687 74 869 686 
266 326 458 446 349 418 494 348 647 318 442 268 410 366 172 264 285 163 340 475 281 404 311 110 324 353 371 407 449 486 535 72 191 371 201 171 339 393 105 453 80 197 131 417 613 442 396 358 444 368 314 164 324 423 305 200 34 224 458 470 445 361 526 284 89 523 602 400 250 95 97 296 290 563 249 75 282 448 202 582 84 382 442 147 261 282 528 540 62 260 273 396 371 148 249 420 356 269 117 139 480 302 274 330 249 173 450 304 446 307 304 347 304 371 280 156 446 387 288 507 525 308 388 523 235 324 117 309 401 196 456 589 225 328 344 442 479 392 441 334 
388 495 627 619 416 594 667 523 806 476 484 219 512 461 347 92 192 314 488 632 457 565 487 125 317 357 477 582 425 657 707 169 366 332 53 249 456 493 144 593 223 303 176 546 778 615 446 522 413 424 420 304 451 553 152 209 190 194 601 645 586 516 672 292 92 688 772 389 74 268 113 422 186 714 357 251 454 605 375 723 248 552 562 166 334 230 666 701 135 323 433 440 273 210 425 574 496 403 76 36 656 349 411 244 242 324 625 461 501 207 236 520 230 310 295 124 605 367 188 490 700 223 280 676 197 247 289 421 577 164 559 758 56 322 511 606 615 525 449 429 
127 364 198 235 225 315 264 291 636 423 730 420 624 157 241 568 480 198 470 514 273 452 233 381 369 685 127 326 788 428 461 336 244 722 546 269 95 614 361 564 288 480 484 72 576 220 684 104 787 654 136 201 515 574 569 551 377 392 97 273 83 452 598 339 417 505 533 736 566 326 390 501 651 212 166 319 319 119 304 657 277 161 610 354 228 641 626 541 372 246 111 689 529 305 242 493 14 468 471 473 305 269 465 492 598 188 348 80 720 669 454 197 665 729 327 401 487 729 490 838 403 481 556 571 594 476 326 535 286 394 655 526 561 669 382 150 594 47 760 579 
151 232 215 213 291 233 259 182 538 282 580 397 475 252 94 491 445 107 327 394 139 325 120 302 384 541 235 234 644 337 379 247 94 585 445 228 192 465 284 428 191 333 354 221 485 206 534 112 645 505 203 127 366 432 511 417 252 357 232 245 223 315 472 344 320 403 453 592 483 187 305 351 533 323 177 186 181 205 154 533 165 140 466 295 244 510 495 435 277 259 38 540 513 251 100 362 152 318 363 377 265 299 316 472 462 100 270 71 570 548 435 122 538 596 333 336 364 587 453 692 340 456 538 451 465 459 182 385 206 347 508 443 466 527 252 196 458 194 612 429 
386 301 80 72 504 164 24 213 426 373 734 671 582 435 346 772 724 389 414 370 263 340 215 585 638 743 404 186 844 241 247 529 329 806 719 504 374 580 566 459 472 535 602 317 360 76 695 191 850 668 412 407 487 496 793 654 515 634 249 61 260 376 453 604 599 320 304 793 763 438 586 489 789 216 424 447 296 175 348 502 443 143 535 576 493 751 493 359 557 511 273 704 786 531 277 383 293 466 634 655 83 541 458 746 693 381 169 258 711 802 708 171 783 828 591 619 355 795 732 878 173 731 812 415 709 731 423 528 154 627 595 303 743 740 305 129 483 308 792 574 
419 388 585 563 493 510 611 440 675 351 330 355 355 517 295 241 343 313 353 503 377 442 420 207 437 215 523 494 302 551 600 207 308 220 137 312 492 336 216 450 233 156 34 568 655 562 289 496 296 266 466 316 305 404 310 56 134 318 606 581 594 388 531 403 149 568 658 257 216 200 187 276 154 707 400 197 360 589 290 578 234 510 410 258 405 129 520 575 173 400 415 285 428 280 358 443 506 263 93 139 584 438 272 395 101 324 536 448 344 167 381 465 154 219 402 238 478 241 341 364 607 373 437 540 83 395 212 269 500 286 402 643 170 185 401 577 469 544 307 272 
496 218 502 457 618 359 497 307 419 148 215 575 106 608 293 510 583 382 117 257 275 217 329 415 628 244 599 337 335 347 390 378 285 324 408 462 558 91 411 183 359 119 246 599 412 465 175 460 345 149 553 401 42 133 574 243 273 531 601 458 595 162 266 587 373 335 431 288 486 246 398 30 389 667 499 269 231 553 224 308 330 442 140 454 539 315 250 330 366 544 417 185 671 449 291 199 531 59 346 393 444 589 64 632 251 389 369 448 197 390 609 384 352 361 581 458 240 298 585 361 424 610 685 282 295 628 231 8 365 502 149 416 441 255 217 519 200 573 275 55 
475 163 452 404 603 302 442 254 369 90 270 585 130 586 269 542 600 366 57 202 230 158 282 427 629 303 575 280 395 287 331 384 257 382 444 458 532 122 421 142 357 152 280 565 357 413 232 419 405 207 532 387 23 106 601 288 285 540 561 403 557 102 223 587 392 277 373 348 519 241 412 35 438 620 483 266 183 509 194 272 325 395 129 462 529 367 215 275 378 535 384 242 687 450 252 142 498 48 374 420 388 581 42 647 302 372 311 413 247 440 621 337 404 418 580 472 182 357 602 420 364 625 703 233 343 641 222 68 310 513 162 358 476 313 160 471 164 540 333 111 
546 193 347 289 685 181 298 212 143 214 518 760 348 638 381 777 793 478 222 87 264 124 275 622 770 580 614 169 666 70 72 567 358 661 691 600 573 355 610 190 520 418 534 559 95 305 491 391 678 473 595 502 295 246 824 558 496 715 516 262 521 181 152 728 607 11 94 622 758 424 614 314 709 520 572 446 242 443 320 194 482 338 279 639 637 643 196 50 577 650 418 503 874 610 307 138 506 312 611 649 228 692 302 832 579 477 153 429 487 714 799 298 680 697 718 666 97 634 799 681 141 812 895 112 615 822 401 344 210 695 340 79 722 592 174 392 203 539 597 379 
441 211 478 438 559 351 481 291 459 152 248 511 168 553 243 453 520 326 140 290 248 237 301 351 565 239 546 331 339 360 407 314 238 309 353 400 506 151 348 232 297 61 190 553 444 444 203 424 345 173 498 343 88 189 515 198 209 467 561 444 554 180 313 524 311 361 455 288 429 186 335 59 349 635 442 208 209 519 181 361 270 413 202 390 479 282 304 363 302 483 371 209 608 386 255 229 484 49 287 333 435 528 59 569 217 333 368 404 237 352 545 356 318 340 518 395 267 292 522 375 430 547 623 323 254 564 172 66 352 438 212 440 386 241 216 489 252 526 290 99 
74 400 372 388 137 421 429 367 720 431 650 223 588 150 209 372 281 105 469 566 314 494 307 193 196 570 160 421 666 523 567 163 228 587 366 71 138 573 175 581 137 394 349 230 670 377 603 258 661 574 102 82 485 571 368 417 245 191 293 423 277 471 638 157 240 586 641 617 373 236 207 462 485 411 38 216 346 316 286 699 154 308 599 157 60 493 653 615 200 72 179 604 336 109 271 525 189 429 303 292 448 116 431 297 466 103 458 191 649 505 259 307 511 583 145 205 535 605 290 724 528 284 363 622 447 282 251 487 394 193 628 630 375 546 420 335 611 211 656 522 
629 395 677 633 734 536 674 484 551 325 51 634 157 738 440 509 624 512 290 411 447 386 501 479 709 112 736 514 172 518 557 461 438 197 403 560 697 145 483 316 462 205 276 751 559 640 9 626 186 28 684 526 212 256 582 228 357 595 762 635 755 334 391 671 425 492 588 135 482 367 459 207 327 837 623 384 405 721 383 413 444 613 234 527 648 244 359 480 436 649 571 7 709 537 456 359 682 231 374 420 622 692 238 676 200 521 546 604 64 319 661 556 273 244 668 515 400 155 622 185 597 654 717 419 252 676 360 168 542 563 188 573 433 144 394 690 318 724 100 123 
316 158 369 338 441 275 384 205 474 146 375 432 284 428 114 428 456 204 173 302 146 232 194 281 468 344 420 259 448 322 372 231 110 399 346 295 378 270 272 287 196 132 201 424 442 340 329 301 450 299 373 224 179 267 476 246 148 387 435 351 428 189 356 426 259 352 435 395 410 82 270 157 388 516 321 107 125 398 61 414 162 298 293 308 365 342 362 368 234 371 244 335 540 291 137 248 356 124 264 301 351 417 125 499 284 210 301 276 365 398 470 246 376 419 418 326 273 394 459 491 373 478 559 351 303 491 61 186 266 362 323 421 376 336 174 373 315 398 409 226 
2758 1624 847 483 3661 630 455 1057 2499 2114 4641 4648 3556 3220 2184 5215 4984 2611 2387 2044 1477 1841 1204 3934 4508 4760 3024 791 5460 1148 1232 3528 2044 5222 4781 3465 2779 3549 3815 2667 3143 3332 3878 2492 2044 595 4375 1421 5502 4200 3010 2758 2912 2940 5411 4214 3332 4375 2086 224 2142 2107 2625 4242 3983 1708 1673 5103 5131 2779 3927 2940 5201 2002 3010 2870 1645 1554 2086 2975 2912 1022 3206 3920 3493 4886 2905 1988 3703 3612 1883 4445 5460 3626 1645 2135 2226 2793 4186 4361 35 3857 2737 5180 4466 2569 630 1841 4473 5278 4921 1015 5124 5404 4158 4193 1932 5131 5040 5677 735 5061 5642 2366 4613 5082 2660 3206 623 4298 3626 1652 4956 4753 1631 1197 2835 2394 5068 3528 
4354 2961 4872 4592 5033 3955 4893 3556 4221 2492 630 4207 1470 5103 3101 3241 4102 3535 2282 3192 3262 2975 3633 3150 4767 378 5103 3808 882 3892 4186 3066 3108 973 2513 3787 4844 1372 3192 2562 3129 1435 1729 5264 4256 4634 469 4459 959 490 4725 3619 1743 2142 3759 1330 2373 3948 5390 4627 5327 2597 3101 4515 2758 3759 4431 574 3052 2534 3010 1666 1911 5950 4284 2632 2989 5131 2758 3276 3031 4403 2009 3500 4424 1330 2891 3689 2870 4417 4025 392 4690 3605 3283 2814 4788 1792 2373 2681 4550 4704 1848 4473 1078 3605 4046 4263 819 1841 4382 4018 1526 1295 4501 3388 3101 686 4088 1099 4438 4319 4732 3283 1428 4480 2513 1407 3976 3724 1715 4326 2709 616 2975 4935 2590 5075 518 1127 
1100 1965 760 1025 1505 1550 1090 1535 3125 2300 3950 2560 3345 1125 1550 3305 2865 1430 2530 2620 1545 2350 1295 2365 2275 3785 965 1630 4300 2100 2220 2135 1535 4000 3185 1815 880 3305 2270 2945 1885 2735 2830 480 2805 945 3725 600 4305 3575 1100 1460 2805 3040 3310 3155 2300 2425 130 1200 175 2410 3050 2140 2535 2505 2560 4040 3295 2005 2410 2755 3690 590 1295 1990 1780 250 1800 3340 1815 780 3225 2235 1585 3615 3215 2695 2315 1680 900 3755 3090 1995 1445 2570 525 2600 2800 2820 1375 1765 2580 2915 3385 1375 1685 730 3880 3775 2725 1050 3745 4050 2075 2475 2500 4015 2915 4535 1890 2865 3230 2895 3385 2830 1990 2940 1415 2435 3480 2535 3265 3715 2035 505 3090 480 4130 3165 
549 3600 3258 3420 1170 3744 3780 3276 6462 3897 5931 2106 5346 1233 1899 3474 2637 972 4248 5094 2817 4446 2727 1863 1818 5229 1314 3753 6102 4680 5067 1584 2061 5391 3420 765 1107 5211 1701 5256 1332 3627 3240 1935 6003 3321 5508 2232 6057 5247 792 783 4410 5166 3438 3861 2304 1836 2520 3735 2367 4248 5751 1476 2286 5247 5733 5661 3483 2196 1989 4212 4491 3582 216 2016 3114 2736 2592 6300 1467 2691 5427 1539 549 4554 5895 5517 1926 675 1548 5526 3114 1116 2421 4734 1584 3915 2853 2754 3969 1053 3924 2772 4302 936 4077 1638 5922 4662 2430 2709 4716 5364 1368 1971 4815 5544 2718 6615 4698 2655 3357 5598 4140 2637 2313 4437 3501 1863 5706 5634 3501 5013 3780 2916 5517 1773 6003 4761 
3825 387 2871 2394 5067 1404 2700 1116 2601 558 3762 5472 2358 4752 2124 5544 5742 3042 855 1107 1224 450 1557 4185 5652 4041 4590 1197 4896 1314 1737 3699 1935 4707 4770 4095 4203 2340 4077 1431 3303 2385 3375 4293 2286 2493 3429 2817 4977 3213 4311 3258 1539 1629 5976 3636 3024 5067 4095 2331 4086 504 1773 5274 4023 1476 2250 4455 5373 2385 4095 1620 4986 4455 3996 2592 864 3528 1494 2322 2970 2484 1980 4365 4527 4446 1980 1629 3771 4635 2763 3528 6480 4140 1584 783 3726 1503 4050 4392 2160 5031 1413 6102 3870 3051 1449 2961 3537 5049 5823 1980 4770 4995 5184 4590 828 4527 5778 5121 1944 5922 6669 1611 4158 6021 2178 1953 1521 4869 2484 2115 5049 4086 216 3132 1692 4077 4347 2349 
2590 1290 2700 2410 3950 1970 2890 1270 4540 1640 4670 4440 3550 3670 650 4850 4800 1660 2080 2940 600 2220 980 3130 4570 4440 3530 1860 5480 2720 3200 2560 430 4980 4160 2850 3100 3450 2980 3140 2050 2320 2880 3400 4100 2420 4230 2040 5510 3930 3150 1910 2460 3130 5210 3410 2090 4000 3420 2590 3360 2010 3660 4150 3080 3220 3910 4950 4700 1290 3070 2320 4760 4170 2750 1450 750 2990 380 4270 1680 1980 3460 3250 3320 4380 3840 3470 2720 3430 1580 4290 5590 2940 370 2540 2720 1990 3310 3590 2640 3880 1960 5170 3820 1680 2290 1880 4540 4890 4830 1460 4700 5170 4050 3550 2640 4940 4860 5900 3040 4970 5810 3510 3960 5060 1120 2670 1810 3810 3870 3780 4430 4360 1490 2730 3440 3140 5070 3120 
285 1945 1770 1855 695 2030 2060 1770 3540 2115 3255 1205 2925 710 1005 1945 1495 490 2315 2775 1515 2420 1465 1035 1055 2880 745 2035 3365 2545 2760 870 1095 2975 1895 435 615 2850 940 2870 715 1975 1775 1070 3285 1800 3025 1200 3340 2875 455 390 2405 2825 1930 2120 1250 1045 1380 2030 1300 2310 3140 865 1265 2865 3135 3115 1945 1180 1100 2295 2485 1970 125 1080 1680 1490 1390 3445 780 1455 2970 865 355 2515 3225 3015 1055 425 815 3030 1770 625 1295 2580 855 2130 1570 1530 2155 635 2135 1575 2365 470 2215 865 3250 2580 1385 1455 2605 2965 805 1105 2625 3055 1540 3650 2565 1510 1905 3060 2280 1500 1240 2420 1895 1055 3125 3080 1945 2760 2050 1585 3015 970 3305 2600 
1775 2395 3000 2965 1915 2860 3205 2510 3970 2320 2485 970 2570 2140 1615 545 875 1420 2395 3105 2180 2765 2315 465 1445 1875 2220 2805 2240 3200 3450 695 1715 1780 420 1080 2120 2475 560 2935 970 1505 895 2570 3820 2940 2285 2465 2185 2170 1935 1370 2240 2745 780 1105 865 825 2850 3100 2775 2525 3325 1310 330 3370 3780 2045 490 1245 410 2095 1080 3415 1620 1150 2180 2875 1780 3585 1105 2625 2805 665 1505 1270 3305 3445 540 1450 2020 2260 1300 885 2010 2820 2320 1985 380 140 3160 1585 2025 1135 1295 1470 3025 2160 2560 1185 1080 2475 1285 1680 1320 465 2965 1945 865 2560 3400 1025 1350 3330 1085 1140 1355 2105 2775 675 2810 3710 445 1705 2480 2885 3050 2465 2340 2160 
684 1668 1740 1752 1470 1836 2028 1488 3594 1878 3408 1914 2910 1356 552 2496 2196 168 2124 2664 1158 2238 1140 1356 1884 3066 1308 1824 3672 2424 2694 1032 654 3264 2262 906 1068 2832 1242 2784 702 1878 1836 1434 3300 1710 3132 1086 3666 2952 1032 288 2268 2742 2592 2238 1188 1674 1638 1944 1566 2112 3102 1638 1494 2784 3132 3366 2454 912 1380 2148 2844 2274 744 846 1350 1590 1020 3468 600 1302 2928 1296 1092 2772 3210 2958 1230 1164 552 3150 2610 1032 894 2430 1044 1950 1788 1836 2064 1422 1950 2364 2520 126 2052 726 3378 2946 2148 1200 2916 3300 1572 1548 2484 3318 2244 3984 2490 2262 2760 3006 2490 2286 948 2322 1686 1608 3138 3066 2376 2952 1794 1596 2958 1278 3534 2562 
6090 2660 3860 3300 7480 2350 3300 2770 910 2860 5700 8310 3990 6970 4510 8500 8650 5460 2900 1440 3330 1950 3390 6950 8380 6420 6720 2270 7240 1230 910 6400 4290 7240 7630 6700 6320 4080 6820 2370 5920 4880 6060 6100 260 3460 5470 4450 7370 5310 6560 5710 3590 2970 8970 6270 5690 7870 5610 2980 5670 2500 1780 7970 6800 700 430 6810 8310 4970 6860 3800 7780 5510 6370 5190 3140 4860 3920 2000 5540 3890 3250 7110 7030 7110 2210 730 6500 7170 4800 5590 9450 6810 3760 2020 5610 3800 6840 7220 2620 7580 3700 9040 6460 5450 2010 4880 5360 7830 8700 3550 7480 7620 7860 7390 1620 6950 8710 7340 1620 8840 9670 1400 6850 8930 4740 4070 2640 7670 3850 350 7940 6550 2470 4340 2430 5920 6520 4400 
2640 3132 4032 3966 2814 3768 4254 3348 4944 2976 2784 1584 3060 3090 2322 534 1368 2172 3018 3906 2946 3522 3150 1068 2190 1980 3180 3690 2340 4110 4410 1314 2430 1770 108 1812 3054 2946 1176 3624 1620 1860 1086 3588 4800 3942 2574 3408 2256 2460 2838 2124 2760 3360 978 1176 1332 1458 3912 4110 3822 3210 4110 2052 834 4266 4788 2142 372 1812 990 2586 834 4584 2460 1722 2910 3918 2442 4398 1752 3576 3396 1320 2322 1176 4056 4332 1098 2256 2880 2532 1824 1578 2772 3552 3282 2490 600 486 4164 2412 2544 1674 1320 2232 3948 3054 2910 960 1662 3372 1134 1608 2076 1062 3744 2004 1338 2730 4398 1554 1836 4152 1020 1704 1926 2550 3678 1290 3342 4698 84 1764 3222 3918 3750 3462 2526 2562 
648 3552 2520 2800 872 3352 3048 3072 5904 3944 6080 2640 5408 336 2248 4040 3144 1576 4296 4824 2808 4288 2576 2640 2096 5552 208 3416 6344 4256 4544 2392 2344 5744 4024 1656 176 5312 2496 5120 2120 4032 3816 848 5448 2688 5712 1720 6312 5472 288 1488 4552 5136 3936 4368 2960 2472 1464 3104 1320 4216 5472 1912 3024 4840 5128 5944 4064 2736 2760 4400 4976 2400 800 2616 3144 1848 2848 5960 2168 2184 5392 2336 1072 5016 5656 5112 2696 1216 1440 5736 3440 1960 2496 4592 816 4128 3520 3440 3352 1296 4128 3176 4760 1504 3640 1328 6048 5136 2880 2392 5168 5736 1816 2712 4600 5856 3232 6784 4120 3112 3664 5288 4640 3040 2800 4640 3120 2552 5704 5064 4096 5376 3704 2136 5360 776 6216 4960 
6260 2970 5870 5350 7530 4230 5670 3890 3700 2260 1900 7120 370 7380 4210 6340 7180 5160 1800 2490 3770 2490 4270 5520 7670 2920 7270 4000 3540 3730 4040 5160 4090 3790 5300 6000 6850 560 5490 1460 4970 2520 3730 7170 3850 5450 1760 5660 3700 1710 6840 5360 1330 930 7020 3530 4110 6690 7090 5270 7050 2120 2110 7260 5080 3300 4210 3200 6090 3830 5350 1550 4860 7600 6330 4070 3290 6530 3460 2280 4680 5380 570 5920 6750 4040 1760 3100 5030 6810 5360 1900 8060 5870 4030 2100 6490 1880 4760 5240 5050 7260 1870 7680 3460 5220 4220 5640 1550 4820 7460 4790 4390 4240 7190 5950 2470 3390 7190 3550 4570 7460 8190 2430 3970 7640 3670 1350 4370 6390 110 4080 5620 3180 2870 6120 1390 6910 2770 1200 
610 1615 925 1065 1210 1405 1240 1260 3010 1905 3440 2070 2905 905 1000 2740 2360 840 2135 2375 1150 2055 960 1795 1865 3230 775 1450 3745 1970 2145 1555 1010 3425 2600 1275 585 2855 1695 2610 1295 2195 2245 570 2715 995 3210 385 3740 3065 745 875 2360 2660 2775 2575 1715 1910 645 1255 590 2050 2790 1700 1950 2345 2510 3480 2725 1435 1835 2290 3100 1170 805 1410 1385 635 1305 3090 1225 670 2835 1685 1145 3030 2925 2525 1730 1235 345 3240 2630 1445 995 2260 245 2125 2210 2235 1405 1375 2110 2440 2810 790 1580 185 3390 3185 2250 805 3155 3470 1640 1915 2235 3450 2405 3990 1875 2380 2765 2660 2800 2365 1430 2460 1260 1905 3060 2470 2680 3150 1705 720 2760 445 3595 2680 
3375 5715 6075 6174 2898 6282 6570 5706 8658 5742 6363 729 6471 3537 4050 1665 324 3312 5958 7128 5139 6489 5238 1890 1476 5238 3780 6237 5823 7074 7497 2349 4257 4968 2421 2214 3789 6300 1980 6966 2772 4527 3483 4635 8307 6093 6003 5049 5706 5796 3384 3123 5778 6687 1098 3879 3159 1053 5292 6471 5139 6120 7623 1548 2214 7497 8145 5517 1872 3681 2016 5526 3555 6363 3015 3465 5274 5571 4572 8127 3105 5463 6831 1692 2484 4077 7641 7695 2331 2322 4293 5967 459 2016 4770 6660 4392 5292 2565 2142 6660 2268 5355 207 4203 3366 6606 4437 6507 3735 450 5373 4023 4725 1647 1485 6867 5319 324 6408 7272 180 603 7587 3789 333 3888 5589 6075 1188 6885 8028 2241 4923 5895 5751 7200 4518 6066 5733 
2960 850 2380 2000 4350 1390 2450 680 4010 1430 4810 5010 3510 3990 1220 5440 5390 2170 1890 2480 80 1790 620 3730 5100 4750 3810 1270 5770 2130 2610 3160 990 5360 4730 3400 3380 3440 3580 2840 2640 2650 3390 3530 3540 2040 4390 1980 5820 4100 3500 2420 2440 2930 5810 3870 2660 4580 3400 2110 3370 1710 3260 4680 3680 2670 3320 5250 5290 1870 3670 2370 5270 4000 3170 2040 380 2870 830 3870 2280 1750 3290 3840 3790 4830 3490 2950 3320 3920 1790 4470 6170 3510 480 2160 2880 2080 3880 4180 2110 4350 2020 5750 4240 2170 1700 2020 4640 5380 5410 1170 5160 5580 4580 4150 2180 5270 5450 6150 2450 5560 6390 3060 4430 5640 1670 2750 1270 4400 3780 3200 5000 4700 1050 2510 3140 3280 5300 3220 
2870 1820 3190 2985 3385 2530 3200 2245 2775 1485 545 2880 845 3415 1950 2285 2840 2290 1345 2015 2035 1845 2305 2105 3255 475 3405 2425 920 2495 2710 2015 1945 900 1755 2515 3215 760 2125 1580 2025 760 1095 3500 2780 3015 325 2905 965 210 3145 2355 960 1285 2650 865 1495 2685 3575 3010 3535 1565 1975 3065 1835 2415 2895 680 2150 1565 2005 895 1430 3970 2840 1645 1840 3380 1690 2125 1940 2860 1215 2345 2955 1015 1845 2375 1890 2960 2610 315 3265 2395 2060 1735 3160 985 1590 1820 2955 3170 1025 3100 755 2335 2595 2775 595 1400 3020 2580 1180 1110 3050 2285 1940 740 2830 1075 2875 2985 3310 2095 1020 3095 1535 715 2545 2525 1045 2820 1905 575 1830 3240 1615 3365 655 535 
2406 4128 4236 4332 1956 4458 4584 4086 6096 4170 4638 714 4692 2406 2994 1470 606 2466 4320 5088 3714 4656 3756 1620 972 3882 2580 4434 4272 5004 5292 1902 3132 3702 2004 1716 2622 4584 1662 5004 2154 3396 2712 3174 5844 4272 4398 3552 4188 4260 2352 2328 4224 4824 1056 2982 2472 984 3630 4542 3528 4422 5430 1104 1860 5316 5724 4068 1614 2796 1710 4056 2748 4338 2166 2646 3822 3858 3366 5772 2382 3852 4926 1446 1776 3108 5454 5448 1914 1662 3072 4368 120 1620 3462 4782 3066 3900 2106 1824 4674 1566 3930 300 3192 2490 4674 3156 4728 2868 480 3822 3066 3528 1182 1350 4908 3936 612 4662 5112 432 240 5400 2922 348 2928 4104 4308 1116 4974 5652 1872 3672 4248 4002 5160 3114 4440 4206 
4990 3710 6140 5810 5890 5080 6270 4420 6180 3180 2160 4670 2610 6040 3380 3440 4560 3850 3050 4520 3880 4030 4380 3160 5470 1140 6060 4880 2140 5260 5730 3050 3440 1540 2380 4090 5710 2420 3220 3820 3180 1180 1130 6380 6080 5840 1760 5390 2120 1550 5500 3940 2390 3290 4170 600 2110 4300 6640 5930 6540 3460 4640 5110 2600 5260 6210 1620 3180 2480 2950 2150 1910 7540 4860 2560 3580 6360 3060 5040 3090 5420 3260 3650 5010 1170 4460 5260 2760 4990 4690 1720 5410 3820 3810 3930 5720 2150 2060 2520 5890 5390 2250 5080 520 3950 5280 5030 2320 1910 4940 4900 1540 1770 5090 3500 4320 1540 4540 2680 5930 4860 5490 4800 990 5080 2500 1940 5040 3980 3060 6060 2690 940 3790 6150 3960 6120 2010 1810 
4112 1200 2704 2240 5224 1320 2376 1456 1432 1344 3848 5752 2496 4872 2728 5856 6008 3520 1424 480 1816 624 1960 4632 5856 4296 4696 1192 5000 576 800 4192 2552 4936 5160 4488 4360 2536 4536 1280 3824 2976 3904 4304 1104 2360 3616 2952 5096 3464 4512 3712 2016 1696 6232 4096 3608 5392 4008 2064 4032 1080 1136 5520 4496 384 1112 4640 5696 3040 4560 2160 5304 4112 4304 3216 1600 3432 2216 1560 3528 2560 1976 4776 4808 4784 1456 576 4272 4912 3104 3712 6656 4552 2168 784 3856 2128 4520 4832 1816 5256 2048 6320 4264 3520 1152 3216 3608 5344 6064 2192 5080 5224 5440 4984 456 4728 6048 5136 1248 6160 6824 848 4552 6240 2856 2408 1536 5224 2472 992 5408 4384 1040 3032 1424 4136 4456 2704 
4290 3258 4872 4638 4800 4104 4896 3756 4272 2850 936 3912 1908 4914 3300 2898 3762 3606 2670 3432 3492 3264 3804 3090 4452 618 4932 3978 90 4050 4296 3090 3318 636 2334 3720 4722 1836 3144 2868 3198 1884 1932 5118 4326 4668 1008 4482 210 1104 4596 3660 2208 2508 3354 1524 2556 3720 5262 4674 5202 2940 3312 4260 2742 3918 4494 318 2742 2772 2970 2142 1626 5772 4212 2832 3264 5064 3042 3426 3150 4464 2370 3396 4272 1230 3108 3846 2892 4254 4086 930 4230 3534 3498 3114 4722 2250 2364 2592 4614 4482 2298 4068 1242 3666 4182 4290 1158 1530 4032 4134 1284 870 4260 3246 3360 408 3732 330 4518 3948 4236 3480 1440 4092 2772 1920 4122 3528 2064 4404 2466 744 3264 4914 2874 4962 396 1674 
5280 1470 3900 3330 6670 2160 3560 2120 1980 1320 4120 7070 2420 6300 3390 7000 7340 4420 1240 250 2380 530 2690 5600 7310 4750 6110 1950 5600 1410 1710 5080 3180 5570 6080 5570 5680 2480 5490 890 4670 3240 4470 5720 1800 3470 3840 4050 5720 3660 5820 4660 1910 1410 7530 4630 4250 6620 5420 3160 5440 910 950 6880 5360 1020 1980 5160 6790 3600 5480 2130 6140 5680 5480 3840 2000 4750 2670 1560 4300 3610 1760 5840 6070 5450 1260 980 5120 6190 4080 3970 8180 5600 2800 350 5110 2160 5320 5730 2880 6630 2060 7760 4800 4430 2030 4270 3810 6170 7450 3090 5820 5940 6790 6050 170 5280 7380 5740 2260 7550 8370 750 5200 7670 3370 2400 2380 6390 2380 1830 6400 4880 1270 4270 1110 5490 4900 2730 
3234 990 2250 1896 4074 1206 2004 1272 984 1002 2736 4398 1710 3822 2154 4416 4578 2760 1002 156 1500 468 1638 3534 4506 3120 3696 1098 3630 648 780 3216 2022 3612 3876 3474 3444 1752 3468 768 2952 2190 2916 3420 822 1986 2574 2412 3702 2472 3546 2904 1416 1104 4716 3030 2748 4128 3210 1770 3228 774 630 4254 3414 342 918 3366 4290 2334 3474 1542 3936 3306 3372 2478 1308 2784 1746 954 2730 2124 1302 3666 3744 3528 870 348 3258 3816 2490 2652 5070 3510 1758 474 3072 1548 3408 3648 1590 4080 1488 4824 3138 2766 1086 2586 2544 3960 4632 1836 3750 3834 4194 3804 234 3438 4602 3708 1146 4698 5196 420 3372 4764 2196 1710 1356 3996 1674 828 4062 3198 870 2490 864 3294 3210 1914 
1506 930 1806 1656 2292 1404 1938 984 2898 1068 2712 2478 2112 2166 270 2688 2682 882 1302 1914 582 1476 798 1668 2592 2514 2100 1338 3132 1836 2130 1326 204 2814 2274 1554 1848 2040 1584 1968 1038 1242 1518 2094 2652 1656 2436 1350 3144 2256 1848 1020 1458 1920 2910 1854 1026 2214 2148 1770 2100 1308 2316 2340 1626 2118 2550 2820 2598 552 1626 1350 2646 2640 1566 642 624 1932 192 2676 810 1362 2106 1752 1884 2430 2400 2256 1416 1938 1002 2472 3162 1584 426 1644 1680 1152 1758 1932 1806 2214 1146 2910 2106 906 1596 1194 2646 2724 2712 1074 2616 2916 2286 1926 1728 2802 2712 3402 2046 2790 3288 2244 2172 2850 450 1548 1314 2088 2322 2472 2430 2448 1056 1794 2142 1932 2916 1806 
6030 5360 7640 7370 6650 6700 7840 6030 7780 4840 2910 4870 4010 6970 4780 3030 4540 5000 4700 6160 5450 5690 5930 3680 5840 1500 7060 6520 1710 6920 7390 3830 4880 780 2160 4860 6760 3830 3820 5400 4170 2820 2140 7550 7710 7380 2720 6800 1550 2660 6480 5020 4010 4830 3780 1540 3200 4600 7920 7510 7800 5120 6210 5560 3120 6910 7860 1520 2770 3820 3490 3790 890 8920 5820 3820 5190 7740 4600 6560 4200 6900 4730 4180 5780 580 5980 6890 3470 5710 6010 2600 5270 4510 5330 5570 6930 3810 2460 2730 7500 6050 3910 5040 1160 5110 6920 6340 3210 710 5020 6420 370 420 5580 3850 5970 1260 4480 2350 7580 4840 5270 6410 1030 5100 3910 3530 6650 4300 4410 7710 2330 1180 5450 7590 5500 7300 2220 3300 
3305 1665 3115 2855 3930 2295 3015 2125 1940 1315 875 3690 310 3860 2275 3260 3710 2745 1080 1390 2065 1415 2315 2890 3980 1455 3810 2180 1715 2030 2175 2720 2220 1885 2730 3150 3600 395 2880 880 2640 1385 1970 3765 2045 2910 850 3015 1800 855 3590 2845 840 630 3605 1840 2190 3475 3725 2810 3710 1240 1165 3775 2660 1795 2240 1570 3130 2075 2800 940 2470 3985 3330 2190 1830 3450 1905 1210 2495 2870 440 3095 3535 2055 970 1680 2650 3560 2855 915 4150 3085 2195 1215 3425 1105 2485 2725 2700 3790 1105 3960 1785 2775 2280 3000 690 2445 3855 2580 2225 2115 3745 3100 1400 1675 3710 1690 2450 3850 4210 1340 2040 3945 1995 820 2365 3325 135 2175 2890 1595 1615 3245 820 3635 1320 705 
3620 2615 4000 3795 4080 3325 4000 3050 3360 2270 560 3405 1400 4150 2745 2610 3300 3040 2100 2695 2850 2580 3115 2690 3840 575 4155 3215 340 3240 3435 2660 2745 750 2115 3185 3970 1355 2730 2210 2730 1550 1695 4280 3420 3825 670 3710 435 780 3880 3095 1710 1910 2985 1370 2190 3235 4375 3810 4330 2320 2565 3670 2400 3105 3580 395 2475 2330 2585 1675 1570 4780 3565 2390 2650 4190 2495 2640 2670 3670 1780 2940 3645 1205 2390 3030 2510 3630 3405 610 3700 3040 2875 2440 3945 1785 2100 2305 3750 3830 1825 3560 1150 3090 3375 3570 740 1490 3515 3390 1275 965 3660 2835 2645 520 3280 275 3635 3455 3715 2715 1355 3575 2315 1485 3345 3075 1515 3505 2240 730 2615 4050 2200 4150 155 1265 
3636 1350 2874 2532 4458 1824 2658 1794 1152 1128 2220 4578 1212 4260 2454 4398 4704 3072 948 528 1914 816 2130 3660 4776 2742 4152 1704 3186 1326 1434 3372 2340 3252 3810 3732 3894 1284 3606 294 3156 2058 2832 3948 1224 2616 2112 2952 3270 2034 3960 3216 1170 630 4752 2856 2814 4308 3786 2418 3786 882 198 4518 3474 954 1464 2952 4260 2478 3576 1338 3732 3942 3738 2628 1662 3384 1992 498 2940 2694 750 3834 4074 3282 228 792 3366 4134 2940 2190 5220 3726 2148 570 3576 1434 3396 3660 2250 4404 1380 4974 2904 3090 1740 3066 2016 3738 4800 2376 3504 3504 4464 3930 636 3048 4722 3210 1824 4842 5328 378 3174 4932 2352 1422 1962 4152 1092 1386 4008 2856 1236 3096 246 3810 2730 1548 
2430 648 1338 996 3264 288 1152 444 1710 1038 3186 3810 2244 2970 1536 4068 4044 2070 1248 1026 816 780 810 3048 3816 3342 2826 174 3924 486 762 2706 1404 3774 3612 2820 2586 2238 2964 1500 2400 2178 2748 2508 1380 1074 2964 1500 3978 2820 2718 2214 1710 1716 4302 2982 2382 3552 2286 906 2304 1002 1542 3570 3012 912 1200 3630 3972 1914 3018 1746 3864 2400 2598 2028 798 1860 1272 1878 2178 1200 1950 3108 2994 3540 1758 1128 2802 3078 1656 3030 4506 2904 1062 1038 2184 1644 3108 3306 768 3324 1590 4254 3168 2058 288 1716 3036 3918 4044 930 3756 3948 3504 3306 894 3666 4080 4092 690 4140 4644 1344 3330 4182 1788 1974 432 3444 2304 1128 3786 3360 624 1566 1650 2388 3576 2244 
980 930 1060 995 1680 985 1235 700 2475 1185 2735 2130 2175 1490 390 2515 2355 665 1415 1740 470 1395 405 1590 2105 2580 1400 975 3100 1480 1700 1305 335 2825 2240 1295 1185 2125 1505 1915 1025 1525 1710 1305 2220 975 2505 640 3110 2360 1245 785 1630 1940 2645 2005 1230 1925 1310 1130 1280 1350 2135 1905 1640 1800 2070 2835 2460 865 1590 1560 2630 1715 1100 895 680 1120 585 2440 865 680 2110 1585 1420 2485 2245 1955 1435 1490 400 2540 2715 1385 275 1580 965 1400 1820 1920 1205 1700 1385 2505 2225 650 1170 540 2670 2700 2325 500 2630 2900 1845 1780 1595 2820 2390 3325 1535 2420 2835 2030 2260 2445 820 1735 865 1860 2330 2015 2360 2525 1030 1020 2065 1175 2915 1960 
288 3132 2583 2745 1548 3132 3105 2709 5913 3519 5877 2772 5121 1278 1566 4014 3285 819 3897 4608 2313 3978 2151 2331 2475 5310 1206 3159 6219 4095 4464 1944 1692 5571 3834 1341 846 5004 2151 4860 1539 3564 3402 1503 5436 2646 5454 1557 6192 5184 801 765 4158 4842 4041 4014 2430 2475 1962 3069 1827 3843 5301 2151 2664 4707 5130 5760 3996 2115 2421 3978 4815 3006 549 1989 2664 2097 2259 5850 1521 2025 5130 2088 1179 4788 5481 4986 2277 1323 900 5481 3789 1647 1935 4302 1008 3681 3186 3168 3303 1647 3681 3447 4455 729 3465 954 5823 4986 3105 2070 4977 5589 2043 2511 4338 5670 3366 6696 4068 3321 4032 5121 4365 3303 2178 4248 2880 2475 5454 5040 3951 5130 3312 2241 5130 1296 6039 4608 
2200 1776 3112 2928 3104 2584 3312 2016 4344 1728 3232 2896 2696 3080 808 2920 3080 1264 1936 2976 1488 2408 1800 1688 3216 2784 3048 2472 3608 3064 3464 1288 896 3112 2320 1856 2744 2576 1608 2848 1040 1184 1312 3216 4072 2928 2864 2432 3608 2624 2640 1384 1912 2664 3272 1784 672 2536 3400 3088 3320 2072 3408 2880 1536 3352 3992 3192 2784 120 1600 1712 2800 4144 2176 312 1440 3192 808 3864 792 2512 2848 1904 2464 2544 3448 3488 1312 2496 1840 2888 3760 1784 1296 2544 2680 1456 1640 1896 3136 2864 1488 3432 2136 1336 2824 2112 3208 2904 3200 2152 2784 3216 2824 2048 2736 3144 3112 4008 3416 3256 3912 3368 2192 3368 128 1888 2472 2336 3032 3880 2536 2664 1920 3064 3064 3008 3392 2160 
1230 1140 1074 996 2064 1056 1284 768 2904 1488 3426 2706 2712 1794 666 3210 2988 954 1764 2076 582 1674 390 2094 2640 3270 1674 1068 3894 1686 1938 1752 594 3576 2892 1698 1416 2658 1986 2334 1416 2004 2250 1482 2580 972 3156 600 3906 2982 1524 1086 2058 2394 3354 2598 1680 2466 1440 1170 1410 1662 2562 2406 2166 2100 2382 3582 3150 1236 2094 1992 3354 1884 1398 1272 864 1176 852 2922 1230 618 2604 2076 1800 3174 2712 2292 1914 1890 462 3198 3408 1824 414 1914 1092 1806 2382 2502 1272 2130 1782 3162 2862 924 1278 582 3342 3438 2940 414 3354 3672 2334 2310 1902 3564 3036 4158 1704 3060 3558 2418 2910 3084 1176 2214 900 2394 2886 2322 3030 3210 1248 1038 2514 1332 3660 2484 
2124 2754 3825 3726 2934 3510 4158 2889 5679 2754 4140 2448 3744 3042 1269 2628 2664 1161 2988 4149 2295 3501 2529 1098 2853 3411 3078 3420 4284 4167 4617 639 1449 3609 2106 1386 2781 3591 999 4014 486 1881 1449 3456 5346 3690 3726 2916 4248 3465 2574 1188 2916 3789 2943 2061 486 2043 3807 3951 3699 3141 4644 2484 1035 4545 5229 3843 2511 693 1026 2673 2916 4761 1989 477 2340 3717 1620 5166 450 3141 3978 1332 2160 2826 4689 4716 702 2169 2142 3726 3420 1242 1980 3672 2898 2412 1359 1521 4050 2565 2448 3051 2502 1260 3807 2430 4158 3069 2781 2835 3033 3627 2430 1503 3879 3735 2700 4797 4491 2853 3591 4599 2403 2979 900 2826 3357 1818 4140 5112 2313 3204 2925 3672 4257 3231 4176 3078 
3105 4005 5184 5103 3474 4869 5535 4239 6831 3852 4203 1962 4320 3825 2646 1278 1854 2376 3987 5265 3645 4662 3906 792 2754 3141 3951 4770 3852 5463 5904 1098 2826 3033 792 1899 3735 4149 936 4959 1557 2394 1305 4527 6561 5067 3843 4239 3762 3627 3429 2313 3708 4617 1728 1737 1251 1656 4995 5337 4869 4230 5661 2475 369 5751 6498 3474 1134 1944 639 3447 1881 6003 2844 1791 3627 5004 2916 6129 1764 4500 4725 1233 2709 2124 5625 5886 774 2628 3447 3798 2628 1557 3348 4752 4050 3249 396 144 5427 2907 3321 2322 2097 2475 5157 3708 4329 2070 2187 4212 2196 2898 2484 945 5013 3303 1845 4419 5832 2115 2727 5679 1755 2313 2142 3465 4725 1368 4743 6372 945 2853 4158 5004 5166 4329 3978 3573 
2359 2198 238 511 3143 1323 392 1554 3339 2709 5208 4382 4200 2653 2268 5180 4767 2464 3017 2835 1813 2569 1449 3850 4116 5194 2429 1470 5908 1981 2072 3472 2170 5600 4851 3234 2233 4172 3717 3409 3080 3717 4102 1813 2877 441 4921 1022 5943 4725 2513 2576 3493 3640 5292 4494 3451 4144 1330 630 1407 2772 3430 3885 3983 2548 2499 5544 5124 2926 3878 3486 5404 1169 2632 2975 2086 812 2366 3801 2891 770 3913 3766 3108 5173 3703 2821 3682 3234 1631 4977 5180 3437 1848 2877 1666 3304 4263 4382 868 3423 3255 4907 4781 2408 1428 1491 5068 5495 4641 1078 5390 5733 3794 4074 2709 5551 4830 6174 1568 4809 5369 3185 4872 4802 2842 3759 1197 4109 4312 2478 5005 5152 2247 511 3591 1757 5579 4081 
4077 3834 5634 5436 4671 4950 5859 4320 6372 3483 2970 3276 3366 4923 3024 2034 3105 3150 3483 4824 3762 4302 4149 2034 4068 1836 4995 4806 2538 5301 5742 2115 3141 1737 1080 3042 4734 3195 2133 4311 2394 1683 666 5436 6210 5427 2628 4815 2448 2448 4482 3159 2997 3879 2691 522 1548 2979 5796 5598 5679 3807 5049 3789 1512 5427 6255 2160 1800 2160 1854 2754 1017 6714 3888 2133 3600 5661 2970 5454 2430 4950 3897 2493 3888 864 4932 5481 1791 3834 4086 2574 3852 2745 3582 4284 4887 2655 945 1296 5616 4158 2745 3573 792 3249 5184 4383 3132 1134 3483 4554 1044 1674 3780 2259 4608 1989 3078 3105 5823 3384 3906 5148 459 3591 2268 2655 4860 2691 3789 6120 1359 1530 3951 5553 4473 5220 2673 2628 
3360 1700 3920 3600 4580 2930 4060 2240 4770 1470 3520 4370 2660 4470 1370 4220 4570 2220 1680 3040 1670 2360 2160 2830 4780 3200 4400 2760 4240 3340 3830 2360 1340 3760 3350 3070 3990 2510 2750 2810 2060 1080 1850 4470 4480 3620 3060 3250 4270 2760 3930 2410 1640 2570 4730 2260 1450 3920 4590 3720 4510 1890 3530 4360 2560 3590 4440 3710 4020 900 2700 1400 3710 5400 3380 1150 1420 4220 850 4090 1740 3220 2800 3130 3800 3220 3560 3720 2340 3850 2670 3110 5430 2990 1610 2480 3790 1070 2550 2940 3710 4310 1100 5020 2630 2290 3180 3000 3430 3800 4740 2690 3560 3970 4290 3280 2760 3700 4610 4670 3880 4810 5610 3510 2830 4950 720 1660 2860 3660 3060 4300 3660 3120 1840 3960 3080 4210 3850 2050 
3848 4368 5656 5552 4088 5256 5936 4696 6728 4120 3616 2408 4096 4456 3360 856 2088 3208 4152 5344 4168 4848 4456 1760 3232 2512 4576 5144 2912 5680 6072 2072 3504 2152 392 2752 4408 3944 1904 4928 2472 2576 1568 5112 6552 5528 3360 4840 2800 3232 4120 3152 3760 4552 1456 1568 2024 2264 5536 5744 5424 4424 5576 3064 1424 5848 6560 2688 648 2656 1648 3536 856 6432 3608 2560 4088 5536 3480 5952 2632 5048 4576 2096 3432 1400 5488 5920 1776 3344 4144 3296 2648 2440 3952 4872 4696 3432 1056 976 5800 3544 3512 2480 1688 3288 5488 4384 3808 1016 2488 4760 1296 1904 3096 1752 5144 2496 2032 3432 6080 2328 2648 5656 1272 2536 2800 3464 5152 2048 4472 6440 336 2224 4480 5520 5080 4944 3216 3440 
3384 324 2844 2421 4617 1575 2790 1071 3150 459 3627 4923 2367 4347 1611 4995 5184 2547 882 1638 900 990 1341 3627 5130 3735 4203 1386 4626 1782 2223 3150 1440 4356 4239 3564 3816 2313 3519 1773 2754 1962 2871 3996 2835 2493 3258 2592 4689 3024 3888 2754 1422 1818 5427 3186 2475 4518 3879 2439 3852 756 2241 4743 3465 2025 2781 4176 4833 1827 3537 1413 4518 4365 3537 2034 468 3375 945 2790 2421 2349 2142 3816 4041 4014 2394 2187 3213 4131 2403 3348 5931 3600 1188 1233 3402 1206 3510 3852 2340 4536 1134 5553 3447 2565 1728 2628 3438 4590 5265 1818 4338 4617 4662 4032 1368 4212 5229 4914 2322 5364 6111 2124 3708 5472 1620 1764 1602 4320 2583 2646 4518 3744 432 3024 2043 3771 4140 2178 
1278 2952 1632 1950 1398 2544 2022 2478 4458 3324 5172 2838 4542 948 2232 3906 3228 1896 3606 3810 2412 3456 2148 2844 2382 4872 786 2634 5478 3222 3372 2628 2262 5064 3876 2112 858 4482 2730 4146 2382 3660 3624 372 4080 1848 4896 1320 5472 4716 1092 1872 3882 4230 3828 4032 2976 2730 564 2154 516 3486 4320 2274 3108 3696 3786 5172 3924 2718 2922 3798 4566 1086 1452 2658 2700 1020 2616 4674 2370 1608 4446 2622 1680 4548 4500 3924 2856 1782 1458 4920 3408 2340 2244 3708 780 3606 3468 3432 2370 1794 3588 3222 4320 1830 2724 1278 5112 4674 3006 1896 4680 5088 2202 2910 3654 5124 3288 5790 2982 3186 3576 4146 4266 3120 2730 4008 2376 2796 4722 3756 3936 4764 3054 1326 4326 528 5334 4266 
2418 1764 3102 2928 3006 2538 3210 2130 3450 1518 1716 2460 1620 3060 1428 2004 2472 1722 1518 2412 1776 2058 2064 1506 2862 1266 3060 2430 1878 2730 3024 1362 1464 1518 1404 1956 2844 1506 1512 2106 1368 342 426 3228 3330 2940 1440 2640 1878 1272 2736 1788 1242 1848 2382 576 732 2214 3378 3012 3318 1728 2592 2634 1218 2814 3360 1566 1860 882 1392 1068 1458 3924 2358 948 1632 3216 1266 2880 1278 2664 1902 1776 2484 1152 2538 2850 1230 2484 2208 1440 2994 1818 1710 2058 2832 978 1020 1302 3006 2742 1032 2772 804 1782 2676 2412 1746 1512 2652 2364 1356 1614 2610 1752 2268 1530 2472 2190 3096 2640 3072 2640 924 2754 894 1056 2496 2028 1902 3270 1602 1170 1830 3096 2232 3072 1752 1128 
1926 3282 3648 3684 1818 3702 3954 3306 5238 3282 3738 420 3768 2178 2196 882 330 1758 3420 4212 2916 3786 3006 714 1044 3018 2316 3660 3450 4200 4494 1032 2328 2892 1200 1080 2262 3654 780 4098 1332 2472 1794 2832 5010 3630 3492 2964 3378 3348 2004 1644 3306 3906 732 2088 1560 372 3240 3870 3138 3540 4536 948 930 4470 4914 3222 960 1914 792 3132 1998 3948 1698 1770 2994 3372 2520 4872 1554 3222 4002 630 1416 2280 4548 4596 1002 1320 2442 3468 852 894 2676 3894 2616 2982 1194 930 3984 1380 3018 624 2322 1800 3912 2568 3822 2124 528 3126 2280 2754 990 444 4038 3096 348 3840 4362 486 948 4512 2064 612 2052 3180 3570 324 4050 4836 1128 2814 3396 3456 4248 2736 3576 3282 
1134 1554 1463 1435 2114 1554 1764 1197 3689 1911 4032 2842 3283 1834 651 3479 3178 805 2226 2681 903 2205 763 2163 2758 3773 1708 1561 4501 2282 2576 1771 630 4088 3150 1666 1407 3206 2037 2933 1379 2310 2485 1589 3318 1393 3710 770 4501 3500 1498 952 2513 2961 3626 2919 1778 2562 1645 1652 1589 2142 3234 2485 2282 2744 3101 4130 3423 1309 2177 2415 3745 2261 1316 1316 1204 1435 1036 3661 1190 938 3206 2121 1785 3577 3395 2968 1981 1883 315 3752 3661 1820 637 2464 1113 2184 2569 2674 1792 2170 2163 3374 3234 763 1813 532 3955 3850 3115 791 3773 4172 2401 2408 2478 4102 3234 4823 2310 3255 3836 3087 3262 3276 1267 2653 1372 2492 3507 3024 3297 3682 1694 1344 3143 1407 4263 2961 
3294 2943 4662 4464 4068 4005 4896 3375 5625 2673 3087 3114 3015 4212 2061 2475 3123 2295 2745 4068 2799 3492 3177 1692 3753 2250 4248 3861 3123 4419 4869 1530 2169 2457 1629 2457 3942 2844 1719 3681 1638 1080 306 4590 5409 4455 2691 3870 3087 2448 3735 2349 2403 3321 3015 909 675 2745 4896 4635 4788 3024 4392 3411 1242 4617 5409 2673 2277 1197 1521 2142 1989 5778 3159 1197 2664 4725 2016 4851 1584 3987 3420 2115 3276 1719 4338 4707 1296 3258 3159 2673 3906 2214 2619 3537 4014 1971 972 1386 4662 3627 2043 3573 1341 2385 4248 3465 3159 2106 3393 3582 1971 2511 3384 2043 3825 2565 3123 3636 4896 3375 4023 4437 1314 3546 1305 2151 3906 2466 3438 5274 1908 2034 3069 4599 3879 4365 3042 2277 
1450 2720 2920 2970 1305 3020 3190 2705 4355 2750 3250 170 3220 1620 1785 950 320 1375 2880 3515 2390 3155 2440 640 660 2665 1740 2995 3050 3465 3700 860 1900 2585 1195 775 1710 3130 665 3450 1075 2140 1615 2185 4155 2925 3035 2350 2995 2910 1490 1270 2810 3305 800 1885 1350 125 2535 3130 2450 2965 3800 575 875 3710 4060 2850 1015 1605 725 2670 1860 3130 1255 1480 2470 2665 2085 4090 1265 2580 3400 480 990 2080 3825 3820 885 905 1925 3020 685 650 2180 3260 2025 2535 1140 930 3235 945 2560 480 2085 1405 3200 2015 3305 1965 330 2515 2085 2485 610 425 3365 2750 365 3370 3570 380 800 3775 1890 435 1715 2725 2905 205 3455 3995 1145 2505 2820 2750 3580 2110 3130 2825 
1160 2890 2690 2810 685 3015 3000 2745 4505 3010 3840 645 3680 1060 1920 1715 950 1410 3185 3715 2475 3355 2445 1205 135 3320 1215 3020 3740 3525 3745 1285 2025 3290 1940 850 1270 3595 1170 3755 1355 2630 2215 1715 4260 2750 3615 2135 3695 3480 1055 1290 3205 3665 1510 2525 1815 705 2105 2995 2020 3215 4060 225 1495 3835 4115 3525 1785 1930 1310 3075 2610 2690 980 1810 2620 2325 2290 4360 1515 2410 3790 955 635 2785 4125 3975 1400 555 1790 3610 995 905 2255 3500 1660 2920 1805 1635 3125 385 2935 865 2750 1410 3195 1815 3875 2715 710 2435 2815 3210 245 1075 3565 3435 1005 4055 3545 870 1135 3995 2580 780 2025 3165 2880 850 3895 4060 1905 3170 2990 2475 3895 1675 3780 3310 
2604 3546 4206 4188 2580 4098 4470 3684 5436 3456 3438 1158 3672 2928 2592 138 840 2292 3534 4392 3282 3990 3432 1104 1788 2634 3054 4038 2964 4512 4812 1440 2718 2394 744 1734 2976 3558 1218 4170 1776 2424 1662 3540 5256 4152 3222 3546 2880 3102 2730 2208 3318 3930 324 1812 1716 1134 3918 4362 3822 3702 4644 1716 1068 4722 5208 2784 294 2172 1092 3144 1422 4620 2388 2052 3294 4002 2814 4950 1962 3762 3984 1224 2154 1818 4608 4806 1290 2064 3012 3180 1212 1512 3072 4050 3288 3030 1068 804 4440 2148 3078 1104 1968 2346 4296 3162 3558 1536 1158 3606 1752 2208 1758 936 4230 2640 786 3354 4746 1008 1206 4662 1668 1164 2298 3138 3990 1032 3954 5130 576 2412 3654 4050 4302 3426 3174 3174 
1491 3178 3465 3521 1568 3584 3829 3136 5474 3255 4207 798 4032 1897 1855 1638 1085 1281 3458 4305 2695 3801 2765 539 1113 3486 2023 3549 4095 4207 4536 658 2016 3479 1701 483 1918 3913 469 4256 882 2541 1932 2576 5180 3458 3899 2674 4032 3710 1638 1134 3409 4088 1617 2373 1400 490 3024 3745 2912 3549 4732 847 945 4557 5040 3780 1659 1666 679 3220 2604 3850 1232 1491 2821 3157 2296 5138 1141 2975 4235 182 1001 2779 4781 4725 798 917 2065 3885 1603 266 2408 3962 2289 3017 1393 1211 3878 1120 3045 1309 2695 1323 3829 2212 4263 2751 1071 2877 2849 3395 826 483 4095 3661 1141 4529 4354 1176 1764 4676 2478 1232 1813 3325 3416 406 4347 4956 1722 3276 3318 3248 4445 2450 4130 3500 
4080 3712 5416 5216 4600 4736 5592 4192 5832 3344 2432 3280 3000 4832 3104 2000 3080 3248 3288 4488 3704 4056 4064 2240 4016 1344 4904 4600 1864 4992 5376 2328 3192 1128 1184 3160 4664 2848 2336 3960 2584 1712 992 5288 5728 5216 2184 4712 1776 2064 4440 3264 2808 3544 2600 592 1816 3032 5600 5352 5496 3608 4624 3776 1776 5056 5800 1568 1776 2336 2080 2600 616 6400 3912 2328 3528 5464 3008 4952 2616 4816 3520 2648 3904 320 4480 5080 2040 3848 4072 2112 3712 2880 3576 4008 4800 2560 1256 1528 5352 4128 2640 3496 520 3336 4928 4336 2624 656 3432 4448 480 1032 3784 2416 4312 1392 3048 2376 5488 3328 3744 4736 128 3520 2416 2456 4672 2784 3360 5680 1392 1056 3792 5360 4080 5088 2064 2360 
2840 1100 2540 2275 3495 1715 2435 1555 1575 760 1280 3410 425 3390 1810 3140 3475 2305 530 870 1520 840 1760 2615 3635 1670 3325 1600 2050 1470 1635 2410 1740 2095 2635 2780 3110 465 2590 390 2275 1180 1820 3240 1600 2330 1160 2465 2120 1090 3125 2415 445 90 3455 1800 1905 3185 3175 2230 3165 665 780 3425 2430 1285 1755 1850 3020 1695 2540 590 2515 3415 2885 1820 1285 2885 1425 960 2115 2305 170 2795 3125 2130 670 1205 2370 3160 2345 1225 3910 2740 1670 650 2905 720 2315 2550 2125 3390 695 3715 1820 2330 1705 2475 1120 2515 3585 2020 2310 2305 3390 2840 845 1925 3485 2095 1890 3605 3990 905 2050 3685 1600 600 1785 3050 440 1680 2795 1765 1040 2675 425 3115 1685 675 
2850 2736 3930 3798 3210 3480 4086 3060 4410 2496 2034 2208 2370 3402 2184 1284 2064 2244 2484 3384 2688 3042 2940 1434 2760 1236 3456 3384 1650 3714 4008 1518 2262 1098 660 2136 3282 2256 1512 3030 1734 1290 624 3768 4308 3792 1824 3378 1584 1716 3108 2250 2154 2730 1728 480 1194 2022 4014 3912 3936 2706 3522 2580 1092 3792 4344 1422 1122 1614 1314 1992 504 4632 2712 1590 2580 3936 2160 3786 1770 3474 2736 1734 2688 486 3438 3822 1296 2646 2886 1782 2544 1920 2568 3024 3408 1938 696 888 3924 2850 1998 2376 570 2310 3636 3078 2160 582 2328 3210 564 1014 2586 1554 3246 1296 2040 2034 4062 2250 2574 3594 270 2394 1692 1914 3420 1836 2646 4254 828 1020 2808 3870 3132 3618 1788 1878 
3852 1800 1593 1089 5049 594 1125 1233 2691 2385 5598 6156 4158 4527 2853 6732 6561 3519 2691 2115 1827 1917 1602 5139 6048 5841 4275 738 6723 945 1053 4617 2655 6480 6111 4644 3942 4167 4986 2943 4122 4068 4878 3654 2106 1242 5274 2205 6795 5058 4212 3726 3384 3330 7029 5256 4248 5787 3177 810 3240 2313 2853 5697 5148 1656 1665 6273 6606 3528 5103 3456 6561 3114 4149 3681 1944 2493 2592 3294 3816 1692 3672 5166 4761 6111 3222 2016 4806 4905 2691 5373 7209 4815 2124 2277 3258 3294 5346 5607 495 5247 3213 6831 5553 3483 387 2691 5364 6651 6507 1521 6417 6732 5589 5499 1998 6327 6624 6966 486 6678 7425 2511 5778 6714 3357 3789 765 5661 4221 1620 6354 5868 1764 2025 3150 3510 6192 4194 
5380 1950 4850 4330 6680 3230 4670 2870 3250 1250 2620 6530 960 6480 3320 6040 6680 4310 780 1720 2770 1530 3260 4950 6980 3270 6350 3000 4090 2830 3200 4530 3180 4110 5040 5260 5920 980 4900 860 4250 2120 3410 6190 3240 4440 2330 4660 4210 2150 5950 4530 620 380 6660 3400 3530 6090 6090 4260 6060 1110 1690 6560 4590 2540 3490 3660 5810 3100 4800 920 4860 6590 5470 3340 2290 5510 2550 2110 3930 4360 640 5300 5950 4110 1530 2430 4460 6020 4400 2450 7550 5190 3050 1210 5530 1150 4380 4840 4060 6480 1100 7150 3480 4360 3240 4670 2330 4870 6890 3780 4480 4510 6480 5400 1620 3800 6700 4230 3650 6930 7710 1880 3930 7090 2900 1010 3360 5810 1100 3340 5360 3430 1850 5110 1020 5940 3380 1250 
2700 954 1398 1050 3528 432 1122 756 1494 1290 3396 4128 2412 3210 1866 4398 4368 2382 1470 1020 1146 912 1098 3384 4116 3612 3060 414 4176 264 456 3036 1728 4050 3948 3138 2820 2424 3294 1578 2724 2472 3072 2694 1134 1146 3186 1692 4236 3054 2970 2526 1932 1848 4632 3294 2718 3870 2418 894 2448 1206 1512 3876 3348 750 900 3888 4302 2250 3348 1998 4176 2442 2880 2364 1134 1974 1602 1818 2508 1362 2076 3438 3282 3846 1758 984 3138 3372 1920 3252 4824 3228 1386 1146 2394 1914 3444 3636 702 3612 1860 4572 3468 2370 234 1962 3228 4230 4362 1158 4062 4236 3804 3636 942 3936 4410 4326 378 4464 4968 1290 3642 4506 2124 2214 606 3774 2442 846 4116 3636 900 1668 1710 2580 3810 2472 
4986 1836 4437 3960 6165 2943 4248 2655 2799 1233 2403 6057 873 5976 3132 5607 6183 4032 819 1476 2601 1386 3033 4635 6444 3051 5850 2745 3762 2529 2835 4248 3006 3816 4707 4905 5463 927 4581 648 3996 2079 3240 5697 2817 4059 2169 4293 3879 2025 5499 4230 738 171 6165 3222 3348 5652 5580 3879 5562 1053 1377 6066 4302 2214 3069 3393 5391 2952 4491 999 4527 6003 5076 3177 2169 5058 2439 1737 3699 4014 441 4941 5517 3843 1215 2097 4185 5580 4086 2277 6966 4842 2871 1053 5094 1215 4113 4527 3690 5994 1161 6606 3276 4077 2934 4320 2124 4527 6372 3492 4176 4176 6003 5031 1413 3519 6201 3861 3276 6408 7110 1566 3690 6552 2781 1062 3078 5400 927 2934 4995 3213 1737 4680 756 5463 3114 1242 
1266 2754 1386 1704 1530 2316 1776 2262 4218 3138 5034 2922 4368 1068 2106 3936 3300 1824 3414 3588 2226 3246 1950 2844 2502 4770 882 2406 5382 2988 3132 2604 2118 4986 3864 2124 882 4314 2730 3942 2340 3534 3552 318 3840 1608 4758 1110 5376 4578 1146 1818 3714 4038 3888 3954 2904 2790 318 1914 276 3288 4098 2376 3090 3468 3540 5070 3942 2610 2916 3636 4524 894 1470 2562 2508 774 2466 4452 2298 1380 4254 2646 1746 4482 4290 3696 2826 1854 1314 4788 3516 2358 2070 3498 666 3444 3438 3420 2124 1902 3426 3324 4242 1758 2490 1122 4968 4632 3102 1680 4626 5016 2304 2928 3438 5028 3366 5682 2742 3276 3684 3924 4206 3222 2616 3852 2148 2844 4542 3516 3936 4668 2850 1080 4122 444 5214 4116 
2394 2934 4122 4014 3141 3762 4446 3132 5823 2862 3978 2412 3690 3294 1548 2376 2565 1467 3060 4275 2529 3636 2799 990 2916 3177 3339 3663 4041 4374 4815 648 1719 3339 1809 1539 3051 3537 945 4077 720 1773 1179 3753 5517 3978 3564 3222 3996 3312 2826 1476 2916 3807 2745 1800 306 2016 4122 4230 4005 3249 4734 2556 801 4707 5418 3600 2250 855 873 2664 2610 5067 2241 675 2538 4032 1818 5238 756 3438 3978 1323 2349 2538 4752 4860 558 2340 2457 3564 3339 1332 2241 3780 3204 2421 1053 1251 4320 2718 2466 2970 2241 1557 4050 2736 4014 2763 2736 3123 2736 3339 2520 1404 4014 3483 2592 4563 4725 2772 3492 4707 2115 2916 1053 2781 3609 1764 4104 5301 2025 2952 3096 3978 4311 3528 3969 3006 
2716 3465 4389 4333 2912 4158 4669 3661 5642 3332 3388 1533 3584 3227 2429 644 1344 2198 3416 4424 3199 3955 3409 875 2219 2499 3339 4074 2975 4599 4949 1183 2562 2324 371 1743 3192 3451 1008 4151 1561 2121 1232 3822 5446 4305 3122 3654 2891 2968 2940 2128 3157 3871 1064 1463 1330 1358 4207 4515 4102 3612 4704 2044 644 4816 5404 2723 518 1876 791 2954 1302 4998 2499 1757 3178 4235 2625 5061 1736 3864 3934 1162 2338 1610 4662 4907 945 2261 3031 3080 1911 1470 2975 4018 3472 2821 532 252 4592 2443 2877 1708 1694 2268 4375 3227 3507 1449 1652 3640 1610 2170 2065 868 4235 2569 1316 3430 4900 1561 1960 4732 1379 1729 2023 2947 4039 1148 3913 5306 392 2254 3577 4242 4305 3675 3143 3003 
762 2184 1188 1410 1350 1890 1584 1746 3816 2538 4380 2520 3744 942 1446 3408 2880 1188 2820 3084 1638 2712 1398 2286 2214 4110 762 1956 4728 2568 2766 2016 1464 4332 3276 1614 570 3684 2166 3384 1728 2880 2904 432 3456 1320 4104 624 4722 3924 816 1206 3090 3444 3414 3306 2262 2352 582 1638 498 2712 3588 2034 2502 3030 3198 4416 3396 1956 2340 3006 3906 1272 996 1914 1914 714 1824 3942 1662 966 3660 2124 1368 3846 3756 3246 2232 1476 666 4134 3174 1830 1452 2958 84 2808 2826 2838 1830 1614 2790 2952 3588 1128 2088 480 4320 4014 2724 1182 3990 4374 1962 2406 2922 4374 2940 5028 2418 2886 3336 3426 3564 2856 1956 3210 1716 2364 3930 3156 3366 4014 2292 900 3564 282 4560 3474 
1359 2088 1935 1917 2619 2097 2331 1638 4842 2538 5220 3573 4275 2268 846 4419 4005 963 2943 3546 1251 2925 1080 2718 3456 4869 2115 2106 5796 3033 3411 2223 846 5265 4005 2052 1728 4185 2556 3852 1719 2997 3186 1989 4365 1854 4806 1008 5805 4545 1827 1143 3294 3888 4599 3753 2268 3213 2088 2205 2007 2835 4248 3096 2880 3627 4077 5328 4347 1683 2745 3159 4797 2907 1593 1674 1629 1845 1386 4797 1485 1260 4194 2655 2196 4590 4455 3915 2493 2331 342 4860 4617 2259 900 3258 1368 2862 3267 3393 2385 2691 2844 4248 4158 900 2430 639 5130 4932 3915 1098 4842 5364 2997 3024 3276 5283 4077 6228 3060 4104 4842 4059 4185 4131 1638 3465 1854 3123 4572 3987 4194 4743 2268 1764 4122 1746 5508 3861 
1930 1505 400 360 2520 820 120 1065 2130 1865 3670 3355 2910 2175 1730 3860 3620 1945 2070 1850 1315 1700 1075 2925 3190 3715 2020 930 4220 1205 1235 2645 1645 4030 3595 2520 1870 2900 2830 2295 2360 2675 3010 1585 1800 380 3475 955 4250 3340 2060 2035 2435 2480 3965 3270 2575 3170 1245 305 1300 1880 2265 3020 2995 1600 1520 3965 3815 2190 2930 2445 3945 1080 2120 2235 1480 875 1740 2510 2215 715 2675 2880 2465 3755 2465 1795 2785 2555 1365 3520 3930 2655 1385 1915 1465 2330 3170 3275 415 2705 2290 3730 3465 1905 845 1290 3555 4010 3540 855 3915 4140 2955 3095 1775 3975 3660 4390 865 3655 4060 2075 3545 3655 2115 2640 770 3135 2975 1515 3715 3700 1525 645 2415 1540 3960 2870 
2095 1940 2925 2815 2465 2550 3055 2200 3375 1755 1650 1775 1775 2585 1475 1205 1715 1565 1765 2515 1885 2210 2100 1035 2185 1075 2615 2470 1510 2755 3000 1035 1540 1100 685 1560 2460 1680 1080 2250 1165 780 170 2840 3275 2810 1445 2480 1480 1330 2330 1580 1525 2020 1550 280 670 1590 3030 2905 2970 1940 2655 2015 745 2840 3290 1285 1080 1000 935 1380 770 3535 2000 985 1800 2945 1450 2890 1170 2550 2050 1290 2025 645 2600 2875 865 2000 2075 1425 2140 1400 1790 2215 2530 1315 465 695 2920 2190 1360 1975 505 1620 2680 2240 1720 835 1905 2325 770 1095 2010 1190 2390 1205 1705 1820 3035 1865 2185 2700 415 1975 1060 1345 2500 1430 2010 3215 850 925 2005 2885 2345 2720 1535 1360 
3472 1526 3514 3199 4326 2513 3479 2149 2933 1036 1505 4025 742 4256 2051 3570 4081 2674 819 1799 1925 1519 2303 2905 4396 1708 4193 2359 2345 2429 2730 2646 1995 2268 2856 3234 3906 637 2877 1281 2513 833 1722 4193 2884 3255 1225 3220 2415 1043 3871 2807 294 931 4018 1701 1911 3717 4207 3206 4165 1134 1862 4109 2611 2345 3017 2016 3402 1722 2786 210 2723 4669 3493 1883 1617 3871 1568 2156 2310 3094 980 3178 3773 2205 1750 2310 2562 3808 2919 1295 4697 3143 2037 1393 3717 413 2422 2751 3108 4123 448 4424 1757 2723 2583 3136 1379 2730 4263 2688 2464 2527 4067 3206 1680 2086 4095 2527 2968 4270 4795 1974 2065 4396 1617 56 2555 3514 1043 2912 3087 1785 1519 3633 1400 4011 1925 385 
2375 815 2260 2020 3015 1510 2210 1270 1845 450 1350 2925 650 2930 1345 2710 3000 1830 285 1010 1150 790 1410 2135 3145 1515 2875 1400 1975 1435 1655 1920 1285 1910 2220 2290 2660 610 2105 710 1785 760 1400 2825 1785 2065 1160 2095 2025 1035 2660 1935 115 530 3005 1440 1425 2700 2805 2015 2785 510 1115 2935 1960 1385 1865 1740 2595 1205 2060 175 2190 3100 2415 1330 915 2545 970 1360 1625 1975 645 2310 2645 1835 1075 1375 1890 2675 1920 1210 3435 2250 1260 710 2490 240 1870 2100 1940 2905 210 3235 1510 1860 1555 2065 1235 2200 3105 1685 2020 2090 2900 2360 910 1785 3010 2100 1820 3125 3515 1165 1715 3205 1110 340 1550 2565 810 1790 2380 1565 800 2355 820 2700 1665 555 
3822 1351 2429 2023 4795 1267 2086 1484 1001 1498 3626 5320 2436 4466 2667 5439 5551 3346 1554 609 1848 868 1925 4354 5390 4060 4298 1183 4662 490 504 3969 2506 4627 4837 4200 4011 2485 4270 1330 3640 2926 3738 3913 665 2135 3437 2737 4746 3311 4165 3514 2065 1722 5768 3906 3472 5005 3612 1834 3647 1267 1064 5096 4249 77 658 4354 5306 2968 4298 2198 4963 3640 4004 3122 1694 3101 2240 1358 3374 2366 1953 4473 4459 4501 1372 350 4039 4550 2926 3521 6118 4270 2149 966 3542 2184 4277 4543 1596 4844 2114 5824 4053 3339 1071 3003 3409 4998 5593 2086 4760 4879 5026 4662 679 4438 5593 4767 987 5684 6265 784 4305 5754 2807 2408 1470 4865 2380 553 5054 4144 1218 2744 1421 3773 4179 2653 
3087 1477 3346 3066 3913 2457 3367 2037 3213 1064 1736 3577 1176 3871 1701 3171 3640 2282 980 2030 1736 1659 2107 2457 3955 1673 3822 2317 2373 2520 2849 2198 1666 2163 2471 2800 3542 1057 2436 1624 2079 427 1330 3871 3108 3108 1421 2968 2415 1211 3486 2401 616 1323 3605 1386 1463 3269 3927 3108 3878 1260 2191 3668 2177 2527 3185 2016 3003 1302 2345 413 2443 4445 3094 1456 1463 3633 1267 2527 1890 2891 1414 2730 3353 1974 2128 2541 2114 3381 2597 1463 4256 2702 1785 1603 3388 343 2009 2331 3045 3696 413 3983 1519 2331 2576 2828 1659 2464 3815 2492 2226 2380 3626 2765 1869 2044 3654 2625 3010 3829 4361 2261 1778 3948 1204 462 2464 3066 1484 3080 2702 1687 1512 3423 1764 3682 2030 693 
740 4000 3720 3880 1370 4210 4290 3670 7200 4310 6500 2230 5880 1500 2090 3720 2810 1050 4690 5660 3140 4940 3070 1930 1960 5700 1600 4210 6660 5230 5670 1630 2280 5870 3660 710 1380 5730 1750 5810 1370 3940 3490 2300 6700 3770 6030 2580 6610 5740 1020 820 4850 5710 3680 4170 2450 1910 2930 4230 2770 4710 6380 1570 2400 5860 6410 6170 3730 2360 2070 4620 4850 4110 380 2160 3460 3160 2860 6990 1540 3080 5990 1570 600 4930 6530 6150 2000 720 1790 6040 3360 1090 2710 5250 1890 4290 3030 2920 4480 1160 4310 2970 4660 1030 4580 1910 6490 5050 2590 3070 5110 5830 1450 2050 5350 6050 2900 7240 5280 2840 3630 6220 4470 2820 2510 4870 3940 1930 6280 6300 3750 5460 4200 3350 6110 2110 6560 5220 
3774 2370 4062 3798 4404 3216 4044 2904 3306 1950 306 3804 942 4428 2640 3054 3744 3072 1740 2466 2682 2316 3006 2874 4254 672 4416 3084 1032 3108 3342 2766 2628 1182 2418 3360 4182 870 2898 1896 2772 1230 1656 4506 3354 3840 54 3756 1116 168 4104 3156 1272 1536 3492 1368 2142 3570 4572 3810 4530 2004 2346 4026 2550 2952 3528 810 2892 2202 2754 1242 1962 5022 3738 2304 2430 4326 2298 2478 2664 3678 1404 3162 3888 1464 2154 2880 2616 3894 3426 42 4254 3222 2736 2154 4092 1386 2244 2520 3732 4152 1428 4056 1200 3126 3276 3624 384 1914 3966 3336 1638 1464 4008 3090 2400 930 3732 1110 3582 3924 4302 2514 1512 4056 2160 1008 3252 3378 1128 3438 2598 864 2364 4140 1908 4344 600 738 
1896 948 2214 2028 2646 1650 2304 1230 2844 876 2250 2592 1704 2568 684 2568 2736 1224 1038 1812 876 1392 1164 1686 2808 2064 2520 1554 2688 1932 2232 1386 660 2394 2076 1770 2268 1620 1632 1722 1176 792 1206 2544 2652 2040 1974 1806 2700 1794 2238 1344 1074 1602 2856 1476 888 2322 2610 2106 2568 1134 2136 2556 1554 2112 2610 2370 2460 492 1620 942 2328 3096 1926 642 750 2388 366 2484 972 1788 1758 1848 2190 2052 2172 2208 1404 2226 1464 2010 3240 1746 822 1488 2136 744 1584 1806 2106 2502 750 2994 1704 1260 1806 1656 2190 2388 2820 1476 2256 2514 2508 1956 1638 2364 2754 2946 2238 2868 3354 2106 1818 2946 366 1116 1596 2172 1938 2526 2256 2016 1044 2238 1890 2388 2454 1356 
