40 80 200
80 80 80 80 80 80 80 80 80 80 80 80 80 80 80 80 80 80 80 80 80 80 80 80 80 80 80 80 80 80 80 80 80 80 80 80 80 80 80 80 
15 21 17 6 5 23 11 18 5 22 7 24 14 25 17 14 7 13 7 25 7 21 21 15 21 24 20 16 7 10 8 7 15 25 15 11 22 17 18 10 17 11 5 20 23 18 6 12 25 16 6 11 21 22 10 10 11 8 7 18 14 17 21 25 10 9 24 19 22 18 11 20 24 16 23 23 24 8 10 22 17 19 19 23 14 22 24 8 26 8 8 15 23 26 17 14 26 22 12 16 9 9 18 20 25 12 17 18 18 17 23 7 22 23 9 15 9 8 11 26 26 12 24 11 17 10 9 13 13 17 26 13 18 12 12 13 23 22 16 8 22 18 14 13 17 15 18 16 11 25 19 22 11 7 13 23 26 26 6 6 26 14 7 22 13 11 25 8 10 23 6 21 10 20 25 20 13 6 19 24 24 24 10 17 8 14 6 17 19 14 8 6 18 23 23 22 16 8 20 19 
233 486 350 614 645 769 311 671 886 405 413 800 676 88 599 684 840 428 645 705 864 450 845 426 734 929 192 341 789 660 617 560 579 797 764 1028 399 729 737 592 685 327 246 439 916 836 728 686 581 591 602 405 641 390 447 330 917 731 696 619 507 135 810 455 676 801 810 787 842 774 474 754 96 179 100 608 720 685 163 794 
480 580 542 334 644 165 471 628 237 314 292 153 709 682 109 349 302 346 506 474 297 601 183 326 436 342 513 589 128 47 113 145 233 414 680 471 368 24 85 325 213 424 486 379 309 332 179 208 553 208 222 325 749 354 294 382 261 84 140 700 217 627 166 430 277 130 469 666 172 791 242 265 689 534 678 237 32 751 548 104 
516 69 212 298 94 549 301 124 641 543 473 770 133 465 534 329 520 321 170 248 556 100 632 604 305 608 462 209 605 598 617 532 688 387 214 649 618 628 698 299 759 591 561 272 618 493 762 757 80 409 702 567 137 353 590 516 670 575 504 92 576 417 597 209 798 749 364 241 639 237 551 836 460 435 454 384 606 159 521 720 
349 583 504 402 685 324 412 678 410 177 195 219 749 576 135 443 455 320 565 557 457 592 356 166 534 509 399 548 299 131 60 111 68 534 747 637 205 196 164 383 126 271 344 366 478 479 151 125 587 268 70 177 773 303 138 252 434 246 272 726 78 530 336 428 162 225 584 742 346 842 113 205 585 427 574 308 203 787 418 225 
584 601 592 328 635 85 539 612 113 427 391 213 698 769 208 317 205 406 489 440 190 630 59 446 391 225 609 639 22 168 237 251 358 348 649 354 488 102 178 328 325 539 596 427 190 242 280 320 554 239 346 441 749 426 413 490 136 70 127 700 335 711 53 466 391 180 405 629 47 768 357 361 774 624 763 249 95 743 650 145 
295 167 28 336 327 553 99 350 666 370 318 693 366 242 451 400 582 210 326 392 613 138 638 426 430 675 233 41 593 521 513 430 545 502 443 754 429 574 619 320 636 386 340 184 672 569 656 635 258 372 564 389 347 209 423 321 697 545 487 314 436 187 600 162 658 680 505 465 640 468 403 714 239 203 230 371 557 383 290 660 
706 260 396 452 141 691 492 162 766 736 666 939 76 624 712 458 630 513 285 342 666 278 768 798 400 707 648 382 752 772 798 715 877 474 166 714 812 792 868 460 942 784 751 463 725 596 941 940 235 579 889 761 71 546 783 710 791 731 659 102 766 584 736 400 985 914 431 204 778 72 742 1017 617 618 612 548 769 35 705 884 
613 606 606 329 629 78 558 605 75 459 420 245 692 792 239 309 177 424 483 429 158 637 21 481 378 188 635 652 38 204 274 283 395 328 637 317 522 140 215 331 362 572 627 441 153 215 316 357 552 253 384 474 745 447 447 520 99 99 139 697 370 733 31 476 428 211 385 615 14 758 390 397 797 649 785 258 132 737 678 178 
301 338 284 181 436 277 219 432 394 206 132 398 500 451 155 243 353 89 325 332 374 352 356 261 326 438 305 331 305 225 231 145 305 356 506 546 292 275 325 157 371 305 329 125 423 357 376 369 339 98 316 231 525 106 236 229 426 251 204 477 196 392 320 183 411 384 391 505 355 595 180 448 456 313 445 123 258 538 357 362 
573 258 351 143 212 350 384 182 422 522 447 616 270 618 416 119 288 309 72 14 324 302 425 580 62 371 544 379 412 463 506 434 610 145 215 406 608 467 551 163 651 610 611 272 385 257 636 647 163 278 616 548 331 356 555 530 447 400 329 287 510 559 394 238 704 589 128 201 435 333 498 719 617 532 608 239 444 315 606 556 
811 610 679 374 552 294 678 516 246 693 632 555 599 927 492 306 164 558 427 348 161 653 293 733 293 124 808 715 334 489 559 533 684 211 500 52 772 441 524 394 668 804 838 547 162 153 626 663 518 415 677 715 670 600 700 735 244 375 350 630 628 865 295 545 734 521 236 465 307 625 637 708 928 809 917 386 426 641 864 488 
356 214 202 117 306 331 187 303 441 314 239 515 369 435 276 187 357 92 204 231 387 236 417 375 245 450 333 246 377 341 358 274 435 300 382 536 399 378 442 97 501 394 394 58 446 347 503 498 208 160 447 340 395 139 354 313 473 335 270 347 325 374 379 69 542 496 319 384 420 465 305 577 437 326 426 148 358 407 394 469 
626 659 648 386 691 139 592 667 120 463 435 191 754 818 249 371 243 460 545 494 221 687 76 477 443 241 655 695 79 198 261 290 373 394 701 366 518 125 176 386 324 574 635 483 204 281 273 319 611 295 358 475 805 478 444 530 131 122 184 757 367 761 96 523 390 157 451 680 62 822 392 349 824 672 813 306 129 798 693 127 
240 375 244 530 532 711 227 559 827 396 383 782 562 27 561 599 766 357 542 606 794 337 791 432 640 858 174 230 739 627 595 527 581 708 652 949 414 692 714 510 685 347 271 358 849 759 721 685 472 528 603 404 526 328 445 323 860 683 639 504 492 42 754 362 686 778 715 676 790 659 457 759 24 143 15 539 680 570 185 766 
210 237 106 309 391 492 6 406 608 267 217 602 440 244 365 379 543 137 352 404 571 222 575 324 429 635 161 143 525 435 419 339 444 491 498 727 328 492 530 288 537 290 254 135 627 536 560 536 306 308 463 287 432 119 321 221 641 472 422 394 336 182 538 152 557 593 505 514 575 543 303 615 246 142 235 317 477 463 223 575 
508 83 198 355 147 605 297 183 702 556 491 813 163 427 573 391 584 345 237 316 619 80 690 616 372 673 448 180 659 639 652 566 713 455 266 717 627 674 740 352 790 592 553 298 682 558 798 788 146 455 728 579 132 370 606 520 731 625 555 105 600 384 654 238 825 793 433 297 696 260 573 868 420 418 415 434 653 171 504 766 
657 531 568 259 518 127 548 488 124 529 472 404 576 795 324 209 18 419 374 306 19 569 149 566 248 83 662 610 174 321 390 365 515 181 503 194 606 277 363 273 504 642 681 418 82 57 465 499 457 259 509 549 638 456 533 576 144 208 181 592 460 734 138 432 569 371 235 476 164 629 470 549 798 667 787 238 260 621 714 336 
634 525 556 250 521 98 530 492 112 503 447 378 580 777 296 206 40 400 376 311 40 562 128 539 255 103 640 598 148 292 361 337 486 194 513 221 579 249 335 261 476 616 656 402 92 77 437 471 456 237 480 523 640 435 505 551 137 179 153 594 432 716 112 419 541 345 250 487 142 637 443 521 780 646 769 218 231 625 692 310 
363 164 162 147 267 378 170 268 486 344 271 565 328 412 325 212 394 116 185 228 426 186 464 406 253 487 330 204 426 391 406 321 478 319 353 565 426 428 492 132 547 413 404 68 486 380 551 545 169 211 490 370 349 158 388 333 517 385 319 302 366 352 426 26 586 546 329 360 468 427 343 624 413 317 402 197 408 364 392 520 
250 213 70 354 373 557 75 394 672 337 291 677 413 205 439 421 597 204 363 426 626 185 641 391 459 690 187 83 593 509 494 414 517 528 488 774 391 565 605 336 611 344 295 190 684 586 634 610 300 374 536 355 394 193 390 282 704 542 488 362 410 147 603 183 630 667 535 508 642 515 377 689 204 156 195 377 549 430 243 649 
760 447 550 302 349 390 582 311 408 686 613 679 386 818 533 238 269 493 257 186 295 491 435 739 160 308 737 576 450 560 618 563 737 134 277 277 772 538 627 326 754 784 796 463 339 230 725 749 344 410 737 711 460 540 710 706 421 465 408 426 652 759 418 436 814 647 89 240 449 400 648 811 817 728 807 370 517 425 799 612 
382 553 490 347 642 252 407 632 340 212 204 196 707 597 72 381 383 297 515 500 385 567 288 219 473 437 423 536 229 61 17 70 139 468 697 565 261 132 126 331 162 319 385 340 407 408 161 159 546 211 135 220 738 291 187 284 366 175 201 689 111 545 265 398 215 191 519 688 278 797 140 235 604 447 593 250 134 747 451 181 
363 452 404 241 535 205 332 525 315 215 170 279 600 549 37 280 317 208 408 395 328 470 269 250 371 388 386 451 211 105 124 54 229 375 589 510 290 158 205 224 270 329 378 244 364 334 265 267 440 105 233 234 632 215 217 271 345 152 135 584 147 493 236 299 320 264 422 582 264 690 154 343 555 403 544 145 144 640 428 242 
23 424 287 444 578 556 193 592 671 177 188 571 627 226 374 514 643 250 527 568 663 405 627 207 582 727 52 311 570 432 388 334 358 631 683 836 189 502 508 420 463 126 68 281 710 646 502 464 491 387 381 181 617 203 223 102 702 510 483 580 278 190 593 324 461 572 656 696 622 731 245 535 236 89 226 412 495 650 70 565 
286 485 406 321 591 304 317 587 408 121 106 292 654 498 99 371 421 221 477 477 431 493 358 147 461 489 325 451 299 146 106 55 150 473 659 612 188 218 224 301 225 234 293 268 464 438 243 223 493 195 162 136 677 205 114 189 437 239 237 630 46 448 329 330 258 289 518 657 351 750 53 303 506 348 495 235 213 691 355 279 
698 407 500 238 331 333 524 294 364 620 548 622 376 765 468 172 221 430 217 139 252 451 385 673 100 276 677 529 395 496 554 497 672 70 280 274 706 478 567 262 691 719 733 403 302 182 664 686 308 344 672 645 447 477 644 641 381 405 345 409 586 705 365 380 751 590 25 248 398 407 582 749 764 669 754 304 456 419 738 555 
624 479 520 210 467 135 504 437 169 505 444 423 525 752 311 157 37 378 322 256 71 518 183 547 199 130 625 561 194 319 385 349 510 138 456 223 585 286 375 225 509 616 650 373 134 37 475 505 405 226 506 527 586 417 514 547 192 213 170 540 444 691 162 383 573 391 194 431 196 581 451 560 755 628 744 200 266 570 679 356 
287 287 169 474 441 678 190 470 793 418 387 784 468 122 550 540 718 323 463 532 748 247 761 463 571 811 215 144 713 619 598 522 603 643 562 893 453 679 713 456 703 393 326 311 806 706 733 703 388 494 625 431 431 306 470 351 825 660 608 410 504 92 724 300 714 776 645 587 762 564 469 780 115 178 110 499 664 475 249 760 
214 270 128 404 430 593 104 453 709 328 294 691 469 149 458 473 642 238 422 483 670 239 675 377 515 734 145 132 625 527 505 429 513 582 546 823 370 588 620 384 611 316 257 233 727 634 640 611 359 409 534 342 445 215 381 265 741 571 522 415 412 89 638 236 624 683 591 567 675 570 377 689 150 109 139 417 574 484 194 667 
468 80 190 209 138 460 256 146 556 472 399 680 199 460 446 246 439 244 113 188 475 123 544 533 238 530 423 208 516 509 531 446 607 319 237 581 551 537 608 209 673 532 511 195 537 415 674 671 44 319 619 496 223 282 516 453 585 484 413 175 495 405 508 134 714 659 306 252 551 298 473 749 458 401 449 294 516 234 485 630 
353 217 202 119 310 330 184 307 441 310 235 512 373 433 273 190 359 88 208 235 389 238 416 371 248 452 329 246 376 339 355 270 432 303 386 538 395 376 439 99 497 390 390 55 447 348 500 495 212 159 443 336 398 135 350 309 473 333 269 350 321 371 379 70 538 493 322 389 419 469 301 574 435 323 424 148 356 410 390 467 
338 399 351 202 486 226 284 478 341 210 149 333 551 509 90 250 321 156 363 357 337 416 300 255 340 400 353 398 245 158 173 91 265 355 545 516 292 208 259 182 317 320 359 190 381 332 317 314 390 76 272 232 581 167 225 253 373 189 152 533 167 451 265 245 363 317 398 540 297 642 163 392 514 366 503 115 191 590 399 294 
670 604 624 326 606 106 589 578 27 525 478 329 666 832 307 288 115 456 460 397 85 639 66 552 340 102 685 668 115 283 354 350 477 277 597 231 593 224 301 334 448 639 688 465 67 154 402 443 539 285 467 542 725 486 519 581 53 169 179 678 442 771 78 489 514 295 332 572 81 723 459 482 836 695 824 277 212 711 732 262 
505 428 437 151 457 99 403 436 205 382 321 355 521 648 194 143 149 271 312 269 169 460 185 424 228 233 510 482 155 217 276 229 397 209 478 344 462 206 294 154 411 493 529 278 220 160 386 407 376 107 395 404 571 305 392 425 237 137 68 522 324 587 148 303 471 326 262 461 190 594 328 471 652 516 641 90 184 565 562 293 
253 365 237 528 522 714 227 549 830 407 391 790 550 40 567 596 766 359 535 600 794 327 795 444 635 858 186 220 743 634 604 534 592 704 642 947 427 698 722 508 695 361 285 357 850 758 731 696 464 530 614 415 513 332 457 334 862 687 642 492 502 50 758 358 698 786 711 666 794 646 467 770 33 153 28 540 686 557 200 773 
542 567 553 298 608 76 497 587 145 386 349 213 672 726 166 294 211 364 463 420 202 594 94 408 374 246 566 599 34 133 204 210 327 339 628 376 449 78 164 296 306 499 554 387 214 243 266 301 524 200 318 401 720 383 374 448 172 27 91 671 297 668 71 428 371 182 395 610 86 746 317 350 731 581 720 213 63 716 607 147 
363 567 495 374 663 288 408 655 376 191 196 205 727 585 102 412 420 306 540 528 422 578 322 191 503 473 409 541 265 96 27 86 103 501 722 602 231 164 142 356 141 293 362 351 443 444 152 139 566 239 101 196 755 295 160 265 401 211 237 707 88 536 301 412 187 206 551 715 312 819 121 218 593 435 582 278 169 766 433 202 
681 596 623 319 591 119 592 562 53 540 490 357 649 836 324 277 93 460 446 380 60 632 94 570 323 76 693 666 139 304 375 367 499 256 578 205 611 248 327 330 474 654 700 466 42 131 428 469 527 291 490 558 710 492 536 594 69 190 191 664 460 776 101 487 540 323 310 551 109 704 476 510 840 702 829 279 235 695 742 290 
55 445 316 427 593 513 215 603 626 117 141 512 646 287 323 495 608 237 528 561 626 432 580 146 569 689 111 346 522 378 331 282 297 610 692 803 132 449 451 402 402 80 70 277 670 615 442 403 501 353 320 120 642 190 162 43 657 462 441 603 220 249 548 327 401 514 640 702 575 749 187 474 297 145 287 382 443 672 124 508 
374 121 77 357 274 592 177 302 701 448 392 755 304 286 512 414 604 269 307 381 637 80 678 505 427 697 309 39 638 582 580 495 620 505 394 764 509 629 682 346 707 466 418 234 698 586 724 706 224 419 638 468 275 278 500 400 732 594 531 248 509 241 641 192 733 741 498 420 682 403 478 786 281 277 274 410 611 315 363 718 
3262 6804 4900 8596 9030 10766 4354 9394 12404 5670 5782 11200 9464 1232 8386 9576 11760 5992 9030 9870 12096 6300 11830 5964 10276 13006 2688 4774 11046 9240 8638 7840 8106 11158 10696 14392 5586 10206 10318 8288 9590 4578 3444 6146 12824 11704 10192 9604 8134 8274 8428 5670 8974 5460 6258 4620 12838 10234 9744 8666 7098 1890 11340 6370 9464 11214 11340 11018 11788 10836 6636 10556 1344 2506 1400 8512 10080 9590 2282 11116 
6720 8120 7588 4676 9016 2310 6594 8792 3318 4396 4088 2142 9926 9548 1526 4886 4228 4844 7084 6636 4158 8414 2562 4564 6104 4788 7182 8246 1792 658 1582 2030 3262 5796 9520 6594 5152 336 1190 4550 2982 5936 6804 5306 4326 4648 2506 2912 7742 2912 3108 4550 10486 4956 4116 5348 3654 1176 1960 9800 3038 8778 2324 6020 3878 1820 6566 9324 2408 11074 3388 3710 9646 7476 9492 3318 448 10514 7672 1456 
7740 1035 3180 4470 1410 8235 4515 1860 9615 8145 7095 11550 1995 6975 8010 4935 7800 4815 2550 3720 8340 1500 9480 9060 4575 9120 6930 3135 9075 8970 9255 7980 10320 5805 3210 9735 9270 9420 10470 4485 11385 8865 8415 4080 9270 7395 11430 11355 1200 6135 10530 8505 2055 5295 8850 7740 10050 8625 7560 1380 8640 6255 8955 3135 11970 11235 5460 3615 9585 3555 8265 12540 6900 6525 6810 5760 9090 2385 7815 10800 
3490 5830 5040 4020 6850 3240 4120 6780 4100 1770 1950 2190 7490 5760 1350 4430 4550 3200 5650 5570 4570 5920 3560 1660 5340 5090 3990 5480 2990 1310 600 1110 680 5340 7470 6370 2050 1960 1640 3830 1260 2710 3440 3660 4780 4790 1510 1250 5870 2680 700 1770 7730 3030 1380 2520 4340 2460 2720 7260 780 5300 3360 4280 1620 2250 5840 7420 3460 8420 1130 2050 5850 4270 5740 3080 2030 7870 4180 2250 
8176 8414 8288 4592 8890 1190 7546 8568 1582 5978 5474 2982 9772 10766 2912 4438 2870 5684 6846 6160 2660 8820 826 6244 5474 3150 8526 8946 308 2352 3318 3514 5012 4872 9086 4956 6832 1428 2492 4592 4550 7546 8344 5978 2660 3388 3920 4480 7756 3346 4844 6174 10486 5964 5782 6860 1904 980 1778 9800 4690 9954 742 6524 5474 2520 5670 8806 658 10752 4998 5054 10836 8736 10682 3486 1330 10402 9100 2030 
3540 2004 336 4032 3924 6636 1188 4200 7992 4440 3816 8316 4392 2904 5412 4800 6984 2520 3912 4704 7356 1656 7656 5112 5160 8100 2796 492 7116 6252 6156 5160 6540 6024 5316 9048 5148 6888 7428 3840 7632 4632 4080 2208 8064 6828 7872 7620 3096 4464 6768 4668 4164 2508 5076 3852 8364 6540 5844 3768 5232 2244 7200 1944 7896 8160 6060 5580 7680 5616 4836 8568 2868 2436 2760 4452 6684 4596 3480 7920 
9178 3380 5148 5876 1833 8983 6396 2106 9958 9568 8658 12207 988 8112 9256 5954 8190 6669 3705 4446 8658 3614 9984 10374 5200 9191 8424 4966 9776 10036 10374 9295 11401 6162 2158 9282 10556 10296 11284 5980 12246 10192 9763 6019 9425 7748 12233 12220 3055 7527 11557 9893 923 7098 10179 9230 10283 9503 8567 1326 9958 7592 9568 5200 12805 11882 5603 2652 10114 936 9646 13221 8021 8034 7956 7124 9997 455 9165 11492 
7969 7878 7878 4277 8177 1014 7254 7865 975 5967 5460 3185 8996 10296 3107 4017 2301 5512 6279 5577 2054 8281 273 6253 4914 2444 8255 8476 494 2652 3562 3679 5135 4264 8281 4121 6786 1820 2795 4303 4706 7436 8151 5733 1989 2795 4108 4641 7176 3289 4992 6162 9685 5811 5811 6760 1287 1287 1807 9061 4810 9529 403 6188 5564 2743 5005 7995 182 9854 5070 5161 10361 8437 10205 3354 1716 9581 8814 2314 
3612 4056 3408 2172 5232 3324 2628 5184 4728 2472 1584 4776 6000 5412 1860 2916 4236 1068 3900 3984 4488 4224 4272 3132 3912 5256 3660 3972 3660 2700 2772 1740 3660 4272 6072 6552 3504 3300 3900 1884 4452 3660 3948 1500 5076 4284 4512 4428 4068 1176 3792 2772 6300 1272 2832 2748 5112 3012 2448 5724 2352 4704 3840 2196 4932 4608 4692 6060 4260 7140 2160 5376 5472 3756 5340 1476 3096 6456 4284 4344 
5730 2580 3510 1430 2120 3500 3840 1820 4220 5220 4470 6160 2700 6180 4160 1190 2880 3090 720 140 3240 3020 4250 5800 620 3710 5440 3790 4120 4630 5060 4340 6100 1450 2150 4060 6080 4670 5510 1630 6510 6100 6110 2720 3850 2570 6360 6470 1630 2780 6160 5480 3310 3560 5550 5300 4470 4000 3290 2870 5100 5590 3940 2380 7040 5890 1280 2010 4350 3330 4980 7190 6170 5320 6080 2390 4440 3150 6060 5560 
8110 6100 6790 3740 5520 2940 6780 5160 2460 6930 6320 5550 5990 9270 4920 3060 1640 5580 4270 3480 1610 6530 2930 7330 2930 1240 8080 7150 3340 4890 5590 5330 6840 2110 5000 520 7720 4410 5240 3940 6680 8040 8380 5470 1620 1530 6260 6630 5180 4150 6770 7150 6700 6000 7000 7350 2440 3750 3500 6300 6280 8650 2950 5450 7340 5210 2360 4650 3070 6250 6370 7080 9280 8090 9170 3860 4260 6410 8640 4880 
4628 2782 2626 1521 3978 4303 2431 3939 5733 4082 3107 6695 4797 5655 3588 2431 4641 1196 2652 3003 5031 3068 5421 4875 3185 5850 4329 3198 4901 4433 4654 3562 5655 3900 4966 6968 5187 4914 5746 1261 6513 5122 5122 754 5798 4511 6539 6474 2704 2080 5811 4420 5135 1807 4602 4069 6149 4355 3510 4511 4225 4862 4927 897 7046 6448 4147 4992 5460 6045 3965 7501 5681 4238 5538 1924 4654 5291 5122 6097 
9390 9885 9720 5790 10365 2085 8880 10005 1800 6945 6525 2865 11310 12270 3735 5565 3645 6900 8175 7410 3315 10305 1140 7155 6645 3615 9825 10425 1185 2970 3915 4350 5595 5910 10515 5490 7770 1875 2640 5790 4860 8610 9525 7245 3060 4215 4095 4785 9165 4425 5370 7125 12075 7170 6660 7950 1965 1830 2760 11355 5505 11415 1440 7845 5850 2355 6765 10200 930 12330 5880 5235 12360 10080 12195 4590 1935 11970 10395 1905 
2640 4125 2684 5830 5852 7821 2497 6149 9097 4356 4213 8602 6182 297 6171 6589 8426 3927 5962 6666 8734 3707 8701 4752 7040 9438 1914 2530 8129 6897 6545 5797 6391 7788 7172 10439 4554 7612 7854 5610 7535 3817 2981 3938 9339 8349 7931 7535 5192 5808 6633 4444 5786 3608 4895 3553 9460 7513 7029 5544 5412 462 8294 3982 7546 8558 7865 7436 8690 7249 5027 8349 264 1573 165 5929 7480 6270 2035 8426 
2100 2370 1060 3090 3910 4920 60 4060 6080 2670 2170 6020 4400 2440 3650 3790 5430 1370 3520 4040 5710 2220 5750 3240 4290 6350 1610 1430 5250 4350 4190 3390 4440 4910 4980 7270 3280 4920 5300 2880 5370 2900 2540 1350 6270 5360 5600 5360 3060 3080 4630 2870 4320 1190 3210 2210 6410 4720 4220 3940 3360 1820 5380 1520 5570 5930 5050 5140 5750 5430 3030 6150 2460 1420 2350 3170 4770 4630 2230 5750 
7112 1162 2772 4970 2058 8470 4158 2562 9828 7784 6874 11382 2282 5978 8022 5474 8176 4830 3318 4424 8666 1120 9660 8624 5208 9422 6272 2520 9226 8946 9128 7924 9982 6370 3724 10038 8778 9436 10360 4928 11060 8288 7742 4172 9548 7812 11172 11032 2044 6370 10192 8106 1848 5180 8484 7280 10234 8750 7770 1470 8400 5376 9156 3332 11550 11102 6062 4158 9744 3640 8022 12152 5880 5852 5810 6076 9142 2394 7056 10724 
7227 5841 6248 2849 5698 1397 6028 5368 1364 5819 5192 4444 6336 8745 3564 2299 198 4609 4114 3366 209 6259 1639 6226 2728 913 7282 6710 1914 3531 4290 4015 5665 1991 5533 2134 6666 3047 3993 3003 5544 7062 7491 4598 902 627 5115 5489 5027 2849 5599 6039 7018 5016 5863 6336 1584 2288 1991 6512 5060 8074 1518 4752 6259 4081 2585 5236 1804 6919 5170 6039 8778 7337 8657 2618 2860 6831 7854 3696 
8876 7350 7784 3500 7294 1372 7420 6888 1568 7042 6258 5292 8120 10878 4144 2884 560 5600 5264 4354 560 7868 1792 7546 3570 1442 8960 8372 2072 4088 5054 4718 6804 2716 7182 3094 8106 3486 4690 3654 6664 8624 9184 5628 1288 1078 6118 6594 6384 3318 6720 7322 8960 6090 7070 7714 1918 2506 2142 8316 6048 10024 1568 5866 7574 4830 3500 6818 1988 8918 6202 7294 10920 9044 10766 3052 3234 8750 9688 4340 
4356 1968 1944 1764 3204 4536 2040 3216 5832 4128 3252 6780 3936 4944 3900 2544 4728 1392 2220 2736 5112 2232 5568 4872 3036 5844 3960 2448 5112 4692 4872 3852 5736 3828 4236 6780 5112 5136 5904 1584 6564 4956 4848 816 5832 4560 6612 6540 2028 2532 5880 4440 4188 1896 4656 3996 6204 4620 3828 3624 4392 4224 5112 312 7032 6552 3948 4320 5616 5124 4116 7488 4956 3804 4824 2364 4896 4368 4704 6240 
2750 2343 770 3894 4103 6127 825 4334 7392 3707 3201 7447 4543 2255 4829 4631 6567 2244 3993 4686 6886 2035 7051 4301 5049 7590 2057 913 6523 5599 5434 4554 5687 5808 5368 8514 4301 6215 6655 3696 6721 3784 3245 2090 7524 6446 6974 6710 3300 4114 5896 3905 4334 2123 4290 3102 7744 5962 5368 3982 4510 1617 6633 2013 6930 7337 5885 5588 7062 5665 4147 7579 2244 1716 2145 4147 6039 4730 2673 7139 
10640 6258 7700 4228 4886 5460 8148 4354 5712 9604 8582 9506 5404 11452 7462 3332 3766 6902 3598 2604 4130 6874 6090 10346 2240 4312 10318 8064 6300 7840 8652 7882 10318 1876 3878 3878 10808 7532 8778 4564 10556 10976 11144 6482 4746 3220 10150 10486 4816 5740 10318 9954 6440 7560 9940 9884 5894 6510 5712 5964 9128 10626 5852 6104 11396 9058 1246 3360 6286 5600 9072 11354 11438 10192 11298 5180 7238 5950 11186 8568 
3820 5530 4900 3470 6420 2520 4070 6320 3400 2120 2040 1960 7070 5970 720 3810 3830 2970 5150 5000 3850 5670 2880 2190 4730 4370 4230 5360 2290 610 170 700 1390 4680 6970 5650 2610 1320 1260 3310 1620 3190 3850 3400 4070 4080 1610 1590 5460 2110 1350 2200 7380 2910 1870 2840 3660 1750 2010 6890 1110 5450 2650 3980 2150 1910 5190 6880 2780 7970 1400 2350 6040 4470 5930 2500 1340 7470 4510 1810 
5082 6328 5656 3374 7490 2870 4648 7350 4410 3010 2380 3906 8400 7686 518 3920 4438 2912 5712 5530 4592 6580 3766 3500 5194 5432 5404 6314 2954 1470 1736 756 3206 5250 8246 7140 4060 2212 2870 3136 3780 4606 5292 3416 5096 4676 3710 3738 6160 1470 3262 3276 8848 3010 3038 3794 4830 2128 1890 8176 2058 6902 3304 4186 4480 3696 5908 8148 3696 9660 2156 4802 7770 5642 7616 2030 2016 8960 5992 3388 
230 4240 2870 4440 5780 5560 1930 5920 6710 1770 1880 5710 6270 2260 3740 5140 6430 2500 5270 5680 6630 4050 6270 2070 5820 7270 520 3110 5700 4320 3880 3340 3580 6310 6830 8360 1890 5020 5080 4200 4630 1260 680 2810 7100 6460 5020 4640 4910 3870 3810 1810 6170 2030 2230 1020 7020 5100 4830 5800 2780 1900 5930 3240 4610 5720 6560 6960 6220 7310 2450 5350 2360 890 2260 4120 4950 6500 700 5650 
3146 5335 4466 3531 6501 3344 3487 6457 4488 1331 1166 3212 7194 5478 1089 4081 4631 2431 5247 5247 4741 5423 3938 1617 5071 5379 3575 4961 3289 1606 1166 605 1650 5203 7249 6732 2068 2398 2464 3311 2475 2574 3223 2948 5104 4818 2673 2453 5423 2145 1782 1496 7447 2255 1254 2079 4807 2629 2607 6930 506 4928 3619 3630 2838 3179 5698 7227 3861 8250 583 3333 5566 3828 5445 2585 2343 7601 3905 3069 
10470 6105 7500 3570 4965 4995 7860 4410 5460 9300 8220 9330 5640 11475 7020 2580 3315 6450 3255 2085 3780 6765 5775 10095 1500 4140 10155 7935 5925 7440 8310 7455 10080 1050 4200 4110 10590 7170 8505 3930 10365 10785 10995 6045 4530 2730 9960 10290 4620 5160 10080 9675 6705 7155 9660 9615 5715 6075 5175 6135 8790 10575 5475 5700 11265 8850 375 3720 5970 6105 8730 11235 11460 10035 11310 4560 6840 6285 11070 8325 
7488 5748 6240 2520 5604 1620 6048 5244 2028 6060 5328 5076 6300 9024 3732 1884 444 4536 3864 3072 852 6216 2196 6564 2388 1560 7500 6732 2328 3828 4620 4188 6120 1656 5472 2676 7020 3432 4500 2700 6108 7392 7800 4476 1608 444 5700 6060 4860 2712 6072 6324 7032 5004 6168 6564 2304 2556 2040 6480 5328 8292 1944 4596 6876 4692 2328 5172 2352 6972 5412 6720 9060 7536 8928 2400 3192 6840 8148 4272 
3157 3157 1859 5214 4851 7458 2090 5170 8723 4598 4257 8624 5148 1342 6050 5940 7898 3553 5093 5852 8228 2717 8371 5093 6281 8921 2365 1584 7843 6809 6578 5742 6633 7073 6182 9823 4983 7469 7843 5016 7733 4323 3586 3421 8866 7766 8063 7733 4268 5434 6875 4741 4741 3366 5170 3861 9075 7260 6688 4510 5544 1012 7964 3300 7854 8536 7095 6457 8382 6204 5159 8580 1265 1958 1210 5489 7304 5225 2739 8360 
2140 2700 1280 4040 4300 5930 1040 4530 7090 3280 2940 6910 4690 1490 4580 4730 6420 2380 4220 4830 6700 2390 6750 3770 5150 7340 1450 1320 6250 5270 5050 4290 5130 5820 5460 8230 3700 5880 6200 3840 6110 3160 2570 2330 7270 6340 6400 6110 3590 4090 5340 3420 4450 2150 3810 2650 7410 5710 5220 4150 4120 890 6380 2360 6240 6830 5910 5670 6750 5700 3770 6890 1500 1090 1390 4170 5740 4840 1940 6670 
7020 1200 2850 3135 2070 6900 3840 2190 8340 7080 5985 10200 2985 6900 6690 3690 6585 3660 1695 2820 7125 1845 8160 7995 3570 7950 6345 3120 7740 7635 7965 6690 9105 4785 3555 8715 8265 8055 9120 3135 10095 7980 7665 2925 8055 6225 10110 10065 660 4785 9285 7440 3345 4230 7740 6795 8775 7260 6195 2625 7425 6075 7620 2010 10710 9885 4590 3780 8265 4470 7095 11235 6870 6015 6735 4410 7740 3510 7275 9450 
4942 3038 2828 1666 4340 4620 2576 4298 6174 4340 3290 7168 5222 6062 3822 2660 5026 1232 2912 3290 5446 3332 5824 5194 3472 6328 4606 3444 5264 4746 4970 3780 6048 4242 5404 7532 5530 5264 6146 1386 6958 5460 5460 770 6258 4872 7000 6930 2968 2226 6202 4704 5572 1890 4900 4326 6622 4662 3766 4900 4494 5194 5306 980 7532 6902 4508 5446 5866 6566 4214 8036 6090 4522 5936 2072 4984 5740 5460 6538 
3380 3990 3510 2020 4860 2260 2840 4780 3410 2100 1490 3330 5510 5090 900 2500 3210 1560 3630 3570 3370 4160 3000 2550 3400 4000 3530 3980 2450 1580 1730 910 2650 3550 5450 5160 2920 2080 2590 1820 3170 3200 3590 1900 3810 3320 3170 3140 3900 760 2720 2320 5810 1670 2250 2530 3730 1890 1520 5330 1670 4510 2650 2450 3630 3170 3980 5400 2970 6420 1630 3920 5140 3660 5030 1150 1910 5900 3990 2940 
9380 8456 8736 4564 8484 1484 8246 8092 378 7350 6692 4606 9324 11648 4298 4032 1610 6384 6440 5558 1190 8946 924 7728 4760 1428 9590 9352 1610 3962 4956 4900 6678 3878 8358 3234 8302 3136 4214 4676 6272 8946 9632 6510 938 2156 5628 6202 7546 3990 6538 7588 10150 6804 7266 8134 742 2366 2506 9492 6188 10794 1092 6846 7196 4130 4648 8008 1134 10122 6426 6748 11704 9730 11536 3878 2968 9954 10248 3668 
6060 5136 5244 1812 5484 1188 4836 5232 2460 4584 3852 4260 6252 7776 2328 1716 1788 3252 3744 3228 2028 5520 2220 5088 2736 2796 6120 5784 1860 2604 3312 2748 4764 2508 5736 4128 5544 2472 3528 1848 4932 5916 6348 3336 2640 1920 4632 4884 4512 1284 4740 4848 6852 3660 4704 5100 2844 1644 816 6264 3888 7044 1776 3636 5652 3912 3144 5532 2280 7128 3936 5652 7824 6192 7692 1080 2208 6780 6744 3516 
3036 4380 2844 6336 6264 8568 2724 6588 9960 4884 4692 9480 6600 480 6804 7152 9192 4308 6420 7200 9528 3924 9540 5328 7620 10296 2232 2640 8916 7608 7248 6408 7104 8448 7704 11364 5124 8376 8664 6096 8340 4332 3420 4284 10200 9096 8772 8352 5568 6360 7368 4980 6156 3984 5484 4008 10344 8244 7704 5904 6024 600 9096 4296 8376 9432 8532 7992 9528 7752 5604 9240 396 1836 336 6480 8232 6684 2400 9276 
7588 7938 7742 4172 8512 1064 6958 8218 2030 5404 4886 2982 9408 10164 2324 4116 2954 5096 6482 5880 2828 8316 1316 5712 5236 3444 7924 8386 476 1862 2856 2940 4578 4746 8792 5264 6286 1092 2296 4144 4284 6986 7756 5418 2996 3402 3724 4214 7336 2800 4452 5614 10080 5362 5236 6272 2408 378 1274 9394 4158 9352 994 5992 5194 2548 5530 8540 1204 10444 4438 4900 10234 8134 10080 2982 882 10024 8498 2058 
3630 5670 4950 3740 6630 2880 4080 6550 3760 1910 1960 2050 7270 5850 1020 4120 4200 3060 5400 5280 4220 5780 3220 1910 5030 4730 4090 5410 2650 960 270 860 1030 5010 7220 6020 2310 1640 1420 3560 1410 2930 3620 3510 4430 4440 1520 1390 5660 2390 1010 1960 7550 2950 1600 2650 4010 2110 2370 7070 880 5360 3010 4120 1870 2060 5510 7150 3120 8190 1210 2180 5930 4350 5820 2780 1690 7660 4330 2020 
6810 5960 6230 3190 5910 1190 5920 5620 530 5400 4900 3570 6490 8360 3240 2770 930 4600 4460 3800 600 6320 940 5700 3230 760 6930 6660 1390 3040 3750 3670 4990 2560 5780 2050 6110 2480 3270 3300 4740 6540 7000 4660 420 1310 4280 4690 5270 2910 4900 5580 7100 4920 5360 5940 690 1900 1910 6640 4600 7760 1010 4870 5400 3230 3100 5510 1090 7040 4760 5100 8400 7020 8290 2790 2350 6950 7420 2900 
660 5340 3792 5124 7116 6156 2580 7236 7512 1404 1692 6144 7752 3444 3876 5940 7296 2844 6336 6732 7512 5184 6960 1752 6828 8268 1332 4152 6264 4536 3972 3384 3564 7320 8304 9636 1584 5388 5412 4824 4824 960 840 3324 8040 7380 5304 4836 6012 4236 3840 1440 7704 2280 1944 516 7884 5544 5292 7236 2640 2988 6576 3924 4812 6168 7680 8424 6900 8988 2244 5688 3564 1740 3444 4584 5316 8064 1488 6096 
4862 1573 1001 4641 3562 7696 2301 3926 9113 5824 5096 9815 3952 3718 6656 5382 7852 3497 3991 4953 8281 1040 8814 6565 5551 9061 4017 507 8294 7566 7540 6435 8060 6565 5122 9932 6617 8177 8866 4498 9191 6058 5434 3042 9074 7618 9412 9178 2912 5447 8294 6084 3575 3614 6500 5200 9516 7722 6903 3224 6617 3133 8333 2496 9529 9633 6474 5460 8866 5239 6214 10218 3653 3601 3562 5330 7943 4095 4719 9334 
525 195 406 493 89 517 152 551 448 273 442 534 159 134 482 615 510 354 357 735 555 651 641 184 362 495 747 451 267 306 614 147 194 356 456 290 571 258 241 553 266 470 738 728 480 180 429 645 336 285 400 447 487 217 575 158 482 423 627 654 420 800 531 288 443 447 418 306 387 347 258 173 600 855 672 292 566 418 282 470 386 116 592 500 591 163 452 485 675 537 138 274 199 652 202 480 256 549 720 423 251 192 375 505 323 386 492 444 157 182 414 745 695 793 201 473 595 265 536 628 470 133 544 189 883 197 218 567 264 283 405 58 675 380 569 597 166 317 546 68 504 297 84 599 489 314 842 328 540 243 188 233 652 779 153 623 487 564 284 400 465 89 686 553 134 179 634 65 649 577 650 247 652 460 671 226 556 213 716 174 509 526 214 234 388 675 720 591 763 645 370 674 204 587 658 610 833 519 812 293 
700 561 321 64 491 205 480 109 545 179 200 789 343 524 40 215 272 103 151 624 429 226 559 361 86 240 555 48 244 415 697 309 497 124 123 514 628 272 278 545 408 86 293 542 92 561 502 532 292 447 432 415 253 565 395 437 348 430 276 207 44 621 397 165 134 14 454 265 60 182 502 468 399 664 264 525 743 662 175 698 275 445 229 275 585 293 136 141 246 685 309 441 536 207 246 534 598 441 311 432 537 535 373 405 168 104 762 76 298 421 205 649 249 524 294 25 503 615 701 181 113 406 687 442 705 426 314 356 208 601 584 438 234 642 477 690 446 433 102 403 89 150 371 473 232 219 621 310 563 543 571 269 207 621 331 495 479 121 333 99 320 385 322 836 313 570 202 388 202 237 493 477 369 31 225 257 118 329 273 490 712 806 281 306 643 443 384 675 529 596 565 250 274 139 351 336 603 214 583 273 
646 446 316 182 364 290 367 241 505 79 244 714 200 402 173 344 330 87 145 661 458 365 582 221 57 301 618 162 115 354 673 183 392 57 204 431 608 199 144 540 334 162 436 602 172 443 465 565 260 374 401 405 305 455 442 329 370 408 387 350 130 682 426 74 202 147 425 154 88 98 412 327 456 731 398 441 691 586 87 628 270 327 342 327 583 169 209 234 387 639 176 365 426 342 108 508 491 464 446 409 440 424 344 420 129 82 682 136 156 281 232 682 385 614 153 168 526 507 650 320 208 293 642 342 769 287 225 412 121 501 521 309 377 559 497 661 305 372 237 261 219 35 231 506 293 178 697 272 550 443 453 182 350 675 217 530 469 264 273 143 341 259 441 755 176 450 343 248 341 340 539 343 456 151 361 162 246 239 416 381 650 725 140 224 562 515 493 649 606 609 496 389 170 280 448 418 682 297 661 156 
467 470 82 338 451 121 400 355 305 255 79 580 451 463 310 247 57 229 165 353 151 305 281 487 283 65 311 233 417 239 433 326 392 345 160 352 363 203 436 271 259 365 420 294 371 479 263 257 129 282 197 154 46 460 133 355 69 183 205 373 239 374 119 249 145 265 213 464 265 404 357 571 149 424 294 364 506 468 241 488 75 389 195 44 310 314 145 156 328 443 348 284 435 412 331 279 478 162 330 185 403 438 151 126 186 348 564 351 383 539 79 376 442 333 425 286 224 497 463 381 177 349 442 340 460 551 244 109 229 465 373 419 361 461 198 428 552 249 344 456 232 281 424 198 67 158 396 144 295 415 489 230 362 364 307 221 213 302 193 187 42 372 258 637 365 493 307 431 392 165 228 614 192 310 423 243 368 252 396 396 489 609 418 228 458 219 271 412 310 317 368 321 263 341 205 151 384 113 363 464 
775 695 381 148 635 193 614 105 613 327 245 880 503 665 139 103 274 246 263 604 436 77 560 521 246 249 507 150 403 513 743 457 625 281 173 622 672 392 437 577 516 193 137 500 189 697 570 524 382 551 501 465 267 695 385 568 375 491 191 63 180 572 409 313 192 156 520 418 216 333 616 628 377 604 126 634 815 760 320 787 344 584 153 283 613 441 186 160 91 753 462 548 666 104 402 590 724 454 166 493 656 666 446 430 293 256 859 205 456 580 267 633 131 442 454 135 509 742 772 74 153 543 752 568 648 585 440 341 345 722 671 585 74 745 489 739 606 528 98 560 101 306 528 471 245 330 553 401 604 665 708 399 56 581 472 487 524 40 437 208 352 532 213 933 467 708 49 544 81 180 472 635 306 161 113 393 114 455 115 621 794 904 441 429 744 394 282 723 465 605 659 97 413 52 277 289 532 202 514 427 
286 478 215 588 514 359 441 605 164 460 328 422 618 502 560 470 277 463 395 176 120 530 83 657 518 304 241 482 621 258 199 472 410 577 410 321 133 357 631 35 297 613 643 222 619 495 152 109 276 286 164 129 286 456 181 412 181 142 399 610 486 269 143 460 395 513 146 674 505 630 346 716 204 322 504 328 312 350 448 343 263 456 413 268 61 467 396 405 548 250 500 297 443 656 514 114 453 100 526 141 385 449 200 124 402 585 424 597 551 698 322 182 681 350 609 536 68 468 275 625 427 431 245 383 339 712 369 221 422 426 259 508 591 364 70 201 701 249 594 588 481 498 563 109 309 354 334 269 73 401 501 387 598 237 433 115 76 549 294 432 208 480 432 485 519 510 539 561 633 381 155 776 311 558 665 408 618 366 620 425 322 462 606 357 357 252 404 184 294 82 278 539 419 588 345 296 336 349 320 670 
565 344 283 281 262 324 265 337 434 61 259 623 148 299 267 407 340 140 158 637 436 438 551 182 148 317 614 236 135 277 607 80 292 157 250 339 546 132 141 492 250 265 522 596 275 340 399 541 214 289 341 360 315 353 435 228 350 353 431 438 205 675 406 75 240 231 364 190 172 176 318 273 454 727 463 348 610 494 73 539 243 224 391 333 535 66 249 281 461 561 77 278 325 438 26 446 390 438 511 355 342 322 290 392 126 185 588 238 82 236 236 655 480 631 122 258 496 405 570 413 262 191 566 244 762 247 140 413 75 401 438 208 460 465 468 594 252 295 332 178 290 82 145 485 309 147 701 219 495 344 350 105 437 662 116 510 419 349 204 190 325 157 489 660 82 347 419 159 434 382 526 310 479 246 456 83 344 152 500 280 565 631 117 145 469 522 532 583 614 570 410 462 81 371 477 437 688 328 667 184 
760 699 368 182 644 173 619 143 598 341 234 869 524 672 169 67 252 260 268 573 410 42 532 544 267 229 473 165 429 506 722 469 626 308 171 618 652 395 462 555 513 227 133 466 224 702 556 495 376 546 488 448 248 697 358 572 355 476 155 82 197 537 385 326 189 177 506 447 236 362 614 651 347 568 88 629 799 751 332 777 334 591 121 262 589 453 182 152 62 737 476 544 669 135 419 573 724 429 131 478 655 669 435 408 299 285 850 237 475 604 259 602 153 405 477 161 483 743 757 107 152 550 735 570 612 610 443 313 355 721 661 596 69 738 464 719 629 521 135 577 110 324 545 443 226 331 516 396 584 664 712 405 70 547 480 458 505 72 434 216 334 542 174 924 483 713 19 560 109 150 441 662 271 190 139 401 152 458 109 624 781 895 464 432 737 360 244 703 428 578 650 65 421 91 241 256 495 181 477 456 
324 578 327 686 624 444 549 696 252 574 427 460 735 608 658 542 363 571 504 96 200 599 72 774 626 393 214 581 736 371 194 589 516 686 507 421 160 474 747 125 411 714 707 202 719 597 254 112 391 395 278 245 378 555 246 523 280 258 461 687 588 211 231 573 493 613 259 788 611 741 448 832 259 256 566 427 335 417 562 397 373 568 484 357 92 584 493 497 615 285 617 406 545 737 630 206 546 186 579 257 484 552 317 225 514 693 473 700 667 814 425 84 758 341 725 634 125 560 309 707 522 544 276 494 259 829 486 291 536 516 339 620 661 439 150 207 817 361 685 704 573 610 679 161 400 467 287 385 146 499 601 503 674 174 550 147 191 634 411 535 309 595 482 522 636 611 612 677 713 454 173 892 356 658 744 524 709 482 686 532 365 504 722 473 431 276 439 193 281 34 365 605 535 673 391 354 296 434 287 785 
353 85 313 538 97 477 21 589 285 304 398 371 302 82 519 595 444 376 347 596 439 643 503 336 407 439 631 465 379 170 445 193 24 427 442 119 407 218 365 403 135 530 745 611 540 92 273 515 259 134 263 322 425 85 474 43 384 289 582 671 441 676 422 317 425 474 275 430 422 442 87 345 503 732 651 120 394 250 305 301 313 60 558 431 438 204 433 465 667 364 211 125 56 684 274 324 119 429 695 289 82 55 260 390 318 454 332 504 263 349 369 603 725 698 326 504 464 136 363 656 461 79 372 47 754 364 170 478 272 131 233 115 681 214 440 427 337 173 582 226 509 344 220 477 435 282 728 243 385 78 102 211 666 650 154 499 346 581 194 402 375 130 640 399 223 106 632 207 675 536 532 418 577 502 701 222 598 155 722 10 338 371 334 181 221 579 658 423 659 497 198 664 206 611 592 538 722 475 703 419 
359 161 241 473 147 401 87 522 258 242 322 404 285 150 452 520 369 309 274 545 376 568 451 323 344 363 568 395 342 114 429 151 87 372 368 123 381 144 334 360 74 468 672 549 478 168 236 459 184 94 209 261 350 157 406 43 314 233 507 599 372 617 356 253 350 406 225 396 357 395 99 356 434 673 576 131 403 276 241 323 238 85 482 357 398 158 358 390 592 362 176 82 129 614 229 288 186 367 620 234 126 130 194 326 247 397 369 443 233 349 293 554 654 629 299 435 408 204 367 586 387 60 369 30 698 364 98 407 205 189 231 135 607 246 383 412 344 123 514 228 436 285 211 416 359 208 665 169 347 130 178 142 593 594 105 439 296 509 120 330 303 118 564 441 193 181 558 203 604 460 470 424 504 436 631 156 531 83 648 85 353 411 303 108 250 510 584 405 593 452 200 589 144 541 518 464 658 399 638 386 
42 399 417 794 486 608 415 826 185 602 554 152 684 451 768 732 532 640 579 407 402 791 346 722 690 552 515 693 734 327 120 548 372 736 633 280 159 482 731 253 352 807 906 499 815 419 228 386 437 314 299 333 533 371 463 416 429 306 672 860 685 522 415 608 614 718 278 789 690 774 310 740 489 567 773 276 24 166 595 119 459 453 676 521 243 552 618 638 812 44 574 325 378 897 618 208 344 380 801 304 318 386 357 383 570 754 174 785 631 742 535 392 928 634 697 746 356 349 32 865 653 453 46 387 567 757 462 499 559 309 167 510 849 203 358 104 732 309 816 619 710 646 607 398 555 515 596 420 216 328 419 501 849 485 501 403 280 785 408 631 447 513 712 213 591 430 795 597 878 645 442 813 597 759 909 522 839 450 883 392 74 198 701 459 194 541 690 117 576 303 199 805 521 823 628 576 604 600 592 781 
840 754 446 171 690 257 672 114 678 379 310 945 542 721 172 153 338 299 323 660 498 105 620 557 289 313 558 204 436 577 807 509 684 315 237 685 737 453 471 641 579 211 95 552 205 755 635 583 446 614 566 530 332 754 445 627 439 556 241 9 231 621 471 365 256 203 585 443 262 359 678 665 435 650 154 697 880 824 373 852 409 641 208 347 676 493 250 225 103 818 512 611 725 50 449 655 784 516 180 558 718 725 511 493 351 287 923 230 501 616 332 689 66 482 492 177 570 802 837 35 217 601 817 628 694 619 499 401 401 784 736 639 55 809 551 803 643 592 113 606 162 353 575 531 309 391 596 466 669 726 765 458 22 633 527 546 588 88 500 267 417 585 250 998 516 765 83 591 24 238 529 665 357 195 52 450 116 514 80 680 859 969 478 489 809 446 319 787 510 666 723 114 469 64 325 344 575 266 558 454 
749 434 530 418 328 557 384 476 647 299 501 770 110 373 421 613 585 354 397 883 684 629 795 71 324 560 863 431 158 489 820 257 425 278 473 510 767 373 126 726 454 379 684 845 387 419 618 788 459 485 571 600 560 456 684 374 599 588 657 596 399 924 655 308 469 410 593 148 356 230 480 102 703 976 665 515 792 651 313 702 492 341 613 579 768 261 477 504 649 755 229 473 436 573 222 669 495 685 713 589 483 429 528 639 369 304 729 359 177 61 481 900 614 875 127 425 742 504 758 559 479 337 762 403 1011 50 360 661 323 521 623 287 631 615 713 804 89 505 476 175 487 286 182 733 552 396 949 461 723 477 426 342 600 911 301 757 655 520 434 411 574 277 711 791 210 417 604 194 580 610 775 75 720 398 592 322 476 365 667 406 738 765 135 371 622 769 763 796 861 811 590 652 309 527 714 679 936 563 915 136 
211 272 194 554 316 393 240 590 73 359 327 308 463 299 529 521 329 397 338 381 255 577 289 502 447 340 433 456 498 87 247 319 207 493 401 116 195 239 498 185 119 564 691 414 573 289 54 307 197 91 79 140 321 250 305 219 235 102 477 635 445 471 250 365 382 478 74 553 447 532 140 542 336 525 569 123 255 193 352 215 227 263 470 316 218 320 387 411 601 200 347 103 237 667 382 104 250 239 604 100 180 244 125 213 327 511 290 542 403 533 304 385 701 522 468 507 258 266 213 635 421 246 204 188 544 548 224 326 316 225 99 318 630 189 239 232 529 69 580 414 479 403 395 281 340 273 530 178 165 195 295 260 626 441 273 299 136 554 165 391 242 303 527 363 365 304 577 388 650 440 337 609 432 519 680 282 602 214 667 223 223 335 469 219 186 407 524 223 474 279 94 594 283 592 456 400 528 387 510 546 
483 529 135 376 517 130 462 383 325 323 130 606 521 526 348 238 50 289 229 301 115 297 242 556 340 82 244 274 482 290 428 397 451 403 199 401 359 273 503 260 316 408 411 228 413 540 286 211 195 334 230 173 70 517 73 418 74 209 174 378 287 309 89 316 189 308 240 528 318 464 410 642 82 357 275 412 519 502 309 515 144 454 181 48 293 385 186 185 317 455 419 338 493 425 401 290 531 133 303 211 456 497 197 115 253 402 594 398 453 610 142 327 449 262 494 325 189 550 477 394 211 416 452 401 395 621 312 39 299 516 405 487 358 499 168 427 622 297 372 527 260 346 495 154 89 228 327 207 291 469 549 301 366 303 377 173 217 321 256 241 73 441 218 665 435 554 306 501 402 149 171 684 129 352 433 314 396 320 389 457 510 638 487 296 495 148 216 410 240 285 404 308 334 359 148 91 314 120 293 529 
420 596 257 569 617 319 548 573 299 496 320 557 680 612 542 405 244 476 412 107 102 461 77 718 530 275 106 468 660 360 315 541 523 592 393 443 259 417 677 171 397 602 567 87 607 611 279 33 330 396 266 208 263 576 120 513 189 240 321 552 480 147 132 492 382 502 258 709 510 651 464 791 123 202 425 451 442 486 483 479 295 556 349 241 175 533 380 378 475 383 567 405 560 604 565 249 578 104 437 240 507 566 278 150 430 593 560 591 611 766 326 134 622 215 661 518 71 594 408 575 405 525 377 487 229 779 442 162 465 553 394 601 524 499 89 322 773 356 562 667 451 526 638 55 283 392 202 331 209 522 618 447 538 125 510 31 191 507 370 432 216 566 339 620 586 626 476 640 579 320 29 843 213 546 610 465 586 444 547 536 457 598 656 427 492 133 296 306 158 127 409 465 481 544 249 215 201 309 185 708 
452 313 154 327 269 257 234 372 309 116 179 528 269 290 304 369 243 162 120 506 309 415 418 307 207 229 494 241 267 159 479 132 241 250 214 250 416 10 275 357 145 329 517 475 338 317 271 411 82 184 209 226 220 312 316 187 226 220 366 444 222 552 280 122 197 256 233 321 213 291 238 381 339 606 426 261 496 400 109 439 122 210 336 233 401 122 205 238 439 443 157 178 283 462 158 315 340 309 471 221 275 284 156 262 95 269 499 305 199 354 150 523 501 527 254 285 365 359 455 432 233 169 446 185 638 367 58 302 74 340 328 229 453 378 336 467 363 177 363 262 282 161 231 357 223 54 585 85 362 282 327 36 439 536 114 381 285 355 77 177 204 180 425 573 174 329 404 236 450 317 401 431 384 290 478 54 382 72 494 238 458 544 251 46 380 412 454 455 502 436 305 437 70 387 391 343 574 257 553 317 
638 605 249 226 563 50 527 218 477 284 122 751 487 585 202 78 129 214 191 463 289 134 414 514 246 106 376 146 412 395 598 401 529 304 96 509 528 305 441 432 406 267 248 365 269 611 434 379 267 437 368 325 125 600 240 480 231 355 89 205 173 442 262 272 105 177 385 444 216 366 508 615 234 480 132 520 677 635 273 658 220 505 45 139 467 385 97 65 157 614 414 436 572 251 369 450 624 307 176 357 552 574 318 284 225 291 733 265 427 573 151 491 275 334 446 181 363 643 634 220 89 463 613 474 523 581 353 196 284 617 543 520 190 625 342 595 593 408 207 522 105 284 489 325 104 240 434 287 460 562 621 321 193 446 401 342 381 150 330 158 211 467 143 807 425 623 136 501 228 47 330 640 181 213 259 323 231 366 225 529 660 778 435 340 623 262 197 579 343 459 534 151 345 187 161 153 415 58 396 450 
609 620 237 306 592 74 547 295 449 338 145 729 544 608 281 118 98 277 239 391 234 175 351 574 316 97 298 222 479 394 553 443 543 376 160 508 484 333 506 384 412 346 287 289 348 629 409 313 277 438 348 296 111 612 178 501 197 330 49 263 246 364 213 327 162 254 361 515 287 439 512 671 165 401 149 519 644 621 325 638 223 531 61 111 415 428 155 131 193 581 460 439 586 316 423 416 632 254 178 332 557 589 306 241 272 366 716 343 480 632 173 420 334 256 507 260 304 651 603 287 159 490 578 489 444 641 380 134 330 621 525 553 238 615 287 552 650 404 285 570 184 345 536 263 101 273 355 294 417 569 638 355 250 370 436 276 343 224 341 220 185 502 104 787 473 642 188 546 291 33 259 701 101 292 321 361 308 391 265 546 634 760 497 365 612 184 134 535 264 399 521 184 383 259 84 76 336 70 317 519 
408 606 284 605 633 355 562 609 298 526 354 546 706 626 577 441 279 509 444 73 131 496 57 744 563 311 111 503 690 374 295 565 535 625 428 451 244 442 705 165 413 637 602 95 642 622 284 28 355 408 280 226 298 585 156 529 219 254 357 588 515 136 162 523 417 536 268 739 543 683 473 815 159 190 460 458 427 483 513 472 324 572 385 276 160 558 415 414 511 370 592 418 570 640 593 248 584 128 470 254 515 576 298 174 460 627 552 626 637 791 359 98 658 233 689 554 79 600 395 611 440 543 363 502 211 804 465 198 493 558 393 620 559 497 104 304 797 369 598 689 487 557 661 82 318 421 201 355 201 530 629 473 574 107 532 58 198 543 392 466 246 586 373 609 611 637 512 662 615 356 64 868 247 581 646 491 622 465 582 549 447 588 684 451 490 164 327 288 173 103 411 500 506 580 283 250 204 345 190 738 
718 556 348 63 479 247 475 122 565 173 235 800 313 515 57 258 312 110 170 662 464 265 594 328 70 280 597 90 208 428 723 297 496 86 163 521 654 279 242 574 417 57 323 583 66 554 523 569 311 457 454 442 291 562 434 434 381 454 321 235 74 663 432 160 172 57 477 224 59 140 507 436 439 706 305 532 761 673 172 710 301 438 273 313 616 281 174 184 284 705 293 450 533 224 227 558 596 476 352 456 539 531 395 437 179 62 771 38 275 387 237 687 266 568 263 61 538 613 719 203 155 401 707 443 747 391 316 396 208 603 598 425 266 650 511 714 414 446 118 379 134 135 350 510 271 233 664 328 591 544 564 271 237 662 325 532 507 154 345 127 353 374 367 845 294 562 240 367 224 282 532 440 412 34 243 257 127 332 304 487 727 816 249 311 652 486 428 700 572 629 577 288 271 165 395 379 647 256 626 233 
273 527 301 673 575 439 500 688 199 545 413 410 697 559 645 545 357 549 481 147 195 604 89 736 604 386 253 567 705 327 151 550 466 663 495 370 108 439 714 81 366 699 715 239 705 545 205 133 360 348 237 213 369 503 250 476 265 220 469 688 572 259 222 545 480 599 216 758 592 716 398 790 268 307 575 375 287 364 534 344 349 521 488 350 41 546 480 488 621 234 578 360 494 736 596 155 494 177 592 218 433 501 281 208 488 671 421 683 631 775 408 138 759 377 690 621 124 507 258 705 511 499 226 446 312 789 447 293 506 463 286 575 666 385 142 161 776 315 677 662 565 583 638 167 392 439 334 352 95 448 550 468 676 223 510 160 153 630 373 518 293 552 496 472 598 560 615 635 713 456 194 852 371 644 744 490 701 443 693 483 313 454 688 436 377 299 459 145 317 40 312 612 499 669 406 363 341 430 330 754 
341 28 366 598 107 536 62 650 303 364 457 338 342 68 580 655 499 437 408 627 483 703 534 373 467 496 671 527 429 214 450 248 50 485 503 131 420 279 412 430 185 589 807 652 599 43 299 551 316 173 302 364 482 25 522 104 434 328 640 732 503 714 469 377 485 535 310 478 483 497 105 366 551 769 711 127 379 225 365 278 369 105 617 487 461 261 494 526 728 359 263 166 8 745 329 346 64 471 755 328 70 5 308 435 379 512 296 563 312 378 428 631 786 746 373 565 500 78 354 717 522 136 368 105 789 393 231 529 333 87 234 148 742 187 479 430 362 213 643 259 570 403 259 517 493 343 769 299 407 57 50 273 727 686 212 538 380 642 251 464 428 178 698 358 273 58 693 243 736 594 573 442 630 562 763 283 659 216 783 51 320 331 382 242 195 627 713 428 704 524 200 725 266 673 646 591 765 534 746 466 
570 614 221 361 595 114 545 353 414 366 165 695 571 608 335 175 90 315 267 332 185 231 296 604 359 106 240 271 516 379 505 460 536 420 202 491 438 342 541 337 402 400 340 230 402 624 376 257 274 423 321 263 113 603 125 500 166 300 93 321 293 307 168 357 200 304 331 555 331 483 498 697 109 346 199 502 604 593 353 606 220 533 119 101 365 446 194 177 247 541 479 426 579 375 450 377 620 206 219 302 545 582 287 201 297 413 685 395 505 660 189 361 392 212 538 313 251 639 563 346 206 493 537 485 388 670 386 85 352 606 496 561 294 591 236 506 676 387 343 589 238 380 556 208 114 287 303 289 371 557 633 367 308 312 447 220 303 282 338 259 162 512 129 755 494 638 246 564 349 92 201 732 55 344 380 376 366 395 319 541 599 729 529 370 587 126 127 489 211 344 496 237 397 318 60 18 285 106 265 558 
442 664 348 659 695 407 623 660 348 589 413 580 771 686 632 483 334 570 505 30 194 536 103 809 623 366 100 559 753 436 316 630 595 686 484 508 277 507 769 213 475 693 637 94 697 681 339 91 420 469 341 289 355 642 212 591 282 316 396 630 572 90 225 586 474 593 328 802 603 745 531 879 209 139 496 515 456 527 576 512 387 635 429 333 198 622 472 468 548 403 656 478 628 684 657 299 640 193 501 315 572 635 362 239 523 686 589 683 702 855 419 59 700 229 753 608 141 655 428 656 495 606 395 564 152 868 529 251 557 612 442 683 598 545 168 328 862 430 649 754 539 620 726 145 375 484 165 420 246 587 687 537 616 54 596 121 257 591 456 525 309 650 404 642 675 695 554 727 659 402 114 933 282 637 689 556 672 529 618 609 482 623 748 515 537 193 350 314 169 131 463 538 571 628 316 293 175 398 167 801 
573 261 402 433 156 486 206 492 479 228 414 593 88 201 424 574 490 307 320 744 555 605 652 116 306 471 744 401 196 327 651 119 247 292 416 334 602 244 169 572 289 408 686 725 417 248 455 652 329 315 416 456 465 281 568 198 476 436 594 600 370 801 529 242 405 394 436 235 333 278 304 137 591 855 630 338 615 473 239 524 374 163 556 481 612 131 414 446 628 580 98 303 259 594 147 506 320 552 678 437 305 253 382 506 287 323 552 382 94 128 389 757 636 778 130 418 603 331 582 572 429 162 587 227 885 143 214 554 228 344 448 109 624 437 575 634 123 341 488 11 457 243 22 601 464 290 836 325 564 299 256 215 600 782 147 626 503 512 287 357 455 103 653 616 85 249 586 17 593 545 649 202 631 402 613 202 497 214 665 228 560 589 143 229 444 664 692 627 754 661 415 629 182 531 634 589 826 488 805 221 
693 483 361 168 395 319 405 227 552 126 281 759 205 435 166 358 366 122 186 703 500 371 626 219 74 336 655 176 99 400 720 219 432 23 231 476 655 246 133 586 380 138 432 640 147 478 512 607 306 419 448 451 342 493 482 368 412 454 409 344 146 720 468 121 232 153 472 124 103 53 456 327 493 767 408 485 737 630 134 673 314 363 363 364 629 206 238 259 391 686 208 410 465 328 139 555 530 507 456 456 482 461 391 464 174 53 726 113 176 278 271 725 371 644 155 168 569 545 697 310 232 331 689 383 807 282 270 450 168 541 567 340 375 603 541 708 305 419 225 279 230 82 251 548 328 225 732 319 596 484 487 228 346 714 257 572 515 263 320 174 384 293 460 798 203 484 347 270 331 365 579 332 487 143 348 207 230 284 413 420 696 769 140 270 606 550 517 696 640 654 542 395 214 274 475 449 716 326 695 130 
233 468 262 642 517 419 441 662 141 499 384 370 644 499 614 533 338 510 443 196 184 592 118 683 565 364 287 536 657 270 136 497 407 622 466 311 72 390 664 35 309 665 705 270 671 486 147 156 314 290 183 169 345 444 244 418 238 169 462 672 538 304 205 501 450 567 161 711 555 672 339 734 267 354 567 316 254 312 489 297 310 462 475 328 18 494 451 463 611 195 525 301 434 716 546 96 436 163 589 167 374 442 232 182 446 632 376 647 578 720 374 193 742 404 639 590 127 449 220 685 483 442 188 388 363 734 394 285 459 406 229 517 653 331 133 138 720 258 651 606 539 539 583 170 369 395 374 305 35 389 491 418 660 269 455 172 105 608 321 483 264 495 496 433 544 501 601 579 694 443 211 797 374 611 726 440 675 389 683 424 271 412 638 384 323 312 466 121 346 86 254 602 448 647 408 359 379 410 366 706 
145 303 249 621 364 447 288 654 30 429 386 256 529 340 595 573 376 465 405 363 275 631 275 568 516 391 435 521 568 157 182 386 249 563 463 150 140 309 567 164 186 632 746 416 641 322 63 303 263 153 129 177 372 278 332 274 276 143 522 694 511 463 277 435 444 545 112 623 515 603 180 602 361 516 619 152 187 159 422 166 288 317 520 364 186 388 449 471 654 130 414 165 271 728 452 80 267 255 651 140 209 279 185 241 396 580 245 610 471 595 365 361 761 536 536 573 258 281 144 696 483 306 133 243 529 611 294 359 387 237 65 374 686 170 246 166 590 139 644 475 540 474 458 290 393 341 528 246 133 224 326 330 684 430 340 303 145 615 235 457 289 364 568 315 432 336 632 450 710 489 343 670 464 586 741 352 666 283 722 268 163 289 538 289 163 426 558 159 483 253 86 647 353 654 492 436 530 439 514 615 
147 239 284 633 310 483 235 672 100 425 415 221 498 282 609 610 419 472 417 433 336 667 346 535 519 430 503 538 550 153 233 362 194 560 487 96 204 306 545 235 170 640 780 484 649 258 120 372 280 130 169 227 411 213 390 231 324 189 567 723 525 533 334 433 468 559 159 604 523 594 127 558 420 586 659 94 191 103 420 129 315 270 560 406 257 366 474 499 690 151 388 140 210 752 434 150 198 317 695 188 146 218 214 297 402 581 200 617 445 557 391 432 787 600 511 588 326 211 154 721 507 267 158 201 600 572 280 413 383 167 19 328 719 103 312 214 548 136 662 434 564 470 421 355 430 350 598 260 204 160 261 322 714 501 315 371 208 640 237 473 332 327 617 274 405 272 665 411 736 530 410 630 519 597 766 342 683 267 756 214 146 245 515 279 98 488 612 211 549 324 16 684 338 677 544 488 598 477 582 596 
226 229 208 547 272 405 197 587 112 341 335 306 429 256 523 533 347 386 332 424 290 588 331 468 434 354 473 453 472 67 282 287 163 476 403 75 235 221 469 228 89 554 701 453 563 246 98 349 195 53 108 172 336 209 337 177 259 134 495 640 439 512 281 348 384 473 110 527 437 511 97 503 367 567 583 84 271 183 335 214 234 221 484 334 261 290 391 417 612 223 315 65 194 668 356 147 211 275 621 133 139 201 139 245 317 496 282 531 371 496 309 429 704 557 437 502 298 228 231 637 424 207 228 146 586 511 199 353 299 189 101 277 638 170 278 266 491 50 577 375 481 386 358 319 354 264 569 176 208 154 252 238 632 483 241 338 177 556 151 387 262 265 547 356 333 261 585 350 652 456 375 571 458 511 683 259 598 187 676 179 231 327 440 196 169 440 549 258 511 322 82 606 258 593 481 425 567 400 549 519 
201 161 384 695 260 579 201 740 225 468 505 186 488 219 672 705 523 530 485 557 457 759 471 521 570 530 628 608 563 231 329 374 162 600 568 119 318 360 551 360 226 693 870 609 703 181 244 498 361 191 281 344 512 135 509 222 436 305 671 805 590 658 453 479 549 624 277 615 579 622 131 519 539 712 757 108 233 76 466 128 406 245 659 510 379 383 556 585 784 226 394 194 149 828 454 275 102 440 796 304 105 156 315 416 463 624 146 668 448 530 479 554 866 724 512 654 451 106 215 798 588 262 236 202 724 545 321 528 430 69 131 297 807 38 437 309 514 218 731 409 643 512 405 480 528 416 723 341 328 108 179 366 798 626 330 496 333 718 304 543 439 316 724 214 408 190 754 391 814 631 535 595 634 658 844 382 750 305 846 179 172 185 520 326 48 610 725 311 674 447 113 778 372 753 658 601 724 574 707 604 
545 637 246 443 632 194 574 435 398 432 231 676 634 639 417 251 146 388 334 257 152 303 235 668 435 173 158 352 587 396 462 512 560 497 281 501 398 389 610 299 425 482 406 149 484 650 365 193 311 439 322 258 171 624 94 531 175 297 163 397 372 224 149 424 277 385 325 629 409 559 514 756 64 264 265 512 574 585 418 590 260 569 198 152 319 500 271 258 316 512 534 444 601 453 513 355 635 173 274 298 560 606 302 187 362 491 671 476 566 722 250 287 467 146 604 395 200 653 536 425 287 531 507 513 306 733 428 81 412 617 487 603 366 587 194 465 736 400 425 643 321 450 610 156 181 342 223 322 336 574 658 417 384 230 493 161 282 364 370 334 184 557 177 738 550 664 321 617 427 173 132 796 51 426 456 429 448 435 386 567 577 713 596 413 583 44 139 449 132 286 493 305 449 399 86 64 207 185 186 631 
814 781 430 268 732 231 702 220 654 432 304 930 618 757 259 103 299 352 354 580 442 54 553 638 360 284 466 258 521 578 762 559 707 400 255 691 693 478 555 593 588 313 83 463 309 786 612 513 449 619 547 500 303 778 384 656 402 532 165 111 290 526 421 418 271 271 563 538 330 453 689 745 367 549 59 702 851 817 423 838 403 677 155 311 623 543 263 230 31 788 567 618 750 169 512 623 804 463 61 534 732 751 499 450 387 376 914 326 568 698 331 610 163 376 571 254 510 822 809 155 237 635 786 651 593 703 527 342 444 798 723 685 65 807 495 761 722 591 215 670 202 417 637 467 283 413 492 468 625 742 796 491 99 542 568 478 551 160 511 305 386 631 150 987 575 798 74 652 144 186 454 754 272 281 162 488 226 541 66 706 838 959 557 514 805 360 214 744 412 603 716 31 509 164 237 271 470 237 455 547 
570 787 446 705 812 456 742 695 477 674 482 706 867 806 679 501 397 642 582 150 293 546 231 903 692 428 108 613 836 554 439 731 716 755 541 633 405 606 855 341 592 744 632 125 746 804 465 209 519 589 460 403 421 767 286 708 373 434 413 643 632 47 319 668 535 647 450 881 668 816 655 981 271 10 500 640 581 657 661 641 479 751 454 399 327 722 531 519 553 531 757 598 752 701 749 427 766 298 492 434 697 758 473 342 605 751 718 738 797 953 495 165 709 178 844 658 260 782 555 676 548 719 522 682 44 966 634 314 647 739 571 796 605 675 283 453 963 550 685 858 583 699 829 249 436 574 66 523 375 712 810 636 629 76 702 225 380 622 563 591 397 760 402 769 774 819 568 832 674 433 198 1030 299 688 702 653 707 636 617 730 610 751 837 619 667 218 337 439 140 260 591 542 670 655 327 326 87 447 97 882 
378 22 399 609 85 563 76 662 344 374 483 365 329 40 592 679 530 451 427 668 521 725 575 357 476 525 710 543 424 251 490 251 84 489 524 173 461 300 404 471 219 597 826 690 607 7 340 591 345 211 341 402 511 49 558 123 469 367 668 750 517 753 505 388 507 549 350 470 494 495 146 340 587 809 735 168 415 259 377 312 399 108 643 517 502 266 516 548 750 397 263 204 49 759 331 388 84 509 780 367 111 42 343 472 397 517 321 570 306 355 454 672 801 782 364 578 540 90 391 732 542 146 406 133 829 370 251 563 346 115 274 136 762 220 518 470 337 251 655 241 589 411 247 556 521 365 807 329 448 97 18 290 745 726 222 577 420 659 281 481 461 177 726 379 270 20 713 229 751 621 611 416 663 573 777 297 671 237 803 77 354 354 374 264 229 663 745 469 742 565 241 747 279 688 678 624 803 561 784 457 
137 374 273 656 436 460 360 684 57 480 408 270 594 413 629 583 383 507 443 305 256 642 225 633 560 403 391 552 626 216 116 450 322 611 489 222 68 362 628 117 250 672 757 373 679 394 93 259 303 221 160 185 384 349 317 345 280 162 523 712 547 412 267 484 471 579 137 681 556 655 252 671 344 463 624 224 169 203 471 191 317 388 527 372 126 450 474 492 663 106 478 233 343 751 511 59 336 235 652 159 281 351 219 234 439 626 272 651 534 663 392 300 781 502 598 606 220 348 129 719 508 375 103 314 472 678 353 350 438 304 125 445 700 224 216 103 659 200 674 544 566 523 525 258 406 384 481 288 79 295 397 385 702 377 404 267 131 639 288 492 299 433 564 333 496 407 646 519 731 496 307 739 451 622 763 408 697 344 734 340 170 310 599 346 215 400 544 92 446 194 153 655 411 678 481 428 485 452 471 674 
48 349 346 721 428 540 354 754 113 528 483 181 616 397 695 665 466 566 505 382 345 724 308 654 617 484 477 620 663 254 125 477 313 663 561 216 127 408 660 205 280 733 839 460 741 369 157 345 364 243 227 265 465 322 405 351 363 236 608 790 612 493 354 535 542 645 207 718 616 701 247 678 433 542 708 214 87 136 521 109 387 390 610 454 206 481 547 568 745 32 504 254 324 826 547 144 300 324 738 234 261 332 284 320 496 681 186 711 561 677 463 372 858 590 627 673 309 308 44 794 581 387 38 321 547 692 389 438 486 265 101 448 780 167 305 105 669 236 744 555 639 573 541 348 486 442 564 346 166 274 370 428 780 457 430 356 218 713 335 557 379 446 651 244 522 381 726 531 807 579 396 750 539 686 838 449 766 378 815 333 81 222 630 386 157 490 633 108 534 272 135 738 448 752 570 516 569 532 556 710 
456 446 64 335 427 134 376 356 294 236 77 566 429 439 307 262 80 216 150 366 163 319 290 465 271 82 330 229 399 218 429 302 368 333 159 332 359 179 417 271 236 360 433 313 366 456 251 270 105 261 183 147 65 437 152 331 76 172 225 382 233 393 131 231 143 260 201 447 255 390 335 549 171 444 311 343 495 452 223 474 51 364 212 68 311 291 145 160 342 433 325 262 411 419 310 272 455 171 349 174 381 414 134 131 168 337 549 344 361 517 69 388 450 357 405 283 234 474 453 387 178 325 433 316 479 529 219 132 208 444 358 394 373 443 206 423 529 229 345 433 235 264 401 211 81 136 418 120 292 393 465 207 371 382 283 235 209 307 169 179 47 348 280 622 342 469 319 407 399 183 245 593 217 305 431 220 369 227 409 372 476 594 398 203 440 242 295 408 333 323 351 335 239 346 229 176 406 128 385 446 
122 266 429 771 366 628 305 813 222 553 561 84 590 325 748 756 563 608 557 529 469 812 452 625 652 575 619 679 661 293 265 470 264 687 631 198 275 439 650 344 300 775 926 601 784 285 256 486 422 261 313 368 557 240 526 321 467 332 711 867 664 639 472 563 612 698 301 713 658 714 220 625 555 689 805 189 142 44 550 40 460 348 705 551 352 478 618 644 836 158 492 267 255 895 549 268 206 449 839 330 206 262 360 435 539 710 55 750 548 635 536 520 931 726 613 727 445 206 139 864 651 361 168 298 695 650 405 553 513 173 136 402 864 74 437 246 620 276 803 514 708 598 509 480 575 488 709 403 307 212 283 449 859 604 425 492 338 784 374 613 476 418 760 129 507 294 811 495 880 675 532 700 658 735 910 468 824 391 902 283 83 100 619 407 69 619 751 253 672 419 145 830 460 820 685 629 713 622 698 703 
446 94 414 575 33 559 93 631 397 344 480 437 266 37 561 669 537 424 411 710 549 711 616 292 442 528 741 519 369 281 551 215 127 447 510 226 517 292 346 517 244 558 806 721 568 77 387 628 352 248 376 433 516 120 580 130 488 402 667 726 491 788 530 358 495 521 389 412 464 446 196 268 608 844 726 225 484 329 350 382 406 93 638 525 551 231 504 537 735 463 219 238 110 731 288 437 156 539 772 402 172 102 367 499 378 476 394 532 254 285 451 717 773 803 306 549 577 162 458 705 528 134 472 153 868 300 244 580 323 187 336 86 742 291 553 532 266 286 625 176 569 376 187 588 523 355 838 339 498 160 82 275 723 763 197 611 460 635 290 462 476 138 726 451 222 73 697 168 725 619 642 344 674 541 749 277 638 233 783 109 424 426 317 259 300 684 751 530 767 611 302 734 256 662 686 634 832 559 812 398 
520 175 436 537 77 557 151 595 457 317 480 517 198 114 526 657 546 398 398 755 581 694 661 218 406 532 774 494 309 324 618 189 192 400 497 291 579 294 282 568 284 515 782 754 525 158 441 668 368 298 419 470 523 200 605 170 512 443 666 698 464 825 559 331 484 491 435 346 432 390 260 187 631 881 714 292 560 407 325 460 419 125 633 535 605 205 493 526 718 535 182 287 186 697 246 492 237 574 762 444 244 178 400 531 364 431 474 489 202 206 452 764 739 825 243 518 617 243 532 673 512 153 543 200 907 220 251 599 305 266 405 77 719 369 592 600 185 332 591 106 548 341 127 624 526 352 869 358 553 234 163 270 697 802 189 647 506 609 312 443 496 123 725 532 179 153 677 109 694 617 676 263 687 505 715 266 601 244 760 172 501 507 256 267 377 707 757 596 793 661 370 717 244 631 695 645 861 557 841 332 
491 361 156 280 312 217 281 323 343 91 141 573 276 336 256 323 215 117 70 508 306 367 424 312 166 196 483 192 254 201 508 157 290 216 166 298 443 58 268 375 192 285 469 466 294 365 302 412 94 230 236 241 190 361 304 235 219 242 326 395 173 544 276 92 150 207 260 305 168 263 287 397 324 596 380 309 535 446 80 483 113 255 294 207 419 143 158 191 392 480 176 224 332 412 157 343 390 310 426 244 324 332 179 264 48 231 545 262 208 364 114 527 452 505 253 237 369 408 493 383 184 214 483 234 631 376 106 284 56 390 370 269 404 425 340 497 377 219 314 286 233 130 253 355 189 16 571 107 384 332 375 70 390 531 151 380 304 305 118 127 194 217 385 620 191 376 356 261 401 277 395 440 356 243 429 74 334 121 445 287 500 590 247 95 427 393 419 484 485 448 350 390 96 338 359 315 559 218 537 303 
406 638 339 667 673 417 600 671 318 584 416 543 760 662 640 501 341 570 504 16 190 555 78 798 624 373 135 565 748 415 279 617 571 686 490 481 241 496 763 183 455 700 659 126 704 655 312 83 410 446 320 272 360 616 218 570 278 296 415 648 577 127 222 581 479 599 305 798 605 744 506 865 221 174 518 488 419 494 572 477 381 614 445 338 164 610 477 476 569 367 644 456 603 701 649 269 611 184 525 295 545 610 346 230 519 688 554 688 691 843 420 36 718 263 745 616 127 626 392 672 503 587 359 542 182 857 515 260 550 583 410 664 618 513 155 291 848 408 660 739 549 616 712 142 381 478 203 408 214 560 661 526 634 90 582 119 234 605 441 528 306 633 428 606 663 670 572 712 676 417 125 921 303 643 706 546 684 515 639 585 446 587 741 502 505 217 377 277 203 96 433 558 560 642 338 310 212 407 204 797 
454 611 255 544 627 292 560 545 325 486 302 590 675 625 517 371 221 460 397 136 103 426 115 712 512 253 89 445 649 372 353 540 537 575 370 461 295 414 667 203 408 579 531 69 583 626 303 72 328 410 281 220 242 593 100 523 182 255 286 518 459 144 128 481 361 478 276 696 491 635 480 790 94 197 389 470 478 514 473 510 288 565 316 220 212 530 358 353 440 418 565 418 575 572 558 277 597 113 399 255 525 581 285 153 418 575 591 569 606 762 310 164 589 182 654 494 99 614 442 543 381 531 411 498 230 775 443 136 457 574 420 608 489 525 110 359 771 370 534 667 424 513 638 67 261 384 185 332 241 539 634 444 505 132 511 52 214 477 374 413 206 570 302 653 583 641 442 641 546 288 12 839 176 522 577 461 557 446 511 549 490 630 648 428 518 94 257 343 127 166 434 430 478 514 211 180 181 282 162 696 
66 315 420 779 409 619 343 817 197 569 555 83 625 371 754 746 549 618 563 483 440 804 411 661 665 564 579 683 687 299 209 497 302 705 630 222 228 451 679 306 314 786 918 561 795 334 236 447 424 274 301 350 545 288 500 354 449 316 695 864 670 594 447 578 611 704 285 741 669 736 248 668 529 643 792 215 83 78 564 25 456 385 693 537 308 503 616 640 826 104 521 283 299 895 573 238 256 420 824 314 244 306 353 412 548 726 85 762 578 675 533 472 930 691 643 733 409 259 82 864 650 393 114 327 647 690 423 530 528 223 130 441 858 116 404 191 662 281 807 552 707 614 545 447 565 495 666 405 268 252 333 466 854 559 450 456 311 783 382 618 462 452 741 144 537 344 804 532 878 662 497 743 633 743 909 486 829 409 894 321 25 121 649 423 107 589 728 200 635 373 151 819 480 820 663 608 671 612 658 732 
117 268 426 769 367 625 306 811 217 552 558 85 591 327 746 753 560 606 555 524 464 809 447 626 651 572 614 677 660 291 260 470 265 686 628 197 270 437 650 339 298 773 923 596 782 287 252 481 420 259 309 364 553 242 522 321 463 328 708 864 662 634 467 562 609 696 297 713 657 714 220 627 551 684 801 188 137 43 548 35 457 349 702 547 347 478 615 641 833 153 492 266 256 893 548 264 208 444 836 326 207 263 357 431 537 709 58 749 548 636 533 515 929 722 613 725 440 208 134 862 649 361 163 297 690 651 404 549 512 176 133 403 861 75 432 241 622 274 801 515 705 597 509 476 572 486 704 400 302 213 285 448 856 599 424 487 334 781 372 611 473 418 756 132 507 296 808 496 877 672 527 702 654 733 907 467 822 389 899 284 78 103 619 406 69 615 747 248 667 414 142 826 459 818 681 625 708 619 693 703 
682 598 289 135 542 121 518 133 521 239 153 784 429 570 110 114 200 160 166 548 364 138 492 452 175 170 466 68 341 415 658 367 527 225 76 524 588 295 373 496 418 176 232 455 177 601 478 461 284 453 408 377 187 598 321 472 293 400 173 161 100 532 334 225 95 92 428 367 143 285 518 557 319 572 166 536 723 663 230 692 249 489 126 206 534 351 89 69 161 662 374 450 569 190 320 502 626 380 215 402 558 569 352 350 197 208 762 175 376 512 172 575 224 425 384 91 439 645 680 158 55 448 662 471 614 518 343 278 252 624 576 494 167 647 415 653 535 431 122 478 14 226 445 404 164 232 526 304 521 567 612 304 154 536 378 423 438 78 339 114 268 440 219 837 382 612 121 459 172 138 415 573 272 123 203 299 146 358 208 524 700 808 371 332 647 352 280 638 434 534 562 162 319 116 251 244 507 131 487 374 
336 359 56 437 365 255 300 466 176 278 193 445 436 365 410 382 190 292 226 341 158 440 250 475 347 201 351 333 437 117 326 292 282 402 271 224 258 173 447 187 148 454 554 331 461 372 132 248 93 160 63 55 182 345 190 261 104 57 339 501 328 402 139 280 253 360 83 491 339 451 235 539 220 457 430 235 377 332 268 353 98 303 331 177 231 285 257 278 463 316 319 165 323 536 330 161 357 151 466 59 281 327 24 108 227 414 428 434 368 518 174 355 568 415 425 387 199 375 334 504 291 269 317 239 485 532 189 199 239 340 238 346 493 326 171 317 523 121 455 413 349 318 386 200 202 174 447 86 197 295 380 203 491 380 256 224 115 423 115 273 105 310 390 501 338 387 440 386 517 301 252 596 303 403 548 224 478 189 530 291 356 473 422 176 323 295 392 303 376 265 232 456 236 462 325 268 440 248 420 487 
180 185 390 709 283 587 223 754 218 485 514 163 510 243 687 714 529 545 498 547 456 768 463 544 586 536 623 621 584 240 311 394 183 617 579 132 304 375 572 352 239 710 880 604 719 204 240 491 371 202 283 345 518 158 509 243 438 306 677 816 604 650 453 496 560 638 277 636 595 641 147 543 539 703 765 121 211 54 482 105 414 267 666 516 369 403 567 595 792 207 415 206 172 840 474 268 125 438 803 305 126 180 321 416 478 641 124 685 469 553 488 543 878 721 534 668 446 128 195 810 600 283 217 221 714 568 337 530 446 92 123 320 817 19 432 291 538 226 745 432 655 529 428 476 535 429 717 351 318 130 202 382 809 617 349 491 329 730 316 556 444 338 729 195 429 213 764 414 826 638 530 618 636 673 856 399 764 322 856 202 150 166 541 341 29 608 728 295 670 437 110 787 389 765 660 604 718 581 702 625 
354 60 338 561 89 503 25 613 298 326 424 363 311 64 543 621 469 400 372 615 462 668 521 344 429 464 652 490 395 192 454 211 28 448 467 127 418 243 378 420 158 552 771 632 562 67 289 535 285 154 283 343 451 62 498 66 408 310 608 696 465 697 446 339 450 498 294 444 445 460 97 345 527 752 677 126 394 245 328 297 338 70 584 457 453 224 458 491 693 368 227 145 34 708 293 339 99 450 721 310 78 31 283 413 343 475 323 526 277 353 395 620 749 722 339 527 484 115 366 680 486 99 377 72 774 368 195 502 295 117 239 120 706 208 461 435 339 194 605 232 534 366 229 498 461 308 749 268 399 70 76 236 691 670 175 520 365 605 220 427 400 144 666 387 238 81 657 214 699 561 553 420 602 525 726 245 621 180 747 16 336 360 348 207 215 603 684 431 682 514 204 690 228 636 617 563 745 501 725 432 
877 760 485 147 688 308 679 90 717 378 349 975 518 723 160 221 390 302 340 724 553 178 679 528 279 363 627 217 405 603 854 506 696 289 269 707 784 467 440 691 600 176 151 619 167 760 674 644 474 638 604 573 381 764 504 636 488 596 309 84 237 691 525 364 288 204 624 405 258 323 697 635 497 721 228 718 918 851 374 883 444 644 273 398 728 490 283 265 178 858 504 633 735 26 438 698 796 570 255 598 734 734 546 544 363 259 951 199 485 585 367 753 61 556 467 174 627 814 875 46 249 606 858 640 765 586 511 460 407 799 767 635 129 833 606 849 613 619 96 590 192 345 560 590 357 410 668 493 717 740 770 467 97 701 530 606 634 119 523 283 464 583 324 1026 505 769 154 578 51 300 592 628 425 180 41 456 83 527 145 689 893 996 452 503 834 513 393 834 582 723 752 189 474 79 395 409 647 318 630 417 
448 274 193 352 223 304 193 401 317 123 226 513 235 246 331 413 290 188 158 541 347 457 451 274 225 276 535 275 252 159 490 91 206 258 256 231 430 38 255 381 134 349 557 517 358 276 282 446 120 173 227 255 267 275 359 147 267 242 413 481 252 592 320 134 239 285 250 307 236 289 214 341 383 646 470 241 493 385 121 427 167 166 382 280 424 84 248 281 481 444 118 164 246 494 137 330 306 345 516 244 246 245 182 299 128 280 482 323 168 317 197 556 535 573 228 315 399 324 453 466 274 124 448 150 678 331 24 348 85 310 322 182 492 359 370 476 323 177 393 219 320 168 189 394 270 99 628 118 381 251 286 22 476 575 66 419 309 391 89 212 247 132 472 555 137 287 444 192 485 364 441 395 431 315 512 38 410 39 533 200 450 525 227 27 362 457 501 465 547 465 295 479 37 421 439 390 618 304 597 301 
314 60 338 588 129 513 65 638 269 355 435 321 352 96 569 634 473 425 391 594 451 684 501 386 458 471 639 512 433 184 419 246 31 480 484 98 387 262 418 396 157 581 789 619 591 77 266 518 292 142 269 332 456 44 491 95 405 296 616 716 489 681 438 367 466 523 277 483 472 496 72 387 521 736 690 94 353 203 355 256 344 110 595 460 427 258 474 506 708 330 264 136 25 732 328 313 69 438 733 296 39 32 278 403 364 507 281 555 316 395 406 597 772 715 379 552 467 87 326 703 504 132 339 86 756 410 216 500 321 78 203 162 724 166 446 399 381 182 630 274 554 396 270 485 468 325 736 274 373 28 83 259 711 652 207 505 346 627 227 448 399 183 673 347 277 92 674 256 721 571 540 462 601 551 749 271 647 200 765 45 295 319 387 225 174 596 686 397 673 490 169 705 256 658 619 564 732 510 714 472 
428 122 339 503 48 479 57 558 352 269 400 444 231 75 487 589 458 348 331 649 479 631 555 263 370 448 671 442 318 217 517 144 98 381 431 191 474 211 300 461 178 489 728 652 499 116 335 563 274 191 313 365 436 137 506 63 413 337 587 649 415 721 458 283 415 446 328 366 390 388 160 270 533 777 646 194 469 324 274 376 328 19 558 446 498 159 424 457 656 438 154 180 112 656 222 386 176 471 692 337 156 107 296 428 299 409 403 463 200 274 371 658 698 728 260 474 512 189 438 630 448 54 446 93 802 289 164 503 245 197 306 40 664 288 487 499 262 225 551 152 491 305 148 520 443 275 767 262 446 150 125 195 646 698 119 543 399 558 214 383 400 68 646 468 163 122 618 133 649 539 573 343 596 468 674 198 565 153 705 79 413 441 269 179 295 609 672 493 694 554 272 654 177 586 607 555 760 478 740 354 
338 606 359 715 653 471 578 724 278 606 457 473 767 637 687 566 391 602 535 92 229 622 99 806 657 422 220 610 768 402 202 621 544 718 536 449 178 506 779 155 441 744 729 210 749 624 283 134 423 425 310 277 407 582 272 553 311 290 484 712 618 207 260 605 523 643 291 820 642 773 477 864 282 247 588 454 345 438 594 414 405 598 509 386 120 616 522 526 638 299 649 437 572 763 662 234 572 216 599 289 512 580 349 256 545 724 488 730 699 846 456 72 783 349 757 663 154 585 323 733 551 575 290 524 245 860 518 316 568 542 363 651 685 461 180 217 848 391 713 735 601 642 711 187 429 499 284 418 173 527 629 535 699 170 581 171 223 662 443 566 339 627 502 534 668 639 637 709 738 479 192 924 376 688 769 556 738 514 709 561 379 518 754 505 452 293 456 205 288 66 390 628 567 700 411 377 296 461 289 817 
210 409 222 607 456 398 381 632 86 450 353 343 587 440 580 518 319 467 401 248 183 577 160 626 522 341 322 503 605 211 154 440 347 577 435 252 84 337 610 49 250 627 692 304 634 428 86 190 267 230 129 129 323 386 244 358 216 119 454 651 501 348 196 453 418 531 105 659 514 625 279 675 271 401 557 258 240 269 440 262 270 402 461 308 77 438 420 436 598 177 469 241 376 693 493 37 380 162 583 117 316 383 182 165 402 589 343 608 522 662 340 248 721 430 584 556 148 394 201 661 454 382 173 328 414 677 338 280 409 351 179 457 636 284 142 148 661 198 621 547 511 492 525 185 345 349 415 255 25 331 433 365 640 315 398 195 66 582 267 445 237 436 493 406 488 442 583 521 672 430 235 739 378 575 703 387 644 332 669 364 244 382 584 329 276 327 472 132 375 140 200 590 394 621 409 357 417 389 402 654 
274 412 155 538 443 325 370 561 123 393 282 402 545 433 510 446 247 403 336 246 122 505 152 584 458 269 291 433 552 185 225 399 342 514 364 258 155 286 560 73 225 559 620 271 566 429 96 165 208 216 90 62 250 392 181 340 143 68 384 579 432 328 129 394 347 462 75 605 448 565 280 642 210 383 486 266 308 312 382 315 203 384 390 236 116 394 349 364 526 244 427 226 376 620 443 81 393 103 514 67 322 383 128 95 339 525 396 541 478 624 270 255 649 384 537 486 115 409 267 589 382 358 241 312 404 639 296 213 353 368 215 434 564 319 97 220 627 178 550 514 439 432 489 140 273 288 387 199 88 337 435 315 568 300 360 157 7 510 221 377 165 407 426 463 446 444 511 488 599 358 195 702 315 506 631 337 573 292 597 356 304 438 535 284 313 274 409 205 334 156 227 518 347 549 344 290 385 317 368 601 
828 718 436 115 648 260 636 56 668 337 300 927 489 682 122 181 342 259 294 680 505 147 632 501 241 314 585 171 380 555 805 467 651 260 220 660 735 422 415 642 553 152 154 577 145 718 624 597 426 590 554 524 332 720 458 592 439 547 269 68 193 650 477 323 239 161 575 385 217 301 651 609 451 683 198 671 869 804 333 835 395 602 230 350 680 450 234 216 153 808 466 586 691 49 401 649 752 523 232 549 688 690 497 495 318 231 903 173 451 560 318 708 91 520 438 132 580 770 826 27 200 563 808 596 726 563 466 414 363 754 719 596 112 786 558 800 587 571 58 556 142 307 526 543 309 363 631 445 668 695 728 423 77 658 488 560 585 70 476 236 415 543 289 978 469 727 120 543 48 256 547 607 384 144 67 413 56 482 140 645 844 948 424 458 786 471 359 785 543 676 704 163 431 31 355 365 610 270 592 396 
251 136 286 582 197 474 123 627 192 356 399 285 396 171 560 600 425 417 373 518 384 652 426 432 457 428 568 496 460 128 344 269 82 489 458 21 310 247 451 320 115 581 761 548 590 154 190 444 253 85 201 265 411 113 429 125 346 228 571 694 477 607 374 367 439 511 206 513 467 514 19 448 459 662 653 17 293 157 354 206 302 160 555 412 350 277 446 476 676 261 293 85 102 716 348 236 116 370 693 227 43 110 220 338 351 513 250 556 349 449 371 521 754 650 414 541 394 134 261 686 478 164 269 98 681 464 208 441 317 98 130 217 698 127 374 326 439 120 618 326 532 400 316 415 426 304 665 234 296 58 159 253 687 578 224 434 273 607 194 430 345 223 626 323 308 168 646 305 703 529 470 520 546 545 732 270 637 193 737 101 239 293 420 213 131 533 634 322 605 413 96 672 261 641 566 510 663 470 644 503 
700 400 469 374 294 498 341 433 592 238 440 729 56 340 374 559 524 296 337 822 623 577 734 23 270 499 801 377 109 433 765 200 381 230 415 461 711 312 74 667 398 338 639 784 346 387 561 726 398 431 512 540 499 419 623 327 537 529 599 551 345 863 593 247 410 358 535 118 302 190 433 122 641 915 612 467 743 606 252 657 431 297 556 518 710 202 418 446 598 704 172 419 397 532 160 612 459 624 660 530 439 391 468 578 308 258 689 316 118 71 420 839 573 815 66 375 681 469 708 516 422 288 710 354 949 74 301 600 262 482 573 247 583 571 652 750 101 449 432 139 433 227 137 671 491 335 888 400 665 434 394 282 554 849 245 696 596 471 375 353 512 229 654 753 153 387 554 152 537 552 713 128 660 351 551 262 434 307 621 363 691 726 76 312 578 708 705 741 800 751 541 601 249 481 655 619 875 503 853 103 
271 500 263 637 545 406 470 653 176 507 377 408 660 530 609 515 324 511 444 158 163 573 80 700 567 351 249 531 667 293 164 514 437 625 459 343 107 402 676 46 333 662 686 232 668 519 176 119 322 317 202 175 334 477 221 444 229 183 440 656 535 265 189 507 443 562 182 720 554 678 370 755 241 315 546 349 290 351 496 336 311 489 457 316 23 510 444 453 592 233 542 328 467 703 559 128 471 144 565 182 407 474 244 172 450 634 415 646 594 739 371 157 727 367 653 585 97 485 258 671 475 466 226 415 325 753 411 263 468 441 267 542 635 369 110 170 740 282 642 627 529 545 603 141 357 401 335 315 70 422 524 431 644 230 474 140 116 596 337 481 257 518 471 471 561 533 584 600 680 425 177 817 347 607 711 453 666 407 664 453 309 451 651 399 361 280 437 154 309 49 290 582 462 635 381 336 340 396 328 716 
547 422 184 219 366 178 341 261 394 87 115 634 292 393 195 271 199 64 12 524 321 310 446 324 119 173 483 129 243 260 554 198 352 177 111 360 486 121 265 411 254 228 408 467 237 425 352 428 140 292 283 277 174 422 307 296 233 285 286 333 111 547 289 78 98 145 307 289 112 232 350 419 321 597 328 371 591 508 74 543 137 313 248 194 454 182 107 140 335 534 210 286 393 349 171 389 452 328 375 287 387 393 224 285 22 186 607 207 228 381 97 546 389 489 259 175 390 470 548 320 127 271 536 296 634 391 167 278 81 453 429 320 344 487 362 544 398 278 252 319 171 107 286 369 165 64 565 157 425 395 435 127 328 538 203 393 342 243 178 64 205 266 344 681 222 435 297 297 338 236 403 452 334 183 366 123 271 182 385 348 558 652 250 157 488 384 386 531 476 476 410 333 144 275 331 293 551 182 530 290 
185 255 480 806 360 678 309 850 284 581 607 95 595 316 783 805 616 641 595 595 530 861 518 628 682 626 684 717 675 334 329 486 272 713 674 228 342 471 661 409 335 806 973 666 815 272 315 551 465 297 367 425 608 231 586 334 522 388 765 911 700 705 531 592 655 734 358 726 691 735 243 617 616 755 855 218 197 95 579 105 507 354 756 604 418 496 661 689 885 222 506 302 252 936 567 332 193 510 892 386 217 258 410 494 574 737 51 781 559 631 582 587 973 790 623 764 509 187 202 905 694 373 232 315 761 646 433 611 542 167 193 402 910 102 500 310 614 319 841 513 750 625 513 544 626 525 774 446 372 218 267 478 903 670 443 556 400 825 412 652 530 426 815 103 519 277 857 497 922 727 596 693 716 769 951 495 861 418 949 289 144 77 631 438 103 681 810 318 736 485 193 879 485 861 743 686 778 672 763 715 
58 408 394 775 491 583 418 805 165 588 531 185 680 458 748 705 506 623 561 373 371 765 312 718 674 526 481 673 726 315 87 541 376 722 610 280 125 468 723 221 343 789 880 465 797 428 208 353 419 306 278 308 507 381 433 415 402 283 644 835 666 488 386 594 592 698 256 781 672 762 311 742 458 533 746 277 58 183 581 141 438 454 649 495 209 544 596 615 786 32 568 318 385 873 610 182 356 350 773 281 323 393 337 354 553 739 204 767 625 741 513 359 904 601 691 726 324 363 42 842 630 451 26 385 533 756 452 469 546 322 165 512 823 218 326 71 733 297 795 619 688 633 605 366 529 499 562 402 184 335 429 489 824 451 494 370 253 761 394 611 421 511 683 246 586 440 769 596 854 618 409 814 566 740 885 511 818 441 856 396 98 230 694 447 208 508 659 83 542 269 199 778 511 800 598 546 570 575 558 773 
601 678 284 423 665 186 611 408 452 442 240 731 647 675 398 213 162 389 343 306 207 261 291 679 432 182 194 340 591 438 519 534 600 493 275 547 455 414 616 356 465 464 357 189 465 689 417 248 342 482 370 308 187 665 147 567 218 346 125 357 363 256 201 432 274 372 376 629 404 555 557 772 119 288 218 558 631 637 429 644 289 602 167 172 376 521 268 248 270 568 554 486 642 414 526 409 679 228 222 348 603 646 344 238 373 483 725 461 581 736 264 336 425 139 614 378 258 697 592 388 276 563 564 550 332 746 457 123 427 662 539 632 322 638 251 523 752 444 398 664 301 455 631 214 190 362 239 356 393 617 698 440 343 269 519 217 336 334 404 333 222 585 125 792 569 703 281 639 388 149 187 808 21 410 416 450 420 465 339 606 632 767 604 441 634 86 82 506 149 342 543 260 471 366 39 62 219 179 200 633 
801 785 422 298 740 226 707 253 641 447 303 920 638 764 287 104 287 368 363 550 422 75 529 659 381 276 434 276 545 574 742 571 710 425 263 688 674 484 578 574 587 343 116 432 340 791 600 487 448 616 538 488 294 780 362 660 389 521 144 149 309 492 403 433 278 293 552 565 350 480 688 765 343 514 48 699 837 809 437 828 399 684 146 300 602 555 269 236 59 773 581 616 753 207 528 608 804 443 24 523 732 754 492 433 396 402 905 355 585 719 331 580 201 340 592 279 487 823 795 192 247 642 771 654 558 725 532 321 455 797 714 694 103 801 473 742 743 586 247 686 219 434 653 444 276 419 456 467 607 743 801 498 137 510 577 453 536 188 511 318 375 641 118 978 590 803 101 667 182 175 427 778 244 308 201 497 260 546 102 709 826 950 579 519 799 330 179 726 378 578 709 52 519 197 208 248 434 230 420 573 
258 518 304 679 569 448 493 696 190 546 420 395 695 551 651 555 366 553 485 161 204 614 103 734 608 394 268 573 705 322 136 548 458 666 501 362 94 439 713 80 362 704 726 254 710 537 199 147 361 342 235 214 376 494 261 470 272 218 480 698 577 274 231 547 486 605 213 759 596 718 390 787 279 321 586 366 272 351 535 330 352 515 498 358 37 545 487 496 632 219 576 354 485 745 596 148 484 186 604 217 424 493 281 214 491 675 407 688 629 772 413 151 769 392 689 627 135 497 244 713 518 495 211 440 325 786 445 304 507 453 275 569 676 373 151 146 772 310 685 658 572 585 635 178 399 441 348 353 87 439 541 468 685 238 507 173 152 638 372 523 299 548 508 458 596 551 625 632 721 466 208 849 384 649 753 489 709 441 704 475 299 439 688 434 365 312 472 130 332 55 301 622 498 677 418 374 356 438 345 755 
924 855 532 270 793 335 774 211 762 482 398 1034 644 823 274 213 412 402 423 707 563 154 678 656 392 392 593 307 535 670 880 613 785 415 332 781 811 553 570 712 675 307 44 590 299 857 720 638 539 709 652 611 411 855 507 728 515 640 289 100 335 652 540 468 351 306 670 539 366 456 776 764 491 674 184 793 963 916 476 941 499 743 270 423 744 596 344 316 135 900 615 707 826 114 552 735 884 583 184 642 816 826 600 566 452 386 1015 328 604 715 423 737 78 500 593 280 633 902 920 128 312 703 898 728 718 718 600 463 504 882 825 742 95 902 616 878 743 685 212 709 261 456 678 591 389 490 616 559 743 825 867 559 104 669 630 603 665 190 597 368 496 689 277 1089 619 867 149 694 107 302 580 761 399 297 96 552 210 615 63 781 945 1060 579 589 902 487 339 862 538 727 815 145 572 167 364 396 594 343 580 550 
285 123 278 554 169 459 93 601 214 326 382 319 361 147 533 583 415 390 349 533 388 634 440 397 428 415 576 471 426 122 374 235 55 457 437 47 335 221 416 337 98 552 742 556 562 139 206 455 237 79 206 268 399 106 428 90 343 233 559 672 451 618 375 337 419 485 214 479 439 481 16 414 458 673 637 50 327 192 324 241 288 126 541 402 369 243 426 457 658 294 258 74 87 692 314 255 120 375 679 232 46 93 216 340 325 482 283 527 314 415 354 537 731 652 379 515 404 139 295 662 457 129 302 63 694 430 179 438 288 112 162 184 678 160 383 355 405 118 593 292 510 370 282 422 412 280 673 218 316 57 146 224 666 590 190 442 284 584 174 406 339 188 615 355 273 154 626 270 679 515 477 487 540 517 708 240 611 164 718 73 274 326 385 186 165 533 627 351 609 431 128 654 229 617 559 503 669 456 650 469 
143 333 500 849 436 700 379 890 282 632 634 11 665 393 825 827 632 686 634 562 526 884 494 699 731 645 662 756 738 370 280 548 339 766 706 277 308 517 727 390 378 853 998 645 862 351 320 531 498 339 382 433 627 308 585 398 533 399 779 942 741 675 532 642 687 776 368 791 737 793 298 694 614 723 874 268 137 123 628 91 534 423 775 619 390 556 693 718 907 181 570 346 326 971 627 323 271 505 908 397 282 333 432 497 617 789 33 829 625 707 610 550 1006 776 689 805 494 267 157 940 726 438 190 375 725 722 484 615 592 242 207 475 937 151 489 263 691 353 880 587 783 677 583 532 646 566 749 479 352 286 347 528 933 639 503 541 396 859 452 690 544 494 825 59 584 357 883 569 955 745 581 770 719 813 985 547 901 469 974 357 104 38 696 486 147 674 813 275 719 454 220 901 539 896 747 692 754 693 741 780 
757 444 533 412 338 556 393 470 653 300 501 780 116 383 416 610 586 352 397 886 687 624 799 77 321 560 865 428 154 495 827 263 434 274 472 518 773 376 124 731 460 373 678 847 380 430 624 791 462 492 576 605 560 466 686 382 601 593 655 590 396 926 657 308 468 406 598 141 353 224 489 114 704 978 661 523 800 660 313 711 494 350 610 580 773 266 475 502 644 763 234 480 445 566 224 674 505 688 709 594 492 439 532 642 370 298 739 353 182 72 482 903 607 875 128 420 745 514 766 553 477 344 769 411 1013 61 365 662 325 530 631 296 625 624 717 811 101 511 470 184 483 285 190 735 551 398 950 465 729 486 436 346 594 913 307 760 660 515 439 410 576 285 709 801 215 428 600 203 573 608 777 82 719 393 585 326 470 371 662 415 746 775 136 376 631 770 761 803 862 815 598 648 314 521 713 679 937 562 915 129 
599 296 404 404 192 473 237 463 499 210 404 624 51 237 396 554 483 286 306 752 558 583 661 83 279 462 745 379 160 343 671 119 277 261 399 360 620 244 133 585 306 376 660 726 386 284 472 658 331 336 429 464 457 315 567 224 477 448 580 573 347 803 531 223 389 369 450 197 308 243 331 131 589 856 610 365 642 503 222 554 372 193 540 474 626 128 398 429 606 605 93 324 293 565 126 523 355 557 659 449 335 287 391 511 273 291 584 351 69 108 380 766 607 773 94 392 610 366 608 544 410 186 612 253 889 123 221 550 217 378 473 143 599 467 582 655 112 358 460 42 435 220 33 606 454 284 835 329 579 330 292 214 574 786 156 630 515 487 296 339 455 127 638 649 76 285 563 48 565 530 652 186 623 374 584 198 467 223 639 259 588 622 107 234 474 660 680 647 751 672 440 607 180 504 624 581 824 476 803 184 
747 435 522 406 329 547 383 464 642 289 491 770 105 374 409 602 575 343 387 875 676 617 788 66 313 550 854 419 146 484 816 252 424 267 462 507 762 365 115 720 449 367 672 836 375 421 613 780 451 481 565 593 550 457 675 372 590 581 646 584 388 916 646 298 458 398 587 136 344 218 478 111 693 967 653 512 790 650 303 701 484 340 601 569 762 254 466 493 637 752 223 469 436 561 213 663 496 677 701 583 482 429 521 631 360 292 729 347 170 67 472 892 602 865 118 413 734 505 755 547 468 334 759 400 1002 58 354 652 314 521 620 286 619 614 705 800 96 500 464 175 475 275 180 724 541 388 940 453 718 476 428 335 588 902 296 749 648 508 427 400 565 274 700 792 204 419 593 193 568 599 766 87 709 386 580 315 464 359 655 405 736 765 125 365 621 760 752 792 852 804 588 641 302 515 704 669 926 552 905 124 
368 397 33 416 398 220 336 441 207 279 164 481 450 401 389 346 151 281 214 325 130 404 238 488 336 164 321 311 441 156 345 309 320 394 245 265 275 186 454 194 185 437 519 302 444 410 164 229 99 199 99 61 145 384 154 295 65 84 299 469 310 376 106 278 227 340 114 493 326 447 275 559 183 430 393 276 408 371 267 389 81 335 293 138 236 301 230 248 427 346 336 204 361 506 338 185 396 128 427 87 321 365 62 82 220 403 466 419 381 534 149 342 537 378 435 365 183 415 365 474 264 300 345 274 460 547 210 160 242 380 275 375 459 365 155 338 541 161 430 435 321 315 406 176 166 172 416 99 210 334 418 216 459 357 278 201 126 394 140 255 65 336 350 539 354 424 406 408 487 263 225 612 263 384 518 235 454 213 495 328 390 511 431 195 362 259 352 323 342 260 271 420 250 433 284 228 409 212 388 490 
159 375 251 635 432 437 356 663 49 463 386 291 583 411 608 560 361 488 424 293 234 619 210 622 541 381 374 531 611 204 132 437 319 593 467 220 74 345 613 100 239 652 734 356 659 394 76 242 284 212 141 163 362 351 295 338 257 141 500 690 527 397 244 467 449 558 117 666 536 638 250 663 322 449 601 224 192 218 454 209 296 382 504 349 115 437 453 470 641 128 465 224 343 729 496 37 340 213 630 138 281 351 199 211 420 607 290 631 521 653 370 290 759 483 585 585 201 353 151 697 486 367 126 308 460 668 339 328 421 309 132 439 677 235 195 120 650 188 652 535 544 506 515 238 384 366 466 269 64 296 399 370 679 363 392 248 108 617 272 471 276 424 542 353 484 409 624 509 709 473 288 730 429 601 740 392 675 330 711 337 191 329 585 331 227 380 523 108 428 183 158 633 396 656 459 406 469 429 454 659 
882 785 488 183 717 301 703 123 720 406 351 985 557 750 191 198 382 327 357 705 542 147 665 569 311 357 602 236 447 615 851 535 717 328 276 722 781 486 482 685 615 218 102 596 210 785 677 628 484 652 608 573 376 787 490 659 483 598 285 51 260 664 516 391 295 228 627 449 286 367 714 677 480 692 194 733 922 863 401 892 450 670 253 391 720 519 289 266 142 860 535 648 757 24 471 698 817 561 215 601 753 757 552 538 383 299 962 239 521 627 372 734 24 523 506 200 615 835 879 45 256 630 860 661 736 629 532 446 431 818 776 665 89 847 596 847 655 631 127 625 199 376 595 576 353 426 637 504 713 760 795 489 65 677 556 591 632 123 537 300 461 612 291 1037 538 795 127 612 27 283 574 672 401 213 9 480 121 547 97 711 900 1008 492 523 847 490 360 831 553 711 762 153 498 89 369 388 616 310 600 461 
595 260 457 490 156 548 222 550 516 290 476 601 125 199 483 636 550 369 383 795 609 667 702 136 365 532 800 463 242 370 683 179 264 347 479 359 639 302 211 616 330 462 746 781 472 243 495 703 385 352 462 506 526 284 625 227 532 484 657 660 431 855 584 304 468 454 481 271 394 327 328 103 649 910 692 362 636 487 301 539 432 185 619 541 656 192 477 509 690 606 160 340 267 651 209 546 322 605 741 485 320 259 433 560 349 378 559 438 154 118 450 806 694 838 175 478 654 329 606 630 491 198 614 258 939 132 268 613 291 350 474 127 685 449 627 666 99 382 546 51 519 304 84 655 525 351 893 380 606 312 249 274 660 835 201 679 550 572 339 420 513 145 715 618 148 240 647 74 651 607 704 178 692 460 670 262 554 266 725 244 578 592 189 284 457 722 754 660 812 707 440 691 242 591 696 650 883 551 862 257 
81 411 365 748 488 551 413 777 141 567 501 215 668 458 721 673 473 598 535 341 337 732 278 706 650 495 447 645 708 297 64 526 372 700 581 273 91 448 707 187 326 763 847 431 771 431 182 318 394 292 251 277 476 384 398 407 370 254 610 804 639 455 352 572 563 671 229 763 647 741 305 735 424 501 713 272 92 196 559 161 410 447 617 462 175 528 567 585 753 43 554 304 385 843 592 152 362 315 739 252 322 393 311 321 529 716 230 742 610 732 484 328 873 566 676 698 289 370 65 811 601 441 32 376 503 747 434 435 525 328 159 505 791 228 291 44 725 279 767 610 658 611 595 331 498 474 529 378 149 335 432 470 793 418 480 335 220 732 373 584 390 501 649 277 572 443 737 586 823 585 374 806 531 714 855 492 789 423 824 392 122 260 678 429 218 473 625 53 507 235 194 745 493 770 564 512 536 543 525 756 
3675 1365 2842 3451 623 3619 1064 3857 3136 1911 3094 3738 1113 938 3374 4305 3570 2478 2499 5145 3885 4557 4487 1288 2534 3465 5229 3157 1869 2142 4298 1029 1358 2492 3192 2030 3997 1806 1687 3871 1862 3290 5166 5096 3360 1260 3003 4515 2352 1995 2800 3129 3409 1519 4025 1106 3374 2961 4389 4578 2940 5600 3717 2016 3101 3129 2926 2142 2709 2429 1806 1211 4200 5985 4704 2044 3962 2926 1974 3290 2702 812 4144 3500 4137 1141 3164 3395 4725 3759 966 1918 1393 4564 1414 3360 1792 3843 5040 2961 1757 1344 2625 3535 2261 2702 3444 3108 1099 1274 2898 5215 4865 5551 1407 3311 4165 1855 3752 4396 3290 931 3808 1323 6181 1379 1526 3969 1848 1981 2835 406 4725 2660 3983 4179 1162 2219 3822 476 3528 2079 588 4193 3423 2198 5894 2296 3780 1701 1316 1631 4564 5453 1071 4361 3409 3948 1988 2800 3255 623 4802 3871 938 1253 4438 455 4543 4039 4550 1729 4564 3220 4697 1582 3892 1491 5012 1218 3563 3682 1498 1638 2716 4725 5040 4137 5341 4515 2590 4718 1428 4109 4606 4270 5831 3633 5684 2051 
6300 5049 2889 576 4419 1845 4320 981 4905 1611 1800 7101 3087 4716 360 1935 2448 927 1359 5616 3861 2034 5031 3249 774 2160 4995 432 2196 3735 6273 2781 4473 1116 1107 4626 5652 2448 2502 4905 3672 774 2637 4878 828 5049 4518 4788 2628 4023 3888 3735 2277 5085 3555 3933 3132 3870 2484 1863 396 5589 3573 1485 1206 126 4086 2385 540 1638 4518 4212 3591 5976 2376 4725 6687 5958 1575 6282 2475 4005 2061 2475 5265 2637 1224 1269 2214 6165 2781 3969 4824 1863 2214 4806 5382 3969 2799 3888 4833 4815 3357 3645 1512 936 6858 684 2682 3789 1845 5841 2241 4716 2646 225 4527 5535 6309 1629 1017 3654 6183 3978 6345 3834 2826 3204 1872 5409 5256 3942 2106 5778 4293 6210 4014 3897 918 3627 801 1350 3339 4257 2088 1971 5589 2790 5067 4887 5139 2421 1863 5589 2979 4455 4311 1089 2997 891 2880 3465 2898 7524 2817 5130 1818 3492 1818 2133 4437 4293 3321 279 2025 2313 1062 2961 2457 4410 6408 7254 2529 2754 5787 3987 3456 6075 4761 5364 5085 2250 2466 1251 3159 3024 5427 1926 5247 2457 
3230 2230 1580 910 1820 1450 1835 1205 2525 395 1220 3570 1000 2010 865 1720 1650 435 725 3305 2290 1825 2910 1105 285 1505 3090 810 575 1770 3365 915 1960 285 1020 2155 3040 995 720 2700 1670 810 2180 3010 860 2215 2325 2825 1300 1870 2005 2025 1525 2275 2210 1645 1850 2040 1935 1750 650 3410 2130 370 1010 735 2125 770 440 490 2060 1635 2280 3655 1990 2205 3455 2930 435 3140 1350 1635 1710 1635 2915 845 1045 1170 1935 3195 880 1825 2130 1710 540 2540 2455 2320 2230 2045 2200 2120 1720 2100 645 410 3410 680 780 1405 1160 3410 1925 3070 765 840 2630 2535 3250 1600 1040 1465 3210 1710 3845 1435 1125 2060 605 2505 2605 1545 1885 2795 2485 3305 1525 1860 1185 1305 1095 175 1155 2530 1465 890 3485 1360 2750 2215 2265 910 1750 3375 1085 2650 2345 1320 1365 715 1705 1295 2205 3775 880 2250 1715 1240 1705 1700 2695 1715 2280 755 1805 810 1230 1195 2080 1905 3250 3625 700 1120 2810 2575 2465 3245 3030 3045 2480 1945 850 1400 2240 2090 3410 1485 3305 780 
3269 3290 574 2366 3157 847 2800 2485 2135 1785 553 4060 3157 3241 2170 1729 399 1603 1155 2471 1057 2135 1967 3409 1981 455 2177 1631 2919 1673 3031 2282 2744 2415 1120 2464 2541 1421 3052 1897 1813 2555 2940 2058 2597 3353 1841 1799 903 1974 1379 1078 322 3220 931 2485 483 1281 1435 2611 1673 2618 833 1743 1015 1855 1491 3248 1855 2828 2499 3997 1043 2968 2058 2548 3542 3276 1687 3416 525 2723 1365 308 2170 2198 1015 1092 2296 3101 2436 1988 3045 2884 2317 1953 3346 1134 2310 1295 2821 3066 1057 882 1302 2436 3948 2457 2681 3773 553 2632 3094 2331 2975 2002 1568 3479 3241 2667 1239 2443 3094 2380 3220 3857 1708 763 1603 3255 2611 2933 2527 3227 1386 2996 3864 1743 2408 3192 1624 1967 2968 1386 469 1106 2772 1008 2065 2905 3423 1610 2534 2548 2149 1547 1491 2114 1351 1309 294 2604 1806 4459 2555 3451 2149 3017 2744 1155 1596 4298 1344 2170 2961 1701 2576 1764 2772 2772 3423 4263 2926 1596 3206 1533 1897 2884 2170 2219 2576 2247 1841 2387 1435 1057 2688 791 2541 3248 
4650 4170 2286 888 3810 1158 3684 630 3678 1962 1470 5280 3018 3990 834 618 1644 1476 1578 3624 2616 462 3360 3126 1476 1494 3042 900 2418 3078 4458 2742 3750 1686 1038 3732 4032 2352 2622 3462 3096 1158 822 3000 1134 4182 3420 3144 2292 3306 3006 2790 1602 4170 2310 3408 2250 2946 1146 378 1080 3432 2454 1878 1152 936 3120 2508 1296 1998 3696 3768 2262 3624 756 3804 4890 4560 1920 4722 2064 3504 918 1698 3678 2646 1116 960 546 4518 2772 3288 3996 624 2412 3540 4344 2724 996 2958 3936 3996 2676 2580 1758 1536 5154 1230 2736 3480 1602 3798 786 2652 2724 810 3054 4452 4632 444 918 3258 4512 3408 3888 3510 2640 2046 2070 4332 4026 3510 444 4470 2934 4434 3636 3168 588 3360 606 1836 3168 2826 1470 1980 3318 2406 3624 3990 4248 2394 336 3486 2832 2922 3144 240 2622 1248 2112 3192 1278 5598 2802 4248 294 3264 486 1080 2832 3810 1836 966 678 2358 684 2730 690 3726 4764 5424 2646 2574 4464 2364 1692 4338 2790 3630 3954 582 2478 312 1662 1734 3192 1212 3084 2562 
2860 4780 2150 5880 5140 3590 4410 6050 1640 4600 3280 4220 6180 5020 5600 4700 2770 4630 3950 1760 1200 5300 830 6570 5180 3040 2410 4820 6210 2580 1990 4720 4100 5770 4100 3210 1330 3570 6310 350 2970 6130 6430 2220 6190 4950 1520 1090 2760 2860 1640 1290 2860 4560 1810 4120 1810 1420 3990 6100 4860 2690 1430 4600 3950 5130 1460 6740 5050 6300 3460 7160 2040 3220 5040 3280 3120 3500 4480 3430 2630 4560 4130 2680 610 4670 3960 4050 5480 2500 5000 2970 4430 6560 5140 1140 4530 1000 5260 1410 3850 4490 2000 1240 4020 5850 4240 5970 5510 6980 3220 1820 6810 3500 6090 5360 680 4680 2750 6250 4270 4310 2450 3830 3390 7120 3690 2210 4220 4260 2590 5080 5910 3640 700 2010 7010 2490 5940 5880 4810 4980 5630 1090 3090 3540 3340 2690 730 4010 5010 3870 5980 2370 4330 1150 760 5490 2940 4320 2080 4800 4320 4850 5190 5100 5390 5610 6330 3810 1550 7760 3110 5580 6650 4080 6180 3660 6200 4250 3220 4620 6060 3570 3570 2520 4040 1840 2940 820 2780 5390 4190 5880 3450 2960 3360 3490 3200 6700 
5085 3096 2547 2529 2358 2916 2385 3033 3906 549 2331 5607 1332 2691 2403 3663 3060 1260 1422 5733 3924 3942 4959 1638 1332 2853 5526 2124 1215 2493 5463 720 2628 1413 2250 3051 4914 1188 1269 4428 2250 2385 4698 5364 2475 3060 3591 4869 1926 2601 3069 3240 2835 3177 3915 2052 3150 3177 3879 3942 1845 6075 3654 675 2160 2079 3276 1710 1548 1584 2862 2457 4086 6543 4167 3132 5490 4446 657 4851 2187 2016 3519 2997 4815 594 2241 2529 4149 5049 693 2502 2925 3942 234 4014 3510 3942 4599 3195 3078 2898 2610 3528 1134 1665 5292 2142 738 2124 2124 5895 4320 5679 1098 2322 4464 3645 5130 3717 2358 1719 5094 2196 6858 2223 1260 3717 675 3609 3942 1872 4140 4185 4212 5346 2268 2655 2988 1602 2610 738 1305 4365 2781 1323 6309 1971 4455 3096 3150 945 3933 5958 1044 4590 3771 3141 1836 1710 2925 1413 4401 5940 738 3123 3771 1431 3906 3438 4734 2790 4311 2214 4104 747 3096 1368 4500 2520 5085 5679 1053 1305 4221 4698 4788 5247 5526 5130 3690 4158 729 3339 4293 3933 6192 2952 6003 1656 
5320 4893 2576 1274 4508 1211 4333 1001 4186 2387 1638 6083 3668 4704 1183 469 1764 1820 1876 4011 2870 294 3724 3808 1869 1603 3311 1155 3003 3542 5054 3283 4382 2156 1197 4326 4564 2765 3234 3885 3591 1589 931 3262 1568 4914 3892 3465 2632 3822 3416 3136 1736 4879 2506 4004 2485 3332 1085 574 1379 3759 2695 2282 1323 1239 3542 3129 1652 2534 4298 4557 2429 3976 616 4403 5593 5257 2324 5439 2338 4137 847 1834 4123 3171 1274 1064 434 5159 3332 3808 4683 945 2933 4011 5068 3003 917 3346 4585 4683 3045 2856 2093 1995 5950 1659 3325 4228 1813 4214 1071 2835 3339 1127 3381 5201 5299 749 1064 3850 5145 3990 4284 4270 3101 2191 2485 5047 4627 4172 483 5166 3248 5033 4403 3647 945 4039 770 2268 3815 3101 1582 2317 3612 2772 4088 4648 4984 2835 490 3829 3360 3206 3535 504 3038 1512 2338 3794 1218 6468 3381 4991 133 3920 763 1050 3087 4634 1897 1330 973 2807 1064 3206 763 4368 5467 6265 3248 3024 5159 2520 1708 4921 2996 4046 4550 455 2947 637 1687 1792 3465 1267 3339 3192 
2592 4624 2616 5488 4992 3552 4392 5568 2016 4592 3416 3680 5880 4864 5264 4336 2904 4568 4032 768 1600 4792 576 6192 5008 3144 1712 4648 5888 2968 1552 4712 4128 5488 4056 3368 1280 3792 5976 1000 3288 5712 5656 1616 5752 4776 2032 896 3128 3160 2224 1960 3024 4440 1968 4184 2240 2064 3688 5496 4704 1688 1848 4584 3944 4904 2072 6304 4888 5928 3584 6656 2072 2048 4528 3416 2680 3336 4496 3176 2984 4544 3872 2856 736 4672 3944 3976 4920 2280 4936 3248 4360 5896 5040 1648 4368 1488 4632 2056 3872 4416 2536 1800 4112 5544 3784 5600 5336 6512 3400 672 6064 2728 5800 5072 1000 4480 2472 5656 4176 4352 2208 3952 2072 6632 3888 2328 4288 4128 2712 4960 5288 3512 1200 1656 6536 2888 5480 5632 4584 4880 5432 1288 3200 3736 2296 3080 1168 3992 4808 4024 5392 1392 4400 1176 1528 5072 3288 4280 2472 4760 3856 4176 5088 4888 4896 5416 5704 3632 1384 7136 2848 5264 5952 4192 5672 3856 5488 4256 2920 4032 5776 3784 3448 2208 3512 1544 2248 272 2920 4840 4280 5384 3128 2832 2368 3472 2296 6280 
2824 680 2504 4304 776 3816 168 4712 2280 2432 3184 2968 2416 656 4152 4760 3552 3008 2776 4768 3512 5144 4024 2688 3256 3512 5048 3720 3032 1360 3560 1544 192 3416 3536 952 3256 1744 2920 3224 1080 4240 5960 4888 4320 736 2184 4120 2072 1072 2104 2576 3400 680 3792 344 3072 2312 4656 5368 3528 5408 3376 2536 3400 3792 2200 3440 3376 3536 696 2760 4024 5856 5208 960 3152 2000 2440 2408 2504 480 4464 3448 3504 1632 3464 3720 5336 2912 1688 1000 448 5472 2192 2592 952 3432 5560 2312 656 440 2080 3120 2544 3632 2656 4032 2104 2792 2952 4824 5800 5584 2608 4032 3712 1088 2904 5248 3688 632 2976 376 6032 2912 1360 3824 2176 1048 1864 920 5448 1712 3520 3416 2696 1384 4656 1808 4072 2752 1760 3816 3480 2256 5824 1944 3080 624 816 1688 5328 5200 1232 3992 2768 4648 1552 3216 3000 1040 5120 3192 1784 848 5056 1656 5400 4288 4256 3344 4616 4016 5608 1776 4784 1240 5776 80 2704 2968 2672 1448 1768 4632 5264 3384 5272 3976 1584 5312 1648 4888 4736 4304 5776 3800 5624 3352 
2154 966 1446 2838 882 2406 522 3132 1548 1452 1932 2424 1710 900 2712 3120 2214 1854 1644 3270 2256 3408 2706 1938 2064 2178 3408 2370 2052 684 2574 906 522 2232 2208 738 2286 864 2004 2160 444 2808 4032 3294 2868 1008 1416 2754 1104 564 1254 1566 2100 942 2436 258 1884 1398 3042 3594 2232 3702 2136 1518 2100 2436 1350 2376 2142 2370 594 2136 2604 4038 3456 786 2418 1656 1446 1938 1428 510 2892 2142 2388 948 2148 2340 3552 2172 1056 492 774 3684 1374 1728 1116 2202 3720 1404 756 780 1164 1956 1482 2382 2214 2658 1398 2094 1758 3324 3924 3774 1794 2610 2448 1224 2202 3516 2322 360 2214 180 4188 2184 588 2442 1230 1134 1386 810 3642 1476 2298 2472 2064 738 3084 1368 2616 1710 1266 2496 2154 1248 3990 1014 2082 780 1068 852 3558 3564 630 2634 1776 3054 720 1980 1818 708 3384 2646 1158 1086 3348 1218 3624 2760 2820 2544 3024 2616 3786 936 3186 498 3888 510 2118 2466 1818 648 1500 3060 3504 2430 3558 2712 1200 3534 864 3246 3108 2784 3948 2394 3828 2316 
210 1995 2085 3970 2430 3040 2075 4130 925 3010 2770 760 3420 2255 3840 3660 2660 3200 2895 2035 2010 3955 1730 3610 3450 2760 2575 3465 3670 1635 600 2740 1860 3680 3165 1400 795 2410 3655 1265 1760 4035 4530 2495 4075 2095 1140 1930 2185 1570 1495 1665 2665 1855 2315 2080 2145 1530 3360 4300 3425 2610 2075 3040 3070 3590 1390 3945 3450 3870 1550 3700 2445 2835 3865 1380 120 830 2975 595 2295 2265 3380 2605 1215 2760 3090 3190 4060 220 2870 1625 1890 4485 3090 1040 1720 1900 4005 1520 1590 1930 1785 1915 2850 3770 870 3925 3155 3710 2675 1960 4640 3170 3485 3730 1780 1745 160 4325 3265 2265 230 1935 2835 3785 2310 2495 2795 1545 835 2550 4245 1015 1790 520 3660 1545 4080 3095 3550 3230 3035 1990 2775 2575 2980 2100 1080 1640 2095 2505 4245 2425 2505 2015 1400 3925 2040 3155 2235 2565 3560 1065 2955 2150 3975 2985 4390 3225 2210 4065 2985 3795 4545 2610 4195 2250 4415 1960 370 990 3505 2295 970 2705 3450 585 2880 1515 995 4025 2605 4115 3140 2880 3020 3000 2960 3905 
6720 6032 3568 1368 5520 2056 5376 912 5424 3032 2480 7560 4336 5768 1376 1224 2704 2392 2584 5280 3984 840 4960 4456 2312 2504 4464 1632 3488 4616 6456 4072 5472 2520 1896 5480 5896 3624 3768 5128 4632 1688 760 4416 1640 6040 5080 4664 3568 4912 4528 4240 2656 6032 3560 5016 3512 4448 1928 72 1848 4968 3768 2920 2048 1624 4680 3544 2096 2872 5424 5320 3480 5200 1232 5576 7040 6592 2984 6816 3272 5128 1664 2776 5408 3944 2000 1800 824 6544 4096 4888 5800 400 3592 5240 6272 4128 1440 4464 5744 5800 4088 3944 2808 2296 7384 1840 4008 4928 2656 5512 528 3856 3936 1416 4560 6416 6696 280 1736 4808 6536 5024 5552 4952 3992 3208 3208 6272 5888 5112 440 6472 4408 6424 5144 4736 904 4848 1296 2824 4600 4248 2472 3128 4768 3728 5352 5808 6120 3664 176 5064 4216 4368 4704 704 4000 2136 3336 4680 2000 7984 4128 6120 664 4728 192 1904 4232 5320 2856 1560 416 3600 928 4112 640 5440 6872 7752 3824 3912 6472 3568 2552 6296 4080 5328 5784 912 3752 512 2600 2752 4600 2128 4464 3632 
4494 2604 3180 2508 1968 3342 2304 2856 3882 1794 3006 4620 660 2238 2526 3678 3510 2124 2382 5298 4104 3774 4770 426 1944 3360 5178 2586 948 2934 4920 1542 2550 1668 2838 3060 4602 2238 756 4356 2724 2274 4104 5070 2322 2514 3708 4728 2754 2910 3426 3600 3360 2736 4104 2244 3594 3528 3942 3576 2394 5544 3930 1848 2814 2460 3558 888 2136 1380 2880 612 4218 5856 3990 3090 4752 3906 1878 4212 2952 2046 3678 3474 4608 1566 2862 3024 3894 4530 1374 2838 2616 3438 1332 4014 2970 4110 4278 3534 2898 2574 3168 3834 2214 1824 4374 2154 1062 366 2886 5400 3684 5250 762 2550 4452 3024 4548 3354 2874 2022 4572 2418 6066 300 2160 3966 1938 3126 3738 1722 3786 3690 4278 4824 534 3030 2856 1050 2922 1716 1092 4398 3312 2376 5694 2766 4338 2862 2556 2052 3600 5466 1806 4542 3930 3120 2604 2466 3444 1662 4266 4746 1260 2502 3624 1164 3480 3660 4650 450 4320 2388 3552 1932 2856 2190 4002 2436 4428 4590 810 2226 3732 4614 4578 4776 5166 4866 3540 3912 1854 3162 4284 4074 5616 3378 5490 816 
2110 2720 1940 5540 3160 3930 2400 5900 730 3590 3270 3080 4630 2990 5290 5210 3290 3970 3380 3810 2550 5770 2890 5020 4470 3400 4330 4560 4980 870 2470 3190 2070 4930 4010 1160 1950 2390 4980 1850 1190 5640 6910 4140 5730 2890 540 3070 1970 910 790 1400 3210 2500 3050 2190 2350 1020 4770 6350 4450 4710 2500 3650 3820 4780 740 5530 4470 5320 1400 5420 3360 5250 5690 1230 2550 1930 3520 2150 2270 2630 4700 3160 2180 3200 3870 4110 6010 2000 3470 1030 2370 6670 3820 1040 2500 2390 6040 1000 1800 2440 1250 2130 3270 5110 2900 5420 4030 5330 3040 3850 7010 5220 4680 5070 2580 2660 2130 6350 4210 2460 2040 1880 5440 5480 2240 3260 3160 2250 990 3180 6300 1890 2390 2320 5290 690 5800 4140 4790 4030 3950 2810 3400 2730 5300 1780 1650 1950 2950 2600 6260 4410 2730 2990 1360 5540 1650 3910 2420 3030 5270 3630 3650 3040 5770 3880 6500 4400 3370 6090 4320 5190 6800 2820 6020 2140 6670 2230 2230 3350 4690 2190 1860 4070 5240 2230 4740 2790 940 5940 2830 5920 4560 4000 5280 3870 5100 5460 
3864 4232 1080 3008 4136 1040 3696 3064 2600 2584 1040 4848 4168 4208 2784 1904 400 2312 1832 2408 920 2376 1936 4448 2720 656 1952 2192 3856 2320 3424 3176 3608 3224 1592 3208 2872 2184 4024 2080 2528 3264 3288 1824 3304 4320 2288 1688 1560 2672 1840 1384 560 4136 584 3344 592 1672 1392 3024 2296 2472 712 2528 1512 2464 1920 4224 2544 3712 3280 5136 656 2856 2200 3296 4152 4016 2472 4120 1152 3632 1448 384 2344 3080 1488 1480 2536 3640 3352 2704 3944 3400 3208 2320 4248 1064 2424 1688 3648 3976 1576 920 2024 3216 4752 3184 3624 4880 1136 2616 3592 2096 3952 2600 1512 4400 3816 3152 1688 3328 3616 3208 3160 4968 2496 312 2392 4128 3240 3896 2864 3992 1344 3416 4976 2376 2976 4216 2080 2768 3960 1232 712 1824 2616 1656 2328 3752 4392 2408 2928 2424 3016 1384 1736 2568 2048 1928 584 3528 1744 5320 3480 4432 2448 4008 3216 1192 1368 5472 1032 2816 3464 2512 3168 2560 3112 3656 4080 5104 3896 2368 3960 1184 1728 3280 1920 2280 3232 2464 2672 2872 1184 728 2512 960 2344 4232 
2100 2980 1285 2845 3085 1595 2740 2865 1495 2480 1600 2785 3400 3060 2710 2025 1220 2380 2060 535 510 2305 385 3590 2650 1375 530 2340 3300 1800 1575 2705 2615 2960 1965 2215 1295 2085 3385 855 1985 3010 2835 435 3035 3055 1395 165 1650 1980 1330 1040 1315 2880 600 2565 945 1200 1605 2760 2400 735 660 2460 1910 2510 1290 3545 2550 3255 2320 3955 615 1010 2125 2255 2210 2430 2415 2395 1475 2780 1745 1205 875 2665 1900 1890 2375 1915 2835 2025 2800 3020 2825 1245 2890 520 2185 1200 2535 2830 1390 750 2150 2965 2800 2955 3055 3830 1630 670 3110 1075 3305 2590 355 2970 2040 2875 2025 2625 1885 2435 1145 3895 2210 810 2325 2765 1970 3005 2620 2495 445 1610 3865 1780 2810 3335 2255 2630 3190 275 1415 1960 1010 1655 1045 2610 3090 2235 2690 625 2550 155 955 2535 1850 2160 1080 2830 1695 3100 2930 3130 2380 3200 2895 1600 145 4215 1065 2730 3050 2325 2930 2220 2735 2680 2285 2990 3280 2135 2460 665 1480 1530 790 635 2045 2325 2405 2720 1245 1075 1005 1545 925 3540 
3164 2191 1078 2289 1883 1799 1638 2604 2163 812 1253 3696 1883 2030 2128 2583 1701 1134 840 3542 2163 2905 2926 2149 1449 1603 3458 1687 1869 1113 3353 924 1687 1750 1498 1750 2912 70 1925 2499 1015 2303 3619 3325 2366 2219 1897 2877 574 1288 1463 1582 1540 2184 2212 1309 1582 1540 2562 3108 1554 3864 1960 854 1379 1792 1631 2247 1491 2037 1666 2667 2373 4242 2982 1827 3472 2800 763 3073 854 1470 2352 1631 2807 854 1435 1666 3073 3101 1099 1246 1981 3234 1106 2205 2380 2163 3297 1547 1925 1988 1092 1834 665 1883 3493 2135 1393 2478 1050 3661 3507 3689 1778 1995 2555 2513 3185 3024 1631 1183 3122 1295 4466 2569 406 2114 518 2380 2296 1603 3171 2646 2352 3269 2541 1239 2541 1834 1974 1127 1617 2499 1561 378 4095 595 2534 1974 2289 252 3073 3752 798 2667 1995 2485 539 1239 1428 1260 2975 4011 1218 2303 2828 1652 3150 2219 2807 3017 2688 2030 3346 378 2674 504 3458 1666 3206 3808 1757 322 2660 2884 3178 3185 3514 3052 2135 3059 490 2709 2737 2401 4018 1799 3871 2219 
5742 5445 2241 2034 5067 450 4743 1962 4293 2556 1098 6759 4383 5265 1818 702 1161 1926 1719 4167 2601 1206 3726 4626 2214 954 3384 1314 3708 3555 5382 3609 4761 2736 864 4581 4752 2745 3969 3888 3654 2403 2232 3285 2421 5499 3906 3411 2403 3933 3312 2925 1125 5400 2160 4320 2079 3195 801 1845 1557 3978 2358 2448 945 1593 3465 3996 1944 3294 4572 5535 2106 4320 1188 4680 6093 5715 2457 5922 1980 4545 405 1251 4203 3465 873 585 1413 5526 3726 3924 5148 2259 3321 4050 5616 2763 1584 3213 4968 5166 2862 2556 2025 2619 6597 2385 3843 5157 1359 4419 2475 3006 4014 1629 3267 5787 5706 1980 801 4167 5517 4266 4707 5229 3177 1764 2556 5553 4887 4680 1710 5625 3078 5355 5337 3672 1863 4698 945 2556 4401 2925 936 2160 3906 2583 4140 5058 5589 2889 1737 4014 3609 3078 3429 1350 2970 1422 1899 4203 1287 7263 3825 5607 1224 4509 2052 423 2970 5760 1629 1917 2331 2907 2079 3294 2025 4761 5940 7002 3915 3060 5607 2358 1773 5211 3087 4131 4806 1359 3105 1683 1449 1377 3735 522 3564 4050 
4263 4340 1659 2142 4144 518 3829 2065 3143 2366 1015 5103 3808 4256 1967 826 686 1939 1673 2737 1638 1225 2457 4018 2212 679 2086 1554 3353 2758 3871 3101 3801 2632 1120 3556 3388 2331 3542 2688 2884 2422 2009 2023 2436 4403 2863 2191 1939 3066 2436 2072 777 4284 1246 3507 1379 2310 343 1841 1722 2548 1491 2289 1134 1778 2527 3605 2009 3073 3584 4697 1155 2807 1043 3633 4508 4347 2275 4466 1561 3717 427 777 2905 2996 1085 917 1351 4067 3220 3073 4102 2212 2961 2912 4424 1778 1246 2324 3899 4123 2142 1687 1904 2562 5012 2401 3360 4424 1211 2940 2338 1792 3549 1820 2128 4557 4221 2009 1113 3430 4046 3423 3108 4487 2660 938 2310 4347 3675 3871 1666 4305 2009 3864 4550 2828 1995 3990 1288 2415 3752 1841 707 1911 2485 2058 2919 3983 4466 2485 1750 2590 3052 1932 2401 1568 2387 1540 1295 3514 728 5509 3311 4494 1316 3822 2037 231 1813 4907 707 2044 2247 2527 2156 2737 1855 3822 4438 5320 3479 2555 4284 1288 938 3745 1848 2793 3647 1288 2681 1813 588 532 2352 490 2219 3633 
4080 6060 2840 6050 6330 3550 5620 6090 2980 5260 3540 5460 7060 6260 5770 4410 2790 5090 4440 730 1310 4960 570 7440 5630 3110 1110 5030 6900 3740 2950 5650 5350 6250 4280 4510 2440 4420 7050 1650 4130 6370 6020 950 6420 6220 2840 280 3550 4080 2800 2260 2980 5850 1560 5290 2190 2540 3570 5880 5150 1360 1620 5230 4170 5360 2680 7390 5430 6830 4730 8150 1590 1900 4600 4580 4270 4830 5130 4720 3240 5720 3850 2760 1600 5580 4150 4140 5110 3700 5920 4180 5700 6400 5930 2480 5840 1280 4700 2540 5150 5760 2980 1740 4600 6270 5520 6260 6370 7910 3590 980 6580 2330 6890 5540 790 6000 3950 6110 4400 5430 3630 5020 2110 8040 4650 1980 4930 5580 3930 6200 5590 4970 1040 3040 7970 3690 5980 6890 4870 5570 6610 820 3180 4210 2010 3550 2010 5300 6290 4730 5740 1070 5320 580 1980 5430 3920 4660 2460 5860 3730 6090 6110 6370 5120 6620 6150 3560 640 8680 2470 5810 6460 4910 6220 4650 5820 5490 4470 5880 6840 4510 4900 1640 3270 2880 1730 1030 4110 5000 5060 5800 2830 2500 2040 3450 1900 7380 
4308 3336 2088 378 2874 1482 2850 732 3390 1038 1410 4800 1878 3090 342 1548 1872 660 1020 3972 2784 1590 3564 1968 420 1680 3582 540 1248 2568 4338 1782 2976 516 978 3126 3924 1674 1452 3444 2502 342 1938 3498 396 3324 3138 3414 1866 2742 2724 2652 1746 3372 2604 2604 2286 2724 1926 1410 444 3978 2592 960 1032 342 2862 1344 354 840 3042 2616 2634 4236 1830 3192 4566 4038 1032 4260 1806 2628 1638 1878 3696 1686 1044 1104 1704 4230 1758 2700 3198 1344 1362 3348 3576 2856 2112 2736 3234 3186 2370 2622 1074 372 4626 228 1650 2322 1422 4122 1596 3408 1578 366 3228 3678 4314 1218 930 2406 4242 2658 4482 2346 1896 2376 1248 3618 3588 2550 1596 3900 3066 4284 2484 2676 708 2274 804 810 2100 3060 1626 1398 3984 1968 3546 3264 3384 1626 1422 3972 1950 3192 3042 924 2070 762 2118 2244 2202 5070 1764 3372 1440 2202 1344 1692 3192 2640 2472 204 1458 1542 762 1992 1824 2922 4362 4896 1494 1866 3912 2916 2568 4200 3432 3774 3462 1728 1626 990 2370 2274 3882 1536 3756 1398 
1365 2635 1505 3365 2875 2195 2500 3440 995 2725 2065 2050 3485 2795 3225 2725 1785 2745 2405 735 975 3020 445 3680 3020 1930 1265 2835 3525 1635 755 2750 2330 3315 2475 1850 540 2195 3570 405 1830 3495 3575 1195 3525 2725 1025 665 1800 1740 1185 1065 1845 2515 1250 2380 1325 1100 2345 3440 2860 1295 1110 2725 2400 2995 1080 3790 2960 3580 1990 3950 1340 1535 2875 1875 1435 1820 2670 1720 1745 2605 2440 1750 205 2730 2400 2440 3105 1170 2890 1800 2470 3680 2980 775 2470 885 2960 1090 2165 2505 1405 1040 2440 3355 2105 3415 3155 3875 2040 690 3795 1885 3450 3105 620 2535 1290 3525 2555 2495 1130 2230 1560 3945 2235 1465 2530 2315 1430 2875 3330 1925 710 805 3880 1575 3385 3310 2825 2915 3190 835 1960 2195 1670 1760 475 2240 2750 2340 3380 1115 2550 800 765 3150 1865 2590 1465 2760 2480 2360 2990 2800 3075 3175 3565 2280 970 4260 1855 3220 3720 2450 3505 2215 3465 2415 1565 2270 3440 2180 1885 1495 2295 725 1585 200 1560 3060 2495 3345 2030 1815 1705 2150 1650 3770 
2387 196 2562 4186 749 3752 434 4550 2121 2548 3199 2366 2394 476 4060 4585 3493 3059 2856 4389 3381 4921 3738 2611 3269 3472 4697 3689 3003 1498 3150 1736 350 3395 3521 917 2940 1953 2884 3010 1295 4123 5649 4564 4193 301 2093 3857 2212 1211 2114 2548 3374 175 3654 728 3038 2296 4480 5124 3521 4998 3283 2639 3395 3745 2170 3346 3381 3479 735 2562 3857 5383 4977 889 2653 1575 2555 1946 2583 735 4319 3409 3227 1827 3458 3682 5096 2513 1841 1162 56 5215 2303 2422 448 3297 5285 2296 490 35 2156 3045 2653 3584 2072 3941 2184 2646 2996 4417 5502 5222 2611 3955 3500 546 2478 5019 3654 952 2576 735 5523 2751 1617 3703 2331 609 1638 1036 5194 1309 3353 3010 2534 1491 4501 1813 3990 2821 1813 3619 3451 2401 5383 2093 2849 399 350 1911 5089 4802 1484 3766 2660 4494 1757 3248 2996 1246 4886 2506 1911 406 4851 1701 5152 4158 4011 3094 4410 3934 5341 1981 4613 1512 5481 357 2240 2317 2674 1694 1365 4389 4991 2996 4928 3668 1400 5075 1862 4711 4522 4137 5355 3738 5222 3262 
3420 3684 1326 2166 3570 684 3270 2118 2484 2196 990 4170 3426 3648 2010 1050 540 1890 1602 1992 1110 1386 1776 3624 2154 636 1440 1626 3096 2274 3030 2760 3216 2520 1212 2946 2628 2052 3246 2022 2412 2400 2040 1380 2412 3744 2256 1542 1644 2538 1926 1578 678 3618 750 3000 996 1800 558 1926 1758 1842 1008 2142 1200 1824 1986 3330 1986 2898 2988 4182 654 2076 1194 3012 3624 3558 2118 3636 1320 3198 714 606 2190 2676 1164 1062 1482 3246 2874 2556 3474 2250 2700 2262 3720 1236 1314 1812 3270 3492 1722 1206 1782 2478 4110 2370 3030 3960 1134 2166 2352 1272 3228 1878 1506 3834 3378 2076 1236 2958 3222 2910 2328 4020 2316 510 2112 3636 2976 3366 1764 3546 1416 3036 4056 2322 2058 3534 1428 2280 3336 1248 684 1722 1818 1734 2226 3342 3798 2202 1848 1872 2682 1320 1818 1692 2028 1554 972 3072 774 4530 2964 3828 1476 3384 2094 552 1206 4392 330 2064 2280 2256 2196 2370 1914 3246 3594 4374 3174 2220 3522 756 762 2934 1266 2064 2976 1422 2382 1908 360 108 1710 636 1590 3348 
4420 6640 3480 6590 6950 4070 6230 6600 3480 5890 4130 5800 7710 6860 6320 4830 3340 5700 5050 300 1940 5360 1030 8090 6230 3660 1000 5590 7530 4360 3160 6300 5950 6860 4840 5080 2770 5070 7690 2130 4750 6930 6370 940 6970 6810 3390 910 4200 4690 3410 2890 3550 6420 2120 5910 2820 3160 3960 6300 5720 900 2250 5860 4740 5930 3280 8020 6030 7450 5310 8790 2090 1390 4960 5150 4560 5270 5760 5120 3870 6350 4290 3330 1980 6220 4720 4680 5480 4030 6560 4780 6280 6840 6570 2990 6400 1930 5010 3150 5720 6350 3620 2390 5230 6860 5890 6830 7020 8550 4190 590 7000 2290 7530 6080 1410 6550 4280 6560 4950 6060 3950 5640 1520 8680 5290 2510 5570 6120 4420 6830 5980 5450 1680 3280 8620 4300 6490 7540 5390 6200 7260 1450 3750 4840 1650 4200 2460 5870 6870 5370 6160 540 5960 1210 2570 5910 4560 5250 3090 6500 4040 6420 6750 6950 5540 7270 6590 4020 1140 9330 2820 6370 6890 5560 6720 5290 6180 6090 4820 6230 7480 5150 5370 1930 3500 3140 1690 1310 4630 5380 5710 6280 3160 2930 1750 3980 1670 8010 
3438 1566 2412 2598 936 2916 1236 2952 2874 1368 2484 3558 528 1206 2544 3444 2940 1842 1920 4464 3330 3630 3912 696 1836 2826 4464 2406 1176 1962 3906 714 1482 1752 2496 2004 3612 1464 1014 3432 1734 2448 4116 4350 2502 1488 2730 3912 1974 1890 2496 2736 2790 1686 3408 1188 2856 2616 3564 3600 2220 4806 3174 1452 2430 2364 2616 1410 1998 1668 1824 822 3546 5130 3780 2028 3690 2838 1434 3144 2244 978 3336 2886 3672 786 2484 2676 3768 3480 588 1818 1554 3564 882 3036 1920 3312 4068 2622 1830 1518 2292 3036 1722 1938 3312 2292 564 768 2334 4542 3816 4668 780 2508 3618 1986 3492 3432 2574 972 3522 1362 5310 858 1284 3324 1368 2064 2688 654 3744 2622 3450 3804 738 2046 2928 66 2742 1458 132 3606 2784 1740 5016 1950 3384 1794 1536 1290 3600 4692 882 3756 3018 3072 1722 2142 2730 618 3918 3696 510 1494 3516 102 3558 3270 3894 1212 3786 2412 3678 1212 2982 1284 3990 1368 3360 3534 858 1374 2664 3984 4152 3762 4524 3966 2490 3774 1092 3186 3804 3534 4956 2928 4830 1326 
4158 2898 2166 1008 2370 1914 2430 1362 3312 756 1686 4554 1230 2610 996 2148 2196 732 1116 4218 3000 2226 3756 1314 444 2016 3930 1056 594 2400 4320 1314 2592 138 1386 2856 3930 1476 798 3516 2280 828 2592 3840 882 2868 3072 3642 1836 2514 2688 2706 2052 2958 2892 2208 2472 2724 2454 2064 876 4320 2808 726 1392 918 2832 744 618 318 2736 1962 2958 4602 2448 2910 4422 3780 804 4038 1884 2178 2178 2184 3774 1236 1428 1554 2346 4116 1248 2460 2790 1968 834 3330 3180 3042 2736 2736 2892 2766 2346 2784 1044 318 4356 678 1056 1668 1626 4350 2226 3864 930 1008 3414 3270 4182 1860 1392 1986 4134 2298 4842 1692 1620 2700 1008 3246 3402 2040 2250 3618 3246 4248 1830 2514 1350 1674 1380 492 1506 3288 1968 1350 4392 1914 3576 2904 2922 1368 2076 4284 1542 3432 3090 1578 1920 1044 2304 1758 2760 4788 1218 2904 2082 1620 1986 2190 3474 1992 2922 858 2088 1242 1380 1704 2478 2520 4176 4614 840 1620 3636 3300 3102 4176 3840 3924 3252 2370 1284 1644 2850 2694 4296 1956 4170 780 
1398 2808 1572 3852 3102 2514 2646 3972 846 2994 2304 2220 3864 2994 3684 3198 2028 3060 2658 1176 1104 3552 708 4098 3390 2184 1722 3216 3942 1620 816 2982 2442 3732 2796 1866 432 2340 3984 210 1854 3990 4230 1620 4026 2916 882 936 1884 1740 1098 1014 2070 2664 1464 2508 1428 1014 2772 4032 3228 1824 1230 3006 2700 3402 966 4266 3330 4032 2034 4404 1602 2124 3402 1896 1524 1872 2934 1782 1860 2772 2850 1968 108 2964 2706 2778 3666 1170 3150 1806 2604 4296 3276 576 2616 978 3534 1002 2244 2652 1392 1092 2676 3792 2256 3882 3468 4320 2244 1158 4452 2424 3834 3540 762 2694 1320 4110 2898 2652 1128 2328 2178 4404 2364 1710 2754 2436 1374 3102 3918 1986 798 828 4320 1548 3906 3636 3234 3234 3498 1020 2214 2370 2244 1830 210 2334 2946 2508 3960 1614 2730 1032 630 3648 1926 2898 1584 2970 2976 2598 3264 3006 3606 3474 4164 2658 1266 4782 2244 3666 4356 2640 4050 2334 4098 2544 1626 2472 3828 2304 1938 1872 2796 726 2076 516 1524 3612 2688 3882 2448 2154 2274 2460 2196 4236 
1450 3030 2490 6210 3640 4470 2880 6540 300 4290 3860 2560 5290 3400 5950 5730 3760 4650 4050 3630 2750 6310 2750 5680 5160 3910 4350 5210 5680 1570 1820 3860 2490 5630 4630 1500 1400 3090 5670 1640 1860 6320 7460 4160 6410 3220 630 3030 2630 1530 1290 1770 3720 2780 3320 2740 2760 1430 5220 6940 5110 4630 2770 4350 4440 5450 1120 6230 5150 6030 1800 6020 3610 5160 6190 1520 1870 1590 4220 1660 2880 3170 5200 3640 1860 3880 4490 4710 6540 1300 4140 1650 2710 7280 4520 800 2670 2550 6510 1400 2090 2790 1850 2410 3960 5800 2450 6100 4710 5950 3650 3610 7610 5360 5360 5730 2580 2810 1440 6960 4830 3060 1330 2430 5290 6110 2940 3590 3870 2370 650 3740 6860 1700 2460 1660 5900 1390 6440 4750 5400 4740 4580 2900 3930 3410 5280 2460 1330 2240 3260 3300 6840 4300 3400 3030 1450 6150 2350 4570 2890 3640 5680 3150 4320 3360 6320 4500 7100 4890 3430 6700 4640 5860 7410 3520 6660 2830 7220 2680 1630 2890 5380 2890 1630 4260 5580 1590 4830 2530 860 6470 3530 6540 4920 4360 5300 4390 5140 6150 
882 1434 1704 3798 1860 2898 1410 4032 600 2550 2490 1326 2988 1692 3654 3660 2514 2832 2502 2598 2016 4002 2076 3210 3114 2580 3018 3228 3300 918 1398 2172 1164 3360 2922 576 1224 1836 3270 1410 1020 3840 4680 2904 3894 1548 720 2232 1680 780 1014 1362 2466 1278 2340 1386 1944 1134 3402 4338 3150 3198 2004 2598 2808 3354 954 3624 3138 3564 762 3348 2520 3516 3954 564 1146 618 2520 774 1890 1620 3360 2436 1542 2196 2844 2994 4140 906 2328 840 1260 4512 2604 900 1188 1902 4170 1128 876 1308 1284 1782 2412 3486 1200 3702 2670 3342 2346 2592 4722 3600 3066 3528 1956 1266 924 4326 3042 1602 948 1206 3600 3432 1680 2478 2298 1002 114 1968 4314 618 1872 1284 3288 816 3972 2604 3384 2820 2526 2130 2580 2100 3588 1560 1224 960 1566 1932 4284 3006 1890 2226 1248 3840 1422 2838 1992 1962 3702 1644 2430 1632 3990 2466 4416 3180 2460 3780 3114 3582 4596 2052 4098 1602 4536 1284 876 1470 3090 1674 588 2928 3672 1266 3294 1944 96 4104 2028 4062 3264 2928 3588 2862 3492 3576 
1356 1374 1248 3282 1632 2430 1182 3522 672 2046 2010 1836 2574 1536 3138 3198 2082 2316 1992 2544 1740 3528 1986 2808 2604 2124 2838 2718 2832 402 1692 1722 978 2856 2418 450 1410 1326 2814 1368 534 3324 4206 2718 3378 1476 588 2094 1170 318 648 1032 2016 1254 2022 1062 1554 804 2970 3840 2634 3072 1686 2088 2304 2838 660 3162 2622 3066 582 3018 2202 3402 3498 504 1626 1098 2010 1284 1404 1326 2904 2004 1566 1740 2346 2502 3672 1338 1890 390 1164 4008 2136 882 1266 1650 3726 798 834 1206 834 1470 1902 2976 1692 3186 2226 2976 1854 2574 4224 3342 2622 3012 1788 1368 1386 3822 2544 1242 1368 876 3516 3066 1194 2118 1794 1134 606 1662 3828 1020 1668 1596 2946 300 3462 2250 2886 2316 2148 1914 2124 1584 3414 1056 1248 924 1512 1428 3792 2898 1446 2028 1062 3336 906 2322 1572 1590 3282 2136 1998 1566 3510 2100 3912 2736 2250 3426 2748 3066 4098 1554 3588 1122 4056 1074 1386 1962 2640 1176 1014 2640 3294 1548 3066 1932 492 3636 1548 3558 2886 2550 3402 2400 3294 3114 
2010 1610 3840 6950 2600 5790 2010 7400 2250 4680 5050 1860 4880 2190 6720 7050 5230 5300 4850 5570 4570 7590 4710 5210 5700 5300 6280 6080 5630 2310 3290 3740 1620 6000 5680 1190 3180 3600 5510 3600 2260 6930 8700 6090 7030 1810 2440 4980 3610 1910 2810 3440 5120 1350 5090 2220 4360 3050 6710 8050 5900 6580 4530 4790 5490 6240 2770 6150 5790 6220 1310 5190 5390 7120 7570 1080 2330 760 4660 1280 4060 2450 6590 5100 3790 3830 5560 5850 7840 2260 3940 1940 1490 8280 4540 2750 1020 4400 7960 3040 1050 1560 3150 4160 4630 6240 1460 6680 4480 5300 4790 5540 8660 7240 5120 6540 4510 1060 2150 7980 5880 2620 2360 2020 7240 5450 3210 5280 4300 690 1310 2970 8070 380 4370 3090 5140 2180 7310 4090 6430 5120 4050 4800 5280 4160 7230 3410 3280 1080 1790 3660 7980 6260 3300 4960 3330 7180 3040 5430 4390 3160 7240 2140 4080 1900 7540 3910 8140 6310 5350 5950 6340 6580 8440 3820 7500 3050 8460 1790 1720 1850 5200 3260 480 6100 7250 3110 6740 4470 1130 7780 3720 7530 6580 6010 7240 5740 7070 6040 
4905 5733 2214 3987 5688 1746 5166 3915 3582 3888 2079 6084 5706 5751 3753 2259 1314 3492 3006 2313 1368 2727 2115 6012 3915 1557 1422 3168 5283 3564 4158 4608 5040 4473 2529 4509 3582 3501 5490 2691 3825 4338 3654 1341 4356 5850 3285 1737 2799 3951 2898 2322 1539 5616 846 4779 1575 2673 1467 3573 3348 2016 1341 3816 2493 3465 2925 5661 3681 5031 4626 6804 576 2376 2385 4608 5166 5265 3762 5310 2340 5121 1782 1368 2871 4500 2439 2322 2844 4608 4806 3996 5409 4077 4617 3195 5715 1557 2466 2682 5040 5454 2718 1683 3258 4419 6039 4284 5094 6498 2250 2583 4203 1314 5436 3555 1800 5877 4824 3825 2583 4779 4563 4617 2754 6597 3852 729 3708 5553 4383 5427 3294 5283 1746 4185 6624 3600 3825 5787 2889 4050 5490 1404 1629 3078 2007 2898 3024 5166 5922 3753 3456 2070 4437 1449 2538 3276 3330 3006 1656 5013 1593 6642 4950 5976 2889 5553 3843 1557 1188 7164 459 3834 4104 3861 4032 3915 3474 5103 5193 6417 5364 3717 5247 396 1251 4041 1188 2574 4437 2745 4041 3591 774 576 1863 1665 1674 5679 
7326 7029 3870 2412 6588 2079 6318 1980 5886 3888 2736 8370 5562 6813 2331 927 2691 3168 3186 5220 3978 486 4977 5742 3240 2556 4194 2322 4689 5202 6858 5031 6363 3600 2295 6219 6237 4302 4995 5337 5292 2817 747 4167 2781 7074 5508 4617 4041 5571 4923 4500 2727 7002 3456 5904 3618 4788 1485 999 2610 4734 3789 3762 2439 2439 5067 4842 2970 4077 6201 6705 3303 4941 531 6318 7659 7353 3807 7542 3627 6093 1395 2799 5607 4887 2367 2070 279 7092 5103 5562 6750 1521 4608 5607 7236 4167 549 4806 6588 6759 4491 4050 3483 3384 8226 2934 5112 6282 2979 5490 1467 3384 5139 2286 4590 7398 7281 1395 2133 5715 7074 5859 5337 6327 4743 3078 3996 7182 6507 6165 585 7263 4455 6849 6498 5319 1935 6030 1818 3753 5733 4203 2547 3717 4428 4212 5625 6678 7164 4419 891 4878 5112 4302 4959 1440 4599 2745 3474 5679 1350 8883 5175 7182 666 5868 1296 1674 4086 6786 2448 2529 1458 4392 2034 4869 594 6354 7542 8631 5013 4626 7245 3240 1926 6696 3708 5427 6444 279 4581 1476 2133 2439 4230 2133 4095 4923 
5130 7083 4014 6345 7308 4104 6678 6255 4293 6066 4338 6354 7803 7254 6111 4509 3573 5778 5238 1350 2637 4914 2079 8127 6228 3852 972 5517 7524 4986 3951 6579 6444 6795 4869 5697 3645 5454 7695 3069 5328 6696 5688 1125 6714 7236 4185 1881 4671 5301 4140 3627 3789 6903 2574 6372 3357 3906 3717 5787 5688 423 2871 6012 4815 5823 4050 7929 6012 7344 5895 8829 2439 90 4500 5760 5229 5913 5949 5769 4311 6759 4086 3591 2943 6498 4779 4671 4977 4779 6813 5382 6768 6309 6741 3843 6894 2682 4428 3906 6273 6822 4257 3078 5445 6759 6462 6642 7173 8577 4455 1485 6381 1602 7596 5922 2340 7038 4995 6084 4932 6471 4698 6138 396 8694 5706 2826 5823 6651 5139 7164 5445 6075 2547 4077 8667 4950 6165 7722 5247 6291 7461 2241 3924 5166 594 4707 3375 6408 7290 5724 5661 684 6318 2025 3420 5598 5067 5319 3573 6840 3618 6921 6966 7371 5112 7488 6066 3897 1782 9270 2691 6192 6318 5877 6363 5724 5553 6570 5490 6759 7533 5571 6003 1962 3033 3951 1260 2340 5319 4878 6030 5895 2943 2934 783 4023 873 7938 
3024 176 3192 4872 680 4504 608 5296 2752 2992 3864 2920 2632 320 4736 5432 4240 3608 3416 5344 4168 5800 4600 2856 3808 4200 5680 4344 3392 2008 3920 2008 672 3912 4192 1384 3688 2400 3232 3768 1752 4776 6608 5520 4856 56 2720 4728 2760 1688 2728 3216 4088 392 4464 984 3752 2936 5344 6000 4136 6024 4040 3104 4056 4392 2800 3760 3952 3960 1168 2720 4696 6472 5880 1344 3320 2072 3016 2496 3192 864 5144 4136 4016 2128 4128 4384 6000 3176 2104 1632 392 6072 2648 3104 672 4072 6240 2936 888 336 2744 3776 3176 4136 2568 4560 2448 2840 3632 5376 6408 6256 2912 4624 4320 720 3128 5856 4336 1168 3248 1064 6632 2960 2008 4504 2768 920 2192 1088 6096 1760 4144 3760 2696 2008 5240 1928 4712 3288 1976 4448 4168 2920 6456 2632 3584 776 144 2320 5960 5808 1776 4616 3360 5272 2248 3848 3688 1416 5808 3032 2160 160 5704 1832 6008 4968 4888 3328 5304 4584 6216 2376 5368 1896 6424 616 2832 2832 2992 2112 1832 5304 5960 3752 5936 4520 1928 5976 2232 5504 5424 4992 6424 4488 6272 3656 
1370 3740 2730 6560 4360 4600 3600 6840 570 4800 4080 2700 5940 4130 6290 5830 3830 5070 4430 3050 2560 6420 2250 6330 5600 4030 3910 5520 6260 2160 1160 4500 3220 6110 4890 2220 680 3620 6280 1170 2500 6720 7570 3730 6790 3940 930 2590 3030 2210 1600 1850 3840 3490 3170 3450 2800 1620 5230 7120 5470 4120 2670 4840 4710 5790 1370 6810 5560 6550 2520 6710 3440 4630 6240 2240 1690 2030 4710 1910 3170 3880 5270 3720 1260 4500 4740 4920 6630 1060 4780 2330 3430 7510 5110 590 3360 2350 6520 1590 2810 3510 2190 2340 4390 6260 2720 6510 5340 6630 3920 3000 7810 5020 5980 6060 2200 3480 1290 7190 5080 3750 1030 3140 4720 6780 3530 3500 4380 3040 1250 4450 7000 2240 2160 1030 6590 2000 6740 5440 5660 5230 5250 2580 4060 3840 4810 2880 790 2950 3970 3850 7020 3770 4040 2670 1310 6390 2880 4920 2990 4330 5640 3330 4960 4070 6460 5190 7310 4960 3070 7390 4510 6220 7630 4080 6970 3440 7340 3400 1700 3100 5990 3460 2150 4000 5440 920 4460 1940 1530 6550 4110 6780 4810 4280 4850 4520 4710 6740 
432 3141 3114 6489 3852 4860 3186 6786 1017 4752 4347 1629 5544 3573 6255 5985 4194 5094 4545 3438 3105 6516 2772 5886 5553 4356 4293 5580 5967 2286 1125 4293 2817 5967 5049 1944 1143 3672 5940 1845 2520 6597 7551 4140 6669 3321 1413 3105 3276 2187 2043 2385 4185 2898 3645 3159 3267 2124 5472 7110 5508 4437 3186 4815 4878 5805 1863 6462 5544 6309 2223 6102 3897 4878 6372 1926 783 1224 4689 981 3483 3510 5490 4086 1854 4329 4923 5112 6705 288 4536 2286 2916 7434 4923 1296 2700 2916 6642 2106 2349 2988 2556 2880 4464 6129 1674 6399 5049 6093 4167 3348 7722 5310 5643 6057 2781 2772 396 7146 5229 3483 342 2889 4923 6228 3501 3942 4374 2385 909 4032 7020 1503 2745 945 6021 2124 6696 4995 5751 5157 4869 3132 4374 3978 5076 3114 1494 2466 3330 3852 7020 4113 3870 3204 1962 6417 3015 5013 3411 4014 5859 2196 4698 3429 6534 4779 7263 5211 3564 6750 4851 6174 7542 4041 6894 3402 7335 2997 729 1998 5670 3474 1413 4410 5697 972 4806 2448 1215 6642 4032 6768 5130 4644 5121 4788 5004 6390 
3192 3122 448 2345 2989 938 2632 2492 2058 1652 539 3962 3003 3073 2149 1834 560 1512 1050 2562 1141 2233 2030 3255 1897 574 2310 1603 2793 1526 3003 2114 2576 2331 1113 2324 2513 1253 2919 1897 1652 2520 3031 2191 2562 3192 1757 1890 735 1827 1281 1029 455 3059 1064 2317 532 1204 1575 2674 1631 2751 917 1617 1001 1820 1407 3129 1785 2730 2345 3843 1197 3108 2177 2401 3465 3164 1561 3318 357 2548 1484 476 2177 2037 1015 1120 2394 3031 2275 1834 2877 2933 2170 1904 3185 1197 2443 1218 2667 2898 938 917 1176 2359 3843 2408 2527 3619 483 2716 3150 2499 2835 1981 1638 3318 3171 2709 1246 2275 3031 2212 3353 3703 1533 924 1456 3108 2506 2758 2611 3101 1442 2961 3703 1603 2415 3031 1645 1848 2807 1477 567 952 2926 840 2044 2751 3255 1449 2597 2674 1981 1645 1463 2149 1183 1253 329 2436 1960 4354 2394 3283 2233 2849 2793 1281 1715 4151 1519 2135 3017 1540 2583 1589 2863 2604 3332 4158 2786 1421 3080 1694 2065 2856 2331 2261 2457 2345 1673 2422 1603 1232 2842 896 2695 3122 
732 1596 2574 4626 2196 3768 1830 4878 1332 3318 3366 504 3540 1950 4488 4536 3378 3648 3342 3174 2814 4872 2712 3750 3912 3450 3714 4074 3966 1758 1590 2820 1584 4122 3786 1188 1650 2634 3900 2064 1800 4650 5556 3606 4704 1710 1536 2916 2532 1566 1878 2208 3342 1440 3156 1926 2802 1992 4266 5202 3984 3834 2832 3378 3672 4188 1806 4278 3948 4284 1320 3750 3330 4134 4830 1134 852 264 3300 240 2760 2088 4230 3306 2112 2868 3708 3864 5016 948 2952 1602 1530 5370 3294 1608 1236 2694 5034 1980 1236 1572 2160 2610 3234 4260 330 4500 3288 3810 3216 3120 5586 4356 3678 4362 2670 1236 834 5184 3906 2166 1008 1788 4170 3900 2430 3318 3078 1038 816 2412 5184 444 2622 1476 3720 1656 4818 3084 4248 3588 3054 2880 3450 2928 4254 2418 1842 1272 1698 2694 5154 3624 2550 2952 2028 4704 2244 3678 2856 2508 4560 774 3042 1764 4866 2970 5280 4050 3192 4200 3948 4410 5460 2808 4944 2346 5412 1698 498 600 3714 2442 414 3714 4506 1518 4032 2514 870 4980 2760 4920 4110 3774 4278 3732 4188 4218 
4460 940 4140 5750 330 5590 930 6310 3970 3440 4800 4370 2660 370 5610 6690 5370 4240 4110 7100 5490 7110 6160 2920 4420 5280 7410 5190 3690 2810 5510 2150 1270 4470 5100 2260 5170 2920 3460 5170 2440 5580 8060 7210 5680 770 3870 6280 3520 2480 3760 4330 5160 1200 5800 1300 4880 4020 6670 7260 4910 7880 5300 3580 4950 5210 3890 4120 4640 4460 1960 2680 6080 8440 7260 2250 4840 3290 3500 3820 4060 930 6380 5250 5510 2310 5040 5370 7350 4630 2190 2380 1100 7310 2880 4370 1560 5390 7720 4020 1720 1020 3670 4990 3780 4760 3940 5320 2540 2850 4510 7170 7730 8030 3060 5490 5770 1620 4580 7050 5280 1340 4720 1530 8680 3000 2440 5800 3230 1870 3360 860 7420 2910 5530 5320 2660 2860 6250 1760 5690 3760 1870 5880 5230 3550 8380 3390 4980 1600 820 2750 7230 7630 1970 6110 4600 6350 2900 4620 4760 1380 7260 4510 2220 730 6970 1680 7250 6190 6420 3440 6740 5410 7490 2770 6380 2330 7830 1090 4240 4260 3170 2590 3000 6840 7510 5300 7670 6110 3020 7340 2560 6620 6860 6340 8320 5590 8120 3980 
4680 1575 3924 4833 693 5013 1359 5355 4113 2853 4320 4653 1782 1026 4734 5913 4914 3582 3582 6795 5229 6246 5949 1962 3654 4788 6966 4446 2781 2916 5562 1701 1728 3600 4473 2619 5211 2646 2538 5112 2556 4635 7038 6786 4725 1422 3969 6012 3312 2682 3771 4230 4707 1800 5445 1530 4608 3987 5994 6282 4176 7425 5031 2979 4356 4419 3915 3114 3888 3510 2340 1683 5679 7929 6426 2628 5040 3663 2925 4140 3771 1125 5697 4815 5445 1845 4437 4734 6462 4815 1638 2583 1674 6273 2214 4428 2133 5166 6858 3996 2196 1602 3600 4779 3276 3879 4266 4401 1818 1854 4068 6876 6651 7425 2187 4662 5553 2187 4788 6057 4608 1377 4887 1800 8163 1980 2259 5391 2745 2394 3645 693 6471 3321 5328 5400 1665 2988 5319 954 4932 3069 1143 5616 4734 3168 7821 3222 4977 2106 1467 2430 6273 7218 1701 5823 4554 5481 2808 3987 4464 1107 6525 4788 1611 1377 6093 981 6246 5553 6084 2367 6183 4545 6435 2394 5409 2196 6840 1548 4509 4563 2304 2403 3393 6363 6813 5364 7137 5949 3330 6453 2196 5679 6255 5805 7749 5013 7569 2988 
4419 3249 1404 2520 2808 1953 2529 2907 3087 819 1269 5157 2484 3024 2304 2907 1935 1053 630 4572 2754 3303 3816 2808 1494 1764 4347 1728 2286 1809 4572 1413 2610 1944 1494 2682 3987 522 2412 3375 1728 2565 4221 4194 2646 3285 2718 3708 846 2070 2124 2169 1710 3249 2736 2115 1971 2178 2934 3555 1557 4896 2484 828 1350 1863 2340 2745 1512 2367 2583 3573 2916 5364 3420 2781 4815 4014 720 4347 1017 2295 2646 1863 3771 1287 1422 1719 3528 4320 1584 2016 2988 3708 1413 3087 3510 2790 3834 2196 2916 2988 1611 2376 432 2079 4905 2358 1872 3276 1026 4743 4068 4545 2277 2133 3321 3672 4437 3447 1656 1926 4347 2106 5679 3384 954 2556 504 3510 3330 2421 3636 3825 3060 4473 3393 1971 2826 2574 2097 1170 2277 3195 1701 144 5139 963 3456 2988 3375 630 3510 4779 1359 3420 2736 2745 1062 1143 1746 1953 3465 5580 1719 3384 3204 2349 3609 2493 3555 3960 3204 2187 3861 666 3006 1089 4005 2583 4500 5310 2223 855 3843 3537 3771 4356 4365 4032 3150 3510 864 3042 3231 2835 5031 1962 4833 2727 
3248 5104 2712 5336 5384 3336 4800 5368 2544 4672 3328 4344 6080 5296 5120 4008 2728 4560 4032 128 1520 4440 624 6384 4992 2984 1080 4520 5984 3320 2232 4936 4568 5488 3920 3848 1928 3968 6104 1464 3640 5600 5272 1008 5632 5240 2496 664 3280 3568 2560 2176 2880 4928 1744 4560 2224 2368 3320 5184 4616 1016 1776 4648 3832 4792 2440 6384 4840 5952 4048 6920 1768 1392 4144 3904 3352 3952 4576 3816 3048 4912 3560 2704 1312 4880 3816 3808 4552 2936 5152 3648 4824 5608 5192 2152 4888 1472 4200 2360 4360 4880 2768 1840 4152 5504 4432 5504 5528 6744 3360 288 5744 2104 5960 4928 1016 5008 3136 5376 4024 4696 2872 4336 1456 6856 4120 2080 4400 4664 3280 5312 4944 4104 1240 2328 6784 3264 5280 5912 4392 4928 5696 1136 3048 3824 1624 3264 1712 4480 5288 4208 5072 720 4656 952 1872 4840 3528 4224 2448 5064 3424 4848 5304 5360 4576 5696 5408 3336 1000 7368 2424 5144 5648 4368 5472 4120 5112 4680 3568 4696 5928 4016 4040 1736 3016 2216 1624 768 3464 4464 4480 5136 2704 2480 1696 3256 1632 6376 
3632 4888 2040 4352 5016 2336 4480 4360 2600 3888 2416 4720 5400 5000 4136 2968 1768 3680 3176 1088 824 3408 920 5696 4096 2024 712 3560 5192 2976 2824 4320 4296 4600 2960 3688 2360 3312 5336 1624 3264 4632 4248 552 4664 5008 2424 576 2624 3280 2248 1760 1936 4744 800 4184 1456 2040 2288 4144 3672 1152 1024 3848 2888 3824 2208 5568 3928 5080 3840 6320 752 1576 3112 3760 3824 4112 3784 4080 2304 4520 2528 1760 1696 4240 2864 2824 3520 3344 4520 3344 4600 4576 4464 2216 4776 904 3192 2040 4200 4648 2280 1224 3344 4600 4728 4552 4848 6096 2480 1312 4712 1456 5232 3952 792 4912 3536 4344 3048 4248 3288 3984 1840 6200 3544 1088 3656 4592 3360 4864 3912 4200 880 2872 6168 2960 4272 5336 3392 4104 5104 536 2088 3072 1480 2656 1928 4312 5072 3552 4040 1056 4088 416 1712 3816 2992 3304 1648 4560 2416 5224 4664 5128 3536 5128 4368 2304 96 6712 1408 4176 4616 3688 4456 3568 4088 4392 3920 5040 5184 3424 4144 752 2056 2744 1016 1328 3472 3440 3824 4112 1688 1440 1448 2256 1296 5568 
660 3150 4200 7790 4090 6190 3430 8170 1970 5690 5550 830 6250 3710 7540 7460 5490 6180 5630 4830 4400 8040 4110 6610 6650 5640 5790 6830 6870 2990 2090 4970 3020 7050 6300 2220 2280 4510 6790 3060 3140 7860 9180 5610 7950 3340 2360 4470 4240 2740 3010 3500 5450 2880 5000 3540 4490 3160 6950 8640 6700 5940 4470 5780 6110 7040 2850 7410 6690 7360 2480 6680 5290 6430 7920 2150 830 780 5640 250 4560 3850 6930 5370 3080 5030 6160 6400 8260 1040 5210 2830 2990 8950 5730 2380 2560 4200 8240 3140 2440 3060 3530 4120 5480 7260 850 7620 5780 6750 5330 4720 9300 6910 6430 7330 4090 2590 820 8640 6500 3930 1140 3270 6470 6900 4230 5300 5280 2230 1300 4410 8580 1160 4040 1910 6620 2810 8070 5520 7070 6140 5450 4470 5650 4950 6660 4050 2680 2520 3330 4660 8540 5590 4500 4560 3110 7830 3820 6180 4620 4520 7410 1440 5370 3440 8040 5320 8780 6620 4970 7430 6330 7430 9090 4860 8290 4090 8940 3210 250 1210 6490 4230 1070 5890 7280 2000 6350 3730 1510 8190 4800 8200 6630 6080 6710 6120 6580 7320 
585 1340 2130 3845 1835 3125 1530 4055 1085 2760 2790 425 2955 1635 3730 3765 2800 3030 2775 2620 2320 4045 2235 3130 3255 2860 3070 3385 3300 1455 1300 2350 1325 3430 3140 985 1350 2185 3250 1695 1490 3865 4615 2980 3910 1435 1260 2405 2100 1295 1545 1820 2765 1210 2610 1605 2315 1640 3540 4320 3310 3170 2335 2810 3045 3480 1485 3565 3285 3570 1100 3135 2755 3420 4005 940 685 215 2740 175 2285 1745 3510 2735 1735 2390 3075 3205 4165 765 2460 1330 1280 4465 2740 1320 1040 2220 4180 1630 1035 1315 1785 2155 2685 3545 290 3745 2740 3180 2665 2575 4645 3610 3065 3625 2200 1040 670 4310 3245 1805 815 1485 3450 3255 2020 2745 2560 880 665 2015 4305 375 2160 1205 3110 1370 4005 2575 3525 2985 2545 2380 2860 2430 3520 2000 1510 1065 1425 2240 4280 2995 2120 2435 1670 3905 1860 3055 2365 2090 3780 660 2535 1480 4040 2480 4385 3360 2635 3510 3270 3665 4535 2335 4110 1945 4495 1420 390 515 3095 2030 345 3075 3735 1240 3335 2070 710 4130 2295 4090 3405 3125 3540 3095 3465 3515 
6820 5980 2890 1350 5420 1210 5180 1330 5210 2390 1530 7840 4290 5700 1100 1140 2000 1600 1660 5480 3640 1380 4920 4520 1750 1700 4660 680 3410 4150 6580 3670 5270 2250 760 5240 5880 2950 3730 4960 4180 1760 2320 4550 1770 6010 4780 4610 2840 4530 4080 3770 1870 5980 3210 4720 2930 4000 1730 1610 1000 5320 3340 2250 950 920 4280 3670 1430 2850 5180 5570 3190 5720 1660 5360 7230 6630 2300 6920 2490 4890 1260 2060 5340 3510 890 690 1610 6620 3740 4500 5690 1900 3200 5020 6260 3800 2150 4020 5580 5690 3520 3500 1970 2080 7620 1750 3760 5120 1720 5750 2240 4250 3840 910 4390 6450 6800 1580 550 4480 6620 4710 6140 5180 3430 2780 2520 6240 5760 4940 1670 6470 4150 6530 5350 4310 1220 4780 140 2260 4450 4040 1640 2320 5260 3040 5210 5670 6120 3040 1540 5360 3780 4230 4380 780 3390 1140 2680 4400 2190 8370 3820 6120 1210 4590 1720 1380 4150 5730 2720 1230 2030 2990 1460 3580 2080 5240 7000 8080 3710 3320 6470 3520 2800 6380 4340 5340 5620 1620 3190 1160 2510 2440 5070 1310 4870 3740 
2016 2154 336 2622 2190 1530 1800 2796 1056 1668 1158 2670 2616 2190 2460 2292 1140 1752 1356 2046 948 2640 1500 2850 2082 1206 2106 1998 2622 702 1956 1752 1692 2412 1626 1344 1548 1038 2682 1122 888 2724 3324 1986 2766 2232 792 1488 558 960 378 330 1092 2070 1140 1566 624 342 2034 3006 1968 2412 834 1680 1518 2160 498 2946 2034 2706 1410 3234 1320 2742 2580 1410 2262 1992 1608 2118 588 1818 1986 1062 1386 1710 1542 1668 2778 1896 1914 990 1938 3216 1980 966 2142 906 2796 354 1686 1962 144 648 1362 2484 2568 2604 2208 3108 1044 2130 3408 2490 2550 2322 1194 2250 2004 3024 1746 1614 1902 1434 2910 3192 1134 1194 1434 2040 1428 2076 2958 1956 1026 1902 3138 726 2730 2478 2094 1908 2316 1200 1212 1044 2682 516 1182 1770 2280 1218 2946 2280 1536 1344 690 2538 690 1638 630 1860 2340 3006 2028 2322 2640 2316 3102 1806 1512 3576 1818 2418 3288 1344 2868 1134 3180 1746 2136 2838 2532 1056 1938 1770 2352 1818 2256 1590 1392 2736 1416 2772 1950 1608 2640 1488 2520 2922 
1800 1850 3900 7090 2830 5870 2230 7540 2180 4850 5140 1630 5100 2430 6870 7140 5290 5450 4980 5470 4560 7680 4630 5440 5860 5360 6230 6210 5840 2400 3110 3940 1830 6170 5790 1320 3040 3750 5720 3520 2390 7100 8800 6040 7190 2040 2400 4910 3710 2020 2830 3450 5180 1580 5090 2430 4380 3060 6770 8160 6040 6500 4530 4960 5600 6380 2770 6360 5950 6410 1470 5430 5390 7030 7650 1210 2110 540 4820 1050 4140 2670 6660 5160 3690 4030 5670 5950 7920 2070 4150 2060 1720 8400 4740 2680 1250 4380 8030 3050 1260 1800 3210 4160 4780 6410 1240 6850 4690 5530 4880 5430 8780 7210 5340 6680 4460 1280 1950 8100 6000 2830 2170 2210 7140 5680 3370 5300 4460 920 1230 3200 8170 190 4320 2910 5380 2260 7450 4320 6550 5290 4280 4760 5350 4290 7170 3510 3180 1300 2020 3820 8090 6170 3490 4910 3290 7300 3160 5560 4440 3380 7290 1950 4290 2130 7640 4140 8260 6380 5300 6180 6360 6730 8560 3990 7640 3220 8560 2020 1500 1660 5410 3410 290 6080 7280 2950 6700 4370 1100 7870 3890 7650 6600 6040 7180 5810 7020 6250 
1770 300 1690 2805 445 2515 125 3065 1490 1630 2120 1815 1555 320 2715 3105 2345 2000 1860 3075 2310 3340 2605 1720 2145 2320 3260 2450 1975 960 2270 1055 140 2240 2335 635 2090 1215 1890 2100 790 2760 3855 3160 2810 335 1445 2675 1425 770 1415 1715 2255 310 2490 330 2040 1550 3040 3480 2325 3485 2230 1695 2250 2490 1470 2220 2225 2300 485 1725 2635 3760 3385 630 1970 1225 1640 1485 1690 350 2920 2285 2265 1120 2290 2455 3465 1840 1135 725 170 3540 1465 1695 495 2250 3605 1550 390 155 1415 2065 1715 2375 1615 2630 1385 1765 1975 3100 3745 3610 1695 2635 2420 575 1830 3400 2430 495 1885 360 3870 1840 975 2510 1475 585 1195 600 3530 1040 2305 2175 1695 970 3025 1160 2670 1830 1145 2490 2305 1540 3745 1340 1995 350 380 1180 3455 3350 875 2600 1825 3025 1100 2135 2000 720 3330 1935 1190 405 3285 1070 3495 2805 2765 2100 3010 2625 3630 1225 3105 900 3735 80 1680 1800 1740 1035 1075 3015 3420 2155 3410 2570 1020 3450 1140 3180 3085 2815 3725 2505 3625 2160 
7893 6840 4365 1323 6192 2772 6111 810 6453 3402 3141 8775 4662 6507 1440 1989 3510 2718 3060 6516 4977 1602 6111 4752 2511 3267 5643 1953 3645 5427 7686 4554 6264 2601 2421 6363 7056 4203 3960 6219 5400 1584 1359 5571 1503 6840 6066 5796 4266 5742 5436 5157 3429 6876 4536 5724 4392 5364 2781 756 2133 6219 4725 3276 2592 1836 5616 3645 2322 2907 6273 5715 4473 6489 2052 6462 8262 7659 3366 7947 3996 5796 2457 3582 6552 4410 2547 2385 1602 7722 4536 5697 6615 234 3942 6282 7164 5130 2295 5382 6606 6606 4914 4896 3267 2331 8559 1791 4365 5265 3303 6777 549 5004 4203 1566 5643 7326 7875 414 2241 5454 7722 5760 6885 5274 4599 4140 3663 7191 6903 5715 1161 7497 5454 7641 5517 5571 864 5310 1728 3105 5040 5310 3213 3690 6012 4437 6453 6660 6930 4203 873 6309 4770 5454 5706 1071 4707 2547 4176 5247 2916 9234 4545 6921 1386 5202 459 2700 5328 5652 3825 1620 369 4104 747 4743 1305 6201 8037 8964 4068 4527 7506 4617 3537 7506 5238 6507 6768 1701 4266 711 3555 3681 5823 2862 5670 3753 
4032 2466 1737 3168 2007 2736 1737 3609 2853 1107 2034 4617 2115 2214 2979 3717 2610 1692 1422 4869 3123 4113 4059 2466 2025 2484 4815 2475 2268 1431 4410 819 1854 2322 2304 2079 3870 342 2295 3429 1206 3141 5013 4653 3222 2484 2538 4014 1080 1557 2043 2295 2403 2475 3231 1323 2403 2178 3717 4329 2268 5328 2880 1206 2151 2565 2250 2763 2124 2601 1926 3069 3447 5814 4230 2169 4437 3465 1089 3843 1503 1494 3438 2520 3816 756 2232 2529 4329 3996 1062 1476 2214 4446 1233 2970 2754 3105 4644 2196 2214 2205 1638 2691 1152 2520 4338 2907 1512 2853 1773 5004 4815 5157 2052 2835 3591 2916 4077 4194 2466 1116 4032 1350 6102 2979 216 3132 765 2790 2898 1638 4428 3231 3330 4284 2907 1593 3537 1971 2880 1512 1701 3546 2430 891 5652 1062 3429 2259 2574 198 4284 5175 594 3771 2781 3519 801 1908 2223 1188 4248 4995 1233 2583 3996 1728 4365 3276 3969 3555 3879 2835 4608 342 3690 351 4797 1800 4050 4725 2043 243 3258 4113 4509 4185 4923 4185 2655 4311 333 3789 3951 3510 5562 2736 5373 2709 
2198 420 2366 4116 903 3591 455 4466 1883 2485 3045 2247 2464 672 3983 4438 3311 2975 2737 4158 3157 4788 3507 2702 3206 3297 4473 3584 3031 1288 2933 1722 217 3360 3388 686 2709 1834 2926 2772 1099 4067 5523 4333 4137 539 1862 3626 2044 994 1883 2324 3192 308 3437 665 2835 2072 4312 5012 3423 4767 3066 2569 3262 3661 1939 3381 3304 3472 504 2709 3647 5152 4830 658 2471 1421 2485 1792 2408 770 4165 3220 2989 1806 3318 3542 4956 2310 1848 952 175 5124 2296 2191 483 3066 5131 2072 273 224 1946 2821 2548 3549 1967 3885 2212 2765 2842 4179 5404 5005 2653 3864 3269 609 2282 4921 3528 924 2373 602 5292 2870 1512 3500 2247 546 1421 1134 5068 1162 3122 2793 2667 1274 4410 1918 3878 2772 1890 3395 3276 2275 5152 1918 2611 196 581 1813 4977 4564 1449 3535 2422 4389 1589 3136 2793 1281 4711 2429 1939 644 4718 1792 5047 3997 3780 3234 4207 3857 5243 1897 4529 1400 5355 315 2065 2233 2709 1575 1218 4172 4802 2779 4711 3430 1183 4935 1792 4606 4333 3948 5124 3570 4998 3304 
2996 854 2373 3521 336 3353 399 3906 2464 1883 2800 3108 1617 525 3409 4123 3206 2436 2317 4543 3353 4417 3885 1841 2590 3136 4697 3094 2226 1519 3619 1008 686 2667 3017 1337 3318 1477 2100 3227 1246 3423 5096 4564 3493 812 2345 3941 1918 1337 2191 2555 3052 959 3542 441 2891 2359 4109 4543 2905 5047 3206 1981 2905 3122 2296 2562 2730 2716 1120 1890 3731 5439 4522 1358 3283 2268 1918 2632 2296 133 3906 3122 3486 1113 2968 3199 4592 3066 1078 1260 784 4592 1554 2702 1232 3297 4844 2359 1092 749 2072 2996 2093 2863 2821 3241 1400 1918 2597 4606 4886 5096 1820 3318 3584 1323 3066 4410 3136 378 3122 651 5614 2023 1148 3521 1715 1379 2142 280 4648 2016 3409 3493 1834 1575 3857 1064 3437 2135 1036 3640 3101 1925 5369 1834 3122 1050 875 1365 4522 4886 833 3801 2793 3906 1498 2681 2800 476 4522 3276 1141 854 4326 931 4543 3773 4011 2401 4172 3276 4718 1386 3955 1071 4935 553 2891 3087 1883 1253 2065 4263 4704 3451 4858 3878 1904 4578 1239 4102 4249 3885 5320 3346 5180 2478 
2028 3636 2154 4290 3918 2826 3468 4344 1668 3636 2742 2838 4602 3822 4122 3396 2346 3612 3210 552 1374 3732 594 4836 3942 2532 1320 3660 4608 2412 1212 3726 3264 4308 3216 2694 1068 3036 4674 930 2646 4464 4374 1260 4494 3744 1698 804 2538 2550 1860 1662 2442 3492 1632 3318 1866 1740 2904 4272 3708 1242 1560 3630 3138 3858 1746 4920 3852 4638 2862 5184 1692 1482 3528 2724 2070 2628 3564 2484 2430 3588 3054 2316 720 3696 3132 3156 3828 1794 3894 2622 3432 4578 3972 1404 3432 1296 3594 1734 3072 3480 2094 1536 3270 4344 2928 4380 4194 5076 2736 432 4698 2094 4542 3978 924 3510 1938 4398 3306 3450 1740 3144 1470 5160 3108 1896 3408 3252 2178 3906 4110 2766 1080 1302 5088 2346 4278 4410 3606 3852 4266 1122 2574 2994 1704 2508 1038 3162 3774 3210 4194 1020 3486 1026 1338 3972 2658 3396 2034 3762 3012 3204 4008 3834 3822 4254 4428 2874 1152 5544 2256 4128 4614 3336 4428 3084 4254 3366 2274 3108 4524 3030 2712 1758 2736 1230 1728 396 2340 3768 3402 4200 2466 2262 1776 2766 1734 4902 
1680 3272 1776 4856 3648 3184 3048 5056 688 3600 2824 2744 4696 3520 4640 4144 2552 3736 3208 1984 1464 4616 1280 5008 4176 2728 2576 4024 4840 1688 1232 3520 2776 4616 3480 2016 672 2696 4880 392 2000 5016 5536 2432 5072 3424 688 1520 2136 1840 1032 1032 2584 3088 1952 2864 1728 952 3632 5208 4008 2784 1568 3624 3344 4248 840 5272 4112 5000 2232 5400 2168 3208 4456 2064 1920 2152 3520 2096 2160 3216 3688 2464 616 3504 3360 3488 4784 1416 3752 1928 3008 5544 3944 296 3040 1296 4664 936 2528 3064 1456 1320 3216 4712 2744 4864 4176 5296 2720 1984 5768 3440 4672 4448 1184 3152 1608 5288 3632 3056 1384 2624 3312 5416 2704 2240 3272 2808 1432 3656 5088 2272 1136 1184 5288 1584 4968 4376 4088 3936 4200 1480 2760 2792 3320 2040 200 2648 3464 2920 5120 2520 3184 1560 528 4656 2136 3560 1896 3488 3944 3248 3904 3536 4664 4168 5376 3440 1880 5912 3024 4600 5624 3096 5152 2656 5352 2912 1952 3056 4672 2632 2208 2616 3776 1056 3000 1120 1600 4720 3152 4968 3272 2856 3336 3112 3216 5232 
2466 3708 1395 4842 3987 2925 3330 5049 1107 3537 2538 3618 4905 3897 4590 4014 2223 3627 3024 2214 1098 4545 1368 5256 4122 2421 2619 3897 4968 1665 2025 3591 3078 4626 3276 2322 1395 2574 5040 657 2025 5031 5580 2439 5094 3861 864 1485 1872 1944 810 558 2250 3528 1629 3060 1287 612 3456 5211 3888 2952 1161 3546 3123 4158 675 5445 4032 5085 2520 5778 1890 3447 4374 2394 2772 2808 3438 2835 1827 3456 3510 2124 1044 3546 3141 3276 4734 2196 3843 2034 3384 5580 3987 729 3537 927 4626 603 2898 3447 1152 855 3051 4725 3564 4869 4302 5616 2430 2295 5841 3456 4833 4374 1035 3681 2403 5301 3438 3222 2169 2808 3636 5751 2664 1917 3177 3312 1935 3906 5076 2871 873 1980 5643 1602 4950 4626 3951 3888 4401 1260 2457 2592 3483 1791 792 3033 3915 2835 5112 2700 3240 1413 63 4590 1989 3393 1485 3663 3834 4167 4014 3996 4599 4392 5391 3222 1755 6318 2835 4554 5679 3033 5157 2628 5373 3204 2736 3942 4815 2556 2817 2466 3681 1845 3006 1404 2043 4662 3123 4941 3096 2610 3465 2853 3312 5409 
8280 7180 4360 1150 6480 2600 6360 560 6680 3370 3000 9270 4890 6820 1220 1810 3420 2590 2940 6800 5050 1470 6320 5010 2410 3140 5850 1710 3800 5550 8050 4670 6510 2600 2200 6600 7350 4220 4150 6420 5530 1520 1540 5770 1450 7180 6240 5970 4260 5900 5540 5240 3320 7200 4580 5920 4390 5470 2690 680 1930 6500 4770 3230 2390 1610 5750 3850 2170 3010 6510 6090 4510 6830 1980 6710 8690 8040 3330 8350 3950 6020 2300 3500 6800 4500 2340 2160 1530 8080 4660 5860 6910 490 4010 6490 7520 5230 2320 5490 6880 6900 4970 4950 3180 2310 9030 1730 4510 5600 3180 7080 910 5200 4380 1320 5800 7700 8260 270 2000 5630 8080 5960 7260 5630 4660 4140 3630 7540 7190 5960 1120 7860 5580 8000 5870 5710 580 5560 1420 3070 5260 5430 3090 3630 6310 4450 6680 6950 7280 4230 770 6580 4880 5600 5850 700 4760 2360 4150 5430 2890 9780 4690 7270 1200 5430 480 2560 5470 6070 3840 1440 670 4130 560 4820 1400 6450 8440 9480 4240 4580 7860 4710 3590 7850 5430 6760 7040 1630 4310 310 3550 3650 6100 2700 5920 3960 
1506 816 1716 3492 1182 2844 738 3762 1152 2136 2394 1710 2376 1026 3360 3600 2550 2502 2238 3108 2304 3912 2556 2592 2742 2568 3408 2976 2760 768 2064 1614 492 2934 2748 126 1860 1482 2706 1920 690 3486 4566 3288 3540 924 1140 2664 1518 510 1206 1590 2466 678 2574 750 2076 1368 3426 4164 2862 3642 2244 2202 2634 3066 1236 3078 2802 3084 114 2688 2754 3972 3918 102 1758 942 2124 1236 1812 960 3330 2472 2100 1662 2676 2856 4056 1566 1758 510 612 4296 2088 1416 696 2220 4158 1362 258 660 1320 2028 2106 3078 1500 3336 2094 2694 2226 3126 4524 3900 2484 3246 2364 804 1566 4116 2868 984 1614 588 4086 2784 1248 2646 1902 588 780 1302 4188 762 2244 1956 2634 720 3708 1956 3192 2400 1896 2490 2556 1824 3990 1404 1776 348 954 1518 4122 3468 1344 2604 1638 3642 1164 2580 2070 1338 3756 1938 1848 1008 3876 1830 4218 3174 2820 3120 3276 3270 4392 1620 3822 1158 4422 606 1434 1758 2520 1278 786 3198 3804 1932 3630 2478 576 4032 1566 3846 3396 3060 3978 2820 3864 3018 
4200 2400 2814 2244 1764 2988 2046 2598 3552 1428 2640 4374 336 2040 2244 3354 3144 1776 2022 4932 3738 3462 4404 138 1620 2994 4806 2262 654 2598 4590 1200 2286 1380 2490 2766 4266 1872 444 4002 2388 2028 3834 4704 2076 2322 3366 4356 2388 2586 3072 3240 2994 2514 3738 1962 3222 3174 3594 3306 2070 5178 3558 1482 2460 2148 3210 708 1812 1140 2598 732 3846 5490 3672 2802 4458 3636 1512 3942 2586 1782 3336 3108 4260 1212 2508 2676 3588 4224 1032 2514 2382 3192 960 3672 2754 3744 3960 3180 2634 2346 2808 3468 1848 1548 4134 1896 708 426 2520 5034 3438 4890 396 2250 4086 2814 4248 3096 2532 1728 4260 2124 5694 444 1806 3600 1572 2892 3438 1482 3498 3426 3912 4500 606 2694 2592 834 2598 1362 822 4026 2946 2010 5328 2400 3990 2604 2364 1692 3324 5094 1470 4176 3576 2826 2250 2118 3072 1374 3924 4518 918 2322 3324 912 3222 3312 4278 768 3960 2106 3306 1572 2604 1842 3726 2178 4146 4356 456 1872 3468 4248 4230 4446 4800 4506 3246 3606 1494 2886 3930 3714 5250 3018 5118 618 
1897 3500 1841 4459 3815 2842 3290 4571 1232 3549 2639 2856 4620 3710 4263 3605 2268 3577 3108 1106 1141 4011 560 4900 3969 2457 1743 3717 4669 2051 1148 3598 3059 4375 3213 2401 749 2814 4732 322 2331 4634 4802 1624 4676 3633 1232 833 2254 2219 1414 1225 2338 3339 1547 3108 1603 1281 3080 4592 3745 1855 1323 3549 3101 3934 1274 5040 3878 4746 2590 5285 1687 2205 3822 2443 2030 2457 3472 2352 2177 3423 3199 2212 161 3570 3108 3171 4144 1631 3794 2296 3269 4921 3913 896 3297 1008 3955 1274 2849 3318 1708 1204 3150 4438 2905 4522 4158 5173 2597 1099 5089 2569 4571 4095 679 3395 1806 4697 3325 3262 1582 2905 2275 5271 2877 1841 3276 3087 1869 3794 4445 2583 770 1190 5180 1974 4494 4389 3703 3815 4221 987 2499 2807 2345 2205 490 2954 3668 3017 4508 1610 3318 980 812 4172 2359 3367 1799 3626 3297 3297 3927 3731 4088 4200 4760 2975 1239 5719 2429 4249 4977 3171 4662 2849 4648 3171 2163 3157 4557 2793 2527 1960 3059 1078 2163 343 2030 4074 3234 4445 2667 2352 2380 2772 2296 5012 
2735 2110 920 1095 1830 890 1705 1305 1970 435 575 3170 1460 1965 975 1355 995 320 60 2620 1605 1550 2230 1620 595 865 2415 645 1215 1300 2770 990 1760 885 555 1800 2430 605 1325 2055 1270 1140 2040 2335 1185 2125 1760 2140 700 1460 1415 1385 870 2110 1535 1480 1165 1425 1430 1665 555 2735 1445 390 490 725 1535 1445 560 1160 1750 2095 1605 2985 1640 1855 2955 2540 370 2715 685 1565 1240 970 2270 910 535 700 1675 2670 1050 1430 1965 1745 855 1945 2260 1640 1875 1435 1935 1965 1120 1425 110 930 3035 1035 1140 1905 485 2730 1945 2445 1295 875 1950 2350 2740 1600 635 1355 2680 1480 3170 1955 835 1390 405 2265 2145 1600 1720 2435 1810 2720 1990 1390 1260 1595 855 535 1430 1845 825 320 2825 785 2125 1975 2175 635 1640 2690 1015 1965 1710 1215 890 320 1025 1330 1720 3405 1110 2175 1485 1485 1690 1180 2015 2260 1670 915 1830 615 1355 910 1925 1740 2790 3260 1250 785 2440 1920 1930 2655 2380 2380 2050 1665 720 1375 1655 1465 2755 910 2650 1450 
1665 2295 4320 7254 3240 6102 2781 7650 2556 5229 5463 855 5355 2844 7047 7245 5544 5769 5355 5355 4770 7749 4662 5652 6138 5634 6156 6453 6075 3006 2961 4374 2448 6417 6066 2052 3078 4239 5949 3681 3015 7254 8757 5994 7335 2448 2835 4959 4185 2673 3303 3825 5472 2079 5274 3006 4698 3492 6885 8199 6300 6345 4779 5328 5895 6606 3222 6534 6219 6615 2187 5553 5544 6795 7695 1962 1773 855 5211 945 4563 3186 6804 5436 3762 4464 5949 6201 7965 1998 4554 2718 2268 8424 5103 2988 1737 4590 8028 3474 1953 2322 3690 4446 5166 6633 459 7029 5031 5679 5238 5283 8757 7110 5607 6876 4581 1683 1818 8145 6246 3357 2088 2835 6849 5814 3897 5499 4878 1503 1737 3618 8190 918 4500 2790 5526 2871 7569 4617 6750 5625 4617 4896 5634 4725 6966 4014 3348 1962 2403 4302 8127 6030 3987 5004 3600 7425 3708 5868 4770 3834 7335 927 4671 2493 7713 4473 8298 6543 5364 6237 6444 6921 8559 4455 7749 3762 8541 2601 1296 693 5679 3942 927 6129 7290 2862 6624 4365 1737 7911 4365 7749 6687 6174 7002 6048 6867 6435 
464 3264 3152 6200 3928 4664 3344 6440 1320 4704 4248 1480 5440 3664 5984 5640 4048 4984 4488 2984 2968 6120 2496 5744 5392 4208 3848 5384 5808 2520 696 4328 3008 5776 4880 2240 1000 3744 5784 1768 2744 6312 7040 3720 6376 3424 1664 2824 3352 2448 2224 2464 4056 3048 3464 3320 3216 2264 5152 6680 5328 3904 3088 4752 4736 5584 2048 6248 5376 6096 2488 5936 3664 4264 5968 2216 464 1464 4648 1128 3504 3632 5192 3960 1672 4352 4768 4920 6288 256 4544 2544 3080 6984 4880 1456 2848 2800 6184 2248 2584 3144 2696 2832 4424 5912 1632 6136 5000 5928 4104 2872 7232 4808 5528 5808 2592 2904 336 6736 5040 3608 208 3080 4264 6048 3616 3752 4368 2576 1320 4096 6584 1744 2608 568 5864 2376 6360 4952 5504 5064 4840 2928 4232 3992 4496 3216 1472 2680 3432 3912 6592 3608 3952 2960 2024 6088 3152 4888 3368 4088 5464 1968 4688 3520 6152 4768 6832 4944 3272 6512 4528 5920 7080 4088 6544 3528 6848 3168 784 1840 5552 3576 1664 4064 5272 664 4336 2152 1592 6224 4088 6400 4784 4368 4560 4600 4464 6184 
5409 6102 2556 3807 5985 1674 5499 3672 4068 3978 2160 6579 5823 6075 3582 1917 1458 3501 3087 2754 1863 2349 2619 6111 3888 1638 1746 3060 5319 3942 4671 4806 5400 4437 2475 4923 4095 3726 5544 3204 4185 4176 3213 1701 4185 6201 3753 2232 3078 4338 3330 2772 1683 5985 1323 5103 1962 3114 1125 3213 3267 2304 1809 3888 2466 3348 3384 5661 3636 4995 5013 6948 1071 2592 1962 5022 5679 5733 3861 5796 2601 5418 1503 1548 3384 4689 2412 2232 2430 5112 4986 4374 5778 3726 4734 3681 6111 2052 1998 3132 5427 5814 3096 2142 3357 4347 6525 4149 5229 6624 2376 3024 3825 1251 5526 3402 2322 6273 5328 3492 2484 5067 5076 4950 2988 6714 4113 1107 3843 5958 4851 5688 2898 5742 2259 4707 6768 3996 3582 5976 2709 4095 5679 1926 1710 3258 2151 3204 3537 5553 6282 3960 3087 2421 4671 1953 3024 3006 3636 2997 1998 5265 1125 7128 5121 6327 2529 5751 3492 1341 1683 7272 189 3690 3744 4050 3780 4185 3051 5454 5688 6903 5436 3969 5706 774 738 4554 1341 3078 4887 2340 4239 3294 351 558 1971 1611 1800 5697 
4005 3925 2110 1490 3700 1130 3535 1265 3205 2235 1515 4600 3190 3820 1435 520 1435 1840 1815 2750 2110 375 2645 3295 1905 1380 2170 1380 2725 2870 3710 2855 3550 2125 1315 3440 3370 2420 2890 2870 2935 1715 580 2160 1700 3955 3000 2435 2240 3080 2690 2440 1470 3900 1810 3300 1945 2605 720 745 1545 2460 2015 2165 1390 1465 2760 2825 1750 2400 3440 3825 1715 2570 240 3495 4185 4045 2185 4140 1995 3420 730 1500 3010 2775 1345 1180 295 3865 2905 3080 3765 1035 2640 3040 4020 2215 120 2615 3660 3770 2460 2165 1980 2010 4525 1775 2925 3595 1655 2900 1005 1700 2960 1395 2435 4115 3975 960 1235 3210 3855 3270 2790 3625 2660 1605 2275 3985 3570 3470 515 4005 2365 3710 3715 2930 1235 3430 1095 2170 3265 2220 1380 2095 2280 2335 3035 3715 4005 2490 685 2550 2885 2265 2680 940 2555 1590 1875 3205 590 4890 2950 4015 505 3335 910 875 2135 3890 1220 1540 1005 2485 1300 2730 510 3545 4130 4750 2895 2595 3995 1650 895 3630 1890 2890 3545 260 2595 985 1040 1240 2170 1150 2100 2865 
2580 5180 3040 6790 5690 4480 4930 6960 1900 5460 4200 3950 6950 5510 6510 5550 3660 5530 4850 1610 2040 6140 1030 7340 6080 3940 2680 5730 7050 3220 1360 5480 4580 6660 5010 3620 940 4390 7130 800 3620 7040 7260 2540 7100 5370 1990 1470 3610 3420 2350 2140 3760 4940 2610 4700 2720 2180 4800 6980 5770 2740 2310 5470 4860 6050 2130 7590 5960 7180 3900 7870 2790 3210 5860 3660 2720 3510 5350 3300 3520 5150 4980 3580 370 5450 4870 4960 6320 2190 5760 3540 4850 7450 5960 1480 4840 1860 6040 2170 4240 4930 2810 2140 4910 6750 4070 6880 6290 7720 4130 1510 7690 3920 6890 6270 1350 4970 2440 7130 5180 4950 2110 4400 3250 7860 4450 3040 5070 4530 2750 5690 6760 3730 1510 1460 7720 3100 6850 6580 5720 5850 6350 1780 3990 4410 3480 3530 870 4390 5410 4680 6850 2380 5070 1730 1520 6380 3720 5230 2990 5480 5080 4580 5960 5510 6250 6320 7210 4660 2080 8490 3840 6490 7530 4890 7090 4410 7040 4750 2990 4390 6880 4340 3650 3120 4720 1300 3320 550 3010 6220 4980 6770 4180 3740 3560 4380 3450 7550 
7392 6840 4256 2160 6344 2680 6192 1688 6096 3856 3184 8272 5152 6584 2192 1704 3296 3216 3384 5656 4504 1232 5424 5248 3136 3136 4744 2456 4280 5360 7040 4904 6280 3320 2656 6248 6488 4424 4560 5696 5400 2456 352 4720 2392 6856 5760 5104 4312 5672 5216 4888 3288 6840 4056 5824 4120 5120 2312 800 2680 5216 4320 3744 2808 2448 5360 4312 2928 3648 6208 6112 3928 5392 1472 6344 7704 7328 3808 7528 3992 5944 2160 3384 5952 4768 2752 2528 1080 7200 4920 5656 6608 912 4416 5880 7072 4664 1472 5136 6528 6608 4800 4528 3616 3088 8120 2624 4832 5720 3384 5896 624 4000 4744 2240 5064 7216 7360 1024 2496 5624 7184 5824 5744 5744 4800 3704 4032 7056 6600 5936 760 7216 4928 7024 5944 5480 1696 5672 2088 3648 5424 4728 3112 3920 4928 4472 5944 6600 6936 4472 832 5352 5040 4824 5320 1520 4776 2944 3968 5512 2216 8712 4952 6936 1192 5552 856 2416 4640 6088 3192 2376 768 4416 1680 4920 504 6248 7560 8480 4632 4712 7216 3896 2712 6896 4304 5816 6520 1160 4576 1336 2912 3168 4752 2744 4640 4400 
1995 861 1946 3878 1183 3213 651 4207 1498 2282 2674 2233 2527 1029 3731 4081 2905 2730 2443 3731 2716 4438 3080 2779 2996 2905 4032 3297 2982 854 2618 1645 385 3199 3059 329 2345 1547 2912 2359 686 3864 5194 3892 3934 973 1442 3185 1659 553 1442 1876 2793 742 2996 630 2401 1631 3913 4704 3157 4326 2625 2359 2933 3395 1498 3353 3073 3367 112 2898 3206 4711 4459 350 2289 1344 2268 1687 2016 882 3787 2814 2583 1701 2982 3199 4606 2058 1806 518 609 4844 2198 1785 840 2625 4753 1624 322 651 1512 2380 2275 3374 1981 3689 2198 2905 2478 3759 5117 4564 2653 3605 2828 973 2065 4634 3199 903 2114 441 4858 3010 1253 3066 2016 784 1134 1288 4746 1120 2681 2485 2835 826 4151 2044 3570 2590 1974 2954 2884 1960 4711 1526 2212 399 1022 1568 4662 4130 1330 3094 1988 4088 1218 2842 2373 1316 4305 2485 1911 1078 4382 1890 4753 3605 3339 3409 3780 3619 4956 1680 4277 1148 5026 511 1918 2282 2695 1302 1155 3731 4389 2457 4263 3017 896 4578 1603 4319 3913 3521 4683 3192 4550 3283 
1001 2331 3500 5943 3052 4900 2653 6230 1974 4424 4438 77 4655 2751 5775 5789 4424 4802 4438 3934 3682 6188 3458 4893 5117 4515 4634 5292 5166 2590 1960 3836 2373 5362 4942 1939 2156 3619 5089 2730 2646 5971 6986 4515 6034 2457 2240 3717 3486 2373 2674 3031 4389 2156 4095 2786 3731 2793 5453 6594 5187 4725 3724 4494 4809 5432 2576 5537 5159 5551 2086 4858 4298 5061 6118 1876 959 861 4396 637 3738 2961 5425 4333 2730 3892 4851 5026 6349 1267 3990 2422 2282 6797 4389 2261 1897 3535 6356 2779 1974 2331 3024 3479 4319 5523 231 5803 4375 4949 4270 3850 7042 5432 4823 5635 3458 1869 1099 6580 5082 3066 1330 2625 5075 5054 3388 4305 4144 1694 1449 3325 6559 1057 3423 1841 4837 2471 6160 4109 5481 4739 4081 3724 4522 3962 5243 3353 2464 2002 2429 3696 6531 4473 3521 3787 2772 6013 3164 4830 3808 3458 5775 413 4088 2499 6181 3983 6685 5215 4067 5390 5033 5691 6895 3829 6307 3283 6818 2499 728 266 4872 3402 1029 4718 5691 1925 5033 3178 1540 6307 3773 6272 5229 4844 5278 4851 5187 5460 
7570 4440 5330 4120 3380 5560 3930 4700 6530 3000 5010 7800 1160 3830 4160 6100 5860 3520 3970 8860 6870 6240 7990 770 3210 5600 8650 4280 1540 4950 8270 2630 4340 2740 4720 5180 7730 3760 1240 7310 4600 3730 6780 8470 3800 4300 6240 7910 4620 4920 5760 6050 5600 4660 6860 3820 6010 5930 6550 5900 3960 9260 6570 3080 4680 4060 5980 1410 3530 2240 4890 1140 7040 9780 6610 5230 8000 6600 3130 7110 4940 3500 6100 5800 7730 2660 4750 5020 6440 7630 2340 4800 4450 5660 2240 6740 5050 6880 7090 5940 4920 4390 5320 6420 3700 2980 7390 3530 1820 720 4820 9030 6070 8750 1280 4200 7450 5140 7660 5530 4770 3440 7690 4110 10130 610 3650 6620 3250 5300 6310 2960 6250 6240 7170 8110 1010 5110 4700 1840 4830 2850 1900 7350 5510 3980 9500 4650 7290 4860 4360 3460 5940 9130 3070 7600 6600 5150 4390 4100 5760 2850 7090 8010 2150 4280 6000 2030 5730 6080 7770 820 7190 3930 5850 3260 4700 3710 6620 4150 7460 7750 1360 3760 6310 7700 7610 8030 8620 8150 5980 6480 3140 5210 7130 6790 9370 5620 9150 1290 
4193 2072 2828 2828 1344 3311 1659 3241 3493 1470 2828 4368 357 1659 2772 3878 3381 2002 2142 5264 3906 4081 4627 581 1953 3234 5215 2653 1120 2401 4697 833 1939 1827 2793 2520 4340 1708 931 4095 2142 2632 4620 5082 2702 1988 3304 4606 2317 2352 3003 3248 3199 2205 3969 1568 3339 3136 4060 4011 2429 5621 3717 1561 2723 2583 3150 1379 2156 1701 2317 917 4123 5992 4270 2555 4494 3521 1554 3878 2604 1351 3780 3318 4382 896 2786 3003 4242 4235 651 2268 2051 3955 882 3661 2485 3899 4613 3143 2345 2009 2737 3577 1911 2037 4088 2457 483 756 2660 5362 4249 5411 658 2744 4270 2562 4256 3808 2870 1302 4284 1771 6223 861 1547 3850 1519 2646 3311 1001 4193 3269 4074 4585 784 2506 3220 294 3045 1540 231 4242 3178 1988 5845 2303 4053 2310 2044 1498 4018 5502 1092 4410 3605 3409 2072 2373 3185 889 4466 4543 532 1995 3941 336 3955 3710 4564 1302 4361 2618 4088 1386 3269 1561 4473 1813 4116 4354 749 1638 3318 4620 4760 4529 5257 4704 3080 4249 1260 3528 4368 4067 5768 3332 5621 1288 
4482 2610 3132 2436 1974 3282 2298 2784 3852 1734 2946 4620 630 2244 2454 3612 3450 2058 2322 5250 4056 3702 4728 396 1878 3300 5124 2514 876 2904 4896 1512 2544 1602 2772 3042 4572 2190 690 4320 2694 2202 4032 5016 2250 2526 3678 4680 2706 2886 3390 3558 3300 2742 4050 2232 3540 3486 3876 3504 2328 5496 3876 1788 2748 2388 3522 816 2064 1308 2868 666 4158 5802 3918 3072 4740 3900 1818 4206 2904 2040 3606 3414 4572 1524 2796 2958 3822 4512 1338 2814 2616 3366 1278 3978 2976 4062 4206 3498 2892 2574 3126 3786 2160 1752 4374 2082 1020 402 2832 5352 3612 5190 708 2478 4404 3030 4530 3282 2808 2004 4554 2400 6012 348 2124 3912 1884 3126 3720 1716 3714 3684 4230 4800 576 3000 2784 1050 2850 1650 1080 4344 3246 2328 5640 2718 4308 2856 2568 2010 3528 5412 1776 4494 3888 3048 2562 2400 3390 1644 4200 4752 1224 2514 3558 1158 3408 3594 4596 522 4254 2316 3480 1890 2784 2154 3930 2430 4416 4590 750 2190 3726 4560 4512 4752 5112 4824 3528 3846 1812 3090 4224 4014 5556 3312 5430 744 
3680 3970 330 4160 3980 2200 3360 4410 2070 2790 1640 4810 4500 4010 3890 3460 1510 2810 2140 3250 1300 4040 2380 4880 3360 1640 3210 3110 4410 1560 3450 3090 3200 3940 2450 2650 2750 1860 4540 1940 1850 4370 5190 3020 4440 4100 1640 2290 990 1990 990 610 1450 3840 1540 2950 650 840 2990 4690 3100 3760 1060 2780 2270 3400 1140 4930 3260 4470 2750 5590 1830 4300 3930 2760 4080 3710 2670 3890 810 3350 2930 1380 2360 3010 2300 2480 4270 3460 3360 2040 3610 5060 3380 1850 3960 1280 4270 870 3210 3650 620 820 2200 4030 4660 4190 3810 5340 1490 3420 5370 3780 4350 3650 1830 4150 3650 4740 2640 3000 3450 2740 4600 5470 2100 1600 2420 3800 2750 3750 4590 3650 1550 3380 5410 1610 4300 4350 3210 3150 4060 1760 1660 1720 4160 990 2100 3340 4180 2160 4590 3570 2780 2010 1260 3940 1400 2550 650 3360 3500 5390 3540 4240 4060 4080 4870 2630 2250 6120 2630 3840 5180 2350 4540 2130 4950 3280 3900 5110 4310 1950 3620 2590 3520 3230 3420 2600 2710 4200 2500 4330 2840 2280 4090 2120 3880 4900 
795 1875 1255 3175 2160 2185 1780 3315 245 2315 1930 1455 2915 2055 3040 2800 1805 2440 2120 1465 1170 3095 1050 3110 2705 1905 1870 2655 3055 1020 660 2185 1595 2965 2335 1100 370 1725 3065 500 1195 3260 3670 1780 3295 1970 380 1210 1420 1060 705 815 1810 1755 1475 1690 1285 705 2500 3450 2635 1985 1220 2335 2245 2790 585 3330 2680 3190 1250 3315 1610 2245 3005 1120 960 1090 2270 1045 1480 1910 2520 1745 575 2185 2265 2350 3205 640 2325 1120 1715 3645 2480 185 1700 1065 3150 690 1405 1755 995 1055 2100 3035 1450 3155 2605 3265 1850 1450 3795 2415 2925 2925 1005 1765 755 3485 2430 1835 630 1540 2300 3340 1695 1640 2105 1545 660 2195 3385 1175 975 600 3250 940 3260 2675 2720 2530 2575 1190 1920 1830 2330 1345 320 1480 1995 1850 3395 1815 1960 1240 540 3085 1360 2355 1380 2120 2710 1765 2420 2045 3120 2545 3545 2365 1440 3650 2145 3005 3700 1960 3375 1650 3555 1685 955 1645 2925 1655 1135 1900 2615 540 2140 915 790 3165 1980 3280 2295 2030 2345 2145 2270 3295 
8820 7850 4880 1830 7170 3010 7030 1230 7200 4060 3510 9850 5570 7500 1910 1980 3820 3270 3570 7050 5420 1470 6650 5690 3110 3570 6020 2360 4470 6150 8510 5350 7170 3280 2760 7220 7810 4860 4820 6850 6150 2180 1020 5960 2100 7850 6770 6280 4840 6520 6080 5730 3760 7870 4900 6590 4830 5980 2850 510 2600 6640 5160 3910 2950 2280 6270 4490 2860 3670 7140 6770 4800 6920 1940 7330 9220 8630 4010 8920 4500 6700 2530 3910 7200 5190 2890 2660 1420 8600 5350 6480 7570 240 4710 6980 8170 5610 2150 6010 7530 7570 5520 5380 3830 2990 9620 2390 5210 6270 3720 7340 240 5230 5060 2000 6150 8350 8790 450 2560 6300 8600 6610 7360 6290 5320 4460 4310 8180 7760 6650 890 8470 5960 8470 6550 6310 1270 6250 1990 3760 5950 5760 3530 4260 6370 5040 7130 7600 7950 4890 650 6770 5560 5910 6320 1230 5370 3000 4610 6120 2910 10370 5380 7950 1270 6120 270 2830 5740 6720 4010 2130 90 4800 1210 5470 970 7110 9000 10080 4920 5230 8470 4900 3600 8310 5530 7110 7620 1530 4980 890 3690 3880 6160 3100 6000 4610 
5950 2600 4570 4900 1560 5480 2220 5500 5160 2900 4760 6010 1250 1990 4830 6360 5500 3690 3830 7950 6090 6670 7020 1360 3650 5320 8000 4630 2420 3700 6830 1790 2640 3470 4790 3590 6390 3020 2110 6160 3300 4620 7460 7810 4720 2430 4950 7030 3850 3520 4620 5060 5260 2840 6250 2270 5320 4840 6570 6600 4310 8550 5840 3040 4680 4540 4810 2710 3940 3270 3280 1030 6490 9100 6920 3620 6360 4870 3010 5390 4320 1850 6190 5410 6560 1920 4770 5090 6900 6060 1600 3400 2670 6510 2090 5460 3220 6050 7410 4850 3200 2590 4330 5600 3490 3780 5590 4380 1540 1180 4500 8060 6940 8380 1750 4780 6540 3290 6060 6300 4910 1980 6140 2580 9390 1320 2680 6130 2910 3500 4740 1270 6850 4490 6270 6660 990 3820 5460 510 5190 3040 840 6550 5250 3510 8930 3800 6060 3120 2490 2740 6600 8350 2010 6790 5500 5720 3390 4200 5130 1450 7150 6180 1480 2400 6470 740 6510 6070 7040 1780 6920 4600 6700 2620 5540 2660 7250 2440 5780 5920 1890 2840 4570 7220 7540 6600 8120 7070 4400 6910 2420 5910 6960 6500 8830 5510 8620 2570 
648 3288 2920 5984 3904 4408 3304 6216 1128 4536 4008 1720 5344 3664 5768 5384 3784 4784 4280 2728 2696 5856 2224 5648 5200 3960 3576 5160 5664 2376 512 4208 2976 5600 4648 2184 728 3584 5656 1496 2608 6104 6776 3448 6168 3448 1456 2544 3152 2336 2008 2216 3808 3072 3184 3256 2960 2032 4880 6432 5112 3640 2816 4576 4504 5368 1832 6104 5176 5928 2440 5880 3392 4008 5704 2176 736 1568 4472 1288 3280 3576 4936 3696 1400 4224 4536 4680 6024 344 4432 2432 3080 6744 4736 1216 2896 2520 5912 2016 2576 3144 2488 2568 4232 5728 1840 5936 4880 5856 3872 2624 6984 4528 5408 5584 2312 2960 520 6488 4808 3528 256 3008 4024 5976 3472 3480 4200 2624 1272 4040 6328 1824 2328 352 5800 2232 6136 4880 5264 4888 4760 2648 3984 3792 4232 3024 1192 2680 3456 3760 6344 3344 3840 2680 1760 5856 2984 4672 3120 4008 5192 2216 4576 3544 5896 4688 6584 4680 2992 6448 4248 5712 6840 3936 6312 3384 6592 3136 976 2080 5424 3432 1744 3784 5000 424 4056 1880 1552 5960 3944 6160 4512 4096 4288 4344 4200 6048 
